"categoria","reddito_medio_2025","reddito_medio_2024","variazione_reale_pct"
"15 - 24",8555.01073513228,7977.5632446025,6.38729602398644
"25 - 44",21879.4179569434,20974.9465257374,3.4842770924242
"45 - 64",28920.1498564022,28160.3599473412,1.8830189358098
"oltre 64",25451.6842770711,24201.5706997128,4.33077710575318
