"categoria","reddito_medio_2025","reddito_medio_2024","variazione_reale_pct"
"15 - 24",8555.01073513228,7977.5632446025,5.75778539662557
"25 - 44",21879.4179569434,20974.9465257374,2.8719440918773
"45 - 64",28920.1498564022,28160.3599473412,1.2801608355979
"oltre 64",25451.6842770711,24201.5706997128,3.71343522938776
