"categoria","reddito_medio_2025","reddito_medio_2024","variazione_reale_pct"
"0-15.000",7110.198878143,7119.90193288599,-0.928849936318066
"15-26.000",19977.757119844,19909.0242199453,-0.451155852965224
"26-35.000",29028.3862638065,28892.8623179201,-0.328316630718473
"35-55.000",39484.9014498644,39432.6739542864,-0.662254703938825
"55-75.000",57933.1427641253,57969.6609589431,-0.856146187405948
"75-120.000",77693.9811010838,77717.293357471,-0.823408956191174
">120.000",164103.025522997,168300.542928491,-3.2679171880618
