"categoria","reddito_medio_2025","reddito_medio_2024","variazione_reale_pct"
"0-15.000",7110.198878143,7119.90193288599,-1.5150697591801
"15-26.000",19977.757119844,19909.0242199453,-1.04020226803642
"26-35.000",29028.3862638065,28892.8623179201,-0.918089905092934
"35-55.000",39484.9014498644,39432.6739542864,-1.25005201338296
"55-75.000",57933.1427641253,57969.6609589431,-1.44279620996568
"75-120.000",77693.9811010838,77717.293357471,-1.4102526901782
">120.000",164103.025522997,168300.542928491,-3.84029637629811
