"categoria","reddito_medio_2025","reddito_medio_2024","variazione_reale_pct"
"Femmine",20347.2064476688,19406.6219930852,4.01460228062072
"Maschi",29022.0734000848,28082.6756587723,2.52491548189564
