"categoria","reddito_medio_2025","reddito_medio_2024","variazione_reale_pct"
"Femmine",20347.2064476688,19406.6219930852,3.39913126120877
"Maschi",29022.0734000848,28082.6756587723,1.91825917726902
