"categoria","reddito_medio_2025","reddito_medio_2024","variazione_reale_pct"
"CENTRO",25655.5061093927,24657.8508866124,3.22023236566475
"MANCANTE/ERRATA",11625.6523697611,12489.6291736616,-7.6563032649264
"NORD-EST",26342.5555759017,25369.0533879729,3.01325506648651
"NORD-OVEST",27974.2237151074,26950.072630261,2.97636836575004
"SUD",20390.2212037823,19570.3450240238,3.36248045979606
