"categoria","reddito_medio_2025","reddito_medio_2024","variazione_reale_pct"
"CENTRO",25655.5061093927,24657.8508866124,2.60946175995074
"MANCANTE/ERRATA",11625.6523697611,12489.6291736616,-8.20271567164281
"NORD-EST",26342.5555759017,25369.0533879729,2.40370917851913
"NORD-OVEST",27974.2237151074,26950.072630261,2.36704074228407
"SUD",20390.2212037823,19570.3450240238,2.75086814938308
