"categoria","reddito_medio_2025","reddito_medio_2024","variazione_reale_pct"
"Abruzzo",22118.2084297006,21153.5790113434,3.730281675694
"Basilicata",20202.6409368738,19360.0865892291,3.52382684016654
"Calabria",18692.3904251056,17930.3443936089,3.42265442907097
"Campania",20729.245623438,19988.8602059865,2.88094263059002
"Emilia Romagna",26831.4790054468,25877.6095667155,2.86317478724669
"Friuli Venezia Giulia",25763.6996104054,24753.9756163966,3.25301357671051
"Lazio",26873.8784112489,25923.1652758724,2.84466953874347
"Liguria",25449.7514542787,24515.8295625625,2.98558013486476
"Lombardia",29151.4273930651,28105.2086231943,2.89931395254888
"Mancante/errata",11625.6523697611,12489.6291736616,-7.6563032649264
"Marche",23641.0934171904,22792.8839290208,2.89819298292171
"Molise",20024.7205675527,19188.4133831607,3.53015550142235
"Piemonte",26215.4044715486,25218.0710250636,3.12979799308766
"Puglia",20058.7893860623,19195.485137638,3.66808914813257
"Sardegna",21421.8760845039,20565.1672561929,3.33911185937326
"Sicilia",20101.6144709045,19277.5773616812,3.44701242262544
"Toscana",25165.9405149611,24279.7911406726,2.82712352707153
"Trentino Alto Adige(P.A.Bolzano)",28221.9882595088,27258.5277520076,2.71282616736759
"Trentino Alto Adige(P.A.Trento)",25718.0808112584,24736.6001012054,3.14258610480942
"Umbria",23857.003083373,21961.6470468702,7.76815481347717
"Valle d'Aosta",26151.7555878631,25243.5984954495,2.77537085991579
"Veneto",25884.690606233,24901.719773103,3.12242201656878
