"categoria","reddito_medio_2025","reddito_medio_2024","variazione_reale_pct"
"Abruzzo",22118.2084297006,21153.5790113434,3.11649302672541
"Basilicata",20202.6409368738,19360.0865892291,2.91125981744365
"Calabria",18692.3904251056,17930.3443936089,2.81068605966819
"Campania",20729.245623438,19988.8602059865,2.27217965644453
"Emilia Romagna",26831.4790054468,25877.6095667155,2.25451694826888
"Friuli Venezia Giulia",25763.6996104054,24753.9756163966,2.64204899933351
"Lazio",26873.8784112489,25923.1652758724,2.23612119827752
"Liguria",25449.7514542787,24515.8295625625,2.37619800388924
"Lombardia",29151.4273930651,28105.2086231943,2.29044227235629
"Mancante/errata",11625.6523697611,12489.6291736616,-8.20271567164281
"Marche",23641.0934171904,22792.8839290208,2.28932793568548
"Molise",20024.7205675527,19188.4133831607,2.91755103099975
"Piemonte",26215.4044715486,25218.0710250636,2.51956250200431
"Puglia",20058.7893860623,19195.485137638,3.05466850228564
"Sardegna",21421.8760845039,20565.1672561929,2.72763782470242
"Sicilia",20101.6144709045,19277.5773616812,2.8348999230833
"Toscana",25165.9405149611,24279.7911406726,2.21867900915989
"Trentino Alto Adige(P.A.Bolzano)",28221.9882595088,27258.5277520076,2.10505796519382
"Trentino Alto Adige(P.A.Trento)",25718.0808112584,24736.6001012054,2.53227494442594
"Umbria",23857.003083373,21961.6470468702,7.13047342404831
"Valle d'Aosta",26151.7555878631,25243.5984954495,2.16723257080387
"Veneto",25884.690606233,24901.719773103,2.51223017031692
