"categoria","reddito_medio_2025","reddito_medio_2024","variazione_reale_pct"
"Dipendenti",26941.8073700843,25109.2151924078,6.4469092213979
"Pensionati",25255.0101114812,23733.0900648413,5.5681053535092
"Autonomi",72618.7995601647,75705.7759798921,-4.83888587278908
