"categoria","reddito_medio_2025","reddito_medio_2024","variazione_reale_pct"
"Dipendenti",26941.8073700843,25109.2151924078,5.81704585322393
"Pensionati",25255.0101114812,23733.0900648413,4.94344200822217
"Autonomi",72618.7995601647,75705.7759798921,-5.40196938833469
