DATAFLOW,FREQ,REF_AREA,INDICATOR,GENDER,AGE_CLASS,CITIZENSHIP,PREVOUS_CITIZEN,PLACE_BIRTH_PAR,EDU_ATTAIN,TIME_PERIOD,OBS_VALUE,OBS_STATUS,NOTE_DS,NOTE_REF_AREA,NOTE_INDICATOR,NOTE_GENDER,NOTE_AGE_CLASS,NOTE_CITIZENSHIP,NOTE_PREVOUS_CITIZEN,NOTE_PLACE_BIRTH_PAR,NOTE_EDU_ATTAIN,NOTE_TIME_PERIOD,BASE_PER,UNIT_MEAS,UNIT_MULT
IT1:DF_DCSS_MIGR_BACKG_PAR_TV_5_COM(1.0),A,IT108,NATIT_B_ABUNTI17,T,Y_UN17,ITL,EU27,ALL,ALL,2023,28,,,,,,,,,,,,,,
IT1:DF_DCSS_MIGR_BACKG_PAR_TV_5_COM(1.0),A,IT108,NATIT_B_ABUNTI17,T,Y_UN17,ITL,EU27,BPBAB,ALL,2023,11,,,,,,,,,,,,,,
IT1:DF_DCSS_MIGR_BACKG_PAR_TV_5_COM(1.0),A,IT108,NATIT_B_ABUNTI17,T,Y_UN17,ITL,EU27,BPBIT,ALL,2023,10,,,,,,,,,,,,,,
IT1:DF_DCSS_MIGR_BACKG_PAR_TV_5_COM(1.0),A,IT108,NATIT_B_ABUNTI17,T,Y_UN17,ITL,EU27,MBAB_FBIT,ALL,2023,5,,,,,,,,,,,,,,
IT1:DF_DCSS_MIGR_BACKG_PAR_TV_5_COM(1.0),A,IT108,NATIT_B_ABUNTI17,T,Y_UN17,ITL,EU27,MBIT_FBAB,ALL,2023,2,,,,,,,,,,,,,,
IT1:DF_DCSS_MIGR_BACKG_PAR_TV_5_COM(1.0),A,IT108,NATIT_B_ABUNTI17,T,Y_UN17,ITL,EXTEU27,ALL,ALL,2023,991,,,,,,,,,,,,,,
IT1:DF_DCSS_MIGR_BACKG_PAR_TV_5_COM(1.0),A,IT108,NATIT_B_ABUNTI17,T,Y_UN17,ITL,EXTEU27,BPBAB,ALL,2023,795,,,,,,,,,,,,,,
IT1:DF_DCSS_MIGR_BACKG_PAR_TV_5_COM(1.0),A,IT108,NATIT_B_ABUNTI17,T,Y_UN17,ITL,EXTEU27,BPBIT,ALL,2023,137,,,,,,,,,,,,,,
IT1:DF_DCSS_MIGR_BACKG_PAR_TV_5_COM(1.0),A,IT108,NATIT_B_ABUNTI17,T,Y_UN17,ITL,EXTEU27,MBAB_FBIT,ALL,2023,32,,,,,,,,,,,,,,
IT1:DF_DCSS_MIGR_BACKG_PAR_TV_5_COM(1.0),A,IT108,NATIT_B_ABUNTI17,T,Y_UN17,ITL,EXTEU27,MBIT_FBAB,ALL,2023,27,,,,,,,,,,,,,,
IT1:DF_DCSS_MIGR_BACKG_PAR_TV_5_COM(1.0),A,IT108,NATIT_B_ABUNTI17,T,Y_UN17,ITL,TOTAL,ALL,ALL,2023,1019,,,,,,,,,,,,,,
IT1:DF_DCSS_MIGR_BACKG_PAR_TV_5_COM(1.0),A,IT108,NATIT_B_ABUNTI17,T,Y_UN17,ITL,TOTAL,BPBAB,ALL,2023,806,,,,,,,,,,,,,,
IT1:DF_DCSS_MIGR_BACKG_PAR_TV_5_COM(1.0),A,IT108,NATIT_B_ABUNTI17,T,Y_UN17,ITL,TOTAL,BPBIT,ALL,2023,147,,,,,,,,,,,,,,
IT1:DF_DCSS_MIGR_BACKG_PAR_TV_5_COM(1.0),A,IT108,NATIT_B_ABUNTI17,T,Y_UN17,ITL,TOTAL,MBAB_FBIT,ALL,2023,37,,,,,,,,,,,,,,
IT1:DF_DCSS_MIGR_BACKG_PAR_TV_5_COM(1.0),A,IT108,NATIT_B_ABUNTI17,T,Y_UN17,ITL,TOTAL,MBIT_FBAB,ALL,2023,29,,,,,,,,,,,,,,
IT1:DF_DCSS_MIGR_BACKG_PAR_TV_5_COM(1.0),A,IT109,NATIT_B_ABUNTI17,T,Y_UN17,ITL,EU27,ALL,ALL,2023,14,,,,,,,,,,,,,,
IT1:DF_DCSS_MIGR_BACKG_PAR_TV_5_COM(1.0),A,IT109,NATIT_B_ABUNTI17,T,Y_UN17,ITL,EU27,BPBAB,ALL,2023,2,,,,,,,,,,,,,,
IT1:DF_DCSS_MIGR_BACKG_PAR_TV_5_COM(1.0),A,IT109,NATIT_B_ABUNTI17,T,Y_UN17,ITL,EU27,BPBIT,ALL,2023,9,,,,,,,,,,,,,,
IT1:DF_DCSS_MIGR_BACKG_PAR_TV_5_COM(1.0),A,IT109,NATIT_B_ABUNTI17,T,Y_UN17,ITL,EU27,MBAB_FBIT,ALL,2023,3,,,,,,,,,,,,,,
IT1:DF_DCSS_MIGR_BACKG_PAR_TV_5_COM(1.0),A,IT109,NATIT_B_ABUNTI17,T,Y_UN17,ITL,EXTEU27,ALL,ALL,2023,123,,,,,,,,,,,,,,
IT1:DF_DCSS_MIGR_BACKG_PAR_TV_5_COM(1.0),A,IT109,NATIT_B_ABUNTI17,T,Y_UN17,ITL,EXTEU27,BPBAB,ALL,2023,92,,,,,,,,,,,,,,
IT1:DF_DCSS_MIGR_BACKG_PAR_TV_5_COM(1.0),A,IT109,NATIT_B_ABUNTI17,T,Y_UN17,ITL,EXTEU27,BPBIT,ALL,2023,21,,,,,,,,,,,,,,
IT1:DF_DCSS_MIGR_BACKG_PAR_TV_5_COM(1.0),A,IT109,NATIT_B_ABUNTI17,T,Y_UN17,ITL,EXTEU27,MBAB_FBIT,ALL,2023,6,,,,,,,,,,,,,,
IT1:DF_DCSS_MIGR_BACKG_PAR_TV_5_COM(1.0),A,IT109,NATIT_B_ABUNTI17,T,Y_UN17,ITL,EXTEU27,MBIT_FBAB,ALL,2023,4,,,,,,,,,,,,,,
IT1:DF_DCSS_MIGR_BACKG_PAR_TV_5_COM(1.0),A,IT109,NATIT_B_ABUNTI17,T,Y_UN17,ITL,TOTAL,ALL,ALL,2023,137,,,,,,,,,,,,,,
IT1:DF_DCSS_MIGR_BACKG_PAR_TV_5_COM(1.0),A,IT109,NATIT_B_ABUNTI17,T,Y_UN17,ITL,TOTAL,BPBAB,ALL,2023,94,,,,,,,,,,,,,,
IT1:DF_DCSS_MIGR_BACKG_PAR_TV_5_COM(1.0),A,IT109,NATIT_B_ABUNTI17,T,Y_UN17,ITL,TOTAL,BPBIT,ALL,2023,30,,,,,,,,,,,,,,
IT1:DF_DCSS_MIGR_BACKG_PAR_TV_5_COM(1.0),A,IT109,NATIT_B_ABUNTI17,T,Y_UN17,ITL,TOTAL,MBAB_FBIT,ALL,2023,9,,,,,,,,,,,,,,
IT1:DF_DCSS_MIGR_BACKG_PAR_TV_5_COM(1.0),A,IT109,NATIT_B_ABUNTI17,T,Y_UN17,ITL,TOTAL,MBIT_FBAB,ALL,2023,4,,,,,,,,,,,,,,
IT1:DF_DCSS_MIGR_BACKG_PAR_TV_5_COM(1.0),A,IT110,NATIT_B_ABUNTI17,T,Y_UN17,ITL,EU27,ALL,ALL,2023,13,,,,,,,,,,,,,,
IT1:DF_DCSS_MIGR_BACKG_PAR_TV_5_COM(1.0),A,IT110,NATIT_B_ABUNTI17,T,Y_UN17,ITL,EU27,BPBAB,ALL,2023,4,,,,,,,,,,,,,,
IT1:DF_DCSS_MIGR_BACKG_PAR_TV_5_COM(1.0),A,IT110,NATIT_B_ABUNTI17,T,Y_UN17,ITL,EU27,BPBIT,ALL,2023,8,,,,,,,,,,,,,,
IT1:DF_DCSS_MIGR_BACKG_PAR_TV_5_COM(1.0),A,IT110,NATIT_B_ABUNTI17,T,Y_UN17,ITL,EU27,MBAB_FBIT,ALL,2023,1,,,,,,,,,,,,,,
IT1:DF_DCSS_MIGR_BACKG_PAR_TV_5_COM(1.0),A,IT110,NATIT_B_ABUNTI17,T,Y_UN17,ITL,EXTEU27,ALL,ALL,2023,86,,,,,,,,,,,,,,
IT1:DF_DCSS_MIGR_BACKG_PAR_TV_5_COM(1.0),A,IT110,NATIT_B_ABUNTI17,T,Y_UN17,ITL,EXTEU27,BPBAB,ALL,2023,29,,,,,,,,,,,,,,
IT1:DF_DCSS_MIGR_BACKG_PAR_TV_5_COM(1.0),A,IT110,NATIT_B_ABUNTI17,T,Y_UN17,ITL,EXTEU27,BPBIT,ALL,2023,42,,,,,,,,,,,,,,
IT1:DF_DCSS_MIGR_BACKG_PAR_TV_5_COM(1.0),A,IT110,NATIT_B_ABUNTI17,T,Y_UN17,ITL,EXTEU27,MBAB_FBIT,ALL,2023,12,,,,,,,,,,,,,,
IT1:DF_DCSS_MIGR_BACKG_PAR_TV_5_COM(1.0),A,IT110,NATIT_B_ABUNTI17,T,Y_UN17,ITL,EXTEU27,MBIT_FBAB,ALL,2023,3,,,,,,,,,,,,,,
IT1:DF_DCSS_MIGR_BACKG_PAR_TV_5_COM(1.0),A,IT110,NATIT_B_ABUNTI17,T,Y_UN17,ITL,TOTAL,ALL,ALL,2023,99,,,,,,,,,,,,,,
IT1:DF_DCSS_MIGR_BACKG_PAR_TV_5_COM(1.0),A,IT110,NATIT_B_ABUNTI17,T,Y_UN17,ITL,TOTAL,BPBAB,ALL,2023,33,,,,,,,,,,,,,,
IT1:DF_DCSS_MIGR_BACKG_PAR_TV_5_COM(1.0),A,IT110,NATIT_B_ABUNTI17,T,Y_UN17,ITL,TOTAL,BPBIT,ALL,2023,50,,,,,,,,,,,,,,
IT1:DF_DCSS_MIGR_BACKG_PAR_TV_5_COM(1.0),A,IT110,NATIT_B_ABUNTI17,T,Y_UN17,ITL,TOTAL,MBAB_FBIT,ALL,2023,13,,,,,,,,,,,,,,
IT1:DF_DCSS_MIGR_BACKG_PAR_TV_5_COM(1.0),A,IT110,NATIT_B_ABUNTI17,T,Y_UN17,ITL,TOTAL,MBIT_FBAB,ALL,2023,3,,,,,,,,,,,,,,
IT1:DF_DCSS_MIGR_BACKG_PAR_TV_5_COM(1.0),A,IT111,NATIT_B_ABUNTI17,T,Y_UN17,ITL,EU27,ALL,ALL,2023,10,,,,,,,,,,,,,,
IT1:DF_DCSS_MIGR_BACKG_PAR_TV_5_COM(1.0),A,IT111,NATIT_B_ABUNTI17,T,Y_UN17,ITL,EU27,BPBAB,ALL,2023,2,,,,,,,,,,,,,,
IT1:DF_DCSS_MIGR_BACKG_PAR_TV_5_COM(1.0),A,IT111,NATIT_B_ABUNTI17,T,Y_UN17,ITL,EU27,BPBIT,ALL,2023,3,,,,,,,,,,,,,,
IT1:DF_DCSS_MIGR_BACKG_PAR_TV_5_COM(1.0),A,IT111,NATIT_B_ABUNTI17,T,Y_UN17,ITL,EU27,MBAB_FBIT,ALL,2023,3,,,,,,,,,,,,,,
IT1:DF_DCSS_MIGR_BACKG_PAR_TV_5_COM(1.0),A,IT111,NATIT_B_ABUNTI17,T,Y_UN17,ITL,EU27,MBIT_FBAB,ALL,2023,2,,,,,,,,,,,,,,
IT1:DF_DCSS_MIGR_BACKG_PAR_TV_5_COM(1.0),A,IT111,NATIT_B_ABUNTI17,T,Y_UN17,ITL,EXTEU27,ALL,ALL,2023,51,,,,,,,,,,,,,,
IT1:DF_DCSS_MIGR_BACKG_PAR_TV_5_COM(1.0),A,IT111,NATIT_B_ABUNTI17,T,Y_UN17,ITL,EXTEU27,BPBAB,ALL,2023,29,,,,,,,,,,,,,,
IT1:DF_DCSS_MIGR_BACKG_PAR_TV_5_COM(1.0),A,IT111,NATIT_B_ABUNTI17,T,Y_UN17,ITL,EXTEU27,BPBIT,ALL,2023,12,,,,,,,,,,,,,,
IT1:DF_DCSS_MIGR_BACKG_PAR_TV_5_COM(1.0),A,IT111,NATIT_B_ABUNTI17,T,Y_UN17,ITL,EXTEU27,MBAB_FBIT,ALL,2023,6,,,,,,,,,,,,,,
IT1:DF_DCSS_MIGR_BACKG_PAR_TV_5_COM(1.0),A,IT111,NATIT_B_ABUNTI17,T,Y_UN17,ITL,EXTEU27,MBIT_FBAB,ALL,2023,4,,,,,,,,,,,,,,
IT1:DF_DCSS_MIGR_BACKG_PAR_TV_5_COM(1.0),A,IT111,NATIT_B_ABUNTI17,T,Y_UN17,ITL,TOTAL,ALL,ALL,2023,61,,,,,,,,,,,,,,
IT1:DF_DCSS_MIGR_BACKG_PAR_TV_5_COM(1.0),A,IT111,NATIT_B_ABUNTI17,T,Y_UN17,ITL,TOTAL,BPBAB,ALL,2023,31,,,,,,,,,,,,,,
IT1:DF_DCSS_MIGR_BACKG_PAR_TV_5_COM(1.0),A,IT111,NATIT_B_ABUNTI17,T,Y_UN17,ITL,TOTAL,BPBIT,ALL,2023,15,,,,,,,,,,,,,,
IT1:DF_DCSS_MIGR_BACKG_PAR_TV_5_COM(1.0),A,IT111,NATIT_B_ABUNTI17,T,Y_UN17,ITL,TOTAL,MBAB_FBIT,ALL,2023,9,,,,,,,,,,,,,,
IT1:DF_DCSS_MIGR_BACKG_PAR_TV_5_COM(1.0),A,IT111,NATIT_B_ABUNTI17,T,Y_UN17,ITL,TOTAL,MBIT_FBAB,ALL,2023,6,,,,,,,,,,,,,,
IT1:DF_DCSS_MIGR_BACKG_PAR_TV_5_COM(1.0),A,ITC11,NATIT_B_ABUNTI17,T,Y_UN17,ITL,EU27,ALL,ALL,2023,99,,,ITC11_N1,,,,,,,,,,,
IT1:DF_DCSS_MIGR_BACKG_PAR_TV_5_COM(1.0),A,ITC11,NATIT_B_ABUNTI17,T,Y_UN17,ITL,EU27,BPBAB,ALL,2023,52,,,ITC11_N1,,,,,,,,,,,
IT1:DF_DCSS_MIGR_BACKG_PAR_TV_5_COM(1.0),A,ITC11,NATIT_B_ABUNTI17,T,Y_UN17,ITL,EU27,BPBIT,ALL,2023,13,,,ITC11_N1,,,,,,,,,,,
IT1:DF_DCSS_MIGR_BACKG_PAR_TV_5_COM(1.0),A,ITC11,NATIT_B_ABUNTI17,T,Y_UN17,ITL,EU27,MBAB_FBIT,ALL,2023,29,,,ITC11_N1,,,,,,,,,,,
IT1:DF_DCSS_MIGR_BACKG_PAR_TV_5_COM(1.0),A,ITC11,NATIT_B_ABUNTI17,T,Y_UN17,ITL,EU27,MBIT_FBAB,ALL,2023,5,,,ITC11_N1,,,,,,,,,,,
IT1:DF_DCSS_MIGR_BACKG_PAR_TV_5_COM(1.0),A,ITC11,NATIT_B_ABUNTI17,T,Y_UN17,ITL,EXTEU27,ALL,ALL,2023,1521,,,ITC11_N1,,,,,,,,,,,
IT1:DF_DCSS_MIGR_BACKG_PAR_TV_5_COM(1.0),A,ITC11,NATIT_B_ABUNTI17,T,Y_UN17,ITL,EXTEU27,BPBAB,ALL,2023,1081,,,ITC11_N1,,,,,,,,,,,
IT1:DF_DCSS_MIGR_BACKG_PAR_TV_5_COM(1.0),A,ITC11,NATIT_B_ABUNTI17,T,Y_UN17,ITL,EXTEU27,BPBIT,ALL,2023,274,,,ITC11_N1,,,,,,,,,,,
IT1:DF_DCSS_MIGR_BACKG_PAR_TV_5_COM(1.0),A,ITC11,NATIT_B_ABUNTI17,T,Y_UN17,ITL,EXTEU27,MBAB_FBIT,ALL,2023,103,,,ITC11_N1,,,,,,,,,,,
IT1:DF_DCSS_MIGR_BACKG_PAR_TV_5_COM(1.0),A,ITC11,NATIT_B_ABUNTI17,T,Y_UN17,ITL,EXTEU27,MBIT_FBAB,ALL,2023,63,,,ITC11_N1,,,,,,,,,,,
IT1:DF_DCSS_MIGR_BACKG_PAR_TV_5_COM(1.0),A,ITC11,NATIT_B_ABUNTI17,T,Y_UN17,ITL,TOTAL,ALL,ALL,2023,1620,,,ITC11_N1,,,,,,,,,,,
IT1:DF_DCSS_MIGR_BACKG_PAR_TV_5_COM(1.0),A,ITC11,NATIT_B_ABUNTI17,T,Y_UN17,ITL,TOTAL,BPBAB,ALL,2023,1133,,,ITC11_N1,,,,,,,,,,,
IT1:DF_DCSS_MIGR_BACKG_PAR_TV_5_COM(1.0),A,ITC11,NATIT_B_ABUNTI17,T,Y_UN17,ITL,TOTAL,BPBIT,ALL,2023,287,,,ITC11_N1,,,,,,,,,,,
IT1:DF_DCSS_MIGR_BACKG_PAR_TV_5_COM(1.0),A,ITC11,NATIT_B_ABUNTI17,T,Y_UN17,ITL,TOTAL,MBAB_FBIT,ALL,2023,132,,,ITC11_N1,,,,,,,,,,,
IT1:DF_DCSS_MIGR_BACKG_PAR_TV_5_COM(1.0),A,ITC11,NATIT_B_ABUNTI17,T,Y_UN17,ITL,TOTAL,MBIT_FBAB,ALL,2023,68,,,ITC11_N1,,,,,,,,,,,
IT1:DF_DCSS_MIGR_BACKG_PAR_TV_5_COM(1.0),A,ITC12,NATIT_B_ABUNTI17,T,Y_UN17,ITL,EU27,ALL,ALL,2023,5,,,,,,,,,,,,,,
IT1:DF_DCSS_MIGR_BACKG_PAR_TV_5_COM(1.0),A,ITC12,NATIT_B_ABUNTI17,T,Y_UN17,ITL,EU27,BPBAB,ALL,2023,3,,,,,,,,,,,,,,
IT1:DF_DCSS_MIGR_BACKG_PAR_TV_5_COM(1.0),A,ITC12,NATIT_B_ABUNTI17,T,Y_UN17,ITL,EU27,BPBIT,ALL,2023,1,,,,,,,,,,,,,,
IT1:DF_DCSS_MIGR_BACKG_PAR_TV_5_COM(1.0),A,ITC12,NATIT_B_ABUNTI17,T,Y_UN17,ITL,EU27,MBAB_FBIT,ALL,2023,1,,,,,,,,,,,,,,
IT1:DF_DCSS_MIGR_BACKG_PAR_TV_5_COM(1.0),A,ITC12,NATIT_B_ABUNTI17,T,Y_UN17,ITL,EXTEU27,ALL,ALL,2023,146,,,,,,,,,,,,,,
IT1:DF_DCSS_MIGR_BACKG_PAR_TV_5_COM(1.0),A,ITC12,NATIT_B_ABUNTI17,T,Y_UN17,ITL,EXTEU27,BPBAB,ALL,2023,121,,,,,,,,,,,,,,
IT1:DF_DCSS_MIGR_BACKG_PAR_TV_5_COM(1.0),A,ITC12,NATIT_B_ABUNTI17,T,Y_UN17,ITL,EXTEU27,BPBIT,ALL,2023,13,,,,,,,,,,,,,,
IT1:DF_DCSS_MIGR_BACKG_PAR_TV_5_COM(1.0),A,ITC12,NATIT_B_ABUNTI17,T,Y_UN17,ITL,EXTEU27,MBAB_FBIT,ALL,2023,8,,,,,,,,,,,,,,
IT1:DF_DCSS_MIGR_BACKG_PAR_TV_5_COM(1.0),A,ITC12,NATIT_B_ABUNTI17,T,Y_UN17,ITL,EXTEU27,MBIT_FBAB,ALL,2023,4,,,,,,,,,,,,,,
IT1:DF_DCSS_MIGR_BACKG_PAR_TV_5_COM(1.0),A,ITC12,NATIT_B_ABUNTI17,T,Y_UN17,ITL,TOTAL,ALL,ALL,2023,151,,,,,,,,,,,,,,
IT1:DF_DCSS_MIGR_BACKG_PAR_TV_5_COM(1.0),A,ITC12,NATIT_B_ABUNTI17,T,Y_UN17,ITL,TOTAL,BPBAB,ALL,2023,124,,,,,,,,,,,,,,
IT1:DF_DCSS_MIGR_BACKG_PAR_TV_5_COM(1.0),A,ITC12,NATIT_B_ABUNTI17,T,Y_UN17,ITL,TOTAL,BPBIT,ALL,2023,14,,,,,,,,,,,,,,
IT1:DF_DCSS_MIGR_BACKG_PAR_TV_5_COM(1.0),A,ITC12,NATIT_B_ABUNTI17,T,Y_UN17,ITL,TOTAL,MBAB_FBIT,ALL,2023,9,,,,,,,,,,,,,,
IT1:DF_DCSS_MIGR_BACKG_PAR_TV_5_COM(1.0),A,ITC12,NATIT_B_ABUNTI17,T,Y_UN17,ITL,TOTAL,MBIT_FBAB,ALL,2023,4,,,,,,,,,,,,,,
IT1:DF_DCSS_MIGR_BACKG_PAR_TV_5_COM(1.0),A,ITC13,NATIT_B_ABUNTI17,T,Y_UN17,ITL,EU27,ALL,ALL,2023,8,,,,,,,,,,,,,,
IT1:DF_DCSS_MIGR_BACKG_PAR_TV_5_COM(1.0),A,ITC13,NATIT_B_ABUNTI17,T,Y_UN17,ITL,EU27,BPBAB,ALL,2023,4,,,,,,,,,,,,,,
IT1:DF_DCSS_MIGR_BACKG_PAR_TV_5_COM(1.0),A,ITC13,NATIT_B_ABUNTI17,T,Y_UN17,ITL,EU27,MBAB_FBIT,ALL,2023,2,,,,,,,,,,,,,,
IT1:DF_DCSS_MIGR_BACKG_PAR_TV_5_COM(1.0),A,ITC13,NATIT_B_ABUNTI17,T,Y_UN17,ITL,EU27,MBIT_FBAB,ALL,2023,2,,,,,,,,,,,,,,
IT1:DF_DCSS_MIGR_BACKG_PAR_TV_5_COM(1.0),A,ITC13,NATIT_B_ABUNTI17,T,Y_UN17,ITL,EXTEU27,ALL,ALL,2023,80,,,,,,,,,,,,,,
IT1:DF_DCSS_MIGR_BACKG_PAR_TV_5_COM(1.0),A,ITC13,NATIT_B_ABUNTI17,T,Y_UN17,ITL,EXTEU27,BPBAB,ALL,2023,66,,,,,,,,,,,,,,
IT1:DF_DCSS_MIGR_BACKG_PAR_TV_5_COM(1.0),A,ITC13,NATIT_B_ABUNTI17,T,Y_UN17,ITL,EXTEU27,BPBIT,ALL,2023,3,,,,,,,,,,,,,,
IT1:DF_DCSS_MIGR_BACKG_PAR_TV_5_COM(1.0),A,ITC13,NATIT_B_ABUNTI17,T,Y_UN17,ITL,EXTEU27,MBAB_FBIT,ALL,2023,7,,,,,,,,,,,,,,
IT1:DF_DCSS_MIGR_BACKG_PAR_TV_5_COM(1.0),A,ITC13,NATIT_B_ABUNTI17,T,Y_UN17,ITL,EXTEU27,MBIT_FBAB,ALL,2023,4,,,,,,,,,,,,,,
IT1:DF_DCSS_MIGR_BACKG_PAR_TV_5_COM(1.0),A,ITC13,NATIT_B_ABUNTI17,T,Y_UN17,ITL,TOTAL,ALL,ALL,2023,88,,,,,,,,,,,,,,
IT1:DF_DCSS_MIGR_BACKG_PAR_TV_5_COM(1.0),A,ITC13,NATIT_B_ABUNTI17,T,Y_UN17,ITL,TOTAL,BPBAB,ALL,2023,70,,,,,,,,,,,,,,
IT1:DF_DCSS_MIGR_BACKG_PAR_TV_5_COM(1.0),A,ITC13,NATIT_B_ABUNTI17,T,Y_UN17,ITL,TOTAL,BPBIT,ALL,2023,3,,,,,,,,,,,,,,
IT1:DF_DCSS_MIGR_BACKG_PAR_TV_5_COM(1.0),A,ITC13,NATIT_B_ABUNTI17,T,Y_UN17,ITL,TOTAL,MBAB_FBIT,ALL,2023,9,,,,,,,,,,,,,,
IT1:DF_DCSS_MIGR_BACKG_PAR_TV_5_COM(1.0),A,ITC13,NATIT_B_ABUNTI17,T,Y_UN17,ITL,TOTAL,MBIT_FBAB,ALL,2023,6,,,,,,,,,,,,,,
IT1:DF_DCSS_MIGR_BACKG_PAR_TV_5_COM(1.0),A,ITC14,NATIT_B_ABUNTI17,T,Y_UN17,ITL,EU27,ALL,ALL,2023,8,,,,,,,,,,,,,,
IT1:DF_DCSS_MIGR_BACKG_PAR_TV_5_COM(1.0),A,ITC14,NATIT_B_ABUNTI17,T,Y_UN17,ITL,EU27,BPBAB,ALL,2023,5,,,,,,,,,,,,,,
IT1:DF_DCSS_MIGR_BACKG_PAR_TV_5_COM(1.0),A,ITC14,NATIT_B_ABUNTI17,T,Y_UN17,ITL,EU27,MBAB_FBIT,ALL,2023,3,,,,,,,,,,,,,,
IT1:DF_DCSS_MIGR_BACKG_PAR_TV_5_COM(1.0),A,ITC14,NATIT_B_ABUNTI17,T,Y_UN17,ITL,EXTEU27,ALL,ALL,2023,114,,,,,,,,,,,,,,
IT1:DF_DCSS_MIGR_BACKG_PAR_TV_5_COM(1.0),A,ITC14,NATIT_B_ABUNTI17,T,Y_UN17,ITL,EXTEU27,BPBAB,ALL,2023,92,,,,,,,,,,,,,,
IT1:DF_DCSS_MIGR_BACKG_PAR_TV_5_COM(1.0),A,ITC14,NATIT_B_ABUNTI17,T,Y_UN17,ITL,EXTEU27,BPBIT,ALL,2023,16,,,,,,,,,,,,,,
IT1:DF_DCSS_MIGR_BACKG_PAR_TV_5_COM(1.0),A,ITC14,NATIT_B_ABUNTI17,T,Y_UN17,ITL,EXTEU27,MBAB_FBIT,ALL,2023,3,,,,,,,,,,,,,,
IT1:DF_DCSS_MIGR_BACKG_PAR_TV_5_COM(1.0),A,ITC14,NATIT_B_ABUNTI17,T,Y_UN17,ITL,EXTEU27,MBIT_FBAB,ALL,2023,3,,,,,,,,,,,,,,
IT1:DF_DCSS_MIGR_BACKG_PAR_TV_5_COM(1.0),A,ITC14,NATIT_B_ABUNTI17,T,Y_UN17,ITL,TOTAL,ALL,ALL,2023,122,,,,,,,,,,,,,,
IT1:DF_DCSS_MIGR_BACKG_PAR_TV_5_COM(1.0),A,ITC14,NATIT_B_ABUNTI17,T,Y_UN17,ITL,TOTAL,BPBAB,ALL,2023,97,,,,,,,,,,,,,,
IT1:DF_DCSS_MIGR_BACKG_PAR_TV_5_COM(1.0),A,ITC14,NATIT_B_ABUNTI17,T,Y_UN17,ITL,TOTAL,BPBIT,ALL,2023,16,,,,,,,,,,,,,,
IT1:DF_DCSS_MIGR_BACKG_PAR_TV_5_COM(1.0),A,ITC14,NATIT_B_ABUNTI17,T,Y_UN17,ITL,TOTAL,MBAB_FBIT,ALL,2023,6,,,,,,,,,,,,,,
IT1:DF_DCSS_MIGR_BACKG_PAR_TV_5_COM(1.0),A,ITC14,NATIT_B_ABUNTI17,T,Y_UN17,ITL,TOTAL,MBIT_FBAB,ALL,2023,3,,,,,,,,,,,,,,
IT1:DF_DCSS_MIGR_BACKG_PAR_TV_5_COM(1.0),A,ITC15,NATIT_B_ABUNTI17,T,Y_UN17,ITL,EU27,ALL,ALL,2023,15,,,,,,,,,,,,,,
IT1:DF_DCSS_MIGR_BACKG_PAR_TV_5_COM(1.0),A,ITC15,NATIT_B_ABUNTI17,T,Y_UN17,ITL,EU27,BPBAB,ALL,2023,6,,,,,,,,,,,,,,
IT1:DF_DCSS_MIGR_BACKG_PAR_TV_5_COM(1.0),A,ITC15,NATIT_B_ABUNTI17,T,Y_UN17,ITL,EU27,BPBIT,ALL,2023,6,,,,,,,,,,,,,,
IT1:DF_DCSS_MIGR_BACKG_PAR_TV_5_COM(1.0),A,ITC15,NATIT_B_ABUNTI17,T,Y_UN17,ITL,EU27,MBAB_FBIT,ALL,2023,2,,,,,,,,,,,,,,
IT1:DF_DCSS_MIGR_BACKG_PAR_TV_5_COM(1.0),A,ITC15,NATIT_B_ABUNTI17,T,Y_UN17,ITL,EU27,MBIT_FBAB,ALL,2023,1,,,,,,,,,,,,,,
IT1:DF_DCSS_MIGR_BACKG_PAR_TV_5_COM(1.0),A,ITC15,NATIT_B_ABUNTI17,T,Y_UN17,ITL,EXTEU27,ALL,ALL,2023,533,,,,,,,,,,,,,,
IT1:DF_DCSS_MIGR_BACKG_PAR_TV_5_COM(1.0),A,ITC15,NATIT_B_ABUNTI17,T,Y_UN17,ITL,EXTEU27,BPBAB,ALL,2023,479,,,,,,,,,,,,,,
IT1:DF_DCSS_MIGR_BACKG_PAR_TV_5_COM(1.0),A,ITC15,NATIT_B_ABUNTI17,T,Y_UN17,ITL,EXTEU27,BPBIT,ALL,2023,36,,,,,,,,,,,,,,
IT1:DF_DCSS_MIGR_BACKG_PAR_TV_5_COM(1.0),A,ITC15,NATIT_B_ABUNTI17,T,Y_UN17,ITL,EXTEU27,MBAB_FBIT,ALL,2023,10,,,,,,,,,,,,,,
IT1:DF_DCSS_MIGR_BACKG_PAR_TV_5_COM(1.0),A,ITC15,NATIT_B_ABUNTI17,T,Y_UN17,ITL,EXTEU27,MBIT_FBAB,ALL,2023,8,,,,,,,,,,,,,,
IT1:DF_DCSS_MIGR_BACKG_PAR_TV_5_COM(1.0),A,ITC15,NATIT_B_ABUNTI17,T,Y_UN17,ITL,TOTAL,ALL,ALL,2023,548,,,,,,,,,,,,,,
IT1:DF_DCSS_MIGR_BACKG_PAR_TV_5_COM(1.0),A,ITC15,NATIT_B_ABUNTI17,T,Y_UN17,ITL,TOTAL,BPBAB,ALL,2023,485,,,,,,,,,,,,,,
IT1:DF_DCSS_MIGR_BACKG_PAR_TV_5_COM(1.0),A,ITC15,NATIT_B_ABUNTI17,T,Y_UN17,ITL,TOTAL,BPBIT,ALL,2023,42,,,,,,,,,,,,,,
IT1:DF_DCSS_MIGR_BACKG_PAR_TV_5_COM(1.0),A,ITC15,NATIT_B_ABUNTI17,T,Y_UN17,ITL,TOTAL,MBAB_FBIT,ALL,2023,12,,,,,,,,,,,,,,
IT1:DF_DCSS_MIGR_BACKG_PAR_TV_5_COM(1.0),A,ITC15,NATIT_B_ABUNTI17,T,Y_UN17,ITL,TOTAL,MBIT_FBAB,ALL,2023,9,,,,,,,,,,,,,,
IT1:DF_DCSS_MIGR_BACKG_PAR_TV_5_COM(1.0),A,ITC16,NATIT_B_ABUNTI17,T,Y_UN17,ITL,EU27,ALL,ALL,2023,32,,,,,,,,,,,,,,
IT1:DF_DCSS_MIGR_BACKG_PAR_TV_5_COM(1.0),A,ITC16,NATIT_B_ABUNTI17,T,Y_UN17,ITL,EU27,BPBAB,ALL,2023,21,,,,,,,,,,,,,,
IT1:DF_DCSS_MIGR_BACKG_PAR_TV_5_COM(1.0),A,ITC16,NATIT_B_ABUNTI17,T,Y_UN17,ITL,EU27,BPBIT,ALL,2023,3,,,,,,,,,,,,,,
IT1:DF_DCSS_MIGR_BACKG_PAR_TV_5_COM(1.0),A,ITC16,NATIT_B_ABUNTI17,T,Y_UN17,ITL,EU27,MBAB_FBIT,ALL,2023,7,,,,,,,,,,,,,,
IT1:DF_DCSS_MIGR_BACKG_PAR_TV_5_COM(1.0),A,ITC16,NATIT_B_ABUNTI17,T,Y_UN17,ITL,EU27,MBIT_FBAB,ALL,2023,1,,,,,,,,,,,,,,
IT1:DF_DCSS_MIGR_BACKG_PAR_TV_5_COM(1.0),A,ITC16,NATIT_B_ABUNTI17,T,Y_UN17,ITL,EXTEU27,ALL,ALL,2023,498,,,,,,,,,,,,,,
IT1:DF_DCSS_MIGR_BACKG_PAR_TV_5_COM(1.0),A,ITC16,NATIT_B_ABUNTI17,T,Y_UN17,ITL,EXTEU27,BPBAB,ALL,2023,406,,,,,,,,,,,,,,
IT1:DF_DCSS_MIGR_BACKG_PAR_TV_5_COM(1.0),A,ITC16,NATIT_B_ABUNTI17,T,Y_UN17,ITL,EXTEU27,BPBIT,ALL,2023,58,,,,,,,,,,,,,,
IT1:DF_DCSS_MIGR_BACKG_PAR_TV_5_COM(1.0),A,ITC16,NATIT_B_ABUNTI17,T,Y_UN17,ITL,EXTEU27,MBAB_FBIT,ALL,2023,20,,,,,,,,,,,,,,
IT1:DF_DCSS_MIGR_BACKG_PAR_TV_5_COM(1.0),A,ITC16,NATIT_B_ABUNTI17,T,Y_UN17,ITL,EXTEU27,MBIT_FBAB,ALL,2023,14,,,,,,,,,,,,,,
IT1:DF_DCSS_MIGR_BACKG_PAR_TV_5_COM(1.0),A,ITC16,NATIT_B_ABUNTI17,T,Y_UN17,ITL,TOTAL,ALL,ALL,2023,530,,,,,,,,,,,,,,
IT1:DF_DCSS_MIGR_BACKG_PAR_TV_5_COM(1.0),A,ITC16,NATIT_B_ABUNTI17,T,Y_UN17,ITL,TOTAL,BPBAB,ALL,2023,427,,,,,,,,,,,,,,
IT1:DF_DCSS_MIGR_BACKG_PAR_TV_5_COM(1.0),A,ITC16,NATIT_B_ABUNTI17,T,Y_UN17,ITL,TOTAL,BPBIT,ALL,2023,61,,,,,,,,,,,,,,
IT1:DF_DCSS_MIGR_BACKG_PAR_TV_5_COM(1.0),A,ITC16,NATIT_B_ABUNTI17,T,Y_UN17,ITL,TOTAL,MBAB_FBIT,ALL,2023,27,,,,,,,,,,,,,,
IT1:DF_DCSS_MIGR_BACKG_PAR_TV_5_COM(1.0),A,ITC16,NATIT_B_ABUNTI17,T,Y_UN17,ITL,TOTAL,MBIT_FBAB,ALL,2023,15,,,,,,,,,,,,,,
IT1:DF_DCSS_MIGR_BACKG_PAR_TV_5_COM(1.0),A,ITC17,NATIT_B_ABUNTI17,T,Y_UN17,ITL,EU27,ALL,ALL,2023,12,,,,,,,,,,,,,,
IT1:DF_DCSS_MIGR_BACKG_PAR_TV_5_COM(1.0),A,ITC17,NATIT_B_ABUNTI17,T,Y_UN17,ITL,EU27,BPBAB,ALL,2023,9,,,,,,,,,,,,,,
IT1:DF_DCSS_MIGR_BACKG_PAR_TV_5_COM(1.0),A,ITC17,NATIT_B_ABUNTI17,T,Y_UN17,ITL,EU27,BPBIT,ALL,2023,1,,,,,,,,,,,,,,
IT1:DF_DCSS_MIGR_BACKG_PAR_TV_5_COM(1.0),A,ITC17,NATIT_B_ABUNTI17,T,Y_UN17,ITL,EU27,MBAB_FBIT,ALL,2023,2,,,,,,,,,,,,,,
IT1:DF_DCSS_MIGR_BACKG_PAR_TV_5_COM(1.0),A,ITC17,NATIT_B_ABUNTI17,T,Y_UN17,ITL,EXTEU27,ALL,ALL,2023,158,,,,,,,,,,,,,,
IT1:DF_DCSS_MIGR_BACKG_PAR_TV_5_COM(1.0),A,ITC17,NATIT_B_ABUNTI17,T,Y_UN17,ITL,EXTEU27,BPBAB,ALL,2023,136,,,,,,,,,,,,,,
IT1:DF_DCSS_MIGR_BACKG_PAR_TV_5_COM(1.0),A,ITC17,NATIT_B_ABUNTI17,T,Y_UN17,ITL,EXTEU27,BPBIT,ALL,2023,12,,,,,,,,,,,,,,
IT1:DF_DCSS_MIGR_BACKG_PAR_TV_5_COM(1.0),A,ITC17,NATIT_B_ABUNTI17,T,Y_UN17,ITL,EXTEU27,MBAB_FBIT,ALL,2023,9,,,,,,,,,,,,,,
IT1:DF_DCSS_MIGR_BACKG_PAR_TV_5_COM(1.0),A,ITC17,NATIT_B_ABUNTI17,T,Y_UN17,ITL,EXTEU27,MBIT_FBAB,ALL,2023,1,,,,,,,,,,,,,,
IT1:DF_DCSS_MIGR_BACKG_PAR_TV_5_COM(1.0),A,ITC17,NATIT_B_ABUNTI17,T,Y_UN17,ITL,TOTAL,ALL,ALL,2023,170,,,,,,,,,,,,,,
IT1:DF_DCSS_MIGR_BACKG_PAR_TV_5_COM(1.0),A,ITC17,NATIT_B_ABUNTI17,T,Y_UN17,ITL,TOTAL,BPBAB,ALL,2023,145,,,,,,,,,,,,,,
IT1:DF_DCSS_MIGR_BACKG_PAR_TV_5_COM(1.0),A,ITC17,NATIT_B_ABUNTI17,T,Y_UN17,ITL,TOTAL,BPBIT,ALL,2023,13,,,,,,,,,,,,,,
IT1:DF_DCSS_MIGR_BACKG_PAR_TV_5_COM(1.0),A,ITC17,NATIT_B_ABUNTI17,T,Y_UN17,ITL,TOTAL,MBAB_FBIT,ALL,2023,11,,,,,,,,,,,,,,
IT1:DF_DCSS_MIGR_BACKG_PAR_TV_5_COM(1.0),A,ITC17,NATIT_B_ABUNTI17,T,Y_UN17,ITL,TOTAL,MBIT_FBAB,ALL,2023,1,,,,,,,,,,,,,,
IT1:DF_DCSS_MIGR_BACKG_PAR_TV_5_COM(1.0),A,ITC18,NATIT_B_ABUNTI17,T,Y_UN17,ITL,EU27,ALL,ALL,2023,16,,,,,,,,,,,,,,
IT1:DF_DCSS_MIGR_BACKG_PAR_TV_5_COM(1.0),A,ITC18,NATIT_B_ABUNTI17,T,Y_UN17,ITL,EU27,BPBAB,ALL,2023,7,,,,,,,,,,,,,,
IT1:DF_DCSS_MIGR_BACKG_PAR_TV_5_COM(1.0),A,ITC18,NATIT_B_ABUNTI17,T,Y_UN17,ITL,EU27,BPBIT,ALL,2023,5,,,,,,,,,,,,,,
IT1:DF_DCSS_MIGR_BACKG_PAR_TV_5_COM(1.0),A,ITC18,NATIT_B_ABUNTI17,T,Y_UN17,ITL,EU27,MBAB_FBIT,ALL,2023,4,,,,,,,,,,,,,,
IT1:DF_DCSS_MIGR_BACKG_PAR_TV_5_COM(1.0),A,ITC18,NATIT_B_ABUNTI17,T,Y_UN17,ITL,EXTEU27,ALL,ALL,2023,298,,,,,,,,,,,,,,
IT1:DF_DCSS_MIGR_BACKG_PAR_TV_5_COM(1.0),A,ITC18,NATIT_B_ABUNTI17,T,Y_UN17,ITL,EXTEU27,BPBAB,ALL,2023,228,,,,,,,,,,,,,,
IT1:DF_DCSS_MIGR_BACKG_PAR_TV_5_COM(1.0),A,ITC18,NATIT_B_ABUNTI17,T,Y_UN17,ITL,EXTEU27,BPBIT,ALL,2023,33,,,,,,,,,,,,,,
IT1:DF_DCSS_MIGR_BACKG_PAR_TV_5_COM(1.0),A,ITC18,NATIT_B_ABUNTI17,T,Y_UN17,ITL,EXTEU27,MBAB_FBIT,ALL,2023,14,,,,,,,,,,,,,,
IT1:DF_DCSS_MIGR_BACKG_PAR_TV_5_COM(1.0),A,ITC18,NATIT_B_ABUNTI17,T,Y_UN17,ITL,EXTEU27,MBIT_FBAB,ALL,2023,23,,,,,,,,,,,,,,
IT1:DF_DCSS_MIGR_BACKG_PAR_TV_5_COM(1.0),A,ITC18,NATIT_B_ABUNTI17,T,Y_UN17,ITL,TOTAL,ALL,ALL,2023,314,,,,,,,,,,,,,,
IT1:DF_DCSS_MIGR_BACKG_PAR_TV_5_COM(1.0),A,ITC18,NATIT_B_ABUNTI17,T,Y_UN17,ITL,TOTAL,BPBAB,ALL,2023,235,,,,,,,,,,,,,,
IT1:DF_DCSS_MIGR_BACKG_PAR_TV_5_COM(1.0),A,ITC18,NATIT_B_ABUNTI17,T,Y_UN17,ITL,TOTAL,BPBIT,ALL,2023,38,,,,,,,,,,,,,,
IT1:DF_DCSS_MIGR_BACKG_PAR_TV_5_COM(1.0),A,ITC18,NATIT_B_ABUNTI17,T,Y_UN17,ITL,TOTAL,MBAB_FBIT,ALL,2023,18,,,,,,,,,,,,,,
IT1:DF_DCSS_MIGR_BACKG_PAR_TV_5_COM(1.0),A,ITC18,NATIT_B_ABUNTI17,T,Y_UN17,ITL,TOTAL,MBIT_FBAB,ALL,2023,23,,,,,,,,,,,,,,
IT1:DF_DCSS_MIGR_BACKG_PAR_TV_5_COM(1.0),A,ITC20,NATIT_B_ABUNTI17,T,Y_UN17,ITL,EU27,ALL,ALL,2023,8,,,,,,,,,,,,,,
IT1:DF_DCSS_MIGR_BACKG_PAR_TV_5_COM(1.0),A,ITC20,NATIT_B_ABUNTI17,T,Y_UN17,ITL,EU27,BPBAB,ALL,2023,5,,,,,,,,,,,,,,
IT1:DF_DCSS_MIGR_BACKG_PAR_TV_5_COM(1.0),A,ITC20,NATIT_B_ABUNTI17,T,Y_UN17,ITL,EU27,BPBIT,ALL,2023,1,,,,,,,,,,,,,,
IT1:DF_DCSS_MIGR_BACKG_PAR_TV_5_COM(1.0),A,ITC20,NATIT_B_ABUNTI17,T,Y_UN17,ITL,EU27,MBAB_FBIT,ALL,2023,1,,,,,,,,,,,,,,
IT1:DF_DCSS_MIGR_BACKG_PAR_TV_5_COM(1.0),A,ITC20,NATIT_B_ABUNTI17,T,Y_UN17,ITL,EU27,MBIT_FBAB,ALL,2023,1,,,,,,,,,,,,,,
IT1:DF_DCSS_MIGR_BACKG_PAR_TV_5_COM(1.0),A,ITC20,NATIT_B_ABUNTI17,T,Y_UN17,ITL,EXTEU27,ALL,ALL,2023,95,,,,,,,,,,,,,,
IT1:DF_DCSS_MIGR_BACKG_PAR_TV_5_COM(1.0),A,ITC20,NATIT_B_ABUNTI17,T,Y_UN17,ITL,EXTEU27,BPBAB,ALL,2023,81,,,,,,,,,,,,,,
IT1:DF_DCSS_MIGR_BACKG_PAR_TV_5_COM(1.0),A,ITC20,NATIT_B_ABUNTI17,T,Y_UN17,ITL,EXTEU27,BPBIT,ALL,2023,5,,,,,,,,,,,,,,
IT1:DF_DCSS_MIGR_BACKG_PAR_TV_5_COM(1.0),A,ITC20,NATIT_B_ABUNTI17,T,Y_UN17,ITL,EXTEU27,MBAB_FBIT,ALL,2023,6,,,,,,,,,,,,,,
IT1:DF_DCSS_MIGR_BACKG_PAR_TV_5_COM(1.0),A,ITC20,NATIT_B_ABUNTI17,T,Y_UN17,ITL,EXTEU27,MBIT_FBAB,ALL,2023,3,,,,,,,,,,,,,,
IT1:DF_DCSS_MIGR_BACKG_PAR_TV_5_COM(1.0),A,ITC20,NATIT_B_ABUNTI17,T,Y_UN17,ITL,TOTAL,ALL,ALL,2023,103,,,,,,,,,,,,,,
IT1:DF_DCSS_MIGR_BACKG_PAR_TV_5_COM(1.0),A,ITC20,NATIT_B_ABUNTI17,T,Y_UN17,ITL,TOTAL,BPBAB,ALL,2023,86,,,,,,,,,,,,,,
IT1:DF_DCSS_MIGR_BACKG_PAR_TV_5_COM(1.0),A,ITC20,NATIT_B_ABUNTI17,T,Y_UN17,ITL,TOTAL,BPBIT,ALL,2023,6,,,,,,,,,,,,,,
IT1:DF_DCSS_MIGR_BACKG_PAR_TV_5_COM(1.0),A,ITC20,NATIT_B_ABUNTI17,T,Y_UN17,ITL,TOTAL,MBAB_FBIT,ALL,2023,7,,,,,,,,,,,,,,
IT1:DF_DCSS_MIGR_BACKG_PAR_TV_5_COM(1.0),A,ITC20,NATIT_B_ABUNTI17,T,Y_UN17,ITL,TOTAL,MBIT_FBAB,ALL,2023,4,,,,,,,,,,,,,,
IT1:DF_DCSS_MIGR_BACKG_PAR_TV_5_COM(1.0),A,ITC31,NATIT_B_ABUNTI17,T,Y_UN17,ITL,EU27,ALL,ALL,2023,20,,,,,,,,,,,,,,
IT1:DF_DCSS_MIGR_BACKG_PAR_TV_5_COM(1.0),A,ITC31,NATIT_B_ABUNTI17,T,Y_UN17,ITL,EU27,BPBAB,ALL,2023,11,,,,,,,,,,,,,,
IT1:DF_DCSS_MIGR_BACKG_PAR_TV_5_COM(1.0),A,ITC31,NATIT_B_ABUNTI17,T,Y_UN17,ITL,EU27,BPBIT,ALL,2023,2,,,,,,,,,,,,,,
IT1:DF_DCSS_MIGR_BACKG_PAR_TV_5_COM(1.0),A,ITC31,NATIT_B_ABUNTI17,T,Y_UN17,ITL,EU27,MBAB_FBIT,ALL,2023,5,,,,,,,,,,,,,,
IT1:DF_DCSS_MIGR_BACKG_PAR_TV_5_COM(1.0),A,ITC31,NATIT_B_ABUNTI17,T,Y_UN17,ITL,EU27,MBIT_FBAB,ALL,2023,2,,,,,,,,,,,,,,
IT1:DF_DCSS_MIGR_BACKG_PAR_TV_5_COM(1.0),A,ITC31,NATIT_B_ABUNTI17,T,Y_UN17,ITL,EXTEU27,ALL,ALL,2023,155,,,,,,,,,,,,,,
IT1:DF_DCSS_MIGR_BACKG_PAR_TV_5_COM(1.0),A,ITC31,NATIT_B_ABUNTI17,T,Y_UN17,ITL,EXTEU27,BPBAB,ALL,2023,124,,,,,,,,,,,,,,
IT1:DF_DCSS_MIGR_BACKG_PAR_TV_5_COM(1.0),A,ITC31,NATIT_B_ABUNTI17,T,Y_UN17,ITL,EXTEU27,BPBIT,ALL,2023,18,,,,,,,,,,,,,,
IT1:DF_DCSS_MIGR_BACKG_PAR_TV_5_COM(1.0),A,ITC31,NATIT_B_ABUNTI17,T,Y_UN17,ITL,EXTEU27,MBAB_FBIT,ALL,2023,6,,,,,,,,,,,,,,
IT1:DF_DCSS_MIGR_BACKG_PAR_TV_5_COM(1.0),A,ITC31,NATIT_B_ABUNTI17,T,Y_UN17,ITL,EXTEU27,MBIT_FBAB,ALL,2023,7,,,,,,,,,,,,,,
IT1:DF_DCSS_MIGR_BACKG_PAR_TV_5_COM(1.0),A,ITC31,NATIT_B_ABUNTI17,T,Y_UN17,ITL,TOTAL,ALL,ALL,2023,175,,,,,,,,,,,,,,
IT1:DF_DCSS_MIGR_BACKG_PAR_TV_5_COM(1.0),A,ITC31,NATIT_B_ABUNTI17,T,Y_UN17,ITL,TOTAL,BPBAB,ALL,2023,135,,,,,,,,,,,,,,
IT1:DF_DCSS_MIGR_BACKG_PAR_TV_5_COM(1.0),A,ITC31,NATIT_B_ABUNTI17,T,Y_UN17,ITL,TOTAL,BPBIT,ALL,2023,20,,,,,,,,,,,,,,
IT1:DF_DCSS_MIGR_BACKG_PAR_TV_5_COM(1.0),A,ITC31,NATIT_B_ABUNTI17,T,Y_UN17,ITL,TOTAL,MBAB_FBIT,ALL,2023,11,,,,,,,,,,,,,,
IT1:DF_DCSS_MIGR_BACKG_PAR_TV_5_COM(1.0),A,ITC31,NATIT_B_ABUNTI17,T,Y_UN17,ITL,TOTAL,MBIT_FBAB,ALL,2023,9,,,,,,,,,,,,,,
IT1:DF_DCSS_MIGR_BACKG_PAR_TV_5_COM(1.0),A,ITC32,NATIT_B_ABUNTI17,T,Y_UN17,ITL,EU27,ALL,ALL,2023,20,,,,,,,,,,,,,,
IT1:DF_DCSS_MIGR_BACKG_PAR_TV_5_COM(1.0),A,ITC32,NATIT_B_ABUNTI17,T,Y_UN17,ITL,EU27,BPBAB,ALL,2023,10,,,,,,,,,,,,,,
IT1:DF_DCSS_MIGR_BACKG_PAR_TV_5_COM(1.0),A,ITC32,NATIT_B_ABUNTI17,T,Y_UN17,ITL,EU27,BPBIT,ALL,2023,5,,,,,,,,,,,,,,
IT1:DF_DCSS_MIGR_BACKG_PAR_TV_5_COM(1.0),A,ITC32,NATIT_B_ABUNTI17,T,Y_UN17,ITL,EU27,MBAB_FBIT,ALL,2023,2,,,,,,,,,,,,,,
IT1:DF_DCSS_MIGR_BACKG_PAR_TV_5_COM(1.0),A,ITC32,NATIT_B_ABUNTI17,T,Y_UN17,ITL,EU27,MBIT_FBAB,ALL,2023,3,,,,,,,,,,,,,,
IT1:DF_DCSS_MIGR_BACKG_PAR_TV_5_COM(1.0),A,ITC32,NATIT_B_ABUNTI17,T,Y_UN17,ITL,EXTEU27,ALL,ALL,2023,340,,,,,,,,,,,,,,
IT1:DF_DCSS_MIGR_BACKG_PAR_TV_5_COM(1.0),A,ITC32,NATIT_B_ABUNTI17,T,Y_UN17,ITL,EXTEU27,BPBAB,ALL,2023,285,,,,,,,,,,,,,,
IT1:DF_DCSS_MIGR_BACKG_PAR_TV_5_COM(1.0),A,ITC32,NATIT_B_ABUNTI17,T,Y_UN17,ITL,EXTEU27,BPBIT,ALL,2023,44,,,,,,,,,,,,,,
IT1:DF_DCSS_MIGR_BACKG_PAR_TV_5_COM(1.0),A,ITC32,NATIT_B_ABUNTI17,T,Y_UN17,ITL,EXTEU27,MBAB_FBIT,ALL,2023,10,,,,,,,,,,,,,,
IT1:DF_DCSS_MIGR_BACKG_PAR_TV_5_COM(1.0),A,ITC32,NATIT_B_ABUNTI17,T,Y_UN17,ITL,EXTEU27,MBIT_FBAB,ALL,2023,1,,,,,,,,,,,,,,
IT1:DF_DCSS_MIGR_BACKG_PAR_TV_5_COM(1.0),A,ITC32,NATIT_B_ABUNTI17,T,Y_UN17,ITL,TOTAL,ALL,ALL,2023,360,,,,,,,,,,,,,,
IT1:DF_DCSS_MIGR_BACKG_PAR_TV_5_COM(1.0),A,ITC32,NATIT_B_ABUNTI17,T,Y_UN17,ITL,TOTAL,BPBAB,ALL,2023,295,,,,,,,,,,,,,,
IT1:DF_DCSS_MIGR_BACKG_PAR_TV_5_COM(1.0),A,ITC32,NATIT_B_ABUNTI17,T,Y_UN17,ITL,TOTAL,BPBIT,ALL,2023,49,,,,,,,,,,,,,,
IT1:DF_DCSS_MIGR_BACKG_PAR_TV_5_COM(1.0),A,ITC32,NATIT_B_ABUNTI17,T,Y_UN17,ITL,TOTAL,MBAB_FBIT,ALL,2023,12,,,,,,,,,,,,,,
IT1:DF_DCSS_MIGR_BACKG_PAR_TV_5_COM(1.0),A,ITC32,NATIT_B_ABUNTI17,T,Y_UN17,ITL,TOTAL,MBIT_FBAB,ALL,2023,4,,,,,,,,,,,,,,
IT1:DF_DCSS_MIGR_BACKG_PAR_TV_5_COM(1.0),A,ITC33,NATIT_B_ABUNTI17,T,Y_UN17,ITL,EU27,ALL,ALL,2023,58,,,ITC33_N1,,,,,,,,,,,
IT1:DF_DCSS_MIGR_BACKG_PAR_TV_5_COM(1.0),A,ITC33,NATIT_B_ABUNTI17,T,Y_UN17,ITL,EU27,BPBAB,ALL,2023,31,,,ITC33_N1,,,,,,,,,,,
IT1:DF_DCSS_MIGR_BACKG_PAR_TV_5_COM(1.0),A,ITC33,NATIT_B_ABUNTI17,T,Y_UN17,ITL,EU27,BPBIT,ALL,2023,20,,,ITC33_N1,,,,,,,,,,,
IT1:DF_DCSS_MIGR_BACKG_PAR_TV_5_COM(1.0),A,ITC33,NATIT_B_ABUNTI17,T,Y_UN17,ITL,EU27,MBAB_FBIT,ALL,2023,3,,,ITC33_N1,,,,,,,,,,,
IT1:DF_DCSS_MIGR_BACKG_PAR_TV_5_COM(1.0),A,ITC33,NATIT_B_ABUNTI17,T,Y_UN17,ITL,EU27,MBIT_FBAB,ALL,2023,4,,,ITC33_N1,,,,,,,,,,,
IT1:DF_DCSS_MIGR_BACKG_PAR_TV_5_COM(1.0),A,ITC33,NATIT_B_ABUNTI17,T,Y_UN17,ITL,EXTEU27,ALL,ALL,2023,817,,,ITC33_N1,,,,,,,,,,,
IT1:DF_DCSS_MIGR_BACKG_PAR_TV_5_COM(1.0),A,ITC33,NATIT_B_ABUNTI17,T,Y_UN17,ITL,EXTEU27,BPBAB,ALL,2023,574,,,ITC33_N1,,,,,,,,,,,
IT1:DF_DCSS_MIGR_BACKG_PAR_TV_5_COM(1.0),A,ITC33,NATIT_B_ABUNTI17,T,Y_UN17,ITL,EXTEU27,BPBIT,ALL,2023,161,,,ITC33_N1,,,,,,,,,,,
IT1:DF_DCSS_MIGR_BACKG_PAR_TV_5_COM(1.0),A,ITC33,NATIT_B_ABUNTI17,T,Y_UN17,ITL,EXTEU27,MBAB_FBIT,ALL,2023,51,,,ITC33_N1,,,,,,,,,,,
IT1:DF_DCSS_MIGR_BACKG_PAR_TV_5_COM(1.0),A,ITC33,NATIT_B_ABUNTI17,T,Y_UN17,ITL,EXTEU27,MBIT_FBAB,ALL,2023,31,,,ITC33_N1,,,,,,,,,,,
IT1:DF_DCSS_MIGR_BACKG_PAR_TV_5_COM(1.0),A,ITC33,NATIT_B_ABUNTI17,T,Y_UN17,ITL,TOTAL,ALL,ALL,2023,875,,,ITC33_N1,,,,,,,,,,,
IT1:DF_DCSS_MIGR_BACKG_PAR_TV_5_COM(1.0),A,ITC33,NATIT_B_ABUNTI17,T,Y_UN17,ITL,TOTAL,BPBAB,ALL,2023,605,,,ITC33_N1,,,,,,,,,,,
IT1:DF_DCSS_MIGR_BACKG_PAR_TV_5_COM(1.0),A,ITC33,NATIT_B_ABUNTI17,T,Y_UN17,ITL,TOTAL,BPBIT,ALL,2023,181,,,ITC33_N1,,,,,,,,,,,
IT1:DF_DCSS_MIGR_BACKG_PAR_TV_5_COM(1.0),A,ITC33,NATIT_B_ABUNTI17,T,Y_UN17,ITL,TOTAL,MBAB_FBIT,ALL,2023,54,,,ITC33_N1,,,,,,,,,,,
IT1:DF_DCSS_MIGR_BACKG_PAR_TV_5_COM(1.0),A,ITC33,NATIT_B_ABUNTI17,T,Y_UN17,ITL,TOTAL,MBIT_FBAB,ALL,2023,35,,,ITC33_N1,,,,,,,,,,,
IT1:DF_DCSS_MIGR_BACKG_PAR_TV_5_COM(1.0),A,ITC34,NATIT_B_ABUNTI17,T,Y_UN17,ITL,EU27,ALL,ALL,2023,26,,,,,,,,,,,,,,
IT1:DF_DCSS_MIGR_BACKG_PAR_TV_5_COM(1.0),A,ITC34,NATIT_B_ABUNTI17,T,Y_UN17,ITL,EU27,BPBAB,ALL,2023,17,,,,,,,,,,,,,,
IT1:DF_DCSS_MIGR_BACKG_PAR_TV_5_COM(1.0),A,ITC34,NATIT_B_ABUNTI17,T,Y_UN17,ITL,EU27,BPBIT,ALL,2023,4,,,,,,,,,,,,,,
IT1:DF_DCSS_MIGR_BACKG_PAR_TV_5_COM(1.0),A,ITC34,NATIT_B_ABUNTI17,T,Y_UN17,ITL,EU27,MBAB_FBIT,ALL,2023,4,,,,,,,,,,,,,,
IT1:DF_DCSS_MIGR_BACKG_PAR_TV_5_COM(1.0),A,ITC34,NATIT_B_ABUNTI17,T,Y_UN17,ITL,EU27,MBIT_FBAB,ALL,2023,1,,,,,,,,,,,,,,
IT1:DF_DCSS_MIGR_BACKG_PAR_TV_5_COM(1.0),A,ITC34,NATIT_B_ABUNTI17,T,Y_UN17,ITL,EXTEU27,ALL,ALL,2023,208,,,,,,,,,,,,,,
IT1:DF_DCSS_MIGR_BACKG_PAR_TV_5_COM(1.0),A,ITC34,NATIT_B_ABUNTI17,T,Y_UN17,ITL,EXTEU27,BPBAB,ALL,2023,156,,,,,,,,,,,,,,
IT1:DF_DCSS_MIGR_BACKG_PAR_TV_5_COM(1.0),A,ITC34,NATIT_B_ABUNTI17,T,Y_UN17,ITL,EXTEU27,BPBIT,ALL,2023,33,,,,,,,,,,,,,,
IT1:DF_DCSS_MIGR_BACKG_PAR_TV_5_COM(1.0),A,ITC34,NATIT_B_ABUNTI17,T,Y_UN17,ITL,EXTEU27,MBAB_FBIT,ALL,2023,11,,,,,,,,,,,,,,
IT1:DF_DCSS_MIGR_BACKG_PAR_TV_5_COM(1.0),A,ITC34,NATIT_B_ABUNTI17,T,Y_UN17,ITL,EXTEU27,MBIT_FBAB,ALL,2023,8,,,,,,,,,,,,,,
IT1:DF_DCSS_MIGR_BACKG_PAR_TV_5_COM(1.0),A,ITC34,NATIT_B_ABUNTI17,T,Y_UN17,ITL,TOTAL,ALL,ALL,2023,234,,,,,,,,,,,,,,
IT1:DF_DCSS_MIGR_BACKG_PAR_TV_5_COM(1.0),A,ITC34,NATIT_B_ABUNTI17,T,Y_UN17,ITL,TOTAL,BPBAB,ALL,2023,173,,,,,,,,,,,,,,
IT1:DF_DCSS_MIGR_BACKG_PAR_TV_5_COM(1.0),A,ITC34,NATIT_B_ABUNTI17,T,Y_UN17,ITL,TOTAL,BPBIT,ALL,2023,37,,,,,,,,,,,,,,
IT1:DF_DCSS_MIGR_BACKG_PAR_TV_5_COM(1.0),A,ITC34,NATIT_B_ABUNTI17,T,Y_UN17,ITL,TOTAL,MBAB_FBIT,ALL,2023,15,,,,,,,,,,,,,,
IT1:DF_DCSS_MIGR_BACKG_PAR_TV_5_COM(1.0),A,ITC34,NATIT_B_ABUNTI17,T,Y_UN17,ITL,TOTAL,MBIT_FBAB,ALL,2023,9,,,,,,,,,,,,,,
IT1:DF_DCSS_MIGR_BACKG_PAR_TV_5_COM(1.0),A,ITC41,NATIT_B_ABUNTI17,T,Y_UN17,ITL,EU27,ALL,ALL,2023,37,,,,,,,,,,,,,,
IT1:DF_DCSS_MIGR_BACKG_PAR_TV_5_COM(1.0),A,ITC41,NATIT_B_ABUNTI17,T,Y_UN17,ITL,EU27,BPBAB,ALL,2023,21,,,,,,,,,,,,,,
IT1:DF_DCSS_MIGR_BACKG_PAR_TV_5_COM(1.0),A,ITC41,NATIT_B_ABUNTI17,T,Y_UN17,ITL,EU27,BPBIT,ALL,2023,10,,,,,,,,,,,,,,
IT1:DF_DCSS_MIGR_BACKG_PAR_TV_5_COM(1.0),A,ITC41,NATIT_B_ABUNTI17,T,Y_UN17,ITL,EU27,MBAB_FBIT,ALL,2023,6,,,,,,,,,,,,,,
IT1:DF_DCSS_MIGR_BACKG_PAR_TV_5_COM(1.0),A,ITC41,NATIT_B_ABUNTI17,T,Y_UN17,ITL,EXTEU27,ALL,ALL,2023,798,,,,,,,,,,,,,,
IT1:DF_DCSS_MIGR_BACKG_PAR_TV_5_COM(1.0),A,ITC41,NATIT_B_ABUNTI17,T,Y_UN17,ITL,EXTEU27,BPBAB,ALL,2023,596,,,,,,,,,,,,,,
IT1:DF_DCSS_MIGR_BACKG_PAR_TV_5_COM(1.0),A,ITC41,NATIT_B_ABUNTI17,T,Y_UN17,ITL,EXTEU27,BPBIT,ALL,2023,143,,,,,,,,,,,,,,
IT1:DF_DCSS_MIGR_BACKG_PAR_TV_5_COM(1.0),A,ITC41,NATIT_B_ABUNTI17,T,Y_UN17,ITL,EXTEU27,MBAB_FBIT,ALL,2023,38,,,,,,,,,,,,,,
IT1:DF_DCSS_MIGR_BACKG_PAR_TV_5_COM(1.0),A,ITC41,NATIT_B_ABUNTI17,T,Y_UN17,ITL,EXTEU27,MBIT_FBAB,ALL,2023,21,,,,,,,,,,,,,,
IT1:DF_DCSS_MIGR_BACKG_PAR_TV_5_COM(1.0),A,ITC41,NATIT_B_ABUNTI17,T,Y_UN17,ITL,TOTAL,ALL,ALL,2023,835,,,,,,,,,,,,,,
IT1:DF_DCSS_MIGR_BACKG_PAR_TV_5_COM(1.0),A,ITC41,NATIT_B_ABUNTI17,T,Y_UN17,ITL,TOTAL,BPBAB,ALL,2023,617,,,,,,,,,,,,,,
IT1:DF_DCSS_MIGR_BACKG_PAR_TV_5_COM(1.0),A,ITC41,NATIT_B_ABUNTI17,T,Y_UN17,ITL,TOTAL,BPBIT,ALL,2023,153,,,,,,,,,,,,,,
IT1:DF_DCSS_MIGR_BACKG_PAR_TV_5_COM(1.0),A,ITC41,NATIT_B_ABUNTI17,T,Y_UN17,ITL,TOTAL,MBAB_FBIT,ALL,2023,44,,,,,,,,,,,,,,
IT1:DF_DCSS_MIGR_BACKG_PAR_TV_5_COM(1.0),A,ITC41,NATIT_B_ABUNTI17,T,Y_UN17,ITL,TOTAL,MBIT_FBAB,ALL,2023,21,,,,,,,,,,,,,,
IT1:DF_DCSS_MIGR_BACKG_PAR_TV_5_COM(1.0),A,ITC42,NATIT_B_ABUNTI17,T,Y_UN17,ITL,EU27,ALL,ALL,2023,35,,,,,,,,,,,,,,
IT1:DF_DCSS_MIGR_BACKG_PAR_TV_5_COM(1.0),A,ITC42,NATIT_B_ABUNTI17,T,Y_UN17,ITL,EU27,BPBAB,ALL,2023,22,,,,,,,,,,,,,,
IT1:DF_DCSS_MIGR_BACKG_PAR_TV_5_COM(1.0),A,ITC42,NATIT_B_ABUNTI17,T,Y_UN17,ITL,EU27,BPBIT,ALL,2023,7,,,,,,,,,,,,,,
IT1:DF_DCSS_MIGR_BACKG_PAR_TV_5_COM(1.0),A,ITC42,NATIT_B_ABUNTI17,T,Y_UN17,ITL,EU27,MBAB_FBIT,ALL,2023,5,,,,,,,,,,,,,,
IT1:DF_DCSS_MIGR_BACKG_PAR_TV_5_COM(1.0),A,ITC42,NATIT_B_ABUNTI17,T,Y_UN17,ITL,EU27,MBIT_FBAB,ALL,2023,1,,,,,,,,,,,,,,
IT1:DF_DCSS_MIGR_BACKG_PAR_TV_5_COM(1.0),A,ITC42,NATIT_B_ABUNTI17,T,Y_UN17,ITL,EXTEU27,ALL,ALL,2023,467,,,,,,,,,,,,,,
IT1:DF_DCSS_MIGR_BACKG_PAR_TV_5_COM(1.0),A,ITC42,NATIT_B_ABUNTI17,T,Y_UN17,ITL,EXTEU27,BPBAB,ALL,2023,357,,,,,,,,,,,,,,
IT1:DF_DCSS_MIGR_BACKG_PAR_TV_5_COM(1.0),A,ITC42,NATIT_B_ABUNTI17,T,Y_UN17,ITL,EXTEU27,BPBIT,ALL,2023,72,,,,,,,,,,,,,,
IT1:DF_DCSS_MIGR_BACKG_PAR_TV_5_COM(1.0),A,ITC42,NATIT_B_ABUNTI17,T,Y_UN17,ITL,EXTEU27,MBAB_FBIT,ALL,2023,26,,,,,,,,,,,,,,
IT1:DF_DCSS_MIGR_BACKG_PAR_TV_5_COM(1.0),A,ITC42,NATIT_B_ABUNTI17,T,Y_UN17,ITL,EXTEU27,MBIT_FBAB,ALL,2023,12,,,,,,,,,,,,,,
IT1:DF_DCSS_MIGR_BACKG_PAR_TV_5_COM(1.0),A,ITC42,NATIT_B_ABUNTI17,T,Y_UN17,ITL,TOTAL,ALL,ALL,2023,502,,,,,,,,,,,,,,
IT1:DF_DCSS_MIGR_BACKG_PAR_TV_5_COM(1.0),A,ITC42,NATIT_B_ABUNTI17,T,Y_UN17,ITL,TOTAL,BPBAB,ALL,2023,379,,,,,,,,,,,,,,
IT1:DF_DCSS_MIGR_BACKG_PAR_TV_5_COM(1.0),A,ITC42,NATIT_B_ABUNTI17,T,Y_UN17,ITL,TOTAL,BPBIT,ALL,2023,79,,,,,,,,,,,,,,
IT1:DF_DCSS_MIGR_BACKG_PAR_TV_5_COM(1.0),A,ITC42,NATIT_B_ABUNTI17,T,Y_UN17,ITL,TOTAL,MBAB_FBIT,ALL,2023,31,,,,,,,,,,,,,,
IT1:DF_DCSS_MIGR_BACKG_PAR_TV_5_COM(1.0),A,ITC42,NATIT_B_ABUNTI17,T,Y_UN17,ITL,TOTAL,MBIT_FBAB,ALL,2023,13,,,,,,,,,,,,,,
IT1:DF_DCSS_MIGR_BACKG_PAR_TV_5_COM(1.0),A,ITC43,NATIT_B_ABUNTI17,T,Y_UN17,ITL,EU27,ALL,ALL,2023,8,,,,,,,,,,,,,,
IT1:DF_DCSS_MIGR_BACKG_PAR_TV_5_COM(1.0),A,ITC43,NATIT_B_ABUNTI17,T,Y_UN17,ITL,EU27,BPBAB,ALL,2023,4,,,,,,,,,,,,,,
IT1:DF_DCSS_MIGR_BACKG_PAR_TV_5_COM(1.0),A,ITC43,NATIT_B_ABUNTI17,T,Y_UN17,ITL,EU27,BPBIT,ALL,2023,2,,,,,,,,,,,,,,
IT1:DF_DCSS_MIGR_BACKG_PAR_TV_5_COM(1.0),A,ITC43,NATIT_B_ABUNTI17,T,Y_UN17,ITL,EU27,MBAB_FBIT,ALL,2023,2,,,,,,,,,,,,,,
IT1:DF_DCSS_MIGR_BACKG_PAR_TV_5_COM(1.0),A,ITC43,NATIT_B_ABUNTI17,T,Y_UN17,ITL,EXTEU27,ALL,ALL,2023,338,,,,,,,,,,,,,,
IT1:DF_DCSS_MIGR_BACKG_PAR_TV_5_COM(1.0),A,ITC43,NATIT_B_ABUNTI17,T,Y_UN17,ITL,EXTEU27,BPBAB,ALL,2023,278,,,,,,,,,,,,,,
IT1:DF_DCSS_MIGR_BACKG_PAR_TV_5_COM(1.0),A,ITC43,NATIT_B_ABUNTI17,T,Y_UN17,ITL,EXTEU27,BPBIT,ALL,2023,42,,,,,,,,,,,,,,
IT1:DF_DCSS_MIGR_BACKG_PAR_TV_5_COM(1.0),A,ITC43,NATIT_B_ABUNTI17,T,Y_UN17,ITL,EXTEU27,MBAB_FBIT,ALL,2023,9,,,,,,,,,,,,,,
IT1:DF_DCSS_MIGR_BACKG_PAR_TV_5_COM(1.0),A,ITC43,NATIT_B_ABUNTI17,T,Y_UN17,ITL,EXTEU27,MBIT_FBAB,ALL,2023,9,,,,,,,,,,,,,,
IT1:DF_DCSS_MIGR_BACKG_PAR_TV_5_COM(1.0),A,ITC43,NATIT_B_ABUNTI17,T,Y_UN17,ITL,TOTAL,ALL,ALL,2023,346,,,,,,,,,,,,,,
IT1:DF_DCSS_MIGR_BACKG_PAR_TV_5_COM(1.0),A,ITC43,NATIT_B_ABUNTI17,T,Y_UN17,ITL,TOTAL,BPBAB,ALL,2023,282,,,,,,,,,,,,,,
IT1:DF_DCSS_MIGR_BACKG_PAR_TV_5_COM(1.0),A,ITC43,NATIT_B_ABUNTI17,T,Y_UN17,ITL,TOTAL,BPBIT,ALL,2023,44,,,,,,,,,,,,,,
IT1:DF_DCSS_MIGR_BACKG_PAR_TV_5_COM(1.0),A,ITC43,NATIT_B_ABUNTI17,T,Y_UN17,ITL,TOTAL,MBAB_FBIT,ALL,2023,11,,,,,,,,,,,,,,
IT1:DF_DCSS_MIGR_BACKG_PAR_TV_5_COM(1.0),A,ITC43,NATIT_B_ABUNTI17,T,Y_UN17,ITL,TOTAL,MBIT_FBAB,ALL,2023,9,,,,,,,,,,,,,,
IT1:DF_DCSS_MIGR_BACKG_PAR_TV_5_COM(1.0),A,ITC44,NATIT_B_ABUNTI17,T,Y_UN17,ITL,EU27,ALL,ALL,2023,12,,,,,,,,,,,,,,
IT1:DF_DCSS_MIGR_BACKG_PAR_TV_5_COM(1.0),A,ITC44,NATIT_B_ABUNTI17,T,Y_UN17,ITL,EU27,BPBAB,ALL,2023,6,,,,,,,,,,,,,,
IT1:DF_DCSS_MIGR_BACKG_PAR_TV_5_COM(1.0),A,ITC44,NATIT_B_ABUNTI17,T,Y_UN17,ITL,EU27,BPBIT,ALL,2023,4,,,,,,,,,,,,,,
IT1:DF_DCSS_MIGR_BACKG_PAR_TV_5_COM(1.0),A,ITC44,NATIT_B_ABUNTI17,T,Y_UN17,ITL,EU27,MBAB_FBIT,ALL,2023,1,,,,,,,,,,,,,,
IT1:DF_DCSS_MIGR_BACKG_PAR_TV_5_COM(1.0),A,ITC44,NATIT_B_ABUNTI17,T,Y_UN17,ITL,EU27,MBIT_FBAB,ALL,2023,1,,,,,,,,,,,,,,
IT1:DF_DCSS_MIGR_BACKG_PAR_TV_5_COM(1.0),A,ITC44,NATIT_B_ABUNTI17,T,Y_UN17,ITL,EXTEU27,ALL,ALL,2023,127,,,,,,,,,,,,,,
IT1:DF_DCSS_MIGR_BACKG_PAR_TV_5_COM(1.0),A,ITC44,NATIT_B_ABUNTI17,T,Y_UN17,ITL,EXTEU27,BPBAB,ALL,2023,93,,,,,,,,,,,,,,
IT1:DF_DCSS_MIGR_BACKG_PAR_TV_5_COM(1.0),A,ITC44,NATIT_B_ABUNTI17,T,Y_UN17,ITL,EXTEU27,BPBIT,ALL,2023,21,,,,,,,,,,,,,,
IT1:DF_DCSS_MIGR_BACKG_PAR_TV_5_COM(1.0),A,ITC44,NATIT_B_ABUNTI17,T,Y_UN17,ITL,EXTEU27,MBAB_FBIT,ALL,2023,7,,,,,,,,,,,,,,
IT1:DF_DCSS_MIGR_BACKG_PAR_TV_5_COM(1.0),A,ITC44,NATIT_B_ABUNTI17,T,Y_UN17,ITL,EXTEU27,MBIT_FBAB,ALL,2023,6,,,,,,,,,,,,,,
IT1:DF_DCSS_MIGR_BACKG_PAR_TV_5_COM(1.0),A,ITC44,NATIT_B_ABUNTI17,T,Y_UN17,ITL,TOTAL,ALL,ALL,2023,139,,,,,,,,,,,,,,
IT1:DF_DCSS_MIGR_BACKG_PAR_TV_5_COM(1.0),A,ITC44,NATIT_B_ABUNTI17,T,Y_UN17,ITL,TOTAL,BPBAB,ALL,2023,99,,,,,,,,,,,,,,
IT1:DF_DCSS_MIGR_BACKG_PAR_TV_5_COM(1.0),A,ITC44,NATIT_B_ABUNTI17,T,Y_UN17,ITL,TOTAL,BPBIT,ALL,2023,25,,,,,,,,,,,,,,
IT1:DF_DCSS_MIGR_BACKG_PAR_TV_5_COM(1.0),A,ITC44,NATIT_B_ABUNTI17,T,Y_UN17,ITL,TOTAL,MBAB_FBIT,ALL,2023,8,,,,,,,,,,,,,,
IT1:DF_DCSS_MIGR_BACKG_PAR_TV_5_COM(1.0),A,ITC44,NATIT_B_ABUNTI17,T,Y_UN17,ITL,TOTAL,MBIT_FBAB,ALL,2023,7,,,,,,,,,,,,,,
IT1:DF_DCSS_MIGR_BACKG_PAR_TV_5_COM(1.0),A,ITC45,NATIT_B_ABUNTI17,T,Y_UN17,ITL,EU27,ALL,ALL,2023,147,,,ITC45_N1,,,,,,,,,,,
IT1:DF_DCSS_MIGR_BACKG_PAR_TV_5_COM(1.0),A,ITC45,NATIT_B_ABUNTI17,T,Y_UN17,ITL,EU27,BPBAB,ALL,2023,67,,,ITC45_N1,,,,,,,,,,,
IT1:DF_DCSS_MIGR_BACKG_PAR_TV_5_COM(1.0),A,ITC45,NATIT_B_ABUNTI17,T,Y_UN17,ITL,EU27,BPBIT,ALL,2023,41,,,ITC45_N1,,,,,,,,,,,
IT1:DF_DCSS_MIGR_BACKG_PAR_TV_5_COM(1.0),A,ITC45,NATIT_B_ABUNTI17,T,Y_UN17,ITL,EU27,MBAB_FBIT,ALL,2023,26,,,ITC45_N1,,,,,,,,,,,
IT1:DF_DCSS_MIGR_BACKG_PAR_TV_5_COM(1.0),A,ITC45,NATIT_B_ABUNTI17,T,Y_UN17,ITL,EU27,MBIT_FBAB,ALL,2023,13,,,ITC45_N1,,,,,,,,,,,
IT1:DF_DCSS_MIGR_BACKG_PAR_TV_5_COM(1.0),A,ITC45,NATIT_B_ABUNTI17,T,Y_UN17,ITL,EXTEU27,ALL,ALL,2023,3641,,,ITC45_N1,,,,,,,,,,,
IT1:DF_DCSS_MIGR_BACKG_PAR_TV_5_COM(1.0),A,ITC45,NATIT_B_ABUNTI17,T,Y_UN17,ITL,EXTEU27,BPBAB,ALL,2023,2947,,,ITC45_N1,,,,,,,,,,,
IT1:DF_DCSS_MIGR_BACKG_PAR_TV_5_COM(1.0),A,ITC45,NATIT_B_ABUNTI17,T,Y_UN17,ITL,EXTEU27,BPBIT,ALL,2023,493,,,ITC45_N1,,,,,,,,,,,
IT1:DF_DCSS_MIGR_BACKG_PAR_TV_5_COM(1.0),A,ITC45,NATIT_B_ABUNTI17,T,Y_UN17,ITL,EXTEU27,MBAB_FBIT,ALL,2023,123,,,ITC45_N1,,,,,,,,,,,
IT1:DF_DCSS_MIGR_BACKG_PAR_TV_5_COM(1.0),A,ITC45,NATIT_B_ABUNTI17,T,Y_UN17,ITL,EXTEU27,MBIT_FBAB,ALL,2023,78,,,ITC45_N1,,,,,,,,,,,
IT1:DF_DCSS_MIGR_BACKG_PAR_TV_5_COM(1.0),A,ITC45,NATIT_B_ABUNTI17,T,Y_UN17,ITL,TOTAL,ALL,ALL,2023,3788,,,ITC45_N1,,,,,,,,,,,
IT1:DF_DCSS_MIGR_BACKG_PAR_TV_5_COM(1.0),A,ITC45,NATIT_B_ABUNTI17,T,Y_UN17,ITL,TOTAL,BPBAB,ALL,2023,3014,,,ITC45_N1,,,,,,,,,,,
IT1:DF_DCSS_MIGR_BACKG_PAR_TV_5_COM(1.0),A,ITC45,NATIT_B_ABUNTI17,T,Y_UN17,ITL,TOTAL,BPBIT,ALL,2023,534,,,ITC45_N1,,,,,,,,,,,
IT1:DF_DCSS_MIGR_BACKG_PAR_TV_5_COM(1.0),A,ITC45,NATIT_B_ABUNTI17,T,Y_UN17,ITL,TOTAL,MBAB_FBIT,ALL,2023,149,,,ITC45_N1,,,,,,,,,,,
IT1:DF_DCSS_MIGR_BACKG_PAR_TV_5_COM(1.0),A,ITC45,NATIT_B_ABUNTI17,T,Y_UN17,ITL,TOTAL,MBIT_FBAB,ALL,2023,91,,,ITC45_N1,,,,,,,,,,,
IT1:DF_DCSS_MIGR_BACKG_PAR_TV_5_COM(1.0),A,ITC46,NATIT_B_ABUNTI17,T,Y_UN17,ITL,APO,ALL,ALL,2023,1,,,,,,,,,,,,,,
IT1:DF_DCSS_MIGR_BACKG_PAR_TV_5_COM(1.0),A,ITC46,NATIT_B_ABUNTI17,T,Y_UN17,ITL,APO,BPBIT,ALL,2023,1,,,,,,,,,,,,,,
IT1:DF_DCSS_MIGR_BACKG_PAR_TV_5_COM(1.0),A,ITC46,NATIT_B_ABUNTI17,T,Y_UN17,ITL,EU27,ALL,ALL,2023,63,,,,,,,,,,,,,,
IT1:DF_DCSS_MIGR_BACKG_PAR_TV_5_COM(1.0),A,ITC46,NATIT_B_ABUNTI17,T,Y_UN17,ITL,EU27,BPBAB,ALL,2023,20,,,,,,,,,,,,,,
IT1:DF_DCSS_MIGR_BACKG_PAR_TV_5_COM(1.0),A,ITC46,NATIT_B_ABUNTI17,T,Y_UN17,ITL,EU27,BPBIT,ALL,2023,29,,,,,,,,,,,,,,
IT1:DF_DCSS_MIGR_BACKG_PAR_TV_5_COM(1.0),A,ITC46,NATIT_B_ABUNTI17,T,Y_UN17,ITL,EU27,MBAB_FBIT,ALL,2023,7,,,,,,,,,,,,,,
IT1:DF_DCSS_MIGR_BACKG_PAR_TV_5_COM(1.0),A,ITC46,NATIT_B_ABUNTI17,T,Y_UN17,ITL,EU27,MBIT_FBAB,ALL,2023,7,,,,,,,,,,,,,,
IT1:DF_DCSS_MIGR_BACKG_PAR_TV_5_COM(1.0),A,ITC46,NATIT_B_ABUNTI17,T,Y_UN17,ITL,EXTEU27,ALL,ALL,2023,1493,,,,,,,,,,,,,,
IT1:DF_DCSS_MIGR_BACKG_PAR_TV_5_COM(1.0),A,ITC46,NATIT_B_ABUNTI17,T,Y_UN17,ITL,EXTEU27,BPBAB,ALL,2023,1266,,,,,,,,,,,,,,
IT1:DF_DCSS_MIGR_BACKG_PAR_TV_5_COM(1.0),A,ITC46,NATIT_B_ABUNTI17,T,Y_UN17,ITL,EXTEU27,BPBIT,ALL,2023,155,,,,,,,,,,,,,,
IT1:DF_DCSS_MIGR_BACKG_PAR_TV_5_COM(1.0),A,ITC46,NATIT_B_ABUNTI17,T,Y_UN17,ITL,EXTEU27,MBAB_FBIT,ALL,2023,42,,,,,,,,,,,,,,
IT1:DF_DCSS_MIGR_BACKG_PAR_TV_5_COM(1.0),A,ITC46,NATIT_B_ABUNTI17,T,Y_UN17,ITL,EXTEU27,MBIT_FBAB,ALL,2023,30,,,,,,,,,,,,,,
IT1:DF_DCSS_MIGR_BACKG_PAR_TV_5_COM(1.0),A,ITC46,NATIT_B_ABUNTI17,T,Y_UN17,ITL,TOTAL,ALL,ALL,2023,1557,,,,,,,,,,,,,,
IT1:DF_DCSS_MIGR_BACKG_PAR_TV_5_COM(1.0),A,ITC46,NATIT_B_ABUNTI17,T,Y_UN17,ITL,TOTAL,BPBAB,ALL,2023,1286,,,,,,,,,,,,,,
IT1:DF_DCSS_MIGR_BACKG_PAR_TV_5_COM(1.0),A,ITC46,NATIT_B_ABUNTI17,T,Y_UN17,ITL,TOTAL,BPBIT,ALL,2023,185,,,,,,,,,,,,,,
IT1:DF_DCSS_MIGR_BACKG_PAR_TV_5_COM(1.0),A,ITC46,NATIT_B_ABUNTI17,T,Y_UN17,ITL,TOTAL,MBAB_FBIT,ALL,2023,49,,,,,,,,,,,,,,
IT1:DF_DCSS_MIGR_BACKG_PAR_TV_5_COM(1.0),A,ITC46,NATIT_B_ABUNTI17,T,Y_UN17,ITL,TOTAL,MBIT_FBAB,ALL,2023,37,,,,,,,,,,,,,,
IT1:DF_DCSS_MIGR_BACKG_PAR_TV_5_COM(1.0),A,ITC47,NATIT_B_ABUNTI17,T,Y_UN17,ITL,EU27,ALL,ALL,2023,83,,,,,,,,,,,,,,
IT1:DF_DCSS_MIGR_BACKG_PAR_TV_5_COM(1.0),A,ITC47,NATIT_B_ABUNTI17,T,Y_UN17,ITL,EU27,BPBAB,ALL,2023,45,,,,,,,,,,,,,,
IT1:DF_DCSS_MIGR_BACKG_PAR_TV_5_COM(1.0),A,ITC47,NATIT_B_ABUNTI17,T,Y_UN17,ITL,EU27,BPBIT,ALL,2023,24,,,,,,,,,,,,,,
IT1:DF_DCSS_MIGR_BACKG_PAR_TV_5_COM(1.0),A,ITC47,NATIT_B_ABUNTI17,T,Y_UN17,ITL,EU27,MBAB_FBIT,ALL,2023,12,,,,,,,,,,,,,,
IT1:DF_DCSS_MIGR_BACKG_PAR_TV_5_COM(1.0),A,ITC47,NATIT_B_ABUNTI17,T,Y_UN17,ITL,EU27,MBIT_FBAB,ALL,2023,2,,,,,,,,,,,,,,
IT1:DF_DCSS_MIGR_BACKG_PAR_TV_5_COM(1.0),A,ITC47,NATIT_B_ABUNTI17,T,Y_UN17,ITL,EXTEU27,ALL,ALL,2023,2269,,,,,,,,,,,,,,
IT1:DF_DCSS_MIGR_BACKG_PAR_TV_5_COM(1.0),A,ITC47,NATIT_B_ABUNTI17,T,Y_UN17,ITL,EXTEU27,BPBAB,ALL,2023,2022,,,,,,,,,,,,,,
IT1:DF_DCSS_MIGR_BACKG_PAR_TV_5_COM(1.0),A,ITC47,NATIT_B_ABUNTI17,T,Y_UN17,ITL,EXTEU27,BPBIT,ALL,2023,171,,,,,,,,,,,,,,
IT1:DF_DCSS_MIGR_BACKG_PAR_TV_5_COM(1.0),A,ITC47,NATIT_B_ABUNTI17,T,Y_UN17,ITL,EXTEU27,MBAB_FBIT,ALL,2023,56,,,,,,,,,,,,,,
IT1:DF_DCSS_MIGR_BACKG_PAR_TV_5_COM(1.0),A,ITC47,NATIT_B_ABUNTI17,T,Y_UN17,ITL,EXTEU27,MBIT_FBAB,ALL,2023,20,,,,,,,,,,,,,,
IT1:DF_DCSS_MIGR_BACKG_PAR_TV_5_COM(1.0),A,ITC47,NATIT_B_ABUNTI17,T,Y_UN17,ITL,TOTAL,ALL,ALL,2023,2352,,,,,,,,,,,,,,
IT1:DF_DCSS_MIGR_BACKG_PAR_TV_5_COM(1.0),A,ITC47,NATIT_B_ABUNTI17,T,Y_UN17,ITL,TOTAL,BPBAB,ALL,2023,2067,,,,,,,,,,,,,,
IT1:DF_DCSS_MIGR_BACKG_PAR_TV_5_COM(1.0),A,ITC47,NATIT_B_ABUNTI17,T,Y_UN17,ITL,TOTAL,BPBIT,ALL,2023,195,,,,,,,,,,,,,,
IT1:DF_DCSS_MIGR_BACKG_PAR_TV_5_COM(1.0),A,ITC47,NATIT_B_ABUNTI17,T,Y_UN17,ITL,TOTAL,MBAB_FBIT,ALL,2023,68,,,,,,,,,,,,,,
IT1:DF_DCSS_MIGR_BACKG_PAR_TV_5_COM(1.0),A,ITC47,NATIT_B_ABUNTI17,T,Y_UN17,ITL,TOTAL,MBIT_FBAB,ALL,2023,22,,,,,,,,,,,,,,
IT1:DF_DCSS_MIGR_BACKG_PAR_TV_5_COM(1.0),A,ITC48,NATIT_B_ABUNTI17,T,Y_UN17,ITL,APO,ALL,ALL,2023,1,,,,,,,,,,,,,,
IT1:DF_DCSS_MIGR_BACKG_PAR_TV_5_COM(1.0),A,ITC48,NATIT_B_ABUNTI17,T,Y_UN17,ITL,APO,BPBAB,ALL,2023,1,,,,,,,,,,,,,,
IT1:DF_DCSS_MIGR_BACKG_PAR_TV_5_COM(1.0),A,ITC48,NATIT_B_ABUNTI17,T,Y_UN17,ITL,EU27,ALL,ALL,2023,25,,,,,,,,,,,,,,
IT1:DF_DCSS_MIGR_BACKG_PAR_TV_5_COM(1.0),A,ITC48,NATIT_B_ABUNTI17,T,Y_UN17,ITL,EU27,BPBAB,ALL,2023,15,,,,,,,,,,,,,,
IT1:DF_DCSS_MIGR_BACKG_PAR_TV_5_COM(1.0),A,ITC48,NATIT_B_ABUNTI17,T,Y_UN17,ITL,EU27,BPBIT,ALL,2023,6,,,,,,,,,,,,,,
IT1:DF_DCSS_MIGR_BACKG_PAR_TV_5_COM(1.0),A,ITC48,NATIT_B_ABUNTI17,T,Y_UN17,ITL,EU27,MBAB_FBIT,ALL,2023,4,,,,,,,,,,,,,,
IT1:DF_DCSS_MIGR_BACKG_PAR_TV_5_COM(1.0),A,ITC48,NATIT_B_ABUNTI17,T,Y_UN17,ITL,EXTEU27,ALL,ALL,2023,593,,,,,,,,,,,,,,
IT1:DF_DCSS_MIGR_BACKG_PAR_TV_5_COM(1.0),A,ITC48,NATIT_B_ABUNTI17,T,Y_UN17,ITL,EXTEU27,BPBAB,ALL,2023,507,,,,,,,,,,,,,,
IT1:DF_DCSS_MIGR_BACKG_PAR_TV_5_COM(1.0),A,ITC48,NATIT_B_ABUNTI17,T,Y_UN17,ITL,EXTEU27,BPBIT,ALL,2023,52,,,,,,,,,,,,,,
IT1:DF_DCSS_MIGR_BACKG_PAR_TV_5_COM(1.0),A,ITC48,NATIT_B_ABUNTI17,T,Y_UN17,ITL,EXTEU27,MBAB_FBIT,ALL,2023,19,,,,,,,,,,,,,,
IT1:DF_DCSS_MIGR_BACKG_PAR_TV_5_COM(1.0),A,ITC48,NATIT_B_ABUNTI17,T,Y_UN17,ITL,EXTEU27,MBIT_FBAB,ALL,2023,15,,,,,,,,,,,,,,
IT1:DF_DCSS_MIGR_BACKG_PAR_TV_5_COM(1.0),A,ITC48,NATIT_B_ABUNTI17,T,Y_UN17,ITL,TOTAL,ALL,ALL,2023,619,,,,,,,,,,,,,,
IT1:DF_DCSS_MIGR_BACKG_PAR_TV_5_COM(1.0),A,ITC48,NATIT_B_ABUNTI17,T,Y_UN17,ITL,TOTAL,BPBAB,ALL,2023,523,,,,,,,,,,,,,,
IT1:DF_DCSS_MIGR_BACKG_PAR_TV_5_COM(1.0),A,ITC48,NATIT_B_ABUNTI17,T,Y_UN17,ITL,TOTAL,BPBIT,ALL,2023,58,,,,,,,,,,,,,,
IT1:DF_DCSS_MIGR_BACKG_PAR_TV_5_COM(1.0),A,ITC48,NATIT_B_ABUNTI17,T,Y_UN17,ITL,TOTAL,MBAB_FBIT,ALL,2023,23,,,,,,,,,,,,,,
IT1:DF_DCSS_MIGR_BACKG_PAR_TV_5_COM(1.0),A,ITC48,NATIT_B_ABUNTI17,T,Y_UN17,ITL,TOTAL,MBIT_FBAB,ALL,2023,15,,,,,,,,,,,,,,
IT1:DF_DCSS_MIGR_BACKG_PAR_TV_5_COM(1.0),A,ITC49,NATIT_B_ABUNTI17,T,Y_UN17,ITL,EU27,ALL,ALL,2023,7,,,,,,,,,,,,,,
IT1:DF_DCSS_MIGR_BACKG_PAR_TV_5_COM(1.0),A,ITC49,NATIT_B_ABUNTI17,T,Y_UN17,ITL,EU27,BPBAB,ALL,2023,3,,,,,,,,,,,,,,
IT1:DF_DCSS_MIGR_BACKG_PAR_TV_5_COM(1.0),A,ITC49,NATIT_B_ABUNTI17,T,Y_UN17,ITL,EU27,BPBIT,ALL,2023,4,,,,,,,,,,,,,,
IT1:DF_DCSS_MIGR_BACKG_PAR_TV_5_COM(1.0),A,ITC49,NATIT_B_ABUNTI17,T,Y_UN17,ITL,EXTEU27,ALL,ALL,2023,281,,,,,,,,,,,,,,
IT1:DF_DCSS_MIGR_BACKG_PAR_TV_5_COM(1.0),A,ITC49,NATIT_B_ABUNTI17,T,Y_UN17,ITL,EXTEU27,BPBAB,ALL,2023,248,,,,,,,,,,,,,,
IT1:DF_DCSS_MIGR_BACKG_PAR_TV_5_COM(1.0),A,ITC49,NATIT_B_ABUNTI17,T,Y_UN17,ITL,EXTEU27,BPBIT,ALL,2023,23,,,,,,,,,,,,,,
IT1:DF_DCSS_MIGR_BACKG_PAR_TV_5_COM(1.0),A,ITC49,NATIT_B_ABUNTI17,T,Y_UN17,ITL,EXTEU27,MBAB_FBIT,ALL,2023,9,,,,,,,,,,,,,,
IT1:DF_DCSS_MIGR_BACKG_PAR_TV_5_COM(1.0),A,ITC49,NATIT_B_ABUNTI17,T,Y_UN17,ITL,EXTEU27,MBIT_FBAB,ALL,2023,1,,,,,,,,,,,,,,
IT1:DF_DCSS_MIGR_BACKG_PAR_TV_5_COM(1.0),A,ITC49,NATIT_B_ABUNTI17,T,Y_UN17,ITL,TOTAL,ALL,ALL,2023,288,,,,,,,,,,,,,,
IT1:DF_DCSS_MIGR_BACKG_PAR_TV_5_COM(1.0),A,ITC49,NATIT_B_ABUNTI17,T,Y_UN17,ITL,TOTAL,BPBAB,ALL,2023,251,,,,,,,,,,,,,,
IT1:DF_DCSS_MIGR_BACKG_PAR_TV_5_COM(1.0),A,ITC49,NATIT_B_ABUNTI17,T,Y_UN17,ITL,TOTAL,BPBIT,ALL,2023,27,,,,,,,,,,,,,,
IT1:DF_DCSS_MIGR_BACKG_PAR_TV_5_COM(1.0),A,ITC49,NATIT_B_ABUNTI17,T,Y_UN17,ITL,TOTAL,MBAB_FBIT,ALL,2023,9,,,,,,,,,,,,,,
IT1:DF_DCSS_MIGR_BACKG_PAR_TV_5_COM(1.0),A,ITC49,NATIT_B_ABUNTI17,T,Y_UN17,ITL,TOTAL,MBIT_FBAB,ALL,2023,1,,,,,,,,,,,,,,
IT1:DF_DCSS_MIGR_BACKG_PAR_TV_5_COM(1.0),A,ITC4A,NATIT_B_ABUNTI17,T,Y_UN17,ITL,EU27,ALL,ALL,2023,20,,,,,,,,,,,,,,
IT1:DF_DCSS_MIGR_BACKG_PAR_TV_5_COM(1.0),A,ITC4A,NATIT_B_ABUNTI17,T,Y_UN17,ITL,EU27,BPBAB,ALL,2023,15,,,,,,,,,,,,,,
IT1:DF_DCSS_MIGR_BACKG_PAR_TV_5_COM(1.0),A,ITC4A,NATIT_B_ABUNTI17,T,Y_UN17,ITL,EU27,BPBIT,ALL,2023,5,,,,,,,,,,,,,,
IT1:DF_DCSS_MIGR_BACKG_PAR_TV_5_COM(1.0),A,ITC4A,NATIT_B_ABUNTI17,T,Y_UN17,ITL,EXTEU27,ALL,ALL,2023,381,,,,,,,,,,,,,,
IT1:DF_DCSS_MIGR_BACKG_PAR_TV_5_COM(1.0),A,ITC4A,NATIT_B_ABUNTI17,T,Y_UN17,ITL,EXTEU27,BPBAB,ALL,2023,317,,,,,,,,,,,,,,
IT1:DF_DCSS_MIGR_BACKG_PAR_TV_5_COM(1.0),A,ITC4A,NATIT_B_ABUNTI17,T,Y_UN17,ITL,EXTEU27,BPBIT,ALL,2023,50,,,,,,,,,,,,,,
IT1:DF_DCSS_MIGR_BACKG_PAR_TV_5_COM(1.0),A,ITC4A,NATIT_B_ABUNTI17,T,Y_UN17,ITL,EXTEU27,MBAB_FBIT,ALL,2023,9,,,,,,,,,,,,,,
IT1:DF_DCSS_MIGR_BACKG_PAR_TV_5_COM(1.0),A,ITC4A,NATIT_B_ABUNTI17,T,Y_UN17,ITL,EXTEU27,MBIT_FBAB,ALL,2023,5,,,,,,,,,,,,,,
IT1:DF_DCSS_MIGR_BACKG_PAR_TV_5_COM(1.0),A,ITC4A,NATIT_B_ABUNTI17,T,Y_UN17,ITL,TOTAL,ALL,ALL,2023,401,,,,,,,,,,,,,,
IT1:DF_DCSS_MIGR_BACKG_PAR_TV_5_COM(1.0),A,ITC4A,NATIT_B_ABUNTI17,T,Y_UN17,ITL,TOTAL,BPBAB,ALL,2023,332,,,,,,,,,,,,,,
IT1:DF_DCSS_MIGR_BACKG_PAR_TV_5_COM(1.0),A,ITC4A,NATIT_B_ABUNTI17,T,Y_UN17,ITL,TOTAL,BPBIT,ALL,2023,55,,,,,,,,,,,,,,
IT1:DF_DCSS_MIGR_BACKG_PAR_TV_5_COM(1.0),A,ITC4A,NATIT_B_ABUNTI17,T,Y_UN17,ITL,TOTAL,MBAB_FBIT,ALL,2023,9,,,,,,,,,,,,,,
IT1:DF_DCSS_MIGR_BACKG_PAR_TV_5_COM(1.0),A,ITC4A,NATIT_B_ABUNTI17,T,Y_UN17,ITL,TOTAL,MBIT_FBAB,ALL,2023,5,,,,,,,,,,,,,,
IT1:DF_DCSS_MIGR_BACKG_PAR_TV_5_COM(1.0),A,ITC4B,NATIT_B_ABUNTI17,T,Y_UN17,ITL,EU27,ALL,ALL,2023,21,,,,,,,,,,,,,,
IT1:DF_DCSS_MIGR_BACKG_PAR_TV_5_COM(1.0),A,ITC4B,NATIT_B_ABUNTI17,T,Y_UN17,ITL,EU27,BPBAB,ALL,2023,13,,,,,,,,,,,,,,
IT1:DF_DCSS_MIGR_BACKG_PAR_TV_5_COM(1.0),A,ITC4B,NATIT_B_ABUNTI17,T,Y_UN17,ITL,EU27,BPBIT,ALL,2023,5,,,,,,,,,,,,,,
IT1:DF_DCSS_MIGR_BACKG_PAR_TV_5_COM(1.0),A,ITC4B,NATIT_B_ABUNTI17,T,Y_UN17,ITL,EU27,MBAB_FBIT,ALL,2023,2,,,,,,,,,,,,,,
IT1:DF_DCSS_MIGR_BACKG_PAR_TV_5_COM(1.0),A,ITC4B,NATIT_B_ABUNTI17,T,Y_UN17,ITL,EU27,MBIT_FBAB,ALL,2023,1,,,,,,,,,,,,,,
IT1:DF_DCSS_MIGR_BACKG_PAR_TV_5_COM(1.0),A,ITC4B,NATIT_B_ABUNTI17,T,Y_UN17,ITL,EXTEU27,ALL,ALL,2023,680,,,,,,,,,,,,,,
IT1:DF_DCSS_MIGR_BACKG_PAR_TV_5_COM(1.0),A,ITC4B,NATIT_B_ABUNTI17,T,Y_UN17,ITL,EXTEU27,BPBAB,ALL,2023,545,,,,,,,,,,,,,,
IT1:DF_DCSS_MIGR_BACKG_PAR_TV_5_COM(1.0),A,ITC4B,NATIT_B_ABUNTI17,T,Y_UN17,ITL,EXTEU27,BPBIT,ALL,2023,104,,,,,,,,,,,,,,
IT1:DF_DCSS_MIGR_BACKG_PAR_TV_5_COM(1.0),A,ITC4B,NATIT_B_ABUNTI17,T,Y_UN17,ITL,EXTEU27,MBAB_FBIT,ALL,2023,19,,,,,,,,,,,,,,
IT1:DF_DCSS_MIGR_BACKG_PAR_TV_5_COM(1.0),A,ITC4B,NATIT_B_ABUNTI17,T,Y_UN17,ITL,EXTEU27,MBIT_FBAB,ALL,2023,12,,,,,,,,,,,,,,
IT1:DF_DCSS_MIGR_BACKG_PAR_TV_5_COM(1.0),A,ITC4B,NATIT_B_ABUNTI17,T,Y_UN17,ITL,TOTAL,ALL,ALL,2023,701,,,,,,,,,,,,,,
IT1:DF_DCSS_MIGR_BACKG_PAR_TV_5_COM(1.0),A,ITC4B,NATIT_B_ABUNTI17,T,Y_UN17,ITL,TOTAL,BPBAB,ALL,2023,558,,,,,,,,,,,,,,
IT1:DF_DCSS_MIGR_BACKG_PAR_TV_5_COM(1.0),A,ITC4B,NATIT_B_ABUNTI17,T,Y_UN17,ITL,TOTAL,BPBIT,ALL,2023,109,,,,,,,,,,,,,,
IT1:DF_DCSS_MIGR_BACKG_PAR_TV_5_COM(1.0),A,ITC4B,NATIT_B_ABUNTI17,T,Y_UN17,ITL,TOTAL,MBAB_FBIT,ALL,2023,21,,,,,,,,,,,,,,
IT1:DF_DCSS_MIGR_BACKG_PAR_TV_5_COM(1.0),A,ITC4B,NATIT_B_ABUNTI17,T,Y_UN17,ITL,TOTAL,MBIT_FBAB,ALL,2023,13,,,,,,,,,,,,,,
IT1:DF_DCSS_MIGR_BACKG_PAR_TV_5_COM(1.0),A,ITD10,NATIT_B_ABUNTI17,T,Y_UN17,ITL,EU27,ALL,ALL,2023,64,,,,,,,,,,,,,,
IT1:DF_DCSS_MIGR_BACKG_PAR_TV_5_COM(1.0),A,ITD10,NATIT_B_ABUNTI17,T,Y_UN17,ITL,EU27,BPBAB,ALL,2023,34,,,,,,,,,,,,,,
IT1:DF_DCSS_MIGR_BACKG_PAR_TV_5_COM(1.0),A,ITD10,NATIT_B_ABUNTI17,T,Y_UN17,ITL,EU27,BPBIT,ALL,2023,1,,,,,,,,,,,,,,
IT1:DF_DCSS_MIGR_BACKG_PAR_TV_5_COM(1.0),A,ITD10,NATIT_B_ABUNTI17,T,Y_UN17,ITL,EU27,MBAB_FBIT,ALL,2023,23,,,,,,,,,,,,,,
IT1:DF_DCSS_MIGR_BACKG_PAR_TV_5_COM(1.0),A,ITD10,NATIT_B_ABUNTI17,T,Y_UN17,ITL,EU27,MBIT_FBAB,ALL,2023,6,,,,,,,,,,,,,,
IT1:DF_DCSS_MIGR_BACKG_PAR_TV_5_COM(1.0),A,ITD10,NATIT_B_ABUNTI17,T,Y_UN17,ITL,EXTEU27,ALL,ALL,2023,617,,,,,,,,,,,,,,
IT1:DF_DCSS_MIGR_BACKG_PAR_TV_5_COM(1.0),A,ITD10,NATIT_B_ABUNTI17,T,Y_UN17,ITL,EXTEU27,BPBAB,ALL,2023,540,,,,,,,,,,,,,,
IT1:DF_DCSS_MIGR_BACKG_PAR_TV_5_COM(1.0),A,ITD10,NATIT_B_ABUNTI17,T,Y_UN17,ITL,EXTEU27,BPBIT,ALL,2023,42,,,,,,,,,,,,,,
IT1:DF_DCSS_MIGR_BACKG_PAR_TV_5_COM(1.0),A,ITD10,NATIT_B_ABUNTI17,T,Y_UN17,ITL,EXTEU27,MBAB_FBIT,ALL,2023,23,,,,,,,,,,,,,,
IT1:DF_DCSS_MIGR_BACKG_PAR_TV_5_COM(1.0),A,ITD10,NATIT_B_ABUNTI17,T,Y_UN17,ITL,EXTEU27,MBIT_FBAB,ALL,2023,12,,,,,,,,,,,,,,
IT1:DF_DCSS_MIGR_BACKG_PAR_TV_5_COM(1.0),A,ITD10,NATIT_B_ABUNTI17,T,Y_UN17,ITL,TOTAL,ALL,ALL,2023,681,,,,,,,,,,,,,,
IT1:DF_DCSS_MIGR_BACKG_PAR_TV_5_COM(1.0),A,ITD10,NATIT_B_ABUNTI17,T,Y_UN17,ITL,TOTAL,BPBAB,ALL,2023,574,,,,,,,,,,,,,,
IT1:DF_DCSS_MIGR_BACKG_PAR_TV_5_COM(1.0),A,ITD10,NATIT_B_ABUNTI17,T,Y_UN17,ITL,TOTAL,BPBIT,ALL,2023,43,,,,,,,,,,,,,,
IT1:DF_DCSS_MIGR_BACKG_PAR_TV_5_COM(1.0),A,ITD10,NATIT_B_ABUNTI17,T,Y_UN17,ITL,TOTAL,MBAB_FBIT,ALL,2023,46,,,,,,,,,,,,,,
IT1:DF_DCSS_MIGR_BACKG_PAR_TV_5_COM(1.0),A,ITD10,NATIT_B_ABUNTI17,T,Y_UN17,ITL,TOTAL,MBIT_FBAB,ALL,2023,18,,,,,,,,,,,,,,
IT1:DF_DCSS_MIGR_BACKG_PAR_TV_5_COM(1.0),A,ITD20,NATIT_B_ABUNTI17,T,Y_UN17,ITL,EU27,ALL,ALL,2023,59,,,,,,,,,,,,,,
IT1:DF_DCSS_MIGR_BACKG_PAR_TV_5_COM(1.0),A,ITD20,NATIT_B_ABUNTI17,T,Y_UN17,ITL,EU27,BPBAB,ALL,2023,31,,,,,,,,,,,,,,
IT1:DF_DCSS_MIGR_BACKG_PAR_TV_5_COM(1.0),A,ITD20,NATIT_B_ABUNTI17,T,Y_UN17,ITL,EU27,BPBIT,ALL,2023,11,,,,,,,,,,,,,,
IT1:DF_DCSS_MIGR_BACKG_PAR_TV_5_COM(1.0),A,ITD20,NATIT_B_ABUNTI17,T,Y_UN17,ITL,EU27,MBAB_FBIT,ALL,2023,10,,,,,,,,,,,,,,
IT1:DF_DCSS_MIGR_BACKG_PAR_TV_5_COM(1.0),A,ITD20,NATIT_B_ABUNTI17,T,Y_UN17,ITL,EU27,MBIT_FBAB,ALL,2023,7,,,,,,,,,,,,,,
IT1:DF_DCSS_MIGR_BACKG_PAR_TV_5_COM(1.0),A,ITD20,NATIT_B_ABUNTI17,T,Y_UN17,ITL,EXTEU27,ALL,ALL,2023,527,,,,,,,,,,,,,,
IT1:DF_DCSS_MIGR_BACKG_PAR_TV_5_COM(1.0),A,ITD20,NATIT_B_ABUNTI17,T,Y_UN17,ITL,EXTEU27,BPBAB,ALL,2023,408,,,,,,,,,,,,,,
IT1:DF_DCSS_MIGR_BACKG_PAR_TV_5_COM(1.0),A,ITD20,NATIT_B_ABUNTI17,T,Y_UN17,ITL,EXTEU27,BPBIT,ALL,2023,83,,,,,,,,,,,,,,
IT1:DF_DCSS_MIGR_BACKG_PAR_TV_5_COM(1.0),A,ITD20,NATIT_B_ABUNTI17,T,Y_UN17,ITL,EXTEU27,MBAB_FBIT,ALL,2023,30,,,,,,,,,,,,,,
IT1:DF_DCSS_MIGR_BACKG_PAR_TV_5_COM(1.0),A,ITD20,NATIT_B_ABUNTI17,T,Y_UN17,ITL,EXTEU27,MBIT_FBAB,ALL,2023,6,,,,,,,,,,,,,,
IT1:DF_DCSS_MIGR_BACKG_PAR_TV_5_COM(1.0),A,ITD20,NATIT_B_ABUNTI17,T,Y_UN17,ITL,TOTAL,ALL,ALL,2023,586,,,,,,,,,,,,,,
IT1:DF_DCSS_MIGR_BACKG_PAR_TV_5_COM(1.0),A,ITD20,NATIT_B_ABUNTI17,T,Y_UN17,ITL,TOTAL,BPBAB,ALL,2023,439,,,,,,,,,,,,,,
IT1:DF_DCSS_MIGR_BACKG_PAR_TV_5_COM(1.0),A,ITD20,NATIT_B_ABUNTI17,T,Y_UN17,ITL,TOTAL,BPBIT,ALL,2023,94,,,,,,,,,,,,,,
IT1:DF_DCSS_MIGR_BACKG_PAR_TV_5_COM(1.0),A,ITD20,NATIT_B_ABUNTI17,T,Y_UN17,ITL,TOTAL,MBAB_FBIT,ALL,2023,40,,,,,,,,,,,,,,
IT1:DF_DCSS_MIGR_BACKG_PAR_TV_5_COM(1.0),A,ITD20,NATIT_B_ABUNTI17,T,Y_UN17,ITL,TOTAL,MBIT_FBAB,ALL,2023,13,,,,,,,,,,,,,,
IT1:DF_DCSS_MIGR_BACKG_PAR_TV_5_COM(1.0),A,ITD31,NATIT_B_ABUNTI17,T,Y_UN17,ITL,EU27,ALL,ALL,2023,79,,,,,,,,,,,,,,
IT1:DF_DCSS_MIGR_BACKG_PAR_TV_5_COM(1.0),A,ITD31,NATIT_B_ABUNTI17,T,Y_UN17,ITL,EU27,BPBAB,ALL,2023,54,,,,,,,,,,,,,,
IT1:DF_DCSS_MIGR_BACKG_PAR_TV_5_COM(1.0),A,ITD31,NATIT_B_ABUNTI17,T,Y_UN17,ITL,EU27,BPBIT,ALL,2023,21,,,,,,,,,,,,,,
IT1:DF_DCSS_MIGR_BACKG_PAR_TV_5_COM(1.0),A,ITD31,NATIT_B_ABUNTI17,T,Y_UN17,ITL,EU27,MBAB_FBIT,ALL,2023,3,,,,,,,,,,,,,,
IT1:DF_DCSS_MIGR_BACKG_PAR_TV_5_COM(1.0),A,ITD31,NATIT_B_ABUNTI17,T,Y_UN17,ITL,EU27,MBIT_FBAB,ALL,2023,1,,,,,,,,,,,,,,
IT1:DF_DCSS_MIGR_BACKG_PAR_TV_5_COM(1.0),A,ITD31,NATIT_B_ABUNTI17,T,Y_UN17,ITL,EXTEU27,ALL,ALL,2023,872,,,,,,,,,,,,,,
IT1:DF_DCSS_MIGR_BACKG_PAR_TV_5_COM(1.0),A,ITD31,NATIT_B_ABUNTI17,T,Y_UN17,ITL,EXTEU27,BPBAB,ALL,2023,667,,,,,,,,,,,,,,
IT1:DF_DCSS_MIGR_BACKG_PAR_TV_5_COM(1.0),A,ITD31,NATIT_B_ABUNTI17,T,Y_UN17,ITL,EXTEU27,BPBIT,ALL,2023,138,,,,,,,,,,,,,,
IT1:DF_DCSS_MIGR_BACKG_PAR_TV_5_COM(1.0),A,ITD31,NATIT_B_ABUNTI17,T,Y_UN17,ITL,EXTEU27,MBAB_FBIT,ALL,2023,31,,,,,,,,,,,,,,
IT1:DF_DCSS_MIGR_BACKG_PAR_TV_5_COM(1.0),A,ITD31,NATIT_B_ABUNTI17,T,Y_UN17,ITL,EXTEU27,MBIT_FBAB,ALL,2023,36,,,,,,,,,,,,,,
IT1:DF_DCSS_MIGR_BACKG_PAR_TV_5_COM(1.0),A,ITD31,NATIT_B_ABUNTI17,T,Y_UN17,ITL,TOTAL,ALL,ALL,2023,951,,,,,,,,,,,,,,
IT1:DF_DCSS_MIGR_BACKG_PAR_TV_5_COM(1.0),A,ITD31,NATIT_B_ABUNTI17,T,Y_UN17,ITL,TOTAL,BPBAB,ALL,2023,721,,,,,,,,,,,,,,
IT1:DF_DCSS_MIGR_BACKG_PAR_TV_5_COM(1.0),A,ITD31,NATIT_B_ABUNTI17,T,Y_UN17,ITL,TOTAL,BPBIT,ALL,2023,159,,,,,,,,,,,,,,
IT1:DF_DCSS_MIGR_BACKG_PAR_TV_5_COM(1.0),A,ITD31,NATIT_B_ABUNTI17,T,Y_UN17,ITL,TOTAL,MBAB_FBIT,ALL,2023,34,,,,,,,,,,,,,,
IT1:DF_DCSS_MIGR_BACKG_PAR_TV_5_COM(1.0),A,ITD31,NATIT_B_ABUNTI17,T,Y_UN17,ITL,TOTAL,MBIT_FBAB,ALL,2023,37,,,,,,,,,,,,,,
IT1:DF_DCSS_MIGR_BACKG_PAR_TV_5_COM(1.0),A,ITD32,NATIT_B_ABUNTI17,T,Y_UN17,ITL,EU27,ALL,ALL,2023,44,,,,,,,,,,,,,,
IT1:DF_DCSS_MIGR_BACKG_PAR_TV_5_COM(1.0),A,ITD32,NATIT_B_ABUNTI17,T,Y_UN17,ITL,EU27,BPBAB,ALL,2023,24,,,,,,,,,,,,,,
IT1:DF_DCSS_MIGR_BACKG_PAR_TV_5_COM(1.0),A,ITD32,NATIT_B_ABUNTI17,T,Y_UN17,ITL,EU27,BPBIT,ALL,2023,8,,,,,,,,,,,,,,
IT1:DF_DCSS_MIGR_BACKG_PAR_TV_5_COM(1.0),A,ITD32,NATIT_B_ABUNTI17,T,Y_UN17,ITL,EU27,MBAB_FBIT,ALL,2023,7,,,,,,,,,,,,,,
IT1:DF_DCSS_MIGR_BACKG_PAR_TV_5_COM(1.0),A,ITD32,NATIT_B_ABUNTI17,T,Y_UN17,ITL,EU27,MBIT_FBAB,ALL,2023,5,,,,,,,,,,,,,,
IT1:DF_DCSS_MIGR_BACKG_PAR_TV_5_COM(1.0),A,ITD32,NATIT_B_ABUNTI17,T,Y_UN17,ITL,EXTEU27,ALL,ALL,2023,986,,,,,,,,,,,,,,
IT1:DF_DCSS_MIGR_BACKG_PAR_TV_5_COM(1.0),A,ITD32,NATIT_B_ABUNTI17,T,Y_UN17,ITL,EXTEU27,BPBAB,ALL,2023,802,,,,,,,,,,,,,,
IT1:DF_DCSS_MIGR_BACKG_PAR_TV_5_COM(1.0),A,ITD32,NATIT_B_ABUNTI17,T,Y_UN17,ITL,EXTEU27,BPBIT,ALL,2023,132,,,,,,,,,,,,,,
IT1:DF_DCSS_MIGR_BACKG_PAR_TV_5_COM(1.0),A,ITD32,NATIT_B_ABUNTI17,T,Y_UN17,ITL,EXTEU27,MBAB_FBIT,ALL,2023,33,,,,,,,,,,,,,,
IT1:DF_DCSS_MIGR_BACKG_PAR_TV_5_COM(1.0),A,ITD32,NATIT_B_ABUNTI17,T,Y_UN17,ITL,EXTEU27,MBIT_FBAB,ALL,2023,19,,,,,,,,,,,,,,
IT1:DF_DCSS_MIGR_BACKG_PAR_TV_5_COM(1.0),A,ITD32,NATIT_B_ABUNTI17,T,Y_UN17,ITL,TOTAL,ALL,ALL,2023,1030,,,,,,,,,,,,,,
IT1:DF_DCSS_MIGR_BACKG_PAR_TV_5_COM(1.0),A,ITD32,NATIT_B_ABUNTI17,T,Y_UN17,ITL,TOTAL,BPBAB,ALL,2023,826,,,,,,,,,,,,,,
IT1:DF_DCSS_MIGR_BACKG_PAR_TV_5_COM(1.0),A,ITD32,NATIT_B_ABUNTI17,T,Y_UN17,ITL,TOTAL,BPBIT,ALL,2023,140,,,,,,,,,,,,,,
IT1:DF_DCSS_MIGR_BACKG_PAR_TV_5_COM(1.0),A,ITD32,NATIT_B_ABUNTI17,T,Y_UN17,ITL,TOTAL,MBAB_FBIT,ALL,2023,40,,,,,,,,,,,,,,
IT1:DF_DCSS_MIGR_BACKG_PAR_TV_5_COM(1.0),A,ITD32,NATIT_B_ABUNTI17,T,Y_UN17,ITL,TOTAL,MBIT_FBAB,ALL,2023,24,,,,,,,,,,,,,,
IT1:DF_DCSS_MIGR_BACKG_PAR_TV_5_COM(1.0),A,ITD33,NATIT_B_ABUNTI17,T,Y_UN17,ITL,EU27,ALL,ALL,2023,18,,,,,,,,,,,,,,
IT1:DF_DCSS_MIGR_BACKG_PAR_TV_5_COM(1.0),A,ITD33,NATIT_B_ABUNTI17,T,Y_UN17,ITL,EU27,BPBAB,ALL,2023,11,,,,,,,,,,,,,,
IT1:DF_DCSS_MIGR_BACKG_PAR_TV_5_COM(1.0),A,ITD33,NATIT_B_ABUNTI17,T,Y_UN17,ITL,EU27,BPBIT,ALL,2023,3,,,,,,,,,,,,,,
IT1:DF_DCSS_MIGR_BACKG_PAR_TV_5_COM(1.0),A,ITD33,NATIT_B_ABUNTI17,T,Y_UN17,ITL,EU27,MBAB_FBIT,ALL,2023,2,,,,,,,,,,,,,,
IT1:DF_DCSS_MIGR_BACKG_PAR_TV_5_COM(1.0),A,ITD33,NATIT_B_ABUNTI17,T,Y_UN17,ITL,EU27,MBIT_FBAB,ALL,2023,2,,,,,,,,,,,,,,
IT1:DF_DCSS_MIGR_BACKG_PAR_TV_5_COM(1.0),A,ITD33,NATIT_B_ABUNTI17,T,Y_UN17,ITL,EXTEU27,ALL,ALL,2023,147,,,,,,,,,,,,,,
IT1:DF_DCSS_MIGR_BACKG_PAR_TV_5_COM(1.0),A,ITD33,NATIT_B_ABUNTI17,T,Y_UN17,ITL,EXTEU27,BPBAB,ALL,2023,107,,,,,,,,,,,,,,
IT1:DF_DCSS_MIGR_BACKG_PAR_TV_5_COM(1.0),A,ITD33,NATIT_B_ABUNTI17,T,Y_UN17,ITL,EXTEU27,BPBIT,ALL,2023,22,,,,,,,,,,,,,,
IT1:DF_DCSS_MIGR_BACKG_PAR_TV_5_COM(1.0),A,ITD33,NATIT_B_ABUNTI17,T,Y_UN17,ITL,EXTEU27,MBAB_FBIT,ALL,2023,10,,,,,,,,,,,,,,
IT1:DF_DCSS_MIGR_BACKG_PAR_TV_5_COM(1.0),A,ITD33,NATIT_B_ABUNTI17,T,Y_UN17,ITL,EXTEU27,MBIT_FBAB,ALL,2023,8,,,,,,,,,,,,,,
IT1:DF_DCSS_MIGR_BACKG_PAR_TV_5_COM(1.0),A,ITD33,NATIT_B_ABUNTI17,T,Y_UN17,ITL,TOTAL,ALL,ALL,2023,165,,,,,,,,,,,,,,
IT1:DF_DCSS_MIGR_BACKG_PAR_TV_5_COM(1.0),A,ITD33,NATIT_B_ABUNTI17,T,Y_UN17,ITL,TOTAL,BPBAB,ALL,2023,118,,,,,,,,,,,,,,
IT1:DF_DCSS_MIGR_BACKG_PAR_TV_5_COM(1.0),A,ITD33,NATIT_B_ABUNTI17,T,Y_UN17,ITL,TOTAL,BPBIT,ALL,2023,25,,,,,,,,,,,,,,
IT1:DF_DCSS_MIGR_BACKG_PAR_TV_5_COM(1.0),A,ITD33,NATIT_B_ABUNTI17,T,Y_UN17,ITL,TOTAL,MBAB_FBIT,ALL,2023,12,,,,,,,,,,,,,,
IT1:DF_DCSS_MIGR_BACKG_PAR_TV_5_COM(1.0),A,ITD33,NATIT_B_ABUNTI17,T,Y_UN17,ITL,TOTAL,MBIT_FBAB,ALL,2023,10,,,,,,,,,,,,,,
IT1:DF_DCSS_MIGR_BACKG_PAR_TV_5_COM(1.0),A,ITD34,NATIT_B_ABUNTI17,T,Y_UN17,ITL,EU27,ALL,ALL,2023,51,,,,,,,,,,,,,,
IT1:DF_DCSS_MIGR_BACKG_PAR_TV_5_COM(1.0),A,ITD34,NATIT_B_ABUNTI17,T,Y_UN17,ITL,EU27,BPBAB,ALL,2023,29,,,,,,,,,,,,,,
IT1:DF_DCSS_MIGR_BACKG_PAR_TV_5_COM(1.0),A,ITD34,NATIT_B_ABUNTI17,T,Y_UN17,ITL,EU27,BPBIT,ALL,2023,6,,,,,,,,,,,,,,
IT1:DF_DCSS_MIGR_BACKG_PAR_TV_5_COM(1.0),A,ITD34,NATIT_B_ABUNTI17,T,Y_UN17,ITL,EU27,MBAB_FBIT,ALL,2023,11,,,,,,,,,,,,,,
IT1:DF_DCSS_MIGR_BACKG_PAR_TV_5_COM(1.0),A,ITD34,NATIT_B_ABUNTI17,T,Y_UN17,ITL,EU27,MBIT_FBAB,ALL,2023,5,,,,,,,,,,,,,,
IT1:DF_DCSS_MIGR_BACKG_PAR_TV_5_COM(1.0),A,ITD34,NATIT_B_ABUNTI17,T,Y_UN17,ITL,EXTEU27,ALL,ALL,2023,1142,,,,,,,,,,,,,,
IT1:DF_DCSS_MIGR_BACKG_PAR_TV_5_COM(1.0),A,ITD34,NATIT_B_ABUNTI17,T,Y_UN17,ITL,EXTEU27,BPBAB,ALL,2023,921,,,,,,,,,,,,,,
IT1:DF_DCSS_MIGR_BACKG_PAR_TV_5_COM(1.0),A,ITD34,NATIT_B_ABUNTI17,T,Y_UN17,ITL,EXTEU27,BPBIT,ALL,2023,156,,,,,,,,,,,,,,
IT1:DF_DCSS_MIGR_BACKG_PAR_TV_5_COM(1.0),A,ITD34,NATIT_B_ABUNTI17,T,Y_UN17,ITL,EXTEU27,MBAB_FBIT,ALL,2023,34,,,,,,,,,,,,,,
IT1:DF_DCSS_MIGR_BACKG_PAR_TV_5_COM(1.0),A,ITD34,NATIT_B_ABUNTI17,T,Y_UN17,ITL,EXTEU27,MBIT_FBAB,ALL,2023,31,,,,,,,,,,,,,,
IT1:DF_DCSS_MIGR_BACKG_PAR_TV_5_COM(1.0),A,ITD34,NATIT_B_ABUNTI17,T,Y_UN17,ITL,TOTAL,ALL,ALL,2023,1193,,,,,,,,,,,,,,
IT1:DF_DCSS_MIGR_BACKG_PAR_TV_5_COM(1.0),A,ITD34,NATIT_B_ABUNTI17,T,Y_UN17,ITL,TOTAL,BPBAB,ALL,2023,950,,,,,,,,,,,,,,
IT1:DF_DCSS_MIGR_BACKG_PAR_TV_5_COM(1.0),A,ITD34,NATIT_B_ABUNTI17,T,Y_UN17,ITL,TOTAL,BPBIT,ALL,2023,162,,,,,,,,,,,,,,
IT1:DF_DCSS_MIGR_BACKG_PAR_TV_5_COM(1.0),A,ITD34,NATIT_B_ABUNTI17,T,Y_UN17,ITL,TOTAL,MBAB_FBIT,ALL,2023,45,,,,,,,,,,,,,,
IT1:DF_DCSS_MIGR_BACKG_PAR_TV_5_COM(1.0),A,ITD34,NATIT_B_ABUNTI17,T,Y_UN17,ITL,TOTAL,MBIT_FBAB,ALL,2023,36,,,,,,,,,,,,,,
IT1:DF_DCSS_MIGR_BACKG_PAR_TV_5_COM(1.0),A,ITD35,NATIT_B_ABUNTI17,T,Y_UN17,ITL,EU27,ALL,ALL,2023,44,,,ITD35_N1,,,,,,,,,,,
IT1:DF_DCSS_MIGR_BACKG_PAR_TV_5_COM(1.0),A,ITD35,NATIT_B_ABUNTI17,T,Y_UN17,ITL,EU27,BPBAB,ALL,2023,27,,,ITD35_N1,,,,,,,,,,,
IT1:DF_DCSS_MIGR_BACKG_PAR_TV_5_COM(1.0),A,ITD35,NATIT_B_ABUNTI17,T,Y_UN17,ITL,EU27,BPBIT,ALL,2023,4,,,ITD35_N1,,,,,,,,,,,
IT1:DF_DCSS_MIGR_BACKG_PAR_TV_5_COM(1.0),A,ITD35,NATIT_B_ABUNTI17,T,Y_UN17,ITL,EU27,MBAB_FBIT,ALL,2023,10,,,ITD35_N1,,,,,,,,,,,
IT1:DF_DCSS_MIGR_BACKG_PAR_TV_5_COM(1.0),A,ITD35,NATIT_B_ABUNTI17,T,Y_UN17,ITL,EU27,MBIT_FBAB,ALL,2023,3,,,ITD35_N1,,,,,,,,,,,
IT1:DF_DCSS_MIGR_BACKG_PAR_TV_5_COM(1.0),A,ITD35,NATIT_B_ABUNTI17,T,Y_UN17,ITL,EXTEU27,ALL,ALL,2023,765,,,ITD35_N1,,,,,,,,,,,
IT1:DF_DCSS_MIGR_BACKG_PAR_TV_5_COM(1.0),A,ITD35,NATIT_B_ABUNTI17,T,Y_UN17,ITL,EXTEU27,BPBAB,ALL,2023,557,,,ITD35_N1,,,,,,,,,,,
IT1:DF_DCSS_MIGR_BACKG_PAR_TV_5_COM(1.0),A,ITD35,NATIT_B_ABUNTI17,T,Y_UN17,ITL,EXTEU27,BPBIT,ALL,2023,160,,,ITD35_N1,,,,,,,,,,,
IT1:DF_DCSS_MIGR_BACKG_PAR_TV_5_COM(1.0),A,ITD35,NATIT_B_ABUNTI17,T,Y_UN17,ITL,EXTEU27,MBAB_FBIT,ALL,2023,29,,,ITD35_N1,,,,,,,,,,,
IT1:DF_DCSS_MIGR_BACKG_PAR_TV_5_COM(1.0),A,ITD35,NATIT_B_ABUNTI17,T,Y_UN17,ITL,EXTEU27,MBIT_FBAB,ALL,2023,19,,,ITD35_N1,,,,,,,,,,,
IT1:DF_DCSS_MIGR_BACKG_PAR_TV_5_COM(1.0),A,ITD35,NATIT_B_ABUNTI17,T,Y_UN17,ITL,TOTAL,ALL,ALL,2023,809,,,ITD35_N1,,,,,,,,,,,
IT1:DF_DCSS_MIGR_BACKG_PAR_TV_5_COM(1.0),A,ITD35,NATIT_B_ABUNTI17,T,Y_UN17,ITL,TOTAL,BPBAB,ALL,2023,584,,,ITD35_N1,,,,,,,,,,,
IT1:DF_DCSS_MIGR_BACKG_PAR_TV_5_COM(1.0),A,ITD35,NATIT_B_ABUNTI17,T,Y_UN17,ITL,TOTAL,BPBIT,ALL,2023,164,,,ITD35_N1,,,,,,,,,,,
IT1:DF_DCSS_MIGR_BACKG_PAR_TV_5_COM(1.0),A,ITD35,NATIT_B_ABUNTI17,T,Y_UN17,ITL,TOTAL,MBAB_FBIT,ALL,2023,39,,,ITD35_N1,,,,,,,,,,,
IT1:DF_DCSS_MIGR_BACKG_PAR_TV_5_COM(1.0),A,ITD35,NATIT_B_ABUNTI17,T,Y_UN17,ITL,TOTAL,MBIT_FBAB,ALL,2023,22,,,ITD35_N1,,,,,,,,,,,
IT1:DF_DCSS_MIGR_BACKG_PAR_TV_5_COM(1.0),A,ITD36,NATIT_B_ABUNTI17,T,Y_UN17,ITL,EU27,ALL,ALL,2023,54,,,,,,,,,,,,,,
IT1:DF_DCSS_MIGR_BACKG_PAR_TV_5_COM(1.0),A,ITD36,NATIT_B_ABUNTI17,T,Y_UN17,ITL,EU27,BPBAB,ALL,2023,39,,,,,,,,,,,,,,
IT1:DF_DCSS_MIGR_BACKG_PAR_TV_5_COM(1.0),A,ITD36,NATIT_B_ABUNTI17,T,Y_UN17,ITL,EU27,BPBIT,ALL,2023,8,,,,,,,,,,,,,,
IT1:DF_DCSS_MIGR_BACKG_PAR_TV_5_COM(1.0),A,ITD36,NATIT_B_ABUNTI17,T,Y_UN17,ITL,EU27,MBAB_FBIT,ALL,2023,7,,,,,,,,,,,,,,
IT1:DF_DCSS_MIGR_BACKG_PAR_TV_5_COM(1.0),A,ITD36,NATIT_B_ABUNTI17,T,Y_UN17,ITL,EXTEU27,ALL,ALL,2023,648,,,,,,,,,,,,,,
IT1:DF_DCSS_MIGR_BACKG_PAR_TV_5_COM(1.0),A,ITD36,NATIT_B_ABUNTI17,T,Y_UN17,ITL,EXTEU27,BPBAB,ALL,2023,486,,,,,,,,,,,,,,
IT1:DF_DCSS_MIGR_BACKG_PAR_TV_5_COM(1.0),A,ITD36,NATIT_B_ABUNTI17,T,Y_UN17,ITL,EXTEU27,BPBIT,ALL,2023,114,,,,,,,,,,,,,,
IT1:DF_DCSS_MIGR_BACKG_PAR_TV_5_COM(1.0),A,ITD36,NATIT_B_ABUNTI17,T,Y_UN17,ITL,EXTEU27,MBAB_FBIT,ALL,2023,34,,,,,,,,,,,,,,
IT1:DF_DCSS_MIGR_BACKG_PAR_TV_5_COM(1.0),A,ITD36,NATIT_B_ABUNTI17,T,Y_UN17,ITL,EXTEU27,MBIT_FBAB,ALL,2023,14,,,,,,,,,,,,,,
IT1:DF_DCSS_MIGR_BACKG_PAR_TV_5_COM(1.0),A,ITD36,NATIT_B_ABUNTI17,T,Y_UN17,ITL,TOTAL,ALL,ALL,2023,702,,,,,,,,,,,,,,
IT1:DF_DCSS_MIGR_BACKG_PAR_TV_5_COM(1.0),A,ITD36,NATIT_B_ABUNTI17,T,Y_UN17,ITL,TOTAL,BPBAB,ALL,2023,525,,,,,,,,,,,,,,
IT1:DF_DCSS_MIGR_BACKG_PAR_TV_5_COM(1.0),A,ITD36,NATIT_B_ABUNTI17,T,Y_UN17,ITL,TOTAL,BPBIT,ALL,2023,122,,,,,,,,,,,,,,
IT1:DF_DCSS_MIGR_BACKG_PAR_TV_5_COM(1.0),A,ITD36,NATIT_B_ABUNTI17,T,Y_UN17,ITL,TOTAL,MBAB_FBIT,ALL,2023,41,,,,,,,,,,,,,,
IT1:DF_DCSS_MIGR_BACKG_PAR_TV_5_COM(1.0),A,ITD36,NATIT_B_ABUNTI17,T,Y_UN17,ITL,TOTAL,MBIT_FBAB,ALL,2023,14,,,,,,,,,,,,,,
IT1:DF_DCSS_MIGR_BACKG_PAR_TV_5_COM(1.0),A,ITD37,NATIT_B_ABUNTI17,T,Y_UN17,ITL,EU27,ALL,ALL,2023,8,,,,,,,,,,,,,,
IT1:DF_DCSS_MIGR_BACKG_PAR_TV_5_COM(1.0),A,ITD37,NATIT_B_ABUNTI17,T,Y_UN17,ITL,EU27,BPBAB,ALL,2023,6,,,,,,,,,,,,,,
IT1:DF_DCSS_MIGR_BACKG_PAR_TV_5_COM(1.0),A,ITD37,NATIT_B_ABUNTI17,T,Y_UN17,ITL,EU27,BPBIT,ALL,2023,2,,,,,,,,,,,,,,
IT1:DF_DCSS_MIGR_BACKG_PAR_TV_5_COM(1.0),A,ITD37,NATIT_B_ABUNTI17,T,Y_UN17,ITL,EXTEU27,ALL,ALL,2023,188,,,,,,,,,,,,,,
IT1:DF_DCSS_MIGR_BACKG_PAR_TV_5_COM(1.0),A,ITD37,NATIT_B_ABUNTI17,T,Y_UN17,ITL,EXTEU27,BPBAB,ALL,2023,142,,,,,,,,,,,,,,
IT1:DF_DCSS_MIGR_BACKG_PAR_TV_5_COM(1.0),A,ITD37,NATIT_B_ABUNTI17,T,Y_UN17,ITL,EXTEU27,BPBIT,ALL,2023,37,,,,,,,,,,,,,,
IT1:DF_DCSS_MIGR_BACKG_PAR_TV_5_COM(1.0),A,ITD37,NATIT_B_ABUNTI17,T,Y_UN17,ITL,EXTEU27,MBAB_FBIT,ALL,2023,6,,,,,,,,,,,,,,
IT1:DF_DCSS_MIGR_BACKG_PAR_TV_5_COM(1.0),A,ITD37,NATIT_B_ABUNTI17,T,Y_UN17,ITL,EXTEU27,MBIT_FBAB,ALL,2023,3,,,,,,,,,,,,,,
IT1:DF_DCSS_MIGR_BACKG_PAR_TV_5_COM(1.0),A,ITD37,NATIT_B_ABUNTI17,T,Y_UN17,ITL,TOTAL,ALL,ALL,2023,196,,,,,,,,,,,,,,
IT1:DF_DCSS_MIGR_BACKG_PAR_TV_5_COM(1.0),A,ITD37,NATIT_B_ABUNTI17,T,Y_UN17,ITL,TOTAL,BPBAB,ALL,2023,148,,,,,,,,,,,,,,
IT1:DF_DCSS_MIGR_BACKG_PAR_TV_5_COM(1.0),A,ITD37,NATIT_B_ABUNTI17,T,Y_UN17,ITL,TOTAL,BPBIT,ALL,2023,39,,,,,,,,,,,,,,
IT1:DF_DCSS_MIGR_BACKG_PAR_TV_5_COM(1.0),A,ITD37,NATIT_B_ABUNTI17,T,Y_UN17,ITL,TOTAL,MBAB_FBIT,ALL,2023,6,,,,,,,,,,,,,,
IT1:DF_DCSS_MIGR_BACKG_PAR_TV_5_COM(1.0),A,ITD37,NATIT_B_ABUNTI17,T,Y_UN17,ITL,TOTAL,MBIT_FBAB,ALL,2023,3,,,,,,,,,,,,,,
IT1:DF_DCSS_MIGR_BACKG_PAR_TV_5_COM(1.0),A,ITD41,NATIT_B_ABUNTI17,T,Y_UN17,ITL,EU27,ALL,ALL,2023,19,,,,,,,,,,,,,,
IT1:DF_DCSS_MIGR_BACKG_PAR_TV_5_COM(1.0),A,ITD41,NATIT_B_ABUNTI17,T,Y_UN17,ITL,EU27,BPBAB,ALL,2023,14,,,,,,,,,,,,,,
IT1:DF_DCSS_MIGR_BACKG_PAR_TV_5_COM(1.0),A,ITD41,NATIT_B_ABUNTI17,T,Y_UN17,ITL,EU27,MBAB_FBIT,ALL,2023,3,,,,,,,,,,,,,,
IT1:DF_DCSS_MIGR_BACKG_PAR_TV_5_COM(1.0),A,ITD41,NATIT_B_ABUNTI17,T,Y_UN17,ITL,EU27,MBIT_FBAB,ALL,2023,2,,,,,,,,,,,,,,
IT1:DF_DCSS_MIGR_BACKG_PAR_TV_5_COM(1.0),A,ITD41,NATIT_B_ABUNTI17,T,Y_UN17,ITL,EXTEU27,ALL,ALL,2023,296,,,,,,,,,,,,,,
IT1:DF_DCSS_MIGR_BACKG_PAR_TV_5_COM(1.0),A,ITD41,NATIT_B_ABUNTI17,T,Y_UN17,ITL,EXTEU27,BPBAB,ALL,2023,230,,,,,,,,,,,,,,
IT1:DF_DCSS_MIGR_BACKG_PAR_TV_5_COM(1.0),A,ITD41,NATIT_B_ABUNTI17,T,Y_UN17,ITL,EXTEU27,BPBIT,ALL,2023,35,,,,,,,,,,,,,,
IT1:DF_DCSS_MIGR_BACKG_PAR_TV_5_COM(1.0),A,ITD41,NATIT_B_ABUNTI17,T,Y_UN17,ITL,EXTEU27,MBAB_FBIT,ALL,2023,14,,,,,,,,,,,,,,
IT1:DF_DCSS_MIGR_BACKG_PAR_TV_5_COM(1.0),A,ITD41,NATIT_B_ABUNTI17,T,Y_UN17,ITL,EXTEU27,MBIT_FBAB,ALL,2023,17,,,,,,,,,,,,,,
IT1:DF_DCSS_MIGR_BACKG_PAR_TV_5_COM(1.0),A,ITD41,NATIT_B_ABUNTI17,T,Y_UN17,ITL,TOTAL,ALL,ALL,2023,315,,,,,,,,,,,,,,
IT1:DF_DCSS_MIGR_BACKG_PAR_TV_5_COM(1.0),A,ITD41,NATIT_B_ABUNTI17,T,Y_UN17,ITL,TOTAL,BPBAB,ALL,2023,244,,,,,,,,,,,,,,
IT1:DF_DCSS_MIGR_BACKG_PAR_TV_5_COM(1.0),A,ITD41,NATIT_B_ABUNTI17,T,Y_UN17,ITL,TOTAL,BPBIT,ALL,2023,35,,,,,,,,,,,,,,
IT1:DF_DCSS_MIGR_BACKG_PAR_TV_5_COM(1.0),A,ITD41,NATIT_B_ABUNTI17,T,Y_UN17,ITL,TOTAL,MBAB_FBIT,ALL,2023,17,,,,,,,,,,,,,,
IT1:DF_DCSS_MIGR_BACKG_PAR_TV_5_COM(1.0),A,ITD41,NATIT_B_ABUNTI17,T,Y_UN17,ITL,TOTAL,MBIT_FBAB,ALL,2023,19,,,,,,,,,,,,,,
IT1:DF_DCSS_MIGR_BACKG_PAR_TV_5_COM(1.0),A,ITD42,NATIT_B_ABUNTI17,T,Y_UN17,ITL,EU27,ALL,ALL,2023,38,,,,,,,,,,,,,,
IT1:DF_DCSS_MIGR_BACKG_PAR_TV_5_COM(1.0),A,ITD42,NATIT_B_ABUNTI17,T,Y_UN17,ITL,EU27,BPBAB,ALL,2023,19,,,,,,,,,,,,,,
IT1:DF_DCSS_MIGR_BACKG_PAR_TV_5_COM(1.0),A,ITD42,NATIT_B_ABUNTI17,T,Y_UN17,ITL,EU27,BPBIT,ALL,2023,5,,,,,,,,,,,,,,
IT1:DF_DCSS_MIGR_BACKG_PAR_TV_5_COM(1.0),A,ITD42,NATIT_B_ABUNTI17,T,Y_UN17,ITL,EU27,MBAB_FBIT,ALL,2023,9,,,,,,,,,,,,,,
IT1:DF_DCSS_MIGR_BACKG_PAR_TV_5_COM(1.0),A,ITD42,NATIT_B_ABUNTI17,T,Y_UN17,ITL,EU27,MBIT_FBAB,ALL,2023,5,,,,,,,,,,,,,,
IT1:DF_DCSS_MIGR_BACKG_PAR_TV_5_COM(1.0),A,ITD42,NATIT_B_ABUNTI17,T,Y_UN17,ITL,EXTEU27,ALL,ALL,2023,273,,,,,,,,,,,,,,
IT1:DF_DCSS_MIGR_BACKG_PAR_TV_5_COM(1.0),A,ITD42,NATIT_B_ABUNTI17,T,Y_UN17,ITL,EXTEU27,BPBAB,ALL,2023,176,,,,,,,,,,,,,,
IT1:DF_DCSS_MIGR_BACKG_PAR_TV_5_COM(1.0),A,ITD42,NATIT_B_ABUNTI17,T,Y_UN17,ITL,EXTEU27,BPBIT,ALL,2023,63,,,,,,,,,,,,,,
IT1:DF_DCSS_MIGR_BACKG_PAR_TV_5_COM(1.0),A,ITD42,NATIT_B_ABUNTI17,T,Y_UN17,ITL,EXTEU27,MBAB_FBIT,ALL,2023,20,,,,,,,,,,,,,,
IT1:DF_DCSS_MIGR_BACKG_PAR_TV_5_COM(1.0),A,ITD42,NATIT_B_ABUNTI17,T,Y_UN17,ITL,EXTEU27,MBIT_FBAB,ALL,2023,14,,,,,,,,,,,,,,
IT1:DF_DCSS_MIGR_BACKG_PAR_TV_5_COM(1.0),A,ITD42,NATIT_B_ABUNTI17,T,Y_UN17,ITL,TOTAL,ALL,ALL,2023,311,,,,,,,,,,,,,,
IT1:DF_DCSS_MIGR_BACKG_PAR_TV_5_COM(1.0),A,ITD42,NATIT_B_ABUNTI17,T,Y_UN17,ITL,TOTAL,BPBAB,ALL,2023,195,,,,,,,,,,,,,,
IT1:DF_DCSS_MIGR_BACKG_PAR_TV_5_COM(1.0),A,ITD42,NATIT_B_ABUNTI17,T,Y_UN17,ITL,TOTAL,BPBIT,ALL,2023,68,,,,,,,,,,,,,,
IT1:DF_DCSS_MIGR_BACKG_PAR_TV_5_COM(1.0),A,ITD42,NATIT_B_ABUNTI17,T,Y_UN17,ITL,TOTAL,MBAB_FBIT,ALL,2023,29,,,,,,,,,,,,,,
IT1:DF_DCSS_MIGR_BACKG_PAR_TV_5_COM(1.0),A,ITD42,NATIT_B_ABUNTI17,T,Y_UN17,ITL,TOTAL,MBIT_FBAB,ALL,2023,19,,,,,,,,,,,,,,
IT1:DF_DCSS_MIGR_BACKG_PAR_TV_5_COM(1.0),A,ITD43,NATIT_B_ABUNTI17,T,Y_UN17,ITL,EU27,ALL,ALL,2023,13,,,,,,,,,,,,,,
IT1:DF_DCSS_MIGR_BACKG_PAR_TV_5_COM(1.0),A,ITD43,NATIT_B_ABUNTI17,T,Y_UN17,ITL,EU27,BPBAB,ALL,2023,8,,,,,,,,,,,,,,
IT1:DF_DCSS_MIGR_BACKG_PAR_TV_5_COM(1.0),A,ITD43,NATIT_B_ABUNTI17,T,Y_UN17,ITL,EU27,MBAB_FBIT,ALL,2023,5,,,,,,,,,,,,,,
IT1:DF_DCSS_MIGR_BACKG_PAR_TV_5_COM(1.0),A,ITD43,NATIT_B_ABUNTI17,T,Y_UN17,ITL,EXTEU27,ALL,ALL,2023,134,,,,,,,,,,,,,,
IT1:DF_DCSS_MIGR_BACKG_PAR_TV_5_COM(1.0),A,ITD43,NATIT_B_ABUNTI17,T,Y_UN17,ITL,EXTEU27,BPBAB,ALL,2023,97,,,,,,,,,,,,,,
IT1:DF_DCSS_MIGR_BACKG_PAR_TV_5_COM(1.0),A,ITD43,NATIT_B_ABUNTI17,T,Y_UN17,ITL,EXTEU27,BPBIT,ALL,2023,20,,,,,,,,,,,,,,
IT1:DF_DCSS_MIGR_BACKG_PAR_TV_5_COM(1.0),A,ITD43,NATIT_B_ABUNTI17,T,Y_UN17,ITL,EXTEU27,MBAB_FBIT,ALL,2023,7,,,,,,,,,,,,,,
IT1:DF_DCSS_MIGR_BACKG_PAR_TV_5_COM(1.0),A,ITD43,NATIT_B_ABUNTI17,T,Y_UN17,ITL,EXTEU27,MBIT_FBAB,ALL,2023,10,,,,,,,,,,,,,,
IT1:DF_DCSS_MIGR_BACKG_PAR_TV_5_COM(1.0),A,ITD43,NATIT_B_ABUNTI17,T,Y_UN17,ITL,TOTAL,ALL,ALL,2023,147,,,,,,,,,,,,,,
IT1:DF_DCSS_MIGR_BACKG_PAR_TV_5_COM(1.0),A,ITD43,NATIT_B_ABUNTI17,T,Y_UN17,ITL,TOTAL,BPBAB,ALL,2023,105,,,,,,,,,,,,,,
IT1:DF_DCSS_MIGR_BACKG_PAR_TV_5_COM(1.0),A,ITD43,NATIT_B_ABUNTI17,T,Y_UN17,ITL,TOTAL,BPBIT,ALL,2023,20,,,,,,,,,,,,,,
IT1:DF_DCSS_MIGR_BACKG_PAR_TV_5_COM(1.0),A,ITD43,NATIT_B_ABUNTI17,T,Y_UN17,ITL,TOTAL,MBAB_FBIT,ALL,2023,12,,,,,,,,,,,,,,
IT1:DF_DCSS_MIGR_BACKG_PAR_TV_5_COM(1.0),A,ITD43,NATIT_B_ABUNTI17,T,Y_UN17,ITL,TOTAL,MBIT_FBAB,ALL,2023,10,,,,,,,,,,,,,,
IT1:DF_DCSS_MIGR_BACKG_PAR_TV_5_COM(1.0),A,ITD44,NATIT_B_ABUNTI17,T,Y_UN17,ITL,EU27,ALL,ALL,2023,19,,,,,,,,,,,,,,
IT1:DF_DCSS_MIGR_BACKG_PAR_TV_5_COM(1.0),A,ITD44,NATIT_B_ABUNTI17,T,Y_UN17,ITL,EU27,BPBAB,ALL,2023,10,,,,,,,,,,,,,,
IT1:DF_DCSS_MIGR_BACKG_PAR_TV_5_COM(1.0),A,ITD44,NATIT_B_ABUNTI17,T,Y_UN17,ITL,EU27,BPBIT,ALL,2023,2,,,,,,,,,,,,,,
IT1:DF_DCSS_MIGR_BACKG_PAR_TV_5_COM(1.0),A,ITD44,NATIT_B_ABUNTI17,T,Y_UN17,ITL,EU27,MBAB_FBIT,ALL,2023,7,,,,,,,,,,,,,,
IT1:DF_DCSS_MIGR_BACKG_PAR_TV_5_COM(1.0),A,ITD44,NATIT_B_ABUNTI17,T,Y_UN17,ITL,EXTEU27,ALL,ALL,2023,153,,,,,,,,,,,,,,
IT1:DF_DCSS_MIGR_BACKG_PAR_TV_5_COM(1.0),A,ITD44,NATIT_B_ABUNTI17,T,Y_UN17,ITL,EXTEU27,BPBAB,ALL,2023,108,,,,,,,,,,,,,,
IT1:DF_DCSS_MIGR_BACKG_PAR_TV_5_COM(1.0),A,ITD44,NATIT_B_ABUNTI17,T,Y_UN17,ITL,EXTEU27,BPBIT,ALL,2023,37,,,,,,,,,,,,,,
IT1:DF_DCSS_MIGR_BACKG_PAR_TV_5_COM(1.0),A,ITD44,NATIT_B_ABUNTI17,T,Y_UN17,ITL,EXTEU27,MBAB_FBIT,ALL,2023,3,,,,,,,,,,,,,,
IT1:DF_DCSS_MIGR_BACKG_PAR_TV_5_COM(1.0),A,ITD44,NATIT_B_ABUNTI17,T,Y_UN17,ITL,EXTEU27,MBIT_FBAB,ALL,2023,5,,,,,,,,,,,,,,
IT1:DF_DCSS_MIGR_BACKG_PAR_TV_5_COM(1.0),A,ITD44,NATIT_B_ABUNTI17,T,Y_UN17,ITL,TOTAL,ALL,ALL,2023,172,,,,,,,,,,,,,,
IT1:DF_DCSS_MIGR_BACKG_PAR_TV_5_COM(1.0),A,ITD44,NATIT_B_ABUNTI17,T,Y_UN17,ITL,TOTAL,BPBAB,ALL,2023,118,,,,,,,,,,,,,,
IT1:DF_DCSS_MIGR_BACKG_PAR_TV_5_COM(1.0),A,ITD44,NATIT_B_ABUNTI17,T,Y_UN17,ITL,TOTAL,BPBIT,ALL,2023,39,,,,,,,,,,,,,,
IT1:DF_DCSS_MIGR_BACKG_PAR_TV_5_COM(1.0),A,ITD44,NATIT_B_ABUNTI17,T,Y_UN17,ITL,TOTAL,MBAB_FBIT,ALL,2023,10,,,,,,,,,,,,,,
IT1:DF_DCSS_MIGR_BACKG_PAR_TV_5_COM(1.0),A,ITD44,NATIT_B_ABUNTI17,T,Y_UN17,ITL,TOTAL,MBIT_FBAB,ALL,2023,5,,,,,,,,,,,,,,
IT1:DF_DCSS_MIGR_BACKG_PAR_TV_5_COM(1.0),A,ITD51,NATIT_B_ABUNTI17,T,Y_UN17,ITL,EU27,ALL,ALL,2023,12,,,,,,,,,,,,,,
IT1:DF_DCSS_MIGR_BACKG_PAR_TV_5_COM(1.0),A,ITD51,NATIT_B_ABUNTI17,T,Y_UN17,ITL,EU27,BPBAB,ALL,2023,11,,,,,,,,,,,,,,
IT1:DF_DCSS_MIGR_BACKG_PAR_TV_5_COM(1.0),A,ITD51,NATIT_B_ABUNTI17,T,Y_UN17,ITL,EU27,MBAB_FBIT,ALL,2023,1,,,,,,,,,,,,,,
IT1:DF_DCSS_MIGR_BACKG_PAR_TV_5_COM(1.0),A,ITD51,NATIT_B_ABUNTI17,T,Y_UN17,ITL,EXTEU27,ALL,ALL,2023,395,,,,,,,,,,,,,,
IT1:DF_DCSS_MIGR_BACKG_PAR_TV_5_COM(1.0),A,ITD51,NATIT_B_ABUNTI17,T,Y_UN17,ITL,EXTEU27,BPBAB,ALL,2023,349,,,,,,,,,,,,,,
IT1:DF_DCSS_MIGR_BACKG_PAR_TV_5_COM(1.0),A,ITD51,NATIT_B_ABUNTI17,T,Y_UN17,ITL,EXTEU27,BPBIT,ALL,2023,25,,,,,,,,,,,,,,
IT1:DF_DCSS_MIGR_BACKG_PAR_TV_5_COM(1.0),A,ITD51,NATIT_B_ABUNTI17,T,Y_UN17,ITL,EXTEU27,MBAB_FBIT,ALL,2023,16,,,,,,,,,,,,,,
IT1:DF_DCSS_MIGR_BACKG_PAR_TV_5_COM(1.0),A,ITD51,NATIT_B_ABUNTI17,T,Y_UN17,ITL,EXTEU27,MBIT_FBAB,ALL,2023,5,,,,,,,,,,,,,,
IT1:DF_DCSS_MIGR_BACKG_PAR_TV_5_COM(1.0),A,ITD51,NATIT_B_ABUNTI17,T,Y_UN17,ITL,TOTAL,ALL,ALL,2023,407,,,,,,,,,,,,,,
IT1:DF_DCSS_MIGR_BACKG_PAR_TV_5_COM(1.0),A,ITD51,NATIT_B_ABUNTI17,T,Y_UN17,ITL,TOTAL,BPBAB,ALL,2023,360,,,,,,,,,,,,,,
IT1:DF_DCSS_MIGR_BACKG_PAR_TV_5_COM(1.0),A,ITD51,NATIT_B_ABUNTI17,T,Y_UN17,ITL,TOTAL,BPBIT,ALL,2023,25,,,,,,,,,,,,,,
IT1:DF_DCSS_MIGR_BACKG_PAR_TV_5_COM(1.0),A,ITD51,NATIT_B_ABUNTI17,T,Y_UN17,ITL,TOTAL,MBAB_FBIT,ALL,2023,17,,,,,,,,,,,,,,
IT1:DF_DCSS_MIGR_BACKG_PAR_TV_5_COM(1.0),A,ITD51,NATIT_B_ABUNTI17,T,Y_UN17,ITL,TOTAL,MBIT_FBAB,ALL,2023,5,,,,,,,,,,,,,,
IT1:DF_DCSS_MIGR_BACKG_PAR_TV_5_COM(1.0),A,ITD52,NATIT_B_ABUNTI17,T,Y_UN17,ITL,EU27,ALL,ALL,2023,26,,,,,,,,,,,,,,
IT1:DF_DCSS_MIGR_BACKG_PAR_TV_5_COM(1.0),A,ITD52,NATIT_B_ABUNTI17,T,Y_UN17,ITL,EU27,BPBAB,ALL,2023,20,,,,,,,,,,,,,,
IT1:DF_DCSS_MIGR_BACKG_PAR_TV_5_COM(1.0),A,ITD52,NATIT_B_ABUNTI17,T,Y_UN17,ITL,EU27,BPBIT,ALL,2023,5,,,,,,,,,,,,,,
IT1:DF_DCSS_MIGR_BACKG_PAR_TV_5_COM(1.0),A,ITD52,NATIT_B_ABUNTI17,T,Y_UN17,ITL,EU27,MBAB_FBIT,ALL,2023,1,,,,,,,,,,,,,,
IT1:DF_DCSS_MIGR_BACKG_PAR_TV_5_COM(1.0),A,ITD52,NATIT_B_ABUNTI17,T,Y_UN17,ITL,EXTEU27,ALL,ALL,2023,444,,,,,,,,,,,,,,
IT1:DF_DCSS_MIGR_BACKG_PAR_TV_5_COM(1.0),A,ITD52,NATIT_B_ABUNTI17,T,Y_UN17,ITL,EXTEU27,BPBAB,ALL,2023,390,,,,,,,,,,,,,,
IT1:DF_DCSS_MIGR_BACKG_PAR_TV_5_COM(1.0),A,ITD52,NATIT_B_ABUNTI17,T,Y_UN17,ITL,EXTEU27,BPBIT,ALL,2023,34,,,,,,,,,,,,,,
IT1:DF_DCSS_MIGR_BACKG_PAR_TV_5_COM(1.0),A,ITD52,NATIT_B_ABUNTI17,T,Y_UN17,ITL,EXTEU27,MBAB_FBIT,ALL,2023,7,,,,,,,,,,,,,,
IT1:DF_DCSS_MIGR_BACKG_PAR_TV_5_COM(1.0),A,ITD52,NATIT_B_ABUNTI17,T,Y_UN17,ITL,EXTEU27,MBIT_FBAB,ALL,2023,13,,,,,,,,,,,,,,
IT1:DF_DCSS_MIGR_BACKG_PAR_TV_5_COM(1.0),A,ITD52,NATIT_B_ABUNTI17,T,Y_UN17,ITL,TOTAL,ALL,ALL,2023,470,,,,,,,,,,,,,,
IT1:DF_DCSS_MIGR_BACKG_PAR_TV_5_COM(1.0),A,ITD52,NATIT_B_ABUNTI17,T,Y_UN17,ITL,TOTAL,BPBAB,ALL,2023,410,,,,,,,,,,,,,,
IT1:DF_DCSS_MIGR_BACKG_PAR_TV_5_COM(1.0),A,ITD52,NATIT_B_ABUNTI17,T,Y_UN17,ITL,TOTAL,BPBIT,ALL,2023,39,,,,,,,,,,,,,,
IT1:DF_DCSS_MIGR_BACKG_PAR_TV_5_COM(1.0),A,ITD52,NATIT_B_ABUNTI17,T,Y_UN17,ITL,TOTAL,MBAB_FBIT,ALL,2023,8,,,,,,,,,,,,,,
IT1:DF_DCSS_MIGR_BACKG_PAR_TV_5_COM(1.0),A,ITD52,NATIT_B_ABUNTI17,T,Y_UN17,ITL,TOTAL,MBIT_FBAB,ALL,2023,13,,,,,,,,,,,,,,
IT1:DF_DCSS_MIGR_BACKG_PAR_TV_5_COM(1.0),A,ITD53,NATIT_B_ABUNTI17,T,Y_UN17,ITL,EU27,ALL,ALL,2023,27,,,,,,,,,,,,,,
IT1:DF_DCSS_MIGR_BACKG_PAR_TV_5_COM(1.0),A,ITD53,NATIT_B_ABUNTI17,T,Y_UN17,ITL,EU27,BPBAB,ALL,2023,18,,,,,,,,,,,,,,
IT1:DF_DCSS_MIGR_BACKG_PAR_TV_5_COM(1.0),A,ITD53,NATIT_B_ABUNTI17,T,Y_UN17,ITL,EU27,BPBIT,ALL,2023,2,,,,,,,,,,,,,,
IT1:DF_DCSS_MIGR_BACKG_PAR_TV_5_COM(1.0),A,ITD53,NATIT_B_ABUNTI17,T,Y_UN17,ITL,EU27,MBAB_FBIT,ALL,2023,5,,,,,,,,,,,,,,
IT1:DF_DCSS_MIGR_BACKG_PAR_TV_5_COM(1.0),A,ITD53,NATIT_B_ABUNTI17,T,Y_UN17,ITL,EU27,MBIT_FBAB,ALL,2023,2,,,,,,,,,,,,,,
IT1:DF_DCSS_MIGR_BACKG_PAR_TV_5_COM(1.0),A,ITD53,NATIT_B_ABUNTI17,T,Y_UN17,ITL,EXTEU27,ALL,ALL,2023,655,,,,,,,,,,,,,,
IT1:DF_DCSS_MIGR_BACKG_PAR_TV_5_COM(1.0),A,ITD53,NATIT_B_ABUNTI17,T,Y_UN17,ITL,EXTEU27,BPBAB,ALL,2023,584,,,,,,,,,,,,,,
IT1:DF_DCSS_MIGR_BACKG_PAR_TV_5_COM(1.0),A,ITD53,NATIT_B_ABUNTI17,T,Y_UN17,ITL,EXTEU27,BPBIT,ALL,2023,50,,,,,,,,,,,,,,
IT1:DF_DCSS_MIGR_BACKG_PAR_TV_5_COM(1.0),A,ITD53,NATIT_B_ABUNTI17,T,Y_UN17,ITL,EXTEU27,MBAB_FBIT,ALL,2023,14,,,,,,,,,,,,,,
IT1:DF_DCSS_MIGR_BACKG_PAR_TV_5_COM(1.0),A,ITD53,NATIT_B_ABUNTI17,T,Y_UN17,ITL,EXTEU27,MBIT_FBAB,ALL,2023,7,,,,,,,,,,,,,,
IT1:DF_DCSS_MIGR_BACKG_PAR_TV_5_COM(1.0),A,ITD53,NATIT_B_ABUNTI17,T,Y_UN17,ITL,TOTAL,ALL,ALL,2023,682,,,,,,,,,,,,,,
IT1:DF_DCSS_MIGR_BACKG_PAR_TV_5_COM(1.0),A,ITD53,NATIT_B_ABUNTI17,T,Y_UN17,ITL,TOTAL,BPBAB,ALL,2023,602,,,,,,,,,,,,,,
IT1:DF_DCSS_MIGR_BACKG_PAR_TV_5_COM(1.0),A,ITD53,NATIT_B_ABUNTI17,T,Y_UN17,ITL,TOTAL,BPBIT,ALL,2023,52,,,,,,,,,,,,,,
IT1:DF_DCSS_MIGR_BACKG_PAR_TV_5_COM(1.0),A,ITD53,NATIT_B_ABUNTI17,T,Y_UN17,ITL,TOTAL,MBAB_FBIT,ALL,2023,19,,,,,,,,,,,,,,
IT1:DF_DCSS_MIGR_BACKG_PAR_TV_5_COM(1.0),A,ITD53,NATIT_B_ABUNTI17,T,Y_UN17,ITL,TOTAL,MBIT_FBAB,ALL,2023,9,,,,,,,,,,,,,,
IT1:DF_DCSS_MIGR_BACKG_PAR_TV_5_COM(1.0),A,ITD54,NATIT_B_ABUNTI17,T,Y_UN17,ITL,APO,ALL,ALL,2023,1,,,,,,,,,,,,,,
IT1:DF_DCSS_MIGR_BACKG_PAR_TV_5_COM(1.0),A,ITD54,NATIT_B_ABUNTI17,T,Y_UN17,ITL,APO,BPBAB,ALL,2023,1,,,,,,,,,,,,,,
IT1:DF_DCSS_MIGR_BACKG_PAR_TV_5_COM(1.0),A,ITD54,NATIT_B_ABUNTI17,T,Y_UN17,ITL,EU27,ALL,ALL,2023,45,,,,,,,,,,,,,,
IT1:DF_DCSS_MIGR_BACKG_PAR_TV_5_COM(1.0),A,ITD54,NATIT_B_ABUNTI17,T,Y_UN17,ITL,EU27,BPBAB,ALL,2023,21,,,,,,,,,,,,,,
IT1:DF_DCSS_MIGR_BACKG_PAR_TV_5_COM(1.0),A,ITD54,NATIT_B_ABUNTI17,T,Y_UN17,ITL,EU27,BPBIT,ALL,2023,12,,,,,,,,,,,,,,
IT1:DF_DCSS_MIGR_BACKG_PAR_TV_5_COM(1.0),A,ITD54,NATIT_B_ABUNTI17,T,Y_UN17,ITL,EU27,MBAB_FBIT,ALL,2023,10,,,,,,,,,,,,,,
IT1:DF_DCSS_MIGR_BACKG_PAR_TV_5_COM(1.0),A,ITD54,NATIT_B_ABUNTI17,T,Y_UN17,ITL,EU27,MBIT_FBAB,ALL,2023,2,,,,,,,,,,,,,,
IT1:DF_DCSS_MIGR_BACKG_PAR_TV_5_COM(1.0),A,ITD54,NATIT_B_ABUNTI17,T,Y_UN17,ITL,EXTEU27,ALL,ALL,2023,800,,,,,,,,,,,,,,
IT1:DF_DCSS_MIGR_BACKG_PAR_TV_5_COM(1.0),A,ITD54,NATIT_B_ABUNTI17,T,Y_UN17,ITL,EXTEU27,BPBAB,ALL,2023,665,,,,,,,,,,,,,,
IT1:DF_DCSS_MIGR_BACKG_PAR_TV_5_COM(1.0),A,ITD54,NATIT_B_ABUNTI17,T,Y_UN17,ITL,EXTEU27,BPBIT,ALL,2023,95,,,,,,,,,,,,,,
IT1:DF_DCSS_MIGR_BACKG_PAR_TV_5_COM(1.0),A,ITD54,NATIT_B_ABUNTI17,T,Y_UN17,ITL,EXTEU27,MBAB_FBIT,ALL,2023,23,,,,,,,,,,,,,,
IT1:DF_DCSS_MIGR_BACKG_PAR_TV_5_COM(1.0),A,ITD54,NATIT_B_ABUNTI17,T,Y_UN17,ITL,EXTEU27,MBIT_FBAB,ALL,2023,17,,,,,,,,,,,,,,
IT1:DF_DCSS_MIGR_BACKG_PAR_TV_5_COM(1.0),A,ITD54,NATIT_B_ABUNTI17,T,Y_UN17,ITL,TOTAL,ALL,ALL,2023,846,,,,,,,,,,,,,,
IT1:DF_DCSS_MIGR_BACKG_PAR_TV_5_COM(1.0),A,ITD54,NATIT_B_ABUNTI17,T,Y_UN17,ITL,TOTAL,BPBAB,ALL,2023,687,,,,,,,,,,,,,,
IT1:DF_DCSS_MIGR_BACKG_PAR_TV_5_COM(1.0),A,ITD54,NATIT_B_ABUNTI17,T,Y_UN17,ITL,TOTAL,BPBIT,ALL,2023,107,,,,,,,,,,,,,,
IT1:DF_DCSS_MIGR_BACKG_PAR_TV_5_COM(1.0),A,ITD54,NATIT_B_ABUNTI17,T,Y_UN17,ITL,TOTAL,MBAB_FBIT,ALL,2023,33,,,,,,,,,,,,,,
IT1:DF_DCSS_MIGR_BACKG_PAR_TV_5_COM(1.0),A,ITD54,NATIT_B_ABUNTI17,T,Y_UN17,ITL,TOTAL,MBIT_FBAB,ALL,2023,19,,,,,,,,,,,,,,
IT1:DF_DCSS_MIGR_BACKG_PAR_TV_5_COM(1.0),A,ITD55,NATIT_B_ABUNTI17,T,Y_UN17,ITL,EU27,ALL,ALL,2023,47,,,ITD55_N1,,,,,,,,,,,
IT1:DF_DCSS_MIGR_BACKG_PAR_TV_5_COM(1.0),A,ITD55,NATIT_B_ABUNTI17,T,Y_UN17,ITL,EU27,BPBAB,ALL,2023,17,,,ITD55_N1,,,,,,,,,,,
IT1:DF_DCSS_MIGR_BACKG_PAR_TV_5_COM(1.0),A,ITD55,NATIT_B_ABUNTI17,T,Y_UN17,ITL,EU27,BPBIT,ALL,2023,16,,,ITD55_N1,,,,,,,,,,,
IT1:DF_DCSS_MIGR_BACKG_PAR_TV_5_COM(1.0),A,ITD55,NATIT_B_ABUNTI17,T,Y_UN17,ITL,EU27,MBAB_FBIT,ALL,2023,10,,,ITD55_N1,,,,,,,,,,,
IT1:DF_DCSS_MIGR_BACKG_PAR_TV_5_COM(1.0),A,ITD55,NATIT_B_ABUNTI17,T,Y_UN17,ITL,EU27,MBIT_FBAB,ALL,2023,4,,,ITD55_N1,,,,,,,,,,,
IT1:DF_DCSS_MIGR_BACKG_PAR_TV_5_COM(1.0),A,ITD55,NATIT_B_ABUNTI17,T,Y_UN17,ITL,EXTEU27,ALL,ALL,2023,957,,,ITD55_N1,,,,,,,,,,,
IT1:DF_DCSS_MIGR_BACKG_PAR_TV_5_COM(1.0),A,ITD55,NATIT_B_ABUNTI17,T,Y_UN17,ITL,EXTEU27,BPBAB,ALL,2023,812,,,ITD55_N1,,,,,,,,,,,
IT1:DF_DCSS_MIGR_BACKG_PAR_TV_5_COM(1.0),A,ITD55,NATIT_B_ABUNTI17,T,Y_UN17,ITL,EXTEU27,BPBIT,ALL,2023,97,,,ITD55_N1,,,,,,,,,,,
IT1:DF_DCSS_MIGR_BACKG_PAR_TV_5_COM(1.0),A,ITD55,NATIT_B_ABUNTI17,T,Y_UN17,ITL,EXTEU27,MBAB_FBIT,ALL,2023,35,,,ITD55_N1,,,,,,,,,,,
IT1:DF_DCSS_MIGR_BACKG_PAR_TV_5_COM(1.0),A,ITD55,NATIT_B_ABUNTI17,T,Y_UN17,ITL,EXTEU27,MBIT_FBAB,ALL,2023,13,,,ITD55_N1,,,,,,,,,,,
IT1:DF_DCSS_MIGR_BACKG_PAR_TV_5_COM(1.0),A,ITD55,NATIT_B_ABUNTI17,T,Y_UN17,ITL,TOTAL,ALL,ALL,2023,1004,,,ITD55_N1,,,,,,,,,,,
IT1:DF_DCSS_MIGR_BACKG_PAR_TV_5_COM(1.0),A,ITD55,NATIT_B_ABUNTI17,T,Y_UN17,ITL,TOTAL,BPBAB,ALL,2023,829,,,ITD55_N1,,,,,,,,,,,
IT1:DF_DCSS_MIGR_BACKG_PAR_TV_5_COM(1.0),A,ITD55,NATIT_B_ABUNTI17,T,Y_UN17,ITL,TOTAL,BPBIT,ALL,2023,113,,,ITD55_N1,,,,,,,,,,,
IT1:DF_DCSS_MIGR_BACKG_PAR_TV_5_COM(1.0),A,ITD55,NATIT_B_ABUNTI17,T,Y_UN17,ITL,TOTAL,MBAB_FBIT,ALL,2023,45,,,ITD55_N1,,,,,,,,,,,
IT1:DF_DCSS_MIGR_BACKG_PAR_TV_5_COM(1.0),A,ITD55,NATIT_B_ABUNTI17,T,Y_UN17,ITL,TOTAL,MBIT_FBAB,ALL,2023,17,,,ITD55_N1,,,,,,,,,,,
IT1:DF_DCSS_MIGR_BACKG_PAR_TV_5_COM(1.0),A,ITD56,NATIT_B_ABUNTI17,T,Y_UN17,ITL,EU27,ALL,ALL,2023,24,,,,,,,,,,,,,,
IT1:DF_DCSS_MIGR_BACKG_PAR_TV_5_COM(1.0),A,ITD56,NATIT_B_ABUNTI17,T,Y_UN17,ITL,EU27,BPBAB,ALL,2023,12,,,,,,,,,,,,,,
IT1:DF_DCSS_MIGR_BACKG_PAR_TV_5_COM(1.0),A,ITD56,NATIT_B_ABUNTI17,T,Y_UN17,ITL,EU27,BPBIT,ALL,2023,2,,,,,,,,,,,,,,
IT1:DF_DCSS_MIGR_BACKG_PAR_TV_5_COM(1.0),A,ITD56,NATIT_B_ABUNTI17,T,Y_UN17,ITL,EU27,MBAB_FBIT,ALL,2023,8,,,,,,,,,,,,,,
IT1:DF_DCSS_MIGR_BACKG_PAR_TV_5_COM(1.0),A,ITD56,NATIT_B_ABUNTI17,T,Y_UN17,ITL,EU27,MBIT_FBAB,ALL,2023,2,,,,,,,,,,,,,,
IT1:DF_DCSS_MIGR_BACKG_PAR_TV_5_COM(1.0),A,ITD56,NATIT_B_ABUNTI17,T,Y_UN17,ITL,EXTEU27,ALL,ALL,2023,272,,,,,,,,,,,,,,
IT1:DF_DCSS_MIGR_BACKG_PAR_TV_5_COM(1.0),A,ITD56,NATIT_B_ABUNTI17,T,Y_UN17,ITL,EXTEU27,BPBAB,ALL,2023,231,,,,,,,,,,,,,,
IT1:DF_DCSS_MIGR_BACKG_PAR_TV_5_COM(1.0),A,ITD56,NATIT_B_ABUNTI17,T,Y_UN17,ITL,EXTEU27,BPBIT,ALL,2023,28,,,,,,,,,,,,,,
IT1:DF_DCSS_MIGR_BACKG_PAR_TV_5_COM(1.0),A,ITD56,NATIT_B_ABUNTI17,T,Y_UN17,ITL,EXTEU27,MBAB_FBIT,ALL,2023,8,,,,,,,,,,,,,,
IT1:DF_DCSS_MIGR_BACKG_PAR_TV_5_COM(1.0),A,ITD56,NATIT_B_ABUNTI17,T,Y_UN17,ITL,EXTEU27,MBIT_FBAB,ALL,2023,5,,,,,,,,,,,,,,
IT1:DF_DCSS_MIGR_BACKG_PAR_TV_5_COM(1.0),A,ITD56,NATIT_B_ABUNTI17,T,Y_UN17,ITL,TOTAL,ALL,ALL,2023,296,,,,,,,,,,,,,,
IT1:DF_DCSS_MIGR_BACKG_PAR_TV_5_COM(1.0),A,ITD56,NATIT_B_ABUNTI17,T,Y_UN17,ITL,TOTAL,BPBAB,ALL,2023,243,,,,,,,,,,,,,,
IT1:DF_DCSS_MIGR_BACKG_PAR_TV_5_COM(1.0),A,ITD56,NATIT_B_ABUNTI17,T,Y_UN17,ITL,TOTAL,BPBIT,ALL,2023,30,,,,,,,,,,,,,,
IT1:DF_DCSS_MIGR_BACKG_PAR_TV_5_COM(1.0),A,ITD56,NATIT_B_ABUNTI17,T,Y_UN17,ITL,TOTAL,MBAB_FBIT,ALL,2023,16,,,,,,,,,,,,,,
IT1:DF_DCSS_MIGR_BACKG_PAR_TV_5_COM(1.0),A,ITD56,NATIT_B_ABUNTI17,T,Y_UN17,ITL,TOTAL,MBIT_FBAB,ALL,2023,7,,,,,,,,,,,,,,
IT1:DF_DCSS_MIGR_BACKG_PAR_TV_5_COM(1.0),A,ITD57,NATIT_B_ABUNTI17,T,Y_UN17,ITL,EU27,ALL,ALL,2023,38,,,,,,,,,,,,,,
IT1:DF_DCSS_MIGR_BACKG_PAR_TV_5_COM(1.0),A,ITD57,NATIT_B_ABUNTI17,T,Y_UN17,ITL,EU27,BPBAB,ALL,2023,25,,,,,,,,,,,,,,
IT1:DF_DCSS_MIGR_BACKG_PAR_TV_5_COM(1.0),A,ITD57,NATIT_B_ABUNTI17,T,Y_UN17,ITL,EU27,BPBIT,ALL,2023,8,,,,,,,,,,,,,,
IT1:DF_DCSS_MIGR_BACKG_PAR_TV_5_COM(1.0),A,ITD57,NATIT_B_ABUNTI17,T,Y_UN17,ITL,EU27,MBAB_FBIT,ALL,2023,2,,,,,,,,,,,,,,
IT1:DF_DCSS_MIGR_BACKG_PAR_TV_5_COM(1.0),A,ITD57,NATIT_B_ABUNTI17,T,Y_UN17,ITL,EU27,MBIT_FBAB,ALL,2023,3,,,,,,,,,,,,,,
IT1:DF_DCSS_MIGR_BACKG_PAR_TV_5_COM(1.0),A,ITD57,NATIT_B_ABUNTI17,T,Y_UN17,ITL,EXTEU27,ALL,ALL,2023,321,,,,,,,,,,,,,,
IT1:DF_DCSS_MIGR_BACKG_PAR_TV_5_COM(1.0),A,ITD57,NATIT_B_ABUNTI17,T,Y_UN17,ITL,EXTEU27,BPBAB,ALL,2023,278,,,,,,,,,,,,,,
IT1:DF_DCSS_MIGR_BACKG_PAR_TV_5_COM(1.0),A,ITD57,NATIT_B_ABUNTI17,T,Y_UN17,ITL,EXTEU27,BPBIT,ALL,2023,26,,,,,,,,,,,,,,
IT1:DF_DCSS_MIGR_BACKG_PAR_TV_5_COM(1.0),A,ITD57,NATIT_B_ABUNTI17,T,Y_UN17,ITL,EXTEU27,MBAB_FBIT,ALL,2023,7,,,,,,,,,,,,,,
IT1:DF_DCSS_MIGR_BACKG_PAR_TV_5_COM(1.0),A,ITD57,NATIT_B_ABUNTI17,T,Y_UN17,ITL,EXTEU27,MBIT_FBAB,ALL,2023,10,,,,,,,,,,,,,,
IT1:DF_DCSS_MIGR_BACKG_PAR_TV_5_COM(1.0),A,ITD57,NATIT_B_ABUNTI17,T,Y_UN17,ITL,TOTAL,ALL,ALL,2023,359,,,,,,,,,,,,,,
IT1:DF_DCSS_MIGR_BACKG_PAR_TV_5_COM(1.0),A,ITD57,NATIT_B_ABUNTI17,T,Y_UN17,ITL,TOTAL,BPBAB,ALL,2023,303,,,,,,,,,,,,,,
IT1:DF_DCSS_MIGR_BACKG_PAR_TV_5_COM(1.0),A,ITD57,NATIT_B_ABUNTI17,T,Y_UN17,ITL,TOTAL,BPBIT,ALL,2023,34,,,,,,,,,,,,,,
IT1:DF_DCSS_MIGR_BACKG_PAR_TV_5_COM(1.0),A,ITD57,NATIT_B_ABUNTI17,T,Y_UN17,ITL,TOTAL,MBAB_FBIT,ALL,2023,9,,,,,,,,,,,,,,
IT1:DF_DCSS_MIGR_BACKG_PAR_TV_5_COM(1.0),A,ITD57,NATIT_B_ABUNTI17,T,Y_UN17,ITL,TOTAL,MBIT_FBAB,ALL,2023,13,,,,,,,,,,,,,,
IT1:DF_DCSS_MIGR_BACKG_PAR_TV_5_COM(1.0),A,ITD58,NATIT_B_ABUNTI17,T,Y_UN17,ITL,EU27,ALL,ALL,2023,27,,,,,,,,,,,,,,
IT1:DF_DCSS_MIGR_BACKG_PAR_TV_5_COM(1.0),A,ITD58,NATIT_B_ABUNTI17,T,Y_UN17,ITL,EU27,BPBAB,ALL,2023,16,,,,,,,,,,,,,,
IT1:DF_DCSS_MIGR_BACKG_PAR_TV_5_COM(1.0),A,ITD58,NATIT_B_ABUNTI17,T,Y_UN17,ITL,EU27,BPBIT,ALL,2023,9,,,,,,,,,,,,,,
IT1:DF_DCSS_MIGR_BACKG_PAR_TV_5_COM(1.0),A,ITD58,NATIT_B_ABUNTI17,T,Y_UN17,ITL,EU27,MBAB_FBIT,ALL,2023,2,,,,,,,,,,,,,,
IT1:DF_DCSS_MIGR_BACKG_PAR_TV_5_COM(1.0),A,ITD58,NATIT_B_ABUNTI17,T,Y_UN17,ITL,EXTEU27,ALL,ALL,2023,358,,,,,,,,,,,,,,
IT1:DF_DCSS_MIGR_BACKG_PAR_TV_5_COM(1.0),A,ITD58,NATIT_B_ABUNTI17,T,Y_UN17,ITL,EXTEU27,BPBAB,ALL,2023,311,,,,,,,,,,,,,,
IT1:DF_DCSS_MIGR_BACKG_PAR_TV_5_COM(1.0),A,ITD58,NATIT_B_ABUNTI17,T,Y_UN17,ITL,EXTEU27,BPBIT,ALL,2023,37,,,,,,,,,,,,,,
IT1:DF_DCSS_MIGR_BACKG_PAR_TV_5_COM(1.0),A,ITD58,NATIT_B_ABUNTI17,T,Y_UN17,ITL,EXTEU27,MBAB_FBIT,ALL,2023,8,,,,,,,,,,,,,,
IT1:DF_DCSS_MIGR_BACKG_PAR_TV_5_COM(1.0),A,ITD58,NATIT_B_ABUNTI17,T,Y_UN17,ITL,EXTEU27,MBIT_FBAB,ALL,2023,2,,,,,,,,,,,,,,
IT1:DF_DCSS_MIGR_BACKG_PAR_TV_5_COM(1.0),A,ITD58,NATIT_B_ABUNTI17,T,Y_UN17,ITL,TOTAL,ALL,ALL,2023,385,,,,,,,,,,,,,,
IT1:DF_DCSS_MIGR_BACKG_PAR_TV_5_COM(1.0),A,ITD58,NATIT_B_ABUNTI17,T,Y_UN17,ITL,TOTAL,BPBAB,ALL,2023,327,,,,,,,,,,,,,,
IT1:DF_DCSS_MIGR_BACKG_PAR_TV_5_COM(1.0),A,ITD58,NATIT_B_ABUNTI17,T,Y_UN17,ITL,TOTAL,BPBIT,ALL,2023,46,,,,,,,,,,,,,,
IT1:DF_DCSS_MIGR_BACKG_PAR_TV_5_COM(1.0),A,ITD58,NATIT_B_ABUNTI17,T,Y_UN17,ITL,TOTAL,MBAB_FBIT,ALL,2023,10,,,,,,,,,,,,,,
IT1:DF_DCSS_MIGR_BACKG_PAR_TV_5_COM(1.0),A,ITD58,NATIT_B_ABUNTI17,T,Y_UN17,ITL,TOTAL,MBIT_FBAB,ALL,2023,2,,,,,,,,,,,,,,
IT1:DF_DCSS_MIGR_BACKG_PAR_TV_5_COM(1.0),A,ITD59,NATIT_B_ABUNTI17,T,Y_UN17,ITL,EU27,ALL,ALL,2023,28,,,,,,,,,,,,,,
IT1:DF_DCSS_MIGR_BACKG_PAR_TV_5_COM(1.0),A,ITD59,NATIT_B_ABUNTI17,T,Y_UN17,ITL,EU27,BPBAB,ALL,2023,16,,,,,,,,,,,,,,
IT1:DF_DCSS_MIGR_BACKG_PAR_TV_5_COM(1.0),A,ITD59,NATIT_B_ABUNTI17,T,Y_UN17,ITL,EU27,BPBIT,ALL,2023,7,,,,,,,,,,,,,,
IT1:DF_DCSS_MIGR_BACKG_PAR_TV_5_COM(1.0),A,ITD59,NATIT_B_ABUNTI17,T,Y_UN17,ITL,EU27,MBAB_FBIT,ALL,2023,4,,,,,,,,,,,,,,
IT1:DF_DCSS_MIGR_BACKG_PAR_TV_5_COM(1.0),A,ITD59,NATIT_B_ABUNTI17,T,Y_UN17,ITL,EU27,MBIT_FBAB,ALL,2023,1,,,,,,,,,,,,,,
IT1:DF_DCSS_MIGR_BACKG_PAR_TV_5_COM(1.0),A,ITD59,NATIT_B_ABUNTI17,T,Y_UN17,ITL,EXTEU27,ALL,ALL,2023,187,,,,,,,,,,,,,,
IT1:DF_DCSS_MIGR_BACKG_PAR_TV_5_COM(1.0),A,ITD59,NATIT_B_ABUNTI17,T,Y_UN17,ITL,EXTEU27,BPBAB,ALL,2023,127,,,,,,,,,,,,,,
IT1:DF_DCSS_MIGR_BACKG_PAR_TV_5_COM(1.0),A,ITD59,NATIT_B_ABUNTI17,T,Y_UN17,ITL,EXTEU27,BPBIT,ALL,2023,43,,,,,,,,,,,,,,
IT1:DF_DCSS_MIGR_BACKG_PAR_TV_5_COM(1.0),A,ITD59,NATIT_B_ABUNTI17,T,Y_UN17,ITL,EXTEU27,MBAB_FBIT,ALL,2023,13,,,,,,,,,,,,,,
IT1:DF_DCSS_MIGR_BACKG_PAR_TV_5_COM(1.0),A,ITD59,NATIT_B_ABUNTI17,T,Y_UN17,ITL,EXTEU27,MBIT_FBAB,ALL,2023,4,,,,,,,,,,,,,,
IT1:DF_DCSS_MIGR_BACKG_PAR_TV_5_COM(1.0),A,ITD59,NATIT_B_ABUNTI17,T,Y_UN17,ITL,TOTAL,ALL,ALL,2023,215,,,,,,,,,,,,,,
IT1:DF_DCSS_MIGR_BACKG_PAR_TV_5_COM(1.0),A,ITD59,NATIT_B_ABUNTI17,T,Y_UN17,ITL,TOTAL,BPBAB,ALL,2023,143,,,,,,,,,,,,,,
IT1:DF_DCSS_MIGR_BACKG_PAR_TV_5_COM(1.0),A,ITD59,NATIT_B_ABUNTI17,T,Y_UN17,ITL,TOTAL,BPBIT,ALL,2023,50,,,,,,,,,,,,,,
IT1:DF_DCSS_MIGR_BACKG_PAR_TV_5_COM(1.0),A,ITD59,NATIT_B_ABUNTI17,T,Y_UN17,ITL,TOTAL,MBAB_FBIT,ALL,2023,17,,,,,,,,,,,,,,
IT1:DF_DCSS_MIGR_BACKG_PAR_TV_5_COM(1.0),A,ITD59,NATIT_B_ABUNTI17,T,Y_UN17,ITL,TOTAL,MBIT_FBAB,ALL,2023,5,,,,,,,,,,,,,,
IT1:DF_DCSS_MIGR_BACKG_PAR_TV_5_COM(1.0),A,ITE11,NATIT_B_ABUNTI17,T,Y_UN17,ITL,EU27,ALL,ALL,2023,16,,,,,,,,,,,,,,
IT1:DF_DCSS_MIGR_BACKG_PAR_TV_5_COM(1.0),A,ITE11,NATIT_B_ABUNTI17,T,Y_UN17,ITL,EU27,BPBAB,ALL,2023,4,,,,,,,,,,,,,,
IT1:DF_DCSS_MIGR_BACKG_PAR_TV_5_COM(1.0),A,ITE11,NATIT_B_ABUNTI17,T,Y_UN17,ITL,EU27,BPBIT,ALL,2023,7,,,,,,,,,,,,,,
IT1:DF_DCSS_MIGR_BACKG_PAR_TV_5_COM(1.0),A,ITE11,NATIT_B_ABUNTI17,T,Y_UN17,ITL,EU27,MBAB_FBIT,ALL,2023,4,,,,,,,,,,,,,,
IT1:DF_DCSS_MIGR_BACKG_PAR_TV_5_COM(1.0),A,ITE11,NATIT_B_ABUNTI17,T,Y_UN17,ITL,EU27,MBIT_FBAB,ALL,2023,1,,,,,,,,,,,,,,
IT1:DF_DCSS_MIGR_BACKG_PAR_TV_5_COM(1.0),A,ITE11,NATIT_B_ABUNTI17,T,Y_UN17,ITL,EXTEU27,ALL,ALL,2023,87,,,,,,,,,,,,,,
IT1:DF_DCSS_MIGR_BACKG_PAR_TV_5_COM(1.0),A,ITE11,NATIT_B_ABUNTI17,T,Y_UN17,ITL,EXTEU27,BPBAB,ALL,2023,74,,,,,,,,,,,,,,
IT1:DF_DCSS_MIGR_BACKG_PAR_TV_5_COM(1.0),A,ITE11,NATIT_B_ABUNTI17,T,Y_UN17,ITL,EXTEU27,BPBIT,ALL,2023,6,,,,,,,,,,,,,,
IT1:DF_DCSS_MIGR_BACKG_PAR_TV_5_COM(1.0),A,ITE11,NATIT_B_ABUNTI17,T,Y_UN17,ITL,EXTEU27,MBAB_FBIT,ALL,2023,4,,,,,,,,,,,,,,
IT1:DF_DCSS_MIGR_BACKG_PAR_TV_5_COM(1.0),A,ITE11,NATIT_B_ABUNTI17,T,Y_UN17,ITL,EXTEU27,MBIT_FBAB,ALL,2023,3,,,,,,,,,,,,,,
IT1:DF_DCSS_MIGR_BACKG_PAR_TV_5_COM(1.0),A,ITE11,NATIT_B_ABUNTI17,T,Y_UN17,ITL,TOTAL,ALL,ALL,2023,103,,,,,,,,,,,,,,
IT1:DF_DCSS_MIGR_BACKG_PAR_TV_5_COM(1.0),A,ITE11,NATIT_B_ABUNTI17,T,Y_UN17,ITL,TOTAL,BPBAB,ALL,2023,78,,,,,,,,,,,,,,
IT1:DF_DCSS_MIGR_BACKG_PAR_TV_5_COM(1.0),A,ITE11,NATIT_B_ABUNTI17,T,Y_UN17,ITL,TOTAL,BPBIT,ALL,2023,13,,,,,,,,,,,,,,
IT1:DF_DCSS_MIGR_BACKG_PAR_TV_5_COM(1.0),A,ITE11,NATIT_B_ABUNTI17,T,Y_UN17,ITL,TOTAL,MBAB_FBIT,ALL,2023,8,,,,,,,,,,,,,,
IT1:DF_DCSS_MIGR_BACKG_PAR_TV_5_COM(1.0),A,ITE11,NATIT_B_ABUNTI17,T,Y_UN17,ITL,TOTAL,MBIT_FBAB,ALL,2023,4,,,,,,,,,,,,,,
IT1:DF_DCSS_MIGR_BACKG_PAR_TV_5_COM(1.0),A,ITE12,NATIT_B_ABUNTI17,T,Y_UN17,ITL,EU27,ALL,ALL,2023,28,,,,,,,,,,,,,,
IT1:DF_DCSS_MIGR_BACKG_PAR_TV_5_COM(1.0),A,ITE12,NATIT_B_ABUNTI17,T,Y_UN17,ITL,EU27,BPBAB,ALL,2023,9,,,,,,,,,,,,,,
IT1:DF_DCSS_MIGR_BACKG_PAR_TV_5_COM(1.0),A,ITE12,NATIT_B_ABUNTI17,T,Y_UN17,ITL,EU27,BPBIT,ALL,2023,7,,,,,,,,,,,,,,
IT1:DF_DCSS_MIGR_BACKG_PAR_TV_5_COM(1.0),A,ITE12,NATIT_B_ABUNTI17,T,Y_UN17,ITL,EU27,MBAB_FBIT,ALL,2023,11,,,,,,,,,,,,,,
IT1:DF_DCSS_MIGR_BACKG_PAR_TV_5_COM(1.0),A,ITE12,NATIT_B_ABUNTI17,T,Y_UN17,ITL,EU27,MBIT_FBAB,ALL,2023,1,,,,,,,,,,,,,,
IT1:DF_DCSS_MIGR_BACKG_PAR_TV_5_COM(1.0),A,ITE12,NATIT_B_ABUNTI17,T,Y_UN17,ITL,EXTEU27,ALL,ALL,2023,248,,,,,,,,,,,,,,
IT1:DF_DCSS_MIGR_BACKG_PAR_TV_5_COM(1.0),A,ITE12,NATIT_B_ABUNTI17,T,Y_UN17,ITL,EXTEU27,BPBAB,ALL,2023,148,,,,,,,,,,,,,,
IT1:DF_DCSS_MIGR_BACKG_PAR_TV_5_COM(1.0),A,ITE12,NATIT_B_ABUNTI17,T,Y_UN17,ITL,EXTEU27,BPBIT,ALL,2023,72,,,,,,,,,,,,,,
IT1:DF_DCSS_MIGR_BACKG_PAR_TV_5_COM(1.0),A,ITE12,NATIT_B_ABUNTI17,T,Y_UN17,ITL,EXTEU27,MBAB_FBIT,ALL,2023,21,,,,,,,,,,,,,,
IT1:DF_DCSS_MIGR_BACKG_PAR_TV_5_COM(1.0),A,ITE12,NATIT_B_ABUNTI17,T,Y_UN17,ITL,EXTEU27,MBIT_FBAB,ALL,2023,7,,,,,,,,,,,,,,
IT1:DF_DCSS_MIGR_BACKG_PAR_TV_5_COM(1.0),A,ITE12,NATIT_B_ABUNTI17,T,Y_UN17,ITL,TOTAL,ALL,ALL,2023,276,,,,,,,,,,,,,,
IT1:DF_DCSS_MIGR_BACKG_PAR_TV_5_COM(1.0),A,ITE12,NATIT_B_ABUNTI17,T,Y_UN17,ITL,TOTAL,BPBAB,ALL,2023,157,,,,,,,,,,,,,,
IT1:DF_DCSS_MIGR_BACKG_PAR_TV_5_COM(1.0),A,ITE12,NATIT_B_ABUNTI17,T,Y_UN17,ITL,TOTAL,BPBIT,ALL,2023,79,,,,,,,,,,,,,,
IT1:DF_DCSS_MIGR_BACKG_PAR_TV_5_COM(1.0),A,ITE12,NATIT_B_ABUNTI17,T,Y_UN17,ITL,TOTAL,MBAB_FBIT,ALL,2023,32,,,,,,,,,,,,,,
IT1:DF_DCSS_MIGR_BACKG_PAR_TV_5_COM(1.0),A,ITE12,NATIT_B_ABUNTI17,T,Y_UN17,ITL,TOTAL,MBIT_FBAB,ALL,2023,8,,,,,,,,,,,,,,
IT1:DF_DCSS_MIGR_BACKG_PAR_TV_5_COM(1.0),A,ITE13,NATIT_B_ABUNTI17,T,Y_UN17,ITL,EU27,ALL,ALL,2023,18,,,,,,,,,,,,,,
IT1:DF_DCSS_MIGR_BACKG_PAR_TV_5_COM(1.0),A,ITE13,NATIT_B_ABUNTI17,T,Y_UN17,ITL,EU27,BPBAB,ALL,2023,6,,,,,,,,,,,,,,
IT1:DF_DCSS_MIGR_BACKG_PAR_TV_5_COM(1.0),A,ITE13,NATIT_B_ABUNTI17,T,Y_UN17,ITL,EU27,BPBIT,ALL,2023,7,,,,,,,,,,,,,,
IT1:DF_DCSS_MIGR_BACKG_PAR_TV_5_COM(1.0),A,ITE13,NATIT_B_ABUNTI17,T,Y_UN17,ITL,EU27,MBAB_FBIT,ALL,2023,3,,,,,,,,,,,,,,
IT1:DF_DCSS_MIGR_BACKG_PAR_TV_5_COM(1.0),A,ITE13,NATIT_B_ABUNTI17,T,Y_UN17,ITL,EU27,MBIT_FBAB,ALL,2023,2,,,,,,,,,,,,,,
IT1:DF_DCSS_MIGR_BACKG_PAR_TV_5_COM(1.0),A,ITE13,NATIT_B_ABUNTI17,T,Y_UN17,ITL,EXTEU27,ALL,ALL,2023,151,,,,,,,,,,,,,,
IT1:DF_DCSS_MIGR_BACKG_PAR_TV_5_COM(1.0),A,ITE13,NATIT_B_ABUNTI17,T,Y_UN17,ITL,EXTEU27,BPBAB,ALL,2023,86,,,,,,,,,,,,,,
IT1:DF_DCSS_MIGR_BACKG_PAR_TV_5_COM(1.0),A,ITE13,NATIT_B_ABUNTI17,T,Y_UN17,ITL,EXTEU27,BPBIT,ALL,2023,46,,,,,,,,,,,,,,
IT1:DF_DCSS_MIGR_BACKG_PAR_TV_5_COM(1.0),A,ITE13,NATIT_B_ABUNTI17,T,Y_UN17,ITL,EXTEU27,MBAB_FBIT,ALL,2023,12,,,,,,,,,,,,,,
IT1:DF_DCSS_MIGR_BACKG_PAR_TV_5_COM(1.0),A,ITE13,NATIT_B_ABUNTI17,T,Y_UN17,ITL,EXTEU27,MBIT_FBAB,ALL,2023,7,,,,,,,,,,,,,,
IT1:DF_DCSS_MIGR_BACKG_PAR_TV_5_COM(1.0),A,ITE13,NATIT_B_ABUNTI17,T,Y_UN17,ITL,TOTAL,ALL,ALL,2023,169,,,,,,,,,,,,,,
IT1:DF_DCSS_MIGR_BACKG_PAR_TV_5_COM(1.0),A,ITE13,NATIT_B_ABUNTI17,T,Y_UN17,ITL,TOTAL,BPBAB,ALL,2023,92,,,,,,,,,,,,,,
IT1:DF_DCSS_MIGR_BACKG_PAR_TV_5_COM(1.0),A,ITE13,NATIT_B_ABUNTI17,T,Y_UN17,ITL,TOTAL,BPBIT,ALL,2023,53,,,,,,,,,,,,,,
IT1:DF_DCSS_MIGR_BACKG_PAR_TV_5_COM(1.0),A,ITE13,NATIT_B_ABUNTI17,T,Y_UN17,ITL,TOTAL,MBAB_FBIT,ALL,2023,15,,,,,,,,,,,,,,
IT1:DF_DCSS_MIGR_BACKG_PAR_TV_5_COM(1.0),A,ITE13,NATIT_B_ABUNTI17,T,Y_UN17,ITL,TOTAL,MBIT_FBAB,ALL,2023,9,,,,,,,,,,,,,,
IT1:DF_DCSS_MIGR_BACKG_PAR_TV_5_COM(1.0),A,ITE14,NATIT_B_ABUNTI17,T,Y_UN17,ITL,EU27,ALL,ALL,2023,123,,,ITE14_N1,,,,,,,,,,,
IT1:DF_DCSS_MIGR_BACKG_PAR_TV_5_COM(1.0),A,ITE14,NATIT_B_ABUNTI17,T,Y_UN17,ITL,EU27,BPBAB,ALL,2023,37,,,ITE14_N1,,,,,,,,,,,
IT1:DF_DCSS_MIGR_BACKG_PAR_TV_5_COM(1.0),A,ITE14,NATIT_B_ABUNTI17,T,Y_UN17,ITL,EU27,BPBIT,ALL,2023,50,,,ITE14_N1,,,,,,,,,,,
IT1:DF_DCSS_MIGR_BACKG_PAR_TV_5_COM(1.0),A,ITE14,NATIT_B_ABUNTI17,T,Y_UN17,ITL,EU27,MBAB_FBIT,ALL,2023,23,,,ITE14_N1,,,,,,,,,,,
IT1:DF_DCSS_MIGR_BACKG_PAR_TV_5_COM(1.0),A,ITE14,NATIT_B_ABUNTI17,T,Y_UN17,ITL,EU27,MBIT_FBAB,ALL,2023,13,,,ITE14_N1,,,,,,,,,,,
IT1:DF_DCSS_MIGR_BACKG_PAR_TV_5_COM(1.0),A,ITE14,NATIT_B_ABUNTI17,T,Y_UN17,ITL,EXTEU27,ALL,ALL,2023,866,,,ITE14_N1,,,,,,,,,,,
IT1:DF_DCSS_MIGR_BACKG_PAR_TV_5_COM(1.0),A,ITE14,NATIT_B_ABUNTI17,T,Y_UN17,ITL,EXTEU27,BPBAB,ALL,2023,576,,,ITE14_N1,,,,,,,,,,,
IT1:DF_DCSS_MIGR_BACKG_PAR_TV_5_COM(1.0),A,ITE14,NATIT_B_ABUNTI17,T,Y_UN17,ITL,EXTEU27,BPBIT,ALL,2023,236,,,ITE14_N1,,,,,,,,,,,
IT1:DF_DCSS_MIGR_BACKG_PAR_TV_5_COM(1.0),A,ITE14,NATIT_B_ABUNTI17,T,Y_UN17,ITL,EXTEU27,MBAB_FBIT,ALL,2023,29,,,ITE14_N1,,,,,,,,,,,
IT1:DF_DCSS_MIGR_BACKG_PAR_TV_5_COM(1.0),A,ITE14,NATIT_B_ABUNTI17,T,Y_UN17,ITL,EXTEU27,MBIT_FBAB,ALL,2023,25,,,ITE14_N1,,,,,,,,,,,
IT1:DF_DCSS_MIGR_BACKG_PAR_TV_5_COM(1.0),A,ITE14,NATIT_B_ABUNTI17,T,Y_UN17,ITL,TOTAL,ALL,ALL,2023,989,,,ITE14_N1,,,,,,,,,,,
IT1:DF_DCSS_MIGR_BACKG_PAR_TV_5_COM(1.0),A,ITE14,NATIT_B_ABUNTI17,T,Y_UN17,ITL,TOTAL,BPBAB,ALL,2023,613,,,ITE14_N1,,,,,,,,,,,
IT1:DF_DCSS_MIGR_BACKG_PAR_TV_5_COM(1.0),A,ITE14,NATIT_B_ABUNTI17,T,Y_UN17,ITL,TOTAL,BPBIT,ALL,2023,286,,,ITE14_N1,,,,,,,,,,,
IT1:DF_DCSS_MIGR_BACKG_PAR_TV_5_COM(1.0),A,ITE14,NATIT_B_ABUNTI17,T,Y_UN17,ITL,TOTAL,MBAB_FBIT,ALL,2023,52,,,ITE14_N1,,,,,,,,,,,
IT1:DF_DCSS_MIGR_BACKG_PAR_TV_5_COM(1.0),A,ITE14,NATIT_B_ABUNTI17,T,Y_UN17,ITL,TOTAL,MBIT_FBAB,ALL,2023,38,,,ITE14_N1,,,,,,,,,,,
IT1:DF_DCSS_MIGR_BACKG_PAR_TV_5_COM(1.0),A,ITE15,NATIT_B_ABUNTI17,T,Y_UN17,ITL,EU27,ALL,ALL,2023,14,,,,,,,,,,,,,,
IT1:DF_DCSS_MIGR_BACKG_PAR_TV_5_COM(1.0),A,ITE15,NATIT_B_ABUNTI17,T,Y_UN17,ITL,EU27,BPBAB,ALL,2023,3,,,,,,,,,,,,,,
IT1:DF_DCSS_MIGR_BACKG_PAR_TV_5_COM(1.0),A,ITE15,NATIT_B_ABUNTI17,T,Y_UN17,ITL,EU27,BPBIT,ALL,2023,8,,,,,,,,,,,,,,
IT1:DF_DCSS_MIGR_BACKG_PAR_TV_5_COM(1.0),A,ITE15,NATIT_B_ABUNTI17,T,Y_UN17,ITL,EU27,MBAB_FBIT,ALL,2023,3,,,,,,,,,,,,,,
IT1:DF_DCSS_MIGR_BACKG_PAR_TV_5_COM(1.0),A,ITE15,NATIT_B_ABUNTI17,T,Y_UN17,ITL,EXTEU27,ALL,ALL,2023,254,,,,,,,,,,,,,,
IT1:DF_DCSS_MIGR_BACKG_PAR_TV_5_COM(1.0),A,ITE15,NATIT_B_ABUNTI17,T,Y_UN17,ITL,EXTEU27,BPBAB,ALL,2023,183,,,,,,,,,,,,,,
IT1:DF_DCSS_MIGR_BACKG_PAR_TV_5_COM(1.0),A,ITE15,NATIT_B_ABUNTI17,T,Y_UN17,ITL,EXTEU27,BPBIT,ALL,2023,54,,,,,,,,,,,,,,
IT1:DF_DCSS_MIGR_BACKG_PAR_TV_5_COM(1.0),A,ITE15,NATIT_B_ABUNTI17,T,Y_UN17,ITL,EXTEU27,MBAB_FBIT,ALL,2023,10,,,,,,,,,,,,,,
IT1:DF_DCSS_MIGR_BACKG_PAR_TV_5_COM(1.0),A,ITE15,NATIT_B_ABUNTI17,T,Y_UN17,ITL,EXTEU27,MBIT_FBAB,ALL,2023,7,,,,,,,,,,,,,,
IT1:DF_DCSS_MIGR_BACKG_PAR_TV_5_COM(1.0),A,ITE15,NATIT_B_ABUNTI17,T,Y_UN17,ITL,TOTAL,ALL,ALL,2023,268,,,,,,,,,,,,,,
IT1:DF_DCSS_MIGR_BACKG_PAR_TV_5_COM(1.0),A,ITE15,NATIT_B_ABUNTI17,T,Y_UN17,ITL,TOTAL,BPBAB,ALL,2023,186,,,,,,,,,,,,,,
IT1:DF_DCSS_MIGR_BACKG_PAR_TV_5_COM(1.0),A,ITE15,NATIT_B_ABUNTI17,T,Y_UN17,ITL,TOTAL,BPBIT,ALL,2023,62,,,,,,,,,,,,,,
IT1:DF_DCSS_MIGR_BACKG_PAR_TV_5_COM(1.0),A,ITE15,NATIT_B_ABUNTI17,T,Y_UN17,ITL,TOTAL,MBAB_FBIT,ALL,2023,13,,,,,,,,,,,,,,
IT1:DF_DCSS_MIGR_BACKG_PAR_TV_5_COM(1.0),A,ITE15,NATIT_B_ABUNTI17,T,Y_UN17,ITL,TOTAL,MBIT_FBAB,ALL,2023,7,,,,,,,,,,,,,,
IT1:DF_DCSS_MIGR_BACKG_PAR_TV_5_COM(1.0),A,ITE16,NATIT_B_ABUNTI17,T,Y_UN17,ITL,EU27,ALL,ALL,2023,26,,,,,,,,,,,,,,
IT1:DF_DCSS_MIGR_BACKG_PAR_TV_5_COM(1.0),A,ITE16,NATIT_B_ABUNTI17,T,Y_UN17,ITL,EU27,BPBAB,ALL,2023,10,,,,,,,,,,,,,,
IT1:DF_DCSS_MIGR_BACKG_PAR_TV_5_COM(1.0),A,ITE16,NATIT_B_ABUNTI17,T,Y_UN17,ITL,EU27,BPBIT,ALL,2023,10,,,,,,,,,,,,,,
IT1:DF_DCSS_MIGR_BACKG_PAR_TV_5_COM(1.0),A,ITE16,NATIT_B_ABUNTI17,T,Y_UN17,ITL,EU27,MBAB_FBIT,ALL,2023,5,,,,,,,,,,,,,,
IT1:DF_DCSS_MIGR_BACKG_PAR_TV_5_COM(1.0),A,ITE16,NATIT_B_ABUNTI17,T,Y_UN17,ITL,EU27,MBIT_FBAB,ALL,2023,1,,,,,,,,,,,,,,
IT1:DF_DCSS_MIGR_BACKG_PAR_TV_5_COM(1.0),A,ITE16,NATIT_B_ABUNTI17,T,Y_UN17,ITL,EXTEU27,ALL,ALL,2023,245,,,,,,,,,,,,,,
IT1:DF_DCSS_MIGR_BACKG_PAR_TV_5_COM(1.0),A,ITE16,NATIT_B_ABUNTI17,T,Y_UN17,ITL,EXTEU27,BPBAB,ALL,2023,152,,,,,,,,,,,,,,
IT1:DF_DCSS_MIGR_BACKG_PAR_TV_5_COM(1.0),A,ITE16,NATIT_B_ABUNTI17,T,Y_UN17,ITL,EXTEU27,BPBIT,ALL,2023,76,,,,,,,,,,,,,,
IT1:DF_DCSS_MIGR_BACKG_PAR_TV_5_COM(1.0),A,ITE16,NATIT_B_ABUNTI17,T,Y_UN17,ITL,EXTEU27,MBAB_FBIT,ALL,2023,14,,,,,,,,,,,,,,
IT1:DF_DCSS_MIGR_BACKG_PAR_TV_5_COM(1.0),A,ITE16,NATIT_B_ABUNTI17,T,Y_UN17,ITL,EXTEU27,MBIT_FBAB,ALL,2023,3,,,,,,,,,,,,,,
IT1:DF_DCSS_MIGR_BACKG_PAR_TV_5_COM(1.0),A,ITE16,NATIT_B_ABUNTI17,T,Y_UN17,ITL,TOTAL,ALL,ALL,2023,271,,,,,,,,,,,,,,
IT1:DF_DCSS_MIGR_BACKG_PAR_TV_5_COM(1.0),A,ITE16,NATIT_B_ABUNTI17,T,Y_UN17,ITL,TOTAL,BPBAB,ALL,2023,162,,,,,,,,,,,,,,
IT1:DF_DCSS_MIGR_BACKG_PAR_TV_5_COM(1.0),A,ITE16,NATIT_B_ABUNTI17,T,Y_UN17,ITL,TOTAL,BPBIT,ALL,2023,86,,,,,,,,,,,,,,
IT1:DF_DCSS_MIGR_BACKG_PAR_TV_5_COM(1.0),A,ITE16,NATIT_B_ABUNTI17,T,Y_UN17,ITL,TOTAL,MBAB_FBIT,ALL,2023,19,,,,,,,,,,,,,,
IT1:DF_DCSS_MIGR_BACKG_PAR_TV_5_COM(1.0),A,ITE16,NATIT_B_ABUNTI17,T,Y_UN17,ITL,TOTAL,MBIT_FBAB,ALL,2023,4,,,,,,,,,,,,,,
IT1:DF_DCSS_MIGR_BACKG_PAR_TV_5_COM(1.0),A,ITE17,NATIT_B_ABUNTI17,T,Y_UN17,ITL,EU27,ALL,ALL,2023,31,,,,,,,,,,,,,,
IT1:DF_DCSS_MIGR_BACKG_PAR_TV_5_COM(1.0),A,ITE17,NATIT_B_ABUNTI17,T,Y_UN17,ITL,EU27,BPBAB,ALL,2023,3,,,,,,,,,,,,,,
IT1:DF_DCSS_MIGR_BACKG_PAR_TV_5_COM(1.0),A,ITE17,NATIT_B_ABUNTI17,T,Y_UN17,ITL,EU27,BPBIT,ALL,2023,18,,,,,,,,,,,,,,
IT1:DF_DCSS_MIGR_BACKG_PAR_TV_5_COM(1.0),A,ITE17,NATIT_B_ABUNTI17,T,Y_UN17,ITL,EU27,MBAB_FBIT,ALL,2023,7,,,,,,,,,,,,,,
IT1:DF_DCSS_MIGR_BACKG_PAR_TV_5_COM(1.0),A,ITE17,NATIT_B_ABUNTI17,T,Y_UN17,ITL,EU27,MBIT_FBAB,ALL,2023,3,,,,,,,,,,,,,,
IT1:DF_DCSS_MIGR_BACKG_PAR_TV_5_COM(1.0),A,ITE17,NATIT_B_ABUNTI17,T,Y_UN17,ITL,EXTEU27,ALL,ALL,2023,398,,,,,,,,,,,,,,
IT1:DF_DCSS_MIGR_BACKG_PAR_TV_5_COM(1.0),A,ITE17,NATIT_B_ABUNTI17,T,Y_UN17,ITL,EXTEU27,BPBAB,ALL,2023,274,,,,,,,,,,,,,,
IT1:DF_DCSS_MIGR_BACKG_PAR_TV_5_COM(1.0),A,ITE17,NATIT_B_ABUNTI17,T,Y_UN17,ITL,EXTEU27,BPBIT,ALL,2023,87,,,,,,,,,,,,,,
IT1:DF_DCSS_MIGR_BACKG_PAR_TV_5_COM(1.0),A,ITE17,NATIT_B_ABUNTI17,T,Y_UN17,ITL,EXTEU27,MBAB_FBIT,ALL,2023,25,,,,,,,,,,,,,,
IT1:DF_DCSS_MIGR_BACKG_PAR_TV_5_COM(1.0),A,ITE17,NATIT_B_ABUNTI17,T,Y_UN17,ITL,EXTEU27,MBIT_FBAB,ALL,2023,12,,,,,,,,,,,,,,
IT1:DF_DCSS_MIGR_BACKG_PAR_TV_5_COM(1.0),A,ITE17,NATIT_B_ABUNTI17,T,Y_UN17,ITL,TOTAL,ALL,ALL,2023,429,,,,,,,,,,,,,,
IT1:DF_DCSS_MIGR_BACKG_PAR_TV_5_COM(1.0),A,ITE17,NATIT_B_ABUNTI17,T,Y_UN17,ITL,TOTAL,BPBAB,ALL,2023,277,,,,,,,,,,,,,,
IT1:DF_DCSS_MIGR_BACKG_PAR_TV_5_COM(1.0),A,ITE17,NATIT_B_ABUNTI17,T,Y_UN17,ITL,TOTAL,BPBIT,ALL,2023,105,,,,,,,,,,,,,,
IT1:DF_DCSS_MIGR_BACKG_PAR_TV_5_COM(1.0),A,ITE17,NATIT_B_ABUNTI17,T,Y_UN17,ITL,TOTAL,MBAB_FBIT,ALL,2023,32,,,,,,,,,,,,,,
IT1:DF_DCSS_MIGR_BACKG_PAR_TV_5_COM(1.0),A,ITE17,NATIT_B_ABUNTI17,T,Y_UN17,ITL,TOTAL,MBIT_FBAB,ALL,2023,15,,,,,,,,,,,,,,
IT1:DF_DCSS_MIGR_BACKG_PAR_TV_5_COM(1.0),A,ITE18,NATIT_B_ABUNTI17,T,Y_UN17,ITL,EU27,ALL,ALL,2023,41,,,,,,,,,,,,,,
IT1:DF_DCSS_MIGR_BACKG_PAR_TV_5_COM(1.0),A,ITE18,NATIT_B_ABUNTI17,T,Y_UN17,ITL,EU27,BPBAB,ALL,2023,19,,,,,,,,,,,,,,
IT1:DF_DCSS_MIGR_BACKG_PAR_TV_5_COM(1.0),A,ITE18,NATIT_B_ABUNTI17,T,Y_UN17,ITL,EU27,BPBIT,ALL,2023,16,,,,,,,,,,,,,,
IT1:DF_DCSS_MIGR_BACKG_PAR_TV_5_COM(1.0),A,ITE18,NATIT_B_ABUNTI17,T,Y_UN17,ITL,EU27,MBAB_FBIT,ALL,2023,4,,,,,,,,,,,,,,
IT1:DF_DCSS_MIGR_BACKG_PAR_TV_5_COM(1.0),A,ITE18,NATIT_B_ABUNTI17,T,Y_UN17,ITL,EU27,MBIT_FBAB,ALL,2023,2,,,,,,,,,,,,,,
IT1:DF_DCSS_MIGR_BACKG_PAR_TV_5_COM(1.0),A,ITE18,NATIT_B_ABUNTI17,T,Y_UN17,ITL,EXTEU27,ALL,ALL,2023,413,,,,,,,,,,,,,,
IT1:DF_DCSS_MIGR_BACKG_PAR_TV_5_COM(1.0),A,ITE18,NATIT_B_ABUNTI17,T,Y_UN17,ITL,EXTEU27,BPBAB,ALL,2023,334,,,,,,,,,,,,,,
IT1:DF_DCSS_MIGR_BACKG_PAR_TV_5_COM(1.0),A,ITE18,NATIT_B_ABUNTI17,T,Y_UN17,ITL,EXTEU27,BPBIT,ALL,2023,52,,,,,,,,,,,,,,
IT1:DF_DCSS_MIGR_BACKG_PAR_TV_5_COM(1.0),A,ITE18,NATIT_B_ABUNTI17,T,Y_UN17,ITL,EXTEU27,MBAB_FBIT,ALL,2023,18,,,,,,,,,,,,,,
IT1:DF_DCSS_MIGR_BACKG_PAR_TV_5_COM(1.0),A,ITE18,NATIT_B_ABUNTI17,T,Y_UN17,ITL,EXTEU27,MBIT_FBAB,ALL,2023,9,,,,,,,,,,,,,,
IT1:DF_DCSS_MIGR_BACKG_PAR_TV_5_COM(1.0),A,ITE18,NATIT_B_ABUNTI17,T,Y_UN17,ITL,TOTAL,ALL,ALL,2023,454,,,,,,,,,,,,,,
IT1:DF_DCSS_MIGR_BACKG_PAR_TV_5_COM(1.0),A,ITE18,NATIT_B_ABUNTI17,T,Y_UN17,ITL,TOTAL,BPBAB,ALL,2023,353,,,,,,,,,,,,,,
IT1:DF_DCSS_MIGR_BACKG_PAR_TV_5_COM(1.0),A,ITE18,NATIT_B_ABUNTI17,T,Y_UN17,ITL,TOTAL,BPBIT,ALL,2023,68,,,,,,,,,,,,,,
IT1:DF_DCSS_MIGR_BACKG_PAR_TV_5_COM(1.0),A,ITE18,NATIT_B_ABUNTI17,T,Y_UN17,ITL,TOTAL,MBAB_FBIT,ALL,2023,22,,,,,,,,,,,,,,
IT1:DF_DCSS_MIGR_BACKG_PAR_TV_5_COM(1.0),A,ITE18,NATIT_B_ABUNTI17,T,Y_UN17,ITL,TOTAL,MBIT_FBAB,ALL,2023,11,,,,,,,,,,,,,,
IT1:DF_DCSS_MIGR_BACKG_PAR_TV_5_COM(1.0),A,ITE19,NATIT_B_ABUNTI17,T,Y_UN17,ITL,EU27,ALL,ALL,2023,27,,,,,,,,,,,,,,
IT1:DF_DCSS_MIGR_BACKG_PAR_TV_5_COM(1.0),A,ITE19,NATIT_B_ABUNTI17,T,Y_UN17,ITL,EU27,BPBAB,ALL,2023,12,,,,,,,,,,,,,,
IT1:DF_DCSS_MIGR_BACKG_PAR_TV_5_COM(1.0),A,ITE19,NATIT_B_ABUNTI17,T,Y_UN17,ITL,EU27,BPBIT,ALL,2023,11,,,,,,,,,,,,,,
IT1:DF_DCSS_MIGR_BACKG_PAR_TV_5_COM(1.0),A,ITE19,NATIT_B_ABUNTI17,T,Y_UN17,ITL,EU27,MBAB_FBIT,ALL,2023,3,,,,,,,,,,,,,,
IT1:DF_DCSS_MIGR_BACKG_PAR_TV_5_COM(1.0),A,ITE19,NATIT_B_ABUNTI17,T,Y_UN17,ITL,EU27,MBIT_FBAB,ALL,2023,1,,,,,,,,,,,,,,
IT1:DF_DCSS_MIGR_BACKG_PAR_TV_5_COM(1.0),A,ITE19,NATIT_B_ABUNTI17,T,Y_UN17,ITL,EXTEU27,ALL,ALL,2023,285,,,,,,,,,,,,,,
IT1:DF_DCSS_MIGR_BACKG_PAR_TV_5_COM(1.0),A,ITE19,NATIT_B_ABUNTI17,T,Y_UN17,ITL,EXTEU27,BPBAB,ALL,2023,220,,,,,,,,,,,,,,
IT1:DF_DCSS_MIGR_BACKG_PAR_TV_5_COM(1.0),A,ITE19,NATIT_B_ABUNTI17,T,Y_UN17,ITL,EXTEU27,BPBIT,ALL,2023,45,,,,,,,,,,,,,,
IT1:DF_DCSS_MIGR_BACKG_PAR_TV_5_COM(1.0),A,ITE19,NATIT_B_ABUNTI17,T,Y_UN17,ITL,EXTEU27,MBAB_FBIT,ALL,2023,9,,,,,,,,,,,,,,
IT1:DF_DCSS_MIGR_BACKG_PAR_TV_5_COM(1.0),A,ITE19,NATIT_B_ABUNTI17,T,Y_UN17,ITL,EXTEU27,MBIT_FBAB,ALL,2023,11,,,,,,,,,,,,,,
IT1:DF_DCSS_MIGR_BACKG_PAR_TV_5_COM(1.0),A,ITE19,NATIT_B_ABUNTI17,T,Y_UN17,ITL,TOTAL,ALL,ALL,2023,312,,,,,,,,,,,,,,
IT1:DF_DCSS_MIGR_BACKG_PAR_TV_5_COM(1.0),A,ITE19,NATIT_B_ABUNTI17,T,Y_UN17,ITL,TOTAL,BPBAB,ALL,2023,232,,,,,,,,,,,,,,
IT1:DF_DCSS_MIGR_BACKG_PAR_TV_5_COM(1.0),A,ITE19,NATIT_B_ABUNTI17,T,Y_UN17,ITL,TOTAL,BPBIT,ALL,2023,56,,,,,,,,,,,,,,
IT1:DF_DCSS_MIGR_BACKG_PAR_TV_5_COM(1.0),A,ITE19,NATIT_B_ABUNTI17,T,Y_UN17,ITL,TOTAL,MBAB_FBIT,ALL,2023,12,,,,,,,,,,,,,,
IT1:DF_DCSS_MIGR_BACKG_PAR_TV_5_COM(1.0),A,ITE19,NATIT_B_ABUNTI17,T,Y_UN17,ITL,TOTAL,MBIT_FBAB,ALL,2023,12,,,,,,,,,,,,,,
IT1:DF_DCSS_MIGR_BACKG_PAR_TV_5_COM(1.0),A,ITE1A,NATIT_B_ABUNTI17,T,Y_UN17,ITL,EU27,ALL,ALL,2023,25,,,,,,,,,,,,,,
IT1:DF_DCSS_MIGR_BACKG_PAR_TV_5_COM(1.0),A,ITE1A,NATIT_B_ABUNTI17,T,Y_UN17,ITL,EU27,BPBAB,ALL,2023,14,,,,,,,,,,,,,,
IT1:DF_DCSS_MIGR_BACKG_PAR_TV_5_COM(1.0),A,ITE1A,NATIT_B_ABUNTI17,T,Y_UN17,ITL,EU27,BPBIT,ALL,2023,9,,,,,,,,,,,,,,
IT1:DF_DCSS_MIGR_BACKG_PAR_TV_5_COM(1.0),A,ITE1A,NATIT_B_ABUNTI17,T,Y_UN17,ITL,EU27,MBAB_FBIT,ALL,2023,2,,,,,,,,,,,,,,
IT1:DF_DCSS_MIGR_BACKG_PAR_TV_5_COM(1.0),A,ITE1A,NATIT_B_ABUNTI17,T,Y_UN17,ITL,EXTEU27,ALL,ALL,2023,184,,,,,,,,,,,,,,
IT1:DF_DCSS_MIGR_BACKG_PAR_TV_5_COM(1.0),A,ITE1A,NATIT_B_ABUNTI17,T,Y_UN17,ITL,EXTEU27,BPBAB,ALL,2023,140,,,,,,,,,,,,,,
IT1:DF_DCSS_MIGR_BACKG_PAR_TV_5_COM(1.0),A,ITE1A,NATIT_B_ABUNTI17,T,Y_UN17,ITL,EXTEU27,BPBIT,ALL,2023,31,,,,,,,,,,,,,,
IT1:DF_DCSS_MIGR_BACKG_PAR_TV_5_COM(1.0),A,ITE1A,NATIT_B_ABUNTI17,T,Y_UN17,ITL,EXTEU27,MBAB_FBIT,ALL,2023,7,,,,,,,,,,,,,,
IT1:DF_DCSS_MIGR_BACKG_PAR_TV_5_COM(1.0),A,ITE1A,NATIT_B_ABUNTI17,T,Y_UN17,ITL,EXTEU27,MBIT_FBAB,ALL,2023,6,,,,,,,,,,,,,,
IT1:DF_DCSS_MIGR_BACKG_PAR_TV_5_COM(1.0),A,ITE1A,NATIT_B_ABUNTI17,T,Y_UN17,ITL,TOTAL,ALL,ALL,2023,209,,,,,,,,,,,,,,
IT1:DF_DCSS_MIGR_BACKG_PAR_TV_5_COM(1.0),A,ITE1A,NATIT_B_ABUNTI17,T,Y_UN17,ITL,TOTAL,BPBAB,ALL,2023,154,,,,,,,,,,,,,,
IT1:DF_DCSS_MIGR_BACKG_PAR_TV_5_COM(1.0),A,ITE1A,NATIT_B_ABUNTI17,T,Y_UN17,ITL,TOTAL,BPBIT,ALL,2023,40,,,,,,,,,,,,,,
IT1:DF_DCSS_MIGR_BACKG_PAR_TV_5_COM(1.0),A,ITE1A,NATIT_B_ABUNTI17,T,Y_UN17,ITL,TOTAL,MBAB_FBIT,ALL,2023,9,,,,,,,,,,,,,,
IT1:DF_DCSS_MIGR_BACKG_PAR_TV_5_COM(1.0),A,ITE1A,NATIT_B_ABUNTI17,T,Y_UN17,ITL,TOTAL,MBIT_FBAB,ALL,2023,6,,,,,,,,,,,,,,
IT1:DF_DCSS_MIGR_BACKG_PAR_TV_5_COM(1.0),A,ITE21,NATIT_B_ABUNTI17,T,Y_UN17,ITL,EU27,ALL,ALL,2023,36,,,,,,,,,,,,,,
IT1:DF_DCSS_MIGR_BACKG_PAR_TV_5_COM(1.0),A,ITE21,NATIT_B_ABUNTI17,T,Y_UN17,ITL,EU27,BPBAB,ALL,2023,15,,,,,,,,,,,,,,
IT1:DF_DCSS_MIGR_BACKG_PAR_TV_5_COM(1.0),A,ITE21,NATIT_B_ABUNTI17,T,Y_UN17,ITL,EU27,BPBIT,ALL,2023,11,,,,,,,,,,,,,,
IT1:DF_DCSS_MIGR_BACKG_PAR_TV_5_COM(1.0),A,ITE21,NATIT_B_ABUNTI17,T,Y_UN17,ITL,EU27,MBAB_FBIT,ALL,2023,8,,,,,,,,,,,,,,
IT1:DF_DCSS_MIGR_BACKG_PAR_TV_5_COM(1.0),A,ITE21,NATIT_B_ABUNTI17,T,Y_UN17,ITL,EU27,MBIT_FBAB,ALL,2023,2,,,,,,,,,,,,,,
IT1:DF_DCSS_MIGR_BACKG_PAR_TV_5_COM(1.0),A,ITE21,NATIT_B_ABUNTI17,T,Y_UN17,ITL,EXTEU27,ALL,ALL,2023,411,,,,,,,,,,,,,,
IT1:DF_DCSS_MIGR_BACKG_PAR_TV_5_COM(1.0),A,ITE21,NATIT_B_ABUNTI17,T,Y_UN17,ITL,EXTEU27,BPBAB,ALL,2023,294,,,,,,,,,,,,,,
IT1:DF_DCSS_MIGR_BACKG_PAR_TV_5_COM(1.0),A,ITE21,NATIT_B_ABUNTI17,T,Y_UN17,ITL,EXTEU27,BPBIT,ALL,2023,87,,,,,,,,,,,,,,
IT1:DF_DCSS_MIGR_BACKG_PAR_TV_5_COM(1.0),A,ITE21,NATIT_B_ABUNTI17,T,Y_UN17,ITL,EXTEU27,MBAB_FBIT,ALL,2023,19,,,,,,,,,,,,,,
IT1:DF_DCSS_MIGR_BACKG_PAR_TV_5_COM(1.0),A,ITE21,NATIT_B_ABUNTI17,T,Y_UN17,ITL,EXTEU27,MBIT_FBAB,ALL,2023,11,,,,,,,,,,,,,,
IT1:DF_DCSS_MIGR_BACKG_PAR_TV_5_COM(1.0),A,ITE21,NATIT_B_ABUNTI17,T,Y_UN17,ITL,TOTAL,ALL,ALL,2023,447,,,,,,,,,,,,,,
IT1:DF_DCSS_MIGR_BACKG_PAR_TV_5_COM(1.0),A,ITE21,NATIT_B_ABUNTI17,T,Y_UN17,ITL,TOTAL,BPBAB,ALL,2023,309,,,,,,,,,,,,,,
IT1:DF_DCSS_MIGR_BACKG_PAR_TV_5_COM(1.0),A,ITE21,NATIT_B_ABUNTI17,T,Y_UN17,ITL,TOTAL,BPBIT,ALL,2023,98,,,,,,,,,,,,,,
IT1:DF_DCSS_MIGR_BACKG_PAR_TV_5_COM(1.0),A,ITE21,NATIT_B_ABUNTI17,T,Y_UN17,ITL,TOTAL,MBAB_FBIT,ALL,2023,27,,,,,,,,,,,,,,
IT1:DF_DCSS_MIGR_BACKG_PAR_TV_5_COM(1.0),A,ITE21,NATIT_B_ABUNTI17,T,Y_UN17,ITL,TOTAL,MBIT_FBAB,ALL,2023,13,,,,,,,,,,,,,,
IT1:DF_DCSS_MIGR_BACKG_PAR_TV_5_COM(1.0),A,ITE22,NATIT_B_ABUNTI17,T,Y_UN17,ITL,EU27,ALL,ALL,2023,14,,,,,,,,,,,,,,
IT1:DF_DCSS_MIGR_BACKG_PAR_TV_5_COM(1.0),A,ITE22,NATIT_B_ABUNTI17,T,Y_UN17,ITL,EU27,BPBAB,ALL,2023,6,,,,,,,,,,,,,,
IT1:DF_DCSS_MIGR_BACKG_PAR_TV_5_COM(1.0),A,ITE22,NATIT_B_ABUNTI17,T,Y_UN17,ITL,EU27,MBAB_FBIT,ALL,2023,4,,,,,,,,,,,,,,
IT1:DF_DCSS_MIGR_BACKG_PAR_TV_5_COM(1.0),A,ITE22,NATIT_B_ABUNTI17,T,Y_UN17,ITL,EU27,MBIT_FBAB,ALL,2023,4,,,,,,,,,,,,,,
IT1:DF_DCSS_MIGR_BACKG_PAR_TV_5_COM(1.0),A,ITE22,NATIT_B_ABUNTI17,T,Y_UN17,ITL,EXTEU27,ALL,ALL,2023,166,,,,,,,,,,,,,,
IT1:DF_DCSS_MIGR_BACKG_PAR_TV_5_COM(1.0),A,ITE22,NATIT_B_ABUNTI17,T,Y_UN17,ITL,EXTEU27,BPBAB,ALL,2023,111,,,,,,,,,,,,,,
IT1:DF_DCSS_MIGR_BACKG_PAR_TV_5_COM(1.0),A,ITE22,NATIT_B_ABUNTI17,T,Y_UN17,ITL,EXTEU27,BPBIT,ALL,2023,42,,,,,,,,,,,,,,
IT1:DF_DCSS_MIGR_BACKG_PAR_TV_5_COM(1.0),A,ITE22,NATIT_B_ABUNTI17,T,Y_UN17,ITL,EXTEU27,MBAB_FBIT,ALL,2023,9,,,,,,,,,,,,,,
IT1:DF_DCSS_MIGR_BACKG_PAR_TV_5_COM(1.0),A,ITE22,NATIT_B_ABUNTI17,T,Y_UN17,ITL,EXTEU27,MBIT_FBAB,ALL,2023,4,,,,,,,,,,,,,,
IT1:DF_DCSS_MIGR_BACKG_PAR_TV_5_COM(1.0),A,ITE22,NATIT_B_ABUNTI17,T,Y_UN17,ITL,TOTAL,ALL,ALL,2023,180,,,,,,,,,,,,,,
IT1:DF_DCSS_MIGR_BACKG_PAR_TV_5_COM(1.0),A,ITE22,NATIT_B_ABUNTI17,T,Y_UN17,ITL,TOTAL,BPBAB,ALL,2023,117,,,,,,,,,,,,,,
IT1:DF_DCSS_MIGR_BACKG_PAR_TV_5_COM(1.0),A,ITE22,NATIT_B_ABUNTI17,T,Y_UN17,ITL,TOTAL,BPBIT,ALL,2023,42,,,,,,,,,,,,,,
IT1:DF_DCSS_MIGR_BACKG_PAR_TV_5_COM(1.0),A,ITE22,NATIT_B_ABUNTI17,T,Y_UN17,ITL,TOTAL,MBAB_FBIT,ALL,2023,13,,,,,,,,,,,,,,
IT1:DF_DCSS_MIGR_BACKG_PAR_TV_5_COM(1.0),A,ITE22,NATIT_B_ABUNTI17,T,Y_UN17,ITL,TOTAL,MBIT_FBAB,ALL,2023,8,,,,,,,,,,,,,,
IT1:DF_DCSS_MIGR_BACKG_PAR_TV_5_COM(1.0),A,ITE31,NATIT_B_ABUNTI17,T,Y_UN17,ITL,EU27,ALL,ALL,2023,29,,,,,,,,,,,,,,
IT1:DF_DCSS_MIGR_BACKG_PAR_TV_5_COM(1.0),A,ITE31,NATIT_B_ABUNTI17,T,Y_UN17,ITL,EU27,BPBAB,ALL,2023,15,,,,,,,,,,,,,,
IT1:DF_DCSS_MIGR_BACKG_PAR_TV_5_COM(1.0),A,ITE31,NATIT_B_ABUNTI17,T,Y_UN17,ITL,EU27,BPBIT,ALL,2023,8,,,,,,,,,,,,,,
IT1:DF_DCSS_MIGR_BACKG_PAR_TV_5_COM(1.0),A,ITE31,NATIT_B_ABUNTI17,T,Y_UN17,ITL,EU27,MBAB_FBIT,ALL,2023,4,,,,,,,,,,,,,,
IT1:DF_DCSS_MIGR_BACKG_PAR_TV_5_COM(1.0),A,ITE31,NATIT_B_ABUNTI17,T,Y_UN17,ITL,EU27,MBIT_FBAB,ALL,2023,2,,,,,,,,,,,,,,
IT1:DF_DCSS_MIGR_BACKG_PAR_TV_5_COM(1.0),A,ITE31,NATIT_B_ABUNTI17,T,Y_UN17,ITL,EXTEU27,ALL,ALL,2023,235,,,,,,,,,,,,,,
IT1:DF_DCSS_MIGR_BACKG_PAR_TV_5_COM(1.0),A,ITE31,NATIT_B_ABUNTI17,T,Y_UN17,ITL,EXTEU27,BPBAB,ALL,2023,179,,,,,,,,,,,,,,
IT1:DF_DCSS_MIGR_BACKG_PAR_TV_5_COM(1.0),A,ITE31,NATIT_B_ABUNTI17,T,Y_UN17,ITL,EXTEU27,BPBIT,ALL,2023,32,,,,,,,,,,,,,,
IT1:DF_DCSS_MIGR_BACKG_PAR_TV_5_COM(1.0),A,ITE31,NATIT_B_ABUNTI17,T,Y_UN17,ITL,EXTEU27,MBAB_FBIT,ALL,2023,15,,,,,,,,,,,,,,
IT1:DF_DCSS_MIGR_BACKG_PAR_TV_5_COM(1.0),A,ITE31,NATIT_B_ABUNTI17,T,Y_UN17,ITL,EXTEU27,MBIT_FBAB,ALL,2023,9,,,,,,,,,,,,,,
IT1:DF_DCSS_MIGR_BACKG_PAR_TV_5_COM(1.0),A,ITE31,NATIT_B_ABUNTI17,T,Y_UN17,ITL,TOTAL,ALL,ALL,2023,264,,,,,,,,,,,,,,
IT1:DF_DCSS_MIGR_BACKG_PAR_TV_5_COM(1.0),A,ITE31,NATIT_B_ABUNTI17,T,Y_UN17,ITL,TOTAL,BPBAB,ALL,2023,194,,,,,,,,,,,,,,
IT1:DF_DCSS_MIGR_BACKG_PAR_TV_5_COM(1.0),A,ITE31,NATIT_B_ABUNTI17,T,Y_UN17,ITL,TOTAL,BPBIT,ALL,2023,40,,,,,,,,,,,,,,
IT1:DF_DCSS_MIGR_BACKG_PAR_TV_5_COM(1.0),A,ITE31,NATIT_B_ABUNTI17,T,Y_UN17,ITL,TOTAL,MBAB_FBIT,ALL,2023,19,,,,,,,,,,,,,,
IT1:DF_DCSS_MIGR_BACKG_PAR_TV_5_COM(1.0),A,ITE31,NATIT_B_ABUNTI17,T,Y_UN17,ITL,TOTAL,MBIT_FBAB,ALL,2023,11,,,,,,,,,,,,,,
IT1:DF_DCSS_MIGR_BACKG_PAR_TV_5_COM(1.0),A,ITE32,NATIT_B_ABUNTI17,T,Y_UN17,ITL,EU27,ALL,ALL,2023,31,,,,,,,,,,,,,,
IT1:DF_DCSS_MIGR_BACKG_PAR_TV_5_COM(1.0),A,ITE32,NATIT_B_ABUNTI17,T,Y_UN17,ITL,EU27,BPBAB,ALL,2023,15,,,,,,,,,,,,,,
IT1:DF_DCSS_MIGR_BACKG_PAR_TV_5_COM(1.0),A,ITE32,NATIT_B_ABUNTI17,T,Y_UN17,ITL,EU27,BPBIT,ALL,2023,10,,,,,,,,,,,,,,
IT1:DF_DCSS_MIGR_BACKG_PAR_TV_5_COM(1.0),A,ITE32,NATIT_B_ABUNTI17,T,Y_UN17,ITL,EU27,MBAB_FBIT,ALL,2023,4,,,,,,,,,,,,,,
IT1:DF_DCSS_MIGR_BACKG_PAR_TV_5_COM(1.0),A,ITE32,NATIT_B_ABUNTI17,T,Y_UN17,ITL,EU27,MBIT_FBAB,ALL,2023,2,,,,,,,,,,,,,,
IT1:DF_DCSS_MIGR_BACKG_PAR_TV_5_COM(1.0),A,ITE32,NATIT_B_ABUNTI17,T,Y_UN17,ITL,EXTEU27,ALL,ALL,2023,449,,,,,,,,,,,,,,
IT1:DF_DCSS_MIGR_BACKG_PAR_TV_5_COM(1.0),A,ITE32,NATIT_B_ABUNTI17,T,Y_UN17,ITL,EXTEU27,BPBAB,ALL,2023,334,,,,,,,,,,,,,,
IT1:DF_DCSS_MIGR_BACKG_PAR_TV_5_COM(1.0),A,ITE32,NATIT_B_ABUNTI17,T,Y_UN17,ITL,EXTEU27,BPBIT,ALL,2023,77,,,,,,,,,,,,,,
IT1:DF_DCSS_MIGR_BACKG_PAR_TV_5_COM(1.0),A,ITE32,NATIT_B_ABUNTI17,T,Y_UN17,ITL,EXTEU27,MBAB_FBIT,ALL,2023,22,,,,,,,,,,,,,,
IT1:DF_DCSS_MIGR_BACKG_PAR_TV_5_COM(1.0),A,ITE32,NATIT_B_ABUNTI17,T,Y_UN17,ITL,EXTEU27,MBIT_FBAB,ALL,2023,16,,,,,,,,,,,,,,
IT1:DF_DCSS_MIGR_BACKG_PAR_TV_5_COM(1.0),A,ITE32,NATIT_B_ABUNTI17,T,Y_UN17,ITL,TOTAL,ALL,ALL,2023,480,,,,,,,,,,,,,,
IT1:DF_DCSS_MIGR_BACKG_PAR_TV_5_COM(1.0),A,ITE32,NATIT_B_ABUNTI17,T,Y_UN17,ITL,TOTAL,BPBAB,ALL,2023,349,,,,,,,,,,,,,,
IT1:DF_DCSS_MIGR_BACKG_PAR_TV_5_COM(1.0),A,ITE32,NATIT_B_ABUNTI17,T,Y_UN17,ITL,TOTAL,BPBIT,ALL,2023,87,,,,,,,,,,,,,,
IT1:DF_DCSS_MIGR_BACKG_PAR_TV_5_COM(1.0),A,ITE32,NATIT_B_ABUNTI17,T,Y_UN17,ITL,TOTAL,MBAB_FBIT,ALL,2023,26,,,,,,,,,,,,,,
IT1:DF_DCSS_MIGR_BACKG_PAR_TV_5_COM(1.0),A,ITE32,NATIT_B_ABUNTI17,T,Y_UN17,ITL,TOTAL,MBIT_FBAB,ALL,2023,18,,,,,,,,,,,,,,
IT1:DF_DCSS_MIGR_BACKG_PAR_TV_5_COM(1.0),A,ITE33,NATIT_B_ABUNTI17,T,Y_UN17,ITL,EU27,ALL,ALL,2023,59,,,,,,,,,,,,,,
IT1:DF_DCSS_MIGR_BACKG_PAR_TV_5_COM(1.0),A,ITE33,NATIT_B_ABUNTI17,T,Y_UN17,ITL,EU27,BPBAB,ALL,2023,18,,,,,,,,,,,,,,
IT1:DF_DCSS_MIGR_BACKG_PAR_TV_5_COM(1.0),A,ITE33,NATIT_B_ABUNTI17,T,Y_UN17,ITL,EU27,BPBIT,ALL,2023,28,,,,,,,,,,,,,,
IT1:DF_DCSS_MIGR_BACKG_PAR_TV_5_COM(1.0),A,ITE33,NATIT_B_ABUNTI17,T,Y_UN17,ITL,EU27,MBAB_FBIT,ALL,2023,10,,,,,,,,,,,,,,
IT1:DF_DCSS_MIGR_BACKG_PAR_TV_5_COM(1.0),A,ITE33,NATIT_B_ABUNTI17,T,Y_UN17,ITL,EU27,MBIT_FBAB,ALL,2023,3,,,,,,,,,,,,,,
IT1:DF_DCSS_MIGR_BACKG_PAR_TV_5_COM(1.0),A,ITE33,NATIT_B_ABUNTI17,T,Y_UN17,ITL,EXTEU27,ALL,ALL,2023,465,,,,,,,,,,,,,,
IT1:DF_DCSS_MIGR_BACKG_PAR_TV_5_COM(1.0),A,ITE33,NATIT_B_ABUNTI17,T,Y_UN17,ITL,EXTEU27,BPBAB,ALL,2023,380,,,,,,,,,,,,,,
IT1:DF_DCSS_MIGR_BACKG_PAR_TV_5_COM(1.0),A,ITE33,NATIT_B_ABUNTI17,T,Y_UN17,ITL,EXTEU27,BPBIT,ALL,2023,62,,,,,,,,,,,,,,
IT1:DF_DCSS_MIGR_BACKG_PAR_TV_5_COM(1.0),A,ITE33,NATIT_B_ABUNTI17,T,Y_UN17,ITL,EXTEU27,MBAB_FBIT,ALL,2023,8,,,,,,,,,,,,,,
IT1:DF_DCSS_MIGR_BACKG_PAR_TV_5_COM(1.0),A,ITE33,NATIT_B_ABUNTI17,T,Y_UN17,ITL,EXTEU27,MBIT_FBAB,ALL,2023,15,,,,,,,,,,,,,,
IT1:DF_DCSS_MIGR_BACKG_PAR_TV_5_COM(1.0),A,ITE33,NATIT_B_ABUNTI17,T,Y_UN17,ITL,TOTAL,ALL,ALL,2023,524,,,,,,,,,,,,,,
IT1:DF_DCSS_MIGR_BACKG_PAR_TV_5_COM(1.0),A,ITE33,NATIT_B_ABUNTI17,T,Y_UN17,ITL,TOTAL,BPBAB,ALL,2023,398,,,,,,,,,,,,,,
IT1:DF_DCSS_MIGR_BACKG_PAR_TV_5_COM(1.0),A,ITE33,NATIT_B_ABUNTI17,T,Y_UN17,ITL,TOTAL,BPBIT,ALL,2023,90,,,,,,,,,,,,,,
IT1:DF_DCSS_MIGR_BACKG_PAR_TV_5_COM(1.0),A,ITE33,NATIT_B_ABUNTI17,T,Y_UN17,ITL,TOTAL,MBAB_FBIT,ALL,2023,18,,,,,,,,,,,,,,
IT1:DF_DCSS_MIGR_BACKG_PAR_TV_5_COM(1.0),A,ITE33,NATIT_B_ABUNTI17,T,Y_UN17,ITL,TOTAL,MBIT_FBAB,ALL,2023,18,,,,,,,,,,,,,,
IT1:DF_DCSS_MIGR_BACKG_PAR_TV_5_COM(1.0),A,ITE34,NATIT_B_ABUNTI17,T,Y_UN17,ITL,EU27,ALL,ALL,2023,33,,,,,,,,,,,,,,
IT1:DF_DCSS_MIGR_BACKG_PAR_TV_5_COM(1.0),A,ITE34,NATIT_B_ABUNTI17,T,Y_UN17,ITL,EU27,BPBAB,ALL,2023,10,,,,,,,,,,,,,,
IT1:DF_DCSS_MIGR_BACKG_PAR_TV_5_COM(1.0),A,ITE34,NATIT_B_ABUNTI17,T,Y_UN17,ITL,EU27,BPBIT,ALL,2023,19,,,,,,,,,,,,,,
IT1:DF_DCSS_MIGR_BACKG_PAR_TV_5_COM(1.0),A,ITE34,NATIT_B_ABUNTI17,T,Y_UN17,ITL,EU27,MBAB_FBIT,ALL,2023,4,,,,,,,,,,,,,,
IT1:DF_DCSS_MIGR_BACKG_PAR_TV_5_COM(1.0),A,ITE34,NATIT_B_ABUNTI17,T,Y_UN17,ITL,EXTEU27,ALL,ALL,2023,154,,,,,,,,,,,,,,
IT1:DF_DCSS_MIGR_BACKG_PAR_TV_5_COM(1.0),A,ITE34,NATIT_B_ABUNTI17,T,Y_UN17,ITL,EXTEU27,BPBAB,ALL,2023,94,,,,,,,,,,,,,,
IT1:DF_DCSS_MIGR_BACKG_PAR_TV_5_COM(1.0),A,ITE34,NATIT_B_ABUNTI17,T,Y_UN17,ITL,EXTEU27,BPBIT,ALL,2023,30,,,,,,,,,,,,,,
IT1:DF_DCSS_MIGR_BACKG_PAR_TV_5_COM(1.0),A,ITE34,NATIT_B_ABUNTI17,T,Y_UN17,ITL,EXTEU27,MBAB_FBIT,ALL,2023,18,,,,,,,,,,,,,,
IT1:DF_DCSS_MIGR_BACKG_PAR_TV_5_COM(1.0),A,ITE34,NATIT_B_ABUNTI17,T,Y_UN17,ITL,EXTEU27,MBIT_FBAB,ALL,2023,12,,,,,,,,,,,,,,
IT1:DF_DCSS_MIGR_BACKG_PAR_TV_5_COM(1.0),A,ITE34,NATIT_B_ABUNTI17,T,Y_UN17,ITL,TOTAL,ALL,ALL,2023,187,,,,,,,,,,,,,,
IT1:DF_DCSS_MIGR_BACKG_PAR_TV_5_COM(1.0),A,ITE34,NATIT_B_ABUNTI17,T,Y_UN17,ITL,TOTAL,BPBAB,ALL,2023,104,,,,,,,,,,,,,,
IT1:DF_DCSS_MIGR_BACKG_PAR_TV_5_COM(1.0),A,ITE34,NATIT_B_ABUNTI17,T,Y_UN17,ITL,TOTAL,BPBIT,ALL,2023,49,,,,,,,,,,,,,,
IT1:DF_DCSS_MIGR_BACKG_PAR_TV_5_COM(1.0),A,ITE34,NATIT_B_ABUNTI17,T,Y_UN17,ITL,TOTAL,MBAB_FBIT,ALL,2023,22,,,,,,,,,,,,,,
IT1:DF_DCSS_MIGR_BACKG_PAR_TV_5_COM(1.0),A,ITE34,NATIT_B_ABUNTI17,T,Y_UN17,ITL,TOTAL,MBIT_FBAB,ALL,2023,12,,,,,,,,,,,,,,
IT1:DF_DCSS_MIGR_BACKG_PAR_TV_5_COM(1.0),A,ITE41,NATIT_B_ABUNTI17,T,Y_UN17,ITL,EU27,ALL,ALL,2023,10,,,,,,,,,,,,,,
IT1:DF_DCSS_MIGR_BACKG_PAR_TV_5_COM(1.0),A,ITE41,NATIT_B_ABUNTI17,T,Y_UN17,ITL,EU27,BPBAB,ALL,2023,5,,,,,,,,,,,,,,
IT1:DF_DCSS_MIGR_BACKG_PAR_TV_5_COM(1.0),A,ITE41,NATIT_B_ABUNTI17,T,Y_UN17,ITL,EU27,BPBIT,ALL,2023,2,,,,,,,,,,,,,,
IT1:DF_DCSS_MIGR_BACKG_PAR_TV_5_COM(1.0),A,ITE41,NATIT_B_ABUNTI17,T,Y_UN17,ITL,EU27,MBAB_FBIT,ALL,2023,3,,,,,,,,,,,,,,
IT1:DF_DCSS_MIGR_BACKG_PAR_TV_5_COM(1.0),A,ITE41,NATIT_B_ABUNTI17,T,Y_UN17,ITL,EXTEU27,ALL,ALL,2023,114,,,,,,,,,,,,,,
IT1:DF_DCSS_MIGR_BACKG_PAR_TV_5_COM(1.0),A,ITE41,NATIT_B_ABUNTI17,T,Y_UN17,ITL,EXTEU27,BPBAB,ALL,2023,82,,,,,,,,,,,,,,
IT1:DF_DCSS_MIGR_BACKG_PAR_TV_5_COM(1.0),A,ITE41,NATIT_B_ABUNTI17,T,Y_UN17,ITL,EXTEU27,BPBIT,ALL,2023,15,,,,,,,,,,,,,,
IT1:DF_DCSS_MIGR_BACKG_PAR_TV_5_COM(1.0),A,ITE41,NATIT_B_ABUNTI17,T,Y_UN17,ITL,EXTEU27,MBAB_FBIT,ALL,2023,17,,,,,,,,,,,,,,
IT1:DF_DCSS_MIGR_BACKG_PAR_TV_5_COM(1.0),A,ITE41,NATIT_B_ABUNTI17,T,Y_UN17,ITL,TOTAL,ALL,ALL,2023,124,,,,,,,,,,,,,,
IT1:DF_DCSS_MIGR_BACKG_PAR_TV_5_COM(1.0),A,ITE41,NATIT_B_ABUNTI17,T,Y_UN17,ITL,TOTAL,BPBAB,ALL,2023,87,,,,,,,,,,,,,,
IT1:DF_DCSS_MIGR_BACKG_PAR_TV_5_COM(1.0),A,ITE41,NATIT_B_ABUNTI17,T,Y_UN17,ITL,TOTAL,BPBIT,ALL,2023,17,,,,,,,,,,,,,,
IT1:DF_DCSS_MIGR_BACKG_PAR_TV_5_COM(1.0),A,ITE41,NATIT_B_ABUNTI17,T,Y_UN17,ITL,TOTAL,MBAB_FBIT,ALL,2023,20,,,,,,,,,,,,,,
IT1:DF_DCSS_MIGR_BACKG_PAR_TV_5_COM(1.0),A,ITE42,NATIT_B_ABUNTI17,T,Y_UN17,ITL,EU27,ALL,ALL,2023,4,,,,,,,,,,,,,,
IT1:DF_DCSS_MIGR_BACKG_PAR_TV_5_COM(1.0),A,ITE42,NATIT_B_ABUNTI17,T,Y_UN17,ITL,EU27,BPBIT,ALL,2023,1,,,,,,,,,,,,,,
IT1:DF_DCSS_MIGR_BACKG_PAR_TV_5_COM(1.0),A,ITE42,NATIT_B_ABUNTI17,T,Y_UN17,ITL,EU27,MBAB_FBIT,ALL,2023,3,,,,,,,,,,,,,,
IT1:DF_DCSS_MIGR_BACKG_PAR_TV_5_COM(1.0),A,ITE42,NATIT_B_ABUNTI17,T,Y_UN17,ITL,EXTEU27,ALL,ALL,2023,56,,,,,,,,,,,,,,
IT1:DF_DCSS_MIGR_BACKG_PAR_TV_5_COM(1.0),A,ITE42,NATIT_B_ABUNTI17,T,Y_UN17,ITL,EXTEU27,BPBAB,ALL,2023,39,,,,,,,,,,,,,,
IT1:DF_DCSS_MIGR_BACKG_PAR_TV_5_COM(1.0),A,ITE42,NATIT_B_ABUNTI17,T,Y_UN17,ITL,EXTEU27,BPBIT,ALL,2023,7,,,,,,,,,,,,,,
IT1:DF_DCSS_MIGR_BACKG_PAR_TV_5_COM(1.0),A,ITE42,NATIT_B_ABUNTI17,T,Y_UN17,ITL,EXTEU27,MBAB_FBIT,ALL,2023,4,,,,,,,,,,,,,,
IT1:DF_DCSS_MIGR_BACKG_PAR_TV_5_COM(1.0),A,ITE42,NATIT_B_ABUNTI17,T,Y_UN17,ITL,EXTEU27,MBIT_FBAB,ALL,2023,6,,,,,,,,,,,,,,
IT1:DF_DCSS_MIGR_BACKG_PAR_TV_5_COM(1.0),A,ITE42,NATIT_B_ABUNTI17,T,Y_UN17,ITL,TOTAL,ALL,ALL,2023,60,,,,,,,,,,,,,,
IT1:DF_DCSS_MIGR_BACKG_PAR_TV_5_COM(1.0),A,ITE42,NATIT_B_ABUNTI17,T,Y_UN17,ITL,TOTAL,BPBAB,ALL,2023,39,,,,,,,,,,,,,,
IT1:DF_DCSS_MIGR_BACKG_PAR_TV_5_COM(1.0),A,ITE42,NATIT_B_ABUNTI17,T,Y_UN17,ITL,TOTAL,BPBIT,ALL,2023,8,,,,,,,,,,,,,,
IT1:DF_DCSS_MIGR_BACKG_PAR_TV_5_COM(1.0),A,ITE42,NATIT_B_ABUNTI17,T,Y_UN17,ITL,TOTAL,MBAB_FBIT,ALL,2023,7,,,,,,,,,,,,,,
IT1:DF_DCSS_MIGR_BACKG_PAR_TV_5_COM(1.0),A,ITE42,NATIT_B_ABUNTI17,T,Y_UN17,ITL,TOTAL,MBIT_FBAB,ALL,2023,6,,,,,,,,,,,,,,
IT1:DF_DCSS_MIGR_BACKG_PAR_TV_5_COM(1.0),A,ITE43,NATIT_B_ABUNTI17,T,Y_UN17,ITL,EU27,ALL,ALL,2023,181,,,ITE43_N1,,,,,,,,,,,
IT1:DF_DCSS_MIGR_BACKG_PAR_TV_5_COM(1.0),A,ITE43,NATIT_B_ABUNTI17,T,Y_UN17,ITL,EU27,BPBAB,ALL,2023,66,,,ITE43_N1,,,,,,,,,,,
IT1:DF_DCSS_MIGR_BACKG_PAR_TV_5_COM(1.0),A,ITE43,NATIT_B_ABUNTI17,T,Y_UN17,ITL,EU27,BPBIT,ALL,2023,59,,,ITE43_N1,,,,,,,,,,,
IT1:DF_DCSS_MIGR_BACKG_PAR_TV_5_COM(1.0),A,ITE43,NATIT_B_ABUNTI17,T,Y_UN17,ITL,EU27,MBAB_FBIT,ALL,2023,49,,,ITE43_N1,,,,,,,,,,,
IT1:DF_DCSS_MIGR_BACKG_PAR_TV_5_COM(1.0),A,ITE43,NATIT_B_ABUNTI17,T,Y_UN17,ITL,EU27,MBIT_FBAB,ALL,2023,7,,,ITE43_N1,,,,,,,,,,,
IT1:DF_DCSS_MIGR_BACKG_PAR_TV_5_COM(1.0),A,ITE43,NATIT_B_ABUNTI17,T,Y_UN17,ITL,EXTEU27,ALL,ALL,2023,1868,,,ITE43_N1,,,,,,,,,,,
IT1:DF_DCSS_MIGR_BACKG_PAR_TV_5_COM(1.0),A,ITE43,NATIT_B_ABUNTI17,T,Y_UN17,ITL,EXTEU27,BPBAB,ALL,2023,1052,,,ITE43_N1,,,,,,,,,,,
IT1:DF_DCSS_MIGR_BACKG_PAR_TV_5_COM(1.0),A,ITE43,NATIT_B_ABUNTI17,T,Y_UN17,ITL,EXTEU27,BPBIT,ALL,2023,567,,,ITE43_N1,,,,,,,,,,,
IT1:DF_DCSS_MIGR_BACKG_PAR_TV_5_COM(1.0),A,ITE43,NATIT_B_ABUNTI17,T,Y_UN17,ITL,EXTEU27,MBAB_FBIT,ALL,2023,156,,,ITE43_N1,,,,,,,,,,,
IT1:DF_DCSS_MIGR_BACKG_PAR_TV_5_COM(1.0),A,ITE43,NATIT_B_ABUNTI17,T,Y_UN17,ITL,EXTEU27,MBIT_FBAB,ALL,2023,93,,,ITE43_N1,,,,,,,,,,,
IT1:DF_DCSS_MIGR_BACKG_PAR_TV_5_COM(1.0),A,ITE43,NATIT_B_ABUNTI17,T,Y_UN17,ITL,TOTAL,ALL,ALL,2023,2049,,,ITE43_N1,,,,,,,,,,,
IT1:DF_DCSS_MIGR_BACKG_PAR_TV_5_COM(1.0),A,ITE43,NATIT_B_ABUNTI17,T,Y_UN17,ITL,TOTAL,BPBAB,ALL,2023,1118,,,ITE43_N1,,,,,,,,,,,
IT1:DF_DCSS_MIGR_BACKG_PAR_TV_5_COM(1.0),A,ITE43,NATIT_B_ABUNTI17,T,Y_UN17,ITL,TOTAL,BPBIT,ALL,2023,626,,,ITE43_N1,,,,,,,,,,,
IT1:DF_DCSS_MIGR_BACKG_PAR_TV_5_COM(1.0),A,ITE43,NATIT_B_ABUNTI17,T,Y_UN17,ITL,TOTAL,MBAB_FBIT,ALL,2023,205,,,ITE43_N1,,,,,,,,,,,
IT1:DF_DCSS_MIGR_BACKG_PAR_TV_5_COM(1.0),A,ITE43,NATIT_B_ABUNTI17,T,Y_UN17,ITL,TOTAL,MBIT_FBAB,ALL,2023,100,,,ITE43_N1,,,,,,,,,,,
IT1:DF_DCSS_MIGR_BACKG_PAR_TV_5_COM(1.0),A,ITE44,NATIT_B_ABUNTI17,T,Y_UN17,ITL,EU27,ALL,ALL,2023,19,,,,,,,,,,,,,,
IT1:DF_DCSS_MIGR_BACKG_PAR_TV_5_COM(1.0),A,ITE44,NATIT_B_ABUNTI17,T,Y_UN17,ITL,EU27,BPBAB,ALL,2023,8,,,,,,,,,,,,,,
IT1:DF_DCSS_MIGR_BACKG_PAR_TV_5_COM(1.0),A,ITE44,NATIT_B_ABUNTI17,T,Y_UN17,ITL,EU27,BPBIT,ALL,2023,3,,,,,,,,,,,,,,
IT1:DF_DCSS_MIGR_BACKG_PAR_TV_5_COM(1.0),A,ITE44,NATIT_B_ABUNTI17,T,Y_UN17,ITL,EU27,MBAB_FBIT,ALL,2023,4,,,,,,,,,,,,,,
IT1:DF_DCSS_MIGR_BACKG_PAR_TV_5_COM(1.0),A,ITE44,NATIT_B_ABUNTI17,T,Y_UN17,ITL,EU27,MBIT_FBAB,ALL,2023,4,,,,,,,,,,,,,,
IT1:DF_DCSS_MIGR_BACKG_PAR_TV_5_COM(1.0),A,ITE44,NATIT_B_ABUNTI17,T,Y_UN17,ITL,EXTEU27,ALL,ALL,2023,218,,,,,,,,,,,,,,
IT1:DF_DCSS_MIGR_BACKG_PAR_TV_5_COM(1.0),A,ITE44,NATIT_B_ABUNTI17,T,Y_UN17,ITL,EXTEU27,BPBAB,ALL,2023,154,,,,,,,,,,,,,,
IT1:DF_DCSS_MIGR_BACKG_PAR_TV_5_COM(1.0),A,ITE44,NATIT_B_ABUNTI17,T,Y_UN17,ITL,EXTEU27,BPBIT,ALL,2023,33,,,,,,,,,,,,,,
IT1:DF_DCSS_MIGR_BACKG_PAR_TV_5_COM(1.0),A,ITE44,NATIT_B_ABUNTI17,T,Y_UN17,ITL,EXTEU27,MBAB_FBIT,ALL,2023,21,,,,,,,,,,,,,,
IT1:DF_DCSS_MIGR_BACKG_PAR_TV_5_COM(1.0),A,ITE44,NATIT_B_ABUNTI17,T,Y_UN17,ITL,EXTEU27,MBIT_FBAB,ALL,2023,10,,,,,,,,,,,,,,
IT1:DF_DCSS_MIGR_BACKG_PAR_TV_5_COM(1.0),A,ITE44,NATIT_B_ABUNTI17,T,Y_UN17,ITL,TOTAL,ALL,ALL,2023,237,,,,,,,,,,,,,,
IT1:DF_DCSS_MIGR_BACKG_PAR_TV_5_COM(1.0),A,ITE44,NATIT_B_ABUNTI17,T,Y_UN17,ITL,TOTAL,BPBAB,ALL,2023,162,,,,,,,,,,,,,,
IT1:DF_DCSS_MIGR_BACKG_PAR_TV_5_COM(1.0),A,ITE44,NATIT_B_ABUNTI17,T,Y_UN17,ITL,TOTAL,BPBIT,ALL,2023,36,,,,,,,,,,,,,,
IT1:DF_DCSS_MIGR_BACKG_PAR_TV_5_COM(1.0),A,ITE44,NATIT_B_ABUNTI17,T,Y_UN17,ITL,TOTAL,MBAB_FBIT,ALL,2023,25,,,,,,,,,,,,,,
IT1:DF_DCSS_MIGR_BACKG_PAR_TV_5_COM(1.0),A,ITE44,NATIT_B_ABUNTI17,T,Y_UN17,ITL,TOTAL,MBIT_FBAB,ALL,2023,14,,,,,,,,,,,,,,
IT1:DF_DCSS_MIGR_BACKG_PAR_TV_5_COM(1.0),A,ITE45,NATIT_B_ABUNTI17,T,Y_UN17,ITL,EU27,ALL,ALL,2023,18,,,,,,,,,,,,,,
IT1:DF_DCSS_MIGR_BACKG_PAR_TV_5_COM(1.0),A,ITE45,NATIT_B_ABUNTI17,T,Y_UN17,ITL,EU27,BPBAB,ALL,2023,7,,,,,,,,,,,,,,
IT1:DF_DCSS_MIGR_BACKG_PAR_TV_5_COM(1.0),A,ITE45,NATIT_B_ABUNTI17,T,Y_UN17,ITL,EU27,BPBIT,ALL,2023,5,,,,,,,,,,,,,,
IT1:DF_DCSS_MIGR_BACKG_PAR_TV_5_COM(1.0),A,ITE45,NATIT_B_ABUNTI17,T,Y_UN17,ITL,EU27,MBAB_FBIT,ALL,2023,5,,,,,,,,,,,,,,
IT1:DF_DCSS_MIGR_BACKG_PAR_TV_5_COM(1.0),A,ITE45,NATIT_B_ABUNTI17,T,Y_UN17,ITL,EU27,MBIT_FBAB,ALL,2023,1,,,,,,,,,,,,,,
IT1:DF_DCSS_MIGR_BACKG_PAR_TV_5_COM(1.0),A,ITE45,NATIT_B_ABUNTI17,T,Y_UN17,ITL,EXTEU27,ALL,ALL,2023,116,,,,,,,,,,,,,,
IT1:DF_DCSS_MIGR_BACKG_PAR_TV_5_COM(1.0),A,ITE45,NATIT_B_ABUNTI17,T,Y_UN17,ITL,EXTEU27,BPBAB,ALL,2023,71,,,,,,,,,,,,,,
IT1:DF_DCSS_MIGR_BACKG_PAR_TV_5_COM(1.0),A,ITE45,NATIT_B_ABUNTI17,T,Y_UN17,ITL,EXTEU27,BPBIT,ALL,2023,26,,,,,,,,,,,,,,
IT1:DF_DCSS_MIGR_BACKG_PAR_TV_5_COM(1.0),A,ITE45,NATIT_B_ABUNTI17,T,Y_UN17,ITL,EXTEU27,MBAB_FBIT,ALL,2023,10,,,,,,,,,,,,,,
IT1:DF_DCSS_MIGR_BACKG_PAR_TV_5_COM(1.0),A,ITE45,NATIT_B_ABUNTI17,T,Y_UN17,ITL,EXTEU27,MBIT_FBAB,ALL,2023,9,,,,,,,,,,,,,,
IT1:DF_DCSS_MIGR_BACKG_PAR_TV_5_COM(1.0),A,ITE45,NATIT_B_ABUNTI17,T,Y_UN17,ITL,TOTAL,ALL,ALL,2023,134,,,,,,,,,,,,,,
IT1:DF_DCSS_MIGR_BACKG_PAR_TV_5_COM(1.0),A,ITE45,NATIT_B_ABUNTI17,T,Y_UN17,ITL,TOTAL,BPBAB,ALL,2023,78,,,,,,,,,,,,,,
IT1:DF_DCSS_MIGR_BACKG_PAR_TV_5_COM(1.0),A,ITE45,NATIT_B_ABUNTI17,T,Y_UN17,ITL,TOTAL,BPBIT,ALL,2023,31,,,,,,,,,,,,,,
IT1:DF_DCSS_MIGR_BACKG_PAR_TV_5_COM(1.0),A,ITE45,NATIT_B_ABUNTI17,T,Y_UN17,ITL,TOTAL,MBAB_FBIT,ALL,2023,15,,,,,,,,,,,,,,
IT1:DF_DCSS_MIGR_BACKG_PAR_TV_5_COM(1.0),A,ITE45,NATIT_B_ABUNTI17,T,Y_UN17,ITL,TOTAL,MBIT_FBAB,ALL,2023,10,,,,,,,,,,,,,,
IT1:DF_DCSS_MIGR_BACKG_PAR_TV_5_COM(1.0),A,ITF11,NATIT_B_ABUNTI17,T,Y_UN17,ITL,EU27,ALL,ALL,2023,8,,,,,,,,,,,,,,
IT1:DF_DCSS_MIGR_BACKG_PAR_TV_5_COM(1.0),A,ITF11,NATIT_B_ABUNTI17,T,Y_UN17,ITL,EU27,BPBAB,ALL,2023,3,,,,,,,,,,,,,,
IT1:DF_DCSS_MIGR_BACKG_PAR_TV_5_COM(1.0),A,ITF11,NATIT_B_ABUNTI17,T,Y_UN17,ITL,EU27,MBAB_FBIT,ALL,2023,1,,,,,,,,,,,,,,
IT1:DF_DCSS_MIGR_BACKG_PAR_TV_5_COM(1.0),A,ITF11,NATIT_B_ABUNTI17,T,Y_UN17,ITL,EU27,MBIT_FBAB,ALL,2023,4,,,,,,,,,,,,,,
IT1:DF_DCSS_MIGR_BACKG_PAR_TV_5_COM(1.0),A,ITF11,NATIT_B_ABUNTI17,T,Y_UN17,ITL,EXTEU27,ALL,ALL,2023,264,,,,,,,,,,,,,,
IT1:DF_DCSS_MIGR_BACKG_PAR_TV_5_COM(1.0),A,ITF11,NATIT_B_ABUNTI17,T,Y_UN17,ITL,EXTEU27,BPBAB,ALL,2023,229,,,,,,,,,,,,,,
IT1:DF_DCSS_MIGR_BACKG_PAR_TV_5_COM(1.0),A,ITF11,NATIT_B_ABUNTI17,T,Y_UN17,ITL,EXTEU27,BPBIT,ALL,2023,21,,,,,,,,,,,,,,
IT1:DF_DCSS_MIGR_BACKG_PAR_TV_5_COM(1.0),A,ITF11,NATIT_B_ABUNTI17,T,Y_UN17,ITL,EXTEU27,MBAB_FBIT,ALL,2023,10,,,,,,,,,,,,,,
IT1:DF_DCSS_MIGR_BACKG_PAR_TV_5_COM(1.0),A,ITF11,NATIT_B_ABUNTI17,T,Y_UN17,ITL,EXTEU27,MBIT_FBAB,ALL,2023,4,,,,,,,,,,,,,,
IT1:DF_DCSS_MIGR_BACKG_PAR_TV_5_COM(1.0),A,ITF11,NATIT_B_ABUNTI17,T,Y_UN17,ITL,TOTAL,ALL,ALL,2023,272,,,,,,,,,,,,,,
IT1:DF_DCSS_MIGR_BACKG_PAR_TV_5_COM(1.0),A,ITF11,NATIT_B_ABUNTI17,T,Y_UN17,ITL,TOTAL,BPBAB,ALL,2023,232,,,,,,,,,,,,,,
IT1:DF_DCSS_MIGR_BACKG_PAR_TV_5_COM(1.0),A,ITF11,NATIT_B_ABUNTI17,T,Y_UN17,ITL,TOTAL,BPBIT,ALL,2023,21,,,,,,,,,,,,,,
IT1:DF_DCSS_MIGR_BACKG_PAR_TV_5_COM(1.0),A,ITF11,NATIT_B_ABUNTI17,T,Y_UN17,ITL,TOTAL,MBAB_FBIT,ALL,2023,11,,,,,,,,,,,,,,
IT1:DF_DCSS_MIGR_BACKG_PAR_TV_5_COM(1.0),A,ITF11,NATIT_B_ABUNTI17,T,Y_UN17,ITL,TOTAL,MBIT_FBAB,ALL,2023,8,,,,,,,,,,,,,,
IT1:DF_DCSS_MIGR_BACKG_PAR_TV_5_COM(1.0),A,ITF12,NATIT_B_ABUNTI17,T,Y_UN17,ITL,EU27,ALL,ALL,2023,20,,,,,,,,,,,,,,
IT1:DF_DCSS_MIGR_BACKG_PAR_TV_5_COM(1.0),A,ITF12,NATIT_B_ABUNTI17,T,Y_UN17,ITL,EU27,BPBAB,ALL,2023,8,,,,,,,,,,,,,,
IT1:DF_DCSS_MIGR_BACKG_PAR_TV_5_COM(1.0),A,ITF12,NATIT_B_ABUNTI17,T,Y_UN17,ITL,EU27,BPBIT,ALL,2023,5,,,,,,,,,,,,,,
IT1:DF_DCSS_MIGR_BACKG_PAR_TV_5_COM(1.0),A,ITF12,NATIT_B_ABUNTI17,T,Y_UN17,ITL,EU27,MBAB_FBIT,ALL,2023,5,,,,,,,,,,,,,,
IT1:DF_DCSS_MIGR_BACKG_PAR_TV_5_COM(1.0),A,ITF12,NATIT_B_ABUNTI17,T,Y_UN17,ITL,EU27,MBIT_FBAB,ALL,2023,2,,,,,,,,,,,,,,
IT1:DF_DCSS_MIGR_BACKG_PAR_TV_5_COM(1.0),A,ITF12,NATIT_B_ABUNTI17,T,Y_UN17,ITL,EXTEU27,ALL,ALL,2023,162,,,,,,,,,,,,,,
IT1:DF_DCSS_MIGR_BACKG_PAR_TV_5_COM(1.0),A,ITF12,NATIT_B_ABUNTI17,T,Y_UN17,ITL,EXTEU27,BPBAB,ALL,2023,110,,,,,,,,,,,,,,
IT1:DF_DCSS_MIGR_BACKG_PAR_TV_5_COM(1.0),A,ITF12,NATIT_B_ABUNTI17,T,Y_UN17,ITL,EXTEU27,BPBIT,ALL,2023,24,,,,,,,,,,,,,,
IT1:DF_DCSS_MIGR_BACKG_PAR_TV_5_COM(1.0),A,ITF12,NATIT_B_ABUNTI17,T,Y_UN17,ITL,EXTEU27,MBAB_FBIT,ALL,2023,17,,,,,,,,,,,,,,
IT1:DF_DCSS_MIGR_BACKG_PAR_TV_5_COM(1.0),A,ITF12,NATIT_B_ABUNTI17,T,Y_UN17,ITL,EXTEU27,MBIT_FBAB,ALL,2023,11,,,,,,,,,,,,,,
IT1:DF_DCSS_MIGR_BACKG_PAR_TV_5_COM(1.0),A,ITF12,NATIT_B_ABUNTI17,T,Y_UN17,ITL,TOTAL,ALL,ALL,2023,182,,,,,,,,,,,,,,
IT1:DF_DCSS_MIGR_BACKG_PAR_TV_5_COM(1.0),A,ITF12,NATIT_B_ABUNTI17,T,Y_UN17,ITL,TOTAL,BPBAB,ALL,2023,118,,,,,,,,,,,,,,
IT1:DF_DCSS_MIGR_BACKG_PAR_TV_5_COM(1.0),A,ITF12,NATIT_B_ABUNTI17,T,Y_UN17,ITL,TOTAL,BPBIT,ALL,2023,29,,,,,,,,,,,,,,
IT1:DF_DCSS_MIGR_BACKG_PAR_TV_5_COM(1.0),A,ITF12,NATIT_B_ABUNTI17,T,Y_UN17,ITL,TOTAL,MBAB_FBIT,ALL,2023,22,,,,,,,,,,,,,,
IT1:DF_DCSS_MIGR_BACKG_PAR_TV_5_COM(1.0),A,ITF12,NATIT_B_ABUNTI17,T,Y_UN17,ITL,TOTAL,MBIT_FBAB,ALL,2023,13,,,,,,,,,,,,,,
IT1:DF_DCSS_MIGR_BACKG_PAR_TV_5_COM(1.0),A,ITF13,NATIT_B_ABUNTI17,T,Y_UN17,ITL,EU27,ALL,ALL,2023,32,,,,,,,,,,,,,,
IT1:DF_DCSS_MIGR_BACKG_PAR_TV_5_COM(1.0),A,ITF13,NATIT_B_ABUNTI17,T,Y_UN17,ITL,EU27,BPBAB,ALL,2023,18,,,,,,,,,,,,,,
IT1:DF_DCSS_MIGR_BACKG_PAR_TV_5_COM(1.0),A,ITF13,NATIT_B_ABUNTI17,T,Y_UN17,ITL,EU27,BPBIT,ALL,2023,5,,,,,,,,,,,,,,
IT1:DF_DCSS_MIGR_BACKG_PAR_TV_5_COM(1.0),A,ITF13,NATIT_B_ABUNTI17,T,Y_UN17,ITL,EU27,MBAB_FBIT,ALL,2023,7,,,,,,,,,,,,,,
IT1:DF_DCSS_MIGR_BACKG_PAR_TV_5_COM(1.0),A,ITF13,NATIT_B_ABUNTI17,T,Y_UN17,ITL,EU27,MBIT_FBAB,ALL,2023,2,,,,,,,,,,,,,,
IT1:DF_DCSS_MIGR_BACKG_PAR_TV_5_COM(1.0),A,ITF13,NATIT_B_ABUNTI17,T,Y_UN17,ITL,EXTEU27,ALL,ALL,2023,147,,,,,,,,,,,,,,
IT1:DF_DCSS_MIGR_BACKG_PAR_TV_5_COM(1.0),A,ITF13,NATIT_B_ABUNTI17,T,Y_UN17,ITL,EXTEU27,BPBAB,ALL,2023,82,,,,,,,,,,,,,,
IT1:DF_DCSS_MIGR_BACKG_PAR_TV_5_COM(1.0),A,ITF13,NATIT_B_ABUNTI17,T,Y_UN17,ITL,EXTEU27,BPBIT,ALL,2023,30,,,,,,,,,,,,,,
IT1:DF_DCSS_MIGR_BACKG_PAR_TV_5_COM(1.0),A,ITF13,NATIT_B_ABUNTI17,T,Y_UN17,ITL,EXTEU27,MBAB_FBIT,ALL,2023,24,,,,,,,,,,,,,,
IT1:DF_DCSS_MIGR_BACKG_PAR_TV_5_COM(1.0),A,ITF13,NATIT_B_ABUNTI17,T,Y_UN17,ITL,EXTEU27,MBIT_FBAB,ALL,2023,11,,,,,,,,,,,,,,
IT1:DF_DCSS_MIGR_BACKG_PAR_TV_5_COM(1.0),A,ITF13,NATIT_B_ABUNTI17,T,Y_UN17,ITL,TOTAL,ALL,ALL,2023,179,,,,,,,,,,,,,,
IT1:DF_DCSS_MIGR_BACKG_PAR_TV_5_COM(1.0),A,ITF13,NATIT_B_ABUNTI17,T,Y_UN17,ITL,TOTAL,BPBAB,ALL,2023,100,,,,,,,,,,,,,,
IT1:DF_DCSS_MIGR_BACKG_PAR_TV_5_COM(1.0),A,ITF13,NATIT_B_ABUNTI17,T,Y_UN17,ITL,TOTAL,BPBIT,ALL,2023,35,,,,,,,,,,,,,,
IT1:DF_DCSS_MIGR_BACKG_PAR_TV_5_COM(1.0),A,ITF13,NATIT_B_ABUNTI17,T,Y_UN17,ITL,TOTAL,MBAB_FBIT,ALL,2023,31,,,,,,,,,,,,,,
IT1:DF_DCSS_MIGR_BACKG_PAR_TV_5_COM(1.0),A,ITF13,NATIT_B_ABUNTI17,T,Y_UN17,ITL,TOTAL,MBIT_FBAB,ALL,2023,13,,,,,,,,,,,,,,
IT1:DF_DCSS_MIGR_BACKG_PAR_TV_5_COM(1.0),A,ITF14,NATIT_B_ABUNTI17,T,Y_UN17,ITL,EU27,ALL,ALL,2023,34,,,,,,,,,,,,,,
IT1:DF_DCSS_MIGR_BACKG_PAR_TV_5_COM(1.0),A,ITF14,NATIT_B_ABUNTI17,T,Y_UN17,ITL,EU27,BPBAB,ALL,2023,13,,,,,,,,,,,,,,
IT1:DF_DCSS_MIGR_BACKG_PAR_TV_5_COM(1.0),A,ITF14,NATIT_B_ABUNTI17,T,Y_UN17,ITL,EU27,BPBIT,ALL,2023,5,,,,,,,,,,,,,,
IT1:DF_DCSS_MIGR_BACKG_PAR_TV_5_COM(1.0),A,ITF14,NATIT_B_ABUNTI17,T,Y_UN17,ITL,EU27,MBAB_FBIT,ALL,2023,4,,,,,,,,,,,,,,
IT1:DF_DCSS_MIGR_BACKG_PAR_TV_5_COM(1.0),A,ITF14,NATIT_B_ABUNTI17,T,Y_UN17,ITL,EU27,MBIT_FBAB,ALL,2023,12,,,,,,,,,,,,,,
IT1:DF_DCSS_MIGR_BACKG_PAR_TV_5_COM(1.0),A,ITF14,NATIT_B_ABUNTI17,T,Y_UN17,ITL,EXTEU27,ALL,ALL,2023,146,,,,,,,,,,,,,,
IT1:DF_DCSS_MIGR_BACKG_PAR_TV_5_COM(1.0),A,ITF14,NATIT_B_ABUNTI17,T,Y_UN17,ITL,EXTEU27,BPBAB,ALL,2023,97,,,,,,,,,,,,,,
IT1:DF_DCSS_MIGR_BACKG_PAR_TV_5_COM(1.0),A,ITF14,NATIT_B_ABUNTI17,T,Y_UN17,ITL,EXTEU27,BPBIT,ALL,2023,29,,,,,,,,,,,,,,
IT1:DF_DCSS_MIGR_BACKG_PAR_TV_5_COM(1.0),A,ITF14,NATIT_B_ABUNTI17,T,Y_UN17,ITL,EXTEU27,MBAB_FBIT,ALL,2023,15,,,,,,,,,,,,,,
IT1:DF_DCSS_MIGR_BACKG_PAR_TV_5_COM(1.0),A,ITF14,NATIT_B_ABUNTI17,T,Y_UN17,ITL,EXTEU27,MBIT_FBAB,ALL,2023,5,,,,,,,,,,,,,,
IT1:DF_DCSS_MIGR_BACKG_PAR_TV_5_COM(1.0),A,ITF14,NATIT_B_ABUNTI17,T,Y_UN17,ITL,TOTAL,ALL,ALL,2023,180,,,,,,,,,,,,,,
IT1:DF_DCSS_MIGR_BACKG_PAR_TV_5_COM(1.0),A,ITF14,NATIT_B_ABUNTI17,T,Y_UN17,ITL,TOTAL,BPBAB,ALL,2023,110,,,,,,,,,,,,,,
IT1:DF_DCSS_MIGR_BACKG_PAR_TV_5_COM(1.0),A,ITF14,NATIT_B_ABUNTI17,T,Y_UN17,ITL,TOTAL,BPBIT,ALL,2023,34,,,,,,,,,,,,,,
IT1:DF_DCSS_MIGR_BACKG_PAR_TV_5_COM(1.0),A,ITF14,NATIT_B_ABUNTI17,T,Y_UN17,ITL,TOTAL,MBAB_FBIT,ALL,2023,19,,,,,,,,,,,,,,
IT1:DF_DCSS_MIGR_BACKG_PAR_TV_5_COM(1.0),A,ITF14,NATIT_B_ABUNTI17,T,Y_UN17,ITL,TOTAL,MBIT_FBAB,ALL,2023,17,,,,,,,,,,,,,,
IT1:DF_DCSS_MIGR_BACKG_PAR_TV_5_COM(1.0),A,ITF21,NATIT_B_ABUNTI17,T,Y_UN17,ITL,EU27,ALL,ALL,2023,3,,,,,,,,,,,,,,
IT1:DF_DCSS_MIGR_BACKG_PAR_TV_5_COM(1.0),A,ITF21,NATIT_B_ABUNTI17,T,Y_UN17,ITL,EU27,BPBAB,ALL,2023,3,,,,,,,,,,,,,,
IT1:DF_DCSS_MIGR_BACKG_PAR_TV_5_COM(1.0),A,ITF21,NATIT_B_ABUNTI17,T,Y_UN17,ITL,EXTEU27,ALL,ALL,2023,43,,,,,,,,,,,,,,
IT1:DF_DCSS_MIGR_BACKG_PAR_TV_5_COM(1.0),A,ITF21,NATIT_B_ABUNTI17,T,Y_UN17,ITL,EXTEU27,BPBAB,ALL,2023,28,,,,,,,,,,,,,,
IT1:DF_DCSS_MIGR_BACKG_PAR_TV_5_COM(1.0),A,ITF21,NATIT_B_ABUNTI17,T,Y_UN17,ITL,EXTEU27,BPBIT,ALL,2023,12,,,,,,,,,,,,,,
IT1:DF_DCSS_MIGR_BACKG_PAR_TV_5_COM(1.0),A,ITF21,NATIT_B_ABUNTI17,T,Y_UN17,ITL,EXTEU27,MBAB_FBIT,ALL,2023,3,,,,,,,,,,,,,,
IT1:DF_DCSS_MIGR_BACKG_PAR_TV_5_COM(1.0),A,ITF21,NATIT_B_ABUNTI17,T,Y_UN17,ITL,TOTAL,ALL,ALL,2023,46,,,,,,,,,,,,,,
IT1:DF_DCSS_MIGR_BACKG_PAR_TV_5_COM(1.0),A,ITF21,NATIT_B_ABUNTI17,T,Y_UN17,ITL,TOTAL,BPBAB,ALL,2023,31,,,,,,,,,,,,,,
IT1:DF_DCSS_MIGR_BACKG_PAR_TV_5_COM(1.0),A,ITF21,NATIT_B_ABUNTI17,T,Y_UN17,ITL,TOTAL,BPBIT,ALL,2023,12,,,,,,,,,,,,,,
IT1:DF_DCSS_MIGR_BACKG_PAR_TV_5_COM(1.0),A,ITF21,NATIT_B_ABUNTI17,T,Y_UN17,ITL,TOTAL,MBAB_FBIT,ALL,2023,3,,,,,,,,,,,,,,
IT1:DF_DCSS_MIGR_BACKG_PAR_TV_5_COM(1.0),A,ITF22,NATIT_B_ABUNTI17,T,Y_UN17,ITL,EU27,ALL,ALL,2023,23,,,,,,,,,,,,,,
IT1:DF_DCSS_MIGR_BACKG_PAR_TV_5_COM(1.0),A,ITF22,NATIT_B_ABUNTI17,T,Y_UN17,ITL,EU27,BPBAB,ALL,2023,6,,,,,,,,,,,,,,
IT1:DF_DCSS_MIGR_BACKG_PAR_TV_5_COM(1.0),A,ITF22,NATIT_B_ABUNTI17,T,Y_UN17,ITL,EU27,BPBIT,ALL,2023,14,,,,,,,,,,,,,,
IT1:DF_DCSS_MIGR_BACKG_PAR_TV_5_COM(1.0),A,ITF22,NATIT_B_ABUNTI17,T,Y_UN17,ITL,EU27,MBAB_FBIT,ALL,2023,3,,,,,,,,,,,,,,
IT1:DF_DCSS_MIGR_BACKG_PAR_TV_5_COM(1.0),A,ITF22,NATIT_B_ABUNTI17,T,Y_UN17,ITL,EXTEU27,ALL,ALL,2023,162,,,,,,,,,,,,,,
IT1:DF_DCSS_MIGR_BACKG_PAR_TV_5_COM(1.0),A,ITF22,NATIT_B_ABUNTI17,T,Y_UN17,ITL,EXTEU27,BPBAB,ALL,2023,92,,,,,,,,,,,,,,
IT1:DF_DCSS_MIGR_BACKG_PAR_TV_5_COM(1.0),A,ITF22,NATIT_B_ABUNTI17,T,Y_UN17,ITL,EXTEU27,BPBIT,ALL,2023,47,,,,,,,,,,,,,,
IT1:DF_DCSS_MIGR_BACKG_PAR_TV_5_COM(1.0),A,ITF22,NATIT_B_ABUNTI17,T,Y_UN17,ITL,EXTEU27,MBAB_FBIT,ALL,2023,13,,,,,,,,,,,,,,
IT1:DF_DCSS_MIGR_BACKG_PAR_TV_5_COM(1.0),A,ITF22,NATIT_B_ABUNTI17,T,Y_UN17,ITL,EXTEU27,MBIT_FBAB,ALL,2023,10,,,,,,,,,,,,,,
IT1:DF_DCSS_MIGR_BACKG_PAR_TV_5_COM(1.0),A,ITF22,NATIT_B_ABUNTI17,T,Y_UN17,ITL,TOTAL,ALL,ALL,2023,185,,,,,,,,,,,,,,
IT1:DF_DCSS_MIGR_BACKG_PAR_TV_5_COM(1.0),A,ITF22,NATIT_B_ABUNTI17,T,Y_UN17,ITL,TOTAL,BPBAB,ALL,2023,98,,,,,,,,,,,,,,
IT1:DF_DCSS_MIGR_BACKG_PAR_TV_5_COM(1.0),A,ITF22,NATIT_B_ABUNTI17,T,Y_UN17,ITL,TOTAL,BPBIT,ALL,2023,61,,,,,,,,,,,,,,
IT1:DF_DCSS_MIGR_BACKG_PAR_TV_5_COM(1.0),A,ITF22,NATIT_B_ABUNTI17,T,Y_UN17,ITL,TOTAL,MBAB_FBIT,ALL,2023,16,,,,,,,,,,,,,,
IT1:DF_DCSS_MIGR_BACKG_PAR_TV_5_COM(1.0),A,ITF22,NATIT_B_ABUNTI17,T,Y_UN17,ITL,TOTAL,MBIT_FBAB,ALL,2023,10,,,,,,,,,,,,,,
IT1:DF_DCSS_MIGR_BACKG_PAR_TV_5_COM(1.0),A,ITF31,NATIT_B_ABUNTI17,T,Y_UN17,ITL,APO,ALL,ALL,2023,1,,,,,,,,,,,,,,
IT1:DF_DCSS_MIGR_BACKG_PAR_TV_5_COM(1.0),A,ITF31,NATIT_B_ABUNTI17,T,Y_UN17,ITL,APO,BPBAB,ALL,2023,1,,,,,,,,,,,,,,
IT1:DF_DCSS_MIGR_BACKG_PAR_TV_5_COM(1.0),A,ITF31,NATIT_B_ABUNTI17,T,Y_UN17,ITL,EU27,ALL,ALL,2023,27,,,,,,,,,,,,,,
IT1:DF_DCSS_MIGR_BACKG_PAR_TV_5_COM(1.0),A,ITF31,NATIT_B_ABUNTI17,T,Y_UN17,ITL,EU27,BPBAB,ALL,2023,8,,,,,,,,,,,,,,
IT1:DF_DCSS_MIGR_BACKG_PAR_TV_5_COM(1.0),A,ITF31,NATIT_B_ABUNTI17,T,Y_UN17,ITL,EU27,BPBIT,ALL,2023,9,,,,,,,,,,,,,,
IT1:DF_DCSS_MIGR_BACKG_PAR_TV_5_COM(1.0),A,ITF31,NATIT_B_ABUNTI17,T,Y_UN17,ITL,EU27,MBAB_FBIT,ALL,2023,3,,,,,,,,,,,,,,
IT1:DF_DCSS_MIGR_BACKG_PAR_TV_5_COM(1.0),A,ITF31,NATIT_B_ABUNTI17,T,Y_UN17,ITL,EU27,MBIT_FBAB,ALL,2023,7,,,,,,,,,,,,,,
IT1:DF_DCSS_MIGR_BACKG_PAR_TV_5_COM(1.0),A,ITF31,NATIT_B_ABUNTI17,T,Y_UN17,ITL,EXTEU27,ALL,ALL,2023,233,,,,,,,,,,,,,,
IT1:DF_DCSS_MIGR_BACKG_PAR_TV_5_COM(1.0),A,ITF31,NATIT_B_ABUNTI17,T,Y_UN17,ITL,EXTEU27,BPBAB,ALL,2023,134,,,,,,,,,,,,,,
IT1:DF_DCSS_MIGR_BACKG_PAR_TV_5_COM(1.0),A,ITF31,NATIT_B_ABUNTI17,T,Y_UN17,ITL,EXTEU27,BPBIT,ALL,2023,67,,,,,,,,,,,,,,
IT1:DF_DCSS_MIGR_BACKG_PAR_TV_5_COM(1.0),A,ITF31,NATIT_B_ABUNTI17,T,Y_UN17,ITL,EXTEU27,MBAB_FBIT,ALL,2023,20,,,,,,,,,,,,,,
IT1:DF_DCSS_MIGR_BACKG_PAR_TV_5_COM(1.0),A,ITF31,NATIT_B_ABUNTI17,T,Y_UN17,ITL,EXTEU27,MBIT_FBAB,ALL,2023,12,,,,,,,,,,,,,,
IT1:DF_DCSS_MIGR_BACKG_PAR_TV_5_COM(1.0),A,ITF31,NATIT_B_ABUNTI17,T,Y_UN17,ITL,TOTAL,ALL,ALL,2023,261,,,,,,,,,,,,,,
IT1:DF_DCSS_MIGR_BACKG_PAR_TV_5_COM(1.0),A,ITF31,NATIT_B_ABUNTI17,T,Y_UN17,ITL,TOTAL,BPBAB,ALL,2023,143,,,,,,,,,,,,,,
IT1:DF_DCSS_MIGR_BACKG_PAR_TV_5_COM(1.0),A,ITF31,NATIT_B_ABUNTI17,T,Y_UN17,ITL,TOTAL,BPBIT,ALL,2023,76,,,,,,,,,,,,,,
IT1:DF_DCSS_MIGR_BACKG_PAR_TV_5_COM(1.0),A,ITF31,NATIT_B_ABUNTI17,T,Y_UN17,ITL,TOTAL,MBAB_FBIT,ALL,2023,23,,,,,,,,,,,,,,
IT1:DF_DCSS_MIGR_BACKG_PAR_TV_5_COM(1.0),A,ITF31,NATIT_B_ABUNTI17,T,Y_UN17,ITL,TOTAL,MBIT_FBAB,ALL,2023,19,,,,,,,,,,,,,,
IT1:DF_DCSS_MIGR_BACKG_PAR_TV_5_COM(1.0),A,ITF32,NATIT_B_ABUNTI17,T,Y_UN17,ITL,EU27,ALL,ALL,2023,9,,,,,,,,,,,,,,
IT1:DF_DCSS_MIGR_BACKG_PAR_TV_5_COM(1.0),A,ITF32,NATIT_B_ABUNTI17,T,Y_UN17,ITL,EU27,BPBAB,ALL,2023,1,,,,,,,,,,,,,,
IT1:DF_DCSS_MIGR_BACKG_PAR_TV_5_COM(1.0),A,ITF32,NATIT_B_ABUNTI17,T,Y_UN17,ITL,EU27,BPBIT,ALL,2023,3,,,,,,,,,,,,,,
IT1:DF_DCSS_MIGR_BACKG_PAR_TV_5_COM(1.0),A,ITF32,NATIT_B_ABUNTI17,T,Y_UN17,ITL,EU27,MBAB_FBIT,ALL,2023,5,,,,,,,,,,,,,,
IT1:DF_DCSS_MIGR_BACKG_PAR_TV_5_COM(1.0),A,ITF32,NATIT_B_ABUNTI17,T,Y_UN17,ITL,EXTEU27,ALL,ALL,2023,79,,,,,,,,,,,,,,
IT1:DF_DCSS_MIGR_BACKG_PAR_TV_5_COM(1.0),A,ITF32,NATIT_B_ABUNTI17,T,Y_UN17,ITL,EXTEU27,BPBAB,ALL,2023,33,,,,,,,,,,,,,,
IT1:DF_DCSS_MIGR_BACKG_PAR_TV_5_COM(1.0),A,ITF32,NATIT_B_ABUNTI17,T,Y_UN17,ITL,EXTEU27,BPBIT,ALL,2023,35,,,,,,,,,,,,,,
IT1:DF_DCSS_MIGR_BACKG_PAR_TV_5_COM(1.0),A,ITF32,NATIT_B_ABUNTI17,T,Y_UN17,ITL,EXTEU27,MBAB_FBIT,ALL,2023,5,,,,,,,,,,,,,,
IT1:DF_DCSS_MIGR_BACKG_PAR_TV_5_COM(1.0),A,ITF32,NATIT_B_ABUNTI17,T,Y_UN17,ITL,EXTEU27,MBIT_FBAB,ALL,2023,6,,,,,,,,,,,,,,
IT1:DF_DCSS_MIGR_BACKG_PAR_TV_5_COM(1.0),A,ITF32,NATIT_B_ABUNTI17,T,Y_UN17,ITL,TOTAL,ALL,ALL,2023,88,,,,,,,,,,,,,,
IT1:DF_DCSS_MIGR_BACKG_PAR_TV_5_COM(1.0),A,ITF32,NATIT_B_ABUNTI17,T,Y_UN17,ITL,TOTAL,BPBAB,ALL,2023,34,,,,,,,,,,,,,,
IT1:DF_DCSS_MIGR_BACKG_PAR_TV_5_COM(1.0),A,ITF32,NATIT_B_ABUNTI17,T,Y_UN17,ITL,TOTAL,BPBIT,ALL,2023,38,,,,,,,,,,,,,,
IT1:DF_DCSS_MIGR_BACKG_PAR_TV_5_COM(1.0),A,ITF32,NATIT_B_ABUNTI17,T,Y_UN17,ITL,TOTAL,MBAB_FBIT,ALL,2023,10,,,,,,,,,,,,,,
IT1:DF_DCSS_MIGR_BACKG_PAR_TV_5_COM(1.0),A,ITF32,NATIT_B_ABUNTI17,T,Y_UN17,ITL,TOTAL,MBIT_FBAB,ALL,2023,6,,,,,,,,,,,,,,
IT1:DF_DCSS_MIGR_BACKG_PAR_TV_5_COM(1.0),A,ITF33,NATIT_B_ABUNTI17,T,Y_UN17,ITL,EU27,ALL,ALL,2023,67,,,ITF33_N1,,,,,,,,,,,
IT1:DF_DCSS_MIGR_BACKG_PAR_TV_5_COM(1.0),A,ITF33,NATIT_B_ABUNTI17,T,Y_UN17,ITL,EU27,BPBAB,ALL,2023,22,,,ITF33_N1,,,,,,,,,,,
IT1:DF_DCSS_MIGR_BACKG_PAR_TV_5_COM(1.0),A,ITF33,NATIT_B_ABUNTI17,T,Y_UN17,ITL,EU27,BPBIT,ALL,2023,24,,,ITF33_N1,,,,,,,,,,,
IT1:DF_DCSS_MIGR_BACKG_PAR_TV_5_COM(1.0),A,ITF33,NATIT_B_ABUNTI17,T,Y_UN17,ITL,EU27,MBAB_FBIT,ALL,2023,15,,,ITF33_N1,,,,,,,,,,,
IT1:DF_DCSS_MIGR_BACKG_PAR_TV_5_COM(1.0),A,ITF33,NATIT_B_ABUNTI17,T,Y_UN17,ITL,EU27,MBIT_FBAB,ALL,2023,6,,,ITF33_N1,,,,,,,,,,,
IT1:DF_DCSS_MIGR_BACKG_PAR_TV_5_COM(1.0),A,ITF33,NATIT_B_ABUNTI17,T,Y_UN17,ITL,EXTEU27,ALL,ALL,2023,544,,,ITF33_N1,,,,,,,,,,,
IT1:DF_DCSS_MIGR_BACKG_PAR_TV_5_COM(1.0),A,ITF33,NATIT_B_ABUNTI17,T,Y_UN17,ITL,EXTEU27,BPBAB,ALL,2023,257,,,ITF33_N1,,,,,,,,,,,
IT1:DF_DCSS_MIGR_BACKG_PAR_TV_5_COM(1.0),A,ITF33,NATIT_B_ABUNTI17,T,Y_UN17,ITL,EXTEU27,BPBIT,ALL,2023,205,,,ITF33_N1,,,,,,,,,,,
IT1:DF_DCSS_MIGR_BACKG_PAR_TV_5_COM(1.0),A,ITF33,NATIT_B_ABUNTI17,T,Y_UN17,ITL,EXTEU27,MBAB_FBIT,ALL,2023,54,,,ITF33_N1,,,,,,,,,,,
IT1:DF_DCSS_MIGR_BACKG_PAR_TV_5_COM(1.0),A,ITF33,NATIT_B_ABUNTI17,T,Y_UN17,ITL,EXTEU27,MBIT_FBAB,ALL,2023,28,,,ITF33_N1,,,,,,,,,,,
IT1:DF_DCSS_MIGR_BACKG_PAR_TV_5_COM(1.0),A,ITF33,NATIT_B_ABUNTI17,T,Y_UN17,ITL,TOTAL,ALL,ALL,2023,611,,,ITF33_N1,,,,,,,,,,,
IT1:DF_DCSS_MIGR_BACKG_PAR_TV_5_COM(1.0),A,ITF33,NATIT_B_ABUNTI17,T,Y_UN17,ITL,TOTAL,BPBAB,ALL,2023,279,,,ITF33_N1,,,,,,,,,,,
IT1:DF_DCSS_MIGR_BACKG_PAR_TV_5_COM(1.0),A,ITF33,NATIT_B_ABUNTI17,T,Y_UN17,ITL,TOTAL,BPBIT,ALL,2023,229,,,ITF33_N1,,,,,,,,,,,
IT1:DF_DCSS_MIGR_BACKG_PAR_TV_5_COM(1.0),A,ITF33,NATIT_B_ABUNTI17,T,Y_UN17,ITL,TOTAL,MBAB_FBIT,ALL,2023,69,,,ITF33_N1,,,,,,,,,,,
IT1:DF_DCSS_MIGR_BACKG_PAR_TV_5_COM(1.0),A,ITF33,NATIT_B_ABUNTI17,T,Y_UN17,ITL,TOTAL,MBIT_FBAB,ALL,2023,34,,,ITF33_N1,,,,,,,,,,,
IT1:DF_DCSS_MIGR_BACKG_PAR_TV_5_COM(1.0),A,ITF34,NATIT_B_ABUNTI17,T,Y_UN17,ITL,EU27,ALL,ALL,2023,11,,,,,,,,,,,,,,
IT1:DF_DCSS_MIGR_BACKG_PAR_TV_5_COM(1.0),A,ITF34,NATIT_B_ABUNTI17,T,Y_UN17,ITL,EU27,BPBAB,ALL,2023,3,,,,,,,,,,,,,,
IT1:DF_DCSS_MIGR_BACKG_PAR_TV_5_COM(1.0),A,ITF34,NATIT_B_ABUNTI17,T,Y_UN17,ITL,EU27,BPBIT,ALL,2023,2,,,,,,,,,,,,,,
IT1:DF_DCSS_MIGR_BACKG_PAR_TV_5_COM(1.0),A,ITF34,NATIT_B_ABUNTI17,T,Y_UN17,ITL,EU27,MBAB_FBIT,ALL,2023,4,,,,,,,,,,,,,,
IT1:DF_DCSS_MIGR_BACKG_PAR_TV_5_COM(1.0),A,ITF34,NATIT_B_ABUNTI17,T,Y_UN17,ITL,EU27,MBIT_FBAB,ALL,2023,2,,,,,,,,,,,,,,
IT1:DF_DCSS_MIGR_BACKG_PAR_TV_5_COM(1.0),A,ITF34,NATIT_B_ABUNTI17,T,Y_UN17,ITL,EXTEU27,ALL,ALL,2023,115,,,,,,,,,,,,,,
IT1:DF_DCSS_MIGR_BACKG_PAR_TV_5_COM(1.0),A,ITF34,NATIT_B_ABUNTI17,T,Y_UN17,ITL,EXTEU27,BPBAB,ALL,2023,61,,,,,,,,,,,,,,
IT1:DF_DCSS_MIGR_BACKG_PAR_TV_5_COM(1.0),A,ITF34,NATIT_B_ABUNTI17,T,Y_UN17,ITL,EXTEU27,BPBIT,ALL,2023,37,,,,,,,,,,,,,,
IT1:DF_DCSS_MIGR_BACKG_PAR_TV_5_COM(1.0),A,ITF34,NATIT_B_ABUNTI17,T,Y_UN17,ITL,EXTEU27,MBAB_FBIT,ALL,2023,11,,,,,,,,,,,,,,
IT1:DF_DCSS_MIGR_BACKG_PAR_TV_5_COM(1.0),A,ITF34,NATIT_B_ABUNTI17,T,Y_UN17,ITL,EXTEU27,MBIT_FBAB,ALL,2023,6,,,,,,,,,,,,,,
IT1:DF_DCSS_MIGR_BACKG_PAR_TV_5_COM(1.0),A,ITF34,NATIT_B_ABUNTI17,T,Y_UN17,ITL,TOTAL,ALL,ALL,2023,126,,,,,,,,,,,,,,
IT1:DF_DCSS_MIGR_BACKG_PAR_TV_5_COM(1.0),A,ITF34,NATIT_B_ABUNTI17,T,Y_UN17,ITL,TOTAL,BPBAB,ALL,2023,64,,,,,,,,,,,,,,
IT1:DF_DCSS_MIGR_BACKG_PAR_TV_5_COM(1.0),A,ITF34,NATIT_B_ABUNTI17,T,Y_UN17,ITL,TOTAL,BPBIT,ALL,2023,39,,,,,,,,,,,,,,
IT1:DF_DCSS_MIGR_BACKG_PAR_TV_5_COM(1.0),A,ITF34,NATIT_B_ABUNTI17,T,Y_UN17,ITL,TOTAL,MBAB_FBIT,ALL,2023,15,,,,,,,,,,,,,,
IT1:DF_DCSS_MIGR_BACKG_PAR_TV_5_COM(1.0),A,ITF34,NATIT_B_ABUNTI17,T,Y_UN17,ITL,TOTAL,MBIT_FBAB,ALL,2023,8,,,,,,,,,,,,,,
IT1:DF_DCSS_MIGR_BACKG_PAR_TV_5_COM(1.0),A,ITF35,NATIT_B_ABUNTI17,T,Y_UN17,ITL,APO,ALL,ALL,2023,1,,,,,,,,,,,,,,
IT1:DF_DCSS_MIGR_BACKG_PAR_TV_5_COM(1.0),A,ITF35,NATIT_B_ABUNTI17,T,Y_UN17,ITL,APO,MBAB_FBIT,ALL,2023,1,,,,,,,,,,,,,,
IT1:DF_DCSS_MIGR_BACKG_PAR_TV_5_COM(1.0),A,ITF35,NATIT_B_ABUNTI17,T,Y_UN17,ITL,EU27,ALL,ALL,2023,89,,,,,,,,,,,,,,
IT1:DF_DCSS_MIGR_BACKG_PAR_TV_5_COM(1.0),A,ITF35,NATIT_B_ABUNTI17,T,Y_UN17,ITL,EU27,BPBAB,ALL,2023,23,,,,,,,,,,,,,,
IT1:DF_DCSS_MIGR_BACKG_PAR_TV_5_COM(1.0),A,ITF35,NATIT_B_ABUNTI17,T,Y_UN17,ITL,EU27,BPBIT,ALL,2023,41,,,,,,,,,,,,,,
IT1:DF_DCSS_MIGR_BACKG_PAR_TV_5_COM(1.0),A,ITF35,NATIT_B_ABUNTI17,T,Y_UN17,ITL,EU27,MBAB_FBIT,ALL,2023,17,,,,,,,,,,,,,,
IT1:DF_DCSS_MIGR_BACKG_PAR_TV_5_COM(1.0),A,ITF35,NATIT_B_ABUNTI17,T,Y_UN17,ITL,EU27,MBIT_FBAB,ALL,2023,8,,,,,,,,,,,,,,
IT1:DF_DCSS_MIGR_BACKG_PAR_TV_5_COM(1.0),A,ITF35,NATIT_B_ABUNTI17,T,Y_UN17,ITL,EXTEU27,ALL,ALL,2023,374,,,,,,,,,,,,,,
IT1:DF_DCSS_MIGR_BACKG_PAR_TV_5_COM(1.0),A,ITF35,NATIT_B_ABUNTI17,T,Y_UN17,ITL,EXTEU27,BPBAB,ALL,2023,212,,,,,,,,,,,,,,
IT1:DF_DCSS_MIGR_BACKG_PAR_TV_5_COM(1.0),A,ITF35,NATIT_B_ABUNTI17,T,Y_UN17,ITL,EXTEU27,BPBIT,ALL,2023,101,,,,,,,,,,,,,,
IT1:DF_DCSS_MIGR_BACKG_PAR_TV_5_COM(1.0),A,ITF35,NATIT_B_ABUNTI17,T,Y_UN17,ITL,EXTEU27,MBAB_FBIT,ALL,2023,29,,,,,,,,,,,,,,
IT1:DF_DCSS_MIGR_BACKG_PAR_TV_5_COM(1.0),A,ITF35,NATIT_B_ABUNTI17,T,Y_UN17,ITL,EXTEU27,MBIT_FBAB,ALL,2023,32,,,,,,,,,,,,,,
IT1:DF_DCSS_MIGR_BACKG_PAR_TV_5_COM(1.0),A,ITF35,NATIT_B_ABUNTI17,T,Y_UN17,ITL,TOTAL,ALL,ALL,2023,464,,,,,,,,,,,,,,
IT1:DF_DCSS_MIGR_BACKG_PAR_TV_5_COM(1.0),A,ITF35,NATIT_B_ABUNTI17,T,Y_UN17,ITL,TOTAL,BPBAB,ALL,2023,235,,,,,,,,,,,,,,
IT1:DF_DCSS_MIGR_BACKG_PAR_TV_5_COM(1.0),A,ITF35,NATIT_B_ABUNTI17,T,Y_UN17,ITL,TOTAL,BPBIT,ALL,2023,142,,,,,,,,,,,,,,
IT1:DF_DCSS_MIGR_BACKG_PAR_TV_5_COM(1.0),A,ITF35,NATIT_B_ABUNTI17,T,Y_UN17,ITL,TOTAL,MBAB_FBIT,ALL,2023,47,,,,,,,,,,,,,,
IT1:DF_DCSS_MIGR_BACKG_PAR_TV_5_COM(1.0),A,ITF35,NATIT_B_ABUNTI17,T,Y_UN17,ITL,TOTAL,MBIT_FBAB,ALL,2023,40,,,,,,,,,,,,,,
IT1:DF_DCSS_MIGR_BACKG_PAR_TV_5_COM(1.0),A,ITF41,NATIT_B_ABUNTI17,T,Y_UN17,ITL,EU27,ALL,ALL,2023,15,,,,,,,,,,,,,,
IT1:DF_DCSS_MIGR_BACKG_PAR_TV_5_COM(1.0),A,ITF41,NATIT_B_ABUNTI17,T,Y_UN17,ITL,EU27,BPBAB,ALL,2023,5,,,,,,,,,,,,,,
IT1:DF_DCSS_MIGR_BACKG_PAR_TV_5_COM(1.0),A,ITF41,NATIT_B_ABUNTI17,T,Y_UN17,ITL,EU27,BPBIT,ALL,2023,6,,,,,,,,,,,,,,
IT1:DF_DCSS_MIGR_BACKG_PAR_TV_5_COM(1.0),A,ITF41,NATIT_B_ABUNTI17,T,Y_UN17,ITL,EU27,MBAB_FBIT,ALL,2023,2,,,,,,,,,,,,,,
IT1:DF_DCSS_MIGR_BACKG_PAR_TV_5_COM(1.0),A,ITF41,NATIT_B_ABUNTI17,T,Y_UN17,ITL,EU27,MBIT_FBAB,ALL,2023,2,,,,,,,,,,,,,,
IT1:DF_DCSS_MIGR_BACKG_PAR_TV_5_COM(1.0),A,ITF41,NATIT_B_ABUNTI17,T,Y_UN17,ITL,EXTEU27,ALL,ALL,2023,140,,,,,,,,,,,,,,
IT1:DF_DCSS_MIGR_BACKG_PAR_TV_5_COM(1.0),A,ITF41,NATIT_B_ABUNTI17,T,Y_UN17,ITL,EXTEU27,BPBAB,ALL,2023,68,,,,,,,,,,,,,,
IT1:DF_DCSS_MIGR_BACKG_PAR_TV_5_COM(1.0),A,ITF41,NATIT_B_ABUNTI17,T,Y_UN17,ITL,EXTEU27,BPBIT,ALL,2023,65,,,,,,,,,,,,,,
IT1:DF_DCSS_MIGR_BACKG_PAR_TV_5_COM(1.0),A,ITF41,NATIT_B_ABUNTI17,T,Y_UN17,ITL,EXTEU27,MBAB_FBIT,ALL,2023,5,,,,,,,,,,,,,,
IT1:DF_DCSS_MIGR_BACKG_PAR_TV_5_COM(1.0),A,ITF41,NATIT_B_ABUNTI17,T,Y_UN17,ITL,EXTEU27,MBIT_FBAB,ALL,2023,2,,,,,,,,,,,,,,
IT1:DF_DCSS_MIGR_BACKG_PAR_TV_5_COM(1.0),A,ITF41,NATIT_B_ABUNTI17,T,Y_UN17,ITL,TOTAL,ALL,ALL,2023,155,,,,,,,,,,,,,,
IT1:DF_DCSS_MIGR_BACKG_PAR_TV_5_COM(1.0),A,ITF41,NATIT_B_ABUNTI17,T,Y_UN17,ITL,TOTAL,BPBAB,ALL,2023,73,,,,,,,,,,,,,,
IT1:DF_DCSS_MIGR_BACKG_PAR_TV_5_COM(1.0),A,ITF41,NATIT_B_ABUNTI17,T,Y_UN17,ITL,TOTAL,BPBIT,ALL,2023,71,,,,,,,,,,,,,,
IT1:DF_DCSS_MIGR_BACKG_PAR_TV_5_COM(1.0),A,ITF41,NATIT_B_ABUNTI17,T,Y_UN17,ITL,TOTAL,MBAB_FBIT,ALL,2023,7,,,,,,,,,,,,,,
IT1:DF_DCSS_MIGR_BACKG_PAR_TV_5_COM(1.0),A,ITF41,NATIT_B_ABUNTI17,T,Y_UN17,ITL,TOTAL,MBIT_FBAB,ALL,2023,4,,,,,,,,,,,,,,
IT1:DF_DCSS_MIGR_BACKG_PAR_TV_5_COM(1.0),A,ITF42,NATIT_B_ABUNTI17,T,Y_UN17,ITL,EU27,ALL,ALL,2023,98,,,ITF42_N1,,,,,,,,,,,
IT1:DF_DCSS_MIGR_BACKG_PAR_TV_5_COM(1.0),A,ITF42,NATIT_B_ABUNTI17,T,Y_UN17,ITL,EU27,BPBAB,ALL,2023,12,,,ITF42_N1,,,,,,,,,,,
IT1:DF_DCSS_MIGR_BACKG_PAR_TV_5_COM(1.0),A,ITF42,NATIT_B_ABUNTI17,T,Y_UN17,ITL,EU27,BPBIT,ALL,2023,54,,,ITF42_N1,,,,,,,,,,,
IT1:DF_DCSS_MIGR_BACKG_PAR_TV_5_COM(1.0),A,ITF42,NATIT_B_ABUNTI17,T,Y_UN17,ITL,EU27,MBAB_FBIT,ALL,2023,14,,,ITF42_N1,,,,,,,,,,,
IT1:DF_DCSS_MIGR_BACKG_PAR_TV_5_COM(1.0),A,ITF42,NATIT_B_ABUNTI17,T,Y_UN17,ITL,EU27,MBIT_FBAB,ALL,2023,18,,,ITF42_N1,,,,,,,,,,,
IT1:DF_DCSS_MIGR_BACKG_PAR_TV_5_COM(1.0),A,ITF42,NATIT_B_ABUNTI17,T,Y_UN17,ITL,EXTEU27,ALL,ALL,2023,380,,,ITF42_N1,,,,,,,,,,,
IT1:DF_DCSS_MIGR_BACKG_PAR_TV_5_COM(1.0),A,ITF42,NATIT_B_ABUNTI17,T,Y_UN17,ITL,EXTEU27,BPBAB,ALL,2023,182,,,ITF42_N1,,,,,,,,,,,
IT1:DF_DCSS_MIGR_BACKG_PAR_TV_5_COM(1.0),A,ITF42,NATIT_B_ABUNTI17,T,Y_UN17,ITL,EXTEU27,BPBIT,ALL,2023,148,,,ITF42_N1,,,,,,,,,,,
IT1:DF_DCSS_MIGR_BACKG_PAR_TV_5_COM(1.0),A,ITF42,NATIT_B_ABUNTI17,T,Y_UN17,ITL,EXTEU27,MBAB_FBIT,ALL,2023,27,,,ITF42_N1,,,,,,,,,,,
IT1:DF_DCSS_MIGR_BACKG_PAR_TV_5_COM(1.0),A,ITF42,NATIT_B_ABUNTI17,T,Y_UN17,ITL,EXTEU27,MBIT_FBAB,ALL,2023,23,,,ITF42_N1,,,,,,,,,,,
IT1:DF_DCSS_MIGR_BACKG_PAR_TV_5_COM(1.0),A,ITF42,NATIT_B_ABUNTI17,T,Y_UN17,ITL,TOTAL,ALL,ALL,2023,478,,,ITF42_N1,,,,,,,,,,,
IT1:DF_DCSS_MIGR_BACKG_PAR_TV_5_COM(1.0),A,ITF42,NATIT_B_ABUNTI17,T,Y_UN17,ITL,TOTAL,BPBAB,ALL,2023,194,,,ITF42_N1,,,,,,,,,,,
IT1:DF_DCSS_MIGR_BACKG_PAR_TV_5_COM(1.0),A,ITF42,NATIT_B_ABUNTI17,T,Y_UN17,ITL,TOTAL,BPBIT,ALL,2023,202,,,ITF42_N1,,,,,,,,,,,
IT1:DF_DCSS_MIGR_BACKG_PAR_TV_5_COM(1.0),A,ITF42,NATIT_B_ABUNTI17,T,Y_UN17,ITL,TOTAL,MBAB_FBIT,ALL,2023,41,,,ITF42_N1,,,,,,,,,,,
IT1:DF_DCSS_MIGR_BACKG_PAR_TV_5_COM(1.0),A,ITF42,NATIT_B_ABUNTI17,T,Y_UN17,ITL,TOTAL,MBIT_FBAB,ALL,2023,41,,,ITF42_N1,,,,,,,,,,,
IT1:DF_DCSS_MIGR_BACKG_PAR_TV_5_COM(1.0),A,ITF43,NATIT_B_ABUNTI17,T,Y_UN17,ITL,EU27,ALL,ALL,2023,52,,,,,,,,,,,,,,
IT1:DF_DCSS_MIGR_BACKG_PAR_TV_5_COM(1.0),A,ITF43,NATIT_B_ABUNTI17,T,Y_UN17,ITL,EU27,BPBAB,ALL,2023,10,,,,,,,,,,,,,,
IT1:DF_DCSS_MIGR_BACKG_PAR_TV_5_COM(1.0),A,ITF43,NATIT_B_ABUNTI17,T,Y_UN17,ITL,EU27,BPBIT,ALL,2023,34,,,,,,,,,,,,,,
IT1:DF_DCSS_MIGR_BACKG_PAR_TV_5_COM(1.0),A,ITF43,NATIT_B_ABUNTI17,T,Y_UN17,ITL,EU27,MBAB_FBIT,ALL,2023,4,,,,,,,,,,,,,,
IT1:DF_DCSS_MIGR_BACKG_PAR_TV_5_COM(1.0),A,ITF43,NATIT_B_ABUNTI17,T,Y_UN17,ITL,EU27,MBIT_FBAB,ALL,2023,4,,,,,,,,,,,,,,
IT1:DF_DCSS_MIGR_BACKG_PAR_TV_5_COM(1.0),A,ITF43,NATIT_B_ABUNTI17,T,Y_UN17,ITL,EXTEU27,ALL,ALL,2023,152,,,,,,,,,,,,,,
IT1:DF_DCSS_MIGR_BACKG_PAR_TV_5_COM(1.0),A,ITF43,NATIT_B_ABUNTI17,T,Y_UN17,ITL,EXTEU27,BPBAB,ALL,2023,58,,,,,,,,,,,,,,
IT1:DF_DCSS_MIGR_BACKG_PAR_TV_5_COM(1.0),A,ITF43,NATIT_B_ABUNTI17,T,Y_UN17,ITL,EXTEU27,BPBIT,ALL,2023,80,,,,,,,,,,,,,,
IT1:DF_DCSS_MIGR_BACKG_PAR_TV_5_COM(1.0),A,ITF43,NATIT_B_ABUNTI17,T,Y_UN17,ITL,EXTEU27,MBAB_FBIT,ALL,2023,8,,,,,,,,,,,,,,
IT1:DF_DCSS_MIGR_BACKG_PAR_TV_5_COM(1.0),A,ITF43,NATIT_B_ABUNTI17,T,Y_UN17,ITL,EXTEU27,MBIT_FBAB,ALL,2023,6,,,,,,,,,,,,,,
IT1:DF_DCSS_MIGR_BACKG_PAR_TV_5_COM(1.0),A,ITF43,NATIT_B_ABUNTI17,T,Y_UN17,ITL,TOTAL,ALL,ALL,2023,204,,,,,,,,,,,,,,
IT1:DF_DCSS_MIGR_BACKG_PAR_TV_5_COM(1.0),A,ITF43,NATIT_B_ABUNTI17,T,Y_UN17,ITL,TOTAL,BPBAB,ALL,2023,68,,,,,,,,,,,,,,
IT1:DF_DCSS_MIGR_BACKG_PAR_TV_5_COM(1.0),A,ITF43,NATIT_B_ABUNTI17,T,Y_UN17,ITL,TOTAL,BPBIT,ALL,2023,114,,,,,,,,,,,,,,
IT1:DF_DCSS_MIGR_BACKG_PAR_TV_5_COM(1.0),A,ITF43,NATIT_B_ABUNTI17,T,Y_UN17,ITL,TOTAL,MBAB_FBIT,ALL,2023,12,,,,,,,,,,,,,,
IT1:DF_DCSS_MIGR_BACKG_PAR_TV_5_COM(1.0),A,ITF43,NATIT_B_ABUNTI17,T,Y_UN17,ITL,TOTAL,MBIT_FBAB,ALL,2023,10,,,,,,,,,,,,,,
IT1:DF_DCSS_MIGR_BACKG_PAR_TV_5_COM(1.0),A,ITF44,NATIT_B_ABUNTI17,T,Y_UN17,ITL,EU27,ALL,ALL,2023,17,,,,,,,,,,,,,,
IT1:DF_DCSS_MIGR_BACKG_PAR_TV_5_COM(1.0),A,ITF44,NATIT_B_ABUNTI17,T,Y_UN17,ITL,EU27,BPBAB,ALL,2023,6,,,,,,,,,,,,,,
IT1:DF_DCSS_MIGR_BACKG_PAR_TV_5_COM(1.0),A,ITF44,NATIT_B_ABUNTI17,T,Y_UN17,ITL,EU27,BPBIT,ALL,2023,7,,,,,,,,,,,,,,
IT1:DF_DCSS_MIGR_BACKG_PAR_TV_5_COM(1.0),A,ITF44,NATIT_B_ABUNTI17,T,Y_UN17,ITL,EU27,MBAB_FBIT,ALL,2023,2,,,,,,,,,,,,,,
IT1:DF_DCSS_MIGR_BACKG_PAR_TV_5_COM(1.0),A,ITF44,NATIT_B_ABUNTI17,T,Y_UN17,ITL,EU27,MBIT_FBAB,ALL,2023,2,,,,,,,,,,,,,,
IT1:DF_DCSS_MIGR_BACKG_PAR_TV_5_COM(1.0),A,ITF44,NATIT_B_ABUNTI17,T,Y_UN17,ITL,EXTEU27,ALL,ALL,2023,83,,,,,,,,,,,,,,
IT1:DF_DCSS_MIGR_BACKG_PAR_TV_5_COM(1.0),A,ITF44,NATIT_B_ABUNTI17,T,Y_UN17,ITL,EXTEU27,BPBAB,ALL,2023,42,,,,,,,,,,,,,,
IT1:DF_DCSS_MIGR_BACKG_PAR_TV_5_COM(1.0),A,ITF44,NATIT_B_ABUNTI17,T,Y_UN17,ITL,EXTEU27,BPBIT,ALL,2023,25,,,,,,,,,,,,,,
IT1:DF_DCSS_MIGR_BACKG_PAR_TV_5_COM(1.0),A,ITF44,NATIT_B_ABUNTI17,T,Y_UN17,ITL,EXTEU27,MBAB_FBIT,ALL,2023,12,,,,,,,,,,,,,,
IT1:DF_DCSS_MIGR_BACKG_PAR_TV_5_COM(1.0),A,ITF44,NATIT_B_ABUNTI17,T,Y_UN17,ITL,EXTEU27,MBIT_FBAB,ALL,2023,4,,,,,,,,,,,,,,
IT1:DF_DCSS_MIGR_BACKG_PAR_TV_5_COM(1.0),A,ITF44,NATIT_B_ABUNTI17,T,Y_UN17,ITL,TOTAL,ALL,ALL,2023,100,,,,,,,,,,,,,,
IT1:DF_DCSS_MIGR_BACKG_PAR_TV_5_COM(1.0),A,ITF44,NATIT_B_ABUNTI17,T,Y_UN17,ITL,TOTAL,BPBAB,ALL,2023,48,,,,,,,,,,,,,,
IT1:DF_DCSS_MIGR_BACKG_PAR_TV_5_COM(1.0),A,ITF44,NATIT_B_ABUNTI17,T,Y_UN17,ITL,TOTAL,BPBIT,ALL,2023,32,,,,,,,,,,,,,,
IT1:DF_DCSS_MIGR_BACKG_PAR_TV_5_COM(1.0),A,ITF44,NATIT_B_ABUNTI17,T,Y_UN17,ITL,TOTAL,MBAB_FBIT,ALL,2023,14,,,,,,,,,,,,,,
IT1:DF_DCSS_MIGR_BACKG_PAR_TV_5_COM(1.0),A,ITF44,NATIT_B_ABUNTI17,T,Y_UN17,ITL,TOTAL,MBIT_FBAB,ALL,2023,6,,,,,,,,,,,,,,
IT1:DF_DCSS_MIGR_BACKG_PAR_TV_5_COM(1.0),A,ITF45,NATIT_B_ABUNTI17,T,Y_UN17,ITL,EU27,ALL,ALL,2023,34,,,,,,,,,,,,,,
IT1:DF_DCSS_MIGR_BACKG_PAR_TV_5_COM(1.0),A,ITF45,NATIT_B_ABUNTI17,T,Y_UN17,ITL,EU27,BPBAB,ALL,2023,5,,,,,,,,,,,,,,
IT1:DF_DCSS_MIGR_BACKG_PAR_TV_5_COM(1.0),A,ITF45,NATIT_B_ABUNTI17,T,Y_UN17,ITL,EU27,BPBIT,ALL,2023,16,,,,,,,,,,,,,,
IT1:DF_DCSS_MIGR_BACKG_PAR_TV_5_COM(1.0),A,ITF45,NATIT_B_ABUNTI17,T,Y_UN17,ITL,EU27,MBAB_FBIT,ALL,2023,4,,,,,,,,,,,,,,
IT1:DF_DCSS_MIGR_BACKG_PAR_TV_5_COM(1.0),A,ITF45,NATIT_B_ABUNTI17,T,Y_UN17,ITL,EU27,MBIT_FBAB,ALL,2023,9,,,,,,,,,,,,,,
IT1:DF_DCSS_MIGR_BACKG_PAR_TV_5_COM(1.0),A,ITF45,NATIT_B_ABUNTI17,T,Y_UN17,ITL,EXTEU27,ALL,ALL,2023,167,,,,,,,,,,,,,,
IT1:DF_DCSS_MIGR_BACKG_PAR_TV_5_COM(1.0),A,ITF45,NATIT_B_ABUNTI17,T,Y_UN17,ITL,EXTEU27,BPBAB,ALL,2023,73,,,,,,,,,,,,,,
IT1:DF_DCSS_MIGR_BACKG_PAR_TV_5_COM(1.0),A,ITF45,NATIT_B_ABUNTI17,T,Y_UN17,ITL,EXTEU27,BPBIT,ALL,2023,68,,,,,,,,,,,,,,
IT1:DF_DCSS_MIGR_BACKG_PAR_TV_5_COM(1.0),A,ITF45,NATIT_B_ABUNTI17,T,Y_UN17,ITL,EXTEU27,MBAB_FBIT,ALL,2023,19,,,,,,,,,,,,,,
IT1:DF_DCSS_MIGR_BACKG_PAR_TV_5_COM(1.0),A,ITF45,NATIT_B_ABUNTI17,T,Y_UN17,ITL,EXTEU27,MBIT_FBAB,ALL,2023,7,,,,,,,,,,,,,,
IT1:DF_DCSS_MIGR_BACKG_PAR_TV_5_COM(1.0),A,ITF45,NATIT_B_ABUNTI17,T,Y_UN17,ITL,TOTAL,ALL,ALL,2023,201,,,,,,,,,,,,,,
IT1:DF_DCSS_MIGR_BACKG_PAR_TV_5_COM(1.0),A,ITF45,NATIT_B_ABUNTI17,T,Y_UN17,ITL,TOTAL,BPBAB,ALL,2023,78,,,,,,,,,,,,,,
IT1:DF_DCSS_MIGR_BACKG_PAR_TV_5_COM(1.0),A,ITF45,NATIT_B_ABUNTI17,T,Y_UN17,ITL,TOTAL,BPBIT,ALL,2023,84,,,,,,,,,,,,,,
IT1:DF_DCSS_MIGR_BACKG_PAR_TV_5_COM(1.0),A,ITF45,NATIT_B_ABUNTI17,T,Y_UN17,ITL,TOTAL,MBAB_FBIT,ALL,2023,23,,,,,,,,,,,,,,
IT1:DF_DCSS_MIGR_BACKG_PAR_TV_5_COM(1.0),A,ITF45,NATIT_B_ABUNTI17,T,Y_UN17,ITL,TOTAL,MBIT_FBAB,ALL,2023,16,,,,,,,,,,,,,,
IT1:DF_DCSS_MIGR_BACKG_PAR_TV_5_COM(1.0),A,ITF51,NATIT_B_ABUNTI17,T,Y_UN17,ITL,EU27,ALL,ALL,2023,37,,,,,,,,,,,,,,
IT1:DF_DCSS_MIGR_BACKG_PAR_TV_5_COM(1.0),A,ITF51,NATIT_B_ABUNTI17,T,Y_UN17,ITL,EU27,BPBAB,ALL,2023,12,,,,,,,,,,,,,,
IT1:DF_DCSS_MIGR_BACKG_PAR_TV_5_COM(1.0),A,ITF51,NATIT_B_ABUNTI17,T,Y_UN17,ITL,EU27,BPBIT,ALL,2023,16,,,,,,,,,,,,,,
IT1:DF_DCSS_MIGR_BACKG_PAR_TV_5_COM(1.0),A,ITF51,NATIT_B_ABUNTI17,T,Y_UN17,ITL,EU27,MBAB_FBIT,ALL,2023,6,,,,,,,,,,,,,,
IT1:DF_DCSS_MIGR_BACKG_PAR_TV_5_COM(1.0),A,ITF51,NATIT_B_ABUNTI17,T,Y_UN17,ITL,EU27,MBIT_FBAB,ALL,2023,3,,,,,,,,,,,,,,
IT1:DF_DCSS_MIGR_BACKG_PAR_TV_5_COM(1.0),A,ITF51,NATIT_B_ABUNTI17,T,Y_UN17,ITL,EXTEU27,ALL,ALL,2023,79,,,,,,,,,,,,,,
IT1:DF_DCSS_MIGR_BACKG_PAR_TV_5_COM(1.0),A,ITF51,NATIT_B_ABUNTI17,T,Y_UN17,ITL,EXTEU27,BPBAB,ALL,2023,32,,,,,,,,,,,,,,
IT1:DF_DCSS_MIGR_BACKG_PAR_TV_5_COM(1.0),A,ITF51,NATIT_B_ABUNTI17,T,Y_UN17,ITL,EXTEU27,BPBIT,ALL,2023,23,,,,,,,,,,,,,,
IT1:DF_DCSS_MIGR_BACKG_PAR_TV_5_COM(1.0),A,ITF51,NATIT_B_ABUNTI17,T,Y_UN17,ITL,EXTEU27,MBAB_FBIT,ALL,2023,11,,,,,,,,,,,,,,
IT1:DF_DCSS_MIGR_BACKG_PAR_TV_5_COM(1.0),A,ITF51,NATIT_B_ABUNTI17,T,Y_UN17,ITL,EXTEU27,MBIT_FBAB,ALL,2023,13,,,,,,,,,,,,,,
IT1:DF_DCSS_MIGR_BACKG_PAR_TV_5_COM(1.0),A,ITF51,NATIT_B_ABUNTI17,T,Y_UN17,ITL,TOTAL,ALL,ALL,2023,116,,,,,,,,,,,,,,
IT1:DF_DCSS_MIGR_BACKG_PAR_TV_5_COM(1.0),A,ITF51,NATIT_B_ABUNTI17,T,Y_UN17,ITL,TOTAL,BPBAB,ALL,2023,44,,,,,,,,,,,,,,
IT1:DF_DCSS_MIGR_BACKG_PAR_TV_5_COM(1.0),A,ITF51,NATIT_B_ABUNTI17,T,Y_UN17,ITL,TOTAL,BPBIT,ALL,2023,39,,,,,,,,,,,,,,
IT1:DF_DCSS_MIGR_BACKG_PAR_TV_5_COM(1.0),A,ITF51,NATIT_B_ABUNTI17,T,Y_UN17,ITL,TOTAL,MBAB_FBIT,ALL,2023,17,,,,,,,,,,,,,,
IT1:DF_DCSS_MIGR_BACKG_PAR_TV_5_COM(1.0),A,ITF51,NATIT_B_ABUNTI17,T,Y_UN17,ITL,TOTAL,MBIT_FBAB,ALL,2023,16,,,,,,,,,,,,,,
IT1:DF_DCSS_MIGR_BACKG_PAR_TV_5_COM(1.0),A,ITF52,NATIT_B_ABUNTI17,T,Y_UN17,ITL,EU27,ALL,ALL,2023,8,,,,,,,,,,,,,,
IT1:DF_DCSS_MIGR_BACKG_PAR_TV_5_COM(1.0),A,ITF52,NATIT_B_ABUNTI17,T,Y_UN17,ITL,EU27,BPBAB,ALL,2023,2,,,,,,,,,,,,,,
IT1:DF_DCSS_MIGR_BACKG_PAR_TV_5_COM(1.0),A,ITF52,NATIT_B_ABUNTI17,T,Y_UN17,ITL,EU27,BPBIT,ALL,2023,4,,,,,,,,,,,,,,
IT1:DF_DCSS_MIGR_BACKG_PAR_TV_5_COM(1.0),A,ITF52,NATIT_B_ABUNTI17,T,Y_UN17,ITL,EU27,MBAB_FBIT,ALL,2023,2,,,,,,,,,,,,,,
IT1:DF_DCSS_MIGR_BACKG_PAR_TV_5_COM(1.0),A,ITF52,NATIT_B_ABUNTI17,T,Y_UN17,ITL,EXTEU27,ALL,ALL,2023,38,,,,,,,,,,,,,,
IT1:DF_DCSS_MIGR_BACKG_PAR_TV_5_COM(1.0),A,ITF52,NATIT_B_ABUNTI17,T,Y_UN17,ITL,EXTEU27,BPBAB,ALL,2023,16,,,,,,,,,,,,,,
IT1:DF_DCSS_MIGR_BACKG_PAR_TV_5_COM(1.0),A,ITF52,NATIT_B_ABUNTI17,T,Y_UN17,ITL,EXTEU27,BPBIT,ALL,2023,14,,,,,,,,,,,,,,
IT1:DF_DCSS_MIGR_BACKG_PAR_TV_5_COM(1.0),A,ITF52,NATIT_B_ABUNTI17,T,Y_UN17,ITL,EXTEU27,MBAB_FBIT,ALL,2023,4,,,,,,,,,,,,,,
IT1:DF_DCSS_MIGR_BACKG_PAR_TV_5_COM(1.0),A,ITF52,NATIT_B_ABUNTI17,T,Y_UN17,ITL,EXTEU27,MBIT_FBAB,ALL,2023,4,,,,,,,,,,,,,,
IT1:DF_DCSS_MIGR_BACKG_PAR_TV_5_COM(1.0),A,ITF52,NATIT_B_ABUNTI17,T,Y_UN17,ITL,TOTAL,ALL,ALL,2023,46,,,,,,,,,,,,,,
IT1:DF_DCSS_MIGR_BACKG_PAR_TV_5_COM(1.0),A,ITF52,NATIT_B_ABUNTI17,T,Y_UN17,ITL,TOTAL,BPBAB,ALL,2023,18,,,,,,,,,,,,,,
IT1:DF_DCSS_MIGR_BACKG_PAR_TV_5_COM(1.0),A,ITF52,NATIT_B_ABUNTI17,T,Y_UN17,ITL,TOTAL,BPBIT,ALL,2023,18,,,,,,,,,,,,,,
IT1:DF_DCSS_MIGR_BACKG_PAR_TV_5_COM(1.0),A,ITF52,NATIT_B_ABUNTI17,T,Y_UN17,ITL,TOTAL,MBAB_FBIT,ALL,2023,6,,,,,,,,,,,,,,
IT1:DF_DCSS_MIGR_BACKG_PAR_TV_5_COM(1.0),A,ITF52,NATIT_B_ABUNTI17,T,Y_UN17,ITL,TOTAL,MBIT_FBAB,ALL,2023,4,,,,,,,,,,,,,,
IT1:DF_DCSS_MIGR_BACKG_PAR_TV_5_COM(1.0),A,ITF61,NATIT_B_ABUNTI17,T,Y_UN17,ITL,APO,ALL,ALL,2023,1,,,,,,,,,,,,,,
IT1:DF_DCSS_MIGR_BACKG_PAR_TV_5_COM(1.0),A,ITF61,NATIT_B_ABUNTI17,T,Y_UN17,ITL,APO,BPBAB,ALL,2023,1,,,,,,,,,,,,,,
IT1:DF_DCSS_MIGR_BACKG_PAR_TV_5_COM(1.0),A,ITF61,NATIT_B_ABUNTI17,T,Y_UN17,ITL,EU27,ALL,ALL,2023,44,,,,,,,,,,,,,,
IT1:DF_DCSS_MIGR_BACKG_PAR_TV_5_COM(1.0),A,ITF61,NATIT_B_ABUNTI17,T,Y_UN17,ITL,EU27,BPBAB,ALL,2023,14,,,,,,,,,,,,,,
IT1:DF_DCSS_MIGR_BACKG_PAR_TV_5_COM(1.0),A,ITF61,NATIT_B_ABUNTI17,T,Y_UN17,ITL,EU27,BPBIT,ALL,2023,13,,,,,,,,,,,,,,
IT1:DF_DCSS_MIGR_BACKG_PAR_TV_5_COM(1.0),A,ITF61,NATIT_B_ABUNTI17,T,Y_UN17,ITL,EU27,MBAB_FBIT,ALL,2023,9,,,,,,,,,,,,,,
IT1:DF_DCSS_MIGR_BACKG_PAR_TV_5_COM(1.0),A,ITF61,NATIT_B_ABUNTI17,T,Y_UN17,ITL,EU27,MBIT_FBAB,ALL,2023,8,,,,,,,,,,,,,,
IT1:DF_DCSS_MIGR_BACKG_PAR_TV_5_COM(1.0),A,ITF61,NATIT_B_ABUNTI17,T,Y_UN17,ITL,EXTEU27,ALL,ALL,2023,264,,,,,,,,,,,,,,
IT1:DF_DCSS_MIGR_BACKG_PAR_TV_5_COM(1.0),A,ITF61,NATIT_B_ABUNTI17,T,Y_UN17,ITL,EXTEU27,BPBAB,ALL,2023,144,,,,,,,,,,,,,,
IT1:DF_DCSS_MIGR_BACKG_PAR_TV_5_COM(1.0),A,ITF61,NATIT_B_ABUNTI17,T,Y_UN17,ITL,EXTEU27,BPBIT,ALL,2023,50,,,,,,,,,,,,,,
IT1:DF_DCSS_MIGR_BACKG_PAR_TV_5_COM(1.0),A,ITF61,NATIT_B_ABUNTI17,T,Y_UN17,ITL,EXTEU27,MBAB_FBIT,ALL,2023,39,,,,,,,,,,,,,,
IT1:DF_DCSS_MIGR_BACKG_PAR_TV_5_COM(1.0),A,ITF61,NATIT_B_ABUNTI17,T,Y_UN17,ITL,EXTEU27,MBIT_FBAB,ALL,2023,31,,,,,,,,,,,,,,
IT1:DF_DCSS_MIGR_BACKG_PAR_TV_5_COM(1.0),A,ITF61,NATIT_B_ABUNTI17,T,Y_UN17,ITL,TOTAL,ALL,ALL,2023,309,,,,,,,,,,,,,,
IT1:DF_DCSS_MIGR_BACKG_PAR_TV_5_COM(1.0),A,ITF61,NATIT_B_ABUNTI17,T,Y_UN17,ITL,TOTAL,BPBAB,ALL,2023,159,,,,,,,,,,,,,,
IT1:DF_DCSS_MIGR_BACKG_PAR_TV_5_COM(1.0),A,ITF61,NATIT_B_ABUNTI17,T,Y_UN17,ITL,TOTAL,BPBIT,ALL,2023,63,,,,,,,,,,,,,,
IT1:DF_DCSS_MIGR_BACKG_PAR_TV_5_COM(1.0),A,ITF61,NATIT_B_ABUNTI17,T,Y_UN17,ITL,TOTAL,MBAB_FBIT,ALL,2023,48,,,,,,,,,,,,,,
IT1:DF_DCSS_MIGR_BACKG_PAR_TV_5_COM(1.0),A,ITF61,NATIT_B_ABUNTI17,T,Y_UN17,ITL,TOTAL,MBIT_FBAB,ALL,2023,39,,,,,,,,,,,,,,
IT1:DF_DCSS_MIGR_BACKG_PAR_TV_5_COM(1.0),A,ITF62,NATIT_B_ABUNTI17,T,Y_UN17,ITL,EU27,ALL,ALL,2023,10,,,,,,,,,,,,,,
IT1:DF_DCSS_MIGR_BACKG_PAR_TV_5_COM(1.0),A,ITF62,NATIT_B_ABUNTI17,T,Y_UN17,ITL,EU27,BPBAB,ALL,2023,2,,,,,,,,,,,,,,
IT1:DF_DCSS_MIGR_BACKG_PAR_TV_5_COM(1.0),A,ITF62,NATIT_B_ABUNTI17,T,Y_UN17,ITL,EU27,BPBIT,ALL,2023,4,,,,,,,,,,,,,,
IT1:DF_DCSS_MIGR_BACKG_PAR_TV_5_COM(1.0),A,ITF62,NATIT_B_ABUNTI17,T,Y_UN17,ITL,EU27,MBAB_FBIT,ALL,2023,3,,,,,,,,,,,,,,
IT1:DF_DCSS_MIGR_BACKG_PAR_TV_5_COM(1.0),A,ITF62,NATIT_B_ABUNTI17,T,Y_UN17,ITL,EU27,MBIT_FBAB,ALL,2023,1,,,,,,,,,,,,,,
IT1:DF_DCSS_MIGR_BACKG_PAR_TV_5_COM(1.0),A,ITF62,NATIT_B_ABUNTI17,T,Y_UN17,ITL,EXTEU27,ALL,ALL,2023,21,,,,,,,,,,,,,,
IT1:DF_DCSS_MIGR_BACKG_PAR_TV_5_COM(1.0),A,ITF62,NATIT_B_ABUNTI17,T,Y_UN17,ITL,EXTEU27,BPBAB,ALL,2023,11,,,,,,,,,,,,,,
IT1:DF_DCSS_MIGR_BACKG_PAR_TV_5_COM(1.0),A,ITF62,NATIT_B_ABUNTI17,T,Y_UN17,ITL,EXTEU27,BPBIT,ALL,2023,7,,,,,,,,,,,,,,
IT1:DF_DCSS_MIGR_BACKG_PAR_TV_5_COM(1.0),A,ITF62,NATIT_B_ABUNTI17,T,Y_UN17,ITL,EXTEU27,MBAB_FBIT,ALL,2023,3,,,,,,,,,,,,,,
IT1:DF_DCSS_MIGR_BACKG_PAR_TV_5_COM(1.0),A,ITF62,NATIT_B_ABUNTI17,T,Y_UN17,ITL,TOTAL,ALL,ALL,2023,31,,,,,,,,,,,,,,
IT1:DF_DCSS_MIGR_BACKG_PAR_TV_5_COM(1.0),A,ITF62,NATIT_B_ABUNTI17,T,Y_UN17,ITL,TOTAL,BPBAB,ALL,2023,13,,,,,,,,,,,,,,
IT1:DF_DCSS_MIGR_BACKG_PAR_TV_5_COM(1.0),A,ITF62,NATIT_B_ABUNTI17,T,Y_UN17,ITL,TOTAL,BPBIT,ALL,2023,11,,,,,,,,,,,,,,
IT1:DF_DCSS_MIGR_BACKG_PAR_TV_5_COM(1.0),A,ITF62,NATIT_B_ABUNTI17,T,Y_UN17,ITL,TOTAL,MBAB_FBIT,ALL,2023,6,,,,,,,,,,,,,,
IT1:DF_DCSS_MIGR_BACKG_PAR_TV_5_COM(1.0),A,ITF62,NATIT_B_ABUNTI17,T,Y_UN17,ITL,TOTAL,MBIT_FBAB,ALL,2023,1,,,,,,,,,,,,,,
IT1:DF_DCSS_MIGR_BACKG_PAR_TV_5_COM(1.0),A,ITF63,NATIT_B_ABUNTI17,T,Y_UN17,ITL,EU27,ALL,ALL,2023,21,,,,,,,,,,,,,,
IT1:DF_DCSS_MIGR_BACKG_PAR_TV_5_COM(1.0),A,ITF63,NATIT_B_ABUNTI17,T,Y_UN17,ITL,EU27,BPBAB,ALL,2023,7,,,,,,,,,,,,,,
IT1:DF_DCSS_MIGR_BACKG_PAR_TV_5_COM(1.0),A,ITF63,NATIT_B_ABUNTI17,T,Y_UN17,ITL,EU27,BPBIT,ALL,2023,8,,,,,,,,,,,,,,
IT1:DF_DCSS_MIGR_BACKG_PAR_TV_5_COM(1.0),A,ITF63,NATIT_B_ABUNTI17,T,Y_UN17,ITL,EU27,MBAB_FBIT,ALL,2023,4,,,,,,,,,,,,,,
IT1:DF_DCSS_MIGR_BACKG_PAR_TV_5_COM(1.0),A,ITF63,NATIT_B_ABUNTI17,T,Y_UN17,ITL,EU27,MBIT_FBAB,ALL,2023,2,,,,,,,,,,,,,,
IT1:DF_DCSS_MIGR_BACKG_PAR_TV_5_COM(1.0),A,ITF63,NATIT_B_ABUNTI17,T,Y_UN17,ITL,EXTEU27,ALL,ALL,2023,105,,,,,,,,,,,,,,
IT1:DF_DCSS_MIGR_BACKG_PAR_TV_5_COM(1.0),A,ITF63,NATIT_B_ABUNTI17,T,Y_UN17,ITL,EXTEU27,BPBAB,ALL,2023,56,,,,,,,,,,,,,,
IT1:DF_DCSS_MIGR_BACKG_PAR_TV_5_COM(1.0),A,ITF63,NATIT_B_ABUNTI17,T,Y_UN17,ITL,EXTEU27,BPBIT,ALL,2023,25,,,,,,,,,,,,,,
IT1:DF_DCSS_MIGR_BACKG_PAR_TV_5_COM(1.0),A,ITF63,NATIT_B_ABUNTI17,T,Y_UN17,ITL,EXTEU27,MBAB_FBIT,ALL,2023,19,,,,,,,,,,,,,,
IT1:DF_DCSS_MIGR_BACKG_PAR_TV_5_COM(1.0),A,ITF63,NATIT_B_ABUNTI17,T,Y_UN17,ITL,EXTEU27,MBIT_FBAB,ALL,2023,5,,,,,,,,,,,,,,
IT1:DF_DCSS_MIGR_BACKG_PAR_TV_5_COM(1.0),A,ITF63,NATIT_B_ABUNTI17,T,Y_UN17,ITL,TOTAL,ALL,ALL,2023,126,,,,,,,,,,,,,,
IT1:DF_DCSS_MIGR_BACKG_PAR_TV_5_COM(1.0),A,ITF63,NATIT_B_ABUNTI17,T,Y_UN17,ITL,TOTAL,BPBAB,ALL,2023,63,,,,,,,,,,,,,,
IT1:DF_DCSS_MIGR_BACKG_PAR_TV_5_COM(1.0),A,ITF63,NATIT_B_ABUNTI17,T,Y_UN17,ITL,TOTAL,BPBIT,ALL,2023,33,,,,,,,,,,,,,,
IT1:DF_DCSS_MIGR_BACKG_PAR_TV_5_COM(1.0),A,ITF63,NATIT_B_ABUNTI17,T,Y_UN17,ITL,TOTAL,MBAB_FBIT,ALL,2023,23,,,,,,,,,,,,,,
IT1:DF_DCSS_MIGR_BACKG_PAR_TV_5_COM(1.0),A,ITF63,NATIT_B_ABUNTI17,T,Y_UN17,ITL,TOTAL,MBIT_FBAB,ALL,2023,7,,,,,,,,,,,,,,
IT1:DF_DCSS_MIGR_BACKG_PAR_TV_5_COM(1.0),A,ITF64,NATIT_B_ABUNTI17,T,Y_UN17,ITL,EU27,ALL,ALL,2023,14,,,,,,,,,,,,,,
IT1:DF_DCSS_MIGR_BACKG_PAR_TV_5_COM(1.0),A,ITF64,NATIT_B_ABUNTI17,T,Y_UN17,ITL,EU27,BPBAB,ALL,2023,5,,,,,,,,,,,,,,
IT1:DF_DCSS_MIGR_BACKG_PAR_TV_5_COM(1.0),A,ITF64,NATIT_B_ABUNTI17,T,Y_UN17,ITL,EU27,BPBIT,ALL,2023,4,,,,,,,,,,,,,,
IT1:DF_DCSS_MIGR_BACKG_PAR_TV_5_COM(1.0),A,ITF64,NATIT_B_ABUNTI17,T,Y_UN17,ITL,EU27,MBAB_FBIT,ALL,2023,3,,,,,,,,,,,,,,
IT1:DF_DCSS_MIGR_BACKG_PAR_TV_5_COM(1.0),A,ITF64,NATIT_B_ABUNTI17,T,Y_UN17,ITL,EU27,MBIT_FBAB,ALL,2023,2,,,,,,,,,,,,,,
IT1:DF_DCSS_MIGR_BACKG_PAR_TV_5_COM(1.0),A,ITF64,NATIT_B_ABUNTI17,T,Y_UN17,ITL,EXTEU27,ALL,ALL,2023,55,,,,,,,,,,,,,,
IT1:DF_DCSS_MIGR_BACKG_PAR_TV_5_COM(1.0),A,ITF64,NATIT_B_ABUNTI17,T,Y_UN17,ITL,EXTEU27,BPBAB,ALL,2023,31,,,,,,,,,,,,,,
IT1:DF_DCSS_MIGR_BACKG_PAR_TV_5_COM(1.0),A,ITF64,NATIT_B_ABUNTI17,T,Y_UN17,ITL,EXTEU27,BPBIT,ALL,2023,13,,,,,,,,,,,,,,
IT1:DF_DCSS_MIGR_BACKG_PAR_TV_5_COM(1.0),A,ITF64,NATIT_B_ABUNTI17,T,Y_UN17,ITL,EXTEU27,MBAB_FBIT,ALL,2023,6,,,,,,,,,,,,,,
IT1:DF_DCSS_MIGR_BACKG_PAR_TV_5_COM(1.0),A,ITF64,NATIT_B_ABUNTI17,T,Y_UN17,ITL,EXTEU27,MBIT_FBAB,ALL,2023,5,,,,,,,,,,,,,,
IT1:DF_DCSS_MIGR_BACKG_PAR_TV_5_COM(1.0),A,ITF64,NATIT_B_ABUNTI17,T,Y_UN17,ITL,TOTAL,ALL,ALL,2023,69,,,,,,,,,,,,,,
IT1:DF_DCSS_MIGR_BACKG_PAR_TV_5_COM(1.0),A,ITF64,NATIT_B_ABUNTI17,T,Y_UN17,ITL,TOTAL,BPBAB,ALL,2023,36,,,,,,,,,,,,,,
IT1:DF_DCSS_MIGR_BACKG_PAR_TV_5_COM(1.0),A,ITF64,NATIT_B_ABUNTI17,T,Y_UN17,ITL,TOTAL,BPBIT,ALL,2023,17,,,,,,,,,,,,,,
IT1:DF_DCSS_MIGR_BACKG_PAR_TV_5_COM(1.0),A,ITF64,NATIT_B_ABUNTI17,T,Y_UN17,ITL,TOTAL,MBAB_FBIT,ALL,2023,9,,,,,,,,,,,,,,
IT1:DF_DCSS_MIGR_BACKG_PAR_TV_5_COM(1.0),A,ITF64,NATIT_B_ABUNTI17,T,Y_UN17,ITL,TOTAL,MBIT_FBAB,ALL,2023,7,,,,,,,,,,,,,,
IT1:DF_DCSS_MIGR_BACKG_PAR_TV_5_COM(1.0),A,ITF65,NATIT_B_ABUNTI17,T,Y_UN17,ITL,EU27,ALL,ALL,2023,64,,,ITF65_N1,,,,,,,,,,,
IT1:DF_DCSS_MIGR_BACKG_PAR_TV_5_COM(1.0),A,ITF65,NATIT_B_ABUNTI17,T,Y_UN17,ITL,EU27,BPBAB,ALL,2023,12,,,ITF65_N1,,,,,,,,,,,
IT1:DF_DCSS_MIGR_BACKG_PAR_TV_5_COM(1.0),A,ITF65,NATIT_B_ABUNTI17,T,Y_UN17,ITL,EU27,BPBIT,ALL,2023,34,,,ITF65_N1,,,,,,,,,,,
IT1:DF_DCSS_MIGR_BACKG_PAR_TV_5_COM(1.0),A,ITF65,NATIT_B_ABUNTI17,T,Y_UN17,ITL,EU27,MBAB_FBIT,ALL,2023,13,,,ITF65_N1,,,,,,,,,,,
IT1:DF_DCSS_MIGR_BACKG_PAR_TV_5_COM(1.0),A,ITF65,NATIT_B_ABUNTI17,T,Y_UN17,ITL,EU27,MBIT_FBAB,ALL,2023,5,,,ITF65_N1,,,,,,,,,,,
IT1:DF_DCSS_MIGR_BACKG_PAR_TV_5_COM(1.0),A,ITF65,NATIT_B_ABUNTI17,T,Y_UN17,ITL,EXTEU27,ALL,ALL,2023,239,,,ITF65_N1,,,,,,,,,,,
IT1:DF_DCSS_MIGR_BACKG_PAR_TV_5_COM(1.0),A,ITF65,NATIT_B_ABUNTI17,T,Y_UN17,ITL,EXTEU27,BPBAB,ALL,2023,142,,,ITF65_N1,,,,,,,,,,,
IT1:DF_DCSS_MIGR_BACKG_PAR_TV_5_COM(1.0),A,ITF65,NATIT_B_ABUNTI17,T,Y_UN17,ITL,EXTEU27,BPBIT,ALL,2023,56,,,ITF65_N1,,,,,,,,,,,
IT1:DF_DCSS_MIGR_BACKG_PAR_TV_5_COM(1.0),A,ITF65,NATIT_B_ABUNTI17,T,Y_UN17,ITL,EXTEU27,MBAB_FBIT,ALL,2023,24,,,ITF65_N1,,,,,,,,,,,
IT1:DF_DCSS_MIGR_BACKG_PAR_TV_5_COM(1.0),A,ITF65,NATIT_B_ABUNTI17,T,Y_UN17,ITL,EXTEU27,MBIT_FBAB,ALL,2023,17,,,ITF65_N1,,,,,,,,,,,
IT1:DF_DCSS_MIGR_BACKG_PAR_TV_5_COM(1.0),A,ITF65,NATIT_B_ABUNTI17,T,Y_UN17,ITL,TOTAL,ALL,ALL,2023,303,,,ITF65_N1,,,,,,,,,,,
IT1:DF_DCSS_MIGR_BACKG_PAR_TV_5_COM(1.0),A,ITF65,NATIT_B_ABUNTI17,T,Y_UN17,ITL,TOTAL,BPBAB,ALL,2023,154,,,ITF65_N1,,,,,,,,,,,
IT1:DF_DCSS_MIGR_BACKG_PAR_TV_5_COM(1.0),A,ITF65,NATIT_B_ABUNTI17,T,Y_UN17,ITL,TOTAL,BPBIT,ALL,2023,90,,,ITF65_N1,,,,,,,,,,,
IT1:DF_DCSS_MIGR_BACKG_PAR_TV_5_COM(1.0),A,ITF65,NATIT_B_ABUNTI17,T,Y_UN17,ITL,TOTAL,MBAB_FBIT,ALL,2023,37,,,ITF65_N1,,,,,,,,,,,
IT1:DF_DCSS_MIGR_BACKG_PAR_TV_5_COM(1.0),A,ITF65,NATIT_B_ABUNTI17,T,Y_UN17,ITL,TOTAL,MBIT_FBAB,ALL,2023,22,,,ITF65_N1,,,,,,,,,,,
IT1:DF_DCSS_MIGR_BACKG_PAR_TV_5_COM(1.0),A,ITG11,NATIT_B_ABUNTI17,T,Y_UN17,ITL,EU27,ALL,ALL,2023,19,,,,,,,,,,,,,,
IT1:DF_DCSS_MIGR_BACKG_PAR_TV_5_COM(1.0),A,ITG11,NATIT_B_ABUNTI17,T,Y_UN17,ITL,EU27,BPBAB,ALL,2023,3,,,,,,,,,,,,,,
IT1:DF_DCSS_MIGR_BACKG_PAR_TV_5_COM(1.0),A,ITG11,NATIT_B_ABUNTI17,T,Y_UN17,ITL,EU27,BPBIT,ALL,2023,7,,,,,,,,,,,,,,
IT1:DF_DCSS_MIGR_BACKG_PAR_TV_5_COM(1.0),A,ITG11,NATIT_B_ABUNTI17,T,Y_UN17,ITL,EU27,MBAB_FBIT,ALL,2023,7,,,,,,,,,,,,,,
IT1:DF_DCSS_MIGR_BACKG_PAR_TV_5_COM(1.0),A,ITG11,NATIT_B_ABUNTI17,T,Y_UN17,ITL,EU27,MBIT_FBAB,ALL,2023,2,,,,,,,,,,,,,,
IT1:DF_DCSS_MIGR_BACKG_PAR_TV_5_COM(1.0),A,ITG11,NATIT_B_ABUNTI17,T,Y_UN17,ITL,EXTEU27,ALL,ALL,2023,75,,,,,,,,,,,,,,
IT1:DF_DCSS_MIGR_BACKG_PAR_TV_5_COM(1.0),A,ITG11,NATIT_B_ABUNTI17,T,Y_UN17,ITL,EXTEU27,BPBAB,ALL,2023,57,,,,,,,,,,,,,,
IT1:DF_DCSS_MIGR_BACKG_PAR_TV_5_COM(1.0),A,ITG11,NATIT_B_ABUNTI17,T,Y_UN17,ITL,EXTEU27,BPBIT,ALL,2023,9,,,,,,,,,,,,,,
IT1:DF_DCSS_MIGR_BACKG_PAR_TV_5_COM(1.0),A,ITG11,NATIT_B_ABUNTI17,T,Y_UN17,ITL,EXTEU27,MBAB_FBIT,ALL,2023,7,,,,,,,,,,,,,,
IT1:DF_DCSS_MIGR_BACKG_PAR_TV_5_COM(1.0),A,ITG11,NATIT_B_ABUNTI17,T,Y_UN17,ITL,EXTEU27,MBIT_FBAB,ALL,2023,2,,,,,,,,,,,,,,
IT1:DF_DCSS_MIGR_BACKG_PAR_TV_5_COM(1.0),A,ITG11,NATIT_B_ABUNTI17,T,Y_UN17,ITL,TOTAL,ALL,ALL,2023,94,,,,,,,,,,,,,,
IT1:DF_DCSS_MIGR_BACKG_PAR_TV_5_COM(1.0),A,ITG11,NATIT_B_ABUNTI17,T,Y_UN17,ITL,TOTAL,BPBAB,ALL,2023,60,,,,,,,,,,,,,,
IT1:DF_DCSS_MIGR_BACKG_PAR_TV_5_COM(1.0),A,ITG11,NATIT_B_ABUNTI17,T,Y_UN17,ITL,TOTAL,BPBIT,ALL,2023,16,,,,,,,,,,,,,,
IT1:DF_DCSS_MIGR_BACKG_PAR_TV_5_COM(1.0),A,ITG11,NATIT_B_ABUNTI17,T,Y_UN17,ITL,TOTAL,MBAB_FBIT,ALL,2023,14,,,,,,,,,,,,,,
IT1:DF_DCSS_MIGR_BACKG_PAR_TV_5_COM(1.0),A,ITG11,NATIT_B_ABUNTI17,T,Y_UN17,ITL,TOTAL,MBIT_FBAB,ALL,2023,4,,,,,,,,,,,,,,
IT1:DF_DCSS_MIGR_BACKG_PAR_TV_5_COM(1.0),A,ITG12,NATIT_B_ABUNTI17,T,Y_UN17,ITL,EU27,ALL,ALL,2023,36,,,ITG12_N1,,,,,,,,,,,
IT1:DF_DCSS_MIGR_BACKG_PAR_TV_5_COM(1.0),A,ITG12,NATIT_B_ABUNTI17,T,Y_UN17,ITL,EU27,BPBAB,ALL,2023,6,,,ITG12_N1,,,,,,,,,,,
IT1:DF_DCSS_MIGR_BACKG_PAR_TV_5_COM(1.0),A,ITG12,NATIT_B_ABUNTI17,T,Y_UN17,ITL,EU27,BPBIT,ALL,2023,22,,,ITG12_N1,,,,,,,,,,,
IT1:DF_DCSS_MIGR_BACKG_PAR_TV_5_COM(1.0),A,ITG12,NATIT_B_ABUNTI17,T,Y_UN17,ITL,EU27,MBAB_FBIT,ALL,2023,5,,,ITG12_N1,,,,,,,,,,,
IT1:DF_DCSS_MIGR_BACKG_PAR_TV_5_COM(1.0),A,ITG12,NATIT_B_ABUNTI17,T,Y_UN17,ITL,EU27,MBIT_FBAB,ALL,2023,3,,,ITG12_N1,,,,,,,,,,,
IT1:DF_DCSS_MIGR_BACKG_PAR_TV_5_COM(1.0),A,ITG12,NATIT_B_ABUNTI17,T,Y_UN17,ITL,EXTEU27,ALL,ALL,2023,220,,,ITG12_N1,,,,,,,,,,,
IT1:DF_DCSS_MIGR_BACKG_PAR_TV_5_COM(1.0),A,ITG12,NATIT_B_ABUNTI17,T,Y_UN17,ITL,EXTEU27,BPBAB,ALL,2023,152,,,ITG12_N1,,,,,,,,,,,
IT1:DF_DCSS_MIGR_BACKG_PAR_TV_5_COM(1.0),A,ITG12,NATIT_B_ABUNTI17,T,Y_UN17,ITL,EXTEU27,BPBIT,ALL,2023,45,,,ITG12_N1,,,,,,,,,,,
IT1:DF_DCSS_MIGR_BACKG_PAR_TV_5_COM(1.0),A,ITG12,NATIT_B_ABUNTI17,T,Y_UN17,ITL,EXTEU27,MBAB_FBIT,ALL,2023,17,,,ITG12_N1,,,,,,,,,,,
IT1:DF_DCSS_MIGR_BACKG_PAR_TV_5_COM(1.0),A,ITG12,NATIT_B_ABUNTI17,T,Y_UN17,ITL,EXTEU27,MBIT_FBAB,ALL,2023,6,,,ITG12_N1,,,,,,,,,,,
IT1:DF_DCSS_MIGR_BACKG_PAR_TV_5_COM(1.0),A,ITG12,NATIT_B_ABUNTI17,T,Y_UN17,ITL,TOTAL,ALL,ALL,2023,256,,,ITG12_N1,,,,,,,,,,,
IT1:DF_DCSS_MIGR_BACKG_PAR_TV_5_COM(1.0),A,ITG12,NATIT_B_ABUNTI17,T,Y_UN17,ITL,TOTAL,BPBAB,ALL,2023,158,,,ITG12_N1,,,,,,,,,,,
IT1:DF_DCSS_MIGR_BACKG_PAR_TV_5_COM(1.0),A,ITG12,NATIT_B_ABUNTI17,T,Y_UN17,ITL,TOTAL,BPBIT,ALL,2023,67,,,ITG12_N1,,,,,,,,,,,
IT1:DF_DCSS_MIGR_BACKG_PAR_TV_5_COM(1.0),A,ITG12,NATIT_B_ABUNTI17,T,Y_UN17,ITL,TOTAL,MBAB_FBIT,ALL,2023,22,,,ITG12_N1,,,,,,,,,,,
IT1:DF_DCSS_MIGR_BACKG_PAR_TV_5_COM(1.0),A,ITG12,NATIT_B_ABUNTI17,T,Y_UN17,ITL,TOTAL,MBIT_FBAB,ALL,2023,9,,,ITG12_N1,,,,,,,,,,,
IT1:DF_DCSS_MIGR_BACKG_PAR_TV_5_COM(1.0),A,ITG13,NATIT_B_ABUNTI17,T,Y_UN17,ITL,EU27,ALL,ALL,2023,39,,,ITG13_N1,,,,,,,,,,,
IT1:DF_DCSS_MIGR_BACKG_PAR_TV_5_COM(1.0),A,ITG13,NATIT_B_ABUNTI17,T,Y_UN17,ITL,EU27,BPBAB,ALL,2023,8,,,ITG13_N1,,,,,,,,,,,
IT1:DF_DCSS_MIGR_BACKG_PAR_TV_5_COM(1.0),A,ITG13,NATIT_B_ABUNTI17,T,Y_UN17,ITL,EU27,BPBIT,ALL,2023,20,,,ITG13_N1,,,,,,,,,,,
IT1:DF_DCSS_MIGR_BACKG_PAR_TV_5_COM(1.0),A,ITG13,NATIT_B_ABUNTI17,T,Y_UN17,ITL,EU27,MBAB_FBIT,ALL,2023,7,,,ITG13_N1,,,,,,,,,,,
IT1:DF_DCSS_MIGR_BACKG_PAR_TV_5_COM(1.0),A,ITG13,NATIT_B_ABUNTI17,T,Y_UN17,ITL,EU27,MBIT_FBAB,ALL,2023,4,,,ITG13_N1,,,,,,,,,,,
IT1:DF_DCSS_MIGR_BACKG_PAR_TV_5_COM(1.0),A,ITG13,NATIT_B_ABUNTI17,T,Y_UN17,ITL,EXTEU27,ALL,ALL,2023,312,,,ITG13_N1,,,,,,,,,,,
IT1:DF_DCSS_MIGR_BACKG_PAR_TV_5_COM(1.0),A,ITG13,NATIT_B_ABUNTI17,T,Y_UN17,ITL,EXTEU27,BPBAB,ALL,2023,230,,,ITG13_N1,,,,,,,,,,,
IT1:DF_DCSS_MIGR_BACKG_PAR_TV_5_COM(1.0),A,ITG13,NATIT_B_ABUNTI17,T,Y_UN17,ITL,EXTEU27,BPBIT,ALL,2023,38,,,ITG13_N1,,,,,,,,,,,
IT1:DF_DCSS_MIGR_BACKG_PAR_TV_5_COM(1.0),A,ITG13,NATIT_B_ABUNTI17,T,Y_UN17,ITL,EXTEU27,MBAB_FBIT,ALL,2023,29,,,ITG13_N1,,,,,,,,,,,
IT1:DF_DCSS_MIGR_BACKG_PAR_TV_5_COM(1.0),A,ITG13,NATIT_B_ABUNTI17,T,Y_UN17,ITL,EXTEU27,MBIT_FBAB,ALL,2023,15,,,ITG13_N1,,,,,,,,,,,
IT1:DF_DCSS_MIGR_BACKG_PAR_TV_5_COM(1.0),A,ITG13,NATIT_B_ABUNTI17,T,Y_UN17,ITL,TOTAL,ALL,ALL,2023,351,,,ITG13_N1,,,,,,,,,,,
IT1:DF_DCSS_MIGR_BACKG_PAR_TV_5_COM(1.0),A,ITG13,NATIT_B_ABUNTI17,T,Y_UN17,ITL,TOTAL,BPBAB,ALL,2023,238,,,ITG13_N1,,,,,,,,,,,
IT1:DF_DCSS_MIGR_BACKG_PAR_TV_5_COM(1.0),A,ITG13,NATIT_B_ABUNTI17,T,Y_UN17,ITL,TOTAL,BPBIT,ALL,2023,58,,,ITG13_N1,,,,,,,,,,,
IT1:DF_DCSS_MIGR_BACKG_PAR_TV_5_COM(1.0),A,ITG13,NATIT_B_ABUNTI17,T,Y_UN17,ITL,TOTAL,MBAB_FBIT,ALL,2023,36,,,ITG13_N1,,,,,,,,,,,
IT1:DF_DCSS_MIGR_BACKG_PAR_TV_5_COM(1.0),A,ITG13,NATIT_B_ABUNTI17,T,Y_UN17,ITL,TOTAL,MBIT_FBAB,ALL,2023,19,,,ITG13_N1,,,,,,,,,,,
IT1:DF_DCSS_MIGR_BACKG_PAR_TV_5_COM(1.0),A,ITG14,NATIT_B_ABUNTI17,T,Y_UN17,ITL,EU27,ALL,ALL,2023,27,,,,,,,,,,,,,,
IT1:DF_DCSS_MIGR_BACKG_PAR_TV_5_COM(1.0),A,ITG14,NATIT_B_ABUNTI17,T,Y_UN17,ITL,EU27,BPBAB,ALL,2023,6,,,,,,,,,,,,,,
IT1:DF_DCSS_MIGR_BACKG_PAR_TV_5_COM(1.0),A,ITG14,NATIT_B_ABUNTI17,T,Y_UN17,ITL,EU27,BPBIT,ALL,2023,11,,,,,,,,,,,,,,
IT1:DF_DCSS_MIGR_BACKG_PAR_TV_5_COM(1.0),A,ITG14,NATIT_B_ABUNTI17,T,Y_UN17,ITL,EU27,MBAB_FBIT,ALL,2023,9,,,,,,,,,,,,,,
IT1:DF_DCSS_MIGR_BACKG_PAR_TV_5_COM(1.0),A,ITG14,NATIT_B_ABUNTI17,T,Y_UN17,ITL,EU27,MBIT_FBAB,ALL,2023,1,,,,,,,,,,,,,,
IT1:DF_DCSS_MIGR_BACKG_PAR_TV_5_COM(1.0),A,ITG14,NATIT_B_ABUNTI17,T,Y_UN17,ITL,EXTEU27,ALL,ALL,2023,61,,,,,,,,,,,,,,
IT1:DF_DCSS_MIGR_BACKG_PAR_TV_5_COM(1.0),A,ITG14,NATIT_B_ABUNTI17,T,Y_UN17,ITL,EXTEU27,BPBAB,ALL,2023,39,,,,,,,,,,,,,,
IT1:DF_DCSS_MIGR_BACKG_PAR_TV_5_COM(1.0),A,ITG14,NATIT_B_ABUNTI17,T,Y_UN17,ITL,EXTEU27,BPBIT,ALL,2023,13,,,,,,,,,,,,,,
IT1:DF_DCSS_MIGR_BACKG_PAR_TV_5_COM(1.0),A,ITG14,NATIT_B_ABUNTI17,T,Y_UN17,ITL,EXTEU27,MBAB_FBIT,ALL,2023,7,,,,,,,,,,,,,,
IT1:DF_DCSS_MIGR_BACKG_PAR_TV_5_COM(1.0),A,ITG14,NATIT_B_ABUNTI17,T,Y_UN17,ITL,EXTEU27,MBIT_FBAB,ALL,2023,2,,,,,,,,,,,,,,
IT1:DF_DCSS_MIGR_BACKG_PAR_TV_5_COM(1.0),A,ITG14,NATIT_B_ABUNTI17,T,Y_UN17,ITL,TOTAL,ALL,ALL,2023,88,,,,,,,,,,,,,,
IT1:DF_DCSS_MIGR_BACKG_PAR_TV_5_COM(1.0),A,ITG14,NATIT_B_ABUNTI17,T,Y_UN17,ITL,TOTAL,BPBAB,ALL,2023,45,,,,,,,,,,,,,,
IT1:DF_DCSS_MIGR_BACKG_PAR_TV_5_COM(1.0),A,ITG14,NATIT_B_ABUNTI17,T,Y_UN17,ITL,TOTAL,BPBIT,ALL,2023,24,,,,,,,,,,,,,,
IT1:DF_DCSS_MIGR_BACKG_PAR_TV_5_COM(1.0),A,ITG14,NATIT_B_ABUNTI17,T,Y_UN17,ITL,TOTAL,MBAB_FBIT,ALL,2023,16,,,,,,,,,,,,,,
IT1:DF_DCSS_MIGR_BACKG_PAR_TV_5_COM(1.0),A,ITG14,NATIT_B_ABUNTI17,T,Y_UN17,ITL,TOTAL,MBIT_FBAB,ALL,2023,3,,,,,,,,,,,,,,
IT1:DF_DCSS_MIGR_BACKG_PAR_TV_5_COM(1.0),A,ITG15,NATIT_B_ABUNTI17,T,Y_UN17,ITL,EU27,ALL,ALL,2023,24,,,,,,,,,,,,,,
IT1:DF_DCSS_MIGR_BACKG_PAR_TV_5_COM(1.0),A,ITG15,NATIT_B_ABUNTI17,T,Y_UN17,ITL,EU27,BPBAB,ALL,2023,7,,,,,,,,,,,,,,
IT1:DF_DCSS_MIGR_BACKG_PAR_TV_5_COM(1.0),A,ITG15,NATIT_B_ABUNTI17,T,Y_UN17,ITL,EU27,BPBIT,ALL,2023,12,,,,,,,,,,,,,,
IT1:DF_DCSS_MIGR_BACKG_PAR_TV_5_COM(1.0),A,ITG15,NATIT_B_ABUNTI17,T,Y_UN17,ITL,EU27,MBAB_FBIT,ALL,2023,5,,,,,,,,,,,,,,
IT1:DF_DCSS_MIGR_BACKG_PAR_TV_5_COM(1.0),A,ITG15,NATIT_B_ABUNTI17,T,Y_UN17,ITL,EXTEU27,ALL,ALL,2023,21,,,,,,,,,,,,,,
IT1:DF_DCSS_MIGR_BACKG_PAR_TV_5_COM(1.0),A,ITG15,NATIT_B_ABUNTI17,T,Y_UN17,ITL,EXTEU27,BPBAB,ALL,2023,10,,,,,,,,,,,,,,
IT1:DF_DCSS_MIGR_BACKG_PAR_TV_5_COM(1.0),A,ITG15,NATIT_B_ABUNTI17,T,Y_UN17,ITL,EXTEU27,BPBIT,ALL,2023,5,,,,,,,,,,,,,,
IT1:DF_DCSS_MIGR_BACKG_PAR_TV_5_COM(1.0),A,ITG15,NATIT_B_ABUNTI17,T,Y_UN17,ITL,EXTEU27,MBAB_FBIT,ALL,2023,3,,,,,,,,,,,,,,
IT1:DF_DCSS_MIGR_BACKG_PAR_TV_5_COM(1.0),A,ITG15,NATIT_B_ABUNTI17,T,Y_UN17,ITL,EXTEU27,MBIT_FBAB,ALL,2023,3,,,,,,,,,,,,,,
IT1:DF_DCSS_MIGR_BACKG_PAR_TV_5_COM(1.0),A,ITG15,NATIT_B_ABUNTI17,T,Y_UN17,ITL,TOTAL,ALL,ALL,2023,45,,,,,,,,,,,,,,
IT1:DF_DCSS_MIGR_BACKG_PAR_TV_5_COM(1.0),A,ITG15,NATIT_B_ABUNTI17,T,Y_UN17,ITL,TOTAL,BPBAB,ALL,2023,17,,,,,,,,,,,,,,
IT1:DF_DCSS_MIGR_BACKG_PAR_TV_5_COM(1.0),A,ITG15,NATIT_B_ABUNTI17,T,Y_UN17,ITL,TOTAL,BPBIT,ALL,2023,17,,,,,,,,,,,,,,
IT1:DF_DCSS_MIGR_BACKG_PAR_TV_5_COM(1.0),A,ITG15,NATIT_B_ABUNTI17,T,Y_UN17,ITL,TOTAL,MBAB_FBIT,ALL,2023,8,,,,,,,,,,,,,,
IT1:DF_DCSS_MIGR_BACKG_PAR_TV_5_COM(1.0),A,ITG15,NATIT_B_ABUNTI17,T,Y_UN17,ITL,TOTAL,MBIT_FBAB,ALL,2023,3,,,,,,,,,,,,,,
IT1:DF_DCSS_MIGR_BACKG_PAR_TV_5_COM(1.0),A,ITG16,NATIT_B_ABUNTI17,T,Y_UN17,ITL,EU27,ALL,ALL,2023,15,,,,,,,,,,,,,,
IT1:DF_DCSS_MIGR_BACKG_PAR_TV_5_COM(1.0),A,ITG16,NATIT_B_ABUNTI17,T,Y_UN17,ITL,EU27,BPBAB,ALL,2023,5,,,,,,,,,,,,,,
IT1:DF_DCSS_MIGR_BACKG_PAR_TV_5_COM(1.0),A,ITG16,NATIT_B_ABUNTI17,T,Y_UN17,ITL,EU27,BPBIT,ALL,2023,7,,,,,,,,,,,,,,
IT1:DF_DCSS_MIGR_BACKG_PAR_TV_5_COM(1.0),A,ITG16,NATIT_B_ABUNTI17,T,Y_UN17,ITL,EU27,MBAB_FBIT,ALL,2023,2,,,,,,,,,,,,,,
IT1:DF_DCSS_MIGR_BACKG_PAR_TV_5_COM(1.0),A,ITG16,NATIT_B_ABUNTI17,T,Y_UN17,ITL,EU27,MBIT_FBAB,ALL,2023,1,,,,,,,,,,,,,,
IT1:DF_DCSS_MIGR_BACKG_PAR_TV_5_COM(1.0),A,ITG16,NATIT_B_ABUNTI17,T,Y_UN17,ITL,EXTEU27,ALL,ALL,2023,22,,,,,,,,,,,,,,
IT1:DF_DCSS_MIGR_BACKG_PAR_TV_5_COM(1.0),A,ITG16,NATIT_B_ABUNTI17,T,Y_UN17,ITL,EXTEU27,BPBAB,ALL,2023,14,,,,,,,,,,,,,,
IT1:DF_DCSS_MIGR_BACKG_PAR_TV_5_COM(1.0),A,ITG16,NATIT_B_ABUNTI17,T,Y_UN17,ITL,EXTEU27,BPBIT,ALL,2023,1,,,,,,,,,,,,,,
IT1:DF_DCSS_MIGR_BACKG_PAR_TV_5_COM(1.0),A,ITG16,NATIT_B_ABUNTI17,T,Y_UN17,ITL,EXTEU27,MBAB_FBIT,ALL,2023,7,,,,,,,,,,,,,,
IT1:DF_DCSS_MIGR_BACKG_PAR_TV_5_COM(1.0),A,ITG16,NATIT_B_ABUNTI17,T,Y_UN17,ITL,TOTAL,ALL,ALL,2023,37,,,,,,,,,,,,,,
IT1:DF_DCSS_MIGR_BACKG_PAR_TV_5_COM(1.0),A,ITG16,NATIT_B_ABUNTI17,T,Y_UN17,ITL,TOTAL,BPBAB,ALL,2023,19,,,,,,,,,,,,,,
IT1:DF_DCSS_MIGR_BACKG_PAR_TV_5_COM(1.0),A,ITG16,NATIT_B_ABUNTI17,T,Y_UN17,ITL,TOTAL,BPBIT,ALL,2023,8,,,,,,,,,,,,,,
IT1:DF_DCSS_MIGR_BACKG_PAR_TV_5_COM(1.0),A,ITG16,NATIT_B_ABUNTI17,T,Y_UN17,ITL,TOTAL,MBAB_FBIT,ALL,2023,9,,,,,,,,,,,,,,
IT1:DF_DCSS_MIGR_BACKG_PAR_TV_5_COM(1.0),A,ITG16,NATIT_B_ABUNTI17,T,Y_UN17,ITL,TOTAL,MBIT_FBAB,ALL,2023,1,,,,,,,,,,,,,,
IT1:DF_DCSS_MIGR_BACKG_PAR_TV_5_COM(1.0),A,ITG17,NATIT_B_ABUNTI17,T,Y_UN17,ITL,EU27,ALL,ALL,2023,48,,,ITG17_N1,,,,,,,,,,,
IT1:DF_DCSS_MIGR_BACKG_PAR_TV_5_COM(1.0),A,ITG17,NATIT_B_ABUNTI17,T,Y_UN17,ITL,EU27,BPBAB,ALL,2023,8,,,ITG17_N1,,,,,,,,,,,
IT1:DF_DCSS_MIGR_BACKG_PAR_TV_5_COM(1.0),A,ITG17,NATIT_B_ABUNTI17,T,Y_UN17,ITL,EU27,BPBIT,ALL,2023,28,,,ITG17_N1,,,,,,,,,,,
IT1:DF_DCSS_MIGR_BACKG_PAR_TV_5_COM(1.0),A,ITG17,NATIT_B_ABUNTI17,T,Y_UN17,ITL,EU27,MBAB_FBIT,ALL,2023,10,,,ITG17_N1,,,,,,,,,,,
IT1:DF_DCSS_MIGR_BACKG_PAR_TV_5_COM(1.0),A,ITG17,NATIT_B_ABUNTI17,T,Y_UN17,ITL,EU27,MBIT_FBAB,ALL,2023,2,,,ITG17_N1,,,,,,,,,,,
IT1:DF_DCSS_MIGR_BACKG_PAR_TV_5_COM(1.0),A,ITG17,NATIT_B_ABUNTI17,T,Y_UN17,ITL,EXTEU27,ALL,ALL,2023,161,,,ITG17_N1,,,,,,,,,,,
IT1:DF_DCSS_MIGR_BACKG_PAR_TV_5_COM(1.0),A,ITG17,NATIT_B_ABUNTI17,T,Y_UN17,ITL,EXTEU27,BPBAB,ALL,2023,105,,,ITG17_N1,,,,,,,,,,,
IT1:DF_DCSS_MIGR_BACKG_PAR_TV_5_COM(1.0),A,ITG17,NATIT_B_ABUNTI17,T,Y_UN17,ITL,EXTEU27,BPBIT,ALL,2023,25,,,ITG17_N1,,,,,,,,,,,
IT1:DF_DCSS_MIGR_BACKG_PAR_TV_5_COM(1.0),A,ITG17,NATIT_B_ABUNTI17,T,Y_UN17,ITL,EXTEU27,MBAB_FBIT,ALL,2023,18,,,ITG17_N1,,,,,,,,,,,
IT1:DF_DCSS_MIGR_BACKG_PAR_TV_5_COM(1.0),A,ITG17,NATIT_B_ABUNTI17,T,Y_UN17,ITL,EXTEU27,MBIT_FBAB,ALL,2023,13,,,ITG17_N1,,,,,,,,,,,
IT1:DF_DCSS_MIGR_BACKG_PAR_TV_5_COM(1.0),A,ITG17,NATIT_B_ABUNTI17,T,Y_UN17,ITL,TOTAL,ALL,ALL,2023,209,,,ITG17_N1,,,,,,,,,,,
IT1:DF_DCSS_MIGR_BACKG_PAR_TV_5_COM(1.0),A,ITG17,NATIT_B_ABUNTI17,T,Y_UN17,ITL,TOTAL,BPBAB,ALL,2023,113,,,ITG17_N1,,,,,,,,,,,
IT1:DF_DCSS_MIGR_BACKG_PAR_TV_5_COM(1.0),A,ITG17,NATIT_B_ABUNTI17,T,Y_UN17,ITL,TOTAL,BPBIT,ALL,2023,53,,,ITG17_N1,,,,,,,,,,,
IT1:DF_DCSS_MIGR_BACKG_PAR_TV_5_COM(1.0),A,ITG17,NATIT_B_ABUNTI17,T,Y_UN17,ITL,TOTAL,MBAB_FBIT,ALL,2023,28,,,ITG17_N1,,,,,,,,,,,
IT1:DF_DCSS_MIGR_BACKG_PAR_TV_5_COM(1.0),A,ITG17,NATIT_B_ABUNTI17,T,Y_UN17,ITL,TOTAL,MBIT_FBAB,ALL,2023,15,,,ITG17_N1,,,,,,,,,,,
IT1:DF_DCSS_MIGR_BACKG_PAR_TV_5_COM(1.0),A,ITG18,NATIT_B_ABUNTI17,T,Y_UN17,ITL,EU27,ALL,ALL,2023,18,,,,,,,,,,,,,,
IT1:DF_DCSS_MIGR_BACKG_PAR_TV_5_COM(1.0),A,ITG18,NATIT_B_ABUNTI17,T,Y_UN17,ITL,EU27,BPBAB,ALL,2023,6,,,,,,,,,,,,,,
IT1:DF_DCSS_MIGR_BACKG_PAR_TV_5_COM(1.0),A,ITG18,NATIT_B_ABUNTI17,T,Y_UN17,ITL,EU27,BPBIT,ALL,2023,8,,,,,,,,,,,,,,
IT1:DF_DCSS_MIGR_BACKG_PAR_TV_5_COM(1.0),A,ITG18,NATIT_B_ABUNTI17,T,Y_UN17,ITL,EU27,MBAB_FBIT,ALL,2023,4,,,,,,,,,,,,,,
IT1:DF_DCSS_MIGR_BACKG_PAR_TV_5_COM(1.0),A,ITG18,NATIT_B_ABUNTI17,T,Y_UN17,ITL,EXTEU27,ALL,ALL,2023,228,,,,,,,,,,,,,,
IT1:DF_DCSS_MIGR_BACKG_PAR_TV_5_COM(1.0),A,ITG18,NATIT_B_ABUNTI17,T,Y_UN17,ITL,EXTEU27,BPBAB,ALL,2023,196,,,,,,,,,,,,,,
IT1:DF_DCSS_MIGR_BACKG_PAR_TV_5_COM(1.0),A,ITG18,NATIT_B_ABUNTI17,T,Y_UN17,ITL,EXTEU27,BPBIT,ALL,2023,16,,,,,,,,,,,,,,
IT1:DF_DCSS_MIGR_BACKG_PAR_TV_5_COM(1.0),A,ITG18,NATIT_B_ABUNTI17,T,Y_UN17,ITL,EXTEU27,MBAB_FBIT,ALL,2023,6,,,,,,,,,,,,,,
IT1:DF_DCSS_MIGR_BACKG_PAR_TV_5_COM(1.0),A,ITG18,NATIT_B_ABUNTI17,T,Y_UN17,ITL,EXTEU27,MBIT_FBAB,ALL,2023,10,,,,,,,,,,,,,,
IT1:DF_DCSS_MIGR_BACKG_PAR_TV_5_COM(1.0),A,ITG18,NATIT_B_ABUNTI17,T,Y_UN17,ITL,TOTAL,ALL,ALL,2023,246,,,,,,,,,,,,,,
IT1:DF_DCSS_MIGR_BACKG_PAR_TV_5_COM(1.0),A,ITG18,NATIT_B_ABUNTI17,T,Y_UN17,ITL,TOTAL,BPBAB,ALL,2023,202,,,,,,,,,,,,,,
IT1:DF_DCSS_MIGR_BACKG_PAR_TV_5_COM(1.0),A,ITG18,NATIT_B_ABUNTI17,T,Y_UN17,ITL,TOTAL,BPBIT,ALL,2023,24,,,,,,,,,,,,,,
IT1:DF_DCSS_MIGR_BACKG_PAR_TV_5_COM(1.0),A,ITG18,NATIT_B_ABUNTI17,T,Y_UN17,ITL,TOTAL,MBAB_FBIT,ALL,2023,10,,,,,,,,,,,,,,
IT1:DF_DCSS_MIGR_BACKG_PAR_TV_5_COM(1.0),A,ITG18,NATIT_B_ABUNTI17,T,Y_UN17,ITL,TOTAL,MBIT_FBAB,ALL,2023,10,,,,,,,,,,,,,,
IT1:DF_DCSS_MIGR_BACKG_PAR_TV_5_COM(1.0),A,ITG19,NATIT_B_ABUNTI17,T,Y_UN17,ITL,EU27,ALL,ALL,2023,15,,,,,,,,,,,,,,
IT1:DF_DCSS_MIGR_BACKG_PAR_TV_5_COM(1.0),A,ITG19,NATIT_B_ABUNTI17,T,Y_UN17,ITL,EU27,BPBAB,ALL,2023,1,,,,,,,,,,,,,,
IT1:DF_DCSS_MIGR_BACKG_PAR_TV_5_COM(1.0),A,ITG19,NATIT_B_ABUNTI17,T,Y_UN17,ITL,EU27,BPBIT,ALL,2023,9,,,,,,,,,,,,,,
IT1:DF_DCSS_MIGR_BACKG_PAR_TV_5_COM(1.0),A,ITG19,NATIT_B_ABUNTI17,T,Y_UN17,ITL,EU27,MBAB_FBIT,ALL,2023,2,,,,,,,,,,,,,,
IT1:DF_DCSS_MIGR_BACKG_PAR_TV_5_COM(1.0),A,ITG19,NATIT_B_ABUNTI17,T,Y_UN17,ITL,EU27,MBIT_FBAB,ALL,2023,3,,,,,,,,,,,,,,
IT1:DF_DCSS_MIGR_BACKG_PAR_TV_5_COM(1.0),A,ITG19,NATIT_B_ABUNTI17,T,Y_UN17,ITL,EXTEU27,ALL,ALL,2023,153,,,,,,,,,,,,,,
IT1:DF_DCSS_MIGR_BACKG_PAR_TV_5_COM(1.0),A,ITG19,NATIT_B_ABUNTI17,T,Y_UN17,ITL,EXTEU27,BPBAB,ALL,2023,129,,,,,,,,,,,,,,
IT1:DF_DCSS_MIGR_BACKG_PAR_TV_5_COM(1.0),A,ITG19,NATIT_B_ABUNTI17,T,Y_UN17,ITL,EXTEU27,BPBIT,ALL,2023,12,,,,,,,,,,,,,,
IT1:DF_DCSS_MIGR_BACKG_PAR_TV_5_COM(1.0),A,ITG19,NATIT_B_ABUNTI17,T,Y_UN17,ITL,EXTEU27,MBAB_FBIT,ALL,2023,10,,,,,,,,,,,,,,
IT1:DF_DCSS_MIGR_BACKG_PAR_TV_5_COM(1.0),A,ITG19,NATIT_B_ABUNTI17,T,Y_UN17,ITL,EXTEU27,MBIT_FBAB,ALL,2023,2,,,,,,,,,,,,,,
IT1:DF_DCSS_MIGR_BACKG_PAR_TV_5_COM(1.0),A,ITG19,NATIT_B_ABUNTI17,T,Y_UN17,ITL,TOTAL,ALL,ALL,2023,168,,,,,,,,,,,,,,
IT1:DF_DCSS_MIGR_BACKG_PAR_TV_5_COM(1.0),A,ITG19,NATIT_B_ABUNTI17,T,Y_UN17,ITL,TOTAL,BPBAB,ALL,2023,130,,,,,,,,,,,,,,
IT1:DF_DCSS_MIGR_BACKG_PAR_TV_5_COM(1.0),A,ITG19,NATIT_B_ABUNTI17,T,Y_UN17,ITL,TOTAL,BPBIT,ALL,2023,21,,,,,,,,,,,,,,
IT1:DF_DCSS_MIGR_BACKG_PAR_TV_5_COM(1.0),A,ITG19,NATIT_B_ABUNTI17,T,Y_UN17,ITL,TOTAL,MBAB_FBIT,ALL,2023,12,,,,,,,,,,,,,,
IT1:DF_DCSS_MIGR_BACKG_PAR_TV_5_COM(1.0),A,ITG19,NATIT_B_ABUNTI17,T,Y_UN17,ITL,TOTAL,MBIT_FBAB,ALL,2023,5,,,,,,,,,,,,,,
IT1:DF_DCSS_MIGR_BACKG_PAR_TV_5_COM(1.0),A,ITG25,NATIT_B_ABUNTI17,T,Y_UN17,ITL,EU27,ALL,ALL,2023,24,,,,,,,,,,,,,,
IT1:DF_DCSS_MIGR_BACKG_PAR_TV_5_COM(1.0),A,ITG25,NATIT_B_ABUNTI17,T,Y_UN17,ITL,EU27,BPBAB,ALL,2023,8,,,,,,,,,,,,,,
IT1:DF_DCSS_MIGR_BACKG_PAR_TV_5_COM(1.0),A,ITG25,NATIT_B_ABUNTI17,T,Y_UN17,ITL,EU27,BPBIT,ALL,2023,7,,,,,,,,,,,,,,
IT1:DF_DCSS_MIGR_BACKG_PAR_TV_5_COM(1.0),A,ITG25,NATIT_B_ABUNTI17,T,Y_UN17,ITL,EU27,MBAB_FBIT,ALL,2023,9,,,,,,,,,,,,,,
IT1:DF_DCSS_MIGR_BACKG_PAR_TV_5_COM(1.0),A,ITG25,NATIT_B_ABUNTI17,T,Y_UN17,ITL,EXTEU27,ALL,ALL,2023,137,,,,,,,,,,,,,,
IT1:DF_DCSS_MIGR_BACKG_PAR_TV_5_COM(1.0),A,ITG25,NATIT_B_ABUNTI17,T,Y_UN17,ITL,EXTEU27,BPBAB,ALL,2023,82,,,,,,,,,,,,,,
IT1:DF_DCSS_MIGR_BACKG_PAR_TV_5_COM(1.0),A,ITG25,NATIT_B_ABUNTI17,T,Y_UN17,ITL,EXTEU27,BPBIT,ALL,2023,29,,,,,,,,,,,,,,
IT1:DF_DCSS_MIGR_BACKG_PAR_TV_5_COM(1.0),A,ITG25,NATIT_B_ABUNTI17,T,Y_UN17,ITL,EXTEU27,MBAB_FBIT,ALL,2023,14,,,,,,,,,,,,,,
IT1:DF_DCSS_MIGR_BACKG_PAR_TV_5_COM(1.0),A,ITG25,NATIT_B_ABUNTI17,T,Y_UN17,ITL,EXTEU27,MBIT_FBAB,ALL,2023,12,,,,,,,,,,,,,,
IT1:DF_DCSS_MIGR_BACKG_PAR_TV_5_COM(1.0),A,ITG25,NATIT_B_ABUNTI17,T,Y_UN17,ITL,TOTAL,ALL,ALL,2023,161,,,,,,,,,,,,,,
IT1:DF_DCSS_MIGR_BACKG_PAR_TV_5_COM(1.0),A,ITG25,NATIT_B_ABUNTI17,T,Y_UN17,ITL,TOTAL,BPBAB,ALL,2023,90,,,,,,,,,,,,,,
IT1:DF_DCSS_MIGR_BACKG_PAR_TV_5_COM(1.0),A,ITG25,NATIT_B_ABUNTI17,T,Y_UN17,ITL,TOTAL,BPBIT,ALL,2023,36,,,,,,,,,,,,,,
IT1:DF_DCSS_MIGR_BACKG_PAR_TV_5_COM(1.0),A,ITG25,NATIT_B_ABUNTI17,T,Y_UN17,ITL,TOTAL,MBAB_FBIT,ALL,2023,23,,,,,,,,,,,,,,
IT1:DF_DCSS_MIGR_BACKG_PAR_TV_5_COM(1.0),A,ITG25,NATIT_B_ABUNTI17,T,Y_UN17,ITL,TOTAL,MBIT_FBAB,ALL,2023,12,,,,,,,,,,,,,,
IT1:DF_DCSS_MIGR_BACKG_PAR_TV_5_COM(1.0),A,ITG26,NATIT_B_ABUNTI17,T,Y_UN17,ITL,EU27,ALL,ALL,2023,11,,,,,,,,,,,,,,
IT1:DF_DCSS_MIGR_BACKG_PAR_TV_5_COM(1.0),A,ITG26,NATIT_B_ABUNTI17,T,Y_UN17,ITL,EU27,BPBAB,ALL,2023,5,,,,,,,,,,,,,,
IT1:DF_DCSS_MIGR_BACKG_PAR_TV_5_COM(1.0),A,ITG26,NATIT_B_ABUNTI17,T,Y_UN17,ITL,EU27,BPBIT,ALL,2023,3,,,,,,,,,,,,,,
IT1:DF_DCSS_MIGR_BACKG_PAR_TV_5_COM(1.0),A,ITG26,NATIT_B_ABUNTI17,T,Y_UN17,ITL,EU27,MBAB_FBIT,ALL,2023,2,,,,,,,,,,,,,,
IT1:DF_DCSS_MIGR_BACKG_PAR_TV_5_COM(1.0),A,ITG26,NATIT_B_ABUNTI17,T,Y_UN17,ITL,EU27,MBIT_FBAB,ALL,2023,1,,,,,,,,,,,,,,
IT1:DF_DCSS_MIGR_BACKG_PAR_TV_5_COM(1.0),A,ITG26,NATIT_B_ABUNTI17,T,Y_UN17,ITL,EXTEU27,ALL,ALL,2023,32,,,,,,,,,,,,,,
IT1:DF_DCSS_MIGR_BACKG_PAR_TV_5_COM(1.0),A,ITG26,NATIT_B_ABUNTI17,T,Y_UN17,ITL,EXTEU27,BPBAB,ALL,2023,19,,,,,,,,,,,,,,
IT1:DF_DCSS_MIGR_BACKG_PAR_TV_5_COM(1.0),A,ITG26,NATIT_B_ABUNTI17,T,Y_UN17,ITL,EXTEU27,BPBIT,ALL,2023,10,,,,,,,,,,,,,,
IT1:DF_DCSS_MIGR_BACKG_PAR_TV_5_COM(1.0),A,ITG26,NATIT_B_ABUNTI17,T,Y_UN17,ITL,EXTEU27,MBAB_FBIT,ALL,2023,3,,,,,,,,,,,,,,
IT1:DF_DCSS_MIGR_BACKG_PAR_TV_5_COM(1.0),A,ITG26,NATIT_B_ABUNTI17,T,Y_UN17,ITL,TOTAL,ALL,ALL,2023,43,,,,,,,,,,,,,,
IT1:DF_DCSS_MIGR_BACKG_PAR_TV_5_COM(1.0),A,ITG26,NATIT_B_ABUNTI17,T,Y_UN17,ITL,TOTAL,BPBAB,ALL,2023,24,,,,,,,,,,,,,,
IT1:DF_DCSS_MIGR_BACKG_PAR_TV_5_COM(1.0),A,ITG26,NATIT_B_ABUNTI17,T,Y_UN17,ITL,TOTAL,BPBIT,ALL,2023,13,,,,,,,,,,,,,,
IT1:DF_DCSS_MIGR_BACKG_PAR_TV_5_COM(1.0),A,ITG26,NATIT_B_ABUNTI17,T,Y_UN17,ITL,TOTAL,MBAB_FBIT,ALL,2023,5,,,,,,,,,,,,,,
IT1:DF_DCSS_MIGR_BACKG_PAR_TV_5_COM(1.0),A,ITG26,NATIT_B_ABUNTI17,T,Y_UN17,ITL,TOTAL,MBIT_FBAB,ALL,2023,1,,,,,,,,,,,,,,
IT1:DF_DCSS_MIGR_BACKG_PAR_TV_5_COM(1.0),A,ITG27,NATIT_B_ABUNTI17,T,Y_UN17,ITL,EU27,ALL,ALL,2023,17,,,ITG27_N1,,,,,,,,,,,
IT1:DF_DCSS_MIGR_BACKG_PAR_TV_5_COM(1.0),A,ITG27,NATIT_B_ABUNTI17,T,Y_UN17,ITL,EU27,BPBAB,ALL,2023,7,,,ITG27_N1,,,,,,,,,,,
IT1:DF_DCSS_MIGR_BACKG_PAR_TV_5_COM(1.0),A,ITG27,NATIT_B_ABUNTI17,T,Y_UN17,ITL,EU27,BPBIT,ALL,2023,7,,,ITG27_N1,,,,,,,,,,,
IT1:DF_DCSS_MIGR_BACKG_PAR_TV_5_COM(1.0),A,ITG27,NATIT_B_ABUNTI17,T,Y_UN17,ITL,EU27,MBAB_FBIT,ALL,2023,1,,,ITG27_N1,,,,,,,,,,,
IT1:DF_DCSS_MIGR_BACKG_PAR_TV_5_COM(1.0),A,ITG27,NATIT_B_ABUNTI17,T,Y_UN17,ITL,EU27,MBIT_FBAB,ALL,2023,2,,,ITG27_N1,,,,,,,,,,,
IT1:DF_DCSS_MIGR_BACKG_PAR_TV_5_COM(1.0),A,ITG27,NATIT_B_ABUNTI17,T,Y_UN17,ITL,EXTEU27,ALL,ALL,2023,110,,,ITG27_N1,,,,,,,,,,,
IT1:DF_DCSS_MIGR_BACKG_PAR_TV_5_COM(1.0),A,ITG27,NATIT_B_ABUNTI17,T,Y_UN17,ITL,EXTEU27,BPBAB,ALL,2023,52,,,ITG27_N1,,,,,,,,,,,
IT1:DF_DCSS_MIGR_BACKG_PAR_TV_5_COM(1.0),A,ITG27,NATIT_B_ABUNTI17,T,Y_UN17,ITL,EXTEU27,BPBIT,ALL,2023,41,,,ITG27_N1,,,,,,,,,,,
IT1:DF_DCSS_MIGR_BACKG_PAR_TV_5_COM(1.0),A,ITG27,NATIT_B_ABUNTI17,T,Y_UN17,ITL,EXTEU27,MBAB_FBIT,ALL,2023,12,,,ITG27_N1,,,,,,,,,,,
IT1:DF_DCSS_MIGR_BACKG_PAR_TV_5_COM(1.0),A,ITG27,NATIT_B_ABUNTI17,T,Y_UN17,ITL,EXTEU27,MBIT_FBAB,ALL,2023,5,,,ITG27_N1,,,,,,,,,,,
IT1:DF_DCSS_MIGR_BACKG_PAR_TV_5_COM(1.0),A,ITG27,NATIT_B_ABUNTI17,T,Y_UN17,ITL,TOTAL,ALL,ALL,2023,127,,,ITG27_N1,,,,,,,,,,,
IT1:DF_DCSS_MIGR_BACKG_PAR_TV_5_COM(1.0),A,ITG27,NATIT_B_ABUNTI17,T,Y_UN17,ITL,TOTAL,BPBAB,ALL,2023,59,,,ITG27_N1,,,,,,,,,,,
IT1:DF_DCSS_MIGR_BACKG_PAR_TV_5_COM(1.0),A,ITG27,NATIT_B_ABUNTI17,T,Y_UN17,ITL,TOTAL,BPBIT,ALL,2023,48,,,ITG27_N1,,,,,,,,,,,
IT1:DF_DCSS_MIGR_BACKG_PAR_TV_5_COM(1.0),A,ITG27,NATIT_B_ABUNTI17,T,Y_UN17,ITL,TOTAL,MBAB_FBIT,ALL,2023,13,,,ITG27_N1,,,,,,,,,,,
IT1:DF_DCSS_MIGR_BACKG_PAR_TV_5_COM(1.0),A,ITG27,NATIT_B_ABUNTI17,T,Y_UN17,ITL,TOTAL,MBIT_FBAB,ALL,2023,7,,,ITG27_N1,,,,,,,,,,,
IT1:DF_DCSS_MIGR_BACKG_PAR_TV_5_COM(1.0),A,ITG28,NATIT_B_ABUNTI17,T,Y_UN17,ITL,EU27,ALL,ALL,2023,6,,,,,,,,,,,,,,
IT1:DF_DCSS_MIGR_BACKG_PAR_TV_5_COM(1.0),A,ITG28,NATIT_B_ABUNTI17,T,Y_UN17,ITL,EU27,BPBAB,ALL,2023,1,,,,,,,,,,,,,,
IT1:DF_DCSS_MIGR_BACKG_PAR_TV_5_COM(1.0),A,ITG28,NATIT_B_ABUNTI17,T,Y_UN17,ITL,EU27,BPBIT,ALL,2023,3,,,,,,,,,,,,,,
IT1:DF_DCSS_MIGR_BACKG_PAR_TV_5_COM(1.0),A,ITG28,NATIT_B_ABUNTI17,T,Y_UN17,ITL,EU27,MBAB_FBIT,ALL,2023,2,,,,,,,,,,,,,,
IT1:DF_DCSS_MIGR_BACKG_PAR_TV_5_COM(1.0),A,ITG28,NATIT_B_ABUNTI17,T,Y_UN17,ITL,EXTEU27,ALL,ALL,2023,16,,,,,,,,,,,,,,
IT1:DF_DCSS_MIGR_BACKG_PAR_TV_5_COM(1.0),A,ITG28,NATIT_B_ABUNTI17,T,Y_UN17,ITL,EXTEU27,BPBAB,ALL,2023,9,,,,,,,,,,,,,,
IT1:DF_DCSS_MIGR_BACKG_PAR_TV_5_COM(1.0),A,ITG28,NATIT_B_ABUNTI17,T,Y_UN17,ITL,EXTEU27,BPBIT,ALL,2023,3,,,,,,,,,,,,,,
IT1:DF_DCSS_MIGR_BACKG_PAR_TV_5_COM(1.0),A,ITG28,NATIT_B_ABUNTI17,T,Y_UN17,ITL,EXTEU27,MBAB_FBIT,ALL,2023,3,,,,,,,,,,,,,,
IT1:DF_DCSS_MIGR_BACKG_PAR_TV_5_COM(1.0),A,ITG28,NATIT_B_ABUNTI17,T,Y_UN17,ITL,EXTEU27,MBIT_FBAB,ALL,2023,1,,,,,,,,,,,,,,
IT1:DF_DCSS_MIGR_BACKG_PAR_TV_5_COM(1.0),A,ITG28,NATIT_B_ABUNTI17,T,Y_UN17,ITL,TOTAL,ALL,ALL,2023,22,,,,,,,,,,,,,,
IT1:DF_DCSS_MIGR_BACKG_PAR_TV_5_COM(1.0),A,ITG28,NATIT_B_ABUNTI17,T,Y_UN17,ITL,TOTAL,BPBAB,ALL,2023,10,,,,,,,,,,,,,,
IT1:DF_DCSS_MIGR_BACKG_PAR_TV_5_COM(1.0),A,ITG28,NATIT_B_ABUNTI17,T,Y_UN17,ITL,TOTAL,BPBIT,ALL,2023,6,,,,,,,,,,,,,,
IT1:DF_DCSS_MIGR_BACKG_PAR_TV_5_COM(1.0),A,ITG28,NATIT_B_ABUNTI17,T,Y_UN17,ITL,TOTAL,MBAB_FBIT,ALL,2023,5,,,,,,,,,,,,,,
IT1:DF_DCSS_MIGR_BACKG_PAR_TV_5_COM(1.0),A,ITG28,NATIT_B_ABUNTI17,T,Y_UN17,ITL,TOTAL,MBIT_FBAB,ALL,2023,1,,,,,,,,,,,,,,
