freq,na_item,ppp_cat,geo,TIME_PERIOD,OBS_VALUE,OBS_FLAG
A,EXP_EUR_HAB,A01,DE,1995,16323,
A,EXP_EUR_HAB,A01,DE,1996,16407,
A,EXP_EUR_HAB,A01,DE,1997,16228,
A,EXP_EUR_HAB,A01,DE,1998,16492,
A,EXP_EUR_HAB,A01,DE,1999,17203,
A,EXP_EUR_HAB,A01,DE,2000,17682,
A,EXP_EUR_HAB,A01,DE,2001,18220,
A,EXP_EUR_HAB,A01,DE,2002,18437,
A,EXP_EUR_HAB,A01,DE,2003,18891,
A,EXP_EUR_HAB,A01,DE,2004,19171,
A,EXP_EUR_HAB,A01,DE,2005,19631,
A,EXP_EUR_HAB,A01,DE,2006,20190,
A,EXP_EUR_HAB,A01,DE,2007,20651,
A,EXP_EUR_HAB,A01,DE,2008,21199,
A,EXP_EUR_HAB,A01,DE,2009,21522,
A,EXP_EUR_HAB,A01,DE,2010,22093,
A,EXP_EUR_HAB,A01,DE,2011,22789,
A,EXP_EUR_HAB,A01,DE,2012,23325,
A,EXP_EUR_HAB,A01,DE,2013,23793,
A,EXP_EUR_HAB,A01,DE,2014,24305,
A,EXP_EUR_HAB,A01,DE,2015,24853,
A,EXP_EUR_HAB,A01,DE,2016,25508,
A,EXP_EUR_HAB,A01,DE,2017,26234,
A,EXP_EUR_HAB,A01,DE,2018,26966,
A,EXP_EUR_HAB,A01,DE,2019,27848,
A,EXP_EUR_HAB,A01,DE,2020,26821,
A,EXP_EUR_HAB,A01,DE,2021,28366,
A,EXP_EUR_HAB,A01,DE,2022,31292,
A,EXP_EUR_HAB,A01,DE,2023,32660,
A,EXP_EUR_HAB,A01,DE,2024,33827,p
A,EXP_EUR_HAB,A01,EA19,1995,12267,
A,EXP_EUR_HAB,A01,EA19,1996,12839,
A,EXP_EUR_HAB,A01,EA19,1997,13050,
A,EXP_EUR_HAB,A01,EA19,1998,13502,
A,EXP_EUR_HAB,A01,EA19,1999,14156,
A,EXP_EUR_HAB,A01,EA19,2000,14859,
A,EXP_EUR_HAB,A01,EA19,2001,15478,
A,EXP_EUR_HAB,A01,EA19,2002,15945,
A,EXP_EUR_HAB,A01,EA19,2003,16460,
A,EXP_EUR_HAB,A01,EA19,2004,16988,
A,EXP_EUR_HAB,A01,EA19,2005,17613,
A,EXP_EUR_HAB,A01,EA19,2006,18339,
A,EXP_EUR_HAB,A01,EA19,2007,19038,
A,EXP_EUR_HAB,A01,EA19,2008,19593,
A,EXP_EUR_HAB,A01,EA19,2009,19438,
A,EXP_EUR_HAB,A01,EA19,2010,19855,
A,EXP_EUR_HAB,A01,EA19,2011,20222,
A,EXP_EUR_HAB,A01,EA19,2012,20306,
A,EXP_EUR_HAB,A01,EA19,2013,20413,
A,EXP_EUR_HAB,A01,EA19,2014,20707,
A,EXP_EUR_HAB,A01,EA19,2015,21137,
A,EXP_EUR_HAB,A01,EA19,2016,21593,
A,EXP_EUR_HAB,A01,EA19,2017,22229,
A,EXP_EUR_HAB,A01,EA19,2018,22850,
A,EXP_EUR_HAB,A01,EA19,2019,23425,
A,EXP_EUR_HAB,A01,EA19,2020,22232,
A,EXP_EUR_HAB,A01,EA19,2021,23826,
A,EXP_EUR_HAB,A01,EA19,2022,26204,
A,EXP_EUR_HAB,A01,EA19,2023,27694,
A,EXP_EUR_HAB,A01,EA19,2024,28699,
A,EXP_EUR_HAB,A01,EA20,1995,12133,
A,EXP_EUR_HAB,A01,EA20,1996,12702,
A,EXP_EUR_HAB,A01,EA20,1997,12917,
A,EXP_EUR_HAB,A01,EA20,1998,13366,
A,EXP_EUR_HAB,A01,EA20,1999,14009,
A,EXP_EUR_HAB,A01,EA20,2000,14709,
A,EXP_EUR_HAB,A01,EA20,2001,15334,
A,EXP_EUR_HAB,A01,EA20,2002,15802,
A,EXP_EUR_HAB,A01,EA20,2003,16315,
A,EXP_EUR_HAB,A01,EA20,2004,16841,
A,EXP_EUR_HAB,A01,EA20,2005,17466,
A,EXP_EUR_HAB,A01,EA20,2006,18188,
A,EXP_EUR_HAB,A01,EA20,2007,18887,
A,EXP_EUR_HAB,A01,EA20,2008,19445,
A,EXP_EUR_HAB,A01,EA20,2009,19286,
A,EXP_EUR_HAB,A01,EA20,2010,19699,
A,EXP_EUR_HAB,A01,EA20,2011,20063,
A,EXP_EUR_HAB,A01,EA20,2012,20147,
A,EXP_EUR_HAB,A01,EA20,2013,20253,
A,EXP_EUR_HAB,A01,EA20,2014,20543,
A,EXP_EUR_HAB,A01,EA20,2015,20969,
A,EXP_EUR_HAB,A01,EA20,2016,21425,
A,EXP_EUR_HAB,A01,EA20,2017,22062,
A,EXP_EUR_HAB,A01,EA20,2018,22683,
A,EXP_EUR_HAB,A01,EA20,2019,23264,
A,EXP_EUR_HAB,A01,EA20,2020,22084,
A,EXP_EUR_HAB,A01,EA20,2021,23675,
A,EXP_EUR_HAB,A01,EA20,2022,26045,
A,EXP_EUR_HAB,A01,EA20,2023,27535,
A,EXP_EUR_HAB,A01,EA20,2024,28546,
A,EXP_EUR_HAB,A01,ES,1995,8365,
A,EXP_EUR_HAB,A01,ES,1996,8908,
A,EXP_EUR_HAB,A01,ES,1997,9057,
A,EXP_EUR_HAB,A01,ES,1998,9500,
A,EXP_EUR_HAB,A01,ES,1999,10190,
A,EXP_EUR_HAB,A01,ES,2000,11021,
A,EXP_EUR_HAB,A01,ES,2001,11776,
A,EXP_EUR_HAB,A01,ES,2002,12328,
A,EXP_EUR_HAB,A01,ES,2003,12826,
A,EXP_EUR_HAB,A01,ES,2004,13671,
A,EXP_EUR_HAB,A01,ES,2005,14494,
A,EXP_EUR_HAB,A01,ES,2006,15364,
A,EXP_EUR_HAB,A01,ES,2007,16155,
A,EXP_EUR_HAB,A01,ES,2008,16520,
A,EXP_EUR_HAB,A01,ES,2009,15957,
A,EXP_EUR_HAB,A01,ES,2010,16184,
A,EXP_EUR_HAB,A01,ES,2011,16057,
A,EXP_EUR_HAB,A01,ES,2012,15692,
A,EXP_EUR_HAB,A01,ES,2013,15435,
A,EXP_EUR_HAB,A01,ES,2014,15730,
A,EXP_EUR_HAB,A01,ES,2015,16254,
A,EXP_EUR_HAB,A01,ES,2016,16694,
A,EXP_EUR_HAB,A01,ES,2017,17393,
A,EXP_EUR_HAB,A01,ES,2018,17896,
A,EXP_EUR_HAB,A01,ES,2019,18231,
A,EXP_EUR_HAB,A01,ES,2020,16500,
A,EXP_EUR_HAB,A01,ES,2021,17970,
A,EXP_EUR_HAB,A01,ES,2022,19666,
A,EXP_EUR_HAB,A01,ES,2023,20806,
A,EXP_EUR_HAB,A01,ES,2024,22011,p
A,EXP_EUR_HAB,A01,EU27_2020,1995,10067,
A,EXP_EUR_HAB,A01,EU27_2020,1996,10599,
A,EXP_EUR_HAB,A01,EU27_2020,1997,10821,
A,EXP_EUR_HAB,A01,EU27_2020,1998,11231,
A,EXP_EUR_HAB,A01,EU27_2020,1999,11777,
A,EXP_EUR_HAB,A01,EU27_2020,2000,12444,
A,EXP_EUR_HAB,A01,EU27_2020,2001,13006,
A,EXP_EUR_HAB,A01,EU27_2020,2002,13484,
A,EXP_EUR_HAB,A01,EU27_2020,2003,13897,
A,EXP_EUR_HAB,A01,EU27_2020,2004,14401,
A,EXP_EUR_HAB,A01,EU27_2020,2005,15046,
A,EXP_EUR_HAB,A01,EU27_2020,2006,15736,
A,EXP_EUR_HAB,A01,EU27_2020,2007,16467,
A,EXP_EUR_HAB,A01,EU27_2020,2008,17093,
A,EXP_EUR_HAB,A01,EU27_2020,2009,16795,
A,EXP_EUR_HAB,A01,EU27_2020,2010,17328,
A,EXP_EUR_HAB,A01,EU27_2020,2011,17731,
A,EXP_EUR_HAB,A01,EU27_2020,2012,17865,
A,EXP_EUR_HAB,A01,EU27_2020,2013,17973,
A,EXP_EUR_HAB,A01,EU27_2020,2014,18227,
A,EXP_EUR_HAB,A01,EU27_2020,2015,18651,
A,EXP_EUR_HAB,A01,EU27_2020,2016,19077,
A,EXP_EUR_HAB,A01,EU27_2020,2017,19750,
A,EXP_EUR_HAB,A01,EU27_2020,2018,20362,
A,EXP_EUR_HAB,A01,EU27_2020,2019,20932,
A,EXP_EUR_HAB,A01,EU27_2020,2020,20019,
A,EXP_EUR_HAB,A01,EU27_2020,2021,21564,
A,EXP_EUR_HAB,A01,EU27_2020,2022,23711,
A,EXP_EUR_HAB,A01,EU27_2020,2023,25149,
A,EXP_EUR_HAB,A01,EU27_2020,2024,26253,
A,EXP_EUR_HAB,A01,EU28,1995,10423,
A,EXP_EUR_HAB,A01,EU28,1996,11032,
A,EXP_EUR_HAB,A01,EU28,1997,11641,
A,EXP_EUR_HAB,A01,EU28,1998,12169,
A,EXP_EUR_HAB,A01,EU28,1999,12828,
A,EXP_EUR_HAB,A01,EU28,2000,13744,
A,EXP_EUR_HAB,A01,EU28,2001,14300,
A,EXP_EUR_HAB,A01,EU28,2002,14806,
A,EXP_EUR_HAB,A01,EU28,2003,15038,
A,EXP_EUR_HAB,A01,EU28,2004,15678,
A,EXP_EUR_HAB,A01,EU28,2005,16360,
A,EXP_EUR_HAB,A01,EU28,2006,17101,
A,EXP_EUR_HAB,A01,EU28,2007,17866,
A,EXP_EUR_HAB,A01,EU28,2008,18027,
A,EXP_EUR_HAB,A01,EU28,2009,17411,
A,EXP_EUR_HAB,A01,EU28,2010,18049,
A,EXP_EUR_HAB,A01,EU28,2011,18435,
A,EXP_EUR_HAB,A01,EU28,2012,18844,
A,EXP_EUR_HAB,A01,EU28,2013,18910,
A,EXP_EUR_HAB,A01,EU28,2014,19419,
A,EXP_EUR_HAB,A01,EU28,2015,20245,
A,EXP_EUR_HAB,A01,EU28,2016,20303,
A,EXP_EUR_HAB,A01,EU28,2017,20750,
A,EXP_EUR_HAB,A01,EU28,2018,21371,
A,EXP_EUR_HAB,A01,EU28,2019,21998,
A,EXP_EUR_HAB,A01,EU28,2020,20846,
A,EXP_EUR_HAB,A01,FI,1995,13012,
A,EXP_EUR_HAB,A01,FI,1996,13306,
A,EXP_EUR_HAB,A01,FI,1997,13799,
A,EXP_EUR_HAB,A01,FI,1998,14437,
A,EXP_EUR_HAB,A01,FI,1999,15141,
A,EXP_EUR_HAB,A01,FI,2000,15921,
A,EXP_EUR_HAB,A01,FI,2001,16683,
A,EXP_EUR_HAB,A01,FI,2002,17435,
A,EXP_EUR_HAB,A01,FI,2003,18317,
A,EXP_EUR_HAB,A01,FI,2004,19078,
A,EXP_EUR_HAB,A01,FI,2005,19867,
A,EXP_EUR_HAB,A01,FI,2006,20823,
A,EXP_EUR_HAB,A01,FI,2007,21865,
A,EXP_EUR_HAB,A01,FI,2008,23077,
A,EXP_EUR_HAB,A01,FI,2009,22981,
A,EXP_EUR_HAB,A01,FI,2010,23664,
A,EXP_EUR_HAB,A01,FI,2011,24989,
A,EXP_EUR_HAB,A01,FI,2012,25795,
A,EXP_EUR_HAB,A01,FI,2013,26196,
A,EXP_EUR_HAB,A01,FI,2014,26508,
A,EXP_EUR_HAB,A01,FI,2015,27050,
A,EXP_EUR_HAB,A01,FI,2016,27478,
A,EXP_EUR_HAB,A01,FI,2017,27761,
A,EXP_EUR_HAB,A01,FI,2018,28509,
A,EXP_EUR_HAB,A01,FI,2019,29098,
A,EXP_EUR_HAB,A01,FI,2020,28627,
A,EXP_EUR_HAB,A01,FI,2021,30210,
A,EXP_EUR_HAB,A01,FI,2022,32099,
A,EXP_EUR_HAB,A01,FI,2023,34227,
A,EXP_EUR_HAB,A01,FI,2024,34737,
A,EXP_EUR_HAB,A01,FR,1995,14081,
A,EXP_EUR_HAB,A01,FR,1996,14601,
A,EXP_EUR_HAB,A01,FR,1997,14535,
A,EXP_EUR_HAB,A01,FR,1998,15092,
A,EXP_EUR_HAB,A01,FR,1999,15602,
A,EXP_EUR_HAB,A01,FR,2000,16380,
A,EXP_EUR_HAB,A01,FR,2001,16976,
A,EXP_EUR_HAB,A01,FR,2002,17509,
A,EXP_EUR_HAB,A01,FR,2003,18053,
A,EXP_EUR_HAB,A01,FR,2004,18656,
A,EXP_EUR_HAB,A01,FR,2005,19323,
A,EXP_EUR_HAB,A01,FR,2006,20078,
A,EXP_EUR_HAB,A01,FR,2007,20875,
A,EXP_EUR_HAB,A01,FR,2008,21461,
A,EXP_EUR_HAB,A01,FR,2009,21295,
A,EXP_EUR_HAB,A01,FR,2010,21857,
A,EXP_EUR_HAB,A01,FR,2011,22293,
A,EXP_EUR_HAB,A01,FR,2012,22462,
A,EXP_EUR_HAB,A01,FR,2013,22666,
A,EXP_EUR_HAB,A01,FR,2014,22870,
A,EXP_EUR_HAB,A01,FR,2015,23173,
A,EXP_EUR_HAB,A01,FR,2016,23518,
A,EXP_EUR_HAB,A01,FR,2017,23989,
A,EXP_EUR_HAB,A01,FR,2018,24492,
A,EXP_EUR_HAB,A01,FR,2019,24964,
A,EXP_EUR_HAB,A01,FR,2020,23953,
A,EXP_EUR_HAB,A01,FR,2021,25530,
A,EXP_EUR_HAB,A01,FR,2022,27239,
A,EXP_EUR_HAB,A01,FR,2023,29038,
A,EXP_EUR_HAB,A01,FR,2024,29931,p
A,EXP_EUR_HAB,A01,IT,1995,10763,
A,EXP_EUR_HAB,A01,IT,1996,12352,
A,EXP_EUR_HAB,A01,IT,1997,13250,
A,EXP_EUR_HAB,A01,IT,1998,13801,
A,EXP_EUR_HAB,A01,IT,1999,14465,
A,EXP_EUR_HAB,A01,IT,2000,15354,
A,EXP_EUR_HAB,A01,IT,2001,15974,
A,EXP_EUR_HAB,A01,IT,2002,16453,
A,EXP_EUR_HAB,A01,IT,2003,16997,
A,EXP_EUR_HAB,A01,IT,2004,17495,
A,EXP_EUR_HAB,A01,IT,2005,18080,
A,EXP_EUR_HAB,A01,IT,2006,18751,
A,EXP_EUR_HAB,A01,IT,2007,19242,
A,EXP_EUR_HAB,A01,IT,2008,19529,
A,EXP_EUR_HAB,A01,IT,2009,19179,
A,EXP_EUR_HAB,A01,IT,2010,19542,
A,EXP_EUR_HAB,A01,IT,2011,19910,
A,EXP_EUR_HAB,A01,IT,2012,19636,
A,EXP_EUR_HAB,A01,IT,2013,19381,
A,EXP_EUR_HAB,A01,IT,2014,19486,
A,EXP_EUR_HAB,A01,IT,2015,19841,
A,EXP_EUR_HAB,A01,IT,2016,20134,
A,EXP_EUR_HAB,A01,IT,2017,20668,
A,EXP_EUR_HAB,A01,IT,2018,21076,
A,EXP_EUR_HAB,A01,IT,2019,21305,
A,EXP_EUR_HAB,A01,IT,2020,19637,
A,EXP_EUR_HAB,A01,IT,2021,21153,
A,EXP_EUR_HAB,A01,IT,2022,23519,
A,EXP_EUR_HAB,A01,IT,2023,24692,
A,EXP_EUR_HAB,A01,IT,2024,25202,
A,EXP_EUR_HAB,A01,NL,1995,13909,
A,EXP_EUR_HAB,A01,NL,1996,14236,
A,EXP_EUR_HAB,A01,NL,1997,14577,
A,EXP_EUR_HAB,A01,NL,1998,15488,
A,EXP_EUR_HAB,A01,NL,1999,16648,
A,EXP_EUR_HAB,A01,NL,2000,17703,
A,EXP_EUR_HAB,A01,NL,2001,18680,
A,EXP_EUR_HAB,A01,NL,2002,19697,
A,EXP_EUR_HAB,A01,NL,2003,20253,
A,EXP_EUR_HAB,A01,NL,2004,20656,
A,EXP_EUR_HAB,A01,NL,2005,21214,
A,EXP_EUR_HAB,A01,NL,2006,22349,
A,EXP_EUR_HAB,A01,NL,2007,23324,
A,EXP_EUR_HAB,A01,NL,2008,24093,
A,EXP_EUR_HAB,A01,NL,2009,23907,
A,EXP_EUR_HAB,A01,NL,2010,24400,
A,EXP_EUR_HAB,A01,NL,2011,24905,
A,EXP_EUR_HAB,A01,NL,2012,24949,
A,EXP_EUR_HAB,A01,NL,2013,25078,
A,EXP_EUR_HAB,A01,NL,2014,25357,
A,EXP_EUR_HAB,A01,NL,2015,25695,
A,EXP_EUR_HAB,A01,NL,2016,25998,
A,EXP_EUR_HAB,A01,NL,2017,26917,
A,EXP_EUR_HAB,A01,NL,2018,28019,
A,EXP_EUR_HAB,A01,NL,2019,29005,
A,EXP_EUR_HAB,A01,NL,2020,28156,
A,EXP_EUR_HAB,A01,NL,2021,30548,
A,EXP_EUR_HAB,A01,NL,2022,34037,
A,EXP_EUR_HAB,A01,NL,2023,36365,
A,EXP_EUR_HAB,A01,NL,2024,37977,
A,EXP_EUR_HAB,A01,PL,1995,1912,
A,EXP_EUR_HAB,A01,PL,1996,2282,
A,EXP_EUR_HAB,A01,PL,1997,2574,
A,EXP_EUR_HAB,A01,PL,1998,2830,
A,EXP_EUR_HAB,A01,PL,1999,3014,
A,EXP_EUR_HAB,A01,PL,2000,3603,
A,EXP_EUR_HAB,A01,PL,2001,4171,
A,EXP_EUR_HAB,A01,PL,2002,4228,
A,EXP_EUR_HAB,A01,PL,2003,3791,
A,EXP_EUR_HAB,A01,PL,2004,4001,
A,EXP_EUR_HAB,A01,PL,2005,4698,
A,EXP_EUR_HAB,A01,PL,2006,5189,
A,EXP_EUR_HAB,A01,PL,2007,5765,
A,EXP_EUR_HAB,A01,PL,2008,6906,
A,EXP_EUR_HAB,A01,PL,2009,5959,
A,EXP_EUR_HAB,A01,PL,2010,6887,
A,EXP_EUR_HAB,A01,PL,2011,7141,
A,EXP_EUR_HAB,A01,PL,2012,7302,
A,EXP_EUR_HAB,A01,PL,2013,7317,
A,EXP_EUR_HAB,A01,PL,2014,7566,
A,EXP_EUR_HAB,A01,PL,2015,7853,
A,EXP_EUR_HAB,A01,PL,2016,7761,
A,EXP_EUR_HAB,A01,PL,2017,8564,
A,EXP_EUR_HAB,A01,PL,2018,9112,
A,EXP_EUR_HAB,A01,PL,2019,9588,
A,EXP_EUR_HAB,A01,PL,2020,9580,
A,EXP_EUR_HAB,A01,PL,2021,10553,
A,EXP_EUR_HAB,A01,PL,2022,11942,
A,EXP_EUR_HAB,A01,PL,2023,13607,
A,EXP_EUR_HAB,A01,PL,2024,15568,
A,EXP_EUR_HAB,A01,PT,1995,6766,
A,EXP_EUR_HAB,A01,PT,1996,7217,
A,EXP_EUR_HAB,A01,PT,1997,7585,
A,EXP_EUR_HAB,A01,PT,1998,8005,
A,EXP_EUR_HAB,A01,PT,1999,8662,
A,EXP_EUR_HAB,A01,PT,2000,9294,
A,EXP_EUR_HAB,A01,PT,2001,9721,
A,EXP_EUR_HAB,A01,PT,2002,10165,
A,EXP_EUR_HAB,A01,PT,2003,10489,
A,EXP_EUR_HAB,A01,PT,2004,10988,
A,EXP_EUR_HAB,A01,PT,2005,11574,
A,EXP_EUR_HAB,A01,PT,2006,12054,
A,EXP_EUR_HAB,A01,PT,2007,12627,
A,EXP_EUR_HAB,A01,PT,2008,13118,
A,EXP_EUR_HAB,A01,PT,2009,12733,
A,EXP_EUR_HAB,A01,PT,2010,13139,
A,EXP_EUR_HAB,A01,PT,2011,12731,
A,EXP_EUR_HAB,A01,PT,2012,12212,
A,EXP_EUR_HAB,A01,PT,2013,12291,
A,EXP_EUR_HAB,A01,PT,2014,12598,
A,EXP_EUR_HAB,A01,PT,2015,12964,
A,EXP_EUR_HAB,A01,PT,2016,13435,
A,EXP_EUR_HAB,A01,PT,2017,13917,
A,EXP_EUR_HAB,A01,PT,2018,14527,
A,EXP_EUR_HAB,A01,PT,2019,15180,
A,EXP_EUR_HAB,A01,PT,2020,14383,
A,EXP_EUR_HAB,A01,PT,2021,15429,
A,EXP_EUR_HAB,A01,PT,2022,17229,
A,EXP_EUR_HAB,A01,PT,2023,18090,
A,EXP_EUR_HAB,A01,PT,2024,19025,e
A,EXP_EUR_HAB,A01,SE,1995,15245,
A,EXP_EUR_HAB,A01,SE,1996,17337,
A,EXP_EUR_HAB,A01,SE,1997,17729,
A,EXP_EUR_HAB,A01,SE,1998,17954,
A,EXP_EUR_HAB,A01,SE,1999,19170,
A,EXP_EUR_HAB,A01,SE,2000,21115,
A,EXP_EUR_HAB,A01,SE,2001,19979,
A,EXP_EUR_HAB,A01,SE,2002,21100,
A,EXP_EUR_HAB,A01,SE,2003,22003,
A,EXP_EUR_HAB,A01,SE,2004,22566,
A,EXP_EUR_HAB,A01,SE,2005,22958,
A,EXP_EUR_HAB,A01,SE,2006,23817,
A,EXP_EUR_HAB,A01,SE,2007,24962,
A,EXP_EUR_HAB,A01,SE,2008,24621,
A,EXP_EUR_HAB,A01,SE,2009,22766,
A,EXP_EUR_HAB,A01,SE,2010,26280,
A,EXP_EUR_HAB,A01,SE,2011,28481,
A,EXP_EUR_HAB,A01,SE,2012,29942,
A,EXP_EUR_HAB,A01,SE,2013,30681,
A,EXP_EUR_HAB,A01,SE,2014,30033,
A,EXP_EUR_HAB,A01,SE,2015,30475,
A,EXP_EUR_HAB,A01,SE,2016,31067,
A,EXP_EUR_HAB,A01,SE,2017,31312,
A,EXP_EUR_HAB,A01,SE,2018,30325,
A,EXP_EUR_HAB,A01,SE,2019,29907,
A,EXP_EUR_HAB,A01,SE,2020,29802,
A,EXP_EUR_HAB,A01,SE,2021,32835,
A,EXP_EUR_HAB,A01,SE,2022,33520,
A,EXP_EUR_HAB,A01,SE,2023,32649,
A,EXP_EUR_HAB,A01,SE,2024,33859,
A,EXP_EUR_HAB,A01,UK,1995,13030,
A,EXP_EUR_HAB,A01,UK,1996,14200,
A,EXP_EUR_HAB,A01,UK,1997,17635,
A,EXP_EUR_HAB,A01,UK,1998,19011,
A,EXP_EUR_HAB,A01,UK,1999,20483,
A,EXP_EUR_HAB,A01,UK,2000,23197,
A,EXP_EUR_HAB,A01,UK,2001,23688,
A,EXP_EUR_HAB,A01,UK,2002,24374,
A,EXP_EUR_HAB,A01,UK,2003,23284,
A,EXP_EUR_HAB,A01,UK,2004,24895,
A,EXP_EUR_HAB,A01,UK,2005,25809,
A,EXP_EUR_HAB,A01,UK,2006,26872,
A,EXP_EUR_HAB,A01,UK,2007,27835,
A,EXP_EUR_HAB,A01,UK,2008,24656,
A,EXP_EUR_HAB,A01,UK,2009,21763,
A,EXP_EUR_HAB,A01,UK,2010,23106,
A,EXP_EUR_HAB,A01,UK,2011,23340,
A,EXP_EUR_HAB,A01,UK,2012,25625,
A,EXP_EUR_HAB,A01,UK,2013,25363,
A,EXP_EUR_HAB,A01,UK,2014,27574,
A,EXP_EUR_HAB,A01,UK,2015,31104,
A,EXP_EUR_HAB,A01,UK,2016,28599,
A,EXP_EUR_HAB,A01,UK,2017,27489,
A,EXP_EUR_HAB,A01,UK,2018,28156,
A,EXP_EUR_HAB,A01,UK,2019,29138,
A,EXP_EUR_HAB,A01,UK,2020,26371,
A,EXP_EUR_HAB,A01,UK,2021,29667,
A,EXP_EUR_HAB,A01,UK,2022,33509,
A,EXP_EUR_HAB,A01,UK,2023,34790,
A,EXP_EUR_HAB,A01,UK,2024,36818,
A,EXP_EUR_HAB,E011,DE,1995,13147,
A,EXP_EUR_HAB,E011,DE,1996,13216,
A,EXP_EUR_HAB,E011,DE,1997,13097,
A,EXP_EUR_HAB,E011,DE,1998,13315,
A,EXP_EUR_HAB,E011,DE,1999,13902,
A,EXP_EUR_HAB,E011,DE,2000,14335,
A,EXP_EUR_HAB,E011,DE,2001,14770,
A,EXP_EUR_HAB,E011,DE,2002,14890,
A,EXP_EUR_HAB,E011,DE,2003,15261,
A,EXP_EUR_HAB,E011,DE,2004,15563,
A,EXP_EUR_HAB,E011,DE,2005,15945,
A,EXP_EUR_HAB,E011,DE,2006,16411,
A,EXP_EUR_HAB,E011,DE,2007,16742,
A,EXP_EUR_HAB,E011,DE,2008,17144,
A,EXP_EUR_HAB,E011,DE,2009,17230,
A,EXP_EUR_HAB,E011,DE,2010,17651,
A,EXP_EUR_HAB,E011,DE,2011,18225,
A,EXP_EUR_HAB,E011,DE,2012,18693,
A,EXP_EUR_HAB,E011,DE,2013,18958,
A,EXP_EUR_HAB,E011,DE,2014,19268,
A,EXP_EUR_HAB,E011,DE,2015,19647,
A,EXP_EUR_HAB,E011,DE,2016,20058,
A,EXP_EUR_HAB,E011,DE,2017,20615,
A,EXP_EUR_HAB,E011,DE,2018,21199,
A,EXP_EUR_HAB,E011,DE,2019,21827,
A,EXP_EUR_HAB,E011,DE,2020,20389,
A,EXP_EUR_HAB,E011,DE,2021,21476,
A,EXP_EUR_HAB,E011,DE,2022,24081,
A,EXP_EUR_HAB,E011,DE,2023,25386,
A,EXP_EUR_HAB,E011,DE,2024,26057,p
A,EXP_EUR_HAB,E011,EA19,1995,9907,
A,EXP_EUR_HAB,E011,EA19,1996,10378,
A,EXP_EUR_HAB,E011,EA19,1997,10558,
A,EXP_EUR_HAB,E011,EA19,1998,10935,
A,EXP_EUR_HAB,E011,EA19,1999,11464,
A,EXP_EUR_HAB,E011,EA19,2000,12051,
A,EXP_EUR_HAB,E011,EA19,2001,12527,
A,EXP_EUR_HAB,E011,EA19,2002,12831,
A,EXP_EUR_HAB,E011,EA19,2003,13219,
A,EXP_EUR_HAB,E011,EA19,2004,13652,
A,EXP_EUR_HAB,E011,EA19,2005,14139,
A,EXP_EUR_HAB,E011,EA19,2006,14711,
A,EXP_EUR_HAB,E011,EA19,2007,15262,
A,EXP_EUR_HAB,E011,EA19,2008,15659,
A,EXP_EUR_HAB,E011,EA19,2009,15336,
A,EXP_EUR_HAB,E011,EA19,2010,15674,
A,EXP_EUR_HAB,E011,EA19,2011,16008,
A,EXP_EUR_HAB,E011,EA19,2012,16083,
A,EXP_EUR_HAB,E011,EA19,2013,16129,
A,EXP_EUR_HAB,E011,EA19,2014,16332,
A,EXP_EUR_HAB,E011,EA19,2015,16665,
A,EXP_EUR_HAB,E011,EA19,2016,17005,
A,EXP_EUR_HAB,E011,EA19,2017,17514,
A,EXP_EUR_HAB,E011,EA19,2018,18017,
A,EXP_EUR_HAB,E011,EA19,2019,18422,
A,EXP_EUR_HAB,E011,EA19,2020,17024,
A,EXP_EUR_HAB,E011,EA19,2021,18218,
A,EXP_EUR_HAB,E011,EA19,2022,20330,
A,EXP_EUR_HAB,E011,EA19,2023,21580,
A,EXP_EUR_HAB,E011,EA19,2024,22266,
A,EXP_EUR_HAB,E011,EA20,1995,9800,
A,EXP_EUR_HAB,E011,EA20,1996,10267,
A,EXP_EUR_HAB,E011,EA20,1997,10451,
A,EXP_EUR_HAB,E011,EA20,1998,10824,
A,EXP_EUR_HAB,E011,EA20,1999,11344,
A,EXP_EUR_HAB,E011,EA20,2000,11929,
A,EXP_EUR_HAB,E011,EA20,2001,12411,
A,EXP_EUR_HAB,E011,EA20,2002,12718,
A,EXP_EUR_HAB,E011,EA20,2003,13104,
A,EXP_EUR_HAB,E011,EA20,2004,13537,
A,EXP_EUR_HAB,E011,EA20,2005,14024,
A,EXP_EUR_HAB,E011,EA20,2006,14594,
A,EXP_EUR_HAB,E011,EA20,2007,15144,
A,EXP_EUR_HAB,E011,EA20,2008,15544,
A,EXP_EUR_HAB,E011,EA20,2009,15219,
A,EXP_EUR_HAB,E011,EA20,2010,15554,
A,EXP_EUR_HAB,E011,EA20,2011,15885,
A,EXP_EUR_HAB,E011,EA20,2012,15960,
A,EXP_EUR_HAB,E011,EA20,2013,16006,
A,EXP_EUR_HAB,E011,EA20,2014,16205,
A,EXP_EUR_HAB,E011,EA20,2015,16535,
A,EXP_EUR_HAB,E011,EA20,2016,16876,
A,EXP_EUR_HAB,E011,EA20,2017,17385,
A,EXP_EUR_HAB,E011,EA20,2018,17889,
A,EXP_EUR_HAB,E011,EA20,2019,18299,
A,EXP_EUR_HAB,E011,EA20,2020,16914,
A,EXP_EUR_HAB,E011,EA20,2021,18107,
A,EXP_EUR_HAB,E011,EA20,2022,20213,
A,EXP_EUR_HAB,E011,EA20,2023,21462,
A,EXP_EUR_HAB,E011,EA20,2024,22153,
A,EXP_EUR_HAB,E011,ES,1995,7103,
A,EXP_EUR_HAB,E011,ES,1996,7556,
A,EXP_EUR_HAB,E011,ES,1997,7709,
A,EXP_EUR_HAB,E011,ES,1998,8085,
A,EXP_EUR_HAB,E011,ES,1999,8659,
A,EXP_EUR_HAB,E011,ES,2000,9379,
A,EXP_EUR_HAB,E011,ES,2001,10037,
A,EXP_EUR_HAB,E011,ES,2002,10457,
A,EXP_EUR_HAB,E011,ES,2003,10855,
A,EXP_EUR_HAB,E011,ES,2004,11521,
A,EXP_EUR_HAB,E011,ES,2005,12165,
A,EXP_EUR_HAB,E011,ES,2006,12901,
A,EXP_EUR_HAB,E011,ES,2007,13520,
A,EXP_EUR_HAB,E011,ES,2008,13683,
A,EXP_EUR_HAB,E011,ES,2009,12959,
A,EXP_EUR_HAB,E011,ES,2010,13213,
A,EXP_EUR_HAB,E011,ES,2011,13146,
A,EXP_EUR_HAB,E011,ES,2012,12959,
A,EXP_EUR_HAB,E011,ES,2013,12748,
A,EXP_EUR_HAB,E011,ES,2014,13026,
A,EXP_EUR_HAB,E011,ES,2015,13414,
A,EXP_EUR_HAB,E011,ES,2016,13786,
A,EXP_EUR_HAB,E011,ES,2017,14415,
A,EXP_EUR_HAB,E011,ES,2018,14827,
A,EXP_EUR_HAB,E011,ES,2019,15003,
A,EXP_EUR_HAB,E011,ES,2020,13110,
A,EXP_EUR_HAB,E011,ES,2021,14353,
A,EXP_EUR_HAB,E011,ES,2022,15885,
A,EXP_EUR_HAB,E011,ES,2023,16827,
A,EXP_EUR_HAB,E011,ES,2024,17853,p
A,EXP_EUR_HAB,E011,EU27_2020,1995,8102,
A,EXP_EUR_HAB,E011,EU27_2020,1996,8536,
A,EXP_EUR_HAB,E011,EU27_2020,1997,8727,
A,EXP_EUR_HAB,E011,EU27_2020,1998,9065,
A,EXP_EUR_HAB,E011,EU27_2020,1999,9498,
A,EXP_EUR_HAB,E011,EU27_2020,2000,10051,
A,EXP_EUR_HAB,E011,EU27_2020,2001,10487,
A,EXP_EUR_HAB,E011,EU27_2020,2002,10810,
A,EXP_EUR_HAB,E011,EU27_2020,2003,11114,
A,EXP_EUR_HAB,E011,EU27_2020,2004,11531,
A,EXP_EUR_HAB,E011,EU27_2020,2005,12043,
A,EXP_EUR_HAB,E011,EU27_2020,2006,12587,
A,EXP_EUR_HAB,E011,EU27_2020,2007,13174,
A,EXP_EUR_HAB,E011,EU27_2020,2008,13641,
A,EXP_EUR_HAB,E011,EU27_2020,2009,13234,
A,EXP_EUR_HAB,E011,EU27_2020,2010,13663,
A,EXP_EUR_HAB,E011,EU27_2020,2011,14022,
A,EXP_EUR_HAB,E011,EU27_2020,2012,14132,
A,EXP_EUR_HAB,E011,EU27_2020,2013,14183,
A,EXP_EUR_HAB,E011,EU27_2020,2014,14359,
A,EXP_EUR_HAB,E011,EU27_2020,2015,14688,
A,EXP_EUR_HAB,E011,EU27_2020,2016,15003,
A,EXP_EUR_HAB,E011,EU27_2020,2017,15551,
A,EXP_EUR_HAB,E011,EU27_2020,2018,16051,
A,EXP_EUR_HAB,E011,EU27_2020,2019,16461,
A,EXP_EUR_HAB,E011,EU27_2020,2020,15352,
A,EXP_EUR_HAB,E011,EU27_2020,2021,16522,
A,EXP_EUR_HAB,E011,EU27_2020,2022,18441,
A,EXP_EUR_HAB,E011,EU27_2020,2023,19632,
A,EXP_EUR_HAB,E011,EU27_2020,2024,20403,
A,EXP_EUR_HAB,E011,EU28,1995,8456,
A,EXP_EUR_HAB,E011,EU28,1996,8957,
A,EXP_EUR_HAB,E011,EU28,1997,9496,
A,EXP_EUR_HAB,E011,EU28,1998,9937,
A,EXP_EUR_HAB,E011,EU28,1999,10464,
A,EXP_EUR_HAB,E011,EU28,2000,11226,
A,EXP_EUR_HAB,E011,EU28,2001,11648,
A,EXP_EUR_HAB,E011,EU28,2002,11977,
A,EXP_EUR_HAB,E011,EU28,2003,12112,
A,EXP_EUR_HAB,E011,EU28,2004,12625,
A,EXP_EUR_HAB,E011,EU28,2005,13157,
A,EXP_EUR_HAB,E011,EU28,2006,13727,
A,EXP_EUR_HAB,E011,EU28,2007,14343,
A,EXP_EUR_HAB,E011,EU28,2008,14418,
A,EXP_EUR_HAB,E011,EU28,2009,13733,
A,EXP_EUR_HAB,E011,EU28,2010,14246,
A,EXP_EUR_HAB,E011,EU28,2011,14599,
A,EXP_EUR_HAB,E011,EU28,2012,14933,
A,EXP_EUR_HAB,E011,EU28,2013,14974,
A,EXP_EUR_HAB,E011,EU28,2014,15364,
A,EXP_EUR_HAB,E011,EU28,2015,16027,
A,EXP_EUR_HAB,E011,EU28,2016,16063,
A,EXP_EUR_HAB,E011,EU28,2017,16433,
A,EXP_EUR_HAB,E011,EU28,2018,16939,
A,EXP_EUR_HAB,E011,EU28,2019,17384,
A,EXP_EUR_HAB,E011,EU28,2020,15984,
A,EXP_EUR_HAB,E011,FI,1995,9837,
A,EXP_EUR_HAB,E011,FI,1996,10067,
A,EXP_EUR_HAB,E011,FI,1997,10490,
A,EXP_EUR_HAB,E011,FI,1998,10948,
A,EXP_EUR_HAB,E011,FI,1999,11510,
A,EXP_EUR_HAB,E011,FI,2000,12077,
A,EXP_EUR_HAB,E011,FI,2001,12693,
A,EXP_EUR_HAB,E011,FI,2002,13188,
A,EXP_EUR_HAB,E011,FI,2003,13821,
A,EXP_EUR_HAB,E011,FI,2004,14316,
A,EXP_EUR_HAB,E011,FI,2005,14864,
A,EXP_EUR_HAB,E011,FI,2006,15600,
A,EXP_EUR_HAB,E011,FI,2007,16376,
A,EXP_EUR_HAB,E011,FI,2008,17187,
A,EXP_EUR_HAB,E011,FI,2009,16869,
A,EXP_EUR_HAB,E011,FI,2010,17537,
A,EXP_EUR_HAB,E011,FI,2011,18583,
A,EXP_EUR_HAB,E011,FI,2012,19104,
A,EXP_EUR_HAB,E011,FI,2013,19401,
A,EXP_EUR_HAB,E011,FI,2014,19682,
A,EXP_EUR_HAB,E011,FI,2015,20008,
A,EXP_EUR_HAB,E011,FI,2016,20360,
A,EXP_EUR_HAB,E011,FI,2017,20604,
A,EXP_EUR_HAB,E011,FI,2018,21121,
A,EXP_EUR_HAB,E011,FI,2019,21384,
A,EXP_EUR_HAB,E011,FI,2020,20667,
A,EXP_EUR_HAB,E011,FI,2021,21787,
A,EXP_EUR_HAB,E011,FI,2022,23267,
A,EXP_EUR_HAB,E011,FI,2023,24242,
A,EXP_EUR_HAB,E011,FI,2024,24567,
A,EXP_EUR_HAB,E011,FR,1995,10796,
A,EXP_EUR_HAB,E011,FR,1996,11194,
A,EXP_EUR_HAB,E011,FR,1997,11129,
A,EXP_EUR_HAB,E011,FR,1998,11583,
A,EXP_EUR_HAB,E011,FR,1999,11951,
A,EXP_EUR_HAB,E011,FR,2000,12584,
A,EXP_EUR_HAB,E011,FR,2001,13033,
A,EXP_EUR_HAB,E011,FR,2002,13316,
A,EXP_EUR_HAB,E011,FR,2003,13668,
A,EXP_EUR_HAB,E011,FR,2004,14140,
A,EXP_EUR_HAB,E011,FR,2005,14661,
A,EXP_EUR_HAB,E011,FR,2006,15275,
A,EXP_EUR_HAB,E011,FR,2007,15888,
A,EXP_EUR_HAB,E011,FR,2008,16345,
A,EXP_EUR_HAB,E011,FR,2009,16014,
A,EXP_EUR_HAB,E011,FR,2010,16433,
A,EXP_EUR_HAB,E011,FR,2011,16779,
A,EXP_EUR_HAB,E011,FR,2012,16851,
A,EXP_EUR_HAB,E011,FR,2013,16966,
A,EXP_EUR_HAB,E011,FR,2014,17062,
A,EXP_EUR_HAB,E011,FR,2015,17297,
A,EXP_EUR_HAB,E011,FR,2016,17563,
A,EXP_EUR_HAB,E011,FR,2017,17886,
A,EXP_EUR_HAB,E011,FR,2018,18348,
A,EXP_EUR_HAB,E011,FR,2019,18733,
A,EXP_EUR_HAB,E011,FR,2020,17597,
A,EXP_EUR_HAB,E011,FR,2021,18681,
A,EXP_EUR_HAB,E011,FR,2022,20149,
A,EXP_EUR_HAB,E011,FR,2023,21638,
A,EXP_EUR_HAB,E011,FR,2024,22283,p
A,EXP_EUR_HAB,E011,IT,1995,9156,
A,EXP_EUR_HAB,E011,IT,1996,10472,
A,EXP_EUR_HAB,E011,IT,1997,11219,
A,EXP_EUR_HAB,E011,IT,1998,11718,
A,EXP_EUR_HAB,E011,IT,1999,12288,
A,EXP_EUR_HAB,E011,IT,2000,13011,
A,EXP_EUR_HAB,E011,IT,2001,13427,
A,EXP_EUR_HAB,E011,IT,2002,13786,
A,EXP_EUR_HAB,E011,IT,2003,14236,
A,EXP_EUR_HAB,E011,IT,2004,14621,
A,EXP_EUR_HAB,E011,IT,2005,15042,
A,EXP_EUR_HAB,E011,IT,2006,15592,
A,EXP_EUR_HAB,E011,IT,2007,16032,
A,EXP_EUR_HAB,E011,IT,2008,16247,
A,EXP_EUR_HAB,E011,IT,2009,15831,
A,EXP_EUR_HAB,E011,IT,2010,16174,
A,EXP_EUR_HAB,E011,IT,2011,16619,
A,EXP_EUR_HAB,E011,IT,2012,16407,
A,EXP_EUR_HAB,E011,IT,2013,16177,
A,EXP_EUR_HAB,E011,IT,2014,16257,
A,EXP_EUR_HAB,E011,IT,2015,16611,
A,EXP_EUR_HAB,E011,IT,2016,16862,
A,EXP_EUR_HAB,E011,IT,2017,17327,
A,EXP_EUR_HAB,E011,IT,2018,17682,
A,EXP_EUR_HAB,E011,IT,2019,17880,
A,EXP_EUR_HAB,E011,IT,2020,16117,
A,EXP_EUR_HAB,E011,IT,2021,17394,
A,EXP_EUR_HAB,E011,IT,2022,19604,
A,EXP_EUR_HAB,E011,IT,2023,20666,
A,EXP_EUR_HAB,E011,IT,2024,21032,
A,EXP_EUR_HAB,E011,NL,1995,10833,
A,EXP_EUR_HAB,E011,NL,1996,11231,
A,EXP_EUR_HAB,E011,NL,1997,11515,
A,EXP_EUR_HAB,E011,NL,1998,12243,
A,EXP_EUR_HAB,E011,NL,1999,13207,
A,EXP_EUR_HAB,E011,NL,2000,13951,
A,EXP_EUR_HAB,E011,NL,2001,14614,
A,EXP_EUR_HAB,E011,NL,2002,15219,
A,EXP_EUR_HAB,E011,NL,2003,15510,
A,EXP_EUR_HAB,E011,NL,2004,15783,
A,EXP_EUR_HAB,E011,NL,2005,16175,
A,EXP_EUR_HAB,E011,NL,2006,16568,
A,EXP_EUR_HAB,E011,NL,2007,17201,
A,EXP_EUR_HAB,E011,NL,2008,17671,
A,EXP_EUR_HAB,E011,NL,2009,17039,
A,EXP_EUR_HAB,E011,NL,2010,17242,
A,EXP_EUR_HAB,E011,NL,2011,17697,
A,EXP_EUR_HAB,E011,NL,2012,17653,
A,EXP_EUR_HAB,E011,NL,2013,17835,
A,EXP_EUR_HAB,E011,NL,2014,18041,
A,EXP_EUR_HAB,E011,NL,2015,18372,
A,EXP_EUR_HAB,E011,NL,2016,18625,
A,EXP_EUR_HAB,E011,NL,2017,19323,
A,EXP_EUR_HAB,E011,NL,2018,20071,
A,EXP_EUR_HAB,E011,NL,2019,20614,
A,EXP_EUR_HAB,E011,NL,2020,19611,
A,EXP_EUR_HAB,E011,NL,2021,21295,
A,EXP_EUR_HAB,E011,NL,2022,24293,
A,EXP_EUR_HAB,E011,NL,2023,25920,
A,EXP_EUR_HAB,E011,NL,2024,26730,
A,EXP_EUR_HAB,E011,PL,1995,1664,
A,EXP_EUR_HAB,E011,PL,1996,1999,
A,EXP_EUR_HAB,E011,PL,1997,2261,
A,EXP_EUR_HAB,E011,PL,1998,2492,
A,EXP_EUR_HAB,E011,PL,1999,2596,
A,EXP_EUR_HAB,E011,PL,2000,3093,
A,EXP_EUR_HAB,E011,PL,2001,3573,
A,EXP_EUR_HAB,E011,PL,2002,3633,
A,EXP_EUR_HAB,E011,PL,2003,3250,
A,EXP_EUR_HAB,E011,PL,2004,3440,
A,EXP_EUR_HAB,E011,PL,2005,4019,
A,EXP_EUR_HAB,E011,PL,2006,4419,
A,EXP_EUR_HAB,E011,PL,2007,4898,
A,EXP_EUR_HAB,E011,PL,2008,5879,
A,EXP_EUR_HAB,E011,PL,2009,5047,
A,EXP_EUR_HAB,E011,PL,2010,5827,
A,EXP_EUR_HAB,E011,PL,2011,6078,
A,EXP_EUR_HAB,E011,PL,2012,6222,
A,EXP_EUR_HAB,E011,PL,2013,6212,
A,EXP_EUR_HAB,E011,PL,2014,6426,
A,EXP_EUR_HAB,E011,PL,2015,6661,
A,EXP_EUR_HAB,E011,PL,2016,6576,
A,EXP_EUR_HAB,E011,PL,2017,7285,
A,EXP_EUR_HAB,E011,PL,2018,7725,
A,EXP_EUR_HAB,E011,PL,2019,8088,
A,EXP_EUR_HAB,E011,PL,2020,7984,
A,EXP_EUR_HAB,E011,PL,2021,8764,
A,EXP_EUR_HAB,E011,PL,2022,10010,
A,EXP_EUR_HAB,E011,PL,2023,11316,
A,EXP_EUR_HAB,E011,PL,2024,12761,
A,EXP_EUR_HAB,E011,PT,1995,5730,
A,EXP_EUR_HAB,E011,PT,1996,6084,
A,EXP_EUR_HAB,E011,PT,1997,6366,
A,EXP_EUR_HAB,E011,PT,1998,6702,
A,EXP_EUR_HAB,E011,PT,1999,7237,
A,EXP_EUR_HAB,E011,PT,2000,7722,
A,EXP_EUR_HAB,E011,PT,2001,8019,
A,EXP_EUR_HAB,E011,PT,2002,8356,
A,EXP_EUR_HAB,E011,PT,2003,8595,
A,EXP_EUR_HAB,E011,PT,2004,9000,
A,EXP_EUR_HAB,E011,PT,2005,9479,
A,EXP_EUR_HAB,E011,PT,2006,9948,
A,EXP_EUR_HAB,E011,PT,2007,10510,
A,EXP_EUR_HAB,E011,PT,2008,10936,
A,EXP_EUR_HAB,E011,PT,2009,10449,
A,EXP_EUR_HAB,E011,PT,2010,10895,
A,EXP_EUR_HAB,E011,PT,2011,10661,
A,EXP_EUR_HAB,E011,PT,2012,10306,
A,EXP_EUR_HAB,E011,PT,2013,10329,
A,EXP_EUR_HAB,E011,PT,2014,10652,
A,EXP_EUR_HAB,E011,PT,2015,10957,
A,EXP_EUR_HAB,E011,PT,2016,11387,
A,EXP_EUR_HAB,E011,PT,2017,11811,
A,EXP_EUR_HAB,E011,PT,2018,12327,
A,EXP_EUR_HAB,E011,PT,2019,12863,
A,EXP_EUR_HAB,E011,PT,2020,12009,
A,EXP_EUR_HAB,E011,PT,2021,12837,
A,EXP_EUR_HAB,E011,PT,2022,14454,
A,EXP_EUR_HAB,E011,PT,2023,15211,
A,EXP_EUR_HAB,E011,PT,2024,15937,e
A,EXP_EUR_HAB,E011,SE,1995,10880,
A,EXP_EUR_HAB,E011,SE,1996,12279,
A,EXP_EUR_HAB,E011,SE,1997,12634,
A,EXP_EUR_HAB,E011,SE,1998,12711,
A,EXP_EUR_HAB,E011,SE,1999,13652,
A,EXP_EUR_HAB,E011,SE,2000,15114,
A,EXP_EUR_HAB,E011,SE,2001,14145,
A,EXP_EUR_HAB,E011,SE,2002,14792,
A,EXP_EUR_HAB,E011,SE,2003,15312,
A,EXP_EUR_HAB,E011,SE,2004,15763,
A,EXP_EUR_HAB,E011,SE,2005,16053,
A,EXP_EUR_HAB,E011,SE,2006,16591,
A,EXP_EUR_HAB,E011,SE,2007,17451,
A,EXP_EUR_HAB,E011,SE,2008,17125,
A,EXP_EUR_HAB,E011,SE,2009,15868,
A,EXP_EUR_HAB,E011,SE,2010,18454,
A,EXP_EUR_HAB,E011,SE,2011,20003,
A,EXP_EUR_HAB,E011,SE,2012,20941,
A,EXP_EUR_HAB,E011,SE,2013,21416,
A,EXP_EUR_HAB,E011,SE,2014,20894,
A,EXP_EUR_HAB,E011,SE,2015,21167,
A,EXP_EUR_HAB,E011,SE,2016,21317,
A,EXP_EUR_HAB,E011,SE,2017,21510,
A,EXP_EUR_HAB,E011,SE,2018,20868,
A,EXP_EUR_HAB,E011,SE,2019,20576,
A,EXP_EUR_HAB,E011,SE,2020,20169,
A,EXP_EUR_HAB,E011,SE,2021,22378,
A,EXP_EUR_HAB,E011,SE,2022,23214,
A,EXP_EUR_HAB,E011,SE,2023,22384,
A,EXP_EUR_HAB,E011,SE,2024,23164,
A,EXP_EUR_HAB,E011,UK,1995,11052,
A,EXP_EUR_HAB,E011,UK,1996,12042,
A,EXP_EUR_HAB,E011,UK,1997,15120,
A,EXP_EUR_HAB,E011,UK,1998,16297,
A,EXP_EUR_HAB,E011,UK,1999,17502,
A,EXP_EUR_HAB,E011,UK,2000,19766,
A,EXP_EUR_HAB,E011,UK,2001,20072,
A,EXP_EUR_HAB,E011,UK,2002,20417,
A,EXP_EUR_HAB,E011,UK,2003,19324,
A,EXP_EUR_HAB,E011,UK,2004,20518,
A,EXP_EUR_HAB,E011,UK,2005,21160,
A,EXP_EUR_HAB,E011,UK,2006,21885,
A,EXP_EUR_HAB,E011,UK,2007,22674,
A,EXP_EUR_HAB,E011,UK,2008,19929,
A,EXP_EUR_HAB,E011,UK,2009,17253,
A,EXP_EUR_HAB,E011,UK,2010,18333,
A,EXP_EUR_HAB,E011,UK,2011,18619,
A,EXP_EUR_HAB,E011,UK,2012,20482,
A,EXP_EUR_HAB,E011,UK,2013,20419,
A,EXP_EUR_HAB,E011,UK,2014,22249,
A,EXP_EUR_HAB,E011,UK,2015,25147,
A,EXP_EUR_HAB,E011,UK,2016,23238,
A,EXP_EUR_HAB,E011,UK,2017,22386,
A,EXP_EUR_HAB,E011,UK,2018,22912,
A,EXP_EUR_HAB,E011,UK,2019,23572,
A,EXP_EUR_HAB,E011,UK,2020,20214,
A,EXP_EUR_HAB,E011,UK,2021,22913,
A,EXP_EUR_HAB,E011,UK,2022,26622,
A,EXP_EUR_HAB,E011,UK,2023,27642,
A,EXP_EUR_HAB,E011,UK,2024,29115,
A,EXP_EUR_HAB,GDP,DE,1995,24391,
A,EXP_EUR_HAB,GDP,DE,1996,24247,
A,EXP_EUR_HAB,GDP,DE,1997,24029,
A,EXP_EUR_HAB,GDP,DE,1998,24662,
A,EXP_EUR_HAB,GDP,DE,1999,25512,
A,EXP_EUR_HAB,GDP,DE,2000,26145,
A,EXP_EUR_HAB,GDP,DE,2001,26933,
A,EXP_EUR_HAB,GDP,DE,2002,27254,
A,EXP_EUR_HAB,GDP,DE,2003,27478,
A,EXP_EUR_HAB,GDP,DE,2004,28151,
A,EXP_EUR_HAB,GDP,DE,2005,28594,
A,EXP_EUR_HAB,GDP,DE,2006,29889,
A,EXP_EUR_HAB,GDP,DE,2007,31389,
A,EXP_EUR_HAB,GDP,DE,2008,32065,
A,EXP_EUR_HAB,GDP,DE,2009,30999,
A,EXP_EUR_HAB,GDP,DE,2010,32585,
A,EXP_EUR_HAB,GDP,DE,2011,34230,
A,EXP_EUR_HAB,GDP,DE,2012,34819,
A,EXP_EUR_HAB,GDP,DE,2013,35554,
A,EXP_EUR_HAB,GDP,DE,2014,36862,
A,EXP_EUR_HAB,GDP,DE,2015,37774,
A,EXP_EUR_HAB,GDP,DE,2016,38812,
A,EXP_EUR_HAB,GDP,DE,2017,40300,
A,EXP_EUR_HAB,GDP,DE,2018,41386,
A,EXP_EUR_HAB,GDP,DE,2019,42541,
A,EXP_EUR_HAB,GDP,DE,2020,41481,
A,EXP_EUR_HAB,GDP,DE,2021,44190,
A,EXP_EUR_HAB,GDP,DE,2022,47183,
A,EXP_EUR_HAB,GDP,DE,2023,49525,
A,EXP_EUR_HAB,GDP,DE,2024,50827,p
A,EXP_EUR_HAB,GDP,EA19,1995,18151,
A,EXP_EUR_HAB,GDP,EA19,1996,18877,
A,EXP_EUR_HAB,GDP,EA19,1997,19294,
A,EXP_EUR_HAB,GDP,EA19,1998,20039,
A,EXP_EUR_HAB,GDP,EA19,1999,20937,
A,EXP_EUR_HAB,GDP,EA19,2000,21981,
A,EXP_EUR_HAB,GDP,EA19,2001,22940,
A,EXP_EUR_HAB,GDP,EA19,2002,23605,
A,EXP_EUR_HAB,GDP,EA19,2003,24172,
A,EXP_EUR_HAB,GDP,EA19,2004,25075,
A,EXP_EUR_HAB,GDP,EA19,2005,25865,
A,EXP_EUR_HAB,GDP,EA19,2006,27139,
A,EXP_EUR_HAB,GDP,EA19,2007,28492,
A,EXP_EUR_HAB,GDP,EA19,2008,29059,
A,EXP_EUR_HAB,GDP,EA19,2009,27963,
A,EXP_EUR_HAB,GDP,EA19,2010,28686,
A,EXP_EUR_HAB,GDP,EA19,2011,29436,
A,EXP_EUR_HAB,GDP,EA19,2012,29467,
A,EXP_EUR_HAB,GDP,EA19,2013,29734,
A,EXP_EUR_HAB,GDP,EA19,2014,30396,
A,EXP_EUR_HAB,GDP,EA19,2015,31368,
A,EXP_EUR_HAB,GDP,EA19,2016,32125,
A,EXP_EUR_HAB,GDP,EA19,2017,33257,
A,EXP_EUR_HAB,GDP,EA19,2018,34267,
A,EXP_EUR_HAB,GDP,EA19,2019,35307,
A,EXP_EUR_HAB,GDP,EA19,2020,33738,
A,EXP_EUR_HAB,GDP,EA19,2021,36602,
A,EXP_EUR_HAB,GDP,EA19,2022,39607,
A,EXP_EUR_HAB,GDP,EA19,2023,41874,
A,EXP_EUR_HAB,GDP,EA19,2024,43282,
A,EXP_EUR_HAB,GDP,EA20,1995,17944,
A,EXP_EUR_HAB,GDP,EA20,1996,18669,
A,EXP_EUR_HAB,GDP,EA20,1997,19089,
A,EXP_EUR_HAB,GDP,EA20,1998,19829,
A,EXP_EUR_HAB,GDP,EA20,1999,20714,
A,EXP_EUR_HAB,GDP,EA20,2000,21751,
A,EXP_EUR_HAB,GDP,EA20,2001,22717,
A,EXP_EUR_HAB,GDP,EA20,2002,23383,
A,EXP_EUR_HAB,GDP,EA20,2003,23949,
A,EXP_EUR_HAB,GDP,EA20,2004,24851,
A,EXP_EUR_HAB,GDP,EA20,2005,25640,
A,EXP_EUR_HAB,GDP,EA20,2006,26910,
A,EXP_EUR_HAB,GDP,EA20,2007,28258,
A,EXP_EUR_HAB,GDP,EA20,2008,28832,
A,EXP_EUR_HAB,GDP,EA20,2009,27742,
A,EXP_EUR_HAB,GDP,EA20,2010,28458,
A,EXP_EUR_HAB,GDP,EA20,2011,29200,
A,EXP_EUR_HAB,GDP,EA20,2012,29230,
A,EXP_EUR_HAB,GDP,EA20,2013,29495,
A,EXP_EUR_HAB,GDP,EA20,2014,30148,
A,EXP_EUR_HAB,GDP,EA20,2015,31116,
A,EXP_EUR_HAB,GDP,EA20,2016,31873,
A,EXP_EUR_HAB,GDP,EA20,2017,33004,
A,EXP_EUR_HAB,GDP,EA20,2018,34015,
A,EXP_EUR_HAB,GDP,EA20,2019,35062,
A,EXP_EUR_HAB,GDP,EA20,2020,33500,
A,EXP_EUR_HAB,GDP,EA20,2021,36356,
A,EXP_EUR_HAB,GDP,EA20,2022,39356,
A,EXP_EUR_HAB,GDP,EA20,2023,41626,
A,EXP_EUR_HAB,GDP,EA20,2024,43041,
A,EXP_EUR_HAB,GDP,ES,1995,11829,
A,EXP_EUR_HAB,GDP,ES,1996,12689,
A,EXP_EUR_HAB,GDP,ES,1997,12997,
A,EXP_EUR_HAB,GDP,ES,1998,13749,
A,EXP_EUR_HAB,GDP,ES,1999,14745,
A,EXP_EUR_HAB,GDP,ES,2000,15968,
A,EXP_EUR_HAB,GDP,ES,2001,17195,
A,EXP_EUR_HAB,GDP,ES,2002,18099,
A,EXP_EUR_HAB,GDP,ES,2003,19023,
A,EXP_EUR_HAB,GDP,ES,2004,20067,
A,EXP_EUR_HAB,GDP,ES,2005,21257,
A,EXP_EUR_HAB,GDP,ES,2006,22655,
A,EXP_EUR_HAB,GDP,ES,2007,23820,
A,EXP_EUR_HAB,GDP,ES,2008,24192,
A,EXP_EUR_HAB,GDP,ES,2009,23141,
A,EXP_EUR_HAB,GDP,ES,2010,23133,
A,EXP_EUR_HAB,GDP,ES,2011,22866,
A,EXP_EUR_HAB,GDP,ES,2012,22160,
A,EXP_EUR_HAB,GDP,ES,2013,22019,
A,EXP_EUR_HAB,GDP,ES,2014,22375,
A,EXP_EUR_HAB,GDP,ES,2015,23437,
A,EXP_EUR_HAB,GDP,ES,2016,24188,
A,EXP_EUR_HAB,GDP,ES,2017,25156,
A,EXP_EUR_HAB,GDP,ES,2018,25950,
A,EXP_EUR_HAB,GDP,ES,2019,26625,
A,EXP_EUR_HAB,GDP,ES,2020,23851,
A,EXP_EUR_HAB,GDP,ES,2021,26094,
A,EXP_EUR_HAB,GDP,ES,2022,28748,
A,EXP_EUR_HAB,GDP,ES,2023,30968,
A,EXP_EUR_HAB,GDP,ES,2024,32594,p
A,EXP_EUR_HAB,GDP,EU27_2020,1995,14915,
A,EXP_EUR_HAB,GDP,EU27_2020,1996,15597,
A,EXP_EUR_HAB,GDP,EU27_2020,1997,16007,
A,EXP_EUR_HAB,GDP,EU27_2020,1998,16669,
A,EXP_EUR_HAB,GDP,EU27_2020,1999,17418,
A,EXP_EUR_HAB,GDP,EU27_2020,2000,18416,
A,EXP_EUR_HAB,GDP,EU27_2020,2001,19266,
A,EXP_EUR_HAB,GDP,EU27_2020,2002,19927,
A,EXP_EUR_HAB,GDP,EU27_2020,2003,20395,
A,EXP_EUR_HAB,GDP,EU27_2020,2004,21254,
A,EXP_EUR_HAB,GDP,EU27_2020,2005,22106,
A,EXP_EUR_HAB,GDP,EU27_2020,2006,23324,
A,EXP_EUR_HAB,GDP,EU27_2020,2007,24679,
A,EXP_EUR_HAB,GDP,EU27_2020,2008,25393,
A,EXP_EUR_HAB,GDP,EU27_2020,2009,24229,
A,EXP_EUR_HAB,GDP,EU27_2020,2010,25097,
A,EXP_EUR_HAB,GDP,EU27_2020,2011,25879,
A,EXP_EUR_HAB,GDP,EU27_2020,2012,25980,
A,EXP_EUR_HAB,GDP,EU27_2020,2013,26247,
A,EXP_EUR_HAB,GDP,EU27_2020,2014,26833,
A,EXP_EUR_HAB,GDP,EU27_2020,2015,27770,
A,EXP_EUR_HAB,GDP,EU27_2020,2016,28458,
A,EXP_EUR_HAB,GDP,EU27_2020,2017,29602,
A,EXP_EUR_HAB,GDP,EU27_2020,2018,30580,
A,EXP_EUR_HAB,GDP,EU27_2020,2019,31629,
A,EXP_EUR_HAB,GDP,EU27_2020,2020,30441,
A,EXP_EUR_HAB,GDP,EU27_2020,2021,33165,
A,EXP_EUR_HAB,GDP,EU27_2020,2022,35959,
A,EXP_EUR_HAB,GDP,EU27_2020,2023,38142,
A,EXP_EUR_HAB,GDP,EU27_2020,2024,39675,
A,EXP_EUR_HAB,GDP,EU28,1995,15251,
A,EXP_EUR_HAB,GDP,EU28,1996,16033,
A,EXP_EUR_HAB,GDP,EU28,1997,16923,
A,EXP_EUR_HAB,GDP,EU28,1998,17703,
A,EXP_EUR_HAB,GDP,EU28,1999,18574,
A,EXP_EUR_HAB,GDP,EU28,2000,19897,
A,EXP_EUR_HAB,GDP,EU28,2001,20709,
A,EXP_EUR_HAB,GDP,EU28,2002,21383,
A,EXP_EUR_HAB,GDP,EU28,2003,21622,
A,EXP_EUR_HAB,GDP,EU28,2004,22624,
A,EXP_EUR_HAB,GDP,EU28,2005,23542,
A,EXP_EUR_HAB,GDP,EU28,2006,24816,
A,EXP_EUR_HAB,GDP,EU28,2007,26171,
A,EXP_EUR_HAB,GDP,EU28,2008,26255,
A,EXP_EUR_HAB,GDP,EU28,2009,24687,
A,EXP_EUR_HAB,GDP,EU28,2010,25694,
A,EXP_EUR_HAB,GDP,EU28,2011,26431,
A,EXP_EUR_HAB,GDP,EU28,2012,26887,
A,EXP_EUR_HAB,GDP,EU28,2013,27065,
A,EXP_EUR_HAB,GDP,EU28,2014,27971,
A,EXP_EUR_HAB,GDP,EU28,2015,29408,
A,EXP_EUR_HAB,GDP,EU28,2016,29564,
A,EXP_EUR_HAB,GDP,EU28,2017,30429,
A,EXP_EUR_HAB,GDP,EU28,2018,31373,
A,EXP_EUR_HAB,GDP,EU28,2019,32481,
A,EXP_EUR_HAB,GDP,EU28,2020,31089,
A,EXP_EUR_HAB,GDP,FI,1995,20076,
A,EXP_EUR_HAB,GDP,FI,1996,20301,
A,EXP_EUR_HAB,GDP,FI,1997,21789,
A,EXP_EUR_HAB,GDP,FI,1998,23225,
A,EXP_EUR_HAB,GDP,FI,1999,24565,
A,EXP_EUR_HAB,GDP,FI,2000,26349,
A,EXP_EUR_HAB,GDP,FI,2001,27875,
A,EXP_EUR_HAB,GDP,FI,2002,28543,
A,EXP_EUR_HAB,GDP,FI,2003,29103,
A,EXP_EUR_HAB,GDP,FI,2004,30362,
A,EXP_EUR_HAB,GDP,FI,2005,31388,
A,EXP_EUR_HAB,GDP,FI,2006,32824,
A,EXP_EUR_HAB,GDP,FI,2007,35370,
A,EXP_EUR_HAB,GDP,FI,2008,36559,
A,EXP_EUR_HAB,GDP,FI,2009,34040,
A,EXP_EUR_HAB,GDP,FI,2010,35080,
A,EXP_EUR_HAB,GDP,FI,2011,36682,
A,EXP_EUR_HAB,GDP,FI,2012,37011,
A,EXP_EUR_HAB,GDP,FI,2013,37414,
A,EXP_EUR_HAB,GDP,FI,2014,37685,
A,EXP_EUR_HAB,GDP,FI,2015,38353,
A,EXP_EUR_HAB,GDP,FI,2016,39255,
A,EXP_EUR_HAB,GDP,FI,2017,40795,
A,EXP_EUR_HAB,GDP,FI,2018,42041,
A,EXP_EUR_HAB,GDP,FI,2019,43197,
A,EXP_EUR_HAB,GDP,FI,2020,42741,
A,EXP_EUR_HAB,GDP,FI,2021,44891,
A,EXP_EUR_HAB,GDP,FI,2022,47893,
A,EXP_EUR_HAB,GDP,FI,2023,48908,
A,EXP_EUR_HAB,GDP,FI,2024,49166,
A,EXP_EUR_HAB,GDP,FR,1995,20540,
A,EXP_EUR_HAB,GDP,FR,1996,21133,
A,EXP_EUR_HAB,GDP,FR,1997,21387,
A,EXP_EUR_HAB,GDP,FR,1998,22285,
A,EXP_EUR_HAB,GDP,FR,1999,23123,
A,EXP_EUR_HAB,GDP,FR,2000,24257,
A,EXP_EUR_HAB,GDP,FR,2001,25008,
A,EXP_EUR_HAB,GDP,FR,2002,25612,
A,EXP_EUR_HAB,GDP,FR,2003,26144,
A,EXP_EUR_HAB,GDP,FR,2004,27137,
A,EXP_EUR_HAB,GDP,FR,2005,27985,
A,EXP_EUR_HAB,GDP,FR,2006,29120,
A,EXP_EUR_HAB,GDP,FR,2007,30386,
A,EXP_EUR_HAB,GDP,FR,2008,31035,
A,EXP_EUR_HAB,GDP,FR,2009,30041,
A,EXP_EUR_HAB,GDP,FR,2010,30828,
A,EXP_EUR_HAB,GDP,FR,2011,31698,
A,EXP_EUR_HAB,GDP,FR,2012,31950,
A,EXP_EUR_HAB,GDP,FR,2013,32281,
A,EXP_EUR_HAB,GDP,FR,2014,32622,
A,EXP_EUR_HAB,GDP,FR,2015,33197,
A,EXP_EUR_HAB,GDP,FR,2016,33529,
A,EXP_EUR_HAB,GDP,FR,2017,34291,
A,EXP_EUR_HAB,GDP,FR,2018,35084,
A,EXP_EUR_HAB,GDP,FR,2019,36088,
A,EXP_EUR_HAB,GDP,FR,2020,34280,
A,EXP_EUR_HAB,GDP,FR,2021,36917,
A,EXP_EUR_HAB,GDP,FR,2022,38917,
A,EXP_EUR_HAB,GDP,FR,2023,41341,
A,EXP_EUR_HAB,GDP,FR,2024,42594,p
A,EXP_EUR_HAB,GDP,IT,1995,15839,
A,EXP_EUR_HAB,GDP,IT,1996,18213,
A,EXP_EUR_HAB,GDP,IT,1997,19319,
A,EXP_EUR_HAB,GDP,IT,1998,19979,
A,EXP_EUR_HAB,GDP,IT,1999,20689,
A,EXP_EUR_HAB,GDP,IT,2000,21860,
A,EXP_EUR_HAB,GDP,IT,2001,22966,
A,EXP_EUR_HAB,GDP,IT,2002,23744,
A,EXP_EUR_HAB,GDP,IT,2003,24380,
A,EXP_EUR_HAB,GDP,IT,2004,25201,
A,EXP_EUR_HAB,GDP,IT,2005,25772,
A,EXP_EUR_HAB,GDP,IT,2006,26710,
A,EXP_EUR_HAB,GDP,IT,2007,27601,
A,EXP_EUR_HAB,GDP,IT,2008,27760,
A,EXP_EUR_HAB,GDP,IT,2009,26599,
A,EXP_EUR_HAB,GDP,IT,2010,27047,
A,EXP_EUR_HAB,GDP,IT,2011,27610,
A,EXP_EUR_HAB,GDP,IT,2012,27129,
A,EXP_EUR_HAB,GDP,IT,2013,26881,
A,EXP_EUR_HAB,GDP,IT,2014,27120,
A,EXP_EUR_HAB,GDP,IT,2015,27616,
A,EXP_EUR_HAB,GDP,IT,2016,28360,
A,EXP_EUR_HAB,GDP,IT,2017,29074,
A,EXP_EUR_HAB,GDP,IT,2018,29690,
A,EXP_EUR_HAB,GDP,IT,2019,30204,
A,EXP_EUR_HAB,GDP,IT,2020,28096,
A,EXP_EUR_HAB,GDP,IT,2021,31159,
A,EXP_EUR_HAB,GDP,IT,2022,33858,
A,EXP_EUR_HAB,GDP,IT,2023,36135,
A,EXP_EUR_HAB,GDP,IT,2024,37176,
A,EXP_EUR_HAB,GDP,NL,1995,22415,
A,EXP_EUR_HAB,GDP,NL,1996,22899,
A,EXP_EUR_HAB,GDP,NL,1997,23603,
A,EXP_EUR_HAB,GDP,NL,1998,24957,
A,EXP_EUR_HAB,GDP,NL,1999,26571,
A,EXP_EUR_HAB,GDP,NL,2000,28393,
A,EXP_EUR_HAB,GDP,NL,2001,30097,
A,EXP_EUR_HAB,GDP,NL,2002,31141,
A,EXP_EUR_HAB,GDP,NL,2003,31735,
A,EXP_EUR_HAB,GDP,NL,2004,32648,
A,EXP_EUR_HAB,GDP,NL,2005,33892,
A,EXP_EUR_HAB,GDP,NL,2006,35938,
A,EXP_EUR_HAB,GDP,NL,2007,38016,
A,EXP_EUR_HAB,GDP,NL,2008,39602,
A,EXP_EUR_HAB,GDP,NL,2009,38123,
A,EXP_EUR_HAB,GDP,NL,2010,38701,
A,EXP_EUR_HAB,GDP,NL,2011,39299,
A,EXP_EUR_HAB,GDP,NL,2012,39286,
A,EXP_EUR_HAB,GDP,NL,2013,39608,
A,EXP_EUR_HAB,GDP,NL,2014,40239,
A,EXP_EUR_HAB,GDP,NL,2015,41274,
A,EXP_EUR_HAB,GDP,NL,2016,42289,
A,EXP_EUR_HAB,GDP,NL,2017,43831,
A,EXP_EUR_HAB,GDP,NL,2018,45687,
A,EXP_EUR_HAB,GDP,NL,2019,47839,
A,EXP_EUR_HAB,GDP,NL,2020,46810,
A,EXP_EUR_HAB,GDP,NL,2021,50850,
A,EXP_EUR_HAB,GDP,NL,2022,56145,
A,EXP_EUR_HAB,GDP,NL,2023,59719,
A,EXP_EUR_HAB,GDP,NL,2024,63027,
A,EXP_EUR_HAB,GDP,PL,1995,2854,
A,EXP_EUR_HAB,GDP,PL,1996,3309,
A,EXP_EUR_HAB,GDP,PL,1997,3685,
A,EXP_EUR_HAB,GDP,PL,1998,4063,
A,EXP_EUR_HAB,GDP,PL,1999,4186,
A,EXP_EUR_HAB,GDP,PL,2000,4902,
A,EXP_EUR_HAB,GDP,PL,2001,5591,
A,EXP_EUR_HAB,GDP,PL,2002,5525,
A,EXP_EUR_HAB,GDP,PL,2003,5058,
A,EXP_EUR_HAB,GDP,PL,2004,5423,
A,EXP_EUR_HAB,GDP,PL,2005,6470,
A,EXP_EUR_HAB,GDP,PL,2006,7225,
A,EXP_EUR_HAB,GDP,PL,2007,8247,
A,EXP_EUR_HAB,GDP,PL,2008,9640,
A,EXP_EUR_HAB,GDP,PL,2009,8332,
A,EXP_EUR_HAB,GDP,PL,2010,9487,
A,EXP_EUR_HAB,GDP,PL,2011,9975,
A,EXP_EUR_HAB,GDP,PL,2012,10186,
A,EXP_EUR_HAB,GDP,PL,2013,10259,
A,EXP_EUR_HAB,GDP,PL,2014,10754,
A,EXP_EUR_HAB,GDP,PL,2015,11387,
A,EXP_EUR_HAB,GDP,PL,2016,11267,
A,EXP_EUR_HAB,GDP,PL,2017,12356,
A,EXP_EUR_HAB,GDP,PL,2018,13277,
A,EXP_EUR_HAB,GDP,PL,2019,14188,
A,EXP_EUR_HAB,GDP,PL,2020,14310,
A,EXP_EUR_HAB,GDP,PL,2021,15768,
A,EXP_EUR_HAB,GDP,PL,2022,17515,
A,EXP_EUR_HAB,GDP,PL,2023,19982,
A,EXP_EUR_HAB,GDP,PL,2024,22555,
A,EXP_EUR_HAB,GDP,PT,1995,9078,
A,EXP_EUR_HAB,GDP,PT,1996,9601,
A,EXP_EUR_HAB,GDP,PT,1997,10219,
A,EXP_EUR_HAB,GDP,PT,1998,10894,
A,EXP_EUR_HAB,GDP,PT,1999,11705,
A,EXP_EUR_HAB,GDP,PT,2000,12480,
A,EXP_EUR_HAB,GDP,PT,2001,13102,
A,EXP_EUR_HAB,GDP,PT,2002,13681,
A,EXP_EUR_HAB,GDP,PT,2003,13966,
A,EXP_EUR_HAB,GDP,PT,2004,14522,
A,EXP_EUR_HAB,GDP,PT,2005,15095,
A,EXP_EUR_HAB,GDP,PT,2006,15801,
A,EXP_EUR_HAB,GDP,PT,2007,16645,
A,EXP_EUR_HAB,GDP,PT,2008,16963,
A,EXP_EUR_HAB,GDP,PT,2009,16598,
A,EXP_EUR_HAB,GDP,PT,2010,17011,
A,EXP_EUR_HAB,GDP,PT,2011,16674,
A,EXP_EUR_HAB,GDP,PT,2012,16003,
A,EXP_EUR_HAB,GDP,PT,2013,16295,
A,EXP_EUR_HAB,GDP,PT,2014,16621,
A,EXP_EUR_HAB,GDP,PT,2015,17279,
A,EXP_EUR_HAB,GDP,PT,2016,17996,
A,EXP_EUR_HAB,GDP,PT,2017,18908,
A,EXP_EUR_HAB,GDP,PT,2018,19836,
A,EXP_EUR_HAB,GDP,PT,2019,20715,
A,EXP_EUR_HAB,GDP,PT,2020,19358,
A,EXP_EUR_HAB,GDP,PT,2021,20801,
A,EXP_EUR_HAB,GDP,PT,2022,23303,
A,EXP_EUR_HAB,GDP,PT,2023,25328,
A,EXP_EUR_HAB,GDP,PT,2024,26696,e
A,EXP_EUR_HAB,GDP,SE,1995,23119,
A,EXP_EUR_HAB,GDP,SE,1996,26004,
A,EXP_EUR_HAB,GDP,SE,1997,26760,
A,EXP_EUR_HAB,GDP,SE,1998,27287,
A,EXP_EUR_HAB,GDP,SE,1999,29053,
A,EXP_EUR_HAB,GDP,SE,2000,32152,
A,EXP_EUR_HAB,GDP,SE,2001,30420,
A,EXP_EUR_HAB,GDP,SE,2002,31835,
A,EXP_EUR_HAB,GDP,SE,2003,33052,
A,EXP_EUR_HAB,GDP,SE,2004,34438,
A,EXP_EUR_HAB,GDP,SE,2005,34935,
A,EXP_EUR_HAB,GDP,SE,2006,37087,
A,EXP_EUR_HAB,GDP,SE,2007,39150,
A,EXP_EUR_HAB,GDP,SE,2008,38268,
A,EXP_EUR_HAB,GDP,SE,2009,33672,
A,EXP_EUR_HAB,GDP,SE,2010,39712,
A,EXP_EUR_HAB,GDP,SE,2011,43422,
A,EXP_EUR_HAB,GDP,SE,2012,44961,
A,EXP_EUR_HAB,GDP,SE,2013,45818,
A,EXP_EUR_HAB,GDP,SE,2014,44925,
A,EXP_EUR_HAB,GDP,SE,2015,46161,
A,EXP_EUR_HAB,GDP,SE,2016,46788,
A,EXP_EUR_HAB,GDP,SE,2017,47211,
A,EXP_EUR_HAB,GDP,SE,2018,45773,
A,EXP_EUR_HAB,GDP,SE,2019,46110,
A,EXP_EUR_HAB,GDP,SE,2020,46179,
A,EXP_EUR_HAB,GDP,SE,2021,51264,
A,EXP_EUR_HAB,GDP,SE,2022,51979,
A,EXP_EUR_HAB,GDP,SE,2023,50491,
A,EXP_EUR_HAB,GDP,SE,2024,52595,
A,EXP_EUR_HAB,GDP,UK,1995,17713,
A,EXP_EUR_HAB,GDP,UK,1996,19225,
A,EXP_EUR_HAB,GDP,UK,1997,23616,
A,EXP_EUR_HAB,GDP,UK,1998,25244,
A,EXP_EUR_HAB,GDP,UK,1999,26987,
A,EXP_EUR_HAB,GDP,UK,2000,30670,
A,EXP_EUR_HAB,GDP,UK,2001,31178,
A,EXP_EUR_HAB,GDP,UK,2002,31915,
A,EXP_EUR_HAB,GDP,UK,2003,30492,
A,EXP_EUR_HAB,GDP,UK,2004,32509,
A,EXP_EUR_HAB,GDP,UK,2005,33859,
A,EXP_EUR_HAB,GDP,UK,2006,35499,
A,EXP_EUR_HAB,GDP,UK,2007,36809,
A,EXP_EUR_HAB,GDP,UK,2008,32371,
A,EXP_EUR_HAB,GDP,UK,2009,27921,
A,EXP_EUR_HAB,GDP,UK,2010,29878,
A,EXP_EUR_HAB,GDP,UK,2011,30271,
A,EXP_EUR_HAB,GDP,UK,2012,33172,
A,EXP_EUR_HAB,GDP,UK,2013,32703,
A,EXP_EUR_HAB,GDP,UK,2014,35755,
A,EXP_EUR_HAB,GDP,UK,2015,40565,
A,EXP_EUR_HAB,GDP,UK,2016,37044,
A,EXP_EUR_HAB,GDP,UK,2017,36010,
A,EXP_EUR_HAB,GDP,UK,2018,36700,
A,EXP_EUR_HAB,GDP,UK,2019,38195,
A,EXP_EUR_HAB,GDP,UK,2020,35423,
A,EXP_EUR_HAB,GDP,UK,2021,39691,
A,EXP_EUR_HAB,GDP,UK,2022,43824,
A,EXP_EUR_HAB,GDP,UK,2023,45510,
A,EXP_EUR_HAB,GDP,UK,2024,48645,
A,EXP_PPS_EU27_2020_HAB,A01,DE,1995,13700,
A,EXP_PPS_EU27_2020_HAB,A01,DE,1996,14400,
A,EXP_PPS_EU27_2020_HAB,A01,DE,1997,14400,
A,EXP_PPS_EU27_2020_HAB,A01,DE,1998,14600,
A,EXP_PPS_EU27_2020_HAB,A01,DE,1999,15400,
A,EXP_PPS_EU27_2020_HAB,A01,DE,2000,15800,
A,EXP_PPS_EU27_2020_HAB,A01,DE,2001,16300,
A,EXP_PPS_EU27_2020_HAB,A01,DE,2002,16600,
A,EXP_PPS_EU27_2020_HAB,A01,DE,2003,17400,
A,EXP_PPS_EU27_2020_HAB,A01,DE,2004,17900,
A,EXP_PPS_EU27_2020_HAB,A01,DE,2005,18400,
A,EXP_PPS_EU27_2020_HAB,A01,DE,2006,19000,
A,EXP_PPS_EU27_2020_HAB,A01,DE,2007,19700,
A,EXP_PPS_EU27_2020_HAB,A01,DE,2008,20200,
A,EXP_PPS_EU27_2020_HAB,A01,DE,2009,20300,
A,EXP_PPS_EU27_2020_HAB,A01,DE,2010,21000,
A,EXP_PPS_EU27_2020_HAB,A01,DE,2011,21900,
A,EXP_PPS_EU27_2020_HAB,A01,DE,2012,22300,
A,EXP_PPS_EU27_2020_HAB,A01,DE,2013,22500,
A,EXP_PPS_EU27_2020_HAB,A01,DE,2014,23000,
A,EXP_PPS_EU27_2020_HAB,A01,DE,2015,23300,
A,EXP_PPS_EU27_2020_HAB,A01,DE,2016,23900,
A,EXP_PPS_EU27_2020_HAB,A01,DE,2017,24600,
A,EXP_PPS_EU27_2020_HAB,A01,DE,2018,25400,
A,EXP_PPS_EU27_2020_HAB,A01,DE,2019,25900,
A,EXP_PPS_EU27_2020_HAB,A01,DE,2020,24800,
A,EXP_PPS_EU27_2020_HAB,A01,DE,2021,26200,
A,EXP_PPS_EU27_2020_HAB,A01,DE,2022,28700,
A,EXP_PPS_EU27_2020_HAB,A01,DE,2023,30000,
A,EXP_PPS_EU27_2020_HAB,A01,DE,2024,31000,p
A,EXP_PPS_EU27_2020_HAB,A01,EA19,1995,11600,
A,EXP_PPS_EU27_2020_HAB,A01,EA19,1996,12100,
A,EXP_PPS_EU27_2020_HAB,A01,EA19,1997,12400,
A,EXP_PPS_EU27_2020_HAB,A01,EA19,1998,12900,
A,EXP_PPS_EU27_2020_HAB,A01,EA19,1999,13500,
A,EXP_PPS_EU27_2020_HAB,A01,EA19,2000,14200,
A,EXP_PPS_EU27_2020_HAB,A01,EA19,2001,14800,
A,EXP_PPS_EU27_2020_HAB,A01,EA19,2002,15300,
A,EXP_PPS_EU27_2020_HAB,A01,EA19,2003,15700,
A,EXP_PPS_EU27_2020_HAB,A01,EA19,2004,16100,
A,EXP_PPS_EU27_2020_HAB,A01,EA19,2005,16900,
A,EXP_PPS_EU27_2020_HAB,A01,EA19,2006,17600,
A,EXP_PPS_EU27_2020_HAB,A01,EA19,2007,18200,
A,EXP_PPS_EU27_2020_HAB,A01,EA19,2008,18800,
A,EXP_PPS_EU27_2020_HAB,A01,EA19,2009,18400,
A,EXP_PPS_EU27_2020_HAB,A01,EA19,2010,18800,
A,EXP_PPS_EU27_2020_HAB,A01,EA19,2011,19200,
A,EXP_PPS_EU27_2020_HAB,A01,EA19,2012,19200,
A,EXP_PPS_EU27_2020_HAB,A01,EA19,2013,19400,
A,EXP_PPS_EU27_2020_HAB,A01,EA19,2014,19600,
A,EXP_PPS_EU27_2020_HAB,A01,EA19,2015,20000,
A,EXP_PPS_EU27_2020_HAB,A01,EA19,2016,20400,
A,EXP_PPS_EU27_2020_HAB,A01,EA19,2017,21000,
A,EXP_PPS_EU27_2020_HAB,A01,EA19,2018,21600,
A,EXP_PPS_EU27_2020_HAB,A01,EA19,2019,22100,
A,EXP_PPS_EU27_2020_HAB,A01,EA19,2020,20900,
A,EXP_PPS_EU27_2020_HAB,A01,EA19,2021,22400,
A,EXP_PPS_EU27_2020_HAB,A01,EA19,2022,24700,
A,EXP_PPS_EU27_2020_HAB,A01,EA19,2023,26300,
A,EXP_PPS_EU27_2020_HAB,A01,EA19,2024,27300,
A,EXP_PPS_EU27_2020_HAB,A01,EA20,1995,11500,
A,EXP_PPS_EU27_2020_HAB,A01,EA20,1996,12000,
A,EXP_PPS_EU27_2020_HAB,A01,EA20,1997,12300,
A,EXP_PPS_EU27_2020_HAB,A01,EA20,1998,12800,
A,EXP_PPS_EU27_2020_HAB,A01,EA20,1999,13400,
A,EXP_PPS_EU27_2020_HAB,A01,EA20,2000,14100,
A,EXP_PPS_EU27_2020_HAB,A01,EA20,2001,14700,
A,EXP_PPS_EU27_2020_HAB,A01,EA20,2002,15200,
A,EXP_PPS_EU27_2020_HAB,A01,EA20,2003,15600,
A,EXP_PPS_EU27_2020_HAB,A01,EA20,2004,16000,
A,EXP_PPS_EU27_2020_HAB,A01,EA20,2005,16800,
A,EXP_PPS_EU27_2020_HAB,A01,EA20,2006,17500,
A,EXP_PPS_EU27_2020_HAB,A01,EA20,2007,18100,
A,EXP_PPS_EU27_2020_HAB,A01,EA20,2008,18700,
A,EXP_PPS_EU27_2020_HAB,A01,EA20,2009,18300,
A,EXP_PPS_EU27_2020_HAB,A01,EA20,2010,18700,
A,EXP_PPS_EU27_2020_HAB,A01,EA20,2011,19100,
A,EXP_PPS_EU27_2020_HAB,A01,EA20,2012,19100,
A,EXP_PPS_EU27_2020_HAB,A01,EA20,2013,19300,
A,EXP_PPS_EU27_2020_HAB,A01,EA20,2014,19500,
A,EXP_PPS_EU27_2020_HAB,A01,EA20,2015,19900,
A,EXP_PPS_EU27_2020_HAB,A01,EA20,2016,20300,
A,EXP_PPS_EU27_2020_HAB,A01,EA20,2017,20900,
A,EXP_PPS_EU27_2020_HAB,A01,EA20,2018,21500,
A,EXP_PPS_EU27_2020_HAB,A01,EA20,2019,22000,
A,EXP_PPS_EU27_2020_HAB,A01,EA20,2020,20800,
A,EXP_PPS_EU27_2020_HAB,A01,EA20,2021,22400,
A,EXP_PPS_EU27_2020_HAB,A01,EA20,2022,24700,
A,EXP_PPS_EU27_2020_HAB,A01,EA20,2023,26200,
A,EXP_PPS_EU27_2020_HAB,A01,EA20,2024,27300,
A,EXP_PPS_EU27_2020_HAB,A01,ES,1995,9400,
A,EXP_PPS_EU27_2020_HAB,A01,ES,1996,9800,
A,EXP_PPS_EU27_2020_HAB,A01,ES,1997,10200,
A,EXP_PPS_EU27_2020_HAB,A01,ES,1998,10700,
A,EXP_PPS_EU27_2020_HAB,A01,ES,1999,11300,
A,EXP_PPS_EU27_2020_HAB,A01,ES,2000,12200,
A,EXP_PPS_EU27_2020_HAB,A01,ES,2001,13100,
A,EXP_PPS_EU27_2020_HAB,A01,ES,2002,13800,
A,EXP_PPS_EU27_2020_HAB,A01,ES,2003,14000,
A,EXP_PPS_EU27_2020_HAB,A01,ES,2004,14700,
A,EXP_PPS_EU27_2020_HAB,A01,ES,2005,15500,
A,EXP_PPS_EU27_2020_HAB,A01,ES,2006,16400,
A,EXP_PPS_EU27_2020_HAB,A01,ES,2007,16800,
A,EXP_PPS_EU27_2020_HAB,A01,ES,2008,17000,
A,EXP_PPS_EU27_2020_HAB,A01,ES,2009,16200,
A,EXP_PPS_EU27_2020_HAB,A01,ES,2010,16100,
A,EXP_PPS_EU27_2020_HAB,A01,ES,2011,16000,
A,EXP_PPS_EU27_2020_HAB,A01,ES,2012,15800,
A,EXP_PPS_EU27_2020_HAB,A01,ES,2013,15800,
A,EXP_PPS_EU27_2020_HAB,A01,ES,2014,16300,
A,EXP_PPS_EU27_2020_HAB,A01,ES,2015,17000,
A,EXP_PPS_EU27_2020_HAB,A01,ES,2016,17400,
A,EXP_PPS_EU27_2020_HAB,A01,ES,2017,18200,
A,EXP_PPS_EU27_2020_HAB,A01,ES,2018,18500,
A,EXP_PPS_EU27_2020_HAB,A01,ES,2019,18900,
A,EXP_PPS_EU27_2020_HAB,A01,ES,2020,16700,
A,EXP_PPS_EU27_2020_HAB,A01,ES,2021,18900,
A,EXP_PPS_EU27_2020_HAB,A01,ES,2022,21000,
A,EXP_PPS_EU27_2020_HAB,A01,ES,2023,22800,
A,EXP_PPS_EU27_2020_HAB,A01,ES,2024,24300,p
A,EXP_PPS_EU27_2020_HAB,A01,EU27_2020,1995,10100,
A,EXP_PPS_EU27_2020_HAB,A01,EU27_2020,1996,10600,
A,EXP_PPS_EU27_2020_HAB,A01,EU27_2020,1997,10800,
A,EXP_PPS_EU27_2020_HAB,A01,EU27_2020,1998,11200,
A,EXP_PPS_EU27_2020_HAB,A01,EU27_2020,1999,11800,
A,EXP_PPS_EU27_2020_HAB,A01,EU27_2020,2000,12400,
A,EXP_PPS_EU27_2020_HAB,A01,EU27_2020,2001,13000,
A,EXP_PPS_EU27_2020_HAB,A01,EU27_2020,2002,13500,
A,EXP_PPS_EU27_2020_HAB,A01,EU27_2020,2003,13900,
A,EXP_PPS_EU27_2020_HAB,A01,EU27_2020,2004,14400,
A,EXP_PPS_EU27_2020_HAB,A01,EU27_2020,2005,15000,
A,EXP_PPS_EU27_2020_HAB,A01,EU27_2020,2006,15700,
A,EXP_PPS_EU27_2020_HAB,A01,EU27_2020,2007,16500,
A,EXP_PPS_EU27_2020_HAB,A01,EU27_2020,2008,17100,
A,EXP_PPS_EU27_2020_HAB,A01,EU27_2020,2009,16800,
A,EXP_PPS_EU27_2020_HAB,A01,EU27_2020,2010,17300,
A,EXP_PPS_EU27_2020_HAB,A01,EU27_2020,2011,17700,
A,EXP_PPS_EU27_2020_HAB,A01,EU27_2020,2012,17900,
A,EXP_PPS_EU27_2020_HAB,A01,EU27_2020,2013,18000,
A,EXP_PPS_EU27_2020_HAB,A01,EU27_2020,2014,18200,
A,EXP_PPS_EU27_2020_HAB,A01,EU27_2020,2015,18700,
A,EXP_PPS_EU27_2020_HAB,A01,EU27_2020,2016,19100,
A,EXP_PPS_EU27_2020_HAB,A01,EU27_2020,2017,19800,
A,EXP_PPS_EU27_2020_HAB,A01,EU27_2020,2018,20400,
A,EXP_PPS_EU27_2020_HAB,A01,EU27_2020,2019,20900,
A,EXP_PPS_EU27_2020_HAB,A01,EU27_2020,2020,20000,
A,EXP_PPS_EU27_2020_HAB,A01,EU27_2020,2021,21600,
A,EXP_PPS_EU27_2020_HAB,A01,EU27_2020,2022,23700,
A,EXP_PPS_EU27_2020_HAB,A01,EU27_2020,2023,25100,
A,EXP_PPS_EU27_2020_HAB,A01,EU27_2020,2024,26300,
A,EXP_PPS_EU27_2020_HAB,A01,EU28,1995,10300,
A,EXP_PPS_EU27_2020_HAB,A01,EU28,1996,10900,
A,EXP_PPS_EU27_2020_HAB,A01,EU28,1997,11200,
A,EXP_PPS_EU27_2020_HAB,A01,EU28,1998,11600,
A,EXP_PPS_EU27_2020_HAB,A01,EU28,1999,12100,
A,EXP_PPS_EU27_2020_HAB,A01,EU28,2000,12900,
A,EXP_PPS_EU27_2020_HAB,A01,EU28,2001,13500,
A,EXP_PPS_EU27_2020_HAB,A01,EU28,2002,13900,
A,EXP_PPS_EU27_2020_HAB,A01,EU28,2003,14400,
A,EXP_PPS_EU27_2020_HAB,A01,EU28,2004,15000,
A,EXP_PPS_EU27_2020_HAB,A01,EU28,2005,15600,
A,EXP_PPS_EU27_2020_HAB,A01,EU28,2006,16300,
A,EXP_PPS_EU27_2020_HAB,A01,EU28,2007,17000,
A,EXP_PPS_EU27_2020_HAB,A01,EU28,2008,17600,
A,EXP_PPS_EU27_2020_HAB,A01,EU28,2009,17200,
A,EXP_PPS_EU27_2020_HAB,A01,EU28,2010,17700,
A,EXP_PPS_EU27_2020_HAB,A01,EU28,2011,18100,
A,EXP_PPS_EU27_2020_HAB,A01,EU28,2012,18200,
A,EXP_PPS_EU27_2020_HAB,A01,EU28,2013,18400,
A,EXP_PPS_EU27_2020_HAB,A01,EU28,2014,18600,
A,EXP_PPS_EU27_2020_HAB,A01,EU28,2015,19000,
A,EXP_PPS_EU27_2020_HAB,A01,EU28,2016,19500,
A,EXP_PPS_EU27_2020_HAB,A01,EU28,2017,20100,
A,EXP_PPS_EU27_2020_HAB,A01,EU28,2018,20700,
A,EXP_PPS_EU27_2020_HAB,A01,EU28,2019,21200,
A,EXP_PPS_EU27_2020_HAB,A01,EU28,2020,20200,
A,EXP_PPS_EU27_2020_HAB,A01,FI,1995,9800,
A,EXP_PPS_EU27_2020_HAB,A01,FI,1996,10400,
A,EXP_PPS_EU27_2020_HAB,A01,FI,1997,10800,
A,EXP_PPS_EU27_2020_HAB,A01,FI,1998,11400,
A,EXP_PPS_EU27_2020_HAB,A01,FI,1999,12000,
A,EXP_PPS_EU27_2020_HAB,A01,FI,2000,12600,
A,EXP_PPS_EU27_2020_HAB,A01,FI,2001,12900,
A,EXP_PPS_EU27_2020_HAB,A01,FI,2002,13400,
A,EXP_PPS_EU27_2020_HAB,A01,FI,2003,14100,
A,EXP_PPS_EU27_2020_HAB,A01,FI,2004,15000,
A,EXP_PPS_EU27_2020_HAB,A01,FI,2005,15600,
A,EXP_PPS_EU27_2020_HAB,A01,FI,2006,16700,
A,EXP_PPS_EU27_2020_HAB,A01,FI,2007,18100,
A,EXP_PPS_EU27_2020_HAB,A01,FI,2008,19100,
A,EXP_PPS_EU27_2020_HAB,A01,FI,2009,18800,
A,EXP_PPS_EU27_2020_HAB,A01,FI,2010,19300,
A,EXP_PPS_EU27_2020_HAB,A01,FI,2011,20200,
A,EXP_PPS_EU27_2020_HAB,A01,FI,2012,20500,
A,EXP_PPS_EU27_2020_HAB,A01,FI,2013,20500,
A,EXP_PPS_EU27_2020_HAB,A01,FI,2014,20700,
A,EXP_PPS_EU27_2020_HAB,A01,FI,2015,21300,
A,EXP_PPS_EU27_2020_HAB,A01,FI,2016,21500,
A,EXP_PPS_EU27_2020_HAB,A01,FI,2017,22000,
A,EXP_PPS_EU27_2020_HAB,A01,FI,2018,22500,
A,EXP_PPS_EU27_2020_HAB,A01,FI,2019,22700,
A,EXP_PPS_EU27_2020_HAB,A01,FI,2020,22300,
A,EXP_PPS_EU27_2020_HAB,A01,FI,2021,23500,
A,EXP_PPS_EU27_2020_HAB,A01,FI,2022,24900,
A,EXP_PPS_EU27_2020_HAB,A01,FI,2023,26700,
A,EXP_PPS_EU27_2020_HAB,A01,FI,2024,27300,
A,EXP_PPS_EU27_2020_HAB,A01,FR,1995,12100,
A,EXP_PPS_EU27_2020_HAB,A01,FR,1996,12600,
A,EXP_PPS_EU27_2020_HAB,A01,FR,1997,12800,
A,EXP_PPS_EU27_2020_HAB,A01,FR,1998,13300,
A,EXP_PPS_EU27_2020_HAB,A01,FR,1999,13900,
A,EXP_PPS_EU27_2020_HAB,A01,FR,2000,14900,
A,EXP_PPS_EU27_2020_HAB,A01,FR,2001,15800,
A,EXP_PPS_EU27_2020_HAB,A01,FR,2002,16300,
A,EXP_PPS_EU27_2020_HAB,A01,FR,2003,16300,
A,EXP_PPS_EU27_2020_HAB,A01,FR,2004,16600,
A,EXP_PPS_EU27_2020_HAB,A01,FR,2005,17500,
A,EXP_PPS_EU27_2020_HAB,A01,FR,2006,18100,
A,EXP_PPS_EU27_2020_HAB,A01,FR,2007,18800,
A,EXP_PPS_EU27_2020_HAB,A01,FR,2008,19200,
A,EXP_PPS_EU27_2020_HAB,A01,FR,2009,18900,
A,EXP_PPS_EU27_2020_HAB,A01,FR,2010,19500,
A,EXP_PPS_EU27_2020_HAB,A01,FR,2011,19900,
A,EXP_PPS_EU27_2020_HAB,A01,FR,2012,20000,
A,EXP_PPS_EU27_2020_HAB,A01,FR,2013,20600,
A,EXP_PPS_EU27_2020_HAB,A01,FR,2014,20700,
A,EXP_PPS_EU27_2020_HAB,A01,FR,2015,21000,
A,EXP_PPS_EU27_2020_HAB,A01,FR,2016,21300,
A,EXP_PPS_EU27_2020_HAB,A01,FR,2017,21700,
A,EXP_PPS_EU27_2020_HAB,A01,FR,2018,22100,
A,EXP_PPS_EU27_2020_HAB,A01,FR,2019,22800,
A,EXP_PPS_EU27_2020_HAB,A01,FR,2020,22000,
A,EXP_PPS_EU27_2020_HAB,A01,FR,2021,23100,
A,EXP_PPS_EU27_2020_HAB,A01,FR,2022,24900,
A,EXP_PPS_EU27_2020_HAB,A01,FR,2023,26600,
A,EXP_PPS_EU27_2020_HAB,A01,FR,2024,27700,p
A,EXP_PPS_EU27_2020_HAB,A01,IT,1995,12100,
A,EXP_PPS_EU27_2020_HAB,A01,IT,1996,12500,
A,EXP_PPS_EU27_2020_HAB,A01,IT,1997,13000,
A,EXP_PPS_EU27_2020_HAB,A01,IT,1998,13700,
A,EXP_PPS_EU27_2020_HAB,A01,IT,1999,14200,
A,EXP_PPS_EU27_2020_HAB,A01,IT,2000,14900,
A,EXP_PPS_EU27_2020_HAB,A01,IT,2001,15300,
A,EXP_PPS_EU27_2020_HAB,A01,IT,2002,15400,
A,EXP_PPS_EU27_2020_HAB,A01,IT,2003,15900,
A,EXP_PPS_EU27_2020_HAB,A01,IT,2004,16200,
A,EXP_PPS_EU27_2020_HAB,A01,IT,2005,16700,
A,EXP_PPS_EU27_2020_HAB,A01,IT,2006,17500,
A,EXP_PPS_EU27_2020_HAB,A01,IT,2007,18200,
A,EXP_PPS_EU27_2020_HAB,A01,IT,2008,18800,
A,EXP_PPS_EU27_2020_HAB,A01,IT,2009,18300,
A,EXP_PPS_EU27_2020_HAB,A01,IT,2010,19100,
A,EXP_PPS_EU27_2020_HAB,A01,IT,2011,19200,
A,EXP_PPS_EU27_2020_HAB,A01,IT,2012,18800,
A,EXP_PPS_EU27_2020_HAB,A01,IT,2013,18400,
A,EXP_PPS_EU27_2020_HAB,A01,IT,2014,18200,
A,EXP_PPS_EU27_2020_HAB,A01,IT,2015,18600,
A,EXP_PPS_EU27_2020_HAB,A01,IT,2016,19100,
A,EXP_PPS_EU27_2020_HAB,A01,IT,2017,19700,
A,EXP_PPS_EU27_2020_HAB,A01,IT,2018,20200,
A,EXP_PPS_EU27_2020_HAB,A01,IT,2019,20700,
A,EXP_PPS_EU27_2020_HAB,A01,IT,2020,19100,
A,EXP_PPS_EU27_2020_HAB,A01,IT,2021,20700,
A,EXP_PPS_EU27_2020_HAB,A01,IT,2022,23400,
A,EXP_PPS_EU27_2020_HAB,A01,IT,2023,25100,
A,EXP_PPS_EU27_2020_HAB,A01,IT,2024,25700,
A,EXP_PPS_EU27_2020_HAB,A01,NL,1995,12400,
A,EXP_PPS_EU27_2020_HAB,A01,NL,1996,13200,
A,EXP_PPS_EU27_2020_HAB,A01,NL,1997,13700,
A,EXP_PPS_EU27_2020_HAB,A01,NL,1998,14500,
A,EXP_PPS_EU27_2020_HAB,A01,NL,1999,15600,
A,EXP_PPS_EU27_2020_HAB,A01,NL,2000,16900,
A,EXP_PPS_EU27_2020_HAB,A01,NL,2001,17500,
A,EXP_PPS_EU27_2020_HAB,A01,NL,2002,18400,
A,EXP_PPS_EU27_2020_HAB,A01,NL,2003,18300,
A,EXP_PPS_EU27_2020_HAB,A01,NL,2004,18900,
A,EXP_PPS_EU27_2020_HAB,A01,NL,2005,19700,
A,EXP_PPS_EU27_2020_HAB,A01,NL,2006,20800,
A,EXP_PPS_EU27_2020_HAB,A01,NL,2007,21900,
A,EXP_PPS_EU27_2020_HAB,A01,NL,2008,22500,
A,EXP_PPS_EU27_2020_HAB,A01,NL,2009,21800,
A,EXP_PPS_EU27_2020_HAB,A01,NL,2010,21300,
A,EXP_PPS_EU27_2020_HAB,A01,NL,2011,21700,
A,EXP_PPS_EU27_2020_HAB,A01,NL,2012,21700,
A,EXP_PPS_EU27_2020_HAB,A01,NL,2013,21800,
A,EXP_PPS_EU27_2020_HAB,A01,NL,2014,21800,
A,EXP_PPS_EU27_2020_HAB,A01,NL,2015,22100,
A,EXP_PPS_EU27_2020_HAB,A01,NL,2016,21900,
A,EXP_PPS_EU27_2020_HAB,A01,NL,2017,22900,
A,EXP_PPS_EU27_2020_HAB,A01,NL,2018,23800,
A,EXP_PPS_EU27_2020_HAB,A01,NL,2019,24000,
A,EXP_PPS_EU27_2020_HAB,A01,NL,2020,23300,
A,EXP_PPS_EU27_2020_HAB,A01,NL,2021,25300,
A,EXP_PPS_EU27_2020_HAB,A01,NL,2022,28500,
A,EXP_PPS_EU27_2020_HAB,A01,NL,2023,30000,
A,EXP_PPS_EU27_2020_HAB,A01,NL,2024,31400,
A,EXP_PPS_EU27_2020_HAB,A01,PL,1995,4500,
A,EXP_PPS_EU27_2020_HAB,A01,PL,1996,5100,
A,EXP_PPS_EU27_2020_HAB,A01,PL,1997,5400,
A,EXP_PPS_EU27_2020_HAB,A01,PL,1998,5800,
A,EXP_PPS_EU27_2020_HAB,A01,PL,1999,6300,
A,EXP_PPS_EU27_2020_HAB,A01,PL,2000,6700,
A,EXP_PPS_EU27_2020_HAB,A01,PL,2001,7000,
A,EXP_PPS_EU27_2020_HAB,A01,PL,2002,7500,
A,EXP_PPS_EU27_2020_HAB,A01,PL,2003,7700,
A,EXP_PPS_EU27_2020_HAB,A01,PL,2004,8200,
A,EXP_PPS_EU27_2020_HAB,A01,PL,2005,8300,
A,EXP_PPS_EU27_2020_HAB,A01,PL,2006,8900,
A,EXP_PPS_EU27_2020_HAB,A01,PL,2007,9900,
A,EXP_PPS_EU27_2020_HAB,A01,PL,2008,10800,
A,EXP_PPS_EU27_2020_HAB,A01,PL,2009,11100,
A,EXP_PPS_EU27_2020_HAB,A01,PL,2010,12200,
A,EXP_PPS_EU27_2020_HAB,A01,PL,2011,13000,
A,EXP_PPS_EU27_2020_HAB,A01,PL,2012,13600,
A,EXP_PPS_EU27_2020_HAB,A01,PL,2013,13600,
A,EXP_PPS_EU27_2020_HAB,A01,PL,2014,13800,
A,EXP_PPS_EU27_2020_HAB,A01,PL,2015,14400,
A,EXP_PPS_EU27_2020_HAB,A01,PL,2016,14600,
A,EXP_PPS_EU27_2020_HAB,A01,PL,2017,15400,
A,EXP_PPS_EU27_2020_HAB,A01,PL,2018,16100,
A,EXP_PPS_EU27_2020_HAB,A01,PL,2019,16800,
A,EXP_PPS_EU27_2020_HAB,A01,PL,2020,17200,
A,EXP_PPS_EU27_2020_HAB,A01,PL,2021,18600,
A,EXP_PPS_EU27_2020_HAB,A01,PL,2022,20200,
A,EXP_PPS_EU27_2020_HAB,A01,PL,2023,20800,
A,EXP_PPS_EU27_2020_HAB,A01,PL,2024,22200,
A,EXP_PPS_EU27_2020_HAB,A01,PT,1995,8700,
A,EXP_PPS_EU27_2020_HAB,A01,PT,1996,9200,
A,EXP_PPS_EU27_2020_HAB,A01,PT,1997,9500,
A,EXP_PPS_EU27_2020_HAB,A01,PT,1998,9800,
A,EXP_PPS_EU27_2020_HAB,A01,PT,1999,10500,
A,EXP_PPS_EU27_2020_HAB,A01,PT,2000,11200,
A,EXP_PPS_EU27_2020_HAB,A01,PT,2001,11600,
A,EXP_PPS_EU27_2020_HAB,A01,PT,2002,11800,
A,EXP_PPS_EU27_2020_HAB,A01,PT,2003,12300,
A,EXP_PPS_EU27_2020_HAB,A01,PT,2004,12800,
A,EXP_PPS_EU27_2020_HAB,A01,PT,2005,13800,
A,EXP_PPS_EU27_2020_HAB,A01,PT,2006,14400,
A,EXP_PPS_EU27_2020_HAB,A01,PT,2007,14800,
A,EXP_PPS_EU27_2020_HAB,A01,PT,2008,15400,
A,EXP_PPS_EU27_2020_HAB,A01,PT,2009,14800,
A,EXP_PPS_EU27_2020_HAB,A01,PT,2010,15200,
A,EXP_PPS_EU27_2020_HAB,A01,PT,2011,14600,
A,EXP_PPS_EU27_2020_HAB,A01,PT,2012,14300,
A,EXP_PPS_EU27_2020_HAB,A01,PT,2013,14700,
A,EXP_PPS_EU27_2020_HAB,A01,PT,2014,15100,
A,EXP_PPS_EU27_2020_HAB,A01,PT,2015,15500,
A,EXP_PPS_EU27_2020_HAB,A01,PT,2016,15800,
A,EXP_PPS_EU27_2020_HAB,A01,PT,2017,16100,
A,EXP_PPS_EU27_2020_HAB,A01,PT,2018,16900,
A,EXP_PPS_EU27_2020_HAB,A01,PT,2019,17500,
A,EXP_PPS_EU27_2020_HAB,A01,PT,2020,16300,
A,EXP_PPS_EU27_2020_HAB,A01,PT,2021,17800,
A,EXP_PPS_EU27_2020_HAB,A01,PT,2022,20200,
A,EXP_PPS_EU27_2020_HAB,A01,PT,2023,21400,
A,EXP_PPS_EU27_2020_HAB,A01,PT,2024,22400,e
A,EXP_PPS_EU27_2020_HAB,A01,SE,1995,12100,
A,EXP_PPS_EU27_2020_HAB,A01,SE,1996,12800,
A,EXP_PPS_EU27_2020_HAB,A01,SE,1997,13000,
A,EXP_PPS_EU27_2020_HAB,A01,SE,1998,13400,
A,EXP_PPS_EU27_2020_HAB,A01,SE,1999,14500,
A,EXP_PPS_EU27_2020_HAB,A01,SE,2000,15600,
A,EXP_PPS_EU27_2020_HAB,A01,SE,2001,15700,
A,EXP_PPS_EU27_2020_HAB,A01,SE,2002,16200,
A,EXP_PPS_EU27_2020_HAB,A01,SE,2003,16700,
A,EXP_PPS_EU27_2020_HAB,A01,SE,2004,17300,
A,EXP_PPS_EU27_2020_HAB,A01,SE,2005,18000,
A,EXP_PPS_EU27_2020_HAB,A01,SE,2006,18900,
A,EXP_PPS_EU27_2020_HAB,A01,SE,2007,20200,
A,EXP_PPS_EU27_2020_HAB,A01,SE,2008,20800,
A,EXP_PPS_EU27_2020_HAB,A01,SE,2009,20500,
A,EXP_PPS_EU27_2020_HAB,A01,SE,2010,20700,
A,EXP_PPS_EU27_2020_HAB,A01,SE,2011,21200,
A,EXP_PPS_EU27_2020_HAB,A01,SE,2012,21600,
A,EXP_PPS_EU27_2020_HAB,A01,SE,2013,21200,
A,EXP_PPS_EU27_2020_HAB,A01,SE,2014,21600,
A,EXP_PPS_EU27_2020_HAB,A01,SE,2015,22200,
A,EXP_PPS_EU27_2020_HAB,A01,SE,2016,22100,
A,EXP_PPS_EU27_2020_HAB,A01,SE,2017,22400,
A,EXP_PPS_EU27_2020_HAB,A01,SE,2018,22700,
A,EXP_PPS_EU27_2020_HAB,A01,SE,2019,22800,
A,EXP_PPS_EU27_2020_HAB,A01,SE,2020,22300,
A,EXP_PPS_EU27_2020_HAB,A01,SE,2021,24000,
A,EXP_PPS_EU27_2020_HAB,A01,SE,2022,25700,
A,EXP_PPS_EU27_2020_HAB,A01,SE,2023,26700,
A,EXP_PPS_EU27_2020_HAB,A01,SE,2024,27500,
A,EXP_PPS_EU27_2020_HAB,A01,UK,1995,12000,
A,EXP_PPS_EU27_2020_HAB,A01,UK,1996,13100,
A,EXP_PPS_EU27_2020_HAB,A01,UK,1997,13600,
A,EXP_PPS_EU27_2020_HAB,A01,UK,1998,13900,
A,EXP_PPS_EU27_2020_HAB,A01,UK,1999,14600,
A,EXP_PPS_EU27_2020_HAB,A01,UK,2000,15800,
A,EXP_PPS_EU27_2020_HAB,A01,UK,2001,16800,
A,EXP_PPS_EU27_2020_HAB,A01,UK,2002,17300,
A,EXP_PPS_EU27_2020_HAB,A01,UK,2003,18200,
A,EXP_PPS_EU27_2020_HAB,A01,UK,2004,19400,
A,EXP_PPS_EU27_2020_HAB,A01,UK,2005,19700,
A,EXP_PPS_EU27_2020_HAB,A01,UK,2006,20400,
A,EXP_PPS_EU27_2020_HAB,A01,UK,2007,20800,
A,EXP_PPS_EU27_2020_HAB,A01,UK,2008,21100,
A,EXP_PPS_EU27_2020_HAB,A01,UK,2009,20000,
A,EXP_PPS_EU27_2020_HAB,A01,UK,2010,20300,
A,EXP_PPS_EU27_2020_HAB,A01,UK,2011,20600,
A,EXP_PPS_EU27_2020_HAB,A01,UK,2012,20900,
A,EXP_PPS_EU27_2020_HAB,A01,UK,2013,21100,
A,EXP_PPS_EU27_2020_HAB,A01,UK,2014,21400,
A,EXP_PPS_EU27_2020_HAB,A01,UK,2015,21700,
A,EXP_PPS_EU27_2020_HAB,A01,UK,2016,22100,
A,EXP_PPS_EU27_2020_HAB,A01,UK,2017,22600,
A,EXP_PPS_EU27_2020_HAB,A01,UK,2018,23000,
A,EXP_PPS_EU27_2020_HAB,A01,UK,2019,23300,
A,EXP_PPS_EU27_2020_HAB,A01,UK,2020,21500,
A,EXP_PPS_EU27_2020_HAB,A01,UK,2021,23000,
A,EXP_PPS_EU27_2020_HAB,A01,UK,2022,26800,
A,EXP_PPS_EU27_2020_HAB,A01,UK,2023,28300,
A,EXP_PPS_EU27_2020_HAB,A01,UK,2024,28500,
A,EXP_PPS_EU27_2020_HAB,E011,DE,1995,11100,
A,EXP_PPS_EU27_2020_HAB,E011,DE,1996,11600,
A,EXP_PPS_EU27_2020_HAB,E011,DE,1997,11700,
A,EXP_PPS_EU27_2020_HAB,E011,DE,1998,11900,
A,EXP_PPS_EU27_2020_HAB,E011,DE,1999,12500,
A,EXP_PPS_EU27_2020_HAB,E011,DE,2000,12900,
A,EXP_PPS_EU27_2020_HAB,E011,DE,2001,13300,
A,EXP_PPS_EU27_2020_HAB,E011,DE,2002,13500,
A,EXP_PPS_EU27_2020_HAB,E011,DE,2003,13900,
A,EXP_PPS_EU27_2020_HAB,E011,DE,2004,14400,
A,EXP_PPS_EU27_2020_HAB,E011,DE,2005,14900,
A,EXP_PPS_EU27_2020_HAB,E011,DE,2006,15300,
A,EXP_PPS_EU27_2020_HAB,E011,DE,2007,15800,
A,EXP_PPS_EU27_2020_HAB,E011,DE,2008,16200,
A,EXP_PPS_EU27_2020_HAB,E011,DE,2009,16100,
A,EXP_PPS_EU27_2020_HAB,E011,DE,2010,16600,
A,EXP_PPS_EU27_2020_HAB,E011,DE,2011,17400,
A,EXP_PPS_EU27_2020_HAB,E011,DE,2012,17800,
A,EXP_PPS_EU27_2020_HAB,E011,DE,2013,17900,
A,EXP_PPS_EU27_2020_HAB,E011,DE,2014,18200,
A,EXP_PPS_EU27_2020_HAB,E011,DE,2015,18400,
A,EXP_PPS_EU27_2020_HAB,E011,DE,2016,18700,
A,EXP_PPS_EU27_2020_HAB,E011,DE,2017,19400,
A,EXP_PPS_EU27_2020_HAB,E011,DE,2018,20000,
A,EXP_PPS_EU27_2020_HAB,E011,DE,2019,20400,
A,EXP_PPS_EU27_2020_HAB,E011,DE,2020,19100,
A,EXP_PPS_EU27_2020_HAB,E011,DE,2021,20000,
A,EXP_PPS_EU27_2020_HAB,E011,DE,2022,22200,
A,EXP_PPS_EU27_2020_HAB,E011,DE,2023,23400,
A,EXP_PPS_EU27_2020_HAB,E011,DE,2024,24000,p
A,EXP_PPS_EU27_2020_HAB,E011,EA19,1995,9400,
A,EXP_PPS_EU27_2020_HAB,E011,EA19,1996,9900,
A,EXP_PPS_EU27_2020_HAB,E011,EA19,1997,10100,
A,EXP_PPS_EU27_2020_HAB,E011,EA19,1998,10500,
A,EXP_PPS_EU27_2020_HAB,E011,EA19,1999,11000,
A,EXP_PPS_EU27_2020_HAB,E011,EA19,2000,11600,
A,EXP_PPS_EU27_2020_HAB,E011,EA19,2001,12100,
A,EXP_PPS_EU27_2020_HAB,E011,EA19,2002,12400,
A,EXP_PPS_EU27_2020_HAB,E011,EA19,2003,12700,
A,EXP_PPS_EU27_2020_HAB,E011,EA19,2004,13000,
A,EXP_PPS_EU27_2020_HAB,E011,EA19,2005,13600,
A,EXP_PPS_EU27_2020_HAB,E011,EA19,2006,14200,
A,EXP_PPS_EU27_2020_HAB,E011,EA19,2007,14700,
A,EXP_PPS_EU27_2020_HAB,E011,EA19,2008,15100,
A,EXP_PPS_EU27_2020_HAB,E011,EA19,2009,14600,
A,EXP_PPS_EU27_2020_HAB,E011,EA19,2010,15000,
A,EXP_PPS_EU27_2020_HAB,E011,EA19,2011,15300,
A,EXP_PPS_EU27_2020_HAB,E011,EA19,2012,15300,
A,EXP_PPS_EU27_2020_HAB,E011,EA19,2013,15300,
A,EXP_PPS_EU27_2020_HAB,E011,EA19,2014,15500,
A,EXP_PPS_EU27_2020_HAB,E011,EA19,2015,15800,
A,EXP_PPS_EU27_2020_HAB,E011,EA19,2016,16100,
A,EXP_PPS_EU27_2020_HAB,E011,EA19,2017,16600,
A,EXP_PPS_EU27_2020_HAB,E011,EA19,2018,17000,
A,EXP_PPS_EU27_2020_HAB,E011,EA19,2019,17400,
A,EXP_PPS_EU27_2020_HAB,E011,EA19,2020,16000,
A,EXP_PPS_EU27_2020_HAB,E011,EA19,2021,17200,
A,EXP_PPS_EU27_2020_HAB,E011,EA19,2022,19300,
A,EXP_PPS_EU27_2020_HAB,E011,EA19,2023,20600,
A,EXP_PPS_EU27_2020_HAB,E011,EA19,2024,21300,
A,EXP_PPS_EU27_2020_HAB,E011,EA20,1995,9400,
A,EXP_PPS_EU27_2020_HAB,E011,EA20,1996,9800,
A,EXP_PPS_EU27_2020_HAB,E011,EA20,1997,10000,
A,EXP_PPS_EU27_2020_HAB,E011,EA20,1998,10400,
A,EXP_PPS_EU27_2020_HAB,E011,EA20,1999,10900,
A,EXP_PPS_EU27_2020_HAB,E011,EA20,2000,11500,
A,EXP_PPS_EU27_2020_HAB,E011,EA20,2001,12000,
A,EXP_PPS_EU27_2020_HAB,E011,EA20,2002,12300,
A,EXP_PPS_EU27_2020_HAB,E011,EA20,2003,12600,
A,EXP_PPS_EU27_2020_HAB,E011,EA20,2004,13000,
A,EXP_PPS_EU27_2020_HAB,E011,EA20,2005,13500,
A,EXP_PPS_EU27_2020_HAB,E011,EA20,2006,14100,
A,EXP_PPS_EU27_2020_HAB,E011,EA20,2007,14600,
A,EXP_PPS_EU27_2020_HAB,E011,EA20,2008,15000,
A,EXP_PPS_EU27_2020_HAB,E011,EA20,2009,14500,
A,EXP_PPS_EU27_2020_HAB,E011,EA20,2010,14900,
A,EXP_PPS_EU27_2020_HAB,E011,EA20,2011,15200,
A,EXP_PPS_EU27_2020_HAB,E011,EA20,2012,15200,
A,EXP_PPS_EU27_2020_HAB,E011,EA20,2013,15300,
A,EXP_PPS_EU27_2020_HAB,E011,EA20,2014,15400,
A,EXP_PPS_EU27_2020_HAB,E011,EA20,2015,15700,
A,EXP_PPS_EU27_2020_HAB,E011,EA20,2016,16000,
A,EXP_PPS_EU27_2020_HAB,E011,EA20,2017,16500,
A,EXP_PPS_EU27_2020_HAB,E011,EA20,2018,17000,
A,EXP_PPS_EU27_2020_HAB,E011,EA20,2019,17300,
A,EXP_PPS_EU27_2020_HAB,E011,EA20,2020,16000,
A,EXP_PPS_EU27_2020_HAB,E011,EA20,2021,17200,
A,EXP_PPS_EU27_2020_HAB,E011,EA20,2022,19200,
A,EXP_PPS_EU27_2020_HAB,E011,EA20,2023,20500,
A,EXP_PPS_EU27_2020_HAB,E011,EA20,2024,21200,
A,EXP_PPS_EU27_2020_HAB,E011,ES,1995,7900,
A,EXP_PPS_EU27_2020_HAB,E011,ES,1996,8300,
A,EXP_PPS_EU27_2020_HAB,E011,ES,1997,8600,
A,EXP_PPS_EU27_2020_HAB,E011,ES,1998,9000,
A,EXP_PPS_EU27_2020_HAB,E011,ES,1999,9500,
A,EXP_PPS_EU27_2020_HAB,E011,ES,2000,10300,
A,EXP_PPS_EU27_2020_HAB,E011,ES,2001,11100,
A,EXP_PPS_EU27_2020_HAB,E011,ES,2002,11700,
A,EXP_PPS_EU27_2020_HAB,E011,ES,2003,11900,
A,EXP_PPS_EU27_2020_HAB,E011,ES,2004,12300,
A,EXP_PPS_EU27_2020_HAB,E011,ES,2005,13000,
A,EXP_PPS_EU27_2020_HAB,E011,ES,2006,13700,
A,EXP_PPS_EU27_2020_HAB,E011,ES,2007,14000,
A,EXP_PPS_EU27_2020_HAB,E011,ES,2008,14100,
A,EXP_PPS_EU27_2020_HAB,E011,ES,2009,13100,
A,EXP_PPS_EU27_2020_HAB,E011,ES,2010,13300,
A,EXP_PPS_EU27_2020_HAB,E011,ES,2011,13100,
A,EXP_PPS_EU27_2020_HAB,E011,ES,2012,13100,
A,EXP_PPS_EU27_2020_HAB,E011,ES,2013,13100,
A,EXP_PPS_EU27_2020_HAB,E011,ES,2014,13500,
A,EXP_PPS_EU27_2020_HAB,E011,ES,2015,14100,
A,EXP_PPS_EU27_2020_HAB,E011,ES,2016,14500,
A,EXP_PPS_EU27_2020_HAB,E011,ES,2017,15200,
A,EXP_PPS_EU27_2020_HAB,E011,ES,2018,15400,
A,EXP_PPS_EU27_2020_HAB,E011,ES,2019,15600,
A,EXP_PPS_EU27_2020_HAB,E011,ES,2020,13400,
A,EXP_PPS_EU27_2020_HAB,E011,ES,2021,15200,
A,EXP_PPS_EU27_2020_HAB,E011,ES,2022,17000,
A,EXP_PPS_EU27_2020_HAB,E011,ES,2023,18500,
A,EXP_PPS_EU27_2020_HAB,E011,ES,2024,19600,p
A,EXP_PPS_EU27_2020_HAB,E011,EU27_2020,1995,8100,
A,EXP_PPS_EU27_2020_HAB,E011,EU27_2020,1996,8500,
A,EXP_PPS_EU27_2020_HAB,E011,EU27_2020,1997,8700,
A,EXP_PPS_EU27_2020_HAB,E011,EU27_2020,1998,9100,
A,EXP_PPS_EU27_2020_HAB,E011,EU27_2020,1999,9500,
A,EXP_PPS_EU27_2020_HAB,E011,EU27_2020,2000,10100,
A,EXP_PPS_EU27_2020_HAB,E011,EU27_2020,2001,10500,
A,EXP_PPS_EU27_2020_HAB,E011,EU27_2020,2002,10800,
A,EXP_PPS_EU27_2020_HAB,E011,EU27_2020,2003,11100,
A,EXP_PPS_EU27_2020_HAB,E011,EU27_2020,2004,11500,
A,EXP_PPS_EU27_2020_HAB,E011,EU27_2020,2005,12000,
A,EXP_PPS_EU27_2020_HAB,E011,EU27_2020,2006,12600,
A,EXP_PPS_EU27_2020_HAB,E011,EU27_2020,2007,13200,
A,EXP_PPS_EU27_2020_HAB,E011,EU27_2020,2008,13600,
A,EXP_PPS_EU27_2020_HAB,E011,EU27_2020,2009,13200,
A,EXP_PPS_EU27_2020_HAB,E011,EU27_2020,2010,13700,
A,EXP_PPS_EU27_2020_HAB,E011,EU27_2020,2011,14000,
A,EXP_PPS_EU27_2020_HAB,E011,EU27_2020,2012,14100,
A,EXP_PPS_EU27_2020_HAB,E011,EU27_2020,2013,14200,
A,EXP_PPS_EU27_2020_HAB,E011,EU27_2020,2014,14400,
A,EXP_PPS_EU27_2020_HAB,E011,EU27_2020,2015,14700,
A,EXP_PPS_EU27_2020_HAB,E011,EU27_2020,2016,15000,
A,EXP_PPS_EU27_2020_HAB,E011,EU27_2020,2017,15600,
A,EXP_PPS_EU27_2020_HAB,E011,EU27_2020,2018,16100,
A,EXP_PPS_EU27_2020_HAB,E011,EU27_2020,2019,16500,
A,EXP_PPS_EU27_2020_HAB,E011,EU27_2020,2020,15400,
A,EXP_PPS_EU27_2020_HAB,E011,EU27_2020,2021,16500,
A,EXP_PPS_EU27_2020_HAB,E011,EU27_2020,2022,18400,
A,EXP_PPS_EU27_2020_HAB,E011,EU27_2020,2023,19600,
A,EXP_PPS_EU27_2020_HAB,E011,EU27_2020,2024,20400,
A,EXP_PPS_EU27_2020_HAB,E011,EU28,1995,8300,
A,EXP_PPS_EU27_2020_HAB,E011,EU28,1996,8800,
A,EXP_PPS_EU27_2020_HAB,E011,EU28,1997,9000,
A,EXP_PPS_EU27_2020_HAB,E011,EU28,1998,9400,
A,EXP_PPS_EU27_2020_HAB,E011,EU28,1999,9800,
A,EXP_PPS_EU27_2020_HAB,E011,EU28,2000,10400,
A,EXP_PPS_EU27_2020_HAB,E011,EU28,2001,10900,
A,EXP_PPS_EU27_2020_HAB,E011,EU28,2002,11200,
A,EXP_PPS_EU27_2020_HAB,E011,EU28,2003,11600,
A,EXP_PPS_EU27_2020_HAB,E011,EU28,2004,12000,
A,EXP_PPS_EU27_2020_HAB,E011,EU28,2005,12500,
A,EXP_PPS_EU27_2020_HAB,E011,EU28,2006,13100,
A,EXP_PPS_EU27_2020_HAB,E011,EU28,2007,13700,
A,EXP_PPS_EU27_2020_HAB,E011,EU28,2008,14100,
A,EXP_PPS_EU27_2020_HAB,E011,EU28,2009,13600,
A,EXP_PPS_EU27_2020_HAB,E011,EU28,2010,14000,
A,EXP_PPS_EU27_2020_HAB,E011,EU28,2011,14300,
A,EXP_PPS_EU27_2020_HAB,E011,EU28,2012,14500,
A,EXP_PPS_EU27_2020_HAB,E011,EU28,2013,14500,
A,EXP_PPS_EU27_2020_HAB,E011,EU28,2014,14700,
A,EXP_PPS_EU27_2020_HAB,E011,EU28,2015,15100,
A,EXP_PPS_EU27_2020_HAB,E011,EU28,2016,15400,
A,EXP_PPS_EU27_2020_HAB,E011,EU28,2017,16000,
A,EXP_PPS_EU27_2020_HAB,E011,EU28,2018,16500,
A,EXP_PPS_EU27_2020_HAB,E011,EU28,2019,16900,
A,EXP_PPS_EU27_2020_HAB,E011,EU28,2020,15500,
A,EXP_PPS_EU27_2020_HAB,E011,FI,1995,7400,
A,EXP_PPS_EU27_2020_HAB,E011,FI,1996,7900,
A,EXP_PPS_EU27_2020_HAB,E011,FI,1997,8200,
A,EXP_PPS_EU27_2020_HAB,E011,FI,1998,8700,
A,EXP_PPS_EU27_2020_HAB,E011,FI,1999,9100,
A,EXP_PPS_EU27_2020_HAB,E011,FI,2000,9600,
A,EXP_PPS_EU27_2020_HAB,E011,FI,2001,9800,
A,EXP_PPS_EU27_2020_HAB,E011,FI,2002,10200,
A,EXP_PPS_EU27_2020_HAB,E011,FI,2003,10700,
A,EXP_PPS_EU27_2020_HAB,E011,FI,2004,11300,
A,EXP_PPS_EU27_2020_HAB,E011,FI,2005,11800,
A,EXP_PPS_EU27_2020_HAB,E011,FI,2006,12500,
A,EXP_PPS_EU27_2020_HAB,E011,FI,2007,13600,
A,EXP_PPS_EU27_2020_HAB,E011,FI,2008,14300,
A,EXP_PPS_EU27_2020_HAB,E011,FI,2009,13900,
A,EXP_PPS_EU27_2020_HAB,E011,FI,2010,14400,
A,EXP_PPS_EU27_2020_HAB,E011,FI,2011,15100,
A,EXP_PPS_EU27_2020_HAB,E011,FI,2012,15300,
A,EXP_PPS_EU27_2020_HAB,E011,FI,2013,15400,
A,EXP_PPS_EU27_2020_HAB,E011,FI,2014,15600,
A,EXP_PPS_EU27_2020_HAB,E011,FI,2015,15900,
A,EXP_PPS_EU27_2020_HAB,E011,FI,2016,16200,
A,EXP_PPS_EU27_2020_HAB,E011,FI,2017,16500,
A,EXP_PPS_EU27_2020_HAB,E011,FI,2018,16800,
A,EXP_PPS_EU27_2020_HAB,E011,FI,2019,16900,
A,EXP_PPS_EU27_2020_HAB,E011,FI,2020,16400,
A,EXP_PPS_EU27_2020_HAB,E011,FI,2021,17300,
A,EXP_PPS_EU27_2020_HAB,E011,FI,2022,18500,
A,EXP_PPS_EU27_2020_HAB,E011,FI,2023,19500,
A,EXP_PPS_EU27_2020_HAB,E011,FI,2024,19900,
A,EXP_PPS_EU27_2020_HAB,E011,FR,1995,9200,
A,EXP_PPS_EU27_2020_HAB,E011,FR,1996,9600,
A,EXP_PPS_EU27_2020_HAB,E011,FR,1997,9700,
A,EXP_PPS_EU27_2020_HAB,E011,FR,1998,10200,
A,EXP_PPS_EU27_2020_HAB,E011,FR,1999,10500,
A,EXP_PPS_EU27_2020_HAB,E011,FR,2000,11400,
A,EXP_PPS_EU27_2020_HAB,E011,FR,2001,12100,
A,EXP_PPS_EU27_2020_HAB,E011,FR,2002,12400,
A,EXP_PPS_EU27_2020_HAB,E011,FR,2003,12300,
A,EXP_PPS_EU27_2020_HAB,E011,FR,2004,12600,
A,EXP_PPS_EU27_2020_HAB,E011,FR,2005,13300,
A,EXP_PPS_EU27_2020_HAB,E011,FR,2006,13800,
A,EXP_PPS_EU27_2020_HAB,E011,FR,2007,14400,
A,EXP_PPS_EU27_2020_HAB,E011,FR,2008,14600,
A,EXP_PPS_EU27_2020_HAB,E011,FR,2009,14300,
A,EXP_PPS_EU27_2020_HAB,E011,FR,2010,14700,
A,EXP_PPS_EU27_2020_HAB,E011,FR,2011,15100,
A,EXP_PPS_EU27_2020_HAB,E011,FR,2012,15100,
A,EXP_PPS_EU27_2020_HAB,E011,FR,2013,15400,
A,EXP_PPS_EU27_2020_HAB,E011,FR,2014,15400,
A,EXP_PPS_EU27_2020_HAB,E011,FR,2015,15400,
A,EXP_PPS_EU27_2020_HAB,E011,FR,2016,15600,
A,EXP_PPS_EU27_2020_HAB,E011,FR,2017,15800,
A,EXP_PPS_EU27_2020_HAB,E011,FR,2018,16100,
A,EXP_PPS_EU27_2020_HAB,E011,FR,2019,16500,
A,EXP_PPS_EU27_2020_HAB,E011,FR,2020,15600,
A,EXP_PPS_EU27_2020_HAB,E011,FR,2021,16300,
A,EXP_PPS_EU27_2020_HAB,E011,FR,2022,17900,
A,EXP_PPS_EU27_2020_HAB,E011,FR,2023,19300,
A,EXP_PPS_EU27_2020_HAB,E011,FR,2024,20000,p
A,EXP_PPS_EU27_2020_HAB,E011,IT,1995,10500,
A,EXP_PPS_EU27_2020_HAB,E011,IT,1996,10900,
A,EXP_PPS_EU27_2020_HAB,E011,IT,1997,11400,
A,EXP_PPS_EU27_2020_HAB,E011,IT,1998,11900,
A,EXP_PPS_EU27_2020_HAB,E011,IT,1999,12400,
A,EXP_PPS_EU27_2020_HAB,E011,IT,2000,13000,
A,EXP_PPS_EU27_2020_HAB,E011,IT,2001,13100,
A,EXP_PPS_EU27_2020_HAB,E011,IT,2002,13200,
A,EXP_PPS_EU27_2020_HAB,E011,IT,2003,13700,
A,EXP_PPS_EU27_2020_HAB,E011,IT,2004,13800,
A,EXP_PPS_EU27_2020_HAB,E011,IT,2005,14300,
A,EXP_PPS_EU27_2020_HAB,E011,IT,2006,14900,
A,EXP_PPS_EU27_2020_HAB,E011,IT,2007,15300,
A,EXP_PPS_EU27_2020_HAB,E011,IT,2008,15900,
A,EXP_PPS_EU27_2020_HAB,E011,IT,2009,15300,
A,EXP_PPS_EU27_2020_HAB,E011,IT,2010,15900,
A,EXP_PPS_EU27_2020_HAB,E011,IT,2011,16100,
A,EXP_PPS_EU27_2020_HAB,E011,IT,2012,15700,
A,EXP_PPS_EU27_2020_HAB,E011,IT,2013,15400,
A,EXP_PPS_EU27_2020_HAB,E011,IT,2014,15200,
A,EXP_PPS_EU27_2020_HAB,E011,IT,2015,15600,
A,EXP_PPS_EU27_2020_HAB,E011,IT,2016,16200,
A,EXP_PPS_EU27_2020_HAB,E011,IT,2017,16700,
A,EXP_PPS_EU27_2020_HAB,E011,IT,2018,17100,
A,EXP_PPS_EU27_2020_HAB,E011,IT,2019,17600,
A,EXP_PPS_EU27_2020_HAB,E011,IT,2020,15800,
A,EXP_PPS_EU27_2020_HAB,E011,IT,2021,17200,
A,EXP_PPS_EU27_2020_HAB,E011,IT,2022,19600,
A,EXP_PPS_EU27_2020_HAB,E011,IT,2023,21100,
A,EXP_PPS_EU27_2020_HAB,E011,IT,2024,21600,
A,EXP_PPS_EU27_2020_HAB,E011,NL,1995,9800,
A,EXP_PPS_EU27_2020_HAB,E011,NL,1996,10500,
A,EXP_PPS_EU27_2020_HAB,E011,NL,1997,10900,
A,EXP_PPS_EU27_2020_HAB,E011,NL,1998,11600,
A,EXP_PPS_EU27_2020_HAB,E011,NL,1999,12400,
A,EXP_PPS_EU27_2020_HAB,E011,NL,2000,13300,
A,EXP_PPS_EU27_2020_HAB,E011,NL,2001,13700,
A,EXP_PPS_EU27_2020_HAB,E011,NL,2002,14200,
A,EXP_PPS_EU27_2020_HAB,E011,NL,2003,14100,
A,EXP_PPS_EU27_2020_HAB,E011,NL,2004,14600,
A,EXP_PPS_EU27_2020_HAB,E011,NL,2005,15100,
A,EXP_PPS_EU27_2020_HAB,E011,NL,2006,15600,
A,EXP_PPS_EU27_2020_HAB,E011,NL,2007,16500,
A,EXP_PPS_EU27_2020_HAB,E011,NL,2008,16800,
A,EXP_PPS_EU27_2020_HAB,E011,NL,2009,15800,
A,EXP_PPS_EU27_2020_HAB,E011,NL,2010,15700,
A,EXP_PPS_EU27_2020_HAB,E011,NL,2011,15900,
A,EXP_PPS_EU27_2020_HAB,E011,NL,2012,15800,
A,EXP_PPS_EU27_2020_HAB,E011,NL,2013,15900,
A,EXP_PPS_EU27_2020_HAB,E011,NL,2014,15800,
A,EXP_PPS_EU27_2020_HAB,E011,NL,2015,16100,
A,EXP_PPS_EU27_2020_HAB,E011,NL,2016,16100,
A,EXP_PPS_EU27_2020_HAB,E011,NL,2017,16800,
A,EXP_PPS_EU27_2020_HAB,E011,NL,2018,17600,
A,EXP_PPS_EU27_2020_HAB,E011,NL,2019,17600,
A,EXP_PPS_EU27_2020_HAB,E011,NL,2020,16900,
A,EXP_PPS_EU27_2020_HAB,E011,NL,2021,18400,
A,EXP_PPS_EU27_2020_HAB,E011,NL,2022,21200,
A,EXP_PPS_EU27_2020_HAB,E011,NL,2023,22200,
A,EXP_PPS_EU27_2020_HAB,E011,NL,2024,23000,
A,EXP_PPS_EU27_2020_HAB,E011,PL,1995,3500,
A,EXP_PPS_EU27_2020_HAB,E011,PL,1996,4000,
A,EXP_PPS_EU27_2020_HAB,E011,PL,1997,4300,
A,EXP_PPS_EU27_2020_HAB,E011,PL,1998,4600,
A,EXP_PPS_EU27_2020_HAB,E011,PL,1999,4900,
A,EXP_PPS_EU27_2020_HAB,E011,PL,2000,5200,
A,EXP_PPS_EU27_2020_HAB,E011,PL,2001,5400,
A,EXP_PPS_EU27_2020_HAB,E011,PL,2002,5800,
A,EXP_PPS_EU27_2020_HAB,E011,PL,2003,6000,
A,EXP_PPS_EU27_2020_HAB,E011,PL,2004,6400,
A,EXP_PPS_EU27_2020_HAB,E011,PL,2005,6500,
A,EXP_PPS_EU27_2020_HAB,E011,PL,2006,6900,
A,EXP_PPS_EU27_2020_HAB,E011,PL,2007,7700,
A,EXP_PPS_EU27_2020_HAB,E011,PL,2008,8500,
A,EXP_PPS_EU27_2020_HAB,E011,PL,2009,8700,
A,EXP_PPS_EU27_2020_HAB,E011,PL,2010,9600,
A,EXP_PPS_EU27_2020_HAB,E011,PL,2011,10300,
A,EXP_PPS_EU27_2020_HAB,E011,PL,2012,10800,
A,EXP_PPS_EU27_2020_HAB,E011,PL,2013,10800,
A,EXP_PPS_EU27_2020_HAB,E011,PL,2014,11100,
A,EXP_PPS_EU27_2020_HAB,E011,PL,2015,11600,
A,EXP_PPS_EU27_2020_HAB,E011,PL,2016,11800,
A,EXP_PPS_EU27_2020_HAB,E011,PL,2017,12400,
A,EXP_PPS_EU27_2020_HAB,E011,PL,2018,13000,
A,EXP_PPS_EU27_2020_HAB,E011,PL,2019,13500,
A,EXP_PPS_EU27_2020_HAB,E011,PL,2020,13500,
A,EXP_PPS_EU27_2020_HAB,E011,PL,2021,14500,
A,EXP_PPS_EU27_2020_HAB,E011,PL,2022,16200,
A,EXP_PPS_EU27_2020_HAB,E011,PL,2023,16800,
A,EXP_PPS_EU27_2020_HAB,E011,PL,2024,17700,
A,EXP_PPS_EU27_2020_HAB,E011,PT,1995,7300,
A,EXP_PPS_EU27_2020_HAB,E011,PT,1996,7700,
A,EXP_PPS_EU27_2020_HAB,E011,PT,1997,7900,
A,EXP_PPS_EU27_2020_HAB,E011,PT,1998,8200,
A,EXP_PPS_EU27_2020_HAB,E011,PT,1999,8800,
A,EXP_PPS_EU27_2020_HAB,E011,PT,2000,9400,
A,EXP_PPS_EU27_2020_HAB,E011,PT,2001,9600,
A,EXP_PPS_EU27_2020_HAB,E011,PT,2002,9700,
A,EXP_PPS_EU27_2020_HAB,E011,PT,2003,10200,
A,EXP_PPS_EU27_2020_HAB,E011,PT,2004,10600,
A,EXP_PPS_EU27_2020_HAB,E011,PT,2005,11400,
A,EXP_PPS_EU27_2020_HAB,E011,PT,2006,12000,
A,EXP_PPS_EU27_2020_HAB,E011,PT,2007,12300,
A,EXP_PPS_EU27_2020_HAB,E011,PT,2008,12700,
A,EXP_PPS_EU27_2020_HAB,E011,PT,2009,12000,
A,EXP_PPS_EU27_2020_HAB,E011,PT,2010,12500,
A,EXP_PPS_EU27_2020_HAB,E011,PT,2011,12200,
A,EXP_PPS_EU27_2020_HAB,E011,PT,2012,11800,
A,EXP_PPS_EU27_2020_HAB,E011,PT,2013,12100,
A,EXP_PPS_EU27_2020_HAB,E011,PT,2014,12300,
A,EXP_PPS_EU27_2020_HAB,E011,PT,2015,12700,
A,EXP_PPS_EU27_2020_HAB,E011,PT,2016,13000,
A,EXP_PPS_EU27_2020_HAB,E011,PT,2017,13300,
A,EXP_PPS_EU27_2020_HAB,E011,PT,2018,14000,
A,EXP_PPS_EU27_2020_HAB,E011,PT,2019,14600,
A,EXP_PPS_EU27_2020_HAB,E011,PT,2020,13300,
A,EXP_PPS_EU27_2020_HAB,E011,PT,2021,14500,
A,EXP_PPS_EU27_2020_HAB,E011,PT,2022,16600,
A,EXP_PPS_EU27_2020_HAB,E011,PT,2023,17500,
A,EXP_PPS_EU27_2020_HAB,E011,PT,2024,18300,e
A,EXP_PPS_EU27_2020_HAB,E011,SE,1995,9000,
A,EXP_PPS_EU27_2020_HAB,E011,SE,1996,9400,
A,EXP_PPS_EU27_2020_HAB,E011,SE,1997,9700,
A,EXP_PPS_EU27_2020_HAB,E011,SE,1998,10000,
A,EXP_PPS_EU27_2020_HAB,E011,SE,1999,10700,
A,EXP_PPS_EU27_2020_HAB,E011,SE,2000,11600,
A,EXP_PPS_EU27_2020_HAB,E011,SE,2001,11600,
A,EXP_PPS_EU27_2020_HAB,E011,SE,2002,11900,
A,EXP_PPS_EU27_2020_HAB,E011,SE,2003,12100,
A,EXP_PPS_EU27_2020_HAB,E011,SE,2004,12700,
A,EXP_PPS_EU27_2020_HAB,E011,SE,2005,13200,
A,EXP_PPS_EU27_2020_HAB,E011,SE,2006,13900,
A,EXP_PPS_EU27_2020_HAB,E011,SE,2007,15000,
A,EXP_PPS_EU27_2020_HAB,E011,SE,2008,15300,
A,EXP_PPS_EU27_2020_HAB,E011,SE,2009,15000,
A,EXP_PPS_EU27_2020_HAB,E011,SE,2010,15500,
A,EXP_PPS_EU27_2020_HAB,E011,SE,2011,15800,
A,EXP_PPS_EU27_2020_HAB,E011,SE,2012,16100,
A,EXP_PPS_EU27_2020_HAB,E011,SE,2013,15900,
A,EXP_PPS_EU27_2020_HAB,E011,SE,2014,16100,
A,EXP_PPS_EU27_2020_HAB,E011,SE,2015,16600,
A,EXP_PPS_EU27_2020_HAB,E011,SE,2016,16300,
A,EXP_PPS_EU27_2020_HAB,E011,SE,2017,16400,
A,EXP_PPS_EU27_2020_HAB,E011,SE,2018,16700,
A,EXP_PPS_EU27_2020_HAB,E011,SE,2019,16700,
A,EXP_PPS_EU27_2020_HAB,E011,SE,2020,16200,
A,EXP_PPS_EU27_2020_HAB,E011,SE,2021,17400,
A,EXP_PPS_EU27_2020_HAB,E011,SE,2022,18900,
A,EXP_PPS_EU27_2020_HAB,E011,SE,2023,19600,
A,EXP_PPS_EU27_2020_HAB,E011,SE,2024,20100,
A,EXP_PPS_EU27_2020_HAB,E011,UK,1995,9900,
A,EXP_PPS_EU27_2020_HAB,E011,UK,1996,10800,
A,EXP_PPS_EU27_2020_HAB,E011,UK,1997,11400,
A,EXP_PPS_EU27_2020_HAB,E011,UK,1998,11600,
A,EXP_PPS_EU27_2020_HAB,E011,UK,1999,12200,
A,EXP_PPS_EU27_2020_HAB,E011,UK,2000,13100,
A,EXP_PPS_EU27_2020_HAB,E011,UK,2001,14000,
A,EXP_PPS_EU27_2020_HAB,E011,UK,2002,14100,
A,EXP_PPS_EU27_2020_HAB,E011,UK,2003,14900,
A,EXP_PPS_EU27_2020_HAB,E011,UK,2004,15800,
A,EXP_PPS_EU27_2020_HAB,E011,UK,2005,16000,
A,EXP_PPS_EU27_2020_HAB,E011,UK,2006,16700,
A,EXP_PPS_EU27_2020_HAB,E011,UK,2007,17200,
A,EXP_PPS_EU27_2020_HAB,E011,UK,2008,17200,
A,EXP_PPS_EU27_2020_HAB,E011,UK,2009,15900,
A,EXP_PPS_EU27_2020_HAB,E011,UK,2010,16200,
A,EXP_PPS_EU27_2020_HAB,E011,UK,2011,16500,
A,EXP_PPS_EU27_2020_HAB,E011,UK,2012,16700,
A,EXP_PPS_EU27_2020_HAB,E011,UK,2013,17000,
A,EXP_PPS_EU27_2020_HAB,E011,UK,2014,17400,
A,EXP_PPS_EU27_2020_HAB,E011,UK,2015,17600,
A,EXP_PPS_EU27_2020_HAB,E011,UK,2016,18200,
A,EXP_PPS_EU27_2020_HAB,E011,UK,2017,18700,
A,EXP_PPS_EU27_2020_HAB,E011,UK,2018,19200,
A,EXP_PPS_EU27_2020_HAB,E011,UK,2019,19500,
A,EXP_PPS_EU27_2020_HAB,E011,UK,2020,16800,
A,EXP_PPS_EU27_2020_HAB,E011,UK,2021,18600,
A,EXP_PPS_EU27_2020_HAB,E011,UK,2022,21900,
A,EXP_PPS_EU27_2020_HAB,E011,UK,2023,23300,
A,EXP_PPS_EU27_2020_HAB,E011,UK,2024,23300,
A,EXP_PPS_EU27_2020_HAB,GDP,DE,1995,19900,
A,EXP_PPS_EU27_2020_HAB,GDP,DE,1996,20600,
A,EXP_PPS_EU27_2020_HAB,GDP,DE,1997,20800,
A,EXP_PPS_EU27_2020_HAB,GDP,DE,1998,21300,
A,EXP_PPS_EU27_2020_HAB,GDP,DE,1999,22300,
A,EXP_PPS_EU27_2020_HAB,GDP,DE,2000,23000,
A,EXP_PPS_EU27_2020_HAB,GDP,DE,2001,24000,
A,EXP_PPS_EU27_2020_HAB,GDP,DE,2002,24500,
A,EXP_PPS_EU27_2020_HAB,GDP,DE,2003,25200,
A,EXP_PPS_EU27_2020_HAB,GDP,DE,2004,26300,
A,EXP_PPS_EU27_2020_HAB,GDP,DE,2005,26800,
A,EXP_PPS_EU27_2020_HAB,GDP,DE,2006,28000,
A,EXP_PPS_EU27_2020_HAB,GDP,DE,2007,29600,
A,EXP_PPS_EU27_2020_HAB,GDP,DE,2008,30300,
A,EXP_PPS_EU27_2020_HAB,GDP,DE,2009,28900,
A,EXP_PPS_EU27_2020_HAB,GDP,DE,2010,30600,
A,EXP_PPS_EU27_2020_HAB,GDP,DE,2011,32300,
A,EXP_PPS_EU27_2020_HAB,GDP,DE,2012,32700,
A,EXP_PPS_EU27_2020_HAB,GDP,DE,2013,33100,
A,EXP_PPS_EU27_2020_HAB,GDP,DE,2014,34400,
A,EXP_PPS_EU27_2020_HAB,GDP,DE,2015,34900,
A,EXP_PPS_EU27_2020_HAB,GDP,DE,2016,35800,
A,EXP_PPS_EU27_2020_HAB,GDP,DE,2017,37200,
A,EXP_PPS_EU27_2020_HAB,GDP,DE,2018,38200,
A,EXP_PPS_EU27_2020_HAB,GDP,DE,2019,38500,
A,EXP_PPS_EU27_2020_HAB,GDP,DE,2020,37500,
A,EXP_PPS_EU27_2020_HAB,GDP,DE,2021,39900,
A,EXP_PPS_EU27_2020_HAB,GDP,DE,2022,42400,
A,EXP_PPS_EU27_2020_HAB,GDP,DE,2023,44200,
A,EXP_PPS_EU27_2020_HAB,GDP,DE,2024,45500,p
A,EXP_PPS_EU27_2020_HAB,GDP,EA19,1995,17200,
A,EXP_PPS_EU27_2020_HAB,GDP,EA19,1996,17900,
A,EXP_PPS_EU27_2020_HAB,GDP,EA19,1997,18400,
A,EXP_PPS_EU27_2020_HAB,GDP,EA19,1998,19200,
A,EXP_PPS_EU27_2020_HAB,GDP,EA19,1999,20000,
A,EXP_PPS_EU27_2020_HAB,GDP,EA19,2000,21100,
A,EXP_PPS_EU27_2020_HAB,GDP,EA19,2001,22100,
A,EXP_PPS_EU27_2020_HAB,GDP,EA19,2002,22700,
A,EXP_PPS_EU27_2020_HAB,GDP,EA19,2003,23100,
A,EXP_PPS_EU27_2020_HAB,GDP,EA19,2004,23900,
A,EXP_PPS_EU27_2020_HAB,GDP,EA19,2005,24800,
A,EXP_PPS_EU27_2020_HAB,GDP,EA19,2006,26100,
A,EXP_PPS_EU27_2020_HAB,GDP,EA19,2007,27400,
A,EXP_PPS_EU27_2020_HAB,GDP,EA19,2008,28000,
A,EXP_PPS_EU27_2020_HAB,GDP,EA19,2009,26600,
A,EXP_PPS_EU27_2020_HAB,GDP,EA19,2010,27400,
A,EXP_PPS_EU27_2020_HAB,GDP,EA19,2011,28100,
A,EXP_PPS_EU27_2020_HAB,GDP,EA19,2012,28100,
A,EXP_PPS_EU27_2020_HAB,GDP,EA19,2013,28400,
A,EXP_PPS_EU27_2020_HAB,GDP,EA19,2014,29000,
A,EXP_PPS_EU27_2020_HAB,GDP,EA19,2015,29900,
A,EXP_PPS_EU27_2020_HAB,GDP,EA19,2016,30600,
A,EXP_PPS_EU27_2020_HAB,GDP,EA19,2017,31700,
A,EXP_PPS_EU27_2020_HAB,GDP,EA19,2018,32600,
A,EXP_PPS_EU27_2020_HAB,GDP,EA19,2019,33500,
A,EXP_PPS_EU27_2020_HAB,GDP,EA19,2020,31900,
A,EXP_PPS_EU27_2020_HAB,GDP,EA19,2021,34700,
A,EXP_PPS_EU27_2020_HAB,GDP,EA19,2022,37700,
A,EXP_PPS_EU27_2020_HAB,GDP,EA19,2023,39900,
A,EXP_PPS_EU27_2020_HAB,GDP,EA19,2024,41400,
A,EXP_PPS_EU27_2020_HAB,GDP,EA20,1995,17000,
A,EXP_PPS_EU27_2020_HAB,GDP,EA20,1996,17800,
A,EXP_PPS_EU27_2020_HAB,GDP,EA20,1997,18200,
A,EXP_PPS_EU27_2020_HAB,GDP,EA20,1998,19000,
A,EXP_PPS_EU27_2020_HAB,GDP,EA20,1999,19800,
A,EXP_PPS_EU27_2020_HAB,GDP,EA20,2000,21000,
A,EXP_PPS_EU27_2020_HAB,GDP,EA20,2001,21900,
A,EXP_PPS_EU27_2020_HAB,GDP,EA20,2002,22500,
A,EXP_PPS_EU27_2020_HAB,GDP,EA20,2003,23000,
A,EXP_PPS_EU27_2020_HAB,GDP,EA20,2004,23800,
A,EXP_PPS_EU27_2020_HAB,GDP,EA20,2005,24700,
A,EXP_PPS_EU27_2020_HAB,GDP,EA20,2006,25900,
A,EXP_PPS_EU27_2020_HAB,GDP,EA20,2007,27300,
A,EXP_PPS_EU27_2020_HAB,GDP,EA20,2008,27800,
A,EXP_PPS_EU27_2020_HAB,GDP,EA20,2009,26400,
A,EXP_PPS_EU27_2020_HAB,GDP,EA20,2010,27200,
A,EXP_PPS_EU27_2020_HAB,GDP,EA20,2011,27900,
A,EXP_PPS_EU27_2020_HAB,GDP,EA20,2012,28000,
A,EXP_PPS_EU27_2020_HAB,GDP,EA20,2013,28200,
A,EXP_PPS_EU27_2020_HAB,GDP,EA20,2014,28800,
A,EXP_PPS_EU27_2020_HAB,GDP,EA20,2015,29700,
A,EXP_PPS_EU27_2020_HAB,GDP,EA20,2016,30400,
A,EXP_PPS_EU27_2020_HAB,GDP,EA20,2017,31500,
A,EXP_PPS_EU27_2020_HAB,GDP,EA20,2018,32400,
A,EXP_PPS_EU27_2020_HAB,GDP,EA20,2019,33400,
A,EXP_PPS_EU27_2020_HAB,GDP,EA20,2020,31800,
A,EXP_PPS_EU27_2020_HAB,GDP,EA20,2021,34600,
A,EXP_PPS_EU27_2020_HAB,GDP,EA20,2022,37600,
A,EXP_PPS_EU27_2020_HAB,GDP,EA20,2023,39800,
A,EXP_PPS_EU27_2020_HAB,GDP,EA20,2024,41300,
A,EXP_PPS_EU27_2020_HAB,GDP,ES,1995,13600,
A,EXP_PPS_EU27_2020_HAB,GDP,ES,1996,14400,
A,EXP_PPS_EU27_2020_HAB,GDP,ES,1997,15000,
A,EXP_PPS_EU27_2020_HAB,GDP,ES,1998,15900,
A,EXP_PPS_EU27_2020_HAB,GDP,ES,1999,16700,
A,EXP_PPS_EU27_2020_HAB,GDP,ES,2000,17900,
A,EXP_PPS_EU27_2020_HAB,GDP,ES,2001,19000,
A,EXP_PPS_EU27_2020_HAB,GDP,ES,2002,20000,
A,EXP_PPS_EU27_2020_HAB,GDP,ES,2003,20600,
A,EXP_PPS_EU27_2020_HAB,GDP,ES,2004,21400,
A,EXP_PPS_EU27_2020_HAB,GDP,ES,2005,22600,
A,EXP_PPS_EU27_2020_HAB,GDP,ES,2006,24500,
A,EXP_PPS_EU27_2020_HAB,GDP,ES,2007,25700,
A,EXP_PPS_EU27_2020_HAB,GDP,ES,2008,25900,
A,EXP_PPS_EU27_2020_HAB,GDP,ES,2009,24300,
A,EXP_PPS_EU27_2020_HAB,GDP,ES,2010,24100,
A,EXP_PPS_EU27_2020_HAB,GDP,ES,2011,23900,
A,EXP_PPS_EU27_2020_HAB,GDP,ES,2012,23500,
A,EXP_PPS_EU27_2020_HAB,GDP,ES,2013,23600,
A,EXP_PPS_EU27_2020_HAB,GDP,ES,2014,24200,
A,EXP_PPS_EU27_2020_HAB,GDP,ES,2015,25400,
A,EXP_PPS_EU27_2020_HAB,GDP,ES,2016,26100,
A,EXP_PPS_EU27_2020_HAB,GDP,ES,2017,27400,
A,EXP_PPS_EU27_2020_HAB,GDP,ES,2018,27900,
A,EXP_PPS_EU27_2020_HAB,GDP,ES,2019,28700,
A,EXP_PPS_EU27_2020_HAB,GDP,ES,2020,25100,
A,EXP_PPS_EU27_2020_HAB,GDP,ES,2021,28300,
A,EXP_PPS_EU27_2020_HAB,GDP,ES,2022,31600,
A,EXP_PPS_EU27_2020_HAB,GDP,ES,2023,34500,
A,EXP_PPS_EU27_2020_HAB,GDP,ES,2024,36300,p
A,EXP_PPS_EU27_2020_HAB,GDP,EU27_2020,1995,14900,
A,EXP_PPS_EU27_2020_HAB,GDP,EU27_2020,1996,15600,
A,EXP_PPS_EU27_2020_HAB,GDP,EU27_2020,1997,16000,
A,EXP_PPS_EU27_2020_HAB,GDP,EU27_2020,1998,16700,
A,EXP_PPS_EU27_2020_HAB,GDP,EU27_2020,1999,17400,
A,EXP_PPS_EU27_2020_HAB,GDP,EU27_2020,2000,18400,
A,EXP_PPS_EU27_2020_HAB,GDP,EU27_2020,2001,19300,
A,EXP_PPS_EU27_2020_HAB,GDP,EU27_2020,2002,19900,
A,EXP_PPS_EU27_2020_HAB,GDP,EU27_2020,2003,20400,
A,EXP_PPS_EU27_2020_HAB,GDP,EU27_2020,2004,21300,
A,EXP_PPS_EU27_2020_HAB,GDP,EU27_2020,2005,22100,
A,EXP_PPS_EU27_2020_HAB,GDP,EU27_2020,2006,23300,
A,EXP_PPS_EU27_2020_HAB,GDP,EU27_2020,2007,24700,
A,EXP_PPS_EU27_2020_HAB,GDP,EU27_2020,2008,25400,
A,EXP_PPS_EU27_2020_HAB,GDP,EU27_2020,2009,24200,
A,EXP_PPS_EU27_2020_HAB,GDP,EU27_2020,2010,25100,
A,EXP_PPS_EU27_2020_HAB,GDP,EU27_2020,2011,25900,
A,EXP_PPS_EU27_2020_HAB,GDP,EU27_2020,2012,26000,
A,EXP_PPS_EU27_2020_HAB,GDP,EU27_2020,2013,26200,
A,EXP_PPS_EU27_2020_HAB,GDP,EU27_2020,2014,26800,
A,EXP_PPS_EU27_2020_HAB,GDP,EU27_2020,2015,27800,
A,EXP_PPS_EU27_2020_HAB,GDP,EU27_2020,2016,28500,
A,EXP_PPS_EU27_2020_HAB,GDP,EU27_2020,2017,29600,
A,EXP_PPS_EU27_2020_HAB,GDP,EU27_2020,2018,30600,
A,EXP_PPS_EU27_2020_HAB,GDP,EU27_2020,2019,31600,
A,EXP_PPS_EU27_2020_HAB,GDP,EU27_2020,2020,30400,
A,EXP_PPS_EU27_2020_HAB,GDP,EU27_2020,2021,33200,
A,EXP_PPS_EU27_2020_HAB,GDP,EU27_2020,2022,36000,
A,EXP_PPS_EU27_2020_HAB,GDP,EU27_2020,2023,38100,
A,EXP_PPS_EU27_2020_HAB,GDP,EU27_2020,2024,39700,
A,EXP_PPS_EU27_2020_HAB,GDP,EU28,1995,15200,
A,EXP_PPS_EU27_2020_HAB,GDP,EU28,1996,16000,
A,EXP_PPS_EU27_2020_HAB,GDP,EU28,1997,16400,
A,EXP_PPS_EU27_2020_HAB,GDP,EU28,1998,17000,
A,EXP_PPS_EU27_2020_HAB,GDP,EU28,1999,17800,
A,EXP_PPS_EU27_2020_HAB,GDP,EU28,2000,18900,
A,EXP_PPS_EU27_2020_HAB,GDP,EU28,2001,19700,
A,EXP_PPS_EU27_2020_HAB,GDP,EU28,2002,20400,
A,EXP_PPS_EU27_2020_HAB,GDP,EU28,2003,20900,
A,EXP_PPS_EU27_2020_HAB,GDP,EU28,2004,21900,
A,EXP_PPS_EU27_2020_HAB,GDP,EU28,2005,22700,
A,EXP_PPS_EU27_2020_HAB,GDP,EU28,2006,23900,
A,EXP_PPS_EU27_2020_HAB,GDP,EU28,2007,25100,
A,EXP_PPS_EU27_2020_HAB,GDP,EU28,2008,25800,
A,EXP_PPS_EU27_2020_HAB,GDP,EU28,2009,24500,
A,EXP_PPS_EU27_2020_HAB,GDP,EU28,2010,25400,
A,EXP_PPS_EU27_2020_HAB,GDP,EU28,2011,26100,
A,EXP_PPS_EU27_2020_HAB,GDP,EU28,2012,26300,
A,EXP_PPS_EU27_2020_HAB,GDP,EU28,2013,26600,
A,EXP_PPS_EU27_2020_HAB,GDP,EU28,2014,27200,
A,EXP_PPS_EU27_2020_HAB,GDP,EU28,2015,28100,
A,EXP_PPS_EU27_2020_HAB,GDP,EU28,2016,28700,
A,EXP_PPS_EU27_2020_HAB,GDP,EU28,2017,29900,
A,EXP_PPS_EU27_2020_HAB,GDP,EU28,2018,30800,
A,EXP_PPS_EU27_2020_HAB,GDP,EU28,2019,31700,
A,EXP_PPS_EU27_2020_HAB,GDP,EU28,2020,30500,
A,EXP_PPS_EU27_2020_HAB,GDP,FI,1995,16400,
A,EXP_PPS_EU27_2020_HAB,GDP,FI,1996,17000,
A,EXP_PPS_EU27_2020_HAB,GDP,FI,1997,18200,
A,EXP_PPS_EU27_2020_HAB,GDP,FI,1998,19600,
A,EXP_PPS_EU27_2020_HAB,GDP,FI,1999,20700,
A,EXP_PPS_EU27_2020_HAB,GDP,FI,2000,22200,
A,EXP_PPS_EU27_2020_HAB,GDP,FI,2001,23000,
A,EXP_PPS_EU27_2020_HAB,GDP,FI,2002,23400,
A,EXP_PPS_EU27_2020_HAB,GDP,FI,2003,23900,
A,EXP_PPS_EU27_2020_HAB,GDP,FI,2004,25500,
A,EXP_PPS_EU27_2020_HAB,GDP,FI,2005,26300,
A,EXP_PPS_EU27_2020_HAB,GDP,FI,2006,27400,
A,EXP_PPS_EU27_2020_HAB,GDP,FI,2007,29900,
A,EXP_PPS_EU27_2020_HAB,GDP,FI,2008,31100,
A,EXP_PPS_EU27_2020_HAB,GDP,FI,2009,28700,
A,EXP_PPS_EU27_2020_HAB,GDP,FI,2010,29500,
A,EXP_PPS_EU27_2020_HAB,GDP,FI,2011,30400,
A,EXP_PPS_EU27_2020_HAB,GDP,FI,2012,30100,
A,EXP_PPS_EU27_2020_HAB,GDP,FI,2013,29800,
A,EXP_PPS_EU27_2020_HAB,GDP,FI,2014,29800,
A,EXP_PPS_EU27_2020_HAB,GDP,FI,2015,30400,
A,EXP_PPS_EU27_2020_HAB,GDP,FI,2016,31000,
A,EXP_PPS_EU27_2020_HAB,GDP,FI,2017,32400,
A,EXP_PPS_EU27_2020_HAB,GDP,FI,2018,33400,
A,EXP_PPS_EU27_2020_HAB,GDP,FI,2019,34000,
A,EXP_PPS_EU27_2020_HAB,GDP,FI,2020,34000,
A,EXP_PPS_EU27_2020_HAB,GDP,FI,2021,36200,
A,EXP_PPS_EU27_2020_HAB,GDP,FI,2022,38400,
A,EXP_PPS_EU27_2020_HAB,GDP,FI,2023,40000,
A,EXP_PPS_EU27_2020_HAB,GDP,FI,2024,40900,
A,EXP_PPS_EU27_2020_HAB,GDP,FR,1995,17400,
A,EXP_PPS_EU27_2020_HAB,GDP,FR,1996,18100,
A,EXP_PPS_EU27_2020_HAB,GDP,FR,1997,18600,
A,EXP_PPS_EU27_2020_HAB,GDP,FR,1998,19400,
A,EXP_PPS_EU27_2020_HAB,GDP,FR,1999,20300,
A,EXP_PPS_EU27_2020_HAB,GDP,FR,2000,21700,
A,EXP_PPS_EU27_2020_HAB,GDP,FR,2001,22700,
A,EXP_PPS_EU27_2020_HAB,GDP,FR,2002,23300,
A,EXP_PPS_EU27_2020_HAB,GDP,FR,2003,23100,
A,EXP_PPS_EU27_2020_HAB,GDP,FR,2004,23700,
A,EXP_PPS_EU27_2020_HAB,GDP,FR,2005,25000,
A,EXP_PPS_EU27_2020_HAB,GDP,FR,2006,25900,
A,EXP_PPS_EU27_2020_HAB,GDP,FR,2007,27000,
A,EXP_PPS_EU27_2020_HAB,GDP,FR,2008,27300,
A,EXP_PPS_EU27_2020_HAB,GDP,FR,2009,26300,
A,EXP_PPS_EU27_2020_HAB,GDP,FR,2010,27300,
A,EXP_PPS_EU27_2020_HAB,GDP,FR,2011,28100,
A,EXP_PPS_EU27_2020_HAB,GDP,FR,2012,27900,
A,EXP_PPS_EU27_2020_HAB,GDP,FR,2013,28700,
A,EXP_PPS_EU27_2020_HAB,GDP,FR,2014,29000,
A,EXP_PPS_EU27_2020_HAB,GDP,FR,2015,29500,
A,EXP_PPS_EU27_2020_HAB,GDP,FR,2016,29900,
A,EXP_PPS_EU27_2020_HAB,GDP,FR,2017,30600,
A,EXP_PPS_EU27_2020_HAB,GDP,FR,2018,31500,
A,EXP_PPS_EU27_2020_HAB,GDP,FR,2019,33200,
A,EXP_PPS_EU27_2020_HAB,GDP,FR,2020,31600,
A,EXP_PPS_EU27_2020_HAB,GDP,FR,2021,33400,
A,EXP_PPS_EU27_2020_HAB,GDP,FR,2022,35100,
A,EXP_PPS_EU27_2020_HAB,GDP,FR,2023,37800,
A,EXP_PPS_EU27_2020_HAB,GDP,FR,2024,39100,p
A,EXP_PPS_EU27_2020_HAB,GDP,IT,1995,18800,
A,EXP_PPS_EU27_2020_HAB,GDP,IT,1996,19600,
A,EXP_PPS_EU27_2020_HAB,GDP,IT,1997,20000,
A,EXP_PPS_EU27_2020_HAB,GDP,IT,1998,20900,
A,EXP_PPS_EU27_2020_HAB,GDP,IT,1999,21400,
A,EXP_PPS_EU27_2020_HAB,GDP,IT,2000,22600,
A,EXP_PPS_EU27_2020_HAB,GDP,IT,2001,23300,
A,EXP_PPS_EU27_2020_HAB,GDP,IT,2002,23600,
A,EXP_PPS_EU27_2020_HAB,GDP,IT,2003,24000,
A,EXP_PPS_EU27_2020_HAB,GDP,IT,2004,24200,
A,EXP_PPS_EU27_2020_HAB,GDP,IT,2005,24700,
A,EXP_PPS_EU27_2020_HAB,GDP,IT,2006,25800,
A,EXP_PPS_EU27_2020_HAB,GDP,IT,2007,26900,
A,EXP_PPS_EU27_2020_HAB,GDP,IT,2008,27500,
A,EXP_PPS_EU27_2020_HAB,GDP,IT,2009,26000,
A,EXP_PPS_EU27_2020_HAB,GDP,IT,2010,26500,
A,EXP_PPS_EU27_2020_HAB,GDP,IT,2011,27100,
A,EXP_PPS_EU27_2020_HAB,GDP,IT,2012,26800,
A,EXP_PPS_EU27_2020_HAB,GDP,IT,2013,26300,
A,EXP_PPS_EU27_2020_HAB,GDP,IT,2014,26300,
A,EXP_PPS_EU27_2020_HAB,GDP,IT,2015,26900,
A,EXP_PPS_EU27_2020_HAB,GDP,IT,2016,28100,
A,EXP_PPS_EU27_2020_HAB,GDP,IT,2017,28900,
A,EXP_PPS_EU27_2020_HAB,GDP,IT,2018,29600,
A,EXP_PPS_EU27_2020_HAB,GDP,IT,2019,30300,
A,EXP_PPS_EU27_2020_HAB,GDP,IT,2020,28400,
A,EXP_PPS_EU27_2020_HAB,GDP,IT,2021,31800,
A,EXP_PPS_EU27_2020_HAB,GDP,IT,2022,35300,
A,EXP_PPS_EU27_2020_HAB,GDP,IT,2023,37600,
A,EXP_PPS_EU27_2020_HAB,GDP,IT,2024,38900,
A,EXP_PPS_EU27_2020_HAB,GDP,NL,1995,19700,
A,EXP_PPS_EU27_2020_HAB,GDP,NL,1996,20800,
A,EXP_PPS_EU27_2020_HAB,GDP,NL,1997,21800,
A,EXP_PPS_EU27_2020_HAB,GDP,NL,1998,23100,
A,EXP_PPS_EU27_2020_HAB,GDP,NL,1999,24500,
A,EXP_PPS_EU27_2020_HAB,GDP,NL,2000,26500,
A,EXP_PPS_EU27_2020_HAB,GDP,NL,2001,27500,
A,EXP_PPS_EU27_2020_HAB,GDP,NL,2002,28300,
A,EXP_PPS_EU27_2020_HAB,GDP,NL,2003,28200,
A,EXP_PPS_EU27_2020_HAB,GDP,NL,2004,29400,
A,EXP_PPS_EU27_2020_HAB,GDP,NL,2005,30900,
A,EXP_PPS_EU27_2020_HAB,GDP,NL,2006,32800,
A,EXP_PPS_EU27_2020_HAB,GDP,NL,2007,34900,
A,EXP_PPS_EU27_2020_HAB,GDP,NL,2008,36300,
A,EXP_PPS_EU27_2020_HAB,GDP,NL,2009,33900,
A,EXP_PPS_EU27_2020_HAB,GDP,NL,2010,34300,
A,EXP_PPS_EU27_2020_HAB,GDP,NL,2011,35000,
A,EXP_PPS_EU27_2020_HAB,GDP,NL,2012,35200,
A,EXP_PPS_EU27_2020_HAB,GDP,NL,2013,35800,
A,EXP_PPS_EU27_2020_HAB,GDP,NL,2014,35700,
A,EXP_PPS_EU27_2020_HAB,GDP,NL,2015,36600,
A,EXP_PPS_EU27_2020_HAB,GDP,NL,2016,36900,
A,EXP_PPS_EU27_2020_HAB,GDP,NL,2017,38500,
A,EXP_PPS_EU27_2020_HAB,GDP,NL,2018,39900,
A,EXP_PPS_EU27_2020_HAB,GDP,NL,2019,40500,
A,EXP_PPS_EU27_2020_HAB,GDP,NL,2020,40000,
A,EXP_PPS_EU27_2020_HAB,GDP,NL,2021,43700,
A,EXP_PPS_EU27_2020_HAB,GDP,NL,2022,48400,
A,EXP_PPS_EU27_2020_HAB,GDP,NL,2023,50800,
A,EXP_PPS_EU27_2020_HAB,GDP,NL,2024,53800,
A,EXP_PPS_EU27_2020_HAB,GDP,PL,1995,6500,
A,EXP_PPS_EU27_2020_HAB,GDP,PL,1996,7100,
A,EXP_PPS_EU27_2020_HAB,GDP,PL,1997,7600,
A,EXP_PPS_EU27_2020_HAB,GDP,PL,1998,8000,
A,EXP_PPS_EU27_2020_HAB,GDP,PL,1999,8500,
A,EXP_PPS_EU27_2020_HAB,GDP,PL,2000,8900,
A,EXP_PPS_EU27_2020_HAB,GDP,PL,2001,9300,
A,EXP_PPS_EU27_2020_HAB,GDP,PL,2002,9700,
A,EXP_PPS_EU27_2020_HAB,GDP,PL,2003,10100,
A,EXP_PPS_EU27_2020_HAB,GDP,PL,2004,11000,
A,EXP_PPS_EU27_2020_HAB,GDP,PL,2005,11400,
A,EXP_PPS_EU27_2020_HAB,GDP,PL,2006,12100,
A,EXP_PPS_EU27_2020_HAB,GDP,PL,2007,13300,
A,EXP_PPS_EU27_2020_HAB,GDP,PL,2008,14300,
A,EXP_PPS_EU27_2020_HAB,GDP,PL,2009,14600,
A,EXP_PPS_EU27_2020_HAB,GDP,PL,2010,15900,
A,EXP_PPS_EU27_2020_HAB,GDP,PL,2011,17000,
A,EXP_PPS_EU27_2020_HAB,GDP,PL,2012,17500,
A,EXP_PPS_EU27_2020_HAB,GDP,PL,2013,17600,
A,EXP_PPS_EU27_2020_HAB,GDP,PL,2014,18300,
A,EXP_PPS_EU27_2020_HAB,GDP,PL,2015,19400,
A,EXP_PPS_EU27_2020_HAB,GDP,PL,2016,19700,
A,EXP_PPS_EU27_2020_HAB,GDP,PL,2017,20700,
A,EXP_PPS_EU27_2020_HAB,GDP,PL,2018,21900,
A,EXP_PPS_EU27_2020_HAB,GDP,PL,2019,23300,
A,EXP_PPS_EU27_2020_HAB,GDP,PL,2020,23900,
A,EXP_PPS_EU27_2020_HAB,GDP,PL,2021,26200,
A,EXP_PPS_EU27_2020_HAB,GDP,PL,2022,28100,
A,EXP_PPS_EU27_2020_HAB,GDP,PL,2023,29600,
A,EXP_PPS_EU27_2020_HAB,GDP,PL,2024,31400,
A,EXP_PPS_EU27_2020_HAB,GDP,PT,1995,12100,
A,EXP_PPS_EU27_2020_HAB,GDP,PT,1996,12600,
A,EXP_PPS_EU27_2020_HAB,GDP,PT,1997,13200,
A,EXP_PPS_EU27_2020_HAB,GDP,PT,1998,13900,
A,EXP_PPS_EU27_2020_HAB,GDP,PT,1999,14800,
A,EXP_PPS_EU27_2020_HAB,GDP,PT,2000,15700,
A,EXP_PPS_EU27_2020_HAB,GDP,PT,2001,16200,
A,EXP_PPS_EU27_2020_HAB,GDP,PT,2002,16700,
A,EXP_PPS_EU27_2020_HAB,GDP,PT,2003,17100,
A,EXP_PPS_EU27_2020_HAB,GDP,PT,2004,17500,
A,EXP_PPS_EU27_2020_HAB,GDP,PT,2005,18600,
A,EXP_PPS_EU27_2020_HAB,GDP,PT,2006,19600,
A,EXP_PPS_EU27_2020_HAB,GDP,PT,2007,20300,
A,EXP_PPS_EU27_2020_HAB,GDP,PT,2008,20700,
A,EXP_PPS_EU27_2020_HAB,GDP,PT,2009,20000,
A,EXP_PPS_EU27_2020_HAB,GDP,PT,2010,20700,
A,EXP_PPS_EU27_2020_HAB,GDP,PT,2011,19900,
A,EXP_PPS_EU27_2020_HAB,GDP,PT,2012,19500,
A,EXP_PPS_EU27_2020_HAB,GDP,PT,2013,20200,
A,EXP_PPS_EU27_2020_HAB,GDP,PT,2014,20600,
A,EXP_PPS_EU27_2020_HAB,GDP,PT,2015,21200,
A,EXP_PPS_EU27_2020_HAB,GDP,PT,2016,21900,
A,EXP_PPS_EU27_2020_HAB,GDP,PT,2017,22600,
A,EXP_PPS_EU27_2020_HAB,GDP,PT,2018,23500,
A,EXP_PPS_EU27_2020_HAB,GDP,PT,2019,24500,
A,EXP_PPS_EU27_2020_HAB,GDP,PT,2020,22800,
A,EXP_PPS_EU27_2020_HAB,GDP,PT,2021,24500,
A,EXP_PPS_EU27_2020_HAB,GDP,PT,2022,27800,
A,EXP_PPS_EU27_2020_HAB,GDP,PT,2023,30800,
A,EXP_PPS_EU27_2020_HAB,GDP,PT,2024,32400,e
A,EXP_PPS_EU27_2020_HAB,GDP,SE,1995,19300,
A,EXP_PPS_EU27_2020_HAB,GDP,SE,1996,20300,
A,EXP_PPS_EU27_2020_HAB,GDP,SE,1997,20800,
A,EXP_PPS_EU27_2020_HAB,GDP,SE,1998,21500,
A,EXP_PPS_EU27_2020_HAB,GDP,SE,1999,23000,
A,EXP_PPS_EU27_2020_HAB,GDP,SE,2000,24600,
A,EXP_PPS_EU27_2020_HAB,GDP,SE,2001,24800,
A,EXP_PPS_EU27_2020_HAB,GDP,SE,2002,25400,
A,EXP_PPS_EU27_2020_HAB,GDP,SE,2003,26100,
A,EXP_PPS_EU27_2020_HAB,GDP,SE,2004,27600,
A,EXP_PPS_EU27_2020_HAB,GDP,SE,2005,28000,
A,EXP_PPS_EU27_2020_HAB,GDP,SE,2006,29900,
A,EXP_PPS_EU27_2020_HAB,GDP,SE,2007,32200,
A,EXP_PPS_EU27_2020_HAB,GDP,SE,2008,32500,
A,EXP_PPS_EU27_2020_HAB,GDP,SE,2009,30300,
A,EXP_PPS_EU27_2020_HAB,GDP,SE,2010,31800,
A,EXP_PPS_EU27_2020_HAB,GDP,SE,2011,33000,
A,EXP_PPS_EU27_2020_HAB,GDP,SE,2012,33400,
A,EXP_PPS_EU27_2020_HAB,GDP,SE,2013,33300,
A,EXP_PPS_EU27_2020_HAB,GDP,SE,2014,33600,
A,EXP_PPS_EU27_2020_HAB,GDP,SE,2015,35100,
A,EXP_PPS_EU27_2020_HAB,GDP,SE,2016,34900,
A,EXP_PPS_EU27_2020_HAB,GDP,SE,2017,35300,
A,EXP_PPS_EU27_2020_HAB,GDP,SE,2018,35900,
A,EXP_PPS_EU27_2020_HAB,GDP,SE,2019,37000,
A,EXP_PPS_EU27_2020_HAB,GDP,SE,2020,36700,
A,EXP_PPS_EU27_2020_HAB,GDP,SE,2021,39700,
A,EXP_PPS_EU27_2020_HAB,GDP,SE,2022,41100,
A,EXP_PPS_EU27_2020_HAB,GDP,SE,2023,42900,
A,EXP_PPS_EU27_2020_HAB,GDP,SE,2024,44700,
A,EXP_PPS_EU27_2020_HAB,GDP,UK,1995,17200,
A,EXP_PPS_EU27_2020_HAB,GDP,UK,1996,18600,
A,EXP_PPS_EU27_2020_HAB,GDP,UK,1997,19300,
A,EXP_PPS_EU27_2020_HAB,GDP,UK,1998,19700,
A,EXP_PPS_EU27_2020_HAB,GDP,UK,1999,20500,
A,EXP_PPS_EU27_2020_HAB,GDP,UK,2000,22000,
A,EXP_PPS_EU27_2020_HAB,GDP,UK,2001,23100,
A,EXP_PPS_EU27_2020_HAB,GDP,UK,2002,23900,
A,EXP_PPS_EU27_2020_HAB,GDP,UK,2003,24900,
A,EXP_PPS_EU27_2020_HAB,GDP,UK,2004,26200,
A,EXP_PPS_EU27_2020_HAB,GDP,UK,2005,26800,
A,EXP_PPS_EU27_2020_HAB,GDP,UK,2006,27600,
A,EXP_PPS_EU27_2020_HAB,GDP,UK,2007,28000,
A,EXP_PPS_EU27_2020_HAB,GDP,UK,2008,28500,
A,EXP_PPS_EU27_2020_HAB,GDP,UK,2009,26500,
A,EXP_PPS_EU27_2020_HAB,GDP,UK,2010,27600,
A,EXP_PPS_EU27_2020_HAB,GDP,UK,2011,27700,
A,EXP_PPS_EU27_2020_HAB,GDP,UK,2012,28300,
A,EXP_PPS_EU27_2020_HAB,GDP,UK,2013,28800,
A,EXP_PPS_EU27_2020_HAB,GDP,UK,2014,29600,
A,EXP_PPS_EU27_2020_HAB,GDP,UK,2015,30600,
A,EXP_PPS_EU27_2020_HAB,GDP,UK,2016,30600,
A,EXP_PPS_EU27_2020_HAB,GDP,UK,2017,31700,
A,EXP_PPS_EU27_2020_HAB,GDP,UK,2018,32000,
A,EXP_PPS_EU27_2020_HAB,GDP,UK,2019,32600,
A,EXP_PPS_EU27_2020_HAB,GDP,UK,2020,30800,
A,EXP_PPS_EU27_2020_HAB,GDP,UK,2021,32500,
A,EXP_PPS_EU27_2020_HAB,GDP,UK,2022,36700,
A,EXP_PPS_EU27_2020_HAB,GDP,UK,2023,37600,
A,EXP_PPS_EU27_2020_HAB,GDP,UK,2024,38700,
A,PLI_EU27_2020,A01,DE,1995,118.8,
A,PLI_EU27_2020,A01,DE,1996,114.3,
A,PLI_EU27_2020,A01,DE,1997,112.9,
A,PLI_EU27_2020,A01,DE,1998,113.2,
A,PLI_EU27_2020,A01,DE,1999,112.0,
A,PLI_EU27_2020,A01,DE,2000,111.9,
A,PLI_EU27_2020,A01,DE,2001,111.5,
A,PLI_EU27_2020,A01,DE,2002,111.2,
A,PLI_EU27_2020,A01,DE,2003,108.6,
A,PLI_EU27_2020,A01,DE,2004,107.1,
A,PLI_EU27_2020,A01,DE,2005,106.4,
A,PLI_EU27_2020,A01,DE,2006,106.1,
A,PLI_EU27_2020,A01,DE,2007,105.1,
A,PLI_EU27_2020,A01,DE,2008,104.7,
A,PLI_EU27_2020,A01,DE,2009,105.9,
A,PLI_EU27_2020,A01,DE,2010,105.1,
A,PLI_EU27_2020,A01,DE,2011,104.2,
A,PLI_EU27_2020,A01,DE,2012,104.5,
A,PLI_EU27_2020,A01,DE,2013,105.5,
A,PLI_EU27_2020,A01,DE,2014,105.7,
A,PLI_EU27_2020,A01,DE,2015,106.8,
A,PLI_EU27_2020,A01,DE,2016,106.5,
A,PLI_EU27_2020,A01,DE,2017,106.4,
A,PLI_EU27_2020,A01,DE,2018,106.2,
A,PLI_EU27_2020,A01,DE,2019,107.6,
A,PLI_EU27_2020,A01,DE,2020,108.0,
A,PLI_EU27_2020,A01,DE,2021,108.2,
A,PLI_EU27_2020,A01,DE,2022,108.9,
A,PLI_EU27_2020,A01,DE,2023,109.0,
A,PLI_EU27_2020,A01,DE,2024,109.1,
A,PLI_EU27_2020,A01,EA19,1995,105.8,
A,PLI_EU27_2020,A01,EA19,1996,105.7,
A,PLI_EU27_2020,A01,EA19,1997,105.2,
A,PLI_EU27_2020,A01,EA19,1998,105.0,
A,PLI_EU27_2020,A01,EA19,1999,105.1,
A,PLI_EU27_2020,A01,EA19,2000,104.4,
A,PLI_EU27_2020,A01,EA19,2001,104.4,
A,PLI_EU27_2020,A01,EA19,2002,104.4,
A,PLI_EU27_2020,A01,EA19,2003,105.0,
A,PLI_EU27_2020,A01,EA19,2004,105.2,
A,PLI_EU27_2020,A01,EA19,2005,104.4,
A,PLI_EU27_2020,A01,EA19,2006,104.3,
A,PLI_EU27_2020,A01,EA19,2007,104.5,
A,PLI_EU27_2020,A01,EA19,2008,104.4,
A,PLI_EU27_2020,A01,EA19,2009,105.7,
A,PLI_EU27_2020,A01,EA19,2010,105.4,
A,PLI_EU27_2020,A01,EA19,2011,105.4,
A,PLI_EU27_2020,A01,EA19,2012,105.6,
A,PLI_EU27_2020,A01,EA19,2013,105.3,
A,PLI_EU27_2020,A01,EA19,2014,105.6,
A,PLI_EU27_2020,A01,EA19,2015,105.8,
A,PLI_EU27_2020,A01,EA19,2016,105.9,
A,PLI_EU27_2020,A01,EA19,2017,105.8,
A,PLI_EU27_2020,A01,EA19,2018,106.0,
A,PLI_EU27_2020,A01,EA19,2019,106.2,
A,PLI_EU27_2020,A01,EA19,2020,106.6,
A,PLI_EU27_2020,A01,EA19,2021,106.3,
A,PLI_EU27_2020,A01,EA19,2022,105.9,
A,PLI_EU27_2020,A01,EA19,2023,105.3,
A,PLI_EU27_2020,A01,EA19,2024,105.0,
A,PLI_EU27_2020,A01,EA20,1995,105.5,
A,PLI_EU27_2020,A01,EA20,1996,105.4,
A,PLI_EU27_2020,A01,EA20,1997,104.8,
A,PLI_EU27_2020,A01,EA20,1998,104.7,
A,PLI_EU27_2020,A01,EA20,1999,104.9,
A,PLI_EU27_2020,A01,EA20,2000,104.2,
A,PLI_EU27_2020,A01,EA20,2001,104.1,
A,PLI_EU27_2020,A01,EA20,2002,104.2,
A,PLI_EU27_2020,A01,EA20,2003,104.7,
A,PLI_EU27_2020,A01,EA20,2004,105.0,
A,PLI_EU27_2020,A01,EA20,2005,104.2,
A,PLI_EU27_2020,A01,EA20,2006,104.1,
A,PLI_EU27_2020,A01,EA20,2007,104.2,
A,PLI_EU27_2020,A01,EA20,2008,104.1,
A,PLI_EU27_2020,A01,EA20,2009,105.4,
A,PLI_EU27_2020,A01,EA20,2010,105.1,
A,PLI_EU27_2020,A01,EA20,2011,105.1,
A,PLI_EU27_2020,A01,EA20,2012,105.3,
A,PLI_EU27_2020,A01,EA20,2013,105.1,
A,PLI_EU27_2020,A01,EA20,2014,105.3,
A,PLI_EU27_2020,A01,EA20,2015,105.5,
A,PLI_EU27_2020,A01,EA20,2016,105.6,
A,PLI_EU27_2020,A01,EA20,2017,105.5,
A,PLI_EU27_2020,A01,EA20,2018,105.7,
A,PLI_EU27_2020,A01,EA20,2019,105.9,
A,PLI_EU27_2020,A01,EA20,2020,106.3,
A,PLI_EU27_2020,A01,EA20,2021,105.9,
A,PLI_EU27_2020,A01,EA20,2022,105.6,
A,PLI_EU27_2020,A01,EA20,2023,105.0,
A,PLI_EU27_2020,A01,EA20,2024,104.7,
A,PLI_EU27_2020,A01,ES,1995,88.9,
A,PLI_EU27_2020,A01,ES,1996,90.6,
A,PLI_EU27_2020,A01,ES,1997,88.6,
A,PLI_EU27_2020,A01,ES,1998,88.5,
A,PLI_EU27_2020,A01,ES,1999,90.5,
A,PLI_EU27_2020,A01,ES,2000,90.1,
A,PLI_EU27_2020,A01,ES,2001,90.2,
A,PLI_EU27_2020,A01,ES,2002,89.5,
A,PLI_EU27_2020,A01,ES,2003,91.5,
A,PLI_EU27_2020,A01,ES,2004,93.1,
A,PLI_EU27_2020,A01,ES,2005,93.4,
A,PLI_EU27_2020,A01,ES,2006,93.5,
A,PLI_EU27_2020,A01,ES,2007,96.3,
A,PLI_EU27_2020,A01,ES,2008,97.1,
A,PLI_EU27_2020,A01,ES,2009,98.7,
A,PLI_EU27_2020,A01,ES,2010,100.6,
A,PLI_EU27_2020,A01,ES,2011,100.4,
A,PLI_EU27_2020,A01,ES,2012,99.0,
A,PLI_EU27_2020,A01,ES,2013,97.8,
A,PLI_EU27_2020,A01,ES,2014,96.5,
A,PLI_EU27_2020,A01,ES,2015,95.7,
A,PLI_EU27_2020,A01,ES,2016,96.2,
A,PLI_EU27_2020,A01,ES,2017,95.5,
A,PLI_EU27_2020,A01,ES,2018,96.8,
A,PLI_EU27_2020,A01,ES,2019,96.4,
A,PLI_EU27_2020,A01,ES,2020,99.0,
A,PLI_EU27_2020,A01,ES,2021,95.3,
A,PLI_EU27_2020,A01,ES,2022,93.4,
A,PLI_EU27_2020,A01,ES,2023,91.1,
A,PLI_EU27_2020,A01,ES,2024,90.7,
A,PLI_EU27_2020,A01,EU27_2020,1995,100.0,
A,PLI_EU27_2020,A01,EU27_2020,1996,100.0,
A,PLI_EU27_2020,A01,EU27_2020,1997,100.0,
A,PLI_EU27_2020,A01,EU27_2020,1998,100.0,
A,PLI_EU27_2020,A01,EU27_2020,1999,100.0,
A,PLI_EU27_2020,A01,EU27_2020,2000,100.0,
A,PLI_EU27_2020,A01,EU27_2020,2001,100.0,
A,PLI_EU27_2020,A01,EU27_2020,2002,100.0,
A,PLI_EU27_2020,A01,EU27_2020,2003,100.0,
A,PLI_EU27_2020,A01,EU27_2020,2004,100.0,
A,PLI_EU27_2020,A01,EU27_2020,2005,100.0,
A,PLI_EU27_2020,A01,EU27_2020,2006,100.0,
A,PLI_EU27_2020,A01,EU27_2020,2007,100.0,
A,PLI_EU27_2020,A01,EU27_2020,2008,100.0,
A,PLI_EU27_2020,A01,EU27_2020,2009,100.0,
A,PLI_EU27_2020,A01,EU27_2020,2010,100.0,
A,PLI_EU27_2020,A01,EU27_2020,2011,100.0,
A,PLI_EU27_2020,A01,EU27_2020,2012,100.0,
A,PLI_EU27_2020,A01,EU27_2020,2013,100.0,
A,PLI_EU27_2020,A01,EU27_2020,2014,100.0,
A,PLI_EU27_2020,A01,EU27_2020,2015,100.0,
A,PLI_EU27_2020,A01,EU27_2020,2016,100.0,
A,PLI_EU27_2020,A01,EU27_2020,2017,100.0,
A,PLI_EU27_2020,A01,EU27_2020,2018,100.0,
A,PLI_EU27_2020,A01,EU27_2020,2019,100.0,
A,PLI_EU27_2020,A01,EU27_2020,2020,100.0,
A,PLI_EU27_2020,A01,EU27_2020,2021,100.0,
A,PLI_EU27_2020,A01,EU27_2020,2022,100.0,
A,PLI_EU27_2020,A01,EU27_2020,2023,100.0,
A,PLI_EU27_2020,A01,EU27_2020,2024,100.0,
A,PLI_EU27_2020,A01,EU28,1995,101.2,
A,PLI_EU27_2020,A01,EU28,1996,101.3,
A,PLI_EU27_2020,A01,EU28,1997,104.4,
A,PLI_EU27_2020,A01,EU28,1998,105.3,
A,PLI_EU27_2020,A01,EU28,1999,105.8,
A,PLI_EU27_2020,A01,EU28,2000,107.0,
A,PLI_EU27_2020,A01,EU28,2001,106.2,
A,PLI_EU27_2020,A01,EU28,2002,106.2,
A,PLI_EU27_2020,A01,EU28,2003,104.3,
A,PLI_EU27_2020,A01,EU28,2004,104.4,
A,PLI_EU27_2020,A01,EU28,2005,104.8,
A,PLI_EU27_2020,A01,EU28,2006,104.9,
A,PLI_EU27_2020,A01,EU28,2007,105.1,
A,PLI_EU27_2020,A01,EU28,2008,102.5,
A,PLI_EU27_2020,A01,EU28,2009,101.3,
A,PLI_EU27_2020,A01,EU28,2010,101.9,
A,PLI_EU27_2020,A01,EU28,2011,101.9,
A,PLI_EU27_2020,A01,EU28,2012,103.3,
A,PLI_EU27_2020,A01,EU28,2013,103.0,
A,PLI_EU27_2020,A01,EU28,2014,104.2,
A,PLI_EU27_2020,A01,EU28,2015,106.3,
A,PLI_EU27_2020,A01,EU28,2016,104.3,
A,PLI_EU27_2020,A01,EU28,2017,103.1,
A,PLI_EU27_2020,A01,EU28,2018,103.2,
A,PLI_EU27_2020,A01,EU28,2019,103.6,
A,PLI_EU27_2020,A01,EU28,2020,103.1,
A,PLI_EU27_2020,A01,FI,1995,132.2,
A,PLI_EU27_2020,A01,FI,1996,127.9,
A,PLI_EU27_2020,A01,FI,1997,127.5,
A,PLI_EU27_2020,A01,FI,1998,126.3,
A,PLI_EU27_2020,A01,FI,1999,126.4,
A,PLI_EU27_2020,A01,FI,2000,126.0,
A,PLI_EU27_2020,A01,FI,2001,129.5,
A,PLI_EU27_2020,A01,FI,2002,129.9,
A,PLI_EU27_2020,A01,FI,2003,130.1,
A,PLI_EU27_2020,A01,FI,2004,127.3,
A,PLI_EU27_2020,A01,FI,2005,127.2,
A,PLI_EU27_2020,A01,FI,2006,125.0,
A,PLI_EU27_2020,A01,FI,2007,120.9,
A,PLI_EU27_2020,A01,FI,2008,120.5,
A,PLI_EU27_2020,A01,FI,2009,122.6,
A,PLI_EU27_2020,A01,FI,2010,122.7,
A,PLI_EU27_2020,A01,FI,2011,124.0,
A,PLI_EU27_2020,A01,FI,2012,125.8,
A,PLI_EU27_2020,A01,FI,2013,127.6,
A,PLI_EU27_2020,A01,FI,2014,128.0,
A,PLI_EU27_2020,A01,FI,2015,127.2,
A,PLI_EU27_2020,A01,FI,2016,127.8,
A,PLI_EU27_2020,A01,FI,2017,126.3,
A,PLI_EU27_2020,A01,FI,2018,126.7,
A,PLI_EU27_2020,A01,FI,2019,128.5,
A,PLI_EU27_2020,A01,FI,2020,128.4,
A,PLI_EU27_2020,A01,FI,2021,128.5,
A,PLI_EU27_2020,A01,FI,2022,128.9,
A,PLI_EU27_2020,A01,FI,2023,128.1,
A,PLI_EU27_2020,A01,FI,2024,127.2,
A,PLI_EU27_2020,A01,FR,1995,116.8,
A,PLI_EU27_2020,A01,FR,1996,115.5,
A,PLI_EU27_2020,A01,FR,1997,113.2,
A,PLI_EU27_2020,A01,FR,1998,113.1,
A,PLI_EU27_2020,A01,FR,1999,112.3,
A,PLI_EU27_2020,A01,FR,2000,109.8,
A,PLI_EU27_2020,A01,FR,2001,107.7,
A,PLI_EU27_2020,A01,FR,2002,107.5,
A,PLI_EU27_2020,A01,FR,2003,111.1,
A,PLI_EU27_2020,A01,FR,2004,112.6,
A,PLI_EU27_2020,A01,FR,2005,110.4,
A,PLI_EU27_2020,A01,FR,2006,111.1,
A,PLI_EU27_2020,A01,FR,2007,111.1,
A,PLI_EU27_2020,A01,FR,2008,112.0,
A,PLI_EU27_2020,A01,FR,2009,112.6,
A,PLI_EU27_2020,A01,FR,2010,112.1,
A,PLI_EU27_2020,A01,FR,2011,111.8,
A,PLI_EU27_2020,A01,FR,2012,112.3,
A,PLI_EU27_2020,A01,FR,2013,110.1,
A,PLI_EU27_2020,A01,FR,2014,110.4,
A,PLI_EU27_2020,A01,FR,2015,110.5,
A,PLI_EU27_2020,A01,FR,2016,110.2,
A,PLI_EU27_2020,A01,FR,2017,110.6,
A,PLI_EU27_2020,A01,FR,2018,110.9,
A,PLI_EU27_2020,A01,FR,2019,109.6,
A,PLI_EU27_2020,A01,FR,2020,108.9,
A,PLI_EU27_2020,A01,FR,2021,110.4,
A,PLI_EU27_2020,A01,FR,2022,109.5,
A,PLI_EU27_2020,A01,FR,2023,109.1,
A,PLI_EU27_2020,A01,FR,2024,107.9,
A,PLI_EU27_2020,A01,IT,1995,89.0,
A,PLI_EU27_2020,A01,IT,1996,98.6,
A,PLI_EU27_2020,A01,IT,1997,101.8,
A,PLI_EU27_2020,A01,IT,1998,101.1,
A,PLI_EU27_2020,A01,IT,1999,102.1,
A,PLI_EU27_2020,A01,IT,2000,102.8,
A,PLI_EU27_2020,A01,IT,2001,104.5,
A,PLI_EU27_2020,A01,IT,2002,106.6,
A,PLI_EU27_2020,A01,IT,2003,106.7,
A,PLI_EU27_2020,A01,IT,2004,108.1,
A,PLI_EU27_2020,A01,IT,2005,108.0,
A,PLI_EU27_2020,A01,IT,2006,107.1,
A,PLI_EU27_2020,A01,IT,2007,106.0,
A,PLI_EU27_2020,A01,IT,2008,103.8,
A,PLI_EU27_2020,A01,IT,2009,104.9,
A,PLI_EU27_2020,A01,IT,2010,102.4,
A,PLI_EU27_2020,A01,IT,2011,103.5,
A,PLI_EU27_2020,A01,IT,2012,104.4,
A,PLI_EU27_2020,A01,IT,2013,105.2,
A,PLI_EU27_2020,A01,IT,2014,106.8,
A,PLI_EU27_2020,A01,IT,2015,106.7,
A,PLI_EU27_2020,A01,IT,2016,105.3,
A,PLI_EU27_2020,A01,IT,2017,104.7,
A,PLI_EU27_2020,A01,IT,2018,104.4,
A,PLI_EU27_2020,A01,IT,2019,102.9,
A,PLI_EU27_2020,A01,IT,2020,102.6,
A,PLI_EU27_2020,A01,IT,2021,102.2,
A,PLI_EU27_2020,A01,IT,2022,100.6,
A,PLI_EU27_2020,A01,IT,2023,98.4,
A,PLI_EU27_2020,A01,IT,2024,98.1,
A,PLI_EU27_2020,A01,NL,1995,112.1,
A,PLI_EU27_2020,A01,NL,1996,108.0,
A,PLI_EU27_2020,A01,NL,1997,106.4,
A,PLI_EU27_2020,A01,NL,1998,106.5,
A,PLI_EU27_2020,A01,NL,1999,106.6,
A,PLI_EU27_2020,A01,NL,2000,104.5,
A,PLI_EU27_2020,A01,NL,2001,106.6,
A,PLI_EU27_2020,A01,NL,2002,106.9,
A,PLI_EU27_2020,A01,NL,2003,110.9,
A,PLI_EU27_2020,A01,NL,2004,109.3,
A,PLI_EU27_2020,A01,NL,2005,107.8,
A,PLI_EU27_2020,A01,NL,2006,107.3,
A,PLI_EU27_2020,A01,NL,2007,106.6,
A,PLI_EU27_2020,A01,NL,2008,106.9,
A,PLI_EU27_2020,A01,NL,2009,109.9,
A,PLI_EU27_2020,A01,NL,2010,114.5,
A,PLI_EU27_2020,A01,NL,2011,114.9,
A,PLI_EU27_2020,A01,NL,2012,114.9,
A,PLI_EU27_2020,A01,NL,2013,115.1,
A,PLI_EU27_2020,A01,NL,2014,116.5,
A,PLI_EU27_2020,A01,NL,2015,116.5,
A,PLI_EU27_2020,A01,NL,2016,118.7,
A,PLI_EU27_2020,A01,NL,2017,117.7,
A,PLI_EU27_2020,A01,NL,2018,117.7,
A,PLI_EU27_2020,A01,NL,2019,120.9,
A,PLI_EU27_2020,A01,NL,2020,120.9,
A,PLI_EU27_2020,A01,NL,2021,120.6,
A,PLI_EU27_2020,A01,NL,2022,119.4,
A,PLI_EU27_2020,A01,NL,2023,121.1,
A,PLI_EU27_2020,A01,NL,2024,121.0,
A,PLI_EU27_2020,A01,PL,1995,42.1,
A,PLI_EU27_2020,A01,PL,1996,45.1,
A,PLI_EU27_2020,A01,PL,1997,47.3,
A,PLI_EU27_2020,A01,PL,1998,49.2,
A,PLI_EU27_2020,A01,PL,1999,47.9,
A,PLI_EU27_2020,A01,PL,2000,54.1,
A,PLI_EU27_2020,A01,PL,2001,59.9,
A,PLI_EU27_2020,A01,PL,2002,56.7,
A,PLI_EU27_2020,A01,PL,2003,49.2,
A,PLI_EU27_2020,A01,PL,2004,48.8,
A,PLI_EU27_2020,A01,PL,2005,56.5,
A,PLI_EU27_2020,A01,PL,2006,58.5,
A,PLI_EU27_2020,A01,PL,2007,58.5,
A,PLI_EU27_2020,A01,PL,2008,64.2,
A,PLI_EU27_2020,A01,PL,2009,53.8,
A,PLI_EU27_2020,A01,PL,2010,56.3,
A,PLI_EU27_2020,A01,PL,2011,54.8,
A,PLI_EU27_2020,A01,PL,2012,53.8,
A,PLI_EU27_2020,A01,PL,2013,54.0,
A,PLI_EU27_2020,A01,PL,2014,54.7,
A,PLI_EU27_2020,A01,PL,2015,54.4,
A,PLI_EU27_2020,A01,PL,2016,53.0,
A,PLI_EU27_2020,A01,PL,2017,55.6,
A,PLI_EU27_2020,A01,PL,2018,56.5,
A,PLI_EU27_2020,A01,PL,2019,56.9,
A,PLI_EU27_2020,A01,PL,2020,55.8,
A,PLI_EU27_2020,A01,PL,2021,56.8,
A,PLI_EU27_2020,A01,PL,2022,59.1,
A,PLI_EU27_2020,A01,PL,2023,65.3,
A,PLI_EU27_2020,A01,PL,2024,70.2,
A,PLI_EU27_2020,A01,PT,1995,78.0,
A,PLI_EU27_2020,A01,PT,1996,78.7,
A,PLI_EU27_2020,A01,PT,1997,80.2,
A,PLI_EU27_2020,A01,PT,1998,81.8,
A,PLI_EU27_2020,A01,PT,1999,82.3,
A,PLI_EU27_2020,A01,PT,2000,82.7,
A,PLI_EU27_2020,A01,PT,2001,83.9,
A,PLI_EU27_2020,A01,PT,2002,85.8,
A,PLI_EU27_2020,A01,PT,2003,85.0,
A,PLI_EU27_2020,A01,PT,2004,85.6,
A,PLI_EU27_2020,A01,PT,2005,84.0,
A,PLI_EU27_2020,A01,PT,2006,83.4,
A,PLI_EU27_2020,A01,PT,2007,85.1,
A,PLI_EU27_2020,A01,PT,2008,85.1,
A,PLI_EU27_2020,A01,PT,2009,86.3,
A,PLI_EU27_2020,A01,PT,2010,86.7,
A,PLI_EU27_2020,A01,PT,2011,86.9,
A,PLI_EU27_2020,A01,PT,2012,85.4,
A,PLI_EU27_2020,A01,PT,2013,83.4,
A,PLI_EU27_2020,A01,PT,2014,83.7,
A,PLI_EU27_2020,A01,PT,2015,83.7,
A,PLI_EU27_2020,A01,PT,2016,85.1,
A,PLI_EU27_2020,A01,PT,2017,86.5,
A,PLI_EU27_2020,A01,PT,2018,85.9,
A,PLI_EU27_2020,A01,PT,2019,86.8,
A,PLI_EU27_2020,A01,PT,2020,88.1,
A,PLI_EU27_2020,A01,PT,2021,86.5,
A,PLI_EU27_2020,A01,PT,2022,85.2,
A,PLI_EU27_2020,A01,PT,2023,84.6,
A,PLI_EU27_2020,A01,PT,2024,85.0,
A,PLI_EU27_2020,A01,SE,1995,125.9,
A,PLI_EU27_2020,A01,SE,1996,135.9,
A,PLI_EU27_2020,A01,SE,1997,136.7,
A,PLI_EU27_2020,A01,SE,1998,133.7,
A,PLI_EU27_2020,A01,SE,1999,132.2,
A,PLI_EU27_2020,A01,SE,2000,135.7,
A,PLI_EU27_2020,A01,SE,2001,127.1,
A,PLI_EU27_2020,A01,SE,2002,129.8,
A,PLI_EU27_2020,A01,SE,2003,131.8,
A,PLI_EU27_2020,A01,SE,2004,130.4,
A,PLI_EU27_2020,A01,SE,2005,127.6,
A,PLI_EU27_2020,A01,SE,2006,125.7,
A,PLI_EU27_2020,A01,SE,2007,123.6,
A,PLI_EU27_2020,A01,SE,2008,118.6,
A,PLI_EU27_2020,A01,SE,2009,110.9,
A,PLI_EU27_2020,A01,SE,2010,127.1,
A,PLI_EU27_2020,A01,SE,2011,134.3,
A,PLI_EU27_2020,A01,SE,2012,138.7,
A,PLI_EU27_2020,A01,SE,2013,144.5,
A,PLI_EU27_2020,A01,SE,2014,139.2,
A,PLI_EU27_2020,A01,SE,2015,137.0,
A,PLI_EU27_2020,A01,SE,2016,140.5,
A,PLI_EU27_2020,A01,SE,2017,140.0,
A,PLI_EU27_2020,A01,SE,2018,133.9,
A,PLI_EU27_2020,A01,SE,2019,131.2,
A,PLI_EU27_2020,A01,SE,2020,133.9,
A,PLI_EU27_2020,A01,SE,2021,136.8,
A,PLI_EU27_2020,A01,SE,2022,130.4,
A,PLI_EU27_2020,A01,SE,2023,122.2,
A,PLI_EU27_2020,A01,SE,2024,123.0,
A,PLI_EU27_2020,A01,UK,1995,108.5,
A,PLI_EU27_2020,A01,UK,1996,108.7,
A,PLI_EU27_2020,A01,UK,1997,129.7,
A,PLI_EU27_2020,A01,UK,1998,136.4,
A,PLI_EU27_2020,A01,UK,1999,140.0,
A,PLI_EU27_2020,A01,UK,2000,146.8,
A,PLI_EU27_2020,A01,UK,2001,141.0,
A,PLI_EU27_2020,A01,UK,2002,140.9,
A,PLI_EU27_2020,A01,UK,2003,128.0,
A,PLI_EU27_2020,A01,UK,2004,128.1,
A,PLI_EU27_2020,A01,UK,2005,130.9,
A,PLI_EU27_2020,A01,UK,2006,131.6,
A,PLI_EU27_2020,A01,UK,2007,133.8,
A,PLI_EU27_2020,A01,UK,2008,117.1,
A,PLI_EU27_2020,A01,UK,2009,108.9,
A,PLI_EU27_2020,A01,UK,2010,113.6,
A,PLI_EU27_2020,A01,UK,2011,113.5,
A,PLI_EU27_2020,A01,UK,2012,122.6,
A,PLI_EU27_2020,A01,UK,2013,120.4,
A,PLI_EU27_2020,A01,UK,2014,128.7,
A,PLI_EU27_2020,A01,UK,2015,143.3,
A,PLI_EU27_2020,A01,UK,2016,129.6,
A,PLI_EU27_2020,A01,UK,2017,121.5,
A,PLI_EU27_2020,A01,UK,2018,122.3,
A,PLI_EU27_2020,A01,UK,2019,125.3,
A,PLI_EU27_2020,A01,UK,2020,122.5,
A,PLI_EU27_2020,A01,UK,2021,129.2,
A,PLI_EU27_2020,A01,UK,2022,125.2,
A,PLI_EU27_2020,A01,UK,2023,122.9,
A,PLI_EU27_2020,A01,UK,2024,129.1,
A,PLI_EU27_2020,E011,DE,1995,118.0,
A,PLI_EU27_2020,E011,DE,1996,113.5,
A,PLI_EU27_2020,E011,DE,1997,111.9,
A,PLI_EU27_2020,E011,DE,1998,111.8,
A,PLI_EU27_2020,E011,DE,1999,111.1,
A,PLI_EU27_2020,E011,DE,2000,111.1,
A,PLI_EU27_2020,E011,DE,2001,110.7,
A,PLI_EU27_2020,E011,DE,2002,110.6,
A,PLI_EU27_2020,E011,DE,2003,109.7,
A,PLI_EU27_2020,E011,DE,2004,108.0,
A,PLI_EU27_2020,E011,DE,2005,107.3,
A,PLI_EU27_2020,E011,DE,2006,106.9,
A,PLI_EU27_2020,E011,DE,2007,106.2,
A,PLI_EU27_2020,E011,DE,2008,105.9,
A,PLI_EU27_2020,E011,DE,2009,106.9,
A,PLI_EU27_2020,E011,DE,2010,106.1,
A,PLI_EU27_2020,E011,DE,2011,104.9,
A,PLI_EU27_2020,E011,DE,2012,104.9,
A,PLI_EU27_2020,E011,DE,2013,106.1,
A,PLI_EU27_2020,E011,DE,2014,106.0,
A,PLI_EU27_2020,E011,DE,2015,107.0,
A,PLI_EU27_2020,E011,DE,2016,107.1,
A,PLI_EU27_2020,E011,DE,2017,106.5,
A,PLI_EU27_2020,E011,DE,2018,105.8,
A,PLI_EU27_2020,E011,DE,2019,107.0,
A,PLI_EU27_2020,E011,DE,2020,106.9,
A,PLI_EU27_2020,E011,DE,2021,107.2,
A,PLI_EU27_2020,E011,DE,2022,108.4,
A,PLI_EU27_2020,E011,DE,2023,108.5,
A,PLI_EU27_2020,E011,DE,2024,108.6,
A,PLI_EU27_2020,E011,EA19,1995,105.0,
A,PLI_EU27_2020,E011,EA19,1996,105.0,
A,PLI_EU27_2020,E011,EA19,1997,104.4,
A,PLI_EU27_2020,E011,EA19,1998,104.3,
A,PLI_EU27_2020,E011,EA19,1999,104.4,
A,PLI_EU27_2020,E011,EA19,2000,103.8,
A,PLI_EU27_2020,E011,EA19,2001,103.7,
A,PLI_EU27_2020,E011,EA19,2002,103.8,
A,PLI_EU27_2020,E011,EA19,2003,104.5,
A,PLI_EU27_2020,E011,EA19,2004,104.8,
A,PLI_EU27_2020,E011,EA19,2005,103.9,
A,PLI_EU27_2020,E011,EA19,2006,103.8,
A,PLI_EU27_2020,E011,EA19,2007,103.9,
A,PLI_EU27_2020,E011,EA19,2008,103.9,
A,PLI_EU27_2020,E011,EA19,2009,105.2,
A,PLI_EU27_2020,E011,EA19,2010,104.7,
A,PLI_EU27_2020,E011,EA19,2011,104.9,
A,PLI_EU27_2020,E011,EA19,2012,105.2,
A,PLI_EU27_2020,E011,EA19,2013,105.1,
A,PLI_EU27_2020,E011,EA19,2014,105.4,
A,PLI_EU27_2020,E011,EA19,2015,105.6,
A,PLI_EU27_2020,E011,EA19,2016,105.7,
A,PLI_EU27_2020,E011,EA19,2017,105.5,
A,PLI_EU27_2020,E011,EA19,2018,105.7,
A,PLI_EU27_2020,E011,EA19,2019,105.8,
A,PLI_EU27_2020,E011,EA19,2020,106.1,
A,PLI_EU27_2020,E011,EA19,2021,105.7,
A,PLI_EU27_2020,E011,EA19,2022,105.4,
A,PLI_EU27_2020,E011,EA19,2023,104.8,
A,PLI_EU27_2020,E011,EA19,2024,104.5,
A,PLI_EU27_2020,E011,EA20,1995,104.8,
A,PLI_EU27_2020,E011,EA20,1996,104.8,
A,PLI_EU27_2020,E011,EA20,1997,104.2,
A,PLI_EU27_2020,E011,EA20,1998,104.1,
A,PLI_EU27_2020,E011,EA20,1999,104.2,
A,PLI_EU27_2020,E011,EA20,2000,103.6,
A,PLI_EU27_2020,E011,EA20,2001,103.5,
A,PLI_EU27_2020,E011,EA20,2002,103.6,
A,PLI_EU27_2020,E011,EA20,2003,104.2,
A,PLI_EU27_2020,E011,EA20,2004,104.5,
A,PLI_EU27_2020,E011,EA20,2005,103.7,
A,PLI_EU27_2020,E011,EA20,2006,103.6,
A,PLI_EU27_2020,E011,EA20,2007,103.7,
A,PLI_EU27_2020,E011,EA20,2008,103.7,
A,PLI_EU27_2020,E011,EA20,2009,105.0,
A,PLI_EU27_2020,E011,EA20,2010,104.5,
A,PLI_EU27_2020,E011,EA20,2011,104.7,
A,PLI_EU27_2020,E011,EA20,2012,105.0,
A,PLI_EU27_2020,E011,EA20,2013,104.8,
A,PLI_EU27_2020,E011,EA20,2014,105.1,
A,PLI_EU27_2020,E011,EA20,2015,105.3,
A,PLI_EU27_2020,E011,EA20,2016,105.4,
A,PLI_EU27_2020,E011,EA20,2017,105.3,
A,PLI_EU27_2020,E011,EA20,2018,105.4,
A,PLI_EU27_2020,E011,EA20,2019,105.6,
A,PLI_EU27_2020,E011,EA20,2020,105.8,
A,PLI_EU27_2020,E011,EA20,2021,105.4,
A,PLI_EU27_2020,E011,EA20,2022,105.2,
A,PLI_EU27_2020,E011,EA20,2023,104.6,
A,PLI_EU27_2020,E011,EA20,2024,104.3,
A,PLI_EU27_2020,E011,ES,1995,89.7,
A,PLI_EU27_2020,E011,ES,1996,91.5,
A,PLI_EU27_2020,E011,ES,1997,89.7,
A,PLI_EU27_2020,E011,ES,1998,89.4,
A,PLI_EU27_2020,E011,ES,1999,90.8,
A,PLI_EU27_2020,E011,ES,2000,90.6,
A,PLI_EU27_2020,E011,ES,2001,90.4,
A,PLI_EU27_2020,E011,ES,2002,89.6,
A,PLI_EU27_2020,E011,ES,2003,91.2,
A,PLI_EU27_2020,E011,ES,2004,93.7,
A,PLI_EU27_2020,E011,ES,2005,93.9,
A,PLI_EU27_2020,E011,ES,2006,94.2,
A,PLI_EU27_2020,E011,ES,2007,96.4,
A,PLI_EU27_2020,E011,ES,2008,96.9,
A,PLI_EU27_2020,E011,ES,2009,99.0,
A,PLI_EU27_2020,E011,ES,2010,99.7,
A,PLI_EU27_2020,E011,ES,2011,100.0,
A,PLI_EU27_2020,E011,ES,2012,99.2,
A,PLI_EU27_2020,E011,ES,2013,97.3,
A,PLI_EU27_2020,E011,ES,2014,96.2,
A,PLI_EU27_2020,E011,ES,2015,94.8,
A,PLI_EU27_2020,E011,ES,2016,95.3,
A,PLI_EU27_2020,E011,ES,2017,94.7,
A,PLI_EU27_2020,E011,ES,2018,96.4,
A,PLI_EU27_2020,E011,ES,2019,96.0,
A,PLI_EU27_2020,E011,ES,2020,97.8,
A,PLI_EU27_2020,E011,ES,2021,94.5,
A,PLI_EU27_2020,E011,ES,2022,93.6,
A,PLI_EU27_2020,E011,ES,2023,91.1,
A,PLI_EU27_2020,E011,ES,2024,90.9,
A,PLI_EU27_2020,E011,EU27_2020,1995,100.0,
A,PLI_EU27_2020,E011,EU27_2020,1996,100.0,
A,PLI_EU27_2020,E011,EU27_2020,1997,100.0,
A,PLI_EU27_2020,E011,EU27_2020,1998,100.0,
A,PLI_EU27_2020,E011,EU27_2020,1999,100.0,
A,PLI_EU27_2020,E011,EU27_2020,2000,100.0,
A,PLI_EU27_2020,E011,EU27_2020,2001,100.0,
A,PLI_EU27_2020,E011,EU27_2020,2002,100.0,
A,PLI_EU27_2020,E011,EU27_2020,2003,100.0,
A,PLI_EU27_2020,E011,EU27_2020,2004,100.0,
A,PLI_EU27_2020,E011,EU27_2020,2005,100.0,
A,PLI_EU27_2020,E011,EU27_2020,2006,100.0,
A,PLI_EU27_2020,E011,EU27_2020,2007,100.0,
A,PLI_EU27_2020,E011,EU27_2020,2008,100.0,
A,PLI_EU27_2020,E011,EU27_2020,2009,100.0,
A,PLI_EU27_2020,E011,EU27_2020,2010,100.0,
A,PLI_EU27_2020,E011,EU27_2020,2011,100.0,
A,PLI_EU27_2020,E011,EU27_2020,2012,100.0,
A,PLI_EU27_2020,E011,EU27_2020,2013,100.0,
A,PLI_EU27_2020,E011,EU27_2020,2014,100.0,
A,PLI_EU27_2020,E011,EU27_2020,2015,100.0,
A,PLI_EU27_2020,E011,EU27_2020,2016,100.0,
A,PLI_EU27_2020,E011,EU27_2020,2017,100.0,
A,PLI_EU27_2020,E011,EU27_2020,2018,100.0,
A,PLI_EU27_2020,E011,EU27_2020,2019,100.0,
A,PLI_EU27_2020,E011,EU27_2020,2020,100.0,
A,PLI_EU27_2020,E011,EU27_2020,2021,100.0,
A,PLI_EU27_2020,E011,EU27_2020,2022,100.0,
A,PLI_EU27_2020,E011,EU27_2020,2023,100.0,
A,PLI_EU27_2020,E011,EU27_2020,2024,100.0,
A,PLI_EU27_2020,E011,EU28,1995,101.6,
A,PLI_EU27_2020,E011,EU28,1996,101.7,
A,PLI_EU27_2020,E011,EU28,1997,105.0,
A,PLI_EU27_2020,E011,EU28,1998,106.0,
A,PLI_EU27_2020,E011,EU28,1999,106.6,
A,PLI_EU27_2020,E011,EU28,2000,107.7,
A,PLI_EU27_2020,E011,EU28,2001,106.8,
A,PLI_EU27_2020,E011,EU28,2002,106.8,
A,PLI_EU27_2020,E011,EU28,2003,104.7,
A,PLI_EU27_2020,E011,EU28,2004,104.8,
A,PLI_EU27_2020,E011,EU28,2005,105.0,
A,PLI_EU27_2020,E011,EU28,2006,104.8,
A,PLI_EU27_2020,E011,EU28,2007,105.0,
A,PLI_EU27_2020,E011,EU28,2008,102.4,
A,PLI_EU27_2020,E011,EU28,2009,101.3,
A,PLI_EU27_2020,E011,EU28,2010,101.9,
A,PLI_EU27_2020,E011,EU28,2011,101.9,
A,PLI_EU27_2020,E011,EU28,2012,103.3,
A,PLI_EU27_2020,E011,EU28,2013,102.9,
A,PLI_EU27_2020,E011,EU28,2014,104.2,
A,PLI_EU27_2020,E011,EU28,2015,106.4,
A,PLI_EU27_2020,E011,EU28,2016,104.2,
A,PLI_EU27_2020,E011,EU28,2017,103.0,
A,PLI_EU27_2020,E011,EU28,2018,103.0,
A,PLI_EU27_2020,E011,EU28,2019,103.1,
A,PLI_EU27_2020,E011,EU28,2020,102.9,
A,PLI_EU27_2020,E011,FI,1995,132.1,
A,PLI_EU27_2020,E011,FI,1996,127.3,
A,PLI_EU27_2020,E011,FI,1997,127.6,
A,PLI_EU27_2020,E011,FI,1998,126.1,
A,PLI_EU27_2020,E011,FI,1999,126.7,
A,PLI_EU27_2020,E011,FI,2000,126.4,
A,PLI_EU27_2020,E011,FI,2001,129.6,
A,PLI_EU27_2020,E011,FI,2002,129.5,
A,PLI_EU27_2020,E011,FI,2003,129.4,
A,PLI_EU27_2020,E011,FI,2004,126.4,
A,PLI_EU27_2020,E011,FI,2005,126.2,
A,PLI_EU27_2020,E011,FI,2006,124.4,
A,PLI_EU27_2020,E011,FI,2007,120.5,
A,PLI_EU27_2020,E011,FI,2008,119.9,
A,PLI_EU27_2020,E011,FI,2009,121.8,
A,PLI_EU27_2020,E011,FI,2010,121.9,
A,PLI_EU27_2020,E011,FI,2011,123.0,
A,PLI_EU27_2020,E011,FI,2012,125.0,
A,PLI_EU27_2020,E011,FI,2013,126.1,
A,PLI_EU27_2020,E011,FI,2014,126.5,
A,PLI_EU27_2020,E011,FI,2015,125.8,
A,PLI_EU27_2020,E011,FI,2016,126.1,
A,PLI_EU27_2020,E011,FI,2017,125.1,
A,PLI_EU27_2020,E011,FI,2018,125.7,
A,PLI_EU27_2020,E011,FI,2019,126.3,
A,PLI_EU27_2020,E011,FI,2020,126.4,
A,PLI_EU27_2020,E011,FI,2021,125.8,
A,PLI_EU27_2020,E011,FI,2022,126.0,
A,PLI_EU27_2020,E011,FI,2023,124.4,
A,PLI_EU27_2020,E011,FI,2024,123.5,
A,PLI_EU27_2020,E011,FR,1995,117.6,
A,PLI_EU27_2020,E011,FR,1996,116.3,
A,PLI_EU27_2020,E011,FR,1997,114.2,
A,PLI_EU27_2020,E011,FR,1998,114.0,
A,PLI_EU27_2020,E011,FR,1999,113.3,
A,PLI_EU27_2020,E011,FR,2000,110.3,
A,PLI_EU27_2020,E011,FR,2001,107.9,
A,PLI_EU27_2020,E011,FR,2002,107.5,
A,PLI_EU27_2020,E011,FR,2003,111.0,
A,PLI_EU27_2020,E011,FR,2004,112.1,
A,PLI_EU27_2020,E011,FR,2005,109.8,
A,PLI_EU27_2020,E011,FR,2006,110.5,
A,PLI_EU27_2020,E011,FR,2007,110.4,
A,PLI_EU27_2020,E011,FR,2008,111.8,
A,PLI_EU27_2020,E011,FR,2009,112.3,
A,PLI_EU27_2020,E011,FR,2010,111.7,
A,PLI_EU27_2020,E011,FR,2011,111.5,
A,PLI_EU27_2020,E011,FR,2012,111.9,
A,PLI_EU27_2020,E011,FR,2013,110.5,
A,PLI_EU27_2020,E011,FR,2014,111.1,
A,PLI_EU27_2020,E011,FR,2015,112.0,
A,PLI_EU27_2020,E011,FR,2016,112.4,
A,PLI_EU27_2020,E011,FR,2017,113.0,
A,PLI_EU27_2020,E011,FR,2018,113.9,
A,PLI_EU27_2020,E011,FR,2019,113.4,
A,PLI_EU27_2020,E011,FR,2020,113.0,
A,PLI_EU27_2020,E011,FR,2021,114.3,
A,PLI_EU27_2020,E011,FR,2022,112.4,
A,PLI_EU27_2020,E011,FR,2023,112.2,
A,PLI_EU27_2020,E011,FR,2024,111.2,
A,PLI_EU27_2020,E011,IT,1995,87.3,
A,PLI_EU27_2020,E011,IT,1996,96.2,
A,PLI_EU27_2020,E011,IT,1997,98.7,
A,PLI_EU27_2020,E011,IT,1998,98.7,
A,PLI_EU27_2020,E011,IT,1999,99.1,
A,PLI_EU27_2020,E011,IT,2000,100.2,
A,PLI_EU27_2020,E011,IT,2001,102.2,
A,PLI_EU27_2020,E011,IT,2002,104.3,
A,PLI_EU27_2020,E011,IT,2003,103.9,
A,PLI_EU27_2020,E011,IT,2004,105.8,
A,PLI_EU27_2020,E011,IT,2005,105.4,
A,PLI_EU27_2020,E011,IT,2006,104.9,
A,PLI_EU27_2020,E011,IT,2007,104.4,
A,PLI_EU27_2020,E011,IT,2008,102.3,
A,PLI_EU27_2020,E011,IT,2009,103.3,
A,PLI_EU27_2020,E011,IT,2010,101.9,
A,PLI_EU27_2020,E011,IT,2011,103.5,
A,PLI_EU27_2020,E011,IT,2012,104.7,
A,PLI_EU27_2020,E011,IT,2013,105.2,
A,PLI_EU27_2020,E011,IT,2014,106.7,
A,PLI_EU27_2020,E011,IT,2015,106.4,
A,PLI_EU27_2020,E011,IT,2016,104.3,
A,PLI_EU27_2020,E011,IT,2017,103.7,
A,PLI_EU27_2020,E011,IT,2018,103.3,
A,PLI_EU27_2020,E011,IT,2019,101.6,
A,PLI_EU27_2020,E011,IT,2020,101.7,
A,PLI_EU27_2020,E011,IT,2021,101.0,
A,PLI_EU27_2020,E011,IT,2022,99.8,
A,PLI_EU27_2020,E011,IT,2023,97.8,
A,PLI_EU27_2020,E011,IT,2024,97.5,
A,PLI_EU27_2020,E011,NL,1995,110.9,
A,PLI_EU27_2020,E011,NL,1996,106.9,
A,PLI_EU27_2020,E011,NL,1997,105.6,
A,PLI_EU27_2020,E011,NL,1998,105.5,
A,PLI_EU27_2020,E011,NL,1999,106.9,
A,PLI_EU27_2020,E011,NL,2000,104.9,
A,PLI_EU27_2020,E011,NL,2001,107.0,
A,PLI_EU27_2020,E011,NL,2002,107.1,
A,PLI_EU27_2020,E011,NL,2003,110.2,
A,PLI_EU27_2020,E011,NL,2004,108.2,
A,PLI_EU27_2020,E011,NL,2005,106.9,
A,PLI_EU27_2020,E011,NL,2006,106.0,
A,PLI_EU27_2020,E011,NL,2007,104.4,
A,PLI_EU27_2020,E011,NL,2008,104.9,
A,PLI_EU27_2020,E011,NL,2009,107.9,
A,PLI_EU27_2020,E011,NL,2010,109.7,
A,PLI_EU27_2020,E011,NL,2011,111.0,
A,PLI_EU27_2020,E011,NL,2012,111.4,
A,PLI_EU27_2020,E011,NL,2013,112.0,
A,PLI_EU27_2020,E011,NL,2014,114.0,
A,PLI_EU27_2020,E011,NL,2015,114.1,
A,PLI_EU27_2020,E011,NL,2016,115.8,
A,PLI_EU27_2020,E011,NL,2017,114.8,
A,PLI_EU27_2020,E011,NL,2018,114.4,
A,PLI_EU27_2020,E011,NL,2019,117.1,
A,PLI_EU27_2020,E011,NL,2020,116.2,
A,PLI_EU27_2020,E011,NL,2021,115.5,
A,PLI_EU27_2020,E011,NL,2022,114.7,
A,PLI_EU27_2020,E011,NL,2023,117.0,
A,PLI_EU27_2020,E011,NL,2024,116.0,
A,PLI_EU27_2020,E011,PL,1995,46.9,
A,PLI_EU27_2020,E011,PL,1996,50.2,
A,PLI_EU27_2020,E011,PL,1997,52.8,
A,PLI_EU27_2020,E011,PL,1998,54.7,
A,PLI_EU27_2020,E011,PL,1999,53.1,
A,PLI_EU27_2020,E011,PL,2000,59.6,
A,PLI_EU27_2020,E011,PL,2001,66.0,
A,PLI_EU27_2020,E011,PL,2002,62.4,
A,PLI_EU27_2020,E011,PL,2003,54.1,
A,PLI_EU27_2020,E011,PL,2004,53.7,
A,PLI_EU27_2020,E011,PL,2005,62.2,
A,PLI_EU27_2020,E011,PL,2006,63.9,
A,PLI_EU27_2020,E011,PL,2007,63.8,
A,PLI_EU27_2020,E011,PL,2008,69.0,
A,PLI_EU27_2020,E011,PL,2009,57.9,
A,PLI_EU27_2020,E011,PL,2010,60.8,
A,PLI_EU27_2020,E011,PL,2011,58.8,
A,PLI_EU27_2020,E011,PL,2012,57.6,
A,PLI_EU27_2020,E011,PL,2013,57.3,
A,PLI_EU27_2020,E011,PL,2014,58.1,
A,PLI_EU27_2020,E011,PL,2015,57.6,
A,PLI_EU27_2020,E011,PL,2016,55.9,
A,PLI_EU27_2020,E011,PL,2017,58.8,
A,PLI_EU27_2020,E011,PL,2018,59.6,
A,PLI_EU27_2020,E011,PL,2019,59.9,
A,PLI_EU27_2020,E011,PL,2020,59.1,
A,PLI_EU27_2020,E011,PL,2021,60.5,
A,PLI_EU27_2020,E011,PL,2022,61.6,
A,PLI_EU27_2020,E011,PL,2023,67.5,
A,PLI_EU27_2020,E011,PL,2024,72.2,
A,PLI_EU27_2020,E011,PT,1995,78.6,
A,PLI_EU27_2020,E011,PT,1996,78.9,
A,PLI_EU27_2020,E011,PT,1997,80.4,
A,PLI_EU27_2020,E011,PT,1998,82.2,
A,PLI_EU27_2020,E011,PT,1999,82.4,
A,PLI_EU27_2020,E011,PT,2000,82.5,
A,PLI_EU27_2020,E011,PT,2001,83.6,
A,PLI_EU27_2020,E011,PT,2002,85.7,
A,PLI_EU27_2020,E011,PT,2003,84.3,
A,PLI_EU27_2020,E011,PT,2004,85.0,
A,PLI_EU27_2020,E011,PT,2005,83.2,
A,PLI_EU27_2020,E011,PT,2006,83.1,
A,PLI_EU27_2020,E011,PT,2007,85.6,
A,PLI_EU27_2020,E011,PT,2008,86.3,
A,PLI_EU27_2020,E011,PT,2009,87.3,
A,PLI_EU27_2020,E011,PT,2010,87.1,
A,PLI_EU27_2020,E011,PT,2011,87.6,
A,PLI_EU27_2020,E011,PT,2012,87.0,
A,PLI_EU27_2020,E011,PT,2013,85.3,
A,PLI_EU27_2020,E011,PT,2014,86.3,
A,PLI_EU27_2020,E011,PT,2015,86.5,
A,PLI_EU27_2020,E011,PT,2016,87.3,
A,PLI_EU27_2020,E011,PT,2017,88.9,
A,PLI_EU27_2020,E011,PT,2018,88.2,
A,PLI_EU27_2020,E011,PT,2019,87.9,
A,PLI_EU27_2020,E011,PT,2020,90.3,
A,PLI_EU27_2020,E011,PT,2021,88.4,
A,PLI_EU27_2020,E011,PT,2022,87.3,
A,PLI_EU27_2020,E011,PT,2023,86.7,
A,PLI_EU27_2020,E011,PT,2024,87.0,
A,PLI_EU27_2020,E011,SE,1995,121.5,
A,PLI_EU27_2020,E011,SE,1996,130.1,
A,PLI_EU27_2020,E011,SE,1997,130.4,
A,PLI_EU27_2020,E011,SE,1998,127.2,
A,PLI_EU27_2020,E011,SE,1999,127.4,
A,PLI_EU27_2020,E011,SE,2000,130.2,
A,PLI_EU27_2020,E011,SE,2001,121.7,
A,PLI_EU27_2020,E011,SE,2002,124.2,
A,PLI_EU27_2020,E011,SE,2003,126.1,
A,PLI_EU27_2020,E011,SE,2004,124.1,
A,PLI_EU27_2020,E011,SE,2005,121.3,
A,PLI_EU27_2020,E011,SE,2006,119.3,
A,PLI_EU27_2020,E011,SE,2007,116.6,
A,PLI_EU27_2020,E011,SE,2008,112.2,
A,PLI_EU27_2020,E011,SE,2009,105.7,
A,PLI_EU27_2020,E011,SE,2010,119.4,
A,PLI_EU27_2020,E011,SE,2011,126.2,
A,PLI_EU27_2020,E011,SE,2012,130.0,
A,PLI_EU27_2020,E011,SE,2013,134.3,
A,PLI_EU27_2020,E011,SE,2014,129.6,
A,PLI_EU27_2020,E011,SE,2015,127.8,
A,PLI_EU27_2020,E011,SE,2016,130.7,
A,PLI_EU27_2020,E011,SE,2017,131.2,
A,PLI_EU27_2020,E011,SE,2018,125.1,
A,PLI_EU27_2020,E011,SE,2019,123.2,
A,PLI_EU27_2020,E011,SE,2020,124.8,
A,PLI_EU27_2020,E011,SE,2021,128.7,
A,PLI_EU27_2020,E011,SE,2022,122.7,
A,PLI_EU27_2020,E011,SE,2023,114.3,
A,PLI_EU27_2020,E011,SE,2024,115.1,
A,PLI_EU27_2020,E011,UK,1995,111.3,
A,PLI_EU27_2020,E011,UK,1996,111.3,
A,PLI_EU27_2020,E011,UK,1997,133.0,
A,PLI_EU27_2020,E011,UK,1998,139.9,
A,PLI_EU27_2020,E011,UK,1999,143.9,
A,PLI_EU27_2020,E011,UK,2000,150.4,
A,PLI_EU27_2020,E011,UK,2001,143.9,
A,PLI_EU27_2020,E011,UK,2002,144.3,
A,PLI_EU27_2020,E011,UK,2003,129.7,
A,PLI_EU27_2020,E011,UK,2004,130.0,
A,PLI_EU27_2020,E011,UK,2005,131.9,
A,PLI_EU27_2020,E011,UK,2006,130.9,
A,PLI_EU27_2020,E011,UK,2007,132.2,
A,PLI_EU27_2020,E011,UK,2008,115.8,
A,PLI_EU27_2020,E011,UK,2009,108.6,
A,PLI_EU27_2020,E011,UK,2010,112.9,
A,PLI_EU27_2020,E011,UK,2011,113.2,
A,PLI_EU27_2020,E011,UK,2012,122.6,
A,PLI_EU27_2020,E011,UK,2013,119.8,
A,PLI_EU27_2020,E011,UK,2014,128.1,
A,PLI_EU27_2020,E011,UK,2015,142.6,
A,PLI_EU27_2020,E011,UK,2016,127.7,
A,PLI_EU27_2020,E011,UK,2017,119.6,
A,PLI_EU27_2020,E011,UK,2018,119.6,
A,PLI_EU27_2020,E011,UK,2019,120.9,
A,PLI_EU27_2020,E011,UK,2020,120.3,
A,PLI_EU27_2020,E011,UK,2021,123.5,
A,PLI_EU27_2020,E011,UK,2022,121.8,
A,PLI_EU27_2020,E011,UK,2023,118.8,
A,PLI_EU27_2020,E011,UK,2024,124.7,
A,PLI_EU27_2020,GDP,DE,1995,122.7,
A,PLI_EU27_2020,GDP,DE,1996,117.8,
A,PLI_EU27_2020,GDP,DE,1997,115.8,
A,PLI_EU27_2020,GDP,DE,1998,115.6,
A,PLI_EU27_2020,GDP,DE,1999,114.2,
A,PLI_EU27_2020,GDP,DE,2000,113.5,
A,PLI_EU27_2020,GDP,DE,2001,112.3,
A,PLI_EU27_2020,GDP,DE,2002,111.4,
A,PLI_EU27_2020,GDP,DE,2003,109.1,
A,PLI_EU27_2020,GDP,DE,2004,107.1,
A,PLI_EU27_2020,GDP,DE,2005,106.5,
A,PLI_EU27_2020,GDP,DE,2006,106.6,
A,PLI_EU27_2020,GDP,DE,2007,106.0,
A,PLI_EU27_2020,GDP,DE,2008,105.7,
A,PLI_EU27_2020,GDP,DE,2009,107.4,
A,PLI_EU27_2020,GDP,DE,2010,106.4,
A,PLI_EU27_2020,GDP,DE,2011,105.8,
A,PLI_EU27_2020,GDP,DE,2012,106.6,
A,PLI_EU27_2020,GDP,DE,2013,107.3,
A,PLI_EU27_2020,GDP,DE,2014,107.3,
A,PLI_EU27_2020,GDP,DE,2015,108.2,
A,PLI_EU27_2020,GDP,DE,2016,108.3,
A,PLI_EU27_2020,GDP,DE,2017,108.4,
A,PLI_EU27_2020,GDP,DE,2018,108.5,
A,PLI_EU27_2020,GDP,DE,2019,110.4,
A,PLI_EU27_2020,GDP,DE,2020,110.7,
A,PLI_EU27_2020,GDP,DE,2021,110.8,
A,PLI_EU27_2020,GDP,DE,2022,111.4,
A,PLI_EU27_2020,GDP,DE,2023,111.9,
A,PLI_EU27_2020,GDP,DE,2024,111.7,
A,PLI_EU27_2020,GDP,EA19,1995,105.7,
A,PLI_EU27_2020,GDP,EA19,1996,105.4,
A,PLI_EU27_2020,GDP,EA19,1997,104.9,
A,PLI_EU27_2020,GDP,EA19,1998,104.6,
A,PLI_EU27_2020,GDP,EA19,1999,104.6,
A,PLI_EU27_2020,GDP,EA19,2000,104.0,
A,PLI_EU27_2020,GDP,EA19,2001,104.0,
A,PLI_EU27_2020,GDP,EA19,2002,104.0,
A,PLI_EU27_2020,GDP,EA19,2003,104.5,
A,PLI_EU27_2020,GDP,EA19,2004,104.8,
A,PLI_EU27_2020,GDP,EA19,2005,104.1,
A,PLI_EU27_2020,GDP,EA19,2006,104.0,
A,PLI_EU27_2020,GDP,EA19,2007,103.9,
A,PLI_EU27_2020,GDP,EA19,2008,103.9,
A,PLI_EU27_2020,GDP,EA19,2009,105.3,
A,PLI_EU27_2020,GDP,EA19,2010,104.8,
A,PLI_EU27_2020,GDP,EA19,2011,104.7,
A,PLI_EU27_2020,GDP,EA19,2012,104.8,
A,PLI_EU27_2020,GDP,EA19,2013,104.7,
A,PLI_EU27_2020,GDP,EA19,2014,104.9,
A,PLI_EU27_2020,GDP,EA19,2015,105.1,
A,PLI_EU27_2020,GDP,EA19,2016,105.1,
A,PLI_EU27_2020,GDP,EA19,2017,105.0,
A,PLI_EU27_2020,GDP,EA19,2018,105.2,
A,PLI_EU27_2020,GDP,EA19,2019,105.4,
A,PLI_EU27_2020,GDP,EA19,2020,105.8,
A,PLI_EU27_2020,GDP,EA19,2021,105.4,
A,PLI_EU27_2020,GDP,EA19,2022,105.1,
A,PLI_EU27_2020,GDP,EA19,2023,104.8,
A,PLI_EU27_2020,GDP,EA19,2024,104.5,
A,PLI_EU27_2020,GDP,EA20,1995,105.4,
A,PLI_EU27_2020,GDP,EA20,1996,105.1,
A,PLI_EU27_2020,GDP,EA20,1997,104.6,
A,PLI_EU27_2020,GDP,EA20,1998,104.3,
A,PLI_EU27_2020,GDP,EA20,1999,104.4,
A,PLI_EU27_2020,GDP,EA20,2000,103.7,
A,PLI_EU27_2020,GDP,EA20,2001,103.7,
A,PLI_EU27_2020,GDP,EA20,2002,103.7,
A,PLI_EU27_2020,GDP,EA20,2003,104.2,
A,PLI_EU27_2020,GDP,EA20,2004,104.5,
A,PLI_EU27_2020,GDP,EA20,2005,103.9,
A,PLI_EU27_2020,GDP,EA20,2006,103.7,
A,PLI_EU27_2020,GDP,EA20,2007,103.6,
A,PLI_EU27_2020,GDP,EA20,2008,103.6,
A,PLI_EU27_2020,GDP,EA20,2009,105.0,
A,PLI_EU27_2020,GDP,EA20,2010,104.5,
A,PLI_EU27_2020,GDP,EA20,2011,104.5,
A,PLI_EU27_2020,GDP,EA20,2012,104.6,
A,PLI_EU27_2020,GDP,EA20,2013,104.4,
A,PLI_EU27_2020,GDP,EA20,2014,104.7,
A,PLI_EU27_2020,GDP,EA20,2015,104.8,
A,PLI_EU27_2020,GDP,EA20,2016,104.8,
A,PLI_EU27_2020,GDP,EA20,2017,104.7,
A,PLI_EU27_2020,GDP,EA20,2018,104.9,
A,PLI_EU27_2020,GDP,EA20,2019,105.1,
A,PLI_EU27_2020,GDP,EA20,2020,105.5,
A,PLI_EU27_2020,GDP,EA20,2021,105.1,
A,PLI_EU27_2020,GDP,EA20,2022,104.8,
A,PLI_EU27_2020,GDP,EA20,2023,104.5,
A,PLI_EU27_2020,GDP,EA20,2024,104.2,
A,PLI_EU27_2020,GDP,ES,1995,86.8,
A,PLI_EU27_2020,GDP,ES,1996,88.2,
A,PLI_EU27_2020,GDP,ES,1997,86.8,
A,PLI_EU27_2020,GDP,ES,1998,86.6,
A,PLI_EU27_2020,GDP,ES,1999,88.5,
A,PLI_EU27_2020,GDP,ES,2000,89.0,
A,PLI_EU27_2020,GDP,ES,2001,90.3,
A,PLI_EU27_2020,GDP,ES,2002,90.5,
A,PLI_EU27_2020,GDP,ES,2003,92.5,
A,PLI_EU27_2020,GDP,ES,2004,93.7,
A,PLI_EU27_2020,GDP,ES,2005,93.9,
A,PLI_EU27_2020,GDP,ES,2006,92.6,
A,PLI_EU27_2020,GDP,ES,2007,92.7,
A,PLI_EU27_2020,GDP,ES,2008,93.5,
A,PLI_EU27_2020,GDP,ES,2009,95.2,
A,PLI_EU27_2020,GDP,ES,2010,96.0,
A,PLI_EU27_2020,GDP,ES,2011,95.8,
A,PLI_EU27_2020,GDP,ES,2012,94.1,
A,PLI_EU27_2020,GDP,ES,2013,93.5,
A,PLI_EU27_2020,GDP,ES,2014,92.4,
A,PLI_EU27_2020,GDP,ES,2015,92.5,
A,PLI_EU27_2020,GDP,ES,2016,92.5,
A,PLI_EU27_2020,GDP,ES,2017,91.8,
A,PLI_EU27_2020,GDP,ES,2018,93.2,
A,PLI_EU27_2020,GDP,ES,2019,92.9,
A,PLI_EU27_2020,GDP,ES,2020,94.9,
A,PLI_EU27_2020,GDP,ES,2021,92.3,
A,PLI_EU27_2020,GDP,ES,2022,90.9,
A,PLI_EU27_2020,GDP,ES,2023,89.7,
A,PLI_EU27_2020,GDP,ES,2024,89.7,
A,PLI_EU27_2020,GDP,EU27_2020,1995,100.0,
A,PLI_EU27_2020,GDP,EU27_2020,1996,100.0,
A,PLI_EU27_2020,GDP,EU27_2020,1997,100.0,
A,PLI_EU27_2020,GDP,EU27_2020,1998,100.0,
A,PLI_EU27_2020,GDP,EU27_2020,1999,100.0,
A,PLI_EU27_2020,GDP,EU27_2020,2000,100.0,
A,PLI_EU27_2020,GDP,EU27_2020,2001,100.0,
A,PLI_EU27_2020,GDP,EU27_2020,2002,100.0,
A,PLI_EU27_2020,GDP,EU27_2020,2003,100.0,
A,PLI_EU27_2020,GDP,EU27_2020,2004,100.0,
A,PLI_EU27_2020,GDP,EU27_2020,2005,100.0,
A,PLI_EU27_2020,GDP,EU27_2020,2006,100.0,
A,PLI_EU27_2020,GDP,EU27_2020,2007,100.0,
A,PLI_EU27_2020,GDP,EU27_2020,2008,100.0,
A,PLI_EU27_2020,GDP,EU27_2020,2009,100.0,
A,PLI_EU27_2020,GDP,EU27_2020,2010,100.0,
A,PLI_EU27_2020,GDP,EU27_2020,2011,100.0,
A,PLI_EU27_2020,GDP,EU27_2020,2012,100.0,
A,PLI_EU27_2020,GDP,EU27_2020,2013,100.0,
A,PLI_EU27_2020,GDP,EU27_2020,2014,100.0,
A,PLI_EU27_2020,GDP,EU27_2020,2015,100.0,
A,PLI_EU27_2020,GDP,EU27_2020,2016,100.0,
A,PLI_EU27_2020,GDP,EU27_2020,2017,100.0,
A,PLI_EU27_2020,GDP,EU27_2020,2018,100.0,
A,PLI_EU27_2020,GDP,EU27_2020,2019,100.0,
A,PLI_EU27_2020,GDP,EU27_2020,2020,100.0,
A,PLI_EU27_2020,GDP,EU27_2020,2021,100.0,
A,PLI_EU27_2020,GDP,EU27_2020,2022,100.0,
A,PLI_EU27_2020,GDP,EU27_2020,2023,100.0,
A,PLI_EU27_2020,GDP,EU27_2020,2024,100.0,
A,PLI_EU27_2020,GDP,EU28,1995,100.4,
A,PLI_EU27_2020,GDP,EU28,1996,100.5,
A,PLI_EU27_2020,GDP,EU28,1997,103.2,
A,PLI_EU27_2020,GDP,EU28,1998,103.9,
A,PLI_EU27_2020,GDP,EU28,1999,104.4,
A,PLI_EU27_2020,GDP,EU28,2000,105.5,
A,PLI_EU27_2020,GDP,EU28,2001,105.0,
A,PLI_EU27_2020,GDP,EU28,2002,104.8,
A,PLI_EU27_2020,GDP,EU28,2003,103.2,
A,PLI_EU27_2020,GDP,EU28,2004,103.5,
A,PLI_EU27_2020,GDP,EU28,2005,103.8,
A,PLI_EU27_2020,GDP,EU28,2006,104.0,
A,PLI_EU27_2020,GDP,EU28,2007,104.3,
A,PLI_EU27_2020,GDP,EU28,2008,101.9,
A,PLI_EU27_2020,GDP,EU28,2009,100.7,
A,PLI_EU27_2020,GDP,EU28,2010,101.1,
A,PLI_EU27_2020,GDP,EU28,2011,101.2,
A,PLI_EU27_2020,GDP,EU28,2012,102.3,
A,PLI_EU27_2020,GDP,EU28,2013,101.8,
A,PLI_EU27_2020,GDP,EU28,2014,102.9,
A,PLI_EU27_2020,GDP,EU28,2015,104.6,
A,PLI_EU27_2020,GDP,EU28,2016,102.9,
A,PLI_EU27_2020,GDP,EU28,2017,101.9,
A,PLI_EU27_2020,GDP,EU28,2018,102.0,
A,PLI_EU27_2020,GDP,EU28,2019,102.3,
A,PLI_EU27_2020,GDP,EU28,2020,102.0,
A,PLI_EU27_2020,GDP,FI,1995,122.5,
A,PLI_EU27_2020,GDP,FI,1996,119.4,
A,PLI_EU27_2020,GDP,FI,1997,119.5,
A,PLI_EU27_2020,GDP,FI,1998,118.4,
A,PLI_EU27_2020,GDP,FI,1999,118.7,
A,PLI_EU27_2020,GDP,FI,2000,118.4,
A,PLI_EU27_2020,GDP,FI,2001,121.1,
A,PLI_EU27_2020,GDP,FI,2002,121.7,
A,PLI_EU27_2020,GDP,FI,2003,122.0,
A,PLI_EU27_2020,GDP,FI,2004,119.1,
A,PLI_EU27_2020,GDP,FI,2005,119.6,
A,PLI_EU27_2020,GDP,FI,2006,119.8,
A,PLI_EU27_2020,GDP,FI,2007,118.4,
A,PLI_EU27_2020,GDP,FI,2008,117.5,
A,PLI_EU27_2020,GDP,FI,2009,118.7,
A,PLI_EU27_2020,GDP,FI,2010,119.0,
A,PLI_EU27_2020,GDP,FI,2011,120.5,
A,PLI_EU27_2020,GDP,FI,2012,123.0,
A,PLI_EU27_2020,GDP,FI,2013,125.4,
A,PLI_EU27_2020,GDP,FI,2014,126.6,
A,PLI_EU27_2020,GDP,FI,2015,126.2,
A,PLI_EU27_2020,GDP,FI,2016,126.8,
A,PLI_EU27_2020,GDP,FI,2017,125.7,
A,PLI_EU27_2020,GDP,FI,2018,125.9,
A,PLI_EU27_2020,GDP,FI,2019,127.1,
A,PLI_EU27_2020,GDP,FI,2020,125.6,
A,PLI_EU27_2020,GDP,FI,2021,123.9,
A,PLI_EU27_2020,GDP,FI,2022,124.6,
A,PLI_EU27_2020,GDP,FI,2023,122.2,
A,PLI_EU27_2020,GDP,FI,2024,120.1,
A,PLI_EU27_2020,GDP,FR,1995,118.2,
A,PLI_EU27_2020,GDP,FR,1996,117.0,
A,PLI_EU27_2020,GDP,FR,1997,114.9,
A,PLI_EU27_2020,GDP,FR,1998,114.8,
A,PLI_EU27_2020,GDP,FR,1999,114.0,
A,PLI_EU27_2020,GDP,FR,2000,112.0,
A,PLI_EU27_2020,GDP,FR,2001,110.1,
A,PLI_EU27_2020,GDP,FR,2002,109.9,
A,PLI_EU27_2020,GDP,FR,2003,113.2,
A,PLI_EU27_2020,GDP,FR,2004,114.4,
A,PLI_EU27_2020,GDP,FR,2005,111.9,
A,PLI_EU27_2020,GDP,FR,2006,112.5,
A,PLI_EU27_2020,GDP,FR,2007,112.5,
A,PLI_EU27_2020,GDP,FR,2008,113.6,
A,PLI_EU27_2020,GDP,FR,2009,114.3,
A,PLI_EU27_2020,GDP,FR,2010,112.9,
A,PLI_EU27_2020,GDP,FR,2011,112.9,
A,PLI_EU27_2020,GDP,FR,2012,114.3,
A,PLI_EU27_2020,GDP,FR,2013,112.4,
A,PLI_EU27_2020,GDP,FR,2014,112.7,
A,PLI_EU27_2020,GDP,FR,2015,112.5,
A,PLI_EU27_2020,GDP,FR,2016,112.3,
A,PLI_EU27_2020,GDP,FR,2017,112.1,
A,PLI_EU27_2020,GDP,FR,2018,111.5,
A,PLI_EU27_2020,GDP,FR,2019,108.6,
A,PLI_EU27_2020,GDP,FR,2020,108.5,
A,PLI_EU27_2020,GDP,FR,2021,110.4,
A,PLI_EU27_2020,GDP,FR,2022,110.8,
A,PLI_EU27_2020,GDP,FR,2023,109.3,
A,PLI_EU27_2020,GDP,FR,2024,108.9,
A,PLI_EU27_2020,GDP,IT,1995,84.3,
A,PLI_EU27_2020,GDP,IT,1996,93.1,
A,PLI_EU27_2020,GDP,IT,1997,96.5,
A,PLI_EU27_2020,GDP,IT,1998,95.8,
A,PLI_EU27_2020,GDP,IT,1999,96.5,
A,PLI_EU27_2020,GDP,IT,2000,96.9,
A,PLI_EU27_2020,GDP,IT,2001,98.6,
A,PLI_EU27_2020,GDP,IT,2002,100.4,
A,PLI_EU27_2020,GDP,IT,2003,101.5,
A,PLI_EU27_2020,GDP,IT,2004,104.3,
A,PLI_EU27_2020,GDP,IT,2005,104.4,
A,PLI_EU27_2020,GDP,IT,2006,103.5,
A,PLI_EU27_2020,GDP,IT,2007,102.5,
A,PLI_EU27_2020,GDP,IT,2008,101.0,
A,PLI_EU27_2020,GDP,IT,2009,102.1,
A,PLI_EU27_2020,GDP,IT,2010,102.1,
A,PLI_EU27_2020,GDP,IT,2011,101.8,
A,PLI_EU27_2020,GDP,IT,2012,101.3,
A,PLI_EU27_2020,GDP,IT,2013,102.1,
A,PLI_EU27_2020,GDP,IT,2014,103.2,
A,PLI_EU27_2020,GDP,IT,2015,102.7,
A,PLI_EU27_2020,GDP,IT,2016,100.8,
A,PLI_EU27_2020,GDP,IT,2017,100.4,
A,PLI_EU27_2020,GDP,IT,2018,100.5,
A,PLI_EU27_2020,GDP,IT,2019,99.5,
A,PLI_EU27_2020,GDP,IT,2020,99.0,
A,PLI_EU27_2020,GDP,IT,2021,98.0,
A,PLI_EU27_2020,GDP,IT,2022,96.0,
A,PLI_EU27_2020,GDP,IT,2023,96.2,
A,PLI_EU27_2020,GDP,IT,2024,95.7,
A,PLI_EU27_2020,GDP,NL,1995,114.0,
A,PLI_EU27_2020,GDP,NL,1996,110.0,
A,PLI_EU27_2020,GDP,NL,1997,108.3,
A,PLI_EU27_2020,GDP,NL,1998,108.1,
A,PLI_EU27_2020,GDP,NL,1999,108.5,
A,PLI_EU27_2020,GDP,NL,2000,107.2,
A,PLI_EU27_2020,GDP,NL,2001,109.3,
A,PLI_EU27_2020,GDP,NL,2002,109.9,
A,PLI_EU27_2020,GDP,NL,2003,112.7,
A,PLI_EU27_2020,GDP,NL,2004,111.1,
A,PLI_EU27_2020,GDP,NL,2005,109.5,
A,PLI_EU27_2020,GDP,NL,2006,109.7,
A,PLI_EU27_2020,GDP,NL,2007,108.9,
A,PLI_EU27_2020,GDP,NL,2008,109.2,
A,PLI_EU27_2020,GDP,NL,2009,112.3,
A,PLI_EU27_2020,GDP,NL,2010,112.8,
A,PLI_EU27_2020,GDP,NL,2011,112.2,
A,PLI_EU27_2020,GDP,NL,2012,111.6,
A,PLI_EU27_2020,GDP,NL,2013,110.6,
A,PLI_EU27_2020,GDP,NL,2014,112.8,
A,PLI_EU27_2020,GDP,NL,2015,112.6,
A,PLI_EU27_2020,GDP,NL,2016,114.5,
A,PLI_EU27_2020,GDP,NL,2017,113.9,
A,PLI_EU27_2020,GDP,NL,2018,114.6,
A,PLI_EU27_2020,GDP,NL,2019,118.0,
A,PLI_EU27_2020,GDP,NL,2020,117.1,
A,PLI_EU27_2020,GDP,NL,2021,116.3,
A,PLI_EU27_2020,GDP,NL,2022,116.1,
A,PLI_EU27_2020,GDP,NL,2023,117.6,
A,PLI_EU27_2020,GDP,NL,2024,117.2,
A,PLI_EU27_2020,GDP,PL,1995,43.8,
A,PLI_EU27_2020,GDP,PL,1996,46.6,
A,PLI_EU27_2020,GDP,PL,1997,48.7,
A,PLI_EU27_2020,GDP,PL,1998,50.8,
A,PLI_EU27_2020,GDP,PL,1999,49.2,
A,PLI_EU27_2020,GDP,PL,2000,55.0,
A,PLI_EU27_2020,GDP,PL,2001,60.4,
A,PLI_EU27_2020,GDP,PL,2002,56.9,
A,PLI_EU27_2020,GDP,PL,2003,49.9,
A,PLI_EU27_2020,GDP,PL,2004,49.5,
A,PLI_EU27_2020,GDP,PL,2005,56.7,
A,PLI_EU27_2020,GDP,PL,2006,59.7,
A,PLI_EU27_2020,GDP,PL,2007,62.0,
A,PLI_EU27_2020,GDP,PL,2008,67.6,
A,PLI_EU27_2020,GDP,PL,2009,57.2,
A,PLI_EU27_2020,GDP,PL,2010,59.7,
A,PLI_EU27_2020,GDP,PL,2011,58.7,
A,PLI_EU27_2020,GDP,PL,2012,58.1,
A,PLI_EU27_2020,GDP,PL,2013,58.2,
A,PLI_EU27_2020,GDP,PL,2014,58.9,
A,PLI_EU27_2020,GDP,PL,2015,58.7,
A,PLI_EU27_2020,GDP,PL,2016,57.2,
A,PLI_EU27_2020,GDP,PL,2017,59.6,
A,PLI_EU27_2020,GDP,PL,2018,60.5,
A,PLI_EU27_2020,GDP,PL,2019,60.8,
A,PLI_EU27_2020,GDP,PL,2020,59.8,
A,PLI_EU27_2020,GDP,PL,2021,60.2,
A,PLI_EU27_2020,GDP,PL,2022,62.2,
A,PLI_EU27_2020,GDP,PL,2023,67.6,
A,PLI_EU27_2020,GDP,PL,2024,71.9,
A,PLI_EU27_2020,GDP,PT,1995,75.2,
A,PLI_EU27_2020,GDP,PT,1996,75.9,
A,PLI_EU27_2020,GDP,PT,1997,77.4,
A,PLI_EU27_2020,GDP,PT,1998,78.5,
A,PLI_EU27_2020,GDP,PT,1999,79.1,
A,PLI_EU27_2020,GDP,PT,2000,79.6,
A,PLI_EU27_2020,GDP,PT,2001,81.0,
A,PLI_EU27_2020,GDP,PT,2002,82.0,
A,PLI_EU27_2020,GDP,PT,2003,81.6,
A,PLI_EU27_2020,GDP,PT,2004,82.7,
A,PLI_EU27_2020,GDP,PT,2005,81.1,
A,PLI_EU27_2020,GDP,PT,2006,80.5,
A,PLI_EU27_2020,GDP,PT,2007,81.9,
A,PLI_EU27_2020,GDP,PT,2008,82.0,
A,PLI_EU27_2020,GDP,PT,2009,83.1,
A,PLI_EU27_2020,GDP,PT,2010,82.3,
A,PLI_EU27_2020,GDP,PT,2011,83.6,
A,PLI_EU27_2020,GDP,PT,2012,82.0,
A,PLI_EU27_2020,GDP,PT,2013,80.9,
A,PLI_EU27_2020,GDP,PT,2014,80.8,
A,PLI_EU27_2020,GDP,PT,2015,81.4,
A,PLI_EU27_2020,GDP,PT,2016,82.3,
A,PLI_EU27_2020,GDP,PT,2017,83.8,
A,PLI_EU27_2020,GDP,PT,2018,84.2,
A,PLI_EU27_2020,GDP,PT,2019,84.7,
A,PLI_EU27_2020,GDP,PT,2020,85.0,
A,PLI_EU27_2020,GDP,PT,2021,84.7,
A,PLI_EU27_2020,GDP,PT,2022,83.7,
A,PLI_EU27_2020,GDP,PT,2023,82.3,
A,PLI_EU27_2020,GDP,PT,2024,82.5,
A,PLI_EU27_2020,GDP,SE,1995,119.6,
A,PLI_EU27_2020,GDP,SE,1996,128.2,
A,PLI_EU27_2020,GDP,SE,1997,128.9,
A,PLI_EU27_2020,GDP,SE,1998,126.7,
A,PLI_EU27_2020,GDP,SE,1999,126.4,
A,PLI_EU27_2020,GDP,SE,2000,130.6,
A,PLI_EU27_2020,GDP,SE,2001,122.7,
A,PLI_EU27_2020,GDP,SE,2002,125.3,
A,PLI_EU27_2020,GDP,SE,2003,126.6,
A,PLI_EU27_2020,GDP,SE,2004,124.7,
A,PLI_EU27_2020,GDP,SE,2005,124.7,
A,PLI_EU27_2020,GDP,SE,2006,123.8,
A,PLI_EU27_2020,GDP,SE,2007,121.5,
A,PLI_EU27_2020,GDP,SE,2008,117.7,
A,PLI_EU27_2020,GDP,SE,2009,111.2,
A,PLI_EU27_2020,GDP,SE,2010,125.0,
A,PLI_EU27_2020,GDP,SE,2011,131.4,
A,PLI_EU27_2020,GDP,SE,2012,134.6,
A,PLI_EU27_2020,GDP,SE,2013,137.7,
A,PLI_EU27_2020,GDP,SE,2014,133.8,
A,PLI_EU27_2020,GDP,SE,2015,131.7,
A,PLI_EU27_2020,GDP,SE,2016,134.1,
A,PLI_EU27_2020,GDP,SE,2017,133.8,
A,PLI_EU27_2020,GDP,SE,2018,127.5,
A,PLI_EU27_2020,GDP,SE,2019,124.7,
A,PLI_EU27_2020,GDP,SE,2020,126.0,
A,PLI_EU27_2020,GDP,SE,2021,129.2,
A,PLI_EU27_2020,GDP,SE,2022,126.5,
A,PLI_EU27_2020,GDP,SE,2023,117.7,
A,PLI_EU27_2020,GDP,SE,2024,117.6,
A,PLI_EU27_2020,GDP,UK,1995,102.7,
A,PLI_EU27_2020,GDP,UK,1996,103.4,
A,PLI_EU27_2020,GDP,UK,1997,122.3,
A,PLI_EU27_2020,GDP,UK,1998,128.0,
A,PLI_EU27_2020,GDP,UK,1999,131.8,
A,PLI_EU27_2020,GDP,UK,2000,139.1,
A,PLI_EU27_2020,GDP,UK,2001,134.9,
A,PLI_EU27_2020,GDP,UK,2002,133.8,
A,PLI_EU27_2020,GDP,UK,2003,122.5,
A,PLI_EU27_2020,GDP,UK,2004,124.0,
A,PLI_EU27_2020,GDP,UK,2005,126.3,
A,PLI_EU27_2020,GDP,UK,2006,128.5,
A,PLI_EU27_2020,GDP,UK,2007,131.2,
A,PLI_EU27_2020,GDP,UK,2008,113.6,
A,PLI_EU27_2020,GDP,UK,2009,105.5,
A,PLI_EU27_2020,GDP,UK,2010,108.2,
A,PLI_EU27_2020,GDP,UK,2011,109.2,
A,PLI_EU27_2020,GDP,UK,2012,117.2,
A,PLI_EU27_2020,GDP,UK,2013,113.4,
A,PLI_EU27_2020,GDP,UK,2014,120.9,
A,PLI_EU27_2020,GDP,UK,2015,132.7,
A,PLI_EU27_2020,GDP,UK,2016,121.0,
A,PLI_EU27_2020,GDP,UK,2017,113.7,
A,PLI_EU27_2020,GDP,UK,2018,114.6,
A,PLI_EU27_2020,GDP,UK,2019,117.3,
A,PLI_EU27_2020,GDP,UK,2020,115.0,
A,PLI_EU27_2020,GDP,UK,2021,122.0,
A,PLI_EU27_2020,GDP,UK,2022,119.4,
A,PLI_EU27_2020,GDP,UK,2023,121.1,
A,PLI_EU27_2020,GDP,UK,2024,125.7,
A,PPP_EU27_2020,A01,DE,1995,1.13859,
A,PPP_EU27_2020,A01,DE,1996,1.11584,
A,PPP_EU27_2020,A01,DE,1997,1.13383,
A,PPP_EU27_2020,A01,DE,1998,1.13955,
A,PPP_EU27_2020,A01,DE,1999,1.11952,
A,PPP_EU27_2020,A01,DE,2000,1.11874,
A,PPP_EU27_2020,A01,DE,2001,1.11542,
A,PPP_EU27_2020,A01,DE,2002,1.11172,
A,PPP_EU27_2020,A01,DE,2003,1.08606,
A,PPP_EU27_2020,A01,DE,2004,1.07130,
A,PPP_EU27_2020,A01,DE,2005,1.06420,
A,PPP_EU27_2020,A01,DE,2006,1.06084,
A,PPP_EU27_2020,A01,DE,2007,1.05081,
A,PPP_EU27_2020,A01,DE,2008,1.04745,
A,PPP_EU27_2020,A01,DE,2009,1.05907,
A,PPP_EU27_2020,A01,DE,2010,1.05118,
A,PPP_EU27_2020,A01,DE,2011,1.04241,
A,PPP_EU27_2020,A01,DE,2012,1.04489,
A,PPP_EU27_2020,A01,DE,2013,1.05518,
A,PPP_EU27_2020,A01,DE,2014,1.05682,
A,PPP_EU27_2020,A01,DE,2015,1.06790,
A,PPP_EU27_2020,A01,DE,2016,1.06522,
A,PPP_EU27_2020,A01,DE,2017,1.06443,
A,PPP_EU27_2020,A01,DE,2018,1.06217,
A,PPP_EU27_2020,A01,DE,2019,1.07643,
A,PPP_EU27_2020,A01,DE,2020,1.07968,
A,PPP_EU27_2020,A01,DE,2021,1.08168,
A,PPP_EU27_2020,A01,DE,2022,1.08931,
A,PPP_EU27_2020,A01,DE,2023,1.09020,
A,PPP_EU27_2020,A01,DE,2024,1.09103,
A,PPP_EU27_2020,A01,EA19,1995,1.05807,
A,PPP_EU27_2020,A01,EA19,1996,1.05711,
A,PPP_EU27_2020,A01,EA19,1997,1.05152,
A,PPP_EU27_2020,A01,EA19,1998,1.04958,
A,PPP_EU27_2020,A01,EA19,1999,1.05135,
A,PPP_EU27_2020,A01,EA19,2000,1.04421,
A,PPP_EU27_2020,A01,EA19,2001,1.04379,
A,PPP_EU27_2020,A01,EA19,2002,1.04439,
A,PPP_EU27_2020,A01,EA19,2003,1.04972,
A,PPP_EU27_2020,A01,EA19,2004,1.05224,
A,PPP_EU27_2020,A01,EA19,2005,1.04414,
A,PPP_EU27_2020,A01,EA19,2006,1.04317,
A,PPP_EU27_2020,A01,EA19,2007,1.04454,
A,PPP_EU27_2020,A01,EA19,2008,1.04384,
A,PPP_EU27_2020,A01,EA19,2009,1.05674,
A,PPP_EU27_2020,A01,EA19,2010,1.05358,
A,PPP_EU27_2020,A01,EA19,2011,1.05409,
A,PPP_EU27_2020,A01,EA19,2012,1.05597,
A,PPP_EU27_2020,A01,EA19,2013,1.05343,
A,PPP_EU27_2020,A01,EA19,2014,1.05635,
A,PPP_EU27_2020,A01,EA19,2015,1.05789,
A,PPP_EU27_2020,A01,EA19,2016,1.05856,
A,PPP_EU27_2020,A01,EA19,2017,1.05786,
A,PPP_EU27_2020,A01,EA19,2018,1.06022,
A,PPP_EU27_2020,A01,EA19,2019,1.06191,
A,PPP_EU27_2020,A01,EA19,2020,1.06569,
A,PPP_EU27_2020,A01,EA19,2021,1.06253,
A,PPP_EU27_2020,A01,EA19,2022,1.05881,
A,PPP_EU27_2020,A01,EA19,2023,1.05303,
A,PPP_EU27_2020,A01,EA19,2024,1.04987,
A,PPP_EU27_2020,A01,EA20,1995,1.05510,
A,PPP_EU27_2020,A01,EA20,1996,1.05416,
A,PPP_EU27_2020,A01,EA20,1997,1.04847,
A,PPP_EU27_2020,A01,EA20,1998,1.04678,
A,PPP_EU27_2020,A01,EA20,1999,1.04861,
A,PPP_EU27_2020,A01,EA20,2000,1.04156,
A,PPP_EU27_2020,A01,EA20,2001,1.04130,
A,PPP_EU27_2020,A01,EA20,2002,1.04175,
A,PPP_EU27_2020,A01,EA20,2003,1.04694,
A,PPP_EU27_2020,A01,EA20,2004,1.04954,
A,PPP_EU27_2020,A01,EA20,2005,1.04170,
A,PPP_EU27_2020,A01,EA20,2006,1.04074,
A,PPP_EU27_2020,A01,EA20,2007,1.04195,
A,PPP_EU27_2020,A01,EA20,2008,1.04128,
A,PPP_EU27_2020,A01,EA20,2009,1.05420,
A,PPP_EU27_2020,A01,EA20,2010,1.05116,
A,PPP_EU27_2020,A01,EA20,2011,1.05148,
A,PPP_EU27_2020,A01,EA20,2012,1.05318,
A,PPP_EU27_2020,A01,EA20,2013,1.05054,
A,PPP_EU27_2020,A01,EA20,2014,1.05341,
A,PPP_EU27_2020,A01,EA20,2015,1.05492,
A,PPP_EU27_2020,A01,EA20,2016,1.05556,
A,PPP_EU27_2020,A01,EA20,2017,1.05488,
A,PPP_EU27_2020,A01,EA20,2018,1.05731,
A,PPP_EU27_2020,A01,EA20,2019,1.05900,
A,PPP_EU27_2020,A01,EA20,2020,1.06261,
A,PPP_EU27_2020,A01,EA20,2021,1.05922,
A,PPP_EU27_2020,A01,EA20,2022,1.05580,
A,PPP_EU27_2020,A01,EA20,2023,1.05025,
A,PPP_EU27_2020,A01,EA20,2024,1.04721,
A,PPP_EU27_2020,A01,ES,1995,0.871299,
A,PPP_EU27_2020,A01,ES,1996,0.875475,
A,PPP_EU27_2020,A01,ES,1997,0.883623,
A,PPP_EU27_2020,A01,ES,1998,0.889105,
A,PPP_EU27_2020,A01,ES,1999,0.905265,
A,PPP_EU27_2020,A01,ES,2000,0.901401,
A,PPP_EU27_2020,A01,ES,2001,0.901608,
A,PPP_EU27_2020,A01,ES,2002,0.895421,
A,PPP_EU27_2020,A01,ES,2003,0.914896,
A,PPP_EU27_2020,A01,ES,2004,0.931220,
A,PPP_EU27_2020,A01,ES,2005,0.934121,
A,PPP_EU27_2020,A01,ES,2006,0.935334,
A,PPP_EU27_2020,A01,ES,2007,0.962963,
A,PPP_EU27_2020,A01,ES,2008,0.970830,
A,PPP_EU27_2020,A01,ES,2009,0.987391,
A,PPP_EU27_2020,A01,ES,2010,1.00642,
A,PPP_EU27_2020,A01,ES,2011,1.00450,
A,PPP_EU27_2020,A01,ES,2012,0.990027,
A,PPP_EU27_2020,A01,ES,2013,0.978334,
A,PPP_EU27_2020,A01,ES,2014,0.965070,
A,PPP_EU27_2020,A01,ES,2015,0.957223,
A,PPP_EU27_2020,A01,ES,2016,0.962127,
A,PPP_EU27_2020,A01,ES,2017,0.954950,
A,PPP_EU27_2020,A01,ES,2018,0.968099,
A,PPP_EU27_2020,A01,ES,2019,0.963820,
A,PPP_EU27_2020,A01,ES,2020,0.990189,
A,PPP_EU27_2020,A01,ES,2021,0.953123,
A,PPP_EU27_2020,A01,ES,2022,0.934345,
A,PPP_EU27_2020,A01,ES,2023,0.910832,
A,PPP_EU27_2020,A01,ES,2024,0.907025,
A,PPP_EU27_2020,A01,EU27_2020,1995,1.00000,
A,PPP_EU27_2020,A01,EU27_2020,1996,1.00000,
A,PPP_EU27_2020,A01,EU27_2020,1997,1.00000,
A,PPP_EU27_2020,A01,EU27_2020,1998,1.000000,
A,PPP_EU27_2020,A01,EU27_2020,1999,1.000000,
A,PPP_EU27_2020,A01,EU27_2020,2000,1.000000,
A,PPP_EU27_2020,A01,EU27_2020,2001,1.00000,
A,PPP_EU27_2020,A01,EU27_2020,2002,1.000000,
A,PPP_EU27_2020,A01,EU27_2020,2003,1.00000,
A,PPP_EU27_2020,A01,EU27_2020,2004,1.000000,
A,PPP_EU27_2020,A01,EU27_2020,2005,1.000000,
A,PPP_EU27_2020,A01,EU27_2020,2006,1.00000,
A,PPP_EU27_2020,A01,EU27_2020,2007,1.000000,
A,PPP_EU27_2020,A01,EU27_2020,2008,1.00000,
A,PPP_EU27_2020,A01,EU27_2020,2009,1.000000,
A,PPP_EU27_2020,A01,EU27_2020,2010,1.000000,
A,PPP_EU27_2020,A01,EU27_2020,2011,1.00000,
A,PPP_EU27_2020,A01,EU27_2020,2012,1.00000,
A,PPP_EU27_2020,A01,EU27_2020,2013,1.00000,
A,PPP_EU27_2020,A01,EU27_2020,2014,1.000000,
A,PPP_EU27_2020,A01,EU27_2020,2015,1.00000,
A,PPP_EU27_2020,A01,EU27_2020,2016,1.00000,
A,PPP_EU27_2020,A01,EU27_2020,2017,1.000000,
A,PPP_EU27_2020,A01,EU27_2020,2018,1.000000,
A,PPP_EU27_2020,A01,EU27_2020,2019,1.00000,
A,PPP_EU27_2020,A01,EU27_2020,2020,1.00000,
A,PPP_EU27_2020,A01,EU27_2020,2021,1.00000,
A,PPP_EU27_2020,A01,EU27_2020,2022,1.00000,
A,PPP_EU27_2020,A01,EU27_2020,2023,1.00000,
A,PPP_EU27_2020,A01,EU27_2020,2024,1.00000,
A,PPP_EU27_2020,A01,EU28,1995,1.01186,
A,PPP_EU27_2020,A01,EU28,1996,1.01253,
A,PPP_EU27_2020,A01,EU28,1997,1.04359,
A,PPP_EU27_2020,A01,EU28,1998,1.05294,
A,PPP_EU27_2020,A01,EU28,1999,1.05834,
A,PPP_EU27_2020,A01,EU28,2000,1.06957,
A,PPP_EU27_2020,A01,EU28,2001,1.06202,
A,PPP_EU27_2020,A01,EU28,2002,1.06162,
A,PPP_EU27_2020,A01,EU28,2003,1.04289,
A,PPP_EU27_2020,A01,EU28,2004,1.04426,
A,PPP_EU27_2020,A01,EU28,2005,1.04767,
A,PPP_EU27_2020,A01,EU28,2006,1.04853,
A,PPP_EU27_2020,A01,EU28,2007,1.05092,
A,PPP_EU27_2020,A01,EU28,2008,1.02527,
A,PPP_EU27_2020,A01,EU28,2009,1.01287,
A,PPP_EU27_2020,A01,EU28,2010,1.01948,
A,PPP_EU27_2020,A01,EU28,2011,1.01926,
A,PPP_EU27_2020,A01,EU28,2012,1.03261,
A,PPP_EU27_2020,A01,EU28,2013,1.02971,
A,PPP_EU27_2020,A01,EU28,2014,1.04207,
A,PPP_EU27_2020,A01,EU28,2015,1.06317,
A,PPP_EU27_2020,A01,EU28,2016,1.04321,
A,PPP_EU27_2020,A01,EU28,2017,1.03119,
A,PPP_EU27_2020,A01,EU28,2018,1.03206,
A,PPP_EU27_2020,A01,EU28,2019,1.03601,
A,PPP_EU27_2020,A01,EU28,2020,1.03118,
A,PPP_EU27_2020,A01,FI,1995,1.26954,
A,PPP_EU27_2020,A01,FI,1996,1.25387,
A,PPP_EU27_2020,A01,FI,1997,1.26094,
A,PPP_EU27_2020,A01,FI,1998,1.27086,
A,PPP_EU27_2020,A01,FI,1999,1.26351,
A,PPP_EU27_2020,A01,FI,2000,1.26032,
A,PPP_EU27_2020,A01,FI,2001,1.29460,
A,PPP_EU27_2020,A01,FI,2002,1.29865,
A,PPP_EU27_2020,A01,FI,2003,1.30072,
A,PPP_EU27_2020,A01,FI,2004,1.27288,
A,PPP_EU27_2020,A01,FI,2005,1.27206,
A,PPP_EU27_2020,A01,FI,2006,1.24997,
A,PPP_EU27_2020,A01,FI,2007,1.20902,
A,PPP_EU27_2020,A01,FI,2008,1.20528,
A,PPP_EU27_2020,A01,FI,2009,1.22561,
A,PPP_EU27_2020,A01,FI,2010,1.22749,
A,PPP_EU27_2020,A01,FI,2011,1.23972,
A,PPP_EU27_2020,A01,FI,2012,1.25828,
A,PPP_EU27_2020,A01,FI,2013,1.27620,
A,PPP_EU27_2020,A01,FI,2014,1.27995,
A,PPP_EU27_2020,A01,FI,2015,1.27215,
A,PPP_EU27_2020,A01,FI,2016,1.27754,
A,PPP_EU27_2020,A01,FI,2017,1.26288,
A,PPP_EU27_2020,A01,FI,2018,1.26713,
A,PPP_EU27_2020,A01,FI,2019,1.28452,
A,PPP_EU27_2020,A01,FI,2020,1.28353,
A,PPP_EU27_2020,A01,FI,2021,1.28547,
A,PPP_EU27_2020,A01,FI,2022,1.28927,
A,PPP_EU27_2020,A01,FI,2023,1.28061,
A,PPP_EU27_2020,A01,FI,2024,1.27167,
A,PPP_EU27_2020,A01,FR,1995,1.16176,
A,PPP_EU27_2020,A01,FR,1996,1.14304,
A,PPP_EU27_2020,A01,FR,1997,1.14154,
A,PPP_EU27_2020,A01,FR,1998,1.13800,
A,PPP_EU27_2020,A01,FR,1999,1.12303,
A,PPP_EU27_2020,A01,FR,2000,1.09800,
A,PPP_EU27_2020,A01,FR,2001,1.07707,
A,PPP_EU27_2020,A01,FR,2002,1.07502,
A,PPP_EU27_2020,A01,FR,2003,1.11079,
A,PPP_EU27_2020,A01,FR,2004,1.12615,
A,PPP_EU27_2020,A01,FR,2005,1.10353,
A,PPP_EU27_2020,A01,FR,2006,1.11117,
A,PPP_EU27_2020,A01,FR,2007,1.11104,
A,PPP_EU27_2020,A01,FR,2008,1.12037,
A,PPP_EU27_2020,A01,FR,2009,1.12598,
A,PPP_EU27_2020,A01,FR,2010,1.12065,
A,PPP_EU27_2020,A01,FR,2011,1.11804,
A,PPP_EU27_2020,A01,FR,2012,1.12259,
A,PPP_EU27_2020,A01,FR,2013,1.10074,
A,PPP_EU27_2020,A01,FR,2014,1.10434,
A,PPP_EU27_2020,A01,FR,2015,1.10540,
A,PPP_EU27_2020,A01,FR,2016,1.10207,
A,PPP_EU27_2020,A01,FR,2017,1.10582,
A,PPP_EU27_2020,A01,FR,2018,1.10929,
A,PPP_EU27_2020,A01,FR,2019,1.09621,
A,PPP_EU27_2020,A01,FR,2020,1.08871,
A,PPP_EU27_2020,A01,FR,2021,1.10374,
A,PPP_EU27_2020,A01,FR,2022,1.09511,
A,PPP_EU27_2020,A01,FR,2023,1.09073,
A,PPP_EU27_2020,A01,FR,2024,1.07879,
A,PPP_EU27_2020,A01,IT,1995,0.978908,
A,PPP_EU27_2020,A01,IT,1996,0.997878,
A,PPP_EU27_2020,A01,IT,1997,1.01429,
A,PPP_EU27_2020,A01,IT,1998,1.01475,
A,PPP_EU27_2020,A01,IT,1999,1.02061,
A,PPP_EU27_2020,A01,IT,2000,1.02798,
A,PPP_EU27_2020,A01,IT,2001,1.04500,
A,PPP_EU27_2020,A01,IT,2002,1.06581,
A,PPP_EU27_2020,A01,IT,2003,1.06722,
A,PPP_EU27_2020,A01,IT,2004,1.08135,
A,PPP_EU27_2020,A01,IT,2005,1.07965,
A,PPP_EU27_2020,A01,IT,2006,1.07050,
A,PPP_EU27_2020,A01,IT,2007,1.05972,
A,PPP_EU27_2020,A01,IT,2008,1.03827,
A,PPP_EU27_2020,A01,IT,2009,1.04887,
A,PPP_EU27_2020,A01,IT,2010,1.02411,
A,PPP_EU27_2020,A01,IT,2011,1.03500,
A,PPP_EU27_2020,A01,IT,2012,1.04416,
A,PPP_EU27_2020,A01,IT,2013,1.05223,
A,PPP_EU27_2020,A01,IT,2014,1.06821,
A,PPP_EU27_2020,A01,IT,2015,1.06684,
A,PPP_EU27_2020,A01,IT,2016,1.05275,
A,PPP_EU27_2020,A01,IT,2017,1.04683,
A,PPP_EU27_2020,A01,IT,2018,1.04379,
A,PPP_EU27_2020,A01,IT,2019,1.02934,
A,PPP_EU27_2020,A01,IT,2020,1.02584,
A,PPP_EU27_2020,A01,IT,2021,1.02249,
A,PPP_EU27_2020,A01,IT,2022,1.00608,
A,PPP_EU27_2020,A01,IT,2023,0.984169,
A,PPP_EU27_2020,A01,IT,2024,0.981481,
A,PPP_EU27_2020,A01,NL,1995,1.06744,
A,PPP_EU27_2020,A01,NL,1996,1.04904,
A,PPP_EU27_2020,A01,NL,1997,1.06755,
A,PPP_EU27_2020,A01,NL,1998,1.07273,
A,PPP_EU27_2020,A01,NL,1999,1.06553,
A,PPP_EU27_2020,A01,NL,2000,1.04539,
A,PPP_EU27_2020,A01,NL,2001,1.06578,
A,PPP_EU27_2020,A01,NL,2002,1.06856,
A,PPP_EU27_2020,A01,NL,2003,1.10882,
A,PPP_EU27_2020,A01,NL,2004,1.09261,
A,PPP_EU27_2020,A01,NL,2005,1.07817,
A,PPP_EU27_2020,A01,NL,2006,1.07267,
A,PPP_EU27_2020,A01,NL,2007,1.06639,
A,PPP_EU27_2020,A01,NL,2008,1.06870,
A,PPP_EU27_2020,A01,NL,2009,1.09868,
A,PPP_EU27_2020,A01,NL,2010,1.14534,
A,PPP_EU27_2020,A01,NL,2011,1.14898,
A,PPP_EU27_2020,A01,NL,2012,1.14947,
A,PPP_EU27_2020,A01,NL,2013,1.15122,
A,PPP_EU27_2020,A01,NL,2014,1.16518,
A,PPP_EU27_2020,A01,NL,2015,1.16503,
A,PPP_EU27_2020,A01,NL,2016,1.18664,
A,PPP_EU27_2020,A01,NL,2017,1.17696,
A,PPP_EU27_2020,A01,NL,2018,1.17691,
A,PPP_EU27_2020,A01,NL,2019,1.20869,
A,PPP_EU27_2020,A01,NL,2020,1.20936,
A,PPP_EU27_2020,A01,NL,2021,1.20624,
A,PPP_EU27_2020,A01,NL,2022,1.19352,
A,PPP_EU27_2020,A01,NL,2023,1.21104,
A,PPP_EU27_2020,A01,NL,2024,1.21043,
A,PPP_EU27_2020,A01,PL,1995,1.33540,
A,PPP_EU27_2020,A01,PL,1996,1.54266,
A,PPP_EU27_2020,A01,PL,1997,1.75876,
A,PPP_EU27_2020,A01,PL,1998,1.92662,
A,PPP_EU27_2020,A01,PL,1999,2.02465,
A,PPP_EU27_2020,A01,PL,2000,2.16655,
A,PPP_EU27_2020,A01,PL,2001,2.19964,
A,PPP_EU27_2020,A01,PL,2002,2.18577,
A,PPP_EU27_2020,A01,PL,2003,2.16509,
A,PPP_EU27_2020,A01,PL,2004,2.20766,
A,PPP_EU27_2020,A01,PL,2005,2.27207,
A,PPP_EU27_2020,A01,PL,2006,2.27843,
A,PPP_EU27_2020,A01,PL,2007,2.21206,
A,PPP_EU27_2020,A01,PL,2008,2.25357,
A,PPP_EU27_2020,A01,PL,2009,2.32783,
A,PPP_EU27_2020,A01,PL,2010,2.24754,
A,PPP_EU27_2020,A01,PL,2011,2.25681,
A,PPP_EU27_2020,A01,PL,2012,2.25067,
A,PPP_EU27_2020,A01,PL,2013,2.26493,
A,PPP_EU27_2020,A01,PL,2014,2.28971,
A,PPP_EU27_2020,A01,PL,2015,2.27549,
A,PPP_EU27_2020,A01,PL,2016,2.31196,
A,PPP_EU27_2020,A01,PL,2017,2.36589,
A,PPP_EU27_2020,A01,PL,2018,2.40569,
A,PPP_EU27_2020,A01,PL,2019,2.44621,
A,PPP_EU27_2020,A01,PL,2020,2.47931,
A,PPP_EU27_2020,A01,PL,2021,2.59490,
A,PPP_EU27_2020,A01,PL,2022,2.76827,
A,PPP_EU27_2020,A01,PL,2023,2.96622,
A,PPP_EU27_2020,A01,PL,2024,3.02205,
A,PPP_EU27_2020,A01,PT,1995,0.762572,
A,PPP_EU27_2020,A01,PT,1996,0.768323,
A,PPP_EU27_2020,A01,PT,1997,0.793979,
A,PPP_EU27_2020,A01,PT,1998,0.823336,
A,PPP_EU27_2020,A01,PT,1999,0.823180,
A,PPP_EU27_2020,A01,PT,2000,0.826620,
A,PPP_EU27_2020,A01,PT,2001,0.839343,
A,PPP_EU27_2020,A01,PT,2002,0.857948,
A,PPP_EU27_2020,A01,PT,2003,0.849830,
A,PPP_EU27_2020,A01,PT,2004,0.855867,
A,PPP_EU27_2020,A01,PT,2005,0.839609,
A,PPP_EU27_2020,A01,PT,2006,0.834457,
A,PPP_EU27_2020,A01,PT,2007,0.850538,
A,PPP_EU27_2020,A01,PT,2008,0.851119,
A,PPP_EU27_2020,A01,PT,2009,0.862778,
A,PPP_EU27_2020,A01,PT,2010,0.866509,
A,PPP_EU27_2020,A01,PT,2011,0.869309,
A,PPP_EU27_2020,A01,PT,2012,0.854269,
A,PPP_EU27_2020,A01,PT,2013,0.834421,
A,PPP_EU27_2020,A01,PT,2014,0.837051,
A,PPP_EU27_2020,A01,PT,2015,0.837180,
A,PPP_EU27_2020,A01,PT,2016,0.851200,
A,PPP_EU27_2020,A01,PT,2017,0.864755,
A,PPP_EU27_2020,A01,PT,2018,0.859046,
A,PPP_EU27_2020,A01,PT,2019,0.868166,
A,PPP_EU27_2020,A01,PT,2020,0.880826,
A,PPP_EU27_2020,A01,PT,2021,0.864642,
A,PPP_EU27_2020,A01,PT,2022,0.852387,
A,PPP_EU27_2020,A01,PT,2023,0.846407,
A,PPP_EU27_2020,A01,PT,2024,0.850377,
A,PPP_EU27_2020,A01,SE,1995,11.7514,
A,PPP_EU27_2020,A01,SE,1996,11.5680,
A,PPP_EU27_2020,A01,SE,1997,11.8262,
A,PPP_EU27_2020,A01,SE,1998,11.9181,
A,PPP_EU27_2020,A01,SE,1999,11.6409,
A,PPP_EU27_2020,A01,SE,2000,11.4577,
A,PPP_EU27_2020,A01,SE,2001,11.7643,
A,PPP_EU27_2020,A01,SE,2002,11.8955,
A,PPP_EU27_2020,A01,SE,2003,12.0236,
A,PPP_EU27_2020,A01,SE,2004,11.8945,
A,PPP_EU27_2020,A01,SE,2005,11.8443,
A,PPP_EU27_2020,A01,SE,2006,11.6341,
A,PPP_EU27_2020,A01,SE,2007,11.4310,
A,PPP_EU27_2020,A01,SE,2008,11.4018,
A,PPP_EU27_2020,A01,SE,2009,11.7759,
A,PPP_EU27_2020,A01,SE,2010,12.1208,
A,PPP_EU27_2020,A01,SE,2011,12.1293,
A,PPP_EU27_2020,A01,SE,2012,12.0727,
A,PPP_EU27_2020,A01,SE,2013,12.5045,
A,PPP_EU27_2020,A01,SE,2014,12.6610,
A,PPP_EU27_2020,A01,SE,2015,12.8136,
A,PPP_EU27_2020,A01,SE,2016,13.2991,
A,PPP_EU27_2020,A01,SE,2017,13.4905,
A,PPP_EU27_2020,A01,SE,2018,13.7342,
A,PPP_EU27_2020,A01,SE,2019,13.8891,
A,PPP_EU27_2020,A01,SE,2020,14.0356,
A,PPP_EU27_2020,A01,SE,2021,13.8796,
A,PPP_EU27_2020,A01,SE,2022,13.8616,
A,PPP_EU27_2020,A01,SE,2023,14.0250,
A,PPP_EU27_2020,A01,SE,2024,14.0588,
A,PPP_EU27_2020,A01,UK,1995,0.898981,
A,PPP_EU27_2020,A01,UK,1996,0.884541,
A,PPP_EU27_2020,A01,UK,1997,0.898092,
A,PPP_EU27_2020,A01,UK,1998,0.922901,
A,PPP_EU27_2020,A01,UK,1999,0.922457,
A,PPP_EU27_2020,A01,UK,2000,0.894633,
A,PPP_EU27_2020,A01,UK,2001,0.877074,
A,PPP_EU27_2020,A01,UK,2002,0.886111,
A,PPP_EU27_2020,A01,UK,2003,0.885527,
A,PPP_EU27_2020,A01,UK,2004,0.869355,
A,PPP_EU27_2020,A01,UK,2005,0.895228,
A,PPP_EU27_2020,A01,UK,2006,0.897492,
A,PPP_EU27_2020,A01,UK,2007,0.915872,
A,PPP_EU27_2020,A01,UK,2008,0.932249,
A,PPP_EU27_2020,A01,UK,2009,0.970491,
A,PPP_EU27_2020,A01,UK,2010,0.974404,
A,PPP_EU27_2020,A01,UK,2011,0.984979,
A,PPP_EU27_2020,A01,UK,2012,0.993882,
A,PPP_EU27_2020,A01,UK,2013,1.02284,
A,PPP_EU27_2020,A01,UK,2014,1.03753,
A,PPP_EU27_2020,A01,UK,2015,1.03988,
A,PPP_EU27_2020,A01,UK,2016,1.06213,
A,PPP_EU27_2020,A01,UK,2017,1.06492,
A,PPP_EU27_2020,A01,UK,2018,1.08163,
A,PPP_EU27_2020,A01,UK,2019,1.10007,
A,PPP_EU27_2020,A01,UK,2020,1.08988,
A,PPP_EU27_2020,A01,UK,2021,1.11091,
A,PPP_EU27_2020,A01,UK,2022,1.06751,
A,PPP_EU27_2020,A01,UK,2023,1.06923,
A,PPP_EU27_2020,A01,UK,2024,1.09271,
A,PPP_EU27_2020,E011,DE,1995,1.13062,
A,PPP_EU27_2020,E011,DE,1996,1.10825,
A,PPP_EU27_2020,E011,DE,1997,1.12344,
A,PPP_EU27_2020,E011,DE,1998,1.12603,
A,PPP_EU27_2020,E011,DE,1999,1.11053,
A,PPP_EU27_2020,E011,DE,2000,1.11113,
A,PPP_EU27_2020,E011,DE,2001,1.10715,
A,PPP_EU27_2020,E011,DE,2002,1.10590,
A,PPP_EU27_2020,E011,DE,2003,1.09670,
A,PPP_EU27_2020,E011,DE,2004,1.08000,
A,PPP_EU27_2020,E011,DE,2005,1.07321,
A,PPP_EU27_2020,E011,DE,2006,1.06925,
A,PPP_EU27_2020,E011,DE,2007,1.06166,
A,PPP_EU27_2020,E011,DE,2008,1.05882,
A,PPP_EU27_2020,E011,DE,2009,1.06909,
A,PPP_EU27_2020,E011,DE,2010,1.06112,
A,PPP_EU27_2020,E011,DE,2011,1.04893,
A,PPP_EU27_2020,E011,DE,2012,1.04905,
A,PPP_EU27_2020,E011,DE,2013,1.06121,
A,PPP_EU27_2020,E011,DE,2014,1.05979,
A,PPP_EU27_2020,E011,DE,2015,1.07002,
A,PPP_EU27_2020,E011,DE,2016,1.07080,
A,PPP_EU27_2020,E011,DE,2017,1.06536,
A,PPP_EU27_2020,E011,DE,2018,1.05785,
A,PPP_EU27_2020,E011,DE,2019,1.07041,
A,PPP_EU27_2020,E011,DE,2020,1.06919,
A,PPP_EU27_2020,E011,DE,2021,1.07196,
A,PPP_EU27_2020,E011,DE,2022,1.08427,
A,PPP_EU27_2020,E011,DE,2023,1.08504,
A,PPP_EU27_2020,E011,DE,2024,1.08636,
A,PPP_EU27_2020,E011,EA19,1995,1.05009,
A,PPP_EU27_2020,E011,EA19,1996,1.04987,
A,PPP_EU27_2020,E011,EA19,1997,1.04447,
A,PPP_EU27_2020,E011,EA19,1998,1.04275,
A,PPP_EU27_2020,E011,EA19,1999,1.04417,
A,PPP_EU27_2020,E011,EA19,2000,1.03801,
A,PPP_EU27_2020,E011,EA19,2001,1.03738,
A,PPP_EU27_2020,E011,EA19,2002,1.03820,
A,PPP_EU27_2020,E011,EA19,2003,1.04455,
A,PPP_EU27_2020,E011,EA19,2004,1.04753,
A,PPP_EU27_2020,E011,EA19,2005,1.03890,
A,PPP_EU27_2020,E011,EA19,2006,1.03807,
A,PPP_EU27_2020,E011,EA19,2007,1.03916,
A,PPP_EU27_2020,E011,EA19,2008,1.03902,
A,PPP_EU27_2020,E011,EA19,2009,1.05196,
A,PPP_EU27_2020,E011,EA19,2010,1.04738,
A,PPP_EU27_2020,E011,EA19,2011,1.04915,
A,PPP_EU27_2020,E011,EA19,2012,1.05210,
A,PPP_EU27_2020,E011,EA19,2013,1.05095,
A,PPP_EU27_2020,E011,EA19,2014,1.05375,
A,PPP_EU27_2020,E011,EA19,2015,1.05559,
A,PPP_EU27_2020,E011,EA19,2016,1.05674,
A,PPP_EU27_2020,E011,EA19,2017,1.05511,
A,PPP_EU27_2020,E011,EA19,2018,1.05685,
A,PPP_EU27_2020,E011,EA19,2019,1.05826,
A,PPP_EU27_2020,E011,EA19,2020,1.06093,
A,PPP_EU27_2020,E011,EA19,2021,1.05654,
A,PPP_EU27_2020,E011,EA19,2022,1.05433,
A,PPP_EU27_2020,E011,EA19,2023,1.04844,
A,PPP_EU27_2020,E011,EA19,2024,1.04531,
A,PPP_EU27_2020,E011,EA20,1995,1.04777,
A,PPP_EU27_2020,E011,EA20,1996,1.04757,
A,PPP_EU27_2020,E011,EA20,1997,1.04207,
A,PPP_EU27_2020,E011,EA20,1998,1.04053,
A,PPP_EU27_2020,E011,EA20,1999,1.04194,
A,PPP_EU27_2020,E011,EA20,2000,1.03582,
A,PPP_EU27_2020,E011,EA20,2001,1.03533,
A,PPP_EU27_2020,E011,EA20,2002,1.03601,
A,PPP_EU27_2020,E011,EA20,2003,1.04216,
A,PPP_EU27_2020,E011,EA20,2004,1.04521,
A,PPP_EU27_2020,E011,EA20,2005,1.03685,
A,PPP_EU27_2020,E011,EA20,2006,1.03603,
A,PPP_EU27_2020,E011,EA20,2007,1.03702,
A,PPP_EU27_2020,E011,EA20,2008,1.03682,
A,PPP_EU27_2020,E011,EA20,2009,1.04978,
A,PPP_EU27_2020,E011,EA20,2010,1.04526,
A,PPP_EU27_2020,E011,EA20,2011,1.04685,
A,PPP_EU27_2020,E011,EA20,2012,1.04961,
A,PPP_EU27_2020,E011,EA20,2013,1.04837,
A,PPP_EU27_2020,E011,EA20,2014,1.05111,
A,PPP_EU27_2020,E011,EA20,2015,1.05292,
A,PPP_EU27_2020,E011,EA20,2016,1.05412,
A,PPP_EU27_2020,E011,EA20,2017,1.05254,
A,PPP_EU27_2020,E011,EA20,2018,1.05436,
A,PPP_EU27_2020,E011,EA20,2019,1.05576,
A,PPP_EU27_2020,E011,EA20,2020,1.05830,
A,PPP_EU27_2020,E011,EA20,2021,1.05364,
A,PPP_EU27_2020,E011,EA20,2022,1.05168,
A,PPP_EU27_2020,E011,EA20,2023,1.04599,
A,PPP_EU27_2020,E011,EA20,2024,1.04295,
A,PPP_EU27_2020,E011,ES,1995,0.878687,
A,PPP_EU27_2020,E011,ES,1996,0.884069,
A,PPP_EU27_2020,E011,ES,1997,0.894287,
A,PPP_EU27_2020,E011,ES,1998,0.897990,
A,PPP_EU27_2020,E011,ES,1999,0.907867,
A,PPP_EU27_2020,E011,ES,2000,0.906443,
A,PPP_EU27_2020,E011,ES,2001,0.904320,
A,PPP_EU27_2020,E011,ES,2002,0.896292,
A,PPP_EU27_2020,E011,ES,2003,0.911650,
A,PPP_EU27_2020,E011,ES,2004,0.937027,
A,PPP_EU27_2020,E011,ES,2005,0.938689,
A,PPP_EU27_2020,E011,ES,2006,0.941617,
A,PPP_EU27_2020,E011,ES,2007,0.963530,
A,PPP_EU27_2020,E011,ES,2008,0.969095,
A,PPP_EU27_2020,E011,ES,2009,0.990390,
A,PPP_EU27_2020,E011,ES,2010,0.996863,
A,PPP_EU27_2020,E011,ES,2011,0.999738,
A,PPP_EU27_2020,E011,ES,2012,0.992096,
A,PPP_EU27_2020,E011,ES,2013,0.973396,
A,PPP_EU27_2020,E011,ES,2014,0.962333,
A,PPP_EU27_2020,E011,ES,2015,0.948318,
A,PPP_EU27_2020,E011,ES,2016,0.953242,
A,PPP_EU27_2020,E011,ES,2017,0.947322,
A,PPP_EU27_2020,E011,ES,2018,0.963733,
A,PPP_EU27_2020,E011,ES,2019,0.959524,
A,PPP_EU27_2020,E011,ES,2020,0.978260,
A,PPP_EU27_2020,E011,ES,2021,0.944738,
A,PPP_EU27_2020,E011,ES,2022,0.936213,
A,PPP_EU27_2020,E011,ES,2023,0.910579,
A,PPP_EU27_2020,E011,ES,2024,0.908923,
A,PPP_EU27_2020,E011,EU27_2020,1995,1.00000,
A,PPP_EU27_2020,E011,EU27_2020,1996,1.000000,
A,PPP_EU27_2020,E011,EU27_2020,1997,1.000000,
A,PPP_EU27_2020,E011,EU27_2020,1998,1.00000,
A,PPP_EU27_2020,E011,EU27_2020,1999,1.00000,
A,PPP_EU27_2020,E011,EU27_2020,2000,1.000000,
A,PPP_EU27_2020,E011,EU27_2020,2001,1.00000,
A,PPP_EU27_2020,E011,EU27_2020,2002,1.00000,
A,PPP_EU27_2020,E011,EU27_2020,2003,1.000000,
A,PPP_EU27_2020,E011,EU27_2020,2004,1.00000,
A,PPP_EU27_2020,E011,EU27_2020,2005,1.00000,
A,PPP_EU27_2020,E011,EU27_2020,2006,1.000000,
A,PPP_EU27_2020,E011,EU27_2020,2007,1.00000,
A,PPP_EU27_2020,E011,EU27_2020,2008,1.000000,
A,PPP_EU27_2020,E011,EU27_2020,2009,1.00000,
A,PPP_EU27_2020,E011,EU27_2020,2010,1.00000,
A,PPP_EU27_2020,E011,EU27_2020,2011,1.000000,
A,PPP_EU27_2020,E011,EU27_2020,2012,1.00000,
A,PPP_EU27_2020,E011,EU27_2020,2013,1.000000,
A,PPP_EU27_2020,E011,EU27_2020,2014,1.000000,
A,PPP_EU27_2020,E011,EU27_2020,2015,1.00000,
A,PPP_EU27_2020,E011,EU27_2020,2016,1.00000,
A,PPP_EU27_2020,E011,EU27_2020,2017,1.000000,
A,PPP_EU27_2020,E011,EU27_2020,2018,1.00000,
A,PPP_EU27_2020,E011,EU27_2020,2019,1.00000,
A,PPP_EU27_2020,E011,EU27_2020,2020,1.000000,
A,PPP_EU27_2020,E011,EU27_2020,2021,1.000000,
A,PPP_EU27_2020,E011,EU27_2020,2022,1.000000,
A,PPP_EU27_2020,E011,EU27_2020,2023,1.000000,
A,PPP_EU27_2020,E011,EU27_2020,2024,1.000000,
A,PPP_EU27_2020,E011,EU28,1995,1.01625,
A,PPP_EU27_2020,E011,EU28,1996,1.01665,
A,PPP_EU27_2020,E011,EU28,1997,1.04988,
A,PPP_EU27_2020,E011,EU28,1998,1.05972,
A,PPP_EU27_2020,E011,EU28,1999,1.06569,
A,PPP_EU27_2020,E011,EU28,2000,1.07687,
A,PPP_EU27_2020,E011,EU28,2001,1.06801,
A,PPP_EU27_2020,E011,EU28,2002,1.06785,
A,PPP_EU27_2020,E011,EU28,2003,1.04652,
A,PPP_EU27_2020,E011,EU28,2004,1.04786,
A,PPP_EU27_2020,E011,EU28,2005,1.04984,
A,PPP_EU27_2020,E011,EU28,2006,1.04839,
A,PPP_EU27_2020,E011,EU28,2007,1.04972,
A,PPP_EU27_2020,E011,EU28,2008,1.02389,
A,PPP_EU27_2020,E011,EU28,2009,1.01254,
A,PPP_EU27_2020,E011,EU28,2010,1.01867,
A,PPP_EU27_2020,E011,EU28,2011,1.01897,
A,PPP_EU27_2020,E011,EU28,2012,1.03290,
A,PPP_EU27_2020,E011,EU28,2013,1.02944,
A,PPP_EU27_2020,E011,EU28,2014,1.04219,
A,PPP_EU27_2020,E011,EU28,2015,1.06388,
A,PPP_EU27_2020,E011,EU28,2016,1.04208,
A,PPP_EU27_2020,E011,EU28,2017,1.02974,
A,PPP_EU27_2020,E011,EU28,2018,1.02961,
A,PPP_EU27_2020,E011,EU28,2019,1.03143,
A,PPP_EU27_2020,E011,EU28,2020,1.02860,
A,PPP_EU27_2020,E011,FI,1995,1.26838,
A,PPP_EU27_2020,E011,FI,1996,1.24764,
A,PPP_EU27_2020,E011,FI,1997,1.26173,
A,PPP_EU27_2020,E011,FI,1998,1.26859,
A,PPP_EU27_2020,E011,FI,1999,1.26719,
A,PPP_EU27_2020,E011,FI,2000,1.26366,
A,PPP_EU27_2020,E011,FI,2001,1.29569,
A,PPP_EU27_2020,E011,FI,2002,1.29532,
A,PPP_EU27_2020,E011,FI,2003,1.29433,
A,PPP_EU27_2020,E011,FI,2004,1.26372,
A,PPP_EU27_2020,E011,FI,2005,1.26237,
A,PPP_EU27_2020,E011,FI,2006,1.24373,
A,PPP_EU27_2020,E011,FI,2007,1.20537,
A,PPP_EU27_2020,E011,FI,2008,1.19874,
A,PPP_EU27_2020,E011,FI,2009,1.21769,
A,PPP_EU27_2020,E011,FI,2010,1.21851,
A,PPP_EU27_2020,E011,FI,2011,1.22990,
A,PPP_EU27_2020,E011,FI,2012,1.25035,
A,PPP_EU27_2020,E011,FI,2013,1.26122,
A,PPP_EU27_2020,E011,FI,2014,1.26520,
A,PPP_EU27_2020,E011,FI,2015,1.25813,
A,PPP_EU27_2020,E011,FI,2016,1.26063,
A,PPP_EU27_2020,E011,FI,2017,1.25100,
A,PPP_EU27_2020,E011,FI,2018,1.25714,
A,PPP_EU27_2020,E011,FI,2019,1.26288,
A,PPP_EU27_2020,E011,FI,2020,1.26386,
A,PPP_EU27_2020,E011,FI,2021,1.25847,
A,PPP_EU27_2020,E011,FI,2022,1.26010,
A,PPP_EU27_2020,E011,FI,2023,1.24385,
A,PPP_EU27_2020,E011,FI,2024,1.23451,
A,PPP_EU27_2020,E011,FR,1995,1.17026,
A,PPP_EU27_2020,E011,FR,1996,1.15086,
A,PPP_EU27_2020,E011,FR,1997,1.15131,
A,PPP_EU27_2020,E011,FR,1998,1.14773,
A,PPP_EU27_2020,E011,FR,1999,1.13329,
A,PPP_EU27_2020,E011,FR,2000,1.10306,
A,PPP_EU27_2020,E011,FR,2001,1.07854,
A,PPP_EU27_2020,E011,FR,2002,1.07549,
A,PPP_EU27_2020,E011,FR,2003,1.10985,
A,PPP_EU27_2020,E011,FR,2004,1.12073,
A,PPP_EU27_2020,E011,FR,2005,1.09822,
A,PPP_EU27_2020,E011,FR,2006,1.10468,
A,PPP_EU27_2020,E011,FR,2007,1.10419,
A,PPP_EU27_2020,E011,FR,2008,1.11773,
A,PPP_EU27_2020,E011,FR,2009,1.12316,
A,PPP_EU27_2020,E011,FR,2010,1.11713,
A,PPP_EU27_2020,E011,FR,2011,1.11469,
A,PPP_EU27_2020,E011,FR,2012,1.11919,
A,PPP_EU27_2020,E011,FR,2013,1.10512,
A,PPP_EU27_2020,E011,FR,2014,1.11135,
A,PPP_EU27_2020,E011,FR,2015,1.12016,
A,PPP_EU27_2020,E011,FR,2016,1.12409,
A,PPP_EU27_2020,E011,FR,2017,1.13023,
A,PPP_EU27_2020,E011,FR,2018,1.13926,
A,PPP_EU27_2020,E011,FR,2019,1.13434,
A,PPP_EU27_2020,E011,FR,2020,1.12956,
A,PPP_EU27_2020,E011,FR,2021,1.14345,
A,PPP_EU27_2020,E011,FR,2022,1.12401,
A,PPP_EU27_2020,E011,FR,2023,1.12220,
A,PPP_EU27_2020,E011,FR,2024,1.11210,
A,PPP_EU27_2020,E011,IT,1995,0.959883,
A,PPP_EU27_2020,E011,IT,1996,0.973086,
A,PPP_EU27_2020,E011,IT,1997,0.983411,
A,PPP_EU27_2020,E011,IT,1998,0.990320,
A,PPP_EU27_2020,E011,IT,1999,0.991252,
A,PPP_EU27_2020,E011,IT,2000,1.00161,
A,PPP_EU27_2020,E011,IT,2001,1.02155,
A,PPP_EU27_2020,E011,IT,2002,1.04251,
A,PPP_EU27_2020,E011,IT,2003,1.03929,
A,PPP_EU27_2020,E011,IT,2004,1.05787,
A,PPP_EU27_2020,E011,IT,2005,1.05352,
A,PPP_EU27_2020,E011,IT,2006,1.04853,
A,PPP_EU27_2020,E011,IT,2007,1.04446,
A,PPP_EU27_2020,E011,IT,2008,1.02330,
A,PPP_EU27_2020,E011,IT,2009,1.03305,
A,PPP_EU27_2020,E011,IT,2010,1.01913,
A,PPP_EU27_2020,E011,IT,2011,1.03492,
A,PPP_EU27_2020,E011,IT,2012,1.04681,
A,PPP_EU27_2020,E011,IT,2013,1.05181,
A,PPP_EU27_2020,E011,IT,2014,1.06723,
A,PPP_EU27_2020,E011,IT,2015,1.06445,
A,PPP_EU27_2020,E011,IT,2016,1.04329,
A,PPP_EU27_2020,E011,IT,2017,1.03666,
A,PPP_EU27_2020,E011,IT,2018,1.03298,
A,PPP_EU27_2020,E011,IT,2019,1.01626,
A,PPP_EU27_2020,E011,IT,2020,1.01717,
A,PPP_EU27_2020,E011,IT,2021,1.01026,
A,PPP_EU27_2020,E011,IT,2022,0.997970,
A,PPP_EU27_2020,E011,IT,2023,0.978069,
A,PPP_EU27_2020,E011,IT,2024,0.975151,
A,PPP_EU27_2020,E011,NL,1995,1.05594,
A,PPP_EU27_2020,E011,NL,1996,1.03808,
A,PPP_EU27_2020,E011,NL,1997,1.05918,
A,PPP_EU27_2020,E011,NL,1998,1.06291,
A,PPP_EU27_2020,E011,NL,1999,1.06904,
A,PPP_EU27_2020,E011,NL,2000,1.04907,
A,PPP_EU27_2020,E011,NL,2001,1.07035,
A,PPP_EU27_2020,E011,NL,2002,1.07074,
A,PPP_EU27_2020,E011,NL,2003,1.10175,
A,PPP_EU27_2020,E011,NL,2004,1.08224,
A,PPP_EU27_2020,E011,NL,2005,1.06870,
A,PPP_EU27_2020,E011,NL,2006,1.05953,
A,PPP_EU27_2020,E011,NL,2007,1.04416,
A,PPP_EU27_2020,E011,NL,2008,1.04882,
A,PPP_EU27_2020,E011,NL,2009,1.07894,
A,PPP_EU27_2020,E011,NL,2010,1.09678,
A,PPP_EU27_2020,E011,NL,2011,1.10972,
A,PPP_EU27_2020,E011,NL,2012,1.11442,
A,PPP_EU27_2020,E011,NL,2013,1.12011,
A,PPP_EU27_2020,E011,NL,2014,1.14007,
A,PPP_EU27_2020,E011,NL,2015,1.14134,
A,PPP_EU27_2020,E011,NL,2016,1.15836,
A,PPP_EU27_2020,E011,NL,2017,1.14775,
A,PPP_EU27_2020,E011,NL,2018,1.14354,
A,PPP_EU27_2020,E011,NL,2019,1.17080,
A,PPP_EU27_2020,E011,NL,2020,1.16160,
A,PPP_EU27_2020,E011,NL,2021,1.15487,
A,PPP_EU27_2020,E011,NL,2022,1.14736,
A,PPP_EU27_2020,E011,NL,2023,1.16963,
A,PPP_EU27_2020,E011,NL,2024,1.15993,
A,PPP_EU27_2020,E011,PL,1995,1.48774,
A,PPP_EU27_2020,E011,PL,1996,1.71706,
A,PPP_EU27_2020,E011,PL,1997,1.96001,
A,PPP_EU27_2020,E011,PL,1998,2.14327,
A,PPP_EU27_2020,E011,PL,1999,2.24291,
A,PPP_EU27_2020,E011,PL,2000,2.38806,
A,PPP_EU27_2020,E011,PL,2001,2.42203,
A,PPP_EU27_2020,E011,PL,2002,2.40805,
A,PPP_EU27_2020,E011,PL,2003,2.38112,
A,PPP_EU27_2020,E011,PL,2004,2.43029,
A,PPP_EU27_2020,E011,PL,2005,2.50287,
A,PPP_EU27_2020,E011,PL,2006,2.48802,
A,PPP_EU27_2020,E011,PL,2007,2.41236,
A,PPP_EU27_2020,E011,PL,2008,2.42329,
A,PPP_EU27_2020,E011,PL,2009,2.50568,
A,PPP_EU27_2020,E011,PL,2010,2.42700,
A,PPP_EU27_2020,E011,PL,2011,2.42495,
A,PPP_EU27_2020,E011,PL,2012,2.40879,
A,PPP_EU27_2020,E011,PL,2013,2.40332,
A,PPP_EU27_2020,E011,PL,2014,2.43008,
A,PPP_EU27_2020,E011,PL,2015,2.41038,
A,PPP_EU27_2020,E011,PL,2016,2.43972,
A,PPP_EU27_2020,E011,PL,2017,2.50157,
A,PPP_EU27_2020,E011,PL,2018,2.54159,
A,PPP_EU27_2020,E011,PL,2019,2.57291,
A,PPP_EU27_2020,E011,PL,2020,2.62483,
A,PPP_EU27_2020,E011,PL,2021,2.76089,
A,PPP_EU27_2020,E011,PL,2022,2.88871,
A,PPP_EU27_2020,E011,PL,2023,3.06370,
A,PPP_EU27_2020,E011,PL,2024,3.11054,
A,PPP_EU27_2020,E011,PT,1995,0.768532,
A,PPP_EU27_2020,E011,PT,1996,0.770822,
A,PPP_EU27_2020,E011,PT,1997,0.796639,
A,PPP_EU27_2020,E011,PT,1998,0.827227,
A,PPP_EU27_2020,E011,PT,1999,0.823502,
A,PPP_EU27_2020,E011,PT,2000,0.825014,
A,PPP_EU27_2020,E011,PT,2001,0.836429,
A,PPP_EU27_2020,E011,PT,2002,0.857188,
A,PPP_EU27_2020,E011,PT,2003,0.843426,
A,PPP_EU27_2020,E011,PT,2004,0.849783,
A,PPP_EU27_2020,E011,PT,2005,0.832394,
A,PPP_EU27_2020,E011,PT,2006,0.830801,
A,PPP_EU27_2020,E011,PT,2007,0.855625,
A,PPP_EU27_2020,E011,PT,2008,0.863489,
A,PPP_EU27_2020,E011,PT,2009,0.872839,
A,PPP_EU27_2020,E011,PT,2010,0.871423,
A,PPP_EU27_2020,E011,PT,2011,0.876327,
A,PPP_EU27_2020,E011,PT,2012,0.870478,
A,PPP_EU27_2020,E011,PT,2013,0.853211,
A,PPP_EU27_2020,E011,PT,2014,0.862846,
A,PPP_EU27_2020,E011,PT,2015,0.864630,
A,PPP_EU27_2020,E011,PT,2016,0.873132,
A,PPP_EU27_2020,E011,PT,2017,0.889332,
A,PPP_EU27_2020,E011,PT,2018,0.881636,
A,PPP_EU27_2020,E011,PT,2019,0.878638,
A,PPP_EU27_2020,E011,PT,2020,0.902708,
A,PPP_EU27_2020,E011,PT,2021,0.884054,
A,PPP_EU27_2020,E011,PT,2022,0.872939,
A,PPP_EU27_2020,E011,PT,2023,0.867457,
A,PPP_EU27_2020,E011,PT,2024,0.869597,
A,PPP_EU27_2020,E011,SE,1995,11.3399,
A,PPP_EU27_2020,E011,SE,1996,11.0814,
A,PPP_EU27_2020,E011,SE,1997,11.2843,
A,PPP_EU27_2020,E011,SE,1998,11.3379,
A,PPP_EU27_2020,E011,SE,1999,11.2247,
A,PPP_EU27_2020,E011,SE,2000,10.9985,
A,PPP_EU27_2020,E011,SE,2001,11.2618,
A,PPP_EU27_2020,E011,SE,2002,11.3742,
A,PPP_EU27_2020,E011,SE,2003,11.5031,
A,PPP_EU27_2020,E011,SE,2004,11.3205,
A,PPP_EU27_2020,E011,SE,2005,11.2630,
A,PPP_EU27_2020,E011,SE,2006,11.0418,
A,PPP_EU27_2020,E011,SE,2007,10.7864,
A,PPP_EU27_2020,E011,SE,2008,10.7847,
A,PPP_EU27_2020,E011,SE,2009,11.2255,
A,PPP_EU27_2020,E011,SE,2010,11.3870,
A,PPP_EU27_2020,E011,SE,2011,11.3984,
A,PPP_EU27_2020,E011,SE,2012,11.3134,
A,PPP_EU27_2020,E011,SE,2013,11.6169,
A,PPP_EU27_2020,E011,SE,2014,11.7961,
A,PPP_EU27_2020,E011,SE,2015,11.9492,
A,PPP_EU27_2020,E011,SE,2016,12.3724,
A,PPP_EU27_2020,E011,SE,2017,12.6427,
A,PPP_EU27_2020,E011,SE,2018,12.8334,
A,PPP_EU27_2020,E011,SE,2019,13.0418,
A,PPP_EU27_2020,E011,SE,2020,13.0902,
A,PPP_EU27_2020,E011,SE,2021,13.0576,
A,PPP_EU27_2020,E011,SE,2022,13.0433,
A,PPP_EU27_2020,E011,SE,2023,13.1194,
A,PPP_EU27_2020,E011,SE,2024,13.1582,
A,PPP_EU27_2020,E011,UK,1995,0.922832,
A,PPP_EU27_2020,E011,UK,1996,0.905560,
A,PPP_EU27_2020,E011,UK,1997,0.920533,
A,PPP_EU27_2020,E011,UK,1998,0.946238,
A,PPP_EU27_2020,E011,UK,1999,0.948114,
A,PPP_EU27_2020,E011,UK,2000,0.916921,
A,PPP_EU27_2020,E011,UK,2001,0.894754,
A,PPP_EU27_2020,E011,UK,2002,0.907353,
A,PPP_EU27_2020,E011,UK,2003,0.897846,
A,PPP_EU27_2020,E011,UK,2004,0.882428,
A,PPP_EU27_2020,E011,UK,2005,0.901742,
A,PPP_EU27_2020,E011,UK,2006,0.892640,
A,PPP_EU27_2020,E011,UK,2007,0.904690,
A,PPP_EU27_2020,E011,UK,2008,0.922321,
A,PPP_EU27_2020,E011,UK,2009,0.967816,
A,PPP_EU27_2020,E011,UK,2010,0.968371,
A,PPP_EU27_2020,E011,UK,2011,0.982099,
A,PPP_EU27_2020,E011,UK,2012,0.993848,
A,PPP_EU27_2020,E011,UK,2013,1.01758,
A,PPP_EU27_2020,E011,UK,2014,1.03253,
A,PPP_EU27_2020,E011,UK,2015,1.03519,
A,PPP_EU27_2020,E011,UK,2016,1.04641,
A,PPP_EU27_2020,E011,UK,2017,1.04884,
A,PPP_EU27_2020,E011,UK,2018,1.05848,
A,PPP_EU27_2020,E011,UK,2019,1.06145,
A,PPP_EU27_2020,E011,UK,2020,1.07055,
A,PPP_EU27_2020,E011,UK,2021,1.06167,
A,PPP_EU27_2020,E011,UK,2022,1.03847,
A,PPP_EU27_2020,E011,UK,2023,1.03335,
A,PPP_EU27_2020,E011,UK,2024,1.05586,
A,PPP_EU27_2020,GDP,DE,1995,1.17549,
A,PPP_EU27_2020,GDP,DE,1996,1.14969,
A,PPP_EU27_2020,GDP,DE,1997,1.16278,
A,PPP_EU27_2020,GDP,DE,1998,1.16421,
A,PPP_EU27_2020,GDP,DE,1999,1.14168,
A,PPP_EU27_2020,GDP,DE,2000,1.13522,
A,PPP_EU27_2020,GDP,DE,2001,1.12314,
A,PPP_EU27_2020,GDP,DE,2002,1.11393,
A,PPP_EU27_2020,GDP,DE,2003,1.09103,
A,PPP_EU27_2020,GDP,DE,2004,1.07093,
A,PPP_EU27_2020,GDP,DE,2005,1.06544,
A,PPP_EU27_2020,GDP,DE,2006,1.06605,
A,PPP_EU27_2020,GDP,DE,2007,1.06026,
A,PPP_EU27_2020,GDP,DE,2008,1.05716,
A,PPP_EU27_2020,GDP,DE,2009,1.07388,
A,PPP_EU27_2020,GDP,DE,2010,1.06366,
A,PPP_EU27_2020,GDP,DE,2011,1.05842,
A,PPP_EU27_2020,GDP,DE,2012,1.06605,
A,PPP_EU27_2020,GDP,DE,2013,1.07339,
A,PPP_EU27_2020,GDP,DE,2014,1.07280,
A,PPP_EU27_2020,GDP,DE,2015,1.08219,
A,PPP_EU27_2020,GDP,DE,2016,1.08343,
A,PPP_EU27_2020,GDP,DE,2017,1.08431,
A,PPP_EU27_2020,GDP,DE,2018,1.08465,
A,PPP_EU27_2020,GDP,DE,2019,1.10370,
A,PPP_EU27_2020,GDP,DE,2020,1.10657,
A,PPP_EU27_2020,GDP,DE,2021,1.10797,
A,PPP_EU27_2020,GDP,DE,2022,1.11372,
A,PPP_EU27_2020,GDP,DE,2023,1.11948,
A,PPP_EU27_2020,GDP,DE,2024,1.11676,
A,PPP_EU27_2020,GDP,EA19,1995,1.05731,
A,PPP_EU27_2020,GDP,EA19,1996,1.05429,
A,PPP_EU27_2020,GDP,EA19,1997,1.04921,
A,PPP_EU27_2020,GDP,EA19,1998,1.04593,
A,PPP_EU27_2020,GDP,EA19,1999,1.04632,
A,PPP_EU27_2020,GDP,EA19,2000,1.03993,
A,PPP_EU27_2020,GDP,EA19,2001,1.03975,
A,PPP_EU27_2020,GDP,EA19,2002,1.03960,
A,PPP_EU27_2020,GDP,EA19,2003,1.04502,
A,PPP_EU27_2020,GDP,EA19,2004,1.04785,
A,PPP_EU27_2020,GDP,EA19,2005,1.04130,
A,PPP_EU27_2020,GDP,EA19,2006,1.03961,
A,PPP_EU27_2020,GDP,EA19,2007,1.03875,
A,PPP_EU27_2020,GDP,EA19,2008,1.03893,
A,PPP_EU27_2020,GDP,EA19,2009,1.05275,
A,PPP_EU27_2020,GDP,EA19,2010,1.04775,
A,PPP_EU27_2020,GDP,EA19,2011,1.04742,
A,PPP_EU27_2020,GDP,EA19,2012,1.04844,
A,PPP_EU27_2020,GDP,EA19,2013,1.04691,
A,PPP_EU27_2020,GDP,EA19,2014,1.04938,
A,PPP_EU27_2020,GDP,EA19,2015,1.05055,
A,PPP_EU27_2020,GDP,EA19,2016,1.05061,
A,PPP_EU27_2020,GDP,EA19,2017,1.04998,
A,PPP_EU27_2020,GDP,EA19,2018,1.05220,
A,PPP_EU27_2020,GDP,EA19,2019,1.05417,
A,PPP_EU27_2020,GDP,EA19,2020,1.05759,
A,PPP_EU27_2020,GDP,EA19,2021,1.05426,
A,PPP_EU27_2020,GDP,EA19,2022,1.05089,
A,PPP_EU27_2020,GDP,EA19,2023,1.04838,
A,PPP_EU27_2020,GDP,EA19,2024,1.04524,
A,PPP_EU27_2020,GDP,EA20,1995,1.05449,
A,PPP_EU27_2020,GDP,EA20,1996,1.05137,
A,PPP_EU27_2020,GDP,EA20,1997,1.04637,
A,PPP_EU27_2020,GDP,EA20,1998,1.04331,
A,PPP_EU27_2020,GDP,EA20,1999,1.04366,
A,PPP_EU27_2020,GDP,EA20,2000,1.03735,
A,PPP_EU27_2020,GDP,EA20,2001,1.03734,
A,PPP_EU27_2020,GDP,EA20,2002,1.03715,
A,PPP_EU27_2020,GDP,EA20,2003,1.04243,
A,PPP_EU27_2020,GDP,EA20,2004,1.04526,
A,PPP_EU27_2020,GDP,EA20,2005,1.03886,
A,PPP_EU27_2020,GDP,EA20,2006,1.03704,
A,PPP_EU27_2020,GDP,EA20,2007,1.03604,
A,PPP_EU27_2020,GDP,EA20,2008,1.03632,
A,PPP_EU27_2020,GDP,EA20,2009,1.05008,
A,PPP_EU27_2020,GDP,EA20,2010,1.04530,
A,PPP_EU27_2020,GDP,EA20,2011,1.04478,
A,PPP_EU27_2020,GDP,EA20,2012,1.04566,
A,PPP_EU27_2020,GDP,EA20,2013,1.04411,
A,PPP_EU27_2020,GDP,EA20,2014,1.04659,
A,PPP_EU27_2020,GDP,EA20,2015,1.04770,
A,PPP_EU27_2020,GDP,EA20,2016,1.04776,
A,PPP_EU27_2020,GDP,EA20,2017,1.04712,
A,PPP_EU27_2020,GDP,EA20,2018,1.04937,
A,PPP_EU27_2020,GDP,EA20,2019,1.05125,
A,PPP_EU27_2020,GDP,EA20,2020,1.05461,
A,PPP_EU27_2020,GDP,EA20,2021,1.05110,
A,PPP_EU27_2020,GDP,EA20,2022,1.04792,
A,PPP_EU27_2020,GDP,EA20,2023,1.04540,
A,PPP_EU27_2020,GDP,EA20,2024,1.04249,
A,PPP_EU27_2020,GDP,ES,1995,0.850095,
A,PPP_EU27_2020,GDP,ES,1996,0.852421,
A,PPP_EU27_2020,GDP,ES,1997,0.864938,
A,PPP_EU27_2020,GDP,ES,1998,0.869903,
A,PPP_EU27_2020,GDP,ES,1999,0.884527,
A,PPP_EU27_2020,GDP,ES,2000,0.890488,
A,PPP_EU27_2020,GDP,ES,2001,0.903056,
A,PPP_EU27_2020,GDP,ES,2002,0.905423,
A,PPP_EU27_2020,GDP,ES,2003,0.924598,
A,PPP_EU27_2020,GDP,ES,2004,0.937326,
A,PPP_EU27_2020,GDP,ES,2005,0.939433,
A,PPP_EU27_2020,GDP,ES,2006,0.925714,
A,PPP_EU27_2020,GDP,ES,2007,0.927435,
A,PPP_EU27_2020,GDP,ES,2008,0.935339,
A,PPP_EU27_2020,GDP,ES,2009,0.951514,
A,PPP_EU27_2020,GDP,ES,2010,0.960446,
A,PPP_EU27_2020,GDP,ES,2011,0.958302,
A,PPP_EU27_2020,GDP,ES,2012,0.941104,
A,PPP_EU27_2020,GDP,ES,2013,0.934871,
A,PPP_EU27_2020,GDP,ES,2014,0.924106,
A,PPP_EU27_2020,GDP,ES,2015,0.924501,
A,PPP_EU27_2020,GDP,ES,2016,0.925130,
A,PPP_EU27_2020,GDP,ES,2017,0.918426,
A,PPP_EU27_2020,GDP,ES,2018,0.931783,
A,PPP_EU27_2020,GDP,ES,2019,0.928989,
A,PPP_EU27_2020,GDP,ES,2020,0.949137,
A,PPP_EU27_2020,GDP,ES,2021,0.922614,
A,PPP_EU27_2020,GDP,ES,2022,0.908702,
A,PPP_EU27_2020,GDP,ES,2023,0.897469,
A,PPP_EU27_2020,GDP,ES,2024,0.897200,
A,PPP_EU27_2020,GDP,EU27_2020,1995,1.000000,
A,PPP_EU27_2020,GDP,EU27_2020,1996,1.00000,
A,PPP_EU27_2020,GDP,EU27_2020,1997,1.000000,
A,PPP_EU27_2020,GDP,EU27_2020,1998,1.000000,
A,PPP_EU27_2020,GDP,EU27_2020,1999,1.000000,
A,PPP_EU27_2020,GDP,EU27_2020,2000,1.00000,
A,PPP_EU27_2020,GDP,EU27_2020,2001,1.000000,
A,PPP_EU27_2020,GDP,EU27_2020,2002,1.00000,
A,PPP_EU27_2020,GDP,EU27_2020,2003,1.00000,
A,PPP_EU27_2020,GDP,EU27_2020,2004,1.00000,
A,PPP_EU27_2020,GDP,EU27_2020,2005,1.000000,
A,PPP_EU27_2020,GDP,EU27_2020,2006,1.000000,
A,PPP_EU27_2020,GDP,EU27_2020,2007,1.00000,
A,PPP_EU27_2020,GDP,EU27_2020,2008,1.000000,
A,PPP_EU27_2020,GDP,EU27_2020,2009,1.00000,
A,PPP_EU27_2020,GDP,EU27_2020,2010,1.00000,
A,PPP_EU27_2020,GDP,EU27_2020,2011,1.00000,
A,PPP_EU27_2020,GDP,EU27_2020,2012,1.00000,
A,PPP_EU27_2020,GDP,EU27_2020,2013,1.00000,
A,PPP_EU27_2020,GDP,EU27_2020,2014,1.000000,
A,PPP_EU27_2020,GDP,EU27_2020,2015,1.000000,
A,PPP_EU27_2020,GDP,EU27_2020,2016,1.000000,
A,PPP_EU27_2020,GDP,EU27_2020,2017,1.000000,
A,PPP_EU27_2020,GDP,EU27_2020,2018,1.00000,
A,PPP_EU27_2020,GDP,EU27_2020,2019,1.00000,
A,PPP_EU27_2020,GDP,EU27_2020,2020,1.000000,
A,PPP_EU27_2020,GDP,EU27_2020,2021,1.00000,
A,PPP_EU27_2020,GDP,EU27_2020,2022,1.00000,
A,PPP_EU27_2020,GDP,EU27_2020,2023,1.000000,
A,PPP_EU27_2020,GDP,EU27_2020,2024,1.000000,
A,PPP_EU27_2020,GDP,EU28,1995,1.00371,
A,PPP_EU27_2020,GDP,EU28,1996,1.00474,
A,PPP_EU27_2020,GDP,EU28,1997,1.03164,
A,PPP_EU27_2020,GDP,EU28,1998,1.03912,
A,PPP_EU27_2020,GDP,EU28,1999,1.04425,
A,PPP_EU27_2020,GDP,EU28,2000,1.05533,
A,PPP_EU27_2020,GDP,EU28,2001,1.04954,
A,PPP_EU27_2020,GDP,EU28,2002,1.04800,
A,PPP_EU27_2020,GDP,EU28,2003,1.03245,
A,PPP_EU27_2020,GDP,EU28,2004,1.03508,
A,PPP_EU27_2020,GDP,EU28,2005,1.03801,
A,PPP_EU27_2020,GDP,EU28,2006,1.04044,
A,PPP_EU27_2020,GDP,EU28,2007,1.04295,
A,PPP_EU27_2020,GDP,EU28,2008,1.01852,
A,PPP_EU27_2020,GDP,EU28,2009,1.00739,
A,PPP_EU27_2020,GDP,EU28,2010,1.01107,
A,PPP_EU27_2020,GDP,EU28,2011,1.01222,
A,PPP_EU27_2020,GDP,EU28,2012,1.02334,
A,PPP_EU27_2020,GDP,EU28,2013,1.01846,
A,PPP_EU27_2020,GDP,EU28,2014,1.02896,
A,PPP_EU27_2020,GDP,EU28,2015,1.04551,
A,PPP_EU27_2020,GDP,EU28,2016,1.02876,
A,PPP_EU27_2020,GDP,EU28,2017,1.01875,
A,PPP_EU27_2020,GDP,EU28,2018,1.01973,
A,PPP_EU27_2020,GDP,EU28,2019,1.02306,
A,PPP_EU27_2020,GDP,EU28,2020,1.01970,
A,PPP_EU27_2020,GDP,FI,1995,1.17631,
A,PPP_EU27_2020,GDP,FI,1996,1.17037,
A,PPP_EU27_2020,GDP,FI,1997,1.18225,
A,PPP_EU27_2020,GDP,FI,1998,1.19163,
A,PPP_EU27_2020,GDP,FI,1999,1.18706,
A,PPP_EU27_2020,GDP,FI,2000,1.18446,
A,PPP_EU27_2020,GDP,FI,2001,1.21126,
A,PPP_EU27_2020,GDP,FI,2002,1.21746,
A,PPP_EU27_2020,GDP,FI,2003,1.22019,
A,PPP_EU27_2020,GDP,FI,2004,1.19105,
A,PPP_EU27_2020,GDP,FI,2005,1.19570,
A,PPP_EU27_2020,GDP,FI,2006,1.19848,
A,PPP_EU27_2020,GDP,FI,2007,1.18374,
A,PPP_EU27_2020,GDP,FI,2008,1.17535,
A,PPP_EU27_2020,GDP,FI,2009,1.18694,
A,PPP_EU27_2020,GDP,FI,2010,1.18975,
A,PPP_EU27_2020,GDP,FI,2011,1.20513,
A,PPP_EU27_2020,GDP,FI,2012,1.23024,
A,PPP_EU27_2020,GDP,FI,2013,1.25429,
A,PPP_EU27_2020,GDP,FI,2014,1.26572,
A,PPP_EU27_2020,GDP,FI,2015,1.26247,
A,PPP_EU27_2020,GDP,FI,2016,1.26811,
A,PPP_EU27_2020,GDP,FI,2017,1.25738,
A,PPP_EU27_2020,GDP,FI,2018,1.25912,
A,PPP_EU27_2020,GDP,FI,2019,1.27067,
A,PPP_EU27_2020,GDP,FI,2020,1.25572,
A,PPP_EU27_2020,GDP,FI,2021,1.23942,
A,PPP_EU27_2020,GDP,FI,2022,1.24568,
A,PPP_EU27_2020,GDP,FI,2023,1.22223,
A,PPP_EU27_2020,GDP,FI,2024,1.20084,
A,PPP_EU27_2020,GDP,FR,1995,1.17596,
A,PPP_EU27_2020,GDP,FR,1996,1.15803,
A,PPP_EU27_2020,GDP,FR,1997,1.15840,
A,PPP_EU27_2020,GDP,FR,1998,1.15564,
A,PPP_EU27_2020,GDP,FR,1999,1.14001,
A,PPP_EU27_2020,GDP,FR,2000,1.11977,
A,PPP_EU27_2020,GDP,FR,2001,1.10137,
A,PPP_EU27_2020,GDP,FR,2002,1.09859,
A,PPP_EU27_2020,GDP,FR,2003,1.13238,
A,PPP_EU27_2020,GDP,FR,2004,1.14444,
A,PPP_EU27_2020,GDP,FR,2005,1.11883,
A,PPP_EU27_2020,GDP,FR,2006,1.12531,
A,PPP_EU27_2020,GDP,FR,2007,1.12543,
A,PPP_EU27_2020,GDP,FR,2008,1.13637,
A,PPP_EU27_2020,GDP,FR,2009,1.14254,
A,PPP_EU27_2020,GDP,FR,2010,1.12918,
A,PPP_EU27_2020,GDP,FR,2011,1.12904,
A,PPP_EU27_2020,GDP,FR,2012,1.14331,
A,PPP_EU27_2020,GDP,FR,2013,1.12445,
A,PPP_EU27_2020,GDP,FR,2014,1.12669,
A,PPP_EU27_2020,GDP,FR,2015,1.12471,
A,PPP_EU27_2020,GDP,FR,2016,1.12293,
A,PPP_EU27_2020,GDP,FR,2017,1.12119,
A,PPP_EU27_2020,GDP,FR,2018,1.11520,
A,PPP_EU27_2020,GDP,FR,2019,1.08557,
A,PPP_EU27_2020,GDP,FR,2020,1.08499,
A,PPP_EU27_2020,GDP,FR,2021,1.10366,
A,PPP_EU27_2020,GDP,FR,2022,1.10788,
A,PPP_EU27_2020,GDP,FR,2023,1.09252,
A,PPP_EU27_2020,GDP,FR,2024,1.08900,
A,PPP_EU27_2020,GDP,IT,1995,0.927042,
A,PPP_EU27_2020,GDP,IT,1996,0.941434,
A,PPP_EU27_2020,GDP,IT,1997,0.961183,
A,PPP_EU27_2020,GDP,IT,1998,0.961251,
A,PPP_EU27_2020,GDP,IT,1999,0.964982,
A,PPP_EU27_2020,GDP,IT,2000,0.969310,
A,PPP_EU27_2020,GDP,IT,2001,0.986119,
A,PPP_EU27_2020,GDP,IT,2002,1.00444,
A,PPP_EU27_2020,GDP,IT,2003,1.01496,
A,PPP_EU27_2020,GDP,IT,2004,1.04254,
A,PPP_EU27_2020,GDP,IT,2005,1.04397,
A,PPP_EU27_2020,GDP,IT,2006,1.03494,
A,PPP_EU27_2020,GDP,IT,2007,1.02490,
A,PPP_EU27_2020,GDP,IT,2008,1.00986,
A,PPP_EU27_2020,GDP,IT,2009,1.02121,
A,PPP_EU27_2020,GDP,IT,2010,1.02149,
A,PPP_EU27_2020,GDP,IT,2011,1.01809,
A,PPP_EU27_2020,GDP,IT,2012,1.01254,
A,PPP_EU27_2020,GDP,IT,2013,1.02146,
A,PPP_EU27_2020,GDP,IT,2014,1.03193,
A,PPP_EU27_2020,GDP,IT,2015,1.02735,
A,PPP_EU27_2020,GDP,IT,2016,1.00848,
A,PPP_EU27_2020,GDP,IT,2017,1.00440,
A,PPP_EU27_2020,GDP,IT,2018,1.00467,
A,PPP_EU27_2020,GDP,IT,2019,0.995369,
A,PPP_EU27_2020,GDP,IT,2020,0.989867,
A,PPP_EU27_2020,GDP,IT,2021,0.980445,
A,PPP_EU27_2020,GDP,IT,2022,0.960343,
A,PPP_EU27_2020,GDP,IT,2023,0.962005,
A,PPP_EU27_2020,GDP,IT,2024,0.956605,
A,PPP_EU27_2020,GDP,NL,1995,1.08576,
A,PPP_EU27_2020,GDP,NL,1996,1.06827,
A,PPP_EU27_2020,GDP,NL,1997,1.08603,
A,PPP_EU27_2020,GDP,NL,1998,1.08878,
A,PPP_EU27_2020,GDP,NL,1999,1.08453,
A,PPP_EU27_2020,GDP,NL,2000,1.07184,
A,PPP_EU27_2020,GDP,NL,2001,1.09308,
A,PPP_EU27_2020,GDP,NL,2002,1.09881,
A,PPP_EU27_2020,GDP,NL,2003,1.12704,
A,PPP_EU27_2020,GDP,NL,2004,1.11099,
A,PPP_EU27_2020,GDP,NL,2005,1.09525,
A,PPP_EU27_2020,GDP,NL,2006,1.09667,
A,PPP_EU27_2020,GDP,NL,2007,1.08925,
A,PPP_EU27_2020,GDP,NL,2008,1.09243,
A,PPP_EU27_2020,GDP,NL,2009,1.12318,
A,PPP_EU27_2020,GDP,NL,2010,1.12841,
A,PPP_EU27_2020,GDP,NL,2011,1.12193,
A,PPP_EU27_2020,GDP,NL,2012,1.11638,
A,PPP_EU27_2020,GDP,NL,2013,1.10578,
A,PPP_EU27_2020,GDP,NL,2014,1.12842,
A,PPP_EU27_2020,GDP,NL,2015,1.12649,
A,PPP_EU27_2020,GDP,NL,2016,1.14510,
A,PPP_EU27_2020,GDP,NL,2017,1.13872,
A,PPP_EU27_2020,GDP,NL,2018,1.14556,
A,PPP_EU27_2020,GDP,NL,2019,1.17994,
A,PPP_EU27_2020,GDP,NL,2020,1.17074,
A,PPP_EU27_2020,GDP,NL,2021,1.16259,
A,PPP_EU27_2020,GDP,NL,2022,1.16100,
A,PPP_EU27_2020,GDP,NL,2023,1.17562,
A,PPP_EU27_2020,GDP,NL,2024,1.17209,
A,PPP_EU27_2020,GDP,PL,1995,1.38923,
A,PPP_EU27_2020,GDP,PL,1996,1.59422,
A,PPP_EU27_2020,GDP,PL,1997,1.80831,
A,PPP_EU27_2020,GDP,PL,1998,1.98900,
A,PPP_EU27_2020,GDP,PL,1999,2.07925,
A,PPP_EU27_2020,GDP,PL,2000,2.20635,
A,PPP_EU27_2020,GDP,PL,2001,2.21930,
A,PPP_EU27_2020,GDP,PL,2002,2.19527,
A,PPP_EU27_2020,GDP,PL,2003,2.19740,
A,PPP_EU27_2020,GDP,PL,2004,2.23967,
A,PPP_EU27_2020,GDP,PL,2005,2.28000,
A,PPP_EU27_2020,GDP,PL,2006,2.32744,
A,PPP_EU27_2020,GDP,PL,2007,2.34760,
A,PPP_EU27_2020,GDP,PL,2008,2.37390,
A,PPP_EU27_2020,GDP,PL,2009,2.47471,
A,PPP_EU27_2020,GDP,PL,2010,2.38461,
A,PPP_EU27_2020,GDP,PL,2011,2.41736,
A,PPP_EU27_2020,GDP,PL,2012,2.43229,
A,PPP_EU27_2020,GDP,PL,2013,2.44115,
A,PPP_EU27_2020,GDP,PL,2014,2.46547,
A,PPP_EU27_2020,GDP,PL,2015,2.45487,
A,PPP_EU27_2020,GDP,PL,2016,2.49454,
A,PPP_EU27_2020,GDP,PL,2017,2.53742,
A,PPP_EU27_2020,GDP,PL,2018,2.57860,
A,PPP_EU27_2020,GDP,PL,2019,2.61192,
A,PPP_EU27_2020,GDP,PL,2020,2.65855,
A,PPP_EU27_2020,GDP,PL,2021,2.74805,
A,PPP_EU27_2020,GDP,PL,2022,2.91581,
A,PPP_EU27_2020,GDP,PL,2023,3.06905,
A,PPP_EU27_2020,GDP,PL,2024,3.09674,
A,PPP_EU27_2020,GDP,PT,1995,0.736043,
A,PPP_EU27_2020,GDP,PT,1996,0.741521,
A,PPP_EU27_2020,GDP,PT,1997,0.766288,
A,PPP_EU27_2020,GDP,PT,1998,0.789331,
A,PPP_EU27_2020,GDP,PT,1999,0.790514,
A,PPP_EU27_2020,GDP,PT,2000,0.795700,
A,PPP_EU27_2020,GDP,PT,2001,0.810441,
A,PPP_EU27_2020,GDP,PT,2002,0.819759,
A,PPP_EU27_2020,GDP,PT,2003,0.815650,
A,PPP_EU27_2020,GDP,PT,2004,0.827489,
A,PPP_EU27_2020,GDP,PT,2005,0.810942,
A,PPP_EU27_2020,GDP,PT,2006,0.805168,
A,PPP_EU27_2020,GDP,PT,2007,0.819050,
A,PPP_EU27_2020,GDP,PT,2008,0.819734,
A,PPP_EU27_2020,GDP,PT,2009,0.830567,
A,PPP_EU27_2020,GDP,PT,2010,0.823298,
A,PPP_EU27_2020,GDP,PT,2011,0.836125,
A,PPP_EU27_2020,GDP,PT,2012,0.819802,
A,PPP_EU27_2020,GDP,PT,2013,0.808533,
A,PPP_EU27_2020,GDP,PT,2014,0.807623,
A,PPP_EU27_2020,GDP,PT,2015,0.813527,
A,PPP_EU27_2020,GDP,PT,2016,0.822592,
A,PPP_EU27_2020,GDP,PT,2017,0.838133,
A,PPP_EU27_2020,GDP,PT,2018,0.842453,
A,PPP_EU27_2020,GDP,PT,2019,0.846808,
A,PPP_EU27_2020,GDP,PT,2020,0.849789,
A,PPP_EU27_2020,GDP,PT,2021,0.847362,
A,PPP_EU27_2020,GDP,PT,2022,0.837145,
A,PPP_EU27_2020,GDP,PT,2023,0.823238,
A,PPP_EU27_2020,GDP,PT,2024,0.824582,
A,PPP_EU27_2020,GDP,SE,1995,11.1642,
A,PPP_EU27_2020,GDP,SE,1996,10.9121,
A,PPP_EU27_2020,GDP,SE,1997,11.1509,
A,PPP_EU27_2020,GDP,SE,1998,11.2921,
A,PPP_EU27_2020,GDP,SE,1999,11.1353,
A,PPP_EU27_2020,GDP,SE,2000,11.0298,
A,PPP_EU27_2020,GDP,SE,2001,11.3576,
A,PPP_EU27_2020,GDP,SE,2002,11.4822,
A,PPP_EU27_2020,GDP,SE,2003,11.5516,
A,PPP_EU27_2020,GDP,SE,2004,11.3747,
A,PPP_EU27_2020,GDP,SE,2005,11.5724,
A,PPP_EU27_2020,GDP,SE,2006,11.4601,
A,PPP_EU27_2020,GDP,SE,2007,11.2356,
A,PPP_EU27_2020,GDP,SE,2008,11.3125,
A,PPP_EU27_2020,GDP,SE,2009,11.8108,
A,PPP_EU27_2020,GDP,SE,2010,11.9238,
A,PPP_EU27_2020,GDP,SE,2011,11.8680,
A,PPP_EU27_2020,GDP,SE,2012,11.7199,
A,PPP_EU27_2020,GDP,SE,2013,11.9113,
A,PPP_EU27_2020,GDP,SE,2014,12.1759,
A,PPP_EU27_2020,GDP,SE,2015,12.3144,
A,PPP_EU27_2020,GDP,SE,2016,12.7007,
A,PPP_EU27_2020,GDP,SE,2017,12.8878,
A,PPP_EU27_2020,GDP,SE,2018,13.0755,
A,PPP_EU27_2020,GDP,SE,2019,13.1999,
A,PPP_EU27_2020,GDP,SE,2020,13.2061,
A,PPP_EU27_2020,GDP,SE,2021,13.1128,
A,PPP_EU27_2020,GDP,SE,2022,13.4430,
A,PPP_EU27_2020,GDP,SE,2023,13.5125,
A,PPP_EU27_2020,GDP,SE,2024,13.4502,
A,PPP_EU27_2020,GDP,UK,1995,0.851332,
A,PPP_EU27_2020,GDP,UK,1996,0.841326,
A,PPP_EU27_2020,GDP,UK,1997,0.847001,
A,PPP_EU27_2020,GDP,UK,1998,0.866164,
A,PPP_EU27_2020,GDP,UK,1999,0.868503,
A,PPP_EU27_2020,GDP,UK,2000,0.848051,
A,PPP_EU27_2020,GDP,UK,2001,0.838978,
A,PPP_EU27_2020,GDP,UK,2002,0.841466,
A,PPP_EU27_2020,GDP,UK,2003,0.847410,
A,PPP_EU27_2020,GDP,UK,2004,0.841799,
A,PPP_EU27_2020,GDP,UK,2005,0.863877,
A,PPP_EU27_2020,GDP,UK,2006,0.876020,
A,PPP_EU27_2020,GDP,UK,2007,0.898094,
A,PPP_EU27_2020,GDP,UK,2008,0.904192,
A,PPP_EU27_2020,GDP,UK,2009,0.940118,
A,PPP_EU27_2020,GDP,UK,2010,0.927836,
A,PPP_EU27_2020,GDP,UK,2011,0.947463,
A,PPP_EU27_2020,GDP,UK,2012,0.950120,
A,PPP_EU27_2020,GDP,UK,2013,0.963200,
A,PPP_EU27_2020,GDP,UK,2014,0.974451,
A,PPP_EU27_2020,GDP,UK,2015,0.963180,
A,PPP_EU27_2020,GDP,UK,2016,0.991290,
A,PPP_EU27_2020,GDP,UK,2017,0.996697,
A,PPP_EU27_2020,GDP,UK,2018,1.01425,
A,PPP_EU27_2020,GDP,UK,2019,1.02976,
A,PPP_EU27_2020,GDP,UK,2020,1.02298,
A,PPP_EU27_2020,GDP,UK,2021,1.04877,
A,PPP_EU27_2020,GDP,UK,2022,1.01840,
A,PPP_EU27_2020,GDP,UK,2023,1.05359,
A,PPP_EU27_2020,GDP,UK,2024,1.06402,
