freq,unit,lcstruct,nace_r2,geo,TIME_PERIOD,OBS_VALUE,OBS_FLAG
A,EUR,D11,B-E,DE,2008,25.3,
A,EUR,D11,B-E,DE,2012,27.4,
A,EUR,D11,B-E,DE,2016,30,
A,EUR,D11,B-E,DE,2020,32.6,
A,EUR,D11,B-E,DE,2021,32.7,
A,EUR,D11,B-E,DE,2022,33.9,
A,EUR,D11,B-E,DE,2023,35.6,
A,EUR,D11,B-E,DE,2024,37.2,
A,EUR,D11,B-E,DE,2025,37.9,
A,EUR,D11,B-E,EA19,2008,19.8,
A,EUR,D11,B-E,EA19,2012,22.6,
A,EUR,D11,B-E,EA19,2016,23.9,
A,EUR,D11,B-E,EA19,2020,26.1,
A,EUR,D11,B-E,EA19,2021,26.2,
A,EUR,D11,B-E,EA19,2022,27.2,
A,EUR,D11,B-E,EA19,2023,28.6,
A,EUR,D11,B-E,EA19,2024,29.9,
A,EUR,D11,B-E,EA20,2008,19.8,
A,EUR,D11,B-E,EA20,2012,22.4,
A,EUR,D11,B-E,EA20,2016,23.7,
A,EUR,D11,B-E,EA20,2020,25.9,
A,EUR,D11,B-E,EA20,2021,25.9,
A,EUR,D11,B-E,EA20,2022,27,
A,EUR,D11,B-E,EA20,2023,28.3,
A,EUR,D11,B-E,EA20,2024,29.6,
A,EUR,D11,B-E,EA20,2025,30.5,
A,EUR,D11,B-E,ES,2008,15.2,
A,EUR,D11,B-E,ES,2012,16.9,
A,EUR,D11,B-E,ES,2016,17.2,
A,EUR,D11,B-E,ES,2020,18.1,
A,EUR,D11,B-E,ES,2021,17.9,
A,EUR,D11,B-E,ES,2022,18.5,
A,EUR,D11,B-E,ES,2023,19.4,
A,EUR,D11,B-E,ES,2024,20.2,
A,EUR,D11,B-E,ES,2025,20.9,
A,EUR,D11,B-E,EU27_2020,2008,16.1,
A,EUR,D11,B-E,EU27_2020,2012,18.4,
A,EUR,D11,B-E,EU27_2020,2016,19.5,
A,EUR,D11,B-E,EU27_2020,2020,21.7,
A,EUR,D11,B-E,EU27_2020,2021,21.9,
A,EUR,D11,B-E,EU27_2020,2022,22.9,
A,EUR,D11,B-E,EU27_2020,2023,24.3,
A,EUR,D11,B-E,EU27_2020,2024,25.5,
A,EUR,D11,B-E,EU27_2020,2025,26.5,
A,EUR,D11,B-E,EU28,2008,16.0,
A,EUR,D11,B-E,EU28,2012,18.4,
A,EUR,D11,B-E,EU28,2016,19.8,
A,EUR,D11,B-E,FI,2008,23,
A,EUR,D11,B-E,FI,2012,27.5,
A,EUR,D11,B-E,FI,2016,29,
A,EUR,D11,B-E,FI,2020,30.3,
A,EUR,D11,B-E,FI,2021,31.9,p
A,EUR,D11,B-E,FI,2022,32.9,p
A,EUR,D11,B-E,FI,2023,33.9,p
A,EUR,D11,B-E,FI,2024,34.7,p
A,EUR,D11,B-E,FI,2025,36,
A,EUR,D11,B-E,FR,2008,22.1,
A,EUR,D11,B-E,FR,2012,24,
A,EUR,D11,B-E,FR,2016,25.1,
A,EUR,D11,B-E,FR,2020,28.6,
A,EUR,D11,B-E,FR,2021,28.6,
A,EUR,D11,B-E,FR,2022,29.6,
A,EUR,D11,B-E,FR,2023,30.8,
A,EUR,D11,B-E,FR,2024,31.8,
A,EUR,D11,B-E,FR,2025,32.6,
A,EUR,D11,B-E,IT,2008,17.1,
A,EUR,D11,B-E,IT,2012,19.5,
A,EUR,D11,B-E,IT,2016,19.7,
A,EUR,D11,B-E,IT,2020,20.8,
A,EUR,D11,B-E,IT,2021,20.4,
A,EUR,D11,B-E,IT,2022,21,
A,EUR,D11,B-E,IT,2023,21.9,
A,EUR,D11,B-E,IT,2024,22.8,
A,EUR,D11,B-E,IT,2025,23.4,
A,EUR,D11,B-E,NL,2008,23.6,
A,EUR,D11,B-E,NL,2012,25.8,
A,EUR,D11,B-E,NL,2016,28.5,
A,EUR,D11,B-E,NL,2020,31.7,
A,EUR,D11,B-E,NL,2021,31.8,
A,EUR,D11,B-E,NL,2022,32.8,
A,EUR,D11,B-E,NL,2023,34.9,
A,EUR,D11,B-E,NL,2024,36.7,
A,EUR,D11,B-E,NL,2025,38.8,
A,EUR,D11,B-E,PL,2008,6.1,
A,EUR,D11,B-E,PL,2012,6.2,
A,EUR,D11,B-E,PL,2016,6.8,
A,EUR,D11,B-E,PL,2020,8.7,
A,EUR,D11,B-E,PL,2021,9.1,
A,EUR,D11,B-E,PL,2022,9.9,
A,EUR,D11,B-E,PL,2023,11.4,
A,EUR,D11,B-E,PL,2024,13.4,
A,EUR,D11,B-E,PL,2025,14.7,
A,EUR,D11,B-E,PT,2008,8.1,
A,EUR,D11,B-E,PT,2012,8.8,
A,EUR,D11,B-E,PT,2016,8.8,
A,EUR,D11,B-E,PT,2020,10.6,
A,EUR,D11,B-E,PT,2021,10.8,
A,EUR,D11,B-E,PT,2022,11.4,
A,EUR,D11,B-E,PT,2023,12,
A,EUR,D11,B-E,PT,2024,12.9,
A,EUR,D11,B-E,PT,2025,13.6,
A,EUR,D11,B-E,SE,2008,22.9,
A,EUR,D11,B-E,SE,2012,28.2,
A,EUR,D11,B-E,SE,2016,28.4,
A,EUR,D11,B-E,SE,2020,28.8,
A,EUR,D11,B-E,SE,2021,30.8,
A,EUR,D11,B-E,SE,2022,30.2,
A,EUR,D11,B-E,SE,2023,29.3,
A,EUR,D11,B-E,SE,2024,30.3,
A,EUR,D11,B-E,SE,2025,32.1,
A,EUR,D11,B-E,UK,2016,22.9,
A,EUR,D11,B-N,DE,2008,22.3,
A,EUR,D11,B-N,DE,2012,24.2,
A,EUR,D11,B-N,DE,2016,26,
A,EUR,D11,B-N,DE,2020,29.1,
A,EUR,D11,B-N,DE,2021,29.5,
A,EUR,D11,B-N,DE,2022,31.1,
A,EUR,D11,B-N,DE,2023,32.5,
A,EUR,D11,B-N,DE,2024,34.1,
A,EUR,D11,B-N,DE,2025,35.3,
A,EUR,D11,B-N,EA19,2008,18.6,
A,EUR,D11,B-N,EA19,2012,20.9,
A,EUR,D11,B-N,EA19,2016,21.9,
A,EUR,D11,B-N,EA19,2020,24.3,
A,EUR,D11,B-N,EA19,2021,24.5,
A,EUR,D11,B-N,EA19,2022,25.6,
A,EUR,D11,B-N,EA19,2023,26.9,
A,EUR,D11,B-N,EA19,2024,28.1,
A,EUR,D11,B-N,EA20,2008,18.6,
A,EUR,D11,B-N,EA20,2012,20.7,
A,EUR,D11,B-N,EA20,2016,21.7,
A,EUR,D11,B-N,EA20,2020,24.1,
A,EUR,D11,B-N,EA20,2021,24.3,
A,EUR,D11,B-N,EA20,2022,25.4,
A,EUR,D11,B-N,EA20,2023,26.7,
A,EUR,D11,B-N,EA20,2024,27.9,
A,EUR,D11,B-N,EA20,2025,28.9,
A,EUR,D11,B-N,ES,2008,13.9,
A,EUR,D11,B-N,ES,2012,15.4,
A,EUR,D11,B-N,ES,2016,15.4,
A,EUR,D11,B-N,ES,2020,16.4,
A,EUR,D11,B-N,ES,2021,16.5,
A,EUR,D11,B-N,ES,2022,16.8,
A,EUR,D11,B-N,ES,2023,17.6,
A,EUR,D11,B-N,ES,2024,18.4,
A,EUR,D11,B-N,ES,2025,19.1,
A,EUR,D11,B-N,EU27_2020,2008,16,
A,EUR,D11,B-N,EU27_2020,2012,18.1,
A,EUR,D11,B-N,EU27_2020,2016,19.1,
A,EUR,D11,B-N,EU27_2020,2020,21.3,
A,EUR,D11,B-N,EU27_2020,2021,21.6,
A,EUR,D11,B-N,EU27_2020,2022,22.7,
A,EUR,D11,B-N,EU27_2020,2023,24,
A,EUR,D11,B-N,EU27_2020,2024,25.2,
A,EUR,D11,B-N,EU27_2020,2025,26.3,
A,EUR,D11,B-N,EU28,2008,16.6,
A,EUR,D11,B-N,EU28,2012,18.5,
A,EUR,D11,B-N,EU28,2016,19.7,
A,EUR,D11,B-N,FI,2008,21.4,
A,EUR,D11,B-N,FI,2012,25.1,
A,EUR,D11,B-N,FI,2016,26.8,
A,EUR,D11,B-N,FI,2020,28.4,
A,EUR,D11,B-N,FI,2021,30.0,p
A,EUR,D11,B-N,FI,2022,30.5,p
A,EUR,D11,B-N,FI,2023,31.6,p
A,EUR,D11,B-N,FI,2024,32.4,p
A,EUR,D11,B-N,FI,2025,33.6,
A,EUR,D11,B-N,FR,2008,21.4,
A,EUR,D11,B-N,FR,2012,23.1,
A,EUR,D11,B-N,FR,2016,24.1,
A,EUR,D11,B-N,FR,2020,27.2,
A,EUR,D11,B-N,FR,2021,27.3,
A,EUR,D11,B-N,FR,2022,28.3,
A,EUR,D11,B-N,FR,2023,29.4,
A,EUR,D11,B-N,FR,2024,30.3,
A,EUR,D11,B-N,FR,2025,31,
A,EUR,D11,B-N,IT,2008,17.5,
A,EUR,D11,B-N,IT,2012,19.1,
A,EUR,D11,B-N,IT,2016,19.2,
A,EUR,D11,B-N,IT,2020,20.2,
A,EUR,D11,B-N,IT,2021,20,
A,EUR,D11,B-N,IT,2022,20.5,
A,EUR,D11,B-N,IT,2023,21,
A,EUR,D11,B-N,IT,2024,21.7,
A,EUR,D11,B-N,IT,2025,22.5,
A,EUR,D11,B-N,NL,2008,22.6,
A,EUR,D11,B-N,NL,2012,24.5,
A,EUR,D11,B-N,NL,2016,25.8,
A,EUR,D11,B-N,NL,2020,28.8,
A,EUR,D11,B-N,NL,2021,29.1,
A,EUR,D11,B-N,NL,2022,29.9,
A,EUR,D11,B-N,NL,2023,31.9,
A,EUR,D11,B-N,NL,2024,33.5,
A,EUR,D11,B-N,NL,2025,35.4,
A,EUR,D11,B-N,PL,2008,6.2,
A,EUR,D11,B-N,PL,2012,6.2,
A,EUR,D11,B-N,PL,2016,7,
A,EUR,D11,B-N,PL,2020,8.7,
A,EUR,D11,B-N,PL,2021,9.1,
A,EUR,D11,B-N,PL,2022,10.1,
A,EUR,D11,B-N,PL,2023,11.6,
A,EUR,D11,B-N,PL,2024,13.6,
A,EUR,D11,B-N,PL,2025,15,
A,EUR,D11,B-N,PT,2008,9.2,
A,EUR,D11,B-N,PT,2012,10.2,
A,EUR,D11,B-N,PT,2016,10.1,
A,EUR,D11,B-N,PT,2020,11.6,
A,EUR,D11,B-N,PT,2021,11.8,
A,EUR,D11,B-N,PT,2022,12.3,
A,EUR,D11,B-N,PT,2023,13,
A,EUR,D11,B-N,PT,2024,13.8,
A,EUR,D11,B-N,PT,2025,14.7,
A,EUR,D11,B-N,SE,2008,22.6,
A,EUR,D11,B-N,SE,2012,27.3,
A,EUR,D11,B-N,SE,2016,27.6,
A,EUR,D11,B-N,SE,2020,27.9,
A,EUR,D11,B-N,SE,2021,29.7,
A,EUR,D11,B-N,SE,2022,29.3,
A,EUR,D11,B-N,SE,2023,28.4,
A,EUR,D11,B-N,SE,2024,29.6,
A,EUR,D11,B-N,SE,2025,31.7,
A,EUR,D11,B-N,UK,2008,19.9,d
A,EUR,D11,B-N,UK,2012,20.5,
A,EUR,D11,B-N,UK,2016,22.4,
A,EUR,D11,B-S_X_O,DE,2008,21.8,
A,EUR,D11,B-S_X_O,DE,2012,23.7,
A,EUR,D11,B-S_X_O,DE,2016,25.5,
A,EUR,D11,B-S_X_O,DE,2020,28.6,
A,EUR,D11,B-S_X_O,DE,2021,29,
A,EUR,D11,B-S_X_O,DE,2022,30.3,
A,EUR,D11,B-S_X_O,DE,2023,31.6,
A,EUR,D11,B-S_X_O,DE,2024,33.3,
A,EUR,D11,B-S_X_O,DE,2025,34.5,
A,EUR,D11,B-S_X_O,EA19,2008,18.6,d
A,EUR,D11,B-S_X_O,EA19,2012,20.8,
A,EUR,D11,B-S_X_O,EA19,2016,21.9,
A,EUR,D11,B-S_X_O,EA19,2020,24.3,
A,EUR,D11,B-S_X_O,EA19,2021,24.5,
A,EUR,D11,B-S_X_O,EA19,2022,25.5,
A,EUR,D11,B-S_X_O,EA19,2023,26.8,
A,EUR,D11,B-S_X_O,EA19,2024,28,
A,EUR,D11,B-S_X_O,EA20,2008,18.6,d
A,EUR,D11,B-S_X_O,EA20,2012,20.7,
A,EUR,D11,B-S_X_O,EA20,2016,21.7,
A,EUR,D11,B-S_X_O,EA20,2020,24.1,
A,EUR,D11,B-S_X_O,EA20,2021,24.3,
A,EUR,D11,B-S_X_O,EA20,2022,25.3,
A,EUR,D11,B-S_X_O,EA20,2023,26.5,
A,EUR,D11,B-S_X_O,EA20,2024,27.7,
A,EUR,D11,B-S_X_O,EA20,2025,28.7,
A,EUR,D11,B-S_X_O,ES,2008,14.3,
A,EUR,D11,B-S_X_O,ES,2012,15.7,
A,EUR,D11,B-S_X_O,ES,2016,15.8,
A,EUR,D11,B-S_X_O,ES,2020,17,
A,EUR,D11,B-S_X_O,ES,2021,17,
A,EUR,D11,B-S_X_O,ES,2022,17.3,
A,EUR,D11,B-S_X_O,ES,2023,18.1,
A,EUR,D11,B-S_X_O,ES,2024,18.9,
A,EUR,D11,B-S_X_O,ES,2025,19.5,
A,EUR,D11,B-S_X_O,EU27_2020,2008,16.1,
A,EUR,D11,B-S_X_O,EU27_2020,2012,18.1,
A,EUR,D11,B-S_X_O,EU27_2020,2016,19.2,
A,EUR,D11,B-S_X_O,EU27_2020,2020,21.5,
A,EUR,D11,B-S_X_O,EU27_2020,2021,21.8,
A,EUR,D11,B-S_X_O,EU27_2020,2022,22.7,
A,EUR,D11,B-S_X_O,EU27_2020,2023,24,
A,EUR,D11,B-S_X_O,EU27_2020,2024,25.2,
A,EUR,D11,B-S_X_O,EU27_2020,2025,26.2,
A,EUR,D11,B-S_X_O,EU28,2008,16.7,
A,EUR,D11,B-S_X_O,EU28,2012,18.6,
A,EUR,D11,B-S_X_O,EU28,2016,19.9,
A,EUR,D11,B-S_X_O,FI,2008,20.9,
A,EUR,D11,B-S_X_O,FI,2012,24.4,
A,EUR,D11,B-S_X_O,FI,2016,26,
A,EUR,D11,B-S_X_O,FI,2020,27.5,
A,EUR,D11,B-S_X_O,FI,2021,28.9,p
A,EUR,D11,B-S_X_O,FI,2022,29.6,p
A,EUR,D11,B-S_X_O,FI,2023,30.5,p
A,EUR,D11,B-S_X_O,FI,2024,31.2,p
A,EUR,D11,B-S_X_O,FI,2025,32.6,
A,EUR,D11,B-S_X_O,FR,2008,20.9,d
A,EUR,D11,B-S_X_O,FR,2012,22.4,
A,EUR,D11,B-S_X_O,FR,2016,23.3,
A,EUR,D11,B-S_X_O,FR,2020,26.3,
A,EUR,D11,B-S_X_O,FR,2021,26.6,
A,EUR,D11,B-S_X_O,FR,2022,27.5,
A,EUR,D11,B-S_X_O,FR,2023,28.6,
A,EUR,D11,B-S_X_O,FR,2024,29.5,
A,EUR,D11,B-S_X_O,FR,2025,30,
A,EUR,D11,B-S_X_O,IT,2008,18.2,
A,EUR,D11,B-S_X_O,IT,2012,19.9,
A,EUR,D11,B-S_X_O,IT,2016,19.9,
A,EUR,D11,B-S_X_O,IT,2020,21,
A,EUR,D11,B-S_X_O,IT,2021,20.8,
A,EUR,D11,B-S_X_O,IT,2022,21.1,
A,EUR,D11,B-S_X_O,IT,2023,21.6,
A,EUR,D11,B-S_X_O,IT,2024,22.4,
A,EUR,D11,B-S_X_O,IT,2025,23,
A,EUR,D11,B-S_X_O,NL,2008,22.9,
A,EUR,D11,B-S_X_O,NL,2012,24.7,
A,EUR,D11,B-S_X_O,NL,2016,26.4,
A,EUR,D11,B-S_X_O,NL,2020,29.6,
A,EUR,D11,B-S_X_O,NL,2021,29.7,
A,EUR,D11,B-S_X_O,NL,2022,30.6,
A,EUR,D11,B-S_X_O,NL,2023,32.6,
A,EUR,D11,B-S_X_O,NL,2024,34.4,
A,EUR,D11,B-S_X_O,NL,2025,36.3,
A,EUR,D11,B-S_X_O,PL,2008,6.3,
A,EUR,D11,B-S_X_O,PL,2012,6.4,
A,EUR,D11,B-S_X_O,PL,2016,7.1,
A,EUR,D11,B-S_X_O,PL,2020,9,
A,EUR,D11,B-S_X_O,PL,2021,9.4,
A,EUR,D11,B-S_X_O,PL,2022,10.3,
A,EUR,D11,B-S_X_O,PL,2023,11.9,
A,EUR,D11,B-S_X_O,PL,2024,14.2,
A,EUR,D11,B-S_X_O,PL,2025,15.6,
A,EUR,D11,B-S_X_O,PT,2008,9.9,
A,EUR,D11,B-S_X_O,PT,2012,10.7,
A,EUR,D11,B-S_X_O,PT,2016,10.9,
A,EUR,D11,B-S_X_O,PT,2020,12.3,
A,EUR,D11,B-S_X_O,PT,2021,12.5,
A,EUR,D11,B-S_X_O,PT,2022,13,
A,EUR,D11,B-S_X_O,PT,2023,13.7,
A,EUR,D11,B-S_X_O,PT,2024,14.7,
A,EUR,D11,B-S_X_O,PT,2025,15.6,
A,EUR,D11,B-S_X_O,SE,2008,21.2,
A,EUR,D11,B-S_X_O,SE,2012,25.4,
A,EUR,D11,B-S_X_O,SE,2016,25.6,
A,EUR,D11,B-S_X_O,SE,2020,26.2,
A,EUR,D11,B-S_X_O,SE,2021,27.8,
A,EUR,D11,B-S_X_O,SE,2022,27.4,
A,EUR,D11,B-S_X_O,SE,2023,26.4,
A,EUR,D11,B-S_X_O,SE,2024,27.5,
A,EUR,D11,B-S_X_O,SE,2025,29.5,
A,EUR,D11,B-S_X_O,UK,2008,20.1,d
A,EUR,D11,B-S_X_O,UK,2012,20.9,
A,EUR,D11,B-S_X_O,UK,2016,23.1,
A,EUR,D11,C,DE,2008,25.3,
A,EUR,D11,C,DE,2012,27.3,
A,EUR,D11,C,DE,2016,29.9,
A,EUR,D11,C,DE,2020,32.6,
A,EUR,D11,C,DE,2021,32.6,
A,EUR,D11,C,DE,2022,33.8,
A,EUR,D11,C,DE,2023,35.4,
A,EUR,D11,C,DE,2024,37,
A,EUR,D11,C,DE,2025,37.7,
A,EUR,D11,C,EA19,2008,19.7,
A,EUR,D11,C,EA19,2012,22.4,d
A,EUR,D11,C,EA19,2016,23.8,
A,EUR,D11,C,EA19,2020,26,
A,EUR,D11,C,EA19,2021,26,
A,EUR,D11,C,EA19,2022,27.1,
A,EUR,D11,C,EA19,2023,28.4,
A,EUR,D11,C,EA19,2024,29.7,
A,EUR,D11,C,EA20,2008,19.7,
A,EUR,D11,C,EA20,2012,22.2,d
A,EUR,D11,C,EA20,2016,23.5,
A,EUR,D11,C,EA20,2020,25.8,
A,EUR,D11,C,EA20,2021,25.8,
A,EUR,D11,C,EA20,2022,26.8,
A,EUR,D11,C,EA20,2023,28.1,
A,EUR,D11,C,EA20,2024,29.4,
A,EUR,D11,C,EA20,2025,30.3,
A,EUR,D11,C,ES,2008,14.9,
A,EUR,D11,C,ES,2012,16.4,
A,EUR,D11,C,ES,2016,16.8,
A,EUR,D11,C,ES,2020,17.7,
A,EUR,D11,C,ES,2021,17.5,
A,EUR,D11,C,ES,2022,18,
A,EUR,D11,C,ES,2023,19,
A,EUR,D11,C,ES,2024,19.8,
A,EUR,D11,C,ES,2025,20.5,
A,EUR,D11,C,EU27_2020,2008,16.1,
A,EUR,D11,C,EU27_2020,2012,18.4,d
A,EUR,D11,C,EU27_2020,2016,19.5,
A,EUR,D11,C,EU27_2020,2020,21.7,
A,EUR,D11,C,EU27_2020,2021,21.9,
A,EUR,D11,C,EU27_2020,2022,22.9,
A,EUR,D11,C,EU27_2020,2023,24.2,
A,EUR,D11,C,EU27_2020,2024,25.4,
A,EUR,D11,C,EU27_2020,2025,26.4,
A,EUR,D11,C,EU28,2008,16.4,
A,EUR,D11,C,EU28,2012,18.6,
A,EUR,D11,C,EU28,2016,19.7,
A,EUR,D11,C,FI,2008,23.1,
A,EUR,D11,C,FI,2012,27.5,
A,EUR,D11,C,FI,2016,29,
A,EUR,D11,C,FI,2020,30.2,
A,EUR,D11,C,FI,2021,31.9,p
A,EUR,D11,C,FI,2022,32.9,p
A,EUR,D11,C,FI,2023,34.0,p
A,EUR,D11,C,FI,2024,34.7,p
A,EUR,D11,C,FI,2025,36,
A,EUR,D11,C,FR,2008,22,
A,EUR,D11,C,FR,2012,23.6,
A,EUR,D11,C,FR,2016,24.7,
A,EUR,D11,C,FR,2020,28.1,
A,EUR,D11,C,FR,2021,28.1,
A,EUR,D11,C,FR,2022,29.1,
A,EUR,D11,C,FR,2023,30.3,
A,EUR,D11,C,FR,2024,31.3,
A,EUR,D11,C,FR,2025,32.1,
A,EUR,D11,C,IT,2008,16.8,
A,EUR,D11,C,IT,2012,19.2,
A,EUR,D11,C,IT,2016,19.4,
A,EUR,D11,C,IT,2020,20.5,
A,EUR,D11,C,IT,2021,20.2,
A,EUR,D11,C,IT,2022,20.8,
A,EUR,D11,C,IT,2023,21.7,
A,EUR,D11,C,IT,2024,22.6,
A,EUR,D11,C,IT,2025,23.3,
A,EUR,D11,C,NL,2008,23.2,
A,EUR,D11,C,NL,2012,25.2,
A,EUR,D11,C,NL,2016,27.9,
A,EUR,D11,C,NL,2020,31.4,
A,EUR,D11,C,NL,2021,31.5,
A,EUR,D11,C,NL,2022,32.5,
A,EUR,D11,C,NL,2023,34.6,
A,EUR,D11,C,NL,2024,36.4,
A,EUR,D11,C,NL,2025,,
A,EUR,D11,C,PL,2008,5.6,
A,EUR,D11,C,PL,2012,5.6,
A,EUR,D11,C,PL,2016,6.3,
A,EUR,D11,C,PL,2020,8.2,
A,EUR,D11,C,PL,2021,8.6,
A,EUR,D11,C,PL,2022,9.4,
A,EUR,D11,C,PL,2023,10.8,
A,EUR,D11,C,PL,2024,12.7,
A,EUR,D11,C,PL,2025,14,
A,EUR,D11,C,PT,2008,7.8,
A,EUR,D11,C,PT,2012,8.7,
A,EUR,D11,C,PT,2016,8.6,
A,EUR,D11,C,PT,2020,10.5,
A,EUR,D11,C,PT,2021,10.6,
A,EUR,D11,C,PT,2022,11.2,
A,EUR,D11,C,PT,2023,11.8,
A,EUR,D11,C,PT,2024,12.7,
A,EUR,D11,C,PT,2025,13.4,
A,EUR,D11,C,SE,2008,22.8,
A,EUR,D11,C,SE,2012,28,
A,EUR,D11,C,SE,2016,28.4,
A,EUR,D11,C,SE,2020,28.8,
A,EUR,D11,C,SE,2021,30.8,
A,EUR,D11,C,SE,2022,30.1,
A,EUR,D11,C,SE,2023,29.2,
A,EUR,D11,C,SE,2024,30.2,
A,EUR,D11,C,SE,2025,32,
A,EUR,D11,C,UK,2008,19.8,
A,EUR,D11,C,UK,2012,20.1,
A,EUR,D11,C,UK,2016,22.3,
A,EUR,D11,P,DE,2008,22.4,
A,EUR,D11,P,DE,2012,24.8,
A,EUR,D11,P,DE,2016,26.2,
A,EUR,D11,P,DE,2020,29.3,
A,EUR,D11,P,DE,2021,29.6,
A,EUR,D11,P,DE,2022,29.1,
A,EUR,D11,P,DE,2023,29.6,
A,EUR,D11,P,DE,2024,31,
A,EUR,D11,P,DE,2025,32.6,
A,EUR,D11,P,EA19,2008,25.2,d
A,EUR,D11,P,EA19,2012,22.7,d
A,EUR,D11,P,EA19,2016,24.2,
A,EUR,D11,P,EA19,2020,26.3,
A,EUR,D11,P,EA19,2021,26.5,
A,EUR,D11,P,EA19,2022,26.8,
A,EUR,D11,P,EA19,2023,27.9,
A,EUR,D11,P,EA19,2024,29.1,
A,EUR,D11,P,EA20,2008,25.1,d
A,EUR,D11,P,EA20,2012,22.4,d
A,EUR,D11,P,EA20,2016,23.9,
A,EUR,D11,P,EA20,2020,26,
A,EUR,D11,P,EA20,2021,26.2,
A,EUR,D11,P,EA20,2022,26.5,
A,EUR,D11,P,EA20,2023,27.6,
A,EUR,D11,P,EA20,2024,28.9,
A,EUR,D11,P,EA20,2025,29.9,
A,EUR,D11,P,ES,2008,17.5,
A,EUR,D11,P,ES,2012,17.9,
A,EUR,D11,P,ES,2016,18.2,
A,EUR,D11,P,ES,2020,19.2,
A,EUR,D11,P,ES,2021,18.9,
A,EUR,D11,P,ES,2022,19.6,
A,EUR,D11,P,ES,2023,20.3,
A,EUR,D11,P,ES,2024,20.8,
A,EUR,D11,P,ES,2025,21.5,
A,EUR,D11,P,EU27_2020,2008,19.7,
A,EUR,D11,P,EU27_2020,2012,18.8,d
A,EUR,D11,P,EU27_2020,2016,20.4,
A,EUR,D11,P,EU27_2020,2020,22.5,
A,EUR,D11,P,EU27_2020,2021,22.8,
A,EUR,D11,P,EU27_2020,2022,23.1,
A,EUR,D11,P,EU27_2020,2023,24.3,
A,EUR,D11,P,EU27_2020,2024,25.9,
A,EUR,D11,P,EU27_2020,2025,26.9,
A,EUR,D11,P,EU28,2008,20.3,
A,EUR,D11,P,EU28,2012,19.9,
A,EUR,D11,P,EU28,2016,22.1,
A,EUR,D11,P,FI,2008,23.1,
A,EUR,D11,P,FI,2012,26.6,
A,EUR,D11,P,FI,2016,29.3,
A,EUR,D11,P,FI,2020,30.3,
A,EUR,D11,P,FI,2021,30.0,p
A,EUR,D11,P,FI,2022,30.9,p
A,EUR,D11,P,FI,2023,32.0,p
A,EUR,D11,P,FI,2024,33.2,p
A,EUR,D11,P,FI,2025,34.1,
A,EUR,D11,P,FR,2012,22.4,
A,EUR,D11,P,FR,2016,23.6,
A,EUR,D11,P,FR,2020,26.3,
A,EUR,D11,P,FR,2021,,
A,EUR,D11,P,FR,2022,,
A,EUR,D11,P,FR,2023,,
A,EUR,D11,P,FR,2024,,
A,EUR,D11,P,FR,2025,,
A,EUR,D11,P,IT,2008,21.6,
A,EUR,D11,P,IT,2012,27,
A,EUR,D11,P,IT,2016,26.3,
A,EUR,D11,P,IT,2020,26.5,
A,EUR,D11,P,IT,2021,26.6,
A,EUR,D11,P,IT,2022,26.6,
A,EUR,D11,P,IT,2023,27,
A,EUR,D11,P,IT,2024,28.1,
A,EUR,D11,P,IT,2025,28.5,
A,EUR,D11,P,NL,2008,27,
A,EUR,D11,P,NL,2012,30,
A,EUR,D11,P,NL,2016,32.4,
A,EUR,D11,P,NL,2020,34.5,
A,EUR,D11,P,NL,2021,33.9,
A,EUR,D11,P,NL,2022,35.6,
A,EUR,D11,P,NL,2023,38.2,
A,EUR,D11,P,NL,2024,39.7,
A,EUR,D11,P,NL,2025,,
A,EUR,D11,P,PL,2008,7.3,
A,EUR,D11,P,PL,2012,8.7,
A,EUR,D11,P,PL,2016,9.2,
A,EUR,D11,P,PL,2020,10.9,
A,EUR,D11,P,PL,2021,11.3,
A,EUR,D11,P,PL,2022,11.7,
A,EUR,D11,P,PL,2023,13.5,
A,EUR,D11,P,PL,2024,17.6,
A,EUR,D11,P,PL,2025,19.2,
A,EUR,D11,P,PT,2008,15.5,
A,EUR,D11,P,PT,2012,14.5,
A,EUR,D11,P,PT,2016,16.7,
A,EUR,D11,P,PT,2020,17.7,
A,EUR,D11,P,PT,2021,18,
A,EUR,D11,P,PT,2022,18.7,
A,EUR,D11,P,PT,2023,19.7,
A,EUR,D11,P,PT,2024,20.7,
A,EUR,D11,P,PT,2025,21.7,
A,EUR,D11,P,SE,2008,18.2,
A,EUR,D11,P,SE,2012,21.1,
A,EUR,D11,P,SE,2016,21.6,
A,EUR,D11,P,SE,2020,22.3,
A,EUR,D11,P,SE,2021,23.7,
A,EUR,D11,P,SE,2022,23.1,
A,EUR,D11,P,SE,2023,22,
A,EUR,D11,P,SE,2024,22.9,
A,EUR,D11,P,SE,2025,24.5,
A,EUR,D11,P,UK,2008,22.4,
A,EUR,D11,P,UK,2012,24.5,
A,EUR,D11,P,UK,2016,29.4,
A,EUR,D12_D4_MD5,B-E,DE,2008,7.2,
A,EUR,D12_D4_MD5,B-E,DE,2012,7.8,
A,EUR,D12_D4_MD5,B-E,DE,2016,8.4,
A,EUR,D12_D4_MD5,B-E,DE,2020,9.5,
A,EUR,D12_D4_MD5,B-E,DE,2021,9.5,
A,EUR,D12_D4_MD5,B-E,DE,2022,10.6,
A,EUR,D12_D4_MD5,B-E,DE,2023,11.2,
A,EUR,D12_D4_MD5,B-E,DE,2024,11.6,
A,EUR,D12_D4_MD5,B-E,DE,2025,11.9,
A,EUR,D12_D4_MD5,B-E,EA19,2008,7.1,
A,EUR,D12_D4_MD5,B-E,EA19,2012,8,
A,EUR,D12_D4_MD5,B-E,EA19,2016,8,
A,EUR,D12_D4_MD5,B-E,EA19,2020,8.8,
A,EUR,D12_D4_MD5,B-E,EA19,2021,8.8,
A,EUR,D12_D4_MD5,B-E,EA19,2022,9.4,
A,EUR,D12_D4_MD5,B-E,EA19,2023,9.8,
A,EUR,D12_D4_MD5,B-E,EA19,2024,10.2,
A,EUR,D12_D4_MD5,B-E,EA20,2008,7.1,
A,EUR,D12_D4_MD5,B-E,EA20,2012,7.9,
A,EUR,D12_D4_MD5,B-E,EA20,2016,7.9,
A,EUR,D12_D4_MD5,B-E,EA20,2020,8.6,
A,EUR,D12_D4_MD5,B-E,EA20,2021,8.6,
A,EUR,D12_D4_MD5,B-E,EA20,2022,9.2,
A,EUR,D12_D4_MD5,B-E,EA20,2023,9.7,
A,EUR,D12_D4_MD5,B-E,EA20,2024,10.2,
A,EUR,D12_D4_MD5,B-E,EA20,2025,10.5,
A,EUR,D12_D4_MD5,B-E,ES,2008,5.6,
A,EUR,D12_D4_MD5,B-E,ES,2012,6.2,
A,EUR,D12_D4_MD5,B-E,ES,2016,6,
A,EUR,D12_D4_MD5,B-E,ES,2020,6.7,
A,EUR,D12_D4_MD5,B-E,ES,2021,6.7,
A,EUR,D12_D4_MD5,B-E,ES,2022,6.7,
A,EUR,D12_D4_MD5,B-E,ES,2023,7.1,
A,EUR,D12_D4_MD5,B-E,ES,2024,7.5,
A,EUR,D12_D4_MD5,B-E,ES,2025,7.8,
A,EUR,D12_D4_MD5,B-E,EU27_2020,2008,5.7,
A,EUR,D12_D4_MD5,B-E,EU27_2020,2012,6.4,
A,EUR,D12_D4_MD5,B-E,EU27_2020,2016,6.5,
A,EUR,D12_D4_MD5,B-E,EU27_2020,2020,7,
A,EUR,D12_D4_MD5,B-E,EU27_2020,2021,7.1,
A,EUR,D12_D4_MD5,B-E,EU27_2020,2022,7.6,
A,EUR,D12_D4_MD5,B-E,EU27_2020,2023,8,
A,EUR,D12_D4_MD5,B-E,EU27_2020,2024,8.4,
A,EUR,D12_D4_MD5,B-E,EU27_2020,2025,8.7,
A,EUR,D12_D4_MD5,B-E,EU28,2008,5.6,
A,EUR,D12_D4_MD5,B-E,EU28,2012,6.4,
A,EUR,D12_D4_MD5,B-E,EU28,2016,6.3,
A,EUR,D12_D4_MD5,B-E,FI,2008,7,
A,EUR,D12_D4_MD5,B-E,FI,2012,7.5,
A,EUR,D12_D4_MD5,B-E,FI,2016,8.1,
A,EUR,D12_D4_MD5,B-E,FI,2020,6.8,
A,EUR,D12_D4_MD5,B-E,FI,2021,6.8,p
A,EUR,D12_D4_MD5,B-E,FI,2022,7.1,p
A,EUR,D12_D4_MD5,B-E,FI,2023,7.4,p
A,EUR,D12_D4_MD5,B-E,FI,2024,7.3,p
A,EUR,D12_D4_MD5,B-E,FI,2025,7.6,
A,EUR,D12_D4_MD5,B-E,FR,2008,11,
A,EUR,D12_D4_MD5,B-E,FR,2012,12.4,
A,EUR,D12_D4_MD5,B-E,FR,2016,11.7,
A,EUR,D12_D4_MD5,B-E,FR,2020,13.3,
A,EUR,D12_D4_MD5,B-E,FR,2021,13.2,
A,EUR,D12_D4_MD5,B-E,FR,2022,13.5,
A,EUR,D12_D4_MD5,B-E,FR,2023,13.8,
A,EUR,D12_D4_MD5,B-E,FR,2024,14.5,
A,EUR,D12_D4_MD5,B-E,FR,2025,15.1,
A,EUR,D12_D4_MD5,B-E,IT,2008,7.1,
A,EUR,D12_D4_MD5,B-E,IT,2012,7.7,
A,EUR,D12_D4_MD5,B-E,IT,2016,7.8,
A,EUR,D12_D4_MD5,B-E,IT,2020,8.5,
A,EUR,D12_D4_MD5,B-E,IT,2021,8.2,
A,EUR,D12_D4_MD5,B-E,IT,2022,8.5,
A,EUR,D12_D4_MD5,B-E,IT,2023,8.8,
A,EUR,D12_D4_MD5,B-E,IT,2024,9.2,
A,EUR,D12_D4_MD5,B-E,IT,2025,9.6,
A,EUR,D12_D4_MD5,B-E,NL,2008,7.2,
A,EUR,D12_D4_MD5,B-E,NL,2012,8.1,
A,EUR,D12_D4_MD5,B-E,NL,2016,8.2,
A,EUR,D12_D4_MD5,B-E,NL,2020,8.4,
A,EUR,D12_D4_MD5,B-E,NL,2021,8.7,
A,EUR,D12_D4_MD5,B-E,NL,2022,9.9,
A,EUR,D12_D4_MD5,B-E,NL,2023,10.5,
A,EUR,D12_D4_MD5,B-E,NL,2024,11.1,
A,EUR,D12_D4_MD5,B-E,NL,2025,12,
A,EUR,D12_D4_MD5,B-E,PL,2008,1.4,
A,EUR,D12_D4_MD5,B-E,PL,2012,1.5,
A,EUR,D12_D4_MD5,B-E,PL,2016,1.7,
A,EUR,D12_D4_MD5,B-E,PL,2020,2,
A,EUR,D12_D4_MD5,B-E,PL,2021,2.1,
A,EUR,D12_D4_MD5,B-E,PL,2022,2.3,
A,EUR,D12_D4_MD5,B-E,PL,2023,2.7,
A,EUR,D12_D4_MD5,B-E,PL,2024,3.1,
A,EUR,D12_D4_MD5,B-E,PL,2025,3.4,
A,EUR,D12_D4_MD5,B-E,PT,2008,2.1,
A,EUR,D12_D4_MD5,B-E,PT,2012,2.2,
A,EUR,D12_D4_MD5,B-E,PT,2016,2.3,
A,EUR,D12_D4_MD5,B-E,PT,2020,2.4,
A,EUR,D12_D4_MD5,B-E,PT,2021,2.5,
A,EUR,D12_D4_MD5,B-E,PT,2022,2.7,
A,EUR,D12_D4_MD5,B-E,PT,2023,2.8,
A,EUR,D12_D4_MD5,B-E,PT,2024,3,
A,EUR,D12_D4_MD5,B-E,PT,2025,3.2,
A,EUR,D12_D4_MD5,B-E,SE,2008,11.8,
A,EUR,D12_D4_MD5,B-E,SE,2012,13.5,
A,EUR,D12_D4_MD5,B-E,SE,2016,14.1,
A,EUR,D12_D4_MD5,B-E,SE,2020,13.5,
A,EUR,D12_D4_MD5,B-E,SE,2021,15.1,
A,EUR,D12_D4_MD5,B-E,SE,2022,14.8,
A,EUR,D12_D4_MD5,B-E,SE,2023,13.9,
A,EUR,D12_D4_MD5,B-E,SE,2024,14.6,
A,EUR,D12_D4_MD5,B-E,SE,2025,15.5,
A,EUR,D12_D4_MD5,B-E,UK,2016,4.7,
A,EUR,D12_D4_MD5,B-N,DE,2008,6.1,
A,EUR,D12_D4_MD5,B-N,DE,2012,6.7,
A,EUR,D12_D4_MD5,B-N,DE,2016,7.1,
A,EUR,D12_D4_MD5,B-N,DE,2020,8,
A,EUR,D12_D4_MD5,B-N,DE,2021,8.1,
A,EUR,D12_D4_MD5,B-N,DE,2022,9.1,
A,EUR,D12_D4_MD5,B-N,DE,2023,9.6,
A,EUR,D12_D4_MD5,B-N,DE,2024,10,
A,EUR,D12_D4_MD5,B-N,DE,2025,10.4,
A,EUR,D12_D4_MD5,B-N,EA19,2008,6.6,
A,EUR,D12_D4_MD5,B-N,EA19,2012,7.4,
A,EUR,D12_D4_MD5,B-N,EA19,2016,7.4,
A,EUR,D12_D4_MD5,B-N,EA19,2020,7.9,
A,EUR,D12_D4_MD5,B-N,EA19,2021,7.9,
A,EUR,D12_D4_MD5,B-N,EA19,2022,8.6,
A,EUR,D12_D4_MD5,B-N,EA19,2023,9,
A,EUR,D12_D4_MD5,B-N,EA19,2024,9.4,
A,EUR,D12_D4_MD5,B-N,EA20,2008,6.5,
A,EUR,D12_D4_MD5,B-N,EA20,2012,7.3,
A,EUR,D12_D4_MD5,B-N,EA20,2016,7.3,
A,EUR,D12_D4_MD5,B-N,EA20,2020,7.8,
A,EUR,D12_D4_MD5,B-N,EA20,2021,7.8,
A,EUR,D12_D4_MD5,B-N,EA20,2022,8.4,
A,EUR,D12_D4_MD5,B-N,EA20,2023,8.9,
A,EUR,D12_D4_MD5,B-N,EA20,2024,9.3,
A,EUR,D12_D4_MD5,B-N,EA20,2025,9.7,
A,EUR,D12_D4_MD5,B-N,ES,2008,5.1,
A,EUR,D12_D4_MD5,B-N,ES,2012,5.6,
A,EUR,D12_D4_MD5,B-N,ES,2016,5.4,
A,EUR,D12_D4_MD5,B-N,ES,2020,6,
A,EUR,D12_D4_MD5,B-N,ES,2021,5.9,
A,EUR,D12_D4_MD5,B-N,ES,2022,5.9,
A,EUR,D12_D4_MD5,B-N,ES,2023,6.3,
A,EUR,D12_D4_MD5,B-N,ES,2024,6.6,
A,EUR,D12_D4_MD5,B-N,ES,2025,6.9,
A,EUR,D12_D4_MD5,B-N,EU27_2020,2008,5.6,
A,EUR,D12_D4_MD5,B-N,EU27_2020,2012,6.3,
A,EUR,D12_D4_MD5,B-N,EU27_2020,2016,6.3,
A,EUR,D12_D4_MD5,B-N,EU27_2020,2020,6.7,
A,EUR,D12_D4_MD5,B-N,EU27_2020,2021,6.8,
A,EUR,D12_D4_MD5,B-N,EU27_2020,2022,7.3,
A,EUR,D12_D4_MD5,B-N,EU27_2020,2023,7.7,
A,EUR,D12_D4_MD5,B-N,EU27_2020,2024,8.1,
A,EUR,D12_D4_MD5,B-N,EU27_2020,2025,8.4,
A,EUR,D12_D4_MD5,B-N,EU28,2008,5.2,
A,EUR,D12_D4_MD5,B-N,EU28,2012,5.9,
A,EUR,D12_D4_MD5,B-N,EU28,2016,6.0,
A,EUR,D12_D4_MD5,B-N,FI,2008,6.2,
A,EUR,D12_D4_MD5,B-N,FI,2012,6.8,
A,EUR,D12_D4_MD5,B-N,FI,2016,7.5,
A,EUR,D12_D4_MD5,B-N,FI,2020,6.4,
A,EUR,D12_D4_MD5,B-N,FI,2021,6.4,p
A,EUR,D12_D4_MD5,B-N,FI,2022,6.6,p
A,EUR,D12_D4_MD5,B-N,FI,2023,6.8,p
A,EUR,D12_D4_MD5,B-N,FI,2024,6.7,p
A,EUR,D12_D4_MD5,B-N,FI,2025,7.1,
A,EUR,D12_D4_MD5,B-N,FR,2008,10.4,
A,EUR,D12_D4_MD5,B-N,FR,2012,11.7,
A,EUR,D12_D4_MD5,B-N,FR,2016,11,
A,EUR,D12_D4_MD5,B-N,FR,2020,12,
A,EUR,D12_D4_MD5,B-N,FR,2021,11.9,
A,EUR,D12_D4_MD5,B-N,FR,2022,12.3,
A,EUR,D12_D4_MD5,B-N,FR,2023,12.6,
A,EUR,D12_D4_MD5,B-N,FR,2024,13.2,
A,EUR,D12_D4_MD5,B-N,FR,2025,13.7,
A,EUR,D12_D4_MD5,B-N,IT,2008,7.1,
A,EUR,D12_D4_MD5,B-N,IT,2012,7.4,
A,EUR,D12_D4_MD5,B-N,IT,2016,7.5,
A,EUR,D12_D4_MD5,B-N,IT,2020,8,
A,EUR,D12_D4_MD5,B-N,IT,2021,7.8,
A,EUR,D12_D4_MD5,B-N,IT,2022,8,
A,EUR,D12_D4_MD5,B-N,IT,2023,8.3,
A,EUR,D12_D4_MD5,B-N,IT,2024,8.6,
A,EUR,D12_D4_MD5,B-N,IT,2025,9,
A,EUR,D12_D4_MD5,B-N,NL,2008,6.6,
A,EUR,D12_D4_MD5,B-N,NL,2012,7.5,
A,EUR,D12_D4_MD5,B-N,NL,2016,7.6,
A,EUR,D12_D4_MD5,B-N,NL,2020,7.3,
A,EUR,D12_D4_MD5,B-N,NL,2021,7.7,
A,EUR,D12_D4_MD5,B-N,NL,2022,9,
A,EUR,D12_D4_MD5,B-N,NL,2023,9.6,
A,EUR,D12_D4_MD5,B-N,NL,2024,10.2,
A,EUR,D12_D4_MD5,B-N,NL,2025,10.9,
A,EUR,D12_D4_MD5,B-N,PL,2008,1.3,
A,EUR,D12_D4_MD5,B-N,PL,2012,1.4,
A,EUR,D12_D4_MD5,B-N,PL,2016,1.5,
A,EUR,D12_D4_MD5,B-N,PL,2020,1.9,
A,EUR,D12_D4_MD5,B-N,PL,2021,2,
A,EUR,D12_D4_MD5,B-N,PL,2022,2.2,
A,EUR,D12_D4_MD5,B-N,PL,2023,2.5,
A,EUR,D12_D4_MD5,B-N,PL,2024,3,
A,EUR,D12_D4_MD5,B-N,PL,2025,3.3,
A,EUR,D12_D4_MD5,B-N,PT,2008,2.3,
A,EUR,D12_D4_MD5,B-N,PT,2012,2.7,
A,EUR,D12_D4_MD5,B-N,PT,2016,2.7,
A,EUR,D12_D4_MD5,B-N,PT,2020,2.7,
A,EUR,D12_D4_MD5,B-N,PT,2021,2.8,
A,EUR,D12_D4_MD5,B-N,PT,2022,2.9,
A,EUR,D12_D4_MD5,B-N,PT,2023,3.1,
A,EUR,D12_D4_MD5,B-N,PT,2024,3.3,
A,EUR,D12_D4_MD5,B-N,PT,2025,3.6,
A,EUR,D12_D4_MD5,B-N,SE,2008,11.2,
A,EUR,D12_D4_MD5,B-N,SE,2012,12.8,
A,EUR,D12_D4_MD5,B-N,SE,2016,13.2,
A,EUR,D12_D4_MD5,B-N,SE,2020,12.6,
A,EUR,D12_D4_MD5,B-N,SE,2021,14.1,
A,EUR,D12_D4_MD5,B-N,SE,2022,13.9,
A,EUR,D12_D4_MD5,B-N,SE,2023,13.1,
A,EUR,D12_D4_MD5,B-N,SE,2024,13.9,
A,EUR,D12_D4_MD5,B-N,SE,2025,14.9,
A,EUR,D12_D4_MD5,B-N,UK,2008,3.4,d
A,EUR,D12_D4_MD5,B-N,UK,2012,3.8,
A,EUR,D12_D4_MD5,B-N,UK,2016,4.3,
A,EUR,D12_D4_MD5,B-S_X_O,DE,2008,6.1,
A,EUR,D12_D4_MD5,B-S_X_O,DE,2012,6.8,
A,EUR,D12_D4_MD5,B-S_X_O,DE,2016,7.2,
A,EUR,D12_D4_MD5,B-S_X_O,DE,2020,8.2,
A,EUR,D12_D4_MD5,B-S_X_O,DE,2021,8.3,
A,EUR,D12_D4_MD5,B-S_X_O,DE,2022,9.3,
A,EUR,D12_D4_MD5,B-S_X_O,DE,2023,9.8,
A,EUR,D12_D4_MD5,B-S_X_O,DE,2024,10.2,
A,EUR,D12_D4_MD5,B-S_X_O,DE,2025,10.6,
A,EUR,D12_D4_MD5,B-S_X_O,EA19,2008,6.5,d
A,EUR,D12_D4_MD5,B-S_X_O,EA19,2012,7.5,
A,EUR,D12_D4_MD5,B-S_X_O,EA19,2016,7.5,
A,EUR,D12_D4_MD5,B-S_X_O,EA19,2020,8.1,
A,EUR,D12_D4_MD5,B-S_X_O,EA19,2021,8.2,
A,EUR,D12_D4_MD5,B-S_X_O,EA19,2022,8.8,
A,EUR,D12_D4_MD5,B-S_X_O,EA19,2023,9.2,
A,EUR,D12_D4_MD5,B-S_X_O,EA19,2024,9.6,
A,EUR,D12_D4_MD5,B-S_X_O,EA20,2008,6.5,d
A,EUR,D12_D4_MD5,B-S_X_O,EA20,2012,7.4,
A,EUR,D12_D4_MD5,B-S_X_O,EA20,2016,7.4,
A,EUR,D12_D4_MD5,B-S_X_O,EA20,2020,8,
A,EUR,D12_D4_MD5,B-S_X_O,EA20,2021,8.1,
A,EUR,D12_D4_MD5,B-S_X_O,EA20,2022,8.7,
A,EUR,D12_D4_MD5,B-S_X_O,EA20,2023,9.1,
A,EUR,D12_D4_MD5,B-S_X_O,EA20,2024,9.5,
A,EUR,D12_D4_MD5,B-S_X_O,EA20,2025,9.9,
A,EUR,D12_D4_MD5,B-S_X_O,ES,2008,5.1,
A,EUR,D12_D4_MD5,B-S_X_O,ES,2012,5.5,
A,EUR,D12_D4_MD5,B-S_X_O,ES,2016,5.4,
A,EUR,D12_D4_MD5,B-S_X_O,ES,2020,6,
A,EUR,D12_D4_MD5,B-S_X_O,ES,2021,6,
A,EUR,D12_D4_MD5,B-S_X_O,ES,2022,6,
A,EUR,D12_D4_MD5,B-S_X_O,ES,2023,6.4,
A,EUR,D12_D4_MD5,B-S_X_O,ES,2024,6.7,
A,EUR,D12_D4_MD5,B-S_X_O,ES,2025,6.9,
A,EUR,D12_D4_MD5,B-S_X_O,EU27_2020,2008,5.5,
A,EUR,D12_D4_MD5,B-S_X_O,EU27_2020,2012,6.4,
A,EUR,D12_D4_MD5,B-S_X_O,EU27_2020,2016,6.5,
A,EUR,D12_D4_MD5,B-S_X_O,EU27_2020,2020,6.9,
A,EUR,D12_D4_MD5,B-S_X_O,EU27_2020,2021,7,
A,EUR,D12_D4_MD5,B-S_X_O,EU27_2020,2022,7.5,
A,EUR,D12_D4_MD5,B-S_X_O,EU27_2020,2023,7.9,
A,EUR,D12_D4_MD5,B-S_X_O,EU27_2020,2024,8.3,
A,EUR,D12_D4_MD5,B-S_X_O,EU27_2020,2025,8.6,
A,EUR,D12_D4_MD5,B-S_X_O,EU28,2008,5.2,d
A,EUR,D12_D4_MD5,B-S_X_O,EU28,2012,6.0,
A,EUR,D12_D4_MD5,B-S_X_O,EU28,2016,6.2,
A,EUR,D12_D4_MD5,B-S_X_O,FI,2008,6.2,
A,EUR,D12_D4_MD5,B-S_X_O,FI,2012,6.9,
A,EUR,D12_D4_MD5,B-S_X_O,FI,2016,7.6,
A,EUR,D12_D4_MD5,B-S_X_O,FI,2020,6.6,
A,EUR,D12_D4_MD5,B-S_X_O,FI,2021,6.2,p
A,EUR,D12_D4_MD5,B-S_X_O,FI,2022,6.4,p
A,EUR,D12_D4_MD5,B-S_X_O,FI,2023,6.6,p
A,EUR,D12_D4_MD5,B-S_X_O,FI,2024,6.5,p
A,EUR,D12_D4_MD5,B-S_X_O,FI,2025,6.8,
A,EUR,D12_D4_MD5,B-S_X_O,FR,2008,10.3,d
A,EUR,D12_D4_MD5,B-S_X_O,FR,2012,11.9,
A,EUR,D12_D4_MD5,B-S_X_O,FR,2016,11.4,
A,EUR,D12_D4_MD5,B-S_X_O,FR,2020,12.5,
A,EUR,D12_D4_MD5,B-S_X_O,FR,2021,12.5,
A,EUR,D12_D4_MD5,B-S_X_O,FR,2022,12.9,
A,EUR,D12_D4_MD5,B-S_X_O,FR,2023,13.3,
A,EUR,D12_D4_MD5,B-S_X_O,FR,2024,13.9,
A,EUR,D12_D4_MD5,B-S_X_O,FR,2025,14.3,
A,EUR,D12_D4_MD5,B-S_X_O,IT,2008,7,
A,EUR,D12_D4_MD5,B-S_X_O,IT,2012,7.8,
A,EUR,D12_D4_MD5,B-S_X_O,IT,2016,7.7,
A,EUR,D12_D4_MD5,B-S_X_O,IT,2020,8.2,
A,EUR,D12_D4_MD5,B-S_X_O,IT,2021,8,
A,EUR,D12_D4_MD5,B-S_X_O,IT,2022,8.1,
A,EUR,D12_D4_MD5,B-S_X_O,IT,2023,8.4,
A,EUR,D12_D4_MD5,B-S_X_O,IT,2024,8.6,
A,EUR,D12_D4_MD5,B-S_X_O,IT,2025,9,
A,EUR,D12_D4_MD5,B-S_X_O,NL,2008,6.9,
A,EUR,D12_D4_MD5,B-S_X_O,NL,2012,7.7,
A,EUR,D12_D4_MD5,B-S_X_O,NL,2016,8.1,
A,EUR,D12_D4_MD5,B-S_X_O,NL,2020,8,
A,EUR,D12_D4_MD5,B-S_X_O,NL,2021,8.5,
A,EUR,D12_D4_MD5,B-S_X_O,NL,2022,9.8,
A,EUR,D12_D4_MD5,B-S_X_O,NL,2023,10.4,
A,EUR,D12_D4_MD5,B-S_X_O,NL,2024,11,
A,EUR,D12_D4_MD5,B-S_X_O,NL,2025,11.8,
A,EUR,D12_D4_MD5,B-S_X_O,PL,2008,1.4,
A,EUR,D12_D4_MD5,B-S_X_O,PL,2012,1.4,
A,EUR,D12_D4_MD5,B-S_X_O,PL,2016,1.6,
A,EUR,D12_D4_MD5,B-S_X_O,PL,2020,2,
A,EUR,D12_D4_MD5,B-S_X_O,PL,2021,2.1,
A,EUR,D12_D4_MD5,B-S_X_O,PL,2022,2.3,
A,EUR,D12_D4_MD5,B-S_X_O,PL,2023,2.6,
A,EUR,D12_D4_MD5,B-S_X_O,PL,2024,3.1,
A,EUR,D12_D4_MD5,B-S_X_O,PL,2025,3.4,
A,EUR,D12_D4_MD5,B-S_X_O,PT,2008,2.3,
A,EUR,D12_D4_MD5,B-S_X_O,PT,2012,2.6,
A,EUR,D12_D4_MD5,B-S_X_O,PT,2016,2.8,
A,EUR,D12_D4_MD5,B-S_X_O,PT,2020,2.8,
A,EUR,D12_D4_MD5,B-S_X_O,PT,2021,2.9,
A,EUR,D12_D4_MD5,B-S_X_O,PT,2022,3.1,
A,EUR,D12_D4_MD5,B-S_X_O,PT,2023,3.3,
A,EUR,D12_D4_MD5,B-S_X_O,PT,2024,3.5,
A,EUR,D12_D4_MD5,B-S_X_O,PT,2025,3.8,
A,EUR,D12_D4_MD5,B-S_X_O,SE,2008,10.4,
A,EUR,D12_D4_MD5,B-S_X_O,SE,2012,11.8,
A,EUR,D12_D4_MD5,B-S_X_O,SE,2016,12,
A,EUR,D12_D4_MD5,B-S_X_O,SE,2020,11.8,
A,EUR,D12_D4_MD5,B-S_X_O,SE,2021,13,
A,EUR,D12_D4_MD5,B-S_X_O,SE,2022,12.8,
A,EUR,D12_D4_MD5,B-S_X_O,SE,2023,12.3,
A,EUR,D12_D4_MD5,B-S_X_O,SE,2024,12.7,
A,EUR,D12_D4_MD5,B-S_X_O,SE,2025,13.7,
A,EUR,D12_D4_MD5,B-S_X_O,UK,2008,3.6,d
A,EUR,D12_D4_MD5,B-S_X_O,UK,2012,4.1,
A,EUR,D12_D4_MD5,B-S_X_O,UK,2016,4.8,
A,EUR,D12_D4_MD5,C,DE,2008,7.1,
A,EUR,D12_D4_MD5,C,DE,2012,7.7,
A,EUR,D12_D4_MD5,C,DE,2016,8.3,
A,EUR,D12_D4_MD5,C,DE,2020,9.4,
A,EUR,D12_D4_MD5,C,DE,2021,9.4,
A,EUR,D12_D4_MD5,C,DE,2022,10.5,
A,EUR,D12_D4_MD5,C,DE,2023,11.1,
A,EUR,D12_D4_MD5,C,DE,2024,11.5,
A,EUR,D12_D4_MD5,C,DE,2025,11.7,
A,EUR,D12_D4_MD5,C,EA19,2008,7,
A,EUR,D12_D4_MD5,C,EA19,2012,7.8,d
A,EUR,D12_D4_MD5,C,EA19,2016,7.9,
A,EUR,D12_D4_MD5,C,EA19,2020,8.6,
A,EUR,D12_D4_MD5,C,EA19,2021,8.6,
A,EUR,D12_D4_MD5,C,EA19,2022,9.3,
A,EUR,D12_D4_MD5,C,EA19,2023,9.7,
A,EUR,D12_D4_MD5,C,EA19,2024,10.1,
A,EUR,D12_D4_MD5,C,EA20,2008,6.9,
A,EUR,D12_D4_MD5,C,EA20,2012,7.7,d
A,EUR,D12_D4_MD5,C,EA20,2016,7.8,
A,EUR,D12_D4_MD5,C,EA20,2020,8.5,
A,EUR,D12_D4_MD5,C,EA20,2021,8.5,
A,EUR,D12_D4_MD5,C,EA20,2022,9.1,
A,EUR,D12_D4_MD5,C,EA20,2023,9.6,
A,EUR,D12_D4_MD5,C,EA20,2024,10.1,
A,EUR,D12_D4_MD5,C,EA20,2025,10.4,
A,EUR,D12_D4_MD5,C,ES,2008,5.4,
A,EUR,D12_D4_MD5,C,ES,2012,6,
A,EUR,D12_D4_MD5,C,ES,2016,5.8,
A,EUR,D12_D4_MD5,C,ES,2020,6.6,
A,EUR,D12_D4_MD5,C,ES,2021,6.5,
A,EUR,D12_D4_MD5,C,ES,2022,6.5,
A,EUR,D12_D4_MD5,C,ES,2023,7,
A,EUR,D12_D4_MD5,C,ES,2024,7.3,
A,EUR,D12_D4_MD5,C,ES,2025,7.7,
A,EUR,D12_D4_MD5,C,EU27_2020,2008,5.6,
A,EUR,D12_D4_MD5,C,EU27_2020,2012,6.3,d
A,EUR,D12_D4_MD5,C,EU27_2020,2016,6.4,
A,EUR,D12_D4_MD5,C,EU27_2020,2020,7,
A,EUR,D12_D4_MD5,C,EU27_2020,2021,7,
A,EUR,D12_D4_MD5,C,EU27_2020,2022,7.5,
A,EUR,D12_D4_MD5,C,EU27_2020,2023,7.9,
A,EUR,D12_D4_MD5,C,EU27_2020,2024,8.3,
A,EUR,D12_D4_MD5,C,EU27_2020,2025,8.7,
A,EUR,D12_D4_MD5,C,EU28,2008,5.4,
A,EUR,D12_D4_MD5,C,EU28,2012,6.1,d
A,EUR,D12_D4_MD5,C,EU28,2016,6.2,
A,EUR,D12_D4_MD5,C,FI,2008,7,
A,EUR,D12_D4_MD5,C,FI,2012,7.5,
A,EUR,D12_D4_MD5,C,FI,2016,8.1,
A,EUR,D12_D4_MD5,C,FI,2020,6.7,
A,EUR,D12_D4_MD5,C,FI,2021,6.8,p
A,EUR,D12_D4_MD5,C,FI,2022,7.1,p
A,EUR,D12_D4_MD5,C,FI,2023,7.5,p
A,EUR,D12_D4_MD5,C,FI,2024,7.3,p
A,EUR,D12_D4_MD5,C,FI,2025,7.6,
A,EUR,D12_D4_MD5,C,FR,2008,10.9,
A,EUR,D12_D4_MD5,C,FR,2012,12.1,
A,EUR,D12_D4_MD5,C,FR,2016,11.7,
A,EUR,D12_D4_MD5,C,FR,2020,13.2,
A,EUR,D12_D4_MD5,C,FR,2021,13,
A,EUR,D12_D4_MD5,C,FR,2022,13.3,
A,EUR,D12_D4_MD5,C,FR,2023,13.7,
A,EUR,D12_D4_MD5,C,FR,2024,14.4,
A,EUR,D12_D4_MD5,C,FR,2025,15,
A,EUR,D12_D4_MD5,C,IT,2008,7,
A,EUR,D12_D4_MD5,C,IT,2012,7.6,
A,EUR,D12_D4_MD5,C,IT,2016,7.6,
A,EUR,D12_D4_MD5,C,IT,2020,8.4,
A,EUR,D12_D4_MD5,C,IT,2021,8.1,
A,EUR,D12_D4_MD5,C,IT,2022,8.4,
A,EUR,D12_D4_MD5,C,IT,2023,8.8,
A,EUR,D12_D4_MD5,C,IT,2024,9.1,
A,EUR,D12_D4_MD5,C,IT,2025,9.5,
A,EUR,D12_D4_MD5,C,NL,2008,7,
A,EUR,D12_D4_MD5,C,NL,2012,7.9,
A,EUR,D12_D4_MD5,C,NL,2016,8,
A,EUR,D12_D4_MD5,C,NL,2020,8.1,
A,EUR,D12_D4_MD5,C,NL,2021,8.5,
A,EUR,D12_D4_MD5,C,NL,2022,9.6,
A,EUR,D12_D4_MD5,C,NL,2023,10.3,
A,EUR,D12_D4_MD5,C,NL,2024,10.9,
A,EUR,D12_D4_MD5,C,NL,2025,,
A,EUR,D12_D4_MD5,C,PL,2008,1.2,
A,EUR,D12_D4_MD5,C,PL,2012,1.3,
A,EUR,D12_D4_MD5,C,PL,2016,1.5,
A,EUR,D12_D4_MD5,C,PL,2020,1.8,
A,EUR,D12_D4_MD5,C,PL,2021,1.9,
A,EUR,D12_D4_MD5,C,PL,2022,2.1,
A,EUR,D12_D4_MD5,C,PL,2023,2.4,
A,EUR,D12_D4_MD5,C,PL,2024,2.8,
A,EUR,D12_D4_MD5,C,PL,2025,3.1,
A,EUR,D12_D4_MD5,C,PT,2008,2,
A,EUR,D12_D4_MD5,C,PT,2012,2.2,
A,EUR,D12_D4_MD5,C,PT,2016,2.2,
A,EUR,D12_D4_MD5,C,PT,2020,2.3,
A,EUR,D12_D4_MD5,C,PT,2021,2.4,
A,EUR,D12_D4_MD5,C,PT,2022,2.6,
A,EUR,D12_D4_MD5,C,PT,2023,2.7,
A,EUR,D12_D4_MD5,C,PT,2024,2.9,
A,EUR,D12_D4_MD5,C,PT,2025,3.1,
A,EUR,D12_D4_MD5,C,SE,2008,11.7,
A,EUR,D12_D4_MD5,C,SE,2012,13.3,
A,EUR,D12_D4_MD5,C,SE,2016,13.9,
A,EUR,D12_D4_MD5,C,SE,2020,13.3,
A,EUR,D12_D4_MD5,C,SE,2021,14.8,
A,EUR,D12_D4_MD5,C,SE,2022,14.6,
A,EUR,D12_D4_MD5,C,SE,2023,13.7,
A,EUR,D12_D4_MD5,C,SE,2024,14.4,
A,EUR,D12_D4_MD5,C,SE,2025,15.3,
A,EUR,D12_D4_MD5,C,UK,2008,3.6,
A,EUR,D12_D4_MD5,C,UK,2012,3.8,
A,EUR,D12_D4_MD5,C,UK,2016,4.4,
A,EUR,D12_D4_MD5,P,DE,2008,9,
A,EUR,D12_D4_MD5,P,DE,2012,9.9,
A,EUR,D12_D4_MD5,P,DE,2016,10.7,
A,EUR,D12_D4_MD5,P,DE,2020,11.9,
A,EUR,D12_D4_MD5,P,DE,2021,12.1,
A,EUR,D12_D4_MD5,P,DE,2022,12.8,
A,EUR,D12_D4_MD5,P,DE,2023,13.1,
A,EUR,D12_D4_MD5,P,DE,2024,13.7,
A,EUR,D12_D4_MD5,P,DE,2025,14.4,
A,EUR,D12_D4_MD5,P,EA19,2008,9.2,d
A,EUR,D12_D4_MD5,P,EA19,2012,9.7,d
A,EUR,D12_D4_MD5,P,EA19,2016,10.3,
A,EUR,D12_D4_MD5,P,EA19,2020,10.7,
A,EUR,D12_D4_MD5,P,EA19,2021,10.7,
A,EUR,D12_D4_MD5,P,EA19,2022,11.1,
A,EUR,D12_D4_MD5,P,EA19,2023,11.5,
A,EUR,D12_D4_MD5,P,EA19,2024,12,
A,EUR,D12_D4_MD5,P,EA20,2008,9.1,d
A,EUR,D12_D4_MD5,P,EA20,2012,9.5,d
A,EUR,D12_D4_MD5,P,EA20,2016,10.1,
A,EUR,D12_D4_MD5,P,EA20,2020,10.6,
A,EUR,D12_D4_MD5,P,EA20,2021,10.6,
A,EUR,D12_D4_MD5,P,EA20,2022,10.9,
A,EUR,D12_D4_MD5,P,EA20,2023,11.4,
A,EUR,D12_D4_MD5,P,EA20,2024,11.8,
A,EUR,D12_D4_MD5,P,EA20,2025,12.1,
A,EUR,D12_D4_MD5,P,ES,2008,5.9,
A,EUR,D12_D4_MD5,P,ES,2012,5.9,
A,EUR,D12_D4_MD5,P,ES,2016,6,
A,EUR,D12_D4_MD5,P,ES,2020,6.5,
A,EUR,D12_D4_MD5,P,ES,2021,6.4,
A,EUR,D12_D4_MD5,P,ES,2022,6.6,
A,EUR,D12_D4_MD5,P,ES,2023,6.9,
A,EUR,D12_D4_MD5,P,ES,2024,7,
A,EUR,D12_D4_MD5,P,ES,2025,7.3,
A,EUR,D12_D4_MD5,P,EU27_2020,2008,7,
A,EUR,D12_D4_MD5,P,EU27_2020,2012,7.5,d
A,EUR,D12_D4_MD5,P,EU27_2020,2016,8.2,
A,EUR,D12_D4_MD5,P,EU27_2020,2020,8.6,
A,EUR,D12_D4_MD5,P,EU27_2020,2021,8.6,
A,EUR,D12_D4_MD5,P,EU27_2020,2022,8.9,
A,EUR,D12_D4_MD5,P,EU27_2020,2023,9.3,
A,EUR,D12_D4_MD5,P,EU27_2020,2024,9.7,
A,EUR,D12_D4_MD5,P,EU27_2020,2025,10.1,
A,EUR,D12_D4_MD5,P,EU28,2008,6.4,d
A,EUR,D12_D4_MD5,P,EU28,2012,7.3,d
A,EUR,D12_D4_MD5,P,EU28,2016,8.3,
A,EUR,D12_D4_MD5,P,FI,2008,5.6,
A,EUR,D12_D4_MD5,P,FI,2012,7.7,
A,EUR,D12_D4_MD5,P,FI,2016,9,
A,EUR,D12_D4_MD5,P,FI,2020,7.3,
A,EUR,D12_D4_MD5,P,FI,2021,6.5,p
A,EUR,D12_D4_MD5,P,FI,2022,6.6,p
A,EUR,D12_D4_MD5,P,FI,2023,6.8,p
A,EUR,D12_D4_MD5,P,FI,2024,6.8,p
A,EUR,D12_D4_MD5,P,FI,2025,7,
A,EUR,D12_D4_MD5,P,FR,2012,16.7,
A,EUR,D12_D4_MD5,P,FR,2016,17.8,
A,EUR,D12_D4_MD5,P,FR,2020,19,
A,EUR,D12_D4_MD5,P,FR,2021,,
A,EUR,D12_D4_MD5,P,FR,2022,,
A,EUR,D12_D4_MD5,P,FR,2023,,
A,EUR,D12_D4_MD5,P,FR,2024,,
A,EUR,D12_D4_MD5,P,FR,2025,,
A,EUR,D12_D4_MD5,P,IT,2008,6.9,
A,EUR,D12_D4_MD5,P,IT,2012,12.1,
A,EUR,D12_D4_MD5,P,IT,2016,10.9,
A,EUR,D12_D4_MD5,P,IT,2020,9.6,
A,EUR,D12_D4_MD5,P,IT,2021,9.6,
A,EUR,D12_D4_MD5,P,IT,2022,9.5,
A,EUR,D12_D4_MD5,P,IT,2023,9.5,
A,EUR,D12_D4_MD5,P,IT,2024,9.7,
A,EUR,D12_D4_MD5,P,IT,2025,9.8,
A,EUR,D12_D4_MD5,P,NL,2008,9.7,
A,EUR,D12_D4_MD5,P,NL,2012,10.7,
A,EUR,D12_D4_MD5,P,NL,2016,11.1,
A,EUR,D12_D4_MD5,P,NL,2020,13,
A,EUR,D12_D4_MD5,P,NL,2021,13,
A,EUR,D12_D4_MD5,P,NL,2022,14.3,
A,EUR,D12_D4_MD5,P,NL,2023,14.8,
A,EUR,D12_D4_MD5,P,NL,2024,15.2,
A,EUR,D12_D4_MD5,P,NL,2025,,
A,EUR,D12_D4_MD5,P,PL,2008,1.8,
A,EUR,D12_D4_MD5,P,PL,2012,2.2,
A,EUR,D12_D4_MD5,P,PL,2016,2.3,
A,EUR,D12_D4_MD5,P,PL,2020,2.6,
A,EUR,D12_D4_MD5,P,PL,2021,2.7,
A,EUR,D12_D4_MD5,P,PL,2022,2.8,
A,EUR,D12_D4_MD5,P,PL,2023,3.2,
A,EUR,D12_D4_MD5,P,PL,2024,4.2,
A,EUR,D12_D4_MD5,P,PL,2025,4.6,
A,EUR,D12_D4_MD5,P,PT,2008,2.6,
A,EUR,D12_D4_MD5,P,PT,2012,2.7,
A,EUR,D12_D4_MD5,P,PT,2016,3.9,
A,EUR,D12_D4_MD5,P,PT,2020,4.1,
A,EUR,D12_D4_MD5,P,PT,2021,4.2,
A,EUR,D12_D4_MD5,P,PT,2022,4.4,
A,EUR,D12_D4_MD5,P,PT,2023,4.8,
A,EUR,D12_D4_MD5,P,PT,2024,5,
A,EUR,D12_D4_MD5,P,PT,2025,5.3,
A,EUR,D12_D4_MD5,P,SE,2008,8.5,
A,EUR,D12_D4_MD5,P,SE,2012,9.2,
A,EUR,D12_D4_MD5,P,SE,2016,9.3,
A,EUR,D12_D4_MD5,P,SE,2020,9.6,
A,EUR,D12_D4_MD5,P,SE,2021,10.5,
A,EUR,D12_D4_MD5,P,SE,2022,10.1,
A,EUR,D12_D4_MD5,P,SE,2023,10.1,
A,EUR,D12_D4_MD5,P,SE,2024,10.1,
A,EUR,D12_D4_MD5,P,SE,2025,10.8,
A,EUR,D12_D4_MD5,P,UK,2008,5,
A,EUR,D12_D4_MD5,P,UK,2012,6.1,
A,EUR,D12_D4_MD5,P,UK,2016,8.5,
A,EUR,D1_D4_MD5,B-E,DE,2008,32.5,
A,EUR,D1_D4_MD5,B-E,DE,2012,35.2,
A,EUR,D1_D4_MD5,B-E,DE,2016,38.4,
A,EUR,D1_D4_MD5,B-E,DE,2020,42.1,
A,EUR,D1_D4_MD5,B-E,DE,2021,42.2,
A,EUR,D1_D4_MD5,B-E,DE,2022,44.5,
A,EUR,D1_D4_MD5,B-E,DE,2023,46.8,
A,EUR,D1_D4_MD5,B-E,DE,2024,48.8,
A,EUR,D1_D4_MD5,B-E,DE,2025,49.8,
A,EUR,D1_D4_MD5,B-E,EA19,2008,26.9,
A,EUR,D1_D4_MD5,B-E,EA19,2012,30.5,
A,EUR,D1_D4_MD5,B-E,EA19,2016,31.9,
A,EUR,D1_D4_MD5,B-E,EA19,2020,34.9,
A,EUR,D1_D4_MD5,B-E,EA19,2021,35,
A,EUR,D1_D4_MD5,B-E,EA19,2022,36.6,
A,EUR,D1_D4_MD5,B-E,EA19,2023,38.4,
A,EUR,D1_D4_MD5,B-E,EA19,2024,40.1,
A,EUR,D1_D4_MD5,B-E,EA20,2008,26.9,
A,EUR,D1_D4_MD5,B-E,EA20,2012,30.2,
A,EUR,D1_D4_MD5,B-E,EA20,2016,31.6,
A,EUR,D1_D4_MD5,B-E,EA20,2020,34.5,
A,EUR,D1_D4_MD5,B-E,EA20,2021,34.6,
A,EUR,D1_D4_MD5,B-E,EA20,2022,36.2,
A,EUR,D1_D4_MD5,B-E,EA20,2023,38.1,
A,EUR,D1_D4_MD5,B-E,EA20,2024,39.8,
A,EUR,D1_D4_MD5,B-E,EA20,2025,41,
A,EUR,D1_D4_MD5,B-E,ES,2008,20.8,
A,EUR,D1_D4_MD5,B-E,ES,2012,23,
A,EUR,D1_D4_MD5,B-E,ES,2016,23.2,
A,EUR,D1_D4_MD5,B-E,ES,2020,24.8,
A,EUR,D1_D4_MD5,B-E,ES,2021,24.6,
A,EUR,D1_D4_MD5,B-E,ES,2022,25.1,
A,EUR,D1_D4_MD5,B-E,ES,2023,26.5,
A,EUR,D1_D4_MD5,B-E,ES,2024,27.7,
A,EUR,D1_D4_MD5,B-E,ES,2025,28.7,
A,EUR,D1_D4_MD5,B-E,EU27_2020,2008,21.8,
A,EUR,D1_D4_MD5,B-E,EU27_2020,2012,24.8,
A,EUR,D1_D4_MD5,B-E,EU27_2020,2016,25.9,
A,EUR,D1_D4_MD5,B-E,EU27_2020,2020,28.7,
A,EUR,D1_D4_MD5,B-E,EU27_2020,2021,29,
A,EUR,D1_D4_MD5,B-E,EU27_2020,2022,30.5,
A,EUR,D1_D4_MD5,B-E,EU27_2020,2023,32.3,
A,EUR,D1_D4_MD5,B-E,EU27_2020,2024,33.9,
A,EUR,D1_D4_MD5,B-E,EU27_2020,2025,35.2,
A,EUR,D1_D4_MD5,B-E,EU28,2008,21.6,
A,EUR,D1_D4_MD5,B-E,EU28,2012,24.8,
A,EUR,D1_D4_MD5,B-E,EU28,2016,26.1,
A,EUR,D1_D4_MD5,B-E,FI,2008,30,
A,EUR,D1_D4_MD5,B-E,FI,2012,35,
A,EUR,D1_D4_MD5,B-E,FI,2016,37.1,
A,EUR,D1_D4_MD5,B-E,FI,2020,37.1,
A,EUR,D1_D4_MD5,B-E,FI,2021,38.7,p
A,EUR,D1_D4_MD5,B-E,FI,2022,40.0,p
A,EUR,D1_D4_MD5,B-E,FI,2023,41.3,p
A,EUR,D1_D4_MD5,B-E,FI,2024,42.0,p
A,EUR,D1_D4_MD5,B-E,FI,2025,43.5,
A,EUR,D1_D4_MD5,B-E,FR,2008,33.1,
A,EUR,D1_D4_MD5,B-E,FR,2012,36.4,
A,EUR,D1_D4_MD5,B-E,FR,2016,36.8,
A,EUR,D1_D4_MD5,B-E,FR,2020,41.9,
A,EUR,D1_D4_MD5,B-E,FR,2021,41.8,
A,EUR,D1_D4_MD5,B-E,FR,2022,43,
A,EUR,D1_D4_MD5,B-E,FR,2023,44.7,
A,EUR,D1_D4_MD5,B-E,FR,2024,46.3,
A,EUR,D1_D4_MD5,B-E,FR,2025,47.7,
A,EUR,D1_D4_MD5,B-E,IT,2008,24.2,
A,EUR,D1_D4_MD5,B-E,IT,2012,27.2,
A,EUR,D1_D4_MD5,B-E,IT,2016,27.5,
A,EUR,D1_D4_MD5,B-E,IT,2020,29.2,
A,EUR,D1_D4_MD5,B-E,IT,2021,28.6,
A,EUR,D1_D4_MD5,B-E,IT,2022,29.5,
A,EUR,D1_D4_MD5,B-E,IT,2023,30.7,
A,EUR,D1_D4_MD5,B-E,IT,2024,32,
A,EUR,D1_D4_MD5,B-E,IT,2025,33,
A,EUR,D1_D4_MD5,B-E,NL,2008,30.8,
A,EUR,D1_D4_MD5,B-E,NL,2012,33.9,
A,EUR,D1_D4_MD5,B-E,NL,2016,36.7,
A,EUR,D1_D4_MD5,B-E,NL,2020,40.1,
A,EUR,D1_D4_MD5,B-E,NL,2021,40.5,
A,EUR,D1_D4_MD5,B-E,NL,2022,42.6,
A,EUR,D1_D4_MD5,B-E,NL,2023,45.4,
A,EUR,D1_D4_MD5,B-E,NL,2024,47.8,
A,EUR,D1_D4_MD5,B-E,NL,2025,50.7,
A,EUR,D1_D4_MD5,B-E,PL,2008,7.5,
A,EUR,D1_D4_MD5,B-E,PL,2012,7.7,
A,EUR,D1_D4_MD5,B-E,PL,2016,8.5,
A,EUR,D1_D4_MD5,B-E,PL,2020,10.7,
A,EUR,D1_D4_MD5,B-E,PL,2021,11.2,
A,EUR,D1_D4_MD5,B-E,PL,2022,12.2,
A,EUR,D1_D4_MD5,B-E,PL,2023,14.1,
A,EUR,D1_D4_MD5,B-E,PL,2024,16.6,
A,EUR,D1_D4_MD5,B-E,PL,2025,18.2,
A,EUR,D1_D4_MD5,B-E,PT,2008,10.2,
A,EUR,D1_D4_MD5,B-E,PT,2012,11,
A,EUR,D1_D4_MD5,B-E,PT,2016,11.1,
A,EUR,D1_D4_MD5,B-E,PT,2020,13,
A,EUR,D1_D4_MD5,B-E,PT,2021,13.3,
A,EUR,D1_D4_MD5,B-E,PT,2022,14,
A,EUR,D1_D4_MD5,B-E,PT,2023,14.8,
A,EUR,D1_D4_MD5,B-E,PT,2024,16,
A,EUR,D1_D4_MD5,B-E,PT,2025,16.8,
A,EUR,D1_D4_MD5,B-E,SE,2008,34.7,
A,EUR,D1_D4_MD5,B-E,SE,2012,41.7,
A,EUR,D1_D4_MD5,B-E,SE,2016,42.5,
A,EUR,D1_D4_MD5,B-E,SE,2020,42.3,
A,EUR,D1_D4_MD5,B-E,SE,2021,45.9,
A,EUR,D1_D4_MD5,B-E,SE,2022,45,
A,EUR,D1_D4_MD5,B-E,SE,2023,43.2,
A,EUR,D1_D4_MD5,B-E,SE,2024,44.9,
A,EUR,D1_D4_MD5,B-E,SE,2025,47.7,
A,EUR,D1_D4_MD5,B-E,UK,2016,27.5,
A,EUR,D1_D4_MD5,B-N,DE,2008,28.4,
A,EUR,D1_D4_MD5,B-N,DE,2012,30.9,
A,EUR,D1_D4_MD5,B-N,DE,2016,33.1,
A,EUR,D1_D4_MD5,B-N,DE,2020,37.2,
A,EUR,D1_D4_MD5,B-N,DE,2021,37.6,
A,EUR,D1_D4_MD5,B-N,DE,2022,40.2,
A,EUR,D1_D4_MD5,B-N,DE,2023,42.1,
A,EUR,D1_D4_MD5,B-N,DE,2024,44.2,
A,EUR,D1_D4_MD5,B-N,DE,2025,45.7,
A,EUR,D1_D4_MD5,B-N,EA19,2008,25.1,
A,EUR,D1_D4_MD5,B-N,EA19,2012,28.3,
A,EUR,D1_D4_MD5,B-N,EA19,2016,29.3,
A,EUR,D1_D4_MD5,B-N,EA19,2020,32.2,
A,EUR,D1_D4_MD5,B-N,EA19,2021,32.5,
A,EUR,D1_D4_MD5,B-N,EA19,2022,34.2,
A,EUR,D1_D4_MD5,B-N,EA19,2023,35.9,
A,EUR,D1_D4_MD5,B-N,EA19,2024,37.5,
A,EUR,D1_D4_MD5,B-N,EA20,2008,25.1,
A,EUR,D1_D4_MD5,B-N,EA20,2012,28.1,
A,EUR,D1_D4_MD5,B-N,EA20,2016,29,
A,EUR,D1_D4_MD5,B-N,EA20,2020,31.9,
A,EUR,D1_D4_MD5,B-N,EA20,2021,32.2,
A,EUR,D1_D4_MD5,B-N,EA20,2022,33.8,
A,EUR,D1_D4_MD5,B-N,EA20,2023,35.6,
A,EUR,D1_D4_MD5,B-N,EA20,2024,37.2,
A,EUR,D1_D4_MD5,B-N,EA20,2025,38.6,
A,EUR,D1_D4_MD5,B-N,ES,2008,18.9,
A,EUR,D1_D4_MD5,B-N,ES,2012,20.9,
A,EUR,D1_D4_MD5,B-N,ES,2016,20.7,
A,EUR,D1_D4_MD5,B-N,ES,2020,22.5,
A,EUR,D1_D4_MD5,B-N,ES,2021,22.4,
A,EUR,D1_D4_MD5,B-N,ES,2022,22.7,
A,EUR,D1_D4_MD5,B-N,ES,2023,23.9,
A,EUR,D1_D4_MD5,B-N,ES,2024,25,
A,EUR,D1_D4_MD5,B-N,ES,2025,26,
A,EUR,D1_D4_MD5,B-N,EU27_2020,2008,21.6,
A,EUR,D1_D4_MD5,B-N,EU27_2020,2012,24.4,
A,EUR,D1_D4_MD5,B-N,EU27_2020,2016,25.4,
A,EUR,D1_D4_MD5,B-N,EU27_2020,2020,28.1,
A,EUR,D1_D4_MD5,B-N,EU27_2020,2021,28.4,
A,EUR,D1_D4_MD5,B-N,EU27_2020,2022,30,
A,EUR,D1_D4_MD5,B-N,EU27_2020,2023,31.7,
A,EUR,D1_D4_MD5,B-N,EU27_2020,2024,33.3,
A,EUR,D1_D4_MD5,B-N,EU27_2020,2025,34.7,
A,EUR,D1_D4_MD5,B-N,EU28,2008,21.7,
A,EUR,D1_D4_MD5,B-N,EU28,2012,24.4,
A,EUR,D1_D4_MD5,B-N,EU28,2016,25.6,
A,EUR,D1_D4_MD5,B-N,FI,2008,27.6,
A,EUR,D1_D4_MD5,B-N,FI,2012,31.9,
A,EUR,D1_D4_MD5,B-N,FI,2016,34.3,
A,EUR,D1_D4_MD5,B-N,FI,2020,34.8,
A,EUR,D1_D4_MD5,B-N,FI,2021,36.4,p
A,EUR,D1_D4_MD5,B-N,FI,2022,37.1,p
A,EUR,D1_D4_MD5,B-N,FI,2023,38.4,p
A,EUR,D1_D4_MD5,B-N,FI,2024,39.1,p
A,EUR,D1_D4_MD5,B-N,FI,2025,40.6,
A,EUR,D1_D4_MD5,B-N,FR,2008,31.8,
A,EUR,D1_D4_MD5,B-N,FR,2012,34.8,
A,EUR,D1_D4_MD5,B-N,FR,2016,35.2,
A,EUR,D1_D4_MD5,B-N,FR,2020,39.2,
A,EUR,D1_D4_MD5,B-N,FR,2021,39.2,
A,EUR,D1_D4_MD5,B-N,FR,2022,40.6,
A,EUR,D1_D4_MD5,B-N,FR,2023,42.1,
A,EUR,D1_D4_MD5,B-N,FR,2024,43.5,
A,EUR,D1_D4_MD5,B-N,FR,2025,44.7,
A,EUR,D1_D4_MD5,B-N,IT,2008,24.5,
A,EUR,D1_D4_MD5,B-N,IT,2012,26.6,
A,EUR,D1_D4_MD5,B-N,IT,2016,26.7,
A,EUR,D1_D4_MD5,B-N,IT,2020,28.2,
A,EUR,D1_D4_MD5,B-N,IT,2021,27.9,
A,EUR,D1_D4_MD5,B-N,IT,2022,28.5,
A,EUR,D1_D4_MD5,B-N,IT,2023,29.3,
A,EUR,D1_D4_MD5,B-N,IT,2024,30.3,
A,EUR,D1_D4_MD5,B-N,IT,2025,31.5,
A,EUR,D1_D4_MD5,B-N,NL,2008,29.2,
A,EUR,D1_D4_MD5,B-N,NL,2012,31.9,
A,EUR,D1_D4_MD5,B-N,NL,2016,33.3,
A,EUR,D1_D4_MD5,B-N,NL,2020,36.2,
A,EUR,D1_D4_MD5,B-N,NL,2021,36.8,
A,EUR,D1_D4_MD5,B-N,NL,2022,38.7,
A,EUR,D1_D4_MD5,B-N,NL,2023,41.3,
A,EUR,D1_D4_MD5,B-N,NL,2024,43.5,
A,EUR,D1_D4_MD5,B-N,NL,2025,46.2,
A,EUR,D1_D4_MD5,B-N,PL,2008,7.5,
A,EUR,D1_D4_MD5,B-N,PL,2012,7.6,
A,EUR,D1_D4_MD5,B-N,PL,2016,8.5,
A,EUR,D1_D4_MD5,B-N,PL,2020,10.6,
A,EUR,D1_D4_MD5,B-N,PL,2021,11.1,
A,EUR,D1_D4_MD5,B-N,PL,2022,12.3,
A,EUR,D1_D4_MD5,B-N,PL,2023,14.2,
A,EUR,D1_D4_MD5,B-N,PL,2024,16.6,
A,EUR,D1_D4_MD5,B-N,PL,2025,18.3,
A,EUR,D1_D4_MD5,B-N,PT,2008,11.5,
A,EUR,D1_D4_MD5,B-N,PT,2012,12.9,
A,EUR,D1_D4_MD5,B-N,PT,2016,12.8,
A,EUR,D1_D4_MD5,B-N,PT,2020,14.3,
A,EUR,D1_D4_MD5,B-N,PT,2021,14.5,
A,EUR,D1_D4_MD5,B-N,PT,2022,15.3,
A,EUR,D1_D4_MD5,B-N,PT,2023,16.1,
A,EUR,D1_D4_MD5,B-N,PT,2024,17.2,
A,EUR,D1_D4_MD5,B-N,PT,2025,18.3,
A,EUR,D1_D4_MD5,B-N,SE,2008,33.8,
A,EUR,D1_D4_MD5,B-N,SE,2012,40.1,
A,EUR,D1_D4_MD5,B-N,SE,2016,40.8,
A,EUR,D1_D4_MD5,B-N,SE,2020,40.6,
A,EUR,D1_D4_MD5,B-N,SE,2021,43.8,
A,EUR,D1_D4_MD5,B-N,SE,2022,43.2,
A,EUR,D1_D4_MD5,B-N,SE,2023,41.5,
A,EUR,D1_D4_MD5,B-N,SE,2024,43.5,
A,EUR,D1_D4_MD5,B-N,SE,2025,46.6,
A,EUR,D1_D4_MD5,B-N,UK,2008,23.3,d
A,EUR,D1_D4_MD5,B-N,UK,2012,24.3,
A,EUR,D1_D4_MD5,B-N,UK,2016,26.7,
A,EUR,D1_D4_MD5,B-S_X_O,DE,2008,27.9,
A,EUR,D1_D4_MD5,B-S_X_O,DE,2012,30.5,
A,EUR,D1_D4_MD5,B-S_X_O,DE,2016,32.8,
A,EUR,D1_D4_MD5,B-S_X_O,DE,2020,36.8,
A,EUR,D1_D4_MD5,B-S_X_O,DE,2021,37.3,
A,EUR,D1_D4_MD5,B-S_X_O,DE,2022,39.6,
A,EUR,D1_D4_MD5,B-S_X_O,DE,2023,41.4,
A,EUR,D1_D4_MD5,B-S_X_O,DE,2024,43.5,
A,EUR,D1_D4_MD5,B-S_X_O,DE,2025,45,
A,EUR,D1_D4_MD5,B-S_X_O,EA19,2008,25.1,d
A,EUR,D1_D4_MD5,B-S_X_O,EA19,2012,28.3,
A,EUR,D1_D4_MD5,B-S_X_O,EA19,2016,29.4,
A,EUR,D1_D4_MD5,B-S_X_O,EA19,2020,32.4,
A,EUR,D1_D4_MD5,B-S_X_O,EA19,2021,32.7,
A,EUR,D1_D4_MD5,B-S_X_O,EA19,2022,34.3,
A,EUR,D1_D4_MD5,B-S_X_O,EA19,2023,36,
A,EUR,D1_D4_MD5,B-S_X_O,EA19,2024,37.6,
A,EUR,D1_D4_MD5,B-S_X_O,EA20,2008,25.0,d
A,EUR,D1_D4_MD5,B-S_X_O,EA20,2012,28,
A,EUR,D1_D4_MD5,B-S_X_O,EA20,2016,29.2,
A,EUR,D1_D4_MD5,B-S_X_O,EA20,2020,32.1,
A,EUR,D1_D4_MD5,B-S_X_O,EA20,2021,32.4,
A,EUR,D1_D4_MD5,B-S_X_O,EA20,2022,34,
A,EUR,D1_D4_MD5,B-S_X_O,EA20,2023,35.6,
A,EUR,D1_D4_MD5,B-S_X_O,EA20,2024,37.3,
A,EUR,D1_D4_MD5,B-S_X_O,EA20,2025,38.6,
A,EUR,D1_D4_MD5,B-S_X_O,ES,2008,19.4,
A,EUR,D1_D4_MD5,B-S_X_O,ES,2012,21.1,
A,EUR,D1_D4_MD5,B-S_X_O,ES,2016,21.2,
A,EUR,D1_D4_MD5,B-S_X_O,ES,2020,23,
A,EUR,D1_D4_MD5,B-S_X_O,ES,2021,22.9,
A,EUR,D1_D4_MD5,B-S_X_O,ES,2022,23.3,
A,EUR,D1_D4_MD5,B-S_X_O,ES,2023,24.5,
A,EUR,D1_D4_MD5,B-S_X_O,ES,2024,25.5,
A,EUR,D1_D4_MD5,B-S_X_O,ES,2025,26.4,
A,EUR,D1_D4_MD5,B-S_X_O,EU27_2020,2008,21.6,
A,EUR,D1_D4_MD5,B-S_X_O,EU27_2020,2012,24.4,
A,EUR,D1_D4_MD5,B-S_X_O,EU27_2020,2016,25.6,
A,EUR,D1_D4_MD5,B-S_X_O,EU27_2020,2020,28.4,
A,EUR,D1_D4_MD5,B-S_X_O,EU27_2020,2021,28.8,
A,EUR,D1_D4_MD5,B-S_X_O,EU27_2020,2022,30.2,
A,EUR,D1_D4_MD5,B-S_X_O,EU27_2020,2023,31.9,
A,EUR,D1_D4_MD5,B-S_X_O,EU27_2020,2024,33.5,
A,EUR,D1_D4_MD5,B-S_X_O,EU27_2020,2025,34.9,
A,EUR,D1_D4_MD5,B-S_X_O,EU28,2008,21.9,
A,EUR,D1_D4_MD5,B-S_X_O,EU28,2012,24.5,
A,EUR,D1_D4_MD5,B-S_X_O,EU28,2016,26.0,
A,EUR,D1_D4_MD5,B-S_X_O,FI,2008,27.1,
A,EUR,D1_D4_MD5,B-S_X_O,FI,2012,31.3,
A,EUR,D1_D4_MD5,B-S_X_O,FI,2016,33.7,
A,EUR,D1_D4_MD5,B-S_X_O,FI,2020,34,
A,EUR,D1_D4_MD5,B-S_X_O,FI,2021,35.1,p
A,EUR,D1_D4_MD5,B-S_X_O,FI,2022,35.9,p
A,EUR,D1_D4_MD5,B-S_X_O,FI,2023,37.1,p
A,EUR,D1_D4_MD5,B-S_X_O,FI,2024,37.7,p
A,EUR,D1_D4_MD5,B-S_X_O,FI,2025,39.4,
A,EUR,D1_D4_MD5,B-S_X_O,FR,2008,31.2,d
A,EUR,D1_D4_MD5,B-S_X_O,FR,2012,34.3,
A,EUR,D1_D4_MD5,B-S_X_O,FR,2016,34.6,
A,EUR,D1_D4_MD5,B-S_X_O,FR,2020,38.8,
A,EUR,D1_D4_MD5,B-S_X_O,FR,2021,39.1,
A,EUR,D1_D4_MD5,B-S_X_O,FR,2022,40.4,
A,EUR,D1_D4_MD5,B-S_X_O,FR,2023,42,
A,EUR,D1_D4_MD5,B-S_X_O,FR,2024,43.4,
A,EUR,D1_D4_MD5,B-S_X_O,FR,2025,44.3,
A,EUR,D1_D4_MD5,B-S_X_O,IT,2008,25.2,
A,EUR,D1_D4_MD5,B-S_X_O,IT,2012,27.7,
A,EUR,D1_D4_MD5,B-S_X_O,IT,2016,27.6,
A,EUR,D1_D4_MD5,B-S_X_O,IT,2020,29.2,
A,EUR,D1_D4_MD5,B-S_X_O,IT,2021,28.8,
A,EUR,D1_D4_MD5,B-S_X_O,IT,2022,29.3,
A,EUR,D1_D4_MD5,B-S_X_O,IT,2023,30,
A,EUR,D1_D4_MD5,B-S_X_O,IT,2024,31,
A,EUR,D1_D4_MD5,B-S_X_O,IT,2025,32,
A,EUR,D1_D4_MD5,B-S_X_O,NL,2008,29.8,
A,EUR,D1_D4_MD5,B-S_X_O,NL,2012,32.5,
A,EUR,D1_D4_MD5,B-S_X_O,NL,2016,34.5,
A,EUR,D1_D4_MD5,B-S_X_O,NL,2020,37.7,
A,EUR,D1_D4_MD5,B-S_X_O,NL,2021,38.2,
A,EUR,D1_D4_MD5,B-S_X_O,NL,2022,40.3,
A,EUR,D1_D4_MD5,B-S_X_O,NL,2023,42.9,
A,EUR,D1_D4_MD5,B-S_X_O,NL,2024,45.2,
A,EUR,D1_D4_MD5,B-S_X_O,NL,2025,47.9,
A,EUR,D1_D4_MD5,B-S_X_O,PL,2008,7.6,
A,EUR,D1_D4_MD5,B-S_X_O,PL,2012,7.9,
A,EUR,D1_D4_MD5,B-S_X_O,PL,2016,8.7,
A,EUR,D1_D4_MD5,B-S_X_O,PL,2020,10.9,
A,EUR,D1_D4_MD5,B-S_X_O,PL,2021,11.5,
A,EUR,D1_D4_MD5,B-S_X_O,PL,2022,12.5,
A,EUR,D1_D4_MD5,B-S_X_O,PL,2023,14.5,
A,EUR,D1_D4_MD5,B-S_X_O,PL,2024,17.3,
A,EUR,D1_D4_MD5,B-S_X_O,PL,2025,19.1,
A,EUR,D1_D4_MD5,B-S_X_O,PT,2008,12.2,
A,EUR,D1_D4_MD5,B-S_X_O,PT,2012,13.3,
A,EUR,D1_D4_MD5,B-S_X_O,PT,2016,13.6,
A,EUR,D1_D4_MD5,B-S_X_O,PT,2020,15.1,
A,EUR,D1_D4_MD5,B-S_X_O,PT,2021,15.4,
A,EUR,D1_D4_MD5,B-S_X_O,PT,2022,16.1,
A,EUR,D1_D4_MD5,B-S_X_O,PT,2023,17,
A,EUR,D1_D4_MD5,B-S_X_O,PT,2024,18.2,
A,EUR,D1_D4_MD5,B-S_X_O,PT,2025,19.4,
A,EUR,D1_D4_MD5,B-S_X_O,SE,2008,31.6,
A,EUR,D1_D4_MD5,B-S_X_O,SE,2012,37.3,
A,EUR,D1_D4_MD5,B-S_X_O,SE,2016,37.7,
A,EUR,D1_D4_MD5,B-S_X_O,SE,2020,38,
A,EUR,D1_D4_MD5,B-S_X_O,SE,2021,40.8,
A,EUR,D1_D4_MD5,B-S_X_O,SE,2022,40.2,
A,EUR,D1_D4_MD5,B-S_X_O,SE,2023,38.7,
A,EUR,D1_D4_MD5,B-S_X_O,SE,2024,40.2,
A,EUR,D1_D4_MD5,B-S_X_O,SE,2025,43.1,
A,EUR,D1_D4_MD5,B-S_X_O,UK,2008,23.7,d
A,EUR,D1_D4_MD5,B-S_X_O,UK,2012,25,
A,EUR,D1_D4_MD5,B-S_X_O,UK,2016,27.9,
A,EUR,D1_D4_MD5,C,DE,2008,32.3,
A,EUR,D1_D4_MD5,C,DE,2012,35,
A,EUR,D1_D4_MD5,C,DE,2016,38.2,
A,EUR,D1_D4_MD5,C,DE,2020,42,
A,EUR,D1_D4_MD5,C,DE,2021,42.1,
A,EUR,D1_D4_MD5,C,DE,2022,44.3,
A,EUR,D1_D4_MD5,C,DE,2023,46.4,
A,EUR,D1_D4_MD5,C,DE,2024,48.5,
A,EUR,D1_D4_MD5,C,DE,2025,49.5,
A,EUR,D1_D4_MD5,C,EA19,2008,26.7,
A,EUR,D1_D4_MD5,C,EA19,2012,30.2,d
A,EUR,D1_D4_MD5,C,EA19,2016,31.6,
A,EUR,D1_D4_MD5,C,EA19,2020,34.6,
A,EUR,D1_D4_MD5,C,EA19,2021,34.7,
A,EUR,D1_D4_MD5,C,EA19,2022,36.3,
A,EUR,D1_D4_MD5,C,EA19,2023,38.1,
A,EUR,D1_D4_MD5,C,EA19,2024,39.8,
A,EUR,D1_D4_MD5,C,EA20,2008,26.6,
A,EUR,D1_D4_MD5,C,EA20,2012,29.9,d
A,EUR,D1_D4_MD5,C,EA20,2016,31.3,
A,EUR,D1_D4_MD5,C,EA20,2020,34.3,
A,EUR,D1_D4_MD5,C,EA20,2021,34.3,
A,EUR,D1_D4_MD5,C,EA20,2022,35.9,
A,EUR,D1_D4_MD5,C,EA20,2023,37.8,
A,EUR,D1_D4_MD5,C,EA20,2024,39.5,
A,EUR,D1_D4_MD5,C,EA20,2025,40.8,
A,EUR,D1_D4_MD5,C,ES,2008,20.3,
A,EUR,D1_D4_MD5,C,ES,2012,22.4,
A,EUR,D1_D4_MD5,C,ES,2016,22.6,
A,EUR,D1_D4_MD5,C,ES,2020,24.2,
A,EUR,D1_D4_MD5,C,ES,2021,24,
A,EUR,D1_D4_MD5,C,ES,2022,24.5,
A,EUR,D1_D4_MD5,C,ES,2023,25.9,
A,EUR,D1_D4_MD5,C,ES,2024,27.2,
A,EUR,D1_D4_MD5,C,ES,2025,28.2,
A,EUR,D1_D4_MD5,C,EU27_2020,2008,21.7,
A,EUR,D1_D4_MD5,C,EU27_2020,2012,24.7,d
A,EUR,D1_D4_MD5,C,EU27_2020,2016,25.9,
A,EUR,D1_D4_MD5,C,EU27_2020,2020,28.7,
A,EUR,D1_D4_MD5,C,EU27_2020,2021,28.9,
A,EUR,D1_D4_MD5,C,EU27_2020,2022,30.4,
A,EUR,D1_D4_MD5,C,EU27_2020,2023,32.1,
A,EUR,D1_D4_MD5,C,EU27_2020,2024,33.8,
A,EUR,D1_D4_MD5,C,EU27_2020,2025,35,
A,EUR,D1_D4_MD5,C,EU28,2008,21.8,
A,EUR,D1_D4_MD5,C,EU28,2012,24.6,
A,EUR,D1_D4_MD5,C,EU28,2016,25.9,
A,EUR,D1_D4_MD5,C,FI,2008,30.1,
A,EUR,D1_D4_MD5,C,FI,2012,35,
A,EUR,D1_D4_MD5,C,FI,2016,37.1,
A,EUR,D1_D4_MD5,C,FI,2020,36.9,
A,EUR,D1_D4_MD5,C,FI,2021,38.7,p
A,EUR,D1_D4_MD5,C,FI,2022,40.0,p
A,EUR,D1_D4_MD5,C,FI,2023,41.5,p
A,EUR,D1_D4_MD5,C,FI,2024,42.0,p
A,EUR,D1_D4_MD5,C,FI,2025,43.6,
A,EUR,D1_D4_MD5,C,FR,2008,32.8,
A,EUR,D1_D4_MD5,C,FR,2012,35.7,
A,EUR,D1_D4_MD5,C,FR,2016,36.4,
A,EUR,D1_D4_MD5,C,FR,2020,41.3,
A,EUR,D1_D4_MD5,C,FR,2021,41.1,
A,EUR,D1_D4_MD5,C,FR,2022,42.4,
A,EUR,D1_D4_MD5,C,FR,2023,44,
A,EUR,D1_D4_MD5,C,FR,2024,45.7,
A,EUR,D1_D4_MD5,C,FR,2025,47.1,
A,EUR,D1_D4_MD5,C,IT,2008,23.8,
A,EUR,D1_D4_MD5,C,IT,2012,26.8,
A,EUR,D1_D4_MD5,C,IT,2016,27.1,
A,EUR,D1_D4_MD5,C,IT,2020,28.9,
A,EUR,D1_D4_MD5,C,IT,2021,28.3,
A,EUR,D1_D4_MD5,C,IT,2022,29.2,
A,EUR,D1_D4_MD5,C,IT,2023,30.5,
A,EUR,D1_D4_MD5,C,IT,2024,31.7,
A,EUR,D1_D4_MD5,C,IT,2025,32.8,
A,EUR,D1_D4_MD5,C,NL,2008,30.3,
A,EUR,D1_D4_MD5,C,NL,2012,33.1,
A,EUR,D1_D4_MD5,C,NL,2016,35.9,
A,EUR,D1_D4_MD5,C,NL,2020,39.5,
A,EUR,D1_D4_MD5,C,NL,2021,40,
A,EUR,D1_D4_MD5,C,NL,2022,42,
A,EUR,D1_D4_MD5,C,NL,2023,44.8,
A,EUR,D1_D4_MD5,C,NL,2024,47.3,
A,EUR,D1_D4_MD5,C,NL,2025,,
A,EUR,D1_D4_MD5,C,PL,2008,6.8,
A,EUR,D1_D4_MD5,C,PL,2012,6.8,
A,EUR,D1_D4_MD5,C,PL,2016,7.8,
A,EUR,D1_D4_MD5,C,PL,2020,10,
A,EUR,D1_D4_MD5,C,PL,2021,10.6,
A,EUR,D1_D4_MD5,C,PL,2022,11.4,
A,EUR,D1_D4_MD5,C,PL,2023,13.2,
A,EUR,D1_D4_MD5,C,PL,2024,15.5,
A,EUR,D1_D4_MD5,C,PL,2025,17.1,
A,EUR,D1_D4_MD5,C,PT,2008,9.8,
A,EUR,D1_D4_MD5,C,PT,2012,10.9,
A,EUR,D1_D4_MD5,C,PT,2016,10.7,
A,EUR,D1_D4_MD5,C,PT,2020,12.7,
A,EUR,D1_D4_MD5,C,PT,2021,13.1,
A,EUR,D1_D4_MD5,C,PT,2022,13.8,
A,EUR,D1_D4_MD5,C,PT,2023,14.6,
A,EUR,D1_D4_MD5,C,PT,2024,15.7,
A,EUR,D1_D4_MD5,C,PT,2025,16.5,
A,EUR,D1_D4_MD5,C,SE,2008,34.5,
A,EUR,D1_D4_MD5,C,SE,2012,41.4,
A,EUR,D1_D4_MD5,C,SE,2016,42.3,
A,EUR,D1_D4_MD5,C,SE,2020,42,
A,EUR,D1_D4_MD5,C,SE,2021,45.6,
A,EUR,D1_D4_MD5,C,SE,2022,44.7,
A,EUR,D1_D4_MD5,C,SE,2023,42.9,
A,EUR,D1_D4_MD5,C,SE,2024,44.5,
A,EUR,D1_D4_MD5,C,SE,2025,47.2,
A,EUR,D1_D4_MD5,C,UK,2008,23.4,
A,EUR,D1_D4_MD5,C,UK,2012,23.8,
A,EUR,D1_D4_MD5,C,UK,2016,26.6,
A,EUR,D1_D4_MD5,P,DE,2008,31.4,
A,EUR,D1_D4_MD5,P,DE,2012,34.7,
A,EUR,D1_D4_MD5,P,DE,2016,36.9,
A,EUR,D1_D4_MD5,P,DE,2020,41.2,
A,EUR,D1_D4_MD5,P,DE,2021,41.7,
A,EUR,D1_D4_MD5,P,DE,2022,41.8,
A,EUR,D1_D4_MD5,P,DE,2023,42.7,
A,EUR,D1_D4_MD5,P,DE,2024,44.8,
A,EUR,D1_D4_MD5,P,DE,2025,47,
A,EUR,D1_D4_MD5,P,EA19,2008,34.4,d
A,EUR,D1_D4_MD5,P,EA19,2012,32.4,d
A,EUR,D1_D4_MD5,P,EA19,2016,34.5,
A,EUR,D1_D4_MD5,P,EA19,2020,37,
A,EUR,D1_D4_MD5,P,EA19,2021,37.2,
A,EUR,D1_D4_MD5,P,EA19,2022,37.9,
A,EUR,D1_D4_MD5,P,EA19,2023,39.4,
A,EUR,D1_D4_MD5,P,EA19,2024,41.1,
A,EUR,D1_D4_MD5,P,EA20,2008,34.2,d
A,EUR,D1_D4_MD5,P,EA20,2012,31.9,d
A,EUR,D1_D4_MD5,P,EA20,2016,34.1,
A,EUR,D1_D4_MD5,P,EA20,2020,36.6,
A,EUR,D1_D4_MD5,P,EA20,2021,36.8,
A,EUR,D1_D4_MD5,P,EA20,2022,37.4,
A,EUR,D1_D4_MD5,P,EA20,2023,39,
A,EUR,D1_D4_MD5,P,EA20,2024,40.8,
A,EUR,D1_D4_MD5,P,EA20,2025,42,
A,EUR,D1_D4_MD5,P,ES,2008,23.4,
A,EUR,D1_D4_MD5,P,ES,2012,23.7,
A,EUR,D1_D4_MD5,P,ES,2016,24.2,
A,EUR,D1_D4_MD5,P,ES,2020,25.6,
A,EUR,D1_D4_MD5,P,ES,2021,25.2,
A,EUR,D1_D4_MD5,P,ES,2022,26.2,
A,EUR,D1_D4_MD5,P,ES,2023,27.2,
A,EUR,D1_D4_MD5,P,ES,2024,27.9,
A,EUR,D1_D4_MD5,P,ES,2025,28.7,
A,EUR,D1_D4_MD5,P,EU27_2020,2008,26.6,
A,EUR,D1_D4_MD5,P,EU27_2020,2012,26.3,d
A,EUR,D1_D4_MD5,P,EU27_2020,2016,28.6,
A,EUR,D1_D4_MD5,P,EU27_2020,2020,31,
A,EUR,D1_D4_MD5,P,EU27_2020,2021,31.4,
A,EUR,D1_D4_MD5,P,EU27_2020,2022,32.1,
A,EUR,D1_D4_MD5,P,EU27_2020,2023,33.6,
A,EUR,D1_D4_MD5,P,EU27_2020,2024,35.6,
A,EUR,D1_D4_MD5,P,EU27_2020,2025,36.9,
A,EUR,D1_D4_MD5,P,EU28,2008,26.7,
A,EUR,D1_D4_MD5,P,EU28,2012,27.1,
A,EUR,D1_D4_MD5,P,EU28,2016,30.4,
A,EUR,D1_D4_MD5,P,FI,2008,28.7,
A,EUR,D1_D4_MD5,P,FI,2012,34.3,
A,EUR,D1_D4_MD5,P,FI,2016,38.3,
A,EUR,D1_D4_MD5,P,FI,2020,37.6,
A,EUR,D1_D4_MD5,P,FI,2021,36.4,p
A,EUR,D1_D4_MD5,P,FI,2022,37.5,p
A,EUR,D1_D4_MD5,P,FI,2023,38.8,p
A,EUR,D1_D4_MD5,P,FI,2024,40.0,p
A,EUR,D1_D4_MD5,P,FI,2025,41.1,
A,EUR,D1_D4_MD5,P,FR,2012,39,
A,EUR,D1_D4_MD5,P,FR,2016,41.5,
A,EUR,D1_D4_MD5,P,FR,2020,45.3,
A,EUR,D1_D4_MD5,P,FR,2021,,
A,EUR,D1_D4_MD5,P,FR,2022,,
A,EUR,D1_D4_MD5,P,FR,2023,,
A,EUR,D1_D4_MD5,P,FR,2024,,
A,EUR,D1_D4_MD5,P,FR,2025,,
A,EUR,D1_D4_MD5,P,IT,2008,28.5,
A,EUR,D1_D4_MD5,P,IT,2012,39.1,
A,EUR,D1_D4_MD5,P,IT,2016,37.2,
A,EUR,D1_D4_MD5,P,IT,2020,36.1,
A,EUR,D1_D4_MD5,P,IT,2021,36.2,
A,EUR,D1_D4_MD5,P,IT,2022,36,
A,EUR,D1_D4_MD5,P,IT,2023,36.4,
A,EUR,D1_D4_MD5,P,IT,2024,37.7,
A,EUR,D1_D4_MD5,P,IT,2025,38.1,
A,EUR,D1_D4_MD5,P,NL,2008,36.7,
A,EUR,D1_D4_MD5,P,NL,2012,40.7,
A,EUR,D1_D4_MD5,P,NL,2016,43.6,
A,EUR,D1_D4_MD5,P,NL,2020,47.5,
A,EUR,D1_D4_MD5,P,NL,2021,46.8,
A,EUR,D1_D4_MD5,P,NL,2022,49.9,
A,EUR,D1_D4_MD5,P,NL,2023,53,
A,EUR,D1_D4_MD5,P,NL,2024,54.8,
A,EUR,D1_D4_MD5,P,NL,2025,,
A,EUR,D1_D4_MD5,P,PL,2008,9.1,
A,EUR,D1_D4_MD5,P,PL,2012,10.9,
A,EUR,D1_D4_MD5,P,PL,2016,11.5,
A,EUR,D1_D4_MD5,P,PL,2020,13.5,
A,EUR,D1_D4_MD5,P,PL,2021,14,
A,EUR,D1_D4_MD5,P,PL,2022,14.5,
A,EUR,D1_D4_MD5,P,PL,2023,16.7,
A,EUR,D1_D4_MD5,P,PL,2024,21.8,
A,EUR,D1_D4_MD5,P,PL,2025,23.9,
A,EUR,D1_D4_MD5,P,PT,2008,18.1,
A,EUR,D1_D4_MD5,P,PT,2012,17.2,
A,EUR,D1_D4_MD5,P,PT,2016,20.6,
A,EUR,D1_D4_MD5,P,PT,2020,21.8,
A,EUR,D1_D4_MD5,P,PT,2021,22.2,
A,EUR,D1_D4_MD5,P,PT,2022,23.1,
A,EUR,D1_D4_MD5,P,PT,2023,24.5,
A,EUR,D1_D4_MD5,P,PT,2024,25.8,
A,EUR,D1_D4_MD5,P,PT,2025,27,
A,EUR,D1_D4_MD5,P,SE,2008,26.7,
A,EUR,D1_D4_MD5,P,SE,2012,30.3,
A,EUR,D1_D4_MD5,P,SE,2016,30.9,
A,EUR,D1_D4_MD5,P,SE,2020,31.9,
A,EUR,D1_D4_MD5,P,SE,2021,34.2,
A,EUR,D1_D4_MD5,P,SE,2022,33.2,
A,EUR,D1_D4_MD5,P,SE,2023,32.2,
A,EUR,D1_D4_MD5,P,SE,2024,33,
A,EUR,D1_D4_MD5,P,SE,2025,35.3,
A,EUR,D1_D4_MD5,P,UK,2008,27.4,
A,EUR,D1_D4_MD5,P,UK,2012,30.6,
A,EUR,D1_D4_MD5,P,UK,2016,37.9,
A,EUR,D2-D4_MD5_RAT,B-E,DE,2008,22.2,
A,EUR,D2-D4_MD5_RAT,B-E,DE,2012,22.3,
A,EUR,D2-D4_MD5_RAT,B-E,DE,2016,21.9,
A,EUR,D2-D4_MD5_RAT,B-E,DE,2020,22.5,
A,EUR,D2-D4_MD5_RAT,B-E,DE,2021,22.6,
A,EUR,D2-D4_MD5_RAT,B-E,DE,2022,23.8,
A,EUR,D2-D4_MD5_RAT,B-E,DE,2023,24,
A,EUR,D2-D4_MD5_RAT,B-E,DE,2024,23.8,
A,EUR,D2-D4_MD5_RAT,B-E,DE,2025,23.8,
A,EUR,D2-D4_MD5_RAT,B-E,EA19,2008,26.3,
A,EUR,D2-D4_MD5_RAT,B-E,EA19,2012,26.1,
A,EUR,D2-D4_MD5_RAT,B-E,EA19,2016,25.1,
A,EUR,D2-D4_MD5_RAT,B-E,EA19,2020,25.1,
A,EUR,D2-D4_MD5_RAT,B-E,EA19,2021,25.1,
A,EUR,D2-D4_MD5_RAT,B-E,EA19,2022,25.7,
A,EUR,D2-D4_MD5_RAT,B-E,EA19,2023,25.5,
A,EUR,D2-D4_MD5_RAT,B-E,EA19,2024,25.5,
A,EUR,D2-D4_MD5_RAT,B-E,EA20,2008,26.3,
A,EUR,D2-D4_MD5_RAT,B-E,EA20,2012,26,
A,EUR,D2-D4_MD5_RAT,B-E,EA20,2016,25.1,
A,EUR,D2-D4_MD5_RAT,B-E,EA20,2020,25,
A,EUR,D2-D4_MD5_RAT,B-E,EA20,2021,25,
A,EUR,D2-D4_MD5_RAT,B-E,EA20,2022,25.6,
A,EUR,D2-D4_MD5_RAT,B-E,EA20,2023,25.6,
A,EUR,D2-D4_MD5_RAT,B-E,EA20,2024,25.6,
A,EUR,D2-D4_MD5_RAT,B-E,EA20,2025,25.7,
A,EUR,D2-D4_MD5_RAT,B-E,ES,2008,26.9,
A,EUR,D2-D4_MD5_RAT,B-E,ES,2012,26.7,
A,EUR,D2-D4_MD5_RAT,B-E,ES,2016,25.7,
A,EUR,D2-D4_MD5_RAT,B-E,ES,2020,27.1,
A,EUR,D2-D4_MD5_RAT,B-E,ES,2021,27.1,
A,EUR,D2-D4_MD5_RAT,B-E,ES,2022,26.5,
A,EUR,D2-D4_MD5_RAT,B-E,ES,2023,26.9,
A,EUR,D2-D4_MD5_RAT,B-E,ES,2024,27,
A,EUR,D2-D4_MD5_RAT,B-E,ES,2025,27.3,
A,EUR,D2-D4_MD5_RAT,B-E,EU27_2020,2008,26,
A,EUR,D2-D4_MD5_RAT,B-E,EU27_2020,2012,25.8,
A,EUR,D2-D4_MD5_RAT,B-E,EU27_2020,2016,25,
A,EUR,D2-D4_MD5_RAT,B-E,EU27_2020,2020,24.4,
A,EUR,D2-D4_MD5_RAT,B-E,EU27_2020,2021,24.4,
A,EUR,D2-D4_MD5_RAT,B-E,EU27_2020,2022,24.9,
A,EUR,D2-D4_MD5_RAT,B-E,EU27_2020,2023,24.8,
A,EUR,D2-D4_MD5_RAT,B-E,EU27_2020,2024,24.7,
A,EUR,D2-D4_MD5_RAT,B-E,EU27_2020,2025,24.8,
A,EUR,D2-D4_MD5_RAT,B-E,EU28,2008,26.0,
A,EUR,D2-D4_MD5_RAT,B-E,EU28,2012,25.8,
A,EUR,D2-D4_MD5_RAT,B-E,EU28,2016,24.1,
A,EUR,D2-D4_MD5_RAT,B-E,FI,2008,23.3,
A,EUR,D2-D4_MD5_RAT,B-E,FI,2012,21.5,
A,EUR,D2-D4_MD5_RAT,B-E,FI,2016,21.9,
A,EUR,D2-D4_MD5_RAT,B-E,FI,2020,18.2,
A,EUR,D2-D4_MD5_RAT,B-E,FI,2021,17.6,p
A,EUR,D2-D4_MD5_RAT,B-E,FI,2022,17.8,p
A,EUR,D2-D4_MD5_RAT,B-E,FI,2023,17.9,p
A,EUR,D2-D4_MD5_RAT,B-E,FI,2024,17.3,p
A,EUR,D2-D4_MD5_RAT,B-E,FI,2025,17.4,
A,EUR,D2-D4_MD5_RAT,B-E,FR,2008,33.2,
A,EUR,D2-D4_MD5_RAT,B-E,FR,2012,34.1,
A,EUR,D2-D4_MD5_RAT,B-E,FR,2016,31.7,
A,EUR,D2-D4_MD5_RAT,B-E,FR,2020,31.8,
A,EUR,D2-D4_MD5_RAT,B-E,FR,2021,31.5,
A,EUR,D2-D4_MD5_RAT,B-E,FR,2022,31.3,
A,EUR,D2-D4_MD5_RAT,B-E,FR,2023,31,
A,EUR,D2-D4_MD5_RAT,B-E,FR,2024,31.3,
A,EUR,D2-D4_MD5_RAT,B-E,FR,2025,31.7,
A,EUR,D2-D4_MD5_RAT,B-E,IT,2008,29.3,
A,EUR,D2-D4_MD5_RAT,B-E,IT,2012,28.3,
A,EUR,D2-D4_MD5_RAT,B-E,IT,2016,28.3,
A,EUR,D2-D4_MD5_RAT,B-E,IT,2020,29,
A,EUR,D2-D4_MD5_RAT,B-E,IT,2021,28.7,
A,EUR,D2-D4_MD5_RAT,B-E,IT,2022,28.8,
A,EUR,D2-D4_MD5_RAT,B-E,IT,2023,28.8,
A,EUR,D2-D4_MD5_RAT,B-E,IT,2024,28.8,
A,EUR,D2-D4_MD5_RAT,B-E,IT,2025,29.1,
A,EUR,D2-D4_MD5_RAT,B-E,NL,2008,23.3,
A,EUR,D2-D4_MD5_RAT,B-E,NL,2012,24,
A,EUR,D2-D4_MD5_RAT,B-E,NL,2016,22.4,
A,EUR,D2-D4_MD5_RAT,B-E,NL,2020,20.9,
A,EUR,D2-D4_MD5_RAT,B-E,NL,2021,21.6,
A,EUR,D2-D4_MD5_RAT,B-E,NL,2022,23.3,
A,EUR,D2-D4_MD5_RAT,B-E,NL,2023,23.2,
A,EUR,D2-D4_MD5_RAT,B-E,NL,2024,23.2,
A,EUR,D2-D4_MD5_RAT,B-E,NL,2025,23.6,
A,EUR,D2-D4_MD5_RAT,B-E,PL,2008,19,
A,EUR,D2-D4_MD5_RAT,B-E,PL,2012,19.8,
A,EUR,D2-D4_MD5_RAT,B-E,PL,2016,19.6,
A,EUR,D2-D4_MD5_RAT,B-E,PL,2020,19,
A,EUR,D2-D4_MD5_RAT,B-E,PL,2021,19,
A,EUR,D2-D4_MD5_RAT,B-E,PL,2022,19,
A,EUR,D2-D4_MD5_RAT,B-E,PL,2023,19,
A,EUR,D2-D4_MD5_RAT,B-E,PL,2024,19,
A,EUR,D2-D4_MD5_RAT,B-E,PL,2025,19,
A,EUR,D2-D4_MD5_RAT,B-E,PT,2008,20.5,
A,EUR,D2-D4_MD5_RAT,B-E,PT,2012,20.4,
A,EUR,D2-D4_MD5_RAT,B-E,PT,2016,20.4,
A,EUR,D2-D4_MD5_RAT,B-E,PT,2020,18.3,
A,EUR,D2-D4_MD5_RAT,B-E,PT,2021,18.9,
A,EUR,D2-D4_MD5_RAT,B-E,PT,2022,18.9,
A,EUR,D2-D4_MD5_RAT,B-E,PT,2023,19,
A,EUR,D2-D4_MD5_RAT,B-E,PT,2024,19,
A,EUR,D2-D4_MD5_RAT,B-E,PT,2025,19,
A,EUR,D2-D4_MD5_RAT,B-E,SE,2008,34,
A,EUR,D2-D4_MD5_RAT,B-E,SE,2012,32.5,
A,EUR,D2-D4_MD5_RAT,B-E,SE,2016,33.2,
A,EUR,D2-D4_MD5_RAT,B-E,SE,2020,31.9,
A,EUR,D2-D4_MD5_RAT,B-E,SE,2021,32.8,
A,EUR,D2-D4_MD5_RAT,B-E,SE,2022,33,
A,EUR,D2-D4_MD5_RAT,B-E,SE,2023,32.2,
A,EUR,D2-D4_MD5_RAT,B-E,SE,2024,32.6,
A,EUR,D2-D4_MD5_RAT,B-E,SE,2025,32.6,
A,EUR,D2-D4_MD5_RAT,B-E,UK,2016,17,
A,EUR,D2-D4_MD5_RAT,B-N,DE,2008,21.5,
A,EUR,D2-D4_MD5_RAT,B-N,DE,2012,21.7,
A,EUR,D2-D4_MD5_RAT,B-N,DE,2016,21.3,
A,EUR,D2-D4_MD5_RAT,B-N,DE,2020,21.6,
A,EUR,D2-D4_MD5_RAT,B-N,DE,2021,21.6,
A,EUR,D2-D4_MD5_RAT,B-N,DE,2022,22.6,
A,EUR,D2-D4_MD5_RAT,B-N,DE,2023,22.9,
A,EUR,D2-D4_MD5_RAT,B-N,DE,2024,22.7,
A,EUR,D2-D4_MD5_RAT,B-N,DE,2025,22.7,
A,EUR,D2-D4_MD5_RAT,B-N,EA19,2008,26.1,
A,EUR,D2-D4_MD5_RAT,B-N,EA19,2012,26.1,
A,EUR,D2-D4_MD5_RAT,B-N,EA19,2016,25.1,
A,EUR,D2-D4_MD5_RAT,B-N,EA19,2020,24.6,
A,EUR,D2-D4_MD5_RAT,B-N,EA19,2021,24.5,
A,EUR,D2-D4_MD5_RAT,B-N,EA19,2022,25,
A,EUR,D2-D4_MD5_RAT,B-N,EA19,2023,25.1,
A,EUR,D2-D4_MD5_RAT,B-N,EA19,2024,25.1,
A,EUR,D2-D4_MD5_RAT,B-N,EA20,2008,26.1,
A,EUR,D2-D4_MD5_RAT,B-N,EA20,2012,26.1,
A,EUR,D2-D4_MD5_RAT,B-N,EA20,2016,25.1,
A,EUR,D2-D4_MD5_RAT,B-N,EA20,2020,24.5,
A,EUR,D2-D4_MD5_RAT,B-N,EA20,2021,24.4,
A,EUR,D2-D4_MD5_RAT,B-N,EA20,2022,24.9,
A,EUR,D2-D4_MD5_RAT,B-N,EA20,2023,25,
A,EUR,D2-D4_MD5_RAT,B-N,EA20,2024,25.1,
A,EUR,D2-D4_MD5_RAT,B-N,EA20,2025,25.2,
A,EUR,D2-D4_MD5_RAT,B-N,ES,2008,26.7,
A,EUR,D2-D4_MD5_RAT,B-N,ES,2012,26.6,
A,EUR,D2-D4_MD5_RAT,B-N,ES,2016,26,
A,EUR,D2-D4_MD5_RAT,B-N,ES,2020,26.8,
A,EUR,D2-D4_MD5_RAT,B-N,ES,2021,26.4,
A,EUR,D2-D4_MD5_RAT,B-N,ES,2022,26,
A,EUR,D2-D4_MD5_RAT,B-N,ES,2023,26.4,
A,EUR,D2-D4_MD5_RAT,B-N,ES,2024,26.4,
A,EUR,D2-D4_MD5_RAT,B-N,ES,2025,26.6,
A,EUR,D2-D4_MD5_RAT,B-N,EU27_2020,2008,25.8,
A,EUR,D2-D4_MD5_RAT,B-N,EU27_2020,2012,25.8,
A,EUR,D2-D4_MD5_RAT,B-N,EU27_2020,2016,24.9,
A,EUR,D2-D4_MD5_RAT,B-N,EU27_2020,2020,24,
A,EUR,D2-D4_MD5_RAT,B-N,EU27_2020,2021,23.8,
A,EUR,D2-D4_MD5_RAT,B-N,EU27_2020,2022,24.3,
A,EUR,D2-D4_MD5_RAT,B-N,EU27_2020,2023,24.3,
A,EUR,D2-D4_MD5_RAT,B-N,EU27_2020,2024,24.3,
A,EUR,D2-D4_MD5_RAT,B-N,EU27_2020,2025,24.3,
A,EUR,D2-D4_MD5_RAT,B-N,EU28,2008,23.8,
A,EUR,D2-D4_MD5_RAT,B-N,EU28,2012,24.1,
A,EUR,D2-D4_MD5_RAT,B-N,EU28,2016,23.3,
A,EUR,D2-D4_MD5_RAT,B-N,FI,2008,22.4,
A,EUR,D2-D4_MD5_RAT,B-N,FI,2012,21.3,
A,EUR,D2-D4_MD5_RAT,B-N,FI,2016,21.8,
A,EUR,D2-D4_MD5_RAT,B-N,FI,2020,18.4,
A,EUR,D2-D4_MD5_RAT,B-N,FI,2021,17.5,p
A,EUR,D2-D4_MD5_RAT,B-N,FI,2022,17.7,p
A,EUR,D2-D4_MD5_RAT,B-N,FI,2023,17.8,p
A,EUR,D2-D4_MD5_RAT,B-N,FI,2024,17.2,p
A,EUR,D2-D4_MD5_RAT,B-N,FI,2025,17.4,
A,EUR,D2-D4_MD5_RAT,B-N,FR,2008,32.7,
A,EUR,D2-D4_MD5_RAT,B-N,FR,2012,33.6,
A,EUR,D2-D4_MD5_RAT,B-N,FR,2016,31.4,
A,EUR,D2-D4_MD5_RAT,B-N,FR,2020,30.5,
A,EUR,D2-D4_MD5_RAT,B-N,FR,2021,30.3,
A,EUR,D2-D4_MD5_RAT,B-N,FR,2022,30.3,
A,EUR,D2-D4_MD5_RAT,B-N,FR,2023,30,
A,EUR,D2-D4_MD5_RAT,B-N,FR,2024,30.4,
A,EUR,D2-D4_MD5_RAT,B-N,FR,2025,30.7,
A,EUR,D2-D4_MD5_RAT,B-N,IT,2008,28.8,
A,EUR,D2-D4_MD5_RAT,B-N,IT,2012,27.9,
A,EUR,D2-D4_MD5_RAT,B-N,IT,2016,28,
A,EUR,D2-D4_MD5_RAT,B-N,IT,2020,28.4,
A,EUR,D2-D4_MD5_RAT,B-N,IT,2021,28.1,
A,EUR,D2-D4_MD5_RAT,B-N,IT,2022,28.1,
A,EUR,D2-D4_MD5_RAT,B-N,IT,2023,28.3,
A,EUR,D2-D4_MD5_RAT,B-N,IT,2024,28.3,
A,EUR,D2-D4_MD5_RAT,B-N,IT,2025,28.7,
A,EUR,D2-D4_MD5_RAT,B-N,NL,2008,22.6,
A,EUR,D2-D4_MD5_RAT,B-N,NL,2012,23.4,
A,EUR,D2-D4_MD5_RAT,B-N,NL,2016,22.7,
A,EUR,D2-D4_MD5_RAT,B-N,NL,2020,20.3,
A,EUR,D2-D4_MD5_RAT,B-N,NL,2021,21,
A,EUR,D2-D4_MD5_RAT,B-N,NL,2022,23.1,
A,EUR,D2-D4_MD5_RAT,B-N,NL,2023,23.1,
A,EUR,D2-D4_MD5_RAT,B-N,NL,2024,23.4,
A,EUR,D2-D4_MD5_RAT,B-N,NL,2025,23.7,
A,EUR,D2-D4_MD5_RAT,B-N,PL,2008,17.5,
A,EUR,D2-D4_MD5_RAT,B-N,PL,2012,18.1,
A,EUR,D2-D4_MD5_RAT,B-N,PL,2016,18.2,
A,EUR,D2-D4_MD5_RAT,B-N,PL,2020,17.9,
A,EUR,D2-D4_MD5_RAT,B-N,PL,2021,17.9,
A,EUR,D2-D4_MD5_RAT,B-N,PL,2022,17.9,
A,EUR,D2-D4_MD5_RAT,B-N,PL,2023,17.9,
A,EUR,D2-D4_MD5_RAT,B-N,PL,2024,17.9,
A,EUR,D2-D4_MD5_RAT,B-N,PL,2025,17.9,
A,EUR,D2-D4_MD5_RAT,B-N,PT,2008,20.2,
A,EUR,D2-D4_MD5_RAT,B-N,PT,2012,20.9,
A,EUR,D2-D4_MD5_RAT,B-N,PT,2016,20.8,
A,EUR,D2-D4_MD5_RAT,B-N,PT,2020,18.6,
A,EUR,D2-D4_MD5_RAT,B-N,PT,2021,19.1,
A,EUR,D2-D4_MD5_RAT,B-N,PT,2022,19.3,
A,EUR,D2-D4_MD5_RAT,B-N,PT,2023,19.5,
A,EUR,D2-D4_MD5_RAT,B-N,PT,2024,19.5,
A,EUR,D2-D4_MD5_RAT,B-N,PT,2025,19.5,
A,EUR,D2-D4_MD5_RAT,B-N,SE,2008,33.2,
A,EUR,D2-D4_MD5_RAT,B-N,SE,2012,32,
A,EUR,D2-D4_MD5_RAT,B-N,SE,2016,32.3,
A,EUR,D2-D4_MD5_RAT,B-N,SE,2020,31.1,
A,EUR,D2-D4_MD5_RAT,B-N,SE,2021,32.2,
A,EUR,D2-D4_MD5_RAT,B-N,SE,2022,32.3,
A,EUR,D2-D4_MD5_RAT,B-N,SE,2023,31.5,
A,EUR,D2-D4_MD5_RAT,B-N,SE,2024,31.9,
A,EUR,D2-D4_MD5_RAT,B-N,SE,2025,32,
A,EUR,D2-D4_MD5_RAT,B-N,UK,2008,14.5,d
A,EUR,D2-D4_MD5_RAT,B-N,UK,2012,15.7,
A,EUR,D2-D4_MD5_RAT,B-N,UK,2016,16.1,
A,EUR,D2-D4_MD5_RAT,B-S_X_O,DE,2008,22,
A,EUR,D2-D4_MD5_RAT,B-S_X_O,DE,2012,22.2,
A,EUR,D2-D4_MD5_RAT,B-S_X_O,DE,2016,22.1,
A,EUR,D2-D4_MD5_RAT,B-S_X_O,DE,2020,22.4,
A,EUR,D2-D4_MD5_RAT,B-S_X_O,DE,2021,22.4,
A,EUR,D2-D4_MD5_RAT,B-S_X_O,DE,2022,23.5,
A,EUR,D2-D4_MD5_RAT,B-S_X_O,DE,2023,23.7,
A,EUR,D2-D4_MD5_RAT,B-S_X_O,DE,2024,23.5,
A,EUR,D2-D4_MD5_RAT,B-S_X_O,DE,2025,23.5,
A,EUR,D2-D4_MD5_RAT,B-S_X_O,EA19,2008,25.8,d
A,EUR,D2-D4_MD5_RAT,B-S_X_O,EA19,2012,26.4,
A,EUR,D2-D4_MD5_RAT,B-S_X_O,EA19,2016,25.6,
A,EUR,D2-D4_MD5_RAT,B-S_X_O,EA19,2020,25,
A,EUR,D2-D4_MD5_RAT,B-S_X_O,EA19,2021,25,
A,EUR,D2-D4_MD5_RAT,B-S_X_O,EA19,2022,25.6,
A,EUR,D2-D4_MD5_RAT,B-S_X_O,EA19,2023,25.6,
A,EUR,D2-D4_MD5_RAT,B-S_X_O,EA19,2024,25.6,
A,EUR,D2-D4_MD5_RAT,B-S_X_O,EA20,2008,25.8,d
A,EUR,D2-D4_MD5_RAT,B-S_X_O,EA20,2012,26.3,
A,EUR,D2-D4_MD5_RAT,B-S_X_O,EA20,2016,25.5,
A,EUR,D2-D4_MD5_RAT,B-S_X_O,EA20,2020,25,
A,EUR,D2-D4_MD5_RAT,B-S_X_O,EA20,2021,24.9,
A,EUR,D2-D4_MD5_RAT,B-S_X_O,EA20,2022,25.5,
A,EUR,D2-D4_MD5_RAT,B-S_X_O,EA20,2023,25.6,
A,EUR,D2-D4_MD5_RAT,B-S_X_O,EA20,2024,25.6,
A,EUR,D2-D4_MD5_RAT,B-S_X_O,EA20,2025,25.7,
A,EUR,D2-D4_MD5_RAT,B-S_X_O,ES,2008,26.1,
A,EUR,D2-D4_MD5_RAT,B-S_X_O,ES,2012,25.9,
A,EUR,D2-D4_MD5_RAT,B-S_X_O,ES,2016,25.3,
A,EUR,D2-D4_MD5_RAT,B-S_X_O,ES,2020,26.3,
A,EUR,D2-D4_MD5_RAT,B-S_X_O,ES,2021,26,
A,EUR,D2-D4_MD5_RAT,B-S_X_O,ES,2022,25.6,
A,EUR,D2-D4_MD5_RAT,B-S_X_O,ES,2023,26,
A,EUR,D2-D4_MD5_RAT,B-S_X_O,ES,2024,26,
A,EUR,D2-D4_MD5_RAT,B-S_X_O,ES,2025,26.2,
A,EUR,D2-D4_MD5_RAT,B-S_X_O,EU27_2020,2008,25.5,
A,EUR,D2-D4_MD5_RAT,B-S_X_O,EU27_2020,2012,26,
A,EUR,D2-D4_MD5_RAT,B-S_X_O,EU27_2020,2016,25.3,
A,EUR,D2-D4_MD5_RAT,B-S_X_O,EU27_2020,2020,24.4,
A,EUR,D2-D4_MD5_RAT,B-S_X_O,EU27_2020,2021,24.3,
A,EUR,D2-D4_MD5_RAT,B-S_X_O,EU27_2020,2022,24.8,
A,EUR,D2-D4_MD5_RAT,B-S_X_O,EU27_2020,2023,24.8,
A,EUR,D2-D4_MD5_RAT,B-S_X_O,EU27_2020,2024,24.7,
A,EUR,D2-D4_MD5_RAT,B-S_X_O,EU27_2020,2025,24.8,
A,EUR,D2-D4_MD5_RAT,B-S_X_O,EU28,2008,23.6,d
A,EUR,D2-D4_MD5_RAT,B-S_X_O,EU28,2012,24.2,
A,EUR,D2-D4_MD5_RAT,B-S_X_O,EU28,2016,23.7,
A,EUR,D2-D4_MD5_RAT,B-S_X_O,FI,2008,22.8,
A,EUR,D2-D4_MD5_RAT,B-S_X_O,FI,2012,22.2,
A,EUR,D2-D4_MD5_RAT,B-S_X_O,FI,2016,22.6,
A,EUR,D2-D4_MD5_RAT,B-S_X_O,FI,2020,19.2,
A,EUR,D2-D4_MD5_RAT,B-S_X_O,FI,2021,17.6,p
A,EUR,D2-D4_MD5_RAT,B-S_X_O,FI,2022,17.7,p
A,EUR,D2-D4_MD5_RAT,B-S_X_O,FI,2023,17.8,p
A,EUR,D2-D4_MD5_RAT,B-S_X_O,FI,2024,17.2,p
A,EUR,D2-D4_MD5_RAT,B-S_X_O,FI,2025,17.4,
A,EUR,D2-D4_MD5_RAT,B-S_X_O,FR,2008,33.1,d
A,EUR,D2-D4_MD5_RAT,B-S_X_O,FR,2012,34.6,
A,EUR,D2-D4_MD5_RAT,B-S_X_O,FR,2016,32.9,
A,EUR,D2-D4_MD5_RAT,B-S_X_O,FR,2020,32.1,
A,EUR,D2-D4_MD5_RAT,B-S_X_O,FR,2021,31.9,
A,EUR,D2-D4_MD5_RAT,B-S_X_O,FR,2022,31.9,
A,EUR,D2-D4_MD5_RAT,B-S_X_O,FR,2023,31.8,
A,EUR,D2-D4_MD5_RAT,B-S_X_O,FR,2024,32,
A,EUR,D2-D4_MD5_RAT,B-S_X_O,FR,2025,32.3,
A,EUR,D2-D4_MD5_RAT,B-S_X_O,IT,2008,27.8,
A,EUR,D2-D4_MD5_RAT,B-S_X_O,IT,2012,28,
A,EUR,D2-D4_MD5_RAT,B-S_X_O,IT,2016,27.9,
A,EUR,D2-D4_MD5_RAT,B-S_X_O,IT,2020,28.1,
A,EUR,D2-D4_MD5_RAT,B-S_X_O,IT,2021,27.9,
A,EUR,D2-D4_MD5_RAT,B-S_X_O,IT,2022,27.8,
A,EUR,D2-D4_MD5_RAT,B-S_X_O,IT,2023,27.9,
A,EUR,D2-D4_MD5_RAT,B-S_X_O,IT,2024,27.8,
A,EUR,D2-D4_MD5_RAT,B-S_X_O,IT,2025,28.1,
A,EUR,D2-D4_MD5_RAT,B-S_X_O,NL,2008,23.1,
A,EUR,D2-D4_MD5_RAT,B-S_X_O,NL,2012,23.8,
A,EUR,D2-D4_MD5_RAT,B-S_X_O,NL,2016,23.4,
A,EUR,D2-D4_MD5_RAT,B-S_X_O,NL,2020,21.3,
A,EUR,D2-D4_MD5_RAT,B-S_X_O,NL,2021,22.2,
A,EUR,D2-D4_MD5_RAT,B-S_X_O,NL,2022,24.4,
A,EUR,D2-D4_MD5_RAT,B-S_X_O,NL,2023,24.2,
A,EUR,D2-D4_MD5_RAT,B-S_X_O,NL,2024,24.4,
A,EUR,D2-D4_MD5_RAT,B-S_X_O,NL,2025,24.7,
A,EUR,D2-D4_MD5_RAT,B-S_X_O,PL,2008,17.7,
A,EUR,D2-D4_MD5_RAT,B-S_X_O,PL,2012,18.3,
A,EUR,D2-D4_MD5_RAT,B-S_X_O,PL,2016,18.4,
A,EUR,D2-D4_MD5_RAT,B-S_X_O,PL,2020,18,
A,EUR,D2-D4_MD5_RAT,B-S_X_O,PL,2021,18,
A,EUR,D2-D4_MD5_RAT,B-S_X_O,PL,2022,18,
A,EUR,D2-D4_MD5_RAT,B-S_X_O,PL,2023,18.1,
A,EUR,D2-D4_MD5_RAT,B-S_X_O,PL,2024,18,
A,EUR,D2-D4_MD5_RAT,B-S_X_O,PL,2025,18,
A,EUR,D2-D4_MD5_RAT,B-S_X_O,PT,2008,19,
A,EUR,D2-D4_MD5_RAT,B-S_X_O,PT,2012,19.7,
A,EUR,D2-D4_MD5_RAT,B-S_X_O,PT,2016,20.2,
A,EUR,D2-D4_MD5_RAT,B-S_X_O,PT,2020,18.6,
A,EUR,D2-D4_MD5_RAT,B-S_X_O,PT,2021,19,
A,EUR,D2-D4_MD5_RAT,B-S_X_O,PT,2022,19.2,
A,EUR,D2-D4_MD5_RAT,B-S_X_O,PT,2023,19.4,
A,EUR,D2-D4_MD5_RAT,B-S_X_O,PT,2024,19.4,
A,EUR,D2-D4_MD5_RAT,B-S_X_O,PT,2025,19.4,
A,EUR,D2-D4_MD5_RAT,B-S_X_O,SE,2008,32.9,
A,EUR,D2-D4_MD5_RAT,B-S_X_O,SE,2012,31.8,
A,EUR,D2-D4_MD5_RAT,B-S_X_O,SE,2016,31.9,
A,EUR,D2-D4_MD5_RAT,B-S_X_O,SE,2020,31,
A,EUR,D2-D4_MD5_RAT,B-S_X_O,SE,2021,31.9,
A,EUR,D2-D4_MD5_RAT,B-S_X_O,SE,2022,31.9,
A,EUR,D2-D4_MD5_RAT,B-S_X_O,SE,2023,31.8,
A,EUR,D2-D4_MD5_RAT,B-S_X_O,SE,2024,31.6,
A,EUR,D2-D4_MD5_RAT,B-S_X_O,SE,2025,31.7,
A,EUR,D2-D4_MD5_RAT,B-S_X_O,UK,2008,15.2,d
A,EUR,D2-D4_MD5_RAT,B-S_X_O,UK,2012,16.4,
A,EUR,D2-D4_MD5_RAT,B-S_X_O,UK,2016,17.2,
A,EUR,D2-D4_MD5_RAT,C,DE,2008,21.9,
A,EUR,D2-D4_MD5_RAT,C,DE,2012,21.9,
A,EUR,D2-D4_MD5_RAT,C,DE,2016,21.6,
A,EUR,D2-D4_MD5_RAT,C,DE,2020,22.4,
A,EUR,D2-D4_MD5_RAT,C,DE,2021,22.4,
A,EUR,D2-D4_MD5_RAT,C,DE,2022,23.7,
A,EUR,D2-D4_MD5_RAT,C,DE,2023,23.8,
A,EUR,D2-D4_MD5_RAT,C,DE,2024,23.7,
A,EUR,D2-D4_MD5_RAT,C,DE,2025,23.7,
A,EUR,D2-D4_MD5_RAT,C,EA19,2008,26.1,
A,EUR,D2-D4_MD5_RAT,C,EA19,2012,25.8,d
A,EUR,D2-D4_MD5_RAT,C,EA19,2016,24.9,
A,EUR,D2-D4_MD5_RAT,C,EA19,2020,24.9,
A,EUR,D2-D4_MD5_RAT,C,EA19,2021,24.9,
A,EUR,D2-D4_MD5_RAT,C,EA19,2022,25.5,
A,EUR,D2-D4_MD5_RAT,C,EA19,2023,25.4,
A,EUR,D2-D4_MD5_RAT,C,EA19,2024,25.4,
A,EUR,D2-D4_MD5_RAT,C,EA20,2008,26.1,
A,EUR,D2-D4_MD5_RAT,C,EA20,2012,25.8,d
A,EUR,D2-D4_MD5_RAT,C,EA20,2016,24.9,
A,EUR,D2-D4_MD5_RAT,C,EA20,2020,24.9,
A,EUR,D2-D4_MD5_RAT,C,EA20,2021,24.8,
A,EUR,D2-D4_MD5_RAT,C,EA20,2022,25.4,
A,EUR,D2-D4_MD5_RAT,C,EA20,2023,25.5,
A,EUR,D2-D4_MD5_RAT,C,EA20,2024,25.5,
A,EUR,D2-D4_MD5_RAT,C,EA20,2025,25.6,
A,EUR,D2-D4_MD5_RAT,C,ES,2008,26.5,
A,EUR,D2-D4_MD5_RAT,C,ES,2012,26.7,
A,EUR,D2-D4_MD5_RAT,C,ES,2016,25.5,
A,EUR,D2-D4_MD5_RAT,C,ES,2020,27.1,
A,EUR,D2-D4_MD5_RAT,C,ES,2021,27.2,
A,EUR,D2-D4_MD5_RAT,C,ES,2022,26.5,
A,EUR,D2-D4_MD5_RAT,C,ES,2023,26.9,
A,EUR,D2-D4_MD5_RAT,C,ES,2024,27,
A,EUR,D2-D4_MD5_RAT,C,ES,2025,27.2,
A,EUR,D2-D4_MD5_RAT,C,EU27_2020,2008,25.9,
A,EUR,D2-D4_MD5_RAT,C,EU27_2020,2012,25.6,d
A,EUR,D2-D4_MD5_RAT,C,EU27_2020,2016,24.8,
A,EUR,D2-D4_MD5_RAT,C,EU27_2020,2020,24.3,
A,EUR,D2-D4_MD5_RAT,C,EU27_2020,2021,24.3,
A,EUR,D2-D4_MD5_RAT,C,EU27_2020,2022,24.7,
A,EUR,D2-D4_MD5_RAT,C,EU27_2020,2023,24.7,
A,EUR,D2-D4_MD5_RAT,C,EU27_2020,2024,24.7,
A,EUR,D2-D4_MD5_RAT,C,EU27_2020,2025,24.7,
A,EUR,D2-D4_MD5_RAT,C,EU28,2008,24.7,
A,EUR,D2-D4_MD5_RAT,C,EU28,2012,24.6,d
A,EUR,D2-D4_MD5_RAT,C,EU28,2016,23.9,
A,EUR,D2-D4_MD5_RAT,C,FI,2008,23.2,
A,EUR,D2-D4_MD5_RAT,C,FI,2012,21.4,
A,EUR,D2-D4_MD5_RAT,C,FI,2016,21.8,
A,EUR,D2-D4_MD5_RAT,C,FI,2020,18.2,
A,EUR,D2-D4_MD5_RAT,C,FI,2021,17.6,p
A,EUR,D2-D4_MD5_RAT,C,FI,2022,17.8,p
A,EUR,D2-D4_MD5_RAT,C,FI,2023,18.0,p
A,EUR,D2-D4_MD5_RAT,C,FI,2024,17.3,p
A,EUR,D2-D4_MD5_RAT,C,FI,2025,17.4,
A,EUR,D2-D4_MD5_RAT,C,FR,2008,33.1,
A,EUR,D2-D4_MD5_RAT,C,FR,2012,33.9,
A,EUR,D2-D4_MD5_RAT,C,FR,2016,32.2,
A,EUR,D2-D4_MD5_RAT,C,FR,2020,32,
A,EUR,D2-D4_MD5_RAT,C,FR,2021,31.7,
A,EUR,D2-D4_MD5_RAT,C,FR,2022,31.4,
A,EUR,D2-D4_MD5_RAT,C,FR,2023,31.1,
A,EUR,D2-D4_MD5_RAT,C,FR,2024,31.5,
A,EUR,D2-D4_MD5_RAT,C,FR,2025,31.9,
A,EUR,D2-D4_MD5_RAT,C,IT,2008,29.5,
A,EUR,D2-D4_MD5_RAT,C,IT,2012,28.3,
A,EUR,D2-D4_MD5_RAT,C,IT,2016,28.2,
A,EUR,D2-D4_MD5_RAT,C,IT,2020,29,
A,EUR,D2-D4_MD5_RAT,C,IT,2021,28.7,
A,EUR,D2-D4_MD5_RAT,C,IT,2022,28.8,
A,EUR,D2-D4_MD5_RAT,C,IT,2023,28.7,
A,EUR,D2-D4_MD5_RAT,C,IT,2024,28.8,
A,EUR,D2-D4_MD5_RAT,C,IT,2025,29,
A,EUR,D2-D4_MD5_RAT,C,NL,2008,23.2,
A,EUR,D2-D4_MD5_RAT,C,NL,2012,23.9,
A,EUR,D2-D4_MD5_RAT,C,NL,2016,22.3,
A,EUR,D2-D4_MD5_RAT,C,NL,2020,20.4,
A,EUR,D2-D4_MD5_RAT,C,NL,2021,21.2,
A,EUR,D2-D4_MD5_RAT,C,NL,2022,22.9,
A,EUR,D2-D4_MD5_RAT,C,NL,2023,23,
A,EUR,D2-D4_MD5_RAT,C,NL,2024,23,
A,EUR,D2-D4_MD5_RAT,C,NL,2025,,
A,EUR,D2-D4_MD5_RAT,C,PL,2008,18,
A,EUR,D2-D4_MD5_RAT,C,PL,2012,18.5,
A,EUR,D2-D4_MD5_RAT,C,PL,2016,18.7,
A,EUR,D2-D4_MD5_RAT,C,PL,2020,18.1,
A,EUR,D2-D4_MD5_RAT,C,PL,2021,18.1,
A,EUR,D2-D4_MD5_RAT,C,PL,2022,18.1,
A,EUR,D2-D4_MD5_RAT,C,PL,2023,18.1,
A,EUR,D2-D4_MD5_RAT,C,PL,2024,18.1,
A,EUR,D2-D4_MD5_RAT,C,PL,2025,18.1,
A,EUR,D2-D4_MD5_RAT,C,PT,2008,20.4,
A,EUR,D2-D4_MD5_RAT,C,PT,2012,20.4,
A,EUR,D2-D4_MD5_RAT,C,PT,2016,20.2,
A,EUR,D2-D4_MD5_RAT,C,PT,2020,17.9,
A,EUR,D2-D4_MD5_RAT,C,PT,2021,18.6,
A,EUR,D2-D4_MD5_RAT,C,PT,2022,18.6,
A,EUR,D2-D4_MD5_RAT,C,PT,2023,18.7,
A,EUR,D2-D4_MD5_RAT,C,PT,2024,18.7,
A,EUR,D2-D4_MD5_RAT,C,PT,2025,18.7,
A,EUR,D2-D4_MD5_RAT,C,SE,2008,33.8,
A,EUR,D2-D4_MD5_RAT,C,SE,2012,32.2,
A,EUR,D2-D4_MD5_RAT,C,SE,2016,32.9,
A,EUR,D2-D4_MD5_RAT,C,SE,2020,31.6,
A,EUR,D2-D4_MD5_RAT,C,SE,2021,32.5,
A,EUR,D2-D4_MD5_RAT,C,SE,2022,32.7,
A,EUR,D2-D4_MD5_RAT,C,SE,2023,32,
A,EUR,D2-D4_MD5_RAT,C,SE,2024,32.3,
A,EUR,D2-D4_MD5_RAT,C,SE,2025,32.3,
A,EUR,D2-D4_MD5_RAT,C,UK,2008,15.2,
A,EUR,D2-D4_MD5_RAT,C,UK,2012,15.8,
A,EUR,D2-D4_MD5_RAT,C,UK,2016,16.4,
A,EUR,D2-D4_MD5_RAT,P,DE,2008,28.6,
A,EUR,D2-D4_MD5_RAT,P,DE,2012,28.5,
A,EUR,D2-D4_MD5_RAT,P,DE,2016,28.9,
A,EUR,D2-D4_MD5_RAT,P,DE,2020,28.9,
A,EUR,D2-D4_MD5_RAT,P,DE,2021,29,
A,EUR,D2-D4_MD5_RAT,P,DE,2022,30.5,
A,EUR,D2-D4_MD5_RAT,P,DE,2023,30.7,
A,EUR,D2-D4_MD5_RAT,P,DE,2024,30.7,
A,EUR,D2-D4_MD5_RAT,P,DE,2025,30.7,
A,EUR,D2-D4_MD5_RAT,P,EA19,2008,26.8,d
A,EUR,D2-D4_MD5_RAT,P,EA19,2012,29.8,d
A,EUR,D2-D4_MD5_RAT,P,EA19,2016,29.9,
A,EUR,D2-D4_MD5_RAT,P,EA19,2020,29,
A,EUR,D2-D4_MD5_RAT,P,EA19,2021,28.8,
A,EUR,D2-D4_MD5_RAT,P,EA19,2022,29.3,
A,EUR,D2-D4_MD5_RAT,P,EA19,2023,29.2,
A,EUR,D2-D4_MD5_RAT,P,EA19,2024,29.1,
A,EUR,D2-D4_MD5_RAT,P,EA20,2008,26.7,d
A,EUR,D2-D4_MD5_RAT,P,EA20,2012,29.7,d
A,EUR,D2-D4_MD5_RAT,P,EA20,2016,29.8,
A,EUR,D2-D4_MD5_RAT,P,EA20,2020,28.9,
A,EUR,D2-D4_MD5_RAT,P,EA20,2021,28.8,
A,EUR,D2-D4_MD5_RAT,P,EA20,2022,29.2,
A,EUR,D2-D4_MD5_RAT,P,EA20,2023,29.2,
A,EUR,D2-D4_MD5_RAT,P,EA20,2024,29,
A,EUR,D2-D4_MD5_RAT,P,EA20,2025,28.9,
A,EUR,D2-D4_MD5_RAT,P,ES,2008,25.1,
A,EUR,D2-D4_MD5_RAT,P,ES,2012,24.7,
A,EUR,D2-D4_MD5_RAT,P,ES,2016,24.8,
A,EUR,D2-D4_MD5_RAT,P,ES,2020,25.2,
A,EUR,D2-D4_MD5_RAT,P,ES,2021,25.2,
A,EUR,D2-D4_MD5_RAT,P,ES,2022,25.1,
A,EUR,D2-D4_MD5_RAT,P,ES,2023,25.5,
A,EUR,D2-D4_MD5_RAT,P,ES,2024,25.2,
A,EUR,D2-D4_MD5_RAT,P,ES,2025,25.3,
A,EUR,D2-D4_MD5_RAT,P,EU27_2020,2008,26.2,
A,EUR,D2-D4_MD5_RAT,P,EU27_2020,2012,28.7,d
A,EUR,D2-D4_MD5_RAT,P,EU27_2020,2016,28.7,
A,EUR,D2-D4_MD5_RAT,P,EU27_2020,2020,27.6,
A,EUR,D2-D4_MD5_RAT,P,EU27_2020,2021,27.5,
A,EUR,D2-D4_MD5_RAT,P,EU27_2020,2022,27.8,
A,EUR,D2-D4_MD5_RAT,P,EU27_2020,2023,27.7,
A,EUR,D2-D4_MD5_RAT,P,EU27_2020,2024,27.3,
A,EUR,D2-D4_MD5_RAT,P,EU27_2020,2025,27.2,
A,EUR,D2-D4_MD5_RAT,P,EU28,2008,24.0,d
A,EUR,D2-D4_MD5_RAT,P,EU28,2012,26.8,d
A,EUR,D2-D4_MD5_RAT,P,EU28,2016,27.2,
A,EUR,D2-D4_MD5_RAT,P,FI,2008,19.6,
A,EUR,D2-D4_MD5_RAT,P,FI,2012,22.4,
A,EUR,D2-D4_MD5_RAT,P,FI,2016,23.6,
A,EUR,D2-D4_MD5_RAT,P,FI,2020,19.5,
A,EUR,D2-D4_MD5_RAT,P,FI,2021,17.7,p
A,EUR,D2-D4_MD5_RAT,P,FI,2022,17.6,p
A,EUR,D2-D4_MD5_RAT,P,FI,2023,17.5,p
A,EUR,D2-D4_MD5_RAT,P,FI,2024,16.9,p
A,EUR,D2-D4_MD5_RAT,P,FI,2025,17,
A,EUR,D2-D4_MD5_RAT,P,FR,2012,42.7,
A,EUR,D2-D4_MD5_RAT,P,FR,2016,43,
A,EUR,D2-D4_MD5_RAT,P,FR,2020,42,
A,EUR,D2-D4_MD5_RAT,P,FR,2021,,
A,EUR,D2-D4_MD5_RAT,P,FR,2022,,
A,EUR,D2-D4_MD5_RAT,P,FR,2023,,
A,EUR,D2-D4_MD5_RAT,P,FR,2024,,
A,EUR,D2-D4_MD5_RAT,P,FR,2025,,
A,EUR,D2-D4_MD5_RAT,P,IT,2008,24.3,
A,EUR,D2-D4_MD5_RAT,P,IT,2012,31,
A,EUR,D2-D4_MD5_RAT,P,IT,2016,29.3,
A,EUR,D2-D4_MD5_RAT,P,IT,2020,26.7,
A,EUR,D2-D4_MD5_RAT,P,IT,2021,26.5,
A,EUR,D2-D4_MD5_RAT,P,IT,2022,26.3,
A,EUR,D2-D4_MD5_RAT,P,IT,2023,26.1,
A,EUR,D2-D4_MD5_RAT,P,IT,2024,25.8,
A,EUR,D2-D4_MD5_RAT,P,IT,2025,25.7,
A,EUR,D2-D4_MD5_RAT,P,NL,2008,26.5,
A,EUR,D2-D4_MD5_RAT,P,NL,2012,26.3,
A,EUR,D2-D4_MD5_RAT,P,NL,2016,25.6,
A,EUR,D2-D4_MD5_RAT,P,NL,2020,27.3,
A,EUR,D2-D4_MD5_RAT,P,NL,2021,27.7,
A,EUR,D2-D4_MD5_RAT,P,NL,2022,28.8,
A,EUR,D2-D4_MD5_RAT,P,NL,2023,28,
A,EUR,D2-D4_MD5_RAT,P,NL,2024,27.7,
A,EUR,D2-D4_MD5_RAT,P,NL,2025,,
A,EUR,D2-D4_MD5_RAT,P,PL,2008,19.4,
A,EUR,D2-D4_MD5_RAT,P,PL,2012,20.1,
A,EUR,D2-D4_MD5_RAT,P,PL,2016,19.9,
A,EUR,D2-D4_MD5_RAT,P,PL,2020,19.4,
A,EUR,D2-D4_MD5_RAT,P,PL,2021,19.4,
A,EUR,D2-D4_MD5_RAT,P,PL,2022,19.4,
A,EUR,D2-D4_MD5_RAT,P,PL,2023,19.4,
A,EUR,D2-D4_MD5_RAT,P,PL,2024,19.4,
A,EUR,D2-D4_MD5_RAT,P,PL,2025,19.4,
A,EUR,D2-D4_MD5_RAT,P,PT,2008,14.5,
A,EUR,D2-D4_MD5_RAT,P,PT,2012,15.9,
A,EUR,D2-D4_MD5_RAT,P,PT,2016,18.9,
A,EUR,D2-D4_MD5_RAT,P,PT,2020,18.8,
A,EUR,D2-D4_MD5_RAT,P,PT,2021,18.9,
A,EUR,D2-D4_MD5_RAT,P,PT,2022,19,
A,EUR,D2-D4_MD5_RAT,P,PT,2023,19.5,
A,EUR,D2-D4_MD5_RAT,P,PT,2024,19.5,
A,EUR,D2-D4_MD5_RAT,P,PT,2025,19.5,
A,EUR,D2-D4_MD5_RAT,P,SE,2008,31.7,
A,EUR,D2-D4_MD5_RAT,P,SE,2012,30.4,
A,EUR,D2-D4_MD5_RAT,P,SE,2016,30.2,
A,EUR,D2-D4_MD5_RAT,P,SE,2020,30.2,
A,EUR,D2-D4_MD5_RAT,P,SE,2021,30.7,
A,EUR,D2-D4_MD5_RAT,P,SE,2022,30.5,
A,EUR,D2-D4_MD5_RAT,P,SE,2023,31.5,
A,EUR,D2-D4_MD5_RAT,P,SE,2024,30.5,
A,EUR,D2-D4_MD5_RAT,P,SE,2025,30.6,
A,EUR,D2-D4_MD5_RAT,P,UK,2008,18.2,
A,EUR,D2-D4_MD5_RAT,P,UK,2012,20,
A,EUR,D2-D4_MD5_RAT,P,UK,2016,22.3,
A,NAC,D11,B-E,DE,2008,25.3,
A,NAC,D11,B-E,DE,2012,27.4,
A,NAC,D11,B-E,DE,2016,30,
A,NAC,D11,B-E,DE,2020,32.6,
A,NAC,D11,B-E,DE,2021,32.7,
A,NAC,D11,B-E,DE,2022,33.9,
A,NAC,D11,B-E,DE,2023,35.6,
A,NAC,D11,B-E,DE,2024,37.2,
A,NAC,D11,B-E,DE,2025,37.9,
A,NAC,D11,B-E,EA19,2008,19.8,
A,NAC,D11,B-E,EA19,2012,22.6,
A,NAC,D11,B-E,EA19,2016,23.9,
A,NAC,D11,B-E,EA19,2020,26.1,
A,NAC,D11,B-E,EA19,2021,26.2,
A,NAC,D11,B-E,EA19,2022,27.2,
A,NAC,D11,B-E,EA19,2023,28.6,
A,NAC,D11,B-E,EA19,2024,29.9,
A,NAC,D11,B-E,EA20,2008,19.8,
A,NAC,D11,B-E,EA20,2012,22.4,
A,NAC,D11,B-E,EA20,2016,23.7,
A,NAC,D11,B-E,EA20,2020,25.9,
A,NAC,D11,B-E,EA20,2021,25.9,
A,NAC,D11,B-E,EA20,2022,27,
A,NAC,D11,B-E,EA20,2023,28.3,
A,NAC,D11,B-E,EA20,2024,29.6,
A,NAC,D11,B-E,EA20,2025,30.5,
A,NAC,D11,B-E,ES,2008,15.2,
A,NAC,D11,B-E,ES,2012,16.9,
A,NAC,D11,B-E,ES,2016,17.2,
A,NAC,D11,B-E,ES,2020,18.1,
A,NAC,D11,B-E,ES,2021,17.9,
A,NAC,D11,B-E,ES,2022,18.5,
A,NAC,D11,B-E,ES,2023,19.4,
A,NAC,D11,B-E,ES,2024,20.2,
A,NAC,D11,B-E,ES,2025,20.9,
A,NAC,D11,B-E,FI,2008,23,
A,NAC,D11,B-E,FI,2012,27.5,
A,NAC,D11,B-E,FI,2016,29,
A,NAC,D11,B-E,FI,2020,30.3,
A,NAC,D11,B-E,FI,2021,31.9,p
A,NAC,D11,B-E,FI,2022,32.9,p
A,NAC,D11,B-E,FI,2023,33.9,p
A,NAC,D11,B-E,FI,2024,34.7,p
A,NAC,D11,B-E,FI,2025,36,
A,NAC,D11,B-E,FR,2008,22.1,
A,NAC,D11,B-E,FR,2012,24,
A,NAC,D11,B-E,FR,2016,25.1,
A,NAC,D11,B-E,FR,2020,28.6,
A,NAC,D11,B-E,FR,2021,28.6,
A,NAC,D11,B-E,FR,2022,29.6,
A,NAC,D11,B-E,FR,2023,30.8,
A,NAC,D11,B-E,FR,2024,31.8,
A,NAC,D11,B-E,FR,2025,32.6,
A,NAC,D11,B-E,IT,2008,17.1,
A,NAC,D11,B-E,IT,2012,19.5,
A,NAC,D11,B-E,IT,2016,19.7,
A,NAC,D11,B-E,IT,2020,20.8,
A,NAC,D11,B-E,IT,2021,20.4,
A,NAC,D11,B-E,IT,2022,21,
A,NAC,D11,B-E,IT,2023,21.9,
A,NAC,D11,B-E,IT,2024,22.8,
A,NAC,D11,B-E,IT,2025,23.4,
A,NAC,D11,B-E,NL,2008,23.6,
A,NAC,D11,B-E,NL,2012,25.8,
A,NAC,D11,B-E,NL,2016,28.5,
A,NAC,D11,B-E,NL,2020,31.7,
A,NAC,D11,B-E,NL,2021,31.8,
A,NAC,D11,B-E,NL,2022,32.8,
A,NAC,D11,B-E,NL,2023,34.9,
A,NAC,D11,B-E,NL,2024,36.7,
A,NAC,D11,B-E,NL,2025,38.8,
A,NAC,D11,B-E,PL,2008,21.4,
A,NAC,D11,B-E,PL,2012,26,
A,NAC,D11,B-E,PL,2016,29.7,
A,NAC,D11,B-E,PL,2020,38.5,
A,NAC,D11,B-E,PL,2021,41.5,
A,NAC,D11,B-E,PL,2022,46.4,
A,NAC,D11,B-E,PL,2023,52,
A,NAC,D11,B-E,PL,2024,57.8,
A,NAC,D11,B-E,PL,2025,62.4,
A,NAC,D11,B-E,PT,2008,8.1,
A,NAC,D11,B-E,PT,2012,8.8,
A,NAC,D11,B-E,PT,2016,8.8,
A,NAC,D11,B-E,PT,2020,10.6,
A,NAC,D11,B-E,PT,2021,10.8,
A,NAC,D11,B-E,PT,2022,11.4,
A,NAC,D11,B-E,PT,2023,12,
A,NAC,D11,B-E,PT,2024,12.9,
A,NAC,D11,B-E,PT,2025,13.6,
A,NAC,D11,B-E,SE,2008,220.3,
A,NAC,D11,B-E,SE,2012,245,
A,NAC,D11,B-E,SE,2016,269.2,
A,NAC,D11,B-E,SE,2020,302.3,
A,NAC,D11,B-E,SE,2021,313,
A,NAC,D11,B-E,SE,2022,320.9,
A,NAC,D11,B-E,SE,2023,336.3,
A,NAC,D11,B-E,SE,2024,346.3,
A,NAC,D11,B-E,SE,2025,355.7,
A,NAC,D11,B-E,UK,2016,18.7,
A,NAC,D11,B-N,DE,2008,22.3,
A,NAC,D11,B-N,DE,2012,24.2,
A,NAC,D11,B-N,DE,2016,26,
A,NAC,D11,B-N,DE,2020,29.1,
A,NAC,D11,B-N,DE,2021,29.5,
A,NAC,D11,B-N,DE,2022,31.1,
A,NAC,D11,B-N,DE,2023,32.5,
A,NAC,D11,B-N,DE,2024,34.1,
A,NAC,D11,B-N,DE,2025,35.3,
A,NAC,D11,B-N,EA19,2008,18.6,
A,NAC,D11,B-N,EA19,2012,20.9,
A,NAC,D11,B-N,EA19,2016,21.9,
A,NAC,D11,B-N,EA19,2020,24.3,
A,NAC,D11,B-N,EA19,2021,24.5,
A,NAC,D11,B-N,EA19,2022,25.6,
A,NAC,D11,B-N,EA19,2023,26.9,
A,NAC,D11,B-N,EA19,2024,28.1,
A,NAC,D11,B-N,EA20,2008,18.6,
A,NAC,D11,B-N,EA20,2012,20.7,
A,NAC,D11,B-N,EA20,2016,21.7,
A,NAC,D11,B-N,EA20,2020,24.1,
A,NAC,D11,B-N,EA20,2021,24.3,
A,NAC,D11,B-N,EA20,2022,25.4,
A,NAC,D11,B-N,EA20,2023,26.7,
A,NAC,D11,B-N,EA20,2024,27.9,
A,NAC,D11,B-N,EA20,2025,28.9,
A,NAC,D11,B-N,ES,2008,13.9,
A,NAC,D11,B-N,ES,2012,15.4,
A,NAC,D11,B-N,ES,2016,15.4,
A,NAC,D11,B-N,ES,2020,16.4,
A,NAC,D11,B-N,ES,2021,16.5,
A,NAC,D11,B-N,ES,2022,16.8,
A,NAC,D11,B-N,ES,2023,17.6,
A,NAC,D11,B-N,ES,2024,18.4,
A,NAC,D11,B-N,ES,2025,19.1,
A,NAC,D11,B-N,FI,2008,21.4,
A,NAC,D11,B-N,FI,2012,25.1,
A,NAC,D11,B-N,FI,2016,26.8,
A,NAC,D11,B-N,FI,2020,28.4,
A,NAC,D11,B-N,FI,2021,30.0,p
A,NAC,D11,B-N,FI,2022,30.5,p
A,NAC,D11,B-N,FI,2023,31.6,p
A,NAC,D11,B-N,FI,2024,32.4,p
A,NAC,D11,B-N,FI,2025,33.6,
A,NAC,D11,B-N,FR,2008,21.4,
A,NAC,D11,B-N,FR,2012,23.1,
A,NAC,D11,B-N,FR,2016,24.1,
A,NAC,D11,B-N,FR,2020,27.2,
A,NAC,D11,B-N,FR,2021,27.3,
A,NAC,D11,B-N,FR,2022,28.3,
A,NAC,D11,B-N,FR,2023,29.4,
A,NAC,D11,B-N,FR,2024,30.3,
A,NAC,D11,B-N,FR,2025,31,
A,NAC,D11,B-N,IT,2008,17.5,
A,NAC,D11,B-N,IT,2012,19.1,
A,NAC,D11,B-N,IT,2016,19.2,
A,NAC,D11,B-N,IT,2020,20.2,
A,NAC,D11,B-N,IT,2021,20,
A,NAC,D11,B-N,IT,2022,20.5,
A,NAC,D11,B-N,IT,2023,21,
A,NAC,D11,B-N,IT,2024,21.7,
A,NAC,D11,B-N,IT,2025,22.5,
A,NAC,D11,B-N,NL,2008,22.6,
A,NAC,D11,B-N,NL,2012,24.5,
A,NAC,D11,B-N,NL,2016,25.8,
A,NAC,D11,B-N,NL,2020,28.8,
A,NAC,D11,B-N,NL,2021,29.1,
A,NAC,D11,B-N,NL,2022,29.9,
A,NAC,D11,B-N,NL,2023,31.9,
A,NAC,D11,B-N,NL,2024,33.5,
A,NAC,D11,B-N,NL,2025,35.4,
A,NAC,D11,B-N,PL,2008,21.7,
A,NAC,D11,B-N,PL,2012,26,
A,NAC,D11,B-N,PL,2016,30.3,
A,NAC,D11,B-N,PL,2020,38.7,
A,NAC,D11,B-N,PL,2021,41.8,
A,NAC,D11,B-N,PL,2022,47.1,
A,NAC,D11,B-N,PL,2023,52.8,
A,NAC,D11,B-N,PL,2024,58.6,
A,NAC,D11,B-N,PL,2025,63.5,
A,NAC,D11,B-N,PT,2008,9.2,
A,NAC,D11,B-N,PT,2012,10.2,
A,NAC,D11,B-N,PT,2016,10.1,
A,NAC,D11,B-N,PT,2020,11.6,
A,NAC,D11,B-N,PT,2021,11.8,
A,NAC,D11,B-N,PT,2022,12.3,
A,NAC,D11,B-N,PT,2023,13,
A,NAC,D11,B-N,PT,2024,13.8,
A,NAC,D11,B-N,PT,2025,14.7,
A,NAC,D11,B-N,SE,2008,217.2,
A,NAC,D11,B-N,SE,2012,237.2,
A,NAC,D11,B-N,SE,2016,261.2,
A,NAC,D11,B-N,SE,2020,293,
A,NAC,D11,B-N,SE,2021,301.1,
A,NAC,D11,B-N,SE,2022,311.2,
A,NAC,D11,B-N,SE,2023,325.8,
A,NAC,D11,B-N,SE,2024,338.3,
A,NAC,D11,B-N,SE,2025,350.7,
A,NAC,D11,B-N,UK,2008,15.9,d
A,NAC,D11,B-N,UK,2012,16.6,
A,NAC,D11,B-N,UK,2016,18.3,
A,NAC,D11,B-S_X_O,DE,2008,21.8,
A,NAC,D11,B-S_X_O,DE,2012,23.7,
A,NAC,D11,B-S_X_O,DE,2016,25.5,
A,NAC,D11,B-S_X_O,DE,2020,28.6,
A,NAC,D11,B-S_X_O,DE,2021,29,
A,NAC,D11,B-S_X_O,DE,2022,30.3,
A,NAC,D11,B-S_X_O,DE,2023,31.6,
A,NAC,D11,B-S_X_O,DE,2024,33.3,
A,NAC,D11,B-S_X_O,DE,2025,34.5,
A,NAC,D11,B-S_X_O,EA19,2008,18.6,d
A,NAC,D11,B-S_X_O,EA19,2012,20.8,
A,NAC,D11,B-S_X_O,EA19,2016,21.9,
A,NAC,D11,B-S_X_O,EA19,2020,24.3,
A,NAC,D11,B-S_X_O,EA19,2021,24.5,
A,NAC,D11,B-S_X_O,EA19,2022,25.5,
A,NAC,D11,B-S_X_O,EA19,2023,26.8,
A,NAC,D11,B-S_X_O,EA19,2024,28,
A,NAC,D11,B-S_X_O,EA20,2008,18.6,d
A,NAC,D11,B-S_X_O,EA20,2012,20.7,
A,NAC,D11,B-S_X_O,EA20,2016,21.7,
A,NAC,D11,B-S_X_O,EA20,2020,24.1,
A,NAC,D11,B-S_X_O,EA20,2021,24.3,
A,NAC,D11,B-S_X_O,EA20,2022,25.3,
A,NAC,D11,B-S_X_O,EA20,2023,26.5,
A,NAC,D11,B-S_X_O,EA20,2024,27.7,
A,NAC,D11,B-S_X_O,EA20,2025,28.7,
A,NAC,D11,B-S_X_O,ES,2008,14.3,
A,NAC,D11,B-S_X_O,ES,2012,15.7,
A,NAC,D11,B-S_X_O,ES,2016,15.8,
A,NAC,D11,B-S_X_O,ES,2020,17,
A,NAC,D11,B-S_X_O,ES,2021,17,
A,NAC,D11,B-S_X_O,ES,2022,17.3,
A,NAC,D11,B-S_X_O,ES,2023,18.1,
A,NAC,D11,B-S_X_O,ES,2024,18.9,
A,NAC,D11,B-S_X_O,ES,2025,19.5,
A,NAC,D11,B-S_X_O,FI,2008,20.9,
A,NAC,D11,B-S_X_O,FI,2012,24.4,
A,NAC,D11,B-S_X_O,FI,2016,26,
A,NAC,D11,B-S_X_O,FI,2020,27.5,
A,NAC,D11,B-S_X_O,FI,2021,28.9,p
A,NAC,D11,B-S_X_O,FI,2022,29.6,p
A,NAC,D11,B-S_X_O,FI,2023,30.5,p
A,NAC,D11,B-S_X_O,FI,2024,31.2,p
A,NAC,D11,B-S_X_O,FI,2025,32.6,
A,NAC,D11,B-S_X_O,FR,2008,20.9,d
A,NAC,D11,B-S_X_O,FR,2012,22.4,
A,NAC,D11,B-S_X_O,FR,2016,23.3,
A,NAC,D11,B-S_X_O,FR,2020,26.3,
A,NAC,D11,B-S_X_O,FR,2021,26.6,
A,NAC,D11,B-S_X_O,FR,2022,27.5,
A,NAC,D11,B-S_X_O,FR,2023,28.6,
A,NAC,D11,B-S_X_O,FR,2024,29.5,
A,NAC,D11,B-S_X_O,FR,2025,30,
A,NAC,D11,B-S_X_O,IT,2008,18.2,
A,NAC,D11,B-S_X_O,IT,2012,19.9,
A,NAC,D11,B-S_X_O,IT,2016,19.9,
A,NAC,D11,B-S_X_O,IT,2020,21,
A,NAC,D11,B-S_X_O,IT,2021,20.8,
A,NAC,D11,B-S_X_O,IT,2022,21.1,
A,NAC,D11,B-S_X_O,IT,2023,21.6,
A,NAC,D11,B-S_X_O,IT,2024,22.4,
A,NAC,D11,B-S_X_O,IT,2025,23,
A,NAC,D11,B-S_X_O,NL,2008,22.9,
A,NAC,D11,B-S_X_O,NL,2012,24.7,
A,NAC,D11,B-S_X_O,NL,2016,26.4,
A,NAC,D11,B-S_X_O,NL,2020,29.6,
A,NAC,D11,B-S_X_O,NL,2021,29.7,
A,NAC,D11,B-S_X_O,NL,2022,30.6,
A,NAC,D11,B-S_X_O,NL,2023,32.6,
A,NAC,D11,B-S_X_O,NL,2024,34.4,
A,NAC,D11,B-S_X_O,NL,2025,36.3,
A,NAC,D11,B-S_X_O,PL,2008,22.1,
A,NAC,D11,B-S_X_O,PL,2012,26.8,
A,NAC,D11,B-S_X_O,PL,2016,31,
A,NAC,D11,B-S_X_O,PL,2020,39.8,
A,NAC,D11,B-S_X_O,PL,2021,43.1,
A,NAC,D11,B-S_X_O,PL,2022,48.1,
A,NAC,D11,B-S_X_O,PL,2023,54.1,
A,NAC,D11,B-S_X_O,PL,2024,61,
A,NAC,D11,B-S_X_O,PL,2025,66.3,
A,NAC,D11,B-S_X_O,PT,2008,9.9,
A,NAC,D11,B-S_X_O,PT,2012,10.7,
A,NAC,D11,B-S_X_O,PT,2016,10.9,
A,NAC,D11,B-S_X_O,PT,2020,12.3,
A,NAC,D11,B-S_X_O,PT,2021,12.5,
A,NAC,D11,B-S_X_O,PT,2022,13,
A,NAC,D11,B-S_X_O,PT,2023,13.7,
A,NAC,D11,B-S_X_O,PT,2024,14.7,
A,NAC,D11,B-S_X_O,PT,2025,15.6,
A,NAC,D11,B-S_X_O,SE,2008,204,
A,NAC,D11,B-S_X_O,SE,2012,221.3,
A,NAC,D11,B-S_X_O,SE,2016,242.7,
A,NAC,D11,B-S_X_O,SE,2020,274.7,
A,NAC,D11,B-S_X_O,SE,2021,281.9,
A,NAC,D11,B-S_X_O,SE,2022,290.7,
A,NAC,D11,B-S_X_O,SE,2023,303.1,
A,NAC,D11,B-S_X_O,SE,2024,314.2,
A,NAC,D11,B-S_X_O,SE,2025,326.1,
A,NAC,D11,B-S_X_O,UK,2008,16.0,d
A,NAC,D11,B-S_X_O,UK,2012,17,
A,NAC,D11,B-S_X_O,UK,2016,18.9,
A,NAC,D11,C,DE,2008,25.3,
A,NAC,D11,C,DE,2012,27.3,
A,NAC,D11,C,DE,2016,29.9,
A,NAC,D11,C,DE,2020,32.6,
A,NAC,D11,C,DE,2021,32.6,
A,NAC,D11,C,DE,2022,33.8,
A,NAC,D11,C,DE,2023,35.4,
A,NAC,D11,C,DE,2024,37,
A,NAC,D11,C,DE,2025,37.7,
A,NAC,D11,C,EA19,2008,19.7,
A,NAC,D11,C,EA19,2012,22.4,d
A,NAC,D11,C,EA19,2016,23.8,
A,NAC,D11,C,EA19,2020,26,
A,NAC,D11,C,EA19,2021,26,
A,NAC,D11,C,EA19,2022,27.1,
A,NAC,D11,C,EA19,2023,28.4,
A,NAC,D11,C,EA19,2024,29.7,
A,NAC,D11,C,EA20,2008,19.7,
A,NAC,D11,C,EA20,2012,22.2,d
A,NAC,D11,C,EA20,2016,23.5,
A,NAC,D11,C,EA20,2020,25.8,
A,NAC,D11,C,EA20,2021,25.8,
A,NAC,D11,C,EA20,2022,26.8,
A,NAC,D11,C,EA20,2023,28.1,
A,NAC,D11,C,EA20,2024,29.4,
A,NAC,D11,C,EA20,2025,30.3,
A,NAC,D11,C,ES,2008,14.9,
A,NAC,D11,C,ES,2012,16.4,
A,NAC,D11,C,ES,2016,16.8,
A,NAC,D11,C,ES,2020,17.7,
A,NAC,D11,C,ES,2021,17.5,
A,NAC,D11,C,ES,2022,18,
A,NAC,D11,C,ES,2023,19,
A,NAC,D11,C,ES,2024,19.8,
A,NAC,D11,C,ES,2025,20.5,
A,NAC,D11,C,FI,2008,23.1,
A,NAC,D11,C,FI,2012,27.5,
A,NAC,D11,C,FI,2016,29,
A,NAC,D11,C,FI,2020,30.2,
A,NAC,D11,C,FI,2021,31.9,p
A,NAC,D11,C,FI,2022,32.9,p
A,NAC,D11,C,FI,2023,34.0,p
A,NAC,D11,C,FI,2024,34.7,p
A,NAC,D11,C,FI,2025,36,
A,NAC,D11,C,FR,2008,22,
A,NAC,D11,C,FR,2012,23.6,
A,NAC,D11,C,FR,2016,24.7,
A,NAC,D11,C,FR,2020,28.1,
A,NAC,D11,C,FR,2021,28.1,
A,NAC,D11,C,FR,2022,29.1,
A,NAC,D11,C,FR,2023,30.3,
A,NAC,D11,C,FR,2024,31.3,
A,NAC,D11,C,FR,2025,32.1,
A,NAC,D11,C,IT,2008,16.8,
A,NAC,D11,C,IT,2012,19.2,
A,NAC,D11,C,IT,2016,19.4,
A,NAC,D11,C,IT,2020,20.5,
A,NAC,D11,C,IT,2021,20.2,
A,NAC,D11,C,IT,2022,20.8,
A,NAC,D11,C,IT,2023,21.7,
A,NAC,D11,C,IT,2024,22.6,
A,NAC,D11,C,IT,2025,23.3,
A,NAC,D11,C,NL,2008,23.2,
A,NAC,D11,C,NL,2012,25.2,
A,NAC,D11,C,NL,2016,27.9,
A,NAC,D11,C,NL,2020,31.4,
A,NAC,D11,C,NL,2021,31.5,
A,NAC,D11,C,NL,2022,32.5,
A,NAC,D11,C,NL,2023,34.6,
A,NAC,D11,C,NL,2024,36.4,
A,NAC,D11,C,NL,2025,,
A,NAC,D11,C,PL,2008,19.6,
A,NAC,D11,C,PL,2012,23.3,
A,NAC,D11,C,PL,2016,27.6,
A,NAC,D11,C,PL,2020,36.5,
A,NAC,D11,C,PL,2021,39.5,
A,NAC,D11,C,PL,2022,43.9,
A,NAC,D11,C,PL,2023,48.9,
A,NAC,D11,C,PL,2024,54.6,
A,NAC,D11,C,PL,2025,59.3,
A,NAC,D11,C,PT,2008,7.8,
A,NAC,D11,C,PT,2012,8.7,
A,NAC,D11,C,PT,2016,8.6,
A,NAC,D11,C,PT,2020,10.5,
A,NAC,D11,C,PT,2021,10.6,
A,NAC,D11,C,PT,2022,11.2,
A,NAC,D11,C,PT,2023,11.8,
A,NAC,D11,C,PT,2024,12.7,
A,NAC,D11,C,PT,2025,13.4,
A,NAC,D11,C,SE,2008,219.7,
A,NAC,D11,C,SE,2012,244.1,
A,NAC,D11,C,SE,2016,268.5,
A,NAC,D11,C,SE,2020,301.7,
A,NAC,D11,C,SE,2021,312.2,
A,NAC,D11,C,SE,2022,320.1,
A,NAC,D11,C,SE,2023,335.3,
A,NAC,D11,C,SE,2024,344.7,
A,NAC,D11,C,SE,2025,353.8,
A,NAC,D11,C,UK,2008,15.8,
A,NAC,D11,C,UK,2012,16.3,
A,NAC,D11,C,UK,2016,18.3,
A,NAC,D11,P,DE,2008,22.4,
A,NAC,D11,P,DE,2012,24.8,
A,NAC,D11,P,DE,2016,26.2,
A,NAC,D11,P,DE,2020,29.3,
A,NAC,D11,P,DE,2021,29.6,
A,NAC,D11,P,DE,2022,29.1,
A,NAC,D11,P,DE,2023,29.6,
A,NAC,D11,P,DE,2024,31,
A,NAC,D11,P,DE,2025,32.6,
A,NAC,D11,P,EA19,2008,25.2,d
A,NAC,D11,P,EA19,2012,22.7,d
A,NAC,D11,P,EA19,2016,24.2,
A,NAC,D11,P,EA19,2020,26.3,
A,NAC,D11,P,EA19,2021,26.5,
A,NAC,D11,P,EA19,2022,26.8,
A,NAC,D11,P,EA19,2023,27.9,
A,NAC,D11,P,EA19,2024,29.1,
A,NAC,D11,P,EA20,2008,25.1,d
A,NAC,D11,P,EA20,2012,22.4,d
A,NAC,D11,P,EA20,2016,23.9,
A,NAC,D11,P,EA20,2020,26,
A,NAC,D11,P,EA20,2021,26.2,
A,NAC,D11,P,EA20,2022,26.5,
A,NAC,D11,P,EA20,2023,27.6,
A,NAC,D11,P,EA20,2024,28.9,
A,NAC,D11,P,EA20,2025,29.9,
A,NAC,D11,P,ES,2008,17.5,
A,NAC,D11,P,ES,2012,17.9,
A,NAC,D11,P,ES,2016,18.2,
A,NAC,D11,P,ES,2020,19.2,
A,NAC,D11,P,ES,2021,18.9,
A,NAC,D11,P,ES,2022,19.6,
A,NAC,D11,P,ES,2023,20.3,
A,NAC,D11,P,ES,2024,20.8,
A,NAC,D11,P,ES,2025,21.5,
A,NAC,D11,P,FI,2008,23.1,
A,NAC,D11,P,FI,2012,26.6,
A,NAC,D11,P,FI,2016,29.3,
A,NAC,D11,P,FI,2020,30.3,
A,NAC,D11,P,FI,2021,30.0,p
A,NAC,D11,P,FI,2022,30.9,p
A,NAC,D11,P,FI,2023,32.0,p
A,NAC,D11,P,FI,2024,33.2,p
A,NAC,D11,P,FI,2025,34.1,
A,NAC,D11,P,FR,2012,22.4,
A,NAC,D11,P,FR,2016,23.6,
A,NAC,D11,P,FR,2020,26.3,
A,NAC,D11,P,FR,2021,,
A,NAC,D11,P,FR,2022,,
A,NAC,D11,P,FR,2023,,
A,NAC,D11,P,FR,2024,,
A,NAC,D11,P,FR,2025,,
A,NAC,D11,P,IT,2008,21.6,
A,NAC,D11,P,IT,2012,27,
A,NAC,D11,P,IT,2016,26.3,
A,NAC,D11,P,IT,2020,26.5,
A,NAC,D11,P,IT,2021,26.6,
A,NAC,D11,P,IT,2022,26.6,
A,NAC,D11,P,IT,2023,27,
A,NAC,D11,P,IT,2024,28.1,
A,NAC,D11,P,IT,2025,28.5,
A,NAC,D11,P,NL,2008,27,
A,NAC,D11,P,NL,2012,30,
A,NAC,D11,P,NL,2016,32.4,
A,NAC,D11,P,NL,2020,34.5,
A,NAC,D11,P,NL,2021,33.9,
A,NAC,D11,P,NL,2022,35.6,
A,NAC,D11,P,NL,2023,38.2,
A,NAC,D11,P,NL,2024,39.7,
A,NAC,D11,P,NL,2025,,
A,NAC,D11,P,PL,2008,25.8,
A,NAC,D11,P,PL,2012,36.4,
A,NAC,D11,P,PL,2016,40.1,
A,NAC,D11,P,PL,2020,48.5,
A,NAC,D11,P,PL,2021,51.5,
A,NAC,D11,P,PL,2022,54.6,
A,NAC,D11,P,PL,2023,61.3,
A,NAC,D11,P,PL,2024,75.6,
A,NAC,D11,P,PL,2025,81.6,
A,NAC,D11,P,PT,2008,15.5,
A,NAC,D11,P,PT,2012,14.5,
A,NAC,D11,P,PT,2016,16.7,
A,NAC,D11,P,PT,2020,17.7,
A,NAC,D11,P,PT,2021,18,
A,NAC,D11,P,PT,2022,18.7,
A,NAC,D11,P,PT,2023,19.7,
A,NAC,D11,P,PT,2024,20.7,
A,NAC,D11,P,PT,2025,21.7,
A,NAC,D11,P,SE,2008,175.3,
A,NAC,D11,P,SE,2012,183.7,
A,NAC,D11,P,SE,2016,204.2,
A,NAC,D11,P,SE,2020,233.9,
A,NAC,D11,P,SE,2021,240.4,
A,NAC,D11,P,SE,2022,245.1,
A,NAC,D11,P,SE,2023,252.6,
A,NAC,D11,P,SE,2024,261.9,
A,NAC,D11,P,SE,2025,271.1,
A,NAC,D11,P,UK,2008,17.8,
A,NAC,D11,P,UK,2012,19.9,
A,NAC,D11,P,UK,2016,24.1,
A,NAC,D12_D4_MD5,B-E,DE,2008,7.2,
A,NAC,D12_D4_MD5,B-E,DE,2012,7.8,
A,NAC,D12_D4_MD5,B-E,DE,2016,8.4,
A,NAC,D12_D4_MD5,B-E,DE,2020,9.5,
A,NAC,D12_D4_MD5,B-E,DE,2021,9.5,
A,NAC,D12_D4_MD5,B-E,DE,2022,10.6,
A,NAC,D12_D4_MD5,B-E,DE,2023,11.2,
A,NAC,D12_D4_MD5,B-E,DE,2024,11.6,
A,NAC,D12_D4_MD5,B-E,DE,2025,11.9,
A,NAC,D12_D4_MD5,B-E,EA19,2008,7.1,
A,NAC,D12_D4_MD5,B-E,EA19,2012,8,
A,NAC,D12_D4_MD5,B-E,EA19,2016,8,
A,NAC,D12_D4_MD5,B-E,EA19,2020,8.8,
A,NAC,D12_D4_MD5,B-E,EA19,2021,8.8,
A,NAC,D12_D4_MD5,B-E,EA19,2022,9.4,
A,NAC,D12_D4_MD5,B-E,EA19,2023,9.8,
A,NAC,D12_D4_MD5,B-E,EA19,2024,10.2,
A,NAC,D12_D4_MD5,B-E,EA20,2008,7.1,
A,NAC,D12_D4_MD5,B-E,EA20,2012,7.9,
A,NAC,D12_D4_MD5,B-E,EA20,2016,7.9,
A,NAC,D12_D4_MD5,B-E,EA20,2020,8.6,
A,NAC,D12_D4_MD5,B-E,EA20,2021,8.6,
A,NAC,D12_D4_MD5,B-E,EA20,2022,9.2,
A,NAC,D12_D4_MD5,B-E,EA20,2023,9.7,
A,NAC,D12_D4_MD5,B-E,EA20,2024,10.2,
A,NAC,D12_D4_MD5,B-E,EA20,2025,10.5,
A,NAC,D12_D4_MD5,B-E,ES,2008,5.6,
A,NAC,D12_D4_MD5,B-E,ES,2012,6.2,
A,NAC,D12_D4_MD5,B-E,ES,2016,6,
A,NAC,D12_D4_MD5,B-E,ES,2020,6.7,
A,NAC,D12_D4_MD5,B-E,ES,2021,6.7,
A,NAC,D12_D4_MD5,B-E,ES,2022,6.7,
A,NAC,D12_D4_MD5,B-E,ES,2023,7.1,
A,NAC,D12_D4_MD5,B-E,ES,2024,7.5,
A,NAC,D12_D4_MD5,B-E,ES,2025,7.8,
A,NAC,D12_D4_MD5,B-E,FI,2008,7,
A,NAC,D12_D4_MD5,B-E,FI,2012,7.5,
A,NAC,D12_D4_MD5,B-E,FI,2016,8.1,
A,NAC,D12_D4_MD5,B-E,FI,2020,6.8,
A,NAC,D12_D4_MD5,B-E,FI,2021,6.8,p
A,NAC,D12_D4_MD5,B-E,FI,2022,7.1,p
A,NAC,D12_D4_MD5,B-E,FI,2023,7.4,p
A,NAC,D12_D4_MD5,B-E,FI,2024,7.3,p
A,NAC,D12_D4_MD5,B-E,FI,2025,7.6,
A,NAC,D12_D4_MD5,B-E,FR,2008,11,
A,NAC,D12_D4_MD5,B-E,FR,2012,12.4,
A,NAC,D12_D4_MD5,B-E,FR,2016,11.7,
A,NAC,D12_D4_MD5,B-E,FR,2020,13.3,
A,NAC,D12_D4_MD5,B-E,FR,2021,13.2,
A,NAC,D12_D4_MD5,B-E,FR,2022,13.5,
A,NAC,D12_D4_MD5,B-E,FR,2023,13.8,
A,NAC,D12_D4_MD5,B-E,FR,2024,14.5,
A,NAC,D12_D4_MD5,B-E,FR,2025,15.1,
A,NAC,D12_D4_MD5,B-E,IT,2008,7.1,
A,NAC,D12_D4_MD5,B-E,IT,2012,7.7,
A,NAC,D12_D4_MD5,B-E,IT,2016,7.8,
A,NAC,D12_D4_MD5,B-E,IT,2020,8.5,
A,NAC,D12_D4_MD5,B-E,IT,2021,8.2,
A,NAC,D12_D4_MD5,B-E,IT,2022,8.5,
A,NAC,D12_D4_MD5,B-E,IT,2023,8.8,
A,NAC,D12_D4_MD5,B-E,IT,2024,9.2,
A,NAC,D12_D4_MD5,B-E,IT,2025,9.6,
A,NAC,D12_D4_MD5,B-E,NL,2008,7.2,
A,NAC,D12_D4_MD5,B-E,NL,2012,8.1,
A,NAC,D12_D4_MD5,B-E,NL,2016,8.2,
A,NAC,D12_D4_MD5,B-E,NL,2020,8.4,
A,NAC,D12_D4_MD5,B-E,NL,2021,8.7,
A,NAC,D12_D4_MD5,B-E,NL,2022,9.9,
A,NAC,D12_D4_MD5,B-E,NL,2023,10.5,
A,NAC,D12_D4_MD5,B-E,NL,2024,11.1,
A,NAC,D12_D4_MD5,B-E,NL,2025,12,
A,NAC,D12_D4_MD5,B-E,PL,2008,5,
A,NAC,D12_D4_MD5,B-E,PL,2012,6.4,
A,NAC,D12_D4_MD5,B-E,PL,2016,7.3,
A,NAC,D12_D4_MD5,B-E,PL,2020,9,
A,NAC,D12_D4_MD5,B-E,PL,2021,9.7,
A,NAC,D12_D4_MD5,B-E,PL,2022,10.9,
A,NAC,D12_D4_MD5,B-E,PL,2023,12.2,
A,NAC,D12_D4_MD5,B-E,PL,2024,13.5,
A,NAC,D12_D4_MD5,B-E,PL,2025,14.6,
A,NAC,D12_D4_MD5,B-E,PT,2008,2.1,
A,NAC,D12_D4_MD5,B-E,PT,2012,2.2,
A,NAC,D12_D4_MD5,B-E,PT,2016,2.3,
A,NAC,D12_D4_MD5,B-E,PT,2020,2.4,
A,NAC,D12_D4_MD5,B-E,PT,2021,2.5,
A,NAC,D12_D4_MD5,B-E,PT,2022,2.7,
A,NAC,D12_D4_MD5,B-E,PT,2023,2.8,
A,NAC,D12_D4_MD5,B-E,PT,2024,3,
A,NAC,D12_D4_MD5,B-E,PT,2025,3.2,
A,NAC,D12_D4_MD5,B-E,SE,2008,113.3,
A,NAC,D12_D4_MD5,B-E,SE,2012,117.9,
A,NAC,D12_D4_MD5,B-E,SE,2016,133.5,
A,NAC,D12_D4_MD5,B-E,SE,2020,141.5,
A,NAC,D12_D4_MD5,B-E,SE,2021,152.7,
A,NAC,D12_D4_MD5,B-E,SE,2022,157.8,
A,NAC,D12_D4_MD5,B-E,SE,2023,159.8,
A,NAC,D12_D4_MD5,B-E,SE,2024,167.3,
A,NAC,D12_D4_MD5,B-E,SE,2025,172,
A,NAC,D12_D4_MD5,B-E,UK,2016,3.8,
A,NAC,D12_D4_MD5,B-N,DE,2008,6.1,
A,NAC,D12_D4_MD5,B-N,DE,2012,6.7,
A,NAC,D12_D4_MD5,B-N,DE,2016,7.1,
A,NAC,D12_D4_MD5,B-N,DE,2020,8,
A,NAC,D12_D4_MD5,B-N,DE,2021,8.1,
A,NAC,D12_D4_MD5,B-N,DE,2022,9.1,
A,NAC,D12_D4_MD5,B-N,DE,2023,9.6,
A,NAC,D12_D4_MD5,B-N,DE,2024,10,
A,NAC,D12_D4_MD5,B-N,DE,2025,10.4,
A,NAC,D12_D4_MD5,B-N,EA19,2008,6.6,
A,NAC,D12_D4_MD5,B-N,EA19,2012,7.4,
A,NAC,D12_D4_MD5,B-N,EA19,2016,7.4,
A,NAC,D12_D4_MD5,B-N,EA19,2020,7.9,
A,NAC,D12_D4_MD5,B-N,EA19,2021,7.9,
A,NAC,D12_D4_MD5,B-N,EA19,2022,8.6,
A,NAC,D12_D4_MD5,B-N,EA19,2023,9,
A,NAC,D12_D4_MD5,B-N,EA19,2024,9.4,
A,NAC,D12_D4_MD5,B-N,EA20,2008,6.5,
A,NAC,D12_D4_MD5,B-N,EA20,2012,7.3,
A,NAC,D12_D4_MD5,B-N,EA20,2016,7.3,
A,NAC,D12_D4_MD5,B-N,EA20,2020,7.8,
A,NAC,D12_D4_MD5,B-N,EA20,2021,7.8,
A,NAC,D12_D4_MD5,B-N,EA20,2022,8.4,
A,NAC,D12_D4_MD5,B-N,EA20,2023,8.9,
A,NAC,D12_D4_MD5,B-N,EA20,2024,9.3,
A,NAC,D12_D4_MD5,B-N,EA20,2025,9.7,
A,NAC,D12_D4_MD5,B-N,ES,2008,5.1,
A,NAC,D12_D4_MD5,B-N,ES,2012,5.6,
A,NAC,D12_D4_MD5,B-N,ES,2016,5.4,
A,NAC,D12_D4_MD5,B-N,ES,2020,6,
A,NAC,D12_D4_MD5,B-N,ES,2021,5.9,
A,NAC,D12_D4_MD5,B-N,ES,2022,5.9,
A,NAC,D12_D4_MD5,B-N,ES,2023,6.3,
A,NAC,D12_D4_MD5,B-N,ES,2024,6.6,
A,NAC,D12_D4_MD5,B-N,ES,2025,6.9,
A,NAC,D12_D4_MD5,B-N,FI,2008,6.2,
A,NAC,D12_D4_MD5,B-N,FI,2012,6.8,
A,NAC,D12_D4_MD5,B-N,FI,2016,7.5,
A,NAC,D12_D4_MD5,B-N,FI,2020,6.4,
A,NAC,D12_D4_MD5,B-N,FI,2021,6.4,p
A,NAC,D12_D4_MD5,B-N,FI,2022,6.6,p
A,NAC,D12_D4_MD5,B-N,FI,2023,6.8,p
A,NAC,D12_D4_MD5,B-N,FI,2024,6.7,p
A,NAC,D12_D4_MD5,B-N,FI,2025,7.1,
A,NAC,D12_D4_MD5,B-N,FR,2008,10.4,
A,NAC,D12_D4_MD5,B-N,FR,2012,11.7,
A,NAC,D12_D4_MD5,B-N,FR,2016,11,
A,NAC,D12_D4_MD5,B-N,FR,2020,12,
A,NAC,D12_D4_MD5,B-N,FR,2021,11.9,
A,NAC,D12_D4_MD5,B-N,FR,2022,12.3,
A,NAC,D12_D4_MD5,B-N,FR,2023,12.6,
A,NAC,D12_D4_MD5,B-N,FR,2024,13.2,
A,NAC,D12_D4_MD5,B-N,FR,2025,13.7,
A,NAC,D12_D4_MD5,B-N,IT,2008,7.1,
A,NAC,D12_D4_MD5,B-N,IT,2012,7.4,
A,NAC,D12_D4_MD5,B-N,IT,2016,7.5,
A,NAC,D12_D4_MD5,B-N,IT,2020,8,
A,NAC,D12_D4_MD5,B-N,IT,2021,7.8,
A,NAC,D12_D4_MD5,B-N,IT,2022,8,
A,NAC,D12_D4_MD5,B-N,IT,2023,8.3,
A,NAC,D12_D4_MD5,B-N,IT,2024,8.6,
A,NAC,D12_D4_MD5,B-N,IT,2025,9,
A,NAC,D12_D4_MD5,B-N,NL,2008,6.6,
A,NAC,D12_D4_MD5,B-N,NL,2012,7.5,
A,NAC,D12_D4_MD5,B-N,NL,2016,7.6,
A,NAC,D12_D4_MD5,B-N,NL,2020,7.3,
A,NAC,D12_D4_MD5,B-N,NL,2021,7.7,
A,NAC,D12_D4_MD5,B-N,NL,2022,9,
A,NAC,D12_D4_MD5,B-N,NL,2023,9.6,
A,NAC,D12_D4_MD5,B-N,NL,2024,10.2,
A,NAC,D12_D4_MD5,B-N,NL,2025,10.9,
A,NAC,D12_D4_MD5,B-N,PL,2008,4.6,
A,NAC,D12_D4_MD5,B-N,PL,2012,5.8,
A,NAC,D12_D4_MD5,B-N,PL,2016,6.8,
A,NAC,D12_D4_MD5,B-N,PL,2020,8.4,
A,NAC,D12_D4_MD5,B-N,PL,2021,9.1,
A,NAC,D12_D4_MD5,B-N,PL,2022,10.3,
A,NAC,D12_D4_MD5,B-N,PL,2023,11.5,
A,NAC,D12_D4_MD5,B-N,PL,2024,12.8,
A,NAC,D12_D4_MD5,B-N,PL,2025,13.9,
A,NAC,D12_D4_MD5,B-N,PT,2008,2.3,
A,NAC,D12_D4_MD5,B-N,PT,2012,2.7,
A,NAC,D12_D4_MD5,B-N,PT,2016,2.7,
A,NAC,D12_D4_MD5,B-N,PT,2020,2.7,
A,NAC,D12_D4_MD5,B-N,PT,2021,2.8,
A,NAC,D12_D4_MD5,B-N,PT,2022,2.9,
A,NAC,D12_D4_MD5,B-N,PT,2023,3.1,
A,NAC,D12_D4_MD5,B-N,PT,2024,3.3,
A,NAC,D12_D4_MD5,B-N,PT,2025,3.6,
A,NAC,D12_D4_MD5,B-N,SE,2008,107.8,
A,NAC,D12_D4_MD5,B-N,SE,2012,111.6,
A,NAC,D12_D4_MD5,B-N,SE,2016,124.9,
A,NAC,D12_D4_MD5,B-N,SE,2020,132.5,
A,NAC,D12_D4_MD5,B-N,SE,2021,143.1,
A,NAC,D12_D4_MD5,B-N,SE,2022,148.2,
A,NAC,D12_D4_MD5,B-N,SE,2023,150.1,
A,NAC,D12_D4_MD5,B-N,SE,2024,158.6,
A,NAC,D12_D4_MD5,B-N,SE,2025,164.7,
A,NAC,D12_D4_MD5,B-N,UK,2008,2.7,d
A,NAC,D12_D4_MD5,B-N,UK,2012,3.1,
A,NAC,D12_D4_MD5,B-N,UK,2016,3.5,
A,NAC,D12_D4_MD5,B-S_X_O,DE,2008,6.1,
A,NAC,D12_D4_MD5,B-S_X_O,DE,2012,6.8,
A,NAC,D12_D4_MD5,B-S_X_O,DE,2016,7.2,
A,NAC,D12_D4_MD5,B-S_X_O,DE,2020,8.2,
A,NAC,D12_D4_MD5,B-S_X_O,DE,2021,8.3,
A,NAC,D12_D4_MD5,B-S_X_O,DE,2022,9.3,
A,NAC,D12_D4_MD5,B-S_X_O,DE,2023,9.8,
A,NAC,D12_D4_MD5,B-S_X_O,DE,2024,10.2,
A,NAC,D12_D4_MD5,B-S_X_O,DE,2025,10.6,
A,NAC,D12_D4_MD5,B-S_X_O,EA19,2008,6.5,d
A,NAC,D12_D4_MD5,B-S_X_O,EA19,2012,7.5,
A,NAC,D12_D4_MD5,B-S_X_O,EA19,2016,7.5,
A,NAC,D12_D4_MD5,B-S_X_O,EA19,2020,8.1,
A,NAC,D12_D4_MD5,B-S_X_O,EA19,2021,8.2,
A,NAC,D12_D4_MD5,B-S_X_O,EA19,2022,8.8,
A,NAC,D12_D4_MD5,B-S_X_O,EA19,2023,9.2,
A,NAC,D12_D4_MD5,B-S_X_O,EA19,2024,9.6,
A,NAC,D12_D4_MD5,B-S_X_O,EA20,2008,6.5,d
A,NAC,D12_D4_MD5,B-S_X_O,EA20,2012,7.4,
A,NAC,D12_D4_MD5,B-S_X_O,EA20,2016,7.4,
A,NAC,D12_D4_MD5,B-S_X_O,EA20,2020,8,
A,NAC,D12_D4_MD5,B-S_X_O,EA20,2021,8.1,
A,NAC,D12_D4_MD5,B-S_X_O,EA20,2022,8.7,
A,NAC,D12_D4_MD5,B-S_X_O,EA20,2023,9.1,
A,NAC,D12_D4_MD5,B-S_X_O,EA20,2024,9.5,
A,NAC,D12_D4_MD5,B-S_X_O,EA20,2025,9.9,
A,NAC,D12_D4_MD5,B-S_X_O,ES,2008,5.1,
A,NAC,D12_D4_MD5,B-S_X_O,ES,2012,5.5,
A,NAC,D12_D4_MD5,B-S_X_O,ES,2016,5.4,
A,NAC,D12_D4_MD5,B-S_X_O,ES,2020,6,
A,NAC,D12_D4_MD5,B-S_X_O,ES,2021,6,
A,NAC,D12_D4_MD5,B-S_X_O,ES,2022,6,
A,NAC,D12_D4_MD5,B-S_X_O,ES,2023,6.4,
A,NAC,D12_D4_MD5,B-S_X_O,ES,2024,6.7,
A,NAC,D12_D4_MD5,B-S_X_O,ES,2025,6.9,
A,NAC,D12_D4_MD5,B-S_X_O,FI,2008,6.2,
A,NAC,D12_D4_MD5,B-S_X_O,FI,2012,6.9,
A,NAC,D12_D4_MD5,B-S_X_O,FI,2016,7.6,
A,NAC,D12_D4_MD5,B-S_X_O,FI,2020,6.6,
A,NAC,D12_D4_MD5,B-S_X_O,FI,2021,6.2,p
A,NAC,D12_D4_MD5,B-S_X_O,FI,2022,6.4,p
A,NAC,D12_D4_MD5,B-S_X_O,FI,2023,6.6,p
A,NAC,D12_D4_MD5,B-S_X_O,FI,2024,6.5,p
A,NAC,D12_D4_MD5,B-S_X_O,FI,2025,6.8,
A,NAC,D12_D4_MD5,B-S_X_O,FR,2008,10.3,d
A,NAC,D12_D4_MD5,B-S_X_O,FR,2012,11.9,
A,NAC,D12_D4_MD5,B-S_X_O,FR,2016,11.4,
A,NAC,D12_D4_MD5,B-S_X_O,FR,2020,12.5,
A,NAC,D12_D4_MD5,B-S_X_O,FR,2021,12.5,
A,NAC,D12_D4_MD5,B-S_X_O,FR,2022,12.9,
A,NAC,D12_D4_MD5,B-S_X_O,FR,2023,13.3,
A,NAC,D12_D4_MD5,B-S_X_O,FR,2024,13.9,
A,NAC,D12_D4_MD5,B-S_X_O,FR,2025,14.3,
A,NAC,D12_D4_MD5,B-S_X_O,IT,2008,7,
A,NAC,D12_D4_MD5,B-S_X_O,IT,2012,7.8,
A,NAC,D12_D4_MD5,B-S_X_O,IT,2016,7.7,
A,NAC,D12_D4_MD5,B-S_X_O,IT,2020,8.2,
A,NAC,D12_D4_MD5,B-S_X_O,IT,2021,8,
A,NAC,D12_D4_MD5,B-S_X_O,IT,2022,8.1,
A,NAC,D12_D4_MD5,B-S_X_O,IT,2023,8.4,
A,NAC,D12_D4_MD5,B-S_X_O,IT,2024,8.6,
A,NAC,D12_D4_MD5,B-S_X_O,IT,2025,9,
A,NAC,D12_D4_MD5,B-S_X_O,NL,2008,6.9,
A,NAC,D12_D4_MD5,B-S_X_O,NL,2012,7.7,
A,NAC,D12_D4_MD5,B-S_X_O,NL,2016,8.1,
A,NAC,D12_D4_MD5,B-S_X_O,NL,2020,8,
A,NAC,D12_D4_MD5,B-S_X_O,NL,2021,8.5,
A,NAC,D12_D4_MD5,B-S_X_O,NL,2022,9.8,
A,NAC,D12_D4_MD5,B-S_X_O,NL,2023,10.4,
A,NAC,D12_D4_MD5,B-S_X_O,NL,2024,11,
A,NAC,D12_D4_MD5,B-S_X_O,NL,2025,11.8,
A,NAC,D12_D4_MD5,B-S_X_O,PL,2008,4.8,
A,NAC,D12_D4_MD5,B-S_X_O,PL,2012,6,
A,NAC,D12_D4_MD5,B-S_X_O,PL,2016,7,
A,NAC,D12_D4_MD5,B-S_X_O,PL,2020,8.8,
A,NAC,D12_D4_MD5,B-S_X_O,PL,2021,9.5,
A,NAC,D12_D4_MD5,B-S_X_O,PL,2022,10.6,
A,NAC,D12_D4_MD5,B-S_X_O,PL,2023,11.9,
A,NAC,D12_D4_MD5,B-S_X_O,PL,2024,13.4,
A,NAC,D12_D4_MD5,B-S_X_O,PL,2025,14.6,
A,NAC,D12_D4_MD5,B-S_X_O,PT,2008,2.3,
A,NAC,D12_D4_MD5,B-S_X_O,PT,2012,2.6,
A,NAC,D12_D4_MD5,B-S_X_O,PT,2016,2.8,
A,NAC,D12_D4_MD5,B-S_X_O,PT,2020,2.8,
A,NAC,D12_D4_MD5,B-S_X_O,PT,2021,2.9,
A,NAC,D12_D4_MD5,B-S_X_O,PT,2022,3.1,
A,NAC,D12_D4_MD5,B-S_X_O,PT,2023,3.3,
A,NAC,D12_D4_MD5,B-S_X_O,PT,2024,3.5,
A,NAC,D12_D4_MD5,B-S_X_O,PT,2025,3.8,
A,NAC,D12_D4_MD5,B-S_X_O,SE,2008,100.2,
A,NAC,D12_D4_MD5,B-S_X_O,SE,2012,103.1,
A,NAC,D12_D4_MD5,B-S_X_O,SE,2016,113.9,
A,NAC,D12_D4_MD5,B-S_X_O,SE,2020,123.6,
A,NAC,D12_D4_MD5,B-S_X_O,SE,2021,132,
A,NAC,D12_D4_MD5,B-S_X_O,SE,2022,136.3,
A,NAC,D12_D4_MD5,B-S_X_O,SE,2023,141.6,
A,NAC,D12_D4_MD5,B-S_X_O,SE,2024,145.4,
A,NAC,D12_D4_MD5,B-S_X_O,SE,2025,151.2,
A,NAC,D12_D4_MD5,B-S_X_O,UK,2008,2.9,d
A,NAC,D12_D4_MD5,B-S_X_O,UK,2012,3.3,
A,NAC,D12_D4_MD5,B-S_X_O,UK,2016,3.9,
A,NAC,D12_D4_MD5,C,DE,2008,7.1,
A,NAC,D12_D4_MD5,C,DE,2012,7.7,
A,NAC,D12_D4_MD5,C,DE,2016,8.3,
A,NAC,D12_D4_MD5,C,DE,2020,9.4,
A,NAC,D12_D4_MD5,C,DE,2021,9.4,
A,NAC,D12_D4_MD5,C,DE,2022,10.5,
A,NAC,D12_D4_MD5,C,DE,2023,11.1,
A,NAC,D12_D4_MD5,C,DE,2024,11.5,
A,NAC,D12_D4_MD5,C,DE,2025,11.7,
A,NAC,D12_D4_MD5,C,EA19,2008,7,
A,NAC,D12_D4_MD5,C,EA19,2012,7.8,d
A,NAC,D12_D4_MD5,C,EA19,2016,7.9,
A,NAC,D12_D4_MD5,C,EA19,2020,8.6,
A,NAC,D12_D4_MD5,C,EA19,2021,8.6,
A,NAC,D12_D4_MD5,C,EA19,2022,9.3,
A,NAC,D12_D4_MD5,C,EA19,2023,9.7,
A,NAC,D12_D4_MD5,C,EA19,2024,10.1,
A,NAC,D12_D4_MD5,C,EA20,2008,6.9,
A,NAC,D12_D4_MD5,C,EA20,2012,7.7,d
A,NAC,D12_D4_MD5,C,EA20,2016,7.8,
A,NAC,D12_D4_MD5,C,EA20,2020,8.5,
A,NAC,D12_D4_MD5,C,EA20,2021,8.5,
A,NAC,D12_D4_MD5,C,EA20,2022,9.1,
A,NAC,D12_D4_MD5,C,EA20,2023,9.6,
A,NAC,D12_D4_MD5,C,EA20,2024,10.1,
A,NAC,D12_D4_MD5,C,EA20,2025,10.4,
A,NAC,D12_D4_MD5,C,ES,2008,5.4,
A,NAC,D12_D4_MD5,C,ES,2012,6,
A,NAC,D12_D4_MD5,C,ES,2016,5.8,
A,NAC,D12_D4_MD5,C,ES,2020,6.6,
A,NAC,D12_D4_MD5,C,ES,2021,6.5,
A,NAC,D12_D4_MD5,C,ES,2022,6.5,
A,NAC,D12_D4_MD5,C,ES,2023,7,
A,NAC,D12_D4_MD5,C,ES,2024,7.3,
A,NAC,D12_D4_MD5,C,ES,2025,7.7,
A,NAC,D12_D4_MD5,C,FI,2008,7,
A,NAC,D12_D4_MD5,C,FI,2012,7.5,
A,NAC,D12_D4_MD5,C,FI,2016,8.1,
A,NAC,D12_D4_MD5,C,FI,2020,6.7,
A,NAC,D12_D4_MD5,C,FI,2021,6.8,p
A,NAC,D12_D4_MD5,C,FI,2022,7.1,p
A,NAC,D12_D4_MD5,C,FI,2023,7.5,p
A,NAC,D12_D4_MD5,C,FI,2024,7.3,p
A,NAC,D12_D4_MD5,C,FI,2025,7.6,
A,NAC,D12_D4_MD5,C,FR,2008,10.9,
A,NAC,D12_D4_MD5,C,FR,2012,12.1,
A,NAC,D12_D4_MD5,C,FR,2016,11.7,
A,NAC,D12_D4_MD5,C,FR,2020,13.2,
A,NAC,D12_D4_MD5,C,FR,2021,13,
A,NAC,D12_D4_MD5,C,FR,2022,13.3,
A,NAC,D12_D4_MD5,C,FR,2023,13.7,
A,NAC,D12_D4_MD5,C,FR,2024,14.4,
A,NAC,D12_D4_MD5,C,FR,2025,15,
A,NAC,D12_D4_MD5,C,IT,2008,7,
A,NAC,D12_D4_MD5,C,IT,2012,7.6,
A,NAC,D12_D4_MD5,C,IT,2016,7.6,
A,NAC,D12_D4_MD5,C,IT,2020,8.4,
A,NAC,D12_D4_MD5,C,IT,2021,8.1,
A,NAC,D12_D4_MD5,C,IT,2022,8.4,
A,NAC,D12_D4_MD5,C,IT,2023,8.8,
A,NAC,D12_D4_MD5,C,IT,2024,9.1,
A,NAC,D12_D4_MD5,C,IT,2025,9.5,
A,NAC,D12_D4_MD5,C,NL,2008,7,
A,NAC,D12_D4_MD5,C,NL,2012,7.9,
A,NAC,D12_D4_MD5,C,NL,2016,8,
A,NAC,D12_D4_MD5,C,NL,2020,8.1,
A,NAC,D12_D4_MD5,C,NL,2021,8.5,
A,NAC,D12_D4_MD5,C,NL,2022,9.6,
A,NAC,D12_D4_MD5,C,NL,2023,10.3,
A,NAC,D12_D4_MD5,C,NL,2024,10.9,
A,NAC,D12_D4_MD5,C,NL,2025,,
A,NAC,D12_D4_MD5,C,PL,2008,4.3,
A,NAC,D12_D4_MD5,C,PL,2012,5.3,
A,NAC,D12_D4_MD5,C,PL,2016,6.4,
A,NAC,D12_D4_MD5,C,PL,2020,8.1,
A,NAC,D12_D4_MD5,C,PL,2021,8.7,
A,NAC,D12_D4_MD5,C,PL,2022,9.7,
A,NAC,D12_D4_MD5,C,PL,2023,10.8,
A,NAC,D12_D4_MD5,C,PL,2024,12.1,
A,NAC,D12_D4_MD5,C,PL,2025,13.1,
A,NAC,D12_D4_MD5,C,PT,2008,2,
A,NAC,D12_D4_MD5,C,PT,2012,2.2,
A,NAC,D12_D4_MD5,C,PT,2016,2.2,
A,NAC,D12_D4_MD5,C,PT,2020,2.3,
A,NAC,D12_D4_MD5,C,PT,2021,2.4,
A,NAC,D12_D4_MD5,C,PT,2022,2.6,
A,NAC,D12_D4_MD5,C,PT,2023,2.7,
A,NAC,D12_D4_MD5,C,PT,2024,2.9,
A,NAC,D12_D4_MD5,C,PT,2025,3.1,
A,NAC,D12_D4_MD5,C,SE,2008,112.1,
A,NAC,D12_D4_MD5,C,SE,2012,115.9,
A,NAC,D12_D4_MD5,C,SE,2016,131.8,
A,NAC,D12_D4_MD5,C,SE,2020,139.2,
A,NAC,D12_D4_MD5,C,SE,2021,150.2,
A,NAC,D12_D4_MD5,C,SE,2022,155.3,
A,NAC,D12_D4_MD5,C,SE,2023,157.4,
A,NAC,D12_D4_MD5,C,SE,2024,164.5,
A,NAC,D12_D4_MD5,C,SE,2025,168.9,
A,NAC,D12_D4_MD5,C,UK,2008,2.8,
A,NAC,D12_D4_MD5,C,UK,2012,3.1,
A,NAC,D12_D4_MD5,C,UK,2016,3.6,
A,NAC,D12_D4_MD5,P,DE,2008,9,
A,NAC,D12_D4_MD5,P,DE,2012,9.9,
A,NAC,D12_D4_MD5,P,DE,2016,10.7,
A,NAC,D12_D4_MD5,P,DE,2020,11.9,
A,NAC,D12_D4_MD5,P,DE,2021,12.1,
A,NAC,D12_D4_MD5,P,DE,2022,12.8,
A,NAC,D12_D4_MD5,P,DE,2023,13.1,
A,NAC,D12_D4_MD5,P,DE,2024,13.7,
A,NAC,D12_D4_MD5,P,DE,2025,14.4,
A,NAC,D12_D4_MD5,P,EA19,2008,9.2,d
A,NAC,D12_D4_MD5,P,EA19,2012,9.6,d
A,NAC,D12_D4_MD5,P,EA19,2016,10.3,
A,NAC,D12_D4_MD5,P,EA19,2020,10.7,
A,NAC,D12_D4_MD5,P,EA19,2021,10.7,
A,NAC,D12_D4_MD5,P,EA19,2022,11.1,
A,NAC,D12_D4_MD5,P,EA19,2023,11.5,
A,NAC,D12_D4_MD5,P,EA19,2024,12,
A,NAC,D12_D4_MD5,P,EA20,2008,9.1,d
A,NAC,D12_D4_MD5,P,EA20,2012,9.5,d
A,NAC,D12_D4_MD5,P,EA20,2016,10.1,
A,NAC,D12_D4_MD5,P,EA20,2020,10.6,
A,NAC,D12_D4_MD5,P,EA20,2021,10.6,
A,NAC,D12_D4_MD5,P,EA20,2022,10.9,
A,NAC,D12_D4_MD5,P,EA20,2023,11.4,
A,NAC,D12_D4_MD5,P,EA20,2024,11.8,
A,NAC,D12_D4_MD5,P,EA20,2025,12.1,
A,NAC,D12_D4_MD5,P,ES,2008,5.9,
A,NAC,D12_D4_MD5,P,ES,2012,5.9,
A,NAC,D12_D4_MD5,P,ES,2016,6,
A,NAC,D12_D4_MD5,P,ES,2020,6.5,
A,NAC,D12_D4_MD5,P,ES,2021,6.4,
A,NAC,D12_D4_MD5,P,ES,2022,6.6,
A,NAC,D12_D4_MD5,P,ES,2023,6.9,
A,NAC,D12_D4_MD5,P,ES,2024,7,
A,NAC,D12_D4_MD5,P,ES,2025,7.3,
A,NAC,D12_D4_MD5,P,FI,2008,5.6,
A,NAC,D12_D4_MD5,P,FI,2012,7.7,
A,NAC,D12_D4_MD5,P,FI,2016,9,
A,NAC,D12_D4_MD5,P,FI,2020,7.3,
A,NAC,D12_D4_MD5,P,FI,2021,6.5,p
A,NAC,D12_D4_MD5,P,FI,2022,6.6,p
A,NAC,D12_D4_MD5,P,FI,2023,6.8,p
A,NAC,D12_D4_MD5,P,FI,2024,6.8,p
A,NAC,D12_D4_MD5,P,FI,2025,7,
A,NAC,D12_D4_MD5,P,FR,2012,16.7,
A,NAC,D12_D4_MD5,P,FR,2016,17.8,
A,NAC,D12_D4_MD5,P,FR,2020,19,
A,NAC,D12_D4_MD5,P,FR,2021,,
A,NAC,D12_D4_MD5,P,FR,2022,,
A,NAC,D12_D4_MD5,P,FR,2023,,
A,NAC,D12_D4_MD5,P,FR,2024,,
A,NAC,D12_D4_MD5,P,FR,2025,,
A,NAC,D12_D4_MD5,P,IT,2008,6.9,
A,NAC,D12_D4_MD5,P,IT,2012,12.1,
A,NAC,D12_D4_MD5,P,IT,2016,10.9,
A,NAC,D12_D4_MD5,P,IT,2020,9.6,
A,NAC,D12_D4_MD5,P,IT,2021,9.6,
A,NAC,D12_D4_MD5,P,IT,2022,9.5,
A,NAC,D12_D4_MD5,P,IT,2023,9.5,
A,NAC,D12_D4_MD5,P,IT,2024,9.7,
A,NAC,D12_D4_MD5,P,IT,2025,9.8,
A,NAC,D12_D4_MD5,P,NL,2008,9.7,
A,NAC,D12_D4_MD5,P,NL,2012,10.7,
A,NAC,D12_D4_MD5,P,NL,2016,11.1,
A,NAC,D12_D4_MD5,P,NL,2020,13,
A,NAC,D12_D4_MD5,P,NL,2021,13,
A,NAC,D12_D4_MD5,P,NL,2022,14.3,
A,NAC,D12_D4_MD5,P,NL,2023,14.8,
A,NAC,D12_D4_MD5,P,NL,2024,15.2,
A,NAC,D12_D4_MD5,P,NL,2025,,
A,NAC,D12_D4_MD5,P,PL,2008,6.2,
A,NAC,D12_D4_MD5,P,PL,2012,9.1,
A,NAC,D12_D4_MD5,P,PL,2016,10,
A,NAC,D12_D4_MD5,P,PL,2020,11.7,
A,NAC,D12_D4_MD5,P,PL,2021,12.4,
A,NAC,D12_D4_MD5,P,PL,2022,13.1,
A,NAC,D12_D4_MD5,P,PL,2023,14.7,
A,NAC,D12_D4_MD5,P,PL,2024,18.2,
A,NAC,D12_D4_MD5,P,PL,2025,19.6,
A,NAC,D12_D4_MD5,P,PT,2008,2.6,
A,NAC,D12_D4_MD5,P,PT,2012,2.7,
A,NAC,D12_D4_MD5,P,PT,2016,3.9,
A,NAC,D12_D4_MD5,P,PT,2020,4.1,
A,NAC,D12_D4_MD5,P,PT,2021,4.2,
A,NAC,D12_D4_MD5,P,PT,2022,4.4,
A,NAC,D12_D4_MD5,P,PT,2023,4.8,
A,NAC,D12_D4_MD5,P,PT,2024,5,
A,NAC,D12_D4_MD5,P,PT,2025,5.3,
A,NAC,D12_D4_MD5,P,SE,2008,81.3,
A,NAC,D12_D4_MD5,P,SE,2012,80.4,
A,NAC,D12_D4_MD5,P,SE,2016,88.3,
A,NAC,D12_D4_MD5,P,SE,2020,101,
A,NAC,D12_D4_MD5,P,SE,2021,106.5,
A,NAC,D12_D4_MD5,P,SE,2022,107.8,
A,NAC,D12_D4_MD5,P,SE,2023,116.3,
A,NAC,D12_D4_MD5,P,SE,2024,115.1,
A,NAC,D12_D4_MD5,P,SE,2025,119.4,
A,NAC,D12_D4_MD5,P,UK,2008,4,
A,NAC,D12_D4_MD5,P,UK,2012,5,
A,NAC,D12_D4_MD5,P,UK,2016,6.9,
A,NAC,D1_D4_MD5,B-E,DE,2008,32.5,
A,NAC,D1_D4_MD5,B-E,DE,2012,35.2,
A,NAC,D1_D4_MD5,B-E,DE,2016,38.4,
A,NAC,D1_D4_MD5,B-E,DE,2020,42.1,
A,NAC,D1_D4_MD5,B-E,DE,2021,42.2,
A,NAC,D1_D4_MD5,B-E,DE,2022,44.5,
A,NAC,D1_D4_MD5,B-E,DE,2023,46.8,
A,NAC,D1_D4_MD5,B-E,DE,2024,48.8,
A,NAC,D1_D4_MD5,B-E,DE,2025,49.8,
A,NAC,D1_D4_MD5,B-E,EA19,2008,26.9,
A,NAC,D1_D4_MD5,B-E,EA19,2012,30.5,
A,NAC,D1_D4_MD5,B-E,EA19,2016,31.9,
A,NAC,D1_D4_MD5,B-E,EA19,2020,34.9,
A,NAC,D1_D4_MD5,B-E,EA19,2021,35,
A,NAC,D1_D4_MD5,B-E,EA19,2022,36.6,
A,NAC,D1_D4_MD5,B-E,EA19,2023,38.4,
A,NAC,D1_D4_MD5,B-E,EA19,2024,40.1,
A,NAC,D1_D4_MD5,B-E,EA20,2008,26.9,
A,NAC,D1_D4_MD5,B-E,EA20,2012,30.2,
A,NAC,D1_D4_MD5,B-E,EA20,2016,31.6,
A,NAC,D1_D4_MD5,B-E,EA20,2020,34.5,
A,NAC,D1_D4_MD5,B-E,EA20,2021,34.6,
A,NAC,D1_D4_MD5,B-E,EA20,2022,36.2,
A,NAC,D1_D4_MD5,B-E,EA20,2023,38.1,
A,NAC,D1_D4_MD5,B-E,EA20,2024,39.8,
A,NAC,D1_D4_MD5,B-E,EA20,2025,41,
A,NAC,D1_D4_MD5,B-E,ES,2008,20.8,
A,NAC,D1_D4_MD5,B-E,ES,2012,23,
A,NAC,D1_D4_MD5,B-E,ES,2016,23.2,
A,NAC,D1_D4_MD5,B-E,ES,2020,24.8,
A,NAC,D1_D4_MD5,B-E,ES,2021,24.6,
A,NAC,D1_D4_MD5,B-E,ES,2022,25.1,
A,NAC,D1_D4_MD5,B-E,ES,2023,26.5,
A,NAC,D1_D4_MD5,B-E,ES,2024,27.7,
A,NAC,D1_D4_MD5,B-E,ES,2025,28.7,
A,NAC,D1_D4_MD5,B-E,FI,2008,30,
A,NAC,D1_D4_MD5,B-E,FI,2012,35,
A,NAC,D1_D4_MD5,B-E,FI,2016,37.1,
A,NAC,D1_D4_MD5,B-E,FI,2020,37.1,
A,NAC,D1_D4_MD5,B-E,FI,2021,38.7,p
A,NAC,D1_D4_MD5,B-E,FI,2022,40.0,p
A,NAC,D1_D4_MD5,B-E,FI,2023,41.3,p
A,NAC,D1_D4_MD5,B-E,FI,2024,42.0,p
A,NAC,D1_D4_MD5,B-E,FI,2025,43.5,
A,NAC,D1_D4_MD5,B-E,FR,2008,33.1,
A,NAC,D1_D4_MD5,B-E,FR,2012,36.4,
A,NAC,D1_D4_MD5,B-E,FR,2016,36.8,
A,NAC,D1_D4_MD5,B-E,FR,2020,41.9,
A,NAC,D1_D4_MD5,B-E,FR,2021,41.8,
A,NAC,D1_D4_MD5,B-E,FR,2022,43,
A,NAC,D1_D4_MD5,B-E,FR,2023,44.7,
A,NAC,D1_D4_MD5,B-E,FR,2024,46.3,
A,NAC,D1_D4_MD5,B-E,FR,2025,47.7,
A,NAC,D1_D4_MD5,B-E,IT,2008,24.2,
A,NAC,D1_D4_MD5,B-E,IT,2012,27.2,
A,NAC,D1_D4_MD5,B-E,IT,2016,27.5,
A,NAC,D1_D4_MD5,B-E,IT,2020,29.2,
A,NAC,D1_D4_MD5,B-E,IT,2021,28.6,
A,NAC,D1_D4_MD5,B-E,IT,2022,29.5,
A,NAC,D1_D4_MD5,B-E,IT,2023,30.7,
A,NAC,D1_D4_MD5,B-E,IT,2024,32,
A,NAC,D1_D4_MD5,B-E,IT,2025,33,
A,NAC,D1_D4_MD5,B-E,NL,2008,30.8,
A,NAC,D1_D4_MD5,B-E,NL,2012,33.9,
A,NAC,D1_D4_MD5,B-E,NL,2016,36.7,
A,NAC,D1_D4_MD5,B-E,NL,2020,40.1,
A,NAC,D1_D4_MD5,B-E,NL,2021,40.5,
A,NAC,D1_D4_MD5,B-E,NL,2022,42.6,
A,NAC,D1_D4_MD5,B-E,NL,2023,45.4,
A,NAC,D1_D4_MD5,B-E,NL,2024,47.8,
A,NAC,D1_D4_MD5,B-E,NL,2025,50.7,
A,NAC,D1_D4_MD5,B-E,PL,2008,26.4,
A,NAC,D1_D4_MD5,B-E,PL,2012,32.4,
A,NAC,D1_D4_MD5,B-E,PL,2016,37,
A,NAC,D1_D4_MD5,B-E,PL,2020,47.6,
A,NAC,D1_D4_MD5,B-E,PL,2021,51.2,
A,NAC,D1_D4_MD5,B-E,PL,2022,57.3,
A,NAC,D1_D4_MD5,B-E,PL,2023,64.1,
A,NAC,D1_D4_MD5,B-E,PL,2024,71.3,
A,NAC,D1_D4_MD5,B-E,PL,2025,77,
A,NAC,D1_D4_MD5,B-E,PT,2008,10.2,
A,NAC,D1_D4_MD5,B-E,PT,2012,11,
A,NAC,D1_D4_MD5,B-E,PT,2016,11.1,
A,NAC,D1_D4_MD5,B-E,PT,2020,13,
A,NAC,D1_D4_MD5,B-E,PT,2021,13.3,
A,NAC,D1_D4_MD5,B-E,PT,2022,14,
A,NAC,D1_D4_MD5,B-E,PT,2023,14.8,
A,NAC,D1_D4_MD5,B-E,PT,2024,16,
A,NAC,D1_D4_MD5,B-E,PT,2025,16.8,
A,NAC,D1_D4_MD5,B-E,SE,2008,333.5,
A,NAC,D1_D4_MD5,B-E,SE,2012,362.9,
A,NAC,D1_D4_MD5,B-E,SE,2016,402.7,
A,NAC,D1_D4_MD5,B-E,SE,2020,443.9,
A,NAC,D1_D4_MD5,B-E,SE,2021,465.5,
A,NAC,D1_D4_MD5,B-E,SE,2022,478.3,
A,NAC,D1_D4_MD5,B-E,SE,2023,496,
A,NAC,D1_D4_MD5,B-E,SE,2024,513.4,
A,NAC,D1_D4_MD5,B-E,SE,2025,527.5,
A,NAC,D1_D4_MD5,B-E,UK,2016,22.6,
A,NAC,D1_D4_MD5,B-N,DE,2008,28.4,
A,NAC,D1_D4_MD5,B-N,DE,2012,30.9,
A,NAC,D1_D4_MD5,B-N,DE,2016,33.1,
A,NAC,D1_D4_MD5,B-N,DE,2020,37.2,
A,NAC,D1_D4_MD5,B-N,DE,2021,37.6,
A,NAC,D1_D4_MD5,B-N,DE,2022,40.2,
A,NAC,D1_D4_MD5,B-N,DE,2023,42.1,
A,NAC,D1_D4_MD5,B-N,DE,2024,44.2,
A,NAC,D1_D4_MD5,B-N,DE,2025,45.7,
A,NAC,D1_D4_MD5,B-N,EA19,2008,25.1,
A,NAC,D1_D4_MD5,B-N,EA19,2012,28.3,
A,NAC,D1_D4_MD5,B-N,EA19,2016,29.3,
A,NAC,D1_D4_MD5,B-N,EA19,2020,32.2,
A,NAC,D1_D4_MD5,B-N,EA19,2021,32.5,
A,NAC,D1_D4_MD5,B-N,EA19,2022,34.2,
A,NAC,D1_D4_MD5,B-N,EA19,2023,35.9,
A,NAC,D1_D4_MD5,B-N,EA19,2024,37.5,
A,NAC,D1_D4_MD5,B-N,EA20,2008,25.1,
A,NAC,D1_D4_MD5,B-N,EA20,2012,28.1,
A,NAC,D1_D4_MD5,B-N,EA20,2016,29,
A,NAC,D1_D4_MD5,B-N,EA20,2020,31.9,
A,NAC,D1_D4_MD5,B-N,EA20,2021,32.2,
A,NAC,D1_D4_MD5,B-N,EA20,2022,33.8,
A,NAC,D1_D4_MD5,B-N,EA20,2023,35.6,
A,NAC,D1_D4_MD5,B-N,EA20,2024,37.2,
A,NAC,D1_D4_MD5,B-N,EA20,2025,38.6,
A,NAC,D1_D4_MD5,B-N,ES,2008,18.9,
A,NAC,D1_D4_MD5,B-N,ES,2012,20.9,
A,NAC,D1_D4_MD5,B-N,ES,2016,20.7,
A,NAC,D1_D4_MD5,B-N,ES,2020,22.5,
A,NAC,D1_D4_MD5,B-N,ES,2021,22.4,
A,NAC,D1_D4_MD5,B-N,ES,2022,22.7,
A,NAC,D1_D4_MD5,B-N,ES,2023,23.9,
A,NAC,D1_D4_MD5,B-N,ES,2024,25,
A,NAC,D1_D4_MD5,B-N,ES,2025,26,
A,NAC,D1_D4_MD5,B-N,FI,2008,27.6,
A,NAC,D1_D4_MD5,B-N,FI,2012,31.9,
A,NAC,D1_D4_MD5,B-N,FI,2016,34.3,
A,NAC,D1_D4_MD5,B-N,FI,2020,34.8,
A,NAC,D1_D4_MD5,B-N,FI,2021,36.4,p
A,NAC,D1_D4_MD5,B-N,FI,2022,37.1,p
A,NAC,D1_D4_MD5,B-N,FI,2023,38.4,p
A,NAC,D1_D4_MD5,B-N,FI,2024,39.1,p
A,NAC,D1_D4_MD5,B-N,FI,2025,40.6,
A,NAC,D1_D4_MD5,B-N,FR,2008,31.8,
A,NAC,D1_D4_MD5,B-N,FR,2012,34.8,
A,NAC,D1_D4_MD5,B-N,FR,2016,35.2,
A,NAC,D1_D4_MD5,B-N,FR,2020,39.2,
A,NAC,D1_D4_MD5,B-N,FR,2021,39.2,
A,NAC,D1_D4_MD5,B-N,FR,2022,40.6,
A,NAC,D1_D4_MD5,B-N,FR,2023,42.1,
A,NAC,D1_D4_MD5,B-N,FR,2024,43.5,
A,NAC,D1_D4_MD5,B-N,FR,2025,44.7,
A,NAC,D1_D4_MD5,B-N,IT,2008,24.5,
A,NAC,D1_D4_MD5,B-N,IT,2012,26.6,
A,NAC,D1_D4_MD5,B-N,IT,2016,26.7,
A,NAC,D1_D4_MD5,B-N,IT,2020,28.2,
A,NAC,D1_D4_MD5,B-N,IT,2021,27.9,
A,NAC,D1_D4_MD5,B-N,IT,2022,28.5,
A,NAC,D1_D4_MD5,B-N,IT,2023,29.3,
A,NAC,D1_D4_MD5,B-N,IT,2024,30.3,
A,NAC,D1_D4_MD5,B-N,IT,2025,31.5,
A,NAC,D1_D4_MD5,B-N,NL,2008,29.2,
A,NAC,D1_D4_MD5,B-N,NL,2012,31.9,
A,NAC,D1_D4_MD5,B-N,NL,2016,33.3,
A,NAC,D1_D4_MD5,B-N,NL,2020,36.2,
A,NAC,D1_D4_MD5,B-N,NL,2021,36.8,
A,NAC,D1_D4_MD5,B-N,NL,2022,38.7,
A,NAC,D1_D4_MD5,B-N,NL,2023,41.3,
A,NAC,D1_D4_MD5,B-N,NL,2024,43.5,
A,NAC,D1_D4_MD5,B-N,NL,2025,46.2,
A,NAC,D1_D4_MD5,B-N,PL,2008,26.3,
A,NAC,D1_D4_MD5,B-N,PL,2012,31.8,
A,NAC,D1_D4_MD5,B-N,PL,2016,37.1,
A,NAC,D1_D4_MD5,B-N,PL,2020,47.1,
A,NAC,D1_D4_MD5,B-N,PL,2021,50.9,
A,NAC,D1_D4_MD5,B-N,PL,2022,57.4,
A,NAC,D1_D4_MD5,B-N,PL,2023,64.3,
A,NAC,D1_D4_MD5,B-N,PL,2024,71.4,
A,NAC,D1_D4_MD5,B-N,PL,2025,77.4,
A,NAC,D1_D4_MD5,B-N,PT,2008,11.5,
A,NAC,D1_D4_MD5,B-N,PT,2012,12.9,
A,NAC,D1_D4_MD5,B-N,PT,2016,12.8,
A,NAC,D1_D4_MD5,B-N,PT,2020,14.3,
A,NAC,D1_D4_MD5,B-N,PT,2021,14.5,
A,NAC,D1_D4_MD5,B-N,PT,2022,15.3,
A,NAC,D1_D4_MD5,B-N,PT,2023,16.1,
A,NAC,D1_D4_MD5,B-N,PT,2024,17.2,
A,NAC,D1_D4_MD5,B-N,PT,2025,18.3,
A,NAC,D1_D4_MD5,B-N,SE,2008,325,
A,NAC,D1_D4_MD5,B-N,SE,2012,348.8,
A,NAC,D1_D4_MD5,B-N,SE,2016,386,
A,NAC,D1_D4_MD5,B-N,SE,2020,425.5,
A,NAC,D1_D4_MD5,B-N,SE,2021,444.1,
A,NAC,D1_D4_MD5,B-N,SE,2022,459.4,
A,NAC,D1_D4_MD5,B-N,SE,2023,475.9,
A,NAC,D1_D4_MD5,B-N,SE,2024,496.8,
A,NAC,D1_D4_MD5,B-N,SE,2025,515.3,
A,NAC,D1_D4_MD5,B-N,UK,2008,18.5,d
A,NAC,D1_D4_MD5,B-N,UK,2012,19.7,
A,NAC,D1_D4_MD5,B-N,UK,2016,21.9,
A,NAC,D1_D4_MD5,B-S_X_O,DE,2008,27.9,
A,NAC,D1_D4_MD5,B-S_X_O,DE,2012,30.5,
A,NAC,D1_D4_MD5,B-S_X_O,DE,2016,32.8,
A,NAC,D1_D4_MD5,B-S_X_O,DE,2020,36.8,
A,NAC,D1_D4_MD5,B-S_X_O,DE,2021,37.3,
A,NAC,D1_D4_MD5,B-S_X_O,DE,2022,39.6,
A,NAC,D1_D4_MD5,B-S_X_O,DE,2023,41.4,
A,NAC,D1_D4_MD5,B-S_X_O,DE,2024,43.5,
A,NAC,D1_D4_MD5,B-S_X_O,DE,2025,45,
A,NAC,D1_D4_MD5,B-S_X_O,EA19,2008,25.1,d
A,NAC,D1_D4_MD5,B-S_X_O,EA19,2012,28.3,
A,NAC,D1_D4_MD5,B-S_X_O,EA19,2016,29.4,
A,NAC,D1_D4_MD5,B-S_X_O,EA19,2020,32.4,
A,NAC,D1_D4_MD5,B-S_X_O,EA19,2021,32.7,
A,NAC,D1_D4_MD5,B-S_X_O,EA19,2022,34.3,
A,NAC,D1_D4_MD5,B-S_X_O,EA19,2023,36,
A,NAC,D1_D4_MD5,B-S_X_O,EA19,2024,37.6,
A,NAC,D1_D4_MD5,B-S_X_O,EA20,2008,25.0,d
A,NAC,D1_D4_MD5,B-S_X_O,EA20,2012,28,
A,NAC,D1_D4_MD5,B-S_X_O,EA20,2016,29.2,
A,NAC,D1_D4_MD5,B-S_X_O,EA20,2020,32.1,
A,NAC,D1_D4_MD5,B-S_X_O,EA20,2021,32.4,
A,NAC,D1_D4_MD5,B-S_X_O,EA20,2022,34,
A,NAC,D1_D4_MD5,B-S_X_O,EA20,2023,35.6,
A,NAC,D1_D4_MD5,B-S_X_O,EA20,2024,37.3,
A,NAC,D1_D4_MD5,B-S_X_O,EA20,2025,38.6,
A,NAC,D1_D4_MD5,B-S_X_O,ES,2008,19.4,
A,NAC,D1_D4_MD5,B-S_X_O,ES,2012,21.1,
A,NAC,D1_D4_MD5,B-S_X_O,ES,2016,21.2,
A,NAC,D1_D4_MD5,B-S_X_O,ES,2020,23,
A,NAC,D1_D4_MD5,B-S_X_O,ES,2021,22.9,
A,NAC,D1_D4_MD5,B-S_X_O,ES,2022,23.3,
A,NAC,D1_D4_MD5,B-S_X_O,ES,2023,24.5,
A,NAC,D1_D4_MD5,B-S_X_O,ES,2024,25.5,
A,NAC,D1_D4_MD5,B-S_X_O,ES,2025,26.4,
A,NAC,D1_D4_MD5,B-S_X_O,FI,2008,27.1,
A,NAC,D1_D4_MD5,B-S_X_O,FI,2012,31.3,
A,NAC,D1_D4_MD5,B-S_X_O,FI,2016,33.7,
A,NAC,D1_D4_MD5,B-S_X_O,FI,2020,34,
A,NAC,D1_D4_MD5,B-S_X_O,FI,2021,35.1,p
A,NAC,D1_D4_MD5,B-S_X_O,FI,2022,35.9,p
A,NAC,D1_D4_MD5,B-S_X_O,FI,2023,37.1,p
A,NAC,D1_D4_MD5,B-S_X_O,FI,2024,37.7,p
A,NAC,D1_D4_MD5,B-S_X_O,FI,2025,39.4,
A,NAC,D1_D4_MD5,B-S_X_O,FR,2008,31.2,d
A,NAC,D1_D4_MD5,B-S_X_O,FR,2012,34.3,
A,NAC,D1_D4_MD5,B-S_X_O,FR,2016,34.6,
A,NAC,D1_D4_MD5,B-S_X_O,FR,2020,38.8,
A,NAC,D1_D4_MD5,B-S_X_O,FR,2021,39.1,
A,NAC,D1_D4_MD5,B-S_X_O,FR,2022,40.4,
A,NAC,D1_D4_MD5,B-S_X_O,FR,2023,42,
A,NAC,D1_D4_MD5,B-S_X_O,FR,2024,43.4,
A,NAC,D1_D4_MD5,B-S_X_O,FR,2025,44.3,
A,NAC,D1_D4_MD5,B-S_X_O,IT,2008,25.2,
A,NAC,D1_D4_MD5,B-S_X_O,IT,2012,27.7,
A,NAC,D1_D4_MD5,B-S_X_O,IT,2016,27.6,
A,NAC,D1_D4_MD5,B-S_X_O,IT,2020,29.2,
A,NAC,D1_D4_MD5,B-S_X_O,IT,2021,28.8,
A,NAC,D1_D4_MD5,B-S_X_O,IT,2022,29.3,
A,NAC,D1_D4_MD5,B-S_X_O,IT,2023,30,
A,NAC,D1_D4_MD5,B-S_X_O,IT,2024,31,
A,NAC,D1_D4_MD5,B-S_X_O,IT,2025,32,
A,NAC,D1_D4_MD5,B-S_X_O,NL,2008,29.8,
A,NAC,D1_D4_MD5,B-S_X_O,NL,2012,32.5,
A,NAC,D1_D4_MD5,B-S_X_O,NL,2016,34.5,
A,NAC,D1_D4_MD5,B-S_X_O,NL,2020,37.7,
A,NAC,D1_D4_MD5,B-S_X_O,NL,2021,38.2,
A,NAC,D1_D4_MD5,B-S_X_O,NL,2022,40.3,
A,NAC,D1_D4_MD5,B-S_X_O,NL,2023,42.9,
A,NAC,D1_D4_MD5,B-S_X_O,NL,2024,45.2,
A,NAC,D1_D4_MD5,B-S_X_O,NL,2025,47.9,
A,NAC,D1_D4_MD5,B-S_X_O,PL,2008,26.8,
A,NAC,D1_D4_MD5,B-S_X_O,PL,2012,32.9,
A,NAC,D1_D4_MD5,B-S_X_O,PL,2016,38,
A,NAC,D1_D4_MD5,B-S_X_O,PL,2020,48.6,
A,NAC,D1_D4_MD5,B-S_X_O,PL,2021,52.6,
A,NAC,D1_D4_MD5,B-S_X_O,PL,2022,58.7,
A,NAC,D1_D4_MD5,B-S_X_O,PL,2023,66,
A,NAC,D1_D4_MD5,B-S_X_O,PL,2024,74.4,
A,NAC,D1_D4_MD5,B-S_X_O,PL,2025,80.9,
A,NAC,D1_D4_MD5,B-S_X_O,PT,2008,12.2,
A,NAC,D1_D4_MD5,B-S_X_O,PT,2012,13.3,
A,NAC,D1_D4_MD5,B-S_X_O,PT,2016,13.6,
A,NAC,D1_D4_MD5,B-S_X_O,PT,2020,15.1,
A,NAC,D1_D4_MD5,B-S_X_O,PT,2021,15.4,
A,NAC,D1_D4_MD5,B-S_X_O,PT,2022,16.1,
A,NAC,D1_D4_MD5,B-S_X_O,PT,2023,17,
A,NAC,D1_D4_MD5,B-S_X_O,PT,2024,18.2,
A,NAC,D1_D4_MD5,B-S_X_O,PT,2025,19.4,
A,NAC,D1_D4_MD5,B-S_X_O,SE,2008,304.2,
A,NAC,D1_D4_MD5,B-S_X_O,SE,2012,324.3,
A,NAC,D1_D4_MD5,B-S_X_O,SE,2016,356.6,
A,NAC,D1_D4_MD5,B-S_X_O,SE,2020,398.3,
A,NAC,D1_D4_MD5,B-S_X_O,SE,2021,413.9,
A,NAC,D1_D4_MD5,B-S_X_O,SE,2022,427.1,
A,NAC,D1_D4_MD5,B-S_X_O,SE,2023,444.7,
A,NAC,D1_D4_MD5,B-S_X_O,SE,2024,459.6,
A,NAC,D1_D4_MD5,B-S_X_O,SE,2025,477.2,
A,NAC,D1_D4_MD5,B-S_X_O,UK,2008,18.9,d
A,NAC,D1_D4_MD5,B-S_X_O,UK,2012,20.3,
A,NAC,D1_D4_MD5,B-S_X_O,UK,2016,22.9,
A,NAC,D1_D4_MD5,C,DE,2008,32.3,
A,NAC,D1_D4_MD5,C,DE,2012,35,
A,NAC,D1_D4_MD5,C,DE,2016,38.2,
A,NAC,D1_D4_MD5,C,DE,2020,42,
A,NAC,D1_D4_MD5,C,DE,2021,42.1,
A,NAC,D1_D4_MD5,C,DE,2022,44.3,
A,NAC,D1_D4_MD5,C,DE,2023,46.4,
A,NAC,D1_D4_MD5,C,DE,2024,48.5,
A,NAC,D1_D4_MD5,C,DE,2025,49.5,
A,NAC,D1_D4_MD5,C,EA19,2008,26.7,
A,NAC,D1_D4_MD5,C,EA19,2012,30.2,d
A,NAC,D1_D4_MD5,C,EA19,2016,31.6,
A,NAC,D1_D4_MD5,C,EA19,2020,34.6,
A,NAC,D1_D4_MD5,C,EA19,2021,34.7,
A,NAC,D1_D4_MD5,C,EA19,2022,36.3,
A,NAC,D1_D4_MD5,C,EA19,2023,38.1,
A,NAC,D1_D4_MD5,C,EA19,2024,39.8,
A,NAC,D1_D4_MD5,C,EA20,2008,26.6,
A,NAC,D1_D4_MD5,C,EA20,2012,29.9,d
A,NAC,D1_D4_MD5,C,EA20,2016,31.3,
A,NAC,D1_D4_MD5,C,EA20,2020,34.3,
A,NAC,D1_D4_MD5,C,EA20,2021,34.3,
A,NAC,D1_D4_MD5,C,EA20,2022,35.9,
A,NAC,D1_D4_MD5,C,EA20,2023,37.8,
A,NAC,D1_D4_MD5,C,EA20,2024,39.5,
A,NAC,D1_D4_MD5,C,EA20,2025,40.8,
A,NAC,D1_D4_MD5,C,ES,2008,20.3,
A,NAC,D1_D4_MD5,C,ES,2012,22.4,
A,NAC,D1_D4_MD5,C,ES,2016,22.6,
A,NAC,D1_D4_MD5,C,ES,2020,24.2,
A,NAC,D1_D4_MD5,C,ES,2021,24,
A,NAC,D1_D4_MD5,C,ES,2022,24.5,
A,NAC,D1_D4_MD5,C,ES,2023,25.9,
A,NAC,D1_D4_MD5,C,ES,2024,27.2,
A,NAC,D1_D4_MD5,C,ES,2025,28.2,
A,NAC,D1_D4_MD5,C,FI,2008,30.1,
A,NAC,D1_D4_MD5,C,FI,2012,35,
A,NAC,D1_D4_MD5,C,FI,2016,37.1,
A,NAC,D1_D4_MD5,C,FI,2020,36.9,
A,NAC,D1_D4_MD5,C,FI,2021,38.7,p
A,NAC,D1_D4_MD5,C,FI,2022,40.0,p
A,NAC,D1_D4_MD5,C,FI,2023,41.5,p
A,NAC,D1_D4_MD5,C,FI,2024,42.0,p
A,NAC,D1_D4_MD5,C,FI,2025,43.6,
A,NAC,D1_D4_MD5,C,FR,2008,32.8,
A,NAC,D1_D4_MD5,C,FR,2012,35.7,
A,NAC,D1_D4_MD5,C,FR,2016,36.4,
A,NAC,D1_D4_MD5,C,FR,2020,41.3,
A,NAC,D1_D4_MD5,C,FR,2021,41.1,
A,NAC,D1_D4_MD5,C,FR,2022,42.4,
A,NAC,D1_D4_MD5,C,FR,2023,44,
A,NAC,D1_D4_MD5,C,FR,2024,45.7,
A,NAC,D1_D4_MD5,C,FR,2025,47.1,
A,NAC,D1_D4_MD5,C,IT,2008,23.8,
A,NAC,D1_D4_MD5,C,IT,2012,26.8,
A,NAC,D1_D4_MD5,C,IT,2016,27.1,
A,NAC,D1_D4_MD5,C,IT,2020,28.9,
A,NAC,D1_D4_MD5,C,IT,2021,28.3,
A,NAC,D1_D4_MD5,C,IT,2022,29.2,
A,NAC,D1_D4_MD5,C,IT,2023,30.5,
A,NAC,D1_D4_MD5,C,IT,2024,31.7,
A,NAC,D1_D4_MD5,C,IT,2025,32.8,
A,NAC,D1_D4_MD5,C,NL,2008,30.3,
A,NAC,D1_D4_MD5,C,NL,2012,33.1,
A,NAC,D1_D4_MD5,C,NL,2016,35.9,
A,NAC,D1_D4_MD5,C,NL,2020,39.5,
A,NAC,D1_D4_MD5,C,NL,2021,40,
A,NAC,D1_D4_MD5,C,NL,2022,42,
A,NAC,D1_D4_MD5,C,NL,2023,44.8,
A,NAC,D1_D4_MD5,C,NL,2024,47.3,
A,NAC,D1_D4_MD5,C,NL,2025,,
A,NAC,D1_D4_MD5,C,PL,2008,23.9,
A,NAC,D1_D4_MD5,C,PL,2012,28.5,
A,NAC,D1_D4_MD5,C,PL,2016,34,
A,NAC,D1_D4_MD5,C,PL,2020,44.6,
A,NAC,D1_D4_MD5,C,PL,2021,48.2,
A,NAC,D1_D4_MD5,C,PL,2022,53.6,
A,NAC,D1_D4_MD5,C,PL,2023,59.7,
A,NAC,D1_D4_MD5,C,PL,2024,66.7,
A,NAC,D1_D4_MD5,C,PL,2025,72.4,
A,NAC,D1_D4_MD5,C,PT,2008,9.8,
A,NAC,D1_D4_MD5,C,PT,2012,10.9,
A,NAC,D1_D4_MD5,C,PT,2016,10.7,
A,NAC,D1_D4_MD5,C,PT,2020,12.7,
A,NAC,D1_D4_MD5,C,PT,2021,13.1,
A,NAC,D1_D4_MD5,C,PT,2022,13.8,
A,NAC,D1_D4_MD5,C,PT,2023,14.6,
A,NAC,D1_D4_MD5,C,PT,2024,15.7,
A,NAC,D1_D4_MD5,C,PT,2025,16.5,
A,NAC,D1_D4_MD5,C,SE,2008,331.8,
A,NAC,D1_D4_MD5,C,SE,2012,360,
A,NAC,D1_D4_MD5,C,SE,2016,400.3,
A,NAC,D1_D4_MD5,C,SE,2020,440.9,
A,NAC,D1_D4_MD5,C,SE,2021,462.2,
A,NAC,D1_D4_MD5,C,SE,2022,475.1,
A,NAC,D1_D4_MD5,C,SE,2023,492.6,
A,NAC,D1_D4_MD5,C,SE,2024,509.1,
A,NAC,D1_D4_MD5,C,SE,2025,522.5,
A,NAC,D1_D4_MD5,C,UK,2008,18.6,
A,NAC,D1_D4_MD5,C,UK,2012,19.3,
A,NAC,D1_D4_MD5,C,UK,2016,21.8,
A,NAC,D1_D4_MD5,P,DE,2008,31.4,
A,NAC,D1_D4_MD5,P,DE,2012,34.7,
A,NAC,D1_D4_MD5,P,DE,2016,36.9,
A,NAC,D1_D4_MD5,P,DE,2020,41.2,
A,NAC,D1_D4_MD5,P,DE,2021,41.7,
A,NAC,D1_D4_MD5,P,DE,2022,41.8,
A,NAC,D1_D4_MD5,P,DE,2023,42.7,
A,NAC,D1_D4_MD5,P,DE,2024,44.8,
A,NAC,D1_D4_MD5,P,DE,2025,47,
A,NAC,D1_D4_MD5,P,EA19,2008,34.4,d
A,NAC,D1_D4_MD5,P,EA19,2012,32.3,d
A,NAC,D1_D4_MD5,P,EA19,2016,34.5,
A,NAC,D1_D4_MD5,P,EA19,2020,37,
A,NAC,D1_D4_MD5,P,EA19,2021,37.2,
A,NAC,D1_D4_MD5,P,EA19,2022,37.9,
A,NAC,D1_D4_MD5,P,EA19,2023,39.4,
A,NAC,D1_D4_MD5,P,EA19,2024,41.1,
A,NAC,D1_D4_MD5,P,EA20,2008,34.2,d
A,NAC,D1_D4_MD5,P,EA20,2012,31.9,d
A,NAC,D1_D4_MD5,P,EA20,2016,34.1,
A,NAC,D1_D4_MD5,P,EA20,2020,36.6,
A,NAC,D1_D4_MD5,P,EA20,2021,36.8,
A,NAC,D1_D4_MD5,P,EA20,2022,37.4,
A,NAC,D1_D4_MD5,P,EA20,2023,39,
A,NAC,D1_D4_MD5,P,EA20,2024,40.8,
A,NAC,D1_D4_MD5,P,EA20,2025,42,
A,NAC,D1_D4_MD5,P,ES,2008,23.4,
A,NAC,D1_D4_MD5,P,ES,2012,23.7,
A,NAC,D1_D4_MD5,P,ES,2016,24.2,
A,NAC,D1_D4_MD5,P,ES,2020,25.6,
A,NAC,D1_D4_MD5,P,ES,2021,25.2,
A,NAC,D1_D4_MD5,P,ES,2022,26.2,
A,NAC,D1_D4_MD5,P,ES,2023,27.2,
A,NAC,D1_D4_MD5,P,ES,2024,27.9,
A,NAC,D1_D4_MD5,P,ES,2025,28.7,
A,NAC,D1_D4_MD5,P,FI,2008,28.7,
A,NAC,D1_D4_MD5,P,FI,2012,34.3,
A,NAC,D1_D4_MD5,P,FI,2016,38.3,
A,NAC,D1_D4_MD5,P,FI,2020,37.6,
A,NAC,D1_D4_MD5,P,FI,2021,36.4,p
A,NAC,D1_D4_MD5,P,FI,2022,37.5,p
A,NAC,D1_D4_MD5,P,FI,2023,38.8,p
A,NAC,D1_D4_MD5,P,FI,2024,40.0,p
A,NAC,D1_D4_MD5,P,FI,2025,41.1,
A,NAC,D1_D4_MD5,P,FR,2012,39,
A,NAC,D1_D4_MD5,P,FR,2016,41.5,
A,NAC,D1_D4_MD5,P,FR,2020,45.3,
A,NAC,D1_D4_MD5,P,FR,2021,,
A,NAC,D1_D4_MD5,P,FR,2022,,
A,NAC,D1_D4_MD5,P,FR,2023,,
A,NAC,D1_D4_MD5,P,FR,2024,,
A,NAC,D1_D4_MD5,P,FR,2025,,
A,NAC,D1_D4_MD5,P,IT,2008,28.5,
A,NAC,D1_D4_MD5,P,IT,2012,39.1,
A,NAC,D1_D4_MD5,P,IT,2016,37.2,
A,NAC,D1_D4_MD5,P,IT,2020,36.1,
A,NAC,D1_D4_MD5,P,IT,2021,36.2,
A,NAC,D1_D4_MD5,P,IT,2022,36,
A,NAC,D1_D4_MD5,P,IT,2023,36.4,
A,NAC,D1_D4_MD5,P,IT,2024,37.7,
A,NAC,D1_D4_MD5,P,IT,2025,38.1,
A,NAC,D1_D4_MD5,P,NL,2008,36.7,
A,NAC,D1_D4_MD5,P,NL,2012,40.7,
A,NAC,D1_D4_MD5,P,NL,2016,43.6,
A,NAC,D1_D4_MD5,P,NL,2020,47.5,
A,NAC,D1_D4_MD5,P,NL,2021,46.8,
A,NAC,D1_D4_MD5,P,NL,2022,49.9,
A,NAC,D1_D4_MD5,P,NL,2023,53,
A,NAC,D1_D4_MD5,P,NL,2024,54.8,
A,NAC,D1_D4_MD5,P,NL,2025,,
A,NAC,D1_D4_MD5,P,PL,2008,32,
A,NAC,D1_D4_MD5,P,PL,2012,45.5,
A,NAC,D1_D4_MD5,P,PL,2016,50.1,
A,NAC,D1_D4_MD5,P,PL,2020,60.1,
A,NAC,D1_D4_MD5,P,PL,2021,63.9,
A,NAC,D1_D4_MD5,P,PL,2022,67.8,
A,NAC,D1_D4_MD5,P,PL,2023,76,
A,NAC,D1_D4_MD5,P,PL,2024,93.8,
A,NAC,D1_D4_MD5,P,PL,2025,101.2,
A,NAC,D1_D4_MD5,P,PT,2008,18.1,
A,NAC,D1_D4_MD5,P,PT,2012,17.2,
A,NAC,D1_D4_MD5,P,PT,2016,20.6,
A,NAC,D1_D4_MD5,P,PT,2020,21.8,
A,NAC,D1_D4_MD5,P,PT,2021,22.2,
A,NAC,D1_D4_MD5,P,PT,2022,23.1,
A,NAC,D1_D4_MD5,P,PT,2023,24.5,
A,NAC,D1_D4_MD5,P,PT,2024,25.8,
A,NAC,D1_D4_MD5,P,PT,2025,27,
A,NAC,D1_D4_MD5,P,SE,2008,256.6,
A,NAC,D1_D4_MD5,P,SE,2012,264.1,
A,NAC,D1_D4_MD5,P,SE,2016,292.5,
A,NAC,D1_D4_MD5,P,SE,2020,334.9,
A,NAC,D1_D4_MD5,P,SE,2021,347,
A,NAC,D1_D4_MD5,P,SE,2022,353,
A,NAC,D1_D4_MD5,P,SE,2023,369.2,
A,NAC,D1_D4_MD5,P,SE,2024,377.1,
A,NAC,D1_D4_MD5,P,SE,2025,390.6,
A,NAC,D1_D4_MD5,P,UK,2008,21.8,
A,NAC,D1_D4_MD5,P,UK,2012,24.9,
A,NAC,D1_D4_MD5,P,UK,2016,31.1,
A,NAC,D2-D4_MD5_RAT,B-E,DE,2008,22.2,
A,NAC,D2-D4_MD5_RAT,B-E,DE,2012,22.3,
A,NAC,D2-D4_MD5_RAT,B-E,DE,2016,21.9,
A,NAC,D2-D4_MD5_RAT,B-E,DE,2020,22.5,
A,NAC,D2-D4_MD5_RAT,B-E,DE,2021,22.6,
A,NAC,D2-D4_MD5_RAT,B-E,DE,2022,23.8,
A,NAC,D2-D4_MD5_RAT,B-E,DE,2023,24,
A,NAC,D2-D4_MD5_RAT,B-E,DE,2024,23.8,
A,NAC,D2-D4_MD5_RAT,B-E,DE,2025,23.8,
A,NAC,D2-D4_MD5_RAT,B-E,EA19,2008,26.3,
A,NAC,D2-D4_MD5_RAT,B-E,EA19,2012,26.1,
A,NAC,D2-D4_MD5_RAT,B-E,EA19,2016,25.1,
A,NAC,D2-D4_MD5_RAT,B-E,EA19,2020,25.1,
A,NAC,D2-D4_MD5_RAT,B-E,EA19,2021,25.1,
A,NAC,D2-D4_MD5_RAT,B-E,EA19,2022,25.7,
A,NAC,D2-D4_MD5_RAT,B-E,EA19,2023,25.5,
A,NAC,D2-D4_MD5_RAT,B-E,EA19,2024,25.5,
A,NAC,D2-D4_MD5_RAT,B-E,EA20,2008,26.3,
A,NAC,D2-D4_MD5_RAT,B-E,EA20,2012,26,
A,NAC,D2-D4_MD5_RAT,B-E,EA20,2016,25.1,
A,NAC,D2-D4_MD5_RAT,B-E,EA20,2020,25,
A,NAC,D2-D4_MD5_RAT,B-E,EA20,2021,25,
A,NAC,D2-D4_MD5_RAT,B-E,EA20,2022,25.6,
A,NAC,D2-D4_MD5_RAT,B-E,EA20,2023,25.6,
A,NAC,D2-D4_MD5_RAT,B-E,EA20,2024,25.6,
A,NAC,D2-D4_MD5_RAT,B-E,EA20,2025,25.7,
A,NAC,D2-D4_MD5_RAT,B-E,ES,2008,26.9,
A,NAC,D2-D4_MD5_RAT,B-E,ES,2012,26.7,
A,NAC,D2-D4_MD5_RAT,B-E,ES,2016,25.7,
A,NAC,D2-D4_MD5_RAT,B-E,ES,2020,27.1,
A,NAC,D2-D4_MD5_RAT,B-E,ES,2021,27.1,
A,NAC,D2-D4_MD5_RAT,B-E,ES,2022,26.5,
A,NAC,D2-D4_MD5_RAT,B-E,ES,2023,26.9,
A,NAC,D2-D4_MD5_RAT,B-E,ES,2024,27,
A,NAC,D2-D4_MD5_RAT,B-E,ES,2025,27.3,
A,NAC,D2-D4_MD5_RAT,B-E,FI,2008,23.3,
A,NAC,D2-D4_MD5_RAT,B-E,FI,2012,21.5,
A,NAC,D2-D4_MD5_RAT,B-E,FI,2016,21.9,
A,NAC,D2-D4_MD5_RAT,B-E,FI,2020,18.2,
A,NAC,D2-D4_MD5_RAT,B-E,FI,2021,17.6,p
A,NAC,D2-D4_MD5_RAT,B-E,FI,2022,17.8,p
A,NAC,D2-D4_MD5_RAT,B-E,FI,2023,17.9,p
A,NAC,D2-D4_MD5_RAT,B-E,FI,2024,17.3,p
A,NAC,D2-D4_MD5_RAT,B-E,FI,2025,17.4,
A,NAC,D2-D4_MD5_RAT,B-E,FR,2008,33.2,
A,NAC,D2-D4_MD5_RAT,B-E,FR,2012,34.1,
A,NAC,D2-D4_MD5_RAT,B-E,FR,2016,31.7,
A,NAC,D2-D4_MD5_RAT,B-E,FR,2020,31.8,
A,NAC,D2-D4_MD5_RAT,B-E,FR,2021,31.5,
A,NAC,D2-D4_MD5_RAT,B-E,FR,2022,31.3,
A,NAC,D2-D4_MD5_RAT,B-E,FR,2023,31,
A,NAC,D2-D4_MD5_RAT,B-E,FR,2024,31.3,
A,NAC,D2-D4_MD5_RAT,B-E,FR,2025,31.7,
A,NAC,D2-D4_MD5_RAT,B-E,IT,2008,29.3,
A,NAC,D2-D4_MD5_RAT,B-E,IT,2012,28.3,
A,NAC,D2-D4_MD5_RAT,B-E,IT,2016,28.3,
A,NAC,D2-D4_MD5_RAT,B-E,IT,2020,29,
A,NAC,D2-D4_MD5_RAT,B-E,IT,2021,28.7,
A,NAC,D2-D4_MD5_RAT,B-E,IT,2022,28.8,
A,NAC,D2-D4_MD5_RAT,B-E,IT,2023,28.8,
A,NAC,D2-D4_MD5_RAT,B-E,IT,2024,28.8,
A,NAC,D2-D4_MD5_RAT,B-E,IT,2025,29.1,
A,NAC,D2-D4_MD5_RAT,B-E,NL,2008,23.3,
A,NAC,D2-D4_MD5_RAT,B-E,NL,2012,24,
A,NAC,D2-D4_MD5_RAT,B-E,NL,2016,22.4,
A,NAC,D2-D4_MD5_RAT,B-E,NL,2020,20.9,
A,NAC,D2-D4_MD5_RAT,B-E,NL,2021,21.6,
A,NAC,D2-D4_MD5_RAT,B-E,NL,2022,23.3,
A,NAC,D2-D4_MD5_RAT,B-E,NL,2023,23.2,
A,NAC,D2-D4_MD5_RAT,B-E,NL,2024,23.2,
A,NAC,D2-D4_MD5_RAT,B-E,NL,2025,23.6,
A,NAC,D2-D4_MD5_RAT,B-E,PL,2008,19,
A,NAC,D2-D4_MD5_RAT,B-E,PL,2012,19.8,
A,NAC,D2-D4_MD5_RAT,B-E,PL,2016,19.6,
A,NAC,D2-D4_MD5_RAT,B-E,PL,2020,19,
A,NAC,D2-D4_MD5_RAT,B-E,PL,2021,19,
A,NAC,D2-D4_MD5_RAT,B-E,PL,2022,19,
A,NAC,D2-D4_MD5_RAT,B-E,PL,2023,19,
A,NAC,D2-D4_MD5_RAT,B-E,PL,2024,19,
A,NAC,D2-D4_MD5_RAT,B-E,PL,2025,19,
A,NAC,D2-D4_MD5_RAT,B-E,PT,2008,20.5,
A,NAC,D2-D4_MD5_RAT,B-E,PT,2012,20.4,
A,NAC,D2-D4_MD5_RAT,B-E,PT,2016,20.4,
A,NAC,D2-D4_MD5_RAT,B-E,PT,2020,18.3,
A,NAC,D2-D4_MD5_RAT,B-E,PT,2021,18.9,
A,NAC,D2-D4_MD5_RAT,B-E,PT,2022,18.9,
A,NAC,D2-D4_MD5_RAT,B-E,PT,2023,19,
A,NAC,D2-D4_MD5_RAT,B-E,PT,2024,19,
A,NAC,D2-D4_MD5_RAT,B-E,PT,2025,19,
A,NAC,D2-D4_MD5_RAT,B-E,SE,2008,34,
A,NAC,D2-D4_MD5_RAT,B-E,SE,2012,32.5,
A,NAC,D2-D4_MD5_RAT,B-E,SE,2016,33.2,
A,NAC,D2-D4_MD5_RAT,B-E,SE,2020,31.9,
A,NAC,D2-D4_MD5_RAT,B-E,SE,2021,32.8,
A,NAC,D2-D4_MD5_RAT,B-E,SE,2022,33,
A,NAC,D2-D4_MD5_RAT,B-E,SE,2023,32.2,
A,NAC,D2-D4_MD5_RAT,B-E,SE,2024,32.6,
A,NAC,D2-D4_MD5_RAT,B-E,SE,2025,32.6,
A,NAC,D2-D4_MD5_RAT,B-E,UK,2016,17,
A,NAC,D2-D4_MD5_RAT,B-N,DE,2008,21.5,
A,NAC,D2-D4_MD5_RAT,B-N,DE,2012,21.7,
A,NAC,D2-D4_MD5_RAT,B-N,DE,2016,21.3,
A,NAC,D2-D4_MD5_RAT,B-N,DE,2020,21.6,
A,NAC,D2-D4_MD5_RAT,B-N,DE,2021,21.6,
A,NAC,D2-D4_MD5_RAT,B-N,DE,2022,22.6,
A,NAC,D2-D4_MD5_RAT,B-N,DE,2023,22.9,
A,NAC,D2-D4_MD5_RAT,B-N,DE,2024,22.7,
A,NAC,D2-D4_MD5_RAT,B-N,DE,2025,22.7,
A,NAC,D2-D4_MD5_RAT,B-N,EA19,2008,26.1,
A,NAC,D2-D4_MD5_RAT,B-N,EA19,2012,26.1,
A,NAC,D2-D4_MD5_RAT,B-N,EA19,2016,25.1,
A,NAC,D2-D4_MD5_RAT,B-N,EA19,2020,24.6,
A,NAC,D2-D4_MD5_RAT,B-N,EA19,2021,24.5,
A,NAC,D2-D4_MD5_RAT,B-N,EA19,2022,25,
A,NAC,D2-D4_MD5_RAT,B-N,EA19,2023,25.1,
A,NAC,D2-D4_MD5_RAT,B-N,EA19,2024,25.1,
A,NAC,D2-D4_MD5_RAT,B-N,EA20,2008,26.1,
A,NAC,D2-D4_MD5_RAT,B-N,EA20,2012,26.1,
A,NAC,D2-D4_MD5_RAT,B-N,EA20,2016,25.1,
A,NAC,D2-D4_MD5_RAT,B-N,EA20,2020,24.5,
A,NAC,D2-D4_MD5_RAT,B-N,EA20,2021,24.4,
A,NAC,D2-D4_MD5_RAT,B-N,EA20,2022,24.9,
A,NAC,D2-D4_MD5_RAT,B-N,EA20,2023,25,
A,NAC,D2-D4_MD5_RAT,B-N,EA20,2024,25.1,
A,NAC,D2-D4_MD5_RAT,B-N,EA20,2025,25.2,
A,NAC,D2-D4_MD5_RAT,B-N,ES,2008,26.7,
A,NAC,D2-D4_MD5_RAT,B-N,ES,2012,26.6,
A,NAC,D2-D4_MD5_RAT,B-N,ES,2016,26,
A,NAC,D2-D4_MD5_RAT,B-N,ES,2020,26.8,
A,NAC,D2-D4_MD5_RAT,B-N,ES,2021,26.4,
A,NAC,D2-D4_MD5_RAT,B-N,ES,2022,26,
A,NAC,D2-D4_MD5_RAT,B-N,ES,2023,26.4,
A,NAC,D2-D4_MD5_RAT,B-N,ES,2024,26.4,
A,NAC,D2-D4_MD5_RAT,B-N,ES,2025,26.6,
A,NAC,D2-D4_MD5_RAT,B-N,FI,2008,22.4,
A,NAC,D2-D4_MD5_RAT,B-N,FI,2012,21.3,
A,NAC,D2-D4_MD5_RAT,B-N,FI,2016,21.8,
A,NAC,D2-D4_MD5_RAT,B-N,FI,2020,18.4,
A,NAC,D2-D4_MD5_RAT,B-N,FI,2021,17.5,p
A,NAC,D2-D4_MD5_RAT,B-N,FI,2022,17.7,p
A,NAC,D2-D4_MD5_RAT,B-N,FI,2023,17.8,p
A,NAC,D2-D4_MD5_RAT,B-N,FI,2024,17.2,p
A,NAC,D2-D4_MD5_RAT,B-N,FI,2025,17.4,
A,NAC,D2-D4_MD5_RAT,B-N,FR,2008,32.7,
A,NAC,D2-D4_MD5_RAT,B-N,FR,2012,33.6,
A,NAC,D2-D4_MD5_RAT,B-N,FR,2016,31.4,
A,NAC,D2-D4_MD5_RAT,B-N,FR,2020,30.5,
A,NAC,D2-D4_MD5_RAT,B-N,FR,2021,30.3,
A,NAC,D2-D4_MD5_RAT,B-N,FR,2022,30.3,
A,NAC,D2-D4_MD5_RAT,B-N,FR,2023,30,
A,NAC,D2-D4_MD5_RAT,B-N,FR,2024,30.4,
A,NAC,D2-D4_MD5_RAT,B-N,FR,2025,30.7,
A,NAC,D2-D4_MD5_RAT,B-N,IT,2008,28.8,
A,NAC,D2-D4_MD5_RAT,B-N,IT,2012,27.9,
A,NAC,D2-D4_MD5_RAT,B-N,IT,2016,28,
A,NAC,D2-D4_MD5_RAT,B-N,IT,2020,28.4,
A,NAC,D2-D4_MD5_RAT,B-N,IT,2021,28.1,
A,NAC,D2-D4_MD5_RAT,B-N,IT,2022,28.1,
A,NAC,D2-D4_MD5_RAT,B-N,IT,2023,28.3,
A,NAC,D2-D4_MD5_RAT,B-N,IT,2024,28.3,
A,NAC,D2-D4_MD5_RAT,B-N,IT,2025,28.7,
A,NAC,D2-D4_MD5_RAT,B-N,NL,2008,22.6,
A,NAC,D2-D4_MD5_RAT,B-N,NL,2012,23.4,
A,NAC,D2-D4_MD5_RAT,B-N,NL,2016,22.7,
A,NAC,D2-D4_MD5_RAT,B-N,NL,2020,20.3,
A,NAC,D2-D4_MD5_RAT,B-N,NL,2021,21,
A,NAC,D2-D4_MD5_RAT,B-N,NL,2022,23.1,
A,NAC,D2-D4_MD5_RAT,B-N,NL,2023,23.1,
A,NAC,D2-D4_MD5_RAT,B-N,NL,2024,23.4,
A,NAC,D2-D4_MD5_RAT,B-N,NL,2025,23.7,
A,NAC,D2-D4_MD5_RAT,B-N,PL,2008,17.5,
A,NAC,D2-D4_MD5_RAT,B-N,PL,2012,18.1,
A,NAC,D2-D4_MD5_RAT,B-N,PL,2016,18.2,
A,NAC,D2-D4_MD5_RAT,B-N,PL,2020,17.9,
A,NAC,D2-D4_MD5_RAT,B-N,PL,2021,17.9,
A,NAC,D2-D4_MD5_RAT,B-N,PL,2022,17.9,
A,NAC,D2-D4_MD5_RAT,B-N,PL,2023,17.9,
A,NAC,D2-D4_MD5_RAT,B-N,PL,2024,17.9,
A,NAC,D2-D4_MD5_RAT,B-N,PL,2025,17.9,
A,NAC,D2-D4_MD5_RAT,B-N,PT,2008,20.2,
A,NAC,D2-D4_MD5_RAT,B-N,PT,2012,20.9,
A,NAC,D2-D4_MD5_RAT,B-N,PT,2016,20.8,
A,NAC,D2-D4_MD5_RAT,B-N,PT,2020,18.6,
A,NAC,D2-D4_MD5_RAT,B-N,PT,2021,19.1,
A,NAC,D2-D4_MD5_RAT,B-N,PT,2022,19.3,
A,NAC,D2-D4_MD5_RAT,B-N,PT,2023,19.5,
A,NAC,D2-D4_MD5_RAT,B-N,PT,2024,19.5,
A,NAC,D2-D4_MD5_RAT,B-N,PT,2025,19.5,
A,NAC,D2-D4_MD5_RAT,B-N,SE,2008,33.2,
A,NAC,D2-D4_MD5_RAT,B-N,SE,2012,32,
A,NAC,D2-D4_MD5_RAT,B-N,SE,2016,32.3,
A,NAC,D2-D4_MD5_RAT,B-N,SE,2020,31.1,
A,NAC,D2-D4_MD5_RAT,B-N,SE,2021,32.2,
A,NAC,D2-D4_MD5_RAT,B-N,SE,2022,32.3,
A,NAC,D2-D4_MD5_RAT,B-N,SE,2023,31.5,
A,NAC,D2-D4_MD5_RAT,B-N,SE,2024,31.9,
A,NAC,D2-D4_MD5_RAT,B-N,SE,2025,32,
A,NAC,D2-D4_MD5_RAT,B-N,UK,2008,14.5,d
A,NAC,D2-D4_MD5_RAT,B-N,UK,2012,15.7,
A,NAC,D2-D4_MD5_RAT,B-N,UK,2016,16.1,
A,NAC,D2-D4_MD5_RAT,B-S_X_O,DE,2008,22,
A,NAC,D2-D4_MD5_RAT,B-S_X_O,DE,2012,22.2,
A,NAC,D2-D4_MD5_RAT,B-S_X_O,DE,2016,22.1,
A,NAC,D2-D4_MD5_RAT,B-S_X_O,DE,2020,22.4,
A,NAC,D2-D4_MD5_RAT,B-S_X_O,DE,2021,22.4,
A,NAC,D2-D4_MD5_RAT,B-S_X_O,DE,2022,23.5,
A,NAC,D2-D4_MD5_RAT,B-S_X_O,DE,2023,23.7,
A,NAC,D2-D4_MD5_RAT,B-S_X_O,DE,2024,23.5,
A,NAC,D2-D4_MD5_RAT,B-S_X_O,DE,2025,23.5,
A,NAC,D2-D4_MD5_RAT,B-S_X_O,EA19,2008,25.8,d
A,NAC,D2-D4_MD5_RAT,B-S_X_O,EA19,2012,26.4,
A,NAC,D2-D4_MD5_RAT,B-S_X_O,EA19,2016,25.6,
A,NAC,D2-D4_MD5_RAT,B-S_X_O,EA19,2020,25,
A,NAC,D2-D4_MD5_RAT,B-S_X_O,EA19,2021,25,
A,NAC,D2-D4_MD5_RAT,B-S_X_O,EA19,2022,25.6,
A,NAC,D2-D4_MD5_RAT,B-S_X_O,EA19,2023,25.6,
A,NAC,D2-D4_MD5_RAT,B-S_X_O,EA19,2024,25.6,
A,NAC,D2-D4_MD5_RAT,B-S_X_O,EA20,2008,25.8,d
A,NAC,D2-D4_MD5_RAT,B-S_X_O,EA20,2012,26.3,
A,NAC,D2-D4_MD5_RAT,B-S_X_O,EA20,2016,25.5,
A,NAC,D2-D4_MD5_RAT,B-S_X_O,EA20,2020,25,
A,NAC,D2-D4_MD5_RAT,B-S_X_O,EA20,2021,24.9,
A,NAC,D2-D4_MD5_RAT,B-S_X_O,EA20,2022,25.5,
A,NAC,D2-D4_MD5_RAT,B-S_X_O,EA20,2023,25.6,
A,NAC,D2-D4_MD5_RAT,B-S_X_O,EA20,2024,25.6,
A,NAC,D2-D4_MD5_RAT,B-S_X_O,EA20,2025,25.7,
A,NAC,D2-D4_MD5_RAT,B-S_X_O,ES,2008,26.1,
A,NAC,D2-D4_MD5_RAT,B-S_X_O,ES,2012,25.9,
A,NAC,D2-D4_MD5_RAT,B-S_X_O,ES,2016,25.3,
A,NAC,D2-D4_MD5_RAT,B-S_X_O,ES,2020,26.3,
A,NAC,D2-D4_MD5_RAT,B-S_X_O,ES,2021,26,
A,NAC,D2-D4_MD5_RAT,B-S_X_O,ES,2022,25.6,
A,NAC,D2-D4_MD5_RAT,B-S_X_O,ES,2023,26,
A,NAC,D2-D4_MD5_RAT,B-S_X_O,ES,2024,26,
A,NAC,D2-D4_MD5_RAT,B-S_X_O,ES,2025,26.2,
A,NAC,D2-D4_MD5_RAT,B-S_X_O,FI,2008,22.8,
A,NAC,D2-D4_MD5_RAT,B-S_X_O,FI,2012,22.2,
A,NAC,D2-D4_MD5_RAT,B-S_X_O,FI,2016,22.6,
A,NAC,D2-D4_MD5_RAT,B-S_X_O,FI,2020,19.2,
A,NAC,D2-D4_MD5_RAT,B-S_X_O,FI,2021,17.6,p
A,NAC,D2-D4_MD5_RAT,B-S_X_O,FI,2022,17.7,p
A,NAC,D2-D4_MD5_RAT,B-S_X_O,FI,2023,17.8,p
A,NAC,D2-D4_MD5_RAT,B-S_X_O,FI,2024,17.2,p
A,NAC,D2-D4_MD5_RAT,B-S_X_O,FI,2025,17.4,
A,NAC,D2-D4_MD5_RAT,B-S_X_O,FR,2008,33.1,d
A,NAC,D2-D4_MD5_RAT,B-S_X_O,FR,2012,34.6,
A,NAC,D2-D4_MD5_RAT,B-S_X_O,FR,2016,32.9,
A,NAC,D2-D4_MD5_RAT,B-S_X_O,FR,2020,32.1,
A,NAC,D2-D4_MD5_RAT,B-S_X_O,FR,2021,31.9,
A,NAC,D2-D4_MD5_RAT,B-S_X_O,FR,2022,31.9,
A,NAC,D2-D4_MD5_RAT,B-S_X_O,FR,2023,31.8,
A,NAC,D2-D4_MD5_RAT,B-S_X_O,FR,2024,32,
A,NAC,D2-D4_MD5_RAT,B-S_X_O,FR,2025,32.3,
A,NAC,D2-D4_MD5_RAT,B-S_X_O,IT,2008,27.8,
A,NAC,D2-D4_MD5_RAT,B-S_X_O,IT,2012,28,
A,NAC,D2-D4_MD5_RAT,B-S_X_O,IT,2016,27.9,
A,NAC,D2-D4_MD5_RAT,B-S_X_O,IT,2020,28.1,
A,NAC,D2-D4_MD5_RAT,B-S_X_O,IT,2021,27.9,
A,NAC,D2-D4_MD5_RAT,B-S_X_O,IT,2022,27.8,
A,NAC,D2-D4_MD5_RAT,B-S_X_O,IT,2023,27.9,
A,NAC,D2-D4_MD5_RAT,B-S_X_O,IT,2024,27.8,
A,NAC,D2-D4_MD5_RAT,B-S_X_O,IT,2025,28.1,
A,NAC,D2-D4_MD5_RAT,B-S_X_O,NL,2008,23.1,
A,NAC,D2-D4_MD5_RAT,B-S_X_O,NL,2012,23.8,
A,NAC,D2-D4_MD5_RAT,B-S_X_O,NL,2016,23.4,
A,NAC,D2-D4_MD5_RAT,B-S_X_O,NL,2020,21.3,
A,NAC,D2-D4_MD5_RAT,B-S_X_O,NL,2021,22.2,
A,NAC,D2-D4_MD5_RAT,B-S_X_O,NL,2022,24.4,
A,NAC,D2-D4_MD5_RAT,B-S_X_O,NL,2023,24.2,
A,NAC,D2-D4_MD5_RAT,B-S_X_O,NL,2024,24.4,
A,NAC,D2-D4_MD5_RAT,B-S_X_O,NL,2025,24.7,
A,NAC,D2-D4_MD5_RAT,B-S_X_O,PL,2008,17.7,
A,NAC,D2-D4_MD5_RAT,B-S_X_O,PL,2012,18.3,
A,NAC,D2-D4_MD5_RAT,B-S_X_O,PL,2016,18.4,
A,NAC,D2-D4_MD5_RAT,B-S_X_O,PL,2020,18,
A,NAC,D2-D4_MD5_RAT,B-S_X_O,PL,2021,18,
A,NAC,D2-D4_MD5_RAT,B-S_X_O,PL,2022,18,
A,NAC,D2-D4_MD5_RAT,B-S_X_O,PL,2023,18.1,
A,NAC,D2-D4_MD5_RAT,B-S_X_O,PL,2024,18,
A,NAC,D2-D4_MD5_RAT,B-S_X_O,PL,2025,18,
A,NAC,D2-D4_MD5_RAT,B-S_X_O,PT,2008,19,
A,NAC,D2-D4_MD5_RAT,B-S_X_O,PT,2012,19.7,
A,NAC,D2-D4_MD5_RAT,B-S_X_O,PT,2016,20.2,
A,NAC,D2-D4_MD5_RAT,B-S_X_O,PT,2020,18.6,
A,NAC,D2-D4_MD5_RAT,B-S_X_O,PT,2021,19,
A,NAC,D2-D4_MD5_RAT,B-S_X_O,PT,2022,19.2,
A,NAC,D2-D4_MD5_RAT,B-S_X_O,PT,2023,19.4,
A,NAC,D2-D4_MD5_RAT,B-S_X_O,PT,2024,19.4,
A,NAC,D2-D4_MD5_RAT,B-S_X_O,PT,2025,19.4,
A,NAC,D2-D4_MD5_RAT,B-S_X_O,SE,2008,32.9,
A,NAC,D2-D4_MD5_RAT,B-S_X_O,SE,2012,31.8,
A,NAC,D2-D4_MD5_RAT,B-S_X_O,SE,2016,31.9,
A,NAC,D2-D4_MD5_RAT,B-S_X_O,SE,2020,31,
A,NAC,D2-D4_MD5_RAT,B-S_X_O,SE,2021,31.9,
A,NAC,D2-D4_MD5_RAT,B-S_X_O,SE,2022,31.9,
A,NAC,D2-D4_MD5_RAT,B-S_X_O,SE,2023,31.8,
A,NAC,D2-D4_MD5_RAT,B-S_X_O,SE,2024,31.6,
A,NAC,D2-D4_MD5_RAT,B-S_X_O,SE,2025,31.7,
A,NAC,D2-D4_MD5_RAT,B-S_X_O,UK,2008,15.2,d
A,NAC,D2-D4_MD5_RAT,B-S_X_O,UK,2012,16.4,
A,NAC,D2-D4_MD5_RAT,B-S_X_O,UK,2016,17.2,
A,NAC,D2-D4_MD5_RAT,C,DE,2008,21.9,
A,NAC,D2-D4_MD5_RAT,C,DE,2012,21.9,
A,NAC,D2-D4_MD5_RAT,C,DE,2016,21.6,
A,NAC,D2-D4_MD5_RAT,C,DE,2020,22.4,
A,NAC,D2-D4_MD5_RAT,C,DE,2021,22.4,
A,NAC,D2-D4_MD5_RAT,C,DE,2022,23.7,
A,NAC,D2-D4_MD5_RAT,C,DE,2023,23.8,
A,NAC,D2-D4_MD5_RAT,C,DE,2024,23.7,
A,NAC,D2-D4_MD5_RAT,C,DE,2025,23.7,
A,NAC,D2-D4_MD5_RAT,C,EA19,2008,26.1,
A,NAC,D2-D4_MD5_RAT,C,EA19,2012,25.8,d
A,NAC,D2-D4_MD5_RAT,C,EA19,2016,24.9,
A,NAC,D2-D4_MD5_RAT,C,EA19,2020,24.9,
A,NAC,D2-D4_MD5_RAT,C,EA19,2021,24.9,
A,NAC,D2-D4_MD5_RAT,C,EA19,2022,25.5,
A,NAC,D2-D4_MD5_RAT,C,EA19,2023,25.4,
A,NAC,D2-D4_MD5_RAT,C,EA19,2024,25.4,
A,NAC,D2-D4_MD5_RAT,C,EA20,2008,26.1,
A,NAC,D2-D4_MD5_RAT,C,EA20,2012,25.7,d
A,NAC,D2-D4_MD5_RAT,C,EA20,2016,24.9,
A,NAC,D2-D4_MD5_RAT,C,EA20,2020,24.9,
A,NAC,D2-D4_MD5_RAT,C,EA20,2021,24.8,
A,NAC,D2-D4_MD5_RAT,C,EA20,2022,25.4,
A,NAC,D2-D4_MD5_RAT,C,EA20,2023,25.5,
A,NAC,D2-D4_MD5_RAT,C,EA20,2024,25.5,
A,NAC,D2-D4_MD5_RAT,C,EA20,2025,25.6,
A,NAC,D2-D4_MD5_RAT,C,ES,2008,26.5,
A,NAC,D2-D4_MD5_RAT,C,ES,2012,26.7,
A,NAC,D2-D4_MD5_RAT,C,ES,2016,25.5,
A,NAC,D2-D4_MD5_RAT,C,ES,2020,27.1,
A,NAC,D2-D4_MD5_RAT,C,ES,2021,27.2,
A,NAC,D2-D4_MD5_RAT,C,ES,2022,26.5,
A,NAC,D2-D4_MD5_RAT,C,ES,2023,26.9,
A,NAC,D2-D4_MD5_RAT,C,ES,2024,27,
A,NAC,D2-D4_MD5_RAT,C,ES,2025,27.2,
A,NAC,D2-D4_MD5_RAT,C,FI,2008,23.2,
A,NAC,D2-D4_MD5_RAT,C,FI,2012,21.4,
A,NAC,D2-D4_MD5_RAT,C,FI,2016,21.8,
A,NAC,D2-D4_MD5_RAT,C,FI,2020,18.2,
A,NAC,D2-D4_MD5_RAT,C,FI,2021,17.6,p
A,NAC,D2-D4_MD5_RAT,C,FI,2022,17.8,p
A,NAC,D2-D4_MD5_RAT,C,FI,2023,18.0,p
A,NAC,D2-D4_MD5_RAT,C,FI,2024,17.3,p
A,NAC,D2-D4_MD5_RAT,C,FI,2025,17.4,
A,NAC,D2-D4_MD5_RAT,C,FR,2008,33.1,
A,NAC,D2-D4_MD5_RAT,C,FR,2012,33.9,
A,NAC,D2-D4_MD5_RAT,C,FR,2016,32.2,
A,NAC,D2-D4_MD5_RAT,C,FR,2020,32,
A,NAC,D2-D4_MD5_RAT,C,FR,2021,31.7,
A,NAC,D2-D4_MD5_RAT,C,FR,2022,31.4,
A,NAC,D2-D4_MD5_RAT,C,FR,2023,31.1,
A,NAC,D2-D4_MD5_RAT,C,FR,2024,31.5,
A,NAC,D2-D4_MD5_RAT,C,FR,2025,31.9,
A,NAC,D2-D4_MD5_RAT,C,IT,2008,29.5,
A,NAC,D2-D4_MD5_RAT,C,IT,2012,28.3,
A,NAC,D2-D4_MD5_RAT,C,IT,2016,28.2,
A,NAC,D2-D4_MD5_RAT,C,IT,2020,29,
A,NAC,D2-D4_MD5_RAT,C,IT,2021,28.7,
A,NAC,D2-D4_MD5_RAT,C,IT,2022,28.8,
A,NAC,D2-D4_MD5_RAT,C,IT,2023,28.7,
A,NAC,D2-D4_MD5_RAT,C,IT,2024,28.8,
A,NAC,D2-D4_MD5_RAT,C,IT,2025,29,
A,NAC,D2-D4_MD5_RAT,C,NL,2008,23.2,
A,NAC,D2-D4_MD5_RAT,C,NL,2012,23.9,
A,NAC,D2-D4_MD5_RAT,C,NL,2016,22.3,
A,NAC,D2-D4_MD5_RAT,C,NL,2020,20.4,
A,NAC,D2-D4_MD5_RAT,C,NL,2021,21.2,
A,NAC,D2-D4_MD5_RAT,C,NL,2022,22.9,
A,NAC,D2-D4_MD5_RAT,C,NL,2023,23,
A,NAC,D2-D4_MD5_RAT,C,NL,2024,23,
A,NAC,D2-D4_MD5_RAT,C,NL,2025,,
A,NAC,D2-D4_MD5_RAT,C,PL,2008,18,
A,NAC,D2-D4_MD5_RAT,C,PL,2012,18.5,
A,NAC,D2-D4_MD5_RAT,C,PL,2016,18.7,
A,NAC,D2-D4_MD5_RAT,C,PL,2020,18.1,
A,NAC,D2-D4_MD5_RAT,C,PL,2021,18.1,
A,NAC,D2-D4_MD5_RAT,C,PL,2022,18.1,
A,NAC,D2-D4_MD5_RAT,C,PL,2023,18.1,
A,NAC,D2-D4_MD5_RAT,C,PL,2024,18.1,
A,NAC,D2-D4_MD5_RAT,C,PL,2025,18.1,
A,NAC,D2-D4_MD5_RAT,C,PT,2008,20.4,
A,NAC,D2-D4_MD5_RAT,C,PT,2012,20.4,
A,NAC,D2-D4_MD5_RAT,C,PT,2016,20.2,
A,NAC,D2-D4_MD5_RAT,C,PT,2020,17.9,
A,NAC,D2-D4_MD5_RAT,C,PT,2021,18.6,
A,NAC,D2-D4_MD5_RAT,C,PT,2022,18.6,
A,NAC,D2-D4_MD5_RAT,C,PT,2023,18.7,
A,NAC,D2-D4_MD5_RAT,C,PT,2024,18.7,
A,NAC,D2-D4_MD5_RAT,C,PT,2025,18.7,
A,NAC,D2-D4_MD5_RAT,C,SE,2008,33.8,
A,NAC,D2-D4_MD5_RAT,C,SE,2012,32.2,
A,NAC,D2-D4_MD5_RAT,C,SE,2016,32.9,
A,NAC,D2-D4_MD5_RAT,C,SE,2020,31.6,
A,NAC,D2-D4_MD5_RAT,C,SE,2021,32.5,
A,NAC,D2-D4_MD5_RAT,C,SE,2022,32.7,
A,NAC,D2-D4_MD5_RAT,C,SE,2023,32,
A,NAC,D2-D4_MD5_RAT,C,SE,2024,32.3,
A,NAC,D2-D4_MD5_RAT,C,SE,2025,32.3,
A,NAC,D2-D4_MD5_RAT,C,UK,2008,15.2,
A,NAC,D2-D4_MD5_RAT,C,UK,2012,15.8,
A,NAC,D2-D4_MD5_RAT,C,UK,2016,16.4,
A,NAC,D2-D4_MD5_RAT,P,DE,2008,28.6,
A,NAC,D2-D4_MD5_RAT,P,DE,2012,28.5,
A,NAC,D2-D4_MD5_RAT,P,DE,2016,28.9,
A,NAC,D2-D4_MD5_RAT,P,DE,2020,28.9,
A,NAC,D2-D4_MD5_RAT,P,DE,2021,29,
A,NAC,D2-D4_MD5_RAT,P,DE,2022,30.5,
A,NAC,D2-D4_MD5_RAT,P,DE,2023,30.7,
A,NAC,D2-D4_MD5_RAT,P,DE,2024,30.7,
A,NAC,D2-D4_MD5_RAT,P,DE,2025,30.7,
A,NAC,D2-D4_MD5_RAT,P,EA19,2008,26.8,d
A,NAC,D2-D4_MD5_RAT,P,EA19,2012,29.8,d
A,NAC,D2-D4_MD5_RAT,P,EA19,2016,29.9,
A,NAC,D2-D4_MD5_RAT,P,EA19,2020,29,
A,NAC,D2-D4_MD5_RAT,P,EA19,2021,28.8,
A,NAC,D2-D4_MD5_RAT,P,EA19,2022,29.3,
A,NAC,D2-D4_MD5_RAT,P,EA19,2023,29.2,
A,NAC,D2-D4_MD5_RAT,P,EA19,2024,29.1,
A,NAC,D2-D4_MD5_RAT,P,EA20,2008,26.7,d
A,NAC,D2-D4_MD5_RAT,P,EA20,2012,29.7,d
A,NAC,D2-D4_MD5_RAT,P,EA20,2016,29.8,
A,NAC,D2-D4_MD5_RAT,P,EA20,2020,28.9,
A,NAC,D2-D4_MD5_RAT,P,EA20,2021,28.8,
A,NAC,D2-D4_MD5_RAT,P,EA20,2022,29.2,
A,NAC,D2-D4_MD5_RAT,P,EA20,2023,29.2,
A,NAC,D2-D4_MD5_RAT,P,EA20,2024,29,
A,NAC,D2-D4_MD5_RAT,P,EA20,2025,28.9,
A,NAC,D2-D4_MD5_RAT,P,ES,2008,25.1,
A,NAC,D2-D4_MD5_RAT,P,ES,2012,24.7,
A,NAC,D2-D4_MD5_RAT,P,ES,2016,24.8,
A,NAC,D2-D4_MD5_RAT,P,ES,2020,25.2,
A,NAC,D2-D4_MD5_RAT,P,ES,2021,25.2,
A,NAC,D2-D4_MD5_RAT,P,ES,2022,25.1,
A,NAC,D2-D4_MD5_RAT,P,ES,2023,25.5,
A,NAC,D2-D4_MD5_RAT,P,ES,2024,25.2,
A,NAC,D2-D4_MD5_RAT,P,ES,2025,25.3,
A,NAC,D2-D4_MD5_RAT,P,FI,2008,19.6,
A,NAC,D2-D4_MD5_RAT,P,FI,2012,22.4,
A,NAC,D2-D4_MD5_RAT,P,FI,2016,23.6,
A,NAC,D2-D4_MD5_RAT,P,FI,2020,19.5,
A,NAC,D2-D4_MD5_RAT,P,FI,2021,17.7,p
A,NAC,D2-D4_MD5_RAT,P,FI,2022,17.6,p
A,NAC,D2-D4_MD5_RAT,P,FI,2023,17.5,p
A,NAC,D2-D4_MD5_RAT,P,FI,2024,16.9,p
A,NAC,D2-D4_MD5_RAT,P,FI,2025,17,
A,NAC,D2-D4_MD5_RAT,P,FR,2012,42.7,
A,NAC,D2-D4_MD5_RAT,P,FR,2016,43,
A,NAC,D2-D4_MD5_RAT,P,FR,2020,42,
A,NAC,D2-D4_MD5_RAT,P,FR,2021,,
A,NAC,D2-D4_MD5_RAT,P,FR,2022,,
A,NAC,D2-D4_MD5_RAT,P,FR,2023,,
A,NAC,D2-D4_MD5_RAT,P,FR,2024,,
A,NAC,D2-D4_MD5_RAT,P,FR,2025,,
A,NAC,D2-D4_MD5_RAT,P,IT,2008,24.3,
A,NAC,D2-D4_MD5_RAT,P,IT,2012,31,
A,NAC,D2-D4_MD5_RAT,P,IT,2016,29.3,
A,NAC,D2-D4_MD5_RAT,P,IT,2020,26.7,
A,NAC,D2-D4_MD5_RAT,P,IT,2021,26.5,
A,NAC,D2-D4_MD5_RAT,P,IT,2022,26.3,
A,NAC,D2-D4_MD5_RAT,P,IT,2023,26.1,
A,NAC,D2-D4_MD5_RAT,P,IT,2024,25.8,
A,NAC,D2-D4_MD5_RAT,P,IT,2025,25.7,
A,NAC,D2-D4_MD5_RAT,P,NL,2008,26.5,
A,NAC,D2-D4_MD5_RAT,P,NL,2012,26.3,
A,NAC,D2-D4_MD5_RAT,P,NL,2016,25.6,
A,NAC,D2-D4_MD5_RAT,P,NL,2020,27.3,
A,NAC,D2-D4_MD5_RAT,P,NL,2021,27.7,
A,NAC,D2-D4_MD5_RAT,P,NL,2022,28.8,
A,NAC,D2-D4_MD5_RAT,P,NL,2023,28,
A,NAC,D2-D4_MD5_RAT,P,NL,2024,27.7,
A,NAC,D2-D4_MD5_RAT,P,NL,2025,,
A,NAC,D2-D4_MD5_RAT,P,PL,2008,19.4,
A,NAC,D2-D4_MD5_RAT,P,PL,2012,20.1,
A,NAC,D2-D4_MD5_RAT,P,PL,2016,19.9,
A,NAC,D2-D4_MD5_RAT,P,PL,2020,19.4,
A,NAC,D2-D4_MD5_RAT,P,PL,2021,19.4,
A,NAC,D2-D4_MD5_RAT,P,PL,2022,19.4,
A,NAC,D2-D4_MD5_RAT,P,PL,2023,19.4,
A,NAC,D2-D4_MD5_RAT,P,PL,2024,19.4,
A,NAC,D2-D4_MD5_RAT,P,PL,2025,19.4,
A,NAC,D2-D4_MD5_RAT,P,PT,2008,14.5,
A,NAC,D2-D4_MD5_RAT,P,PT,2012,15.9,
A,NAC,D2-D4_MD5_RAT,P,PT,2016,18.9,
A,NAC,D2-D4_MD5_RAT,P,PT,2020,18.8,
A,NAC,D2-D4_MD5_RAT,P,PT,2021,18.9,
A,NAC,D2-D4_MD5_RAT,P,PT,2022,19,
A,NAC,D2-D4_MD5_RAT,P,PT,2023,19.5,
A,NAC,D2-D4_MD5_RAT,P,PT,2024,19.5,
A,NAC,D2-D4_MD5_RAT,P,PT,2025,19.5,
A,NAC,D2-D4_MD5_RAT,P,SE,2008,31.7,
A,NAC,D2-D4_MD5_RAT,P,SE,2012,30.4,
A,NAC,D2-D4_MD5_RAT,P,SE,2016,30.2,
A,NAC,D2-D4_MD5_RAT,P,SE,2020,30.2,
A,NAC,D2-D4_MD5_RAT,P,SE,2021,30.7,
A,NAC,D2-D4_MD5_RAT,P,SE,2022,30.5,
A,NAC,D2-D4_MD5_RAT,P,SE,2023,31.5,
A,NAC,D2-D4_MD5_RAT,P,SE,2024,30.5,
A,NAC,D2-D4_MD5_RAT,P,SE,2025,30.6,
A,NAC,D2-D4_MD5_RAT,P,UK,2008,18.2,
A,NAC,D2-D4_MD5_RAT,P,UK,2012,20,
A,NAC,D2-D4_MD5_RAT,P,UK,2016,22.3,
