anno_scolastico,gestione,ordine_scuola,sigla_provincia,classi,alunni_maschi,alunni_femmine,alunni_totale
201516,paritaria,SCUOLA PRIMARIA,AG,10,90,94,184
201516,paritaria,SCUOLA PRIMARIA,AL,41,364,380,744
201516,paritaria,SCUOLA PRIMARIA,AN,21,129,107,236
201516,paritaria,SCUOLA PRIMARIA,AP,31,304,291,595
201516,paritaria,SCUOLA PRIMARIA,AQ,39,381,437,818
201516,paritaria,SCUOLA PRIMARIA,AR,32,320,298,618
201516,paritaria,SCUOLA PRIMARIA,AT,11,146,128,274
201516,paritaria,SCUOLA PRIMARIA,AV,39,359,372,731
201516,paritaria,SCUOLA PRIMARIA,BA,95,994,994,1988
201516,paritaria,SCUOLA PRIMARIA,BG,246,2698,2572,5270
201516,paritaria,SCUOLA PRIMARIA,BI,12,110,105,215
201516,paritaria,SCUOLA PRIMARIA,BL,15,178,159,337
201516,paritaria,SCUOLA PRIMARIA,BN,30,240,242,482
201516,paritaria,SCUOLA PRIMARIA,BO,134,1519,1445,2964
201516,paritaria,SCUOLA PRIMARIA,BR,18,180,165,345
201516,paritaria,SCUOLA PRIMARIA,BS,190,2017,2024,4041
201516,paritaria,SCUOLA PRIMARIA,CA,96,923,863,1786
201516,paritaria,SCUOLA PRIMARIA,CB,10,89,90,179
201516,paritaria,SCUOLA PRIMARIA,CE,319,2537,2243,4780
201516,paritaria,SCUOLA PRIMARIA,CH,19,191,164,355
201516,paritaria,SCUOLA PRIMARIA,CL,29,228,222,450
201516,paritaria,SCUOLA PRIMARIA,CN,17,159,136,295
201516,paritaria,SCUOLA PRIMARIA,CO,95,1068,927,1995
201516,paritaria,SCUOLA PRIMARIA,CR,56,601,623,1224
201516,paritaria,SCUOLA PRIMARIA,CS,47,325,326,651
201516,paritaria,SCUOLA PRIMARIA,CT,198,1611,1468,3079
201516,paritaria,SCUOLA PRIMARIA,CZ,15,126,138,264
201516,paritaria,SCUOLA PRIMARIA,FE,26,255,243,498
201516,paritaria,SCUOLA PRIMARIA,FG,104,918,881,1799
201516,paritaria,SCUOLA PRIMARIA,FI,201,2154,2002,4156
201516,paritaria,SCUOLA PRIMARIA,FO,38,417,347,764
201516,paritaria,SCUOLA PRIMARIA,FR,43,411,410,821
201516,paritaria,SCUOLA PRIMARIA,GE,203,2120,1928,4048
201516,paritaria,SCUOLA PRIMARIA,GO,14,103,103,206
201516,paritaria,SCUOLA PRIMARIA,GR,9,109,79,188
201516,paritaria,SCUOLA PRIMARIA,IM,26,291,263,554
201516,paritaria,SCUOLA PRIMARIA,KR,9,106,76,182
201516,paritaria,SCUOLA PRIMARIA,LC,73,771,781,1552
201516,paritaria,SCUOLA PRIMARIA,LE,49,500,511,1011
201516,paritaria,SCUOLA PRIMARIA,LI,41,466,499,965
201516,paritaria,SCUOLA PRIMARIA,LO,37,415,385,800
201516,paritaria,SCUOLA PRIMARIA,LT,55,567,583,1150
201516,paritaria,SCUOLA PRIMARIA,LU,33,339,297,636
201516,paritaria,SCUOLA PRIMARIA,MC,5,59,68,127
201516,paritaria,SCUOLA PRIMARIA,ME,63,544,521,1065
201516,paritaria,SCUOLA PRIMARIA,MI,915,10324,9615,19939
201516,paritaria,SCUOLA PRIMARIA,MN,16,142,125,267
201516,paritaria,SCUOLA PRIMARIA,MO,85,895,881,1776
201516,paritaria,SCUOLA PRIMARIA,MS,27,247,238,485
201516,paritaria,SCUOLA PRIMARIA,MT,5,65,50,115
201516,paritaria,SCUOLA PRIMARIA,NA,1468,12441,11289,23730
201516,paritaria,SCUOLA PRIMARIA,NO,58,598,660,1258
201516,paritaria,SCUOLA PRIMARIA,OR,5,68,57,125
201516,paritaria,SCUOLA PRIMARIA,PA,212,1873,1846,3719
201516,paritaria,SCUOLA PRIMARIA,PC,15,131,115,246
201516,paritaria,SCUOLA PRIMARIA,PD,121,1286,1331,2617
201516,paritaria,SCUOLA PRIMARIA,PE,49,472,431,903
201516,paritaria,SCUOLA PRIMARIA,PG,41,360,312,672
201516,paritaria,SCUOLA PRIMARIA,PI,16,169,161,330
201516,paritaria,SCUOLA PRIMARIA,PN,18,186,158,344
201516,paritaria,SCUOLA PRIMARIA,PO,55,657,592,1249
201516,paritaria,SCUOLA PRIMARIA,PR,62,678,622,1300
201516,paritaria,SCUOLA PRIMARIA,PS,21,195,198,393
201516,paritaria,SCUOLA PRIMARIA,PT,20,191,185,376
201516,paritaria,SCUOLA PRIMARIA,PV,58,607,584,1191
201516,paritaria,SCUOLA PRIMARIA,PZ,11,92,109,201
201516,paritaria,SCUOLA PRIMARIA,RA,46,553,532,1085
201516,paritaria,SCUOLA PRIMARIA,RC,67,592,514,1106
201516,paritaria,SCUOLA PRIMARIA,RE,65,712,723,1435
201516,paritaria,SCUOLA PRIMARIA,RG,35,257,272,529
201516,paritaria,SCUOLA PRIMARIA,RI,5,43,32,75
201516,paritaria,SCUOLA PRIMARIA,RM,1175,12495,12133,24628
201516,paritaria,SCUOLA PRIMARIA,RN,80,866,797,1663
201516,paritaria,SCUOLA PRIMARIA,RO,15,146,121,267
201516,paritaria,SCUOLA PRIMARIA,SA,136,1099,1028,2127
201516,paritaria,SCUOLA PRIMARIA,SI,15,151,149,300
201516,paritaria,SCUOLA PRIMARIA,SO,6,56,35,91
201516,paritaria,SCUOLA PRIMARIA,SP,32,346,309,655
201516,paritaria,SCUOLA PRIMARIA,SR,28,210,194,404
201516,paritaria,SCUOLA PRIMARIA,SS,28,239,247,486
201516,paritaria,SCUOLA PRIMARIA,SV,30,293,295,588
201516,paritaria,SCUOLA PRIMARIA,TA,34,321,317,638
201516,paritaria,SCUOLA PRIMARIA,TE,1,3,7,10
201516,paritaria,SCUOLA PRIMARIA,TO,357,3944,3763,7707
201516,paritaria,SCUOLA PRIMARIA,TP,19,89,56,145
201516,paritaria,SCUOLA PRIMARIA,TR,9,63,64,127
201516,paritaria,SCUOLA PRIMARIA,TS,35,341,373,714
201516,paritaria,SCUOLA PRIMARIA,TV,151,1582,1417,2999
201516,paritaria,SCUOLA PRIMARIA,UD,47,439,380,819
201516,paritaria,SCUOLA PRIMARIA,VA,164,1621,1532,3153
201516,paritaria,SCUOLA PRIMARIA,VB,13,153,112,265
201516,paritaria,SCUOLA PRIMARIA,VC,17,170,162,332
201516,paritaria,SCUOLA PRIMARIA,VE,81,879,807,1686
201516,paritaria,SCUOLA PRIMARIA,VI,94,1007,957,1964
201516,paritaria,SCUOLA PRIMARIA,VR,120,1271,1191,2462
201516,paritaria,SCUOLA PRIMARIA,VT,38,326,351,677
201516,paritaria,SCUOLA PRIMARIA,VV,8,65,60,125
201516,paritaria,SCUOLA SECONDARIA I GRADO,AL,27,276,261,537
201516,paritaria,SCUOLA SECONDARIA I GRADO,AN,3,30,37,67
201516,paritaria,SCUOLA SECONDARIA I GRADO,AP,12,94,85,179
201516,paritaria,SCUOLA SECONDARIA I GRADO,AQ,6,64,67,131
201516,paritaria,SCUOLA SECONDARIA I GRADO,AR,3,25,19,44
201516,paritaria,SCUOLA SECONDARIA I GRADO,AT,3,29,28,57
201516,paritaria,SCUOLA SECONDARIA I GRADO,BA,9,66,73,139
201516,paritaria,SCUOLA SECONDARIA I GRADO,BG,144,1840,1553,3393
201516,paritaria,SCUOLA SECONDARIA I GRADO,BI,4,40,29,69
201516,paritaria,SCUOLA SECONDARIA I GRADO,BL,9,108,95,203
201516,paritaria,SCUOLA SECONDARIA I GRADO,BN,3,36,12,48
201516,paritaria,SCUOLA SECONDARIA I GRADO,BO,70,819,765,1584
201516,paritaria,SCUOLA SECONDARIA I GRADO,BS,124,1500,1265,2765
201516,paritaria,SCUOLA SECONDARIA I GRADO,CA,27,314,292,606
201516,paritaria,SCUOLA SECONDARIA I GRADO,CE,11,122,75,197
201516,paritaria,SCUOLA SECONDARIA I GRADO,CN,9,110,56,166
201516,paritaria,SCUOLA SECONDARIA I GRADO,CO,64,729,697,1426
201516,paritaria,SCUOLA SECONDARIA I GRADO,CR,19,228,187,415
201516,paritaria,SCUOLA SECONDARIA I GRADO,CS,10,81,65,146
201516,paritaria,SCUOLA SECONDARIA I GRADO,CT,36,266,281,547
201516,paritaria,SCUOLA SECONDARIA I GRADO,CZ,8,62,58,120
201516,paritaria,SCUOLA SECONDARIA I GRADO,FE,9,83,64,147
201516,paritaria,SCUOLA SECONDARIA I GRADO,FG,5,44,41,85
201516,paritaria,SCUOLA SECONDARIA I GRADO,FI,62,623,624,1247
201516,paritaria,SCUOLA SECONDARIA I GRADO,FO,15,145,153,298
201516,paritaria,SCUOLA SECONDARIA I GRADO,FR,10,92,75,167
201516,paritaria,SCUOLA SECONDARIA I GRADO,GE,63,650,611,1261
201516,paritaria,SCUOLA SECONDARIA I GRADO,GO,3,13,7,20
201516,paritaria,SCUOLA SECONDARIA I GRADO,GR,3,33,32,65
201516,paritaria,SCUOLA SECONDARIA I GRADO,IM,9,111,88,199
201516,paritaria,SCUOLA SECONDARIA I GRADO,KR,6,48,31,79
201516,paritaria,SCUOLA SECONDARIA I GRADO,LC,41,507,430,937
201516,paritaria,SCUOLA SECONDARIA I GRADO,LE,7,76,96,172
201516,paritaria,SCUOLA SECONDARIA I GRADO,LI,6,76,54,130
201516,paritaria,SCUOLA SECONDARIA I GRADO,LO,13,152,120,272
201516,paritaria,SCUOLA SECONDARIA I GRADO,LT,7,67,61,128
201516,paritaria,SCUOLA SECONDARIA I GRADO,LU,4,38,20,58
201516,paritaria,SCUOLA SECONDARIA I GRADO,MC,1,10,7,17
201516,paritaria,SCUOLA SECONDARIA I GRADO,ME,16,159,156,315
201516,paritaria,SCUOLA SECONDARIA I GRADO,MI,505,5986,5569,11555
201516,paritaria,SCUOLA SECONDARIA I GRADO,MN,8,69,66,135
201516,paritaria,SCUOLA SECONDARIA I GRADO,MO,22,251,229,480
201516,paritaria,SCUOLA SECONDARIA I GRADO,NA,117,1011,950,1961
201516,paritaria,SCUOLA SECONDARIA I GRADO,NO,40,498,441,939
201516,paritaria,SCUOLA SECONDARIA I GRADO,PA,34,370,338,708
201516,paritaria,SCUOLA SECONDARIA I GRADO,PC,5,38,28,66
201516,paritaria,SCUOLA SECONDARIA I GRADO,PD,44,542,475,1017
201516,paritaria,SCUOLA SECONDARIA I GRADO,PE,13,90,57,147
201516,paritaria,SCUOLA SECONDARIA I GRADO,PG,9,67,69,136
201516,paritaria,SCUOLA SECONDARIA I GRADO,PI,3,25,30,55
201516,paritaria,SCUOLA SECONDARIA I GRADO,PN,19,255,189,444
201516,paritaria,SCUOLA SECONDARIA I GRADO,PO,6,78,62,140
201516,paritaria,SCUOLA SECONDARIA I GRADO,PR,36,422,378,800
201516,paritaria,SCUOLA SECONDARIA I GRADO,PS,3,27,37,64
201516,paritaria,SCUOLA SECONDARIA I GRADO,PT,6,73,68,141
201516,paritaria,SCUOLA SECONDARIA I GRADO,PV,31,322,297,619
201516,paritaria,SCUOLA SECONDARIA I GRADO,RA,20,225,232,457
201516,paritaria,SCUOLA SECONDARIA I GRADO,RC,9,69,39,108
201516,paritaria,SCUOLA SECONDARIA I GRADO,RE,22,259,259,518
201516,paritaria,SCUOLA SECONDARIA I GRADO,RI,2,11,5,16
201516,paritaria,SCUOLA SECONDARIA I GRADO,RM,362,3805,3778,7583
201516,paritaria,SCUOLA SECONDARIA I GRADO,RN,22,236,248,484
201516,paritaria,SCUOLA SECONDARIA I GRADO,RO,3,18,14,32
201516,paritaria,SCUOLA SECONDARIA I GRADO,SA,15,94,63,157
201516,paritaria,SCUOLA SECONDARIA I GRADO,SI,3,37,28,65
201516,paritaria,SCUOLA SECONDARIA I GRADO,SO,3,28,33,61
201516,paritaria,SCUOLA SECONDARIA I GRADO,SP,3,30,28,58
201516,paritaria,SCUOLA SECONDARIA I GRADO,SR,6,39,15,54
201516,paritaria,SCUOLA SECONDARIA I GRADO,SV,13,148,116,264
201516,paritaria,SCUOLA SECONDARIA I GRADO,TA,9,69,120,189
201516,paritaria,SCUOLA SECONDARIA I GRADO,TO,166,1962,1702,3664
201516,paritaria,SCUOLA SECONDARIA I GRADO,TR,2,15,15,30
201516,paritaria,SCUOLA SECONDARIA I GRADO,TS,3,11,22,33
201516,paritaria,SCUOLA SECONDARIA I GRADO,TV,82,975,751,1726
201516,paritaria,SCUOLA SECONDARIA I GRADO,UD,38,428,316,744
201516,paritaria,SCUOLA SECONDARIA I GRADO,VA,108,1222,1072,2294
201516,paritaria,SCUOLA SECONDARIA I GRADO,VB,4,39,34,73
201516,paritaria,SCUOLA SECONDARIA I GRADO,VE,36,393,308,701
201516,paritaria,SCUOLA SECONDARIA I GRADO,VI,43,489,371,860
201516,paritaria,SCUOLA SECONDARIA I GRADO,VR,92,1119,848,1967
201516,paritaria,SCUOLA SECONDARIA I GRADO,VT,12,95,111,206
201516,paritaria,SCUOLA SECONDARIA II GRADO,AG,112,634,252,886
201516,paritaria,SCUOLA SECONDARIA II GRADO,AL,25,184,201,385
201516,paritaria,SCUOLA SECONDARIA II GRADO,AN,29,130,63,193
201516,paritaria,SCUOLA SECONDARIA II GRADO,AP,56,495,239,734
201516,paritaria,SCUOLA SECONDARIA II GRADO,AQ,17,80,47,127
201516,paritaria,SCUOLA SECONDARIA II GRADO,AR,12,56,98,154
201516,paritaria,SCUOLA SECONDARIA II GRADO,AT,31,140,149,289
201516,paritaria,SCUOLA SECONDARIA II GRADO,AV,65,530,308,838
201516,paritaria,SCUOLA SECONDARIA II GRADO,BA,81,703,355,1058
201516,paritaria,SCUOLA SECONDARIA II GRADO,BG,218,2059,1409,3468
201516,paritaria,SCUOLA SECONDARIA II GRADO,BL,28,143,234,377
201516,paritaria,SCUOLA SECONDARIA II GRADO,BN,47,335,258,593
201516,paritaria,SCUOLA SECONDARIA II GRADO,BO,101,1030,710,1740
201516,paritaria,SCUOLA SECONDARIA II GRADO,BR,19,89,67,156
201516,paritaria,SCUOLA SECONDARIA II GRADO,BS,187,1627,1528,3155
201516,paritaria,SCUOLA SECONDARIA II GRADO,CA,66,402,309,711
201516,paritaria,SCUOLA SECONDARIA II GRADO,CE,168,1393,695,2088
201516,paritaria,SCUOLA SECONDARIA II GRADO,CH,38,166,76,242
201516,paritaria,SCUOLA SECONDARIA II GRADO,CL,30,185,116,301
201516,paritaria,SCUOLA SECONDARIA II GRADO,CN,19,64,38,102
201516,paritaria,SCUOLA SECONDARIA II GRADO,CO,136,1064,892,1956
201516,paritaria,SCUOLA SECONDARIA II GRADO,CR,34,244,284,528
201516,paritaria,SCUOLA SECONDARIA II GRADO,CS,66,193,293,486
201516,paritaria,SCUOLA SECONDARIA II GRADO,CT,291,1502,1131,2633
201516,paritaria,SCUOLA SECONDARIA II GRADO,CZ,24,124,148,272
201516,paritaria,SCUOLA SECONDARIA II GRADO,EN,30,192,127,319
201516,paritaria,SCUOLA SECONDARIA II GRADO,FE,1,8,5,13
201516,paritaria,SCUOLA SECONDARIA II GRADO,FG,17,142,56,198
201516,paritaria,SCUOLA SECONDARIA II GRADO,FI,133,1018,685,1703
201516,paritaria,SCUOLA SECONDARIA II GRADO,FO,10,84,51,135
201516,paritaria,SCUOLA SECONDARIA II GRADO,FR,33,184,176,360
201516,paritaria,SCUOLA SECONDARIA II GRADO,GE,141,943,1651,2594
201516,paritaria,SCUOLA SECONDARIA II GRADO,GO,6,40,25,65
201516,paritaria,SCUOLA SECONDARIA II GRADO,GR,16,76,39,115
201516,paritaria,SCUOLA SECONDARIA II GRADO,IM,2,9,7,16
201516,paritaria,SCUOLA SECONDARIA II GRADO,KR,10,54,56,110
201516,paritaria,SCUOLA SECONDARIA II GRADO,LC,74,586,479,1065
201516,paritaria,SCUOLA SECONDARIA II GRADO,LE,38,262,155,417
201516,paritaria,SCUOLA SECONDARIA II GRADO,LI,31,183,110,293
201516,paritaria,SCUOLA SECONDARIA II GRADO,LO,7,70,36,106
201516,paritaria,SCUOLA SECONDARIA II GRADO,LT,54,363,257,620
201516,paritaria,SCUOLA SECONDARIA II GRADO,LU,11,35,29,64
201516,paritaria,SCUOLA SECONDARIA II GRADO,MC,30,160,169,329
201516,paritaria,SCUOLA SECONDARIA II GRADO,ME,105,553,414,967
201516,paritaria,SCUOLA SECONDARIA II GRADO,MI,849,8278,7660,15938
201516,paritaria,SCUOLA SECONDARIA II GRADO,MN,20,120,96,216
201516,paritaria,SCUOLA SECONDARIA II GRADO,MO,36,282,231,513
201516,paritaria,SCUOLA SECONDARIA II GRADO,MS,10,61,38,99
201516,paritaria,SCUOLA SECONDARIA II GRADO,MT,29,120,101,221
201516,paritaria,SCUOLA SECONDARIA II GRADO,NA,952,7700,5204,12904
201516,paritaria,SCUOLA SECONDARIA II GRADO,NO,62,426,347,773
201516,paritaria,SCUOLA SECONDARIA II GRADO,NU,6,10,58,68
201516,paritaria,SCUOLA SECONDARIA II GRADO,PA,334,2126,1668,3794
201516,paritaria,SCUOLA SECONDARIA II GRADO,PC,15,149,81,230
201516,paritaria,SCUOLA SECONDARIA II GRADO,PD,77,717,551,1268
201516,paritaria,SCUOLA SECONDARIA II GRADO,PE,64,361,209,570
201516,paritaria,SCUOLA SECONDARIA II GRADO,PG,29,158,110,268
201516,paritaria,SCUOLA SECONDARIA II GRADO,PI,5,60,39,99
201516,paritaria,SCUOLA SECONDARIA II GRADO,PN,28,221,168,389
201516,paritaria,SCUOLA SECONDARIA II GRADO,PO,9,69,48,117
201516,paritaria,SCUOLA SECONDARIA II GRADO,PR,16,134,126,260
201516,paritaria,SCUOLA SECONDARIA II GRADO,PS,15,178,53,231
201516,paritaria,SCUOLA SECONDARIA II GRADO,PT,14,154,107,261
201516,paritaria,SCUOLA SECONDARIA II GRADO,PV,80,441,344,785
201516,paritaria,SCUOLA SECONDARIA II GRADO,PZ,7,27,21,48
201516,paritaria,SCUOLA SECONDARIA II GRADO,RA,16,69,107,176
201516,paritaria,SCUOLA SECONDARIA II GRADO,RC,65,343,210,553
201516,paritaria,SCUOLA SECONDARIA II GRADO,RE,18,146,146,292
201516,paritaria,SCUOLA SECONDARIA II GRADO,RG,54,291,214,505
201516,paritaria,SCUOLA SECONDARIA II GRADO,RM,958,7671,5375,13046
201516,paritaria,SCUOLA SECONDARIA II GRADO,RN,38,256,375,631
201516,paritaria,SCUOLA SECONDARIA II GRADO,SA,343,2522,1241,3763
201516,paritaria,SCUOLA SECONDARIA II GRADO,SI,5,51,41,92
201516,paritaria,SCUOLA SECONDARIA II GRADO,SO,7,30,14,44
201516,paritaria,SCUOLA SECONDARIA II GRADO,SR,51,315,186,501
201516,paritaria,SCUOLA SECONDARIA II GRADO,SS,48,161,75,236
201516,paritaria,SCUOLA SECONDARIA II GRADO,SV,16,122,136,258
201516,paritaria,SCUOLA SECONDARIA II GRADO,TA,71,499,183,682
201516,paritaria,SCUOLA SECONDARIA II GRADO,TE,19,216,86,302
201516,paritaria,SCUOLA SECONDARIA II GRADO,TO,259,2290,1808,4098
201516,paritaria,SCUOLA SECONDARIA II GRADO,TP,29,147,206,353
201516,paritaria,SCUOLA SECONDARIA II GRADO,TR,2,6,9,15
201516,paritaria,SCUOLA SECONDARIA II GRADO,TV,151,1169,879,2048
201516,paritaria,SCUOLA SECONDARIA II GRADO,UD,35,425,132,557
201516,paritaria,SCUOLA SECONDARIA II GRADO,VA,228,2006,1364,3370
201516,paritaria,SCUOLA SECONDARIA II GRADO,VB,14,100,91,191
201516,paritaria,SCUOLA SECONDARIA II GRADO,VE,77,479,374,853
201516,paritaria,SCUOLA SECONDARIA II GRADO,VI,73,458,354,812
201516,paritaria,SCUOLA SECONDARIA II GRADO,VR,182,2005,1415,3420
201516,paritaria,SCUOLA SECONDARIA II GRADO,VT,36,209,114,323
201516,paritaria,SCUOLA SECONDARIA II GRADO,VV,11,96,41,137
201516,statale,SCUOLA PRIMARIA,AG,1111,10786,10054,20840
201516,statale,SCUOLA PRIMARIA,AL,937,8323,7673,15996
201516,statale,SCUOLA PRIMARIA,AN,1086,11074,10388,21462
201516,statale,SCUOLA PRIMARIA,AP,830,8100,7493,15593
201516,statale,SCUOLA PRIMARIA,AQ,662,5761,5288,11049
201516,statale,SCUOLA PRIMARIA,AR,755,7236,6967,14203
201516,statale,SCUOLA PRIMARIA,AT,489,4636,4310,8946
201516,statale,SCUOLA PRIMARIA,AV,1068,9014,8479,17493
201516,statale,SCUOLA PRIMARIA,BA,3673,39063,36530,75593
201516,statale,SCUOLA PRIMARIA,BG,2610,26511,25085,51596
201516,statale,SCUOLA PRIMARIA,BI,412,3477,3280,6757
201516,statale,SCUOLA PRIMARIA,BL,491,4249,3939,8188
201516,statale,SCUOLA PRIMARIA,BN,712,5948,5589,11537
201516,statale,SCUOLA PRIMARIA,BO,1938,21524,20138,41662
201516,statale,SCUOLA PRIMARIA,BR,868,9133,8500,17633
201516,statale,SCUOLA PRIMARIA,BS,3033,30545,28865,59410
201516,statale,SCUOLA PRIMARIA,CA,1592,14761,13903,28664
201516,statale,SCUOLA PRIMARIA,CB,559,4585,4207,8792
201516,statale,SCUOLA PRIMARIA,CE,2526,22901,21723,44624
201516,statale,SCUOLA PRIMARIA,CH,923,8447,8062,16509
201516,statale,SCUOLA PRIMARIA,CL,646,6790,6236,13026
201516,statale,SCUOLA PRIMARIA,CN,1494,13901,13139,27040
201516,statale,SCUOLA PRIMARIA,CO,1316,13456,12744,26200
201516,statale,SCUOLA PRIMARIA,CR,753,7742,6978,14720
201516,statale,SCUOLA PRIMARIA,CS,1985,15681,14719,30400
201516,statale,SCUOLA PRIMARIA,CT,2744,27696,25898,53594
201516,statale,SCUOLA PRIMARIA,CZ,960,8040,7599,15639
201516,statale,SCUOLA PRIMARIA,EN,462,4029,3708,7737
201516,statale,SCUOLA PRIMARIA,FE,675,6863,6326,13189
201516,statale,SCUOLA PRIMARIA,FG,1599,16222,15339,31561
201516,statale,SCUOLA PRIMARIA,FI,1844,20804,19349,40153
201516,statale,SCUOLA PRIMARIA,FO,882,8893,8505,17398
201516,statale,SCUOLA PRIMARIA,FR,1194,10517,9884,20401
201516,statale,SCUOLA PRIMARIA,GE,1516,15065,14459,29524
201516,statale,SCUOLA PRIMARIA,GO,297,2876,2622,5498
201516,statale,SCUOLA PRIMARIA,GR,480,4574,4193,8767
201516,statale,SCUOLA PRIMARIA,IM,440,3943,3751,7694
201516,statale,SCUOLA PRIMARIA,IS,212,1628,1522,3150
201516,statale,SCUOLA PRIMARIA,KR,477,4589,4269,8858
201516,statale,SCUOLA PRIMARIA,LC,756,7541,7113,14654
201516,statale,SCUOLA PRIMARIA,LE,1707,17502,16404,33906
201516,statale,SCUOLA PRIMARIA,LI,612,6854,6353,13207
201516,statale,SCUOLA PRIMARIA,LO,508,5244,4837,10081
201516,statale,SCUOLA PRIMARIA,LT,1262,12946,12556,25502
201516,statale,SCUOLA PRIMARIA,LU,869,8392,7762,16154
201516,statale,SCUOLA PRIMARIA,MC,736,7021,6742,13763
201516,statale,SCUOLA PRIMARIA,ME,1684,13608,12685,26293
201516,statale,SCUOLA PRIMARIA,MI,7898,87566,82308,169874
201516,statale,SCUOLA PRIMARIA,MN,974,9726,9075,18801
201516,statale,SCUOLA PRIMARIA,MO,1459,16393,15354,31747
201516,statale,SCUOLA PRIMARIA,MS,398,3786,3472,7258
201516,statale,SCUOLA PRIMARIA,MT,448,4474,4089,8563
201516,statale,SCUOLA PRIMARIA,NA,7739,77337,72946,150283
201516,statale,SCUOLA PRIMARIA,NO,806,7830,7559,15389
201516,statale,SCUOLA PRIMARIA,NU,613,5226,4766,9992
201516,statale,SCUOLA PRIMARIA,OR,357,2971,2638,5609
201516,statale,SCUOLA PRIMARIA,PA,3132,31201,29288,60489
201516,statale,SCUOLA PRIMARIA,PC,606,6141,5866,12007
201516,statale,SCUOLA PRIMARIA,PD,2079,20924,19692,40616
201516,statale,SCUOLA PRIMARIA,PE,707,7059,6666,13725
201516,statale,SCUOLA PRIMARIA,PG,1607,15037,14168,29205
201516,statale,SCUOLA PRIMARIA,PI,890,9507,8812,18319
201516,statale,SCUOLA PRIMARIA,PN,766,7501,6986,14487
201516,statale,SCUOLA PRIMARIA,PO,500,5900,5420,11320
201516,statale,SCUOLA PRIMARIA,PR,869,9602,8914,18516
201516,statale,SCUOLA PRIMARIA,PS,852,8392,7839,16231
201516,statale,SCUOLA PRIMARIA,PT,615,6442,6025,12467
201516,statale,SCUOLA PRIMARIA,PV,1128,11181,10588,21769
201516,statale,SCUOLA PRIMARIA,PZ,921,7983,7326,15309
201516,statale,SCUOLA PRIMARIA,RA,768,8497,7924,16421
201516,statale,SCUOLA PRIMARIA,RC,1521,13206,12396,25602
201516,statale,SCUOLA PRIMARIA,RE,1221,13100,12225,25325
201516,statale,SCUOLA PRIMARIA,RG,763,7895,7359,15254
201516,statale,SCUOLA PRIMARIA,RI,383,3221,2928,6149
201516,statale,SCUOLA PRIMARIA,RM,8610,91826,85571,177397
201516,statale,SCUOLA PRIMARIA,RN,690,7431,6996,14427
201516,statale,SCUOLA PRIMARIA,RO,522,4674,4339,9013
201516,statale,SCUOLA PRIMARIA,SA,2816,25483,24091,49574
201516,statale,SCUOLA PRIMARIA,SI,569,5786,5378,11164
201516,statale,SCUOLA PRIMARIA,SO,463,4159,3915,8074
201516,statale,SCUOLA PRIMARIA,SP,453,4137,3882,8019
201516,statale,SCUOLA PRIMARIA,SR,916,9828,8880,18708
201516,statale,SCUOLA PRIMARIA,SS,1056,10147,9526,19673
201516,statale,SCUOLA PRIMARIA,SV,578,5415,4921,10336
201516,statale,SCUOLA PRIMARIA,TA,1316,13884,13196,27080
201516,statale,SCUOLA PRIMARIA,TE,712,6726,6429,13155
201516,statale,SCUOLA PRIMARIA,TO,4583,48338,44681,93019
201516,statale,SCUOLA PRIMARIA,TP,1089,10048,9603,19651
201516,statale,SCUOLA PRIMARIA,TR,516,4780,4451,9231
201516,statale,SCUOLA PRIMARIA,TS,457,4198,3943,8141
201516,statale,SCUOLA PRIMARIA,TV,2203,21146,20286,41432
201516,statale,SCUOLA PRIMARIA,UD,1212,10835,10463,21298
201516,statale,SCUOLA PRIMARIA,VA,1820,20099,18671,38770
201516,statale,SCUOLA PRIMARIA,VB,404,3102,2975,6077
201516,statale,SCUOLA PRIMARIA,VC,405,3449,3246,6695
201516,statale,SCUOLA PRIMARIA,VE,1772,18511,17118,35629
201516,statale,SCUOLA PRIMARIA,VI,2173,21203,20110,41313
201516,statale,SCUOLA PRIMARIA,VR,2169,21745,20520,42265
201516,statale,SCUOLA PRIMARIA,VT,659,6488,6117,12605
201516,statale,SCUOLA PRIMARIA,VV,495,3862,3725,7587
201516,statale,SCUOLA SECONDARIA I GRADO,AG,675,7240,6807,14047
201516,statale,SCUOLA SECONDARIA I GRADO,AL,494,5024,4730,9754
201516,statale,SCUOLA SECONDARIA I GRADO,AN,577,6725,6121,12846
201516,statale,SCUOLA SECONDARIA I GRADO,AP,459,5174,4646,9820
201516,statale,SCUOLA SECONDARIA I GRADO,AQ,381,3791,3385,7176
201516,statale,SCUOLA SECONDARIA I GRADO,AR,425,4641,4384,9025
201516,statale,SCUOLA SECONDARIA I GRADO,AT,244,2837,2719,5556
201516,statale,SCUOLA SECONDARIA I GRADO,AV,676,6189,5802,11991
201516,statale,SCUOLA SECONDARIA I GRADO,BA,2196,25673,24418,50091
201516,statale,SCUOLA SECONDARIA I GRADO,BG,1426,15961,14972,30933
201516,statale,SCUOLA SECONDARIA I GRADO,BI,217,2275,2083,4358
201516,statale,SCUOLA SECONDARIA I GRADO,BL,282,2817,2610,5427
201516,statale,SCUOLA SECONDARIA I GRADO,BN,422,4090,3777,7867
201516,statale,SCUOLA SECONDARIA I GRADO,BO,1065,12726,11699,24425
201516,statale,SCUOLA SECONDARIA I GRADO,BR,531,5926,5522,11448
201516,statale,SCUOLA SECONDARIA I GRADO,BS,1637,18258,16808,35066
201516,statale,SCUOLA SECONDARIA I GRADO,CA,1003,9921,8910,18831
201516,statale,SCUOLA SECONDARIA I GRADO,CB,311,3143,2853,5996
201516,statale,SCUOLA SECONDARIA I GRADO,CE,1648,16327,15512,31839
201516,statale,SCUOLA SECONDARIA I GRADO,CH,504,5299,4848,10147
201516,statale,SCUOLA SECONDARIA I GRADO,CL,428,4742,4453,9195
201516,statale,SCUOLA SECONDARIA I GRADO,CN,810,8451,7907,16358
201516,statale,SCUOLA SECONDARIA I GRADO,CO,693,7907,7282,15189
201516,statale,SCUOLA SECONDARIA I GRADO,CR,406,4731,4167,8898
201516,statale,SCUOLA SECONDARIA I GRADO,CS,1094,10098,9454,19552
201516,statale,SCUOLA SECONDARIA I GRADO,CT,1691,18312,17170,35482
201516,statale,SCUOLA SECONDARIA I GRADO,CZ,576,5283,4897,10180
201516,statale,SCUOLA SECONDARIA I GRADO,EN,272,2655,2467,5122
201516,statale,SCUOLA SECONDARIA I GRADO,FE,367,4081,3866,7947
201516,statale,SCUOLA SECONDARIA I GRADO,FG,1045,11504,10764,22268
201516,statale,SCUOLA SECONDARIA I GRADO,FI,1107,13768,12445,26213
201516,statale,SCUOLA SECONDARIA I GRADO,FO,469,5480,5036,10516
201516,statale,SCUOLA SECONDARIA I GRADO,FR,676,6668,6296,12964
201516,statale,SCUOLA SECONDARIA I GRADO,GE,890,9977,9387,19364
201516,statale,SCUOLA SECONDARIA I GRADO,GO,171,1895,1690,3585
201516,statale,SCUOLA SECONDARIA I GRADO,GR,271,2835,2600,5435
201516,statale,SCUOLA SECONDARIA I GRADO,IM,235,2638,2306,4944
201516,statale,SCUOLA SECONDARIA I GRADO,IS,115,1003,936,1939
201516,statale,SCUOLA SECONDARIA I GRADO,KR,297,2986,2695,5681
201516,statale,SCUOLA SECONDARIA I GRADO,LC,381,4317,4309,8626
201516,statale,SCUOLA SECONDARIA I GRADO,LE,1061,11709,11094,22803
201516,statale,SCUOLA SECONDARIA I GRADO,LI,376,4422,4057,8479
201516,statale,SCUOLA SECONDARIA I GRADO,LO,280,3126,2981,6107
201516,statale,SCUOLA SECONDARIA I GRADO,LT,751,8366,7752,16118
201516,statale,SCUOLA SECONDARIA I GRADO,LU,460,5195,4883,10078
201516,statale,SCUOLA SECONDARIA I GRADO,MC,404,4463,3959,8422
201516,statale,SCUOLA SECONDARIA I GRADO,ME,923,8770,8257,17027
201516,statale,SCUOLA SECONDARIA I GRADO,MI,4644,52446,48552,100998
201516,statale,SCUOLA SECONDARIA I GRADO,MN,505,5744,5256,11000
201516,statale,SCUOLA SECONDARIA I GRADO,MO,849,9997,9149,19146
201516,statale,SCUOLA SECONDARIA I GRADO,MS,224,2383,2204,4587
201516,statale,SCUOLA SECONDARIA I GRADO,MT,293,3017,2901,5918
201516,statale,SCUOLA SECONDARIA I GRADO,NA,5243,57305,53828,111133
201516,statale,SCUOLA SECONDARIA I GRADO,NO,440,4821,4379,9200
201516,statale,SCUOLA SECONDARIA I GRADO,NU,382,3391,3040,6431
201516,statale,SCUOLA SECONDARIA I GRADO,OR,220,2007,1816,3823
201516,statale,SCUOLA SECONDARIA I GRADO,PA,2078,21166,19636,40802
201516,statale,SCUOLA SECONDARIA I GRADO,PC,356,3720,3540,7260
201516,statale,SCUOLA SECONDARIA I GRADO,PD,1145,13195,12076,25271
201516,statale,SCUOLA SECONDARIA I GRADO,PE,436,4631,4310,8941
201516,statale,SCUOLA SECONDARIA I GRADO,PG,838,9180,8411,17591
201516,statale,SCUOLA SECONDARIA I GRADO,PI,510,5762,5228,10990
201516,statale,SCUOLA SECONDARIA I GRADO,PN,384,4159,4038,8197
201516,statale,SCUOLA SECONDARIA I GRADO,PO,312,3812,3531,7343
201516,statale,SCUOLA SECONDARIA I GRADO,PR,478,5536,5065,10601
201516,statale,SCUOLA SECONDARIA I GRADO,PS,458,5143,4852,9995
201516,statale,SCUOLA SECONDARIA I GRADO,PT,352,4025,3598,7623
201516,statale,SCUOLA SECONDARIA I GRADO,PV,619,7011,6236,13247
201516,statale,SCUOLA SECONDARIA I GRADO,PZ,565,5354,4927,10281
201516,statale,SCUOLA SECONDARIA I GRADO,RA,417,5144,4702,9846
201516,statale,SCUOLA SECONDARIA I GRADO,RC,832,8591,7866,16457
201516,statale,SCUOLA SECONDARIA I GRADO,RE,686,8077,7152,15229
201516,statale,SCUOLA SECONDARIA I GRADO,RG,442,5217,4821,10038
201516,statale,SCUOLA SECONDARIA I GRADO,RI,206,2063,1844,3907
201516,statale,SCUOLA SECONDARIA I GRADO,RM,5233,58037,53861,111898
201516,statale,SCUOLA SECONDARIA I GRADO,RN,381,4491,4283,8774
201516,statale,SCUOLA SECONDARIA I GRADO,RO,290,2842,2637,5479
201516,statale,SCUOLA SECONDARIA I GRADO,SA,1637,17233,16194,33427
201516,statale,SCUOLA SECONDARIA I GRADO,SI,321,3531,3256,6787
201516,statale,SCUOLA SECONDARIA I GRADO,SO,260,2641,2516,5157
201516,statale,SCUOLA SECONDARIA I GRADO,SP,255,2730,2628,5358
201516,statale,SCUOLA SECONDARIA I GRADO,SR,593,6413,5839,12252
201516,statale,SCUOLA SECONDARIA I GRADO,SS,660,6594,6125,12719
201516,statale,SCUOLA SECONDARIA I GRADO,SV,301,3482,3215,6697
201516,statale,SCUOLA SECONDARIA I GRADO,TA,817,8961,8687,17648
201516,statale,SCUOLA SECONDARIA I GRADO,TE,408,4242,3967,8209
201516,statale,SCUOLA SECONDARIA I GRADO,TO,2660,29749,27813,57562
201516,statale,SCUOLA SECONDARIA I GRADO,TP,627,6999,6498,13497
201516,statale,SCUOLA SECONDARIA I GRADO,TR,278,2916,2716,5632
201516,statale,SCUOLA SECONDARIA I GRADO,TS,274,2901,2624,5525
201516,statale,SCUOLA SECONDARIA I GRADO,TV,1158,13163,12153,25316
201516,statale,SCUOLA SECONDARIA I GRADO,UD,654,6745,6274,13019
201516,statale,SCUOLA SECONDARIA I GRADO,VA,997,11694,11066,22760
201516,statale,SCUOLA SECONDARIA I GRADO,VB,206,2141,1850,3991
201516,statale,SCUOLA SECONDARIA I GRADO,VC,229,2340,2115,4455
201516,statale,SCUOLA SECONDARIA I GRADO,VE,1011,11533,10592,22125
201516,statale,SCUOLA SECONDARIA I GRADO,VI,1226,13386,12728,26114
201516,statale,SCUOLA SECONDARIA I GRADO,VR,1159,12652,11992,24644
201516,statale,SCUOLA SECONDARIA I GRADO,VT,385,4066,3711,7777
201516,statale,SCUOLA SECONDARIA I GRADO,VV,279,2557,2353,4910
201516,statale,SCUOLA SECONDARIA II GRADO,AG,1064,11182,10847,22029
201516,statale,SCUOLA SECONDARIA II GRADO,AL,647,6887,6994,13881
201516,statale,SCUOLA SECONDARIA II GRADO,AN,1037,11219,10163,21382
201516,statale,SCUOLA SECONDARIA II GRADO,AP,843,9260,8530,17790
201516,statale,SCUOLA SECONDARIA II GRADO,AQ,678,6613,6173,12786
201516,statale,SCUOLA SECONDARIA II GRADO,AR,752,8017,7710,15727
201516,statale,SCUOLA SECONDARIA II GRADO,AT,321,3688,3203,6891
201516,statale,SCUOLA SECONDARIA II GRADO,AV,1006,10022,9067,19089
201516,statale,SCUOLA SECONDARIA II GRADO,BA,3862,43107,40608,83715
201516,statale,SCUOLA SECONDARIA II GRADO,BG,1874,21455,21968,43423
201516,statale,SCUOLA SECONDARIA II GRADO,BI,335,3402,3421,6823
201516,statale,SCUOLA SECONDARIA II GRADO,BL,399,4282,3764,8046
201516,statale,SCUOLA SECONDARIA II GRADO,BN,733,7521,7134,14655
201516,statale,SCUOLA SECONDARIA II GRADO,BO,1612,17995,17643,35638
201516,statale,SCUOLA SECONDARIA II GRADO,BR,899,10150,9413,19563
201516,statale,SCUOLA SECONDARIA II GRADO,BS,2190,23231,23419,46650
201516,statale,SCUOLA SECONDARIA II GRADO,CA,1669,15937,15062,30999
201516,statale,SCUOLA SECONDARIA II GRADO,CB,553,5925,5262,11187
201516,statale,SCUOLA SECONDARIA II GRADO,CE,2474,26369,25017,51386
201516,statale,SCUOLA SECONDARIA II GRADO,CH,819,8926,8139,17065
201516,statale,SCUOLA SECONDARIA II GRADO,CL,679,7524,6848,14372
201516,statale,SCUOLA SECONDARIA II GRADO,CN,1164,12150,12593,24743
201516,statale,SCUOLA SECONDARIA II GRADO,CO,822,9289,9054,18343
201516,statale,SCUOLA SECONDARIA II GRADO,CR,704,7990,7557,15547
201516,statale,SCUOLA SECONDARIA II GRADO,CS,1749,17344,16041,33385
201516,statale,SCUOLA SECONDARIA II GRADO,CT,2463,26952,24589,51541
201516,statale,SCUOLA SECONDARIA II GRADO,CZ,908,9018,8546,17564
201516,statale,SCUOLA SECONDARIA II GRADO,EN,451,4105,4134,8239
201516,statale,SCUOLA SECONDARIA II GRADO,FE,660,7286,6962,14248
201516,statale,SCUOLA SECONDARIA II GRADO,FG,1666,17985,17237,35222
201516,statale,SCUOLA SECONDARIA II GRADO,FI,1888,20451,19690,40141
201516,statale,SCUOLA SECONDARIA II GRADO,FO,747,8774,8473,17247
201516,statale,SCUOLA SECONDARIA II GRADO,FR,1140,12185,10632,22817
201516,statale,SCUOLA SECONDARIA II GRADO,GE,1393,16101,14408,30509
201516,statale,SCUOLA SECONDARIA II GRADO,GO,304,2635,2517,5152
201516,statale,SCUOLA SECONDARIA II GRADO,GR,474,4657,4619,9276
201516,statale,SCUOLA SECONDARIA II GRADO,IM,381,4091,3991,8082
201516,statale,SCUOLA SECONDARIA II GRADO,IS,171,1640,1612,3252
201516,statale,SCUOLA SECONDARIA II GRADO,KR,492,4688,4445,9133
201516,statale,SCUOLA SECONDARIA II GRADO,LC,575,6327,6870,13197
201516,statale,SCUOLA SECONDARIA II GRADO,LE,1892,20351,19244,39595
201516,statale,SCUOLA SECONDARIA II GRADO,LI,627,6902,6326,13228
201516,statale,SCUOLA SECONDARIA II GRADO,LO,454,5049,4380,9429
201516,statale,SCUOLA SECONDARIA II GRADO,LT,1328,13152,12012,25164
201516,statale,SCUOLA SECONDARIA II GRADO,LU,772,7905,7533,15438
201516,statale,SCUOLA SECONDARIA II GRADO,MC,700,7107,7259,14366
201516,statale,SCUOLA SECONDARIA II GRADO,ME,1349,14062,12931,26993
201516,statale,SCUOLA SECONDARIA II GRADO,MI,6074,67493,65969,133462
201516,statale,SCUOLA SECONDARIA II GRADO,MN,684,6918,6954,13872
201516,statale,SCUOLA SECONDARIA II GRADO,MO,1425,16593,15461,32054
201516,statale,SCUOLA SECONDARIA II GRADO,MS,447,4392,4030,8422
201516,statale,SCUOLA SECONDARIA II GRADO,MT,524,5870,4961,10831
201516,statale,SCUOLA SECONDARIA II GRADO,NA,7668,83816,78153,161969
201516,statale,SCUOLA SECONDARIA II GRADO,NO,598,6549,6239,12788
201516,statale,SCUOLA SECONDARIA II GRADO,NU,659,5742,5636,11378
201516,statale,SCUOLA SECONDARIA II GRADO,OR,356,3505,3223,6728
201516,statale,SCUOLA SECONDARIA II GRADO,PA,2783,29938,27393,57331
201516,statale,SCUOLA SECONDARIA II GRADO,PC,514,5689,5663,11352
201516,statale,SCUOLA SECONDARIA II GRADO,PD,1615,18010,18168,36178
201516,statale,SCUOLA SECONDARIA II GRADO,PE,716,7801,7396,15197
201516,statale,SCUOLA SECONDARIA II GRADO,PG,1382,14761,13330,28091
201516,statale,SCUOLA SECONDARIA II GRADO,PI,752,8618,7773,16391
201516,statale,SCUOLA SECONDARIA II GRADO,PN,567,6349,5820,12169
201516,statale,SCUOLA SECONDARIA II GRADO,PO,476,5375,4973,10348
201516,statale,SCUOLA SECONDARIA II GRADO,PR,840,9427,9152,18579
201516,statale,SCUOLA SECONDARIA II GRADO,PS,713,7754,7933,15687
201516,statale,SCUOLA SECONDARIA II GRADO,PT,676,6860,6575,13435
201516,statale,SCUOLA SECONDARIA II GRADO,PV,872,9477,8875,18352
201516,statale,SCUOLA SECONDARIA II GRADO,PZ,1015,10061,8976,19037
201516,statale,SCUOLA SECONDARIA II GRADO,RA,673,7565,7089,14654
201516,statale,SCUOLA SECONDARIA II GRADO,RC,1375,14343,13638,27981
201516,statale,SCUOLA SECONDARIA II GRADO,RE,939,10847,10333,21180
201516,statale,SCUOLA SECONDARIA II GRADO,RG,749,7698,7508,15206
201516,statale,SCUOLA SECONDARIA II GRADO,RI,371,3704,3465,7169
201516,statale,SCUOLA SECONDARIA II GRADO,RM,7637,85203,81911,167114
201516,statale,SCUOLA SECONDARIA II GRADO,RN,634,7271,6539,13810
201516,statale,SCUOLA SECONDARIA II GRADO,RO,486,4767,4485,9252
201516,statale,SCUOLA SECONDARIA II GRADO,SA,2660,29486,27339,56825
201516,statale,SCUOLA SECONDARIA II GRADO,SI,585,6082,5349,11431
201516,statale,SCUOLA SECONDARIA II GRADO,SO,380,3934,3788,7722
201516,statale,SCUOLA SECONDARIA II GRADO,SP,412,4596,4103,8699
201516,statale,SCUOLA SECONDARIA II GRADO,SR,1041,10004,9000,19004
201516,statale,SCUOLA SECONDARIA II GRADO,SS,1088,10970,10347,21317
201516,statale,SCUOLA SECONDARIA II GRADO,SV,488,5295,5180,10475
201516,statale,SCUOLA SECONDARIA II GRADO,TA,1363,14433,14029,28462
201516,statale,SCUOLA SECONDARIA II GRADO,TE,591,5851,5565,11416
201516,statale,SCUOLA SECONDARIA II GRADO,TO,3903,43050,42540,85590
201516,statale,SCUOLA SECONDARIA II GRADO,TP,1007,11405,10468,21873
201516,statale,SCUOLA SECONDARIA II GRADO,TR,431,4619,4391,9010
201516,statale,SCUOLA SECONDARIA II GRADO,TS,426,3903,3896,7799
201516,statale,SCUOLA SECONDARIA II GRADO,TV,1739,19873,18648,38521
201516,statale,SCUOLA SECONDARIA II GRADO,UD,1124,11039,10618,21657
201516,statale,SCUOLA SECONDARIA II GRADO,VA,1599,18795,18219,37014
201516,statale,SCUOLA SECONDARIA II GRADO,VB,359,3498,3411,6909
201516,statale,SCUOLA SECONDARIA II GRADO,VC,398,4046,3498,7544
201516,statale,SCUOLA SECONDARIA II GRADO,VE,1469,16388,15519,31907
201516,statale,SCUOLA SECONDARIA II GRADO,VI,1807,19908,19769,39677
201516,statale,SCUOLA SECONDARIA II GRADO,VR,1501,16780,17628,34408
201516,statale,SCUOLA SECONDARIA II GRADO,VT,608,6270,6038,12308
201516,statale,SCUOLA SECONDARIA II GRADO,VV,419,4494,3936,8430
201617,paritaria,SCUOLA PRIMARIA,AG,11,89,107,196
201617,paritaria,SCUOLA PRIMARIA,AL,41,370,384,754
201617,paritaria,SCUOLA PRIMARIA,AN,21,121,108,229
201617,paritaria,SCUOLA PRIMARIA,AP,30,265,260,525
201617,paritaria,SCUOLA PRIMARIA,AQ,38,386,428,814
201617,paritaria,SCUOLA PRIMARIA,AR,32,320,285,605
201617,paritaria,SCUOLA PRIMARIA,AT,11,137,120,257
201617,paritaria,SCUOLA PRIMARIA,AV,37,340,329,669
201617,paritaria,SCUOLA PRIMARIA,BA,95,954,979,1933
201617,paritaria,SCUOLA PRIMARIA,BG,247,2682,2493,5175
201617,paritaria,SCUOLA PRIMARIA,BI,11,99,88,187
201617,paritaria,SCUOLA PRIMARIA,BL,15,178,178,356
201617,paritaria,SCUOLA PRIMARIA,BN,33,267,241,508
201617,paritaria,SCUOLA PRIMARIA,BO,134,1505,1456,2961
201617,paritaria,SCUOLA PRIMARIA,BR,17,163,149,312
201617,paritaria,SCUOLA PRIMARIA,BS,188,2027,1967,3994
201617,paritaria,SCUOLA PRIMARIA,CA,96,925,877,1802
201617,paritaria,SCUOLA PRIMARIA,CB,11,102,93,195
201617,paritaria,SCUOLA PRIMARIA,CE,309,2460,2225,4685
201617,paritaria,SCUOLA PRIMARIA,CH,20,201,172,373
201617,paritaria,SCUOLA PRIMARIA,CL,25,194,179,373
201617,paritaria,SCUOLA PRIMARIA,CN,17,152,138,290
201617,paritaria,SCUOLA PRIMARIA,CO,95,1022,888,1910
201617,paritaria,SCUOLA PRIMARIA,CR,55,583,580,1163
201617,paritaria,SCUOLA PRIMARIA,CS,40,277,293,570
201617,paritaria,SCUOLA PRIMARIA,CT,161,1333,1253,2586
201617,paritaria,SCUOLA PRIMARIA,CZ,16,139,130,269
201617,paritaria,SCUOLA PRIMARIA,FE,27,261,250,511
201617,paritaria,SCUOLA PRIMARIA,FG,106,911,798,1709
201617,paritaria,SCUOLA PRIMARIA,FI,197,2149,2006,4155
201617,paritaria,SCUOLA PRIMARIA,FO,35,392,327,719
201617,paritaria,SCUOLA PRIMARIA,FR,48,428,387,815
201617,paritaria,SCUOLA PRIMARIA,GE,190,2009,1880,3889
201617,paritaria,SCUOLA PRIMARIA,GO,14,91,112,203
201617,paritaria,SCUOLA PRIMARIA,GR,9,106,75,181
201617,paritaria,SCUOLA PRIMARIA,IM,26,265,255,520
201617,paritaria,SCUOLA PRIMARIA,KR,9,96,70,166
201617,paritaria,SCUOLA PRIMARIA,LC,69,757,712,1469
201617,paritaria,SCUOLA PRIMARIA,LE,46,465,466,931
201617,paritaria,SCUOLA PRIMARIA,LI,43,471,486,957
201617,paritaria,SCUOLA PRIMARIA,LO,35,392,362,754
201617,paritaria,SCUOLA PRIMARIA,LT,50,535,573,1108
201617,paritaria,SCUOLA PRIMARIA,LU,33,306,316,622
201617,paritaria,SCUOLA PRIMARIA,MC,5,61,63,124
201617,paritaria,SCUOLA PRIMARIA,ME,62,520,468,988
201617,paritaria,SCUOLA PRIMARIA,MI,906,10249,9457,19706
201617,paritaria,SCUOLA PRIMARIA,MN,16,157,132,289
201617,paritaria,SCUOLA PRIMARIA,MO,88,929,909,1838
201617,paritaria,SCUOLA PRIMARIA,MS,27,233,207,440
201617,paritaria,SCUOLA PRIMARIA,MT,5,71,57,128
201617,paritaria,SCUOLA PRIMARIA,NA,1441,11882,10910,22792
201617,paritaria,SCUOLA PRIMARIA,NO,58,609,671,1280
201617,paritaria,SCUOLA PRIMARIA,OR,5,65,64,129
201617,paritaria,SCUOLA PRIMARIA,PA,202,1724,1716,3440
201617,paritaria,SCUOLA PRIMARIA,PC,15,132,117,249
201617,paritaria,SCUOLA PRIMARIA,PD,127,1381,1371,2752
201617,paritaria,SCUOLA PRIMARIA,PE,46,424,401,825
201617,paritaria,SCUOLA PRIMARIA,PG,41,344,319,663
201617,paritaria,SCUOLA PRIMARIA,PI,16,159,167,326
201617,paritaria,SCUOLA PRIMARIA,PN,19,196,142,338
201617,paritaria,SCUOLA PRIMARIA,PO,54,667,601,1268
201617,paritaria,SCUOLA PRIMARIA,PR,63,702,649,1351
201617,paritaria,SCUOLA PRIMARIA,PS,23,188,189,377
201617,paritaria,SCUOLA PRIMARIA,PT,20,187,184,371
201617,paritaria,SCUOLA PRIMARIA,PV,58,629,553,1182
201617,paritaria,SCUOLA PRIMARIA,PZ,11,88,109,197
201617,paritaria,SCUOLA PRIMARIA,RA,47,553,549,1102
201617,paritaria,SCUOLA PRIMARIA,RC,57,514,455,969
201617,paritaria,SCUOLA PRIMARIA,RE,67,731,747,1478
201617,paritaria,SCUOLA PRIMARIA,RG,35,254,245,499
201617,paritaria,SCUOLA PRIMARIA,RI,5,45,30,75
201617,paritaria,SCUOLA PRIMARIA,RM,1170,12561,12090,24651
201617,paritaria,SCUOLA PRIMARIA,RN,80,841,800,1641
201617,paritaria,SCUOLA PRIMARIA,RO,16,150,133,283
201617,paritaria,SCUOLA PRIMARIA,SA,133,1066,936,2002
201617,paritaria,SCUOLA PRIMARIA,SI,15,144,148,292
201617,paritaria,SCUOLA PRIMARIA,SO,6,52,33,85
201617,paritaria,SCUOLA PRIMARIA,SP,31,320,307,627
201617,paritaria,SCUOLA PRIMARIA,SR,21,193,161,354
201617,paritaria,SCUOLA PRIMARIA,SS,25,200,208,408
201617,paritaria,SCUOLA PRIMARIA,SV,30,268,283,551
201617,paritaria,SCUOLA PRIMARIA,TA,26,249,251,500
201617,paritaria,SCUOLA PRIMARIA,TE,1,3,8,11
201617,paritaria,SCUOLA PRIMARIA,TO,365,4052,3795,7847
201617,paritaria,SCUOLA PRIMARIA,TP,16,86,36,122
201617,paritaria,SCUOLA PRIMARIA,TR,8,51,57,108
201617,paritaria,SCUOLA PRIMARIA,TS,35,313,365,678
201617,paritaria,SCUOLA PRIMARIA,TV,153,1627,1446,3073
201617,paritaria,SCUOLA PRIMARIA,UD,49,441,420,861
201617,paritaria,SCUOLA PRIMARIA,VA,162,1607,1514,3121
201617,paritaria,SCUOLA PRIMARIA,VB,10,134,80,214
201617,paritaria,SCUOLA PRIMARIA,VC,13,137,117,254
201617,paritaria,SCUOLA PRIMARIA,VE,79,870,793,1663
201617,paritaria,SCUOLA PRIMARIA,VI,96,995,972,1967
201617,paritaria,SCUOLA PRIMARIA,VR,120,1266,1174,2440
201617,paritaria,SCUOLA PRIMARIA,VT,36,330,337,667
201617,paritaria,SCUOLA PRIMARIA,VV,5,46,38,84
201617,paritaria,SCUOLA SECONDARIA I GRADO,AL,24,247,228,475
201617,paritaria,SCUOLA SECONDARIA I GRADO,AN,3,33,37,70
201617,paritaria,SCUOLA SECONDARIA I GRADO,AP,11,88,79,167
201617,paritaria,SCUOLA SECONDARIA I GRADO,AQ,6,65,61,126
201617,paritaria,SCUOLA SECONDARIA I GRADO,AR,3,25,20,45
201617,paritaria,SCUOLA SECONDARIA I GRADO,AT,3,23,20,43
201617,paritaria,SCUOLA SECONDARIA I GRADO,BA,12,95,86,181
201617,paritaria,SCUOLA SECONDARIA I GRADO,BG,146,1839,1546,3385
201617,paritaria,SCUOLA SECONDARIA I GRADO,BI,3,36,22,58
201617,paritaria,SCUOLA SECONDARIA I GRADO,BL,8,106,81,187
201617,paritaria,SCUOLA SECONDARIA I GRADO,BN,3,27,14,41
201617,paritaria,SCUOLA SECONDARIA I GRADO,BO,74,879,795,1674
201617,paritaria,SCUOLA SECONDARIA I GRADO,BS,125,1460,1316,2776
201617,paritaria,SCUOLA SECONDARIA I GRADO,CA,26,329,303,632
201617,paritaria,SCUOLA SECONDARIA I GRADO,CE,10,119,65,184
201617,paritaria,SCUOLA SECONDARIA I GRADO,CN,9,121,54,175
201617,paritaria,SCUOLA SECONDARIA I GRADO,CO,64,718,700,1418
201617,paritaria,SCUOLA SECONDARIA I GRADO,CR,20,258,197,455
201617,paritaria,SCUOLA SECONDARIA I GRADO,CS,11,74,71,145
201617,paritaria,SCUOLA SECONDARIA I GRADO,CT,34,295,251,546
201617,paritaria,SCUOLA SECONDARIA I GRADO,CZ,8,63,61,124
201617,paritaria,SCUOLA SECONDARIA I GRADO,FE,10,108,83,191
201617,paritaria,SCUOLA SECONDARIA I GRADO,FG,4,37,35,72
201617,paritaria,SCUOLA SECONDARIA I GRADO,FI,63,680,643,1323
201617,paritaria,SCUOLA SECONDARIA I GRADO,FO,15,165,148,313
201617,paritaria,SCUOLA SECONDARIA I GRADO,FR,9,78,64,142
201617,paritaria,SCUOLA SECONDARIA I GRADO,GE,65,625,597,1222
201617,paritaria,SCUOLA SECONDARIA I GRADO,GO,3,13,5,18
201617,paritaria,SCUOLA SECONDARIA I GRADO,GR,3,40,24,64
201617,paritaria,SCUOLA SECONDARIA I GRADO,IM,9,119,92,211
201617,paritaria,SCUOLA SECONDARIA I GRADO,KR,5,38,20,58
201617,paritaria,SCUOLA SECONDARIA I GRADO,LC,41,507,449,956
201617,paritaria,SCUOLA SECONDARIA I GRADO,LE,7,72,81,153
201617,paritaria,SCUOLA SECONDARIA I GRADO,LI,6,77,62,139
201617,paritaria,SCUOLA SECONDARIA I GRADO,LO,14,146,123,269
201617,paritaria,SCUOLA SECONDARIA I GRADO,LT,4,41,40,81
201617,paritaria,SCUOLA SECONDARIA I GRADO,LU,3,33,16,49
201617,paritaria,SCUOLA SECONDARIA I GRADO,MC,2,24,21,45
201617,paritaria,SCUOLA SECONDARIA I GRADO,ME,16,153,138,291
201617,paritaria,SCUOLA SECONDARIA I GRADO,MI,511,6084,5772,11856
201617,paritaria,SCUOLA SECONDARIA I GRADO,MN,8,71,82,153
201617,paritaria,SCUOLA SECONDARIA I GRADO,MO,23,257,227,484
201617,paritaria,SCUOLA SECONDARIA I GRADO,NA,110,917,840,1757
201617,paritaria,SCUOLA SECONDARIA I GRADO,NO,40,492,459,951
201617,paritaria,SCUOLA SECONDARIA I GRADO,PA,35,366,334,700
201617,paritaria,SCUOLA SECONDARIA I GRADO,PC,6,43,39,82
201617,paritaria,SCUOLA SECONDARIA I GRADO,PD,45,521,463,984
201617,paritaria,SCUOLA SECONDARIA I GRADO,PE,11,91,60,151
201617,paritaria,SCUOLA SECONDARIA I GRADO,PG,9,70,52,122
201617,paritaria,SCUOLA SECONDARIA I GRADO,PI,3,28,32,60
201617,paritaria,SCUOLA SECONDARIA I GRADO,PN,19,243,205,448
201617,paritaria,SCUOLA SECONDARIA I GRADO,PO,6,70,69,139
201617,paritaria,SCUOLA SECONDARIA I GRADO,PR,36,423,388,811
201617,paritaria,SCUOLA SECONDARIA I GRADO,PS,3,28,33,61
201617,paritaria,SCUOLA SECONDARIA I GRADO,PT,6,64,56,120
201617,paritaria,SCUOLA SECONDARIA I GRADO,PV,30,338,305,643
201617,paritaria,SCUOLA SECONDARIA I GRADO,RA,21,245,235,480
201617,paritaria,SCUOLA SECONDARIA I GRADO,RC,9,64,44,108
201617,paritaria,SCUOLA SECONDARIA I GRADO,RE,23,259,262,521
201617,paritaria,SCUOLA SECONDARIA I GRADO,RI,2,9,6,15
201617,paritaria,SCUOLA SECONDARIA I GRADO,RM,353,3841,3750,7591
201617,paritaria,SCUOLA SECONDARIA I GRADO,RN,22,246,259,505
201617,paritaria,SCUOLA SECONDARIA I GRADO,RO,3,23,16,39
201617,paritaria,SCUOLA SECONDARIA I GRADO,SA,15,88,59,147
201617,paritaria,SCUOLA SECONDARIA I GRADO,SI,3,36,23,59
201617,paritaria,SCUOLA SECONDARIA I GRADO,SO,3,25,24,49
201617,paritaria,SCUOLA SECONDARIA I GRADO,SP,3,29,35,64
201617,paritaria,SCUOLA SECONDARIA I GRADO,SR,6,30,23,53
201617,paritaria,SCUOLA SECONDARIA I GRADO,SV,11,124,108,232
201617,paritaria,SCUOLA SECONDARIA I GRADO,TA,8,58,89,147
201617,paritaria,SCUOLA SECONDARIA I GRADO,TO,166,2066,1698,3764
201617,paritaria,SCUOLA SECONDARIA I GRADO,TR,3,21,24,45
201617,paritaria,SCUOLA SECONDARIA I GRADO,TS,3,10,27,37
201617,paritaria,SCUOLA SECONDARIA I GRADO,TV,82,1019,792,1811
201617,paritaria,SCUOLA SECONDARIA I GRADO,UD,37,426,301,727
201617,paritaria,SCUOLA SECONDARIA I GRADO,VA,109,1258,1115,2373
201617,paritaria,SCUOLA SECONDARIA I GRADO,VB,3,27,23,50
201617,paritaria,SCUOLA SECONDARIA I GRADO,VE,40,426,341,767
201617,paritaria,SCUOLA SECONDARIA I GRADO,VI,43,487,366,853
201617,paritaria,SCUOLA SECONDARIA I GRADO,VR,97,1166,906,2072
201617,paritaria,SCUOLA SECONDARIA I GRADO,VT,11,72,100,172
201617,paritaria,SCUOLA SECONDARIA II GRADO,AG,98,501,226,727
201617,paritaria,SCUOLA SECONDARIA II GRADO,AL,25,154,174,328
201617,paritaria,SCUOLA SECONDARIA II GRADO,AN,31,152,63,215
201617,paritaria,SCUOLA SECONDARIA II GRADO,AP,42,359,164,523
201617,paritaria,SCUOLA SECONDARIA II GRADO,AQ,11,38,38,76
201617,paritaria,SCUOLA SECONDARIA II GRADO,AR,11,41,86,127
201617,paritaria,SCUOLA SECONDARIA II GRADO,AT,30,136,139,275
201617,paritaria,SCUOLA SECONDARIA II GRADO,AV,70,660,341,1001
201617,paritaria,SCUOLA SECONDARIA II GRADO,BA,70,556,299,855
201617,paritaria,SCUOLA SECONDARIA II GRADO,BG,218,1993,1336,3329
201617,paritaria,SCUOLA SECONDARIA II GRADO,BL,28,133,245,378
201617,paritaria,SCUOLA SECONDARIA II GRADO,BN,48,377,244,621
201617,paritaria,SCUOLA SECONDARIA II GRADO,BO,98,1030,703,1733
201617,paritaria,SCUOLA SECONDARIA II GRADO,BR,13,51,43,94
201617,paritaria,SCUOLA SECONDARIA II GRADO,BS,185,1616,1420,3036
201617,paritaria,SCUOLA SECONDARIA II GRADO,CA,66,351,313,664
201617,paritaria,SCUOLA SECONDARIA II GRADO,CE,147,1284,629,1913
201617,paritaria,SCUOLA SECONDARIA II GRADO,CH,23,88,21,109
201617,paritaria,SCUOLA SECONDARIA II GRADO,CL,27,168,141,309
201617,paritaria,SCUOLA SECONDARIA II GRADO,CN,16,47,23,70
201617,paritaria,SCUOLA SECONDARIA II GRADO,CO,132,1040,865,1905
201617,paritaria,SCUOLA SECONDARIA II GRADO,CR,33,223,247,470
201617,paritaria,SCUOLA SECONDARIA II GRADO,CS,68,217,276,493
201617,paritaria,SCUOLA SECONDARIA II GRADO,CT,277,1321,946,2267
201617,paritaria,SCUOLA SECONDARIA II GRADO,CZ,26,126,141,267
201617,paritaria,SCUOLA SECONDARIA II GRADO,EN,30,191,135,326
201617,paritaria,SCUOLA SECONDARIA II GRADO,FE,2,18,12,30
201617,paritaria,SCUOLA SECONDARIA II GRADO,FG,18,115,46,161
201617,paritaria,SCUOLA SECONDARIA II GRADO,FI,137,974,669,1643
201617,paritaria,SCUOLA SECONDARIA II GRADO,FO,10,89,45,134
201617,paritaria,SCUOLA SECONDARIA II GRADO,FR,33,198,170,368
201617,paritaria,SCUOLA SECONDARIA II GRADO,GE,142,906,1580,2486
201617,paritaria,SCUOLA SECONDARIA II GRADO,GO,5,38,19,57
201617,paritaria,SCUOLA SECONDARIA II GRADO,GR,10,43,35,78
201617,paritaria,SCUOLA SECONDARIA II GRADO,KR,9,50,44,94
201617,paritaria,SCUOLA SECONDARIA II GRADO,LC,73,587,484,1071
201617,paritaria,SCUOLA SECONDARIA II GRADO,LE,26,167,128,295
201617,paritaria,SCUOLA SECONDARIA II GRADO,LI,31,193,108,301
201617,paritaria,SCUOLA SECONDARIA II GRADO,LO,7,64,29,93
201617,paritaria,SCUOLA SECONDARIA II GRADO,LT,59,416,247,663
201617,paritaria,SCUOLA SECONDARIA II GRADO,LU,9,36,44,80
201617,paritaria,SCUOLA SECONDARIA II GRADO,MC,33,192,172,364
201617,paritaria,SCUOLA SECONDARIA II GRADO,ME,88,450,322,772
201617,paritaria,SCUOLA SECONDARIA II GRADO,MI,843,8212,7445,15657
201617,paritaria,SCUOLA SECONDARIA II GRADO,MN,17,111,82,193
201617,paritaria,SCUOLA SECONDARIA II GRADO,MO,34,271,235,506
201617,paritaria,SCUOLA SECONDARIA II GRADO,MS,10,48,41,89
201617,paritaria,SCUOLA SECONDARIA II GRADO,MT,21,81,83,164
201617,paritaria,SCUOLA SECONDARIA II GRADO,NA,921,7576,5161,12737
201617,paritaria,SCUOLA SECONDARIA II GRADO,NO,58,417,335,752
201617,paritaria,SCUOLA SECONDARIA II GRADO,NU,5,8,36,44
201617,paritaria,SCUOLA SECONDARIA II GRADO,PA,306,1955,1549,3504
201617,paritaria,SCUOLA SECONDARIA II GRADO,PC,17,151,71,222
201617,paritaria,SCUOLA SECONDARIA II GRADO,PD,73,723,522,1245
201617,paritaria,SCUOLA SECONDARIA II GRADO,PE,60,311,220,531
201617,paritaria,SCUOLA SECONDARIA II GRADO,PG,29,168,99,267
201617,paritaria,SCUOLA SECONDARIA II GRADO,PI,4,42,29,71
201617,paritaria,SCUOLA SECONDARIA II GRADO,PN,26,157,147,304
201617,paritaria,SCUOLA SECONDARIA II GRADO,PO,10,74,39,113
201617,paritaria,SCUOLA SECONDARIA II GRADO,PR,14,118,99,217
201617,paritaria,SCUOLA SECONDARIA II GRADO,PS,15,178,49,227
201617,paritaria,SCUOLA SECONDARIA II GRADO,PT,10,149,111,260
201617,paritaria,SCUOLA SECONDARIA II GRADO,PV,82,405,309,714
201617,paritaria,SCUOLA SECONDARIA II GRADO,PZ,6,17,8,25
201617,paritaria,SCUOLA SECONDARIA II GRADO,RA,13,53,79,132
201617,paritaria,SCUOLA SECONDARIA II GRADO,RC,48,282,161,443
201617,paritaria,SCUOLA SECONDARIA II GRADO,RE,22,169,158,327
201617,paritaria,SCUOLA SECONDARIA II GRADO,RG,50,246,218,464
201617,paritaria,SCUOLA SECONDARIA II GRADO,RM,966,7484,5229,12713
201617,paritaria,SCUOLA SECONDARIA II GRADO,RN,36,255,322,577
201617,paritaria,SCUOLA SECONDARIA II GRADO,SA,342,2567,1345,3912
201617,paritaria,SCUOLA SECONDARIA II GRADO,SI,5,44,34,78
201617,paritaria,SCUOLA SECONDARIA II GRADO,SO,7,27,18,45
201617,paritaria,SCUOLA SECONDARIA II GRADO,SR,44,276,154,430
201617,paritaria,SCUOLA SECONDARIA II GRADO,SS,50,158,87,245
201617,paritaria,SCUOLA SECONDARIA II GRADO,SV,15,123,117,240
201617,paritaria,SCUOLA SECONDARIA II GRADO,TA,68,465,190,655
201617,paritaria,SCUOLA SECONDARIA II GRADO,TE,16,177,77,254
201617,paritaria,SCUOLA SECONDARIA II GRADO,TO,249,2170,1692,3862
201617,paritaria,SCUOLA SECONDARIA II GRADO,TP,28,151,190,341
201617,paritaria,SCUOLA SECONDARIA II GRADO,TR,1,10,4,14
201617,paritaria,SCUOLA SECONDARIA II GRADO,TV,148,1159,830,1989
201617,paritaria,SCUOLA SECONDARIA II GRADO,UD,37,473,134,607
201617,paritaria,SCUOLA SECONDARIA II GRADO,VA,230,2020,1350,3370
201617,paritaria,SCUOLA SECONDARIA II GRADO,VB,14,105,87,192
201617,paritaria,SCUOLA SECONDARIA II GRADO,VE,79,490,363,853
201617,paritaria,SCUOLA SECONDARIA II GRADO,VI,64,446,343,789
201617,paritaria,SCUOLA SECONDARIA II GRADO,VR,181,2077,1363,3440
201617,paritaria,SCUOLA SECONDARIA II GRADO,VT,32,200,101,301
201617,paritaria,SCUOLA SECONDARIA II GRADO,VV,11,89,38,127
201617,statale,SCUOLA PRIMARIA,AG,1085,10447,9661,20108
201617,statale,SCUOLA PRIMARIA,AL,953,8265,7656,15921
201617,statale,SCUOLA PRIMARIA,AN,1100,11063,10461,21524
201617,statale,SCUOLA PRIMARIA,AP,838,8122,7528,15650
201617,statale,SCUOLA PRIMARIA,AQ,668,5770,5316,11086
201617,statale,SCUOLA PRIMARIA,AR,754,7222,6883,14105
201617,statale,SCUOLA PRIMARIA,AT,482,4573,4249,8822
201617,statale,SCUOLA PRIMARIA,AV,1064,8836,8421,17257
201617,statale,SCUOLA PRIMARIA,BA,3661,38393,36394,74787
201617,statale,SCUOLA PRIMARIA,BG,2606,26500,25192,51692
201617,statale,SCUOLA PRIMARIA,BI,402,3391,3272,6663
201617,statale,SCUOLA PRIMARIA,BL,486,4208,3926,8134
201617,statale,SCUOLA PRIMARIA,BN,724,5811,5548,11359
201617,statale,SCUOLA PRIMARIA,BO,1944,21613,20176,41789
201617,statale,SCUOLA PRIMARIA,BR,891,9047,8438,17485
201617,statale,SCUOLA PRIMARIA,BS,3038,30749,28896,59645
201617,statale,SCUOLA PRIMARIA,CA,1669,15074,14315,29389
201617,statale,SCUOLA PRIMARIA,CB,573,4474,4160,8634
201617,statale,SCUOLA PRIMARIA,CE,2536,22532,21714,44246
201617,statale,SCUOLA PRIMARIA,CH,928,8414,8113,16527
201617,statale,SCUOLA PRIMARIA,CL,639,6540,6071,12611
201617,statale,SCUOLA PRIMARIA,CN,1551,13832,13130,26962
201617,statale,SCUOLA PRIMARIA,CO,1326,13409,12680,26089
201617,statale,SCUOLA PRIMARIA,CR,755,7764,7065,14829
201617,statale,SCUOLA PRIMARIA,CS,1977,15393,14447,29840
201617,statale,SCUOLA PRIMARIA,CT,2743,27657,25800,53457
201617,statale,SCUOLA PRIMARIA,CZ,974,7958,7542,15500
201617,statale,SCUOLA PRIMARIA,EN,453,3896,3603,7499
201617,statale,SCUOLA PRIMARIA,FE,675,6830,6359,13189
201617,statale,SCUOLA PRIMARIA,FG,1589,15952,15038,30990
201617,statale,SCUOLA PRIMARIA,FI,1841,20885,19230,40115
201617,statale,SCUOLA PRIMARIA,FO,886,9078,8510,17588
201617,statale,SCUOLA PRIMARIA,FR,1221,10522,9939,20461
201617,statale,SCUOLA PRIMARIA,GE,1521,14919,14386,29305
201617,statale,SCUOLA PRIMARIA,GO,294,2854,2681,5535
201617,statale,SCUOLA PRIMARIA,GR,469,4525,4197,8722
201617,statale,SCUOLA PRIMARIA,IM,453,3932,3679,7611
201617,statale,SCUOLA PRIMARIA,IS,219,1631,1514,3145
201617,statale,SCUOLA PRIMARIA,KR,499,4463,4262,8725
201617,statale,SCUOLA PRIMARIA,LC,748,7546,7122,14668
201617,statale,SCUOLA PRIMARIA,LE,1701,17575,16372,33947
201617,statale,SCUOLA PRIMARIA,LI,620,6878,6366,13244
201617,statale,SCUOLA PRIMARIA,LO,514,5268,4872,10140
201617,statale,SCUOLA PRIMARIA,LT,1290,13210,12665,25875
201617,statale,SCUOLA PRIMARIA,LU,865,8307,7740,16047
201617,statale,SCUOLA PRIMARIA,MC,743,7007,6644,13651
201617,statale,SCUOLA PRIMARIA,ME,1697,13353,12718,26071
201617,statale,SCUOLA PRIMARIA,MI,7943,88077,83062,171139
201617,statale,SCUOLA PRIMARIA,MN,979,9833,9107,18940
201617,statale,SCUOLA PRIMARIA,MO,1466,16532,15426,31958
201617,statale,SCUOLA PRIMARIA,MS,404,3728,3473,7201
201617,statale,SCUOLA PRIMARIA,MT,452,4406,4065,8471
201617,statale,SCUOLA PRIMARIA,NA,7735,76755,71975,148730
201617,statale,SCUOLA PRIMARIA,NO,812,7821,7501,15322
201617,statale,SCUOLA PRIMARIA,NU,543,4638,4109,8747
201617,statale,SCUOLA PRIMARIA,OR,352,2931,2663,5594
201617,statale,SCUOLA PRIMARIA,PA,3128,30698,28997,59695
201617,statale,SCUOLA PRIMARIA,PC,627,6191,5819,12010
201617,statale,SCUOLA PRIMARIA,PD,2067,20863,19759,40622
201617,statale,SCUOLA PRIMARIA,PE,711,7090,6664,13754
201617,statale,SCUOLA PRIMARIA,PG,1617,14931,14034,28965
201617,statale,SCUOLA PRIMARIA,PI,898,9498,8993,18491
201617,statale,SCUOLA PRIMARIA,PN,777,7511,7013,14524
201617,statale,SCUOLA PRIMARIA,PO,504,6011,5445,11456
201617,statale,SCUOLA PRIMARIA,PR,888,9743,8998,18741
201617,statale,SCUOLA PRIMARIA,PS,857,8284,7768,16052
201617,statale,SCUOLA PRIMARIA,PT,624,6479,6087,12566
201617,statale,SCUOLA PRIMARIA,PV,1149,11121,10582,21703
201617,statale,SCUOLA PRIMARIA,PZ,910,7837,7180,15017
201617,statale,SCUOLA PRIMARIA,RA,771,8518,7957,16475
201617,statale,SCUOLA PRIMARIA,RC,1537,13127,12272,25399
201617,statale,SCUOLA PRIMARIA,RE,1234,13138,12189,25327
201617,statale,SCUOLA PRIMARIA,RG,763,7887,7367,15254
201617,statale,SCUOLA PRIMARIA,RI,384,3137,2918,6055
201617,statale,SCUOLA PRIMARIA,RM,8679,92035,85873,177908
201617,statale,SCUOLA PRIMARIA,RN,701,7522,7095,14617
201617,statale,SCUOLA PRIMARIA,RO,536,4663,4346,9009
201617,statale,SCUOLA PRIMARIA,SA,2811,25229,23845,49074
201617,statale,SCUOLA PRIMARIA,SI,573,5722,5504,11226
201617,statale,SCUOLA PRIMARIA,SO,464,4208,3858,8066
201617,statale,SCUOLA PRIMARIA,SP,463,4098,3986,8084
201617,statale,SCUOLA PRIMARIA,SR,908,9657,8807,18464
201617,statale,SCUOLA PRIMARIA,SS,1090,10400,9691,20091
201617,statale,SCUOLA PRIMARIA,SV,561,5331,4871,10202
201617,statale,SCUOLA PRIMARIA,TA,1321,13760,13049,26809
201617,statale,SCUOLA PRIMARIA,TE,724,6640,6324,12964
201617,statale,SCUOLA PRIMARIA,TO,4584,48039,44535,92574
201617,statale,SCUOLA PRIMARIA,TP,1071,9762,9448,19210
201617,statale,SCUOLA PRIMARIA,TR,522,4725,4484,9209
201617,statale,SCUOLA PRIMARIA,TS,466,4232,4008,8240
201617,statale,SCUOLA PRIMARIA,TV,2159,20982,20010,40992
201617,statale,SCUOLA PRIMARIA,UD,1199,10780,10357,21137
201617,statale,SCUOLA PRIMARIA,VA,1825,20156,18773,38929
201617,statale,SCUOLA PRIMARIA,VB,393,3121,2977,6098
201617,statale,SCUOLA PRIMARIA,VC,403,3475,3205,6680
201617,statale,SCUOLA PRIMARIA,VE,1768,18331,17106,35437
201617,statale,SCUOLA PRIMARIA,VI,2127,20928,19678,40606
201617,statale,SCUOLA PRIMARIA,VR,2167,21789,20562,42351
201617,statale,SCUOLA PRIMARIA,VT,662,6453,6037,12490
201617,statale,SCUOLA PRIMARIA,VV,513,3765,3693,7458
201617,statale,SCUOLA SECONDARIA I GRADO,AG,674,7174,6624,13798
201617,statale,SCUOLA SECONDARIA I GRADO,AL,485,5065,4686,9751
201617,statale,SCUOLA SECONDARIA I GRADO,AN,572,6623,6126,12749
201617,statale,SCUOLA SECONDARIA I GRADO,AP,458,5098,4702,9800
201617,statale,SCUOLA SECONDARIA I GRADO,AQ,385,3787,3460,7247
201617,statale,SCUOLA SECONDARIA I GRADO,AR,430,4594,4390,8984
201617,statale,SCUOLA SECONDARIA I GRADO,AT,243,2881,2710,5591
201617,statale,SCUOLA SECONDARIA I GRADO,AV,670,5993,5607,11600
201617,statale,SCUOLA SECONDARIA I GRADO,BA,2170,25417,23763,49180
201617,statale,SCUOLA SECONDARIA I GRADO,BG,1438,15875,15003,30878
201617,statale,SCUOLA SECONDARIA I GRADO,BI,214,2241,2033,4274
201617,statale,SCUOLA SECONDARIA I GRADO,BL,276,2776,2518,5294
201617,statale,SCUOLA SECONDARIA I GRADO,BN,417,4024,3695,7719
201617,statale,SCUOLA SECONDARIA I GRADO,BO,1077,12719,11828,24547
201617,statale,SCUOLA SECONDARIA I GRADO,BR,527,5804,5339,11143
201617,statale,SCUOLA SECONDARIA I GRADO,BS,1638,18068,16794,34862
201617,statale,SCUOLA SECONDARIA I GRADO,CA,1036,10078,8874,18952
201617,statale,SCUOLA SECONDARIA I GRADO,CB,306,3126,2736,5862
201617,statale,SCUOLA SECONDARIA I GRADO,CE,1641,16166,15045,31211
201617,statale,SCUOLA SECONDARIA I GRADO,CH,510,5337,4844,10181
201617,statale,SCUOLA SECONDARIA I GRADO,CL,427,4639,4370,9009
201617,statale,SCUOLA SECONDARIA I GRADO,CN,801,8517,7875,16392
201617,statale,SCUOLA SECONDARIA I GRADO,CO,704,8089,7403,15492
201617,statale,SCUOLA SECONDARIA I GRADO,CR,410,4758,4150,8908
201617,statale,SCUOLA SECONDARIA I GRADO,CS,1077,9984,9304,19288
201617,statale,SCUOLA SECONDARIA I GRADO,CT,1681,18392,16963,35355
201617,statale,SCUOLA SECONDARIA I GRADO,CZ,564,5115,4758,9873
201617,statale,SCUOLA SECONDARIA I GRADO,EN,261,2601,2362,4963
201617,statale,SCUOLA SECONDARIA I GRADO,FE,376,4193,3879,8072
201617,statale,SCUOLA SECONDARIA I GRADO,FG,1029,11102,10473,21575
201617,statale,SCUOLA SECONDARIA I GRADO,FI,1126,13759,12519,26278
201617,statale,SCUOLA SECONDARIA I GRADO,FO,478,5533,5105,10638
201617,statale,SCUOLA SECONDARIA I GRADO,FR,675,6602,6189,12791
201617,statale,SCUOLA SECONDARIA I GRADO,GE,898,9989,9206,19195
201617,statale,SCUOLA SECONDARIA I GRADO,GO,169,1855,1699,3554
201617,statale,SCUOLA SECONDARIA I GRADO,GR,272,2855,2618,5473
201617,statale,SCUOLA SECONDARIA I GRADO,IM,235,2634,2376,5010
201617,statale,SCUOLA SECONDARIA I GRADO,IS,110,999,927,1926
201617,statale,SCUOLA SECONDARIA I GRADO,KR,297,2950,2706,5656
201617,statale,SCUOLA SECONDARIA I GRADO,LC,380,4360,4187,8547
201617,statale,SCUOLA SECONDARIA I GRADO,LE,1053,11494,10783,22277
201617,statale,SCUOLA SECONDARIA I GRADO,LI,382,4394,4040,8434
201617,statale,SCUOLA SECONDARIA I GRADO,LO,286,3216,3045,6261
201617,statale,SCUOLA SECONDARIA I GRADO,LT,751,8225,7781,16006
201617,statale,SCUOLA SECONDARIA I GRADO,LU,462,5281,4890,10171
201617,statale,SCUOLA SECONDARIA I GRADO,MC,406,4371,3903,8274
201617,statale,SCUOLA SECONDARIA I GRADO,ME,913,8731,8065,16796
201617,statale,SCUOLA SECONDARIA I GRADO,MI,4721,53390,49273,102663
201617,statale,SCUOLA SECONDARIA I GRADO,MN,510,5752,5302,11054
201617,statale,SCUOLA SECONDARIA I GRADO,MO,858,9977,9240,19217
201617,statale,SCUOLA SECONDARIA I GRADO,MS,225,2367,2206,4573
201617,statale,SCUOLA SECONDARIA I GRADO,MT,289,2963,2800,5763
201617,statale,SCUOLA SECONDARIA I GRADO,NA,5195,56545,53027,109572
201617,statale,SCUOLA SECONDARIA I GRADO,NO,439,4739,4367,9106
201617,statale,SCUOLA SECONDARIA I GRADO,NU,328,2988,2685,5673
201617,statale,SCUOLA SECONDARIA I GRADO,OR,217,2006,1775,3781
201617,statale,SCUOLA SECONDARIA I GRADO,PA,2065,21039,19515,40554
201617,statale,SCUOLA SECONDARIA I GRADO,PC,360,3792,3548,7340
201617,statale,SCUOLA SECONDARIA I GRADO,PD,1158,13239,12196,25435
201617,statale,SCUOLA SECONDARIA I GRADO,PE,440,4587,4322,8909
201617,statale,SCUOLA SECONDARIA I GRADO,PG,844,9289,8528,17817
201617,statale,SCUOLA SECONDARIA I GRADO,PI,516,5806,5301,11107
201617,statale,SCUOLA SECONDARIA I GRADO,PN,389,4220,4031,8251
201617,statale,SCUOLA SECONDARIA I GRADO,PO,320,3993,3657,7650
201617,statale,SCUOLA SECONDARIA I GRADO,PR,489,5692,5202,10894
201617,statale,SCUOLA SECONDARIA I GRADO,PS,456,5194,4879,10073
201617,statale,SCUOLA SECONDARIA I GRADO,PT,357,4014,3696,7710
201617,statale,SCUOLA SECONDARIA I GRADO,PV,631,7087,6237,13324
201617,statale,SCUOLA SECONDARIA I GRADO,PZ,552,5128,4778,9906
201617,statale,SCUOLA SECONDARIA I GRADO,RA,426,5156,4709,9865
201617,statale,SCUOLA SECONDARIA I GRADO,RC,838,8508,7883,16391
201617,statale,SCUOLA SECONDARIA I GRADO,RE,682,7967,7201,15168
201617,statale,SCUOLA SECONDARIA I GRADO,RG,440,5183,4758,9941
201617,statale,SCUOLA SECONDARIA I GRADO,RI,201,2025,1766,3791
201617,statale,SCUOLA SECONDARIA I GRADO,RM,5249,58625,54274,112899
201617,statale,SCUOLA SECONDARIA I GRADO,RN,387,4569,4304,8873
201617,statale,SCUOLA SECONDARIA I GRADO,RO,288,2896,2644,5540
201617,statale,SCUOLA SECONDARIA I GRADO,SA,1627,16884,15949,32833
201617,statale,SCUOLA SECONDARIA I GRADO,SI,323,3623,3215,6838
201617,statale,SCUOLA SECONDARIA I GRADO,SO,258,2560,2478,5038
201617,statale,SCUOLA SECONDARIA I GRADO,SP,258,2790,2569,5359
201617,statale,SCUOLA SECONDARIA I GRADO,SR,587,6304,5734,12038
201617,statale,SCUOLA SECONDARIA I GRADO,SS,669,6639,6239,12878
201617,statale,SCUOLA SECONDARIA I GRADO,SV,305,3505,3205,6710
201617,statale,SCUOLA SECONDARIA I GRADO,TA,813,8815,8584,17399
201617,statale,SCUOLA SECONDARIA I GRADO,TE,409,4179,3969,8148
201617,statale,SCUOLA SECONDARIA I GRADO,TO,2683,29966,27806,57772
201617,statale,SCUOLA SECONDARIA I GRADO,TP,625,6912,6306,13218
201617,statale,SCUOLA SECONDARIA I GRADO,TR,276,2965,2682,5647
201617,statale,SCUOLA SECONDARIA I GRADO,TS,275,2921,2610,5531
201617,statale,SCUOLA SECONDARIA I GRADO,TV,1169,13295,12281,25576
201617,statale,SCUOLA SECONDARIA I GRADO,UD,658,6716,6277,12993
201617,statale,SCUOLA SECONDARIA I GRADO,VA,1008,11758,11103,22861
201617,statale,SCUOLA SECONDARIA I GRADO,VB,208,2116,1913,4029
201617,statale,SCUOLA SECONDARIA I GRADO,VC,225,2291,2067,4358
201617,statale,SCUOLA SECONDARIA I GRADO,VE,1010,11578,10601,22179
201617,statale,SCUOLA SECONDARIA I GRADO,VI,1210,13289,12631,25920
201617,statale,SCUOLA SECONDARIA I GRADO,VR,1167,12684,12081,24765
201617,statale,SCUOLA SECONDARIA I GRADO,VT,384,4020,3671,7691
201617,statale,SCUOLA SECONDARIA I GRADO,VV,276,2530,2380,4910
201617,statale,SCUOLA SECONDARIA II GRADO,AG,1053,11020,10598,21618
201617,statale,SCUOLA SECONDARIA II GRADO,AL,657,6942,7166,14108
201617,statale,SCUOLA SECONDARIA II GRADO,AN,1062,11285,10157,21442
201617,statale,SCUOLA SECONDARIA II GRADO,AP,837,9192,8331,17523
201617,statale,SCUOLA SECONDARIA II GRADO,AQ,673,6517,5975,12492
201617,statale,SCUOLA SECONDARIA II GRADO,AR,773,8109,7838,15947
201617,statale,SCUOLA SECONDARIA II GRADO,AT,323,3716,3303,7019
201617,statale,SCUOLA SECONDARIA II GRADO,AV,1017,9863,8838,18701
201617,statale,SCUOLA SECONDARIA II GRADO,BA,3842,42142,40218,82360
201617,statale,SCUOLA SECONDARIA II GRADO,BG,1902,21645,22231,43876
201617,statale,SCUOLA SECONDARIA II GRADO,BI,335,3403,3430,6833
201617,statale,SCUOLA SECONDARIA II GRADO,BL,414,4273,3841,8114
201617,statale,SCUOLA SECONDARIA II GRADO,BN,738,7398,6927,14325
201617,statale,SCUOLA SECONDARIA II GRADO,BO,1643,18379,17934,36313
201617,statale,SCUOLA SECONDARIA II GRADO,BR,896,10156,9262,19418
201617,statale,SCUOLA SECONDARIA II GRADO,BS,2253,23678,23724,47402
201617,statale,SCUOLA SECONDARIA II GRADO,CA,1743,16680,15503,32183
201617,statale,SCUOLA SECONDARIA II GRADO,CB,550,5788,5183,10971
201617,statale,SCUOLA SECONDARIA II GRADO,CE,2486,26364,24900,51264
201617,statale,SCUOLA SECONDARIA II GRADO,CH,816,8891,8028,16919
201617,statale,SCUOLA SECONDARIA II GRADO,CL,687,7635,6727,14362
201617,statale,SCUOLA SECONDARIA II GRADO,CN,1171,12107,12612,24719
201617,statale,SCUOLA SECONDARIA II GRADO,CO,821,8998,8983,17981
201617,statale,SCUOLA SECONDARIA II GRADO,CR,702,7945,7455,15400
201617,statale,SCUOLA SECONDARIA II GRADO,CS,1796,17344,15985,33329
201617,statale,SCUOLA SECONDARIA II GRADO,CT,2475,26930,24669,51599
201617,statale,SCUOLA SECONDARIA II GRADO,CZ,884,8958,8391,17349
201617,statale,SCUOLA SECONDARIA II GRADO,EN,454,4017,4063,8080
201617,statale,SCUOLA SECONDARIA II GRADO,FE,675,7384,7046,14430
201617,statale,SCUOLA SECONDARIA II GRADO,FG,1659,17681,17086,34767
201617,statale,SCUOLA SECONDARIA II GRADO,FI,1933,20873,19890,40763
201617,statale,SCUOLA SECONDARIA II GRADO,FO,753,8926,8603,17529
201617,statale,SCUOLA SECONDARIA II GRADO,FR,1141,12022,10571,22593
201617,statale,SCUOLA SECONDARIA II GRADO,GE,1411,16236,14643,30879
201617,statale,SCUOLA SECONDARIA II GRADO,GO,314,2741,2541,5282
201617,statale,SCUOLA SECONDARIA II GRADO,GR,482,4822,4728,9550
201617,statale,SCUOLA SECONDARIA II GRADO,IM,379,3994,3885,7879
201617,statale,SCUOLA SECONDARIA II GRADO,IS,164,1570,1542,3112
201617,statale,SCUOLA SECONDARIA II GRADO,KR,487,4645,4335,8980
201617,statale,SCUOLA SECONDARIA II GRADO,LC,587,6369,6842,13211
201617,statale,SCUOLA SECONDARIA II GRADO,LE,1894,20115,19034,39149
201617,statale,SCUOLA SECONDARIA II GRADO,LI,638,7000,6428,13428
201617,statale,SCUOLA SECONDARIA II GRADO,LO,455,5121,4391,9512
201617,statale,SCUOLA SECONDARIA II GRADO,LT,1344,13038,11887,24925
201617,statale,SCUOLA SECONDARIA II GRADO,LU,779,7941,7454,15395
201617,statale,SCUOLA SECONDARIA II GRADO,MC,705,7076,7192,14268
201617,statale,SCUOLA SECONDARIA II GRADO,ME,1380,14004,12914,26918
201617,statale,SCUOLA SECONDARIA II GRADO,MI,6234,68616,67592,136208
201617,statale,SCUOLA SECONDARIA II GRADO,MN,691,6899,6952,13851
201617,statale,SCUOLA SECONDARIA II GRADO,MO,1463,17079,15740,32819
201617,statale,SCUOLA SECONDARIA II GRADO,MS,449,4442,3966,8408
201617,statale,SCUOLA SECONDARIA II GRADO,MT,531,5941,4904,10845
201617,statale,SCUOLA SECONDARIA II GRADO,NA,7728,83532,78215,161747
201617,statale,SCUOLA SECONDARIA II GRADO,NO,612,6784,6364,13148
201617,statale,SCUOLA SECONDARIA II GRADO,NU,591,5309,4990,10299
201617,statale,SCUOLA SECONDARIA II GRADO,OR,360,3529,3216,6745
201617,statale,SCUOLA SECONDARIA II GRADO,PA,2759,29804,26830,56634
201617,statale,SCUOLA SECONDARIA II GRADO,PC,521,5658,5715,11373
201617,statale,SCUOLA SECONDARIA II GRADO,PD,1626,17995,18114,36109
201617,statale,SCUOLA SECONDARIA II GRADO,PE,711,7745,7319,15064
201617,statale,SCUOLA SECONDARIA II GRADO,PG,1387,14707,13322,28029
201617,statale,SCUOLA SECONDARIA II GRADO,PI,772,8786,7821,16607
201617,statale,SCUOLA SECONDARIA II GRADO,PN,582,6419,5853,12272
201617,statale,SCUOLA SECONDARIA II GRADO,PO,495,5451,5072,10523
201617,statale,SCUOLA SECONDARIA II GRADO,PR,848,9424,9243,18667
201617,statale,SCUOLA SECONDARIA II GRADO,PS,724,7729,8105,15834
201617,statale,SCUOLA SECONDARIA II GRADO,PT,697,6913,6631,13544
201617,statale,SCUOLA SECONDARIA II GRADO,PV,887,9472,8840,18312
201617,statale,SCUOLA SECONDARIA II GRADO,PZ,1024,9949,8880,18829
201617,statale,SCUOLA SECONDARIA II GRADO,RA,684,7732,7225,14957
201617,statale,SCUOLA SECONDARIA II GRADO,RC,1395,14393,13437,27830
201617,statale,SCUOLA SECONDARIA II GRADO,RE,970,11124,10267,21391
201617,statale,SCUOLA SECONDARIA II GRADO,RG,753,7808,7453,15261
201617,statale,SCUOLA SECONDARIA II GRADO,RI,372,3581,3434,7015
201617,statale,SCUOLA SECONDARIA II GRADO,RM,7683,84950,81826,166776
201617,statale,SCUOLA SECONDARIA II GRADO,RN,643,7293,6630,13923
201617,statale,SCUOLA SECONDARIA II GRADO,RO,477,4730,4392,9122
201617,statale,SCUOLA SECONDARIA II GRADO,SA,2677,29356,27078,56434
201617,statale,SCUOLA SECONDARIA II GRADO,SI,586,6114,5387,11501
201617,statale,SCUOLA SECONDARIA II GRADO,SO,391,3953,3815,7768
201617,statale,SCUOLA SECONDARIA II GRADO,SP,416,4445,4082,8527
201617,statale,SCUOLA SECONDARIA II GRADO,SR,1040,9931,8949,18880
201617,statale,SCUOLA SECONDARIA II GRADO,SS,1123,11182,10621,21803
201617,statale,SCUOLA SECONDARIA II GRADO,SV,484,5363,5219,10582
201617,statale,SCUOLA SECONDARIA II GRADO,TA,1363,14194,13912,28106
201617,statale,SCUOLA SECONDARIA II GRADO,TE,588,5917,5581,11498
201617,statale,SCUOLA SECONDARIA II GRADO,TO,3965,43500,42947,86447
201617,statale,SCUOLA SECONDARIA II GRADO,TP,1011,11324,10481,21805
201617,statale,SCUOLA SECONDARIA II GRADO,TR,425,4592,4438,9030
201617,statale,SCUOLA SECONDARIA II GRADO,TS,428,3960,4028,7988
201617,statale,SCUOLA SECONDARIA II GRADO,TV,1768,19902,18598,38500
201617,statale,SCUOLA SECONDARIA II GRADO,UD,1157,10998,10749,21747
201617,statale,SCUOLA SECONDARIA II GRADO,VA,1617,18885,18277,37162
201617,statale,SCUOLA SECONDARIA II GRADO,VB,354,3544,3365,6909
201617,statale,SCUOLA SECONDARIA II GRADO,VC,388,3904,3469,7373
201617,statale,SCUOLA SECONDARIA II GRADO,VE,1464,16275,15408,31683
201617,statale,SCUOLA SECONDARIA II GRADO,VI,1780,19852,19759,39611
201617,statale,SCUOLA SECONDARIA II GRADO,VR,1529,16930,17775,34705
201617,statale,SCUOLA SECONDARIA II GRADO,VT,617,6369,6024,12393
201617,statale,SCUOLA SECONDARIA II GRADO,VV,413,4386,3863,8249
201718,paritaria,SCUOLA PRIMARIA,AG,11,90,109,199
201718,paritaria,SCUOLA PRIMARIA,AL,41,397,405,802
201718,paritaria,SCUOLA PRIMARIA,AN,21,125,115,240
201718,paritaria,SCUOLA PRIMARIA,AP,30,255,259,514
201718,paritaria,SCUOLA PRIMARIA,AQ,36,377,374,751
201718,paritaria,SCUOLA PRIMARIA,AR,32,296,280,576
201718,paritaria,SCUOLA PRIMARIA,AT,12,131,122,253
201718,paritaria,SCUOLA PRIMARIA,AV,39,337,299,636
201718,paritaria,SCUOLA PRIMARIA,BA,91,941,910,1851
201718,paritaria,SCUOLA PRIMARIA,BG,243,2618,2490,5108
201718,paritaria,SCUOLA PRIMARIA,BI,11,86,78,164
201718,paritaria,SCUOLA PRIMARIA,BL,15,176,167,343
201718,paritaria,SCUOLA PRIMARIA,BN,33,264,234,498
201718,paritaria,SCUOLA PRIMARIA,BO,136,1523,1465,2988
201718,paritaria,SCUOLA PRIMARIA,BR,16,129,127,256
201718,paritaria,SCUOLA PRIMARIA,BS,187,1991,1926,3917
201718,paritaria,SCUOLA PRIMARIA,CA,100,924,890,1814
201718,paritaria,SCUOLA PRIMARIA,CB,11,116,82,198
201718,paritaria,SCUOLA PRIMARIA,CE,311,2455,2225,4680
201718,paritaria,SCUOLA PRIMARIA,CH,20,188,160,348
201718,paritaria,SCUOLA PRIMARIA,CL,19,155,162,317
201718,paritaria,SCUOLA PRIMARIA,CN,19,144,135,279
201718,paritaria,SCUOLA PRIMARIA,CO,97,1021,891,1912
201718,paritaria,SCUOLA PRIMARIA,CR,56,597,554,1151
201718,paritaria,SCUOLA PRIMARIA,CS,37,280,265,545
201718,paritaria,SCUOLA PRIMARIA,CT,145,1184,1189,2373
201718,paritaria,SCUOLA PRIMARIA,CZ,17,138,117,255
201718,paritaria,SCUOLA PRIMARIA,FE,29,272,261,533
201718,paritaria,SCUOLA PRIMARIA,FG,97,897,764,1661
201718,paritaria,SCUOLA PRIMARIA,FI,193,2086,1971,4057
201718,paritaria,SCUOLA PRIMARIA,FO,36,397,324,721
201718,paritaria,SCUOLA PRIMARIA,FR,46,407,371,778
201718,paritaria,SCUOLA PRIMARIA,GE,188,1858,1813,3671
201718,paritaria,SCUOLA PRIMARIA,GO,14,102,107,209
201718,paritaria,SCUOLA PRIMARIA,GR,9,111,79,190
201718,paritaria,SCUOLA PRIMARIA,IM,26,272,242,514
201718,paritaria,SCUOLA PRIMARIA,LC,67,728,682,1410
201718,paritaria,SCUOLA PRIMARIA,LE,44,442,418,860
201718,paritaria,SCUOLA PRIMARIA,LI,42,451,470,921
201718,paritaria,SCUOLA PRIMARIA,LO,34,414,348,762
201718,paritaria,SCUOLA PRIMARIA,LT,49,500,567,1067
201718,paritaria,SCUOLA PRIMARIA,LU,31,283,313,596
201718,paritaria,SCUOLA PRIMARIA,MC,5,57,59,116
201718,paritaria,SCUOLA PRIMARIA,ME,62,488,445,933
201718,paritaria,SCUOLA PRIMARIA,MI,922,10242,9574,19816
201718,paritaria,SCUOLA PRIMARIA,MN,16,160,130,290
201718,paritaria,SCUOLA PRIMARIA,MO,15,175,186,361
201718,paritaria,SCUOLA PRIMARIA,MS,27,222,220,442
201718,paritaria,SCUOLA PRIMARIA,MT,5,64,56,120
201718,paritaria,SCUOLA PRIMARIA,NA,1374,11263,10370,21633
201718,paritaria,SCUOLA PRIMARIA,NO,58,602,653,1255
201718,paritaria,SCUOLA PRIMARIA,OR,6,68,62,130
201718,paritaria,SCUOLA PRIMARIA,PA,199,1706,1684,3390
201718,paritaria,SCUOLA PRIMARIA,PC,15,132,118,250
201718,paritaria,SCUOLA PRIMARIA,PD,128,1340,1330,2670
201718,paritaria,SCUOLA PRIMARIA,PE,43,383,383,766
201718,paritaria,SCUOLA PRIMARIA,PG,41,323,332,655
201718,paritaria,SCUOLA PRIMARIA,PI,16,164,166,330
201718,paritaria,SCUOLA PRIMARIA,PN,19,199,143,342
201718,paritaria,SCUOLA PRIMARIA,PO,54,668,606,1274
201718,paritaria,SCUOLA PRIMARIA,PR,63,708,645,1353
201718,paritaria,SCUOLA PRIMARIA,PS,24,196,205,401
201718,paritaria,SCUOLA PRIMARIA,PT,20,189,189,378
201718,paritaria,SCUOLA PRIMARIA,PV,57,589,527,1116
201718,paritaria,SCUOLA PRIMARIA,PZ,11,89,112,201
201718,paritaria,SCUOLA PRIMARIA,RA,47,519,542,1061
201718,paritaria,SCUOLA PRIMARIA,RC,57,513,431,944
201718,paritaria,SCUOLA PRIMARIA,RE,70,781,769,1550
201718,paritaria,SCUOLA PRIMARIA,RG,35,264,247,511
201718,paritaria,SCUOLA PRIMARIA,RI,5,34,26,60
201718,paritaria,SCUOLA PRIMARIA,RM,1167,12345,11845,24190
201718,paritaria,SCUOLA PRIMARIA,RN,79,831,778,1609
201718,paritaria,SCUOLA PRIMARIA,RO,16,161,142,303
201718,paritaria,SCUOLA PRIMARIA,SA,122,986,888,1874
201718,paritaria,SCUOLA PRIMARIA,SI,15,142,150,292
201718,paritaria,SCUOLA PRIMARIA,SO,5,40,24,64
201718,paritaria,SCUOLA PRIMARIA,SP,30,303,302,605
201718,paritaria,SCUOLA PRIMARIA,SR,20,197,133,330
201718,paritaria,SCUOLA PRIMARIA,SS,24,180,180,360
201718,paritaria,SCUOLA PRIMARIA,SV,31,280,276,556
201718,paritaria,SCUOLA PRIMARIA,TA,24,234,227,461
201718,paritaria,SCUOLA PRIMARIA,TE,2,10,11,21
201718,paritaria,SCUOLA PRIMARIA,TO,364,4023,3740,7763
201718,paritaria,SCUOLA PRIMARIA,TP,8,86,34,120
201718,paritaria,SCUOLA PRIMARIA,TR,7,47,47,94
201718,paritaria,SCUOLA PRIMARIA,TS,35,308,352,660
201718,paritaria,SCUOLA PRIMARIA,TV,153,1630,1431,3061
201718,paritaria,SCUOLA PRIMARIA,UD,52,454,453,907
201718,paritaria,SCUOLA PRIMARIA,VA,165,1632,1520,3152
201718,paritaria,SCUOLA PRIMARIA,VB,10,120,89,209
201718,paritaria,SCUOLA PRIMARIA,VC,13,138,108,246
201718,paritaria,SCUOLA PRIMARIA,VE,80,889,803,1692
201718,paritaria,SCUOLA PRIMARIA,VI,97,954,927,1881
201718,paritaria,SCUOLA PRIMARIA,VR,124,1291,1227,2518
201718,paritaria,SCUOLA PRIMARIA,VT,37,353,336,689
201718,paritaria,SCUOLA PRIMARIA,VV,5,38,33,71
201718,paritaria,SCUOLA SECONDARIA I GRADO,AL,24,241,218,459
201718,paritaria,SCUOLA SECONDARIA I GRADO,AN,3,27,29,56
201718,paritaria,SCUOLA SECONDARIA I GRADO,AP,11,85,68,153
201718,paritaria,SCUOLA SECONDARIA I GRADO,AQ,6,59,52,111
201718,paritaria,SCUOLA SECONDARIA I GRADO,AR,3,20,13,33
201718,paritaria,SCUOLA SECONDARIA I GRADO,AT,3,22,22,44
201718,paritaria,SCUOLA SECONDARIA I GRADO,BA,13,89,96,185
201718,paritaria,SCUOLA SECONDARIA I GRADO,BG,144,1863,1556,3419
201718,paritaria,SCUOLA SECONDARIA I GRADO,BI,3,34,20,54
201718,paritaria,SCUOLA SECONDARIA I GRADO,BL,8,99,80,179
201718,paritaria,SCUOLA SECONDARIA I GRADO,BN,3,18,21,39
201718,paritaria,SCUOLA SECONDARIA I GRADO,BO,78,944,811,1755
201718,paritaria,SCUOLA SECONDARIA I GRADO,BS,127,1434,1351,2785
201718,paritaria,SCUOLA SECONDARIA I GRADO,CA,26,336,286,622
201718,paritaria,SCUOLA SECONDARIA I GRADO,CE,10,106,67,173
201718,paritaria,SCUOLA SECONDARIA I GRADO,CN,10,118,64,182
201718,paritaria,SCUOLA SECONDARIA I GRADO,CO,64,742,679,1421
201718,paritaria,SCUOLA SECONDARIA I GRADO,CR,20,238,212,450
201718,paritaria,SCUOLA SECONDARIA I GRADO,CS,11,71,70,141
201718,paritaria,SCUOLA SECONDARIA I GRADO,CT,37,326,238,564
201718,paritaria,SCUOLA SECONDARIA I GRADO,CZ,7,61,51,112
201718,paritaria,SCUOLA SECONDARIA I GRADO,FE,10,103,86,189
201718,paritaria,SCUOLA SECONDARIA I GRADO,FG,4,45,40,85
201718,paritaria,SCUOLA SECONDARIA I GRADO,FI,63,695,617,1312
201718,paritaria,SCUOLA SECONDARIA I GRADO,FO,13,162,141,303
201718,paritaria,SCUOLA SECONDARIA I GRADO,FR,9,69,68,137
201718,paritaria,SCUOLA SECONDARIA I GRADO,GE,63,646,580,1226
201718,paritaria,SCUOLA SECONDARIA I GRADO,GO,2,8,4,12
201718,paritaria,SCUOLA SECONDARIA I GRADO,GR,3,47,24,71
201718,paritaria,SCUOLA SECONDARIA I GRADO,IM,9,93,96,189
201718,paritaria,SCUOLA SECONDARIA I GRADO,KR,2,13,2,15
201718,paritaria,SCUOLA SECONDARIA I GRADO,LC,42,520,463,983
201718,paritaria,SCUOLA SECONDARIA I GRADO,LE,8,76,85,161
201718,paritaria,SCUOLA SECONDARIA I GRADO,LI,6,75,63,138
201718,paritaria,SCUOLA SECONDARIA I GRADO,LO,14,152,134,286
201718,paritaria,SCUOLA SECONDARIA I GRADO,LT,3,25,21,46
201718,paritaria,SCUOLA SECONDARIA I GRADO,LU,3,28,14,42
201718,paritaria,SCUOLA SECONDARIA I GRADO,MC,3,35,31,66
201718,paritaria,SCUOLA SECONDARIA I GRADO,ME,16,121,128,249
201718,paritaria,SCUOLA SECONDARIA I GRADO,MI,525,6354,5820,12174
201718,paritaria,SCUOLA SECONDARIA I GRADO,MN,8,72,87,159
201718,paritaria,SCUOLA SECONDARIA I GRADO,MO,25,290,276,566
201718,paritaria,SCUOLA SECONDARIA I GRADO,NA,100,851,800,1651
201718,paritaria,SCUOLA SECONDARIA I GRADO,NO,43,549,496,1045
201718,paritaria,SCUOLA SECONDARIA I GRADO,PA,38,342,338,680
201718,paritaria,SCUOLA SECONDARIA I GRADO,PC,6,57,33,90
201718,paritaria,SCUOLA SECONDARIA I GRADO,PD,44,487,459,946
201718,paritaria,SCUOLA SECONDARIA I GRADO,PE,11,67,58,125
201718,paritaria,SCUOLA SECONDARIA I GRADO,PG,8,57,38,95
201718,paritaria,SCUOLA SECONDARIA I GRADO,PI,3,24,25,49
201718,paritaria,SCUOLA SECONDARIA I GRADO,PN,19,226,210,436
201718,paritaria,SCUOLA SECONDARIA I GRADO,PO,6,69,67,136
201718,paritaria,SCUOLA SECONDARIA I GRADO,PR,38,449,384,833
201718,paritaria,SCUOLA SECONDARIA I GRADO,PS,3,28,27,55
201718,paritaria,SCUOLA SECONDARIA I GRADO,PT,7,72,56,128
201718,paritaria,SCUOLA SECONDARIA I GRADO,PV,31,339,322,661
201718,paritaria,SCUOLA SECONDARIA I GRADO,RA,22,264,262,526
201718,paritaria,SCUOLA SECONDARIA I GRADO,RC,9,66,43,109
201718,paritaria,SCUOLA SECONDARIA I GRADO,RE,23,235,259,494
201718,paritaria,SCUOLA SECONDARIA I GRADO,RI,1,5,2,7
201718,paritaria,SCUOLA SECONDARIA I GRADO,RM,357,3931,3895,7826
201718,paritaria,SCUOLA SECONDARIA I GRADO,RN,21,254,249,503
201718,paritaria,SCUOLA SECONDARIA I GRADO,RO,3,25,15,40
201718,paritaria,SCUOLA SECONDARIA I GRADO,SA,14,58,43,101
201718,paritaria,SCUOLA SECONDARIA I GRADO,SI,3,35,23,58
201718,paritaria,SCUOLA SECONDARIA I GRADO,SO,3,28,24,52
201718,paritaria,SCUOLA SECONDARIA I GRADO,SP,3,27,43,70
201718,paritaria,SCUOLA SECONDARIA I GRADO,SR,6,34,27,61
201718,paritaria,SCUOLA SECONDARIA I GRADO,SV,11,106,104,210
201718,paritaria,SCUOLA SECONDARIA I GRADO,TA,6,52,77,129
201718,paritaria,SCUOLA SECONDARIA I GRADO,TO,172,2193,1774,3967
201718,paritaria,SCUOLA SECONDARIA I GRADO,TR,3,22,17,39
201718,paritaria,SCUOLA SECONDARIA I GRADO,TS,3,12,34,46
201718,paritaria,SCUOLA SECONDARIA I GRADO,TV,80,1013,795,1808
201718,paritaria,SCUOLA SECONDARIA I GRADO,UD,37,413,328,741
201718,paritaria,SCUOLA SECONDARIA I GRADO,VA,119,1351,1222,2573
201718,paritaria,SCUOLA SECONDARIA I GRADO,VB,3,37,19,56
201718,paritaria,SCUOLA SECONDARIA I GRADO,VE,40,419,388,807
201718,paritaria,SCUOLA SECONDARIA I GRADO,VI,43,491,392,883
201718,paritaria,SCUOLA SECONDARIA I GRADO,VR,102,1226,1001,2227
201718,paritaria,SCUOLA SECONDARIA I GRADO,VT,11,77,101,178
201718,paritaria,SCUOLA SECONDARIA II GRADO,AG,91,527,251,778
201718,paritaria,SCUOLA SECONDARIA II GRADO,AL,29,173,162,335
201718,paritaria,SCUOLA SECONDARIA II GRADO,AN,30,144,64,208
201718,paritaria,SCUOLA SECONDARIA II GRADO,AP,40,358,175,533
201718,paritaria,SCUOLA SECONDARIA II GRADO,AQ,4,7,17,24
201718,paritaria,SCUOLA SECONDARIA II GRADO,AR,9,29,87,116
201718,paritaria,SCUOLA SECONDARIA II GRADO,AT,27,131,123,254
201718,paritaria,SCUOLA SECONDARIA II GRADO,AV,78,664,354,1018
201718,paritaria,SCUOLA SECONDARIA II GRADO,BA,59,518,245,763
201718,paritaria,SCUOLA SECONDARIA II GRADO,BG,221,1926,1389,3315
201718,paritaria,SCUOLA SECONDARIA II GRADO,BL,29,128,245,373
201718,paritaria,SCUOLA SECONDARIA II GRADO,BN,68,541,318,859
201718,paritaria,SCUOLA SECONDARIA II GRADO,BO,97,1066,711,1777
201718,paritaria,SCUOLA SECONDARIA II GRADO,BR,6,46,11,57
201718,paritaria,SCUOLA SECONDARIA II GRADO,BS,195,1646,1447,3093
201718,paritaria,SCUOLA SECONDARIA II GRADO,CA,55,305,252,557
201718,paritaria,SCUOLA SECONDARIA II GRADO,CE,127,1028,467,1495
201718,paritaria,SCUOLA SECONDARIA II GRADO,CH,23,71,33,104
201718,paritaria,SCUOLA SECONDARIA II GRADO,CL,25,138,141,279
201718,paritaria,SCUOLA SECONDARIA II GRADO,CN,15,42,20,62
201718,paritaria,SCUOLA SECONDARIA II GRADO,CO,138,1019,817,1836
201718,paritaria,SCUOLA SECONDARIA II GRADO,CR,31,255,240,495
201718,paritaria,SCUOLA SECONDARIA II GRADO,CS,68,223,300,523
201718,paritaria,SCUOLA SECONDARIA II GRADO,CT,256,1173,868,2041
201718,paritaria,SCUOLA SECONDARIA II GRADO,CZ,26,114,154,268
201718,paritaria,SCUOLA SECONDARIA II GRADO,EN,27,166,142,308
201718,paritaria,SCUOLA SECONDARIA II GRADO,FE,3,22,30,52
201718,paritaria,SCUOLA SECONDARIA II GRADO,FG,19,122,44,166
201718,paritaria,SCUOLA SECONDARIA II GRADO,FI,138,971,660,1631
201718,paritaria,SCUOLA SECONDARIA II GRADO,FO,10,98,39,137
201718,paritaria,SCUOLA SECONDARIA II GRADO,FR,46,304,231,535
201718,paritaria,SCUOLA SECONDARIA II GRADO,GE,136,819,1496,2315
201718,paritaria,SCUOLA SECONDARIA II GRADO,GO,3,21,8,29
201718,paritaria,SCUOLA SECONDARIA II GRADO,GR,10,41,30,71
201718,paritaria,SCUOLA SECONDARIA II GRADO,KR,4,19,9,28
201718,paritaria,SCUOLA SECONDARIA II GRADO,LC,75,584,476,1060
201718,paritaria,SCUOLA SECONDARIA II GRADO,LE,25,154,101,255
201718,paritaria,SCUOLA SECONDARIA II GRADO,LI,31,212,124,336
201718,paritaria,SCUOLA SECONDARIA II GRADO,LO,5,46,25,71
201718,paritaria,SCUOLA SECONDARIA II GRADO,LT,59,379,240,619
201718,paritaria,SCUOLA SECONDARIA II GRADO,LU,11,50,52,102
201718,paritaria,SCUOLA SECONDARIA II GRADO,MC,35,211,151,362
201718,paritaria,SCUOLA SECONDARIA II GRADO,ME,86,445,326,771
201718,paritaria,SCUOLA SECONDARIA II GRADO,MI,820,8375,7433,15808
201718,paritaria,SCUOLA SECONDARIA II GRADO,MN,18,116,98,214
201718,paritaria,SCUOLA SECONDARIA II GRADO,MO,34,293,227,520
201718,paritaria,SCUOLA SECONDARIA II GRADO,MS,10,55,42,97
201718,paritaria,SCUOLA SECONDARIA II GRADO,MT,14,46,63,109
201718,paritaria,SCUOLA SECONDARIA II GRADO,NA,876,7415,4831,12246
201718,paritaria,SCUOLA SECONDARIA II GRADO,NO,56,390,328,718
201718,paritaria,SCUOLA SECONDARIA II GRADO,NU,5,15,36,51
201718,paritaria,SCUOLA SECONDARIA II GRADO,PA,288,1833,1430,3263
201718,paritaria,SCUOLA SECONDARIA II GRADO,PC,16,143,67,210
201718,paritaria,SCUOLA SECONDARIA II GRADO,PD,72,771,541,1312
201718,paritaria,SCUOLA SECONDARIA II GRADO,PE,63,305,215,520
201718,paritaria,SCUOLA SECONDARIA II GRADO,PG,23,118,87,205
201718,paritaria,SCUOLA SECONDARIA II GRADO,PI,3,28,19,47
201718,paritaria,SCUOLA SECONDARIA II GRADO,PN,17,91,105,196
201718,paritaria,SCUOLA SECONDARIA II GRADO,PO,9,81,43,124
201718,paritaria,SCUOLA SECONDARIA II GRADO,PR,14,128,77,205
201718,paritaria,SCUOLA SECONDARIA II GRADO,PS,15,179,51,230
201718,paritaria,SCUOLA SECONDARIA II GRADO,PT,10,151,100,251
201718,paritaria,SCUOLA SECONDARIA II GRADO,PV,86,431,318,749
201718,paritaria,SCUOLA SECONDARIA II GRADO,PZ,1,3,2,5
201718,paritaria,SCUOLA SECONDARIA II GRADO,RA,10,42,56,98
201718,paritaria,SCUOLA SECONDARIA II GRADO,RC,50,278,156,434
201718,paritaria,SCUOLA SECONDARIA II GRADO,RE,26,191,170,361
201718,paritaria,SCUOLA SECONDARIA II GRADO,RG,63,281,227,508
201718,paritaria,SCUOLA SECONDARIA II GRADO,RM,953,7427,5193,12620
201718,paritaria,SCUOLA SECONDARIA II GRADO,RN,35,253,295,548
201718,paritaria,SCUOLA SECONDARIA II GRADO,SA,382,2956,1431,4387
201718,paritaria,SCUOLA SECONDARIA II GRADO,SI,5,54,29,83
201718,paritaria,SCUOLA SECONDARIA II GRADO,SO,5,19,13,32
201718,paritaria,SCUOLA SECONDARIA II GRADO,SR,53,271,171,442
201718,paritaria,SCUOLA SECONDARIA II GRADO,SS,43,108,81,189
201718,paritaria,SCUOLA SECONDARIA II GRADO,SV,15,107,112,219
201718,paritaria,SCUOLA SECONDARIA II GRADO,TA,69,450,188,638
201718,paritaria,SCUOLA SECONDARIA II GRADO,TE,16,160,61,221
201718,paritaria,SCUOLA SECONDARIA II GRADO,TO,246,2187,1663,3850
201718,paritaria,SCUOLA SECONDARIA II GRADO,TP,26,144,181,325
201718,paritaria,SCUOLA SECONDARIA II GRADO,TV,148,1178,786,1964
201718,paritaria,SCUOLA SECONDARIA II GRADO,UD,39,495,141,636
201718,paritaria,SCUOLA SECONDARIA II GRADO,VA,245,2069,1370,3439
201718,paritaria,SCUOLA SECONDARIA II GRADO,VB,14,93,88,181
201718,paritaria,SCUOLA SECONDARIA II GRADO,VE,81,528,370,898
201718,paritaria,SCUOLA SECONDARIA II GRADO,VI,63,426,327,753
201718,paritaria,SCUOLA SECONDARIA II GRADO,VR,182,2089,1313,3402
201718,paritaria,SCUOLA SECONDARIA II GRADO,VT,33,187,95,282
201718,paritaria,SCUOLA SECONDARIA II GRADO,VV,11,83,25,108
201718,statale,SCUOLA PRIMARIA,AG,1068,10067,9367,19434
201718,statale,SCUOLA PRIMARIA,AL,947,8125,7577,15702
201718,statale,SCUOLA PRIMARIA,AN,1100,10985,10352,21337
201718,statale,SCUOLA PRIMARIA,AP,829,8032,7402,15434
201718,statale,SCUOLA PRIMARIA,AQ,665,5797,5417,11214
201718,statale,SCUOLA PRIMARIA,AR,762,7234,6879,14113
201718,statale,SCUOLA PRIMARIA,AT,466,4528,4116,8644
201718,statale,SCUOLA PRIMARIA,AV,1061,8444,8165,16609
201718,statale,SCUOLA PRIMARIA,BA,3638,37715,35560,73275
201718,statale,SCUOLA PRIMARIA,BG,2591,26227,25080,51307
201718,statale,SCUOLA PRIMARIA,BI,387,3269,3225,6494
201718,statale,SCUOLA PRIMARIA,BL,483,4204,3867,8071
201718,statale,SCUOLA PRIMARIA,BN,717,5659,5369,11028
201718,statale,SCUOLA PRIMARIA,BO,1941,21341,20011,41352
201718,statale,SCUOLA PRIMARIA,BR,882,8854,8155,17009
201718,statale,SCUOLA PRIMARIA,BS,3006,30405,28500,58905
201718,statale,SCUOLA PRIMARIA,CA,1657,14886,14020,28906
201718,statale,SCUOLA PRIMARIA,CB,550,4350,4067,8417
201718,statale,SCUOLA PRIMARIA,CE,2489,21986,20949,42935
201718,statale,SCUOLA PRIMARIA,CH,911,8364,8027,16391
201718,statale,SCUOLA PRIMARIA,CL,626,6195,5793,11988
201718,statale,SCUOLA PRIMARIA,CN,1509,13901,12948,26849
201718,statale,SCUOLA PRIMARIA,CO,1329,13286,12570,25856
201718,statale,SCUOLA PRIMARIA,CR,750,7728,7024,14752
201718,statale,SCUOLA PRIMARIA,CS,1916,14941,14254,29195
201718,statale,SCUOLA PRIMARIA,CT,2698,27132,25573,52705
201718,statale,SCUOLA PRIMARIA,CZ,948,7722,7436,15158
201718,statale,SCUOLA PRIMARIA,EN,443,3696,3458,7154
201718,statale,SCUOLA PRIMARIA,FE,676,6715,6367,13082
201718,statale,SCUOLA PRIMARIA,FG,1553,15404,14583,29987
201718,statale,SCUOLA PRIMARIA,FI,1834,20800,19090,39890
201718,statale,SCUOLA PRIMARIA,FO,885,9169,8324,17493
201718,statale,SCUOLA PRIMARIA,FR,1213,10435,9852,20287
201718,statale,SCUOLA PRIMARIA,GE,1496,14748,14173,28921
201718,statale,SCUOLA PRIMARIA,GO,297,2900,2623,5523
201718,statale,SCUOLA PRIMARIA,GR,464,4483,4146,8629
201718,statale,SCUOLA PRIMARIA,IM,441,3982,3651,7633
201718,statale,SCUOLA PRIMARIA,IS,204,1571,1456,3027
201718,statale,SCUOLA PRIMARIA,KR,480,4451,4080,8531
201718,statale,SCUOLA PRIMARIA,LC,748,7571,7007,14578
201718,statale,SCUOLA PRIMARIA,LE,1675,17210,16026,33236
201718,statale,SCUOLA PRIMARIA,LI,614,6810,6306,13116
201718,statale,SCUOLA PRIMARIA,LO,513,5311,4830,10141
201718,statale,SCUOLA PRIMARIA,LT,1303,13246,12602,25848
201718,statale,SCUOLA PRIMARIA,LU,863,8194,7651,15845
201718,statale,SCUOLA PRIMARIA,MC,749,6940,6592,13532
201718,statale,SCUOLA PRIMARIA,ME,1663,12920,12436,25356
201718,statale,SCUOLA PRIMARIA,MI,7948,87874,82667,170541
201718,statale,SCUOLA PRIMARIA,MN,974,9822,9101,18923
201718,statale,SCUOLA PRIMARIA,MO,1470,16461,15427,31888
201718,statale,SCUOLA PRIMARIA,MS,397,3598,3478,7076
201718,statale,SCUOLA PRIMARIA,MT,446,4201,3986,8187
201718,statale,SCUOLA PRIMARIA,NA,7596,75115,70337,145452
201718,statale,SCUOLA PRIMARIA,NO,812,7785,7434,15219
201718,statale,SCUOLA PRIMARIA,NU,532,4516,4092,8608
201718,statale,SCUOLA PRIMARIA,OR,348,2845,2623,5468
201718,statale,SCUOLA PRIMARIA,PA,3125,30170,28410,58580
201718,statale,SCUOLA PRIMARIA,PC,621,6186,5714,11900
201718,statale,SCUOLA PRIMARIA,PD,2055,20608,19551,40159
201718,statale,SCUOLA PRIMARIA,PE,711,7035,6560,13595
201718,statale,SCUOLA PRIMARIA,PG,1602,14774,13922,28696
201718,statale,SCUOLA PRIMARIA,PI,902,9436,9000,18436
201718,statale,SCUOLA PRIMARIA,PN,771,7486,6910,14396
201718,statale,SCUOLA PRIMARIA,PO,503,6001,5429,11430
201718,statale,SCUOLA PRIMARIA,PR,883,9732,9037,18769
201718,statale,SCUOLA PRIMARIA,PS,853,8265,7812,16077
201718,statale,SCUOLA PRIMARIA,PT,634,6545,6059,12604
201718,statale,SCUOLA PRIMARIA,PV,1149,11048,10538,21586
201718,statale,SCUOLA PRIMARIA,PZ,904,7637,6863,14500
201718,statale,SCUOLA PRIMARIA,RA,761,8474,7866,16340
201718,statale,SCUOLA PRIMARIA,RC,1491,12784,11909,24693
201718,statale,SCUOLA PRIMARIA,RE,1237,12892,12188,25080
201718,statale,SCUOLA PRIMARIA,RG,757,7777,7296,15073
201718,statale,SCUOLA PRIMARIA,RI,373,3028,2867,5895
201718,statale,SCUOLA PRIMARIA,RM,8641,91192,85092,176284
201718,statale,SCUOLA PRIMARIA,RN,702,7378,7103,14481
201718,statale,SCUOLA PRIMARIA,RO,524,4607,4361,8968
201718,statale,SCUOLA PRIMARIA,SA,2775,24730,23409,48139
201718,statale,SCUOLA PRIMARIA,SI,568,5644,5480,11124
201718,statale,SCUOLA PRIMARIA,SO,455,4166,3812,7978
201718,statale,SCUOLA PRIMARIA,SP,451,4134,3928,8062
201718,statale,SCUOLA PRIMARIA,SR,903,9445,8609,18054
201718,statale,SCUOLA PRIMARIA,SS,1088,10332,9597,19929
201718,statale,SCUOLA PRIMARIA,SV,544,5195,4836,10031
201718,statale,SCUOLA PRIMARIA,TA,1308,13536,12783,26319
201718,statale,SCUOLA PRIMARIA,TE,710,6604,6221,12825
201718,statale,SCUOLA PRIMARIA,TO,4564,47526,44096,91622
201718,statale,SCUOLA PRIMARIA,TP,1052,9385,9150,18535
201718,statale,SCUOLA PRIMARIA,TR,514,4662,4387,9049
201718,statale,SCUOLA PRIMARIA,TS,463,4256,3945,8201
201718,statale,SCUOLA PRIMARIA,TV,2132,20686,19617,40303
201718,statale,SCUOLA PRIMARIA,UD,1206,10534,10151,20685
201718,statale,SCUOLA PRIMARIA,VA,1815,20145,18601,38746
201718,statale,SCUOLA PRIMARIA,VB,385,3094,2920,6014
201718,statale,SCUOLA PRIMARIA,VC,409,3404,3141,6545
201718,statale,SCUOLA PRIMARIA,VE,1761,18223,17118,35341
201718,statale,SCUOLA PRIMARIA,VI,2081,20509,19458,39967
201718,statale,SCUOLA PRIMARIA,VR,2161,21621,20362,41983
201718,statale,SCUOLA PRIMARIA,VT,661,6449,5917,12366
201718,statale,SCUOLA PRIMARIA,VV,488,3607,3492,7099
201718,statale,SCUOLA SECONDARIA I GRADO,AG,668,6992,6512,13504
201718,statale,SCUOLA SECONDARIA I GRADO,AL,491,5086,4696,9782
201718,statale,SCUOLA SECONDARIA I GRADO,AN,574,6653,6154,12807
201718,statale,SCUOLA SECONDARIA I GRADO,AP,469,5162,4786,9948
201718,statale,SCUOLA SECONDARIA I GRADO,AQ,383,3750,3459,7209
201718,statale,SCUOLA SECONDARIA I GRADO,AR,430,4594,4418,9012
201718,statale,SCUOLA SECONDARIA I GRADO,AT,245,2791,2689,5480
201718,statale,SCUOLA SECONDARIA I GRADO,AV,673,5900,5482,11382
201718,statale,SCUOLA SECONDARIA I GRADO,BA,2162,25090,23480,48570
201718,statale,SCUOLA SECONDARIA I GRADO,BG,1438,16073,14954,31027
201718,statale,SCUOLA SECONDARIA I GRADO,BI,210,2213,2030,4243
201718,statale,SCUOLA SECONDARIA I GRADO,BL,273,2761,2513,5274
201718,statale,SCUOLA SECONDARIA I GRADO,BN,419,3982,3639,7621
201718,statale,SCUOLA SECONDARIA I GRADO,BO,1091,13018,12011,25029
201718,statale,SCUOLA SECONDARIA I GRADO,BR,523,5803,5441,11244
201718,statale,SCUOLA SECONDARIA I GRADO,BS,1659,18248,17050,35298
201718,statale,SCUOLA SECONDARIA I GRADO,CA,1034,9928,8914,18842
201718,statale,SCUOLA SECONDARIA I GRADO,CB,300,3037,2694,5731
201718,statale,SCUOLA SECONDARIA I GRADO,CE,1628,15897,14878,30775
201718,statale,SCUOLA SECONDARIA I GRADO,CH,515,5348,4894,10242
201718,statale,SCUOLA SECONDARIA I GRADO,CL,417,4623,4232,8855
201718,statale,SCUOLA SECONDARIA I GRADO,CN,808,8494,7897,16391
201718,statale,SCUOLA SECONDARIA I GRADO,CO,710,8033,7531,15564
201718,statale,SCUOLA SECONDARIA I GRADO,CR,417,4821,4255,9076
201718,statale,SCUOLA SECONDARIA I GRADO,CS,1074,10041,9103,19144
201718,statale,SCUOLA SECONDARIA I GRADO,CT,1677,18331,16739,35070
201718,statale,SCUOLA SECONDARIA I GRADO,CZ,560,5121,4723,9844
201718,statale,SCUOLA SECONDARIA I GRADO,EN,263,2584,2344,4928
201718,statale,SCUOLA SECONDARIA I GRADO,FE,382,4268,3793,8061
201718,statale,SCUOLA SECONDARIA I GRADO,FG,1014,10856,10143,20999
201718,statale,SCUOLA SECONDARIA I GRADO,FI,1133,13696,12618,26314
201718,statale,SCUOLA SECONDARIA I GRADO,FO,486,5512,5294,10806
201718,statale,SCUOLA SECONDARIA I GRADO,FR,666,6563,6139,12702
201718,statale,SCUOLA SECONDARIA I GRADO,GE,903,10046,9375,19421
201718,statale,SCUOLA SECONDARIA I GRADO,GO,174,1886,1734,3620
201718,statale,SCUOLA SECONDARIA I GRADO,GR,274,2839,2578,5417
201718,statale,SCUOLA SECONDARIA I GRADO,IM,237,2627,2407,5034
201718,statale,SCUOLA SECONDARIA I GRADO,IS,111,988,965,1953
201718,statale,SCUOLA SECONDARIA I GRADO,KR,298,2875,2817,5692
201718,statale,SCUOLA SECONDARIA I GRADO,LC,385,4420,4240,8660
201718,statale,SCUOLA SECONDARIA I GRADO,LE,1056,11245,10701,21946
201718,statale,SCUOLA SECONDARIA I GRADO,LI,390,4449,4127,8576
201718,statale,SCUOLA SECONDARIA I GRADO,LO,293,3230,3057,6287
201718,statale,SCUOLA SECONDARIA I GRADO,LT,763,8238,7844,16082
201718,statale,SCUOLA SECONDARIA I GRADO,LU,461,5260,4942,10202
201718,statale,SCUOLA SECONDARIA I GRADO,MC,403,4255,3949,8204
201718,statale,SCUOLA SECONDARIA I GRADO,ME,901,8610,7861,16471
201718,statale,SCUOLA SECONDARIA I GRADO,MI,4804,54026,50001,104027
201718,statale,SCUOLA SECONDARIA I GRADO,MN,515,5817,5409,11226
201718,statale,SCUOLA SECONDARIA I GRADO,MO,869,10121,9376,19497
201718,statale,SCUOLA SECONDARIA I GRADO,MS,227,2417,2200,4617
201718,statale,SCUOLA SECONDARIA I GRADO,MT,291,2946,2707,5653
201718,statale,SCUOLA SECONDARIA I GRADO,NA,5216,56110,52321,108431
201718,statale,SCUOLA SECONDARIA I GRADO,NO,439,4707,4452,9159
201718,statale,SCUOLA SECONDARIA I GRADO,NU,324,2928,2614,5542
201718,statale,SCUOLA SECONDARIA I GRADO,OR,219,1985,1721,3706
201718,statale,SCUOLA SECONDARIA I GRADO,PA,2071,20512,19113,39625
201718,statale,SCUOLA SECONDARIA I GRADO,PC,363,3702,3668,7370
201718,statale,SCUOLA SECONDARIA I GRADO,PD,1168,13340,12291,25631
201718,statale,SCUOLA SECONDARIA I GRADO,PE,437,4655,4249,8904
201718,statale,SCUOLA SECONDARIA I GRADO,PG,844,9325,8659,17984
201718,statale,SCUOLA SECONDARIA I GRADO,PI,522,5959,5405,11364
201718,statale,SCUOLA SECONDARIA I GRADO,PN,394,4302,4131,8433
201718,statale,SCUOLA SECONDARIA I GRADO,PO,322,4045,3756,7801
201718,statale,SCUOLA SECONDARIA I GRADO,PR,496,5733,5339,11072
201718,statale,SCUOLA SECONDARIA I GRADO,PS,460,5289,4843,10132
201718,statale,SCUOLA SECONDARIA I GRADO,PT,361,4017,3834,7851
201718,statale,SCUOLA SECONDARIA I GRADO,PV,633,7046,6390,13436
201718,statale,SCUOLA SECONDARIA I GRADO,PZ,546,5033,4748,9781
201718,statale,SCUOLA SECONDARIA I GRADO,RA,431,5205,4790,9995
201718,statale,SCUOLA SECONDARIA I GRADO,RC,840,8476,8042,16518
201718,statale,SCUOLA SECONDARIA I GRADO,RE,694,8037,7296,15333
201718,statale,SCUOLA SECONDARIA I GRADO,RG,441,5219,4683,9902
201718,statale,SCUOLA SECONDARIA I GRADO,RI,203,2029,1803,3832
201718,statale,SCUOLA SECONDARIA I GRADO,RM,5283,59047,54718,113765
201718,statale,SCUOLA SECONDARIA I GRADO,RN,394,4660,4340,9000
201718,statale,SCUOLA SECONDARIA I GRADO,RO,279,2890,2632,5522
201718,statale,SCUOLA SECONDARIA I GRADO,SA,1613,16684,15769,32453
201718,statale,SCUOLA SECONDARIA I GRADO,SI,327,3671,3222,6893
201718,statale,SCUOLA SECONDARIA I GRADO,SO,252,2635,2467,5102
201718,statale,SCUOLA SECONDARIA I GRADO,SP,256,2838,2581,5419
201718,statale,SCUOLA SECONDARIA I GRADO,SR,591,6355,5707,12062
201718,statale,SCUOLA SECONDARIA I GRADO,SS,663,6536,6111,12647
201718,statale,SCUOLA SECONDARIA I GRADO,SV,306,3508,3200,6708
201718,statale,SCUOLA SECONDARIA I GRADO,TA,822,8729,8487,17216
201718,statale,SCUOLA SECONDARIA I GRADO,TE,410,4131,3966,8097
201718,statale,SCUOLA SECONDARIA I GRADO,TO,2711,29863,27547,57410
201718,statale,SCUOLA SECONDARIA I GRADO,TP,611,6657,6164,12821
201718,statale,SCUOLA SECONDARIA I GRADO,TR,282,2981,2753,5734
201718,statale,SCUOLA SECONDARIA I GRADO,TS,276,2897,2638,5535
201718,statale,SCUOLA SECONDARIA I GRADO,TV,1170,13345,12346,25691
201718,statale,SCUOLA SECONDARIA I GRADO,UD,656,6656,6280,12936
201718,statale,SCUOLA SECONDARIA I GRADO,VA,1030,11925,11229,23154
201718,statale,SCUOLA SECONDARIA I GRADO,VB,206,2079,1890,3969
201718,statale,SCUOLA SECONDARIA I GRADO,VC,222,2246,2040,4286
201718,statale,SCUOLA SECONDARIA I GRADO,VE,1012,11447,10629,22076
201718,statale,SCUOLA SECONDARIA I GRADO,VI,1204,13295,12497,25792
201718,statale,SCUOLA SECONDARIA I GRADO,VR,1189,12922,12205,25127
201718,statale,SCUOLA SECONDARIA I GRADO,VT,395,4086,3757,7843
201718,statale,SCUOLA SECONDARIA I GRADO,VV,275,2503,2347,4850
201718,statale,SCUOLA SECONDARIA II GRADO,AG,1041,10929,10379,21308
201718,statale,SCUOLA SECONDARIA II GRADO,AL,671,7022,7326,14348
201718,statale,SCUOLA SECONDARIA II GRADO,AN,1068,11115,10157,21272
201718,statale,SCUOLA SECONDARIA II GRADO,AP,825,9015,8144,17159
201718,statale,SCUOLA SECONDARIA II GRADO,AQ,652,6395,5860,12255
201718,statale,SCUOLA SECONDARIA II GRADO,AR,786,8222,7993,16215
201718,statale,SCUOLA SECONDARIA II GRADO,AT,331,3779,3321,7100
201718,statale,SCUOLA SECONDARIA II GRADO,AV,1034,9695,8730,18425
201718,statale,SCUOLA SECONDARIA II GRADO,BA,3851,41871,39931,81802
201718,statale,SCUOLA SECONDARIA II GRADO,BG,1923,21884,22284,44168
201718,statale,SCUOLA SECONDARIA II GRADO,BI,340,3406,3447,6853
201718,statale,SCUOLA SECONDARIA II GRADO,BL,411,4200,3775,7975
201718,statale,SCUOLA SECONDARIA II GRADO,BN,744,7280,6795,14075
201718,statale,SCUOLA SECONDARIA II GRADO,BO,1682,18710,18287,36997
201718,statale,SCUOLA SECONDARIA II GRADO,BR,891,9973,8926,18899
201718,statale,SCUOLA SECONDARIA II GRADO,BS,2295,23888,23845,47733
201718,statale,SCUOLA SECONDARIA II GRADO,CA,1769,16775,15662,32437
201718,statale,SCUOLA SECONDARIA II GRADO,CB,545,5594,5065,10659
201718,statale,SCUOLA SECONDARIA II GRADO,CE,2487,26497,25225,51722
201718,statale,SCUOLA SECONDARIA II GRADO,CH,814,8785,7959,16744
201718,statale,SCUOLA SECONDARIA II GRADO,CL,706,7536,6788,14324
201718,statale,SCUOLA SECONDARIA II GRADO,CN,1185,12063,12573,24636
201718,statale,SCUOLA SECONDARIA II GRADO,CO,839,9084,9121,18205
201718,statale,SCUOLA SECONDARIA II GRADO,CR,707,7887,7352,15239
201718,statale,SCUOLA SECONDARIA II GRADO,CS,1776,17164,15930,33094
201718,statale,SCUOLA SECONDARIA II GRADO,CT,2495,26610,24793,51403
201718,statale,SCUOLA SECONDARIA II GRADO,CZ,904,8826,8153,16979
201718,statale,SCUOLA SECONDARIA II GRADO,EN,452,3869,3903,7772
201718,statale,SCUOLA SECONDARIA II GRADO,FE,683,7366,7062,14428
201718,statale,SCUOLA SECONDARIA II GRADO,FG,1660,17373,16995,34368
201718,statale,SCUOLA SECONDARIA II GRADO,FI,1979,21221,20063,41284
201718,statale,SCUOLA SECONDARIA II GRADO,FO,761,9052,8722,17774
201718,statale,SCUOLA SECONDARIA II GRADO,FR,1153,11984,10510,22494
201718,statale,SCUOLA SECONDARIA II GRADO,GE,1416,16285,14787,31072
201718,statale,SCUOLA SECONDARIA II GRADO,GO,318,2734,2601,5335
201718,statale,SCUOLA SECONDARIA II GRADO,GR,484,5003,4822,9825
201718,statale,SCUOLA SECONDARIA II GRADO,IM,378,4002,3914,7916
201718,statale,SCUOLA SECONDARIA II GRADO,IS,159,1502,1496,2998
201718,statale,SCUOLA SECONDARIA II GRADO,KR,456,4336,4090,8426
201718,statale,SCUOLA SECONDARIA II GRADO,LC,597,6356,6874,13230
201718,statale,SCUOLA SECONDARIA II GRADO,LE,1894,20018,18991,39009
201718,statale,SCUOLA SECONDARIA II GRADO,LI,642,7181,6438,13619
201718,statale,SCUOLA SECONDARIA II GRADO,LO,462,5066,4440,9506
201718,statale,SCUOLA SECONDARIA II GRADO,LT,1373,13117,12012,25129
201718,statale,SCUOLA SECONDARIA II GRADO,LU,783,7989,7531,15520
201718,statale,SCUOLA SECONDARIA II GRADO,MC,724,7134,7163,14297
201718,statale,SCUOLA SECONDARIA II GRADO,ME,1388,13842,12905,26747
201718,statale,SCUOLA SECONDARIA II GRADO,MI,6378,69611,69189,138800
201718,statale,SCUOLA SECONDARIA II GRADO,MN,690,6787,6913,13700
201718,statale,SCUOLA SECONDARIA II GRADO,MO,1486,17227,16118,33345
201718,statale,SCUOLA SECONDARIA II GRADO,MS,448,4407,3925,8332
201718,statale,SCUOLA SECONDARIA II GRADO,MT,542,5882,4983,10865
201718,statale,SCUOLA SECONDARIA II GRADO,NA,7818,83604,78679,162283
201718,statale,SCUOLA SECONDARIA II GRADO,NO,632,6847,6434,13281
201718,statale,SCUOLA SECONDARIA II GRADO,NU,577,5159,4868,10027
201718,statale,SCUOLA SECONDARIA II GRADO,OR,357,3539,3156,6695
201718,statale,SCUOLA SECONDARIA II GRADO,PA,2787,29802,26786,56588
201718,statale,SCUOLA SECONDARIA II GRADO,PC,535,5812,5772,11584
201718,statale,SCUOLA SECONDARIA II GRADO,PD,1643,18116,18008,36124
201718,statale,SCUOLA SECONDARIA II GRADO,PE,715,7706,7308,15014
201718,statale,SCUOLA SECONDARIA II GRADO,PG,1403,14983,13349,28332
201718,statale,SCUOLA SECONDARIA II GRADO,PI,786,8846,7873,16719
201718,statale,SCUOLA SECONDARIA II GRADO,PN,590,6540,5922,12462
201718,statale,SCUOLA SECONDARIA II GRADO,PO,513,5712,5201,10913
201718,statale,SCUOLA SECONDARIA II GRADO,PR,868,9692,9339,19031
201718,statale,SCUOLA SECONDARIA II GRADO,PS,739,7720,8151,15871
201718,statale,SCUOLA SECONDARIA II GRADO,PT,698,6836,6596,13432
201718,statale,SCUOLA SECONDARIA II GRADO,PV,894,9522,8605,18127
201718,statale,SCUOLA SECONDARIA II GRADO,PZ,995,9696,8687,18383
201718,statale,SCUOLA SECONDARIA II GRADO,RA,694,7832,7358,15190
201718,statale,SCUOLA SECONDARIA II GRADO,RC,1390,14201,13191,27392
201718,statale,SCUOLA SECONDARIA II GRADO,RE,984,11029,10275,21304
201718,statale,SCUOLA SECONDARIA II GRADO,RG,764,7869,7489,15358
201718,statale,SCUOLA SECONDARIA II GRADO,RI,384,3574,3352,6926
201718,statale,SCUOLA SECONDARIA II GRADO,RM,7735,85236,82491,167727
201718,statale,SCUOLA SECONDARIA II GRADO,RN,644,7362,6714,14076
201718,statale,SCUOLA SECONDARIA II GRADO,RO,468,4537,4218,8755
201718,statale,SCUOLA SECONDARIA II GRADO,SA,2696,29140,27044,56184
201718,statale,SCUOLA SECONDARIA II GRADO,SI,586,6158,5421,11579
201718,statale,SCUOLA SECONDARIA II GRADO,SO,387,3873,3830,7703
201718,statale,SCUOLA SECONDARIA II GRADO,SP,414,4458,4104,8562
201718,statale,SCUOLA SECONDARIA II GRADO,SR,1030,9894,8867,18761
201718,statale,SCUOLA SECONDARIA II GRADO,SS,1139,11173,10696,21869
201718,statale,SCUOLA SECONDARIA II GRADO,SV,482,5446,5244,10690
201718,statale,SCUOLA SECONDARIA II GRADO,TA,1369,14054,13864,27918
201718,statale,SCUOLA SECONDARIA II GRADO,TE,591,5919,5603,11522
201718,statale,SCUOLA SECONDARIA II GRADO,TO,4026,43571,43304,86875
201718,statale,SCUOLA SECONDARIA II GRADO,TP,1021,11478,10422,21900
201718,statale,SCUOLA SECONDARIA II GRADO,TR,420,4524,4456,8980
201718,statale,SCUOLA SECONDARIA II GRADO,TS,444,4064,4101,8165
201718,statale,SCUOLA SECONDARIA II GRADO,TV,1767,19951,18853,38804
201718,statale,SCUOLA SECONDARIA II GRADO,UD,1160,10968,10745,21713
201718,statale,SCUOLA SECONDARIA II GRADO,VA,1619,18816,18396,37212
201718,statale,SCUOLA SECONDARIA II GRADO,VB,365,3621,3306,6927
201718,statale,SCUOLA SECONDARIA II GRADO,VC,389,3818,3433,7251
201718,statale,SCUOLA SECONDARIA II GRADO,VE,1474,16403,15330,31733
201718,statale,SCUOLA SECONDARIA II GRADO,VI,1753,19605,19770,39375
201718,statale,SCUOLA SECONDARIA II GRADO,VR,1533,16730,17817,34547
201718,statale,SCUOLA SECONDARIA II GRADO,VT,613,6324,5918,12242
201718,statale,SCUOLA SECONDARIA II GRADO,VV,412,4360,3824,8184
201819,paritaria,SCUOLA PRIMARIA,AG,12,97,113,210
201819,paritaria,SCUOLA PRIMARIA,AL,42,418,406,824
201819,paritaria,SCUOLA PRIMARIA,AN,20,118,107,225
201819,paritaria,SCUOLA PRIMARIA,AP,30,253,253,506
201819,paritaria,SCUOLA PRIMARIA,AQ,35,361,345,706
201819,paritaria,SCUOLA PRIMARIA,AR,32,279,276,555
201819,paritaria,SCUOLA PRIMARIA,AT,12,129,132,261
201819,paritaria,SCUOLA PRIMARIA,AV,39,324,278,602
201819,paritaria,SCUOLA PRIMARIA,BA,91,920,937,1857
201819,paritaria,SCUOLA PRIMARIA,BG,247,2691,2507,5198
201819,paritaria,SCUOLA PRIMARIA,BI,10,76,66,142
201819,paritaria,SCUOLA PRIMARIA,BL,15,145,170,315
201819,paritaria,SCUOLA PRIMARIA,BN,32,255,212,467
201819,paritaria,SCUOLA PRIMARIA,BO,140,1538,1473,3011
201819,paritaria,SCUOLA PRIMARIA,BR,15,128,112,240
201819,paritaria,SCUOLA PRIMARIA,BS,186,1966,1915,3881
201819,paritaria,SCUOLA PRIMARIA,CA,95,952,860,1812
201819,paritaria,SCUOLA PRIMARIA,CB,10,112,79,191
201819,paritaria,SCUOLA PRIMARIA,CE,309,2419,2224,4643
201819,paritaria,SCUOLA PRIMARIA,CH,20,157,168,325
201819,paritaria,SCUOLA PRIMARIA,CL,20,146,178,324
201819,paritaria,SCUOLA PRIMARIA,CN,21,180,145,325
201819,paritaria,SCUOLA PRIMARIA,CO,98,1038,888,1926
201819,paritaria,SCUOLA PRIMARIA,CR,56,574,554,1128
201819,paritaria,SCUOLA PRIMARIA,CS,37,276,257,533
201819,paritaria,SCUOLA PRIMARIA,CT,124,1054,1053,2107
201819,paritaria,SCUOLA PRIMARIA,CZ,18,131,115,246
201819,paritaria,SCUOLA PRIMARIA,FE,30,272,294,566
201819,paritaria,SCUOLA PRIMARIA,FG,93,856,704,1560
201819,paritaria,SCUOLA PRIMARIA,FI,192,2027,1985,4012
201819,paritaria,SCUOLA PRIMARIA,FO,37,415,348,763
201819,paritaria,SCUOLA PRIMARIA,FR,45,384,369,753
201819,paritaria,SCUOLA PRIMARIA,GE,185,1854,1791,3645
201819,paritaria,SCUOLA PRIMARIA,GO,16,114,119,233
201819,paritaria,SCUOLA PRIMARIA,GR,9,102,87,189
201819,paritaria,SCUOLA PRIMARIA,IM,25,246,230,476
201819,paritaria,SCUOLA PRIMARIA,KR,6,42,29,71
201819,paritaria,SCUOLA PRIMARIA,LC,67,736,673,1409
201819,paritaria,SCUOLA PRIMARIA,LE,44,443,428,871
201819,paritaria,SCUOLA PRIMARIA,LI,43,468,479,947
201819,paritaria,SCUOLA PRIMARIA,LO,34,417,331,748
201819,paritaria,SCUOLA PRIMARIA,LT,49,463,543,1006
201819,paritaria,SCUOLA PRIMARIA,LU,30,302,307,609
201819,paritaria,SCUOLA PRIMARIA,MC,6,53,63,116
201819,paritaria,SCUOLA PRIMARIA,ME,57,439,427,866
201819,paritaria,SCUOLA PRIMARIA,MI,926,10257,9574,19831
201819,paritaria,SCUOLA PRIMARIA,MN,18,168,152,320
201819,paritaria,SCUOLA PRIMARIA,MO,88,977,934,1911
201819,paritaria,SCUOLA PRIMARIA,MS,24,211,227,438
201819,paritaria,SCUOLA PRIMARIA,MT,5,53,56,109
201819,paritaria,SCUOLA PRIMARIA,NA,1320,10776,9996,20772
201819,paritaria,SCUOLA PRIMARIA,NO,58,622,635,1257
201819,paritaria,SCUOLA PRIMARIA,OR,5,65,57,122
201819,paritaria,SCUOLA PRIMARIA,PA,197,1670,1625,3295
201819,paritaria,SCUOLA PRIMARIA,PC,15,132,121,253
201819,paritaria,SCUOLA PRIMARIA,PD,128,1356,1272,2628
201819,paritaria,SCUOLA PRIMARIA,PE,37,368,351,719
201819,paritaria,SCUOLA PRIMARIA,PG,40,319,335,654
201819,paritaria,SCUOLA PRIMARIA,PI,15,150,164,314
201819,paritaria,SCUOLA PRIMARIA,PN,19,190,149,339
201819,paritaria,SCUOLA PRIMARIA,PO,55,646,627,1273
201819,paritaria,SCUOLA PRIMARIA,PR,64,695,665,1360
201819,paritaria,SCUOLA PRIMARIA,PS,22,209,205,414
201819,paritaria,SCUOLA PRIMARIA,PT,20,186,172,358
201819,paritaria,SCUOLA PRIMARIA,PV,57,560,533,1093
201819,paritaria,SCUOLA PRIMARIA,PZ,10,84,99,183
201819,paritaria,SCUOLA PRIMARIA,RA,50,542,555,1097
201819,paritaria,SCUOLA PRIMARIA,RC,53,468,399,867
201819,paritaria,SCUOLA PRIMARIA,RE,70,799,765,1564
201819,paritaria,SCUOLA PRIMARIA,RG,23,197,212,409
201819,paritaria,SCUOLA PRIMARIA,RI,5,42,32,74
201819,paritaria,SCUOLA PRIMARIA,RM,1168,12182,11643,23825
201819,paritaria,SCUOLA PRIMARIA,RN,78,807,772,1579
201819,paritaria,SCUOLA PRIMARIA,RO,16,167,130,297
201819,paritaria,SCUOLA PRIMARIA,SA,112,944,828,1772
201819,paritaria,SCUOLA PRIMARIA,SI,15,155,141,296
201819,paritaria,SCUOLA PRIMARIA,SO,5,42,25,67
201819,paritaria,SCUOLA PRIMARIA,SP,28,286,310,596
201819,paritaria,SCUOLA PRIMARIA,SR,20,197,141,338
201819,paritaria,SCUOLA PRIMARIA,SS,23,162,173,335
201819,paritaria,SCUOLA PRIMARIA,SV,30,274,256,530
201819,paritaria,SCUOLA PRIMARIA,TA,21,201,202,403
201819,paritaria,SCUOLA PRIMARIA,TE,2,12,15,27
201819,paritaria,SCUOLA PRIMARIA,TO,372,4092,3818,7910
201819,paritaria,SCUOLA PRIMARIA,TP,6,68,26,94
201819,paritaria,SCUOLA PRIMARIA,TR,7,34,41,75
201819,paritaria,SCUOLA PRIMARIA,TS,36,308,352,660
201819,paritaria,SCUOLA PRIMARIA,TV,152,1595,1386,2981
201819,paritaria,SCUOLA PRIMARIA,UD,53,464,476,940
201819,paritaria,SCUOLA PRIMARIA,VA,173,1720,1592,3312
201819,paritaria,SCUOLA PRIMARIA,VB,10,111,94,205
201819,paritaria,SCUOLA PRIMARIA,VC,12,128,107,235
201819,paritaria,SCUOLA PRIMARIA,VE,80,855,800,1655
201819,paritaria,SCUOLA PRIMARIA,VI,96,962,901,1863
201819,paritaria,SCUOLA PRIMARIA,VR,126,1332,1281,2613
201819,paritaria,SCUOLA PRIMARIA,VT,37,338,337,675
201819,paritaria,SCUOLA PRIMARIA,VV,5,40,33,73
201819,paritaria,SCUOLA SECONDARIA I GRADO,AL,23,227,207,434
201819,paritaria,SCUOLA SECONDARIA I GRADO,AN,3,28,21,49
201819,paritaria,SCUOLA SECONDARIA I GRADO,AP,10,89,57,146
201819,paritaria,SCUOLA SECONDARIA I GRADO,AQ,6,51,42,93
201819,paritaria,SCUOLA SECONDARIA I GRADO,AR,3,7,13,20
201819,paritaria,SCUOLA SECONDARIA I GRADO,AT,3,25,22,47
201819,paritaria,SCUOLA SECONDARIA I GRADO,BA,14,101,109,210
201819,paritaria,SCUOLA SECONDARIA I GRADO,BG,152,1928,1614,3542
201819,paritaria,SCUOLA SECONDARIA I GRADO,BI,3,28,26,54
201819,paritaria,SCUOLA SECONDARIA I GRADO,BL,8,113,72,185
201819,paritaria,SCUOLA SECONDARIA I GRADO,BN,3,17,7,24
201819,paritaria,SCUOLA SECONDARIA I GRADO,BO,82,967,863,1830
201819,paritaria,SCUOLA SECONDARIA I GRADO,BS,130,1519,1362,2881
201819,paritaria,SCUOLA SECONDARIA I GRADO,CA,27,315,282,597
201819,paritaria,SCUOLA SECONDARIA I GRADO,CE,8,111,65,176
201819,paritaria,SCUOLA SECONDARIA I GRADO,CN,12,131,83,214
201819,paritaria,SCUOLA SECONDARIA I GRADO,CO,64,717,682,1399
201819,paritaria,SCUOLA SECONDARIA I GRADO,CR,21,255,193,448
201819,paritaria,SCUOLA SECONDARIA I GRADO,CS,12,59,67,126
201819,paritaria,SCUOLA SECONDARIA I GRADO,CT,33,299,214,513
201819,paritaria,SCUOLA SECONDARIA I GRADO,CZ,7,65,57,122
201819,paritaria,SCUOLA SECONDARIA I GRADO,FE,12,124,111,235
201819,paritaria,SCUOLA SECONDARIA I GRADO,FG,4,42,44,86
201819,paritaria,SCUOLA SECONDARIA I GRADO,FI,63,690,605,1295
201819,paritaria,SCUOLA SECONDARIA I GRADO,FO,13,174,139,313
201819,paritaria,SCUOLA SECONDARIA I GRADO,FR,10,87,77,164
201819,paritaria,SCUOLA SECONDARIA I GRADO,GE,62,677,581,1258
201819,paritaria,SCUOLA SECONDARIA I GRADO,GO,2,7,2,9
201819,paritaria,SCUOLA SECONDARIA I GRADO,GR,3,40,27,67
201819,paritaria,SCUOLA SECONDARIA I GRADO,IM,9,76,73,149
201819,paritaria,SCUOLA SECONDARIA I GRADO,KR,3,10,12,22
201819,paritaria,SCUOLA SECONDARIA I GRADO,LC,45,540,506,1046
201819,paritaria,SCUOLA SECONDARIA I GRADO,LE,9,83,66,149
201819,paritaria,SCUOLA SECONDARIA I GRADO,LI,6,60,57,117
201819,paritaria,SCUOLA SECONDARIA I GRADO,LO,15,143,136,279
201819,paritaria,SCUOLA SECONDARIA I GRADO,LT,3,20,29,49
201819,paritaria,SCUOLA SECONDARIA I GRADO,LU,3,22,21,43
201819,paritaria,SCUOLA SECONDARIA I GRADO,MC,3,36,32,68
201819,paritaria,SCUOLA SECONDARIA I GRADO,ME,14,115,111,226
201819,paritaria,SCUOLA SECONDARIA I GRADO,MI,532,6443,5922,12365
201819,paritaria,SCUOLA SECONDARIA I GRADO,MN,9,89,69,158
201819,paritaria,SCUOLA SECONDARIA I GRADO,MO,26,340,278,618
201819,paritaria,SCUOLA SECONDARIA I GRADO,NA,94,794,757,1551
201819,paritaria,SCUOLA SECONDARIA I GRADO,NO,45,537,536,1073
201819,paritaria,SCUOLA SECONDARIA I GRADO,PA,35,336,353,689
201819,paritaria,SCUOLA SECONDARIA I GRADO,PC,6,50,38,88
201819,paritaria,SCUOLA SECONDARIA I GRADO,PD,44,487,445,932
201819,paritaria,SCUOLA SECONDARIA I GRADO,PE,10,53,56,109
201819,paritaria,SCUOLA SECONDARIA I GRADO,PG,9,55,31,86
201819,paritaria,SCUOLA SECONDARIA I GRADO,PI,3,20,25,45
201819,paritaria,SCUOLA SECONDARIA I GRADO,PN,20,241,230,471
201819,paritaria,SCUOLA SECONDARIA I GRADO,PO,7,79,73,152
201819,paritaria,SCUOLA SECONDARIA I GRADO,PR,40,482,393,875
201819,paritaria,SCUOLA SECONDARIA I GRADO,PS,3,29,26,55
201819,paritaria,SCUOLA SECONDARIA I GRADO,PT,7,80,56,136
201819,paritaria,SCUOLA SECONDARIA I GRADO,PV,31,357,345,702
201819,paritaria,SCUOLA SECONDARIA I GRADO,RA,21,246,242,488
201819,paritaria,SCUOLA SECONDARIA I GRADO,RC,9,62,61,123
201819,paritaria,SCUOLA SECONDARIA I GRADO,RE,23,248,240,488
201819,paritaria,SCUOLA SECONDARIA I GRADO,RM,364,4077,3926,8003
201819,paritaria,SCUOLA SECONDARIA I GRADO,RN,21,275,234,509
201819,paritaria,SCUOLA SECONDARIA I GRADO,RO,3,30,17,47
201819,paritaria,SCUOLA SECONDARIA I GRADO,SA,10,33,27,60
201819,paritaria,SCUOLA SECONDARIA I GRADO,SI,3,33,23,56
201819,paritaria,SCUOLA SECONDARIA I GRADO,SO,3,21,17,38
201819,paritaria,SCUOLA SECONDARIA I GRADO,SP,3,29,44,73
201819,paritaria,SCUOLA SECONDARIA I GRADO,SR,3,31,29,60
201819,paritaria,SCUOLA SECONDARIA I GRADO,SV,11,111,110,221
201819,paritaria,SCUOLA SECONDARIA I GRADO,TA,6,54,65,119
201819,paritaria,SCUOLA SECONDARIA I GRADO,TO,181,2275,1931,4206
201819,paritaria,SCUOLA SECONDARIA I GRADO,TR,3,21,20,41
201819,paritaria,SCUOLA SECONDARIA I GRADO,TS,3,17,27,44
201819,paritaria,SCUOLA SECONDARIA I GRADO,TV,81,1029,825,1854
201819,paritaria,SCUOLA SECONDARIA I GRADO,UD,38,416,326,742
201819,paritaria,SCUOLA SECONDARIA I GRADO,VA,127,1418,1302,2720
201819,paritaria,SCUOLA SECONDARIA I GRADO,VB,3,38,15,53
201819,paritaria,SCUOLA SECONDARIA I GRADO,VE,42,463,415,878
201819,paritaria,SCUOLA SECONDARIA I GRADO,VI,43,444,372,816
201819,paritaria,SCUOLA SECONDARIA I GRADO,VR,107,1292,1036,2328
201819,paritaria,SCUOLA SECONDARIA I GRADO,VT,11,90,93,183
201819,paritaria,SCUOLA SECONDARIA II GRADO,AG,90,470,248,718
201819,paritaria,SCUOLA SECONDARIA II GRADO,AL,28,183,159,342
201819,paritaria,SCUOLA SECONDARIA II GRADO,AN,27,123,69,192
201819,paritaria,SCUOLA SECONDARIA II GRADO,AP,63,421,216,637
201819,paritaria,SCUOLA SECONDARIA II GRADO,AR,7,16,86,102
201819,paritaria,SCUOLA SECONDARIA II GRADO,AT,23,86,96,182
201819,paritaria,SCUOLA SECONDARIA II GRADO,AV,82,750,358,1108
201819,paritaria,SCUOLA SECONDARIA II GRADO,BA,53,455,223,678
201819,paritaria,SCUOLA SECONDARIA II GRADO,BG,220,1922,1422,3344
201819,paritaria,SCUOLA SECONDARIA II GRADO,BL,31,159,239,398
201819,paritaria,SCUOLA SECONDARIA II GRADO,BN,66,593,349,942
201819,paritaria,SCUOLA SECONDARIA II GRADO,BO,96,1092,767,1859
201819,paritaria,SCUOLA SECONDARIA II GRADO,BR,10,44,30,74
201819,paritaria,SCUOLA SECONDARIA II GRADO,BS,206,1701,1509,3210
201819,paritaria,SCUOLA SECONDARIA II GRADO,CA,54,314,228,542
201819,paritaria,SCUOLA SECONDARIA II GRADO,CE,144,1234,597,1831
201819,paritaria,SCUOLA SECONDARIA II GRADO,CH,23,81,24,105
201819,paritaria,SCUOLA SECONDARIA II GRADO,CL,18,87,110,197
201819,paritaria,SCUOLA SECONDARIA II GRADO,CO,152,1058,909,1967
201819,paritaria,SCUOLA SECONDARIA II GRADO,CR,31,271,227,498
201819,paritaria,SCUOLA SECONDARIA II GRADO,CS,66,208,294,502
201819,paritaria,SCUOLA SECONDARIA II GRADO,CT,239,1145,738,1883
201819,paritaria,SCUOLA SECONDARIA II GRADO,CZ,26,113,134,247
201819,paritaria,SCUOLA SECONDARIA II GRADO,EN,23,136,131,267
201819,paritaria,SCUOLA SECONDARIA II GRADO,FE,4,27,37,64
201819,paritaria,SCUOLA SECONDARIA II GRADO,FG,20,121,37,158
201819,paritaria,SCUOLA SECONDARIA II GRADO,FI,139,947,666,1613
201819,paritaria,SCUOLA SECONDARIA II GRADO,FO,11,111,37,148
201819,paritaria,SCUOLA SECONDARIA II GRADO,FR,48,341,206,547
201819,paritaria,SCUOLA SECONDARIA II GRADO,GE,130,826,1411,2237
201819,paritaria,SCUOLA SECONDARIA II GRADO,GO,1,7,2,9
201819,paritaria,SCUOLA SECONDARIA II GRADO,GR,10,46,31,77
201819,paritaria,SCUOLA SECONDARIA II GRADO,KR,9,34,25,59
201819,paritaria,SCUOLA SECONDARIA II GRADO,LC,75,605,513,1118
201819,paritaria,SCUOLA SECONDARIA II GRADO,LE,24,164,91,255
201819,paritaria,SCUOLA SECONDARIA II GRADO,LI,35,212,138,350
201819,paritaria,SCUOLA SECONDARIA II GRADO,LO,5,30,22,52
201819,paritaria,SCUOLA SECONDARIA II GRADO,LT,63,452,233,685
201819,paritaria,SCUOLA SECONDARIA II GRADO,LU,12,45,46,91
201819,paritaria,SCUOLA SECONDARIA II GRADO,MC,33,224,193,417
201819,paritaria,SCUOLA SECONDARIA II GRADO,ME,88,454,310,764
201819,paritaria,SCUOLA SECONDARIA II GRADO,MI,835,8664,7567,16231
201819,paritaria,SCUOLA SECONDARIA II GRADO,MN,16,105,104,209
201819,paritaria,SCUOLA SECONDARIA II GRADO,MO,36,321,237,558
201819,paritaria,SCUOLA SECONDARIA II GRADO,MS,10,42,42,84
201819,paritaria,SCUOLA SECONDARIA II GRADO,MT,9,32,36,68
201819,paritaria,SCUOLA SECONDARIA II GRADO,NA,942,7947,5423,13370
201819,paritaria,SCUOLA SECONDARIA II GRADO,NO,55,383,336,719
201819,paritaria,SCUOLA SECONDARIA II GRADO,NU,5,18,33,51
201819,paritaria,SCUOLA SECONDARIA II GRADO,PA,290,1744,1340,3084
201819,paritaria,SCUOLA SECONDARIA II GRADO,PC,18,144,77,221
201819,paritaria,SCUOLA SECONDARIA II GRADO,PD,74,804,536,1340
201819,paritaria,SCUOLA SECONDARIA II GRADO,PE,61,315,178,493
201819,paritaria,SCUOLA SECONDARIA II GRADO,PG,34,134,102,236
201819,paritaria,SCUOLA SECONDARIA II GRADO,PI,3,34,19,53
201819,paritaria,SCUOLA SECONDARIA II GRADO,PN,20,108,91,199
201819,paritaria,SCUOLA SECONDARIA II GRADO,PO,9,80,42,122
201819,paritaria,SCUOLA SECONDARIA II GRADO,PR,14,116,78,194
201819,paritaria,SCUOLA SECONDARIA II GRADO,PS,15,180,50,230
201819,paritaria,SCUOLA SECONDARIA II GRADO,PT,10,157,102,259
201819,paritaria,SCUOLA SECONDARIA II GRADO,PV,91,428,319,747
201819,paritaria,SCUOLA SECONDARIA II GRADO,PZ,1,3,0,3
201819,paritaria,SCUOLA SECONDARIA II GRADO,RA,7,30,38,68
201819,paritaria,SCUOLA SECONDARIA II GRADO,RC,54,300,182,482
201819,paritaria,SCUOLA SECONDARIA II GRADO,RE,34,202,182,384
201819,paritaria,SCUOLA SECONDARIA II GRADO,RG,66,285,260,545
201819,paritaria,SCUOLA SECONDARIA II GRADO,RM,970,7524,5259,12783
201819,paritaria,SCUOLA SECONDARIA II GRADO,RN,35,238,292,530
201819,paritaria,SCUOLA SECONDARIA II GRADO,SA,386,3067,1652,4719
201819,paritaria,SCUOLA SECONDARIA II GRADO,SI,5,48,20,68
201819,paritaria,SCUOLA SECONDARIA II GRADO,SO,2,8,5,13
201819,paritaria,SCUOLA SECONDARIA II GRADO,SR,46,266,161,427
201819,paritaria,SCUOLA SECONDARIA II GRADO,SS,44,119,92,211
201819,paritaria,SCUOLA SECONDARIA II GRADO,SV,15,110,116,226
201819,paritaria,SCUOLA SECONDARIA II GRADO,TA,69,452,186,638
201819,paritaria,SCUOLA SECONDARIA II GRADO,TE,12,112,56,168
201819,paritaria,SCUOLA SECONDARIA II GRADO,TO,249,2250,1690,3940
201819,paritaria,SCUOLA SECONDARIA II GRADO,TP,21,127,168,295
201819,paritaria,SCUOLA SECONDARIA II GRADO,TV,149,1204,790,1994
201819,paritaria,SCUOLA SECONDARIA II GRADO,UD,41,511,165,676
201819,paritaria,SCUOLA SECONDARIA II GRADO,VA,243,2159,1365,3524
201819,paritaria,SCUOLA SECONDARIA II GRADO,VB,14,81,85,166
201819,paritaria,SCUOLA SECONDARIA II GRADO,VE,84,560,378,938
201819,paritaria,SCUOLA SECONDARIA II GRADO,VI,63,411,309,720
201819,paritaria,SCUOLA SECONDARIA II GRADO,VR,183,2091,1311,3402
201819,paritaria,SCUOLA SECONDARIA II GRADO,VT,29,198,93,291
201819,paritaria,SCUOLA SECONDARIA II GRADO,VV,10,67,20,87
201819,statale,SCUOLA PRIMARIA,AG,1042,9736,9066,18802
201819,statale,SCUOLA PRIMARIA,AL,935,7971,7414,15385
201819,statale,SCUOLA PRIMARIA,AN,1090,10879,10172,21051
201819,statale,SCUOLA PRIMARIA,AP,829,7915,7357,15272
201819,statale,SCUOLA PRIMARIA,AQ,675,5818,5490,11308
201819,statale,SCUOLA PRIMARIA,AR,768,7119,6768,13887
201819,statale,SCUOLA PRIMARIA,AT,460,4409,4075,8484
201819,statale,SCUOLA PRIMARIA,AV,1069,8296,7955,16251
201819,statale,SCUOLA PRIMARIA,BA,3593,36804,34762,71566
201819,statale,SCUOLA PRIMARIA,BG,2575,25899,24547,50446
201819,statale,SCUOLA PRIMARIA,BI,385,3222,3157,6379
201819,statale,SCUOLA PRIMARIA,BL,482,4103,3799,7902
201819,statale,SCUOLA PRIMARIA,BN,697,5516,5168,10684
201819,statale,SCUOLA PRIMARIA,BO,1932,21212,19840,41052
201819,statale,SCUOLA PRIMARIA,BR,876,8594,8101,16695
201819,statale,SCUOLA PRIMARIA,BS,2967,29616,27957,57573
201819,statale,SCUOLA PRIMARIA,CA,1649,14709,13772,28481
201819,statale,SCUOLA PRIMARIA,CB,539,4245,3967,8212
201819,statale,SCUOLA PRIMARIA,CE,2440,21328,20295,41623
201819,statale,SCUOLA PRIMARIA,CH,919,8310,7744,16054
201819,statale,SCUOLA PRIMARIA,CL,620,6058,5687,11745
201819,statale,SCUOLA PRIMARIA,CN,1543,13785,12824,26609
201819,statale,SCUOLA PRIMARIA,CO,1311,13265,12396,25661
201819,statale,SCUOLA PRIMARIA,CR,752,7646,6927,14573
201819,statale,SCUOLA PRIMARIA,CS,1893,14723,13942,28665
201819,statale,SCUOLA PRIMARIA,CT,2690,26788,25241,52029
201819,statale,SCUOLA PRIMARIA,CZ,944,7571,7306,14877
201819,statale,SCUOLA PRIMARIA,EN,427,3523,3273,6796
201819,statale,SCUOLA PRIMARIA,FE,670,6614,6319,12933
201819,statale,SCUOLA PRIMARIA,FG,1533,14923,14142,29065
201819,statale,SCUOLA PRIMARIA,FI,1834,20539,19012,39551
201819,statale,SCUOLA PRIMARIA,FO,876,9022,8256,17278
201819,statale,SCUOLA PRIMARIA,FR,1199,10203,9800,20003
201819,statale,SCUOLA PRIMARIA,GE,1493,14605,14050,28655
201819,statale,SCUOLA PRIMARIA,GO,290,2884,2575,5459
201819,statale,SCUOLA PRIMARIA,GR,459,4387,4079,8466
201819,statale,SCUOLA PRIMARIA,IM,441,3903,3639,7542
201819,statale,SCUOLA PRIMARIA,IS,210,1543,1447,2990
201819,statale,SCUOLA PRIMARIA,KR,475,4382,3988,8370
201819,statale,SCUOLA PRIMARIA,LC,740,7463,6919,14382
201819,statale,SCUOLA PRIMARIA,LE,1649,16845,15722,32567
201819,statale,SCUOLA PRIMARIA,LI,613,6595,6285,12880
201819,statale,SCUOLA PRIMARIA,LO,514,5244,4802,10046
201819,statale,SCUOLA PRIMARIA,LT,1311,13225,12504,25729
201819,statale,SCUOLA PRIMARIA,LU,845,8058,7604,15662
201819,statale,SCUOLA PRIMARIA,MC,759,6892,6474,13366
201819,statale,SCUOLA PRIMARIA,ME,1621,12684,12192,24876
201819,statale,SCUOLA PRIMARIA,MI,7978,87493,82075,169568
201819,statale,SCUOLA PRIMARIA,MN,954,9682,8901,18583
201819,statale,SCUOLA PRIMARIA,MO,1480,16372,15360,31732
201819,statale,SCUOLA PRIMARIA,MS,401,3576,3438,7014
201819,statale,SCUOLA PRIMARIA,MT,452,4121,3947,8068
201819,statale,SCUOLA PRIMARIA,NA,7433,73309,68583,141892
201819,statale,SCUOLA PRIMARIA,NO,811,7669,7348,15017
201819,statale,SCUOLA PRIMARIA,NU,534,4452,4010,8462
201819,statale,SCUOLA PRIMARIA,OR,333,2776,2482,5258
201819,statale,SCUOLA PRIMARIA,PA,3101,29579,27919,57498
201819,statale,SCUOLA PRIMARIA,PC,624,6163,5731,11894
201819,statale,SCUOLA PRIMARIA,PD,2050,20469,19246,39715
201819,statale,SCUOLA PRIMARIA,PE,702,6969,6442,13411
201819,statale,SCUOLA PRIMARIA,PG,1583,14454,13824,28278
201819,statale,SCUOLA PRIMARIA,PI,899,9375,8907,18282
201819,statale,SCUOLA PRIMARIA,PN,766,7264,6749,14013
201819,statale,SCUOLA PRIMARIA,PO,505,5937,5343,11280
201819,statale,SCUOLA PRIMARIA,PR,906,9680,8969,18649
201819,statale,SCUOLA PRIMARIA,PS,851,8121,7740,15861
201819,statale,SCUOLA PRIMARIA,PT,630,6478,5984,12462
201819,statale,SCUOLA PRIMARIA,PV,1122,10994,10488,21482
201819,statale,SCUOLA PRIMARIA,PZ,893,7391,6679,14070
201819,statale,SCUOLA PRIMARIA,RA,754,8374,7760,16134
201819,statale,SCUOLA PRIMARIA,RC,1472,12475,11646,24121
201819,statale,SCUOLA PRIMARIA,RE,1219,12705,11965,24670
201819,statale,SCUOLA PRIMARIA,RG,753,7758,7285,15043
201819,statale,SCUOLA PRIMARIA,RI,375,2964,2818,5782
201819,statale,SCUOLA PRIMARIA,RM,8618,90088,84423,174511
201819,statale,SCUOLA PRIMARIA,RN,700,7256,7000,14256
201819,statale,SCUOLA PRIMARIA,RO,519,4626,4280,8906
201819,statale,SCUOLA PRIMARIA,SA,2732,24325,22945,47270
201819,statale,SCUOLA PRIMARIA,SI,561,5569,5412,10981
201819,statale,SCUOLA PRIMARIA,SO,459,4178,3783,7961
201819,statale,SCUOLA PRIMARIA,SP,449,4083,3925,8008
201819,statale,SCUOLA PRIMARIA,SR,901,9284,8439,17723
201819,statale,SCUOLA PRIMARIA,SS,1072,10110,9399,19509
201819,statale,SCUOLA PRIMARIA,SV,550,5040,4812,9852
201819,statale,SCUOLA PRIMARIA,TA,1290,13279,12394,25673
201819,statale,SCUOLA PRIMARIA,TE,702,6510,6181,12691
201819,statale,SCUOLA PRIMARIA,TO,4510,46792,43474,90266
201819,statale,SCUOLA PRIMARIA,TP,1021,9056,8951,18007
201819,statale,SCUOLA PRIMARIA,TR,507,4512,4285,8797
201819,statale,SCUOLA PRIMARIA,TS,463,4211,3888,8099
201819,statale,SCUOLA PRIMARIA,TV,2089,20310,19271,39581
201819,statale,SCUOLA PRIMARIA,UD,1189,10399,10005,20404
201819,statale,SCUOLA PRIMARIA,VA,1804,19597,18523,38120
201819,statale,SCUOLA PRIMARIA,VB,376,3060,2898,5958
201819,statale,SCUOLA PRIMARIA,VC,396,3344,3105,6449
201819,statale,SCUOLA PRIMARIA,VE,1742,18008,16831,34839
201819,statale,SCUOLA PRIMARIA,VI,2031,19994,19076,39070
201819,statale,SCUOLA PRIMARIA,VR,2143,21418,20087,41505
201819,statale,SCUOLA PRIMARIA,VT,656,6304,5873,12177
201819,statale,SCUOLA PRIMARIA,VV,488,3489,3374,6863
201819,statale,SCUOLA SECONDARIA I GRADO,AG,658,6763,6277,13040
201819,statale,SCUOLA SECONDARIA I GRADO,AL,493,5108,4658,9766
201819,statale,SCUOLA SECONDARIA I GRADO,AN,578,6682,6229,12911
201819,statale,SCUOLA SECONDARIA I GRADO,AP,475,5141,4758,9899
201819,statale,SCUOLA SECONDARIA I GRADO,AQ,372,3702,3477,7179
201819,statale,SCUOLA SECONDARIA I GRADO,AR,440,4646,4409,9055
201819,statale,SCUOLA SECONDARIA I GRADO,AT,246,2849,2629,5478
201819,statale,SCUOLA SECONDARIA I GRADO,AV,670,5710,5309,11019
201819,statale,SCUOLA SECONDARIA I GRADO,BA,2140,24581,22964,47545
201819,statale,SCUOLA SECONDARIA I GRADO,BG,1442,16027,15022,31049
201819,statale,SCUOLA SECONDARIA I GRADO,BI,211,2237,2044,4281
201819,statale,SCUOLA SECONDARIA I GRADO,BL,267,2685,2415,5100
201819,statale,SCUOLA SECONDARIA I GRADO,BN,415,3837,3631,7468
201819,statale,SCUOLA SECONDARIA I GRADO,BO,1106,13231,12162,25393
201819,statale,SCUOLA SECONDARIA I GRADO,BR,510,5747,5246,10993
201819,statale,SCUOLA SECONDARIA I GRADO,BS,1684,18464,17270,35734
201819,statale,SCUOLA SECONDARIA I GRADO,CA,1031,9685,8896,18581
201819,statale,SCUOLA SECONDARIA I GRADO,CB,306,2939,2673,5612
201819,statale,SCUOLA SECONDARIA I GRADO,CE,1612,15398,14465,29863
201819,statale,SCUOLA SECONDARIA I GRADO,CH,521,5378,5024,10402
201819,statale,SCUOLA SECONDARIA I GRADO,CL,406,4411,3984,8395
201819,statale,SCUOLA SECONDARIA I GRADO,CN,813,8548,7967,16515
201819,statale,SCUOLA SECONDARIA I GRADO,CO,707,8073,7559,15632
201819,statale,SCUOLA SECONDARIA I GRADO,CR,426,4869,4365,9234
201819,statale,SCUOLA SECONDARIA I GRADO,CS,1071,9787,8994,18781
201819,statale,SCUOLA SECONDARIA I GRADO,CT,1673,17774,16452,34226
201819,statale,SCUOLA SECONDARIA I GRADO,CZ,547,5054,4586,9640
201819,statale,SCUOLA SECONDARIA I GRADO,EN,258,2538,2306,4844
201819,statale,SCUOLA SECONDARIA I GRADO,FE,377,4282,3786,8068
201819,statale,SCUOLA SECONDARIA I GRADO,FG,998,10512,9923,20435
201819,statale,SCUOLA SECONDARIA I GRADO,FI,1142,13650,12616,26266
201819,statale,SCUOLA SECONDARIA I GRADO,FO,490,5603,5299,10902
201819,statale,SCUOLA SECONDARIA I GRADO,FR,662,6570,6157,12727
201819,statale,SCUOLA SECONDARIA I GRADO,GE,905,9981,9293,19274
201819,statale,SCUOLA SECONDARIA I GRADO,GO,178,1947,1761,3708
201819,statale,SCUOLA SECONDARIA I GRADO,GR,276,2884,2577,5461
201819,statale,SCUOLA SECONDARIA I GRADO,IM,238,2667,2428,5095
201819,statale,SCUOLA SECONDARIA I GRADO,IS,109,972,948,1920
201819,statale,SCUOLA SECONDARIA I GRADO,KR,288,2710,2642,5352
201819,statale,SCUOLA SECONDARIA I GRADO,LC,386,4436,4223,8659
201819,statale,SCUOLA SECONDARIA I GRADO,LE,1043,11052,10425,21477
201819,statale,SCUOLA SECONDARIA I GRADO,LI,395,4506,4161,8667
201819,statale,SCUOLA SECONDARIA I GRADO,LO,296,3357,3042,6399
201819,statale,SCUOLA SECONDARIA I GRADO,LT,776,8311,7907,16218
201819,statale,SCUOLA SECONDARIA I GRADO,LU,466,5349,5001,10350
201819,statale,SCUOLA SECONDARIA I GRADO,MC,404,4173,4008,8181
201819,statale,SCUOLA SECONDARIA I GRADO,ME,912,8667,7992,16659
201819,statale,SCUOLA SECONDARIA I GRADO,MI,4865,54435,50430,104865
201819,statale,SCUOLA SECONDARIA I GRADO,MN,520,5927,5445,11372
201819,statale,SCUOLA SECONDARIA I GRADO,MO,880,10200,9556,19756
201819,statale,SCUOLA SECONDARIA I GRADO,MS,230,2444,2203,4647
201819,statale,SCUOLA SECONDARIA I GRADO,MT,288,2910,2581,5491
201819,statale,SCUOLA SECONDARIA I GRADO,NA,5178,54811,51402,106213
201819,statale,SCUOLA SECONDARIA I GRADO,NO,442,4705,4548,9253
201819,statale,SCUOLA SECONDARIA I GRADO,NU,328,2858,2596,5454
201819,statale,SCUOLA SECONDARIA I GRADO,OR,219,1934,1741,3675
201819,statale,SCUOLA SECONDARIA I GRADO,PA,2056,19895,18517,38412
201819,statale,SCUOLA SECONDARIA I GRADO,PC,365,3766,3658,7424
201819,statale,SCUOLA SECONDARIA I GRADO,PD,1175,13288,12399,25687
201819,statale,SCUOLA SECONDARIA I GRADO,PE,436,4563,4281,8844
201819,statale,SCUOLA SECONDARIA I GRADO,PG,846,9428,8751,18179
201819,statale,SCUOLA SECONDARIA I GRADO,PI,524,5956,5418,11374
201819,statale,SCUOLA SECONDARIA I GRADO,PN,399,4420,4112,8532
201819,statale,SCUOLA SECONDARIA I GRADO,PO,331,4206,3858,8064
201819,statale,SCUOLA SECONDARIA I GRADO,PR,509,5956,5429,11385
201819,statale,SCUOLA SECONDARIA I GRADO,PS,459,5313,4852,10165
201819,statale,SCUOLA SECONDARIA I GRADO,PT,368,4113,3847,7960
201819,statale,SCUOLA SECONDARIA I GRADO,PV,631,7049,6468,13517
201819,statale,SCUOLA SECONDARIA I GRADO,PZ,541,4942,4591,9533
201819,statale,SCUOLA SECONDARIA I GRADO,RA,438,5313,4939,10252
201819,statale,SCUOLA SECONDARIA I GRADO,RC,835,8435,7828,16263
201819,statale,SCUOLA SECONDARIA I GRADO,RE,697,8051,7388,15439
201819,statale,SCUOLA SECONDARIA I GRADO,RG,443,5165,4668,9833
201819,statale,SCUOLA SECONDARIA I GRADO,RI,200,1976,1779,3755
201819,statale,SCUOLA SECONDARIA I GRADO,RM,5322,59497,55190,114687
201819,statale,SCUOLA SECONDARIA I GRADO,RN,404,4819,4432,9251
201819,statale,SCUOLA SECONDARIA I GRADO,RO,277,2837,2627,5464
201819,statale,SCUOLA SECONDARIA I GRADO,SA,1605,16376,15476,31852
201819,statale,SCUOLA SECONDARIA I GRADO,SI,332,3697,3306,7003
201819,statale,SCUOLA SECONDARIA I GRADO,SO,245,2595,2413,5008
201819,statale,SCUOLA SECONDARIA I GRADO,SP,254,2853,2555,5408
201819,statale,SCUOLA SECONDARIA I GRADO,SR,586,6209,5585,11794
201819,statale,SCUOLA SECONDARIA I GRADO,SS,669,6573,6138,12711
201819,statale,SCUOLA SECONDARIA I GRADO,SV,307,3535,3162,6697
201819,statale,SCUOLA SECONDARIA I GRADO,TA,813,8604,8304,16908
201819,statale,SCUOLA SECONDARIA I GRADO,TE,409,4129,3886,8015
201819,statale,SCUOLA SECONDARIA I GRADO,TO,2720,29744,27508,57252
201819,statale,SCUOLA SECONDARIA I GRADO,TP,603,6379,5991,12370
201819,statale,SCUOLA SECONDARIA I GRADO,TR,289,3021,2771,5792
201819,statale,SCUOLA SECONDARIA I GRADO,TS,277,2863,2692,5555
201819,statale,SCUOLA SECONDARIA I GRADO,TV,1170,13183,12449,25632
201819,statale,SCUOLA SECONDARIA I GRADO,UD,667,6641,6304,12945
201819,statale,SCUOLA SECONDARIA I GRADO,VA,1043,12133,11071,23204
201819,statale,SCUOLA SECONDARIA I GRADO,VB,204,1992,1907,3899
201819,statale,SCUOLA SECONDARIA I GRADO,VC,214,2297,2050,4347
201819,statale,SCUOLA SECONDARIA I GRADO,VE,1019,11466,10591,22057
201819,statale,SCUOLA SECONDARIA I GRADO,VI,1201,13161,12369,25530
201819,statale,SCUOLA SECONDARIA I GRADO,VR,1181,12869,12155,25024
201819,statale,SCUOLA SECONDARIA I GRADO,VT,394,4047,3806,7853
201819,statale,SCUOLA SECONDARIA I GRADO,VV,279,2458,2310,4768
201819,statale,SCUOLA SECONDARIA II GRADO,AG,1069,10712,10123,20835
201819,statale,SCUOLA SECONDARIA II GRADO,AL,673,7143,7508,14651
201819,statale,SCUOLA SECONDARIA II GRADO,AN,1075,11183,10188,21371
201819,statale,SCUOLA SECONDARIA II GRADO,AP,831,8920,7981,16901
201819,statale,SCUOLA SECONDARIA II GRADO,AQ,646,6394,5818,12212
201819,statale,SCUOLA SECONDARIA II GRADO,AR,798,8234,8188,16422
201819,statale,SCUOLA SECONDARIA II GRADO,AT,333,3687,3267,6954
201819,statale,SCUOLA SECONDARIA II GRADO,AV,1028,9574,8637,18211
201819,statale,SCUOLA SECONDARIA II GRADO,BA,3858,41319,39680,80999
201819,statale,SCUOLA SECONDARIA II GRADO,BG,1946,21987,22392,44379
201819,statale,SCUOLA SECONDARIA II GRADO,BI,342,3382,3367,6749
201819,statale,SCUOLA SECONDARIA II GRADO,BL,412,4169,3738,7907
201819,statale,SCUOLA SECONDARIA II GRADO,BN,746,7286,6601,13887
201819,statale,SCUOLA SECONDARIA II GRADO,BO,1697,19035,18555,37590
201819,statale,SCUOLA SECONDARIA II GRADO,BR,878,9518,8603,18121
201819,statale,SCUOLA SECONDARIA II GRADO,BS,2325,23902,24019,47921
201819,statale,SCUOLA SECONDARIA II GRADO,CA,1783,16593,15770,32363
201819,statale,SCUOLA SECONDARIA II GRADO,CB,548,5571,4878,10449
201819,statale,SCUOLA SECONDARIA II GRADO,CE,2516,26486,25151,51637
201819,statale,SCUOLA SECONDARIA II GRADO,CH,810,8729,7850,16579
201819,statale,SCUOLA SECONDARIA II GRADO,CL,705,7539,6589,14128
201819,statale,SCUOLA SECONDARIA II GRADO,CN,1198,11904,12508,24412
201819,statale,SCUOLA SECONDARIA II GRADO,CO,835,8985,8982,17967
201819,statale,SCUOLA SECONDARIA II GRADO,CR,704,7827,7271,15098
201819,statale,SCUOLA SECONDARIA II GRADO,CS,1802,17327,15881,33208
201819,statale,SCUOLA SECONDARIA II GRADO,CT,2521,26917,24876,51793
201819,statale,SCUOLA SECONDARIA II GRADO,CZ,902,8715,7965,16680
201819,statale,SCUOLA SECONDARIA II GRADO,EN,442,3828,3724,7552
201819,statale,SCUOLA SECONDARIA II GRADO,FE,681,7475,7013,14488
201819,statale,SCUOLA SECONDARIA II GRADO,FG,1658,17084,16758,33842
201819,statale,SCUOLA SECONDARIA II GRADO,FI,2023,21458,20203,41661
201819,statale,SCUOLA SECONDARIA II GRADO,FO,775,9143,8873,18016
201819,statale,SCUOLA SECONDARIA II GRADO,FR,1134,11575,10384,21959
201819,statale,SCUOLA SECONDARIA II GRADO,GE,1456,16403,14981,31384
201819,statale,SCUOLA SECONDARIA II GRADO,GO,321,2768,2604,5372
201819,statale,SCUOLA SECONDARIA II GRADO,GR,491,5014,4745,9759
201819,statale,SCUOLA SECONDARIA II GRADO,IM,382,3989,3841,7830
201819,statale,SCUOLA SECONDARIA II GRADO,IS,162,1525,1498,3023
201819,statale,SCUOLA SECONDARIA II GRADO,KR,465,4431,4141,8572
201819,statale,SCUOLA SECONDARIA II GRADO,LC,587,6278,6719,12997
201819,statale,SCUOLA SECONDARIA II GRADO,LE,1886,19796,18981,38777
201819,statale,SCUOLA SECONDARIA II GRADO,LI,648,7232,6548,13780
201819,statale,SCUOLA SECONDARIA II GRADO,LO,471,5133,4514,9647
201819,statale,SCUOLA SECONDARIA II GRADO,LT,1385,12894,11930,24824
201819,statale,SCUOLA SECONDARIA II GRADO,LU,790,7988,7602,15590
201819,statale,SCUOLA SECONDARIA II GRADO,MC,743,7174,7155,14329
201819,statale,SCUOLA SECONDARIA II GRADO,ME,1385,13725,12666,26391
201819,statale,SCUOLA SECONDARIA II GRADO,MI,6525,69958,70449,140407
201819,statale,SCUOLA SECONDARIA II GRADO,MN,676,6782,6991,13773
201819,statale,SCUOLA SECONDARIA II GRADO,MO,1507,17351,16494,33845
201819,statale,SCUOLA SECONDARIA II GRADO,MS,449,4334,3925,8259
201819,statale,SCUOLA SECONDARIA II GRADO,MT,551,5786,5054,10840
201819,statale,SCUOLA SECONDARIA II GRADO,NA,7916,83264,78766,162030
201819,statale,SCUOLA SECONDARIA II GRADO,NO,652,6933,6490,13423
201819,statale,SCUOLA SECONDARIA II GRADO,NU,580,5057,4704,9761
201819,statale,SCUOLA SECONDARIA II GRADO,OR,355,3439,3119,6558
201819,statale,SCUOLA SECONDARIA II GRADO,PA,2790,29600,26701,56301
201819,statale,SCUOLA SECONDARIA II GRADO,PC,540,5729,5841,11570
201819,statale,SCUOLA SECONDARIA II GRADO,PD,1647,18043,18060,36103
201819,statale,SCUOLA SECONDARIA II GRADO,PE,718,7667,7290,14957
201819,statale,SCUOLA SECONDARIA II GRADO,PG,1409,14932,13513,28445
201819,statale,SCUOLA SECONDARIA II GRADO,PI,802,8958,8090,17048
201819,statale,SCUOLA SECONDARIA II GRADO,PN,600,6583,6091,12674
201819,statale,SCUOLA SECONDARIA II GRADO,PO,532,5774,5320,11094
201819,statale,SCUOLA SECONDARIA II GRADO,PR,879,9817,9421,19238
201819,statale,SCUOLA SECONDARIA II GRADO,PS,751,7761,8186,15947
201819,statale,SCUOLA SECONDARIA II GRADO,PT,694,6933,6653,13586
201819,statale,SCUOLA SECONDARIA II GRADO,PV,892,9523,8619,18142
201819,statale,SCUOLA SECONDARIA II GRADO,PZ,988,9541,8629,18170
201819,statale,SCUOLA SECONDARIA II GRADO,RA,702,7893,7440,15333
201819,statale,SCUOLA SECONDARIA II GRADO,RC,1403,13970,13135,27105
201819,statale,SCUOLA SECONDARIA II GRADO,RE,995,11285,10258,21543
201819,statale,SCUOLA SECONDARIA II GRADO,RG,774,7785,7459,15244
201819,statale,SCUOLA SECONDARIA II GRADO,RI,392,3603,3295,6898
201819,statale,SCUOLA SECONDARIA II GRADO,RM,7794,86454,83306,169760
201819,statale,SCUOLA SECONDARIA II GRADO,RN,649,7391,6782,14173
201819,statale,SCUOLA SECONDARIA II GRADO,RO,452,4408,4119,8527
201819,statale,SCUOLA SECONDARIA II GRADO,SA,2668,28771,26696,55467
201819,statale,SCUOLA SECONDARIA II GRADO,SI,587,6187,5557,11744
201819,statale,SCUOLA SECONDARIA II GRADO,SO,388,3805,3834,7639
201819,statale,SCUOLA SECONDARIA II GRADO,SP,416,4402,4092,8494
201819,statale,SCUOLA SECONDARIA II GRADO,SR,1037,9910,8836,18746
201819,statale,SCUOLA SECONDARIA II GRADO,SS,1171,11272,10744,22016
201819,statale,SCUOLA SECONDARIA II GRADO,SV,491,5494,5285,10779
201819,statale,SCUOLA SECONDARIA II GRADO,TA,1411,13883,14089,27972
201819,statale,SCUOLA SECONDARIA II GRADO,TE,599,5976,5659,11635
201819,statale,SCUOLA SECONDARIA II GRADO,TO,4065,44004,43563,87567
201819,statale,SCUOLA SECONDARIA II GRADO,TP,1031,11369,10367,21736
201819,statale,SCUOLA SECONDARIA II GRADO,TR,434,4622,4411,9033
201819,statale,SCUOLA SECONDARIA II GRADO,TS,454,4170,4150,8320
201819,statale,SCUOLA SECONDARIA II GRADO,TV,1775,19994,18888,38882
201819,statale,SCUOLA SECONDARIA II GRADO,UD,1174,10818,10719,21537
201819,statale,SCUOLA SECONDARIA II GRADO,VA,1627,19058,18456,37514
201819,statale,SCUOLA SECONDARIA II GRADO,VB,370,3727,3274,7001
201819,statale,SCUOLA SECONDARIA II GRADO,VC,377,3745,3403,7148
201819,statale,SCUOLA SECONDARIA II GRADO,VE,1484,16357,15407,31764
201819,statale,SCUOLA SECONDARIA II GRADO,VI,1770,19762,19787,39549
201819,statale,SCUOLA SECONDARIA II GRADO,VR,1538,16669,17891,34560
201819,statale,SCUOLA SECONDARIA II GRADO,VT,619,6451,5921,12372
201819,statale,SCUOLA SECONDARIA II GRADO,VV,423,4322,3888,8210
201920,paritaria,SCUOLA PRIMARIA,AG,12,95,98,193
201920,paritaria,SCUOLA PRIMARIA,AL,43,427,417,844
201920,paritaria,SCUOLA PRIMARIA,AN,15,107,91,198
201920,paritaria,SCUOLA PRIMARIA,AP,29,232,256,488
201920,paritaria,SCUOLA PRIMARIA,AQ,34,348,327,675
201920,paritaria,SCUOLA PRIMARIA,AR,31,286,257,543
201920,paritaria,SCUOLA PRIMARIA,AT,13,122,135,257
201920,paritaria,SCUOLA PRIMARIA,AV,36,277,224,501
201920,paritaria,SCUOLA PRIMARIA,BA,89,926,929,1855
201920,paritaria,SCUOLA PRIMARIA,BG,248,2688,2456,5144
201920,paritaria,SCUOLA PRIMARIA,BI,10,68,56,124
201920,paritaria,SCUOLA PRIMARIA,BL,17,160,173,333
201920,paritaria,SCUOLA PRIMARIA,BN,31,261,214,475
201920,paritaria,SCUOLA PRIMARIA,BO,141,1504,1449,2953
201920,paritaria,SCUOLA PRIMARIA,BR,10,92,83,175
201920,paritaria,SCUOLA PRIMARIA,BS,196,2027,1948,3975
201920,paritaria,SCUOLA PRIMARIA,CA,90,907,840,1747
201920,paritaria,SCUOLA PRIMARIA,CB,9,94,66,160
201920,paritaria,SCUOLA PRIMARIA,CE,305,2364,2209,4573
201920,paritaria,SCUOLA PRIMARIA,CH,19,145,146,291
201920,paritaria,SCUOLA PRIMARIA,CL,20,144,178,322
201920,paritaria,SCUOLA PRIMARIA,CN,23,194,158,352
201920,paritaria,SCUOLA PRIMARIA,CO,103,1070,931,2001
201920,paritaria,SCUOLA PRIMARIA,CR,56,587,526,1113
201920,paritaria,SCUOLA PRIMARIA,CS,38,275,257,532
201920,paritaria,SCUOLA PRIMARIA,CT,114,956,985,1941
201920,paritaria,SCUOLA PRIMARIA,CZ,17,126,116,242
201920,paritaria,SCUOLA PRIMARIA,FE,30,278,291,569
201920,paritaria,SCUOLA PRIMARIA,FG,91,799,679,1478
201920,paritaria,SCUOLA PRIMARIA,FI,191,1980,1964,3944
201920,paritaria,SCUOLA PRIMARIA,FO,37,383,334,717
201920,paritaria,SCUOLA PRIMARIA,FR,45,360,356,716
201920,paritaria,SCUOLA PRIMARIA,GE,178,1735,1706,3441
201920,paritaria,SCUOLA PRIMARIA,GO,17,115,120,235
201920,paritaria,SCUOLA PRIMARIA,GR,9,108,79,187
201920,paritaria,SCUOLA PRIMARIA,IM,20,203,200,403
201920,paritaria,SCUOLA PRIMARIA,KR,6,51,36,87
201920,paritaria,SCUOLA PRIMARIA,LC,66,736,621,1357
201920,paritaria,SCUOLA PRIMARIA,LE,43,440,418,858
201920,paritaria,SCUOLA PRIMARIA,LI,43,471,475,946
201920,paritaria,SCUOLA PRIMARIA,LO,35,417,335,752
201920,paritaria,SCUOLA PRIMARIA,LT,49,450,518,968
201920,paritaria,SCUOLA PRIMARIA,LU,30,317,278,595
201920,paritaria,SCUOLA PRIMARIA,MB,192,1992,1868,3860
201920,paritaria,SCUOLA PRIMARIA,MC,7,65,67,132
201920,paritaria,SCUOLA PRIMARIA,ME,53,410,374,784
201920,paritaria,SCUOLA PRIMARIA,MI,755,8316,7730,16046
201920,paritaria,SCUOLA PRIMARIA,MN,20,183,165,348
201920,paritaria,SCUOLA PRIMARIA,MO,89,960,954,1914
201920,paritaria,SCUOLA PRIMARIA,MS,24,213,218,431
201920,paritaria,SCUOLA PRIMARIA,MT,5,48,45,93
201920,paritaria,SCUOLA PRIMARIA,NA,1305,10502,9756,20258
201920,paritaria,SCUOLA PRIMARIA,NO,58,595,654,1249
201920,paritaria,SCUOLA PRIMARIA,OR,5,56,61,117
201920,paritaria,SCUOLA PRIMARIA,PA,182,1580,1547,3127
201920,paritaria,SCUOLA PRIMARIA,PC,15,134,119,253
201920,paritaria,SCUOLA PRIMARIA,PD,128,1343,1256,2599
201920,paritaria,SCUOLA PRIMARIA,PE,37,359,326,685
201920,paritaria,SCUOLA PRIMARIA,PG,39,290,310,600
201920,paritaria,SCUOLA PRIMARIA,PI,15,166,163,329
201920,paritaria,SCUOLA PRIMARIA,PN,19,178,162,340
201920,paritaria,SCUOLA PRIMARIA,PO,58,664,632,1296
201920,paritaria,SCUOLA PRIMARIA,PR,65,692,681,1373
201920,paritaria,SCUOLA PRIMARIA,PS,22,225,211,436
201920,paritaria,SCUOLA PRIMARIA,PT,20,193,182,375
201920,paritaria,SCUOLA PRIMARIA,PV,56,552,516,1068
201920,paritaria,SCUOLA PRIMARIA,PZ,11,96,90,186
201920,paritaria,SCUOLA PRIMARIA,RA,50,533,552,1085
201920,paritaria,SCUOLA PRIMARIA,RC,52,411,359,770
201920,paritaria,SCUOLA PRIMARIA,RE,72,791,765,1556
201920,paritaria,SCUOLA PRIMARIA,RG,23,185,210,395
201920,paritaria,SCUOLA PRIMARIA,RI,5,44,32,76
201920,paritaria,SCUOLA PRIMARIA,RM,1161,11828,11355,23183
201920,paritaria,SCUOLA PRIMARIA,RN,77,787,768,1555
201920,paritaria,SCUOLA PRIMARIA,RO,17,166,142,308
201920,paritaria,SCUOLA PRIMARIA,SA,111,904,795,1699
201920,paritaria,SCUOLA PRIMARIA,SI,15,150,144,294
201920,paritaria,SCUOLA PRIMARIA,SO,5,41,23,64
201920,paritaria,SCUOLA PRIMARIA,SP,28,279,291,570
201920,paritaria,SCUOLA PRIMARIA,SR,20,182,162,344
201920,paritaria,SCUOLA PRIMARIA,SS,19,147,121,268
201920,paritaria,SCUOLA PRIMARIA,SV,31,271,264,535
201920,paritaria,SCUOLA PRIMARIA,TA,20,178,184,362
201920,paritaria,SCUOLA PRIMARIA,TE,2,12,15,27
201920,paritaria,SCUOLA PRIMARIA,TO,368,4024,3837,7861
201920,paritaria,SCUOLA PRIMARIA,TP,3,38,12,50
201920,paritaria,SCUOLA PRIMARIA,TR,6,35,41,76
201920,paritaria,SCUOLA PRIMARIA,TS,35,325,329,654
201920,paritaria,SCUOLA PRIMARIA,TV,147,1570,1390,2960
201920,paritaria,SCUOLA PRIMARIA,UD,56,493,484,977
201920,paritaria,SCUOLA PRIMARIA,VA,178,1765,1650,3415
201920,paritaria,SCUOLA PRIMARIA,VB,10,115,104,219
201920,paritaria,SCUOLA PRIMARIA,VC,11,111,92,203
201920,paritaria,SCUOLA PRIMARIA,VE,81,845,799,1644
201920,paritaria,SCUOLA PRIMARIA,VI,94,885,850,1735
201920,paritaria,SCUOLA PRIMARIA,VR,132,1337,1351,2688
201920,paritaria,SCUOLA PRIMARIA,VT,37,314,317,631
201920,paritaria,SCUOLA PRIMARIA,VV,5,43,33,76
201920,paritaria,SCUOLA SECONDARIA I GRADO,AL,23,220,216,436
201920,paritaria,SCUOLA SECONDARIA I GRADO,AN,3,22,17,39
201920,paritaria,SCUOLA SECONDARIA I GRADO,AP,12,103,72,175
201920,paritaria,SCUOLA SECONDARIA I GRADO,AQ,3,23,24,47
201920,paritaria,SCUOLA SECONDARIA I GRADO,AT,3,23,14,37
201920,paritaria,SCUOLA SECONDARIA I GRADO,BA,14,107,113,220
201920,paritaria,SCUOLA SECONDARIA I GRADO,BG,160,1953,1694,3647
201920,paritaria,SCUOLA SECONDARIA I GRADO,BI,3,31,24,55
201920,paritaria,SCUOLA SECONDARIA I GRADO,BL,9,117,78,195
201920,paritaria,SCUOLA SECONDARIA I GRADO,BN,4,25,23,48
201920,paritaria,SCUOLA SECONDARIA I GRADO,BO,88,1035,923,1958
201920,paritaria,SCUOLA SECONDARIA I GRADO,BS,130,1518,1341,2859
201920,paritaria,SCUOLA SECONDARIA I GRADO,CA,26,296,256,552
201920,paritaria,SCUOLA SECONDARIA I GRADO,CE,6,87,67,154
201920,paritaria,SCUOLA SECONDARIA I GRADO,CN,13,130,95,225
201920,paritaria,SCUOLA SECONDARIA I GRADO,CO,64,757,666,1423
201920,paritaria,SCUOLA SECONDARIA I GRADO,CR,21,255,202,457
201920,paritaria,SCUOLA SECONDARIA I GRADO,CS,12,53,73,126
201920,paritaria,SCUOLA SECONDARIA I GRADO,CT,32,265,225,490
201920,paritaria,SCUOLA SECONDARIA I GRADO,CZ,6,61,55,116
201920,paritaria,SCUOLA SECONDARIA I GRADO,FE,13,125,127,252
201920,paritaria,SCUOLA SECONDARIA I GRADO,FG,4,36,43,79
201920,paritaria,SCUOLA SECONDARIA I GRADO,FI,64,680,644,1324
201920,paritaria,SCUOLA SECONDARIA I GRADO,FO,15,193,141,334
201920,paritaria,SCUOLA SECONDARIA I GRADO,FR,11,97,82,179
201920,paritaria,SCUOLA SECONDARIA I GRADO,GE,56,633,570,1203
201920,paritaria,SCUOLA SECONDARIA I GRADO,GO,2,5,4,9
201920,paritaria,SCUOLA SECONDARIA I GRADO,GR,3,33,27,60
201920,paritaria,SCUOLA SECONDARIA I GRADO,IM,6,48,43,91
201920,paritaria,SCUOLA SECONDARIA I GRADO,KR,5,28,15,43
201920,paritaria,SCUOLA SECONDARIA I GRADO,LC,45,538,493,1031
201920,paritaria,SCUOLA SECONDARIA I GRADO,LE,9,74,81,155
201920,paritaria,SCUOLA SECONDARIA I GRADO,LI,6,54,56,110
201920,paritaria,SCUOLA SECONDARIA I GRADO,LO,14,148,121,269
201920,paritaria,SCUOLA SECONDARIA I GRADO,LT,3,21,44,65
201920,paritaria,SCUOLA SECONDARIA I GRADO,LU,3,13,30,43
201920,paritaria,SCUOLA SECONDARIA I GRADO,MB,115,1340,1254,2594
201920,paritaria,SCUOLA SECONDARIA I GRADO,MC,4,45,34,79
201920,paritaria,SCUOLA SECONDARIA I GRADO,ME,12,110,92,202
201920,paritaria,SCUOLA SECONDARIA I GRADO,MI,433,5313,4830,10143
201920,paritaria,SCUOLA SECONDARIA I GRADO,MN,9,98,73,171
201920,paritaria,SCUOLA SECONDARIA I GRADO,MO,27,361,301,662
201920,paritaria,SCUOLA SECONDARIA I GRADO,NA,93,797,804,1601
201920,paritaria,SCUOLA SECONDARIA I GRADO,NO,46,571,521,1092
201920,paritaria,SCUOLA SECONDARIA I GRADO,PA,34,323,336,659
201920,paritaria,SCUOLA SECONDARIA I GRADO,PC,6,50,38,88
201920,paritaria,SCUOLA SECONDARIA I GRADO,PD,44,485,427,912
201920,paritaria,SCUOLA SECONDARIA I GRADO,PE,7,50,36,86
201920,paritaria,SCUOLA SECONDARIA I GRADO,PG,9,66,42,108
201920,paritaria,SCUOLA SECONDARIA I GRADO,PI,3,13,21,34
201920,paritaria,SCUOLA SECONDARIA I GRADO,PN,23,275,243,518
201920,paritaria,SCUOLA SECONDARIA I GRADO,PO,7,89,71,160
201920,paritaria,SCUOLA SECONDARIA I GRADO,PR,42,513,409,922
201920,paritaria,SCUOLA SECONDARIA I GRADO,PS,3,21,28,49
201920,paritaria,SCUOLA SECONDARIA I GRADO,PT,9,78,73,151
201920,paritaria,SCUOLA SECONDARIA I GRADO,PV,32,363,336,699
201920,paritaria,SCUOLA SECONDARIA I GRADO,RA,21,239,246,485
201920,paritaria,SCUOLA SECONDARIA I GRADO,RC,9,54,65,119
201920,paritaria,SCUOLA SECONDARIA I GRADO,RE,24,271,253,524
201920,paritaria,SCUOLA SECONDARIA I GRADO,RM,375,4142,3963,8105
201920,paritaria,SCUOLA SECONDARIA I GRADO,RN,22,274,248,522
201920,paritaria,SCUOLA SECONDARIA I GRADO,RO,3,27,20,47
201920,paritaria,SCUOLA SECONDARIA I GRADO,SA,9,27,16,43
201920,paritaria,SCUOLA SECONDARIA I GRADO,SI,3,34,26,60
201920,paritaria,SCUOLA SECONDARIA I GRADO,SO,3,29,18,47
201920,paritaria,SCUOLA SECONDARIA I GRADO,SP,3,29,41,70
201920,paritaria,SCUOLA SECONDARIA I GRADO,SR,3,34,35,69
201920,paritaria,SCUOLA SECONDARIA I GRADO,SV,12,107,119,226
201920,paritaria,SCUOLA SECONDARIA I GRADO,TA,4,52,46,98
201920,paritaria,SCUOLA SECONDARIA I GRADO,TO,189,2351,2044,4395
201920,paritaria,SCUOLA SECONDARIA I GRADO,TR,3,25,23,48
201920,paritaria,SCUOLA SECONDARIA I GRADO,TS,3,21,28,49
201920,paritaria,SCUOLA SECONDARIA I GRADO,TV,82,1004,845,1849
201920,paritaria,SCUOLA SECONDARIA I GRADO,UD,38,382,331,713
201920,paritaria,SCUOLA SECONDARIA I GRADO,VA,132,1482,1336,2818
201920,paritaria,SCUOLA SECONDARIA I GRADO,VB,3,41,16,57
201920,paritaria,SCUOLA SECONDARIA I GRADO,VE,43,461,390,851
201920,paritaria,SCUOLA SECONDARIA I GRADO,VI,41,458,349,807
201920,paritaria,SCUOLA SECONDARIA I GRADO,VR,108,1318,1052,2370
201920,paritaria,SCUOLA SECONDARIA I GRADO,VT,12,113,106,219
201920,paritaria,SCUOLA SECONDARIA II GRADO,AG,95,535,263,798
201920,paritaria,SCUOLA SECONDARIA II GRADO,AL,28,171,160,331
201920,paritaria,SCUOLA SECONDARIA II GRADO,AN,31,121,60,181
201920,paritaria,SCUOLA SECONDARIA II GRADO,AP,70,440,269,709
201920,paritaria,SCUOLA SECONDARIA II GRADO,AR,8,18,98,116
201920,paritaria,SCUOLA SECONDARIA II GRADO,AT,21,83,95,178
201920,paritaria,SCUOLA SECONDARIA II GRADO,AV,84,756,382,1138
201920,paritaria,SCUOLA SECONDARIA II GRADO,BA,47,406,195,601
201920,paritaria,SCUOLA SECONDARIA II GRADO,BG,221,1921,1436,3357
201920,paritaria,SCUOLA SECONDARIA II GRADO,BL,31,167,212,379
201920,paritaria,SCUOLA SECONDARIA II GRADO,BN,41,539,294,833
201920,paritaria,SCUOLA SECONDARIA II GRADO,BO,99,1112,810,1922
201920,paritaria,SCUOLA SECONDARIA II GRADO,BR,11,51,42,93
201920,paritaria,SCUOLA SECONDARIA II GRADO,BS,204,1765,1541,3306
201920,paritaria,SCUOLA SECONDARIA II GRADO,CA,46,265,194,459
201920,paritaria,SCUOLA SECONDARIA II GRADO,CE,169,1470,762,2232
201920,paritaria,SCUOLA SECONDARIA II GRADO,CH,25,75,34,109
201920,paritaria,SCUOLA SECONDARIA II GRADO,CL,19,96,137,233
201920,paritaria,SCUOLA SECONDARIA II GRADO,CO,151,1121,925,2046
201920,paritaria,SCUOLA SECONDARIA II GRADO,CR,29,251,209,460
201920,paritaria,SCUOLA SECONDARIA II GRADO,CS,66,221,281,502
201920,paritaria,SCUOLA SECONDARIA II GRADO,CT,236,1196,743,1939
201920,paritaria,SCUOLA SECONDARIA II GRADO,CZ,27,113,139,252
201920,paritaria,SCUOLA SECONDARIA II GRADO,EN,25,144,128,272
201920,paritaria,SCUOLA SECONDARIA II GRADO,FE,5,29,44,73
201920,paritaria,SCUOLA SECONDARIA II GRADO,FG,20,108,40,148
201920,paritaria,SCUOLA SECONDARIA II GRADO,FI,145,927,606,1533
201920,paritaria,SCUOLA SECONDARIA II GRADO,FO,10,111,46,157
201920,paritaria,SCUOLA SECONDARIA II GRADO,FR,60,417,323,740
201920,paritaria,SCUOLA SECONDARIA II GRADO,GE,124,770,1355,2125
201920,paritaria,SCUOLA SECONDARIA II GRADO,GR,10,51,29,80
201920,paritaria,SCUOLA SECONDARIA II GRADO,KR,9,48,31,79
201920,paritaria,SCUOLA SECONDARIA II GRADO,LC,73,596,498,1094
201920,paritaria,SCUOLA SECONDARIA II GRADO,LE,24,153,76,229
201920,paritaria,SCUOLA SECONDARIA II GRADO,LI,36,229,191,420
201920,paritaria,SCUOLA SECONDARIA II GRADO,LO,5,27,23,50
201920,paritaria,SCUOLA SECONDARIA II GRADO,LT,66,498,249,747
201920,paritaria,SCUOLA SECONDARIA II GRADO,LU,13,53,49,102
201920,paritaria,SCUOLA SECONDARIA II GRADO,MB,172,1520,1619,3139
201920,paritaria,SCUOLA SECONDARIA II GRADO,MC,30,217,199,416
201920,paritaria,SCUOLA SECONDARIA II GRADO,ME,90,493,307,800
201920,paritaria,SCUOLA SECONDARIA II GRADO,MI,677,7475,6112,13587
201920,paritaria,SCUOLA SECONDARIA II GRADO,MN,15,94,100,194
201920,paritaria,SCUOLA SECONDARIA II GRADO,MO,38,333,240,573
201920,paritaria,SCUOLA SECONDARIA II GRADO,MS,10,45,36,81
201920,paritaria,SCUOLA SECONDARIA II GRADO,MT,7,47,26,73
201920,paritaria,SCUOLA SECONDARIA II GRADO,NA,932,8285,5586,13871
201920,paritaria,SCUOLA SECONDARIA II GRADO,NO,56,358,372,730
201920,paritaria,SCUOLA SECONDARIA II GRADO,NU,5,22,35,57
201920,paritaria,SCUOLA SECONDARIA II GRADO,PA,284,1744,1277,3021
201920,paritaria,SCUOLA SECONDARIA II GRADO,PC,17,147,85,232
201920,paritaria,SCUOLA SECONDARIA II GRADO,PD,76,837,551,1388
201920,paritaria,SCUOLA SECONDARIA II GRADO,PE,59,281,145,426
201920,paritaria,SCUOLA SECONDARIA II GRADO,PG,30,131,104,235
201920,paritaria,SCUOLA SECONDARIA II GRADO,PI,3,27,18,45
201920,paritaria,SCUOLA SECONDARIA II GRADO,PN,18,119,80,199
201920,paritaria,SCUOLA SECONDARIA II GRADO,PO,14,84,45,129
201920,paritaria,SCUOLA SECONDARIA II GRADO,PR,13,116,77,193
201920,paritaria,SCUOLA SECONDARIA II GRADO,PS,16,200,44,244
201920,paritaria,SCUOLA SECONDARIA II GRADO,PT,10,148,105,253
201920,paritaria,SCUOLA SECONDARIA II GRADO,PV,95,431,363,794
201920,paritaria,SCUOLA SECONDARIA II GRADO,PZ,2,2,3,5
201920,paritaria,SCUOLA SECONDARIA II GRADO,RA,6,26,23,49
201920,paritaria,SCUOLA SECONDARIA II GRADO,RC,48,305,175,480
201920,paritaria,SCUOLA SECONDARIA II GRADO,RE,36,208,180,388
201920,paritaria,SCUOLA SECONDARIA II GRADO,RG,61,234,188,422
201920,paritaria,SCUOLA SECONDARIA II GRADO,RM,989,7674,5356,13030
201920,paritaria,SCUOLA SECONDARIA II GRADO,RN,36,225,285,510
201920,paritaria,SCUOLA SECONDARIA II GRADO,SA,490,4364,2409,6773
201920,paritaria,SCUOLA SECONDARIA II GRADO,SI,5,48,25,73
201920,paritaria,SCUOLA SECONDARIA II GRADO,SR,47,264,157,421
201920,paritaria,SCUOLA SECONDARIA II GRADO,SS,42,108,85,193
201920,paritaria,SCUOLA SECONDARIA II GRADO,SV,15,120,114,234
201920,paritaria,SCUOLA SECONDARIA II GRADO,TA,58,411,166,577
201920,paritaria,SCUOLA SECONDARIA II GRADO,TE,11,80,42,122
201920,paritaria,SCUOLA SECONDARIA II GRADO,TO,251,2311,1711,4022
201920,paritaria,SCUOLA SECONDARIA II GRADO,TP,20,121,159,280
201920,paritaria,SCUOLA SECONDARIA II GRADO,TV,144,1192,775,1967
201920,paritaria,SCUOLA SECONDARIA II GRADO,UD,43,536,192,728
201920,paritaria,SCUOLA SECONDARIA II GRADO,VA,238,2156,1416,3572
201920,paritaria,SCUOLA SECONDARIA II GRADO,VB,15,85,86,171
201920,paritaria,SCUOLA SECONDARIA II GRADO,VE,85,559,392,951
201920,paritaria,SCUOLA SECONDARIA II GRADO,VI,58,398,293,691
201920,paritaria,SCUOLA SECONDARIA II GRADO,VR,185,2147,1408,3555
201920,paritaria,SCUOLA SECONDARIA II GRADO,VT,28,185,118,303
201920,paritaria,SCUOLA SECONDARIA II GRADO,VV,10,43,13,56
201920,statale,SCUOLA PRIMARIA,AG,1016,9445,8748,18193
201920,statale,SCUOLA PRIMARIA,AL,930,7712,7148,14860
201920,statale,SCUOLA PRIMARIA,AN,1068,10548,9847,20395
201920,statale,SCUOLA PRIMARIA,AP,837,7786,7322,15108
201920,statale,SCUOLA PRIMARIA,AQ,681,5743,5474,11217
201920,statale,SCUOLA PRIMARIA,AR,736,7073,6548,13621
201920,statale,SCUOLA PRIMARIA,AT,457,4365,4023,8388
201920,statale,SCUOLA PRIMARIA,AV,1060,8108,7702,15810
201920,statale,SCUOLA PRIMARIA,BA,3586,35955,33922,69877
201920,statale,SCUOLA PRIMARIA,BG,2519,25452,23880,49332
201920,statale,SCUOLA PRIMARIA,BI,377,3115,3071,6186
201920,statale,SCUOLA PRIMARIA,BL,473,3969,3699,7668
201920,statale,SCUOLA PRIMARIA,BN,694,5390,5036,10426
201920,statale,SCUOLA PRIMARIA,BO,1918,20867,19748,40615
201920,statale,SCUOLA PRIMARIA,BR,880,8474,7984,16458
201920,statale,SCUOLA PRIMARIA,BS,2902,28883,27451,56334
201920,statale,SCUOLA PRIMARIA,CA,1636,14495,13513,28008
201920,statale,SCUOLA PRIMARIA,CB,531,4096,3840,7936
201920,statale,SCUOLA PRIMARIA,CE,2433,20831,19814,40645
201920,statale,SCUOLA PRIMARIA,CH,904,8204,7541,15745
201920,statale,SCUOLA PRIMARIA,CL,606,5823,5492,11315
201920,statale,SCUOLA PRIMARIA,CN,1525,13638,12741,26379
201920,statale,SCUOLA PRIMARIA,CO,1292,12974,12062,25036
201920,statale,SCUOLA PRIMARIA,CR,741,7492,6787,14279
201920,statale,SCUOLA PRIMARIA,CS,1871,14452,13721,28173
201920,statale,SCUOLA PRIMARIA,CT,2671,26205,24785,50990
201920,statale,SCUOLA PRIMARIA,CZ,925,7505,7125,14630
201920,statale,SCUOLA PRIMARIA,EN,415,3363,3186,6549
201920,statale,SCUOLA PRIMARIA,FE,658,6408,6160,12568
201920,statale,SCUOLA PRIMARIA,FG,1520,14486,13774,28260
201920,statale,SCUOLA PRIMARIA,FI,1818,20031,18697,38728
201920,statale,SCUOLA PRIMARIA,FO,878,8895,8192,17087
201920,statale,SCUOLA PRIMARIA,FR,1187,10029,9613,19642
201920,statale,SCUOLA PRIMARIA,GE,1473,14294,13646,27940
201920,statale,SCUOLA PRIMARIA,GO,285,2848,2496,5344
201920,statale,SCUOLA PRIMARIA,GR,455,4175,3908,8083
201920,statale,SCUOLA PRIMARIA,IM,446,3887,3579,7466
201920,statale,SCUOLA PRIMARIA,IS,200,1518,1454,2972
201920,statale,SCUOLA PRIMARIA,KR,468,4155,3899,8054
201920,statale,SCUOLA PRIMARIA,LC,720,7152,6737,13889
201920,statale,SCUOLA PRIMARIA,LE,1633,16468,15363,31831
201920,statale,SCUOLA PRIMARIA,LI,608,6447,6182,12629
201920,statale,SCUOLA PRIMARIA,LO,508,5168,4759,9927
201920,statale,SCUOLA PRIMARIA,LT,1324,13106,12376,25482
201920,statale,SCUOLA PRIMARIA,LU,838,7796,7428,15224
201920,statale,SCUOLA PRIMARIA,MB,1779,19349,18249,37598
201920,statale,SCUOLA PRIMARIA,MC,737,6738,6263,13001
201920,statale,SCUOLA PRIMARIA,ME,1647,12473,11987,24460
201920,statale,SCUOLA PRIMARIA,MI,6109,66734,62547,129281
201920,statale,SCUOLA PRIMARIA,MN,940,9509,8724,18233
201920,statale,SCUOLA PRIMARIA,MO,1473,16014,15026,31040
201920,statale,SCUOLA PRIMARIA,MS,399,3447,3326,6773
201920,statale,SCUOLA PRIMARIA,MT,440,4017,3844,7861
201920,statale,SCUOLA PRIMARIA,NA,7356,71133,66383,137516
201920,statale,SCUOLA PRIMARIA,NO,810,7606,7281,14887
201920,statale,SCUOLA PRIMARIA,NU,526,4320,3911,8231
201920,statale,SCUOLA PRIMARIA,OR,326,2668,2482,5150
201920,statale,SCUOLA PRIMARIA,PA,3093,28879,27209,56088
201920,statale,SCUOLA PRIMARIA,PC,623,6048,5744,11792
201920,statale,SCUOLA PRIMARIA,PD,2009,20133,18883,39016
201920,statale,SCUOLA PRIMARIA,PE,696,6806,6340,13146
201920,statale,SCUOLA PRIMARIA,PG,1575,14208,13454,27662
201920,statale,SCUOLA PRIMARIA,PI,895,9183,8762,17945
201920,statale,SCUOLA PRIMARIA,PN,749,7110,6708,13818
201920,statale,SCUOLA PRIMARIA,PO,503,5762,5276,11038
201920,statale,SCUOLA PRIMARIA,PR,900,9619,8945,18564
201920,statale,SCUOLA PRIMARIA,PS,844,7942,7553,15495
201920,statale,SCUOLA PRIMARIA,PT,624,6280,5838,12118
201920,statale,SCUOLA PRIMARIA,PV,1098,10857,10255,21112
201920,statale,SCUOLA PRIMARIA,PZ,880,7057,6442,13499
201920,statale,SCUOLA PRIMARIA,RA,742,8138,7589,15727
201920,statale,SCUOLA PRIMARIA,RC,1465,12183,11401,23584
201920,statale,SCUOLA PRIMARIA,RE,1196,12515,11652,24167
201920,statale,SCUOLA PRIMARIA,RG,755,7679,7122,14801
201920,statale,SCUOLA PRIMARIA,RI,368,2927,2719,5646
201920,statale,SCUOLA PRIMARIA,RM,8549,88352,82689,171041
201920,statale,SCUOLA PRIMARIA,RN,694,7161,6832,13993
201920,statale,SCUOLA PRIMARIA,RO,504,4493,4151,8644
201920,statale,SCUOLA PRIMARIA,SA,2699,23781,22474,46255
201920,statale,SCUOLA PRIMARIA,SI,564,5505,5375,10880
201920,statale,SCUOLA PRIMARIA,SO,447,4055,3704,7759
201920,statale,SCUOLA PRIMARIA,SP,449,4064,3837,7901
201920,statale,SCUOLA PRIMARIA,SR,899,9120,8259,17379
201920,statale,SCUOLA PRIMARIA,SS,1067,9861,9184,19045
201920,statale,SCUOLA PRIMARIA,SV,546,4912,4647,9559
201920,statale,SCUOLA PRIMARIA,TA,1287,12913,12128,25041
201920,statale,SCUOLA PRIMARIA,TE,694,6356,6019,12375
201920,statale,SCUOLA PRIMARIA,TO,4456,45730,42427,88157
201920,statale,SCUOLA PRIMARIA,TP,1012,8809,8713,17522
201920,statale,SCUOLA PRIMARIA,TR,500,4389,4205,8594
201920,statale,SCUOLA PRIMARIA,TS,463,4102,3832,7934
201920,statale,SCUOLA PRIMARIA,TV,2046,19929,18837,38766
201920,statale,SCUOLA PRIMARIA,UD,1192,10266,9785,20051
201920,statale,SCUOLA PRIMARIA,VA,1810,19282,18320,37602
201920,statale,SCUOLA PRIMARIA,VB,374,2933,2868,5801
201920,statale,SCUOLA PRIMARIA,VC,384,3290,3051,6341
201920,statale,SCUOLA PRIMARIA,VE,1708,17558,16333,33891
201920,statale,SCUOLA PRIMARIA,VI,1987,19351,18654,38005
201920,statale,SCUOLA PRIMARIA,VR,2124,20961,19649,40610
201920,statale,SCUOLA PRIMARIA,VT,647,6121,5722,11843
201920,statale,SCUOLA PRIMARIA,VV,473,3373,3197,6570
201920,statale,SCUOLA SECONDARIA I GRADO,AG,643,6492,5998,12490
201920,statale,SCUOLA SECONDARIA I GRADO,AL,492,5152,4765,9917
201920,statale,SCUOLA SECONDARIA I GRADO,AN,600,6834,6401,13235
201920,statale,SCUOLA SECONDARIA I GRADO,AP,479,5178,4673,9851
201920,statale,SCUOLA SECONDARIA I GRADO,AQ,370,3756,3393,7149
201920,statale,SCUOLA SECONDARIA I GRADO,AR,440,4692,4386,9078
201920,statale,SCUOLA SECONDARIA I GRADO,AT,246,2851,2599,5450
201920,statale,SCUOLA SECONDARIA I GRADO,AV,676,5566,5417,10983
201920,statale,SCUOLA SECONDARIA I GRADO,BA,2132,24147,22712,46859
201920,statale,SCUOLA SECONDARIA I GRADO,BG,1439,16237,15154,31391
201920,statale,SCUOLA SECONDARIA I GRADO,BI,211,2195,2042,4237
201920,statale,SCUOLA SECONDARIA I GRADO,BL,271,2682,2453,5135
201920,statale,SCUOLA SECONDARIA I GRADO,BN,408,3712,3533,7245
201920,statale,SCUOLA SECONDARIA I GRADO,BO,1113,13256,12179,25435
201920,statale,SCUOLA SECONDARIA I GRADO,BR,516,5657,5278,10935
201920,statale,SCUOLA SECONDARIA I GRADO,BS,1709,18924,17537,36461
201920,statale,SCUOLA SECONDARIA I GRADO,CA,1030,9515,9038,18553
201920,statale,SCUOLA SECONDARIA I GRADO,CB,309,2850,2665,5515
201920,statale,SCUOLA SECONDARIA I GRADO,CE,1609,15107,14412,29519
201920,statale,SCUOLA SECONDARIA I GRADO,CH,522,5285,5057,10342
201920,statale,SCUOLA SECONDARIA I GRADO,CL,399,4256,3826,8082
201920,statale,SCUOLA SECONDARIA I GRADO,CN,825,8628,8088,16716
201920,statale,SCUOLA SECONDARIA I GRADO,CO,711,8066,7589,15655
201920,statale,SCUOLA SECONDARIA I GRADO,CR,428,4942,4461,9403
201920,statale,SCUOLA SECONDARIA I GRADO,CS,1064,9565,8899,18464
201920,statale,SCUOLA SECONDARIA I GRADO,CT,1664,17534,16277,33811
201920,statale,SCUOLA SECONDARIA I GRADO,CZ,556,5019,4712,9731
201920,statale,SCUOLA SECONDARIA I GRADO,EN,256,2455,2209,4664
201920,statale,SCUOLA SECONDARIA I GRADO,FE,385,4307,3868,8175
201920,statale,SCUOLA SECONDARIA I GRADO,FG,986,10359,9597,19956
201920,statale,SCUOLA SECONDARIA I GRADO,FI,1147,13892,12434,26326
201920,statale,SCUOLA SECONDARIA I GRADO,FO,501,5677,5394,11071
201920,statale,SCUOLA SECONDARIA I GRADO,FR,662,6582,6229,12811
201920,statale,SCUOLA SECONDARIA I GRADO,GE,913,10144,9519,19663
201920,statale,SCUOLA SECONDARIA I GRADO,GO,177,1958,1784,3742
201920,statale,SCUOLA SECONDARIA I GRADO,GR,281,2933,2618,5551
201920,statale,SCUOLA SECONDARIA I GRADO,IM,241,2633,2463,5096
201920,statale,SCUOLA SECONDARIA I GRADO,IS,111,1002,917,1919
201920,statale,SCUOLA SECONDARIA I GRADO,KR,289,2788,2563,5351
201920,statale,SCUOLA SECONDARIA I GRADO,LC,386,4404,4247,8651
201920,statale,SCUOLA SECONDARIA I GRADO,LE,1038,11070,10313,21383
201920,statale,SCUOLA SECONDARIA I GRADO,LI,398,4503,4248,8751
201920,statale,SCUOLA SECONDARIA I GRADO,LO,300,3374,3060,6434
201920,statale,SCUOLA SECONDARIA I GRADO,LT,790,8408,7966,16374
201920,statale,SCUOLA SECONDARIA I GRADO,LU,491,5450,5049,10499
201920,statale,SCUOLA SECONDARIA I GRADO,MB,1125,12432,11426,23858
201920,statale,SCUOLA SECONDARIA I GRADO,MC,406,4187,4061,8248
201920,statale,SCUOLA SECONDARIA I GRADO,ME,911,8451,8029,16480
201920,statale,SCUOLA SECONDARIA I GRADO,MI,3803,42393,39531,81924
201920,statale,SCUOLA SECONDARIA I GRADO,MN,526,6068,5480,11548
201920,statale,SCUOLA SECONDARIA I GRADO,MO,891,10441,9682,20123
201920,statale,SCUOLA SECONDARIA I GRADO,MS,236,2484,2233,4717
201920,statale,SCUOLA SECONDARIA I GRADO,MT,287,2847,2577,5424
201920,statale,SCUOLA SECONDARIA I GRADO,NA,5176,54087,50868,104955
201920,statale,SCUOLA SECONDARIA I GRADO,NO,449,4767,4632,9399
201920,statale,SCUOLA SECONDARIA I GRADO,NU,331,2841,2512,5353
201920,statale,SCUOLA SECONDARIA I GRADO,OR,220,1924,1684,3608
201920,statale,SCUOLA SECONDARIA I GRADO,PA,2037,19544,18383,37927
201920,statale,SCUOLA SECONDARIA I GRADO,PC,367,3851,3634,7485
201920,statale,SCUOLA SECONDARIA I GRADO,PD,1192,13439,12625,26064
201920,statale,SCUOLA SECONDARIA I GRADO,PE,440,4636,4296,8932
201920,statale,SCUOLA SECONDARIA I GRADO,PG,857,9440,8904,18344
201920,statale,SCUOLA SECONDARIA I GRADO,PI,538,6052,5602,11654
201920,statale,SCUOLA SECONDARIA I GRADO,PN,402,4442,4108,8550
201920,statale,SCUOLA SECONDARIA I GRADO,PO,334,4268,3858,8126
201920,statale,SCUOLA SECONDARIA I GRADO,PR,520,6087,5431,11518
201920,statale,SCUOLA SECONDARIA I GRADO,PS,462,5325,4832,10157
201920,statale,SCUOLA SECONDARIA I GRADO,PT,375,4241,3951,8192
201920,statale,SCUOLA SECONDARIA I GRADO,PV,633,7064,6662,13726
201920,statale,SCUOLA SECONDARIA I GRADO,PZ,537,4879,4545,9424
201920,statale,SCUOLA SECONDARIA I GRADO,RA,442,5441,5025,10466
201920,statale,SCUOLA SECONDARIA I GRADO,RC,836,8259,7675,15934
201920,statale,SCUOLA SECONDARIA I GRADO,RE,705,8087,7518,15605
201920,statale,SCUOLA SECONDARIA I GRADO,RG,439,5095,4671,9766
201920,statale,SCUOLA SECONDARIA I GRADO,RI,207,1971,1792,3763
201920,statale,SCUOLA SECONDARIA I GRADO,RM,5391,60018,55886,115904
201920,statale,SCUOLA SECONDARIA I GRADO,RN,408,4892,4526,9418
201920,statale,SCUOLA SECONDARIA I GRADO,RO,279,2896,2628,5524
201920,statale,SCUOLA SECONDARIA I GRADO,SA,1598,16098,15224,31322
201920,statale,SCUOLA SECONDARIA I GRADO,SI,335,3635,3390,7025
201920,statale,SCUOLA SECONDARIA I GRADO,SO,246,2653,2402,5055
201920,statale,SCUOLA SECONDARIA I GRADO,SP,258,2824,2680,5504
201920,statale,SCUOLA SECONDARIA I GRADO,SR,581,6074,5521,11595
201920,statale,SCUOLA SECONDARIA I GRADO,SS,672,6563,6065,12628
201920,statale,SCUOLA SECONDARIA I GRADO,SV,303,3500,3132,6632
201920,statale,SCUOLA SECONDARIA I GRADO,TA,823,8525,8165,16690
201920,statale,SCUOLA SECONDARIA I GRADO,TE,414,4099,3843,7942
201920,statale,SCUOLA SECONDARIA I GRADO,TO,2719,29828,27519,57347
201920,statale,SCUOLA SECONDARIA I GRADO,TP,601,6212,5922,12134
201920,statale,SCUOLA SECONDARIA I GRADO,TR,295,2994,2758,5752
201920,statale,SCUOLA SECONDARIA I GRADO,TS,284,2886,2728,5614
201920,statale,SCUOLA SECONDARIA I GRADO,TV,1174,13142,12530,25672
201920,statale,SCUOLA SECONDARIA I GRADO,UD,665,6522,6258,12780
201920,statale,SCUOLA SECONDARIA I GRADO,VA,1063,12227,11242,23469
201920,statale,SCUOLA SECONDARIA I GRADO,VB,201,2027,1846,3873
201920,statale,SCUOLA SECONDARIA I GRADO,VC,216,2273,2084,4357
201920,statale,SCUOLA SECONDARIA I GRADO,VE,1028,11603,10664,22267
201920,statale,SCUOLA SECONDARIA I GRADO,VI,1212,13179,12292,25471
201920,statale,SCUOLA SECONDARIA I GRADO,VR,1197,12954,12296,25250
201920,statale,SCUOLA SECONDARIA I GRADO,VT,397,4101,3838,7939
201920,statale,SCUOLA SECONDARIA I GRADO,VV,272,2340,2257,4597
201920,statale,SCUOLA SECONDARIA II GRADO,AG,1076,10826,10222,21048
201920,statale,SCUOLA SECONDARIA II GRADO,AL,692,7251,7502,14753
201920,statale,SCUOLA SECONDARIA II GRADO,AN,1083,11154,10285,21439
201920,statale,SCUOLA SECONDARIA II GRADO,AP,831,8791,7939,16730
201920,statale,SCUOLA SECONDARIA II GRADO,AQ,647,6381,5768,12149
201920,statale,SCUOLA SECONDARIA II GRADO,AR,799,8161,8280,16441
201920,statale,SCUOLA SECONDARIA II GRADO,AT,338,3785,3320,7105
201920,statale,SCUOLA SECONDARIA II GRADO,AV,1014,9386,8224,17610
201920,statale,SCUOLA SECONDARIA II GRADO,BA,3863,40991,39042,80033
201920,statale,SCUOLA SECONDARIA II GRADO,BG,1958,22017,22515,44532
201920,statale,SCUOLA SECONDARIA II GRADO,BI,338,3274,3246,6520
201920,statale,SCUOLA SECONDARIA II GRADO,BL,413,4100,3678,7778
201920,statale,SCUOLA SECONDARIA II GRADO,BN,751,7294,6472,13766
201920,statale,SCUOLA SECONDARIA II GRADO,BO,1736,19417,18723,38140
201920,statale,SCUOLA SECONDARIA II GRADO,BR,874,9431,8318,17749
201920,statale,SCUOLA SECONDARIA II GRADO,BS,2333,23719,24088,47807
201920,statale,SCUOLA SECONDARIA II GRADO,CA,1782,16453,15283,31736
201920,statale,SCUOLA SECONDARIA II GRADO,CB,540,5421,4683,10104
201920,statale,SCUOLA SECONDARIA II GRADO,CE,2493,26404,24827,51231
201920,statale,SCUOLA SECONDARIA II GRADO,CH,811,8594,7755,16349
201920,statale,SCUOLA SECONDARIA II GRADO,CL,725,7579,6517,14096
201920,statale,SCUOLA SECONDARIA II GRADO,CN,1199,11826,12431,24257
201920,statale,SCUOLA SECONDARIA II GRADO,CO,840,8869,9031,17900
201920,statale,SCUOLA SECONDARIA II GRADO,CR,713,7898,7256,15154
201920,statale,SCUOLA SECONDARIA II GRADO,CS,1796,16798,15589,32387
201920,statale,SCUOLA SECONDARIA II GRADO,CT,2553,26858,24710,51568
201920,statale,SCUOLA SECONDARIA II GRADO,CZ,899,8612,7726,16338
201920,statale,SCUOLA SECONDARIA II GRADO,EN,433,3684,3583,7267
201920,statale,SCUOLA SECONDARIA II GRADO,FE,699,7540,7124,14664
201920,statale,SCUOLA SECONDARIA II GRADO,FG,1660,16985,16569,33554
201920,statale,SCUOLA SECONDARIA II GRADO,FI,2015,21570,20461,42031
201920,statale,SCUOLA SECONDARIA II GRADO,FO,790,9189,9040,18229
201920,statale,SCUOLA SECONDARIA II GRADO,FR,1131,11397,10275,21672
201920,statale,SCUOLA SECONDARIA II GRADO,GE,1478,16567,15211,31778
201920,statale,SCUOLA SECONDARIA II GRADO,GO,310,2837,2694,5531
201920,statale,SCUOLA SECONDARIA II GRADO,GR,491,4910,4691,9601
201920,statale,SCUOLA SECONDARIA II GRADO,IM,393,4042,3876,7918
201920,statale,SCUOLA SECONDARIA II GRADO,IS,159,1496,1473,2969
201920,statale,SCUOLA SECONDARIA II GRADO,KR,467,4346,4018,8364
201920,statale,SCUOLA SECONDARIA II GRADO,LC,593,6379,6738,13117
201920,statale,SCUOLA SECONDARIA II GRADO,LE,1888,19380,18593,37973
201920,statale,SCUOLA SECONDARIA II GRADO,LI,665,7319,6619,13938
201920,statale,SCUOLA SECONDARIA II GRADO,LO,479,5092,4556,9648
201920,statale,SCUOLA SECONDARIA II GRADO,LT,1395,12808,11942,24750
201920,statale,SCUOLA SECONDARIA II GRADO,LU,811,8143,7768,15911
201920,statale,SCUOLA SECONDARIA II GRADO,MB,1413,15650,15370,31020
201920,statale,SCUOLA SECONDARIA II GRADO,MC,747,7201,7185,14386
201920,statale,SCUOLA SECONDARIA II GRADO,ME,1390,13633,12512,26145
201920,statale,SCUOLA SECONDARIA II GRADO,MI,5236,54990,56225,111215
201920,statale,SCUOLA SECONDARIA II GRADO,MN,691,6727,7156,13883
201920,statale,SCUOLA SECONDARIA II GRADO,MO,1523,17518,16638,34156
201920,statale,SCUOLA SECONDARIA II GRADO,MS,438,4282,3931,8213
201920,statale,SCUOLA SECONDARIA II GRADO,MT,547,5677,4964,10641
201920,statale,SCUOLA SECONDARIA II GRADO,NA,7841,82262,78225,160487
201920,statale,SCUOLA SECONDARIA II GRADO,NO,672,7012,6443,13455
201920,statale,SCUOLA SECONDARIA II GRADO,NU,571,4960,4624,9584
201920,statale,SCUOLA SECONDARIA II GRADO,OR,359,3420,3097,6517
201920,statale,SCUOLA SECONDARIA II GRADO,PA,2794,29289,26608,55897
201920,statale,SCUOLA SECONDARIA II GRADO,PC,559,5773,5934,11707
201920,statale,SCUOLA SECONDARIA II GRADO,PD,1658,18264,18086,36350
201920,statale,SCUOLA SECONDARIA II GRADO,PE,714,7619,7320,14939
201920,statale,SCUOLA SECONDARIA II GRADO,PG,1428,15106,13583,28689
201920,statale,SCUOLA SECONDARIA II GRADO,PI,815,9058,8093,17151
201920,statale,SCUOLA SECONDARIA II GRADO,PN,599,6528,6092,12620
201920,statale,SCUOLA SECONDARIA II GRADO,PO,550,6072,5603,11675
201920,statale,SCUOLA SECONDARIA II GRADO,PR,885,10019,9543,19562
201920,statale,SCUOLA SECONDARIA II GRADO,PS,768,7837,8272,16109
201920,statale,SCUOLA SECONDARIA II GRADO,PT,687,6937,6610,13547
201920,statale,SCUOLA SECONDARIA II GRADO,PV,900,9645,8609,18254
201920,statale,SCUOLA SECONDARIA II GRADO,PZ,983,9319,8367,17686
201920,statale,SCUOLA SECONDARIA II GRADO,RA,708,7951,7506,15457
201920,statale,SCUOLA SECONDARIA II GRADO,RC,1433,14273,13241,27514
201920,statale,SCUOLA SECONDARIA II GRADO,RE,997,11438,10376,21814
201920,statale,SCUOLA SECONDARIA II GRADO,RG,768,7735,7307,15042
201920,statale,SCUOLA SECONDARIA II GRADO,RI,396,3572,3232,6804
201920,statale,SCUOLA SECONDARIA II GRADO,RM,7868,87552,83883,171435
201920,statale,SCUOLA SECONDARIA II GRADO,RN,660,7446,6885,14331
201920,statale,SCUOLA SECONDARIA II GRADO,RO,450,4365,4067,8432
201920,statale,SCUOLA SECONDARIA II GRADO,SA,2655,28222,26441,54663
201920,statale,SCUOLA SECONDARIA II GRADO,SI,597,6363,5509,11872
201920,statale,SCUOLA SECONDARIA II GRADO,SO,382,3704,3822,7526
201920,statale,SCUOLA SECONDARIA II GRADO,SP,418,4461,4049,8510
201920,statale,SCUOLA SECONDARIA II GRADO,SR,1027,9650,8597,18247
201920,statale,SCUOLA SECONDARIA II GRADO,SS,1173,11244,10758,22002
201920,statale,SCUOLA SECONDARIA II GRADO,SV,504,5598,5262,10860
201920,statale,SCUOLA SECONDARIA II GRADO,TA,1399,13713,13824,27537
201920,statale,SCUOLA SECONDARIA II GRADO,TE,624,6165,5702,11867
201920,statale,SCUOLA SECONDARIA II GRADO,TO,4115,44030,43772,87802
201920,statale,SCUOLA SECONDARIA II GRADO,TP,1028,11083,10243,21326
201920,statale,SCUOLA SECONDARIA II GRADO,TR,450,4704,4410,9114
201920,statale,SCUOLA SECONDARIA II GRADO,TS,461,4267,4109,8376
201920,statale,SCUOLA SECONDARIA II GRADO,TV,1778,20047,18894,38941
201920,statale,SCUOLA SECONDARIA II GRADO,UD,1174,10736,10590,21326
201920,statale,SCUOLA SECONDARIA II GRADO,VA,1630,19088,18578,37666
201920,statale,SCUOLA SECONDARIA II GRADO,VB,374,3707,3236,6943
201920,statale,SCUOLA SECONDARIA II GRADO,VC,382,3743,3325,7068
201920,statale,SCUOLA SECONDARIA II GRADO,VE,1494,16278,15406,31684
201920,statale,SCUOLA SECONDARIA II GRADO,VI,1797,19913,19874,39787
201920,statale,SCUOLA SECONDARIA II GRADO,VR,1542,16709,18040,34749
201920,statale,SCUOLA SECONDARIA II GRADO,VT,626,6446,6008,12454
201920,statale,SCUOLA SECONDARIA II GRADO,VV,434,4326,3978,8304
202021,paritaria,SCUOLA PRIMARIA,AG,10,88,95,183
202021,paritaria,SCUOLA PRIMARIA,AL,43,428,412,840
202021,paritaria,SCUOLA PRIMARIA,AN,16,86,78,164
202021,paritaria,SCUOLA PRIMARIA,AP,29,232,243,475
202021,paritaria,SCUOLA PRIMARIA,AQ,34,342,290,632
202021,paritaria,SCUOLA PRIMARIA,AR,30,265,252,517
202021,paritaria,SCUOLA PRIMARIA,AT,14,121,139,260
202021,paritaria,SCUOLA PRIMARIA,AV,38,267,211,478
202021,paritaria,SCUOLA PRIMARIA,BA,90,887,900,1787
202021,paritaria,SCUOLA PRIMARIA,BG,249,2623,2430,5053
202021,paritaria,SCUOLA PRIMARIA,BI,5,64,50,114
202021,paritaria,SCUOLA PRIMARIA,BL,17,156,164,320
202021,paritaria,SCUOLA PRIMARIA,BN,30,239,203,442
202021,paritaria,SCUOLA PRIMARIA,BO,147,1523,1460,2983
202021,paritaria,SCUOLA PRIMARIA,BR,10,69,79,148
202021,paritaria,SCUOLA PRIMARIA,BS,201,2012,1908,3920
202021,paritaria,SCUOLA PRIMARIA,CA,92,901,821,1722
202021,paritaria,SCUOLA PRIMARIA,CB,9,84,64,148
202021,paritaria,SCUOLA PRIMARIA,CE,304,2345,2184,4529
202021,paritaria,SCUOLA PRIMARIA,CH,14,102,106,208
202021,paritaria,SCUOLA PRIMARIA,CL,20,135,164,299
202021,paritaria,SCUOLA PRIMARIA,CN,22,185,159,344
202021,paritaria,SCUOLA PRIMARIA,CO,102,1028,937,1965
202021,paritaria,SCUOLA PRIMARIA,CR,55,563,505,1068
202021,paritaria,SCUOLA PRIMARIA,CS,38,276,260,536
202021,paritaria,SCUOLA PRIMARIA,CT,117,954,1019,1973
202021,paritaria,SCUOLA PRIMARIA,CZ,17,117,124,241
202021,paritaria,SCUOLA PRIMARIA,FE,30,299,282,581
202021,paritaria,SCUOLA PRIMARIA,FG,86,704,629,1333
202021,paritaria,SCUOLA PRIMARIA,FI,195,1950,1965,3915
202021,paritaria,SCUOLA PRIMARIA,FO,37,367,342,709
202021,paritaria,SCUOLA PRIMARIA,FR,44,338,345,683
202021,paritaria,SCUOLA PRIMARIA,GE,177,1654,1704,3358
202021,paritaria,SCUOLA PRIMARIA,GO,18,113,125,238
202021,paritaria,SCUOLA PRIMARIA,GR,9,96,83,179
202021,paritaria,SCUOLA PRIMARIA,IM,20,180,200,380
202021,paritaria,SCUOLA PRIMARIA,KR,5,43,27,70
202021,paritaria,SCUOLA PRIMARIA,LC,67,740,627,1367
202021,paritaria,SCUOLA PRIMARIA,LE,40,426,400,826
202021,paritaria,SCUOLA PRIMARIA,LI,43,439,447,886
202021,paritaria,SCUOLA PRIMARIA,LO,36,413,330,743
202021,paritaria,SCUOLA PRIMARIA,LT,48,433,502,935
202021,paritaria,SCUOLA PRIMARIA,LU,30,289,291,580
202021,paritaria,SCUOLA PRIMARIA,MB,195,1999,1895,3894
202021,paritaria,SCUOLA PRIMARIA,MC,8,71,81,152
202021,paritaria,SCUOLA PRIMARIA,ME,52,389,370,759
202021,paritaria,SCUOLA PRIMARIA,MI,763,8134,7717,15851
202021,paritaria,SCUOLA PRIMARIA,MN,22,194,167,361
202021,paritaria,SCUOLA PRIMARIA,MO,89,929,952,1881
202021,paritaria,SCUOLA PRIMARIA,MS,25,219,204,423
202021,paritaria,SCUOLA PRIMARIA,MT,5,46,50,96
202021,paritaria,SCUOLA PRIMARIA,NA,1308,10154,9476,19630
202021,paritaria,SCUOLA PRIMARIA,NO,59,601,634,1235
202021,paritaria,SCUOLA PRIMARIA,OR,5,53,55,108
202021,paritaria,SCUOLA PRIMARIA,PA,182,1581,1533,3114
202021,paritaria,SCUOLA PRIMARIA,PC,15,140,114,254
202021,paritaria,SCUOLA PRIMARIA,PD,128,1273,1206,2479
202021,paritaria,SCUOLA PRIMARIA,PE,36,350,318,668
202021,paritaria,SCUOLA PRIMARIA,PG,36,271,305,576
202021,paritaria,SCUOLA PRIMARIA,PI,17,180,165,345
202021,paritaria,SCUOLA PRIMARIA,PN,19,176,161,337
202021,paritaria,SCUOLA PRIMARIA,PO,59,649,621,1270
202021,paritaria,SCUOLA PRIMARIA,PR,65,673,681,1354
202021,paritaria,SCUOLA PRIMARIA,PS,22,214,211,425
202021,paritaria,SCUOLA PRIMARIA,PT,20,192,167,359
202021,paritaria,SCUOLA PRIMARIA,PV,55,532,502,1034
202021,paritaria,SCUOLA PRIMARIA,PZ,9,73,77,150
202021,paritaria,SCUOLA PRIMARIA,RA,49,501,512,1013
202021,paritaria,SCUOLA PRIMARIA,RC,51,386,330,716
202021,paritaria,SCUOLA PRIMARIA,RE,71,736,751,1487
202021,paritaria,SCUOLA PRIMARIA,RG,24,190,197,387
202021,paritaria,SCUOLA PRIMARIA,RI,5,41,33,74
202021,paritaria,SCUOLA PRIMARIA,RM,1172,11499,11066,22565
202021,paritaria,SCUOLA PRIMARIA,RN,76,761,737,1498
202021,paritaria,SCUOLA PRIMARIA,RO,17,148,139,287
202021,paritaria,SCUOLA PRIMARIA,SA,112,883,803,1686
202021,paritaria,SCUOLA PRIMARIA,SI,15,147,143,290
202021,paritaria,SCUOLA PRIMARIA,SO,5,40,24,64
202021,paritaria,SCUOLA PRIMARIA,SP,28,270,291,561
202021,paritaria,SCUOLA PRIMARIA,SR,20,186,171,357
202021,paritaria,SCUOLA PRIMARIA,SS,18,118,104,222
202021,paritaria,SCUOLA PRIMARIA,SV,32,274,243,517
202021,paritaria,SCUOLA PRIMARIA,TA,20,177,180,357
202021,paritaria,SCUOLA PRIMARIA,TE,2,9,19,28
202021,paritaria,SCUOLA PRIMARIA,TO,364,3887,3761,7648
202021,paritaria,SCUOLA PRIMARIA,TP,1,12,0,12
202021,paritaria,SCUOLA PRIMARIA,TR,5,28,37,65
202021,paritaria,SCUOLA PRIMARIA,TS,35,332,297,629
202021,paritaria,SCUOLA PRIMARIA,TV,144,1502,1362,2864
202021,paritaria,SCUOLA PRIMARIA,UD,59,510,529,1039
202021,paritaria,SCUOLA PRIMARIA,VA,185,1762,1681,3443
202021,paritaria,SCUOLA PRIMARIA,VB,10,101,97,198
202021,paritaria,SCUOLA PRIMARIA,VC,9,98,88,186
202021,paritaria,SCUOLA PRIMARIA,VE,80,812,792,1604
202021,paritaria,SCUOLA PRIMARIA,VI,91,843,777,1620
202021,paritaria,SCUOLA PRIMARIA,VR,134,1325,1342,2667
202021,paritaria,SCUOLA PRIMARIA,VT,36,313,289,602
202021,paritaria,SCUOLA PRIMARIA,VV,5,47,38,85
202021,paritaria,SCUOLA SECONDARIA I GRADO,AL,24,219,220,439
202021,paritaria,SCUOLA SECONDARIA I GRADO,AN,3,20,20,40
202021,paritaria,SCUOLA SECONDARIA I GRADO,AP,11,92,68,160
202021,paritaria,SCUOLA SECONDARIA I GRADO,AQ,3,24,26,50
202021,paritaria,SCUOLA SECONDARIA I GRADO,AT,3,26,25,51
202021,paritaria,SCUOLA SECONDARIA I GRADO,BA,14,121,122,243
202021,paritaria,SCUOLA SECONDARIA I GRADO,BG,163,1933,1740,3673
202021,paritaria,SCUOLA SECONDARIA I GRADO,BI,3,30,23,53
202021,paritaria,SCUOLA SECONDARIA I GRADO,BL,10,113,77,190
202021,paritaria,SCUOLA SECONDARIA I GRADO,BN,5,33,33,66
202021,paritaria,SCUOLA SECONDARIA I GRADO,BO,91,984,979,1963
202021,paritaria,SCUOLA SECONDARIA I GRADO,BS,131,1504,1330,2834
202021,paritaria,SCUOLA SECONDARIA I GRADO,CA,24,260,241,501
202021,paritaria,SCUOLA SECONDARIA I GRADO,CE,6,76,67,143
202021,paritaria,SCUOLA SECONDARIA I GRADO,CN,13,123,106,229
202021,paritaria,SCUOLA SECONDARIA I GRADO,CO,65,778,647,1425
202021,paritaria,SCUOLA SECONDARIA I GRADO,CR,21,247,200,447
202021,paritaria,SCUOLA SECONDARIA I GRADO,CS,13,72,75,147
202021,paritaria,SCUOLA SECONDARIA I GRADO,CT,29,274,231,505
202021,paritaria,SCUOLA SECONDARIA I GRADO,CZ,6,53,54,107
202021,paritaria,SCUOLA SECONDARIA I GRADO,FE,15,128,144,272
202021,paritaria,SCUOLA SECONDARIA I GRADO,FG,4,36,40,76
202021,paritaria,SCUOLA SECONDARIA I GRADO,FI,63,650,621,1271
202021,paritaria,SCUOLA SECONDARIA I GRADO,FO,15,194,139,333
202021,paritaria,SCUOLA SECONDARIA I GRADO,FR,12,97,74,171
202021,paritaria,SCUOLA SECONDARIA I GRADO,GE,57,631,564,1195
202021,paritaria,SCUOLA SECONDARIA I GRADO,GO,3,8,5,13
202021,paritaria,SCUOLA SECONDARIA I GRADO,GR,3,27,23,50
202021,paritaria,SCUOLA SECONDARIA I GRADO,IM,6,60,43,103
202021,paritaria,SCUOLA SECONDARIA I GRADO,KR,3,19,20,39
202021,paritaria,SCUOLA SECONDARIA I GRADO,LC,47,544,507,1051
202021,paritaria,SCUOLA SECONDARIA I GRADO,LE,9,84,73,157
202021,paritaria,SCUOLA SECONDARIA I GRADO,LI,7,60,58,118
202021,paritaria,SCUOLA SECONDARIA I GRADO,LO,15,151,109,260
202021,paritaria,SCUOLA SECONDARIA I GRADO,LT,3,17,50,67
202021,paritaria,SCUOLA SECONDARIA I GRADO,LU,3,18,38,56
202021,paritaria,SCUOLA SECONDARIA I GRADO,MB,116,1346,1277,2623
202021,paritaria,SCUOLA SECONDARIA I GRADO,MC,4,46,31,77
202021,paritaria,SCUOLA SECONDARIA I GRADO,ME,10,92,86,178
202021,paritaria,SCUOLA SECONDARIA I GRADO,MI,439,5289,4906,10195
202021,paritaria,SCUOLA SECONDARIA I GRADO,MN,9,91,66,157
202021,paritaria,SCUOLA SECONDARIA I GRADO,MO,28,365,285,650
202021,paritaria,SCUOLA SECONDARIA I GRADO,NA,98,803,735,1538
202021,paritaria,SCUOLA SECONDARIA I GRADO,NO,45,548,512,1060
202021,paritaria,SCUOLA SECONDARIA I GRADO,PA,37,354,339,693
202021,paritaria,SCUOLA SECONDARIA I GRADO,PC,6,40,45,85
202021,paritaria,SCUOLA SECONDARIA I GRADO,PD,43,477,422,899
202021,paritaria,SCUOLA SECONDARIA I GRADO,PE,5,34,26,60
202021,paritaria,SCUOLA SECONDARIA I GRADO,PG,9,72,45,117
202021,paritaria,SCUOLA SECONDARIA I GRADO,PI,3,15,32,47
202021,paritaria,SCUOLA SECONDARIA I GRADO,PN,25,291,265,556
202021,paritaria,SCUOLA SECONDARIA I GRADO,PO,8,79,96,175
202021,paritaria,SCUOLA SECONDARIA I GRADO,PR,46,538,473,1011
202021,paritaria,SCUOLA SECONDARIA I GRADO,PS,3,16,32,48
202021,paritaria,SCUOLA SECONDARIA I GRADO,PT,8,63,71,134
202021,paritaria,SCUOLA SECONDARIA I GRADO,PV,32,370,320,690
202021,paritaria,SCUOLA SECONDARIA I GRADO,RA,20,206,207,413
202021,paritaria,SCUOLA SECONDARIA I GRADO,RC,9,59,59,118
202021,paritaria,SCUOLA SECONDARIA I GRADO,RE,31,320,257,577
202021,paritaria,SCUOLA SECONDARIA I GRADO,RM,389,4169,3989,8158
202021,paritaria,SCUOLA SECONDARIA I GRADO,RN,22,265,269,534
202021,paritaria,SCUOLA SECONDARIA I GRADO,RO,3,31,25,56
202021,paritaria,SCUOLA SECONDARIA I GRADO,SA,11,35,20,55
202021,paritaria,SCUOLA SECONDARIA I GRADO,SI,3,31,24,55
202021,paritaria,SCUOLA SECONDARIA I GRADO,SO,3,28,14,42
202021,paritaria,SCUOLA SECONDARIA I GRADO,SP,4,38,38,76
202021,paritaria,SCUOLA SECONDARIA I GRADO,SR,3,44,33,77
202021,paritaria,SCUOLA SECONDARIA I GRADO,SV,12,127,125,252
202021,paritaria,SCUOLA SECONDARIA I GRADO,TA,3,47,29,76
202021,paritaria,SCUOLA SECONDARIA I GRADO,TO,195,2342,2121,4463
202021,paritaria,SCUOLA SECONDARIA I GRADO,TR,3,26,26,52
202021,paritaria,SCUOLA SECONDARIA I GRADO,TS,3,19,29,48
202021,paritaria,SCUOLA SECONDARIA I GRADO,TV,85,998,858,1856
202021,paritaria,SCUOLA SECONDARIA I GRADO,UD,36,369,329,698
202021,paritaria,SCUOLA SECONDARIA I GRADO,VA,135,1533,1359,2892
202021,paritaria,SCUOLA SECONDARIA I GRADO,VB,3,30,21,51
202021,paritaria,SCUOLA SECONDARIA I GRADO,VE,43,454,376,830
202021,paritaria,SCUOLA SECONDARIA I GRADO,VI,42,421,321,742
202021,paritaria,SCUOLA SECONDARIA I GRADO,VR,107,1247,973,2220
202021,paritaria,SCUOLA SECONDARIA I GRADO,VT,14,133,110,243
202021,paritaria,SCUOLA SECONDARIA II GRADO,AG,90,483,332,815
202021,paritaria,SCUOLA SECONDARIA II GRADO,AL,27,158,146,304
202021,paritaria,SCUOLA SECONDARIA II GRADO,AN,17,73,55,128
202021,paritaria,SCUOLA SECONDARIA II GRADO,AP,62,464,283,747
202021,paritaria,SCUOLA SECONDARIA II GRADO,AR,9,25,114,139
202021,paritaria,SCUOLA SECONDARIA II GRADO,AT,21,67,86,153
202021,paritaria,SCUOLA SECONDARIA II GRADO,AV,85,778,404,1182
202021,paritaria,SCUOLA SECONDARIA II GRADO,BA,40,351,179,530
202021,paritaria,SCUOLA SECONDARIA II GRADO,BG,228,1977,1440,3417
202021,paritaria,SCUOLA SECONDARIA II GRADO,BL,31,163,196,359
202021,paritaria,SCUOLA SECONDARIA II GRADO,BN,42,576,325,901
202021,paritaria,SCUOLA SECONDARIA II GRADO,BO,101,1141,820,1961
202021,paritaria,SCUOLA SECONDARIA II GRADO,BR,10,40,32,72
202021,paritaria,SCUOLA SECONDARIA II GRADO,BS,203,1730,1586,3316
202021,paritaria,SCUOLA SECONDARIA II GRADO,CA,33,198,139,337
202021,paritaria,SCUOLA SECONDARIA II GRADO,CE,210,1926,1274,3200
202021,paritaria,SCUOLA SECONDARIA II GRADO,CH,29,86,46,132
202021,paritaria,SCUOLA SECONDARIA II GRADO,CL,21,89,148,237
202021,paritaria,SCUOLA SECONDARIA II GRADO,CO,143,1087,933,2020
202021,paritaria,SCUOLA SECONDARIA II GRADO,CR,29,260,200,460
202021,paritaria,SCUOLA SECONDARIA II GRADO,CS,75,267,288,555
202021,paritaria,SCUOLA SECONDARIA II GRADO,CT,213,1142,749,1891
202021,paritaria,SCUOLA SECONDARIA II GRADO,CZ,22,114,127,241
202021,paritaria,SCUOLA SECONDARIA II GRADO,EN,25,138,119,257
202021,paritaria,SCUOLA SECONDARIA II GRADO,FE,5,24,40,64
202021,paritaria,SCUOLA SECONDARIA II GRADO,FG,21,104,31,135
202021,paritaria,SCUOLA SECONDARIA II GRADO,FI,139,850,568,1418
202021,paritaria,SCUOLA SECONDARIA II GRADO,FO,9,104,45,149
202021,paritaria,SCUOLA SECONDARIA II GRADO,FR,62,532,336,868
202021,paritaria,SCUOLA SECONDARIA II GRADO,GE,116,729,1265,1994
202021,paritaria,SCUOLA SECONDARIA II GRADO,GR,10,55,34,89
202021,paritaria,SCUOLA SECONDARIA II GRADO,LC,74,555,463,1018
202021,paritaria,SCUOLA SECONDARIA II GRADO,LE,18,112,54,166
202021,paritaria,SCUOLA SECONDARIA II GRADO,LI,40,232,201,433
202021,paritaria,SCUOLA SECONDARIA II GRADO,LO,5,28,33,61
202021,paritaria,SCUOLA SECONDARIA II GRADO,LT,58,397,229,626
202021,paritaria,SCUOLA SECONDARIA II GRADO,LU,11,43,44,87
202021,paritaria,SCUOLA SECONDARIA II GRADO,MB,178,1588,1692,3280
202021,paritaria,SCUOLA SECONDARIA II GRADO,MC,38,231,232,463
202021,paritaria,SCUOLA SECONDARIA II GRADO,ME,79,459,298,757
202021,paritaria,SCUOLA SECONDARIA II GRADO,MI,705,7775,6286,14061
202021,paritaria,SCUOLA SECONDARIA II GRADO,MN,16,77,99,176
202021,paritaria,SCUOLA SECONDARIA II GRADO,MO,39,324,204,528
202021,paritaria,SCUOLA SECONDARIA II GRADO,MS,9,43,33,76
202021,paritaria,SCUOLA SECONDARIA II GRADO,MT,5,41,24,65
202021,paritaria,SCUOLA SECONDARIA II GRADO,NA,988,9746,6605,16351
202021,paritaria,SCUOLA SECONDARIA II GRADO,NO,51,342,377,719
202021,paritaria,SCUOLA SECONDARIA II GRADO,NU,5,16,35,51
202021,paritaria,SCUOLA SECONDARIA II GRADO,PA,276,1667,1300,2967
202021,paritaria,SCUOLA SECONDARIA II GRADO,PC,18,142,80,222
202021,paritaria,SCUOLA SECONDARIA II GRADO,PD,75,813,560,1373
202021,paritaria,SCUOLA SECONDARIA II GRADO,PE,56,236,145,381
202021,paritaria,SCUOLA SECONDARIA II GRADO,PG,35,122,110,232
202021,paritaria,SCUOLA SECONDARIA II GRADO,PI,4,39,18,57
202021,paritaria,SCUOLA SECONDARIA II GRADO,PN,14,91,68,159
202021,paritaria,SCUOLA SECONDARIA II GRADO,PO,15,107,53,160
202021,paritaria,SCUOLA SECONDARIA II GRADO,PR,13,114,74,188
202021,paritaria,SCUOLA SECONDARIA II GRADO,PS,16,199,41,240
202021,paritaria,SCUOLA SECONDARIA II GRADO,PT,15,136,111,247
202021,paritaria,SCUOLA SECONDARIA II GRADO,PV,95,388,339,727
202021,paritaria,SCUOLA SECONDARIA II GRADO,PZ,1,1,1,2
202021,paritaria,SCUOLA SECONDARIA II GRADO,RA,5,24,12,36
202021,paritaria,SCUOLA SECONDARIA II GRADO,RC,58,439,267,706
202021,paritaria,SCUOLA SECONDARIA II GRADO,RE,37,184,164,348
202021,paritaria,SCUOLA SECONDARIA II GRADO,RG,65,216,186,402
202021,paritaria,SCUOLA SECONDARIA II GRADO,RM,1005,7786,5449,13235
202021,paritaria,SCUOLA SECONDARIA II GRADO,RN,37,246,264,510
202021,paritaria,SCUOLA SECONDARIA II GRADO,SA,504,4328,2605,6933
202021,paritaria,SCUOLA SECONDARIA II GRADO,SI,5,43,27,70
202021,paritaria,SCUOLA SECONDARIA II GRADO,SR,52,290,173,463
202021,paritaria,SCUOLA SECONDARIA II GRADO,SS,31,100,56,156
202021,paritaria,SCUOLA SECONDARIA II GRADO,SV,14,120,121,241
202021,paritaria,SCUOLA SECONDARIA II GRADO,TA,54,372,160,532
202021,paritaria,SCUOLA SECONDARIA II GRADO,TE,8,32,17,49
202021,paritaria,SCUOLA SECONDARIA II GRADO,TO,257,2386,1745,4131
202021,paritaria,SCUOLA SECONDARIA II GRADO,TP,18,99,178,277
202021,paritaria,SCUOLA SECONDARIA II GRADO,TV,146,1197,838,2035
202021,paritaria,SCUOLA SECONDARIA II GRADO,UD,46,599,220,819
202021,paritaria,SCUOLA SECONDARIA II GRADO,VA,230,2055,1401,3456
202021,paritaria,SCUOLA SECONDARIA II GRADO,VB,17,92,81,173
202021,paritaria,SCUOLA SECONDARIA II GRADO,VE,79,538,364,902
202021,paritaria,SCUOLA SECONDARIA II GRADO,VI,53,388,271,659
202021,paritaria,SCUOLA SECONDARIA II GRADO,VR,185,2177,1499,3676
202021,paritaria,SCUOLA SECONDARIA II GRADO,VT,28,180,122,302
202021,paritaria,SCUOLA SECONDARIA II GRADO,VV,9,51,15,66
202021,statale,SCUOLA PRIMARIA,AG,1032,9070,8488,17558
202021,statale,SCUOLA PRIMARIA,AL,927,7493,6904,14397
202021,statale,SCUOLA PRIMARIA,AN,1049,10043,9552,19595
202021,statale,SCUOLA PRIMARIA,AP,828,7579,7067,14646
202021,statale,SCUOLA PRIMARIA,AQ,695,5626,5435,11061
202021,statale,SCUOLA PRIMARIA,AR,724,6835,6328,13163
202021,statale,SCUOLA PRIMARIA,AT,456,4241,3916,8157
202021,statale,SCUOLA PRIMARIA,AV,1074,7755,7416,15171
202021,statale,SCUOLA PRIMARIA,BA,3599,35036,32996,68032
202021,statale,SCUOLA PRIMARIA,BG,2473,24477,22995,47472
202021,statale,SCUOLA PRIMARIA,BI,371,3017,2896,5913
202021,statale,SCUOLA PRIMARIA,BL,462,3790,3543,7333
202021,statale,SCUOLA PRIMARIA,BN,692,5276,4860,10136
202021,statale,SCUOLA PRIMARIA,BO,1920,20201,19223,39424
202021,statale,SCUOLA PRIMARIA,BR,873,8122,7655,15777
202021,statale,SCUOLA PRIMARIA,BS,2888,27737,26522,54259
202021,statale,SCUOLA PRIMARIA,CA,1635,13865,12932,26797
202021,statale,SCUOLA PRIMARIA,CB,553,4044,3739,7783
202021,statale,SCUOLA PRIMARIA,CE,2437,20093,18981,39074
202021,statale,SCUOLA PRIMARIA,CH,921,7972,7310,15282
202021,statale,SCUOLA PRIMARIA,CL,614,5607,5347,10954
202021,statale,SCUOLA PRIMARIA,CN,1550,13374,12382,25756
202021,statale,SCUOLA PRIMARIA,CO,1277,12578,11683,24261
202021,statale,SCUOLA PRIMARIA,CR,734,7303,6703,14006
202021,statale,SCUOLA PRIMARIA,CS,1931,14011,13331,27342
202021,statale,SCUOLA PRIMARIA,CT,2734,25828,24303,50131
202021,statale,SCUOLA PRIMARIA,CZ,947,7509,7044,14553
202021,statale,SCUOLA PRIMARIA,EN,410,3172,3062,6234
202021,statale,SCUOLA PRIMARIA,FE,644,6132,5938,12070
202021,statale,SCUOLA PRIMARIA,FG,1541,14135,13251,27386
202021,statale,SCUOLA PRIMARIA,FI,1816,19380,18000,37380
202021,statale,SCUOLA PRIMARIA,FO,873,8676,8034,16710
202021,statale,SCUOLA PRIMARIA,FR,1229,9780,9448,19228
202021,statale,SCUOLA PRIMARIA,GE,1499,13996,13115,27111
202021,statale,SCUOLA PRIMARIA,GO,290,2792,2427,5219
202021,statale,SCUOLA PRIMARIA,GR,442,3972,3762,7734
202021,statale,SCUOLA PRIMARIA,IM,443,3828,3440,7268
202021,statale,SCUOLA PRIMARIA,IS,203,1496,1435,2931
202021,statale,SCUOLA PRIMARIA,KR,470,4023,3743,7766
202021,statale,SCUOLA PRIMARIA,LC,707,6799,6501,13300
202021,statale,SCUOLA PRIMARIA,LE,1644,16093,14872,30965
202021,statale,SCUOLA PRIMARIA,LI,603,6195,5997,12192
202021,statale,SCUOLA PRIMARIA,LO,511,4954,4631,9585
202021,statale,SCUOLA PRIMARIA,LT,1354,12880,12018,24898
202021,statale,SCUOLA PRIMARIA,LU,849,7560,7249,14809
202021,statale,SCUOLA PRIMARIA,MB,1776,18720,17695,36415
202021,statale,SCUOLA PRIMARIA,MC,735,6465,6091,12556
202021,statale,SCUOLA PRIMARIA,ME,1717,12232,11753,23985
202021,statale,SCUOLA PRIMARIA,MI,6106,64951,60667,125618
202021,statale,SCUOLA PRIMARIA,MN,928,9253,8482,17735
202021,statale,SCUOLA PRIMARIA,MO,1458,15487,14564,30051
202021,statale,SCUOLA PRIMARIA,MS,393,3327,3274,6601
202021,statale,SCUOLA PRIMARIA,MT,453,3892,3761,7653
202021,statale,SCUOLA PRIMARIA,NA,7365,68762,64206,132968
202021,statale,SCUOLA PRIMARIA,NO,809,7446,7084,14530
202021,statale,SCUOLA PRIMARIA,NU,522,4128,3809,7937
202021,statale,SCUOLA PRIMARIA,OR,330,2587,2420,5007
202021,statale,SCUOLA PRIMARIA,PA,3172,28173,26622,54795
202021,statale,SCUOLA PRIMARIA,PC,635,6015,5652,11667
202021,statale,SCUOLA PRIMARIA,PD,2002,19489,18262,37751
202021,statale,SCUOLA PRIMARIA,PE,709,6726,6246,12972
202021,statale,SCUOLA PRIMARIA,PG,1565,13753,13153,26906
202021,statale,SCUOLA PRIMARIA,PI,892,8877,8639,17516
202021,statale,SCUOLA PRIMARIA,PN,743,6870,6482,13352
202021,statale,SCUOLA PRIMARIA,PO,495,5297,4923,10220
202021,statale,SCUOLA PRIMARIA,PR,901,9453,8686,18139
202021,statale,SCUOLA PRIMARIA,PS,836,7766,7266,15032
202021,statale,SCUOLA PRIMARIA,PT,623,6127,5716,11843
202021,statale,SCUOLA PRIMARIA,PV,1093,10565,9953,20518
202021,statale,SCUOLA PRIMARIA,PZ,884,6796,6198,12994
202021,statale,SCUOLA PRIMARIA,RA,731,7923,7394,15317
202021,statale,SCUOLA PRIMARIA,RC,1540,11931,11138,23069
202021,statale,SCUOLA PRIMARIA,RE,1188,12077,11300,23377
202021,statale,SCUOLA PRIMARIA,RG,756,7467,6844,14311
202021,statale,SCUOLA PRIMARIA,RI,381,2835,2644,5479
202021,statale,SCUOLA PRIMARIA,RM,8585,85917,80354,166271
202021,statale,SCUOLA PRIMARIA,RN,686,7008,6577,13585
202021,statale,SCUOLA PRIMARIA,RO,488,4325,4020,8345
202021,statale,SCUOLA PRIMARIA,SA,2698,23228,21948,45176
202021,statale,SCUOLA PRIMARIA,SI,564,5431,5153,10584
202021,statale,SCUOLA PRIMARIA,SO,457,4080,3678,7758
202021,statale,SCUOLA PRIMARIA,SP,450,3944,3749,7693
202021,statale,SCUOLA PRIMARIA,SR,908,8805,8079,16884
202021,statale,SCUOLA PRIMARIA,SS,1057,9487,8852,18339
202021,statale,SCUOLA PRIMARIA,SV,553,4792,4460,9252
202021,statale,SCUOLA PRIMARIA,TA,1318,12526,11802,24328
202021,statale,SCUOLA PRIMARIA,TE,694,6219,5874,12093
202021,statale,SCUOLA PRIMARIA,TO,4427,43984,41308,85292
202021,statale,SCUOLA PRIMARIA,TP,1035,8580,8514,17094
202021,statale,SCUOLA PRIMARIA,TR,494,4296,4106,8402
202021,statale,SCUOLA PRIMARIA,TS,456,3971,3702,7673
202021,statale,SCUOLA PRIMARIA,TV,2014,19336,18322,37658
202021,statale,SCUOLA PRIMARIA,UD,1191,9905,9317,19222
202021,statale,SCUOLA PRIMARIA,VA,1806,18616,17639,36255
202021,statale,SCUOLA PRIMARIA,VB,383,2816,2776,5592
202021,statale,SCUOLA PRIMARIA,VC,385,3223,2997,6220
202021,statale,SCUOLA PRIMARIA,VE,1685,16895,15657,32552
202021,statale,SCUOLA PRIMARIA,VI,1974,18693,18014,36707
202021,statale,SCUOLA PRIMARIA,VR,2125,20374,19118,39492
202021,statale,SCUOLA PRIMARIA,VT,651,5911,5598,11509
202021,statale,SCUOLA PRIMARIA,VV,476,3289,3096,6385
202021,statale,SCUOLA SECONDARIA I GRADO,AG,666,6313,5841,12154
202021,statale,SCUOLA SECONDARIA I GRADO,AL,493,5098,4740,9838
202021,statale,SCUOLA SECONDARIA I GRADO,AN,619,6982,6377,13359
202021,statale,SCUOLA SECONDARIA I GRADO,AP,486,5071,4588,9659
202021,statale,SCUOLA SECONDARIA I GRADO,AQ,378,3791,3412,7203
202021,statale,SCUOLA SECONDARIA I GRADO,AR,443,4679,4331,9010
202021,statale,SCUOLA SECONDARIA I GRADO,AT,243,2810,2521,5331
202021,statale,SCUOLA SECONDARIA I GRADO,AV,676,5465,5238,10703
202021,statale,SCUOLA SECONDARIA I GRADO,BA,2128,23606,22158,45764
202021,statale,SCUOLA SECONDARIA I GRADO,BG,1450,16059,15304,31363
202021,statale,SCUOLA SECONDARIA I GRADO,BI,206,2104,2002,4106
202021,statale,SCUOLA SECONDARIA I GRADO,BL,270,2621,2388,5009
202021,statale,SCUOLA SECONDARIA I GRADO,BN,405,3590,3460,7050
202021,statale,SCUOLA SECONDARIA I GRADO,BO,1137,13162,12254,25416
202021,statale,SCUOLA SECONDARIA I GRADO,BR,529,5607,5120,10727
202021,statale,SCUOLA SECONDARIA I GRADO,BS,1726,18788,17523,36311
202021,statale,SCUOLA SECONDARIA I GRADO,CA,1040,9427,8928,18355
202021,statale,SCUOLA SECONDARIA I GRADO,CB,316,2772,2510,5282
202021,statale,SCUOLA SECONDARIA I GRADO,CE,1612,14886,14075,28961
202021,statale,SCUOLA SECONDARIA I GRADO,CH,523,5209,4989,10198
202021,statale,SCUOLA SECONDARIA I GRADO,CL,397,4023,3676,7699
202021,statale,SCUOLA SECONDARIA I GRADO,CN,833,8622,8171,16793
202021,statale,SCUOLA SECONDARIA I GRADO,CO,713,8051,7460,15511
202021,statale,SCUOLA SECONDARIA I GRADO,CR,431,4948,4484,9432
202021,statale,SCUOLA SECONDARIA I GRADO,CS,1094,9277,8820,18097
202021,statale,SCUOLA SECONDARIA I GRADO,CT,1683,17018,16012,33030
202021,statale,SCUOLA SECONDARIA I GRADO,CZ,551,4734,4531,9265
202021,statale,SCUOLA SECONDARIA I GRADO,EN,255,2333,2111,4444
202021,statale,SCUOLA SECONDARIA I GRADO,FE,387,4232,3928,8160
202021,statale,SCUOLA SECONDARIA I GRADO,FG,1001,10146,9457,19603
202021,statale,SCUOLA SECONDARIA I GRADO,FI,1158,13628,12313,25941
202021,statale,SCUOLA SECONDARIA I GRADO,FO,505,5697,5261,10958
202021,statale,SCUOLA SECONDARIA I GRADO,FR,662,6552,6179,12731
202021,statale,SCUOLA SECONDARIA I GRADO,GE,938,9912,9495,19407
202021,statale,SCUOLA SECONDARIA I GRADO,GO,174,1914,1722,3636
202021,statale,SCUOLA SECONDARIA I GRADO,GR,282,2856,2583,5439
202021,statale,SCUOLA SECONDARIA I GRADO,IM,245,2634,2449,5083
202021,statale,SCUOLA SECONDARIA I GRADO,IS,113,972,866,1838
202021,statale,SCUOLA SECONDARIA I GRADO,KR,289,2772,2427,5199
202021,statale,SCUOLA SECONDARIA I GRADO,LC,389,4476,4148,8624
202021,statale,SCUOLA SECONDARIA I GRADO,LE,1035,10797,10086,20883
202021,statale,SCUOLA SECONDARIA I GRADO,LI,394,4474,4171,8645
202021,statale,SCUOLA SECONDARIA I GRADO,LO,309,3471,3060,6531
202021,statale,SCUOLA SECONDARIA I GRADO,LT,810,8370,7896,16266
202021,statale,SCUOLA SECONDARIA I GRADO,LU,485,5359,4913,10272
202021,statale,SCUOLA SECONDARIA I GRADO,MB,1136,12388,11379,23767
202021,statale,SCUOLA SECONDARIA I GRADO,MC,413,4172,4012,8184
202021,statale,SCUOLA SECONDARIA I GRADO,ME,938,8270,7953,16223
202021,statale,SCUOLA SECONDARIA I GRADO,MI,3825,41836,39370,81206
202021,statale,SCUOLA SECONDARIA I GRADO,MN,530,5964,5480,11444
202021,statale,SCUOLA SECONDARIA I GRADO,MO,894,10387,9734,20121
202021,statale,SCUOLA SECONDARIA I GRADO,MS,238,2384,2203,4587
202021,statale,SCUOLA SECONDARIA I GRADO,MT,287,2662,2519,5181
202021,statale,SCUOLA SECONDARIA I GRADO,NA,5140,52449,49556,102005
202021,statale,SCUOLA SECONDARIA I GRADO,NO,452,4756,4580,9336
202021,statale,SCUOLA SECONDARIA I GRADO,NU,326,2809,2472,5281
202021,statale,SCUOLA SECONDARIA I GRADO,OR,220,1825,1639,3464
202021,statale,SCUOLA SECONDARIA I GRADO,PA,2052,19316,18085,37401
202021,statale,SCUOLA SECONDARIA I GRADO,PC,369,3923,3567,7490
202021,statale,SCUOLA SECONDARIA I GRADO,PD,1200,13196,12547,25743
202021,statale,SCUOLA SECONDARIA I GRADO,PE,439,4540,4254,8794
202021,statale,SCUOLA SECONDARIA I GRADO,PG,869,9329,8748,18077
202021,statale,SCUOLA SECONDARIA I GRADO,PI,543,6066,5624,11690
202021,statale,SCUOLA SECONDARIA I GRADO,PN,410,4444,4078,8522
202021,statale,SCUOLA SECONDARIA I GRADO,PO,344,4197,3742,7939
202021,statale,SCUOLA SECONDARIA I GRADO,PR,530,6069,5523,11592
202021,statale,SCUOLA SECONDARIA I GRADO,PS,465,5236,4876,10112
202021,statale,SCUOLA SECONDARIA I GRADO,PT,374,4237,3838,8075
202021,statale,SCUOLA SECONDARIA I GRADO,PV,634,7000,6655,13655
202021,statale,SCUOLA SECONDARIA I GRADO,PZ,544,4788,4343,9131
202021,statale,SCUOLA SECONDARIA I GRADO,RA,446,5476,5074,10550
202021,statale,SCUOLA SECONDARIA I GRADO,RC,855,8024,7359,15383
202021,statale,SCUOLA SECONDARIA I GRADO,RE,714,8051,7513,15564
202021,statale,SCUOLA SECONDARIA I GRADO,RG,457,4922,4667,9589
202021,statale,SCUOLA SECONDARIA I GRADO,RI,209,1917,1755,3672
202021,statale,SCUOLA SECONDARIA I GRADO,RM,5424,59303,55133,114436
202021,statale,SCUOLA SECONDARIA I GRADO,RN,411,4817,4587,9404
202021,statale,SCUOLA SECONDARIA I GRADO,RO,297,2924,2696,5620
202021,statale,SCUOLA SECONDARIA I GRADO,SA,1594,15770,14911,30681
202021,statale,SCUOLA SECONDARIA I GRADO,SI,336,3594,3411,7005
202021,statale,SCUOLA SECONDARIA I GRADO,SO,240,2511,2312,4823
202021,statale,SCUOLA SECONDARIA I GRADO,SP,256,2745,2604,5349
202021,statale,SCUOLA SECONDARIA I GRADO,SR,583,5873,5385,11258
202021,statale,SCUOLA SECONDARIA I GRADO,SS,681,6529,6012,12541
202021,statale,SCUOLA SECONDARIA I GRADO,SV,308,3355,3140,6495
202021,statale,SCUOLA SECONDARIA I GRADO,TA,819,8344,7924,16268
202021,statale,SCUOLA SECONDARIA I GRADO,TE,414,4068,3834,7902
202021,statale,SCUOLA SECONDARIA I GRADO,TO,2733,29616,27326,56942
202021,statale,SCUOLA SECONDARIA I GRADO,TP,602,6051,5732,11783
202021,statale,SCUOLA SECONDARIA I GRADO,TR,289,2896,2657,5553
202021,statale,SCUOLA SECONDARIA I GRADO,TS,286,2863,2633,5496
202021,statale,SCUOLA SECONDARIA I GRADO,TV,1164,12810,12216,25026
202021,statale,SCUOLA SECONDARIA I GRADO,UD,668,6485,6243,12728
202021,statale,SCUOLA SECONDARIA I GRADO,VA,1071,12270,11112,23382
202021,statale,SCUOLA SECONDARIA I GRADO,VB,202,1968,1824,3792
202021,statale,SCUOLA SECONDARIA I GRADO,VC,213,2234,2075,4309
202021,statale,SCUOLA SECONDARIA I GRADO,VE,1028,11490,10534,22024
202021,statale,SCUOLA SECONDARIA I GRADO,VI,1214,12863,12182,25045
202021,statale,SCUOLA SECONDARIA I GRADO,VR,1208,12922,12255,25177
202021,statale,SCUOLA SECONDARIA I GRADO,VT,401,4076,3772,7848
202021,statale,SCUOLA SECONDARIA I GRADO,VV,267,2249,2160,4409
202021,statale,SCUOLA SECONDARIA II GRADO,AG,1098,10734,10134,20868
202021,statale,SCUOLA SECONDARIA II GRADO,AL,713,7491,7650,15141
202021,statale,SCUOLA SECONDARIA II GRADO,AN,1083,11278,10356,21634
202021,statale,SCUOLA SECONDARIA II GRADO,AP,827,8848,8022,16870
202021,statale,SCUOLA SECONDARIA II GRADO,AQ,649,6413,5700,12113
202021,statale,SCUOLA SECONDARIA II GRADO,AR,797,8305,8206,16511
202021,statale,SCUOLA SECONDARIA II GRADO,AT,342,3854,3402,7256
202021,statale,SCUOLA SECONDARIA II GRADO,AV,1023,9446,8316,17762
202021,statale,SCUOLA SECONDARIA II GRADO,BA,3923,41137,39246,80383
202021,statale,SCUOLA SECONDARIA II GRADO,BG,1986,22542,22752,45294
202021,statale,SCUOLA SECONDARIA II GRADO,BI,337,3303,3283,6586
202021,statale,SCUOLA SECONDARIA II GRADO,BL,420,4123,3682,7805
202021,statale,SCUOLA SECONDARIA II GRADO,BN,759,7278,6487,13765
202021,statale,SCUOLA SECONDARIA II GRADO,BO,1784,20185,19141,39326
202021,statale,SCUOLA SECONDARIA II GRADO,BR,880,9497,8402,17899
202021,statale,SCUOLA SECONDARIA II GRADO,BS,2362,24113,24548,48661
202021,statale,SCUOLA SECONDARIA II GRADO,CA,1812,16706,15497,32203
202021,statale,SCUOLA SECONDARIA II GRADO,CB,549,5469,4686,10155
202021,statale,SCUOLA SECONDARIA II GRADO,CE,2523,26744,25391,52135
202021,statale,SCUOLA SECONDARIA II GRADO,CH,823,8651,7760,16411
202021,statale,SCUOLA SECONDARIA II GRADO,CL,744,7553,6544,14097
202021,statale,SCUOLA SECONDARIA II GRADO,CN,1214,12112,12565,24677
202021,statale,SCUOLA SECONDARIA II GRADO,CO,847,9134,9267,18401
202021,statale,SCUOLA SECONDARIA II GRADO,CR,712,7977,7301,15278
202021,statale,SCUOLA SECONDARIA II GRADO,CS,1846,17091,15547,32638
202021,statale,SCUOLA SECONDARIA II GRADO,CT,2568,26929,24762,51691
202021,statale,SCUOLA SECONDARIA II GRADO,CZ,900,8717,7713,16430
202021,statale,SCUOLA SECONDARIA II GRADO,EN,445,3760,3515,7275
202021,statale,SCUOLA SECONDARIA II GRADO,FE,713,7869,7262,15131
202021,statale,SCUOLA SECONDARIA II GRADO,FG,1688,16996,16595,33591
202021,statale,SCUOLA SECONDARIA II GRADO,FI,2011,21752,20711,42463
202021,statale,SCUOLA SECONDARIA II GRADO,FO,806,9487,9295,18782
202021,statale,SCUOLA SECONDARIA II GRADO,FR,1122,11266,10315,21581
202021,statale,SCUOLA SECONDARIA II GRADO,GE,1488,16607,15382,31989
202021,statale,SCUOLA SECONDARIA II GRADO,GO,318,2975,2766,5741
202021,statale,SCUOLA SECONDARIA II GRADO,GR,499,5025,4791,9816
202021,statale,SCUOLA SECONDARIA II GRADO,IM,400,4147,3953,8100
202021,statale,SCUOLA SECONDARIA II GRADO,IS,167,1497,1483,2980
202021,statale,SCUOLA SECONDARIA II GRADO,KR,477,4406,4108,8514
202021,statale,SCUOLA SECONDARIA II GRADO,LC,591,6528,6799,13327
202021,statale,SCUOLA SECONDARIA II GRADO,LE,1904,19124,18522,37646
202021,statale,SCUOLA SECONDARIA II GRADO,LI,677,7507,6785,14292
202021,statale,SCUOLA SECONDARIA II GRADO,LO,492,5214,4590,9804
202021,statale,SCUOLA SECONDARIA II GRADO,LT,1406,12993,12135,25128
202021,statale,SCUOLA SECONDARIA II GRADO,LU,825,8284,7931,16215
202021,statale,SCUOLA SECONDARIA II GRADO,MB,1426,15920,15676,31596
202021,statale,SCUOLA SECONDARIA II GRADO,MC,749,7399,7265,14664
202021,statale,SCUOLA SECONDARIA II GRADO,ME,1415,13753,12500,26253
202021,statale,SCUOLA SECONDARIA II GRADO,MI,5342,56641,57340,113981
202021,statale,SCUOLA SECONDARIA II GRADO,MN,705,7068,7372,14440
202021,statale,SCUOLA SECONDARIA II GRADO,MO,1536,17978,16986,34964
202021,statale,SCUOLA SECONDARIA II GRADO,MS,443,4362,3939,8301
202021,statale,SCUOLA SECONDARIA II GRADO,MT,556,5654,4984,10638
202021,statale,SCUOLA SECONDARIA II GRADO,NA,7869,83887,79618,163505
202021,statale,SCUOLA SECONDARIA II GRADO,NO,691,7206,6743,13949
202021,statale,SCUOLA SECONDARIA II GRADO,NU,576,5078,4584,9662
202021,statale,SCUOLA SECONDARIA II GRADO,OR,362,3429,3014,6443
202021,statale,SCUOLA SECONDARIA II GRADO,PA,2813,29043,26517,55560
202021,statale,SCUOLA SECONDARIA II GRADO,PC,565,5844,6117,11961
202021,statale,SCUOLA SECONDARIA II GRADO,PD,1702,18827,18526,37353
202021,statale,SCUOLA SECONDARIA II GRADO,PE,738,7918,7505,15423
202021,statale,SCUOLA SECONDARIA II GRADO,PG,1477,15538,13774,29312
202021,statale,SCUOLA SECONDARIA II GRADO,PI,818,9046,8228,17274
202021,statale,SCUOLA SECONDARIA II GRADO,PN,612,6632,6325,12957
202021,statale,SCUOLA SECONDARIA II GRADO,PO,569,6567,5906,12473
202021,statale,SCUOLA SECONDARIA II GRADO,PR,899,10244,9659,19903
202021,statale,SCUOLA SECONDARIA II GRADO,PS,777,7999,8320,16319
202021,statale,SCUOLA SECONDARIA II GRADO,PT,681,7057,6646,13703
202021,statale,SCUOLA SECONDARIA II GRADO,PV,902,9669,8780,18449
202021,statale,SCUOLA SECONDARIA II GRADO,PZ,979,9070,8278,17348
202021,statale,SCUOLA SECONDARIA II GRADO,RA,724,8309,7675,15984
202021,statale,SCUOLA SECONDARIA II GRADO,RC,1470,14479,13523,28002
202021,statale,SCUOLA SECONDARIA II GRADO,RE,1021,11674,10595,22269
202021,statale,SCUOLA SECONDARIA II GRADO,RG,770,7957,7313,15270
202021,statale,SCUOLA SECONDARIA II GRADO,RI,401,3686,3277,6963
202021,statale,SCUOLA SECONDARIA II GRADO,RM,7955,90058,86020,176078
202021,statale,SCUOLA SECONDARIA II GRADO,RN,674,7673,7018,14691
202021,statale,SCUOLA SECONDARIA II GRADO,RO,446,4361,4020,8381
202021,statale,SCUOLA SECONDARIA II GRADO,SA,2623,28373,26515,54888
202021,statale,SCUOLA SECONDARIA II GRADO,SI,602,6483,5636,12119
202021,statale,SCUOLA SECONDARIA II GRADO,SO,383,3759,3893,7652
202021,statale,SCUOLA SECONDARIA II GRADO,SP,430,4535,4131,8666
202021,statale,SCUOLA SECONDARIA II GRADO,SR,1034,9772,8504,18276
202021,statale,SCUOLA SECONDARIA II GRADO,SS,1187,11342,10830,22172
202021,statale,SCUOLA SECONDARIA II GRADO,SV,518,5710,5403,11113
202021,statale,SCUOLA SECONDARIA II GRADO,TA,1417,13877,14086,27963
202021,statale,SCUOLA SECONDARIA II GRADO,TE,631,6068,5789,11857
202021,statale,SCUOLA SECONDARIA II GRADO,TO,4231,45051,44525,89576
202021,statale,SCUOLA SECONDARIA II GRADO,TP,1055,11267,10280,21547
202021,statale,SCUOLA SECONDARIA II GRADO,TR,471,4862,4500,9362
202021,statale,SCUOLA SECONDARIA II GRADO,TS,468,4341,4225,8566
202021,statale,SCUOLA SECONDARIA II GRADO,TV,1796,20277,19154,39431
202021,statale,SCUOLA SECONDARIA II GRADO,UD,1174,10648,10626,21274
202021,statale,SCUOLA SECONDARIA II GRADO,VA,1642,19314,19107,38421
202021,statale,SCUOLA SECONDARIA II GRADO,VB,378,3798,3287,7085
202021,statale,SCUOLA SECONDARIA II GRADO,VC,388,3715,3356,7071
202021,statale,SCUOLA SECONDARIA II GRADO,VE,1488,16563,15523,32086
202021,statale,SCUOLA SECONDARIA II GRADO,VI,1813,20238,20055,40293
202021,statale,SCUOLA SECONDARIA II GRADO,VR,1556,17165,18325,35490
202021,statale,SCUOLA SECONDARIA II GRADO,VT,631,6540,6175,12715
202021,statale,SCUOLA SECONDARIA II GRADO,VV,464,4496,4040,8536
202122,paritaria,SCUOLA PRIMARIA,AG,10,82,80,162
202122,paritaria,SCUOLA PRIMARIA,AL,44,434,431,865
202122,paritaria,SCUOLA PRIMARIA,AN,17,82,81,163
202122,paritaria,SCUOLA PRIMARIA,AP,28,239,232,471
202122,paritaria,SCUOLA PRIMARIA,AQ,28,292,246,538
202122,paritaria,SCUOLA PRIMARIA,AR,30,256,225,481
202122,paritaria,SCUOLA PRIMARIA,AT,15,126,143,269
202122,paritaria,SCUOLA PRIMARIA,AV,39,248,214,462
202122,paritaria,SCUOLA PRIMARIA,BA,87,838,891,1729
202122,paritaria,SCUOLA PRIMARIA,BG,254,2636,2450,5086
202122,paritaria,SCUOLA PRIMARIA,BI,5,61,46,107
202122,paritaria,SCUOLA PRIMARIA,BL,17,177,171,348
202122,paritaria,SCUOLA PRIMARIA,BN,29,225,193,418
202122,paritaria,SCUOLA PRIMARIA,BO,149,1544,1505,3049
202122,paritaria,SCUOLA PRIMARIA,BR,10,65,83,148
202122,paritaria,SCUOLA PRIMARIA,BS,200,2033,1925,3958
202122,paritaria,SCUOLA PRIMARIA,CA,88,881,834,1715
202122,paritaria,SCUOLA PRIMARIA,CB,9,81,64,145
202122,paritaria,SCUOLA PRIMARIA,CE,298,2314,2206,4520
202122,paritaria,SCUOLA PRIMARIA,CH,13,96,89,185
202122,paritaria,SCUOLA PRIMARIA,CL,21,154,158,312
202122,paritaria,SCUOLA PRIMARIA,CN,21,189,159,348
202122,paritaria,SCUOLA PRIMARIA,CO,103,1030,937,1967
202122,paritaria,SCUOLA PRIMARIA,CR,53,539,476,1015
202122,paritaria,SCUOLA PRIMARIA,CS,38,276,285,561
202122,paritaria,SCUOLA PRIMARIA,CT,113,984,1000,1984
202122,paritaria,SCUOLA PRIMARIA,CZ,18,123,133,256
202122,paritaria,SCUOLA PRIMARIA,FE,30,298,276,574
202122,paritaria,SCUOLA PRIMARIA,FG,80,648,619,1267
202122,paritaria,SCUOLA PRIMARIA,FI,202,1919,1960,3879
202122,paritaria,SCUOLA PRIMARIA,FO,37,363,359,722
202122,paritaria,SCUOLA PRIMARIA,FR,43,345,345,690
202122,paritaria,SCUOLA PRIMARIA,GE,181,1664,1725,3389
202122,paritaria,SCUOLA PRIMARIA,GO,16,108,114,222
202122,paritaria,SCUOLA PRIMARIA,GR,10,102,87,189
202122,paritaria,SCUOLA PRIMARIA,IM,20,174,194,368
202122,paritaria,SCUOLA PRIMARIA,KR,5,44,25,69
202122,paritaria,SCUOLA PRIMARIA,LC,67,723,646,1369
202122,paritaria,SCUOLA PRIMARIA,LE,41,382,369,751
202122,paritaria,SCUOLA PRIMARIA,LI,40,430,423,853
202122,paritaria,SCUOLA PRIMARIA,LO,36,403,350,753
202122,paritaria,SCUOLA PRIMARIA,LT,48,412,463,875
202122,paritaria,SCUOLA PRIMARIA,LU,30,287,276,563
202122,paritaria,SCUOLA PRIMARIA,MB,196,2042,1953,3995
202122,paritaria,SCUOLA PRIMARIA,MC,9,79,87,166
202122,paritaria,SCUOLA PRIMARIA,ME,51,367,369,736
202122,paritaria,SCUOLA PRIMARIA,MI,777,8138,7695,15833
202122,paritaria,SCUOLA PRIMARIA,MN,23,194,166,360
202122,paritaria,SCUOLA PRIMARIA,MO,90,903,918,1821
202122,paritaria,SCUOLA PRIMARIA,MS,25,223,201,424
202122,paritaria,SCUOLA PRIMARIA,MT,5,47,47,94
202122,paritaria,SCUOLA PRIMARIA,NA,1294,10086,9483,19569
202122,paritaria,SCUOLA PRIMARIA,NO,61,620,646,1266
202122,paritaria,SCUOLA PRIMARIA,OR,5,48,42,90
202122,paritaria,SCUOLA PRIMARIA,PA,173,1566,1546,3112
202122,paritaria,SCUOLA PRIMARIA,PC,15,151,114,265
202122,paritaria,SCUOLA PRIMARIA,PD,127,1235,1177,2412
202122,paritaria,SCUOLA PRIMARIA,PE,37,354,302,656
202122,paritaria,SCUOLA PRIMARIA,PG,32,255,276,531
202122,paritaria,SCUOLA PRIMARIA,PI,18,197,156,353
202122,paritaria,SCUOLA PRIMARIA,PN,19,192,174,366
202122,paritaria,SCUOLA PRIMARIA,PO,60,650,606,1256
202122,paritaria,SCUOLA PRIMARIA,PR,65,656,660,1316
202122,paritaria,SCUOLA PRIMARIA,PS,22,227,221,448
202122,paritaria,SCUOLA PRIMARIA,PT,20,194,166,360
202122,paritaria,SCUOLA PRIMARIA,PV,55,531,528,1059
202122,paritaria,SCUOLA PRIMARIA,PZ,5,42,55,97
202122,paritaria,SCUOLA PRIMARIA,RA,49,482,500,982
202122,paritaria,SCUOLA PRIMARIA,RC,48,336,310,646
202122,paritaria,SCUOLA PRIMARIA,RE,71,720,733,1453
202122,paritaria,SCUOLA PRIMARIA,RG,24,208,207,415
202122,paritaria,SCUOLA PRIMARIA,RI,5,41,32,73
202122,paritaria,SCUOLA PRIMARIA,RM,1172,11167,10860,22027
202122,paritaria,SCUOLA PRIMARIA,RN,74,719,715,1434
202122,paritaria,SCUOLA PRIMARIA,RO,16,145,139,284
202122,paritaria,SCUOLA PRIMARIA,SA,112,845,795,1640
202122,paritaria,SCUOLA PRIMARIA,SI,15,143,131,274
202122,paritaria,SCUOLA PRIMARIA,SO,5,32,28,60
202122,paritaria,SCUOLA PRIMARIA,SP,25,263,265,528
202122,paritaria,SCUOLA PRIMARIA,SR,20,190,167,357
202122,paritaria,SCUOLA PRIMARIA,SS,17,109,97,206
202122,paritaria,SCUOLA PRIMARIA,SV,30,269,247,516
202122,paritaria,SCUOLA PRIMARIA,TA,20,180,163,343
202122,paritaria,SCUOLA PRIMARIA,TE,3,12,22,34
202122,paritaria,SCUOLA PRIMARIA,TO,367,3858,3715,7573
202122,paritaria,SCUOLA PRIMARIA,TP,1,12,0,12
202122,paritaria,SCUOLA PRIMARIA,TR,5,23,28,51
202122,paritaria,SCUOLA PRIMARIA,TS,35,333,286,619
202122,paritaria,SCUOLA PRIMARIA,TV,139,1438,1396,2834
202122,paritaria,SCUOLA PRIMARIA,UD,61,541,543,1084
202122,paritaria,SCUOLA PRIMARIA,VA,193,1828,1777,3605
202122,paritaria,SCUOLA PRIMARIA,VB,10,100,94,194
202122,paritaria,SCUOLA PRIMARIA,VC,10,100,97,197
202122,paritaria,SCUOLA PRIMARIA,VE,80,781,792,1573
202122,paritaria,SCUOLA PRIMARIA,VI,87,832,739,1571
202122,paritaria,SCUOLA PRIMARIA,VR,135,1323,1354,2677
202122,paritaria,SCUOLA PRIMARIA,VT,36,332,296,628
202122,paritaria,SCUOLA PRIMARIA,VV,5,56,45,101
202122,paritaria,SCUOLA SECONDARIA I GRADO,AL,24,232,240,472
202122,paritaria,SCUOLA SECONDARIA I GRADO,AN,3,16,21,37
202122,paritaria,SCUOLA SECONDARIA I GRADO,AP,11,85,65,150
202122,paritaria,SCUOLA SECONDARIA I GRADO,AQ,3,30,26,56
202122,paritaria,SCUOLA SECONDARIA I GRADO,AT,3,25,24,49
202122,paritaria,SCUOLA SECONDARIA I GRADO,BA,16,132,155,287
202122,paritaria,SCUOLA SECONDARIA I GRADO,BG,163,1897,1759,3656
202122,paritaria,SCUOLA SECONDARIA I GRADO,BI,3,32,16,48
202122,paritaria,SCUOLA SECONDARIA I GRADO,BL,11,112,101,213
202122,paritaria,SCUOLA SECONDARIA I GRADO,BN,6,56,40,96
202122,paritaria,SCUOLA SECONDARIA I GRADO,BO,93,1042,951,1993
202122,paritaria,SCUOLA SECONDARIA I GRADO,BS,133,1575,1344,2919
202122,paritaria,SCUOLA SECONDARIA I GRADO,CA,25,272,249,521
202122,paritaria,SCUOLA SECONDARIA I GRADO,CE,7,76,75,151
202122,paritaria,SCUOLA SECONDARIA I GRADO,CN,16,131,103,234
202122,paritaria,SCUOLA SECONDARIA I GRADO,CO,64,746,639,1385
202122,paritaria,SCUOLA SECONDARIA I GRADO,CR,21,232,243,475
202122,paritaria,SCUOLA SECONDARIA I GRADO,CS,11,70,71,141
202122,paritaria,SCUOLA SECONDARIA I GRADO,CT,31,295,267,562
202122,paritaria,SCUOLA SECONDARIA I GRADO,CZ,6,50,40,90
202122,paritaria,SCUOLA SECONDARIA I GRADO,FE,17,141,169,310
202122,paritaria,SCUOLA SECONDARIA I GRADO,FG,5,43,43,86
202122,paritaria,SCUOLA SECONDARIA I GRADO,FI,67,674,673,1347
202122,paritaria,SCUOLA SECONDARIA I GRADO,FO,15,191,138,329
202122,paritaria,SCUOLA SECONDARIA I GRADO,FR,12,89,83,172
202122,paritaria,SCUOLA SECONDARIA I GRADO,GE,56,605,575,1180
202122,paritaria,SCUOLA SECONDARIA I GRADO,GO,3,9,9,18
202122,paritaria,SCUOLA SECONDARIA I GRADO,GR,3,33,24,57
202122,paritaria,SCUOLA SECONDARIA I GRADO,IM,5,46,40,86
202122,paritaria,SCUOLA SECONDARIA I GRADO,KR,3,24,23,47
202122,paritaria,SCUOLA SECONDARIA I GRADO,LC,46,540,472,1012
202122,paritaria,SCUOLA SECONDARIA I GRADO,LE,10,99,92,191
202122,paritaria,SCUOLA SECONDARIA I GRADO,LI,7,67,60,127
202122,paritaria,SCUOLA SECONDARIA I GRADO,LO,16,166,119,285
202122,paritaria,SCUOLA SECONDARIA I GRADO,LT,3,24,47,71
202122,paritaria,SCUOLA SECONDARIA I GRADO,LU,3,27,32,59
202122,paritaria,SCUOLA SECONDARIA I GRADO,MB,119,1425,1238,2663
202122,paritaria,SCUOLA SECONDARIA I GRADO,MC,4,41,35,76
202122,paritaria,SCUOLA SECONDARIA I GRADO,ME,11,89,77,166
202122,paritaria,SCUOLA SECONDARIA I GRADO,MI,454,5441,5004,10445
202122,paritaria,SCUOLA SECONDARIA I GRADO,MN,9,97,69,166
202122,paritaria,SCUOLA SECONDARIA I GRADO,MO,28,347,307,654
202122,paritaria,SCUOLA SECONDARIA I GRADO,NA,91,820,737,1557
202122,paritaria,SCUOLA SECONDARIA I GRADO,NO,44,510,471,981
202122,paritaria,SCUOLA SECONDARIA I GRADO,PA,41,400,353,753
202122,paritaria,SCUOLA SECONDARIA I GRADO,PC,6,36,36,72
202122,paritaria,SCUOLA SECONDARIA I GRADO,PD,43,493,447,940
202122,paritaria,SCUOLA SECONDARIA I GRADO,PE,8,62,62,124
202122,paritaria,SCUOLA SECONDARIA I GRADO,PG,9,78,57,135
202122,paritaria,SCUOLA SECONDARIA I GRADO,PI,3,26,28,54
202122,paritaria,SCUOLA SECONDARIA I GRADO,PN,26,317,269,586
202122,paritaria,SCUOLA SECONDARIA I GRADO,PO,8,85,105,190
202122,paritaria,SCUOLA SECONDARIA I GRADO,PR,48,561,506,1067
202122,paritaria,SCUOLA SECONDARIA I GRADO,PS,3,21,34,55
202122,paritaria,SCUOLA SECONDARIA I GRADO,PT,8,64,73,137
202122,paritaria,SCUOLA SECONDARIA I GRADO,PV,31,366,293,659
202122,paritaria,SCUOLA SECONDARIA I GRADO,RA,22,221,219,440
202122,paritaria,SCUOLA SECONDARIA I GRADO,RC,9,58,42,100
202122,paritaria,SCUOLA SECONDARIA I GRADO,RE,30,324,275,599
202122,paritaria,SCUOLA SECONDARIA I GRADO,RM,399,4226,3987,8213
202122,paritaria,SCUOLA SECONDARIA I GRADO,RN,22,256,259,515
202122,paritaria,SCUOLA SECONDARIA I GRADO,RO,3,33,21,54
202122,paritaria,SCUOLA SECONDARIA I GRADO,SA,13,50,21,71
202122,paritaria,SCUOLA SECONDARIA I GRADO,SI,3,35,25,60
202122,paritaria,SCUOLA SECONDARIA I GRADO,SO,3,35,15,50
202122,paritaria,SCUOLA SECONDARIA I GRADO,SP,5,42,50,92
202122,paritaria,SCUOLA SECONDARIA I GRADO,SR,3,35,29,64
202122,paritaria,SCUOLA SECONDARIA I GRADO,SV,12,130,107,237
202122,paritaria,SCUOLA SECONDARIA I GRADO,TA,3,46,28,74
202122,paritaria,SCUOLA SECONDARIA I GRADO,TO,202,2441,2209,4650
202122,paritaria,SCUOLA SECONDARIA I GRADO,TR,3,24,28,52
202122,paritaria,SCUOLA SECONDARIA I GRADO,TS,3,16,31,47
202122,paritaria,SCUOLA SECONDARIA I GRADO,TV,87,1023,848,1871
202122,paritaria,SCUOLA SECONDARIA I GRADO,UD,37,398,342,740
202122,paritaria,SCUOLA SECONDARIA I GRADO,VA,142,1587,1428,3015
202122,paritaria,SCUOLA SECONDARIA I GRADO,VB,3,28,21,49
202122,paritaria,SCUOLA SECONDARIA I GRADO,VE,42,429,365,794
202122,paritaria,SCUOLA SECONDARIA I GRADO,VI,43,439,333,772
202122,paritaria,SCUOLA SECONDARIA I GRADO,VR,103,1189,985,2174
202122,paritaria,SCUOLA SECONDARIA I GRADO,VT,14,125,116,241
202122,paritaria,SCUOLA SECONDARIA II GRADO,AG,94,567,385,952
202122,paritaria,SCUOLA SECONDARIA II GRADO,AL,25,150,138,288
202122,paritaria,SCUOLA SECONDARIA II GRADO,AN,18,73,50,123
202122,paritaria,SCUOLA SECONDARIA II GRADO,AP,65,438,299,737
202122,paritaria,SCUOLA SECONDARIA II GRADO,AR,9,26,117,143
202122,paritaria,SCUOLA SECONDARIA II GRADO,AT,20,71,89,160
202122,paritaria,SCUOLA SECONDARIA II GRADO,AV,87,837,420,1257
202122,paritaria,SCUOLA SECONDARIA II GRADO,BA,40,351,195,546
202122,paritaria,SCUOLA SECONDARIA II GRADO,BG,247,2099,1621,3720
202122,paritaria,SCUOLA SECONDARIA II GRADO,BL,33,187,214,401
202122,paritaria,SCUOLA SECONDARIA II GRADO,BN,56,546,378,924
202122,paritaria,SCUOLA SECONDARIA II GRADO,BO,103,1223,876,2099
202122,paritaria,SCUOLA SECONDARIA II GRADO,BR,10,27,36,63
202122,paritaria,SCUOLA SECONDARIA II GRADO,BS,219,1864,1788,3652
202122,paritaria,SCUOLA SECONDARIA II GRADO,CA,31,192,145,337
202122,paritaria,SCUOLA SECONDARIA II GRADO,CE,219,1892,1487,3379
202122,paritaria,SCUOLA SECONDARIA II GRADO,CH,34,99,96,195
202122,paritaria,SCUOLA SECONDARIA II GRADO,CL,20,98,127,225
202122,paritaria,SCUOLA SECONDARIA II GRADO,CO,146,1102,996,2098
202122,paritaria,SCUOLA SECONDARIA II GRADO,CR,29,292,211,503
202122,paritaria,SCUOLA SECONDARIA II GRADO,CS,66,221,288,509
202122,paritaria,SCUOLA SECONDARIA II GRADO,CT,219,1153,839,1992
202122,paritaria,SCUOLA SECONDARIA II GRADO,CZ,18,96,123,219
202122,paritaria,SCUOLA SECONDARIA II GRADO,EN,21,121,106,227
202122,paritaria,SCUOLA SECONDARIA II GRADO,FE,5,24,42,66
202122,paritaria,SCUOLA SECONDARIA II GRADO,FG,19,100,38,138
202122,paritaria,SCUOLA SECONDARIA II GRADO,FI,143,845,619,1464
202122,paritaria,SCUOLA SECONDARIA II GRADO,FO,8,103,45,148
202122,paritaria,SCUOLA SECONDARIA II GRADO,FR,63,536,353,889
202122,paritaria,SCUOLA SECONDARIA II GRADO,GE,108,667,1228,1895
202122,paritaria,SCUOLA SECONDARIA II GRADO,GR,10,56,30,86
202122,paritaria,SCUOLA SECONDARIA II GRADO,LC,74,547,485,1032
202122,paritaria,SCUOLA SECONDARIA II GRADO,LE,17,92,57,149
202122,paritaria,SCUOLA SECONDARIA II GRADO,LI,42,229,236,465
202122,paritaria,SCUOLA SECONDARIA II GRADO,LO,5,36,31,67
202122,paritaria,SCUOLA SECONDARIA II GRADO,LT,72,449,254,703
202122,paritaria,SCUOLA SECONDARIA II GRADO,LU,11,40,57,97
202122,paritaria,SCUOLA SECONDARIA II GRADO,MB,180,1633,1797,3430
202122,paritaria,SCUOLA SECONDARIA II GRADO,MC,36,166,193,359
202122,paritaria,SCUOLA SECONDARIA II GRADO,ME,91,436,304,740
202122,paritaria,SCUOLA SECONDARIA II GRADO,MI,723,8072,6521,14593
202122,paritaria,SCUOLA SECONDARIA II GRADO,MN,18,94,102,196
202122,paritaria,SCUOLA SECONDARIA II GRADO,MO,42,375,217,592
202122,paritaria,SCUOLA SECONDARIA II GRADO,MS,10,46,37,83
202122,paritaria,SCUOLA SECONDARIA II GRADO,MT,5,37,25,62
202122,paritaria,SCUOLA SECONDARIA II GRADO,NA,1111,10737,7896,18633
202122,paritaria,SCUOLA SECONDARIA II GRADO,NO,52,334,394,728
202122,paritaria,SCUOLA SECONDARIA II GRADO,PA,296,1815,1505,3320
202122,paritaria,SCUOLA SECONDARIA II GRADO,PC,17,172,104,276
202122,paritaria,SCUOLA SECONDARIA II GRADO,PD,78,889,649,1538
202122,paritaria,SCUOLA SECONDARIA II GRADO,PE,59,287,219,506
202122,paritaria,SCUOLA SECONDARIA II GRADO,PG,39,131,128,259
202122,paritaria,SCUOLA SECONDARIA II GRADO,PI,5,51,39,90
202122,paritaria,SCUOLA SECONDARIA II GRADO,PN,17,107,66,173
202122,paritaria,SCUOLA SECONDARIA II GRADO,PO,13,102,72,174
202122,paritaria,SCUOLA SECONDARIA II GRADO,PR,17,150,85,235
202122,paritaria,SCUOLA SECONDARIA II GRADO,PS,15,188,45,233
202122,paritaria,SCUOLA SECONDARIA II GRADO,PT,15,147,122,269
202122,paritaria,SCUOLA SECONDARIA II GRADO,PV,97,421,383,804
202122,paritaria,SCUOLA SECONDARIA II GRADO,RA,5,22,14,36
202122,paritaria,SCUOLA SECONDARIA II GRADO,RC,33,218,160,378
202122,paritaria,SCUOLA SECONDARIA II GRADO,RE,35,203,225,428
202122,paritaria,SCUOLA SECONDARIA II GRADO,RG,65,233,201,434
202122,paritaria,SCUOLA SECONDARIA II GRADO,RM,1051,8180,5996,14176
202122,paritaria,SCUOLA SECONDARIA II GRADO,RN,38,285,294,579
202122,paritaria,SCUOLA SECONDARIA II GRADO,SA,576,5074,3291,8365
202122,paritaria,SCUOLA SECONDARIA II GRADO,SI,5,38,30,68
202122,paritaria,SCUOLA SECONDARIA II GRADO,SR,53,338,183,521
202122,paritaria,SCUOLA SECONDARIA II GRADO,SS,42,103,50,153
202122,paritaria,SCUOLA SECONDARIA II GRADO,SV,14,110,130,240
202122,paritaria,SCUOLA SECONDARIA II GRADO,TA,48,326,163,489
202122,paritaria,SCUOLA SECONDARIA II GRADO,TE,6,27,17,44
202122,paritaria,SCUOLA SECONDARIA II GRADO,TO,263,2484,1834,4318
202122,paritaria,SCUOLA SECONDARIA II GRADO,TP,19,101,206,307
202122,paritaria,SCUOLA SECONDARIA II GRADO,TV,151,1276,887,2163
202122,paritaria,SCUOLA SECONDARIA II GRADO,UD,51,638,237,875
202122,paritaria,SCUOLA SECONDARIA II GRADO,VA,236,2167,1561,3728
202122,paritaria,SCUOLA SECONDARIA II GRADO,VB,18,80,83,163
202122,paritaria,SCUOLA SECONDARIA II GRADO,VE,84,557,368,925
202122,paritaria,SCUOLA SECONDARIA II GRADO,VI,47,341,273,614
202122,paritaria,SCUOLA SECONDARIA II GRADO,VR,184,2301,1580,3881
202122,paritaria,SCUOLA SECONDARIA II GRADO,VT,32,218,143,361
202122,paritaria,SCUOLA SECONDARIA II GRADO,VV,5,34,10,44
202122,statale,SCUOLA PRIMARIA,AG,996,8845,8258,17103
202122,statale,SCUOLA PRIMARIA,AL,890,7404,6779,14183
202122,statale,SCUOLA PRIMARIA,AN,1024,9841,9279,19120
202122,statale,SCUOLA PRIMARIA,AP,821,7452,7020,14472
202122,statale,SCUOLA PRIMARIA,AQ,682,5687,5362,11049
202122,statale,SCUOLA PRIMARIA,AR,708,6691,6197,12888
202122,statale,SCUOLA PRIMARIA,AT,450,4227,3918,8145
202122,statale,SCUOLA PRIMARIA,AV,1050,7561,7234,14795
202122,statale,SCUOLA PRIMARIA,BA,3573,34135,31896,66031
202122,statale,SCUOLA PRIMARIA,BG,2434,23944,22219,46163
202122,statale,SCUOLA PRIMARIA,BI,371,2933,2790,5723
202122,statale,SCUOLA PRIMARIA,BL,451,3632,3416,7048
202122,statale,SCUOLA PRIMARIA,BN,678,5127,4732,9859
202122,statale,SCUOLA PRIMARIA,BO,1907,19950,19118,39068
202122,statale,SCUOLA PRIMARIA,BR,864,7944,7489,15433
202122,statale,SCUOLA PRIMARIA,BS,2791,27033,26064,53097
202122,statale,SCUOLA PRIMARIA,CA,1609,13550,12490,26040
202122,statale,SCUOLA PRIMARIA,CB,548,3942,3644,7586
202122,statale,SCUOLA PRIMARIA,CE,2417,19682,18412,38094
202122,statale,SCUOLA PRIMARIA,CH,914,7792,7161,14953
202122,statale,SCUOLA PRIMARIA,CL,601,5520,5212,10732
202122,statale,SCUOLA PRIMARIA,CN,1552,13301,12246,25547
202122,statale,SCUOLA PRIMARIA,CO,1272,12402,11539,23941
202122,statale,SCUOLA PRIMARIA,CR,726,7171,6574,13745
202122,statale,SCUOLA PRIMARIA,CS,1885,13938,13411,27349
202122,statale,SCUOLA PRIMARIA,CT,2671,25493,24084,49577
202122,statale,SCUOLA PRIMARIA,CZ,941,7495,7020,14515
202122,statale,SCUOLA PRIMARIA,EN,404,3086,2978,6064
202122,statale,SCUOLA PRIMARIA,FE,626,6035,5767,11802
202122,statale,SCUOLA PRIMARIA,FG,1513,13717,12844,26561
202122,statale,SCUOLA PRIMARIA,FI,1778,18886,17549,36435
202122,statale,SCUOLA PRIMARIA,FO,850,8393,7927,16320
202122,statale,SCUOLA PRIMARIA,FR,1210,9543,9324,18867
202122,statale,SCUOLA PRIMARIA,GE,1459,13889,12891,26780
202122,statale,SCUOLA PRIMARIA,GO,289,2772,2433,5205
202122,statale,SCUOLA PRIMARIA,GR,453,3933,3674,7607
202122,statale,SCUOLA PRIMARIA,IM,441,3812,3451,7263
202122,statale,SCUOLA PRIMARIA,IS,213,1503,1399,2902
202122,statale,SCUOLA PRIMARIA,KR,463,3956,3607,7563
202122,statale,SCUOLA PRIMARIA,LC,693,6600,6416,13016
202122,statale,SCUOLA PRIMARIA,LE,1616,15505,14555,30060
202122,statale,SCUOLA PRIMARIA,LI,597,6090,5877,11967
202122,statale,SCUOLA PRIMARIA,LO,514,4883,4584,9467
202122,statale,SCUOLA PRIMARIA,LT,1336,12567,11790,24357
202122,statale,SCUOLA PRIMARIA,LU,842,7359,7009,14368
202122,statale,SCUOLA PRIMARIA,MB,1764,18411,17411,35822
202122,statale,SCUOLA PRIMARIA,MC,705,6280,6026,12306
202122,statale,SCUOLA PRIMARIA,ME,1678,11962,11404,23366
202122,statale,SCUOLA PRIMARIA,MI,6096,64031,59821,123852
202122,statale,SCUOLA PRIMARIA,MN,900,9063,8357,17420
202122,statale,SCUOLA PRIMARIA,MO,1433,15253,14276,29529
202122,statale,SCUOLA PRIMARIA,MS,385,3247,3082,6329
202122,statale,SCUOLA PRIMARIA,MT,437,3859,3649,7508
202122,statale,SCUOLA PRIMARIA,NA,7265,66708,62575,129283
202122,statale,SCUOLA PRIMARIA,NO,798,7340,7051,14391
202122,statale,SCUOLA PRIMARIA,NU,516,3958,3651,7609
202122,statale,SCUOLA PRIMARIA,OR,327,2501,2337,4838
202122,statale,SCUOLA PRIMARIA,PA,3064,27662,26050,53712
202122,statale,SCUOLA PRIMARIA,PC,633,5987,5686,11673
202122,statale,SCUOLA PRIMARIA,PD,1951,19034,17949,36983
202122,statale,SCUOLA PRIMARIA,PE,705,6649,6204,12853
202122,statale,SCUOLA PRIMARIA,PG,1546,13496,12938,26434
202122,statale,SCUOLA PRIMARIA,PI,870,8721,8440,17161
202122,statale,SCUOLA PRIMARIA,PN,726,6708,6271,12979
202122,statale,SCUOLA PRIMARIA,PO,487,5170,4839,10009
202122,statale,SCUOLA PRIMARIA,PR,906,9411,8630,18041
202122,statale,SCUOLA PRIMARIA,PS,824,7560,7141,14701
202122,statale,SCUOLA PRIMARIA,PT,616,6076,5579,11655
202122,statale,SCUOLA PRIMARIA,PV,1087,10523,9950,20473
202122,statale,SCUOLA PRIMARIA,PZ,880,6698,6121,12819
202122,statale,SCUOLA PRIMARIA,RA,713,7749,7237,14986
202122,statale,SCUOLA PRIMARIA,RC,1511,11693,10853,22546
202122,statale,SCUOLA PRIMARIA,RE,1163,11798,11114,22912
202122,statale,SCUOLA PRIMARIA,RG,745,7305,6841,14146
202122,statale,SCUOLA PRIMARIA,RI,372,2800,2600,5400
202122,statale,SCUOLA PRIMARIA,RM,8401,84156,78960,163116
202122,statale,SCUOLA PRIMARIA,RN,665,6859,6450,13309
202122,statale,SCUOLA PRIMARIA,RO,479,4176,3965,8141
202122,statale,SCUOLA PRIMARIA,SA,2685,22928,21536,44464
202122,statale,SCUOLA PRIMARIA,SI,558,5356,5018,10374
202122,statale,SCUOLA PRIMARIA,SO,449,3975,3657,7632
202122,statale,SCUOLA PRIMARIA,SP,461,3981,3663,7644
202122,statale,SCUOLA PRIMARIA,SR,890,8641,7927,16568
202122,statale,SCUOLA PRIMARIA,SS,1046,9210,8545,17755
202122,statale,SCUOLA PRIMARIA,SV,542,4745,4483,9228
202122,statale,SCUOLA PRIMARIA,TA,1293,12135,11471,23606
202122,statale,SCUOLA PRIMARIA,TE,698,6264,5917,12181
202122,statale,SCUOLA PRIMARIA,TO,4335,43026,40039,83065
202122,statale,SCUOLA PRIMARIA,TP,1011,8505,8404,16909
202122,statale,SCUOLA PRIMARIA,TR,482,4180,3938,8118
202122,statale,SCUOLA PRIMARIA,TS,454,3884,3570,7454
202122,statale,SCUOLA PRIMARIA,TV,1980,18853,17929,36782
202122,statale,SCUOLA PRIMARIA,UD,1143,9528,9109,18637
202122,statale,SCUOLA PRIMARIA,VA,1787,18390,17414,35804
202122,statale,SCUOLA PRIMARIA,VB,383,2749,2747,5496
202122,statale,SCUOLA PRIMARIA,VC,389,3183,2974,6157
202122,statale,SCUOLA PRIMARIA,VE,1664,16512,15245,31757
202122,statale,SCUOLA PRIMARIA,VI,1939,18091,17726,35817
202122,statale,SCUOLA PRIMARIA,VR,2110,20062,18709,38771
202122,statale,SCUOLA PRIMARIA,VT,640,5804,5582,11386
202122,statale,SCUOLA PRIMARIA,VV,470,3236,3003,6239
202122,statale,SCUOLA SECONDARIA I GRADO,AG,628,6187,5672,11859
202122,statale,SCUOLA SECONDARIA I GRADO,AL,489,5116,4736,9852
202122,statale,SCUOLA SECONDARIA I GRADO,AN,622,6845,6381,13226
202122,statale,SCUOLA SECONDARIA I GRADO,AP,476,5020,4615,9635
202122,statale,SCUOLA SECONDARIA I GRADO,AQ,381,3750,3471,7221
202122,statale,SCUOLA SECONDARIA I GRADO,AR,428,4591,4264,8855
202122,statale,SCUOLA SECONDARIA I GRADO,AT,242,2773,2549,5322
202122,statale,SCUOLA SECONDARIA I GRADO,AV,676,5369,5117,10486
202122,statale,SCUOLA SECONDARIA I GRADO,BA,2143,23263,22130,45393
202122,statale,SCUOLA SECONDARIA I GRADO,BG,1457,16132,15273,31405
202122,statale,SCUOLA SECONDARIA I GRADO,BI,205,2037,2003,4040
202122,statale,SCUOLA SECONDARIA I GRADO,BL,275,2559,2432,4991
202122,statale,SCUOLA SECONDARIA I GRADO,BN,407,3564,3383,6947
202122,statale,SCUOLA SECONDARIA I GRADO,BO,1127,13095,12117,25212
202122,statale,SCUOLA SECONDARIA I GRADO,BR,524,5431,5124,10555
202122,statale,SCUOLA SECONDARIA I GRADO,BS,1702,18758,17465,36223
202122,statale,SCUOLA SECONDARIA I GRADO,CA,1057,9437,8858,18295
202122,statale,SCUOLA SECONDARIA I GRADO,CB,317,2726,2501,5227
202122,statale,SCUOLA SECONDARIA I GRADO,CE,1614,14644,14034,28678
202122,statale,SCUOLA SECONDARIA I GRADO,CH,528,5191,4941,10132
202122,statale,SCUOLA SECONDARIA I GRADO,CL,387,3870,3614,7484
202122,statale,SCUOLA SECONDARIA I GRADO,CN,823,8595,8078,16673
202122,statale,SCUOLA SECONDARIA I GRADO,CO,724,7983,7494,15477
202122,statale,SCUOLA SECONDARIA I GRADO,CR,430,4979,4447,9426
202122,statale,SCUOLA SECONDARIA I GRADO,CS,1056,9046,8612,17658
202122,statale,SCUOLA SECONDARIA I GRADO,CT,1656,16931,15906,32837
202122,statale,SCUOLA SECONDARIA I GRADO,CZ,547,4592,4524,9116
202122,statale,SCUOLA SECONDARIA I GRADO,EN,245,2233,2075,4308
202122,statale,SCUOLA SECONDARIA I GRADO,FE,387,4282,4092,8374
202122,statale,SCUOLA SECONDARIA I GRADO,FG,993,9818,9186,19004
202122,statale,SCUOLA SECONDARIA I GRADO,FI,1151,13502,12213,25715
202122,statale,SCUOLA SECONDARIA I GRADO,FO,506,5741,5231,10972
202122,statale,SCUOLA SECONDARIA I GRADO,FR,662,6544,6153,12697
202122,statale,SCUOLA SECONDARIA I GRADO,GE,921,9941,9594,19535
202122,statale,SCUOLA SECONDARIA I GRADO,GO,172,1885,1704,3589
202122,statale,SCUOLA SECONDARIA I GRADO,GR,279,2768,2623,5391
202122,statale,SCUOLA SECONDARIA I GRADO,IM,242,2562,2469,5031
202122,statale,SCUOLA SECONDARIA I GRADO,IS,114,949,882,1831
202122,statale,SCUOLA SECONDARIA I GRADO,KR,292,2712,2467,5179
202122,statale,SCUOLA SECONDARIA I GRADO,LC,394,4498,4126,8624
202122,statale,SCUOLA SECONDARIA I GRADO,LE,1030,10691,9928,20619
202122,statale,SCUOLA SECONDARIA I GRADO,LI,389,4405,4087,8492
202122,statale,SCUOLA SECONDARIA I GRADO,LO,317,3328,3070,6398
202122,statale,SCUOLA SECONDARIA I GRADO,LT,818,8369,7940,16309
202122,statale,SCUOLA SECONDARIA I GRADO,LU,482,5330,4897,10227
202122,statale,SCUOLA SECONDARIA I GRADO,MB,1133,12139,11393,23532
202122,statale,SCUOLA SECONDARIA I GRADO,MC,419,4331,3958,8289
202122,statale,SCUOLA SECONDARIA I GRADO,ME,915,8057,7793,15850
202122,statale,SCUOLA SECONDARIA I GRADO,MI,3827,41799,38952,80751
202122,statale,SCUOLA SECONDARIA I GRADO,MN,530,6061,5566,11627
202122,statale,SCUOLA SECONDARIA I GRADO,MO,896,10450,9825,20275
202122,statale,SCUOLA SECONDARIA I GRADO,MS,239,2337,2218,4555
202122,statale,SCUOLA SECONDARIA I GRADO,MT,279,2591,2489,5080
202122,statale,SCUOLA SECONDARIA I GRADO,NA,5153,51149,47933,99082
202122,statale,SCUOLA SECONDARIA I GRADO,NO,448,4840,4529,9369
202122,statale,SCUOLA SECONDARIA I GRADO,NU,331,2797,2467,5264
202122,statale,SCUOLA SECONDARIA I GRADO,OR,220,1788,1603,3391
202122,statale,SCUOLA SECONDARIA I GRADO,PA,1990,18956,18007,36963
202122,statale,SCUOLA SECONDARIA I GRADO,PC,370,3984,3630,7614
202122,statale,SCUOLA SECONDARIA I GRADO,PD,1197,13225,12397,25622
202122,statale,SCUOLA SECONDARIA I GRADO,PE,438,4550,4232,8782
202122,statale,SCUOLA SECONDARIA I GRADO,PG,851,9183,8630,17813
202122,statale,SCUOLA SECONDARIA I GRADO,PI,545,6055,5720,11775
202122,statale,SCUOLA SECONDARIA I GRADO,PN,410,4372,4061,8433
202122,statale,SCUOLA SECONDARIA I GRADO,PO,346,4179,3659,7838
202122,statale,SCUOLA SECONDARIA I GRADO,PR,529,6046,5589,11635
202122,statale,SCUOLA SECONDARIA I GRADO,PS,470,5164,4901,10065
202122,statale,SCUOLA SECONDARIA I GRADO,PT,366,4144,3779,7923
202122,statale,SCUOLA SECONDARIA I GRADO,PV,639,7087,6676,13763
202122,statale,SCUOLA SECONDARIA I GRADO,PZ,537,4606,4200,8806
202122,statale,SCUOLA SECONDARIA I GRADO,RA,446,5467,5046,10513
202122,statale,SCUOLA SECONDARIA I GRADO,RC,827,7845,7271,15116
202122,statale,SCUOLA SECONDARIA I GRADO,RE,712,8028,7545,15573
202122,statale,SCUOLA SECONDARIA I GRADO,RG,436,4953,4655,9608
202122,statale,SCUOLA SECONDARIA I GRADO,RI,211,1919,1760,3679
202122,statale,SCUOLA SECONDARIA I GRADO,RM,5307,58496,54487,112983
202122,statale,SCUOLA SECONDARIA I GRADO,RN,416,4803,4697,9500
202122,statale,SCUOLA SECONDARIA I GRADO,RO,303,3043,2719,5762
202122,statale,SCUOLA SECONDARIA I GRADO,SA,1601,15518,14638,30156
202122,statale,SCUOLA SECONDARIA I GRADO,SI,333,3554,3410,6964
202122,statale,SCUOLA SECONDARIA I GRADO,SO,236,2572,2334,4906
202122,statale,SCUOLA SECONDARIA I GRADO,SP,255,2669,2681,5350
202122,statale,SCUOLA SECONDARIA I GRADO,SR,579,5743,5336,11079
202122,statale,SCUOLA SECONDARIA I GRADO,SS,685,6471,5967,12438
202122,statale,SCUOLA SECONDARIA I GRADO,SV,304,3290,3086,6376
202122,statale,SCUOLA SECONDARIA I GRADO,TA,806,8250,7748,15998
202122,statale,SCUOLA SECONDARIA I GRADO,TE,407,4019,3878,7897
202122,statale,SCUOLA SECONDARIA I GRADO,TO,2719,29181,27094,56275
202122,statale,SCUOLA SECONDARIA I GRADO,TP,585,5878,5598,11476
202122,statale,SCUOLA SECONDARIA I GRADO,TR,286,2790,2645,5435
202122,statale,SCUOLA SECONDARIA I GRADO,TS,285,2856,2609,5465
202122,statale,SCUOLA SECONDARIA I GRADO,TV,1150,12774,11935,24709
202122,statale,SCUOLA SECONDARIA I GRADO,UD,668,6429,6208,12637
202122,statale,SCUOLA SECONDARIA I GRADO,VA,1068,11958,11201,23159
202122,statale,SCUOLA SECONDARIA I GRADO,VB,202,1989,1805,3794
202122,statale,SCUOLA SECONDARIA I GRADO,VC,211,2205,2071,4276
202122,statale,SCUOLA SECONDARIA I GRADO,VE,1024,11297,10416,21713
202122,statale,SCUOLA SECONDARIA I GRADO,VI,1210,12761,11968,24729
202122,statale,SCUOLA SECONDARIA I GRADO,VR,1202,13023,12350,25373
202122,statale,SCUOLA SECONDARIA I GRADO,VT,395,4022,3807,7829
202122,statale,SCUOLA SECONDARIA I GRADO,VV,265,2174,2106,4280
202122,statale,SCUOLA SECONDARIA II GRADO,AG,1076,10366,9852,20218
202122,statale,SCUOLA SECONDARIA II GRADO,AL,729,7488,7693,15181
202122,statale,SCUOLA SECONDARIA II GRADO,AN,1082,11168,10409,21577
202122,statale,SCUOLA SECONDARIA II GRADO,AP,833,8908,8060,16968
202122,statale,SCUOLA SECONDARIA II GRADO,AQ,649,6380,5693,12073
202122,statale,SCUOLA SECONDARIA II GRADO,AR,799,8310,8277,16587
202122,statale,SCUOLA SECONDARIA II GRADO,AT,359,3980,3349,7329
202122,statale,SCUOLA SECONDARIA II GRADO,AV,1015,9236,8161,17397
202122,statale,SCUOLA SECONDARIA II GRADO,BA,3921,40348,38626,78974
202122,statale,SCUOLA SECONDARIA II GRADO,BG,2010,21974,22573,44547
202122,statale,SCUOLA SECONDARIA II GRADO,BI,339,3235,3201,6436
202122,statale,SCUOLA SECONDARIA II GRADO,BL,422,4023,3530,7553
202122,statale,SCUOLA SECONDARIA II GRADO,BN,761,7143,6502,13645
202122,statale,SCUOLA SECONDARIA II GRADO,BO,1798,20161,19231,39392
202122,statale,SCUOLA SECONDARIA II GRADO,BR,884,9415,8240,17655
202122,statale,SCUOLA SECONDARIA II GRADO,BS,2387,23864,24570,48434
202122,statale,SCUOLA SECONDARIA II GRADO,CA,1813,16385,15210,31595
202122,statale,SCUOLA SECONDARIA II GRADO,CB,553,5365,4577,9942
202122,statale,SCUOLA SECONDARIA II GRADO,CE,2535,26674,25282,51956
202122,statale,SCUOLA SECONDARIA II GRADO,CH,817,8398,7691,16089
202122,statale,SCUOLA SECONDARIA II GRADO,CL,739,7211,6436,13647
202122,statale,SCUOLA SECONDARIA II GRADO,CN,1244,12193,12602,24795
202122,statale,SCUOLA SECONDARIA II GRADO,CO,846,8989,9181,18170
202122,statale,SCUOLA SECONDARIA II GRADO,CR,732,7885,7390,15275
202122,statale,SCUOLA SECONDARIA II GRADO,CS,1834,16881,15248,32129
202122,statale,SCUOLA SECONDARIA II GRADO,CT,2562,26534,24550,51084
202122,statale,SCUOLA SECONDARIA II GRADO,CZ,899,8552,7583,16135
202122,statale,SCUOLA SECONDARIA II GRADO,EN,438,3650,3372,7022
202122,statale,SCUOLA SECONDARIA II GRADO,FE,720,7991,7332,15323
202122,statale,SCUOLA SECONDARIA II GRADO,FG,1702,16743,16331,33074
202122,statale,SCUOLA SECONDARIA II GRADO,FI,2031,21615,20471,42086
202122,statale,SCUOLA SECONDARIA II GRADO,FO,819,9560,9420,18980
202122,statale,SCUOLA SECONDARIA II GRADO,FR,1131,11320,10306,21626
202122,statale,SCUOLA SECONDARIA II GRADO,GE,1509,16322,15139,31461
202122,statale,SCUOLA SECONDARIA II GRADO,GO,315,2966,2810,5776
202122,statale,SCUOLA SECONDARIA II GRADO,GR,507,5084,4813,9897
202122,statale,SCUOLA SECONDARIA II GRADO,IM,406,4129,3921,8050
202122,statale,SCUOLA SECONDARIA II GRADO,IS,169,1494,1439,2933
202122,statale,SCUOLA SECONDARIA II GRADO,KR,469,4244,4021,8265
202122,statale,SCUOLA SECONDARIA II GRADO,LC,599,6437,6674,13111
202122,statale,SCUOLA SECONDARIA II GRADO,LE,1897,19153,18372,37525
202122,statale,SCUOLA SECONDARIA II GRADO,LI,687,7580,6945,14525
202122,statale,SCUOLA SECONDARIA II GRADO,LO,505,5251,4592,9843
202122,statale,SCUOLA SECONDARIA II GRADO,LT,1411,12991,12214,25205
202122,statale,SCUOLA SECONDARIA II GRADO,LU,847,8397,8102,16499
202122,statale,SCUOLA SECONDARIA II GRADO,MB,1447,15938,15674,31612
202122,statale,SCUOLA SECONDARIA II GRADO,MC,743,7452,7295,14747
202122,statale,SCUOLA SECONDARIA II GRADO,ME,1430,13682,12475,26157
202122,statale,SCUOLA SECONDARIA II GRADO,MI,5452,56541,57335,113876
202122,statale,SCUOLA SECONDARIA II GRADO,MN,720,7099,7388,14487
202122,statale,SCUOLA SECONDARIA II GRADO,MO,1559,17950,17160,35110
202122,statale,SCUOLA SECONDARIA II GRADO,MS,446,4244,3977,8221
202122,statale,SCUOLA SECONDARIA II GRADO,MT,559,5448,4931,10379
202122,statale,SCUOLA SECONDARIA II GRADO,NA,7932,83166,79104,162270
202122,statale,SCUOLA SECONDARIA II GRADO,NO,711,7281,6872,14153
202122,statale,SCUOLA SECONDARIA II GRADO,NU,581,5119,4603,9722
202122,statale,SCUOLA SECONDARIA II GRADO,OR,358,3307,3008,6315
202122,statale,SCUOLA SECONDARIA II GRADO,PA,2836,28207,25989,54196
202122,statale,SCUOLA SECONDARIA II GRADO,PC,570,5832,6066,11898
202122,statale,SCUOLA SECONDARIA II GRADO,PD,1722,18625,18669,37294
202122,statale,SCUOLA SECONDARIA II GRADO,PE,750,7945,7577,15522
202122,statale,SCUOLA SECONDARIA II GRADO,PG,1487,15847,13869,29716
202122,statale,SCUOLA SECONDARIA II GRADO,PI,833,9202,8301,17503
202122,statale,SCUOLA SECONDARIA II GRADO,PN,632,6730,6417,13147
202122,statale,SCUOLA SECONDARIA II GRADO,PO,594,6714,5980,12694
202122,statale,SCUOLA SECONDARIA II GRADO,PR,921,10344,9797,20141
202122,statale,SCUOLA SECONDARIA II GRADO,PS,782,8109,8368,16477
202122,statale,SCUOLA SECONDARIA II GRADO,PT,680,6968,6698,13666
202122,statale,SCUOLA SECONDARIA II GRADO,PV,929,9681,8804,18485
202122,statale,SCUOLA SECONDARIA II GRADO,PZ,964,8857,8096,16953
202122,statale,SCUOLA SECONDARIA II GRADO,RA,732,8381,7829,16210
202122,statale,SCUOLA SECONDARIA II GRADO,RC,1474,14415,13387,27802
202122,statale,SCUOLA SECONDARIA II GRADO,RE,1038,11688,10664,22352
202122,statale,SCUOLA SECONDARIA II GRADO,RG,766,7676,7219,14895
202122,statale,SCUOLA SECONDARIA II GRADO,RI,401,3686,3161,6847
202122,statale,SCUOLA SECONDARIA II GRADO,RM,8126,90420,86610,177030
202122,statale,SCUOLA SECONDARIA II GRADO,RN,691,7710,7089,14799
202122,statale,SCUOLA SECONDARIA II GRADO,RO,448,4285,4032,8317
202122,statale,SCUOLA SECONDARIA II GRADO,SA,2613,28030,26235,54265
202122,statale,SCUOLA SECONDARIA II GRADO,SI,620,6520,5697,12217
202122,statale,SCUOLA SECONDARIA II GRADO,SO,382,3728,3853,7581
202122,statale,SCUOLA SECONDARIA II GRADO,SP,431,4533,4027,8560
202122,statale,SCUOLA SECONDARIA II GRADO,SR,1032,9538,8435,17973
202122,statale,SCUOLA SECONDARIA II GRADO,SS,1196,11234,10766,22000
202122,statale,SCUOLA SECONDARIA II GRADO,SV,529,5620,5375,10995
202122,statale,SCUOLA SECONDARIA II GRADO,TA,1397,13683,14048,27731
202122,statale,SCUOLA SECONDARIA II GRADO,TE,635,6151,5792,11943
202122,statale,SCUOLA SECONDARIA II GRADO,TO,4353,45341,44511,89852
202122,statale,SCUOLA SECONDARIA II GRADO,TP,1039,10996,9984,20980
202122,statale,SCUOLA SECONDARIA II GRADO,TR,498,4924,4552,9476
202122,statale,SCUOLA SECONDARIA II GRADO,TS,472,4271,4251,8522
202122,statale,SCUOLA SECONDARIA II GRADO,TV,1831,19876,19128,39004
202122,statale,SCUOLA SECONDARIA II GRADO,UD,1162,10366,10512,20878
202122,statale,SCUOLA SECONDARIA II GRADO,VA,1676,19374,18989,38363
202122,statale,SCUOLA SECONDARIA II GRADO,VB,382,3675,3278,6953
202122,statale,SCUOLA SECONDARIA II GRADO,VC,392,3627,3221,6848
202122,statale,SCUOLA SECONDARIA II GRADO,VE,1508,16619,15672,32291
202122,statale,SCUOLA SECONDARIA II GRADO,VI,1829,20002,19901,39903
202122,statale,SCUOLA SECONDARIA II GRADO,VR,1558,16805,18322,35127
202122,statale,SCUOLA SECONDARIA II GRADO,VT,642,6616,6169,12785
202122,statale,SCUOLA SECONDARIA II GRADO,VV,470,4483,4035,8518
202223,paritaria,SCUOLA PRIMARIA,AG,10,86,79,165
202223,paritaria,SCUOLA PRIMARIA,AL,46,437,434,871
202223,paritaria,SCUOLA PRIMARIA,AN,16,71,81,152
202223,paritaria,SCUOLA PRIMARIA,AP,28,237,205,442
202223,paritaria,SCUOLA PRIMARIA,AQ,29,291,254,545
202223,paritaria,SCUOLA PRIMARIA,AR,31,247,220,467
202223,paritaria,SCUOLA PRIMARIA,AT,15,118,147,265
202223,paritaria,SCUOLA PRIMARIA,AV,39,234,200,434
202223,paritaria,SCUOLA PRIMARIA,BA,86,808,848,1656
202223,paritaria,SCUOLA PRIMARIA,BG,254,2635,2438,5073
202223,paritaria,SCUOLA PRIMARIA,BI,5,63,45,108
202223,paritaria,SCUOLA PRIMARIA,BL,17,178,177,355
202223,paritaria,SCUOLA PRIMARIA,BN,29,207,207,414
202223,paritaria,SCUOLA PRIMARIA,BO,146,1512,1482,2994
202223,paritaria,SCUOLA PRIMARIA,BR,10,66,72,138
202223,paritaria,SCUOLA PRIMARIA,BS,196,2017,1926,3943
202223,paritaria,SCUOLA PRIMARIA,CA,84,831,768,1599
202223,paritaria,SCUOLA PRIMARIA,CB,9,72,66,138
202223,paritaria,SCUOLA PRIMARIA,CE,300,2388,2209,4597
202223,paritaria,SCUOLA PRIMARIA,CH,10,84,64,148
202223,paritaria,SCUOLA PRIMARIA,CL,19,143,148,291
202223,paritaria,SCUOLA PRIMARIA,CN,21,196,167,363
202223,paritaria,SCUOLA PRIMARIA,CO,104,1045,944,1989
202223,paritaria,SCUOLA PRIMARIA,CR,50,494,450,944
202223,paritaria,SCUOLA PRIMARIA,CS,39,277,284,561
202223,paritaria,SCUOLA PRIMARIA,CT,113,971,955,1926
202223,paritaria,SCUOLA PRIMARIA,CZ,19,127,134,261
202223,paritaria,SCUOLA PRIMARIA,FE,28,287,253,540
202223,paritaria,SCUOLA PRIMARIA,FG,76,648,582,1230
202223,paritaria,SCUOLA PRIMARIA,FI,205,1933,1938,3871
202223,paritaria,SCUOLA PRIMARIA,FO,36,353,334,687
202223,paritaria,SCUOLA PRIMARIA,FR,44,343,339,682
202223,paritaria,SCUOLA PRIMARIA,GE,178,1659,1692,3351
202223,paritaria,SCUOLA PRIMARIA,GO,18,101,109,210
202223,paritaria,SCUOLA PRIMARIA,GR,10,100,87,187
202223,paritaria,SCUOLA PRIMARIA,IM,20,174,200,374
202223,paritaria,SCUOLA PRIMARIA,KR,6,51,37,88
202223,paritaria,SCUOLA PRIMARIA,LC,68,723,679,1402
202223,paritaria,SCUOLA PRIMARIA,LE,40,375,349,724
202223,paritaria,SCUOLA PRIMARIA,LI,40,424,414,838
202223,paritaria,SCUOLA PRIMARIA,LO,36,375,365,740
202223,paritaria,SCUOLA PRIMARIA,LT,48,393,449,842
202223,paritaria,SCUOLA PRIMARIA,LU,35,310,311,621
202223,paritaria,SCUOLA PRIMARIA,MB,203,2139,1945,4084
202223,paritaria,SCUOLA PRIMARIA,MC,10,97,95,192
202223,paritaria,SCUOLA PRIMARIA,ME,48,358,355,713
202223,paritaria,SCUOLA PRIMARIA,MI,781,8080,7698,15778
202223,paritaria,SCUOLA PRIMARIA,MN,25,206,182,388
202223,paritaria,SCUOLA PRIMARIA,MO,95,924,922,1846
202223,paritaria,SCUOLA PRIMARIA,MS,25,221,180,401
202223,paritaria,SCUOLA PRIMARIA,MT,5,48,42,90
202223,paritaria,SCUOLA PRIMARIA,NA,1273,9830,9321,19151
202223,paritaria,SCUOLA PRIMARIA,NO,58,599,651,1250
202223,paritaria,SCUOLA PRIMARIA,OR,5,41,38,79
202223,paritaria,SCUOLA PRIMARIA,PA,171,1532,1527,3059
202223,paritaria,SCUOLA PRIMARIA,PC,15,146,118,264
202223,paritaria,SCUOLA PRIMARIA,PD,117,1202,1117,2319
202223,paritaria,SCUOLA PRIMARIA,PE,36,355,303,658
202223,paritaria,SCUOLA PRIMARIA,PG,33,263,273,536
202223,paritaria,SCUOLA PRIMARIA,PI,19,204,150,354
202223,paritaria,SCUOLA PRIMARIA,PN,20,190,192,382
202223,paritaria,SCUOLA PRIMARIA,PO,65,678,619,1297
202223,paritaria,SCUOLA PRIMARIA,PR,67,682,667,1349
202223,paritaria,SCUOLA PRIMARIA,PS,22,221,197,418
202223,paritaria,SCUOLA PRIMARIA,PT,20,182,156,338
202223,paritaria,SCUOLA PRIMARIA,PV,56,553,538,1091
202223,paritaria,SCUOLA PRIMARIA,PZ,5,42,45,87
202223,paritaria,SCUOLA PRIMARIA,RA,43,423,465,888
202223,paritaria,SCUOLA PRIMARIA,RC,41,308,306,614
202223,paritaria,SCUOLA PRIMARIA,RE,70,689,714,1403
202223,paritaria,SCUOLA PRIMARIA,RG,23,197,203,400
202223,paritaria,SCUOLA PRIMARIA,RI,5,42,25,67
202223,paritaria,SCUOLA PRIMARIA,RM,1169,10936,10522,21458
202223,paritaria,SCUOLA PRIMARIA,RN,74,700,696,1396
202223,paritaria,SCUOLA PRIMARIA,RO,16,137,145,282
202223,paritaria,SCUOLA PRIMARIA,SA,110,822,801,1623
202223,paritaria,SCUOLA PRIMARIA,SI,15,137,118,255
202223,paritaria,SCUOLA PRIMARIA,SO,5,31,26,57
202223,paritaria,SCUOLA PRIMARIA,SP,24,262,250,512
202223,paritaria,SCUOLA PRIMARIA,SR,20,172,151,323
202223,paritaria,SCUOLA PRIMARIA,SS,17,115,88,203
202223,paritaria,SCUOLA PRIMARIA,SV,28,232,253,485
202223,paritaria,SCUOLA PRIMARIA,TA,20,179,155,334
202223,paritaria,SCUOLA PRIMARIA,TE,3,8,23,31
202223,paritaria,SCUOLA PRIMARIA,TO,367,3804,3621,7425
202223,paritaria,SCUOLA PRIMARIA,TP,1,13,0,13
202223,paritaria,SCUOLA PRIMARIA,TR,5,27,33,60
202223,paritaria,SCUOLA PRIMARIA,TS,35,322,284,606
202223,paritaria,SCUOLA PRIMARIA,TV,137,1419,1386,2805
202223,paritaria,SCUOLA PRIMARIA,UD,61,573,539,1112
202223,paritaria,SCUOLA PRIMARIA,VA,202,1870,1835,3705
202223,paritaria,SCUOLA PRIMARIA,VB,10,94,97,191
202223,paritaria,SCUOLA PRIMARIA,VC,10,85,103,188
202223,paritaria,SCUOLA PRIMARIA,VE,81,777,807,1584
202223,paritaria,SCUOLA PRIMARIA,VI,84,779,722,1501
202223,paritaria,SCUOLA PRIMARIA,VR,137,1361,1351,2712
202223,paritaria,SCUOLA PRIMARIA,VT,30,277,277,554
202223,paritaria,SCUOLA PRIMARIA,VV,5,65,51,116
202223,paritaria,SCUOLA SECONDARIA I GRADO,AL,24,231,252,483
202223,paritaria,SCUOLA SECONDARIA I GRADO,AN,2,8,17,25
202223,paritaria,SCUOLA SECONDARIA I GRADO,AP,10,70,62,132
202223,paritaria,SCUOLA SECONDARIA I GRADO,AQ,3,26,20,46
202223,paritaria,SCUOLA SECONDARIA I GRADO,AT,4,35,42,77
202223,paritaria,SCUOLA SECONDARIA I GRADO,BA,16,144,161,305
202223,paritaria,SCUOLA SECONDARIA I GRADO,BG,167,1914,1790,3704
202223,paritaria,SCUOLA SECONDARIA I GRADO,BI,3,29,20,49
202223,paritaria,SCUOLA SECONDARIA I GRADO,BL,12,122,114,236
202223,paritaria,SCUOLA SECONDARIA I GRADO,BN,6,66,47,113
202223,paritaria,SCUOLA SECONDARIA I GRADO,BO,92,1063,916,1979
202223,paritaria,SCUOLA SECONDARIA I GRADO,BS,134,1590,1394,2984
202223,paritaria,SCUOLA SECONDARIA I GRADO,CA,27,285,275,560
202223,paritaria,SCUOLA SECONDARIA I GRADO,CE,10,93,76,169
202223,paritaria,SCUOLA SECONDARIA I GRADO,CN,17,153,122,275
202223,paritaria,SCUOLA SECONDARIA I GRADO,CO,65,709,668,1377
202223,paritaria,SCUOLA SECONDARIA I GRADO,CR,21,222,236,458
202223,paritaria,SCUOLA SECONDARIA I GRADO,CS,11,71,65,136
202223,paritaria,SCUOLA SECONDARIA I GRADO,CT,33,308,260,568
202223,paritaria,SCUOLA SECONDARIA I GRADO,CZ,8,49,49,98
202223,paritaria,SCUOLA SECONDARIA I GRADO,FE,18,147,173,320
202223,paritaria,SCUOLA SECONDARIA I GRADO,FG,7,60,51,111
202223,paritaria,SCUOLA SECONDARIA I GRADO,FI,68,690,630,1320
202223,paritaria,SCUOLA SECONDARIA I GRADO,FO,15,183,141,324
202223,paritaria,SCUOLA SECONDARIA I GRADO,FR,12,104,87,191
202223,paritaria,SCUOLA SECONDARIA I GRADO,GE,54,623,528,1151
202223,paritaria,SCUOLA SECONDARIA I GRADO,GO,3,17,9,26
202223,paritaria,SCUOLA SECONDARIA I GRADO,GR,3,39,25,64
202223,paritaria,SCUOLA SECONDARIA I GRADO,IM,4,35,31,66
202223,paritaria,SCUOLA SECONDARIA I GRADO,IS,2,6,3,9
202223,paritaria,SCUOLA SECONDARIA I GRADO,KR,3,30,24,54
202223,paritaria,SCUOLA SECONDARIA I GRADO,LC,45,535,444,979
202223,paritaria,SCUOLA SECONDARIA I GRADO,LE,11,113,92,205
202223,paritaria,SCUOLA SECONDARIA I GRADO,LI,7,64,69,133
202223,paritaria,SCUOLA SECONDARIA I GRADO,LO,17,180,147,327
202223,paritaria,SCUOLA SECONDARIA I GRADO,LT,3,26,37,63
202223,paritaria,SCUOLA SECONDARIA I GRADO,LU,6,47,58,105
202223,paritaria,SCUOLA SECONDARIA I GRADO,MB,121,1459,1288,2747
202223,paritaria,SCUOLA SECONDARIA I GRADO,MC,3,29,30,59
202223,paritaria,SCUOLA SECONDARIA I GRADO,ME,12,95,78,173
202223,paritaria,SCUOLA SECONDARIA I GRADO,MI,461,5486,4992,10478
202223,paritaria,SCUOLA SECONDARIA I GRADO,MN,9,105,78,183
202223,paritaria,SCUOLA SECONDARIA I GRADO,MO,32,356,347,703
202223,paritaria,SCUOLA SECONDARIA I GRADO,NA,85,797,665,1462
202223,paritaria,SCUOLA SECONDARIA I GRADO,NO,43,506,476,982
202223,paritaria,SCUOLA SECONDARIA I GRADO,PA,48,432,375,807
202223,paritaria,SCUOLA SECONDARIA I GRADO,PC,6,42,38,80
202223,paritaria,SCUOLA SECONDARIA I GRADO,PD,43,495,437,932
202223,paritaria,SCUOLA SECONDARIA I GRADO,PE,6,56,64,120
202223,paritaria,SCUOLA SECONDARIA I GRADO,PG,9,70,63,133
202223,paritaria,SCUOLA SECONDARIA I GRADO,PI,3,25,32,57
202223,paritaria,SCUOLA SECONDARIA I GRADO,PN,26,323,256,579
202223,paritaria,SCUOLA SECONDARIA I GRADO,PO,8,81,115,196
202223,paritaria,SCUOLA SECONDARIA I GRADO,PR,49,554,536,1090
202223,paritaria,SCUOLA SECONDARIA I GRADO,PS,3,24,38,62
202223,paritaria,SCUOLA SECONDARIA I GRADO,PT,6,70,76,146
202223,paritaria,SCUOLA SECONDARIA I GRADO,PV,30,376,316,692
202223,paritaria,SCUOLA SECONDARIA I GRADO,RA,22,205,213,418
202223,paritaria,SCUOLA SECONDARIA I GRADO,RC,9,61,35,96
202223,paritaria,SCUOLA SECONDARIA I GRADO,RE,29,326,273,599
202223,paritaria,SCUOLA SECONDARIA I GRADO,RM,406,4289,4084,8373
202223,paritaria,SCUOLA SECONDARIA I GRADO,RN,22,276,235,511
202223,paritaria,SCUOLA SECONDARIA I GRADO,RO,3,33,15,48
202223,paritaria,SCUOLA SECONDARIA I GRADO,SA,12,50,23,73
202223,paritaria,SCUOLA SECONDARIA I GRADO,SI,3,39,23,62
202223,paritaria,SCUOLA SECONDARIA I GRADO,SO,3,31,17,48
202223,paritaria,SCUOLA SECONDARIA I GRADO,SP,5,45,46,91
202223,paritaria,SCUOLA SECONDARIA I GRADO,SR,3,34,24,58
202223,paritaria,SCUOLA SECONDARIA I GRADO,SV,13,141,110,251
202223,paritaria,SCUOLA SECONDARIA I GRADO,TA,3,43,26,69
202223,paritaria,SCUOLA SECONDARIA I GRADO,TO,205,2474,2296,4770
202223,paritaria,SCUOLA SECONDARIA I GRADO,TR,3,21,21,42
202223,paritaria,SCUOLA SECONDARIA I GRADO,TS,3,19,28,47
202223,paritaria,SCUOLA SECONDARIA I GRADO,TV,89,1069,884,1953
202223,paritaria,SCUOLA SECONDARIA I GRADO,UD,40,426,357,783
202223,paritaria,SCUOLA SECONDARIA I GRADO,VA,144,1599,1449,3048
202223,paritaria,SCUOLA SECONDARIA I GRADO,VB,3,31,22,53
202223,paritaria,SCUOLA SECONDARIA I GRADO,VE,40,401,352,753
202223,paritaria,SCUOLA SECONDARIA I GRADO,VI,43,399,342,741
202223,paritaria,SCUOLA SECONDARIA I GRADO,VR,109,1236,1043,2279
202223,paritaria,SCUOLA SECONDARIA I GRADO,VT,14,135,111,246
202223,paritaria,SCUOLA SECONDARIA II GRADO,AG,93,581,417,998
202223,paritaria,SCUOLA SECONDARIA II GRADO,AL,25,156,146,302
202223,paritaria,SCUOLA SECONDARIA II GRADO,AN,20,95,87,182
202223,paritaria,SCUOLA SECONDARIA II GRADO,AP,83,545,370,915
202223,paritaria,SCUOLA SECONDARIA II GRADO,AR,9,32,126,158
202223,paritaria,SCUOLA SECONDARIA II GRADO,AT,19,69,85,154
202223,paritaria,SCUOLA SECONDARIA II GRADO,AV,113,1054,594,1648
202223,paritaria,SCUOLA SECONDARIA II GRADO,BA,40,389,200,589
202223,paritaria,SCUOLA SECONDARIA II GRADO,BG,254,2212,1770,3982
202223,paritaria,SCUOLA SECONDARIA II GRADO,BL,32,183,235,418
202223,paritaria,SCUOLA SECONDARIA II GRADO,BN,87,851,445,1296
202223,paritaria,SCUOLA SECONDARIA II GRADO,BO,106,1293,908,2201
202223,paritaria,SCUOLA SECONDARIA II GRADO,BR,5,25,18,43
202223,paritaria,SCUOLA SECONDARIA II GRADO,BS,224,2019,1958,3977
202223,paritaria,SCUOLA SECONDARIA II GRADO,CA,28,201,142,343
202223,paritaria,SCUOLA SECONDARIA II GRADO,CE,268,2607,1898,4505
202223,paritaria,SCUOLA SECONDARIA II GRADO,CH,35,117,100,217
202223,paritaria,SCUOLA SECONDARIA II GRADO,CL,24,102,148,250
202223,paritaria,SCUOLA SECONDARIA II GRADO,CO,140,1108,1033,2141
202223,paritaria,SCUOLA SECONDARIA II GRADO,CR,28,297,197,494
202223,paritaria,SCUOLA SECONDARIA II GRADO,CS,62,231,277,508
202223,paritaria,SCUOLA SECONDARIA II GRADO,CT,220,1162,838,2000
202223,paritaria,SCUOLA SECONDARIA II GRADO,CZ,14,64,110,174
202223,paritaria,SCUOLA SECONDARIA II GRADO,EN,24,114,113,227
202223,paritaria,SCUOLA SECONDARIA II GRADO,FE,5,20,28,48
202223,paritaria,SCUOLA SECONDARIA II GRADO,FG,19,106,45,151
202223,paritaria,SCUOLA SECONDARIA II GRADO,FI,144,885,655,1540
202223,paritaria,SCUOLA SECONDARIA II GRADO,FO,8,116,56,172
202223,paritaria,SCUOLA SECONDARIA II GRADO,FR,71,635,411,1046
202223,paritaria,SCUOLA SECONDARIA II GRADO,GE,103,644,1215,1859
202223,paritaria,SCUOLA SECONDARIA II GRADO,GR,10,43,34,77
202223,paritaria,SCUOLA SECONDARIA II GRADO,IS,11,34,44,78
202223,paritaria,SCUOLA SECONDARIA II GRADO,LC,75,613,535,1148
202223,paritaria,SCUOLA SECONDARIA II GRADO,LE,17,84,69,153
202223,paritaria,SCUOLA SECONDARIA II GRADO,LI,21,123,89,212
202223,paritaria,SCUOLA SECONDARIA II GRADO,LO,5,36,31,67
202223,paritaria,SCUOLA SECONDARIA II GRADO,LT,69,455,326,781
202223,paritaria,SCUOLA SECONDARIA II GRADO,LU,12,48,66,114
202223,paritaria,SCUOLA SECONDARIA II GRADO,MB,185,1701,1820,3521
202223,paritaria,SCUOLA SECONDARIA II GRADO,MC,43,219,222,441
202223,paritaria,SCUOLA SECONDARIA II GRADO,ME,94,416,329,745
202223,paritaria,SCUOLA SECONDARIA II GRADO,MI,746,8187,6829,15016
202223,paritaria,SCUOLA SECONDARIA II GRADO,MN,16,78,93,171
202223,paritaria,SCUOLA SECONDARIA II GRADO,MO,42,377,240,617
202223,paritaria,SCUOLA SECONDARIA II GRADO,MS,10,51,47,98
202223,paritaria,SCUOLA SECONDARIA II GRADO,MT,5,34,24,58
202223,paritaria,SCUOLA SECONDARIA II GRADO,NA,1168,11542,8598,20140
202223,paritaria,SCUOLA SECONDARIA II GRADO,NO,53,353,381,734
202223,paritaria,SCUOLA SECONDARIA II GRADO,PA,306,1975,1647,3622
202223,paritaria,SCUOLA SECONDARIA II GRADO,PC,19,177,151,328
202223,paritaria,SCUOLA SECONDARIA II GRADO,PD,79,910,707,1617
202223,paritaria,SCUOLA SECONDARIA II GRADO,PE,59,409,283,692
202223,paritaria,SCUOLA SECONDARIA II GRADO,PG,34,130,118,248
202223,paritaria,SCUOLA SECONDARIA II GRADO,PI,5,59,46,105
202223,paritaria,SCUOLA SECONDARIA II GRADO,PN,17,107,73,180
202223,paritaria,SCUOLA SECONDARIA II GRADO,PO,16,108,117,225
202223,paritaria,SCUOLA SECONDARIA II GRADO,PR,18,159,85,244
202223,paritaria,SCUOLA SECONDARIA II GRADO,PS,15,186,55,241
202223,paritaria,SCUOLA SECONDARIA II GRADO,PT,15,139,130,269
202223,paritaria,SCUOLA SECONDARIA II GRADO,PV,100,478,402,880
202223,paritaria,SCUOLA SECONDARIA II GRADO,RA,5,15,13,28
202223,paritaria,SCUOLA SECONDARIA II GRADO,RC,40,282,185,467
202223,paritaria,SCUOLA SECONDARIA II GRADO,RE,42,263,288,551
202223,paritaria,SCUOLA SECONDARIA II GRADO,RG,65,221,185,406
202223,paritaria,SCUOLA SECONDARIA II GRADO,RM,1063,8511,6340,14851
202223,paritaria,SCUOLA SECONDARIA II GRADO,RN,39,318,348,666
202223,paritaria,SCUOLA SECONDARIA II GRADO,SA,654,5585,3841,9426
202223,paritaria,SCUOLA SECONDARIA II GRADO,SI,5,40,34,74
202223,paritaria,SCUOLA SECONDARIA II GRADO,SR,49,344,197,541
202223,paritaria,SCUOLA SECONDARIA II GRADO,SS,45,130,72,202
202223,paritaria,SCUOLA SECONDARIA II GRADO,SV,13,98,136,234
202223,paritaria,SCUOLA SECONDARIA II GRADO,TA,49,348,191,539
202223,paritaria,SCUOLA SECONDARIA II GRADO,TE,6,29,19,48
202223,paritaria,SCUOLA SECONDARIA II GRADO,TO,267,2523,1924,4447
202223,paritaria,SCUOLA SECONDARIA II GRADO,TP,25,112,221,333
202223,paritaria,SCUOLA SECONDARIA II GRADO,TV,152,1344,967,2311
202223,paritaria,SCUOLA SECONDARIA II GRADO,UD,54,645,244,889
202223,paritaria,SCUOLA SECONDARIA II GRADO,VA,239,2230,1694,3924
202223,paritaria,SCUOLA SECONDARIA II GRADO,VB,18,69,90,159
202223,paritaria,SCUOLA SECONDARIA II GRADO,VE,84,574,415,989
202223,paritaria,SCUOLA SECONDARIA II GRADO,VI,45,327,273,600
202223,paritaria,SCUOLA SECONDARIA II GRADO,VR,187,2284,1649,3933
202223,paritaria,SCUOLA SECONDARIA II GRADO,VT,34,223,175,398
202223,paritaria,SCUOLA SECONDARIA II GRADO,VV,4,28,7,35
202223,statale,SCUOLA PRIMARIA,AG,977,8724,8005,16729
202223,statale,SCUOLA PRIMARIA,AL,896,7265,6716,13981
202223,statale,SCUOLA PRIMARIA,AN,1014,9640,9029,18669
202223,statale,SCUOLA PRIMARIA,AP,813,7343,6896,14239
202223,statale,SCUOLA PRIMARIA,AQ,674,5667,5238,10905
202223,statale,SCUOLA PRIMARIA,AR,700,6575,6072,12647
202223,statale,SCUOLA PRIMARIA,AT,448,4167,3915,8082
202223,statale,SCUOLA PRIMARIA,AV,1035,7490,7125,14615
202223,statale,SCUOLA PRIMARIA,BA,3540,33427,31238,64665
202223,statale,SCUOLA PRIMARIA,BG,2369,23321,21642,44963
202223,statale,SCUOLA PRIMARIA,BI,371,2941,2708,5649
202223,statale,SCUOLA PRIMARIA,BL,434,3500,3260,6760
202223,statale,SCUOLA PRIMARIA,BN,669,5069,4716,9785
202223,statale,SCUOLA PRIMARIA,BO,1876,19753,18730,38483
202223,statale,SCUOLA PRIMARIA,BR,840,7684,7346,15030
202223,statale,SCUOLA PRIMARIA,BS,2691,26524,25629,52153
202223,statale,SCUOLA PRIMARIA,CA,1583,13024,12077,25101
202223,statale,SCUOLA PRIMARIA,CB,535,3882,3571,7453
202223,statale,SCUOLA PRIMARIA,CE,2386,19392,18290,37682
202223,statale,SCUOLA PRIMARIA,CH,894,7633,7079,14712
202223,statale,SCUOLA PRIMARIA,CL,609,5345,5113,10458
202223,statale,SCUOLA PRIMARIA,CN,1526,13022,12197,25219
202223,statale,SCUOLA PRIMARIA,CO,1245,12116,11373,23489
202223,statale,SCUOLA PRIMARIA,CR,721,7051,6585,13636
202223,statale,SCUOLA PRIMARIA,CS,1895,13857,13233,27090
202223,statale,SCUOLA PRIMARIA,CT,2646,25267,23913,49180
202223,statale,SCUOLA PRIMARIA,CZ,940,7427,6960,14387
202223,statale,SCUOLA PRIMARIA,EN,398,2955,2936,5891
202223,statale,SCUOLA PRIMARIA,FE,616,5853,5692,11545
202223,statale,SCUOLA PRIMARIA,FG,1491,13482,12573,26055
202223,statale,SCUOLA PRIMARIA,FI,1749,18459,17224,35683
202223,statale,SCUOLA PRIMARIA,FO,841,8168,7828,15996
202223,statale,SCUOLA PRIMARIA,FR,1210,9517,9263,18780
202223,statale,SCUOLA PRIMARIA,GE,1439,13726,12676,26402
202223,statale,SCUOLA PRIMARIA,GO,287,2622,2400,5022
202223,statale,SCUOLA PRIMARIA,GR,434,3780,3588,7368
202223,statale,SCUOLA PRIMARIA,IM,434,3782,3459,7241
202223,statale,SCUOLA PRIMARIA,IS,222,1510,1392,2902
202223,statale,SCUOLA PRIMARIA,KR,458,3858,3526,7384
202223,statale,SCUOLA PRIMARIA,LC,673,6307,6276,12583
202223,statale,SCUOLA PRIMARIA,LE,1599,15172,14214,29386
202223,statale,SCUOLA PRIMARIA,LI,585,5901,5676,11577
202223,statale,SCUOLA PRIMARIA,LO,514,4831,4579,9410
202223,statale,SCUOLA PRIMARIA,LT,1322,12266,11477,23743
202223,statale,SCUOLA PRIMARIA,LU,818,7225,6816,14041
202223,statale,SCUOLA PRIMARIA,MB,1711,18034,16897,34931
202223,statale,SCUOLA PRIMARIA,MC,705,6172,5916,12088
202223,statale,SCUOLA PRIMARIA,ME,1654,11766,11176,22942
202223,statale,SCUOLA PRIMARIA,MI,6046,62974,58914,121888
202223,statale,SCUOLA PRIMARIA,MN,885,8797,8173,16970
202223,statale,SCUOLA PRIMARIA,MO,1415,14915,13855,28770
202223,statale,SCUOLA PRIMARIA,MS,382,3170,2931,6101
202223,statale,SCUOLA PRIMARIA,MT,436,3798,3622,7420
202223,statale,SCUOLA PRIMARIA,NA,7101,64859,61115,125974
202223,statale,SCUOLA PRIMARIA,NO,785,7228,6887,14115
202223,statale,SCUOLA PRIMARIA,NU,513,3803,3520,7323
202223,statale,SCUOLA PRIMARIA,OR,320,2444,2263,4707
202223,statale,SCUOLA PRIMARIA,PA,3053,27030,25582,52612
202223,statale,SCUOLA PRIMARIA,PC,615,6006,5699,11705
202223,statale,SCUOLA PRIMARIA,PD,1886,18533,17500,36033
202223,statale,SCUOLA PRIMARIA,PE,698,6530,6141,12671
202223,statale,SCUOLA PRIMARIA,PG,1523,13208,12617,25825
202223,statale,SCUOLA PRIMARIA,PI,863,8551,8262,16813
202223,statale,SCUOLA PRIMARIA,PN,710,6494,6144,12638
202223,statale,SCUOLA PRIMARIA,PO,481,5021,4762,9783
202223,statale,SCUOLA PRIMARIA,PR,895,9392,8572,17964
202223,statale,SCUOLA PRIMARIA,PS,800,7314,6815,14129
202223,statale,SCUOLA PRIMARIA,PT,600,5866,5406,11272
202223,statale,SCUOLA PRIMARIA,PV,1076,10506,9938,20444
202223,statale,SCUOLA PRIMARIA,PZ,885,6487,6028,12515
202223,statale,SCUOLA PRIMARIA,RA,700,7569,7084,14653
202223,statale,SCUOLA PRIMARIA,RC,1480,11478,10509,21987
202223,statale,SCUOLA PRIMARIA,RE,1136,11585,10731,22316
202223,statale,SCUOLA PRIMARIA,RG,736,7240,6801,14041
202223,statale,SCUOLA PRIMARIA,RI,378,2738,2518,5256
202223,statale,SCUOLA PRIMARIA,RM,8287,82317,77286,159603
202223,statale,SCUOLA PRIMARIA,RN,658,6784,6308,13092
202223,statale,SCUOLA PRIMARIA,RO,471,4027,3891,7918
202223,statale,SCUOLA PRIMARIA,SA,2644,22555,21113,43668
202223,statale,SCUOLA PRIMARIA,SI,546,5198,4954,10152
202223,statale,SCUOLA PRIMARIA,SO,434,3946,3602,7548
202223,statale,SCUOLA PRIMARIA,SP,450,3948,3630,7578
202223,statale,SCUOLA PRIMARIA,SR,892,8383,7855,16238
202223,statale,SCUOLA PRIMARIA,SS,1018,8867,8230,17097
202223,statale,SCUOLA PRIMARIA,SV,547,4694,4325,9019
202223,statale,SCUOLA PRIMARIA,TA,1270,11609,11068,22677
202223,statale,SCUOLA PRIMARIA,TE,696,6199,5940,12139
202223,statale,SCUOLA PRIMARIA,TO,4285,41774,39143,80917
202223,statale,SCUOLA PRIMARIA,TP,1002,8532,8256,16788
202223,statale,SCUOLA PRIMARIA,TR,482,4049,3848,7897
202223,statale,SCUOLA PRIMARIA,TS,453,3779,3482,7261
202223,statale,SCUOLA PRIMARIA,TV,1942,18426,17435,35861
202223,statale,SCUOLA PRIMARIA,UD,1143,9273,8893,18166
202223,statale,SCUOLA PRIMARIA,VA,1753,17852,16909,34761
202223,statale,SCUOLA PRIMARIA,VB,377,2670,2660,5330
202223,statale,SCUOLA PRIMARIA,VC,380,3144,2945,6089
202223,statale,SCUOLA PRIMARIA,VE,1627,16023,14676,30699
202223,statale,SCUOLA PRIMARIA,VI,1895,17663,17175,34838
202223,statale,SCUOLA PRIMARIA,VR,2071,19708,18439,38147
202223,statale,SCUOLA PRIMARIA,VT,629,5681,5452,11133
202223,statale,SCUOLA PRIMARIA,VV,463,3157,2933,6090
202223,statale,SCUOLA SECONDARIA I GRADO,AG,632,5987,5659,11646
202223,statale,SCUOLA SECONDARIA I GRADO,AL,480,5043,4684,9727
202223,statale,SCUOLA SECONDARIA I GRADO,AN,609,6758,6306,13064
202223,statale,SCUOLA SECONDARIA I GRADO,AP,473,5022,4679,9701
202223,statale,SCUOLA SECONDARIA I GRADO,AQ,385,3768,3540,7308
202223,statale,SCUOLA SECONDARIA I GRADO,AR,428,4555,4252,8807
202223,statale,SCUOLA SECONDARIA I GRADO,AT,239,2709,2504,5213
202223,statale,SCUOLA SECONDARIA I GRADO,AV,666,5209,4916,10125
202223,statale,SCUOLA SECONDARIA I GRADO,BA,2140,22961,21745,44706
202223,statale,SCUOLA SECONDARIA I GRADO,BG,1454,15875,15046,30921
202223,statale,SCUOLA SECONDARIA I GRADO,BI,203,1940,2010,3950
202223,statale,SCUOLA SECONDARIA I GRADO,BL,273,2497,2342,4839
202223,statale,SCUOLA SECONDARIA I GRADO,BN,400,3486,3253,6739
202223,statale,SCUOLA SECONDARIA I GRADO,BO,1130,12890,12085,24975
202223,statale,SCUOLA SECONDARIA I GRADO,BR,517,5361,4945,10306
202223,statale,SCUOLA SECONDARIA I GRADO,BS,1675,18459,17128,35587
202223,statale,SCUOLA SECONDARIA I GRADO,CA,1056,9456,8707,18163
202223,statale,SCUOLA SECONDARIA I GRADO,CB,308,2632,2447,5079
202223,statale,SCUOLA SECONDARIA I GRADO,CE,1603,14360,13605,27965
202223,statale,SCUOLA SECONDARIA I GRADO,CH,527,5168,4868,10036
202223,statale,SCUOLA SECONDARIA I GRADO,CL,386,3712,3512,7224
202223,statale,SCUOLA SECONDARIA I GRADO,CN,824,8575,7911,16486
202223,statale,SCUOLA SECONDARIA I GRADO,CO,717,7895,7358,15253
202223,statale,SCUOLA SECONDARIA I GRADO,CR,426,4913,4333,9246
202223,statale,SCUOLA SECONDARIA I GRADO,CS,1059,9067,8529,17596
202223,statale,SCUOLA SECONDARIA I GRADO,CT,1640,16466,15639,32105
202223,statale,SCUOLA SECONDARIA I GRADO,CZ,546,4625,4403,9028
202223,statale,SCUOLA SECONDARIA I GRADO,EN,249,2184,2043,4227
202223,statale,SCUOLA SECONDARIA I GRADO,FE,377,4254,4006,8260
202223,statale,SCUOLA SECONDARIA I GRADO,FG,971,9442,8940,18382
202223,statale,SCUOLA SECONDARIA I GRADO,FI,1130,13128,12151,25279
202223,statale,SCUOLA SECONDARIA I GRADO,FO,501,5798,5126,10924
202223,statale,SCUOLA SECONDARIA I GRADO,FR,641,6407,6026,12433
202223,statale,SCUOLA SECONDARIA I GRADO,GE,895,9694,9335,19029
202223,statale,SCUOLA SECONDARIA I GRADO,GO,174,1916,1667,3583
202223,statale,SCUOLA SECONDARIA I GRADO,GR,276,2780,2554,5334
202223,statale,SCUOLA SECONDARIA I GRADO,IM,240,2643,2409,5052
202223,statale,SCUOLA SECONDARIA I GRADO,IS,110,904,879,1783
202223,statale,SCUOLA SECONDARIA I GRADO,KR,285,2541,2425,4966
202223,statale,SCUOLA SECONDARIA I GRADO,LC,395,4442,4046,8488
202223,statale,SCUOLA SECONDARIA I GRADO,LE,1019,10410,9822,20232
202223,statale,SCUOLA SECONDARIA I GRADO,LI,391,4316,4048,8364
202223,statale,SCUOLA SECONDARIA I GRADO,LO,322,3331,3029,6360
202223,statale,SCUOLA SECONDARIA I GRADO,LT,815,8412,7962,16374
202223,statale,SCUOLA SECONDARIA I GRADO,LU,467,5070,4787,9857
202223,statale,SCUOLA SECONDARIA I GRADO,MB,1108,11850,11318,23168
202223,statale,SCUOLA SECONDARIA I GRADO,MC,412,4278,3981,8259
202223,statale,SCUOLA SECONDARIA I GRADO,ME,912,7919,7642,15561
202223,statale,SCUOLA SECONDARIA I GRADO,MI,3822,41351,38295,79646
202223,statale,SCUOLA SECONDARIA I GRADO,MN,540,6063,5618,11681
202223,statale,SCUOLA SECONDARIA I GRADO,MO,894,10354,9718,20072
202223,statale,SCUOLA SECONDARIA I GRADO,MS,237,2247,2192,4439
202223,statale,SCUOLA SECONDARIA I GRADO,MT,282,2536,2453,4989
202223,statale,SCUOLA SECONDARIA I GRADO,NA,5121,49883,46618,96501
202223,statale,SCUOLA SECONDARIA I GRADO,NO,443,4869,4424,9293
202223,statale,SCUOLA SECONDARIA I GRADO,NU,330,2712,2461,5173
202223,statale,SCUOLA SECONDARIA I GRADO,OR,220,1756,1612,3368
202223,statale,SCUOLA SECONDARIA I GRADO,PA,1972,18521,17530,36051
202223,statale,SCUOLA SECONDARIA I GRADO,PC,366,3965,3625,7590
202223,statale,SCUOLA SECONDARIA I GRADO,PD,1188,12970,12165,25135
202223,statale,SCUOLA SECONDARIA I GRADO,PE,429,4472,4130,8602
202223,statale,SCUOLA SECONDARIA I GRADO,PG,836,9055,8453,17508
202223,statale,SCUOLA SECONDARIA I GRADO,PI,536,5952,5599,11551
202223,statale,SCUOLA SECONDARIA I GRADO,PN,409,4327,3990,8317
202223,statale,SCUOLA SECONDARIA I GRADO,PO,346,4055,3646,7701
202223,statale,SCUOLA SECONDARIA I GRADO,PR,523,5985,5591,11576
202223,statale,SCUOLA SECONDARIA I GRADO,PS,469,5103,4921,10024
202223,statale,SCUOLA SECONDARIA I GRADO,PT,361,4096,3770,7866
202223,statale,SCUOLA SECONDARIA I GRADO,PV,635,6995,6552,13547
202223,statale,SCUOLA SECONDARIA I GRADO,PZ,536,4470,4084,8554
202223,statale,SCUOLA SECONDARIA I GRADO,RA,441,5410,4923,10333
202223,statale,SCUOLA SECONDARIA I GRADO,RC,816,7674,7196,14870
202223,statale,SCUOLA SECONDARIA I GRADO,RE,700,7840,7455,15295
202223,statale,SCUOLA SECONDARIA I GRADO,RG,437,4939,4602,9541
202223,statale,SCUOLA SECONDARIA I GRADO,RI,208,1869,1754,3623
202223,statale,SCUOLA SECONDARIA I GRADO,RM,5248,57799,53848,111647
202223,statale,SCUOLA SECONDARIA I GRADO,RN,415,4646,4643,9289
202223,statale,SCUOLA SECONDARIA I GRADO,RO,304,2946,2770,5716
202223,statale,SCUOLA SECONDARIA I GRADO,SA,1600,15332,14431,29763
202223,statale,SCUOLA SECONDARIA I GRADO,SI,330,3542,3402,6944
202223,statale,SCUOLA SECONDARIA I GRADO,SO,235,2544,2322,4866
202223,statale,SCUOLA SECONDARIA I GRADO,SP,252,2691,2628,5319
202223,statale,SCUOLA SECONDARIA I GRADO,SR,578,5742,5226,10968
202223,statale,SCUOLA SECONDARIA I GRADO,SS,685,6412,5961,12373
202223,statale,SCUOLA SECONDARIA I GRADO,SV,300,3192,3057,6249
202223,statale,SCUOLA SECONDARIA I GRADO,TA,799,8088,7700,15788
202223,statale,SCUOLA SECONDARIA I GRADO,TE,395,3979,3713,7692
202223,statale,SCUOLA SECONDARIA I GRADO,TO,2701,28723,26505,55228
202223,statale,SCUOLA SECONDARIA I GRADO,TP,577,5656,5410,11066
202223,statale,SCUOLA SECONDARIA I GRADO,TR,279,2742,2624,5366
202223,statale,SCUOLA SECONDARIA I GRADO,TS,281,2816,2609,5425
202223,statale,SCUOLA SECONDARIA I GRADO,TV,1131,12512,11625,24137
202223,statale,SCUOLA SECONDARIA I GRADO,UD,654,6351,6057,12408
202223,statale,SCUOLA SECONDARIA I GRADO,VA,1067,11854,11186,23040
202223,statale,SCUOLA SECONDARIA I GRADO,VB,203,1947,1848,3795
202223,statale,SCUOLA SECONDARIA I GRADO,VC,211,2206,1984,4190
202223,statale,SCUOLA SECONDARIA I GRADO,VE,1021,11069,10365,21434
202223,statale,SCUOLA SECONDARIA I GRADO,VI,1190,12390,11763,24153
202223,statale,SCUOLA SECONDARIA I GRADO,VR,1178,12777,12061,24838
202223,statale,SCUOLA SECONDARIA I GRADO,VT,389,3983,3737,7720
202223,statale,SCUOLA SECONDARIA I GRADO,VV,261,2113,2018,4131
202223,statale,SCUOLA SECONDARIA II GRADO,AG,1056,10172,9582,19754
202223,statale,SCUOLA SECONDARIA II GRADO,AL,732,7535,7681,15216
202223,statale,SCUOLA SECONDARIA II GRADO,AN,1081,11254,10488,21742
202223,statale,SCUOLA SECONDARIA II GRADO,AP,832,8807,8039,16846
202223,statale,SCUOLA SECONDARIA II GRADO,AQ,648,6369,5682,12051
202223,statale,SCUOLA SECONDARIA II GRADO,AR,801,8103,8238,16341
202223,statale,SCUOLA SECONDARIA II GRADO,AT,363,3917,3373,7290
202223,statale,SCUOLA SECONDARIA II GRADO,AV,1016,8849,8008,16857
202223,statale,SCUOLA SECONDARIA II GRADO,BA,3908,39622,37735,77357
202223,statale,SCUOLA SECONDARIA II GRADO,BG,2021,21537,22446,43983
202223,statale,SCUOLA SECONDARIA II GRADO,BI,341,3115,3114,6229
202223,statale,SCUOLA SECONDARIA II GRADO,BL,425,4023,3562,7585
202223,statale,SCUOLA SECONDARIA II GRADO,BN,749,6938,6342,13280
202223,statale,SCUOLA SECONDARIA II GRADO,BO,1793,19980,19244,39224
202223,statale,SCUOLA SECONDARIA II GRADO,BR,889,9236,8295,17531
202223,statale,SCUOLA SECONDARIA II GRADO,BS,2394,23394,24651,48045
202223,statale,SCUOLA SECONDARIA II GRADO,CA,1789,15847,14984,30831
202223,statale,SCUOLA SECONDARIA II GRADO,CB,564,5189,4498,9687
202223,statale,SCUOLA SECONDARIA II GRADO,CE,2532,25818,24962,50780
202223,statale,SCUOLA SECONDARIA II GRADO,CH,814,8204,7556,15760
202223,statale,SCUOLA SECONDARIA II GRADO,CL,733,7003,6284,13287
202223,statale,SCUOLA SECONDARIA II GRADO,CN,1248,12209,12592,24801
202223,statale,SCUOLA SECONDARIA II GRADO,CO,845,8861,9073,17934
202223,statale,SCUOLA SECONDARIA II GRADO,CR,733,7799,7569,15368
202223,statale,SCUOLA SECONDARIA II GRADO,CS,1803,16464,14948,31412
202223,statale,SCUOLA SECONDARIA II GRADO,CT,2545,26150,24552,50702
202223,statale,SCUOLA SECONDARIA II GRADO,CZ,897,8320,7533,15853
202223,statale,SCUOLA SECONDARIA II GRADO,EN,436,3546,3310,6856
202223,statale,SCUOLA SECONDARIA II GRADO,FE,727,8118,7493,15611
202223,statale,SCUOLA SECONDARIA II GRADO,FG,1686,16254,15692,31946
202223,statale,SCUOLA SECONDARIA II GRADO,FI,2055,21459,20232,41691
202223,statale,SCUOLA SECONDARIA II GRADO,FO,834,9597,9521,19118
202223,statale,SCUOLA SECONDARIA II GRADO,FR,1127,11335,10331,21666
202223,statale,SCUOLA SECONDARIA II GRADO,GE,1553,16398,15167,31565
202223,statale,SCUOLA SECONDARIA II GRADO,GO,320,2949,2776,5725
202223,statale,SCUOLA SECONDARIA II GRADO,GR,505,4965,4715,9680
202223,statale,SCUOLA SECONDARIA II GRADO,IM,409,4070,3966,8036
202223,statale,SCUOLA SECONDARIA II GRADO,IS,170,1487,1425,2912
202223,statale,SCUOLA SECONDARIA II GRADO,KR,473,4307,4018,8325
202223,statale,SCUOLA SECONDARIA II GRADO,LC,603,6414,6580,12994
202223,statale,SCUOLA SECONDARIA II GRADO,LE,1889,18779,17972,36751
202223,statale,SCUOLA SECONDARIA II GRADO,LI,689,7598,6938,14536
202223,statale,SCUOLA SECONDARIA II GRADO,LO,506,5165,4527,9692
202223,statale,SCUOLA SECONDARIA II GRADO,LT,1417,12859,12093,24952
202223,statale,SCUOLA SECONDARIA II GRADO,LU,848,8515,8290,16805
202223,statale,SCUOLA SECONDARIA II GRADO,MB,1437,15680,15587,31267
202223,statale,SCUOLA SECONDARIA II GRADO,MC,729,7329,7271,14600
202223,statale,SCUOLA SECONDARIA II GRADO,ME,1445,13466,12417,25883
202223,statale,SCUOLA SECONDARIA II GRADO,MI,5452,56076,57108,113184
202223,statale,SCUOLA SECONDARIA II GRADO,MN,738,7235,7563,14798
202223,statale,SCUOLA SECONDARIA II GRADO,MO,1584,18013,17290,35303
202223,statale,SCUOLA SECONDARIA II GRADO,MS,452,4281,4006,8287
202223,statale,SCUOLA SECONDARIA II GRADO,MT,561,5356,4850,10206
202223,statale,SCUOLA SECONDARIA II GRADO,NA,7904,81386,77736,159122
202223,statale,SCUOLA SECONDARIA II GRADO,NO,730,7152,7035,14187
202223,statale,SCUOLA SECONDARIA II GRADO,NU,582,4822,4473,9295
202223,statale,SCUOLA SECONDARIA II GRADO,OR,352,3257,2894,6151
202223,statale,SCUOLA SECONDARIA II GRADO,PA,2825,27459,25505,52964
202223,statale,SCUOLA SECONDARIA II GRADO,PC,556,5864,6098,11962
202223,statale,SCUOLA SECONDARIA II GRADO,PD,1750,18667,18713,37380
202223,statale,SCUOLA SECONDARIA II GRADO,PE,760,7853,7601,15454
202223,statale,SCUOLA SECONDARIA II GRADO,PG,1497,15749,14111,29860
202223,statale,SCUOLA SECONDARIA II GRADO,PI,855,9158,8467,17625
202223,statale,SCUOLA SECONDARIA II GRADO,PN,648,6770,6555,13325
202223,statale,SCUOLA SECONDARIA II GRADO,PO,605,6731,5887,12618
202223,statale,SCUOLA SECONDARIA II GRADO,PR,927,10289,9970,20259
202223,statale,SCUOLA SECONDARIA II GRADO,PS,783,8185,8332,16517
202223,statale,SCUOLA SECONDARIA II GRADO,PT,692,6978,6667,13645
202223,statale,SCUOLA SECONDARIA II GRADO,PV,953,9753,9108,18861
202223,statale,SCUOLA SECONDARIA II GRADO,PZ,962,8562,7862,16424
202223,statale,SCUOLA SECONDARIA II GRADO,RA,745,8406,7880,16286
202223,statale,SCUOLA SECONDARIA II GRADO,RC,1478,14068,13290,27358
202223,statale,SCUOLA SECONDARIA II GRADO,RE,1048,11577,10780,22357
202223,statale,SCUOLA SECONDARIA II GRADO,RG,775,7662,7277,14939
202223,statale,SCUOLA SECONDARIA II GRADO,RI,402,3638,3094,6732
202223,statale,SCUOLA SECONDARIA II GRADO,RM,8149,90143,86559,176702
202223,statale,SCUOLA SECONDARIA II GRADO,RN,700,7696,7147,14843
202223,statale,SCUOLA SECONDARIA II GRADO,RO,447,4291,4049,8340
202223,statale,SCUOLA SECONDARIA II GRADO,SA,2616,27271,25562,52833
202223,statale,SCUOLA SECONDARIA II GRADO,SI,627,6580,5726,12306
202223,statale,SCUOLA SECONDARIA II GRADO,SO,377,3802,3833,7635
202223,statale,SCUOLA SECONDARIA II GRADO,SP,442,4518,4086,8604
202223,statale,SCUOLA SECONDARIA II GRADO,SR,1043,9464,8348,17812
202223,statale,SCUOLA SECONDARIA II GRADO,SS,1188,11085,10475,21560
202223,statale,SCUOLA SECONDARIA II GRADO,SV,536,5588,5363,10951
202223,statale,SCUOLA SECONDARIA II GRADO,TA,1434,13466,13760,27226
202223,statale,SCUOLA SECONDARIA II GRADO,TE,637,5922,5819,11741
202223,statale,SCUOLA SECONDARIA II GRADO,TO,4418,45071,44341,89412
202223,statale,SCUOLA SECONDARIA II GRADO,TP,1029,10688,9704,20392
202223,statale,SCUOLA SECONDARIA II GRADO,TR,501,4943,4588,9531
202223,statale,SCUOLA SECONDARIA II GRADO,TS,474,4305,4223,8528
202223,statale,SCUOLA SECONDARIA II GRADO,TV,1823,19428,19039,38467
202223,statale,SCUOLA SECONDARIA II GRADO,UD,1163,10169,10432,20601
202223,statale,SCUOLA SECONDARIA II GRADO,VA,1703,19288,19044,38332
202223,statale,SCUOLA SECONDARIA II GRADO,VB,381,3622,3264,6886
202223,statale,SCUOLA SECONDARIA II GRADO,VC,390,3575,3245,6820
202223,statale,SCUOLA SECONDARIA II GRADO,VE,1511,16394,15467,31861
202223,statale,SCUOLA SECONDARIA II GRADO,VI,1837,19841,19803,39644
202223,statale,SCUOLA SECONDARIA II GRADO,VR,1579,17007,18388,35395
202223,statale,SCUOLA SECONDARIA II GRADO,VT,645,6672,6310,12982
202223,statale,SCUOLA SECONDARIA II GRADO,VV,468,4165,3830,7995
202324,paritaria,SCUOLA PRIMARIA,AG,10,72,82,154
202324,paritaria,SCUOLA PRIMARIA,AL,47,436,435,871
202324,paritaria,SCUOLA PRIMARIA,AN,16,69,75,144
202324,paritaria,SCUOLA PRIMARIA,AP,29,241,199,440
202324,paritaria,SCUOLA PRIMARIA,AQ,31,295,254,549
202324,paritaria,SCUOLA PRIMARIA,AR,25,207,174,381
202324,paritaria,SCUOLA PRIMARIA,AT,15,135,135,270
202324,paritaria,SCUOLA PRIMARIA,AV,37,232,201,433
202324,paritaria,SCUOLA PRIMARIA,BA,85,772,816,1588
202324,paritaria,SCUOLA PRIMARIA,BG,255,2578,2437,5015
202324,paritaria,SCUOLA PRIMARIA,BI,5,67,43,110
202324,paritaria,SCUOLA PRIMARIA,BL,15,174,159,333
202324,paritaria,SCUOLA PRIMARIA,BN,28,208,205,413
202324,paritaria,SCUOLA PRIMARIA,BO,142,1445,1427,2872
202324,paritaria,SCUOLA PRIMARIA,BR,10,52,74,126
202324,paritaria,SCUOLA PRIMARIA,BS,206,2012,1932,3944
202324,paritaria,SCUOLA PRIMARIA,CA,82,797,699,1496
202324,paritaria,SCUOLA PRIMARIA,CB,9,67,66,133
202324,paritaria,SCUOLA PRIMARIA,CE,297,2379,2200,4579
202324,paritaria,SCUOLA PRIMARIA,CH,10,85,60,145
202324,paritaria,SCUOLA PRIMARIA,CL,20,150,138,288
202324,paritaria,SCUOLA PRIMARIA,CN,22,197,169,366
202324,paritaria,SCUOLA PRIMARIA,CO,106,1055,960,2015
202324,paritaria,SCUOLA PRIMARIA,CR,47,455,428,883
202324,paritaria,SCUOLA PRIMARIA,CS,35,286,279,565
202324,paritaria,SCUOLA PRIMARIA,CT,114,978,961,1939
202324,paritaria,SCUOLA PRIMARIA,CZ,18,120,127,247
202324,paritaria,SCUOLA PRIMARIA,FE,28,275,238,513
202324,paritaria,SCUOLA PRIMARIA,FG,76,652,569,1221
202324,paritaria,SCUOLA PRIMARIA,FI,205,1962,1907,3869
202324,paritaria,SCUOLA PRIMARIA,FO,35,329,293,622
202324,paritaria,SCUOLA PRIMARIA,FR,42,293,275,568
202324,paritaria,SCUOLA PRIMARIA,GE,172,1627,1669,3296
202324,paritaria,SCUOLA PRIMARIA,GO,17,88,95,183
202324,paritaria,SCUOLA PRIMARIA,GR,11,100,76,176
202324,paritaria,SCUOLA PRIMARIA,IM,20,179,210,389
202324,paritaria,SCUOLA PRIMARIA,KR,7,59,48,107
202324,paritaria,SCUOLA PRIMARIA,LC,69,719,672,1391
202324,paritaria,SCUOLA PRIMARIA,LE,39,357,321,678
202324,paritaria,SCUOLA PRIMARIA,LI,39,414,400,814
202324,paritaria,SCUOLA PRIMARIA,LO,37,359,381,740
202324,paritaria,SCUOLA PRIMARIA,LT,45,391,423,814
202324,paritaria,SCUOLA PRIMARIA,LU,35,283,297,580
202324,paritaria,SCUOLA PRIMARIA,MB,206,2127,1952,4079
202324,paritaria,SCUOLA PRIMARIA,MC,10,97,101,198
202324,paritaria,SCUOLA PRIMARIA,ME,40,302,328,630
202324,paritaria,SCUOLA PRIMARIA,MI,801,8216,7877,16093
202324,paritaria,SCUOLA PRIMARIA,MN,25,216,180,396
202324,paritaria,SCUOLA PRIMARIA,MO,96,867,905,1772
202324,paritaria,SCUOLA PRIMARIA,MS,23,213,166,379
202324,paritaria,SCUOLA PRIMARIA,MT,5,43,41,84
202324,paritaria,SCUOLA PRIMARIA,NA,1253,9758,9137,18895
202324,paritaria,SCUOLA PRIMARIA,NO,57,591,620,1211
202324,paritaria,SCUOLA PRIMARIA,OR,5,40,29,69
202324,paritaria,SCUOLA PRIMARIA,PA,173,1570,1503,3073
202324,paritaria,SCUOLA PRIMARIA,PC,15,146,104,250
202324,paritaria,SCUOLA PRIMARIA,PD,119,1164,1069,2233
202324,paritaria,SCUOLA PRIMARIA,PE,35,335,298,633
202324,paritaria,SCUOLA PRIMARIA,PG,33,263,283,546
202324,paritaria,SCUOLA PRIMARIA,PI,20,213,149,362
202324,paritaria,SCUOLA PRIMARIA,PN,20,170,197,367
202324,paritaria,SCUOLA PRIMARIA,PO,64,674,613,1287
202324,paritaria,SCUOLA PRIMARIA,PR,68,717,670,1387
202324,paritaria,SCUOLA PRIMARIA,PS,22,208,206,414
202324,paritaria,SCUOLA PRIMARIA,PT,21,200,168,368
202324,paritaria,SCUOLA PRIMARIA,PV,57,564,538,1102
202324,paritaria,SCUOLA PRIMARIA,PZ,5,40,37,77
202324,paritaria,SCUOLA PRIMARIA,RA,42,423,417,840
202324,paritaria,SCUOLA PRIMARIA,RC,41,305,302,607
202324,paritaria,SCUOLA PRIMARIA,RE,70,662,678,1340
202324,paritaria,SCUOLA PRIMARIA,RG,26,199,210,409
202324,paritaria,SCUOLA PRIMARIA,RM,1148,10576,10233,20809
202324,paritaria,SCUOLA PRIMARIA,RN,77,716,685,1401
202324,paritaria,SCUOLA PRIMARIA,RO,16,135,154,289
202324,paritaria,SCUOLA PRIMARIA,SA,113,836,802,1638
202324,paritaria,SCUOLA PRIMARIA,SI,15,126,119,245
202324,paritaria,SCUOLA PRIMARIA,SO,5,29,33,62
202324,paritaria,SCUOLA PRIMARIA,SP,23,266,228,494
202324,paritaria,SCUOLA PRIMARIA,SR,20,164,142,306
202324,paritaria,SCUOLA PRIMARIA,SS,11,71,70,141
202324,paritaria,SCUOLA PRIMARIA,SV,28,224,248,472
202324,paritaria,SCUOLA PRIMARIA,TA,20,173,159,332
202324,paritaria,SCUOLA PRIMARIA,TE,4,11,25,36
202324,paritaria,SCUOLA PRIMARIA,TO,356,3751,3500,7251
202324,paritaria,SCUOLA PRIMARIA,TP,1,12,0,12
202324,paritaria,SCUOLA PRIMARIA,TR,5,31,31,62
202324,paritaria,SCUOLA PRIMARIA,TS,35,335,280,615
202324,paritaria,SCUOLA PRIMARIA,TV,136,1391,1384,2775
202324,paritaria,SCUOLA PRIMARIA,UD,63,557,554,1111
202324,paritaria,SCUOLA PRIMARIA,VA,204,1896,1817,3713
202324,paritaria,SCUOLA PRIMARIA,VB,10,97,81,178
202324,paritaria,SCUOLA PRIMARIA,VC,10,88,102,190
202324,paritaria,SCUOLA PRIMARIA,VE,77,752,755,1507
202324,paritaria,SCUOLA PRIMARIA,VI,81,763,712,1475
202324,paritaria,SCUOLA PRIMARIA,VR,138,1361,1329,2690
202324,paritaria,SCUOLA PRIMARIA,VT,32,278,271,549
202324,paritaria,SCUOLA PRIMARIA,VV,5,67,51,118
202324,paritaria,SCUOLA SECONDARIA I GRADO,AL,24,263,241,504
202324,paritaria,SCUOLA SECONDARIA I GRADO,AN,1,4,9,13
202324,paritaria,SCUOLA SECONDARIA I GRADO,AP,10,76,64,140
202324,paritaria,SCUOLA SECONDARIA I GRADO,AQ,3,23,18,41
202324,paritaria,SCUOLA SECONDARIA I GRADO,AR,1,7,3,10
202324,paritaria,SCUOLA SECONDARIA I GRADO,AT,5,40,50,90
202324,paritaria,SCUOLA SECONDARIA I GRADO,BA,16,153,159,312
202324,paritaria,SCUOLA SECONDARIA I GRADO,BG,170,1934,1777,3711
202324,paritaria,SCUOLA SECONDARIA I GRADO,BI,3,32,23,55
202324,paritaria,SCUOLA SECONDARIA I GRADO,BL,12,124,129,253
202324,paritaria,SCUOLA SECONDARIA I GRADO,BN,6,77,48,125
202324,paritaria,SCUOLA SECONDARIA I GRADO,BO,93,1114,921,2035
202324,paritaria,SCUOLA SECONDARIA I GRADO,BS,132,1557,1385,2942
202324,paritaria,SCUOLA SECONDARIA I GRADO,CA,29,288,291,579
202324,paritaria,SCUOLA SECONDARIA I GRADO,CE,12,89,82,171
202324,paritaria,SCUOLA SECONDARIA I GRADO,CN,19,183,135,318
202324,paritaria,SCUOLA SECONDARIA I GRADO,CO,66,694,701,1395
202324,paritaria,SCUOLA SECONDARIA I GRADO,CR,20,226,226,452
202324,paritaria,SCUOLA SECONDARIA I GRADO,CS,12,79,66,145
202324,paritaria,SCUOLA SECONDARIA I GRADO,CT,34,283,274,557
202324,paritaria,SCUOLA SECONDARIA I GRADO,CZ,9,53,48,101
202324,paritaria,SCUOLA SECONDARIA I GRADO,FE,17,158,167,325
202324,paritaria,SCUOLA SECONDARIA I GRADO,FG,7,60,62,122
202324,paritaria,SCUOLA SECONDARIA I GRADO,FI,74,731,691,1422
202324,paritaria,SCUOLA SECONDARIA I GRADO,FO,16,193,156,349
202324,paritaria,SCUOLA SECONDARIA I GRADO,FR,12,99,105,204
202324,paritaria,SCUOLA SECONDARIA I GRADO,GE,53,604,529,1133
202324,paritaria,SCUOLA SECONDARIA I GRADO,GO,3,14,9,23
202324,paritaria,SCUOLA SECONDARIA I GRADO,GR,3,41,24,65
202324,paritaria,SCUOLA SECONDARIA I GRADO,IM,3,19,24,43
202324,paritaria,SCUOLA SECONDARIA I GRADO,IS,1,0,2,2
202324,paritaria,SCUOLA SECONDARIA I GRADO,KR,3,30,19,49
202324,paritaria,SCUOLA SECONDARIA I GRADO,LC,46,548,449,997
202324,paritaria,SCUOLA SECONDARIA I GRADO,LE,12,117,104,221
202324,paritaria,SCUOLA SECONDARIA I GRADO,LI,6,61,66,127
202324,paritaria,SCUOLA SECONDARIA I GRADO,LO,16,180,147,327
202324,paritaria,SCUOLA SECONDARIA I GRADO,LT,3,23,39,62
202324,paritaria,SCUOLA SECONDARIA I GRADO,LU,7,66,67,133
202324,paritaria,SCUOLA SECONDARIA I GRADO,MB,123,1417,1336,2753
202324,paritaria,SCUOLA SECONDARIA I GRADO,MC,4,35,41,76
202324,paritaria,SCUOLA SECONDARIA I GRADO,ME,11,80,69,149
202324,paritaria,SCUOLA SECONDARIA I GRADO,MI,469,5494,5049,10543
202324,paritaria,SCUOLA SECONDARIA I GRADO,MN,10,113,85,198
202324,paritaria,SCUOLA SECONDARIA I GRADO,MO,33,364,356,720
202324,paritaria,SCUOLA SECONDARIA I GRADO,NA,86,794,682,1476
202324,paritaria,SCUOLA SECONDARIA I GRADO,NO,42,501,468,969
202324,paritaria,SCUOLA SECONDARIA I GRADO,PA,48,436,400,836
202324,paritaria,SCUOLA SECONDARIA I GRADO,PC,6,37,31,68
202324,paritaria,SCUOLA SECONDARIA I GRADO,PD,42,468,411,879
202324,paritaria,SCUOLA SECONDARIA I GRADO,PE,6,59,66,125
202324,paritaria,SCUOLA SECONDARIA I GRADO,PG,9,62,68,130
202324,paritaria,SCUOLA SECONDARIA I GRADO,PI,3,23,28,51
202324,paritaria,SCUOLA SECONDARIA I GRADO,PN,26,335,242,577
202324,paritaria,SCUOLA SECONDARIA I GRADO,PO,10,103,107,210
202324,paritaria,SCUOLA SECONDARIA I GRADO,PR,48,534,519,1053
202324,paritaria,SCUOLA SECONDARIA I GRADO,PS,4,37,43,80
202324,paritaria,SCUOLA SECONDARIA I GRADO,PT,6,81,61,142
202324,paritaria,SCUOLA SECONDARIA I GRADO,PV,32,362,347,709
202324,paritaria,SCUOLA SECONDARIA I GRADO,RA,23,210,233,443
202324,paritaria,SCUOLA SECONDARIA I GRADO,RC,9,56,44,100
202324,paritaria,SCUOLA SECONDARIA I GRADO,RE,29,327,288,615
202324,paritaria,SCUOLA SECONDARIA I GRADO,RG,1,5,4,9
202324,paritaria,SCUOLA SECONDARIA I GRADO,RM,414,4314,4055,8369
202324,paritaria,SCUOLA SECONDARIA I GRADO,RN,23,282,239,521
202324,paritaria,SCUOLA SECONDARIA I GRADO,RO,3,32,18,50
202324,paritaria,SCUOLA SECONDARIA I GRADO,SA,12,49,25,74
202324,paritaria,SCUOLA SECONDARIA I GRADO,SI,3,36,25,61
202324,paritaria,SCUOLA SECONDARIA I GRADO,SO,3,32,17,49
202324,paritaria,SCUOLA SECONDARIA I GRADO,SP,5,44,50,94
202324,paritaria,SCUOLA SECONDARIA I GRADO,SR,3,23,18,41
202324,paritaria,SCUOLA SECONDARIA I GRADO,SV,13,130,120,250
202324,paritaria,SCUOLA SECONDARIA I GRADO,TA,3,35,29,64
202324,paritaria,SCUOLA SECONDARIA I GRADO,TO,209,2508,2337,4845
202324,paritaria,SCUOLA SECONDARIA I GRADO,TR,3,18,19,37
202324,paritaria,SCUOLA SECONDARIA I GRADO,TS,3,22,28,50
202324,paritaria,SCUOLA SECONDARIA I GRADO,TV,89,1064,902,1966
202324,paritaria,SCUOLA SECONDARIA I GRADO,UD,42,429,372,801
202324,paritaria,SCUOLA SECONDARIA I GRADO,VA,146,1597,1487,3084
202324,paritaria,SCUOLA SECONDARIA I GRADO,VB,3,29,24,53
202324,paritaria,SCUOLA SECONDARIA I GRADO,VE,38,413,331,744
202324,paritaria,SCUOLA SECONDARIA I GRADO,VI,38,374,336,710
202324,paritaria,SCUOLA SECONDARIA I GRADO,VR,115,1297,1120,2417
202324,paritaria,SCUOLA SECONDARIA I GRADO,VT,14,108,101,209
202324,paritaria,SCUOLA SECONDARIA II GRADO,AG,105,609,393,1002
202324,paritaria,SCUOLA SECONDARIA II GRADO,AL,16,72,118,190
202324,paritaria,SCUOLA SECONDARIA II GRADO,AN,20,112,97,209
202324,paritaria,SCUOLA SECONDARIA II GRADO,AP,58,490,319,809
202324,paritaria,SCUOLA SECONDARIA II GRADO,AR,10,37,127,164
202324,paritaria,SCUOLA SECONDARIA II GRADO,AT,19,77,81,158
202324,paritaria,SCUOLA SECONDARIA II GRADO,AV,115,1030,538,1568
202324,paritaria,SCUOLA SECONDARIA II GRADO,BA,45,408,191,599
202324,paritaria,SCUOLA SECONDARIA II GRADO,BG,263,2307,1947,4254
202324,paritaria,SCUOLA SECONDARIA II GRADO,BL,34,190,246,436
202324,paritaria,SCUOLA SECONDARIA II GRADO,BN,87,789,382,1171
202324,paritaria,SCUOLA SECONDARIA II GRADO,BO,115,1355,972,2327
202324,paritaria,SCUOLA SECONDARIA II GRADO,BR,5,27,9,36
202324,paritaria,SCUOLA SECONDARIA II GRADO,BS,229,2105,2069,4174
202324,paritaria,SCUOLA SECONDARIA II GRADO,CA,28,184,130,314
202324,paritaria,SCUOLA SECONDARIA II GRADO,CE,292,2384,1563,3947
202324,paritaria,SCUOLA SECONDARIA II GRADO,CH,34,122,92,214
202324,paritaria,SCUOLA SECONDARIA II GRADO,CL,24,104,182,286
202324,paritaria,SCUOLA SECONDARIA II GRADO,CO,141,1182,1071,2253
202324,paritaria,SCUOLA SECONDARIA II GRADO,CR,28,297,212,509
202324,paritaria,SCUOLA SECONDARIA II GRADO,CS,61,223,246,469
202324,paritaria,SCUOLA SECONDARIA II GRADO,CT,183,1020,734,1754
202324,paritaria,SCUOLA SECONDARIA II GRADO,CZ,15,66,126,192
202324,paritaria,SCUOLA SECONDARIA II GRADO,EN,27,120,115,235
202324,paritaria,SCUOLA SECONDARIA II GRADO,FE,6,27,33,60
202324,paritaria,SCUOLA SECONDARIA II GRADO,FG,20,92,52,144
202324,paritaria,SCUOLA SECONDARIA II GRADO,FI,142,889,643,1532
202324,paritaria,SCUOLA SECONDARIA II GRADO,FO,7,134,51,185
202324,paritaria,SCUOLA SECONDARIA II GRADO,FR,65,416,236,652
202324,paritaria,SCUOLA SECONDARIA II GRADO,GE,95,598,1175,1773
202324,paritaria,SCUOLA SECONDARIA II GRADO,GR,10,40,33,73
202324,paritaria,SCUOLA SECONDARIA II GRADO,IS,10,46,56,102
202324,paritaria,SCUOLA SECONDARIA II GRADO,LC,77,650,617,1267
202324,paritaria,SCUOLA SECONDARIA II GRADO,LE,16,102,67,169
202324,paritaria,SCUOLA SECONDARIA II GRADO,LI,21,132,88,220
202324,paritaria,SCUOLA SECONDARIA II GRADO,LO,5,34,31,65
202324,paritaria,SCUOLA SECONDARIA II GRADO,LT,68,460,288,748
202324,paritaria,SCUOLA SECONDARIA II GRADO,LU,13,50,69,119
202324,paritaria,SCUOLA SECONDARIA II GRADO,MB,188,1697,1860,3557
202324,paritaria,SCUOLA SECONDARIA II GRADO,MC,46,220,234,454
202324,paritaria,SCUOLA SECONDARIA II GRADO,ME,86,357,254,611
202324,paritaria,SCUOLA SECONDARIA II GRADO,MI,772,8500,7081,15581
202324,paritaria,SCUOLA SECONDARIA II GRADO,MN,16,80,88,168
202324,paritaria,SCUOLA SECONDARIA II GRADO,MO,41,412,267,679
202324,paritaria,SCUOLA SECONDARIA II GRADO,MS,10,60,40,100
202324,paritaria,SCUOLA SECONDARIA II GRADO,MT,5,20,23,43
202324,paritaria,SCUOLA SECONDARIA II GRADO,NA,1180,9748,7100,16848
202324,paritaria,SCUOLA SECONDARIA II GRADO,NO,55,337,387,724
202324,paritaria,SCUOLA SECONDARIA II GRADO,PA,293,1788,1612,3400
202324,paritaria,SCUOLA SECONDARIA II GRADO,PC,21,197,174,371
202324,paritaria,SCUOLA SECONDARIA II GRADO,PD,87,931,718,1649
202324,paritaria,SCUOLA SECONDARIA II GRADO,PE,62,434,315,749
202324,paritaria,SCUOLA SECONDARIA II GRADO,PG,33,116,122,238
202324,paritaria,SCUOLA SECONDARIA II GRADO,PI,5,54,48,102
202324,paritaria,SCUOLA SECONDARIA II GRADO,PN,16,114,77,191
202324,paritaria,SCUOLA SECONDARIA II GRADO,PO,17,129,141,270
202324,paritaria,SCUOLA SECONDARIA II GRADO,PR,20,186,85,271
202324,paritaria,SCUOLA SECONDARIA II GRADO,PS,15,183,51,234
202324,paritaria,SCUOLA SECONDARIA II GRADO,PT,16,141,143,284
202324,paritaria,SCUOLA SECONDARIA II GRADO,PV,102,498,434,932
202324,paritaria,SCUOLA SECONDARIA II GRADO,RA,5,14,15,29
202324,paritaria,SCUOLA SECONDARIA II GRADO,RC,45,282,215,497
202324,paritaria,SCUOLA SECONDARIA II GRADO,RE,47,311,310,621
202324,paritaria,SCUOLA SECONDARIA II GRADO,RG,59,219,186,405
202324,paritaria,SCUOLA SECONDARIA II GRADO,RM,1046,8327,6277,14604
202324,paritaria,SCUOLA SECONDARIA II GRADO,RN,40,324,348,672
202324,paritaria,SCUOLA SECONDARIA II GRADO,SA,662,5257,3262,8519
202324,paritaria,SCUOLA SECONDARIA II GRADO,SI,5,42,32,74
202324,paritaria,SCUOLA SECONDARIA II GRADO,SR,55,289,170,459
202324,paritaria,SCUOLA SECONDARIA II GRADO,SS,46,148,74,222
202324,paritaria,SCUOLA SECONDARIA II GRADO,SV,13,101,131,232
202324,paritaria,SCUOLA SECONDARIA II GRADO,TA,45,352,161,513
202324,paritaria,SCUOLA SECONDARIA II GRADO,TE,6,22,14,36
202324,paritaria,SCUOLA SECONDARIA II GRADO,TO,272,2501,1976,4477
202324,paritaria,SCUOLA SECONDARIA II GRADO,TP,24,105,232,337
202324,paritaria,SCUOLA SECONDARIA II GRADO,TV,150,1327,1016,2343
202324,paritaria,SCUOLA SECONDARIA II GRADO,UD,54,606,237,843
202324,paritaria,SCUOLA SECONDARIA II GRADO,VA,246,2317,1893,4210
202324,paritaria,SCUOLA SECONDARIA II GRADO,VB,20,68,91,159
202324,paritaria,SCUOLA SECONDARIA II GRADO,VE,85,567,409,976
202324,paritaria,SCUOLA SECONDARIA II GRADO,VI,40,306,255,561
202324,paritaria,SCUOLA SECONDARIA II GRADO,VR,191,2289,1686,3975
202324,paritaria,SCUOLA SECONDARIA II GRADO,VT,30,199,168,367
202324,paritaria,SCUOLA SECONDARIA II GRADO,VV,4,17,8,25
202324,statale,SCUOLA PRIMARIA,AG,972,8538,7956,16494
202324,statale,SCUOLA PRIMARIA,AL,822,7128,6690,13818
202324,statale,SCUOLA PRIMARIA,AN,992,9322,8780,18102
202324,statale,SCUOLA PRIMARIA,AP,794,7230,6754,13984
202324,statale,SCUOLA PRIMARIA,AQ,632,5505,5085,10590
202324,statale,SCUOLA PRIMARIA,AR,674,6479,5896,12375
202324,statale,SCUOLA PRIMARIA,AT,439,4037,3892,7929
202324,statale,SCUOLA PRIMARIA,AV,1014,7403,7101,14504
202324,statale,SCUOLA PRIMARIA,BA,3512,32922,30726,63648
202324,statale,SCUOLA PRIMARIA,BG,2316,22898,21337,44235
202324,statale,SCUOLA PRIMARIA,BI,345,2821,2584,5405
202324,statale,SCUOLA PRIMARIA,BL,421,3398,3153,6551
202324,statale,SCUOLA PRIMARIA,BN,653,5006,4678,9684
202324,statale,SCUOLA PRIMARIA,BO,1851,19341,18436,37777
202324,statale,SCUOLA PRIMARIA,BR,829,7474,7100,14574
202324,statale,SCUOLA PRIMARIA,BS,2641,26207,25087,51294
202324,statale,SCUOLA PRIMARIA,CA,1533,12500,11626,24126
202324,statale,SCUOLA PRIMARIA,CB,496,3840,3523,7363
202324,statale,SCUOLA PRIMARIA,CE,2345,19018,18206,37224
202324,statale,SCUOLA PRIMARIA,CH,867,7433,6938,14371
202324,statale,SCUOLA PRIMARIA,CL,599,5142,4898,10040
202324,statale,SCUOLA PRIMARIA,CN,1460,12729,12060,24789
202324,statale,SCUOLA PRIMARIA,CO,1221,11712,11075,22787
202324,statale,SCUOLA PRIMARIA,CR,715,6970,6563,13533
202324,statale,SCUOLA PRIMARIA,CS,1822,13714,13232,26946
202324,statale,SCUOLA PRIMARIA,CT,2629,25082,23555,48637
202324,statale,SCUOLA PRIMARIA,CZ,887,7286,6871,14157
202324,statale,SCUOLA PRIMARIA,EN,391,2985,2898,5883
202324,statale,SCUOLA PRIMARIA,FE,604,5779,5577,11356
202324,statale,SCUOLA PRIMARIA,FG,1469,13064,12291,25355
202324,statale,SCUOLA PRIMARIA,FI,1717,17997,16790,34787
202324,statale,SCUOLA PRIMARIA,FO,825,8067,7619,15686
202324,statale,SCUOLA PRIMARIA,FR,1197,9416,9015,18431
202324,statale,SCUOLA PRIMARIA,GE,1417,13528,12484,26012
202324,statale,SCUOLA PRIMARIA,GO,284,2623,2397,5020
202324,statale,SCUOLA PRIMARIA,GR,420,3670,3496,7166
202324,statale,SCUOLA PRIMARIA,IM,404,3727,3424,7151
202324,statale,SCUOLA PRIMARIA,IS,210,1468,1373,2841
202324,statale,SCUOLA PRIMARIA,KR,455,3764,3456,7220
202324,statale,SCUOLA PRIMARIA,LC,654,6257,6043,12300
202324,statale,SCUOLA PRIMARIA,LE,1587,14625,13861,28486
202324,statale,SCUOLA PRIMARIA,LI,576,5723,5509,11232
202324,statale,SCUOLA PRIMARIA,LO,514,4850,4537,9387
202324,statale,SCUOLA PRIMARIA,LT,1300,12021,11285,23306
202324,statale,SCUOLA PRIMARIA,LU,792,7040,6577,13617
202324,statale,SCUOLA PRIMARIA,MB,1671,17507,16454,33961
202324,statale,SCUOLA PRIMARIA,MC,690,6035,5857,11892
202324,statale,SCUOLA PRIMARIA,ME,1570,11610,11068,22678
202324,statale,SCUOLA PRIMARIA,MI,5954,61650,57655,119305
202324,statale,SCUOLA PRIMARIA,MN,880,8668,8064,16732
202324,statale,SCUOLA PRIMARIA,MO,1398,14598,13538,28136
202324,statale,SCUOLA PRIMARIA,MS,365,3085,2870,5955
202324,statale,SCUOLA PRIMARIA,MT,433,3712,3500,7212
202324,statale,SCUOLA PRIMARIA,NA,7016,63786,60020,123806
202324,statale,SCUOLA PRIMARIA,NO,754,7127,6735,13862
202324,statale,SCUOLA PRIMARIA,NU,470,3639,3454,7093
202324,statale,SCUOLA PRIMARIA,OR,315,2432,2242,4674
202324,statale,SCUOLA PRIMARIA,PA,3027,26705,25281,51986
202324,statale,SCUOLA PRIMARIA,PC,601,5972,5575,11547
202324,statale,SCUOLA PRIMARIA,PD,1830,17995,17052,35047
202324,statale,SCUOLA PRIMARIA,PE,675,6394,6017,12411
202324,statale,SCUOLA PRIMARIA,PG,1465,12838,12075,24913
202324,statale,SCUOLA PRIMARIA,PI,836,8341,8021,16362
202324,statale,SCUOLA PRIMARIA,PN,690,6377,5999,12376
202324,statale,SCUOLA PRIMARIA,PO,473,4968,4625,9593
202324,statale,SCUOLA PRIMARIA,PR,881,9210,8531,17741
202324,statale,SCUOLA PRIMARIA,PS,783,7172,6638,13810
202324,statale,SCUOLA PRIMARIA,PT,582,5721,5308,11029
202324,statale,SCUOLA PRIMARIA,PV,1044,10477,9784,20261
202324,statale,SCUOLA PRIMARIA,PZ,832,6328,5921,12249
202324,statale,SCUOLA PRIMARIA,RA,690,7410,6996,14406
202324,statale,SCUOLA PRIMARIA,RC,1411,11297,10390,21687
202324,statale,SCUOLA PRIMARIA,RE,1111,11235,10498,21733
202324,statale,SCUOLA PRIMARIA,RG,729,7221,6748,13969
202324,statale,SCUOLA PRIMARIA,RI,370,2709,2506,5215
202324,statale,SCUOLA PRIMARIA,RM,8082,79908,74873,154781
202324,statale,SCUOLA PRIMARIA,RN,639,6546,6141,12687
202324,statale,SCUOLA PRIMARIA,RO,458,3959,3814,7773
202324,statale,SCUOLA PRIMARIA,SA,2584,22261,20737,42998
202324,statale,SCUOLA PRIMARIA,SI,531,5056,4803,9859
202324,statale,SCUOLA PRIMARIA,SO,426,3898,3589,7487
202324,statale,SCUOLA PRIMARIA,SP,414,3898,3552,7450
202324,statale,SCUOLA PRIMARIA,SR,879,8238,7750,15988
202324,statale,SCUOLA PRIMARIA,SS,986,8693,8038,16731
202324,statale,SCUOLA PRIMARIA,SV,496,4578,4140,8718
202324,statale,SCUOLA PRIMARIA,TA,1246,11228,10728,21956
202324,statale,SCUOLA PRIMARIA,TE,675,6144,5800,11944
202324,statale,SCUOLA PRIMARIA,TO,4192,40651,38256,78907
202324,statale,SCUOLA PRIMARIA,TP,1009,8459,8138,16597
202324,statale,SCUOLA PRIMARIA,TR,465,3842,3653,7495
202324,statale,SCUOLA PRIMARIA,TS,444,3700,3421,7121
202324,statale,SCUOLA PRIMARIA,TV,1912,17960,16933,34893
202324,statale,SCUOLA PRIMARIA,UD,1129,9033,8567,17600
202324,statale,SCUOLA PRIMARIA,VA,1727,17336,16473,33809
202324,statale,SCUOLA PRIMARIA,VB,358,2612,2572,5184
202324,statale,SCUOLA PRIMARIA,VC,365,3045,2879,5924
202324,statale,SCUOLA PRIMARIA,VE,1602,15617,14357,29974
202324,statale,SCUOLA PRIMARIA,VI,1853,17338,16606,33944
202324,statale,SCUOLA PRIMARIA,VR,2032,19334,18201,37535
202324,statale,SCUOLA PRIMARIA,VT,622,5567,5337,10904
202324,statale,SCUOLA PRIMARIA,VV,440,3049,2911,5960
202324,statale,SCUOLA SECONDARIA I GRADO,AG,623,5863,5428,11291
202324,statale,SCUOLA SECONDARIA I GRADO,AL,478,4999,4631,9630
202324,statale,SCUOLA SECONDARIA I GRADO,AN,595,6583,6218,12801
202324,statale,SCUOLA SECONDARIA I GRADO,AP,472,4885,4667,9552
202324,statale,SCUOLA SECONDARIA I GRADO,AQ,391,3824,3686,7510
202324,statale,SCUOLA SECONDARIA I GRADO,AR,427,4456,4257,8713
202324,statale,SCUOLA SECONDARIA I GRADO,AT,240,2745,2475,5220
202324,statale,SCUOLA SECONDARIA I GRADO,AV,659,5034,4751,9785
202324,statale,SCUOLA SECONDARIA I GRADO,BA,2119,22344,21084,43428
202324,statale,SCUOLA SECONDARIA I GRADO,BG,1437,15689,14689,30378
202324,statale,SCUOLA SECONDARIA I GRADO,BI,206,1953,1949,3902
202324,statale,SCUOLA SECONDARIA I GRADO,BL,272,2477,2263,4740
202324,statale,SCUOLA SECONDARIA I GRADO,BN,398,3393,3142,6535
202324,statale,SCUOLA SECONDARIA I GRADO,BO,1116,12699,11795,24494
202324,statale,SCUOLA SECONDARIA I GRADO,BR,508,5142,4853,9995
202324,statale,SCUOLA SECONDARIA I GRADO,BS,1647,18029,16810,34839
202324,statale,SCUOLA SECONDARIA I GRADO,CA,1037,9182,8413,17595
202324,statale,SCUOLA SECONDARIA I GRADO,CB,306,2628,2451,5079
202324,statale,SCUOLA SECONDARIA I GRADO,CE,1598,13919,13142,27061
202324,statale,SCUOLA SECONDARIA I GRADO,CH,526,5132,4745,9877
202324,statale,SCUOLA SECONDARIA I GRADO,CL,390,3640,3451,7091
202324,statale,SCUOLA SECONDARIA I GRADO,CN,826,8589,7719,16308
202324,statale,SCUOLA SECONDARIA I GRADO,CO,714,7889,7256,15145
202324,statale,SCUOLA SECONDARIA I GRADO,CR,428,4876,4306,9182
202324,statale,SCUOLA SECONDARIA I GRADO,CS,1049,8813,8310,17123
202324,statale,SCUOLA SECONDARIA I GRADO,CT,1630,16229,15429,31658
202324,statale,SCUOLA SECONDARIA I GRADO,CZ,544,4685,4354,9039
202324,statale,SCUOLA SECONDARIA I GRADO,EN,241,2057,1928,3985
202324,statale,SCUOLA SECONDARIA I GRADO,FE,368,4173,3932,8105
202324,statale,SCUOLA SECONDARIA I GRADO,FG,947,9118,8617,17735
202324,statale,SCUOLA SECONDARIA I GRADO,FI,1124,12958,12045,25003
202324,statale,SCUOLA SECONDARIA I GRADO,FO,499,5729,5183,10912
202324,statale,SCUOLA SECONDARIA I GRADO,FR,642,6295,6022,12317
202324,statale,SCUOLA SECONDARIA I GRADO,GE,889,9719,9111,18830
202324,statale,SCUOLA SECONDARIA I GRADO,GO,179,1903,1694,3597
202324,statale,SCUOLA SECONDARIA I GRADO,GR,268,2679,2503,5182
202324,statale,SCUOLA SECONDARIA I GRADO,IM,239,2654,2349,5003
202324,statale,SCUOLA SECONDARIA I GRADO,IS,111,872,882,1754
202324,statale,SCUOLA SECONDARIA I GRADO,KR,282,2496,2389,4885
202324,statale,SCUOLA SECONDARIA I GRADO,LC,393,4335,4041,8376
202324,statale,SCUOLA SECONDARIA I GRADO,LE,1015,10374,9633,20007
202324,statale,SCUOLA SECONDARIA I GRADO,LI,392,4213,4083,8296
202324,statale,SCUOLA SECONDARIA I GRADO,LO,320,3212,2987,6199
202324,statale,SCUOLA SECONDARIA I GRADO,LT,804,8364,7786,16150
202324,statale,SCUOLA SECONDARIA I GRADO,LU,461,5019,4871,9890
202324,statale,SCUOLA SECONDARIA I GRADO,MB,1099,11705,11263,22968
202324,statale,SCUOLA SECONDARIA I GRADO,MC,403,4151,3889,8040
202324,statale,SCUOLA SECONDARIA I GRADO,ME,897,7805,7453,15258
202324,statale,SCUOLA SECONDARIA I GRADO,MI,3803,40973,37581,78554
202324,statale,SCUOLA SECONDARIA I GRADO,MN,538,6056,5497,11553
202324,statale,SCUOLA SECONDARIA I GRADO,MO,890,10314,9611,19925
202324,statale,SCUOLA SECONDARIA I GRADO,MS,238,2256,2219,4475
202324,statale,SCUOLA SECONDARIA I GRADO,MT,287,2521,2397,4918
202324,statale,SCUOLA SECONDARIA I GRADO,NA,5072,48470,45320,93790
202324,statale,SCUOLA SECONDARIA I GRADO,NO,445,4850,4465,9315
202324,statale,SCUOLA SECONDARIA I GRADO,NU,325,2632,2400,5032
202324,statale,SCUOLA SECONDARIA I GRADO,OR,216,1672,1568,3240
202324,statale,SCUOLA SECONDARIA I GRADO,PA,1964,18142,17140,35282
202324,statale,SCUOLA SECONDARIA I GRADO,PC,370,3977,3625,7602
202324,statale,SCUOLA SECONDARIA I GRADO,PD,1180,12793,11977,24770
202324,statale,SCUOLA SECONDARIA I GRADO,PE,428,4465,4099,8564
202324,statale,SCUOLA SECONDARIA I GRADO,PG,833,8889,8498,17387
202324,statale,SCUOLA SECONDARIA I GRADO,PI,535,5860,5544,11404
202324,statale,SCUOLA SECONDARIA I GRADO,PN,395,4178,3883,8061
202324,statale,SCUOLA SECONDARIA I GRADO,PO,343,3961,3655,7616
202324,statale,SCUOLA SECONDARIA I GRADO,PR,516,6017,5497,11514
202324,statale,SCUOLA SECONDARIA I GRADO,PS,469,5042,4787,9829
202324,statale,SCUOLA SECONDARIA I GRADO,PT,362,4081,3748,7829
202324,statale,SCUOLA SECONDARIA I GRADO,PV,630,6981,6562,13543
202324,statale,SCUOLA SECONDARIA I GRADO,PZ,531,4389,3936,8325
202324,statale,SCUOLA SECONDARIA I GRADO,RA,435,5280,4797,10077
202324,statale,SCUOLA SECONDARIA I GRADO,RC,801,7473,6992,14465
202324,statale,SCUOLA SECONDARIA I GRADO,RE,685,7800,7326,15126
202324,statale,SCUOLA SECONDARIA I GRADO,RG,430,4948,4511,9459
202324,statale,SCUOLA SECONDARIA I GRADO,RI,207,1811,1722,3533
202324,statale,SCUOLA SECONDARIA I GRADO,RM,5234,57240,53697,110937
202324,statale,SCUOLA SECONDARIA I GRADO,RN,411,4657,4495,9152
202324,statale,SCUOLA SECONDARIA I GRADO,RO,295,2949,2684,5633
202324,statale,SCUOLA SECONDARIA I GRADO,SA,1583,15111,14171,29282
202324,statale,SCUOLA SECONDARIA I GRADO,SI,329,3550,3415,6965
202324,statale,SCUOLA SECONDARIA I GRADO,SO,239,2620,2326,4946
202324,statale,SCUOLA SECONDARIA I GRADO,SP,250,2685,2642,5327
202324,statale,SCUOLA SECONDARIA I GRADO,SR,575,5645,5080,10725
202324,statale,SCUOLA SECONDARIA I GRADO,SS,678,6187,5796,11983
202324,statale,SCUOLA SECONDARIA I GRADO,SV,297,3218,3023,6241
202324,statale,SCUOLA SECONDARIA I GRADO,TA,791,7991,7479,15470
202324,statale,SCUOLA SECONDARIA I GRADO,TE,402,3973,3737,7710
202324,statale,SCUOLA SECONDARIA I GRADO,TO,2690,28083,26150,54233
202324,statale,SCUOLA SECONDARIA I GRADO,TP,567,5410,5344,10754
202324,statale,SCUOLA SECONDARIA I GRADO,TR,277,2754,2644,5398
202324,statale,SCUOLA SECONDARIA I GRADO,TS,282,2816,2598,5414
202324,statale,SCUOLA SECONDARIA I GRADO,TV,1138,12490,11457,23947
202324,statale,SCUOLA SECONDARIA I GRADO,UD,643,6218,5929,12147
202324,statale,SCUOLA SECONDARIA I GRADO,VA,1057,11530,10861,22391
202324,statale,SCUOLA SECONDARIA I GRADO,VB,206,1869,1847,3716
202324,statale,SCUOLA SECONDARIA I GRADO,VC,216,2213,2001,4214
202324,statale,SCUOLA SECONDARIA I GRADO,VE,1021,10922,10300,21222
202324,statale,SCUOLA SECONDARIA I GRADO,VI,1174,12167,11597,23764
202324,statale,SCUOLA SECONDARIA I GRADO,VR,1166,12643,11815,24458
202324,statale,SCUOLA SECONDARIA I GRADO,VT,387,3896,3654,7550
202324,statale,SCUOLA SECONDARIA I GRADO,VV,266,2094,1939,4033
202324,statale,SCUOLA SECONDARIA II GRADO,AG,1051,9973,9449,19422
202324,statale,SCUOLA SECONDARIA II GRADO,AL,745,7588,7764,15352
202324,statale,SCUOLA SECONDARIA II GRADO,AN,1095,11463,10620,22083
202324,statale,SCUOLA SECONDARIA II GRADO,AP,814,8743,7908,16651
202324,statale,SCUOLA SECONDARIA II GRADO,AQ,643,6338,5739,12077
202324,statale,SCUOLA SECONDARIA II GRADO,AR,803,8170,8183,16353
202324,statale,SCUOLA SECONDARIA II GRADO,AT,367,3901,3397,7298
202324,statale,SCUOLA SECONDARIA II GRADO,AV,1005,8680,7814,16494
202324,statale,SCUOLA SECONDARIA II GRADO,BA,3899,39012,37337,76349
202324,statale,SCUOLA SECONDARIA II GRADO,BG,2042,21440,22508,43948
202324,statale,SCUOLA SECONDARIA II GRADO,BI,342,3070,3168,6238
202324,statale,SCUOLA SECONDARIA II GRADO,BL,425,3958,3509,7467
202324,statale,SCUOLA SECONDARIA II GRADO,BN,738,6712,6244,12956
202324,statale,SCUOLA SECONDARIA II GRADO,BO,1796,20032,19433,39465
202324,statale,SCUOLA SECONDARIA II GRADO,BR,891,9237,8188,17425
202324,statale,SCUOLA SECONDARIA II GRADO,BS,2388,23498,24826,48324
202324,statale,SCUOLA SECONDARIA II GRADO,CA,1808,15745,15077,30822
202324,statale,SCUOLA SECONDARIA II GRADO,CB,559,5032,4439,9471
202324,statale,SCUOLA SECONDARIA II GRADO,CE,2526,25039,24388,49427
202324,statale,SCUOLA SECONDARIA II GRADO,CH,814,8111,7575,15686
202324,statale,SCUOLA SECONDARIA II GRADO,CL,725,6756,6138,12894
202324,statale,SCUOLA SECONDARIA II GRADO,CN,1259,12214,12709,24923
202324,statale,SCUOLA SECONDARIA II GRADO,CO,853,8829,9094,17923
202324,statale,SCUOLA SECONDARIA II GRADO,CR,742,7891,7724,15615
202324,statale,SCUOLA SECONDARIA II GRADO,CS,1790,16259,14905,31164
202324,statale,SCUOLA SECONDARIA II GRADO,CT,2513,25768,24389,50157
202324,statale,SCUOLA SECONDARIA II GRADO,CZ,901,8232,7414,15646
202324,statale,SCUOLA SECONDARIA II GRADO,EN,440,3545,3345,6890
202324,statale,SCUOLA SECONDARIA II GRADO,FE,741,8203,7665,15868
202324,statale,SCUOLA SECONDARIA II GRADO,FG,1686,16040,15568,31608
202324,statale,SCUOLA SECONDARIA II GRADO,FI,2047,21227,20436,41663
202324,statale,SCUOLA SECONDARIA II GRADO,FO,856,9715,9609,19324
202324,statale,SCUOLA SECONDARIA II GRADO,FR,1140,11305,10454,21759
202324,statale,SCUOLA SECONDARIA II GRADO,GE,1557,16498,15402,31900
202324,statale,SCUOLA SECONDARIA II GRADO,GO,321,2935,2792,5727
202324,statale,SCUOLA SECONDARIA II GRADO,GR,509,4968,4632,9600
202324,statale,SCUOLA SECONDARIA II GRADO,IM,409,3987,4009,7996
202324,statale,SCUOLA SECONDARIA II GRADO,IS,171,1498,1431,2929
202324,statale,SCUOLA SECONDARIA II GRADO,KR,482,4266,4016,8282
202324,statale,SCUOLA SECONDARIA II GRADO,LC,609,6511,6533,13044
202324,statale,SCUOLA SECONDARIA II GRADO,LE,1876,18448,17677,36125
202324,statale,SCUOLA SECONDARIA II GRADO,LI,692,7543,6927,14470
202324,statale,SCUOLA SECONDARIA II GRADO,LO,516,5256,4637,9893
202324,statale,SCUOLA SECONDARIA II GRADO,LT,1409,12838,12238,25076
202324,statale,SCUOLA SECONDARIA II GRADO,LU,849,8586,8245,16831
202324,statale,SCUOLA SECONDARIA II GRADO,MB,1439,15583,15508,31091
202324,statale,SCUOLA SECONDARIA II GRADO,MC,731,7354,7331,14685
202324,statale,SCUOLA SECONDARIA II GRADO,ME,1462,13421,12430,25851
202324,statale,SCUOLA SECONDARIA II GRADO,MI,5425,56050,57276,113326
202324,statale,SCUOLA SECONDARIA II GRADO,MN,755,7310,7717,15027
202324,statale,SCUOLA SECONDARIA II GRADO,MO,1591,17910,17395,35305
202324,statale,SCUOLA SECONDARIA II GRADO,MS,451,4248,3928,8176
202324,statale,SCUOLA SECONDARIA II GRADO,MT,568,5384,4787,10171
202324,statale,SCUOLA SECONDARIA II GRADO,NA,7854,80386,77059,157445
202324,statale,SCUOLA SECONDARIA II GRADO,NO,739,7192,7055,14247
202324,statale,SCUOLA SECONDARIA II GRADO,NU,579,4659,4325,8984
202324,statale,SCUOLA SECONDARIA II GRADO,OR,352,3264,2810,6074
202324,statale,SCUOLA SECONDARIA II GRADO,PA,2809,27051,25431,52482
202324,statale,SCUOLA SECONDARIA II GRADO,PC,558,5975,6216,12191
202324,statale,SCUOLA SECONDARIA II GRADO,PD,1765,18767,18685,37452
202324,statale,SCUOLA SECONDARIA II GRADO,PE,769,7705,7680,15385
202324,statale,SCUOLA SECONDARIA II GRADO,PG,1505,15729,14093,29822
202324,statale,SCUOLA SECONDARIA II GRADO,PI,861,9178,8562,17740
202324,statale,SCUOLA SECONDARIA II GRADO,PN,654,6754,6575,13329
202324,statale,SCUOLA SECONDARIA II GRADO,PO,612,6747,5894,12641
202324,statale,SCUOLA SECONDARIA II GRADO,PR,935,10415,10206,20621
202324,statale,SCUOLA SECONDARIA II GRADO,PS,796,8176,8444,16620
202324,statale,SCUOLA SECONDARIA II GRADO,PT,692,7030,6644,13674
202324,statale,SCUOLA SECONDARIA II GRADO,PV,968,10035,9334,19369
202324,statale,SCUOLA SECONDARIA II GRADO,PZ,957,8494,7609,16103
202324,statale,SCUOLA SECONDARIA II GRADO,RA,758,8479,8000,16479
202324,statale,SCUOLA SECONDARIA II GRADO,RC,1473,14032,13152,27184
202324,statale,SCUOLA SECONDARIA II GRADO,RE,1047,11620,10824,22444
202324,statale,SCUOLA SECONDARIA II GRADO,RG,770,7583,7285,14868
202324,statale,SCUOLA SECONDARIA II GRADO,RI,402,3654,3063,6717
202324,statale,SCUOLA SECONDARIA II GRADO,RM,8240,90704,86714,177418
202324,statale,SCUOLA SECONDARIA II GRADO,RN,707,7686,7265,14951
202324,statale,SCUOLA SECONDARIA II GRADO,RO,455,4290,4106,8396
202324,statale,SCUOLA SECONDARIA II GRADO,SA,2607,26882,25193,52075
202324,statale,SCUOLA SECONDARIA II GRADO,SI,621,6559,5736,12295
202324,statale,SCUOLA SECONDARIA II GRADO,SO,383,3780,3805,7585
202324,statale,SCUOLA SECONDARIA II GRADO,SP,436,4547,4156,8703
202324,statale,SCUOLA SECONDARIA II GRADO,SR,1052,9414,8301,17715
202324,statale,SCUOLA SECONDARIA II GRADO,SS,1188,11049,10398,21447
202324,statale,SCUOLA SECONDARIA II GRADO,SV,542,5531,5431,10962
202324,statale,SCUOLA SECONDARIA II GRADO,TA,1445,13258,13468,26726
202324,statale,SCUOLA SECONDARIA II GRADO,TE,633,5907,5770,11677
202324,statale,SCUOLA SECONDARIA II GRADO,TO,4465,45474,44424,89898
202324,statale,SCUOLA SECONDARIA II GRADO,TP,1028,10567,9624,20191
202324,statale,SCUOLA SECONDARIA II GRADO,TR,502,4932,4587,9519
202324,statale,SCUOLA SECONDARIA II GRADO,TS,478,4260,4259,8519
202324,statale,SCUOLA SECONDARIA II GRADO,TV,1826,19184,18958,38142
202324,statale,SCUOLA SECONDARIA II GRADO,UD,1159,10120,10462,20582
202324,statale,SCUOLA SECONDARIA II GRADO,VA,1719,19211,18937,38148
202324,statale,SCUOLA SECONDARIA II GRADO,VB,385,3589,3375,6964
202324,statale,SCUOLA SECONDARIA II GRADO,VC,395,3653,3343,6996
202324,statale,SCUOLA SECONDARIA II GRADO,VE,1521,16436,15492,31928
202324,statale,SCUOLA SECONDARIA II GRADO,VI,1827,19655,19800,39455
202324,statale,SCUOLA SECONDARIA II GRADO,VR,1593,17125,18407,35532
202324,statale,SCUOLA SECONDARIA II GRADO,VT,648,6678,6369,13047
202324,statale,SCUOLA SECONDARIA II GRADO,VV,454,4093,3765,7858
202425,paritaria,SCUOLA PRIMARIA,AG,10,84,81,165
202425,paritaria,SCUOLA PRIMARIA,AL,47,435,448,883
202425,paritaria,SCUOLA PRIMARIA,AN,11,41,57,98
202425,paritaria,SCUOLA PRIMARIA,AP,29,253,188,441
202425,paritaria,SCUOLA PRIMARIA,AQ,35,309,270,579
202425,paritaria,SCUOLA PRIMARIA,AR,25,166,167,333
202425,paritaria,SCUOLA PRIMARIA,AT,15,140,144,284
202425,paritaria,SCUOLA PRIMARIA,AV,34,231,202,433
202425,paritaria,SCUOLA PRIMARIA,BA,63,563,582,1145
202425,paritaria,SCUOLA PRIMARIA,BG,254,2548,2468,5016
202425,paritaria,SCUOLA PRIMARIA,BI,5,61,44,105
202425,paritaria,SCUOLA PRIMARIA,BL,15,174,162,336
202425,paritaria,SCUOLA PRIMARIA,BN,26,186,187,373
202425,paritaria,SCUOLA PRIMARIA,BO,143,1448,1364,2812
202425,paritaria,SCUOLA PRIMARIA,BR,9,45,60,105
202425,paritaria,SCUOLA PRIMARIA,BS,203,1999,1956,3955
202425,paritaria,SCUOLA PRIMARIA,BT,14,132,157,289
202425,paritaria,SCUOLA PRIMARIA,CA,81,729,654,1383
202425,paritaria,SCUOLA PRIMARIA,CB,9,66,54,120
202425,paritaria,SCUOLA PRIMARIA,CE,289,2350,2150,4500
202425,paritaria,SCUOLA PRIMARIA,CH,9,70,56,126
202425,paritaria,SCUOLA PRIMARIA,CL,19,161,141,302
202425,paritaria,SCUOLA PRIMARIA,CN,22,184,158,342
202425,paritaria,SCUOLA PRIMARIA,CO,105,1043,946,1989
202425,paritaria,SCUOLA PRIMARIA,CR,43,439,392,831
202425,paritaria,SCUOLA PRIMARIA,CS,34,295,259,554
202425,paritaria,SCUOLA PRIMARIA,CT,115,994,935,1929
202425,paritaria,SCUOLA PRIMARIA,CZ,18,119,117,236
202425,paritaria,SCUOLA PRIMARIA,FE,28,271,247,518
202425,paritaria,SCUOLA PRIMARIA,FG,75,624,541,1165
202425,paritaria,SCUOLA PRIMARIA,FI,205,1947,1846,3793
202425,paritaria,SCUOLA PRIMARIA,FO,34,338,284,622
202425,paritaria,SCUOLA PRIMARIA,FR,29,216,186,402
202425,paritaria,SCUOLA PRIMARIA,GE,168,1576,1565,3141
202425,paritaria,SCUOLA PRIMARIA,GO,16,85,84,169
202425,paritaria,SCUOLA PRIMARIA,GR,12,101,77,178
202425,paritaria,SCUOLA PRIMARIA,IM,20,196,208,404
202425,paritaria,SCUOLA PRIMARIA,KR,6,46,49,95
202425,paritaria,SCUOLA PRIMARIA,LC,71,712,702,1414
202425,paritaria,SCUOLA PRIMARIA,LE,39,351,302,653
202425,paritaria,SCUOLA PRIMARIA,LI,39,389,395,784
202425,paritaria,SCUOLA PRIMARIA,LO,36,359,376,735
202425,paritaria,SCUOLA PRIMARIA,LT,48,416,426,842
202425,paritaria,SCUOLA PRIMARIA,LU,35,272,313,585
202425,paritaria,SCUOLA PRIMARIA,MB,209,2139,2020,4159
202425,paritaria,SCUOLA PRIMARIA,MC,10,93,86,179
202425,paritaria,SCUOLA PRIMARIA,ME,39,293,307,600
202425,paritaria,SCUOLA PRIMARIA,MI,807,8149,7856,16005
202425,paritaria,SCUOLA PRIMARIA,MN,25,202,144,346
202425,paritaria,SCUOLA PRIMARIA,MO,101,888,894,1782
202425,paritaria,SCUOLA PRIMARIA,MS,22,193,174,367
202425,paritaria,SCUOLA PRIMARIA,MT,5,54,39,93
202425,paritaria,SCUOLA PRIMARIA,NA,1220,9392,8835,18227
202425,paritaria,SCUOLA PRIMARIA,NO,57,624,612,1236
202425,paritaria,SCUOLA PRIMARIA,OR,5,39,29,68
202425,paritaria,SCUOLA PRIMARIA,PA,172,1547,1496,3043
202425,paritaria,SCUOLA PRIMARIA,PC,15,144,107,251
202425,paritaria,SCUOLA PRIMARIA,PD,114,1104,1033,2137
202425,paritaria,SCUOLA PRIMARIA,PE,29,292,268,560
202425,paritaria,SCUOLA PRIMARIA,PG,34,275,291,566
202425,paritaria,SCUOLA PRIMARIA,PI,19,182,152,334
202425,paritaria,SCUOLA PRIMARIA,PN,20,164,199,363
202425,paritaria,SCUOLA PRIMARIA,PO,63,676,585,1261
202425,paritaria,SCUOLA PRIMARIA,PR,69,697,650,1347
202425,paritaria,SCUOLA PRIMARIA,PS,22,210,202,412
202425,paritaria,SCUOLA PRIMARIA,PT,21,204,172,376
202425,paritaria,SCUOLA PRIMARIA,PV,59,565,531,1096
202425,paritaria,SCUOLA PRIMARIA,PZ,5,39,32,71
202425,paritaria,SCUOLA PRIMARIA,RA,42,433,412,845
202425,paritaria,SCUOLA PRIMARIA,RC,37,290,289,579
202425,paritaria,SCUOLA PRIMARIA,RE,69,642,650,1292
202425,paritaria,SCUOLA PRIMARIA,RG,26,217,209,426
202425,paritaria,SCUOLA PRIMARIA,RM,1130,10095,9949,20044
202425,paritaria,SCUOLA PRIMARIA,RN,73,700,630,1330
202425,paritaria,SCUOLA PRIMARIA,RO,15,145,148,293
202425,paritaria,SCUOLA PRIMARIA,SA,110,847,772,1619
202425,paritaria,SCUOLA PRIMARIA,SI,15,117,103,220
202425,paritaria,SCUOLA PRIMARIA,SO,5,34,30,64
202425,paritaria,SCUOLA PRIMARIA,SP,24,284,215,499
202425,paritaria,SCUOLA PRIMARIA,SR,19,158,127,285
202425,paritaria,SCUOLA PRIMARIA,SS,11,78,78,156
202425,paritaria,SCUOLA PRIMARIA,SV,27,222,228,450
202425,paritaria,SCUOLA PRIMARIA,TA,21,184,190,374
202425,paritaria,SCUOLA PRIMARIA,TE,4,11,24,35
202425,paritaria,SCUOLA PRIMARIA,TO,355,3606,3397,7003
202425,paritaria,SCUOLA PRIMARIA,TP,1,11,0,11
202425,paritaria,SCUOLA PRIMARIA,TR,5,28,29,57
202425,paritaria,SCUOLA PRIMARIA,TS,35,334,299,633
202425,paritaria,SCUOLA PRIMARIA,TV,138,1386,1370,2756
202425,paritaria,SCUOLA PRIMARIA,UD,62,534,545,1079
202425,paritaria,SCUOLA PRIMARIA,VA,207,1939,1821,3760
202425,paritaria,SCUOLA PRIMARIA,VB,10,106,84,190
202425,paritaria,SCUOLA PRIMARIA,VC,10,102,110,212
202425,paritaria,SCUOLA PRIMARIA,VE,81,756,763,1519
202425,paritaria,SCUOLA PRIMARIA,VI,81,778,742,1520
202425,paritaria,SCUOLA PRIMARIA,VR,142,1368,1346,2714
202425,paritaria,SCUOLA PRIMARIA,VT,34,271,280,551
202425,paritaria,SCUOLA PRIMARIA,VV,5,59,53,112
202425,paritaria,SCUOLA SECONDARIA I GRADO,AL,24,249,239,488
202425,paritaria,SCUOLA SECONDARIA I GRADO,AP,9,65,52,117
202425,paritaria,SCUOLA SECONDARIA I GRADO,AQ,3,15,20,35
202425,paritaria,SCUOLA SECONDARIA I GRADO,AR,2,15,5,20
202425,paritaria,SCUOLA SECONDARIA I GRADO,AT,6,38,57,95
202425,paritaria,SCUOLA SECONDARIA I GRADO,BA,16,157,147,304
202425,paritaria,SCUOLA SECONDARIA I GRADO,BG,170,1936,1720,3656
202425,paritaria,SCUOLA SECONDARIA I GRADO,BI,3,38,26,64
202425,paritaria,SCUOLA SECONDARIA I GRADO,BL,12,134,120,254
202425,paritaria,SCUOLA SECONDARIA I GRADO,BN,6,74,61,135
202425,paritaria,SCUOLA SECONDARIA I GRADO,BO,94,1066,968,2034
202425,paritaria,SCUOLA SECONDARIA I GRADO,BS,129,1531,1358,2889
202425,paritaria,SCUOLA SECONDARIA I GRADO,CA,28,294,269,563
202425,paritaria,SCUOLA SECONDARIA I GRADO,CE,11,74,73,147
202425,paritaria,SCUOLA SECONDARIA I GRADO,CN,19,180,139,319
202425,paritaria,SCUOLA SECONDARIA I GRADO,CO,69,735,689,1424
202425,paritaria,SCUOLA SECONDARIA I GRADO,CR,19,218,201,419
202425,paritaria,SCUOLA SECONDARIA I GRADO,CS,13,78,74,152
202425,paritaria,SCUOLA SECONDARIA I GRADO,CT,35,283,287,570
202425,paritaria,SCUOLA SECONDARIA I GRADO,CZ,8,49,50,99
202425,paritaria,SCUOLA SECONDARIA I GRADO,FE,16,157,158,315
202425,paritaria,SCUOLA SECONDARIA I GRADO,FG,8,66,64,130
202425,paritaria,SCUOLA SECONDARIA I GRADO,FI,72,727,642,1369
202425,paritaria,SCUOLA SECONDARIA I GRADO,FO,16,186,162,348
202425,paritaria,SCUOLA SECONDARIA I GRADO,FR,11,91,81,172
202425,paritaria,SCUOLA SECONDARIA I GRADO,GE,52,590,500,1090
202425,paritaria,SCUOLA SECONDARIA I GRADO,GO,3,12,6,18
202425,paritaria,SCUOLA SECONDARIA I GRADO,GR,3,34,23,57
202425,paritaria,SCUOLA SECONDARIA I GRADO,IM,3,22,21,43
202425,paritaria,SCUOLA SECONDARIA I GRADO,IS,3,2,3,5
202425,paritaria,SCUOLA SECONDARIA I GRADO,KR,3,27,13,40
202425,paritaria,SCUOLA SECONDARIA I GRADO,LC,46,550,451,1001
202425,paritaria,SCUOLA SECONDARIA I GRADO,LE,12,112,90,202
202425,paritaria,SCUOLA SECONDARIA I GRADO,LI,6,70,58,128
202425,paritaria,SCUOLA SECONDARIA I GRADO,LO,15,177,152,329
202425,paritaria,SCUOLA SECONDARIA I GRADO,LT,7,111,38,149
202425,paritaria,SCUOLA SECONDARIA I GRADO,LU,7,78,55,133
202425,paritaria,SCUOLA SECONDARIA I GRADO,MB,126,1405,1366,2771
202425,paritaria,SCUOLA SECONDARIA I GRADO,MC,5,45,38,83
202425,paritaria,SCUOLA SECONDARIA I GRADO,ME,11,69,66,135
202425,paritaria,SCUOLA SECONDARIA I GRADO,MI,470,5396,4954,10350
202425,paritaria,SCUOLA SECONDARIA I GRADO,MN,10,110,102,212
202425,paritaria,SCUOLA SECONDARIA I GRADO,MO,35,352,352,704
202425,paritaria,SCUOLA SECONDARIA I GRADO,NA,81,679,616,1295
202425,paritaria,SCUOLA SECONDARIA I GRADO,NO,42,515,469,984
202425,paritaria,SCUOLA SECONDARIA I GRADO,PA,48,421,415,836
202425,paritaria,SCUOLA SECONDARIA I GRADO,PC,5,34,22,56
202425,paritaria,SCUOLA SECONDARIA I GRADO,PD,37,438,361,799
202425,paritaria,SCUOLA SECONDARIA I GRADO,PE,5,56,50,106
202425,paritaria,SCUOLA SECONDARIA I GRADO,PG,9,62,71,133
202425,paritaria,SCUOLA SECONDARIA I GRADO,PI,3,25,21,46
202425,paritaria,SCUOLA SECONDARIA I GRADO,PN,25,302,248,550
202425,paritaria,SCUOLA SECONDARIA I GRADO,PO,11,122,96,218
202425,paritaria,SCUOLA SECONDARIA I GRADO,PR,50,536,525,1061
202425,paritaria,SCUOLA SECONDARIA I GRADO,PS,4,40,39,79
202425,paritaria,SCUOLA SECONDARIA I GRADO,PT,6,75,70,145
202425,paritaria,SCUOLA SECONDARIA I GRADO,PV,32,349,357,706
202425,paritaria,SCUOLA SECONDARIA I GRADO,RA,22,226,229,455
202425,paritaria,SCUOLA SECONDARIA I GRADO,RC,6,50,54,104
202425,paritaria,SCUOLA SECONDARIA I GRADO,RE,27,314,264,578
202425,paritaria,SCUOLA SECONDARIA I GRADO,RG,2,12,12,24
202425,paritaria,SCUOLA SECONDARIA I GRADO,RM,412,4230,3947,8177
202425,paritaria,SCUOLA SECONDARIA I GRADO,RN,24,265,272,537
202425,paritaria,SCUOLA SECONDARIA I GRADO,RO,3,25,34,59
202425,paritaria,SCUOLA SECONDARIA I GRADO,SA,13,52,46,98
202425,paritaria,SCUOLA SECONDARIA I GRADO,SI,3,28,33,61
202425,paritaria,SCUOLA SECONDARIA I GRADO,SO,3,24,19,43
202425,paritaria,SCUOLA SECONDARIA I GRADO,SP,4,34,39,73
202425,paritaria,SCUOLA SECONDARIA I GRADO,SR,3,27,23,50
202425,paritaria,SCUOLA SECONDARIA I GRADO,SV,13,137,123,260
202425,paritaria,SCUOLA SECONDARIA I GRADO,TA,3,32,26,58
202425,paritaria,SCUOLA SECONDARIA I GRADO,TO,210,2491,2342,4833
202425,paritaria,SCUOLA SECONDARIA I GRADO,TR,3,21,17,38
202425,paritaria,SCUOLA SECONDARIA I GRADO,TS,3,29,25,54
202425,paritaria,SCUOLA SECONDARIA I GRADO,TV,88,1012,910,1922
202425,paritaria,SCUOLA SECONDARIA I GRADO,UD,41,414,369,783
202425,paritaria,SCUOLA SECONDARIA I GRADO,VA,148,1636,1487,3123
202425,paritaria,SCUOLA SECONDARIA I GRADO,VB,3,24,25,49
202425,paritaria,SCUOLA SECONDARIA I GRADO,VE,38,379,351,730
202425,paritaria,SCUOLA SECONDARIA I GRADO,VI,40,366,346,712
202425,paritaria,SCUOLA SECONDARIA I GRADO,VR,114,1301,1105,2406
202425,paritaria,SCUOLA SECONDARIA I GRADO,VT,14,120,91,211
202425,paritaria,SCUOLA SECONDARIA II GRADO,AG,63,272,150,422
202425,paritaria,SCUOLA SECONDARIA II GRADO,AL,15,78,107,185
202425,paritaria,SCUOLA SECONDARIA II GRADO,AN,17,134,75,209
202425,paritaria,SCUOLA SECONDARIA II GRADO,AP,63,479,337,816
202425,paritaria,SCUOLA SECONDARIA II GRADO,AR,11,50,139,189
202425,paritaria,SCUOLA SECONDARIA II GRADO,AT,18,92,89,181
202425,paritaria,SCUOLA SECONDARIA II GRADO,AV,128,1153,550,1703
202425,paritaria,SCUOLA SECONDARIA II GRADO,BA,33,308,142,450
202425,paritaria,SCUOLA SECONDARIA II GRADO,BG,272,2337,2038,4375
202425,paritaria,SCUOLA SECONDARIA II GRADO,BI,5,29,31,60
202425,paritaria,SCUOLA SECONDARIA II GRADO,BL,34,199,272,471
202425,paritaria,SCUOLA SECONDARIA II GRADO,BN,64,613,325,938
202425,paritaria,SCUOLA SECONDARIA II GRADO,BO,114,1387,980,2367
202425,paritaria,SCUOLA SECONDARIA II GRADO,BR,5,28,16,44
202425,paritaria,SCUOLA SECONDARIA II GRADO,BS,233,2197,2131,4328
202425,paritaria,SCUOLA SECONDARIA II GRADO,BT,9,54,42,96
202425,paritaria,SCUOLA SECONDARIA II GRADO,CA,27,183,117,300
202425,paritaria,SCUOLA SECONDARIA II GRADO,CE,249,2209,1438,3647
202425,paritaria,SCUOLA SECONDARIA II GRADO,CH,37,120,101,221
202425,paritaria,SCUOLA SECONDARIA II GRADO,CL,26,144,200,344
202425,paritaria,SCUOLA SECONDARIA II GRADO,CO,128,1150,1086,2236
202425,paritaria,SCUOLA SECONDARIA II GRADO,CR,28,294,217,511
202425,paritaria,SCUOLA SECONDARIA II GRADO,CS,64,223,248,471
202425,paritaria,SCUOLA SECONDARIA II GRADO,CT,131,691,604,1295
202425,paritaria,SCUOLA SECONDARIA II GRADO,CZ,15,60,125,185
202425,paritaria,SCUOLA SECONDARIA II GRADO,EN,12,56,76,132
202425,paritaria,SCUOLA SECONDARIA II GRADO,FE,5,26,27,53
202425,paritaria,SCUOLA SECONDARIA II GRADO,FG,13,59,42,101
202425,paritaria,SCUOLA SECONDARIA II GRADO,FI,140,929,668,1597
202425,paritaria,SCUOLA SECONDARIA II GRADO,FO,8,149,55,204
202425,paritaria,SCUOLA SECONDARIA II GRADO,FR,63,452,272,724
202425,paritaria,SCUOLA SECONDARIA II GRADO,GE,95,602,1122,1724
202425,paritaria,SCUOLA SECONDARIA II GRADO,GR,9,31,30,61
202425,paritaria,SCUOLA SECONDARIA II GRADO,IS,21,120,67,187
202425,paritaria,SCUOLA SECONDARIA II GRADO,LC,81,671,695,1366
202425,paritaria,SCUOLA SECONDARIA II GRADO,LE,11,77,53,130
202425,paritaria,SCUOLA SECONDARIA II GRADO,LI,21,140,93,233
202425,paritaria,SCUOLA SECONDARIA II GRADO,LO,5,31,29,60
202425,paritaria,SCUOLA SECONDARIA II GRADO,LT,69,397,270,667
202425,paritaria,SCUOLA SECONDARIA II GRADO,LU,15,62,76,138
202425,paritaria,SCUOLA SECONDARIA II GRADO,MB,188,1717,1806,3523
202425,paritaria,SCUOLA SECONDARIA II GRADO,MC,44,235,212,447
202425,paritaria,SCUOLA SECONDARIA II GRADO,ME,84,263,231,494
202425,paritaria,SCUOLA SECONDARIA II GRADO,MI,795,8636,7256,15892
202425,paritaria,SCUOLA SECONDARIA II GRADO,MN,15,71,83,154
202425,paritaria,SCUOLA SECONDARIA II GRADO,MO,42,446,276,722
202425,paritaria,SCUOLA SECONDARIA II GRADO,MS,12,66,45,111
202425,paritaria,SCUOLA SECONDARIA II GRADO,MT,5,34,17,51
202425,paritaria,SCUOLA SECONDARIA II GRADO,NA,1091,9393,6774,16167
202425,paritaria,SCUOLA SECONDARIA II GRADO,NO,56,344,376,720
202425,paritaria,SCUOLA SECONDARIA II GRADO,PA,219,1464,1396,2860
202425,paritaria,SCUOLA SECONDARIA II GRADO,PC,20,225,159,384
202425,paritaria,SCUOLA SECONDARIA II GRADO,PD,93,974,772,1746
202425,paritaria,SCUOLA SECONDARIA II GRADO,PE,61,465,342,807
202425,paritaria,SCUOLA SECONDARIA II GRADO,PG,31,121,111,232
202425,paritaria,SCUOLA SECONDARIA II GRADO,PI,7,50,41,91
202425,paritaria,SCUOLA SECONDARIA II GRADO,PN,15,95,70,165
202425,paritaria,SCUOLA SECONDARIA II GRADO,PO,20,164,180,344
202425,paritaria,SCUOLA SECONDARIA II GRADO,PR,23,194,104,298
202425,paritaria,SCUOLA SECONDARIA II GRADO,PS,15,182,44,226
202425,paritaria,SCUOLA SECONDARIA II GRADO,PT,16,128,137,265
202425,paritaria,SCUOLA SECONDARIA II GRADO,PV,98,459,414,873
202425,paritaria,SCUOLA SECONDARIA II GRADO,RA,5,15,16,31
202425,paritaria,SCUOLA SECONDARIA II GRADO,RC,33,225,121,346
202425,paritaria,SCUOLA SECONDARIA II GRADO,RE,48,347,324,671
202425,paritaria,SCUOLA SECONDARIA II GRADO,RG,49,192,165,357
202425,paritaria,SCUOLA SECONDARIA II GRADO,RM,1048,8333,6283,14616
202425,paritaria,SCUOLA SECONDARIA II GRADO,RN,40,335,331,666
202425,paritaria,SCUOLA SECONDARIA II GRADO,SA,709,5919,3895,9814
202425,paritaria,SCUOLA SECONDARIA II GRADO,SI,5,37,30,67
202425,paritaria,SCUOLA SECONDARIA II GRADO,SR,51,256,170,426
202425,paritaria,SCUOLA SECONDARIA II GRADO,SS,35,126,71,197
202425,paritaria,SCUOLA SECONDARIA II GRADO,SV,13,92,137,229
202425,paritaria,SCUOLA SECONDARIA II GRADO,TA,43,356,192,548
202425,paritaria,SCUOLA SECONDARIA II GRADO,TE,6,22,18,40
202425,paritaria,SCUOLA SECONDARIA II GRADO,TO,268,2422,1959,4381
202425,paritaria,SCUOLA SECONDARIA II GRADO,TP,17,82,202,284
202425,paritaria,SCUOLA SECONDARIA II GRADO,TV,154,1395,1039,2434
202425,paritaria,SCUOLA SECONDARIA II GRADO,UD,54,561,227,788
202425,paritaria,SCUOLA SECONDARIA II GRADO,VA,251,2379,1910,4289
202425,paritaria,SCUOLA SECONDARIA II GRADO,VB,16,61,88,149
202425,paritaria,SCUOLA SECONDARIA II GRADO,VE,77,565,415,980
202425,paritaria,SCUOLA SECONDARIA II GRADO,VI,40,275,265,540
202425,paritaria,SCUOLA SECONDARIA II GRADO,VR,192,2278,1697,3975
202425,paritaria,SCUOLA SECONDARIA II GRADO,VT,29,200,209,409
202425,statale,SCUOLA PRIMARIA,AG,974,8450,7917,16367
202425,statale,SCUOLA PRIMARIA,AL,838,6935,6585,13520
202425,statale,SCUOLA PRIMARIA,AN,977,9059,8565,17624
202425,statale,SCUOLA PRIMARIA,AP,787,7009,6559,13568
202425,statale,SCUOLA PRIMARIA,AQ,643,5413,4968,10381
202425,statale,SCUOLA PRIMARIA,AR,669,6249,5906,12155
202425,statale,SCUOLA PRIMARIA,AT,435,3835,3746,7581
202425,statale,SCUOLA PRIMARIA,AV,1011,7218,6943,14161
202425,statale,SCUOLA PRIMARIA,BA,2737,25324,23576,48900
202425,statale,SCUOLA PRIMARIA,BG,2293,22253,20788,43041
202425,statale,SCUOLA PRIMARIA,BI,340,2750,2618,5368
202425,statale,SCUOLA PRIMARIA,BL,437,3311,3109,6420
202425,statale,SCUOLA PRIMARIA,BN,650,4894,4620,9514
202425,statale,SCUOLA PRIMARIA,BO,1833,19068,18123,37191
202425,statale,SCUOLA PRIMARIA,BR,811,7210,6903,14113
202425,statale,SCUOLA PRIMARIA,BS,2595,25808,24530,50338
202425,statale,SCUOLA PRIMARIA,BT,847,8019,7334,15353
202425,statale,SCUOLA PRIMARIA,CA,1505,11957,10987,22944
202425,statale,SCUOLA PRIMARIA,CB,500,3751,3474,7225
202425,statale,SCUOLA PRIMARIA,CE,2325,18759,18015,36774
202425,statale,SCUOLA PRIMARIA,CH,873,7173,6809,13982
202425,statale,SCUOLA PRIMARIA,CL,602,5016,4850,9866
202425,statale,SCUOLA PRIMARIA,CN,1471,12447,11780,24227
202425,statale,SCUOLA PRIMARIA,CO,1202,11397,10878,22275
202425,statale,SCUOLA PRIMARIA,CR,711,6880,6430,13310
202425,statale,SCUOLA PRIMARIA,CS,1822,13518,12973,26491
202425,statale,SCUOLA PRIMARIA,CT,2613,24736,23290,48026
202425,statale,SCUOLA PRIMARIA,CZ,896,7193,6727,13920
202425,statale,SCUOLA PRIMARIA,EN,387,2919,2843,5762
202425,statale,SCUOLA PRIMARIA,FE,599,5675,5456,11131
202425,statale,SCUOLA PRIMARIA,FG,1349,11903,11108,23011
202425,statale,SCUOLA PRIMARIA,FI,1679,17349,16442,33791
202425,statale,SCUOLA PRIMARIA,FO,805,7944,7336,15280
202425,statale,SCUOLA PRIMARIA,FR,1188,9244,8886,18130
202425,statale,SCUOLA PRIMARIA,GE,1403,13255,12290,25545
202425,statale,SCUOLA PRIMARIA,GO,291,2543,2426,4969
202425,statale,SCUOLA PRIMARIA,GR,436,3701,3419,7120
202425,statale,SCUOLA PRIMARIA,IM,404,3689,3387,7076
202425,statale,SCUOLA PRIMARIA,IS,208,1443,1344,2787
202425,statale,SCUOLA PRIMARIA,KR,454,3736,3425,7161
202425,statale,SCUOLA PRIMARIA,LC,657,6136,5780,11916
202425,statale,SCUOLA PRIMARIA,LE,1574,14256,13535,27791
202425,statale,SCUOLA PRIMARIA,LI,572,5598,5325,10923
202425,statale,SCUOLA PRIMARIA,LO,512,4761,4417,9178
202425,statale,SCUOLA PRIMARIA,LT,1287,11757,10955,22712
202425,statale,SCUOLA PRIMARIA,LU,765,6749,6341,13090
202425,statale,SCUOLA PRIMARIA,MB,1640,17073,16049,33122
202425,statale,SCUOLA PRIMARIA,MC,684,5906,5763,11669
202425,statale,SCUOLA PRIMARIA,ME,1586,11533,10819,22352
202425,statale,SCUOLA PRIMARIA,MI,5878,60428,56552,116980
202425,statale,SCUOLA PRIMARIA,MN,880,8529,8027,16556
202425,statale,SCUOLA PRIMARIA,MO,1377,14229,13274,27503
202425,statale,SCUOLA PRIMARIA,MS,361,2968,2778,5746
202425,statale,SCUOLA PRIMARIA,MT,428,3633,3497,7130
202425,statale,SCUOLA PRIMARIA,NA,6962,62678,58917,121595
202425,statale,SCUOLA PRIMARIA,NO,758,6927,6594,13521
202425,statale,SCUOLA PRIMARIA,NU,478,3491,3313,6804
202425,statale,SCUOLA PRIMARIA,OR,321,2360,2173,4533
202425,statale,SCUOLA PRIMARIA,PA,3032,26425,25039,51464
202425,statale,SCUOLA PRIMARIA,PC,595,5977,5414,11391
202425,statale,SCUOLA PRIMARIA,PD,1800,17328,16647,33975
202425,statale,SCUOLA PRIMARIA,PE,673,6246,5915,12161
202425,statale,SCUOLA PRIMARIA,PG,1443,12423,11683,24106
202425,statale,SCUOLA PRIMARIA,PI,809,8094,7778,15872
202425,statale,SCUOLA PRIMARIA,PN,669,6227,5736,11963
202425,statale,SCUOLA PRIMARIA,PO,470,4851,4535,9386
202425,statale,SCUOLA PRIMARIA,PR,871,9029,8382,17411
202425,statale,SCUOLA PRIMARIA,PS,765,6843,6419,13262
202425,statale,SCUOLA PRIMARIA,PT,576,5674,5240,10914
202425,statale,SCUOLA PRIMARIA,PV,1060,10412,9726,20138
202425,statale,SCUOLA PRIMARIA,PZ,856,6304,5837,12141
202425,statale,SCUOLA PRIMARIA,RA,685,7342,6785,14127
202425,statale,SCUOLA PRIMARIA,RC,1415,11154,10280,21434
202425,statale,SCUOLA PRIMARIA,RE,1100,10908,10214,21122
202425,statale,SCUOLA PRIMARIA,RG,732,7153,6799,13952
202425,statale,SCUOLA PRIMARIA,RI,383,2615,2434,5049
202425,statale,SCUOLA PRIMARIA,RM,7949,77802,72999,150801
202425,statale,SCUOLA PRIMARIA,RN,623,6343,5948,12291
202425,statale,SCUOLA PRIMARIA,RO,446,3837,3712,7549
202425,statale,SCUOLA PRIMARIA,SA,2591,22171,20443,42614
202425,statale,SCUOLA PRIMARIA,SI,523,4843,4623,9466
202425,statale,SCUOLA PRIMARIA,SO,425,3825,3540,7365
202425,statale,SCUOLA PRIMARIA,SP,403,3793,3450,7243
202425,statale,SCUOLA PRIMARIA,SR,870,8136,7648,15784
202425,statale,SCUOLA PRIMARIA,SS,983,8369,7787,16156
202425,statale,SCUOLA PRIMARIA,SV,497,4428,4084,8512
202425,statale,SCUOLA PRIMARIA,TA,1203,10848,10322,21170
202425,statale,SCUOLA PRIMARIA,TE,668,6043,5633,11676
202425,statale,SCUOLA PRIMARIA,TO,4155,39218,37194,76412
202425,statale,SCUOLA PRIMARIA,TP,1001,8454,7940,16394
202425,statale,SCUOLA PRIMARIA,TR,460,3689,3558,7247
202425,statale,SCUOLA PRIMARIA,TS,434,3646,3375,7021
202425,statale,SCUOLA PRIMARIA,TV,1872,17405,16272,33677
202425,statale,SCUOLA PRIMARIA,UD,1117,8728,8275,17003
202425,statale,SCUOLA PRIMARIA,VA,1692,16804,15891,32695
202425,statale,SCUOLA PRIMARIA,VB,371,2497,2469,4966
202425,statale,SCUOLA PRIMARIA,VC,364,3038,2883,5921
202425,statale,SCUOLA PRIMARIA,VE,1584,15161,14104,29265
202425,statale,SCUOLA PRIMARIA,VI,1823,17066,16102,33168
202425,statale,SCUOLA PRIMARIA,VR,2012,19128,17858,36986
202425,statale,SCUOLA PRIMARIA,VT,621,5496,5235,10731
202425,statale,SCUOLA PRIMARIA,VV,448,3012,2909,5921
202425,statale,SCUOLA SECONDARIA I GRADO,AG,617,5693,5257,10950
202425,statale,SCUOLA SECONDARIA I GRADO,AL,478,4957,4581,9538
202425,statale,SCUOLA SECONDARIA I GRADO,AN,583,6486,6016,12502
202425,statale,SCUOLA SECONDARIA I GRADO,AP,478,4870,4642,9512
202425,statale,SCUOLA SECONDARIA I GRADO,AQ,391,3777,3583,7360
202425,statale,SCUOLA SECONDARIA I GRADO,AR,422,4402,4047,8449
202425,statale,SCUOLA SECONDARIA I GRADO,AT,240,2758,2481,5239
202425,statale,SCUOLA SECONDARIA I GRADO,AV,659,4893,4690,9583
202425,statale,SCUOLA SECONDARIA I GRADO,BA,1635,16754,15692,32446
202425,statale,SCUOLA SECONDARIA I GRADO,BG,1414,15449,14286,29735
202425,statale,SCUOLA SECONDARIA I GRADO,BI,204,1949,1862,3811
202425,statale,SCUOLA SECONDARIA I GRADO,BL,264,2393,2162,4555
202425,statale,SCUOLA SECONDARIA I GRADO,BN,394,3286,3003,6289
202425,statale,SCUOLA SECONDARIA I GRADO,BO,1108,12515,11812,24327
202425,statale,SCUOLA SECONDARIA I GRADO,BR,503,5044,4754,9798
202425,statale,SCUOLA SECONDARIA I GRADO,BS,1625,17498,16477,33975
202425,statale,SCUOLA SECONDARIA I GRADO,BT,517,5387,5108,10495
202425,statale,SCUOLA SECONDARIA I GRADO,CA,1028,8834,8204,17038
202425,statale,SCUOLA SECONDARIA I GRADO,CB,301,2526,2362,4888
202425,statale,SCUOLA SECONDARIA I GRADO,CE,1586,13493,12638,26131
202425,statale,SCUOLA SECONDARIA I GRADO,CH,521,4996,4563,9559
202425,statale,SCUOLA SECONDARIA I GRADO,CL,386,3530,3318,6848
202425,statale,SCUOLA SECONDARIA I GRADO,CN,829,8561,7753,16314
202425,statale,SCUOLA SECONDARIA I GRADO,CO,716,7755,7094,14849
202425,statale,SCUOLA SECONDARIA I GRADO,CR,431,4778,4311,9089
202425,statale,SCUOLA SECONDARIA I GRADO,CS,1055,8728,8313,17041
202425,statale,SCUOLA SECONDARIA I GRADO,CT,1618,15875,15067,30942
202425,statale,SCUOLA SECONDARIA I GRADO,CZ,543,4600,4321,8921
202425,statale,SCUOLA SECONDARIA I GRADO,EN,236,1969,1830,3799
202425,statale,SCUOLA SECONDARIA I GRADO,FE,359,4070,3816,7886
202425,statale,SCUOLA SECONDARIA I GRADO,FG,884,8239,7783,16022
202425,statale,SCUOLA SECONDARIA I GRADO,FI,1124,12699,11856,24555
202425,statale,SCUOLA SECONDARIA I GRADO,FO,491,5492,5204,10696
202425,statale,SCUOLA SECONDARIA I GRADO,FR,639,6150,5952,12102
202425,statale,SCUOLA SECONDARIA I GRADO,GE,884,9622,8962,18584
202425,statale,SCUOLA SECONDARIA I GRADO,GO,177,1885,1591,3476
202425,statale,SCUOLA SECONDARIA I GRADO,GR,267,2601,2417,5018
202425,statale,SCUOLA SECONDARIA I GRADO,IM,236,2623,2361,4984
202425,statale,SCUOLA SECONDARIA I GRADO,IS,111,880,865,1745
202425,statale,SCUOLA SECONDARIA I GRADO,KR,277,2436,2244,4680
202425,statale,SCUOLA SECONDARIA I GRADO,LC,388,4093,3972,8065
202425,statale,SCUOLA SECONDARIA I GRADO,LE,1009,10027,9339,19366
202425,statale,SCUOLA SECONDARIA I GRADO,LI,390,4086,3964,8050
202425,statale,SCUOLA SECONDARIA I GRADO,LO,316,3196,2924,6120
202425,statale,SCUOLA SECONDARIA I GRADO,LT,784,8197,7644,15841
202425,statale,SCUOLA SECONDARIA I GRADO,LU,458,4917,4740,9657
202425,statale,SCUOLA SECONDARIA I GRADO,MB,1084,11624,10876,22500
202425,statale,SCUOLA SECONDARIA I GRADO,MC,394,4053,3800,7853
202425,statale,SCUOLA SECONDARIA I GRADO,ME,883,7611,7293,14904
202425,statale,SCUOLA SECONDARIA I GRADO,MI,3785,40034,37085,77119
202425,statale,SCUOLA SECONDARIA I GRADO,MN,539,5908,5383,11291
202425,statale,SCUOLA SECONDARIA I GRADO,MO,880,10154,9406,19560
202425,statale,SCUOLA SECONDARIA I GRADO,MS,238,2264,2154,4418
202425,statale,SCUOLA SECONDARIA I GRADO,MT,288,2444,2306,4750
202425,statale,SCUOLA SECONDARIA I GRADO,NA,5014,46800,44008,90808
202425,statale,SCUOLA SECONDARIA I GRADO,NO,450,4792,4538,9330
202425,statale,SCUOLA SECONDARIA I GRADO,NU,323,2528,2295,4823
202425,statale,SCUOLA SECONDARIA I GRADO,OR,209,1610,1507,3117
202425,statale,SCUOLA SECONDARIA I GRADO,PA,1952,17662,16555,34217
202425,statale,SCUOLA SECONDARIA I GRADO,PC,372,3875,3698,7573
202425,statale,SCUOLA SECONDARIA I GRADO,PD,1184,12657,11770,24427
202425,statale,SCUOLA SECONDARIA I GRADO,PE,422,4328,3978,8306
202425,statale,SCUOLA SECONDARIA I GRADO,PG,831,8781,8388,17169
202425,statale,SCUOLA SECONDARIA I GRADO,PI,532,5765,5409,11174
202425,statale,SCUOLA SECONDARIA I GRADO,PN,392,4095,3845,7940
202425,statale,SCUOLA SECONDARIA I GRADO,PO,342,3890,3614,7504
202425,statale,SCUOLA SECONDARIA I GRADO,PR,515,5962,5348,11310
202425,statale,SCUOLA SECONDARIA I GRADO,PS,464,5011,4703,9714
202425,statale,SCUOLA SECONDARIA I GRADO,PT,357,3990,3646,7636
202425,statale,SCUOLA SECONDARIA I GRADO,PV,627,6940,6548,13488
202425,statale,SCUOLA SECONDARIA I GRADO,PZ,521,4198,3816,8014
202425,statale,SCUOLA SECONDARIA I GRADO,RA,430,5096,4718,9814
202425,statale,SCUOLA SECONDARIA I GRADO,RC,798,7313,6824,14137
202425,statale,SCUOLA SECONDARIA I GRADO,RE,677,7690,7162,14852
202425,statale,SCUOLA SECONDARIA I GRADO,RG,420,4851,4452,9303
202425,statale,SCUOLA SECONDARIA I GRADO,RI,208,1842,1650,3492
202425,statale,SCUOLA SECONDARIA I GRADO,RM,5183,55889,52576,108465
202425,statale,SCUOLA SECONDARIA I GRADO,RN,402,4553,4298,8851
202425,statale,SCUOLA SECONDARIA I GRADO,RO,290,2854,2598,5452
202425,statale,SCUOLA SECONDARIA I GRADO,SA,1562,14618,13891,28509
202425,statale,SCUOLA SECONDARIA I GRADO,SI,332,3493,3324,6817
202425,statale,SCUOLA SECONDARIA I GRADO,SO,236,2561,2305,4866
202425,statale,SCUOLA SECONDARIA I GRADO,SP,251,2739,2555,5294
202425,statale,SCUOLA SECONDARIA I GRADO,SR,566,5514,4930,10444
202425,statale,SCUOLA SECONDARIA I GRADO,SS,671,5921,5506,11427
202425,statale,SCUOLA SECONDARIA I GRADO,SV,295,3162,2961,6123
202425,statale,SCUOLA SECONDARIA I GRADO,TA,784,7728,7265,14993
202425,statale,SCUOLA SECONDARIA I GRADO,TE,402,3941,3717,7658
202425,statale,SCUOLA SECONDARIA I GRADO,TO,2686,27647,25589,53236
202425,statale,SCUOLA SECONDARIA I GRADO,TP,567,5307,5265,10572
202425,statale,SCUOLA SECONDARIA I GRADO,TR,271,2698,2539,5237
202425,statale,SCUOLA SECONDARIA I GRADO,TS,279,2809,2502,5311
202425,statale,SCUOLA SECONDARIA I GRADO,TV,1132,12058,11400,23458
202425,statale,SCUOLA SECONDARIA I GRADO,UD,631,6024,5796,11820
202425,statale,SCUOLA SECONDARIA I GRADO,VA,1070,11410,10793,22203
202425,statale,SCUOLA SECONDARIA I GRADO,VB,204,1807,1820,3627
202425,statale,SCUOLA SECONDARIA I GRADO,VC,217,2193,2022,4215
202425,statale,SCUOLA SECONDARIA I GRADO,VE,1013,10847,9975,20822
202425,statale,SCUOLA SECONDARIA I GRADO,VI,1157,11763,11385,23148
202425,statale,SCUOLA SECONDARIA I GRADO,VR,1153,12235,11496,23731
202425,statale,SCUOLA SECONDARIA I GRADO,VT,382,3827,3573,7400
202425,statale,SCUOLA SECONDARIA I GRADO,VV,269,1984,1830,3814
202425,statale,SCUOLA SECONDARIA II GRADO,AG,1062,9846,9244,19090
202425,statale,SCUOLA SECONDARIA II GRADO,AL,744,7536,7770,15306
202425,statale,SCUOLA SECONDARIA II GRADO,AN,1130,11602,10880,22482
202425,statale,SCUOLA SECONDARIA II GRADO,AP,812,8755,8016,16771
202425,statale,SCUOLA SECONDARIA II GRADO,AQ,641,6312,5745,12057
202425,statale,SCUOLA SECONDARIA II GRADO,AR,806,8145,8129,16274
202425,statale,SCUOLA SECONDARIA II GRADO,AT,369,3928,3413,7341
202425,statale,SCUOLA SECONDARIA II GRADO,AV,1010,8661,7757,16418
202425,statale,SCUOLA SECONDARIA II GRADO,BA,3107,30319,29579,59898
202425,statale,SCUOLA SECONDARIA II GRADO,BG,2074,21321,22634,43955
202425,statale,SCUOLA SECONDARIA II GRADO,BI,338,3007,3128,6135
202425,statale,SCUOLA SECONDARIA II GRADO,BL,429,3880,3541,7421
202425,statale,SCUOLA SECONDARIA II GRADO,BN,735,6477,6210,12687
202425,statale,SCUOLA SECONDARIA II GRADO,BO,1796,19962,19387,39349
202425,statale,SCUOLA SECONDARIA II GRADO,BR,882,9119,8271,17390
202425,statale,SCUOLA SECONDARIA II GRADO,BS,2369,23659,24983,48642
202425,statale,SCUOLA SECONDARIA II GRADO,BT,934,8995,8650,17645
202425,statale,SCUOLA SECONDARIA II GRADO,CA,1812,15671,15052,30723
202425,statale,SCUOLA SECONDARIA II GRADO,CB,564,5011,4459,9470
202425,statale,SCUOLA SECONDARIA II GRADO,CE,2515,24838,24378,49216
202425,statale,SCUOLA SECONDARIA II GRADO,CH,813,8021,7548,15569
202425,statale,SCUOLA SECONDARIA II GRADO,CL,730,6624,6138,12762
202425,statale,SCUOLA SECONDARIA II GRADO,CN,1271,12155,12752,24907
202425,statale,SCUOLA SECONDARIA II GRADO,CO,859,8772,9097,17869
202425,statale,SCUOLA SECONDARIA II GRADO,CR,743,7917,7780,15697
202425,statale,SCUOLA SECONDARIA II GRADO,CS,1776,15889,14625,30514
202425,statale,SCUOLA SECONDARIA II GRADO,CT,2515,25701,24534,50235
202425,statale,SCUOLA SECONDARIA II GRADO,CZ,901,8228,7427,15655
202425,statale,SCUOLA SECONDARIA II GRADO,EN,434,3520,3296,6816
202425,statale,SCUOLA SECONDARIA II GRADO,FE,751,8309,7821,16130
202425,statale,SCUOLA SECONDARIA II GRADO,FG,1588,14947,14441,29388
202425,statale,SCUOLA SECONDARIA II GRADO,FI,2057,21035,20368,41403
202425,statale,SCUOLA SECONDARIA II GRADO,FO,867,9923,9661,19584
202425,statale,SCUOLA SECONDARIA II GRADO,FR,1158,11154,10509,21663
202425,statale,SCUOLA SECONDARIA II GRADO,GE,1568,16541,15513,32054
202425,statale,SCUOLA SECONDARIA II GRADO,GO,325,2885,2748,5633
202425,statale,SCUOLA SECONDARIA II GRADO,GR,503,4963,4633,9596
202425,statale,SCUOLA SECONDARIA II GRADO,IM,401,3936,3915,7851
202425,statale,SCUOLA SECONDARIA II GRADO,IS,175,1485,1432,2917
202425,statale,SCUOLA SECONDARIA II GRADO,KR,488,4151,4017,8168
202425,statale,SCUOLA SECONDARIA II GRADO,LC,608,6548,6348,12896
202425,statale,SCUOLA SECONDARIA II GRADO,LE,1872,18527,17616,36143
202425,statale,SCUOLA SECONDARIA II GRADO,LI,705,7517,6958,14475
202425,statale,SCUOLA SECONDARIA II GRADO,LO,518,5162,4650,9812
202425,statale,SCUOLA SECONDARIA II GRADO,LT,1395,12919,12318,25237
202425,statale,SCUOLA SECONDARIA II GRADO,LU,858,8537,8269,16806
202425,statale,SCUOLA SECONDARIA II GRADO,MB,1441,15296,15619,30915
202425,statale,SCUOLA SECONDARIA II GRADO,MC,745,7491,7337,14828
202425,statale,SCUOLA SECONDARIA II GRADO,ME,1470,13263,12583,25846
202425,statale,SCUOLA SECONDARIA II GRADO,MI,5408,55640,57301,112941
202425,statale,SCUOLA SECONDARIA II GRADO,MN,767,7430,7757,15187
202425,statale,SCUOLA SECONDARIA II GRADO,MO,1602,17942,17627,35569
202425,statale,SCUOLA SECONDARIA II GRADO,MS,463,4229,3995,8224
202425,statale,SCUOLA SECONDARIA II GRADO,MT,568,5233,4688,9921
202425,statale,SCUOLA SECONDARIA II GRADO,NA,7842,80012,76535,156547
202425,statale,SCUOLA SECONDARIA II GRADO,NO,739,7028,7017,14045
202425,statale,SCUOLA SECONDARIA II GRADO,NU,584,4625,4216,8841
202425,statale,SCUOLA SECONDARIA II GRADO,OR,348,3214,2850,6064
202425,statale,SCUOLA SECONDARIA II GRADO,PA,2788,27186,25724,52910
202425,statale,SCUOLA SECONDARIA II GRADO,PC,563,6025,6216,12241
202425,statale,SCUOLA SECONDARIA II GRADO,PD,1765,18594,18731,37325
202425,statale,SCUOLA SECONDARIA II GRADO,PE,778,7679,7637,15316
202425,statale,SCUOLA SECONDARIA II GRADO,PG,1511,15562,14154,29716
202425,statale,SCUOLA SECONDARIA II GRADO,PI,859,9129,8662,17791
202425,statale,SCUOLA SECONDARIA II GRADO,PN,667,6812,6576,13388
202425,statale,SCUOLA SECONDARIA II GRADO,PO,616,6692,5867,12559
202425,statale,SCUOLA SECONDARIA II GRADO,PR,940,10503,10346,20849
202425,statale,SCUOLA SECONDARIA II GRADO,PS,804,8202,8427,16629
202425,statale,SCUOLA SECONDARIA II GRADO,PT,692,7016,6572,13588
202425,statale,SCUOLA SECONDARIA II GRADO,PV,978,10004,9472,19476
202425,statale,SCUOLA SECONDARIA II GRADO,PZ,956,8235,7539,15774
202425,statale,SCUOLA SECONDARIA II GRADO,RA,760,8521,8115,16636
202425,statale,SCUOLA SECONDARIA II GRADO,RC,1485,13703,12957,26660
202425,statale,SCUOLA SECONDARIA II GRADO,RE,1058,11728,10850,22578
202425,statale,SCUOLA SECONDARIA II GRADO,RG,781,7666,7390,15056
202425,statale,SCUOLA SECONDARIA II GRADO,RI,402,3657,3119,6776
202425,statale,SCUOLA SECONDARIA II GRADO,RM,8311,90169,86772,176941
202425,statale,SCUOLA SECONDARIA II GRADO,RN,711,7595,7404,14999
202425,statale,SCUOLA SECONDARIA II GRADO,RO,454,4301,4161,8462
202425,statale,SCUOLA SECONDARIA II GRADO,SA,2608,26688,24664,51352
202425,statale,SCUOLA SECONDARIA II GRADO,SI,619,6554,5897,12451
202425,statale,SCUOLA SECONDARIA II GRADO,SO,390,3865,3849,7714
202425,statale,SCUOLA SECONDARIA II GRADO,SP,438,4424,4229,8653
202425,statale,SCUOLA SECONDARIA II GRADO,SR,1067,9237,8477,17714
202425,statale,SCUOLA SECONDARIA II GRADO,SS,1189,11008,10246,21254
202425,statale,SCUOLA SECONDARIA II GRADO,SV,537,5417,5332,10749
202425,statale,SCUOLA SECONDARIA II GRADO,TA,1428,13288,13224,26512
202425,statale,SCUOLA SECONDARIA II GRADO,TE,638,5874,5700,11574
202425,statale,SCUOLA SECONDARIA II GRADO,TO,4463,45387,44502,89889
202425,statale,SCUOLA SECONDARIA II GRADO,TP,1023,10186,9509,19695
202425,statale,SCUOLA SECONDARIA II GRADO,TR,512,4965,4672,9637
202425,statale,SCUOLA SECONDARIA II GRADO,TS,480,4244,4304,8548
202425,statale,SCUOLA SECONDARIA II GRADO,TV,1811,19050,18738,37788
202425,statale,SCUOLA SECONDARIA II GRADO,UD,1158,10026,10398,20424
202425,statale,SCUOLA SECONDARIA II GRADO,VA,1707,19257,18939,38196
202425,statale,SCUOLA SECONDARIA II GRADO,VB,391,3704,3420,7124
202425,statale,SCUOLA SECONDARIA II GRADO,VC,405,3665,3340,7005
202425,statale,SCUOLA SECONDARIA II GRADO,VE,1520,16235,15478,31713
202425,statale,SCUOLA SECONDARIA II GRADO,VI,1826,19405,19782,39187
202425,statale,SCUOLA SECONDARIA II GRADO,VR,1592,17170,18541,35711
202425,statale,SCUOLA SECONDARIA II GRADO,VT,654,6720,6369,13089
202425,statale,SCUOLA SECONDARIA II GRADO,VV,457,4064,3739,7803
