REF_AREA,Reference area,MEASURE,Measure,UNIT_MEASURE,Unit of measure,INST_TYPE_EDU,Type of educational institution,EDUCATION_LEV,Education level,PERS_TYPE,Type of personnel,TIME_PERIOD,Time period,OBS_VALUE,Observation value,OBS_STATUS,Observation status,UNIT_MULT,Unit multiplier,STATISTICAL_OPERATION,Statistical operation,DECIMALS,Decimals
FIN,Finland,WKT_STA_TCH,Statutory teaching time,H_Y,Hours per year,INST_EDU_PUB,Public educational institutions,ISCED11_1,Primary education,TE,Teacher,2000,,656,,A,Normal value,0,Units,OBS,Observed,0,Zero
FIN,Finland,WKT_STA_TCH,Statutory teaching time,H_Y,Hours per year,INST_EDU_PUB,Public educational institutions,ISCED11_34,Upper secondary general education,TE,Teacher,2025,,561,,A,Normal value,0,Units,OBS,Observed,0,Zero
FIN,Finland,WKT_STA_TCH,Statutory teaching time,H_Y,Hours per year,INST_EDU_PUB,Public educational institutions,ISCED11_34,Upper secondary general education,TE,Teacher,2023,,561,,A,Normal value,0,Units,OBS,Observed,0,Zero
FIN,Finland,WKT_STA_TCH,Statutory teaching time,H_Y,Hours per year,INST_EDU_PUB,Public educational institutions,ISCED11_34,Upper secondary general education,TE,Teacher,2021,,567,,A,Normal value,0,Units,OBS,Observed,0,Zero
FIN,Finland,WKT_STA_TCH,Statutory teaching time,H_Y,Hours per year,INST_EDU_PUB,Public educational institutions,ISCED11_02,Pre-primary education,TE,Teacher,2015,,,,O,Missing value,0,Units,OBS,Observed,0,Zero
FIN,Finland,WKT_STA_TCH,Statutory teaching time,H_Y,Hours per year,INST_EDU_PUB,Public educational institutions,ISCED11_02,Pre-primary education,TE,Teacher,2014,,,,O,Missing value,0,Units,OBS,Observed,0,Zero
FIN,Finland,WKT_STA_TCH,Statutory teaching time,H_Y,Hours per year,INST_EDU_PUB,Public educational institutions,ISCED11_02,Pre-primary education,TE,Teacher,2013,,,,O,Missing value,0,Units,OBS,Observed,0,Zero
FIN,Finland,WKT_STA_TCH,Statutory teaching time,H_Y,Hours per year,INST_EDU_PUB,Public educational institutions,ISCED11_02,Pre-primary education,TE,Teacher,2012,,,,O,Missing value,0,Units,OBS,Observed,0,Zero
FIN,Finland,WKT_STA_TCH,Statutory teaching time,H_Y,Hours per year,INST_EDU_PUB,Public educational institutions,ISCED11_02,Pre-primary education,TE,Teacher,2011,,,,O,Missing value,0,Units,OBS,Observed,0,Zero
FIN,Finland,WKT_STA_TCH,Statutory teaching time,H_Y,Hours per year,INST_EDU_PUB,Public educational institutions,ISCED11_02,Pre-primary education,TE,Teacher,2010,,,,O,Missing value,0,Units,OBS,Observed,0,Zero
FIN,Finland,WKT_STA_TCH,Statutory teaching time,H_Y,Hours per year,INST_EDU_PUB,Public educational institutions,ISCED11_02,Pre-primary education,TE,Teacher,2009,,,,O,Missing value,0,Units,OBS,Observed,0,Zero
FIN,Finland,WKT_STA_TCH,Statutory teaching time,H_Y,Hours per year,INST_EDU_PUB,Public educational institutions,ISCED11_02,Pre-primary education,TE,Teacher,2008,,,,O,Missing value,0,Units,OBS,Observed,0,Zero
FIN,Finland,WKT_STA_TCH,Statutory teaching time,H_Y,Hours per year,INST_EDU_PUB,Public educational institutions,ISCED11_02,Pre-primary education,TE,Teacher,2007,,,,O,Missing value,0,Units,OBS,Observed,0,Zero
FIN,Finland,WKT_STA_TCH,Statutory teaching time,H_Y,Hours per year,INST_EDU_PUB,Public educational institutions,ISCED11_02,Pre-primary education,TE,Teacher,2006,,,,O,Missing value,0,Units,OBS,Observed,0,Zero
FIN,Finland,WKT_STA_TCH,Statutory teaching time,H_Y,Hours per year,INST_EDU_PUB,Public educational institutions,ISCED11_02,Pre-primary education,TE,Teacher,2005,,,,O,Missing value,0,Units,OBS,Observed,0,Zero
FIN,Finland,WKT_STA_TCH,Statutory teaching time,H_Y,Hours per year,INST_EDU_PUB,Public educational institutions,ISCED11_02,Pre-primary education,TE,Teacher,2000,,,,O,Missing value,0,Units,OBS,Observed,0,Zero
FIN,Finland,WKT_STA_TCH,Statutory teaching time,H_Y,Hours per year,INST_EDU_PUB,Public educational institutions,ISCED11_34,Upper secondary general education,TE,Teacher,2020,,548,,A,Normal value,0,Units,OBS,Observed,0,Zero
FIN,Finland,WKT_STA_TCH,Statutory teaching time,H_Y,Hours per year,INST_EDU_PUB,Public educational institutions,ISCED11_34,Upper secondary general education,TE,Teacher,2019,,551,,A,Normal value,0,Units,OBS,Observed,0,Zero
FIN,Finland,WKT_STA_TCH,Statutory teaching time,H_Y,Hours per year,INST_EDU_PUB,Public educational institutions,ISCED11_34,Upper secondary general education,TE,Teacher,2018,,550,,A,Normal value,0,Units,OBS,Observed,0,Zero
FIN,Finland,WKT_STA_TCH,Statutory teaching time,H_Y,Hours per year,INST_EDU_PUB,Public educational institutions,ISCED11_34,Upper secondary general education,TE,Teacher,2017,,547,,A,Normal value,0,Units,OBS,Observed,0,Zero
FIN,Finland,WKT_STA_TCH,Statutory teaching time,H_Y,Hours per year,INST_EDU_PUB,Public educational institutions,ISCED11_34,Upper secondary general education,TE,Teacher,2016,,553,,A,Normal value,0,Units,OBS,Observed,0,Zero
FIN,Finland,WKT_STA_TCH,Statutory teaching time,H_Y,Hours per year,INST_EDU_PUB,Public educational institutions,ISCED11_34,Upper secondary general education,TE,Teacher,2015,,550,,A,Normal value,0,Units,OBS,Observed,0,Zero
FIN,Finland,WKT_STA_TCH,Statutory teaching time,H_Y,Hours per year,INST_EDU_PUB,Public educational institutions,ISCED11_34,Upper secondary general education,TE,Teacher,2014,,547,,A,Normal value,0,Units,OBS,Observed,0,Zero
FIN,Finland,WKT_STA_TCH,Statutory teaching time,H_Y,Hours per year,INST_EDU_PUB,Public educational institutions,ISCED11_34,Upper secondary general education,TE,Teacher,2013,,547,,A,Normal value,0,Units,OBS,Observed,0,Zero
FIN,Finland,WKT_STA_TCH,Statutory teaching time,H_Y,Hours per year,INST_EDU_PUB,Public educational institutions,ISCED11_34,Upper secondary general education,TE,Teacher,2012,,547,,A,Normal value,0,Units,OBS,Observed,0,Zero
FIN,Finland,WKT_STA_TCH,Statutory teaching time,H_Y,Hours per year,INST_EDU_PUB,Public educational institutions,ISCED11_34,Upper secondary general education,TE,Teacher,2011,,553,,A,Normal value,0,Units,OBS,Observed,0,Zero
FIN,Finland,WKT_STA_TCH,Statutory teaching time,H_Y,Hours per year,INST_EDU_PUB,Public educational institutions,ISCED11_34,Upper secondary general education,TE,Teacher,2010,,553,,A,Normal value,0,Units,OBS,Observed,0,Zero
FIN,Finland,WKT_STA_TCH,Statutory teaching time,H_Y,Hours per year,INST_EDU_PUB,Public educational institutions,ISCED11_34,Upper secondary general education,TE,Teacher,2009,,550,,A,Normal value,0,Units,OBS,Observed,0,Zero
FIN,Finland,WKT_STA_TCH,Statutory teaching time,H_Y,Hours per year,INST_EDU_PUB,Public educational institutions,ISCED11_34,Upper secondary general education,TE,Teacher,2008,,550,,A,Normal value,0,Units,OBS,Observed,0,Zero
FIN,Finland,WKT_STA_TCH,Statutory teaching time,H_Y,Hours per year,INST_EDU_PUB,Public educational institutions,ISCED11_34,Upper secondary general education,TE,Teacher,2007,,550,,A,Normal value,0,Units,OBS,Observed,0,Zero
FIN,Finland,WKT_STA_TCH,Statutory teaching time,H_Y,Hours per year,INST_EDU_PUB,Public educational institutions,ISCED11_34,Upper secondary general education,TE,Teacher,2006,,550,,A,Normal value,0,Units,OBS,Observed,0,Zero
FIN,Finland,WKT_STA_TCH,Statutory teaching time,H_Y,Hours per year,INST_EDU_PUB,Public educational institutions,ISCED11_34,Upper secondary general education,TE,Teacher,2005,,550,,A,Normal value,0,Units,OBS,Observed,0,Zero
FIN,Finland,WKT_STA_TCH,Statutory teaching time,H_Y,Hours per year,INST_EDU_PUB,Public educational institutions,ISCED11_34,Upper secondary general education,TE,Teacher,2000,,527,,A,Normal value,0,Units,OBS,Observed,0,Zero
FIN,Finland,WKT_STA_TCH,Statutory teaching time,H_Y,Hours per year,INST_EDU_PUB,Public educational institutions,ISCED11_02,Pre-primary education,TE,Teacher,2023,,,,O,Missing value,0,Units,OBS,Observed,0,Zero
FIN,Finland,WKT_STA_TCH,Statutory teaching time,H_Y,Hours per year,INST_EDU_PUB,Public educational institutions,ISCED11_02,Pre-primary education,TE,Teacher,2021,,,,O,Missing value,0,Units,OBS,Observed,0,Zero
FIN,Finland,WKT_STA_TCH,Statutory teaching time,H_Y,Hours per year,INST_EDU_PUB,Public educational institutions,ISCED11_02,Pre-primary education,TE,Teacher,2020,,,,O,Missing value,0,Units,OBS,Observed,0,Zero
FIN,Finland,WKT_STA_TCH,Statutory teaching time,H_Y,Hours per year,INST_EDU_PUB,Public educational institutions,ISCED11_02,Pre-primary education,TE,Teacher,2019,,,,O,Missing value,0,Units,OBS,Observed,0,Zero
FIN,Finland,WKT_STA_TCH,Statutory teaching time,H_Y,Hours per year,INST_EDU_PUB,Public educational institutions,ISCED11_02,Pre-primary education,TE,Teacher,2018,,,,O,Missing value,0,Units,OBS,Observed,0,Zero
FIN,Finland,WKT_STA_TCH,Statutory teaching time,H_Y,Hours per year,INST_EDU_PUB,Public educational institutions,ISCED11_02,Pre-primary education,TE,Teacher,2017,,,,O,Missing value,0,Units,OBS,Observed,0,Zero
FIN,Finland,WKT_STA_TCH,Statutory teaching time,H_Y,Hours per year,INST_EDU_PUB,Public educational institutions,ISCED11_02,Pre-primary education,TE,Teacher,2016,,,,O,Missing value,0,Units,OBS,Observed,0,Zero
FIN,Finland,WKT_STA_TCH,Statutory teaching time,H_Y,Hours per year,INST_EDU_PUB,Public educational institutions,ISCED11_24,Lower secondary general education,TE,Teacher,2025,,595,,A,Normal value,0,Units,OBS,Observed,0,Zero
FIN,Finland,WKT_STA_TCH,Statutory teaching time,H_Y,Hours per year,INST_EDU_PUB,Public educational institutions,ISCED11_24,Lower secondary general education,TE,Teacher,2023,,595,,A,Normal value,0,Units,OBS,Observed,0,Zero
FIN,Finland,WKT_STA_TCH,Statutory teaching time,H_Y,Hours per year,INST_EDU_PUB,Public educational institutions,ISCED11_24,Lower secondary general education,TE,Teacher,2021,,595,,A,Normal value,0,Units,OBS,Observed,0,Zero
FIN,Finland,WKT_STA_TCH,Statutory teaching time,H_Y,Hours per year,INST_EDU_PUB,Public educational institutions,ISCED11_24,Lower secondary general education,TE,Teacher,2020,,589,,A,Normal value,0,Units,OBS,Observed,0,Zero
FIN,Finland,WKT_STA_TCH,Statutory teaching time,H_Y,Hours per year,INST_EDU_PUB,Public educational institutions,ISCED11_24,Lower secondary general education,TE,Teacher,2019,,592,,A,Normal value,0,Units,OBS,Observed,0,Zero
FIN,Finland,WKT_STA_TCH,Statutory teaching time,H_Y,Hours per year,INST_EDU_PUB,Public educational institutions,ISCED11_24,Lower secondary general education,TE,Teacher,2018,,592,,A,Normal value,0,Units,OBS,Observed,0,Zero
FIN,Finland,WKT_STA_TCH,Statutory teaching time,H_Y,Hours per year,INST_EDU_PUB,Public educational institutions,ISCED11_24,Lower secondary general education,TE,Teacher,2017,,589,,A,Normal value,0,Units,OBS,Observed,0,Zero
FIN,Finland,WKT_STA_TCH,Statutory teaching time,H_Y,Hours per year,INST_EDU_PUB,Public educational institutions,ISCED11_24,Lower secondary general education,TE,Teacher,2016,,595,,A,Normal value,0,Units,OBS,Observed,0,Zero
FIN,Finland,WKT_STA_TCH,Statutory teaching time,H_Y,Hours per year,INST_EDU_PUB,Public educational institutions,ISCED11_24,Lower secondary general education,TE,Teacher,2015,,592,,A,Normal value,0,Units,OBS,Observed,0,Zero
FIN,Finland,WKT_STA_TCH,Statutory teaching time,H_Y,Hours per year,INST_EDU_PUB,Public educational institutions,ISCED11_24,Lower secondary general education,TE,Teacher,2014,,589,,A,Normal value,0,Units,OBS,Observed,0,Zero
FIN,Finland,WKT_STA_TCH,Statutory teaching time,H_Y,Hours per year,INST_EDU_PUB,Public educational institutions,ISCED11_24,Lower secondary general education,TE,Teacher,2013,,589,,A,Normal value,0,Units,OBS,Observed,0,Zero
FIN,Finland,WKT_STA_TCH,Statutory teaching time,H_Y,Hours per year,INST_EDU_PUB,Public educational institutions,ISCED11_24,Lower secondary general education,TE,Teacher,2012,,589,,A,Normal value,0,Units,OBS,Observed,0,Zero
FIN,Finland,WKT_STA_TCH,Statutory teaching time,H_Y,Hours per year,INST_EDU_PUB,Public educational institutions,ISCED11_24,Lower secondary general education,TE,Teacher,2011,,595,,A,Normal value,0,Units,OBS,Observed,0,Zero
FIN,Finland,WKT_STA_TCH,Statutory teaching time,H_Y,Hours per year,INST_EDU_PUB,Public educational institutions,ISCED11_24,Lower secondary general education,TE,Teacher,2010,,595,,A,Normal value,0,Units,OBS,Observed,0,Zero
FIN,Finland,WKT_STA_TCH,Statutory teaching time,H_Y,Hours per year,INST_EDU_PUB,Public educational institutions,ISCED11_24,Lower secondary general education,TE,Teacher,2009,,592,,A,Normal value,0,Units,OBS,Observed,0,Zero
FIN,Finland,WKT_STA_TCH,Statutory teaching time,H_Y,Hours per year,INST_EDU_PUB,Public educational institutions,ISCED11_24,Lower secondary general education,TE,Teacher,2008,,592,,A,Normal value,0,Units,OBS,Observed,0,Zero
FIN,Finland,WKT_STA_TCH,Statutory teaching time,H_Y,Hours per year,INST_EDU_PUB,Public educational institutions,ISCED11_24,Lower secondary general education,TE,Teacher,2007,,592,,A,Normal value,0,Units,OBS,Observed,0,Zero
FIN,Finland,WKT_STA_TCH,Statutory teaching time,H_Y,Hours per year,INST_EDU_PUB,Public educational institutions,ISCED11_24,Lower secondary general education,TE,Teacher,2006,,592,,A,Normal value,0,Units,OBS,Observed,0,Zero
FIN,Finland,WKT_STA_TCH,Statutory teaching time,H_Y,Hours per year,INST_EDU_PUB,Public educational institutions,ISCED11_24,Lower secondary general education,TE,Teacher,2005,,592,,A,Normal value,0,Units,OBS,Observed,0,Zero
FIN,Finland,WKT_STA_TCH,Statutory teaching time,H_Y,Hours per year,INST_EDU_PUB,Public educational institutions,ISCED11_24,Lower secondary general education,TE,Teacher,2000,,570,,A,Normal value,0,Units,OBS,Observed,0,Zero
FIN,Finland,WKT_STA_TCH,Statutory teaching time,H_Y,Hours per year,INST_EDU_PUB,Public educational institutions,ISCED11_1,Primary education,TE,Teacher,2025,,673,,A,Normal value,0,Units,OBS,Observed,0,Zero
FIN,Finland,WKT_STA_TCH,Statutory teaching time,H_Y,Hours per year,INST_EDU_PUB,Public educational institutions,ISCED11_1,Primary education,TE,Teacher,2023,,673,,A,Normal value,0,Units,OBS,Observed,0,Zero
FIN,Finland,WKT_STA_TCH,Statutory teaching time,H_Y,Hours per year,INST_EDU_PUB,Public educational institutions,ISCED11_1,Primary education,TE,Teacher,2021,,680,,A,Normal value,0,Units,OBS,Observed,0,Zero
FIN,Finland,WKT_STA_TCH,Statutory teaching time,H_Y,Hours per year,INST_EDU_PUB,Public educational institutions,ISCED11_1,Primary education,TE,Teacher,2020,,673,,A,Normal value,0,Units,OBS,Observed,0,Zero
FIN,Finland,WKT_STA_TCH,Statutory teaching time,H_Y,Hours per year,INST_EDU_PUB,Public educational institutions,ISCED11_1,Primary education,TE,Teacher,2019,,677,,A,Normal value,0,Units,OBS,Observed,0,Zero
FIN,Finland,WKT_STA_TCH,Statutory teaching time,H_Y,Hours per year,INST_EDU_PUB,Public educational institutions,ISCED11_1,Primary education,TE,Teacher,2018,,677,,A,Normal value,0,Units,OBS,Observed,0,Zero
FIN,Finland,WKT_STA_TCH,Statutory teaching time,H_Y,Hours per year,INST_EDU_PUB,Public educational institutions,ISCED11_1,Primary education,TE,Teacher,2017,,673,,A,Normal value,0,Units,OBS,Observed,0,Zero
FIN,Finland,WKT_STA_TCH,Statutory teaching time,H_Y,Hours per year,INST_EDU_PUB,Public educational institutions,ISCED11_1,Primary education,TE,Teacher,2016,,680,,A,Normal value,0,Units,OBS,Observed,0,Zero
FIN,Finland,WKT_STA_TCH,Statutory teaching time,H_Y,Hours per year,INST_EDU_PUB,Public educational institutions,ISCED11_1,Primary education,TE,Teacher,2015,,677,,A,Normal value,0,Units,OBS,Observed,0,Zero
FIN,Finland,WKT_STA_TCH,Statutory teaching time,H_Y,Hours per year,INST_EDU_PUB,Public educational institutions,ISCED11_1,Primary education,TE,Teacher,2014,,673,,A,Normal value,0,Units,OBS,Observed,0,Zero
FIN,Finland,WKT_STA_TCH,Statutory teaching time,H_Y,Hours per year,INST_EDU_PUB,Public educational institutions,ISCED11_1,Primary education,TE,Teacher,2013,,673,,A,Normal value,0,Units,OBS,Observed,0,Zero
FIN,Finland,WKT_STA_TCH,Statutory teaching time,H_Y,Hours per year,INST_EDU_PUB,Public educational institutions,ISCED11_1,Primary education,TE,Teacher,2012,,673,,A,Normal value,0,Units,OBS,Observed,0,Zero
FIN,Finland,WKT_STA_TCH,Statutory teaching time,H_Y,Hours per year,INST_EDU_PUB,Public educational institutions,ISCED11_1,Primary education,TE,Teacher,2011,,680,,A,Normal value,0,Units,OBS,Observed,0,Zero
FIN,Finland,WKT_STA_TCH,Statutory teaching time,H_Y,Hours per year,INST_EDU_PUB,Public educational institutions,ISCED11_1,Primary education,TE,Teacher,2010,,680,,A,Normal value,0,Units,OBS,Observed,0,Zero
FIN,Finland,WKT_STA_TCH,Statutory teaching time,H_Y,Hours per year,INST_EDU_PUB,Public educational institutions,ISCED11_1,Primary education,TE,Teacher,2009,,677,,A,Normal value,0,Units,OBS,Observed,0,Zero
FIN,Finland,WKT_STA_TCH,Statutory teaching time,H_Y,Hours per year,INST_EDU_PUB,Public educational institutions,ISCED11_1,Primary education,TE,Teacher,2008,,677,,A,Normal value,0,Units,OBS,Observed,0,Zero
FIN,Finland,WKT_STA_TCH,Statutory teaching time,H_Y,Hours per year,INST_EDU_PUB,Public educational institutions,ISCED11_1,Primary education,TE,Teacher,2007,,677,,A,Normal value,0,Units,OBS,Observed,0,Zero
FIN,Finland,WKT_STA_TCH,Statutory teaching time,H_Y,Hours per year,INST_EDU_PUB,Public educational institutions,ISCED11_1,Primary education,TE,Teacher,2006,,677,,A,Normal value,0,Units,OBS,Observed,0,Zero
FRA,France,WKT_STA_TCH,Statutory teaching time,H_Y,Hours per year,INST_EDU_PUB,Public educational institutions,ISCED11_34,Upper secondary general education,TE,Teacher,2017,,684,,A,Normal value,0,Units,OBS,Observed,0,Zero
FRA,France,WKT_STA_TCH,Statutory teaching time,H_Y,Hours per year,INST_EDU_PUB,Public educational institutions,ISCED11_34,Upper secondary general education,TE,Teacher,2016,,684,,A,Normal value,0,Units,OBS,Observed,0,Zero
FRA,France,WKT_STA_TCH,Statutory teaching time,H_Y,Hours per year,INST_EDU_PUB,Public educational institutions,ISCED11_34,Upper secondary general education,TE,Teacher,2015,,648,,A,Normal value,0,Units,OBS,Observed,0,Zero
FRA,France,WKT_STA_TCH,Statutory teaching time,H_Y,Hours per year,INST_EDU_PUB,Public educational institutions,ISCED11_34,Upper secondary general education,TE,Teacher,2014,,648,,A,Normal value,0,Units,OBS,Observed,0,Zero
FRA,France,WKT_STA_TCH,Statutory teaching time,H_Y,Hours per year,INST_EDU_PUB,Public educational institutions,ISCED11_02,Pre-primary education,TE,Teacher,2010,,924,,A,Normal value,0,Units,OBS,Observed,0,Zero
FRA,France,WKT_STA_TCH,Statutory teaching time,H_Y,Hours per year,INST_EDU_PUB,Public educational institutions,ISCED11_02,Pre-primary education,TE,Teacher,2009,,924,,A,Normal value,0,Units,OBS,Observed,0,Zero
FRA,France,WKT_STA_TCH,Statutory teaching time,H_Y,Hours per year,INST_EDU_PUB,Public educational institutions,ISCED11_02,Pre-primary education,TE,Teacher,2008,,924,,A,Normal value,0,Units,OBS,Observed,0,Zero
FRA,France,WKT_STA_TCH,Statutory teaching time,H_Y,Hours per year,INST_EDU_PUB,Public educational institutions,ISCED11_02,Pre-primary education,TE,Teacher,2007,,924,,A,Normal value,0,Units,OBS,Observed,0,Zero
FRA,France,WKT_STA_TCH,Statutory teaching time,H_Y,Hours per year,INST_EDU_PUB,Public educational institutions,ISCED11_02,Pre-primary education,TE,Teacher,2006,,924,,A,Normal value,0,Units,OBS,Observed,0,Zero
FRA,France,WKT_STA_TCH,Statutory teaching time,H_Y,Hours per year,INST_EDU_PUB,Public educational institutions,ISCED11_02,Pre-primary education,TE,Teacher,2005,,924,,A,Normal value,0,Units,OBS,Observed,0,Zero
FRA,France,WKT_STA_TCH,Statutory teaching time,H_Y,Hours per year,INST_EDU_PUB,Public educational institutions,ISCED11_02,Pre-primary education,TE,Teacher,2000,,924,,A,Normal value,0,Units,OBS,Observed,0,Zero
FRA,France,WKT_STA_TCH,Statutory teaching time,H_Y,Hours per year,INST_EDU_PUB,Public educational institutions,ISCED11_24,Lower secondary general education,TE,Teacher,2025,,,,O,Missing value,0,Units,OBS,Observed,0,Zero
FRA,France,WKT_STA_TCH,Statutory teaching time,H_Y,Hours per year,INST_EDU_PUB,Public educational institutions,ISCED11_1,Primary education,TE,Teacher,2025,,,,O,Missing value,0,Units,OBS,Observed,0,Zero
FRA,France,WKT_STA_TCH,Statutory teaching time,H_Y,Hours per year,INST_EDU_PUB,Public educational institutions,ISCED11_34,Upper secondary general education,TE,Teacher,2025,,,,O,Missing value,0,Units,OBS,Observed,0,Zero
FRA,France,WKT_STA_TCH,Statutory teaching time,H_Y,Hours per year,INST_EDU_PUB,Public educational institutions,ISCED11_34,Upper secondary general education,TE,Teacher,2013,,648,,A,Normal value,0,Units,OBS,Observed,0,Zero
FRA,France,WKT_STA_TCH,Statutory teaching time,H_Y,Hours per year,INST_EDU_PUB,Public educational institutions,ISCED11_34,Upper secondary general education,TE,Teacher,2012,,648,,A,Normal value,0,Units,OBS,Observed,0,Zero
FRA,France,WKT_STA_TCH,Statutory teaching time,H_Y,Hours per year,INST_EDU_PUB,Public educational institutions,ISCED11_34,Upper secondary general education,TE,Teacher,2011,,648,,A,Normal value,0,Units,OBS,Observed,0,Zero
FRA,France,WKT_STA_TCH,Statutory teaching time,H_Y,Hours per year,INST_EDU_PUB,Public educational institutions,ISCED11_34,Upper secondary general education,TE,Teacher,2010,,648,,A,Normal value,0,Units,OBS,Observed,0,Zero
FRA,France,WKT_STA_TCH,Statutory teaching time,H_Y,Hours per year,INST_EDU_PUB,Public educational institutions,ISCED11_34,Upper secondary general education,TE,Teacher,2009,,648,,A,Normal value,0,Units,OBS,Observed,0,Zero
FRA,France,WKT_STA_TCH,Statutory teaching time,H_Y,Hours per year,INST_EDU_PUB,Public educational institutions,ISCED11_34,Upper secondary general education,TE,Teacher,2008,,648,,A,Normal value,0,Units,OBS,Observed,0,Zero
FRA,France,WKT_STA_TCH,Statutory teaching time,H_Y,Hours per year,INST_EDU_PUB,Public educational institutions,ISCED11_34,Upper secondary general education,TE,Teacher,2007,,648,,A,Normal value,0,Units,OBS,Observed,0,Zero
FRA,France,WKT_STA_TCH,Statutory teaching time,H_Y,Hours per year,INST_EDU_PUB,Public educational institutions,ISCED11_34,Upper secondary general education,TE,Teacher,2006,,648,,A,Normal value,0,Units,OBS,Observed,0,Zero
FRA,France,WKT_STA_TCH,Statutory teaching time,H_Y,Hours per year,INST_EDU_PUB,Public educational institutions,ISCED11_34,Upper secondary general education,TE,Teacher,2005,,648,,A,Normal value,0,Units,OBS,Observed,0,Zero
FRA,France,WKT_STA_TCH,Statutory teaching time,H_Y,Hours per year,INST_EDU_PUB,Public educational institutions,ISCED11_34,Upper secondary general education,TE,Teacher,2000,,648,,A,Normal value,0,Units,OBS,Observed,0,Zero
FRA,France,WKT_STA_TCH,Statutory teaching time,H_Y,Hours per year,INST_EDU_PUB,Public educational institutions,ISCED11_02,Pre-primary education,TE,Teacher,2023,,900,,A,Normal value,0,Units,OBS,Observed,0,Zero
FRA,France,WKT_STA_TCH,Statutory teaching time,H_Y,Hours per year,INST_EDU_PUB,Public educational institutions,ISCED11_02,Pre-primary education,TE,Teacher,2021,,900,,A,Normal value,0,Units,OBS,Observed,0,Zero
FRA,France,WKT_STA_TCH,Statutory teaching time,H_Y,Hours per year,INST_EDU_PUB,Public educational institutions,ISCED11_02,Pre-primary education,TE,Teacher,2020,,900,,A,Normal value,0,Units,OBS,Observed,0,Zero
FRA,France,WKT_STA_TCH,Statutory teaching time,H_Y,Hours per year,INST_EDU_PUB,Public educational institutions,ISCED11_02,Pre-primary education,TE,Teacher,2019,,900,,A,Normal value,0,Units,OBS,Observed,0,Zero
FRA,France,WKT_STA_TCH,Statutory teaching time,H_Y,Hours per year,INST_EDU_PUB,Public educational institutions,ISCED11_02,Pre-primary education,TE,Teacher,2018,,900,,A,Normal value,0,Units,OBS,Observed,0,Zero
FRA,France,WKT_STA_TCH,Statutory teaching time,H_Y,Hours per year,INST_EDU_PUB,Public educational institutions,ISCED11_02,Pre-primary education,TE,Teacher,2017,,900,,A,Normal value,0,Units,OBS,Observed,0,Zero
FRA,France,WKT_STA_TCH,Statutory teaching time,H_Y,Hours per year,INST_EDU_PUB,Public educational institutions,ISCED11_02,Pre-primary education,TE,Teacher,2016,,900,,A,Normal value,0,Units,OBS,Observed,0,Zero
FRA,France,WKT_STA_TCH,Statutory teaching time,H_Y,Hours per year,INST_EDU_PUB,Public educational institutions,ISCED11_02,Pre-primary education,TE,Teacher,2015,,900,,A,Normal value,0,Units,OBS,Observed,0,Zero
FRA,France,WKT_STA_TCH,Statutory teaching time,H_Y,Hours per year,INST_EDU_PUB,Public educational institutions,ISCED11_02,Pre-primary education,TE,Teacher,2014,,924,,A,Normal value,0,Units,OBS,Observed,0,Zero
FRA,France,WKT_STA_TCH,Statutory teaching time,H_Y,Hours per year,INST_EDU_PUB,Public educational institutions,ISCED11_02,Pre-primary education,TE,Teacher,2013,,924,,A,Normal value,0,Units,OBS,Observed,0,Zero
FRA,France,WKT_STA_TCH,Statutory teaching time,H_Y,Hours per year,INST_EDU_PUB,Public educational institutions,ISCED11_02,Pre-primary education,TE,Teacher,2012,,924,,A,Normal value,0,Units,OBS,Observed,0,Zero
FRA,France,WKT_STA_TCH,Statutory teaching time,H_Y,Hours per year,INST_EDU_PUB,Public educational institutions,ISCED11_02,Pre-primary education,TE,Teacher,2011,,924,,A,Normal value,0,Units,OBS,Observed,0,Zero
FRA,France,WKT_STA_TCH,Statutory teaching time,H_Y,Hours per year,INST_EDU_PUB,Public educational institutions,ISCED11_24,Lower secondary general education,TE,Teacher,2023,,720,,A,Normal value,0,Units,OBS,Observed,0,Zero
FRA,France,WKT_STA_TCH,Statutory teaching time,H_Y,Hours per year,INST_EDU_PUB,Public educational institutions,ISCED11_24,Lower secondary general education,TE,Teacher,2021,,720,,A,Normal value,0,Units,OBS,Observed,0,Zero
FRA,France,WKT_STA_TCH,Statutory teaching time,H_Y,Hours per year,INST_EDU_PUB,Public educational institutions,ISCED11_24,Lower secondary general education,TE,Teacher,2020,,720,,A,Normal value,0,Units,OBS,Observed,0,Zero
FRA,France,WKT_STA_TCH,Statutory teaching time,H_Y,Hours per year,INST_EDU_PUB,Public educational institutions,ISCED11_24,Lower secondary general education,TE,Teacher,2019,,684,,A,Normal value,0,Units,OBS,Observed,0,Zero
FRA,France,WKT_STA_TCH,Statutory teaching time,H_Y,Hours per year,INST_EDU_PUB,Public educational institutions,ISCED11_24,Lower secondary general education,TE,Teacher,2018,,684,,A,Normal value,0,Units,OBS,Observed,0,Zero
FRA,France,WKT_STA_TCH,Statutory teaching time,H_Y,Hours per year,INST_EDU_PUB,Public educational institutions,ISCED11_24,Lower secondary general education,TE,Teacher,2017,,684,,A,Normal value,0,Units,OBS,Observed,0,Zero
FRA,France,WKT_STA_TCH,Statutory teaching time,H_Y,Hours per year,INST_EDU_PUB,Public educational institutions,ISCED11_24,Lower secondary general education,TE,Teacher,2016,,684,,A,Normal value,0,Units,OBS,Observed,0,Zero
FRA,France,WKT_STA_TCH,Statutory teaching time,H_Y,Hours per year,INST_EDU_PUB,Public educational institutions,ISCED11_24,Lower secondary general education,TE,Teacher,2015,,648,,A,Normal value,0,Units,OBS,Observed,0,Zero
FRA,France,WKT_STA_TCH,Statutory teaching time,H_Y,Hours per year,INST_EDU_PUB,Public educational institutions,ISCED11_24,Lower secondary general education,TE,Teacher,2014,,648,,A,Normal value,0,Units,OBS,Observed,0,Zero
FRA,France,WKT_STA_TCH,Statutory teaching time,H_Y,Hours per year,INST_EDU_PUB,Public educational institutions,ISCED11_24,Lower secondary general education,TE,Teacher,2013,,648,,A,Normal value,0,Units,OBS,Observed,0,Zero
FRA,France,WKT_STA_TCH,Statutory teaching time,H_Y,Hours per year,INST_EDU_PUB,Public educational institutions,ISCED11_24,Lower secondary general education,TE,Teacher,2012,,648,,A,Normal value,0,Units,OBS,Observed,0,Zero
FRA,France,WKT_STA_TCH,Statutory teaching time,H_Y,Hours per year,INST_EDU_PUB,Public educational institutions,ISCED11_24,Lower secondary general education,TE,Teacher,2011,,648,,A,Normal value,0,Units,OBS,Observed,0,Zero
FRA,France,WKT_STA_TCH,Statutory teaching time,H_Y,Hours per year,INST_EDU_PUB,Public educational institutions,ISCED11_24,Lower secondary general education,TE,Teacher,2010,,648,,A,Normal value,0,Units,OBS,Observed,0,Zero
FRA,France,WKT_STA_TCH,Statutory teaching time,H_Y,Hours per year,INST_EDU_PUB,Public educational institutions,ISCED11_24,Lower secondary general education,TE,Teacher,2009,,648,,A,Normal value,0,Units,OBS,Observed,0,Zero
FRA,France,WKT_STA_TCH,Statutory teaching time,H_Y,Hours per year,INST_EDU_PUB,Public educational institutions,ISCED11_24,Lower secondary general education,TE,Teacher,2008,,648,,A,Normal value,0,Units,OBS,Observed,0,Zero
FRA,France,WKT_STA_TCH,Statutory teaching time,H_Y,Hours per year,INST_EDU_PUB,Public educational institutions,ISCED11_24,Lower secondary general education,TE,Teacher,2007,,648,,A,Normal value,0,Units,OBS,Observed,0,Zero
FRA,France,WKT_STA_TCH,Statutory teaching time,H_Y,Hours per year,INST_EDU_PUB,Public educational institutions,ISCED11_24,Lower secondary general education,TE,Teacher,2006,,648,,A,Normal value,0,Units,OBS,Observed,0,Zero
FRA,France,WKT_STA_TCH,Statutory teaching time,H_Y,Hours per year,INST_EDU_PUB,Public educational institutions,ISCED11_24,Lower secondary general education,TE,Teacher,2005,,648,,A,Normal value,0,Units,OBS,Observed,0,Zero
FRA,France,WKT_STA_TCH,Statutory teaching time,H_Y,Hours per year,INST_EDU_PUB,Public educational institutions,ISCED11_24,Lower secondary general education,TE,Teacher,2000,,648,,A,Normal value,0,Units,OBS,Observed,0,Zero
FRA,France,WKT_STA_TCH,Statutory teaching time,H_Y,Hours per year,INST_EDU_PUB,Public educational institutions,ISCED11_1,Primary education,TE,Teacher,2023,,900,,A,Normal value,0,Units,OBS,Observed,0,Zero
FRA,France,WKT_STA_TCH,Statutory teaching time,H_Y,Hours per year,INST_EDU_PUB,Public educational institutions,ISCED11_1,Primary education,TE,Teacher,2021,,900,,A,Normal value,0,Units,OBS,Observed,0,Zero
FRA,France,WKT_STA_TCH,Statutory teaching time,H_Y,Hours per year,INST_EDU_PUB,Public educational institutions,ISCED11_1,Primary education,TE,Teacher,2020,,900,,A,Normal value,0,Units,OBS,Observed,0,Zero
FRA,France,WKT_STA_TCH,Statutory teaching time,H_Y,Hours per year,INST_EDU_PUB,Public educational institutions,ISCED11_1,Primary education,TE,Teacher,2019,,900,,A,Normal value,0,Units,OBS,Observed,0,Zero
FRA,France,WKT_STA_TCH,Statutory teaching time,H_Y,Hours per year,INST_EDU_PUB,Public educational institutions,ISCED11_1,Primary education,TE,Teacher,2018,,900,,A,Normal value,0,Units,OBS,Observed,0,Zero
FRA,France,WKT_STA_TCH,Statutory teaching time,H_Y,Hours per year,INST_EDU_PUB,Public educational institutions,ISCED11_1,Primary education,TE,Teacher,2017,,900,,A,Normal value,0,Units,OBS,Observed,0,Zero
FRA,France,WKT_STA_TCH,Statutory teaching time,H_Y,Hours per year,INST_EDU_PUB,Public educational institutions,ISCED11_1,Primary education,TE,Teacher,2016,,900,,A,Normal value,0,Units,OBS,Observed,0,Zero
FRA,France,WKT_STA_TCH,Statutory teaching time,H_Y,Hours per year,INST_EDU_PUB,Public educational institutions,ISCED11_1,Primary education,TE,Teacher,2015,,900,,A,Normal value,0,Units,OBS,Observed,0,Zero
FRA,France,WKT_STA_TCH,Statutory teaching time,H_Y,Hours per year,INST_EDU_PUB,Public educational institutions,ISCED11_1,Primary education,TE,Teacher,2014,,924,,A,Normal value,0,Units,OBS,Observed,0,Zero
FRA,France,WKT_STA_TCH,Statutory teaching time,H_Y,Hours per year,INST_EDU_PUB,Public educational institutions,ISCED11_1,Primary education,TE,Teacher,2013,,924,,A,Normal value,0,Units,OBS,Observed,0,Zero
FRA,France,WKT_STA_TCH,Statutory teaching time,H_Y,Hours per year,INST_EDU_PUB,Public educational institutions,ISCED11_1,Primary education,TE,Teacher,2012,,924,,A,Normal value,0,Units,OBS,Observed,0,Zero
FRA,France,WKT_STA_TCH,Statutory teaching time,H_Y,Hours per year,INST_EDU_PUB,Public educational institutions,ISCED11_1,Primary education,TE,Teacher,2011,,924,,A,Normal value,0,Units,OBS,Observed,0,Zero
FRA,France,WKT_STA_TCH,Statutory teaching time,H_Y,Hours per year,INST_EDU_PUB,Public educational institutions,ISCED11_1,Primary education,TE,Teacher,2010,,924,,A,Normal value,0,Units,OBS,Observed,0,Zero
FRA,France,WKT_STA_TCH,Statutory teaching time,H_Y,Hours per year,INST_EDU_PUB,Public educational institutions,ISCED11_1,Primary education,TE,Teacher,2009,,924,,A,Normal value,0,Units,OBS,Observed,0,Zero
FRA,France,WKT_STA_TCH,Statutory teaching time,H_Y,Hours per year,INST_EDU_PUB,Public educational institutions,ISCED11_1,Primary education,TE,Teacher,2008,,924,,A,Normal value,0,Units,OBS,Observed,0,Zero
FRA,France,WKT_STA_TCH,Statutory teaching time,H_Y,Hours per year,INST_EDU_PUB,Public educational institutions,ISCED11_1,Primary education,TE,Teacher,2007,,924,,A,Normal value,0,Units,OBS,Observed,0,Zero
FRA,France,WKT_STA_TCH,Statutory teaching time,H_Y,Hours per year,INST_EDU_PUB,Public educational institutions,ISCED11_1,Primary education,TE,Teacher,2006,,924,,A,Normal value,0,Units,OBS,Observed,0,Zero
FRA,France,WKT_STA_TCH,Statutory teaching time,H_Y,Hours per year,INST_EDU_PUB,Public educational institutions,ISCED11_1,Primary education,TE,Teacher,2005,,924,,A,Normal value,0,Units,OBS,Observed,0,Zero
FRA,France,WKT_STA_TCH,Statutory teaching time,H_Y,Hours per year,INST_EDU_PUB,Public educational institutions,ISCED11_1,Primary education,TE,Teacher,2000,,924,,A,Normal value,0,Units,OBS,Observed,0,Zero
FRA,France,WKT_STA_TCH,Statutory teaching time,H_Y,Hours per year,INST_EDU_PUB,Public educational institutions,ISCED11_34,Upper secondary general education,TE,Teacher,2023,,720,,A,Normal value,0,Units,OBS,Observed,0,Zero
FRA,France,WKT_STA_TCH,Statutory teaching time,H_Y,Hours per year,INST_EDU_PUB,Public educational institutions,ISCED11_34,Upper secondary general education,TE,Teacher,2021,,720,,A,Normal value,0,Units,OBS,Observed,0,Zero
FRA,France,WKT_STA_TCH,Statutory teaching time,H_Y,Hours per year,INST_EDU_PUB,Public educational institutions,ISCED11_34,Upper secondary general education,TE,Teacher,2020,,720,,A,Normal value,0,Units,OBS,Observed,0,Zero
FRA,France,WKT_STA_TCH,Statutory teaching time,H_Y,Hours per year,INST_EDU_PUB,Public educational institutions,ISCED11_34,Upper secondary general education,TE,Teacher,2019,,684,,A,Normal value,0,Units,OBS,Observed,0,Zero
DEU,Germany,WKT_STA_TCH,Statutory teaching time,H_Y,Hours per year,INST_EDU_PUB,Public educational institutions,ISCED11_34,Upper secondary general education,TE,Teacher,2019,,622,,A,Normal value,0,Units,OBS,Observed,0,Zero
DEU,Germany,WKT_STA_TCH,Statutory teaching time,H_Y,Hours per year,INST_EDU_PUB,Public educational institutions,ISCED11_34,Upper secondary general education,TE,Teacher,2018,,717,,A,Normal value,0,Units,OBS,Observed,0,Zero
DEU,Germany,WKT_STA_TCH,Statutory teaching time,H_Y,Hours per year,INST_EDU_PUB,Public educational institutions,ISCED11_34,Upper secondary general education,TE,Teacher,2017,,719,,A,Normal value,0,Units,OBS,Observed,0,Zero
DEU,Germany,WKT_STA_TCH,Statutory teaching time,H_Y,Hours per year,INST_EDU_PUB,Public educational institutions,ISCED11_34,Upper secondary general education,TE,Teacher,2016,,716,,A,Normal value,0,Units,OBS,Observed,0,Zero
DEU,Germany,WKT_STA_TCH,Statutory teaching time,H_Y,Hours per year,INST_EDU_PUB,Public educational institutions,ISCED11_02,Pre-primary education,TE,Teacher,2012,,796,,A,Normal value,0,Units,OBS,Observed,0,Zero
DEU,Germany,WKT_STA_TCH,Statutory teaching time,H_Y,Hours per year,INST_EDU_PUB,Public educational institutions,ISCED11_02,Pre-primary education,TE,Teacher,2011,,800,,A,Normal value,0,Units,OBS,Observed,0,Zero
DEU,Germany,WKT_STA_TCH,Statutory teaching time,H_Y,Hours per year,INST_EDU_PUB,Public educational institutions,ISCED11_02,Pre-primary education,TE,Teacher,2010,,802,,A,Normal value,0,Units,OBS,Observed,0,Zero
DEU,Germany,WKT_STA_TCH,Statutory teaching time,H_Y,Hours per year,INST_EDU_PUB,Public educational institutions,ISCED11_02,Pre-primary education,TE,Teacher,2009,,805,,A,Normal value,0,Units,OBS,Observed,0,Zero
DEU,Germany,WKT_STA_TCH,Statutory teaching time,H_Y,Hours per year,INST_EDU_PUB,Public educational institutions,ISCED11_02,Pre-primary education,TE,Teacher,2008,,815,,A,Normal value,0,Units,OBS,Observed,0,Zero
DEU,Germany,WKT_STA_TCH,Statutory teaching time,H_Y,Hours per year,INST_EDU_PUB,Public educational institutions,ISCED11_02,Pre-primary education,TE,Teacher,2007,,815,,A,Normal value,0,Units,OBS,Observed,0,Zero
DEU,Germany,WKT_STA_TCH,Statutory teaching time,H_Y,Hours per year,INST_EDU_PUB,Public educational institutions,ISCED11_02,Pre-primary education,TE,Teacher,2006,,818,,A,Normal value,0,Units,OBS,Observed,0,Zero
DEU,Germany,WKT_STA_TCH,Statutory teaching time,H_Y,Hours per year,INST_EDU_PUB,Public educational institutions,ISCED11_02,Pre-primary education,TE,Teacher,2005,,785,,A,Normal value,0,Units,OBS,Observed,0,Zero
DEU,Germany,WKT_STA_TCH,Statutory teaching time,H_Y,Hours per year,INST_EDU_PUB,Public educational institutions,ISCED11_02,Pre-primary education,TE,Teacher,2000,,752,,A,Normal value,0,Units,OBS,Observed,0,Zero
DEU,Germany,WKT_STA_TCH,Statutory teaching time,H_Y,Hours per year,INST_EDU_PUB,Public educational institutions,ISCED11_34,Upper secondary general education,TE,Teacher,2015,,714,,A,Normal value,0,Units,OBS,Observed,0,Zero
DEU,Germany,WKT_STA_TCH,Statutory teaching time,H_Y,Hours per year,INST_EDU_PUB,Public educational institutions,ISCED11_34,Upper secondary general education,TE,Teacher,2014,,714,,A,Normal value,0,Units,OBS,Observed,0,Zero
DEU,Germany,WKT_STA_TCH,Statutory teaching time,H_Y,Hours per year,INST_EDU_PUB,Public educational institutions,ISCED11_34,Upper secondary general education,TE,Teacher,2013,,715,,A,Normal value,0,Units,OBS,Observed,0,Zero
DEU,Germany,WKT_STA_TCH,Statutory teaching time,H_Y,Hours per year,INST_EDU_PUB,Public educational institutions,ISCED11_34,Upper secondary general education,TE,Teacher,2012,,718,,A,Normal value,0,Units,OBS,Observed,0,Zero
DEU,Germany,WKT_STA_TCH,Statutory teaching time,H_Y,Hours per year,INST_EDU_PUB,Public educational institutions,ISCED11_34,Upper secondary general education,TE,Teacher,2011,,715,,A,Normal value,0,Units,OBS,Observed,0,Zero
DEU,Germany,WKT_STA_TCH,Statutory teaching time,H_Y,Hours per year,INST_EDU_PUB,Public educational institutions,ISCED11_34,Upper secondary general education,TE,Teacher,2010,,713,,A,Normal value,0,Units,OBS,Observed,0,Zero
DEU,Germany,WKT_STA_TCH,Statutory teaching time,H_Y,Hours per year,INST_EDU_PUB,Public educational institutions,ISCED11_34,Upper secondary general education,TE,Teacher,2009,,713,,A,Normal value,0,Units,OBS,Observed,0,Zero
DEU,Germany,WKT_STA_TCH,Statutory teaching time,H_Y,Hours per year,INST_EDU_PUB,Public educational institutions,ISCED11_34,Upper secondary general education,TE,Teacher,2008,,715,,A,Normal value,0,Units,OBS,Observed,0,Zero
DEU,Germany,WKT_STA_TCH,Statutory teaching time,H_Y,Hours per year,INST_EDU_PUB,Public educational institutions,ISCED11_34,Upper secondary general education,TE,Teacher,2007,,714,,A,Normal value,0,Units,OBS,Observed,0,Zero
DEU,Germany,WKT_STA_TCH,Statutory teaching time,H_Y,Hours per year,INST_EDU_PUB,Public educational institutions,ISCED11_34,Upper secondary general education,TE,Teacher,2006,,714,,A,Normal value,0,Units,OBS,Observed,0,Zero
DEU,Germany,WKT_STA_TCH,Statutory teaching time,H_Y,Hours per year,INST_EDU_PUB,Public educational institutions,ISCED11_34,Upper secondary general education,TE,Teacher,2005,,714,,A,Normal value,0,Units,OBS,Observed,0,Zero
DEU,Germany,WKT_STA_TCH,Statutory teaching time,H_Y,Hours per year,INST_EDU_PUB,Public educational institutions,ISCED11_34,Upper secondary general education,TE,Teacher,2000,,690,,A,Normal value,0,Units,OBS,Observed,0,Zero
DEU,Germany,WKT_STA_TCH,Statutory teaching time,H_Y,Hours per year,INST_EDU_PUB,Public educational institutions,ISCED11_02,Pre-primary education,TE,Teacher,2023,,1755,,A,Normal value,0,Units,OBS,Observed,0,Zero
DEU,Germany,WKT_STA_TCH,Statutory teaching time,H_Y,Hours per year,INST_EDU_PUB,Public educational institutions,ISCED11_02,Pre-primary education,TE,Teacher,2021,,1755,,A,Normal value,0,Units,OBS,Observed,0,Zero
DEU,Germany,WKT_STA_TCH,Statutory teaching time,H_Y,Hours per year,INST_EDU_PUB,Public educational institutions,ISCED11_02,Pre-primary education,TE,Teacher,2020,,1755,,A,Normal value,0,Units,OBS,Observed,0,Zero
DEU,Germany,WKT_STA_TCH,Statutory teaching time,H_Y,Hours per year,INST_EDU_PUB,Public educational institutions,ISCED11_02,Pre-primary education,TE,Teacher,2019,,1755,,A,Normal value,0,Units,OBS,Observed,0,Zero
DEU,Germany,WKT_STA_TCH,Statutory teaching time,H_Y,Hours per year,INST_EDU_PUB,Public educational institutions,ISCED11_02,Pre-primary education,TE,Teacher,2018,,1755,,A,Normal value,0,Units,OBS,Observed,0,Zero
DEU,Germany,WKT_STA_TCH,Statutory teaching time,H_Y,Hours per year,INST_EDU_PUB,Public educational institutions,ISCED11_02,Pre-primary education,TE,Teacher,2017,,1755,,A,Normal value,0,Units,OBS,Observed,0,Zero
DEU,Germany,WKT_STA_TCH,Statutory teaching time,H_Y,Hours per year,INST_EDU_PUB,Public educational institutions,ISCED11_02,Pre-primary education,TE,Teacher,2016,,1755,,A,Normal value,0,Units,OBS,Observed,0,Zero
DEU,Germany,WKT_STA_TCH,Statutory teaching time,H_Y,Hours per year,INST_EDU_PUB,Public educational institutions,ISCED11_02,Pre-primary education,TE,Teacher,2015,,1482,,A,Normal value,0,Units,OBS,Observed,0,Zero
DEU,Germany,WKT_STA_TCH,Statutory teaching time,H_Y,Hours per year,INST_EDU_PUB,Public educational institutions,ISCED11_02,Pre-primary education,TE,Teacher,2014,,1482,,A,Normal value,0,Units,OBS,Observed,0,Zero
DEU,Germany,WKT_STA_TCH,Statutory teaching time,H_Y,Hours per year,INST_EDU_PUB,Public educational institutions,ISCED11_02,Pre-primary education,TE,Teacher,2013,,834,,A,Normal value,0,Units,OBS,Observed,0,Zero
DEU,Germany,WKT_STA_TCH,Statutory teaching time,H_Y,Hours per year,INST_EDU_PUB,Public educational institutions,ISCED11_24,Lower secondary general education,TE,Teacher,2025,,642,,A,Normal value,0,Units,OBS,Observed,0,Zero
DEU,Germany,WKT_STA_TCH,Statutory teaching time,H_Y,Hours per year,INST_EDU_PUB,Public educational institutions,ISCED11_24,Lower secondary general education,TE,Teacher,2023,,642,,A,Normal value,0,Units,OBS,Observed,0,Zero
DEU,Germany,WKT_STA_TCH,Statutory teaching time,H_Y,Hours per year,INST_EDU_PUB,Public educational institutions,ISCED11_24,Lower secondary general education,TE,Teacher,2021,,641,,A,Normal value,0,Units,OBS,Observed,0,Zero
DEU,Germany,WKT_STA_TCH,Statutory teaching time,H_Y,Hours per year,INST_EDU_PUB,Public educational institutions,ISCED11_24,Lower secondary general education,TE,Teacher,2020,,641,,A,Normal value,0,Units,OBS,Observed,0,Zero
DEU,Germany,WKT_STA_TCH,Statutory teaching time,H_Y,Hours per year,INST_EDU_PUB,Public educational institutions,ISCED11_24,Lower secondary general education,TE,Teacher,2019,,651,,A,Normal value,0,Units,OBS,Observed,0,Zero
DEU,Germany,WKT_STA_TCH,Statutory teaching time,H_Y,Hours per year,INST_EDU_PUB,Public educational institutions,ISCED11_24,Lower secondary general education,TE,Teacher,2018,,744,,A,Normal value,0,Units,OBS,Observed,0,Zero
DEU,Germany,WKT_STA_TCH,Statutory teaching time,H_Y,Hours per year,INST_EDU_PUB,Public educational institutions,ISCED11_24,Lower secondary general education,TE,Teacher,2017,,747,,A,Normal value,0,Units,OBS,Observed,0,Zero
DEU,Germany,WKT_STA_TCH,Statutory teaching time,H_Y,Hours per year,INST_EDU_PUB,Public educational institutions,ISCED11_24,Lower secondary general education,TE,Teacher,2016,,749,,A,Normal value,0,Units,OBS,Observed,0,Zero
DEU,Germany,WKT_STA_TCH,Statutory teaching time,H_Y,Hours per year,INST_EDU_PUB,Public educational institutions,ISCED11_24,Lower secondary general education,TE,Teacher,2015,,750,,A,Normal value,0,Units,OBS,Observed,0,Zero
DEU,Germany,WKT_STA_TCH,Statutory teaching time,H_Y,Hours per year,INST_EDU_PUB,Public educational institutions,ISCED11_24,Lower secondary general education,TE,Teacher,2014,,750,,A,Normal value,0,Units,OBS,Observed,0,Zero
DEU,Germany,WKT_STA_TCH,Statutory teaching time,H_Y,Hours per year,INST_EDU_PUB,Public educational institutions,ISCED11_24,Lower secondary general education,TE,Teacher,2013,,752,,A,Normal value,0,Units,OBS,Observed,0,Zero
DEU,Germany,WKT_STA_TCH,Statutory teaching time,H_Y,Hours per year,INST_EDU_PUB,Public educational institutions,ISCED11_24,Lower secondary general education,TE,Teacher,2012,,755,,A,Normal value,0,Units,OBS,Observed,0,Zero
DEU,Germany,WKT_STA_TCH,Statutory teaching time,H_Y,Hours per year,INST_EDU_PUB,Public educational institutions,ISCED11_24,Lower secondary general education,TE,Teacher,2011,,757,,A,Normal value,0,Units,OBS,Observed,0,Zero
DEU,Germany,WKT_STA_TCH,Statutory teaching time,H_Y,Hours per year,INST_EDU_PUB,Public educational institutions,ISCED11_24,Lower secondary general education,TE,Teacher,2010,,756,,A,Normal value,0,Units,OBS,Observed,0,Zero
DEU,Germany,WKT_STA_TCH,Statutory teaching time,H_Y,Hours per year,INST_EDU_PUB,Public educational institutions,ISCED11_24,Lower secondary general education,TE,Teacher,2009,,756,,A,Normal value,0,Units,OBS,Observed,0,Zero
DEU,Germany,WKT_STA_TCH,Statutory teaching time,H_Y,Hours per year,INST_EDU_PUB,Public educational institutions,ISCED11_24,Lower secondary general education,TE,Teacher,2008,,756,,A,Normal value,0,Units,OBS,Observed,0,Zero
DEU,Germany,WKT_STA_TCH,Statutory teaching time,H_Y,Hours per year,INST_EDU_PUB,Public educational institutions,ISCED11_24,Lower secondary general education,TE,Teacher,2007,,758,,A,Normal value,0,Units,OBS,Observed,0,Zero
DEU,Germany,WKT_STA_TCH,Statutory teaching time,H_Y,Hours per year,INST_EDU_PUB,Public educational institutions,ISCED11_24,Lower secondary general education,TE,Teacher,2006,,758,,A,Normal value,0,Units,OBS,Observed,0,Zero
DEU,Germany,WKT_STA_TCH,Statutory teaching time,H_Y,Hours per year,INST_EDU_PUB,Public educational institutions,ISCED11_24,Lower secondary general education,TE,Teacher,2005,,758,,A,Normal value,0,Units,OBS,Observed,0,Zero
DEU,Germany,WKT_STA_TCH,Statutory teaching time,H_Y,Hours per year,INST_EDU_PUB,Public educational institutions,ISCED11_24,Lower secondary general education,TE,Teacher,2000,,732,,A,Normal value,0,Units,OBS,Observed,0,Zero
DEU,Germany,WKT_STA_TCH,Statutory teaching time,H_Y,Hours per year,INST_EDU_PUB,Public educational institutions,ISCED11_1,Primary education,TE,Teacher,2025,,691,,A,Normal value,0,Units,OBS,Observed,0,Zero
DEU,Germany,WKT_STA_TCH,Statutory teaching time,H_Y,Hours per year,INST_EDU_PUB,Public educational institutions,ISCED11_1,Primary education,TE,Teacher,2023,,691,,A,Normal value,0,Units,OBS,Observed,0,Zero
DEU,Germany,WKT_STA_TCH,Statutory teaching time,H_Y,Hours per year,INST_EDU_PUB,Public educational institutions,ISCED11_1,Primary education,TE,Teacher,2021,,691,,A,Normal value,0,Units,OBS,Observed,0,Zero
DEU,Germany,WKT_STA_TCH,Statutory teaching time,H_Y,Hours per year,INST_EDU_PUB,Public educational institutions,ISCED11_1,Primary education,TE,Teacher,2020,,691,,A,Normal value,0,Units,OBS,Observed,0,Zero
DEU,Germany,WKT_STA_TCH,Statutory teaching time,H_Y,Hours per year,INST_EDU_PUB,Public educational institutions,ISCED11_1,Primary education,TE,Teacher,2019,,698,,A,Normal value,0,Units,OBS,Observed,0,Zero
DEU,Germany,WKT_STA_TCH,Statutory teaching time,H_Y,Hours per year,INST_EDU_PUB,Public educational institutions,ISCED11_1,Primary education,TE,Teacher,2018,,800,,A,Normal value,0,Units,OBS,Observed,0,Zero
DEU,Germany,WKT_STA_TCH,Statutory teaching time,H_Y,Hours per year,INST_EDU_PUB,Public educational institutions,ISCED11_1,Primary education,TE,Teacher,2017,,801,,A,Normal value,0,Units,OBS,Observed,0,Zero
DEU,Germany,WKT_STA_TCH,Statutory teaching time,H_Y,Hours per year,INST_EDU_PUB,Public educational institutions,ISCED11_1,Primary education,TE,Teacher,2016,,802,,A,Normal value,0,Units,OBS,Observed,0,Zero
DEU,Germany,WKT_STA_TCH,Statutory teaching time,H_Y,Hours per year,INST_EDU_PUB,Public educational institutions,ISCED11_1,Primary education,TE,Teacher,2015,,799,,A,Normal value,0,Units,OBS,Observed,0,Zero
DEU,Germany,WKT_STA_TCH,Statutory teaching time,H_Y,Hours per year,INST_EDU_PUB,Public educational institutions,ISCED11_1,Primary education,TE,Teacher,2014,,800,,A,Normal value,0,Units,OBS,Observed,0,Zero
DEU,Germany,WKT_STA_TCH,Statutory teaching time,H_Y,Hours per year,INST_EDU_PUB,Public educational institutions,ISCED11_1,Primary education,TE,Teacher,2013,,800,,A,Normal value,0,Units,OBS,Observed,0,Zero
DEU,Germany,WKT_STA_TCH,Statutory teaching time,H_Y,Hours per year,INST_EDU_PUB,Public educational institutions,ISCED11_1,Primary education,TE,Teacher,2012,,804,,A,Normal value,0,Units,OBS,Observed,0,Zero
DEU,Germany,WKT_STA_TCH,Statutory teaching time,H_Y,Hours per year,INST_EDU_PUB,Public educational institutions,ISCED11_1,Primary education,TE,Teacher,2011,,804,,A,Normal value,0,Units,OBS,Observed,0,Zero
DEU,Germany,WKT_STA_TCH,Statutory teaching time,H_Y,Hours per year,INST_EDU_PUB,Public educational institutions,ISCED11_1,Primary education,TE,Teacher,2010,,805,,A,Normal value,0,Units,OBS,Observed,0,Zero
DEU,Germany,WKT_STA_TCH,Statutory teaching time,H_Y,Hours per year,INST_EDU_PUB,Public educational institutions,ISCED11_1,Primary education,TE,Teacher,2009,,805,,A,Normal value,0,Units,OBS,Observed,0,Zero
DEU,Germany,WKT_STA_TCH,Statutory teaching time,H_Y,Hours per year,INST_EDU_PUB,Public educational institutions,ISCED11_1,Primary education,TE,Teacher,2008,,805,,A,Normal value,0,Units,OBS,Observed,0,Zero
DEU,Germany,WKT_STA_TCH,Statutory teaching time,H_Y,Hours per year,INST_EDU_PUB,Public educational institutions,ISCED11_1,Primary education,TE,Teacher,2007,,806,,A,Normal value,0,Units,OBS,Observed,0,Zero
DEU,Germany,WKT_STA_TCH,Statutory teaching time,H_Y,Hours per year,INST_EDU_PUB,Public educational institutions,ISCED11_1,Primary education,TE,Teacher,2006,,810,,A,Normal value,0,Units,OBS,Observed,0,Zero
DEU,Germany,WKT_STA_TCH,Statutory teaching time,H_Y,Hours per year,INST_EDU_PUB,Public educational institutions,ISCED11_1,Primary education,TE,Teacher,2005,,808,,A,Normal value,0,Units,OBS,Observed,0,Zero
DEU,Germany,WKT_STA_TCH,Statutory teaching time,H_Y,Hours per year,INST_EDU_PUB,Public educational institutions,ISCED11_1,Primary education,TE,Teacher,2000,,783,,A,Normal value,0,Units,OBS,Observed,0,Zero
DEU,Germany,WKT_STA_TCH,Statutory teaching time,H_Y,Hours per year,INST_EDU_PUB,Public educational institutions,ISCED11_34,Upper secondary general education,TE,Teacher,2025,,620,,A,Normal value,0,Units,OBS,Observed,0,Zero
DEU,Germany,WKT_STA_TCH,Statutory teaching time,H_Y,Hours per year,INST_EDU_PUB,Public educational institutions,ISCED11_34,Upper secondary general education,TE,Teacher,2023,,620,,A,Normal value,0,Units,OBS,Observed,0,Zero
DEU,Germany,WKT_STA_TCH,Statutory teaching time,H_Y,Hours per year,INST_EDU_PUB,Public educational institutions,ISCED11_34,Upper secondary general education,TE,Teacher,2021,,610,,A,Normal value,0,Units,OBS,Observed,0,Zero
ITA,Italy,WKT_STA_TCH,Statutory teaching time,H_Y,Hours per year,INST_EDU_PUB,Public educational institutions,ISCED11_34,Upper secondary general education,TE,Teacher,2021,,608,,A,Normal value,0,Units,OBS,Observed,0,Zero
ITA,Italy,WKT_STA_TCH,Statutory teaching time,H_Y,Hours per year,INST_EDU_PUB,Public educational institutions,ISCED11_34,Upper secondary general education,TE,Teacher,2020,,610,,A,Normal value,0,Units,OBS,Observed,0,Zero
ITA,Italy,WKT_STA_TCH,Statutory teaching time,H_Y,Hours per year,INST_EDU_PUB,Public educational institutions,ISCED11_34,Upper secondary general education,TE,Teacher,2019,,626,,A,Normal value,0,Units,OBS,Observed,0,Zero
ITA,Italy,WKT_STA_TCH,Statutory teaching time,H_Y,Hours per year,INST_EDU_PUB,Public educational institutions,ISCED11_34,Upper secondary general education,TE,Teacher,2018,,617,,A,Normal value,0,Units,OBS,Observed,0,Zero
ITA,Italy,WKT_STA_TCH,Statutory teaching time,H_Y,Hours per year,INST_EDU_PUB,Public educational institutions,ISCED11_02,Pre-primary education,TE,Teacher,2014,,930,,A,Normal value,0,Units,OBS,Observed,0,Zero
ITA,Italy,WKT_STA_TCH,Statutory teaching time,H_Y,Hours per year,INST_EDU_PUB,Public educational institutions,ISCED11_02,Pre-primary education,TE,Teacher,2013,,930,,A,Normal value,0,Units,OBS,Observed,0,Zero
ITA,Italy,WKT_STA_TCH,Statutory teaching time,H_Y,Hours per year,INST_EDU_PUB,Public educational institutions,ISCED11_02,Pre-primary education,TE,Teacher,2012,,930,,A,Normal value,0,Units,OBS,Observed,0,Zero
ITA,Italy,WKT_STA_TCH,Statutory teaching time,H_Y,Hours per year,INST_EDU_PUB,Public educational institutions,ISCED11_02,Pre-primary education,TE,Teacher,2011,,950,,A,Normal value,0,Units,OBS,Observed,0,Zero
ITA,Italy,WKT_STA_TCH,Statutory teaching time,H_Y,Hours per year,INST_EDU_PUB,Public educational institutions,ISCED11_02,Pre-primary education,TE,Teacher,2010,,,,O,Missing value,0,Units,OBS,Observed,0,Zero
ITA,Italy,WKT_STA_TCH,Statutory teaching time,H_Y,Hours per year,INST_EDU_PUB,Public educational institutions,ISCED11_02,Pre-primary education,TE,Teacher,2009,,,,O,Missing value,0,Units,OBS,Observed,0,Zero
ITA,Italy,WKT_STA_TCH,Statutory teaching time,H_Y,Hours per year,INST_EDU_PUB,Public educational institutions,ISCED11_02,Pre-primary education,TE,Teacher,2008,,,,O,Missing value,0,Units,OBS,Observed,0,Zero
ITA,Italy,WKT_STA_TCH,Statutory teaching time,H_Y,Hours per year,INST_EDU_PUB,Public educational institutions,ISCED11_02,Pre-primary education,TE,Teacher,2007,,,,O,Missing value,0,Units,OBS,Observed,0,Zero
ITA,Italy,WKT_STA_TCH,Statutory teaching time,H_Y,Hours per year,INST_EDU_PUB,Public educational institutions,ISCED11_02,Pre-primary education,TE,Teacher,2006,,,,O,Missing value,0,Units,OBS,Observed,0,Zero
ITA,Italy,WKT_STA_TCH,Statutory teaching time,H_Y,Hours per year,INST_EDU_PUB,Public educational institutions,ISCED11_02,Pre-primary education,TE,Teacher,2005,,,,O,Missing value,0,Units,OBS,Observed,0,Zero
ITA,Italy,WKT_STA_TCH,Statutory teaching time,H_Y,Hours per year,INST_EDU_PUB,Public educational institutions,ISCED11_02,Pre-primary education,TE,Teacher,2000,,,,O,Missing value,0,Units,OBS,Observed,0,Zero
ITA,Italy,WKT_STA_TCH,Statutory teaching time,H_Y,Hours per year,INST_EDU_PUB,Public educational institutions,ISCED11_34,Upper secondary general education,TE,Teacher,2017,,626,,A,Normal value,0,Units,OBS,Observed,0,Zero
ITA,Italy,WKT_STA_TCH,Statutory teaching time,H_Y,Hours per year,INST_EDU_PUB,Public educational institutions,ISCED11_34,Upper secondary general education,TE,Teacher,2016,,626,,A,Normal value,0,Units,OBS,Observed,0,Zero
ITA,Italy,WKT_STA_TCH,Statutory teaching time,H_Y,Hours per year,INST_EDU_PUB,Public educational institutions,ISCED11_34,Upper secondary general education,TE,Teacher,2015,,616,,A,Normal value,0,Units,OBS,Observed,0,Zero
ITA,Italy,WKT_STA_TCH,Statutory teaching time,H_Y,Hours per year,INST_EDU_PUB,Public educational institutions,ISCED11_34,Upper secondary general education,TE,Teacher,2014,,616,,A,Normal value,0,Units,OBS,Observed,0,Zero
ITA,Italy,WKT_STA_TCH,Statutory teaching time,H_Y,Hours per year,INST_EDU_PUB,Public educational institutions,ISCED11_34,Upper secondary general education,TE,Teacher,2013,,616,,A,Normal value,0,Units,OBS,Observed,0,Zero
ITA,Italy,WKT_STA_TCH,Statutory teaching time,H_Y,Hours per year,INST_EDU_PUB,Public educational institutions,ISCED11_34,Upper secondary general education,TE,Teacher,2012,,616,,A,Normal value,0,Units,OBS,Observed,0,Zero
ITA,Italy,WKT_STA_TCH,Statutory teaching time,H_Y,Hours per year,INST_EDU_PUB,Public educational institutions,ISCED11_34,Upper secondary general education,TE,Teacher,2011,,630,,A,Normal value,0,Units,OBS,Observed,0,Zero
ITA,Italy,WKT_STA_TCH,Statutory teaching time,H_Y,Hours per year,INST_EDU_PUB,Public educational institutions,ISCED11_34,Upper secondary general education,TE,Teacher,2010,,630,,A,Normal value,0,Units,OBS,Observed,0,Zero
ITA,Italy,WKT_STA_TCH,Statutory teaching time,H_Y,Hours per year,INST_EDU_PUB,Public educational institutions,ISCED11_34,Upper secondary general education,TE,Teacher,2009,,619,,A,Normal value,0,Units,OBS,Observed,0,Zero
ITA,Italy,WKT_STA_TCH,Statutory teaching time,H_Y,Hours per year,INST_EDU_PUB,Public educational institutions,ISCED11_34,Upper secondary general education,TE,Teacher,2008,,601,,A,Normal value,0,Units,OBS,Observed,0,Zero
ITA,Italy,WKT_STA_TCH,Statutory teaching time,H_Y,Hours per year,INST_EDU_PUB,Public educational institutions,ISCED11_34,Upper secondary general education,TE,Teacher,2007,,601,,A,Normal value,0,Units,OBS,Observed,0,Zero
ITA,Italy,WKT_STA_TCH,Statutory teaching time,H_Y,Hours per year,INST_EDU_PUB,Public educational institutions,ISCED11_34,Upper secondary general education,TE,Teacher,2006,,601,,A,Normal value,0,Units,OBS,Observed,0,Zero
ITA,Italy,WKT_STA_TCH,Statutory teaching time,H_Y,Hours per year,INST_EDU_PUB,Public educational institutions,ISCED11_34,Upper secondary general education,TE,Teacher,2005,,605,,A,Normal value,0,Units,OBS,Observed,0,Zero
ITA,Italy,WKT_STA_TCH,Statutory teaching time,H_Y,Hours per year,INST_EDU_PUB,Public educational institutions,ISCED11_34,Upper secondary general education,TE,Teacher,2000,,608,,A,Normal value,0,Units,OBS,Observed,0,Zero
ITA,Italy,WKT_STA_TCH,Statutory teaching time,H_Y,Hours per year,INST_EDU_PUB,Public educational institutions,ISCED11_02,Pre-primary education,TE,Teacher,2023,,945,,A,Normal value,0,Units,OBS,Observed,0,Zero
ITA,Italy,WKT_STA_TCH,Statutory teaching time,H_Y,Hours per year,INST_EDU_PUB,Public educational institutions,ISCED11_02,Pre-primary education,TE,Teacher,2021,,945,,A,Normal value,0,Units,OBS,Observed,0,Zero
ITA,Italy,WKT_STA_TCH,Statutory teaching time,H_Y,Hours per year,INST_EDU_PUB,Public educational institutions,ISCED11_02,Pre-primary education,TE,Teacher,2020,,918,,A,Normal value,0,Units,OBS,Observed,0,Zero
ITA,Italy,WKT_STA_TCH,Statutory teaching time,H_Y,Hours per year,INST_EDU_PUB,Public educational institutions,ISCED11_02,Pre-primary education,TE,Teacher,2019,,945,,A,Normal value,0,Units,OBS,Observed,0,Zero
ITA,Italy,WKT_STA_TCH,Statutory teaching time,H_Y,Hours per year,INST_EDU_PUB,Public educational institutions,ISCED11_02,Pre-primary education,TE,Teacher,2018,,932,,A,Normal value,0,Units,OBS,Observed,0,Zero
ITA,Italy,WKT_STA_TCH,Statutory teaching time,H_Y,Hours per year,INST_EDU_PUB,Public educational institutions,ISCED11_02,Pre-primary education,TE,Teacher,2017,,945,,A,Normal value,0,Units,OBS,Observed,0,Zero
ITA,Italy,WKT_STA_TCH,Statutory teaching time,H_Y,Hours per year,INST_EDU_PUB,Public educational institutions,ISCED11_02,Pre-primary education,TE,Teacher,2016,,945,,A,Normal value,0,Units,OBS,Observed,0,Zero
ITA,Italy,WKT_STA_TCH,Statutory teaching time,H_Y,Hours per year,INST_EDU_PUB,Public educational institutions,ISCED11_02,Pre-primary education,TE,Teacher,2015,,930,,A,Normal value,0,Units,OBS,Observed,0,Zero
ITA,Italy,WKT_STA_TCH,Statutory teaching time,H_Y,Hours per year,INST_EDU_PUB,Public educational institutions,ISCED11_24,Lower secondary general education,TE,Teacher,2025,,616,,A,Normal value,0,Units,OBS,Observed,0,Zero
ITA,Italy,WKT_STA_TCH,Statutory teaching time,H_Y,Hours per year,INST_EDU_PUB,Public educational institutions,ISCED11_24,Lower secondary general education,TE,Teacher,2023,,626,,A,Normal value,0,Units,OBS,Observed,0,Zero
ITA,Italy,WKT_STA_TCH,Statutory teaching time,H_Y,Hours per year,INST_EDU_PUB,Public educational institutions,ISCED11_24,Lower secondary general education,TE,Teacher,2021,,608,,A,Normal value,0,Units,OBS,Observed,0,Zero
ITA,Italy,WKT_STA_TCH,Statutory teaching time,H_Y,Hours per year,INST_EDU_PUB,Public educational institutions,ISCED11_24,Lower secondary general education,TE,Teacher,2020,,610,,A,Normal value,0,Units,OBS,Observed,0,Zero
ITA,Italy,WKT_STA_TCH,Statutory teaching time,H_Y,Hours per year,INST_EDU_PUB,Public educational institutions,ISCED11_24,Lower secondary general education,TE,Teacher,2019,,626,,A,Normal value,0,Units,OBS,Observed,0,Zero
ITA,Italy,WKT_STA_TCH,Statutory teaching time,H_Y,Hours per year,INST_EDU_PUB,Public educational institutions,ISCED11_24,Lower secondary general education,TE,Teacher,2018,,617,,A,Normal value,0,Units,OBS,Observed,0,Zero
ITA,Italy,WKT_STA_TCH,Statutory teaching time,H_Y,Hours per year,INST_EDU_PUB,Public educational institutions,ISCED11_24,Lower secondary general education,TE,Teacher,2017,,626,,A,Normal value,0,Units,OBS,Observed,0,Zero
ITA,Italy,WKT_STA_TCH,Statutory teaching time,H_Y,Hours per year,INST_EDU_PUB,Public educational institutions,ISCED11_24,Lower secondary general education,TE,Teacher,2016,,626,,A,Normal value,0,Units,OBS,Observed,0,Zero
ITA,Italy,WKT_STA_TCH,Statutory teaching time,H_Y,Hours per year,INST_EDU_PUB,Public educational institutions,ISCED11_24,Lower secondary general education,TE,Teacher,2015,,616,,A,Normal value,0,Units,OBS,Observed,0,Zero
ITA,Italy,WKT_STA_TCH,Statutory teaching time,H_Y,Hours per year,INST_EDU_PUB,Public educational institutions,ISCED11_24,Lower secondary general education,TE,Teacher,2014,,616,,A,Normal value,0,Units,OBS,Observed,0,Zero
ITA,Italy,WKT_STA_TCH,Statutory teaching time,H_Y,Hours per year,INST_EDU_PUB,Public educational institutions,ISCED11_24,Lower secondary general education,TE,Teacher,2013,,616,,A,Normal value,0,Units,OBS,Observed,0,Zero
ITA,Italy,WKT_STA_TCH,Statutory teaching time,H_Y,Hours per year,INST_EDU_PUB,Public educational institutions,ISCED11_24,Lower secondary general education,TE,Teacher,2012,,616,,A,Normal value,0,Units,OBS,Observed,0,Zero
ITA,Italy,WKT_STA_TCH,Statutory teaching time,H_Y,Hours per year,INST_EDU_PUB,Public educational institutions,ISCED11_24,Lower secondary general education,TE,Teacher,2011,,630,,A,Normal value,0,Units,OBS,Observed,0,Zero
ITA,Italy,WKT_STA_TCH,Statutory teaching time,H_Y,Hours per year,INST_EDU_PUB,Public educational institutions,ISCED11_24,Lower secondary general education,TE,Teacher,2010,,630,,A,Normal value,0,Units,OBS,Observed,0,Zero
ITA,Italy,WKT_STA_TCH,Statutory teaching time,H_Y,Hours per year,INST_EDU_PUB,Public educational institutions,ISCED11_24,Lower secondary general education,TE,Teacher,2009,,619,,A,Normal value,0,Units,OBS,Observed,0,Zero
ITA,Italy,WKT_STA_TCH,Statutory teaching time,H_Y,Hours per year,INST_EDU_PUB,Public educational institutions,ISCED11_24,Lower secondary general education,TE,Teacher,2008,,601,,A,Normal value,0,Units,OBS,Observed,0,Zero
ITA,Italy,WKT_STA_TCH,Statutory teaching time,H_Y,Hours per year,INST_EDU_PUB,Public educational institutions,ISCED11_24,Lower secondary general education,TE,Teacher,2007,,601,,A,Normal value,0,Units,OBS,Observed,0,Zero
ITA,Italy,WKT_STA_TCH,Statutory teaching time,H_Y,Hours per year,INST_EDU_PUB,Public educational institutions,ISCED11_24,Lower secondary general education,TE,Teacher,2006,,601,,A,Normal value,0,Units,OBS,Observed,0,Zero
ITA,Italy,WKT_STA_TCH,Statutory teaching time,H_Y,Hours per year,INST_EDU_PUB,Public educational institutions,ISCED11_24,Lower secondary general education,TE,Teacher,2005,,605,,A,Normal value,0,Units,OBS,Observed,0,Zero
ITA,Italy,WKT_STA_TCH,Statutory teaching time,H_Y,Hours per year,INST_EDU_PUB,Public educational institutions,ISCED11_24,Lower secondary general education,TE,Teacher,2000,,608,,A,Normal value,0,Units,OBS,Observed,0,Zero
ITA,Italy,WKT_STA_TCH,Statutory teaching time,H_Y,Hours per year,INST_EDU_PUB,Public educational institutions,ISCED11_1,Primary education,TE,Teacher,2025,,752,,A,Normal value,0,Units,OBS,Observed,0,Zero
ITA,Italy,WKT_STA_TCH,Statutory teaching time,H_Y,Hours per year,INST_EDU_PUB,Public educational institutions,ISCED11_1,Primary education,TE,Teacher,2023,,766,,A,Normal value,0,Units,OBS,Observed,0,Zero
ITA,Italy,WKT_STA_TCH,Statutory teaching time,H_Y,Hours per year,INST_EDU_PUB,Public educational institutions,ISCED11_1,Primary education,TE,Teacher,2021,,744,,A,Normal value,0,Units,OBS,Observed,0,Zero
ITA,Italy,WKT_STA_TCH,Statutory teaching time,H_Y,Hours per year,INST_EDU_PUB,Public educational institutions,ISCED11_1,Primary education,TE,Teacher,2020,,746,,A,Normal value,0,Units,OBS,Observed,0,Zero
ITA,Italy,WKT_STA_TCH,Statutory teaching time,H_Y,Hours per year,INST_EDU_PUB,Public educational institutions,ISCED11_1,Primary education,TE,Teacher,2019,,766,,A,Normal value,0,Units,OBS,Observed,0,Zero
ITA,Italy,WKT_STA_TCH,Statutory teaching time,H_Y,Hours per year,INST_EDU_PUB,Public educational institutions,ISCED11_1,Primary education,TE,Teacher,2018,,755,,A,Normal value,0,Units,OBS,Observed,0,Zero
ITA,Italy,WKT_STA_TCH,Statutory teaching time,H_Y,Hours per year,INST_EDU_PUB,Public educational institutions,ISCED11_1,Primary education,TE,Teacher,2017,,766,,A,Normal value,0,Units,OBS,Observed,0,Zero
ITA,Italy,WKT_STA_TCH,Statutory teaching time,H_Y,Hours per year,INST_EDU_PUB,Public educational institutions,ISCED11_1,Primary education,TE,Teacher,2016,,766,,A,Normal value,0,Units,OBS,Observed,0,Zero
ITA,Italy,WKT_STA_TCH,Statutory teaching time,H_Y,Hours per year,INST_EDU_PUB,Public educational institutions,ISCED11_1,Primary education,TE,Teacher,2015,,752,,A,Normal value,0,Units,OBS,Observed,0,Zero
ITA,Italy,WKT_STA_TCH,Statutory teaching time,H_Y,Hours per year,INST_EDU_PUB,Public educational institutions,ISCED11_1,Primary education,TE,Teacher,2014,,752,,A,Normal value,0,Units,OBS,Observed,0,Zero
ITA,Italy,WKT_STA_TCH,Statutory teaching time,H_Y,Hours per year,INST_EDU_PUB,Public educational institutions,ISCED11_1,Primary education,TE,Teacher,2013,,752,,A,Normal value,0,Units,OBS,Observed,0,Zero
ITA,Italy,WKT_STA_TCH,Statutory teaching time,H_Y,Hours per year,INST_EDU_PUB,Public educational institutions,ISCED11_1,Primary education,TE,Teacher,2012,,752,,A,Normal value,0,Units,OBS,Observed,0,Zero
ITA,Italy,WKT_STA_TCH,Statutory teaching time,H_Y,Hours per year,INST_EDU_PUB,Public educational institutions,ISCED11_1,Primary education,TE,Teacher,2011,,770,,A,Normal value,0,Units,OBS,Observed,0,Zero
ITA,Italy,WKT_STA_TCH,Statutory teaching time,H_Y,Hours per year,INST_EDU_PUB,Public educational institutions,ISCED11_1,Primary education,TE,Teacher,2010,,770,,A,Normal value,0,Units,OBS,Observed,0,Zero
ITA,Italy,WKT_STA_TCH,Statutory teaching time,H_Y,Hours per year,INST_EDU_PUB,Public educational institutions,ISCED11_1,Primary education,TE,Teacher,2009,,757,,A,Normal value,0,Units,OBS,Observed,0,Zero
ITA,Italy,WKT_STA_TCH,Statutory teaching time,H_Y,Hours per year,INST_EDU_PUB,Public educational institutions,ISCED11_1,Primary education,TE,Teacher,2008,,735,,A,Normal value,0,Units,OBS,Observed,0,Zero
ITA,Italy,WKT_STA_TCH,Statutory teaching time,H_Y,Hours per year,INST_EDU_PUB,Public educational institutions,ISCED11_1,Primary education,TE,Teacher,2007,,735,,A,Normal value,0,Units,OBS,Observed,0,Zero
ITA,Italy,WKT_STA_TCH,Statutory teaching time,H_Y,Hours per year,INST_EDU_PUB,Public educational institutions,ISCED11_1,Primary education,TE,Teacher,2006,,735,,A,Normal value,0,Units,OBS,Observed,0,Zero
ITA,Italy,WKT_STA_TCH,Statutory teaching time,H_Y,Hours per year,INST_EDU_PUB,Public educational institutions,ISCED11_1,Primary education,TE,Teacher,2005,,739,,A,Normal value,0,Units,OBS,Observed,0,Zero
ITA,Italy,WKT_STA_TCH,Statutory teaching time,H_Y,Hours per year,INST_EDU_PUB,Public educational institutions,ISCED11_1,Primary education,TE,Teacher,2000,,744,,A,Normal value,0,Units,OBS,Observed,0,Zero
ITA,Italy,WKT_STA_TCH,Statutory teaching time,H_Y,Hours per year,INST_EDU_PUB,Public educational institutions,ISCED11_34,Upper secondary general education,TE,Teacher,2025,,616,,A,Normal value,0,Units,OBS,Observed,0,Zero
NLD,Netherlands,WKT_STA_TCH,Statutory teaching time,H_Y,Hours per year,INST_EDU_PUB,Public educational institutions,ISCED11_34,Upper secondary general education,TE,Teacher,2021,,720,,A,Normal value,0,Units,OBS,Observed,0,Zero
NLD,Netherlands,WKT_STA_TCH,Statutory teaching time,H_Y,Hours per year,INST_EDU_PUB,Public educational institutions,ISCED11_34,Upper secondary general education,TE,Teacher,2020,,720,,A,Normal value,0,Units,OBS,Observed,0,Zero
NLD,Netherlands,WKT_STA_TCH,Statutory teaching time,H_Y,Hours per year,INST_EDU_PUB,Public educational institutions,ISCED11_34,Upper secondary general education,TE,Teacher,2019,,720,,A,Normal value,0,Units,OBS,Observed,0,Zero
NLD,Netherlands,WKT_STA_TCH,Statutory teaching time,H_Y,Hours per year,INST_EDU_PUB,Public educational institutions,ISCED11_34,Upper secondary general education,TE,Teacher,2018,,750,,A,Normal value,0,Units,OBS,Observed,0,Zero
NLD,Netherlands,WKT_STA_TCH,Statutory teaching time,H_Y,Hours per year,INST_EDU_PUB,Public educational institutions,ISCED11_02,Pre-primary education,TE,Teacher,2014,,930,,A,Normal value,0,Units,OBS,Observed,0,Zero
NLD,Netherlands,WKT_STA_TCH,Statutory teaching time,H_Y,Hours per year,INST_EDU_PUB,Public educational institutions,ISCED11_02,Pre-primary education,TE,Teacher,2013,,930,,A,Normal value,0,Units,OBS,Observed,0,Zero
NLD,Netherlands,WKT_STA_TCH,Statutory teaching time,H_Y,Hours per year,INST_EDU_PUB,Public educational institutions,ISCED11_02,Pre-primary education,TE,Teacher,2012,,930,,A,Normal value,0,Units,OBS,Observed,0,Zero
NLD,Netherlands,WKT_STA_TCH,Statutory teaching time,H_Y,Hours per year,INST_EDU_PUB,Public educational institutions,ISCED11_02,Pre-primary education,TE,Teacher,2011,,930,,A,Normal value,0,Units,OBS,Observed,0,Zero
NLD,Netherlands,WKT_STA_TCH,Statutory teaching time,H_Y,Hours per year,INST_EDU_PUB,Public educational institutions,ISCED11_02,Pre-primary education,TE,Teacher,2010,,,,O,Missing value,0,Units,OBS,Observed,0,Zero
NLD,Netherlands,WKT_STA_TCH,Statutory teaching time,H_Y,Hours per year,INST_EDU_PUB,Public educational institutions,ISCED11_02,Pre-primary education,TE,Teacher,2009,,,,O,Missing value,0,Units,OBS,Observed,0,Zero
NLD,Netherlands,WKT_STA_TCH,Statutory teaching time,H_Y,Hours per year,INST_EDU_PUB,Public educational institutions,ISCED11_02,Pre-primary education,TE,Teacher,2008,,,,O,Missing value,0,Units,OBS,Observed,0,Zero
NLD,Netherlands,WKT_STA_TCH,Statutory teaching time,H_Y,Hours per year,INST_EDU_PUB,Public educational institutions,ISCED11_02,Pre-primary education,TE,Teacher,2007,,,,O,Missing value,0,Units,OBS,Observed,0,Zero
NLD,Netherlands,WKT_STA_TCH,Statutory teaching time,H_Y,Hours per year,INST_EDU_PUB,Public educational institutions,ISCED11_02,Pre-primary education,TE,Teacher,2006,,,,O,Missing value,0,Units,OBS,Observed,0,Zero
NLD,Netherlands,WKT_STA_TCH,Statutory teaching time,H_Y,Hours per year,INST_EDU_PUB,Public educational institutions,ISCED11_02,Pre-primary education,TE,Teacher,2005,,,,O,Missing value,0,Units,OBS,Observed,0,Zero
NLD,Netherlands,WKT_STA_TCH,Statutory teaching time,H_Y,Hours per year,INST_EDU_PUB,Public educational institutions,ISCED11_02,Pre-primary education,TE,Teacher,2000,,,,O,Missing value,0,Units,OBS,Observed,0,Zero
NLD,Netherlands,WKT_STA_TCH,Statutory teaching time,H_Y,Hours per year,INST_EDU_PUB,Public educational institutions,ISCED11_34,Upper secondary general education,TE,Teacher,2017,,750,,A,Normal value,0,Units,OBS,Observed,0,Zero
NLD,Netherlands,WKT_STA_TCH,Statutory teaching time,H_Y,Hours per year,INST_EDU_PUB,Public educational institutions,ISCED11_34,Upper secondary general education,TE,Teacher,2016,,750,,A,Normal value,0,Units,OBS,Observed,0,Zero
NLD,Netherlands,WKT_STA_TCH,Statutory teaching time,H_Y,Hours per year,INST_EDU_PUB,Public educational institutions,ISCED11_34,Upper secondary general education,TE,Teacher,2015,,750,,A,Normal value,0,Units,OBS,Observed,0,Zero
NLD,Netherlands,WKT_STA_TCH,Statutory teaching time,H_Y,Hours per year,INST_EDU_PUB,Public educational institutions,ISCED11_34,Upper secondary general education,TE,Teacher,2014,,750,,A,Normal value,0,Units,OBS,Observed,0,Zero
NLD,Netherlands,WKT_STA_TCH,Statutory teaching time,H_Y,Hours per year,INST_EDU_PUB,Public educational institutions,ISCED11_34,Upper secondary general education,TE,Teacher,2013,,750,,A,Normal value,0,Units,OBS,Observed,0,Zero
NLD,Netherlands,WKT_STA_TCH,Statutory teaching time,H_Y,Hours per year,INST_EDU_PUB,Public educational institutions,ISCED11_34,Upper secondary general education,TE,Teacher,2012,,750,,A,Normal value,0,Units,OBS,Observed,0,Zero
NLD,Netherlands,WKT_STA_TCH,Statutory teaching time,H_Y,Hours per year,INST_EDU_PUB,Public educational institutions,ISCED11_34,Upper secondary general education,TE,Teacher,2011,,750,,A,Normal value,0,Units,OBS,Observed,0,Zero
NLD,Netherlands,WKT_STA_TCH,Statutory teaching time,H_Y,Hours per year,INST_EDU_PUB,Public educational institutions,ISCED11_34,Upper secondary general education,TE,Teacher,2010,,750,,A,Normal value,0,Units,OBS,Observed,0,Zero
NLD,Netherlands,WKT_STA_TCH,Statutory teaching time,H_Y,Hours per year,INST_EDU_PUB,Public educational institutions,ISCED11_34,Upper secondary general education,TE,Teacher,2009,,750,,A,Normal value,0,Units,OBS,Observed,0,Zero
NLD,Netherlands,WKT_STA_TCH,Statutory teaching time,H_Y,Hours per year,INST_EDU_PUB,Public educational institutions,ISCED11_34,Upper secondary general education,TE,Teacher,2008,,750,,A,Normal value,0,Units,OBS,Observed,0,Zero
NLD,Netherlands,WKT_STA_TCH,Statutory teaching time,H_Y,Hours per year,INST_EDU_PUB,Public educational institutions,ISCED11_34,Upper secondary general education,TE,Teacher,2007,,750,,A,Normal value,0,Units,OBS,Observed,0,Zero
NLD,Netherlands,WKT_STA_TCH,Statutory teaching time,H_Y,Hours per year,INST_EDU_PUB,Public educational institutions,ISCED11_34,Upper secondary general education,TE,Teacher,2006,,750,,A,Normal value,0,Units,OBS,Observed,0,Zero
NLD,Netherlands,WKT_STA_TCH,Statutory teaching time,H_Y,Hours per year,INST_EDU_PUB,Public educational institutions,ISCED11_34,Upper secondary general education,TE,Teacher,2005,,750,,A,Normal value,0,Units,OBS,Observed,0,Zero
NLD,Netherlands,WKT_STA_TCH,Statutory teaching time,H_Y,Hours per year,INST_EDU_PUB,Public educational institutions,ISCED11_34,Upper secondary general education,TE,Teacher,2000,,867,,A,Normal value,0,Units,OBS,Observed,0,Zero
NLD,Netherlands,WKT_STA_TCH,Statutory teaching time,H_Y,Hours per year,INST_EDU_PUB,Public educational institutions,ISCED11_02,Pre-primary education,TE,Teacher,2023,,940,,A,Normal value,0,Units,OBS,Observed,0,Zero
NLD,Netherlands,WKT_STA_TCH,Statutory teaching time,H_Y,Hours per year,INST_EDU_PUB,Public educational institutions,ISCED11_02,Pre-primary education,TE,Teacher,2021,,940,,A,Normal value,0,Units,OBS,Observed,0,Zero
NLD,Netherlands,WKT_STA_TCH,Statutory teaching time,H_Y,Hours per year,INST_EDU_PUB,Public educational institutions,ISCED11_02,Pre-primary education,TE,Teacher,2020,,940,,A,Normal value,0,Units,OBS,Observed,0,Zero
NLD,Netherlands,WKT_STA_TCH,Statutory teaching time,H_Y,Hours per year,INST_EDU_PUB,Public educational institutions,ISCED11_02,Pre-primary education,TE,Teacher,2019,,930,,A,Normal value,0,Units,OBS,Observed,0,Zero
NLD,Netherlands,WKT_STA_TCH,Statutory teaching time,H_Y,Hours per year,INST_EDU_PUB,Public educational institutions,ISCED11_02,Pre-primary education,TE,Teacher,2018,,930,,A,Normal value,0,Units,OBS,Observed,0,Zero
NLD,Netherlands,WKT_STA_TCH,Statutory teaching time,H_Y,Hours per year,INST_EDU_PUB,Public educational institutions,ISCED11_02,Pre-primary education,TE,Teacher,2017,,930,,A,Normal value,0,Units,OBS,Observed,0,Zero
NLD,Netherlands,WKT_STA_TCH,Statutory teaching time,H_Y,Hours per year,INST_EDU_PUB,Public educational institutions,ISCED11_02,Pre-primary education,TE,Teacher,2016,,930,,A,Normal value,0,Units,OBS,Observed,0,Zero
NLD,Netherlands,WKT_STA_TCH,Statutory teaching time,H_Y,Hours per year,INST_EDU_PUB,Public educational institutions,ISCED11_02,Pre-primary education,TE,Teacher,2015,,930,,A,Normal value,0,Units,OBS,Observed,0,Zero
NLD,Netherlands,WKT_STA_TCH,Statutory teaching time,H_Y,Hours per year,INST_EDU_PUB,Public educational institutions,ISCED11_24,Lower secondary general education,TE,Teacher,2025,,720,,A,Normal value,0,Units,OBS,Observed,0,Zero
NLD,Netherlands,WKT_STA_TCH,Statutory teaching time,H_Y,Hours per year,INST_EDU_PUB,Public educational institutions,ISCED11_24,Lower secondary general education,TE,Teacher,2023,,720,,A,Normal value,0,Units,OBS,Observed,0,Zero
NLD,Netherlands,WKT_STA_TCH,Statutory teaching time,H_Y,Hours per year,INST_EDU_PUB,Public educational institutions,ISCED11_24,Lower secondary general education,TE,Teacher,2021,,720,,A,Normal value,0,Units,OBS,Observed,0,Zero
NLD,Netherlands,WKT_STA_TCH,Statutory teaching time,H_Y,Hours per year,INST_EDU_PUB,Public educational institutions,ISCED11_24,Lower secondary general education,TE,Teacher,2020,,720,,A,Normal value,0,Units,OBS,Observed,0,Zero
NLD,Netherlands,WKT_STA_TCH,Statutory teaching time,H_Y,Hours per year,INST_EDU_PUB,Public educational institutions,ISCED11_24,Lower secondary general education,TE,Teacher,2019,,720,,A,Normal value,0,Units,OBS,Observed,0,Zero
NLD,Netherlands,WKT_STA_TCH,Statutory teaching time,H_Y,Hours per year,INST_EDU_PUB,Public educational institutions,ISCED11_24,Lower secondary general education,TE,Teacher,2018,,750,,A,Normal value,0,Units,OBS,Observed,0,Zero
NLD,Netherlands,WKT_STA_TCH,Statutory teaching time,H_Y,Hours per year,INST_EDU_PUB,Public educational institutions,ISCED11_24,Lower secondary general education,TE,Teacher,2017,,750,,A,Normal value,0,Units,OBS,Observed,0,Zero
NLD,Netherlands,WKT_STA_TCH,Statutory teaching time,H_Y,Hours per year,INST_EDU_PUB,Public educational institutions,ISCED11_24,Lower secondary general education,TE,Teacher,2016,,750,,A,Normal value,0,Units,OBS,Observed,0,Zero
NLD,Netherlands,WKT_STA_TCH,Statutory teaching time,H_Y,Hours per year,INST_EDU_PUB,Public educational institutions,ISCED11_24,Lower secondary general education,TE,Teacher,2015,,750,,A,Normal value,0,Units,OBS,Observed,0,Zero
NLD,Netherlands,WKT_STA_TCH,Statutory teaching time,H_Y,Hours per year,INST_EDU_PUB,Public educational institutions,ISCED11_24,Lower secondary general education,TE,Teacher,2014,,750,,A,Normal value,0,Units,OBS,Observed,0,Zero
NLD,Netherlands,WKT_STA_TCH,Statutory teaching time,H_Y,Hours per year,INST_EDU_PUB,Public educational institutions,ISCED11_24,Lower secondary general education,TE,Teacher,2013,,750,,A,Normal value,0,Units,OBS,Observed,0,Zero
NLD,Netherlands,WKT_STA_TCH,Statutory teaching time,H_Y,Hours per year,INST_EDU_PUB,Public educational institutions,ISCED11_24,Lower secondary general education,TE,Teacher,2012,,750,,A,Normal value,0,Units,OBS,Observed,0,Zero
NLD,Netherlands,WKT_STA_TCH,Statutory teaching time,H_Y,Hours per year,INST_EDU_PUB,Public educational institutions,ISCED11_24,Lower secondary general education,TE,Teacher,2011,,750,,A,Normal value,0,Units,OBS,Observed,0,Zero
NLD,Netherlands,WKT_STA_TCH,Statutory teaching time,H_Y,Hours per year,INST_EDU_PUB,Public educational institutions,ISCED11_24,Lower secondary general education,TE,Teacher,2010,,750,,A,Normal value,0,Units,OBS,Observed,0,Zero
NLD,Netherlands,WKT_STA_TCH,Statutory teaching time,H_Y,Hours per year,INST_EDU_PUB,Public educational institutions,ISCED11_24,Lower secondary general education,TE,Teacher,2009,,750,,A,Normal value,0,Units,OBS,Observed,0,Zero
NLD,Netherlands,WKT_STA_TCH,Statutory teaching time,H_Y,Hours per year,INST_EDU_PUB,Public educational institutions,ISCED11_24,Lower secondary general education,TE,Teacher,2008,,750,,A,Normal value,0,Units,OBS,Observed,0,Zero
NLD,Netherlands,WKT_STA_TCH,Statutory teaching time,H_Y,Hours per year,INST_EDU_PUB,Public educational institutions,ISCED11_24,Lower secondary general education,TE,Teacher,2007,,750,,A,Normal value,0,Units,OBS,Observed,0,Zero
NLD,Netherlands,WKT_STA_TCH,Statutory teaching time,H_Y,Hours per year,INST_EDU_PUB,Public educational institutions,ISCED11_24,Lower secondary general education,TE,Teacher,2006,,750,,A,Normal value,0,Units,OBS,Observed,0,Zero
NLD,Netherlands,WKT_STA_TCH,Statutory teaching time,H_Y,Hours per year,INST_EDU_PUB,Public educational institutions,ISCED11_24,Lower secondary general education,TE,Teacher,2005,,750,,A,Normal value,0,Units,OBS,Observed,0,Zero
NLD,Netherlands,WKT_STA_TCH,Statutory teaching time,H_Y,Hours per year,INST_EDU_PUB,Public educational institutions,ISCED11_24,Lower secondary general education,TE,Teacher,2000,,867,,A,Normal value,0,Units,OBS,Observed,0,Zero
NLD,Netherlands,WKT_STA_TCH,Statutory teaching time,H_Y,Hours per year,INST_EDU_PUB,Public educational institutions,ISCED11_1,Primary education,TE,Teacher,2025,,940,,A,Normal value,0,Units,OBS,Observed,0,Zero
NLD,Netherlands,WKT_STA_TCH,Statutory teaching time,H_Y,Hours per year,INST_EDU_PUB,Public educational institutions,ISCED11_1,Primary education,TE,Teacher,2023,,940,,A,Normal value,0,Units,OBS,Observed,0,Zero
NLD,Netherlands,WKT_STA_TCH,Statutory teaching time,H_Y,Hours per year,INST_EDU_PUB,Public educational institutions,ISCED11_1,Primary education,TE,Teacher,2021,,940,,A,Normal value,0,Units,OBS,Observed,0,Zero
NLD,Netherlands,WKT_STA_TCH,Statutory teaching time,H_Y,Hours per year,INST_EDU_PUB,Public educational institutions,ISCED11_1,Primary education,TE,Teacher,2020,,940,,A,Normal value,0,Units,OBS,Observed,0,Zero
NLD,Netherlands,WKT_STA_TCH,Statutory teaching time,H_Y,Hours per year,INST_EDU_PUB,Public educational institutions,ISCED11_1,Primary education,TE,Teacher,2019,,930,,A,Normal value,0,Units,OBS,Observed,0,Zero
NLD,Netherlands,WKT_STA_TCH,Statutory teaching time,H_Y,Hours per year,INST_EDU_PUB,Public educational institutions,ISCED11_1,Primary education,TE,Teacher,2018,,930,,A,Normal value,0,Units,OBS,Observed,0,Zero
NLD,Netherlands,WKT_STA_TCH,Statutory teaching time,H_Y,Hours per year,INST_EDU_PUB,Public educational institutions,ISCED11_1,Primary education,TE,Teacher,2017,,930,,A,Normal value,0,Units,OBS,Observed,0,Zero
NLD,Netherlands,WKT_STA_TCH,Statutory teaching time,H_Y,Hours per year,INST_EDU_PUB,Public educational institutions,ISCED11_1,Primary education,TE,Teacher,2016,,930,,A,Normal value,0,Units,OBS,Observed,0,Zero
NLD,Netherlands,WKT_STA_TCH,Statutory teaching time,H_Y,Hours per year,INST_EDU_PUB,Public educational institutions,ISCED11_1,Primary education,TE,Teacher,2015,,930,,A,Normal value,0,Units,OBS,Observed,0,Zero
NLD,Netherlands,WKT_STA_TCH,Statutory teaching time,H_Y,Hours per year,INST_EDU_PUB,Public educational institutions,ISCED11_1,Primary education,TE,Teacher,2014,,930,,A,Normal value,0,Units,OBS,Observed,0,Zero
NLD,Netherlands,WKT_STA_TCH,Statutory teaching time,H_Y,Hours per year,INST_EDU_PUB,Public educational institutions,ISCED11_1,Primary education,TE,Teacher,2013,,930,,A,Normal value,0,Units,OBS,Observed,0,Zero
NLD,Netherlands,WKT_STA_TCH,Statutory teaching time,H_Y,Hours per year,INST_EDU_PUB,Public educational institutions,ISCED11_1,Primary education,TE,Teacher,2012,,930,,A,Normal value,0,Units,OBS,Observed,0,Zero
NLD,Netherlands,WKT_STA_TCH,Statutory teaching time,H_Y,Hours per year,INST_EDU_PUB,Public educational institutions,ISCED11_1,Primary education,TE,Teacher,2011,,930,,A,Normal value,0,Units,OBS,Observed,0,Zero
NLD,Netherlands,WKT_STA_TCH,Statutory teaching time,H_Y,Hours per year,INST_EDU_PUB,Public educational institutions,ISCED11_1,Primary education,TE,Teacher,2010,,930,,A,Normal value,0,Units,OBS,Observed,0,Zero
NLD,Netherlands,WKT_STA_TCH,Statutory teaching time,H_Y,Hours per year,INST_EDU_PUB,Public educational institutions,ISCED11_1,Primary education,TE,Teacher,2009,,930,,A,Normal value,0,Units,OBS,Observed,0,Zero
NLD,Netherlands,WKT_STA_TCH,Statutory teaching time,H_Y,Hours per year,INST_EDU_PUB,Public educational institutions,ISCED11_1,Primary education,TE,Teacher,2008,,930,,A,Normal value,0,Units,OBS,Observed,0,Zero
NLD,Netherlands,WKT_STA_TCH,Statutory teaching time,H_Y,Hours per year,INST_EDU_PUB,Public educational institutions,ISCED11_1,Primary education,TE,Teacher,2007,,930,,A,Normal value,0,Units,OBS,Observed,0,Zero
NLD,Netherlands,WKT_STA_TCH,Statutory teaching time,H_Y,Hours per year,INST_EDU_PUB,Public educational institutions,ISCED11_1,Primary education,TE,Teacher,2006,,930,,A,Normal value,0,Units,OBS,Observed,0,Zero
NLD,Netherlands,WKT_STA_TCH,Statutory teaching time,H_Y,Hours per year,INST_EDU_PUB,Public educational institutions,ISCED11_1,Primary education,TE,Teacher,2005,,930,,A,Normal value,0,Units,OBS,Observed,0,Zero
NLD,Netherlands,WKT_STA_TCH,Statutory teaching time,H_Y,Hours per year,INST_EDU_PUB,Public educational institutions,ISCED11_1,Primary education,TE,Teacher,2000,,930,,A,Normal value,0,Units,OBS,Observed,0,Zero
NLD,Netherlands,WKT_STA_TCH,Statutory teaching time,H_Y,Hours per year,INST_EDU_PUB,Public educational institutions,ISCED11_34,Upper secondary general education,TE,Teacher,2025,,720,,A,Normal value,0,Units,OBS,Observed,0,Zero
POL,Poland,WKT_STA_TCH,Statutory teaching time,H_Y,Hours per year,INST_EDU_PUB,Public educational institutions,ISCED11_34,Upper secondary general education,TE,Teacher,2015,,481,,A,Normal value,0,Units,OBS,Observed,0,Zero
POL,Poland,WKT_STA_TCH,Statutory teaching time,H_Y,Hours per year,INST_EDU_PUB,Public educational institutions,ISCED11_34,Upper secondary general education,TE,Teacher,2014,,478,,A,Normal value,0,Units,OBS,Observed,0,Zero
POL,Poland,WKT_STA_TCH,Statutory teaching time,H_Y,Hours per year,INST_EDU_PUB,Public educational institutions,ISCED11_34,Upper secondary general education,TE,Teacher,2013,,483,,A,Normal value,0,Units,OBS,Observed,0,Zero
POL,Poland,WKT_STA_TCH,Statutory teaching time,H_Y,Hours per year,INST_EDU_PUB,Public educational institutions,ISCED11_34,Upper secondary general education,TE,Teacher,2012,,486,,A,Normal value,0,Units,OBS,Observed,0,Zero
POL,Poland,WKT_STA_TCH,Statutory teaching time,H_Y,Hours per year,INST_EDU_PUB,Public educational institutions,ISCED11_1,Primary education,TE,Teacher,2007,,,,O,Missing value,0,Units,OBS,Observed,0,Zero
POL,Poland,WKT_STA_TCH,Statutory teaching time,H_Y,Hours per year,INST_EDU_PUB,Public educational institutions,ISCED11_1,Primary education,TE,Teacher,2006,,,,O,Missing value,0,Units,OBS,Observed,0,Zero
POL,Poland,WKT_STA_TCH,Statutory teaching time,H_Y,Hours per year,INST_EDU_PUB,Public educational institutions,ISCED11_1,Primary education,TE,Teacher,2005,,,,O,Missing value,0,Units,OBS,Observed,0,Zero
POL,Poland,WKT_STA_TCH,Statutory teaching time,H_Y,Hours per year,INST_EDU_PUB,Public educational institutions,ISCED11_1,Primary education,TE,Teacher,2000,,,,O,Missing value,0,Units,OBS,Observed,0,Zero
POL,Poland,WKT_STA_TCH,Statutory teaching time,H_Y,Hours per year,INST_EDU_PUB,Public educational institutions,ISCED11_34,Upper secondary general education,TE,Teacher,2007,,,,O,Missing value,0,Units,OBS,Observed,0,Zero
POL,Poland,WKT_STA_TCH,Statutory teaching time,H_Y,Hours per year,INST_EDU_PUB,Public educational institutions,ISCED11_34,Upper secondary general education,TE,Teacher,2006,,,,O,Missing value,0,Units,OBS,Observed,0,Zero
POL,Poland,WKT_STA_TCH,Statutory teaching time,H_Y,Hours per year,INST_EDU_PUB,Public educational institutions,ISCED11_34,Upper secondary general education,TE,Teacher,2005,,,,O,Missing value,0,Units,OBS,Observed,0,Zero
POL,Poland,WKT_STA_TCH,Statutory teaching time,H_Y,Hours per year,INST_EDU_PUB,Public educational institutions,ISCED11_34,Upper secondary general education,TE,Teacher,2000,,,,O,Missing value,0,Units,OBS,Observed,0,Zero
POL,Poland,WKT_STA_TCH,Statutory teaching time,H_Y,Hours per year,INST_EDU_PUB,Public educational institutions,ISCED11_02,Pre-primary education,TE,Teacher,2007,,,,O,Missing value,0,Units,OBS,Observed,0,Zero
POL,Poland,WKT_STA_TCH,Statutory teaching time,H_Y,Hours per year,INST_EDU_PUB,Public educational institutions,ISCED11_02,Pre-primary education,TE,Teacher,2006,,,,O,Missing value,0,Units,OBS,Observed,0,Zero
POL,Poland,WKT_STA_TCH,Statutory teaching time,H_Y,Hours per year,INST_EDU_PUB,Public educational institutions,ISCED11_02,Pre-primary education,TE,Teacher,2005,,,,O,Missing value,0,Units,OBS,Observed,0,Zero
POL,Poland,WKT_STA_TCH,Statutory teaching time,H_Y,Hours per year,INST_EDU_PUB,Public educational institutions,ISCED11_02,Pre-primary education,TE,Teacher,2000,,,,O,Missing value,0,Units,OBS,Observed,0,Zero
POL,Poland,WKT_STA_TCH,Statutory teaching time,H_Y,Hours per year,INST_EDU_PUB,Public educational institutions,ISCED11_34,Upper secondary general education,TE,Teacher,2011,,472,,A,Normal value,0,Units,OBS,Observed,0,Zero
POL,Poland,WKT_STA_TCH,Statutory teaching time,H_Y,Hours per year,INST_EDU_PUB,Public educational institutions,ISCED11_34,Upper secondary general education,TE,Teacher,2010,,494,,A,Normal value,0,Units,OBS,Observed,0,Zero
POL,Poland,WKT_STA_TCH,Statutory teaching time,H_Y,Hours per year,INST_EDU_PUB,Public educational institutions,ISCED11_34,Upper secondary general education,TE,Teacher,2009,,486,,A,Normal value,0,Units,OBS,Observed,0,Zero
POL,Poland,WKT_STA_TCH,Statutory teaching time,H_Y,Hours per year,INST_EDU_PUB,Public educational institutions,ISCED11_34,Upper secondary general education,TE,Teacher,2008,,486,,A,Normal value,0,Units,OBS,Observed,0,Zero
POL,Poland,WKT_STA_TCH,Statutory teaching time,H_Y,Hours per year,INST_EDU_PUB,Public educational institutions,ISCED11_02,Pre-primary education,TE,Teacher,2023,,1090,,A,Normal value,0,Units,OBS,Observed,0,Zero
POL,Poland,WKT_STA_TCH,Statutory teaching time,H_Y,Hours per year,INST_EDU_PUB,Public educational institutions,ISCED11_02,Pre-primary education,TE,Teacher,2021,,1095,,A,Normal value,0,Units,OBS,Observed,0,Zero
POL,Poland,WKT_STA_TCH,Statutory teaching time,H_Y,Hours per year,INST_EDU_PUB,Public educational institutions,ISCED11_02,Pre-primary education,TE,Teacher,2020,,1075,,A,Normal value,0,Units,OBS,Observed,0,Zero
POL,Poland,WKT_STA_TCH,Statutory teaching time,H_Y,Hours per year,INST_EDU_PUB,Public educational institutions,ISCED11_02,Pre-primary education,TE,Teacher,2019,,1075,,A,Normal value,0,Units,OBS,Observed,0,Zero
POL,Poland,WKT_STA_TCH,Statutory teaching time,H_Y,Hours per year,INST_EDU_PUB,Public educational institutions,ISCED11_02,Pre-primary education,TE,Teacher,2018,,1085,,A,Normal value,0,Units,OBS,Observed,0,Zero
POL,Poland,WKT_STA_TCH,Statutory teaching time,H_Y,Hours per year,INST_EDU_PUB,Public educational institutions,ISCED11_02,Pre-primary education,TE,Teacher,2017,,1085,,A,Normal value,0,Units,OBS,Observed,0,Zero
POL,Poland,WKT_STA_TCH,Statutory teaching time,H_Y,Hours per year,INST_EDU_PUB,Public educational institutions,ISCED11_02,Pre-primary education,TE,Teacher,2016,,1090,,A,Normal value,0,Units,OBS,Observed,0,Zero
POL,Poland,WKT_STA_TCH,Statutory teaching time,H_Y,Hours per year,INST_EDU_PUB,Public educational institutions,ISCED11_02,Pre-primary education,TE,Teacher,2015,,1090,,A,Normal value,0,Units,OBS,Observed,0,Zero
POL,Poland,WKT_STA_TCH,Statutory teaching time,H_Y,Hours per year,INST_EDU_PUB,Public educational institutions,ISCED11_02,Pre-primary education,TE,Teacher,2014,,1075,,A,Normal value,0,Units,OBS,Observed,0,Zero
POL,Poland,WKT_STA_TCH,Statutory teaching time,H_Y,Hours per year,INST_EDU_PUB,Public educational institutions,ISCED11_02,Pre-primary education,TE,Teacher,2013,,1080,,A,Normal value,0,Units,OBS,Observed,0,Zero
POL,Poland,WKT_STA_TCH,Statutory teaching time,H_Y,Hours per year,INST_EDU_PUB,Public educational institutions,ISCED11_02,Pre-primary education,TE,Teacher,2012,,1090,,A,Normal value,0,Units,OBS,Observed,0,Zero
POL,Poland,WKT_STA_TCH,Statutory teaching time,H_Y,Hours per year,INST_EDU_PUB,Public educational institutions,ISCED11_02,Pre-primary education,TE,Teacher,2011,,1095,,A,Normal value,0,Units,OBS,Observed,0,Zero
POL,Poland,WKT_STA_TCH,Statutory teaching time,H_Y,Hours per year,INST_EDU_PUB,Public educational institutions,ISCED11_02,Pre-primary education,TE,Teacher,2010,,1100,,A,Normal value,0,Units,OBS,Observed,0,Zero
POL,Poland,WKT_STA_TCH,Statutory teaching time,H_Y,Hours per year,INST_EDU_PUB,Public educational institutions,ISCED11_02,Pre-primary education,TE,Teacher,2009,,1095,,A,Normal value,0,Units,OBS,Observed,0,Zero
POL,Poland,WKT_STA_TCH,Statutory teaching time,H_Y,Hours per year,INST_EDU_PUB,Public educational institutions,ISCED11_02,Pre-primary education,TE,Teacher,2008,,1082,,A,Normal value,0,Units,OBS,Observed,0,Zero
POL,Poland,WKT_STA_TCH,Statutory teaching time,H_Y,Hours per year,INST_EDU_PUB,Public educational institutions,ISCED11_24,Lower secondary general education,TE,Teacher,2007,,,,O,Missing value,0,Units,OBS,Observed,0,Zero
POL,Poland,WKT_STA_TCH,Statutory teaching time,H_Y,Hours per year,INST_EDU_PUB,Public educational institutions,ISCED11_24,Lower secondary general education,TE,Teacher,2006,,,,O,Missing value,0,Units,OBS,Observed,0,Zero
POL,Poland,WKT_STA_TCH,Statutory teaching time,H_Y,Hours per year,INST_EDU_PUB,Public educational institutions,ISCED11_24,Lower secondary general education,TE,Teacher,2005,,,,O,Missing value,0,Units,OBS,Observed,0,Zero
POL,Poland,WKT_STA_TCH,Statutory teaching time,H_Y,Hours per year,INST_EDU_PUB,Public educational institutions,ISCED11_24,Lower secondary general education,TE,Teacher,2000,,,,O,Missing value,0,Units,OBS,Observed,0,Zero
POL,Poland,WKT_STA_TCH,Statutory teaching time,H_Y,Hours per year,INST_EDU_PUB,Public educational institutions,ISCED11_24,Lower secondary general education,TE,Teacher,2025,,486,,A,Normal value,0,Units,OBS,Observed,0,Zero
POL,Poland,WKT_STA_TCH,Statutory teaching time,H_Y,Hours per year,INST_EDU_PUB,Public educational institutions,ISCED11_24,Lower secondary general education,TE,Teacher,2023,,481,,A,Normal value,0,Units,OBS,Observed,0,Zero
POL,Poland,WKT_STA_TCH,Statutory teaching time,H_Y,Hours per year,INST_EDU_PUB,Public educational institutions,ISCED11_24,Lower secondary general education,TE,Teacher,2021,,489,,A,Normal value,0,Units,OBS,Observed,0,Zero
POL,Poland,WKT_STA_TCH,Statutory teaching time,H_Y,Hours per year,INST_EDU_PUB,Public educational institutions,ISCED11_24,Lower secondary general education,TE,Teacher,2020,,483,,A,Normal value,0,Units,OBS,Observed,0,Zero
POL,Poland,WKT_STA_TCH,Statutory teaching time,H_Y,Hours per year,INST_EDU_PUB,Public educational institutions,ISCED11_24,Lower secondary general education,TE,Teacher,2019,,475,,A,Normal value,0,Units,OBS,Observed,0,Zero
POL,Poland,WKT_STA_TCH,Statutory teaching time,H_Y,Hours per year,INST_EDU_PUB,Public educational institutions,ISCED11_24,Lower secondary general education,TE,Teacher,2018,,481,,A,Normal value,0,Units,OBS,Observed,0,Zero
POL,Poland,WKT_STA_TCH,Statutory teaching time,H_Y,Hours per year,INST_EDU_PUB,Public educational institutions,ISCED11_24,Lower secondary general education,TE,Teacher,2017,,478,,A,Normal value,0,Units,OBS,Observed,0,Zero
POL,Poland,WKT_STA_TCH,Statutory teaching time,H_Y,Hours per year,INST_EDU_PUB,Public educational institutions,ISCED11_24,Lower secondary general education,TE,Teacher,2016,,481,,A,Normal value,0,Units,OBS,Observed,0,Zero
POL,Poland,WKT_STA_TCH,Statutory teaching time,H_Y,Hours per year,INST_EDU_PUB,Public educational institutions,ISCED11_24,Lower secondary general education,TE,Teacher,2015,,486,,A,Normal value,0,Units,OBS,Observed,0,Zero
POL,Poland,WKT_STA_TCH,Statutory teaching time,H_Y,Hours per year,INST_EDU_PUB,Public educational institutions,ISCED11_24,Lower secondary general education,TE,Teacher,2014,,483,,A,Normal value,0,Units,OBS,Observed,0,Zero
POL,Poland,WKT_STA_TCH,Statutory teaching time,H_Y,Hours per year,INST_EDU_PUB,Public educational institutions,ISCED11_24,Lower secondary general education,TE,Teacher,2013,,491,,A,Normal value,0,Units,OBS,Observed,0,Zero
POL,Poland,WKT_STA_TCH,Statutory teaching time,H_Y,Hours per year,INST_EDU_PUB,Public educational institutions,ISCED11_24,Lower secondary general education,TE,Teacher,2012,,491,,A,Normal value,0,Units,OBS,Observed,0,Zero
POL,Poland,WKT_STA_TCH,Statutory teaching time,H_Y,Hours per year,INST_EDU_PUB,Public educational institutions,ISCED11_24,Lower secondary general education,TE,Teacher,2011,,478,,A,Normal value,0,Units,OBS,Observed,0,Zero
POL,Poland,WKT_STA_TCH,Statutory teaching time,H_Y,Hours per year,INST_EDU_PUB,Public educational institutions,ISCED11_24,Lower secondary general education,TE,Teacher,2010,,497,,A,Normal value,0,Units,OBS,Observed,0,Zero
POL,Poland,WKT_STA_TCH,Statutory teaching time,H_Y,Hours per year,INST_EDU_PUB,Public educational institutions,ISCED11_24,Lower secondary general education,TE,Teacher,2009,,483,,A,Normal value,0,Units,OBS,Observed,0,Zero
POL,Poland,WKT_STA_TCH,Statutory teaching time,H_Y,Hours per year,INST_EDU_PUB,Public educational institutions,ISCED11_24,Lower secondary general education,TE,Teacher,2008,,486,,A,Normal value,0,Units,OBS,Observed,0,Zero
POL,Poland,WKT_STA_TCH,Statutory teaching time,H_Y,Hours per year,INST_EDU_PUB,Public educational institutions,ISCED11_1,Primary education,TE,Teacher,2025,,608,,A,Normal value,0,Units,OBS,Observed,0,Zero
POL,Poland,WKT_STA_TCH,Statutory teaching time,H_Y,Hours per year,INST_EDU_PUB,Public educational institutions,ISCED11_1,Primary education,TE,Teacher,2023,,601,,A,Normal value,0,Units,OBS,Observed,0,Zero
POL,Poland,WKT_STA_TCH,Statutory teaching time,H_Y,Hours per year,INST_EDU_PUB,Public educational institutions,ISCED11_1,Primary education,TE,Teacher,2021,,611,,A,Normal value,0,Units,OBS,Observed,0,Zero
POL,Poland,WKT_STA_TCH,Statutory teaching time,H_Y,Hours per year,INST_EDU_PUB,Public educational institutions,ISCED11_1,Primary education,TE,Teacher,2020,,604,,A,Normal value,0,Units,OBS,Observed,0,Zero
POL,Poland,WKT_STA_TCH,Statutory teaching time,H_Y,Hours per year,INST_EDU_PUB,Public educational institutions,ISCED11_1,Primary education,TE,Teacher,2019,,554,,A,Normal value,0,Units,OBS,Observed,0,Zero
POL,Poland,WKT_STA_TCH,Statutory teaching time,H_Y,Hours per year,INST_EDU_PUB,Public educational institutions,ISCED11_1,Primary education,TE,Teacher,2018,,561,,A,Normal value,0,Units,OBS,Observed,0,Zero
POL,Poland,WKT_STA_TCH,Statutory teaching time,H_Y,Hours per year,INST_EDU_PUB,Public educational institutions,ISCED11_1,Primary education,TE,Teacher,2017,,564,,A,Normal value,0,Units,OBS,Observed,0,Zero
POL,Poland,WKT_STA_TCH,Statutory teaching time,H_Y,Hours per year,INST_EDU_PUB,Public educational institutions,ISCED11_1,Primary education,TE,Teacher,2016,,567,,A,Normal value,0,Units,OBS,Observed,0,Zero
POL,Poland,WKT_STA_TCH,Statutory teaching time,H_Y,Hours per year,INST_EDU_PUB,Public educational institutions,ISCED11_1,Primary education,TE,Teacher,2015,,573,,A,Normal value,0,Units,OBS,Observed,0,Zero
POL,Poland,WKT_STA_TCH,Statutory teaching time,H_Y,Hours per year,INST_EDU_PUB,Public educational institutions,ISCED11_1,Primary education,TE,Teacher,2014,,570,,A,Normal value,0,Units,OBS,Observed,0,Zero
POL,Poland,WKT_STA_TCH,Statutory teaching time,H_Y,Hours per year,INST_EDU_PUB,Public educational institutions,ISCED11_1,Primary education,TE,Teacher,2013,,580,,A,Normal value,0,Units,OBS,Observed,0,Zero
POL,Poland,WKT_STA_TCH,Statutory teaching time,H_Y,Hours per year,INST_EDU_PUB,Public educational institutions,ISCED11_1,Primary education,TE,Teacher,2012,,580,,A,Normal value,0,Units,OBS,Observed,0,Zero
POL,Poland,WKT_STA_TCH,Statutory teaching time,H_Y,Hours per year,INST_EDU_PUB,Public educational institutions,ISCED11_1,Primary education,TE,Teacher,2011,,564,,A,Normal value,0,Units,OBS,Observed,0,Zero
POL,Poland,WKT_STA_TCH,Statutory teaching time,H_Y,Hours per year,INST_EDU_PUB,Public educational institutions,ISCED11_1,Primary education,TE,Teacher,2010,,586,,A,Normal value,0,Units,OBS,Observed,0,Zero
POL,Poland,WKT_STA_TCH,Statutory teaching time,H_Y,Hours per year,INST_EDU_PUB,Public educational institutions,ISCED11_1,Primary education,TE,Teacher,2009,,570,,A,Normal value,0,Units,OBS,Observed,0,Zero
POL,Poland,WKT_STA_TCH,Statutory teaching time,H_Y,Hours per year,INST_EDU_PUB,Public educational institutions,ISCED11_1,Primary education,TE,Teacher,2008,,570,,A,Normal value,0,Units,OBS,Observed,0,Zero
POL,Poland,WKT_STA_TCH,Statutory teaching time,H_Y,Hours per year,INST_EDU_PUB,Public educational institutions,ISCED11_34,Upper secondary general education,TE,Teacher,2025,,481,,A,Normal value,0,Units,OBS,Observed,0,Zero
POL,Poland,WKT_STA_TCH,Statutory teaching time,H_Y,Hours per year,INST_EDU_PUB,Public educational institutions,ISCED11_34,Upper secondary general education,TE,Teacher,2023,,475,,A,Normal value,0,Units,OBS,Observed,0,Zero
POL,Poland,WKT_STA_TCH,Statutory teaching time,H_Y,Hours per year,INST_EDU_PUB,Public educational institutions,ISCED11_34,Upper secondary general education,TE,Teacher,2021,,483,,A,Normal value,0,Units,OBS,Observed,0,Zero
POL,Poland,WKT_STA_TCH,Statutory teaching time,H_Y,Hours per year,INST_EDU_PUB,Public educational institutions,ISCED11_34,Upper secondary general education,TE,Teacher,2020,,478,,A,Normal value,0,Units,OBS,Observed,0,Zero
POL,Poland,WKT_STA_TCH,Statutory teaching time,H_Y,Hours per year,INST_EDU_PUB,Public educational institutions,ISCED11_34,Upper secondary general education,TE,Teacher,2019,,470,,A,Normal value,0,Units,OBS,Observed,0,Zero
POL,Poland,WKT_STA_TCH,Statutory teaching time,H_Y,Hours per year,INST_EDU_PUB,Public educational institutions,ISCED11_34,Upper secondary general education,TE,Teacher,2018,,475,,A,Normal value,0,Units,OBS,Observed,0,Zero
POL,Poland,WKT_STA_TCH,Statutory teaching time,H_Y,Hours per year,INST_EDU_PUB,Public educational institutions,ISCED11_34,Upper secondary general education,TE,Teacher,2017,,473,,A,Normal value,0,Units,OBS,Observed,0,Zero
PRT,Portugal,WKT_STA_TCH,Statutory teaching time,H_Y,Hours per year,INST_EDU_PUB,Public educational institutions,ISCED11_34,Upper secondary general education,TE,Teacher,2019,,605,,A,Normal value,0,Units,OBS,Observed,0,Zero
PRT,Portugal,WKT_STA_TCH,Statutory teaching time,H_Y,Hours per year,INST_EDU_PUB,Public educational institutions,ISCED11_34,Upper secondary general education,TE,Teacher,2018,,616,,A,Normal value,0,Units,OBS,Observed,0,Zero
PRT,Portugal,WKT_STA_TCH,Statutory teaching time,H_Y,Hours per year,INST_EDU_PUB,Public educational institutions,ISCED11_34,Upper secondary general education,TE,Teacher,2017,,620,,A,Normal value,0,Units,OBS,Observed,0,Zero
PRT,Portugal,WKT_STA_TCH,Statutory teaching time,H_Y,Hours per year,INST_EDU_PUB,Public educational institutions,ISCED11_34,Upper secondary general education,TE,Teacher,2016,,605,,A,Normal value,0,Units,OBS,Observed,0,Zero
PRT,Portugal,WKT_STA_TCH,Statutory teaching time,H_Y,Hours per year,INST_EDU_PUB,Public educational institutions,ISCED11_02,Pre-primary education,TE,Teacher,2012,,975,,A,Normal value,0,Units,OBS,Observed,0,Zero
PRT,Portugal,WKT_STA_TCH,Statutory teaching time,H_Y,Hours per year,INST_EDU_PUB,Public educational institutions,ISCED11_02,Pre-primary education,TE,Teacher,2011,,965,,A,Normal value,0,Units,OBS,Observed,0,Zero
PRT,Portugal,WKT_STA_TCH,Statutory teaching time,H_Y,Hours per year,INST_EDU_PUB,Public educational institutions,ISCED11_02,Pre-primary education,TE,Teacher,2010,,955,,A,Normal value,0,Units,OBS,Observed,0,Zero
PRT,Portugal,WKT_STA_TCH,Statutory teaching time,H_Y,Hours per year,INST_EDU_PUB,Public educational institutions,ISCED11_02,Pre-primary education,TE,Teacher,2009,,980,,A,Normal value,0,Units,OBS,Observed,0,Zero
PRT,Portugal,WKT_STA_TCH,Statutory teaching time,H_Y,Hours per year,INST_EDU_PUB,Public educational institutions,ISCED11_02,Pre-primary education,TE,Teacher,2008,,975,,A,Normal value,0,Units,OBS,Observed,0,Zero
PRT,Portugal,WKT_STA_TCH,Statutory teaching time,H_Y,Hours per year,INST_EDU_PUB,Public educational institutions,ISCED11_02,Pre-primary education,TE,Teacher,2007,,980,,A,Normal value,0,Units,OBS,Observed,0,Zero
PRT,Portugal,WKT_STA_TCH,Statutory teaching time,H_Y,Hours per year,INST_EDU_PUB,Public educational institutions,ISCED11_02,Pre-primary education,TE,Teacher,2006,,970,,A,Normal value,0,Units,OBS,Observed,0,Zero
PRT,Portugal,WKT_STA_TCH,Statutory teaching time,H_Y,Hours per year,INST_EDU_PUB,Public educational institutions,ISCED11_02,Pre-primary education,TE,Teacher,2005,,985,,A,Normal value,0,Units,OBS,Observed,0,Zero
PRT,Portugal,WKT_STA_TCH,Statutory teaching time,H_Y,Hours per year,INST_EDU_PUB,Public educational institutions,ISCED11_02,Pre-primary education,TE,Teacher,2000,,1040,,A,Normal value,0,Units,OBS,Observed,0,Zero
PRT,Portugal,WKT_STA_TCH,Statutory teaching time,H_Y,Hours per year,INST_EDU_PUB,Public educational institutions,ISCED11_34,Upper secondary general education,TE,Teacher,2015,,609,,A,Normal value,0,Units,OBS,Observed,0,Zero
PRT,Portugal,WKT_STA_TCH,Statutory teaching time,H_Y,Hours per year,INST_EDU_PUB,Public educational institutions,ISCED11_34,Upper secondary general education,TE,Teacher,2014,,609,,A,Normal value,0,Units,OBS,Observed,0,Zero
PRT,Portugal,WKT_STA_TCH,Statutory teaching time,H_Y,Hours per year,INST_EDU_PUB,Public educational institutions,ISCED11_34,Upper secondary general education,TE,Teacher,2013,,612,,A,Normal value,0,Units,OBS,Observed,0,Zero
PRT,Portugal,WKT_STA_TCH,Statutory teaching time,H_Y,Hours per year,INST_EDU_PUB,Public educational institutions,ISCED11_34,Upper secondary general education,TE,Teacher,2012,,620,,A,Normal value,0,Units,OBS,Observed,0,Zero
PRT,Portugal,WKT_STA_TCH,Statutory teaching time,H_Y,Hours per year,INST_EDU_PUB,Public educational institutions,ISCED11_34,Upper secondary general education,TE,Teacher,2011,,645,,A,Normal value,0,Units,OBS,Observed,0,Zero
PRT,Portugal,WKT_STA_TCH,Statutory teaching time,H_Y,Hours per year,INST_EDU_PUB,Public educational institutions,ISCED11_34,Upper secondary general education,TE,Teacher,2010,,634,,A,Normal value,0,Units,OBS,Observed,0,Zero
PRT,Portugal,WKT_STA_TCH,Statutory teaching time,H_Y,Hours per year,INST_EDU_PUB,Public educational institutions,ISCED11_34,Upper secondary general education,TE,Teacher,2009,,631,,A,Normal value,0,Units,OBS,Observed,0,Zero
PRT,Portugal,WKT_STA_TCH,Statutory teaching time,H_Y,Hours per year,INST_EDU_PUB,Public educational institutions,ISCED11_34,Upper secondary general education,TE,Teacher,2008,,623,,A,Normal value,0,Units,OBS,Observed,0,Zero
PRT,Portugal,WKT_STA_TCH,Statutory teaching time,H_Y,Hours per year,INST_EDU_PUB,Public educational institutions,ISCED11_34,Upper secondary general education,TE,Teacher,2007,,627,,A,Normal value,0,Units,OBS,Observed,0,Zero
PRT,Portugal,WKT_STA_TCH,Statutory teaching time,H_Y,Hours per year,INST_EDU_PUB,Public educational institutions,ISCED11_34,Upper secondary general education,TE,Teacher,2006,,577,,A,Normal value,0,Units,OBS,Observed,0,Zero
PRT,Portugal,WKT_STA_TCH,Statutory teaching time,H_Y,Hours per year,INST_EDU_PUB,Public educational institutions,ISCED11_34,Upper secondary general education,TE,Teacher,2005,,570,,A,Normal value,0,Units,OBS,Observed,0,Zero
PRT,Portugal,WKT_STA_TCH,Statutory teaching time,H_Y,Hours per year,INST_EDU_PUB,Public educational institutions,ISCED11_34,Upper secondary general education,TE,Teacher,2000,,580,,A,Normal value,0,Units,OBS,Observed,0,Zero
PRT,Portugal,WKT_STA_TCH,Statutory teaching time,H_Y,Hours per year,INST_EDU_PUB,Public educational institutions,ISCED11_02,Pre-primary education,TE,Teacher,2023,,885,,A,Normal value,0,Units,OBS,Observed,0,Zero
PRT,Portugal,WKT_STA_TCH,Statutory teaching time,H_Y,Hours per year,INST_EDU_PUB,Public educational institutions,ISCED11_02,Pre-primary education,TE,Teacher,2021,,965,,A,Normal value,0,Units,OBS,Observed,0,Zero
PRT,Portugal,WKT_STA_TCH,Statutory teaching time,H_Y,Hours per year,INST_EDU_PUB,Public educational institutions,ISCED11_02,Pre-primary education,TE,Teacher,2020,,885,,A,Normal value,0,Units,OBS,Observed,0,Zero
PRT,Portugal,WKT_STA_TCH,Statutory teaching time,H_Y,Hours per year,INST_EDU_PUB,Public educational institutions,ISCED11_02,Pre-primary education,TE,Teacher,2019,,845,,A,Normal value,0,Units,OBS,Observed,0,Zero
PRT,Portugal,WKT_STA_TCH,Statutory teaching time,H_Y,Hours per year,INST_EDU_PUB,Public educational institutions,ISCED11_02,Pre-primary education,TE,Teacher,2018,,865,,A,Normal value,0,Units,OBS,Observed,0,Zero
PRT,Portugal,WKT_STA_TCH,Statutory teaching time,H_Y,Hours per year,INST_EDU_PUB,Public educational institutions,ISCED11_02,Pre-primary education,TE,Teacher,2017,,945,,A,Normal value,0,Units,OBS,Observed,0,Zero
PRT,Portugal,WKT_STA_TCH,Statutory teaching time,H_Y,Hours per year,INST_EDU_PUB,Public educational institutions,ISCED11_02,Pre-primary education,TE,Teacher,2016,,940,,A,Normal value,0,Units,OBS,Observed,0,Zero
PRT,Portugal,WKT_STA_TCH,Statutory teaching time,H_Y,Hours per year,INST_EDU_PUB,Public educational institutions,ISCED11_02,Pre-primary education,TE,Teacher,2015,,960,,A,Normal value,0,Units,OBS,Observed,0,Zero
PRT,Portugal,WKT_STA_TCH,Statutory teaching time,H_Y,Hours per year,INST_EDU_PUB,Public educational institutions,ISCED11_02,Pre-primary education,TE,Teacher,2014,,955,,A,Normal value,0,Units,OBS,Observed,0,Zero
PRT,Portugal,WKT_STA_TCH,Statutory teaching time,H_Y,Hours per year,INST_EDU_PUB,Public educational institutions,ISCED11_02,Pre-primary education,TE,Teacher,2013,,965,,A,Normal value,0,Units,OBS,Observed,0,Zero
PRT,Portugal,WKT_STA_TCH,Statutory teaching time,H_Y,Hours per year,INST_EDU_PUB,Public educational institutions,ISCED11_24,Lower secondary general education,TE,Teacher,2025,,605,,A,Normal value,0,Units,OBS,Observed,0,Zero
PRT,Portugal,WKT_STA_TCH,Statutory teaching time,H_Y,Hours per year,INST_EDU_PUB,Public educational institutions,ISCED11_24,Lower secondary general education,TE,Teacher,2023,,605,,A,Normal value,0,Units,OBS,Observed,0,Zero
PRT,Portugal,WKT_STA_TCH,Statutory teaching time,H_Y,Hours per year,INST_EDU_PUB,Public educational institutions,ISCED11_24,Lower secondary general education,TE,Teacher,2021,,667,,A,Normal value,0,Units,OBS,Observed,0,Zero
PRT,Portugal,WKT_STA_TCH,Statutory teaching time,H_Y,Hours per year,INST_EDU_PUB,Public educational institutions,ISCED11_24,Lower secondary general education,TE,Teacher,2020,,649,,A,Normal value,0,Units,OBS,Observed,0,Zero
PRT,Portugal,WKT_STA_TCH,Statutory teaching time,H_Y,Hours per year,INST_EDU_PUB,Public educational institutions,ISCED11_24,Lower secondary general education,TE,Teacher,2019,,605,,A,Normal value,0,Units,OBS,Observed,0,Zero
PRT,Portugal,WKT_STA_TCH,Statutory teaching time,H_Y,Hours per year,INST_EDU_PUB,Public educational institutions,ISCED11_24,Lower secondary general education,TE,Teacher,2018,,616,,A,Normal value,0,Units,OBS,Observed,0,Zero
PRT,Portugal,WKT_STA_TCH,Statutory teaching time,H_Y,Hours per year,INST_EDU_PUB,Public educational institutions,ISCED11_24,Lower secondary general education,TE,Teacher,2017,,620,,A,Normal value,0,Units,OBS,Observed,0,Zero
PRT,Portugal,WKT_STA_TCH,Statutory teaching time,H_Y,Hours per year,INST_EDU_PUB,Public educational institutions,ISCED11_24,Lower secondary general education,TE,Teacher,2016,,605,,A,Normal value,0,Units,OBS,Observed,0,Zero
PRT,Portugal,WKT_STA_TCH,Statutory teaching time,H_Y,Hours per year,INST_EDU_PUB,Public educational institutions,ISCED11_24,Lower secondary general education,TE,Teacher,2015,,609,,A,Normal value,0,Units,OBS,Observed,0,Zero
PRT,Portugal,WKT_STA_TCH,Statutory teaching time,H_Y,Hours per year,INST_EDU_PUB,Public educational institutions,ISCED11_24,Lower secondary general education,TE,Teacher,2014,,609,,A,Normal value,0,Units,OBS,Observed,0,Zero
PRT,Portugal,WKT_STA_TCH,Statutory teaching time,H_Y,Hours per year,INST_EDU_PUB,Public educational institutions,ISCED11_24,Lower secondary general education,TE,Teacher,2013,,612,,A,Normal value,0,Units,OBS,Observed,0,Zero
PRT,Portugal,WKT_STA_TCH,Statutory teaching time,H_Y,Hours per year,INST_EDU_PUB,Public educational institutions,ISCED11_24,Lower secondary general education,TE,Teacher,2012,,620,,A,Normal value,0,Units,OBS,Observed,0,Zero
PRT,Portugal,WKT_STA_TCH,Statutory teaching time,H_Y,Hours per year,INST_EDU_PUB,Public educational institutions,ISCED11_24,Lower secondary general education,TE,Teacher,2011,,645,,A,Normal value,0,Units,OBS,Observed,0,Zero
PRT,Portugal,WKT_STA_TCH,Statutory teaching time,H_Y,Hours per year,INST_EDU_PUB,Public educational institutions,ISCED11_24,Lower secondary general education,TE,Teacher,2010,,634,,A,Normal value,0,Units,OBS,Observed,0,Zero
PRT,Portugal,WKT_STA_TCH,Statutory teaching time,H_Y,Hours per year,INST_EDU_PUB,Public educational institutions,ISCED11_24,Lower secondary general education,TE,Teacher,2009,,631,,A,Normal value,0,Units,OBS,Observed,0,Zero
PRT,Portugal,WKT_STA_TCH,Statutory teaching time,H_Y,Hours per year,INST_EDU_PUB,Public educational institutions,ISCED11_24,Lower secondary general education,TE,Teacher,2008,,623,,A,Normal value,0,Units,OBS,Observed,0,Zero
PRT,Portugal,WKT_STA_TCH,Statutory teaching time,H_Y,Hours per year,INST_EDU_PUB,Public educational institutions,ISCED11_24,Lower secondary general education,TE,Teacher,2007,,627,,A,Normal value,0,Units,OBS,Observed,0,Zero
PRT,Portugal,WKT_STA_TCH,Statutory teaching time,H_Y,Hours per year,INST_EDU_PUB,Public educational institutions,ISCED11_24,Lower secondary general education,TE,Teacher,2006,,634,,A,Normal value,0,Units,OBS,Observed,0,Zero
PRT,Portugal,WKT_STA_TCH,Statutory teaching time,H_Y,Hours per year,INST_EDU_PUB,Public educational institutions,ISCED11_24,Lower secondary general education,TE,Teacher,2005,,627,,A,Normal value,0,Units,OBS,Observed,0,Zero
PRT,Portugal,WKT_STA_TCH,Statutory teaching time,H_Y,Hours per year,INST_EDU_PUB,Public educational institutions,ISCED11_24,Lower secondary general education,TE,Teacher,2000,,638,,A,Normal value,0,Units,OBS,Observed,0,Zero
PRT,Portugal,WKT_STA_TCH,Statutory teaching time,H_Y,Hours per year,INST_EDU_PUB,Public educational institutions,ISCED11_1,Primary education,TE,Teacher,2025,,783,,A,Normal value,0,Units,OBS,Observed,0,Zero
PRT,Portugal,WKT_STA_TCH,Statutory teaching time,H_Y,Hours per year,INST_EDU_PUB,Public educational institutions,ISCED11_1,Primary education,TE,Teacher,2023,,797,,A,Normal value,0,Units,OBS,Observed,0,Zero
PRT,Portugal,WKT_STA_TCH,Statutory teaching time,H_Y,Hours per year,INST_EDU_PUB,Public educational institutions,ISCED11_1,Primary education,TE,Teacher,2021,,868,,A,Normal value,0,Units,OBS,Observed,0,Zero
PRT,Portugal,WKT_STA_TCH,Statutory teaching time,H_Y,Hours per year,INST_EDU_PUB,Public educational institutions,ISCED11_1,Primary education,TE,Teacher,2020,,796,,A,Normal value,0,Units,OBS,Observed,0,Zero
PRT,Portugal,WKT_STA_TCH,Statutory teaching time,H_Y,Hours per year,INST_EDU_PUB,Public educational institutions,ISCED11_1,Primary education,TE,Teacher,2019,,760,,A,Normal value,0,Units,OBS,Observed,0,Zero
PRT,Portugal,WKT_STA_TCH,Statutory teaching time,H_Y,Hours per year,INST_EDU_PUB,Public educational institutions,ISCED11_1,Primary education,TE,Teacher,2018,,779,,A,Normal value,0,Units,OBS,Observed,0,Zero
PRT,Portugal,WKT_STA_TCH,Statutory teaching time,H_Y,Hours per year,INST_EDU_PUB,Public educational institutions,ISCED11_1,Primary education,TE,Teacher,2017,,783,,A,Normal value,0,Units,OBS,Observed,0,Zero
PRT,Portugal,WKT_STA_TCH,Statutory teaching time,H_Y,Hours per year,INST_EDU_PUB,Public educational institutions,ISCED11_1,Primary education,TE,Teacher,2016,,742,,A,Normal value,0,Units,OBS,Observed,0,Zero
PRT,Portugal,WKT_STA_TCH,Statutory teaching time,H_Y,Hours per year,INST_EDU_PUB,Public educational institutions,ISCED11_1,Primary education,TE,Teacher,2015,,747,,A,Normal value,0,Units,OBS,Observed,0,Zero
PRT,Portugal,WKT_STA_TCH,Statutory teaching time,H_Y,Hours per year,INST_EDU_PUB,Public educational institutions,ISCED11_1,Primary education,TE,Teacher,2014,,747,,A,Normal value,0,Units,OBS,Observed,0,Zero
PRT,Portugal,WKT_STA_TCH,Statutory teaching time,H_Y,Hours per year,INST_EDU_PUB,Public educational institutions,ISCED11_1,Primary education,TE,Teacher,2013,,752,,A,Normal value,0,Units,OBS,Observed,0,Zero
PRT,Portugal,WKT_STA_TCH,Statutory teaching time,H_Y,Hours per year,INST_EDU_PUB,Public educational institutions,ISCED11_1,Primary education,TE,Teacher,2012,,761,,A,Normal value,0,Units,OBS,Observed,0,Zero
PRT,Portugal,WKT_STA_TCH,Statutory teaching time,H_Y,Hours per year,INST_EDU_PUB,Public educational institutions,ISCED11_1,Primary education,TE,Teacher,2011,,792,,A,Normal value,0,Units,OBS,Observed,0,Zero
PRT,Portugal,WKT_STA_TCH,Statutory teaching time,H_Y,Hours per year,INST_EDU_PUB,Public educational institutions,ISCED11_1,Primary education,TE,Teacher,2010,,779,,A,Normal value,0,Units,OBS,Observed,0,Zero
PRT,Portugal,WKT_STA_TCH,Statutory teaching time,H_Y,Hours per year,INST_EDU_PUB,Public educational institutions,ISCED11_1,Primary education,TE,Teacher,2009,,774,,A,Normal value,0,Units,OBS,Observed,0,Zero
PRT,Portugal,WKT_STA_TCH,Statutory teaching time,H_Y,Hours per year,INST_EDU_PUB,Public educational institutions,ISCED11_1,Primary education,TE,Teacher,2008,,765,,A,Normal value,0,Units,OBS,Observed,0,Zero
PRT,Portugal,WKT_STA_TCH,Statutory teaching time,H_Y,Hours per year,INST_EDU_PUB,Public educational institutions,ISCED11_1,Primary education,TE,Teacher,2007,,770,,A,Normal value,0,Units,OBS,Observed,0,Zero
PRT,Portugal,WKT_STA_TCH,Statutory teaching time,H_Y,Hours per year,INST_EDU_PUB,Public educational institutions,ISCED11_1,Primary education,TE,Teacher,2006,,778,,A,Normal value,0,Units,OBS,Observed,0,Zero
PRT,Portugal,WKT_STA_TCH,Statutory teaching time,H_Y,Hours per year,INST_EDU_PUB,Public educational institutions,ISCED11_1,Primary education,TE,Teacher,2005,,770,,A,Normal value,0,Units,OBS,Observed,0,Zero
PRT,Portugal,WKT_STA_TCH,Statutory teaching time,H_Y,Hours per year,INST_EDU_PUB,Public educational institutions,ISCED11_1,Primary education,TE,Teacher,2000,,783,,A,Normal value,0,Units,OBS,Observed,0,Zero
PRT,Portugal,WKT_STA_TCH,Statutory teaching time,H_Y,Hours per year,INST_EDU_PUB,Public educational institutions,ISCED11_34,Upper secondary general education,TE,Teacher,2025,,605,,A,Normal value,0,Units,OBS,Observed,0,Zero
PRT,Portugal,WKT_STA_TCH,Statutory teaching time,H_Y,Hours per year,INST_EDU_PUB,Public educational institutions,ISCED11_34,Upper secondary general education,TE,Teacher,2023,,605,,A,Normal value,0,Units,OBS,Observed,0,Zero
PRT,Portugal,WKT_STA_TCH,Statutory teaching time,H_Y,Hours per year,INST_EDU_PUB,Public educational institutions,ISCED11_34,Upper secondary general education,TE,Teacher,2021,,667,,A,Normal value,0,Units,OBS,Observed,0,Zero
ESP,Spain,WKT_STA_TCH,Statutory teaching time,H_Y,Hours per year,INST_EDU_PUB,Public educational institutions,ISCED11_34,Upper secondary general education,TE,Teacher,2019,,669,,A,Normal value,0,Units,OBS,Observed,0,Zero
ESP,Spain,WKT_STA_TCH,Statutory teaching time,H_Y,Hours per year,INST_EDU_PUB,Public educational institutions,ISCED11_34,Upper secondary general education,TE,Teacher,2018,,693,,A,Normal value,0,Units,OBS,Observed,0,Zero
ESP,Spain,WKT_STA_TCH,Statutory teaching time,H_Y,Hours per year,INST_EDU_PUB,Public educational institutions,ISCED11_34,Upper secondary general education,TE,Teacher,2017,,693,,A,Normal value,0,Units,OBS,Observed,0,Zero
ESP,Spain,WKT_STA_TCH,Statutory teaching time,H_Y,Hours per year,INST_EDU_PUB,Public educational institutions,ISCED11_34,Upper secondary general education,TE,Teacher,2016,,693,,A,Normal value,0,Units,OBS,Observed,0,Zero
ESP,Spain,WKT_STA_TCH,Statutory teaching time,H_Y,Hours per year,INST_EDU_PUB,Public educational institutions,ISCED11_02,Pre-primary education,TE,Teacher,2012,,880,,A,Normal value,0,Units,OBS,Observed,0,Zero
ESP,Spain,WKT_STA_TCH,Statutory teaching time,H_Y,Hours per year,INST_EDU_PUB,Public educational institutions,ISCED11_02,Pre-primary education,TE,Teacher,2011,,880,,A,Normal value,0,Units,OBS,Observed,0,Zero
ESP,Spain,WKT_STA_TCH,Statutory teaching time,H_Y,Hours per year,INST_EDU_PUB,Public educational institutions,ISCED11_02,Pre-primary education,TE,Teacher,2010,,880,,A,Normal value,0,Units,OBS,Observed,0,Zero
ESP,Spain,WKT_STA_TCH,Statutory teaching time,H_Y,Hours per year,INST_EDU_PUB,Public educational institutions,ISCED11_02,Pre-primary education,TE,Teacher,2009,,880,,A,Normal value,0,Units,OBS,Observed,0,Zero
ESP,Spain,WKT_STA_TCH,Statutory teaching time,H_Y,Hours per year,INST_EDU_PUB,Public educational institutions,ISCED11_02,Pre-primary education,TE,Teacher,2008,,880,,A,Normal value,0,Units,OBS,Observed,0,Zero
ESP,Spain,WKT_STA_TCH,Statutory teaching time,H_Y,Hours per year,INST_EDU_PUB,Public educational institutions,ISCED11_02,Pre-primary education,TE,Teacher,2007,,880,,A,Normal value,0,Units,OBS,Observed,0,Zero
ESP,Spain,WKT_STA_TCH,Statutory teaching time,H_Y,Hours per year,INST_EDU_PUB,Public educational institutions,ISCED11_02,Pre-primary education,TE,Teacher,2006,,880,,A,Normal value,0,Units,OBS,Observed,0,Zero
ESP,Spain,WKT_STA_TCH,Statutory teaching time,H_Y,Hours per year,INST_EDU_PUB,Public educational institutions,ISCED11_02,Pre-primary education,TE,Teacher,2005,,880,,A,Normal value,0,Units,OBS,Observed,0,Zero
ESP,Spain,WKT_STA_TCH,Statutory teaching time,H_Y,Hours per year,INST_EDU_PUB,Public educational institutions,ISCED11_02,Pre-primary education,TE,Teacher,2000,,880,,A,Normal value,0,Units,OBS,Observed,0,Zero
ESP,Spain,WKT_STA_TCH,Statutory teaching time,H_Y,Hours per year,INST_EDU_PUB,Public educational institutions,ISCED11_34,Upper secondary general education,TE,Teacher,2015,,693,,A,Normal value,0,Units,OBS,Observed,0,Zero
ESP,Spain,WKT_STA_TCH,Statutory teaching time,H_Y,Hours per year,INST_EDU_PUB,Public educational institutions,ISCED11_34,Upper secondary general education,TE,Teacher,2014,,693,,A,Normal value,0,Units,OBS,Observed,0,Zero
ESP,Spain,WKT_STA_TCH,Statutory teaching time,H_Y,Hours per year,INST_EDU_PUB,Public educational institutions,ISCED11_34,Upper secondary general education,TE,Teacher,2013,,693,,A,Normal value,0,Units,OBS,Observed,0,Zero
ESP,Spain,WKT_STA_TCH,Statutory teaching time,H_Y,Hours per year,INST_EDU_PUB,Public educational institutions,ISCED11_34,Upper secondary general education,TE,Teacher,2012,,693,,A,Normal value,0,Units,OBS,Observed,0,Zero
ESP,Spain,WKT_STA_TCH,Statutory teaching time,H_Y,Hours per year,INST_EDU_PUB,Public educational institutions,ISCED11_34,Upper secondary general education,TE,Teacher,2011,,693,,A,Normal value,0,Units,OBS,Observed,0,Zero
ESP,Spain,WKT_STA_TCH,Statutory teaching time,H_Y,Hours per year,INST_EDU_PUB,Public educational institutions,ISCED11_34,Upper secondary general education,TE,Teacher,2010,,693,,A,Normal value,0,Units,OBS,Observed,0,Zero
ESP,Spain,WKT_STA_TCH,Statutory teaching time,H_Y,Hours per year,INST_EDU_PUB,Public educational institutions,ISCED11_34,Upper secondary general education,TE,Teacher,2009,,693,,A,Normal value,0,Units,OBS,Observed,0,Zero
ESP,Spain,WKT_STA_TCH,Statutory teaching time,H_Y,Hours per year,INST_EDU_PUB,Public educational institutions,ISCED11_34,Upper secondary general education,TE,Teacher,2008,,693,,A,Normal value,0,Units,OBS,Observed,0,Zero
ESP,Spain,WKT_STA_TCH,Statutory teaching time,H_Y,Hours per year,INST_EDU_PUB,Public educational institutions,ISCED11_34,Upper secondary general education,TE,Teacher,2007,,693,,A,Normal value,0,Units,OBS,Observed,0,Zero
ESP,Spain,WKT_STA_TCH,Statutory teaching time,H_Y,Hours per year,INST_EDU_PUB,Public educational institutions,ISCED11_34,Upper secondary general education,TE,Teacher,2006,,693,,A,Normal value,0,Units,OBS,Observed,0,Zero
ESP,Spain,WKT_STA_TCH,Statutory teaching time,H_Y,Hours per year,INST_EDU_PUB,Public educational institutions,ISCED11_34,Upper secondary general education,TE,Teacher,2005,,693,,A,Normal value,0,Units,OBS,Observed,0,Zero
ESP,Spain,WKT_STA_TCH,Statutory teaching time,H_Y,Hours per year,INST_EDU_PUB,Public educational institutions,ISCED11_34,Upper secondary general education,TE,Teacher,2000,,693,,A,Normal value,0,Units,OBS,Observed,0,Zero
ESP,Spain,WKT_STA_TCH,Statutory teaching time,H_Y,Hours per year,INST_EDU_PUB,Public educational institutions,ISCED11_02,Pre-primary education,TE,Teacher,2023,,854,,A,Normal value,0,Units,OBS,Observed,0,Zero
ESP,Spain,WKT_STA_TCH,Statutory teaching time,H_Y,Hours per year,INST_EDU_PUB,Public educational institutions,ISCED11_02,Pre-primary education,TE,Teacher,2021,,871,,A,Normal value,0,Units,OBS,Observed,0,Zero
ESP,Spain,WKT_STA_TCH,Statutory teaching time,H_Y,Hours per year,INST_EDU_PUB,Public educational institutions,ISCED11_02,Pre-primary education,TE,Teacher,2020,,869,,A,Normal value,0,Units,OBS,Observed,0,Zero
ESP,Spain,WKT_STA_TCH,Statutory teaching time,H_Y,Hours per year,INST_EDU_PUB,Public educational institutions,ISCED11_02,Pre-primary education,TE,Teacher,2019,,869,,A,Normal value,0,Units,OBS,Observed,0,Zero
ESP,Spain,WKT_STA_TCH,Statutory teaching time,H_Y,Hours per year,INST_EDU_PUB,Public educational institutions,ISCED11_02,Pre-primary education,TE,Teacher,2018,,880,,A,Normal value,0,Units,OBS,Observed,0,Zero
ESP,Spain,WKT_STA_TCH,Statutory teaching time,H_Y,Hours per year,INST_EDU_PUB,Public educational institutions,ISCED11_02,Pre-primary education,TE,Teacher,2017,,880,,A,Normal value,0,Units,OBS,Observed,0,Zero
ESP,Spain,WKT_STA_TCH,Statutory teaching time,H_Y,Hours per year,INST_EDU_PUB,Public educational institutions,ISCED11_02,Pre-primary education,TE,Teacher,2016,,880,,A,Normal value,0,Units,OBS,Observed,0,Zero
ESP,Spain,WKT_STA_TCH,Statutory teaching time,H_Y,Hours per year,INST_EDU_PUB,Public educational institutions,ISCED11_02,Pre-primary education,TE,Teacher,2015,,880,,A,Normal value,0,Units,OBS,Observed,0,Zero
ESP,Spain,WKT_STA_TCH,Statutory teaching time,H_Y,Hours per year,INST_EDU_PUB,Public educational institutions,ISCED11_02,Pre-primary education,TE,Teacher,2014,,880,,A,Normal value,0,Units,OBS,Observed,0,Zero
ESP,Spain,WKT_STA_TCH,Statutory teaching time,H_Y,Hours per year,INST_EDU_PUB,Public educational institutions,ISCED11_02,Pre-primary education,TE,Teacher,2013,,880,,A,Normal value,0,Units,OBS,Observed,0,Zero
ESP,Spain,WKT_STA_TCH,Statutory teaching time,H_Y,Hours per year,INST_EDU_PUB,Public educational institutions,ISCED11_24,Lower secondary general education,TE,Teacher,2025,,642,,A,Normal value,0,Units,OBS,Observed,0,Zero
ESP,Spain,WKT_STA_TCH,Statutory teaching time,H_Y,Hours per year,INST_EDU_PUB,Public educational institutions,ISCED11_24,Lower secondary general education,TE,Teacher,2023,,656,,A,Normal value,0,Units,OBS,Observed,0,Zero
ESP,Spain,WKT_STA_TCH,Statutory teaching time,H_Y,Hours per year,INST_EDU_PUB,Public educational institutions,ISCED11_24,Lower secondary general education,TE,Teacher,2021,,665,,A,Normal value,0,Units,OBS,Observed,0,Zero
ESP,Spain,WKT_STA_TCH,Statutory teaching time,H_Y,Hours per year,INST_EDU_PUB,Public educational institutions,ISCED11_24,Lower secondary general education,TE,Teacher,2020,,669,,A,Normal value,0,Units,OBS,Observed,0,Zero
ESP,Spain,WKT_STA_TCH,Statutory teaching time,H_Y,Hours per year,INST_EDU_PUB,Public educational institutions,ISCED11_24,Lower secondary general education,TE,Teacher,2019,,669,,A,Normal value,0,Units,OBS,Observed,0,Zero
ESP,Spain,WKT_STA_TCH,Statutory teaching time,H_Y,Hours per year,INST_EDU_PUB,Public educational institutions,ISCED11_24,Lower secondary general education,TE,Teacher,2018,,713,,A,Normal value,0,Units,OBS,Observed,0,Zero
ESP,Spain,WKT_STA_TCH,Statutory teaching time,H_Y,Hours per year,INST_EDU_PUB,Public educational institutions,ISCED11_24,Lower secondary general education,TE,Teacher,2017,,713,,A,Normal value,0,Units,OBS,Observed,0,Zero
ESP,Spain,WKT_STA_TCH,Statutory teaching time,H_Y,Hours per year,INST_EDU_PUB,Public educational institutions,ISCED11_24,Lower secondary general education,TE,Teacher,2016,,713,,A,Normal value,0,Units,OBS,Observed,0,Zero
ESP,Spain,WKT_STA_TCH,Statutory teaching time,H_Y,Hours per year,INST_EDU_PUB,Public educational institutions,ISCED11_24,Lower secondary general education,TE,Teacher,2015,,713,,A,Normal value,0,Units,OBS,Observed,0,Zero
ESP,Spain,WKT_STA_TCH,Statutory teaching time,H_Y,Hours per year,INST_EDU_PUB,Public educational institutions,ISCED11_24,Lower secondary general education,TE,Teacher,2014,,713,,A,Normal value,0,Units,OBS,Observed,0,Zero
ESP,Spain,WKT_STA_TCH,Statutory teaching time,H_Y,Hours per year,INST_EDU_PUB,Public educational institutions,ISCED11_24,Lower secondary general education,TE,Teacher,2013,,713,,A,Normal value,0,Units,OBS,Observed,0,Zero
ESP,Spain,WKT_STA_TCH,Statutory teaching time,H_Y,Hours per year,INST_EDU_PUB,Public educational institutions,ISCED11_24,Lower secondary general education,TE,Teacher,2012,,713,,A,Normal value,0,Units,OBS,Observed,0,Zero
ESP,Spain,WKT_STA_TCH,Statutory teaching time,H_Y,Hours per year,INST_EDU_PUB,Public educational institutions,ISCED11_24,Lower secondary general education,TE,Teacher,2011,,713,,A,Normal value,0,Units,OBS,Observed,0,Zero
ESP,Spain,WKT_STA_TCH,Statutory teaching time,H_Y,Hours per year,INST_EDU_PUB,Public educational institutions,ISCED11_24,Lower secondary general education,TE,Teacher,2010,,713,,A,Normal value,0,Units,OBS,Observed,0,Zero
ESP,Spain,WKT_STA_TCH,Statutory teaching time,H_Y,Hours per year,INST_EDU_PUB,Public educational institutions,ISCED11_24,Lower secondary general education,TE,Teacher,2009,,713,,A,Normal value,0,Units,OBS,Observed,0,Zero
ESP,Spain,WKT_STA_TCH,Statutory teaching time,H_Y,Hours per year,INST_EDU_PUB,Public educational institutions,ISCED11_24,Lower secondary general education,TE,Teacher,2008,,713,,A,Normal value,0,Units,OBS,Observed,0,Zero
ESP,Spain,WKT_STA_TCH,Statutory teaching time,H_Y,Hours per year,INST_EDU_PUB,Public educational institutions,ISCED11_24,Lower secondary general education,TE,Teacher,2007,,713,,A,Normal value,0,Units,OBS,Observed,0,Zero
ESP,Spain,WKT_STA_TCH,Statutory teaching time,H_Y,Hours per year,INST_EDU_PUB,Public educational institutions,ISCED11_24,Lower secondary general education,TE,Teacher,2006,,713,,A,Normal value,0,Units,OBS,Observed,0,Zero
ESP,Spain,WKT_STA_TCH,Statutory teaching time,H_Y,Hours per year,INST_EDU_PUB,Public educational institutions,ISCED11_24,Lower secondary general education,TE,Teacher,2005,,713,,A,Normal value,0,Units,OBS,Observed,0,Zero
ESP,Spain,WKT_STA_TCH,Statutory teaching time,H_Y,Hours per year,INST_EDU_PUB,Public educational institutions,ISCED11_24,Lower secondary general education,TE,Teacher,2000,,713,,A,Normal value,0,Units,OBS,Observed,0,Zero
ESP,Spain,WKT_STA_TCH,Statutory teaching time,H_Y,Hours per year,INST_EDU_PUB,Public educational institutions,ISCED11_1,Primary education,TE,Teacher,2025,,828,,A,Normal value,0,Units,OBS,Observed,0,Zero
ESP,Spain,WKT_STA_TCH,Statutory teaching time,H_Y,Hours per year,INST_EDU_PUB,Public educational institutions,ISCED11_1,Primary education,TE,Teacher,2023,,854,,A,Normal value,0,Units,OBS,Observed,0,Zero
ESP,Spain,WKT_STA_TCH,Statutory teaching time,H_Y,Hours per year,INST_EDU_PUB,Public educational institutions,ISCED11_1,Primary education,TE,Teacher,2021,,871,,A,Normal value,0,Units,OBS,Observed,0,Zero
ESP,Spain,WKT_STA_TCH,Statutory teaching time,H_Y,Hours per year,INST_EDU_PUB,Public educational institutions,ISCED11_1,Primary education,TE,Teacher,2020,,871,,A,Normal value,0,Units,OBS,Observed,0,Zero
ESP,Spain,WKT_STA_TCH,Statutory teaching time,H_Y,Hours per year,INST_EDU_PUB,Public educational institutions,ISCED11_1,Primary education,TE,Teacher,2019,,871,,A,Normal value,0,Units,OBS,Observed,0,Zero
ESP,Spain,WKT_STA_TCH,Statutory teaching time,H_Y,Hours per year,INST_EDU_PUB,Public educational institutions,ISCED11_1,Primary education,TE,Teacher,2018,,880,,A,Normal value,0,Units,OBS,Observed,0,Zero
ESP,Spain,WKT_STA_TCH,Statutory teaching time,H_Y,Hours per year,INST_EDU_PUB,Public educational institutions,ISCED11_1,Primary education,TE,Teacher,2017,,880,,A,Normal value,0,Units,OBS,Observed,0,Zero
ESP,Spain,WKT_STA_TCH,Statutory teaching time,H_Y,Hours per year,INST_EDU_PUB,Public educational institutions,ISCED11_1,Primary education,TE,Teacher,2016,,880,,A,Normal value,0,Units,OBS,Observed,0,Zero
ESP,Spain,WKT_STA_TCH,Statutory teaching time,H_Y,Hours per year,INST_EDU_PUB,Public educational institutions,ISCED11_1,Primary education,TE,Teacher,2015,,880,,A,Normal value,0,Units,OBS,Observed,0,Zero
ESP,Spain,WKT_STA_TCH,Statutory teaching time,H_Y,Hours per year,INST_EDU_PUB,Public educational institutions,ISCED11_1,Primary education,TE,Teacher,2014,,880,,A,Normal value,0,Units,OBS,Observed,0,Zero
ESP,Spain,WKT_STA_TCH,Statutory teaching time,H_Y,Hours per year,INST_EDU_PUB,Public educational institutions,ISCED11_1,Primary education,TE,Teacher,2013,,880,,A,Normal value,0,Units,OBS,Observed,0,Zero
ESP,Spain,WKT_STA_TCH,Statutory teaching time,H_Y,Hours per year,INST_EDU_PUB,Public educational institutions,ISCED11_1,Primary education,TE,Teacher,2012,,880,,A,Normal value,0,Units,OBS,Observed,0,Zero
ESP,Spain,WKT_STA_TCH,Statutory teaching time,H_Y,Hours per year,INST_EDU_PUB,Public educational institutions,ISCED11_1,Primary education,TE,Teacher,2011,,880,,A,Normal value,0,Units,OBS,Observed,0,Zero
ESP,Spain,WKT_STA_TCH,Statutory teaching time,H_Y,Hours per year,INST_EDU_PUB,Public educational institutions,ISCED11_1,Primary education,TE,Teacher,2010,,880,,A,Normal value,0,Units,OBS,Observed,0,Zero
ESP,Spain,WKT_STA_TCH,Statutory teaching time,H_Y,Hours per year,INST_EDU_PUB,Public educational institutions,ISCED11_1,Primary education,TE,Teacher,2009,,880,,A,Normal value,0,Units,OBS,Observed,0,Zero
ESP,Spain,WKT_STA_TCH,Statutory teaching time,H_Y,Hours per year,INST_EDU_PUB,Public educational institutions,ISCED11_1,Primary education,TE,Teacher,2008,,880,,A,Normal value,0,Units,OBS,Observed,0,Zero
ESP,Spain,WKT_STA_TCH,Statutory teaching time,H_Y,Hours per year,INST_EDU_PUB,Public educational institutions,ISCED11_1,Primary education,TE,Teacher,2007,,880,,A,Normal value,0,Units,OBS,Observed,0,Zero
ESP,Spain,WKT_STA_TCH,Statutory teaching time,H_Y,Hours per year,INST_EDU_PUB,Public educational institutions,ISCED11_1,Primary education,TE,Teacher,2006,,880,,A,Normal value,0,Units,OBS,Observed,0,Zero
ESP,Spain,WKT_STA_TCH,Statutory teaching time,H_Y,Hours per year,INST_EDU_PUB,Public educational institutions,ISCED11_1,Primary education,TE,Teacher,2005,,880,,A,Normal value,0,Units,OBS,Observed,0,Zero
ESP,Spain,WKT_STA_TCH,Statutory teaching time,H_Y,Hours per year,INST_EDU_PUB,Public educational institutions,ISCED11_1,Primary education,TE,Teacher,2000,,880,,A,Normal value,0,Units,OBS,Observed,0,Zero
ESP,Spain,WKT_STA_TCH,Statutory teaching time,H_Y,Hours per year,INST_EDU_PUB,Public educational institutions,ISCED11_34,Upper secondary general education,TE,Teacher,2025,,642,,A,Normal value,0,Units,OBS,Observed,0,Zero
ESP,Spain,WKT_STA_TCH,Statutory teaching time,H_Y,Hours per year,INST_EDU_PUB,Public educational institutions,ISCED11_34,Upper secondary general education,TE,Teacher,2023,,656,,A,Normal value,0,Units,OBS,Observed,0,Zero
ESP,Spain,WKT_STA_TCH,Statutory teaching time,H_Y,Hours per year,INST_EDU_PUB,Public educational institutions,ISCED11_34,Upper secondary general education,TE,Teacher,2021,,665,,A,Normal value,0,Units,OBS,Observed,0,Zero
SWE,Sweden,WKT_STA_TCH,Statutory teaching time,H_Y,Hours per year,INST_EDU_PUB,Public educational institutions,ISCED11_34,Upper secondary general education,TE,Teacher,2013,,,,M,Missing value; data cannot exist,0,Units,OBS,Observed,0,Zero
SWE,Sweden,WKT_STA_TCH,Statutory teaching time,H_Y,Hours per year,INST_EDU_PUB,Public educational institutions,ISCED11_1,Primary education,TE,Teacher,2013,,,,M,Missing value; data cannot exist,0,Units,OBS,Observed,0,Zero
SWE,Sweden,WKT_STA_TCH,Statutory teaching time,H_Y,Hours per year,INST_EDU_PUB,Public educational institutions,ISCED11_24,Lower secondary general education,TE,Teacher,2013,,,,M,Missing value; data cannot exist,0,Units,OBS,Observed,0,Zero
SWE,Sweden,WKT_STA_TCH,Statutory teaching time,H_Y,Hours per year,INST_EDU_PUB,Public educational institutions,ISCED11_24,Lower secondary general education,TE,Teacher,2012,,,,O,Missing value,0,Units,OBS,Observed,0,Zero
SWE,Sweden,WKT_STA_TCH,Statutory teaching time,H_Y,Hours per year,INST_EDU_PUB,Public educational institutions,ISCED11_24,Lower secondary general education,TE,Teacher,2011,,,,O,Missing value,0,Units,OBS,Observed,0,Zero
SWE,Sweden,WKT_STA_TCH,Statutory teaching time,H_Y,Hours per year,INST_EDU_PUB,Public educational institutions,ISCED11_24,Lower secondary general education,TE,Teacher,2010,,,,O,Missing value,0,Units,OBS,Observed,0,Zero
SWE,Sweden,WKT_STA_TCH,Statutory teaching time,H_Y,Hours per year,INST_EDU_PUB,Public educational institutions,ISCED11_02,Pre-primary education,TE,Teacher,2018,,,,O,Missing value,0,Units,OBS,Observed,0,Zero
SWE,Sweden,WKT_STA_TCH,Statutory teaching time,H_Y,Hours per year,INST_EDU_PUB,Public educational institutions,ISCED11_02,Pre-primary education,TE,Teacher,2017,,,,O,Missing value,0,Units,OBS,Observed,0,Zero
SWE,Sweden,WKT_STA_TCH,Statutory teaching time,H_Y,Hours per year,INST_EDU_PUB,Public educational institutions,ISCED11_02,Pre-primary education,TE,Teacher,2016,,,,O,Missing value,0,Units,OBS,Observed,0,Zero
SWE,Sweden,WKT_STA_TCH,Statutory teaching time,H_Y,Hours per year,INST_EDU_PUB,Public educational institutions,ISCED11_02,Pre-primary education,TE,Teacher,2015,,,,O,Missing value,0,Units,OBS,Observed,0,Zero
SWE,Sweden,WKT_STA_TCH,Statutory teaching time,H_Y,Hours per year,INST_EDU_PUB,Public educational institutions,ISCED11_02,Pre-primary education,TE,Teacher,2014,,,,O,Missing value,0,Units,OBS,Observed,0,Zero
SWE,Sweden,WKT_STA_TCH,Statutory teaching time,H_Y,Hours per year,INST_EDU_PUB,Public educational institutions,ISCED11_02,Pre-primary education,TE,Teacher,2010,,,,O,Missing value,0,Units,OBS,Observed,0,Zero
SWE,Sweden,WKT_STA_TCH,Statutory teaching time,H_Y,Hours per year,INST_EDU_PUB,Public educational institutions,ISCED11_02,Pre-primary education,TE,Teacher,2009,,,,O,Missing value,0,Units,OBS,Observed,0,Zero
SWE,Sweden,WKT_STA_TCH,Statutory teaching time,H_Y,Hours per year,INST_EDU_PUB,Public educational institutions,ISCED11_02,Pre-primary education,TE,Teacher,2008,,,,O,Missing value,0,Units,OBS,Observed,0,Zero
SWE,Sweden,WKT_STA_TCH,Statutory teaching time,H_Y,Hours per year,INST_EDU_PUB,Public educational institutions,ISCED11_02,Pre-primary education,TE,Teacher,2007,,,,O,Missing value,0,Units,OBS,Observed,0,Zero
SWE,Sweden,WKT_STA_TCH,Statutory teaching time,H_Y,Hours per year,INST_EDU_PUB,Public educational institutions,ISCED11_02,Pre-primary education,TE,Teacher,2006,,,,O,Missing value,0,Units,OBS,Observed,0,Zero
SWE,Sweden,WKT_STA_TCH,Statutory teaching time,H_Y,Hours per year,INST_EDU_PUB,Public educational institutions,ISCED11_02,Pre-primary education,TE,Teacher,2005,,,,O,Missing value,0,Units,OBS,Observed,0,Zero
SWE,Sweden,WKT_STA_TCH,Statutory teaching time,H_Y,Hours per year,INST_EDU_PUB,Public educational institutions,ISCED11_02,Pre-primary education,TE,Teacher,2000,,,,O,Missing value,0,Units,OBS,Observed,0,Zero
SWE,Sweden,WKT_STA_TCH,Statutory teaching time,H_Y,Hours per year,INST_EDU_PUB,Public educational institutions,ISCED11_24,Lower secondary general education,TE,Teacher,2009,,,,O,Missing value,0,Units,OBS,Observed,0,Zero
SWE,Sweden,WKT_STA_TCH,Statutory teaching time,H_Y,Hours per year,INST_EDU_PUB,Public educational institutions,ISCED11_24,Lower secondary general education,TE,Teacher,2008,,,,O,Missing value,0,Units,OBS,Observed,0,Zero
SWE,Sweden,WKT_STA_TCH,Statutory teaching time,H_Y,Hours per year,INST_EDU_PUB,Public educational institutions,ISCED11_24,Lower secondary general education,TE,Teacher,2007,,,,O,Missing value,0,Units,OBS,Observed,0,Zero
SWE,Sweden,WKT_STA_TCH,Statutory teaching time,H_Y,Hours per year,INST_EDU_PUB,Public educational institutions,ISCED11_24,Lower secondary general education,TE,Teacher,2006,,,,O,Missing value,0,Units,OBS,Observed,0,Zero
SWE,Sweden,WKT_STA_TCH,Statutory teaching time,H_Y,Hours per year,INST_EDU_PUB,Public educational institutions,ISCED11_24,Lower secondary general education,TE,Teacher,2005,,,,O,Missing value,0,Units,OBS,Observed,0,Zero
SWE,Sweden,WKT_STA_TCH,Statutory teaching time,H_Y,Hours per year,INST_EDU_PUB,Public educational institutions,ISCED11_24,Lower secondary general education,TE,Teacher,2000,,,,O,Missing value,0,Units,OBS,Observed,0,Zero
SWE,Sweden,WKT_STA_TCH,Statutory teaching time,H_Y,Hours per year,INST_EDU_PUB,Public educational institutions,ISCED11_1,Primary education,TE,Teacher,2012,,,,O,Missing value,0,Units,OBS,Observed,0,Zero
SWE,Sweden,WKT_STA_TCH,Statutory teaching time,H_Y,Hours per year,INST_EDU_PUB,Public educational institutions,ISCED11_1,Primary education,TE,Teacher,2011,,,,O,Missing value,0,Units,OBS,Observed,0,Zero
SWE,Sweden,WKT_STA_TCH,Statutory teaching time,H_Y,Hours per year,INST_EDU_PUB,Public educational institutions,ISCED11_1,Primary education,TE,Teacher,2010,,,,O,Missing value,0,Units,OBS,Observed,0,Zero
SWE,Sweden,WKT_STA_TCH,Statutory teaching time,H_Y,Hours per year,INST_EDU_PUB,Public educational institutions,ISCED11_1,Primary education,TE,Teacher,2009,,,,O,Missing value,0,Units,OBS,Observed,0,Zero
SWE,Sweden,WKT_STA_TCH,Statutory teaching time,H_Y,Hours per year,INST_EDU_PUB,Public educational institutions,ISCED11_1,Primary education,TE,Teacher,2008,,,,O,Missing value,0,Units,OBS,Observed,0,Zero
SWE,Sweden,WKT_STA_TCH,Statutory teaching time,H_Y,Hours per year,INST_EDU_PUB,Public educational institutions,ISCED11_1,Primary education,TE,Teacher,2007,,,,O,Missing value,0,Units,OBS,Observed,0,Zero
SWE,Sweden,WKT_STA_TCH,Statutory teaching time,H_Y,Hours per year,INST_EDU_PUB,Public educational institutions,ISCED11_1,Primary education,TE,Teacher,2006,,,,O,Missing value,0,Units,OBS,Observed,0,Zero
SWE,Sweden,WKT_STA_TCH,Statutory teaching time,H_Y,Hours per year,INST_EDU_PUB,Public educational institutions,ISCED11_1,Primary education,TE,Teacher,2005,,,,O,Missing value,0,Units,OBS,Observed,0,Zero
SWE,Sweden,WKT_STA_TCH,Statutory teaching time,H_Y,Hours per year,INST_EDU_PUB,Public educational institutions,ISCED11_1,Primary education,TE,Teacher,2000,,,,O,Missing value,0,Units,OBS,Observed,0,Zero
SWE,Sweden,WKT_STA_TCH,Statutory teaching time,H_Y,Hours per year,INST_EDU_PUB,Public educational institutions,ISCED11_34,Upper secondary general education,TE,Teacher,2012,,,,O,Missing value,0,Units,OBS,Observed,0,Zero
SWE,Sweden,WKT_STA_TCH,Statutory teaching time,H_Y,Hours per year,INST_EDU_PUB,Public educational institutions,ISCED11_34,Upper secondary general education,TE,Teacher,2011,,,,O,Missing value,0,Units,OBS,Observed,0,Zero
SWE,Sweden,WKT_STA_TCH,Statutory teaching time,H_Y,Hours per year,INST_EDU_PUB,Public educational institutions,ISCED11_34,Upper secondary general education,TE,Teacher,2010,,,,O,Missing value,0,Units,OBS,Observed,0,Zero
SWE,Sweden,WKT_STA_TCH,Statutory teaching time,H_Y,Hours per year,INST_EDU_PUB,Public educational institutions,ISCED11_34,Upper secondary general education,TE,Teacher,2009,,,,O,Missing value,0,Units,OBS,Observed,0,Zero
SWE,Sweden,WKT_STA_TCH,Statutory teaching time,H_Y,Hours per year,INST_EDU_PUB,Public educational institutions,ISCED11_34,Upper secondary general education,TE,Teacher,2008,,,,O,Missing value,0,Units,OBS,Observed,0,Zero
SWE,Sweden,WKT_STA_TCH,Statutory teaching time,H_Y,Hours per year,INST_EDU_PUB,Public educational institutions,ISCED11_34,Upper secondary general education,TE,Teacher,2007,,,,O,Missing value,0,Units,OBS,Observed,0,Zero
SWE,Sweden,WKT_STA_TCH,Statutory teaching time,H_Y,Hours per year,INST_EDU_PUB,Public educational institutions,ISCED11_34,Upper secondary general education,TE,Teacher,2006,,,,O,Missing value,0,Units,OBS,Observed,0,Zero
SWE,Sweden,WKT_STA_TCH,Statutory teaching time,H_Y,Hours per year,INST_EDU_PUB,Public educational institutions,ISCED11_34,Upper secondary general education,TE,Teacher,2005,,,,O,Missing value,0,Units,OBS,Observed,0,Zero
SWE,Sweden,WKT_STA_TCH,Statutory teaching time,H_Y,Hours per year,INST_EDU_PUB,Public educational institutions,ISCED11_34,Upper secondary general education,TE,Teacher,2000,,,,O,Missing value,0,Units,OBS,Observed,0,Zero
SWE,Sweden,WKT_STA_TCH,Statutory teaching time,H_Y,Hours per year,INST_EDU_PUB,Public educational institutions,ISCED11_02,Pre-primary education,TE,Teacher,2023,,,,O,Missing value,0,Units,OBS,Observed,0,Zero
SWE,Sweden,WKT_STA_TCH,Statutory teaching time,H_Y,Hours per year,INST_EDU_PUB,Public educational institutions,ISCED11_02,Pre-primary education,TE,Teacher,2021,,,,O,Missing value,0,Units,OBS,Observed,0,Zero
SWE,Sweden,WKT_STA_TCH,Statutory teaching time,H_Y,Hours per year,INST_EDU_PUB,Public educational institutions,ISCED11_02,Pre-primary education,TE,Teacher,2020,,,,O,Missing value,0,Units,OBS,Observed,0,Zero
SWE,Sweden,WKT_STA_TCH,Statutory teaching time,H_Y,Hours per year,INST_EDU_PUB,Public educational institutions,ISCED11_02,Pre-primary education,TE,Teacher,2019,,,,O,Missing value,0,Units,OBS,Observed,0,Zero
SWE,Sweden,WKT_STA_TCH,Statutory teaching time,H_Y,Hours per year,INST_EDU_PUB,Public educational institutions,ISCED11_02,Pre-primary education,TE,Teacher,2013,,1792,,A,Normal value,0,Units,OBS,Observed,0,Zero
SWE,Sweden,WKT_STA_TCH,Statutory teaching time,H_Y,Hours per year,INST_EDU_PUB,Public educational institutions,ISCED11_02,Pre-primary education,TE,Teacher,2012,,1792,,A,Normal value,0,Units,OBS,Observed,0,Zero
SWE,Sweden,WKT_STA_TCH,Statutory teaching time,H_Y,Hours per year,INST_EDU_PUB,Public educational institutions,ISCED11_02,Pre-primary education,TE,Teacher,2011,,1792,,A,Normal value,0,Units,OBS,Observed,0,Zero
SWE,Sweden,WKT_STA_TCH,Statutory teaching time,H_Y,Hours per year,INST_EDU_PUB,Public educational institutions,ISCED11_34,Upper secondary general education,TE,Teacher,2025,,,,M,Missing value; data cannot exist,0,Units,OBS,Observed,0,Zero
SWE,Sweden,WKT_STA_TCH,Statutory teaching time,H_Y,Hours per year,INST_EDU_PUB,Public educational institutions,ISCED11_1,Primary education,TE,Teacher,2025,,,,M,Missing value; data cannot exist,0,Units,OBS,Observed,0,Zero
SWE,Sweden,WKT_STA_TCH,Statutory teaching time,H_Y,Hours per year,INST_EDU_PUB,Public educational institutions,ISCED11_24,Lower secondary general education,TE,Teacher,2025,,,,M,Missing value; data cannot exist,0,Units,OBS,Observed,0,Zero
SWE,Sweden,WKT_STA_TCH,Statutory teaching time,H_Y,Hours per year,INST_EDU_PUB,Public educational institutions,ISCED11_24,Lower secondary general education,TE,Teacher,2023,,,,M,Missing value; data cannot exist,0,Units,OBS,Observed,0,Zero
SWE,Sweden,WKT_STA_TCH,Statutory teaching time,H_Y,Hours per year,INST_EDU_PUB,Public educational institutions,ISCED11_1,Primary education,TE,Teacher,2023,,,,M,Missing value; data cannot exist,0,Units,OBS,Observed,0,Zero
SWE,Sweden,WKT_STA_TCH,Statutory teaching time,H_Y,Hours per year,INST_EDU_PUB,Public educational institutions,ISCED11_34,Upper secondary general education,TE,Teacher,2023,,,,M,Missing value; data cannot exist,0,Units,OBS,Observed,0,Zero
SWE,Sweden,WKT_STA_TCH,Statutory teaching time,H_Y,Hours per year,INST_EDU_PUB,Public educational institutions,ISCED11_34,Upper secondary general education,TE,Teacher,2021,,,,M,Missing value; data cannot exist,0,Units,OBS,Observed,0,Zero
SWE,Sweden,WKT_STA_TCH,Statutory teaching time,H_Y,Hours per year,INST_EDU_PUB,Public educational institutions,ISCED11_1,Primary education,TE,Teacher,2021,,,,M,Missing value; data cannot exist,0,Units,OBS,Observed,0,Zero
SWE,Sweden,WKT_STA_TCH,Statutory teaching time,H_Y,Hours per year,INST_EDU_PUB,Public educational institutions,ISCED11_24,Lower secondary general education,TE,Teacher,2021,,,,M,Missing value; data cannot exist,0,Units,OBS,Observed,0,Zero
SWE,Sweden,WKT_STA_TCH,Statutory teaching time,H_Y,Hours per year,INST_EDU_PUB,Public educational institutions,ISCED11_24,Lower secondary general education,TE,Teacher,2020,,,,M,Missing value; data cannot exist,0,Units,OBS,Observed,0,Zero
SWE,Sweden,WKT_STA_TCH,Statutory teaching time,H_Y,Hours per year,INST_EDU_PUB,Public educational institutions,ISCED11_1,Primary education,TE,Teacher,2020,,,,M,Missing value; data cannot exist,0,Units,OBS,Observed,0,Zero
SWE,Sweden,WKT_STA_TCH,Statutory teaching time,H_Y,Hours per year,INST_EDU_PUB,Public educational institutions,ISCED11_34,Upper secondary general education,TE,Teacher,2020,,,,M,Missing value; data cannot exist,0,Units,OBS,Observed,0,Zero
SWE,Sweden,WKT_STA_TCH,Statutory teaching time,H_Y,Hours per year,INST_EDU_PUB,Public educational institutions,ISCED11_34,Upper secondary general education,TE,Teacher,2019,,,,M,Missing value; data cannot exist,0,Units,OBS,Observed,0,Zero
SWE,Sweden,WKT_STA_TCH,Statutory teaching time,H_Y,Hours per year,INST_EDU_PUB,Public educational institutions,ISCED11_1,Primary education,TE,Teacher,2019,,,,M,Missing value; data cannot exist,0,Units,OBS,Observed,0,Zero
SWE,Sweden,WKT_STA_TCH,Statutory teaching time,H_Y,Hours per year,INST_EDU_PUB,Public educational institutions,ISCED11_24,Lower secondary general education,TE,Teacher,2019,,,,M,Missing value; data cannot exist,0,Units,OBS,Observed,0,Zero
SWE,Sweden,WKT_STA_TCH,Statutory teaching time,H_Y,Hours per year,INST_EDU_PUB,Public educational institutions,ISCED11_24,Lower secondary general education,TE,Teacher,2018,,,,M,Missing value; data cannot exist,0,Units,OBS,Observed,0,Zero
SWE,Sweden,WKT_STA_TCH,Statutory teaching time,H_Y,Hours per year,INST_EDU_PUB,Public educational institutions,ISCED11_1,Primary education,TE,Teacher,2018,,,,M,Missing value; data cannot exist,0,Units,OBS,Observed,0,Zero
SWE,Sweden,WKT_STA_TCH,Statutory teaching time,H_Y,Hours per year,INST_EDU_PUB,Public educational institutions,ISCED11_34,Upper secondary general education,TE,Teacher,2018,,,,M,Missing value; data cannot exist,0,Units,OBS,Observed,0,Zero
SWE,Sweden,WKT_STA_TCH,Statutory teaching time,H_Y,Hours per year,INST_EDU_PUB,Public educational institutions,ISCED11_34,Upper secondary general education,TE,Teacher,2017,,,,M,Missing value; data cannot exist,0,Units,OBS,Observed,0,Zero
SWE,Sweden,WKT_STA_TCH,Statutory teaching time,H_Y,Hours per year,INST_EDU_PUB,Public educational institutions,ISCED11_1,Primary education,TE,Teacher,2017,,,,M,Missing value; data cannot exist,0,Units,OBS,Observed,0,Zero
SWE,Sweden,WKT_STA_TCH,Statutory teaching time,H_Y,Hours per year,INST_EDU_PUB,Public educational institutions,ISCED11_24,Lower secondary general education,TE,Teacher,2017,,,,M,Missing value; data cannot exist,0,Units,OBS,Observed,0,Zero
SWE,Sweden,WKT_STA_TCH,Statutory teaching time,H_Y,Hours per year,INST_EDU_PUB,Public educational institutions,ISCED11_24,Lower secondary general education,TE,Teacher,2016,,,,M,Missing value; data cannot exist,0,Units,OBS,Observed,0,Zero
SWE,Sweden,WKT_STA_TCH,Statutory teaching time,H_Y,Hours per year,INST_EDU_PUB,Public educational institutions,ISCED11_1,Primary education,TE,Teacher,2016,,,,M,Missing value; data cannot exist,0,Units,OBS,Observed,0,Zero
SWE,Sweden,WKT_STA_TCH,Statutory teaching time,H_Y,Hours per year,INST_EDU_PUB,Public educational institutions,ISCED11_34,Upper secondary general education,TE,Teacher,2016,,,,M,Missing value; data cannot exist,0,Units,OBS,Observed,0,Zero
SWE,Sweden,WKT_STA_TCH,Statutory teaching time,H_Y,Hours per year,INST_EDU_PUB,Public educational institutions,ISCED11_34,Upper secondary general education,TE,Teacher,2015,,,,M,Missing value; data cannot exist,0,Units,OBS,Observed,0,Zero
SWE,Sweden,WKT_STA_TCH,Statutory teaching time,H_Y,Hours per year,INST_EDU_PUB,Public educational institutions,ISCED11_1,Primary education,TE,Teacher,2015,,,,M,Missing value; data cannot exist,0,Units,OBS,Observed,0,Zero
SWE,Sweden,WKT_STA_TCH,Statutory teaching time,H_Y,Hours per year,INST_EDU_PUB,Public educational institutions,ISCED11_24,Lower secondary general education,TE,Teacher,2015,,,,M,Missing value; data cannot exist,0,Units,OBS,Observed,0,Zero
SWE,Sweden,WKT_STA_TCH,Statutory teaching time,H_Y,Hours per year,INST_EDU_PUB,Public educational institutions,ISCED11_24,Lower secondary general education,TE,Teacher,2014,,,,M,Missing value; data cannot exist,0,Units,OBS,Observed,0,Zero
SWE,Sweden,WKT_STA_TCH,Statutory teaching time,H_Y,Hours per year,INST_EDU_PUB,Public educational institutions,ISCED11_1,Primary education,TE,Teacher,2014,,,,M,Missing value; data cannot exist,0,Units,OBS,Observed,0,Zero
USA,United States,WKT_STA_TCH,Statutory teaching time,H_Y,Hours per year,INST_EDU_PUB,Public educational institutions,ISCED11_1,Primary education,TE,Teacher,2014,,,,O,Missing value,0,Units,OBS,Observed,0,Zero
USA,United States,WKT_STA_TCH,Statutory teaching time,H_Y,Hours per year,INST_EDU_PUB,Public educational institutions,ISCED11_1,Primary education,TE,Teacher,2013,,,,O,Missing value,0,Units,OBS,Observed,0,Zero
USA,United States,WKT_STA_TCH,Statutory teaching time,H_Y,Hours per year,INST_EDU_PUB,Public educational institutions,ISCED11_1,Primary education,TE,Teacher,2012,,,,O,Missing value,0,Units,OBS,Observed,0,Zero
USA,United States,WKT_STA_TCH,Statutory teaching time,H_Y,Hours per year,INST_EDU_PUB,Public educational institutions,ISCED11_1,Primary education,TE,Teacher,2011,,,,O,Missing value,0,Units,OBS,Observed,0,Zero
USA,United States,WKT_STA_TCH,Statutory teaching time,H_Y,Hours per year,INST_EDU_PUB,Public educational institutions,ISCED11_1,Primary education,TE,Teacher,2010,,,,O,Missing value,0,Units,OBS,Observed,0,Zero
USA,United States,WKT_STA_TCH,Statutory teaching time,H_Y,Hours per year,INST_EDU_PUB,Public educational institutions,ISCED11_1,Primary education,TE,Teacher,2009,,,,O,Missing value,0,Units,OBS,Observed,0,Zero
USA,United States,WKT_STA_TCH,Statutory teaching time,H_Y,Hours per year,INST_EDU_PUB,Public educational institutions,ISCED11_02,Pre-primary education,TE,Teacher,2015,,,,O,Missing value,0,Units,OBS,Observed,0,Zero
USA,United States,WKT_STA_TCH,Statutory teaching time,H_Y,Hours per year,INST_EDU_PUB,Public educational institutions,ISCED11_02,Pre-primary education,TE,Teacher,2014,,,,O,Missing value,0,Units,OBS,Observed,0,Zero
USA,United States,WKT_STA_TCH,Statutory teaching time,H_Y,Hours per year,INST_EDU_PUB,Public educational institutions,ISCED11_02,Pre-primary education,TE,Teacher,2013,,,,O,Missing value,0,Units,OBS,Observed,0,Zero
USA,United States,WKT_STA_TCH,Statutory teaching time,H_Y,Hours per year,INST_EDU_PUB,Public educational institutions,ISCED11_02,Pre-primary education,TE,Teacher,2012,,,,O,Missing value,0,Units,OBS,Observed,0,Zero
USA,United States,WKT_STA_TCH,Statutory teaching time,H_Y,Hours per year,INST_EDU_PUB,Public educational institutions,ISCED11_02,Pre-primary education,TE,Teacher,2011,,,,O,Missing value,0,Units,OBS,Observed,0,Zero
USA,United States,WKT_STA_TCH,Statutory teaching time,H_Y,Hours per year,INST_EDU_PUB,Public educational institutions,ISCED11_02,Pre-primary education,TE,Teacher,2010,,,,O,Missing value,0,Units,OBS,Observed,0,Zero
USA,United States,WKT_STA_TCH,Statutory teaching time,H_Y,Hours per year,INST_EDU_PUB,Public educational institutions,ISCED11_02,Pre-primary education,TE,Teacher,2009,,,,O,Missing value,0,Units,OBS,Observed,0,Zero
USA,United States,WKT_STA_TCH,Statutory teaching time,H_Y,Hours per year,INST_EDU_PUB,Public educational institutions,ISCED11_02,Pre-primary education,TE,Teacher,2008,,,,O,Missing value,0,Units,OBS,Observed,0,Zero
USA,United States,WKT_STA_TCH,Statutory teaching time,H_Y,Hours per year,INST_EDU_PUB,Public educational institutions,ISCED11_02,Pre-primary education,TE,Teacher,2007,,,,O,Missing value,0,Units,OBS,Observed,0,Zero
USA,United States,WKT_STA_TCH,Statutory teaching time,H_Y,Hours per year,INST_EDU_PUB,Public educational institutions,ISCED11_02,Pre-primary education,TE,Teacher,2006,,,,O,Missing value,0,Units,OBS,Observed,0,Zero
USA,United States,WKT_STA_TCH,Statutory teaching time,H_Y,Hours per year,INST_EDU_PUB,Public educational institutions,ISCED11_02,Pre-primary education,TE,Teacher,2005,,,,O,Missing value,0,Units,OBS,Observed,0,Zero
USA,United States,WKT_STA_TCH,Statutory teaching time,H_Y,Hours per year,INST_EDU_PUB,Public educational institutions,ISCED11_02,Pre-primary education,TE,Teacher,2000,,,,O,Missing value,0,Units,OBS,Observed,0,Zero
USA,United States,WKT_STA_TCH,Statutory teaching time,H_Y,Hours per year,INST_EDU_PUB,Public educational institutions,ISCED11_1,Primary education,TE,Teacher,2008,,,,O,Missing value,0,Units,OBS,Observed,0,Zero
USA,United States,WKT_STA_TCH,Statutory teaching time,H_Y,Hours per year,INST_EDU_PUB,Public educational institutions,ISCED11_1,Primary education,TE,Teacher,2007,,,,O,Missing value,0,Units,OBS,Observed,0,Zero
USA,United States,WKT_STA_TCH,Statutory teaching time,H_Y,Hours per year,INST_EDU_PUB,Public educational institutions,ISCED11_1,Primary education,TE,Teacher,2006,,,,O,Missing value,0,Units,OBS,Observed,0,Zero
USA,United States,WKT_STA_TCH,Statutory teaching time,H_Y,Hours per year,INST_EDU_PUB,Public educational institutions,ISCED11_1,Primary education,TE,Teacher,2005,,,,O,Missing value,0,Units,OBS,Observed,0,Zero
USA,United States,WKT_STA_TCH,Statutory teaching time,H_Y,Hours per year,INST_EDU_PUB,Public educational institutions,ISCED11_1,Primary education,TE,Teacher,2000,,,,O,Missing value,0,Units,OBS,Observed,0,Zero
USA,United States,WKT_STA_TCH,Statutory teaching time,H_Y,Hours per year,INST_EDU_PUB,Public educational institutions,ISCED11_34,Upper secondary general education,TE,Teacher,2025,,,,O,Missing value,0,Units,OBS,Observed,0,Zero
USA,United States,WKT_STA_TCH,Statutory teaching time,H_Y,Hours per year,INST_EDU_PUB,Public educational institutions,ISCED11_34,Upper secondary general education,TE,Teacher,2023,,,,O,Missing value,0,Units,OBS,Observed,0,Zero
USA,United States,WKT_STA_TCH,Statutory teaching time,H_Y,Hours per year,INST_EDU_PUB,Public educational institutions,ISCED11_34,Upper secondary general education,TE,Teacher,2020,,,,O,Missing value,0,Units,OBS,Observed,0,Zero
USA,United States,WKT_STA_TCH,Statutory teaching time,H_Y,Hours per year,INST_EDU_PUB,Public educational institutions,ISCED11_34,Upper secondary general education,TE,Teacher,2019,,,,O,Missing value,0,Units,OBS,Observed,0,Zero
USA,United States,WKT_STA_TCH,Statutory teaching time,H_Y,Hours per year,INST_EDU_PUB,Public educational institutions,ISCED11_34,Upper secondary general education,TE,Teacher,2018,,,,O,Missing value,0,Units,OBS,Observed,0,Zero
USA,United States,WKT_STA_TCH,Statutory teaching time,H_Y,Hours per year,INST_EDU_PUB,Public educational institutions,ISCED11_34,Upper secondary general education,TE,Teacher,2017,,,,O,Missing value,0,Units,OBS,Observed,0,Zero
USA,United States,WKT_STA_TCH,Statutory teaching time,H_Y,Hours per year,INST_EDU_PUB,Public educational institutions,ISCED11_34,Upper secondary general education,TE,Teacher,2015,,,,O,Missing value,0,Units,OBS,Observed,0,Zero
USA,United States,WKT_STA_TCH,Statutory teaching time,H_Y,Hours per year,INST_EDU_PUB,Public educational institutions,ISCED11_34,Upper secondary general education,TE,Teacher,2014,,,,O,Missing value,0,Units,OBS,Observed,0,Zero
USA,United States,WKT_STA_TCH,Statutory teaching time,H_Y,Hours per year,INST_EDU_PUB,Public educational institutions,ISCED11_34,Upper secondary general education,TE,Teacher,2013,,,,O,Missing value,0,Units,OBS,Observed,0,Zero
USA,United States,WKT_STA_TCH,Statutory teaching time,H_Y,Hours per year,INST_EDU_PUB,Public educational institutions,ISCED11_34,Upper secondary general education,TE,Teacher,2012,,,,O,Missing value,0,Units,OBS,Observed,0,Zero
USA,United States,WKT_STA_TCH,Statutory teaching time,H_Y,Hours per year,INST_EDU_PUB,Public educational institutions,ISCED11_34,Upper secondary general education,TE,Teacher,2011,,,,O,Missing value,0,Units,OBS,Observed,0,Zero
USA,United States,WKT_STA_TCH,Statutory teaching time,H_Y,Hours per year,INST_EDU_PUB,Public educational institutions,ISCED11_34,Upper secondary general education,TE,Teacher,2010,,,,O,Missing value,0,Units,OBS,Observed,0,Zero
USA,United States,WKT_STA_TCH,Statutory teaching time,H_Y,Hours per year,INST_EDU_PUB,Public educational institutions,ISCED11_34,Upper secondary general education,TE,Teacher,2009,,,,O,Missing value,0,Units,OBS,Observed,0,Zero
USA,United States,WKT_STA_TCH,Statutory teaching time,H_Y,Hours per year,INST_EDU_PUB,Public educational institutions,ISCED11_34,Upper secondary general education,TE,Teacher,2008,,,,O,Missing value,0,Units,OBS,Observed,0,Zero
USA,United States,WKT_STA_TCH,Statutory teaching time,H_Y,Hours per year,INST_EDU_PUB,Public educational institutions,ISCED11_34,Upper secondary general education,TE,Teacher,2007,,,,O,Missing value,0,Units,OBS,Observed,0,Zero
USA,United States,WKT_STA_TCH,Statutory teaching time,H_Y,Hours per year,INST_EDU_PUB,Public educational institutions,ISCED11_34,Upper secondary general education,TE,Teacher,2006,,,,O,Missing value,0,Units,OBS,Observed,0,Zero
USA,United States,WKT_STA_TCH,Statutory teaching time,H_Y,Hours per year,INST_EDU_PUB,Public educational institutions,ISCED11_34,Upper secondary general education,TE,Teacher,2005,,,,O,Missing value,0,Units,OBS,Observed,0,Zero
USA,United States,WKT_STA_TCH,Statutory teaching time,H_Y,Hours per year,INST_EDU_PUB,Public educational institutions,ISCED11_34,Upper secondary general education,TE,Teacher,2000,,,,O,Missing value,0,Units,OBS,Observed,0,Zero
USA,United States,WKT_STA_TCH,Statutory teaching time,H_Y,Hours per year,INST_EDU_PUB,Public educational institutions,ISCED11_02,Pre-primary education,TE,Teacher,2023,,,,O,Missing value,0,Units,OBS,Observed,0,Zero
USA,United States,WKT_STA_TCH,Statutory teaching time,H_Y,Hours per year,INST_EDU_PUB,Public educational institutions,ISCED11_02,Pre-primary education,TE,Teacher,2020,,,,O,Missing value,0,Units,OBS,Observed,0,Zero
USA,United States,WKT_STA_TCH,Statutory teaching time,H_Y,Hours per year,INST_EDU_PUB,Public educational institutions,ISCED11_02,Pre-primary education,TE,Teacher,2019,,,,O,Missing value,0,Units,OBS,Observed,0,Zero
USA,United States,WKT_STA_TCH,Statutory teaching time,H_Y,Hours per year,INST_EDU_PUB,Public educational institutions,ISCED11_02,Pre-primary education,TE,Teacher,2018,,,,O,Missing value,0,Units,OBS,Observed,0,Zero
USA,United States,WKT_STA_TCH,Statutory teaching time,H_Y,Hours per year,INST_EDU_PUB,Public educational institutions,ISCED11_02,Pre-primary education,TE,Teacher,2017,,,,O,Missing value,0,Units,OBS,Observed,0,Zero
USA,United States,WKT_STA_TCH,Statutory teaching time,H_Y,Hours per year,INST_EDU_PUB,Public educational institutions,ISCED11_24,Lower secondary general education,TE,Teacher,2021,,893,,A,Normal value,0,Units,OBS,Observed,0,Zero
USA,United States,WKT_STA_TCH,Statutory teaching time,H_Y,Hours per year,INST_EDU_PUB,Public educational institutions,ISCED11_24,Lower secondary general education,TE,Teacher,2016,,966,,A,Normal value,0,Units,OBS,Observed,0,Zero
USA,United States,WKT_STA_TCH,Statutory teaching time,H_Y,Hours per year,INST_EDU_PUB,Public educational institutions,ISCED11_1,Primary education,TE,Teacher,2021,,908,,A,Normal value,0,Units,OBS,Observed,0,Zero
USA,United States,WKT_STA_TCH,Statutory teaching time,H_Y,Hours per year,INST_EDU_PUB,Public educational institutions,ISCED11_1,Primary education,TE,Teacher,2016,,1004,,A,Normal value,0,Units,OBS,Observed,0,Zero
USA,United States,WKT_STA_TCH,Statutory teaching time,H_Y,Hours per year,INST_EDU_PUB,Public educational institutions,ISCED11_34,Upper secondary general education,TE,Teacher,2021,,888,,A,Normal value,0,Units,OBS,Observed,0,Zero
USA,United States,WKT_STA_TCH,Statutory teaching time,H_Y,Hours per year,INST_EDU_PUB,Public educational institutions,ISCED11_34,Upper secondary general education,TE,Teacher,2016,,966,,A,Normal value,0,Units,OBS,Observed,0,Zero
USA,United States,WKT_STA_TCH,Statutory teaching time,H_Y,Hours per year,INST_EDU_PUB,Public educational institutions,ISCED11_02,Pre-primary education,TE,Teacher,2021,,900,,A,Normal value,0,Units,OBS,Observed,0,Zero
USA,United States,WKT_STA_TCH,Statutory teaching time,H_Y,Hours per year,INST_EDU_PUB,Public educational institutions,ISCED11_02,Pre-primary education,TE,Teacher,2016,,1011,,A,Normal value,0,Units,OBS,Observed,0,Zero
USA,United States,WKT_STA_TCH,Statutory teaching time,H_Y,Hours per year,INST_EDU_PUB,Public educational institutions,ISCED11_24,Lower secondary general education,TE,Teacher,2025,,,,O,Missing value,0,Units,OBS,Observed,0,Zero
USA,United States,WKT_STA_TCH,Statutory teaching time,H_Y,Hours per year,INST_EDU_PUB,Public educational institutions,ISCED11_24,Lower secondary general education,TE,Teacher,2023,,,,O,Missing value,0,Units,OBS,Observed,0,Zero
USA,United States,WKT_STA_TCH,Statutory teaching time,H_Y,Hours per year,INST_EDU_PUB,Public educational institutions,ISCED11_24,Lower secondary general education,TE,Teacher,2020,,,,O,Missing value,0,Units,OBS,Observed,0,Zero
USA,United States,WKT_STA_TCH,Statutory teaching time,H_Y,Hours per year,INST_EDU_PUB,Public educational institutions,ISCED11_24,Lower secondary general education,TE,Teacher,2019,,,,O,Missing value,0,Units,OBS,Observed,0,Zero
USA,United States,WKT_STA_TCH,Statutory teaching time,H_Y,Hours per year,INST_EDU_PUB,Public educational institutions,ISCED11_24,Lower secondary general education,TE,Teacher,2018,,,,O,Missing value,0,Units,OBS,Observed,0,Zero
USA,United States,WKT_STA_TCH,Statutory teaching time,H_Y,Hours per year,INST_EDU_PUB,Public educational institutions,ISCED11_24,Lower secondary general education,TE,Teacher,2017,,,,O,Missing value,0,Units,OBS,Observed,0,Zero
USA,United States,WKT_STA_TCH,Statutory teaching time,H_Y,Hours per year,INST_EDU_PUB,Public educational institutions,ISCED11_24,Lower secondary general education,TE,Teacher,2015,,,,O,Missing value,0,Units,OBS,Observed,0,Zero
USA,United States,WKT_STA_TCH,Statutory teaching time,H_Y,Hours per year,INST_EDU_PUB,Public educational institutions,ISCED11_24,Lower secondary general education,TE,Teacher,2014,,,,O,Missing value,0,Units,OBS,Observed,0,Zero
USA,United States,WKT_STA_TCH,Statutory teaching time,H_Y,Hours per year,INST_EDU_PUB,Public educational institutions,ISCED11_24,Lower secondary general education,TE,Teacher,2013,,,,O,Missing value,0,Units,OBS,Observed,0,Zero
USA,United States,WKT_STA_TCH,Statutory teaching time,H_Y,Hours per year,INST_EDU_PUB,Public educational institutions,ISCED11_24,Lower secondary general education,TE,Teacher,2012,,,,O,Missing value,0,Units,OBS,Observed,0,Zero
USA,United States,WKT_STA_TCH,Statutory teaching time,H_Y,Hours per year,INST_EDU_PUB,Public educational institutions,ISCED11_24,Lower secondary general education,TE,Teacher,2011,,,,O,Missing value,0,Units,OBS,Observed,0,Zero
USA,United States,WKT_STA_TCH,Statutory teaching time,H_Y,Hours per year,INST_EDU_PUB,Public educational institutions,ISCED11_24,Lower secondary general education,TE,Teacher,2010,,,,O,Missing value,0,Units,OBS,Observed,0,Zero
USA,United States,WKT_STA_TCH,Statutory teaching time,H_Y,Hours per year,INST_EDU_PUB,Public educational institutions,ISCED11_24,Lower secondary general education,TE,Teacher,2009,,,,O,Missing value,0,Units,OBS,Observed,0,Zero
USA,United States,WKT_STA_TCH,Statutory teaching time,H_Y,Hours per year,INST_EDU_PUB,Public educational institutions,ISCED11_24,Lower secondary general education,TE,Teacher,2008,,,,O,Missing value,0,Units,OBS,Observed,0,Zero
USA,United States,WKT_STA_TCH,Statutory teaching time,H_Y,Hours per year,INST_EDU_PUB,Public educational institutions,ISCED11_24,Lower secondary general education,TE,Teacher,2007,,,,O,Missing value,0,Units,OBS,Observed,0,Zero
USA,United States,WKT_STA_TCH,Statutory teaching time,H_Y,Hours per year,INST_EDU_PUB,Public educational institutions,ISCED11_24,Lower secondary general education,TE,Teacher,2006,,,,O,Missing value,0,Units,OBS,Observed,0,Zero
USA,United States,WKT_STA_TCH,Statutory teaching time,H_Y,Hours per year,INST_EDU_PUB,Public educational institutions,ISCED11_24,Lower secondary general education,TE,Teacher,2005,,,,O,Missing value,0,Units,OBS,Observed,0,Zero
USA,United States,WKT_STA_TCH,Statutory teaching time,H_Y,Hours per year,INST_EDU_PUB,Public educational institutions,ISCED11_24,Lower secondary general education,TE,Teacher,2000,,,,O,Missing value,0,Units,OBS,Observed,0,Zero
USA,United States,WKT_STA_TCH,Statutory teaching time,H_Y,Hours per year,INST_EDU_PUB,Public educational institutions,ISCED11_1,Primary education,TE,Teacher,2025,,,,O,Missing value,0,Units,OBS,Observed,0,Zero
USA,United States,WKT_STA_TCH,Statutory teaching time,H_Y,Hours per year,INST_EDU_PUB,Public educational institutions,ISCED11_1,Primary education,TE,Teacher,2023,,,,O,Missing value,0,Units,OBS,Observed,0,Zero
USA,United States,WKT_STA_TCH,Statutory teaching time,H_Y,Hours per year,INST_EDU_PUB,Public educational institutions,ISCED11_1,Primary education,TE,Teacher,2020,,,,O,Missing value,0,Units,OBS,Observed,0,Zero
USA,United States,WKT_STA_TCH,Statutory teaching time,H_Y,Hours per year,INST_EDU_PUB,Public educational institutions,ISCED11_1,Primary education,TE,Teacher,2019,,,,O,Missing value,0,Units,OBS,Observed,0,Zero
USA,United States,WKT_STA_TCH,Statutory teaching time,H_Y,Hours per year,INST_EDU_PUB,Public educational institutions,ISCED11_1,Primary education,TE,Teacher,2018,,,,O,Missing value,0,Units,OBS,Observed,0,Zero
USA,United States,WKT_STA_TCH,Statutory teaching time,H_Y,Hours per year,INST_EDU_PUB,Public educational institutions,ISCED11_1,Primary education,TE,Teacher,2017,,,,O,Missing value,0,Units,OBS,Observed,0,Zero
FIN,Finland,WKT_STA_TCH,Statutory teaching time,H_Y,Hours per year,INST_EDU_PUB,Public educational institutions,ISCED11_1,Primary education,TE,Teacher,2005,,677,,A,Normal value,0,Units,OBS,Observed,0,Zero
FRA,France,WKT_STA_TCH,Statutory teaching time,H_Y,Hours per year,INST_EDU_PUB,Public educational institutions,ISCED11_34,Upper secondary general education,TE,Teacher,2018,,684,,A,Normal value,0,Units,OBS,Observed,0,Zero
DEU,Germany,WKT_STA_TCH,Statutory teaching time,H_Y,Hours per year,INST_EDU_PUB,Public educational institutions,ISCED11_34,Upper secondary general education,TE,Teacher,2020,,610,,A,Normal value,0,Units,OBS,Observed,0,Zero
ITA,Italy,WKT_STA_TCH,Statutory teaching time,H_Y,Hours per year,INST_EDU_PUB,Public educational institutions,ISCED11_34,Upper secondary general education,TE,Teacher,2023,,626,,A,Normal value,0,Units,OBS,Observed,0,Zero
NLD,Netherlands,WKT_STA_TCH,Statutory teaching time,H_Y,Hours per year,INST_EDU_PUB,Public educational institutions,ISCED11_34,Upper secondary general education,TE,Teacher,2023,,720,,A,Normal value,0,Units,OBS,Observed,0,Zero
POL,Poland,WKT_STA_TCH,Statutory teaching time,H_Y,Hours per year,INST_EDU_PUB,Public educational institutions,ISCED11_34,Upper secondary general education,TE,Teacher,2016,,475,,A,Normal value,0,Units,OBS,Observed,0,Zero
PRT,Portugal,WKT_STA_TCH,Statutory teaching time,H_Y,Hours per year,INST_EDU_PUB,Public educational institutions,ISCED11_34,Upper secondary general education,TE,Teacher,2020,,649,,A,Normal value,0,Units,OBS,Observed,0,Zero
ESP,Spain,WKT_STA_TCH,Statutory teaching time,H_Y,Hours per year,INST_EDU_PUB,Public educational institutions,ISCED11_34,Upper secondary general education,TE,Teacher,2020,,669,,A,Normal value,0,Units,OBS,Observed,0,Zero
SWE,Sweden,WKT_STA_TCH,Statutory teaching time,H_Y,Hours per year,INST_EDU_PUB,Public educational institutions,ISCED11_34,Upper secondary general education,TE,Teacher,2014,,,,M,Missing value; data cannot exist,0,Units,OBS,Observed,0,Zero
USA,United States,WKT_STA_TCH,Statutory teaching time,H_Y,Hours per year,INST_EDU_PUB,Public educational institutions,ISCED11_1,Primary education,TE,Teacher,2015,,,,O,Missing value,0,Units,OBS,Observed,0,Zero
