REF_AREA,Reference area,EDUCATION_LEV,Education level,MEASURE,Measure,EDUCATION_TYPE,Education type,INTENSITY,Intensity,EDUCATION_FIELD,Field of education,GRADE,Grade,FREQ,Frequency of observation,ORIGIN,Origin,DESTINATION,Destination,INST_TYPE_EDU,Type of educational institution,MOBILITY,Mobility,UNIT_MEASURE,Unit of measure,SEX,Sex,AGE,Age,TIME_PERIOD,Time period,OBS_VALUE,Observation value,REF_YEAR_AGES,Reference date for ages,ORIGIN_CRITERION,Origin criterion,REPYEARSTART,Reference year start,REPYEAREND,Reference year end,OBS_STATUS,Observation status,CONF_STATUS,Confidentiality status,COMMENT_OBS,Observation comment,DECIMALS,Decimals,TIME_PER_COLLECT,Time period collection,UNIT_MULT,Unit multiplier
FIN,Finland,ISCED11_1,Primary education,CLS,Student classes,FE,"Formal education, includes formal initial and formal adult education programmes",_T,Total,_Z,Not applicable,_Z,Not applicable,A,Annual,_Z,Not applicable,_Z,Not applicable,INST_EDU_PRIV_GOV,Government dependent private educational institutions,_Z,Not applicable,ST_CL,Students per class,_T,Total,_T,Total,2013,,17.39759,,,,,,,,,,A,Normal value,,,,,2,Two,,,0,Units
FIN,Finland,ISCED11_1,Primary education,CLS,Student classes,FE,"Formal education, includes formal initial and formal adult education programmes",_T,Total,_Z,Not applicable,_Z,Not applicable,A,Annual,_Z,Not applicable,_Z,Not applicable,INST_EDU_PRIV_GOV,Government dependent private educational institutions,_Z,Not applicable,ST_CL,Students per class,_T,Total,_T,Total,2014,,17.40294,,,,,,,,,,A,Normal value,,,,,2,Two,,,0,Units
FIN,Finland,ISCED11_1,Primary education,CLS,Student classes,FE,"Formal education, includes formal initial and formal adult education programmes",_T,Total,_Z,Not applicable,_Z,Not applicable,A,Annual,_Z,Not applicable,_Z,Not applicable,INST_EDU_PRIV_GOV,Government dependent private educational institutions,_Z,Not applicable,ST_CL,Students per class,_T,Total,_T,Total,2015,,17.35549,,,,,,,,,,A,Normal value,,,,,2,Two,,,0,Units
FIN,Finland,ISCED11_1,Primary education,CLS,Student classes,FE,"Formal education, includes formal initial and formal adult education programmes",_T,Total,_Z,Not applicable,_Z,Not applicable,A,Annual,_Z,Not applicable,_Z,Not applicable,INST_EDU_PRIV_GOV,Government dependent private educational institutions,_Z,Not applicable,ST_CL,Students per class,_T,Total,_T,Total,2016,,18.47239,,,,,,,,,,A,Normal value,,,,,2,Two,,,0,Units
FIN,Finland,ISCED11_1,Primary education,CLS,Student classes,FE,"Formal education, includes formal initial and formal adult education programmes",_T,Total,_Z,Not applicable,_Z,Not applicable,A,Annual,_Z,Not applicable,_Z,Not applicable,INST_EDU_PRIV_GOV,Government dependent private educational institutions,_Z,Not applicable,ST_CL,Students per class,_T,Total,_T,Total,2017,,18.47531,,,,,,,,,,A,Normal value,,,,,2,Two,,,0,Units
FIN,Finland,ISCED11_1,Primary education,CLS,Student classes,FE,"Formal education, includes formal initial and formal adult education programmes",_T,Total,_Z,Not applicable,_Z,Not applicable,A,Annual,_Z,Not applicable,_Z,Not applicable,INST_EDU_PRIV_GOV,Government dependent private educational institutions,_Z,Not applicable,ST_CL,Students per class,_T,Total,_T,Total,2018,,18.45539,,,,,,,,,,A,Normal value,,,,,2,Two,,,0,Units
FIN,Finland,ISCED11_1,Primary education,CLS,Student classes,FE,"Formal education, includes formal initial and formal adult education programmes",_T,Total,_Z,Not applicable,_Z,Not applicable,A,Annual,_Z,Not applicable,_Z,Not applicable,INST_EDU_PRIV_GOV,Government dependent private educational institutions,_Z,Not applicable,ST_CL,Students per class,_T,Total,_T,Total,2019,,18.4321,,,,,,,,,,A,Normal value,,,,,2,Two,,,0,Units
FIN,Finland,ISCED11_1,Primary education,CLS,Student classes,FE,"Formal education, includes formal initial and formal adult education programmes",_T,Total,_Z,Not applicable,_Z,Not applicable,A,Annual,_Z,Not applicable,_Z,Not applicable,INST_EDU_PRIV_GOV,Government dependent private educational institutions,_Z,Not applicable,ST_CL,Students per class,_T,Total,_T,Total,2020,,17.89826,,,,,,,,,,A,Normal value,,,,,2,Two,,,0,Units
FIN,Finland,ISCED11_1,Primary education,CLS,Student classes,FE,"Formal education, includes formal initial and formal adult education programmes",_T,Total,_Z,Not applicable,_Z,Not applicable,A,Annual,_Z,Not applicable,_Z,Not applicable,INST_EDU_PRIV_GOV,Government dependent private educational institutions,_Z,Not applicable,ST_CL,Students per class,_T,Total,_T,Total,2021,,17.89429,,,,,,,,,,A,Normal value,,,,,2,Two,,,0,Units
FIN,Finland,ISCED11_1,Primary education,CLS,Student classes,FE,"Formal education, includes formal initial and formal adult education programmes",_T,Total,_Z,Not applicable,_Z,Not applicable,A,Annual,_Z,Not applicable,_Z,Not applicable,INST_EDU_PRIV_GOV,Government dependent private educational institutions,_Z,Not applicable,ST_CL,Students per class,_T,Total,_T,Total,2022,,17.9375,,,,,,,,,,A,Normal value,,,,,2,Two,,,0,Units
FIN,Finland,ISCED11_1,Primary education,CLS,Student classes,FE,"Formal education, includes formal initial and formal adult education programmes",_T,Total,_Z,Not applicable,_Z,Not applicable,A,Annual,_Z,Not applicable,_Z,Not applicable,INST_EDU_PRIV_GOV,Government dependent private educational institutions,_Z,Not applicable,ST_CL,Students per class,_T,Total,_T,Total,2023,,17.91813,,,,,,,,,,A,Normal value,,,,,2,Two,,,0,Units
FIN,Finland,ISCED11_1,Primary education,CLS,Student classes,FE,"Formal education, includes formal initial and formal adult education programmes",_T,Total,_Z,Not applicable,_Z,Not applicable,A,Annual,_Z,Not applicable,_Z,Not applicable,INST_EDU_PRIV_GOV,Government dependent private educational institutions,_Z,Not applicable,ST_CL,Students per class,_T,Total,_T,Total,2024,,17.93466,,,,,,,,,,A,Normal value,,,,,2,Two,,,0,Units
FRA,France,ISCED11_2,Lower secondary education,CLS,Student classes,FE,"Formal education, includes formal initial and formal adult education programmes",_T,Total,_Z,Not applicable,_Z,Not applicable,A,Annual,_Z,Not applicable,_Z,Not applicable,INST_EDU,All educational institutions,_Z,Not applicable,ST_CL,Students per class,_T,Total,_T,Total,2013,,25.27848,,,,,,,,,,A,Normal value,,,,,2,Two,,,0,Units
FRA,France,ISCED11_2,Lower secondary education,CLS,Student classes,FE,"Formal education, includes formal initial and formal adult education programmes",_T,Total,_Z,Not applicable,_Z,Not applicable,A,Annual,_Z,Not applicable,_Z,Not applicable,INST_EDU,All educational institutions,_Z,Not applicable,ST_CL,Students per class,_T,Total,_T,Total,2014,,25.26154,,,,,,,,,,A,Normal value,,,,,2,Two,,,0,Units
FRA,France,ISCED11_2,Lower secondary education,CLS,Student classes,FE,"Formal education, includes formal initial and formal adult education programmes",_T,Total,_Z,Not applicable,_Z,Not applicable,A,Annual,_Z,Not applicable,_Z,Not applicable,INST_EDU,All educational institutions,_Z,Not applicable,ST_CL,Students per class,_T,Total,_T,Total,2015,,25.27223,,,,,,,,,,A,Normal value,,,,,2,Two,,,0,Units
FRA,France,ISCED11_2,Lower secondary education,CLS,Student classes,FE,"Formal education, includes formal initial and formal adult education programmes",_T,Total,_Z,Not applicable,_Z,Not applicable,A,Annual,_Z,Not applicable,_Z,Not applicable,INST_EDU,All educational institutions,_Z,Not applicable,ST_CL,Students per class,_T,Total,_T,Total,2016,,25.13782,,,,,,,,,,A,Normal value,,,,,2,Two,,,0,Units
FRA,France,ISCED11_2,Lower secondary education,CLS,Student classes,FE,"Formal education, includes formal initial and formal adult education programmes",_T,Total,_Z,Not applicable,_Z,Not applicable,A,Annual,_Z,Not applicable,_Z,Not applicable,INST_EDU,All educational institutions,_Z,Not applicable,ST_CL,Students per class,_T,Total,_T,Total,2017,,25.17113,,,,,,,,,,A,Normal value,,,,,2,Two,,,0,Units
FRA,France,ISCED11_2,Lower secondary education,CLS,Student classes,FE,"Formal education, includes formal initial and formal adult education programmes",_T,Total,_Z,Not applicable,_Z,Not applicable,A,Annual,_Z,Not applicable,_Z,Not applicable,INST_EDU,All educational institutions,_Z,Not applicable,ST_CL,Students per class,_T,Total,_T,Total,2018,,25.25307,,,,,,,,,,A,Normal value,,,,,2,Two,,,0,Units
FRA,France,ISCED11_2,Lower secondary education,CLS,Student classes,FE,"Formal education, includes formal initial and formal adult education programmes",_T,Total,_Z,Not applicable,_Z,Not applicable,A,Annual,_Z,Not applicable,_Z,Not applicable,INST_EDU,All educational institutions,_Z,Not applicable,ST_CL,Students per class,_T,Total,_T,Total,2019,,25.42541,,,,,,,,,,A,Normal value,,,,,2,Two,,,0,Units
FRA,France,ISCED11_2,Lower secondary education,CLS,Student classes,FE,"Formal education, includes formal initial and formal adult education programmes",_T,Total,_Z,Not applicable,_Z,Not applicable,A,Annual,_Z,Not applicable,_Z,Not applicable,INST_EDU,All educational institutions,_Z,Not applicable,ST_CL,Students per class,_T,Total,_T,Total,2020,,25.59078,,,,,,,,,,A,Normal value,,,,,2,Two,,,0,Units
FRA,France,ISCED11_2,Lower secondary education,CLS,Student classes,FE,"Formal education, includes formal initial and formal adult education programmes",_T,Total,_Z,Not applicable,_Z,Not applicable,A,Annual,_Z,Not applicable,_Z,Not applicable,INST_EDU,All educational institutions,_Z,Not applicable,ST_CL,Students per class,_T,Total,_T,Total,2021,,25.6211,,,,,,,,,,A,Normal value,,,,,2,Two,,,0,Units
FRA,France,ISCED11_2,Lower secondary education,CLS,Student classes,FE,"Formal education, includes formal initial and formal adult education programmes",_T,Total,_Z,Not applicable,_Z,Not applicable,A,Annual,_Z,Not applicable,_Z,Not applicable,INST_EDU,All educational institutions,_Z,Not applicable,ST_CL,Students per class,_T,Total,_T,Total,2022,,25.63358,,,,,,,,,,A,Normal value,,,,,2,Two,,,0,Units
FRA,France,ISCED11_2,Lower secondary education,CLS,Student classes,FE,"Formal education, includes formal initial and formal adult education programmes",_T,Total,_Z,Not applicable,_Z,Not applicable,A,Annual,_Z,Not applicable,_Z,Not applicable,INST_EDU,All educational institutions,_Z,Not applicable,ST_CL,Students per class,_T,Total,_T,Total,2023,,25.85261,,,,,,,,,,A,Normal value,,,,,2,Two,,,0,Units
GBR,United Kingdom,ISCED11_1,Primary education,CLS,Student classes,FE,"Formal education, includes formal initial and formal adult education programmes",_T,Total,_Z,Not applicable,_Z,Not applicable,A,Annual,_Z,Not applicable,_Z,Not applicable,INST_EDU_PRIV_GOV,Government dependent private educational institutions,_Z,Not applicable,ST_CL,Students per class,_T,Total,_T,Total,2013,,26.9,,,,,,,,,,A,Normal value,,,,,2,Two,,,0,Units
GBR,United Kingdom,ISCED11_1,Primary education,CLS,Student classes,FE,"Formal education, includes formal initial and formal adult education programmes",_T,Total,_Z,Not applicable,_Z,Not applicable,A,Annual,_Z,Not applicable,_Z,Not applicable,INST_EDU_PRIV_GOV,Government dependent private educational institutions,_Z,Not applicable,ST_CL,Students per class,_T,Total,_T,Total,2014,,27,,,,,,,,,,A,Normal value,,,,,2,Two,,,0,Units
GBR,United Kingdom,ISCED11_1,Primary education,CLS,Student classes,FE,"Formal education, includes formal initial and formal adult education programmes",_T,Total,_Z,Not applicable,_Z,Not applicable,A,Annual,_Z,Not applicable,_Z,Not applicable,INST_EDU_PRIV_GOV,Government dependent private educational institutions,_Z,Not applicable,ST_CL,Students per class,_T,Total,_T,Total,2015,,26.97972,,,,,,,,,,A,Normal value,,,,,2,Two,,,0,Units
GBR,United Kingdom,ISCED11_1,Primary education,CLS,Student classes,FE,"Formal education, includes formal initial and formal adult education programmes",_T,Total,_Z,Not applicable,_Z,Not applicable,A,Annual,_Z,Not applicable,_Z,Not applicable,INST_EDU_PRIV_GOV,Government dependent private educational institutions,_Z,Not applicable,ST_CL,Students per class,_T,Total,_T,Total,2016,,27.06038,,,,,,,,,,A,Normal value,,,,,2,Two,,,0,Units
GBR,United Kingdom,ISCED11_1,Primary education,CLS,Student classes,FE,"Formal education, includes formal initial and formal adult education programmes",_T,Total,_Z,Not applicable,_Z,Not applicable,A,Annual,_Z,Not applicable,_Z,Not applicable,INST_EDU_PRIV_GOV,Government dependent private educational institutions,_Z,Not applicable,ST_CL,Students per class,_T,Total,_T,Total,2017,,27.6294,,,,,,,,,,A,Normal value,,,,,2,Two,,,0,Units
GBR,United Kingdom,ISCED11_1,Primary education,CLS,Student classes,FE,"Formal education, includes formal initial and formal adult education programmes",_T,Total,_Z,Not applicable,_Z,Not applicable,A,Annual,_Z,Not applicable,_Z,Not applicable,INST_EDU_PRIV_GOV,Government dependent private educational institutions,_Z,Not applicable,ST_CL,Students per class,_T,Total,_T,Total,2018,,27.73641,,,,,,,,,,A,Normal value,,,,,2,Two,,,0,Units
GBR,United Kingdom,ISCED11_1,Primary education,CLS,Student classes,FE,"Formal education, includes formal initial and formal adult education programmes",_T,Total,_Z,Not applicable,_Z,Not applicable,A,Annual,_Z,Not applicable,_Z,Not applicable,INST_EDU_PRIV_GOV,Government dependent private educational institutions,_Z,Not applicable,ST_CL,Students per class,_T,Total,_T,Total,2019,,27.7303,,,,,,,,,,A,Normal value,,,,,2,Two,,,0,Units
GBR,United Kingdom,ISCED11_1,Primary education,CLS,Student classes,FE,"Formal education, includes formal initial and formal adult education programmes",_T,Total,_Z,Not applicable,_Z,Not applicable,A,Annual,_Z,Not applicable,_Z,Not applicable,INST_EDU_PRIV_GOV,Government dependent private educational institutions,_Z,Not applicable,ST_CL,Students per class,_T,Total,_T,Total,2020,,27.64191,,,,,,,,,,A,Normal value,,,,,2,Two,,,0,Units
GBR,United Kingdom,ISCED11_1,Primary education,CLS,Student classes,FE,"Formal education, includes formal initial and formal adult education programmes",_T,Total,_Z,Not applicable,_Z,Not applicable,A,Annual,_Z,Not applicable,_Z,Not applicable,INST_EDU_PRIV_GOV,Government dependent private educational institutions,_Z,Not applicable,ST_CL,Students per class,_T,Total,_T,Total,2021,,27.40952,,,,,,,,,,A,Normal value,,,,,2,Two,,,0,Units
GBR,United Kingdom,ISCED11_1,Primary education,CLS,Student classes,FE,"Formal education, includes formal initial and formal adult education programmes",_T,Total,_Z,Not applicable,_Z,Not applicable,A,Annual,_Z,Not applicable,_Z,Not applicable,INST_EDU_PRIV_GOV,Government dependent private educational institutions,_Z,Not applicable,ST_CL,Students per class,_T,Total,_T,Total,2022,,27.50369,,,,,,,,,,A,Normal value,,,,,2,Two,,,0,Units
GBR,United Kingdom,ISCED11_1,Primary education,CLS,Student classes,FE,"Formal education, includes formal initial and formal adult education programmes",_T,Total,_Z,Not applicable,_Z,Not applicable,A,Annual,_Z,Not applicable,_Z,Not applicable,INST_EDU_PRIV_GOV,Government dependent private educational institutions,_Z,Not applicable,ST_CL,Students per class,_T,Total,_T,Total,2023,,27.63725,,,,,,,,,,A,Normal value,,,,,2,Two,,,0,Units
GBR,United Kingdom,ISCED11_1,Primary education,CLS,Student classes,FE,"Formal education, includes formal initial and formal adult education programmes",_T,Total,_Z,Not applicable,_Z,Not applicable,A,Annual,_Z,Not applicable,_Z,Not applicable,INST_EDU_PRIV_GOV,Government dependent private educational institutions,_Z,Not applicable,ST_CL,Students per class,_T,Total,_T,Total,2024,,27.63965,,,,,,,,,,A,Normal value,,,,,2,Two,,,0,Units
POL,Poland,ISCED11_2,Lower secondary education,CLS,Student classes,FE,"Formal education, includes formal initial and formal adult education programmes",_T,Total,_Z,Not applicable,_Z,Not applicable,A,Annual,_Z,Not applicable,_Z,Not applicable,INST_EDU_PRIV,Private educational institutions,_Z,Not applicable,ST_CL,Students per class,_T,Total,_T,Total,2013,,17.35113,,,,,,,,,,A,Normal value,,,,,2,Two,,,0,Units
POL,Poland,ISCED11_2,Lower secondary education,CLS,Student classes,FE,"Formal education, includes formal initial and formal adult education programmes",_T,Total,_Z,Not applicable,_Z,Not applicable,A,Annual,_Z,Not applicable,_Z,Not applicable,INST_EDU_PRIV,Private educational institutions,_Z,Not applicable,ST_CL,Students per class,_T,Total,_T,Total,2014,,17.16403,,,,,,,,,,A,Normal value,,,,,2,Two,,,0,Units
POL,Poland,ISCED11_2,Lower secondary education,CLS,Student classes,FE,"Formal education, includes formal initial and formal adult education programmes",_T,Total,_Z,Not applicable,_Z,Not applicable,A,Annual,_Z,Not applicable,_Z,Not applicable,INST_EDU_PRIV,Private educational institutions,_Z,Not applicable,ST_CL,Students per class,_T,Total,_T,Total,2015,,17.23276,,,,,,,,,,A,Normal value,,,,,2,Two,,,0,Units
POL,Poland,ISCED11_2,Lower secondary education,CLS,Student classes,FE,"Formal education, includes formal initial and formal adult education programmes",_T,Total,_Z,Not applicable,_Z,Not applicable,A,Annual,_Z,Not applicable,_Z,Not applicable,INST_EDU_PRIV,Private educational institutions,_Z,Not applicable,ST_CL,Students per class,_T,Total,_T,Total,2016,,17.00335,,,,,,,,,,A,Normal value,,,,,2,Two,,,0,Units
POL,Poland,ISCED11_2,Lower secondary education,CLS,Student classes,FE,"Formal education, includes formal initial and formal adult education programmes",_T,Total,_Z,Not applicable,_Z,Not applicable,A,Annual,_Z,Not applicable,_Z,Not applicable,INST_EDU_PRIV,Private educational institutions,_Z,Not applicable,ST_CL,Students per class,_T,Total,_T,Total,2017,,17.06371,,,,,,,,,,A,Normal value,,,,,2,Two,,,0,Units
POL,Poland,ISCED11_2,Lower secondary education,CLS,Student classes,FE,"Formal education, includes formal initial and formal adult education programmes",_T,Total,_Z,Not applicable,_Z,Not applicable,A,Annual,_Z,Not applicable,_Z,Not applicable,INST_EDU_PRIV,Private educational institutions,_Z,Not applicable,ST_CL,Students per class,_T,Total,_T,Total,2018,,16.43239,,,,,,,,,,A,Normal value,,,,,2,Two,,,0,Units
POL,Poland,ISCED11_2,Lower secondary education,CLS,Student classes,FE,"Formal education, includes formal initial and formal adult education programmes",_T,Total,_Z,Not applicable,_Z,Not applicable,A,Annual,_Z,Not applicable,_Z,Not applicable,INST_EDU_PRIV,Private educational institutions,_Z,Not applicable,ST_CL,Students per class,_T,Total,_T,Total,2019,,15.5346,,,,,,,,,,A,Normal value,,,,,2,Two,,,0,Units
POL,Poland,ISCED11_2,Lower secondary education,CLS,Student classes,FE,"Formal education, includes formal initial and formal adult education programmes",_T,Total,_Z,Not applicable,_Z,Not applicable,A,Annual,_Z,Not applicable,_Z,Not applicable,INST_EDU_PRIV,Private educational institutions,_Z,Not applicable,ST_CL,Students per class,_T,Total,_T,Total,2020,,17.87134,,,,,,,,,,A,Normal value,,,,,2,Two,,,0,Units
POL,Poland,ISCED11_2,Lower secondary education,CLS,Student classes,FE,"Formal education, includes formal initial and formal adult education programmes",_T,Total,_Z,Not applicable,_Z,Not applicable,A,Annual,_Z,Not applicable,_Z,Not applicable,INST_EDU_PRIV,Private educational institutions,_Z,Not applicable,ST_CL,Students per class,_T,Total,_T,Total,2021,,12.55435,,,,,,,,,,A,Normal value,,,,,2,Two,,,0,Units
POL,Poland,ISCED11_2,Lower secondary education,CLS,Student classes,FE,"Formal education, includes formal initial and formal adult education programmes",_T,Total,_Z,Not applicable,_Z,Not applicable,A,Annual,_Z,Not applicable,_Z,Not applicable,INST_EDU_PRIV,Private educational institutions,_Z,Not applicable,ST_CL,Students per class,_T,Total,_T,Total,2022,,12.57104,,,,,,,,,,A,Normal value,,,,,2,Two,,,0,Units
POL,Poland,ISCED11_2,Lower secondary education,CLS,Student classes,FE,"Formal education, includes formal initial and formal adult education programmes",_T,Total,_Z,Not applicable,_Z,Not applicable,A,Annual,_Z,Not applicable,_Z,Not applicable,INST_EDU_PRIV,Private educational institutions,_Z,Not applicable,ST_CL,Students per class,_T,Total,_T,Total,2023,,12.73397,,,,,,,,,,A,Normal value,,,,,2,Two,,,0,Units
POL,Poland,ISCED11_2,Lower secondary education,CLS,Student classes,FE,"Formal education, includes formal initial and formal adult education programmes",_T,Total,_Z,Not applicable,_Z,Not applicable,A,Annual,_Z,Not applicable,_Z,Not applicable,INST_EDU_PRIV,Private educational institutions,_Z,Not applicable,ST_CL,Students per class,_T,Total,_T,Total,2024,,12.66622,,,,,,,,,,A,Normal value,,,,,2,Two,,,0,Units
USA,United States,ISCED11_1,Primary education,CLS,Student classes,FE,"Formal education, includes formal initial and formal adult education programmes",_T,Total,_Z,Not applicable,_Z,Not applicable,A,Annual,_Z,Not applicable,_Z,Not applicable,INST_EDU_PRIV,Private educational institutions,_Z,Not applicable,ST_CL,Students per class,_T,Total,_T,Total,2013,,17.8,,,,,,,,,,A,Normal value,,,,,2,Two,,,0,Units
USA,United States,ISCED11_1,Primary education,CLS,Student classes,FE,"Formal education, includes formal initial and formal adult education programmes",_T,Total,_Z,Not applicable,_Z,Not applicable,A,Annual,_Z,Not applicable,_Z,Not applicable,INST_EDU_PRIV,Private educational institutions,_Z,Not applicable,ST_CL,Students per class,_T,Total,_T,Total,2014,,17.8,,,,,,,,,,A,Normal value,,,,,2,Two,,,0,Units
USA,United States,ISCED11_1,Primary education,CLS,Student classes,FE,"Formal education, includes formal initial and formal adult education programmes",_T,Total,_Z,Not applicable,_Z,Not applicable,A,Annual,_Z,Not applicable,_Z,Not applicable,INST_EDU_PRIV,Private educational institutions,_Z,Not applicable,ST_CL,Students per class,_T,Total,_T,Total,2015,,17.8,,,,,,,,,,A,Normal value,,,,,2,Two,,,0,Units
USA,United States,ISCED11_1,Primary education,CLS,Student classes,FE,"Formal education, includes formal initial and formal adult education programmes",_T,Total,_Z,Not applicable,_Z,Not applicable,A,Annual,_Z,Not applicable,_Z,Not applicable,INST_EDU_PRIV,Private educational institutions,_Z,Not applicable,ST_CL,Students per class,_T,Total,_T,Total,2016,,17.8,,,,,,,,,,A,Normal value,,,,,2,Two,,,0,Units
USA,United States,ISCED11_1,Primary education,CLS,Student classes,FE,"Formal education, includes formal initial and formal adult education programmes",_T,Total,_Z,Not applicable,_Z,Not applicable,A,Annual,_Z,Not applicable,_Z,Not applicable,INST_EDU_PRIV,Private educational institutions,_Z,Not applicable,ST_CL,Students per class,_T,Total,_T,Total,2017,,17.8,,,,,,,,,,A,Normal value,,,,,2,Two,,,0,Units
USA,United States,ISCED11_1,Primary education,CLS,Student classes,FE,"Formal education, includes formal initial and formal adult education programmes",_T,Total,_Z,Not applicable,_Z,Not applicable,A,Annual,_Z,Not applicable,_Z,Not applicable,INST_EDU_PRIV,Private educational institutions,_Z,Not applicable,ST_CL,Students per class,_T,Total,_T,Total,2018,,17.8,,,,,,,,,,A,Normal value,,,,,2,Two,,,0,Units
USA,United States,ISCED11_1,Primary education,CLS,Student classes,FE,"Formal education, includes formal initial and formal adult education programmes",_T,Total,_Z,Not applicable,_Z,Not applicable,A,Annual,_Z,Not applicable,_Z,Not applicable,INST_EDU_PRIV,Private educational institutions,_Z,Not applicable,ST_CL,Students per class,_T,Total,_T,Total,2019,,16,,,,,,,,,,A,Normal value,,,,,2,Two,,,0,Units
USA,United States,ISCED11_1,Primary education,CLS,Student classes,FE,"Formal education, includes formal initial and formal adult education programmes",_T,Total,_Z,Not applicable,_Z,Not applicable,A,Annual,_Z,Not applicable,_Z,Not applicable,INST_EDU_PRIV,Private educational institutions,_Z,Not applicable,ST_CL,Students per class,_T,Total,_T,Total,2020,,16,,,,,,,,,,A,Normal value,,,,,2,Two,,,0,Units
USA,United States,ISCED11_1,Primary education,CLS,Student classes,FE,"Formal education, includes formal initial and formal adult education programmes",_T,Total,_Z,Not applicable,_Z,Not applicable,A,Annual,_Z,Not applicable,_Z,Not applicable,INST_EDU_PRIV,Private educational institutions,_Z,Not applicable,ST_CL,Students per class,_T,Total,_T,Total,2021,,15.6,,,,,,,,,,A,Normal value,,,,,2,Two,,,0,Units
USA,United States,ISCED11_1,Primary education,CLS,Student classes,FE,"Formal education, includes formal initial and formal adult education programmes",_T,Total,_Z,Not applicable,_Z,Not applicable,A,Annual,_Z,Not applicable,_Z,Not applicable,INST_EDU_PRIV,Private educational institutions,_Z,Not applicable,ST_CL,Students per class,_T,Total,_T,Total,2022,,15.6,,,,,,,,,,A,Normal value,,,,,2,Two,,,0,Units
USA,United States,ISCED11_1,Primary education,CLS,Student classes,FE,"Formal education, includes formal initial and formal adult education programmes",_T,Total,_Z,Not applicable,_Z,Not applicable,A,Annual,_Z,Not applicable,_Z,Not applicable,INST_EDU_PRIV,Private educational institutions,_Z,Not applicable,ST_CL,Students per class,_T,Total,_T,Total,2023,,15.6,,,,,,,,,,A,Normal value,,,,,2,Two,,,0,Units
USA,United States,ISCED11_1,Primary education,CLS,Student classes,FE,"Formal education, includes formal initial and formal adult education programmes",_T,Total,_Z,Not applicable,_Z,Not applicable,A,Annual,_Z,Not applicable,_Z,Not applicable,INST_EDU_PRIV,Private educational institutions,_Z,Not applicable,ST_CL,Students per class,_T,Total,_T,Total,2024,,15.6,,,,,,,,,,A,Normal value,,,,,2,Two,,,0,Units
NLD,Netherlands,ISCED11_2,Lower secondary education,CLS,Student classes,FE,"Formal education, includes formal initial and formal adult education programmes",_T,Total,_Z,Not applicable,_Z,Not applicable,A,Annual,_Z,Not applicable,_Z,Not applicable,INST_EDU_PUB,Public educational institutions,_Z,Not applicable,ST_CL,Students per class,_T,Total,_T,Total,2013,,,,,,,,,,,,O,Missing value,,,,,2,Two,,,0,Units
NLD,Netherlands,ISCED11_2,Lower secondary education,CLS,Student classes,FE,"Formal education, includes formal initial and formal adult education programmes",_T,Total,_Z,Not applicable,_Z,Not applicable,A,Annual,_Z,Not applicable,_Z,Not applicable,INST_EDU_PUB,Public educational institutions,_Z,Not applicable,ST_CL,Students per class,_T,Total,_T,Total,2014,,,,,,,,,,,,O,Missing value,,,,,2,Two,,,0,Units
NLD,Netherlands,ISCED11_2,Lower secondary education,CLS,Student classes,FE,"Formal education, includes formal initial and formal adult education programmes",_T,Total,_Z,Not applicable,_Z,Not applicable,A,Annual,_Z,Not applicable,_Z,Not applicable,INST_EDU_PUB,Public educational institutions,_Z,Not applicable,ST_CL,Students per class,_T,Total,_T,Total,2015,,,,,,,,,,,,M,Missing value; data cannot exist,,,,,2,Two,,,0,Units
NLD,Netherlands,ISCED11_2,Lower secondary education,CLS,Student classes,FE,"Formal education, includes formal initial and formal adult education programmes",_T,Total,_Z,Not applicable,_Z,Not applicable,A,Annual,_Z,Not applicable,_Z,Not applicable,INST_EDU_PUB,Public educational institutions,_Z,Not applicable,ST_CL,Students per class,_T,Total,_T,Total,2016,,,,,,,,,,,,O,Missing value,,,,,2,Two,,,0,Units
NLD,Netherlands,ISCED11_2,Lower secondary education,CLS,Student classes,FE,"Formal education, includes formal initial and formal adult education programmes",_T,Total,_Z,Not applicable,_Z,Not applicable,A,Annual,_Z,Not applicable,_Z,Not applicable,INST_EDU_PUB,Public educational institutions,_Z,Not applicable,ST_CL,Students per class,_T,Total,_T,Total,2017,,,,,,,,,,,,O,Missing value,,,,,2,Two,,,0,Units
NLD,Netherlands,ISCED11_2,Lower secondary education,CLS,Student classes,FE,"Formal education, includes formal initial and formal adult education programmes",_T,Total,_Z,Not applicable,_Z,Not applicable,A,Annual,_Z,Not applicable,_Z,Not applicable,INST_EDU_PUB,Public educational institutions,_Z,Not applicable,ST_CL,Students per class,_T,Total,_T,Total,2018,,,,,,,,,,,,O,Missing value,,,,,2,Two,,,0,Units
NLD,Netherlands,ISCED11_2,Lower secondary education,CLS,Student classes,FE,"Formal education, includes formal initial and formal adult education programmes",_T,Total,_Z,Not applicable,_Z,Not applicable,A,Annual,_Z,Not applicable,_Z,Not applicable,INST_EDU_PUB,Public educational institutions,_Z,Not applicable,ST_CL,Students per class,_T,Total,_T,Total,2019,,,,,,,,,,,,O,Missing value,,,,,2,Two,,,0,Units
NLD,Netherlands,ISCED11_2,Lower secondary education,CLS,Student classes,FE,"Formal education, includes formal initial and formal adult education programmes",_T,Total,_Z,Not applicable,_Z,Not applicable,A,Annual,_Z,Not applicable,_Z,Not applicable,INST_EDU_PUB,Public educational institutions,_Z,Not applicable,ST_CL,Students per class,_T,Total,_T,Total,2020,,,,,,,,,,,,O,Missing value,,,,,2,Two,,,0,Units
NLD,Netherlands,ISCED11_2,Lower secondary education,CLS,Student classes,FE,"Formal education, includes formal initial and formal adult education programmes",_T,Total,_Z,Not applicable,_Z,Not applicable,A,Annual,_Z,Not applicable,_Z,Not applicable,INST_EDU_PUB,Public educational institutions,_Z,Not applicable,ST_CL,Students per class,_T,Total,_T,Total,2021,,,,,,,,,,,,O,Missing value,,,,,2,Two,,,0,Units
NLD,Netherlands,ISCED11_2,Lower secondary education,CLS,Student classes,FE,"Formal education, includes formal initial and formal adult education programmes",_T,Total,_Z,Not applicable,_Z,Not applicable,A,Annual,_Z,Not applicable,_Z,Not applicable,INST_EDU_PUB,Public educational institutions,_Z,Not applicable,ST_CL,Students per class,_T,Total,_T,Total,2022,,,,,,,,,,,,O,Missing value,,,,,2,Two,,,0,Units
NLD,Netherlands,ISCED11_2,Lower secondary education,CLS,Student classes,FE,"Formal education, includes formal initial and formal adult education programmes",_T,Total,_Z,Not applicable,_Z,Not applicable,A,Annual,_Z,Not applicable,_Z,Not applicable,INST_EDU_PUB,Public educational institutions,_Z,Not applicable,ST_CL,Students per class,_T,Total,_T,Total,2023,,,,,,,,,,,,O,Missing value,,,,,2,Two,,,0,Units
NLD,Netherlands,ISCED11_2,Lower secondary education,CLS,Student classes,FE,"Formal education, includes formal initial and formal adult education programmes",_T,Total,_Z,Not applicable,_Z,Not applicable,A,Annual,_Z,Not applicable,_Z,Not applicable,INST_EDU_PUB,Public educational institutions,_Z,Not applicable,ST_CL,Students per class,_T,Total,_T,Total,2024,,,,,,,,,,,,O,Missing value,,,,,2,Two,,,0,Units
ITA,Italy,ISCED11_1,Primary education,CLS,Student classes,FE,"Formal education, includes formal initial and formal adult education programmes",_T,Total,_Z,Not applicable,_Z,Not applicable,A,Annual,_Z,Not applicable,_Z,Not applicable,INST_EDU,All educational institutions,_Z,Not applicable,ST_CL,Students per class,_T,Total,_T,Total,2013,,19.29878,,,,,,,,,,A,Normal value,,,,,2,Two,,,0,Units
ITA,Italy,ISCED11_1,Primary education,CLS,Student classes,FE,"Formal education, includes formal initial and formal adult education programmes",_T,Total,_Z,Not applicable,_Z,Not applicable,A,Annual,_Z,Not applicable,_Z,Not applicable,INST_EDU,All educational institutions,_Z,Not applicable,ST_CL,Students per class,_T,Total,_T,Total,2014,,19.67355,,,,,,,,,,A,Normal value,,,,,2,Two,,,0,Units
ITA,Italy,ISCED11_1,Primary education,CLS,Student classes,FE,"Formal education, includes formal initial and formal adult education programmes",_T,Total,_Z,Not applicable,_Z,Not applicable,A,Annual,_Z,Not applicable,_Z,Not applicable,INST_EDU,All educational institutions,_Z,Not applicable,ST_CL,Students per class,_T,Total,_T,Total,2015,,19.1871,,,,,,,,,,A,Normal value,,,,,2,Two,,,0,Units
ITA,Italy,ISCED11_1,Primary education,CLS,Student classes,FE,"Formal education, includes formal initial and formal adult education programmes",_T,Total,_Z,Not applicable,_Z,Not applicable,A,Annual,_Z,Not applicable,_Z,Not applicable,INST_EDU,All educational institutions,_Z,Not applicable,ST_CL,Students per class,_T,Total,_T,Total,2016,,19.20675,,,,,,,,,,A,Normal value,,,,,2,Two,,,0,Units
ITA,Italy,ISCED11_1,Primary education,CLS,Student classes,FE,"Formal education, includes formal initial and formal adult education programmes",_T,Total,_Z,Not applicable,_Z,Not applicable,A,Annual,_Z,Not applicable,_Z,Not applicable,INST_EDU,All educational institutions,_Z,Not applicable,ST_CL,Students per class,_T,Total,_T,Total,2017,,19.10074,,,,,,,,,,A,Normal value,,,,,2,Two,,,0,Units
ITA,Italy,ISCED11_1,Primary education,CLS,Student classes,FE,"Formal education, includes formal initial and formal adult education programmes",_T,Total,_Z,Not applicable,_Z,Not applicable,A,Annual,_Z,Not applicable,_Z,Not applicable,INST_EDU,All educational institutions,_Z,Not applicable,ST_CL,Students per class,_T,Total,_T,Total,2018,,18.99703,,,,,,,,,,A,Normal value,,,,,2,Two,,,0,Units
ITA,Italy,ISCED11_1,Primary education,CLS,Student classes,FE,"Formal education, includes formal initial and formal adult education programmes",_T,Total,_Z,Not applicable,_Z,Not applicable,A,Annual,_Z,Not applicable,_Z,Not applicable,INST_EDU,All educational institutions,_Z,Not applicable,ST_CL,Students per class,_T,Total,_T,Total,2019,,18.87078,,,,,,,,,,A,Normal value,,,,,2,Two,,,0,Units
ITA,Italy,ISCED11_1,Primary education,CLS,Student classes,FE,"Formal education, includes formal initial and formal adult education programmes",_T,Total,_Z,Not applicable,_Z,Not applicable,A,Annual,_Z,Not applicable,_Z,Not applicable,INST_EDU,All educational institutions,_Z,Not applicable,ST_CL,Students per class,_T,Total,_T,Total,2020,,18.65481,,,,,,,,,,A,Normal value,,,,,2,Two,,,0,Units
ITA,Italy,ISCED11_1,Primary education,CLS,Student classes,FE,"Formal education, includes formal initial and formal adult education programmes",_T,Total,_Z,Not applicable,_Z,Not applicable,A,Annual,_Z,Not applicable,_Z,Not applicable,INST_EDU,All educational institutions,_Z,Not applicable,ST_CL,Students per class,_T,Total,_T,Total,2021,,18.1059,,,,,,,,,,A,Normal value,,,,,2,Two,,,0,Units
ITA,Italy,ISCED11_1,Primary education,CLS,Student classes,FE,"Formal education, includes formal initial and formal adult education programmes",_T,Total,_Z,Not applicable,_Z,Not applicable,A,Annual,_Z,Not applicable,_Z,Not applicable,INST_EDU,All educational institutions,_Z,Not applicable,ST_CL,Students per class,_T,Total,_T,Total,2022,,17.97887,,,,,,,,,,A,Normal value,,,,,2,Two,,,0,Units
ITA,Italy,ISCED11_1,Primary education,CLS,Student classes,FE,"Formal education, includes formal initial and formal adult education programmes",_T,Total,_Z,Not applicable,_Z,Not applicable,A,Annual,_Z,Not applicable,_Z,Not applicable,INST_EDU,All educational institutions,_Z,Not applicable,ST_CL,Students per class,_T,Total,_T,Total,2023,,17.91832,,,,,,,,,,A,Normal value,,,,,2,Two,,,0,Units
ITA,Italy,ISCED11_1,Primary education,CLS,Student classes,FE,"Formal education, includes formal initial and formal adult education programmes",_T,Total,_Z,Not applicable,_Z,Not applicable,A,Annual,_Z,Not applicable,_Z,Not applicable,INST_EDU,All educational institutions,_Z,Not applicable,ST_CL,Students per class,_T,Total,_T,Total,2024,,17.90258,,,,,,,,,,A,Normal value,,,,,2,Two,,,0,Units
ITA,Italy,ISCED11_2,Lower secondary education,CLS,Student classes,FE,"Formal education, includes formal initial and formal adult education programmes",_T,Total,_Z,Not applicable,_Z,Not applicable,A,Annual,_Z,Not applicable,_Z,Not applicable,INST_EDU_PUB,Public educational institutions,_Z,Not applicable,ST_CL,Students per class,_T,Total,_T,Total,2013,,21.55728,,,,,,,,,,A,Normal value,,,,,2,Two,,,0,Units
ITA,Italy,ISCED11_2,Lower secondary education,CLS,Student classes,FE,"Formal education, includes formal initial and formal adult education programmes",_T,Total,_Z,Not applicable,_Z,Not applicable,A,Annual,_Z,Not applicable,_Z,Not applicable,INST_EDU_PUB,Public educational institutions,_Z,Not applicable,ST_CL,Students per class,_T,Total,_T,Total,2014,,21.40364,,,,,,,,,,A,Normal value,,,,,2,Two,,,0,Units
ITA,Italy,ISCED11_2,Lower secondary education,CLS,Student classes,FE,"Formal education, includes formal initial and formal adult education programmes",_T,Total,_Z,Not applicable,_Z,Not applicable,A,Annual,_Z,Not applicable,_Z,Not applicable,INST_EDU_PUB,Public educational institutions,_Z,Not applicable,ST_CL,Students per class,_T,Total,_T,Total,2015,,21.18593,,,,,,,,,,A,Normal value,,,,,2,Two,,,0,Units
ITA,Italy,ISCED11_2,Lower secondary education,CLS,Student classes,FE,"Formal education, includes formal initial and formal adult education programmes",_T,Total,_Z,Not applicable,_Z,Not applicable,A,Annual,_Z,Not applicable,_Z,Not applicable,INST_EDU_PUB,Public educational institutions,_Z,Not applicable,ST_CL,Students per class,_T,Total,_T,Total,2016,,21.08439,,,,,,,,,,A,Normal value,,,,,2,Two,,,0,Units
ITA,Italy,ISCED11_2,Lower secondary education,CLS,Student classes,FE,"Formal education, includes formal initial and formal adult education programmes",_T,Total,_Z,Not applicable,_Z,Not applicable,A,Annual,_Z,Not applicable,_Z,Not applicable,INST_EDU_PUB,Public educational institutions,_Z,Not applicable,ST_CL,Students per class,_T,Total,_T,Total,2017,,20.9937,,,,,,,,,,A,Normal value,,,,,2,Two,,,0,Units
ITA,Italy,ISCED11_2,Lower secondary education,CLS,Student classes,FE,"Formal education, includes formal initial and formal adult education programmes",_T,Total,_Z,Not applicable,_Z,Not applicable,A,Annual,_Z,Not applicable,_Z,Not applicable,INST_EDU_PUB,Public educational institutions,_Z,Not applicable,ST_CL,Students per class,_T,Total,_T,Total,2018,,20.91399,,,,,,,,,,A,Normal value,,,,,2,Two,,,0,Units
ITA,Italy,ISCED11_2,Lower secondary education,CLS,Student classes,FE,"Formal education, includes formal initial and formal adult education programmes",_T,Total,_Z,Not applicable,_Z,Not applicable,A,Annual,_Z,Not applicable,_Z,Not applicable,INST_EDU_PUB,Public educational institutions,_Z,Not applicable,ST_CL,Students per class,_T,Total,_T,Total,2019,,20.79081,,,,,,,,,,A,Normal value,,,,,2,Two,,,0,Units
ITA,Italy,ISCED11_2,Lower secondary education,CLS,Student classes,FE,"Formal education, includes formal initial and formal adult education programmes",_T,Total,_Z,Not applicable,_Z,Not applicable,A,Annual,_Z,Not applicable,_Z,Not applicable,INST_EDU_PUB,Public educational institutions,_Z,Not applicable,ST_CL,Students per class,_T,Total,_T,Total,2020,,20.68665,,,,,,,,,,A,Normal value,,,,,2,Two,,,0,Units
ITA,Italy,ISCED11_2,Lower secondary education,CLS,Student classes,FE,"Formal education, includes formal initial and formal adult education programmes",_T,Total,_Z,Not applicable,_Z,Not applicable,A,Annual,_Z,Not applicable,_Z,Not applicable,INST_EDU_PUB,Public educational institutions,_Z,Not applicable,ST_CL,Students per class,_T,Total,_T,Total,2021,,20.25356,,,,,,,,,,A,Normal value,,,,,2,Two,,,0,Units
ITA,Italy,ISCED11_2,Lower secondary education,CLS,Student classes,FE,"Formal education, includes formal initial and formal adult education programmes",_T,Total,_Z,Not applicable,_Z,Not applicable,A,Annual,_Z,Not applicable,_Z,Not applicable,INST_EDU_PUB,Public educational institutions,_Z,Not applicable,ST_CL,Students per class,_T,Total,_T,Total,2022,,20.15801,,,,,,,,,,A,Normal value,,,,,2,Two,,,0,Units
ITA,Italy,ISCED11_2,Lower secondary education,CLS,Student classes,FE,"Formal education, includes formal initial and formal adult education programmes",_T,Total,_Z,Not applicable,_Z,Not applicable,A,Annual,_Z,Not applicable,_Z,Not applicable,INST_EDU_PUB,Public educational institutions,_Z,Not applicable,ST_CL,Students per class,_T,Total,_T,Total,2023,,20.07267,,,,,,,,,,A,Normal value,,,,,2,Two,,,0,Units
ITA,Italy,ISCED11_2,Lower secondary education,CLS,Student classes,FE,"Formal education, includes formal initial and formal adult education programmes",_T,Total,_Z,Not applicable,_Z,Not applicable,A,Annual,_Z,Not applicable,_Z,Not applicable,INST_EDU_PUB,Public educational institutions,_Z,Not applicable,ST_CL,Students per class,_T,Total,_T,Total,2024,,19.88957,,,,,,,,,,A,Normal value,,,,,2,Two,,,0,Units
GBR,United Kingdom,ISCED11_1,Primary education,CLS,Student classes,FE,"Formal education, includes formal initial and formal adult education programmes",_T,Total,_Z,Not applicable,_Z,Not applicable,A,Annual,_Z,Not applicable,_Z,Not applicable,INST_EDU,All educational institutions,_Z,Not applicable,ST_CL,Students per class,_T,Total,_T,Total,2013,,25.40379,,,,,,,,,,A,Normal value,,,,,2,Two,,,0,Units
GBR,United Kingdom,ISCED11_1,Primary education,CLS,Student classes,FE,"Formal education, includes formal initial and formal adult education programmes",_T,Total,_Z,Not applicable,_Z,Not applicable,A,Annual,_Z,Not applicable,_Z,Not applicable,INST_EDU,All educational institutions,_Z,Not applicable,ST_CL,Students per class,_T,Total,_T,Total,2014,,25.29615,,,,,,,,,,A,Normal value,,,,,2,Two,,,0,Units
GBR,United Kingdom,ISCED11_1,Primary education,CLS,Student classes,FE,"Formal education, includes formal initial and formal adult education programmes",_T,Total,_Z,Not applicable,_Z,Not applicable,A,Annual,_Z,Not applicable,_Z,Not applicable,INST_EDU,All educational institutions,_Z,Not applicable,ST_CL,Students per class,_T,Total,_T,Total,2015,,25.98822,,,,,,,,,,A,Normal value,,,,,2,Two,,,0,Units
GBR,United Kingdom,ISCED11_1,Primary education,CLS,Student classes,FE,"Formal education, includes formal initial and formal adult education programmes",_T,Total,_Z,Not applicable,_Z,Not applicable,A,Annual,_Z,Not applicable,_Z,Not applicable,INST_EDU,All educational institutions,_Z,Not applicable,ST_CL,Students per class,_T,Total,_T,Total,2016,,25.9366,,,,,,,,,,A,Normal value,,,,,2,Two,,,0,Units
GBR,United Kingdom,ISCED11_1,Primary education,CLS,Student classes,FE,"Formal education, includes formal initial and formal adult education programmes",_T,Total,_Z,Not applicable,_Z,Not applicable,A,Annual,_Z,Not applicable,_Z,Not applicable,INST_EDU,All educational institutions,_Z,Not applicable,ST_CL,Students per class,_T,Total,_T,Total,2017,,26.65525,,,,,,,,,,A,Normal value,,,,,2,Two,,,0,Units
GBR,United Kingdom,ISCED11_1,Primary education,CLS,Student classes,FE,"Formal education, includes formal initial and formal adult education programmes",_T,Total,_Z,Not applicable,_Z,Not applicable,A,Annual,_Z,Not applicable,_Z,Not applicable,INST_EDU,All educational institutions,_Z,Not applicable,ST_CL,Students per class,_T,Total,_T,Total,2018,,25.99295,,,,,,,,,,A,Normal value,,,,,2,Two,,,0,Units
GBR,United Kingdom,ISCED11_1,Primary education,CLS,Student classes,FE,"Formal education, includes formal initial and formal adult education programmes",_T,Total,_Z,Not applicable,_Z,Not applicable,A,Annual,_Z,Not applicable,_Z,Not applicable,INST_EDU,All educational institutions,_Z,Not applicable,ST_CL,Students per class,_T,Total,_T,Total,2019,,25.99503,,,,,,,,,,A,Normal value,,,,,2,Two,,,0,Units
GBR,United Kingdom,ISCED11_1,Primary education,CLS,Student classes,FE,"Formal education, includes formal initial and formal adult education programmes",_T,Total,_Z,Not applicable,_Z,Not applicable,A,Annual,_Z,Not applicable,_Z,Not applicable,INST_EDU,All educational institutions,_Z,Not applicable,ST_CL,Students per class,_T,Total,_T,Total,2020,,26.0193,,,,,,,,,,A,Normal value,,,,,2,Two,,,0,Units
GBR,United Kingdom,ISCED11_1,Primary education,CLS,Student classes,FE,"Formal education, includes formal initial and formal adult education programmes",_T,Total,_Z,Not applicable,_Z,Not applicable,A,Annual,_Z,Not applicable,_Z,Not applicable,INST_EDU,All educational institutions,_Z,Not applicable,ST_CL,Students per class,_T,Total,_T,Total,2021,,25.81664,,,,,,,,,,A,Normal value,,,,,2,Two,,,0,Units
GBR,United Kingdom,ISCED11_1,Primary education,CLS,Student classes,FE,"Formal education, includes formal initial and formal adult education programmes",_T,Total,_Z,Not applicable,_Z,Not applicable,A,Annual,_Z,Not applicable,_Z,Not applicable,INST_EDU,All educational institutions,_Z,Not applicable,ST_CL,Students per class,_T,Total,_T,Total,2022,,25.83544,,,,,,,,,,A,Normal value,,,,,2,Two,,,0,Units
GBR,United Kingdom,ISCED11_1,Primary education,CLS,Student classes,FE,"Formal education, includes formal initial and formal adult education programmes",_T,Total,_Z,Not applicable,_Z,Not applicable,A,Annual,_Z,Not applicable,_Z,Not applicable,INST_EDU,All educational institutions,_Z,Not applicable,ST_CL,Students per class,_T,Total,_T,Total,2023,,25.96107,,,,,,,,,,A,Normal value,,,,,2,Two,,,0,Units
GBR,United Kingdom,ISCED11_1,Primary education,CLS,Student classes,FE,"Formal education, includes formal initial and formal adult education programmes",_T,Total,_Z,Not applicable,_Z,Not applicable,A,Annual,_Z,Not applicable,_Z,Not applicable,INST_EDU,All educational institutions,_Z,Not applicable,ST_CL,Students per class,_T,Total,_T,Total,2024,,25.94892,,,,,,,,,,A,Normal value,,,,,2,Two,,,0,Units
ESP,Spain,ISCED11_2,Lower secondary education,CLS,Student classes,FE,"Formal education, includes formal initial and formal adult education programmes",_T,Total,_Z,Not applicable,_Z,Not applicable,A,Annual,_Z,Not applicable,_Z,Not applicable,INST_EDU_PRIV_GOV,Government dependent private educational institutions,_Z,Not applicable,ST_CL,Students per class,_T,Total,_T,Total,2013,,26.593,,,,,,,,,,A,Normal value,,,,,2,Two,,,0,Units
ESP,Spain,ISCED11_2,Lower secondary education,CLS,Student classes,FE,"Formal education, includes formal initial and formal adult education programmes",_T,Total,_Z,Not applicable,_Z,Not applicable,A,Annual,_Z,Not applicable,_Z,Not applicable,INST_EDU_PRIV_GOV,Government dependent private educational institutions,_Z,Not applicable,ST_CL,Students per class,_T,Total,_T,Total,2014,,26.71808,,,,,,,,,,A,Normal value,,,,,2,Two,,,0,Units
ESP,Spain,ISCED11_2,Lower secondary education,CLS,Student classes,FE,"Formal education, includes formal initial and formal adult education programmes",_T,Total,_Z,Not applicable,_Z,Not applicable,A,Annual,_Z,Not applicable,_Z,Not applicable,INST_EDU_PRIV_GOV,Government dependent private educational institutions,_Z,Not applicable,ST_CL,Students per class,_T,Total,_T,Total,2015,,27.02274,,,,,,,,,,A,Normal value,,,,,2,Two,,,0,Units
ESP,Spain,ISCED11_2,Lower secondary education,CLS,Student classes,FE,"Formal education, includes formal initial and formal adult education programmes",_T,Total,_Z,Not applicable,_Z,Not applicable,A,Annual,_Z,Not applicable,_Z,Not applicable,INST_EDU_PRIV_GOV,Government dependent private educational institutions,_Z,Not applicable,ST_CL,Students per class,_T,Total,_T,Total,2016,,27.06532,,,,,,,,,,A,Normal value,,,,,2,Two,,,0,Units
ESP,Spain,ISCED11_2,Lower secondary education,CLS,Student classes,FE,"Formal education, includes formal initial and formal adult education programmes",_T,Total,_Z,Not applicable,_Z,Not applicable,A,Annual,_Z,Not applicable,_Z,Not applicable,INST_EDU_PRIV_GOV,Government dependent private educational institutions,_Z,Not applicable,ST_CL,Students per class,_T,Total,_T,Total,2017,,27.17662,,,,,,,,,,A,Normal value,,,,,2,Two,,,0,Units
ESP,Spain,ISCED11_2,Lower secondary education,CLS,Student classes,FE,"Formal education, includes formal initial and formal adult education programmes",_T,Total,_Z,Not applicable,_Z,Not applicable,A,Annual,_Z,Not applicable,_Z,Not applicable,INST_EDU_PRIV_GOV,Government dependent private educational institutions,_Z,Not applicable,ST_CL,Students per class,_T,Total,_T,Total,2018,,27.36323,,,,,,,,,,A,Normal value,,,,,2,Two,,,0,Units
ESP,Spain,ISCED11_2,Lower secondary education,CLS,Student classes,FE,"Formal education, includes formal initial and formal adult education programmes",_T,Total,_Z,Not applicable,_Z,Not applicable,A,Annual,_Z,Not applicable,_Z,Not applicable,INST_EDU_PRIV_GOV,Government dependent private educational institutions,_Z,Not applicable,ST_CL,Students per class,_T,Total,_T,Total,2019,,27.47857,,,,,,,,,,A,Normal value,,,,,2,Two,,,0,Units
ESP,Spain,ISCED11_2,Lower secondary education,CLS,Student classes,FE,"Formal education, includes formal initial and formal adult education programmes",_T,Total,_Z,Not applicable,_Z,Not applicable,A,Annual,_Z,Not applicable,_Z,Not applicable,INST_EDU_PRIV_GOV,Government dependent private educational institutions,_Z,Not applicable,ST_CL,Students per class,_T,Total,_T,Total,2020,,27.38702,,,,,,,,,,A,Normal value,,,,,2,Two,,,0,Units
ESP,Spain,ISCED11_2,Lower secondary education,CLS,Student classes,FE,"Formal education, includes formal initial and formal adult education programmes",_T,Total,_Z,Not applicable,_Z,Not applicable,A,Annual,_Z,Not applicable,_Z,Not applicable,INST_EDU_PRIV_GOV,Government dependent private educational institutions,_Z,Not applicable,ST_CL,Students per class,_T,Total,_T,Total,2021,,25.7627,,,,,,,,,,A,Normal value,,,,,2,Two,,,0,Units
ESP,Spain,ISCED11_2,Lower secondary education,CLS,Student classes,FE,"Formal education, includes formal initial and formal adult education programmes",_T,Total,_Z,Not applicable,_Z,Not applicable,A,Annual,_Z,Not applicable,_Z,Not applicable,INST_EDU_PRIV_GOV,Government dependent private educational institutions,_Z,Not applicable,ST_CL,Students per class,_T,Total,_T,Total,2022,,26.784,,,,,,,,,,A,Normal value,,,,,2,Two,,,0,Units
ESP,Spain,ISCED11_2,Lower secondary education,CLS,Student classes,FE,"Formal education, includes formal initial and formal adult education programmes",_T,Total,_Z,Not applicable,_Z,Not applicable,A,Annual,_Z,Not applicable,_Z,Not applicable,INST_EDU_PRIV_GOV,Government dependent private educational institutions,_Z,Not applicable,ST_CL,Students per class,_T,Total,_T,Total,2023,,27.03963,,,,,,,,,,A,Normal value,,,,,2,Two,,,0,Units
ESP,Spain,ISCED11_2,Lower secondary education,CLS,Student classes,FE,"Formal education, includes formal initial and formal adult education programmes",_T,Total,_Z,Not applicable,_Z,Not applicable,A,Annual,_Z,Not applicable,_Z,Not applicable,INST_EDU_PRIV_GOV,Government dependent private educational institutions,_Z,Not applicable,ST_CL,Students per class,_T,Total,_T,Total,2024,,26.99678,,,,,,,,,,A,Normal value,,,,,2,Two,,,0,Units
USA,United States,ISCED11_2,Lower secondary education,CLS,Student classes,FE,"Formal education, includes formal initial and formal adult education programmes",_T,Total,_Z,Not applicable,_Z,Not applicable,A,Annual,_Z,Not applicable,_Z,Not applicable,INST_EDU_PRIV,Private educational institutions,_Z,Not applicable,ST_CL,Students per class,_T,Total,_T,Total,2013,,19.5,,,,,,,,,,A,Normal value,,,,,2,Two,,,0,Units
USA,United States,ISCED11_2,Lower secondary education,CLS,Student classes,FE,"Formal education, includes formal initial and formal adult education programmes",_T,Total,_Z,Not applicable,_Z,Not applicable,A,Annual,_Z,Not applicable,_Z,Not applicable,INST_EDU_PRIV,Private educational institutions,_Z,Not applicable,ST_CL,Students per class,_T,Total,_T,Total,2014,,19.5,,,,,,,,,,A,Normal value,,,,,2,Two,,,0,Units
USA,United States,ISCED11_2,Lower secondary education,CLS,Student classes,FE,"Formal education, includes formal initial and formal adult education programmes",_T,Total,_Z,Not applicable,_Z,Not applicable,A,Annual,_Z,Not applicable,_Z,Not applicable,INST_EDU_PRIV,Private educational institutions,_Z,Not applicable,ST_CL,Students per class,_T,Total,_T,Total,2015,,19.5,,,,,,,,,,A,Normal value,,,,,2,Two,,,0,Units
USA,United States,ISCED11_2,Lower secondary education,CLS,Student classes,FE,"Formal education, includes formal initial and formal adult education programmes",_T,Total,_Z,Not applicable,_Z,Not applicable,A,Annual,_Z,Not applicable,_Z,Not applicable,INST_EDU_PRIV,Private educational institutions,_Z,Not applicable,ST_CL,Students per class,_T,Total,_T,Total,2016,,19.5,,,,,,,,,,A,Normal value,,,,,2,Two,,,0,Units
USA,United States,ISCED11_2,Lower secondary education,CLS,Student classes,FE,"Formal education, includes formal initial and formal adult education programmes",_T,Total,_Z,Not applicable,_Z,Not applicable,A,Annual,_Z,Not applicable,_Z,Not applicable,INST_EDU_PRIV,Private educational institutions,_Z,Not applicable,ST_CL,Students per class,_T,Total,_T,Total,2017,,19.5,,,,,,,,,,A,Normal value,,,,,2,Two,,,0,Units
USA,United States,ISCED11_2,Lower secondary education,CLS,Student classes,FE,"Formal education, includes formal initial and formal adult education programmes",_T,Total,_Z,Not applicable,_Z,Not applicable,A,Annual,_Z,Not applicable,_Z,Not applicable,INST_EDU_PRIV,Private educational institutions,_Z,Not applicable,ST_CL,Students per class,_T,Total,_T,Total,2018,,19.5,,,,,,,,,,A,Normal value,,,,,2,Two,,,0,Units
USA,United States,ISCED11_2,Lower secondary education,CLS,Student classes,FE,"Formal education, includes formal initial and formal adult education programmes",_T,Total,_Z,Not applicable,_Z,Not applicable,A,Annual,_Z,Not applicable,_Z,Not applicable,INST_EDU_PRIV,Private educational institutions,_Z,Not applicable,ST_CL,Students per class,_T,Total,_T,Total,2019,,17.6,,,,,,,,,,A,Normal value,,,,,2,Two,,,0,Units
USA,United States,ISCED11_2,Lower secondary education,CLS,Student classes,FE,"Formal education, includes formal initial and formal adult education programmes",_T,Total,_Z,Not applicable,_Z,Not applicable,A,Annual,_Z,Not applicable,_Z,Not applicable,INST_EDU_PRIV,Private educational institutions,_Z,Not applicable,ST_CL,Students per class,_T,Total,_T,Total,2020,,17.6,,,,,,,,,,A,Normal value,,,,,2,Two,,,0,Units
USA,United States,ISCED11_2,Lower secondary education,CLS,Student classes,FE,"Formal education, includes formal initial and formal adult education programmes",_T,Total,_Z,Not applicable,_Z,Not applicable,A,Annual,_Z,Not applicable,_Z,Not applicable,INST_EDU_PRIV,Private educational institutions,_Z,Not applicable,ST_CL,Students per class,_T,Total,_T,Total,2021,,15,,,,,,,,,,A,Normal value,,,,,2,Two,,,0,Units
USA,United States,ISCED11_2,Lower secondary education,CLS,Student classes,FE,"Formal education, includes formal initial and formal adult education programmes",_T,Total,_Z,Not applicable,_Z,Not applicable,A,Annual,_Z,Not applicable,_Z,Not applicable,INST_EDU_PRIV,Private educational institutions,_Z,Not applicable,ST_CL,Students per class,_T,Total,_T,Total,2022,,15,,,,,,,,,,A,Normal value,,,,,2,Two,,,0,Units
USA,United States,ISCED11_2,Lower secondary education,CLS,Student classes,FE,"Formal education, includes formal initial and formal adult education programmes",_T,Total,_Z,Not applicable,_Z,Not applicable,A,Annual,_Z,Not applicable,_Z,Not applicable,INST_EDU_PRIV,Private educational institutions,_Z,Not applicable,ST_CL,Students per class,_T,Total,_T,Total,2023,,15,,,,,,,,,,A,Normal value,,,,,2,Two,,,0,Units
USA,United States,ISCED11_2,Lower secondary education,CLS,Student classes,FE,"Formal education, includes formal initial and formal adult education programmes",_T,Total,_Z,Not applicable,_Z,Not applicable,A,Annual,_Z,Not applicable,_Z,Not applicable,INST_EDU_PRIV,Private educational institutions,_Z,Not applicable,ST_CL,Students per class,_T,Total,_T,Total,2024,,15,,,,,,,,,,A,Normal value,,,,,2,Two,,,0,Units
GBR,United Kingdom,ISCED11_2,Lower secondary education,CLS,Student classes,FE,"Formal education, includes formal initial and formal adult education programmes",_T,Total,_Z,Not applicable,_Z,Not applicable,A,Annual,_Z,Not applicable,_Z,Not applicable,INST_EDU_PUB,Public educational institutions,_Z,Not applicable,ST_CL,Students per class,_T,Total,_T,Total,2013,,20,,,,,,,,,,A,Normal value,,,,,2,Two,,,0,Units
GBR,United Kingdom,ISCED11_2,Lower secondary education,CLS,Student classes,FE,"Formal education, includes formal initial and formal adult education programmes",_T,Total,_Z,Not applicable,_Z,Not applicable,A,Annual,_Z,Not applicable,_Z,Not applicable,INST_EDU_PUB,Public educational institutions,_Z,Not applicable,ST_CL,Students per class,_T,Total,_T,Total,2014,,20.3,,,,,,,,,,A,Normal value,,,,,2,Two,,,0,Units
GBR,United Kingdom,ISCED11_2,Lower secondary education,CLS,Student classes,FE,"Formal education, includes formal initial and formal adult education programmes",_T,Total,_Z,Not applicable,_Z,Not applicable,A,Annual,_Z,Not applicable,_Z,Not applicable,INST_EDU_PUB,Public educational institutions,_Z,Not applicable,ST_CL,Students per class,_T,Total,_T,Total,2015,,20.40675,,,,,,,,,,A,Normal value,,,,,2,Two,,,0,Units
GBR,United Kingdom,ISCED11_2,Lower secondary education,CLS,Student classes,FE,"Formal education, includes formal initial and formal adult education programmes",_T,Total,_Z,Not applicable,_Z,Not applicable,A,Annual,_Z,Not applicable,_Z,Not applicable,INST_EDU_PUB,Public educational institutions,_Z,Not applicable,ST_CL,Students per class,_T,Total,_T,Total,2016,,20.58088,,,,,,,,,,A,Normal value,,,,,2,Two,,,0,Units
GBR,United Kingdom,ISCED11_2,Lower secondary education,CLS,Student classes,FE,"Formal education, includes formal initial and formal adult education programmes",_T,Total,_Z,Not applicable,_Z,Not applicable,A,Annual,_Z,Not applicable,_Z,Not applicable,INST_EDU_PUB,Public educational institutions,_Z,Not applicable,ST_CL,Students per class,_T,Total,_T,Total,2017,,24.29054,,,,,,,,,,A,Normal value,,,,,2,Two,,,0,Units
GBR,United Kingdom,ISCED11_2,Lower secondary education,CLS,Student classes,FE,"Formal education, includes formal initial and formal adult education programmes",_T,Total,_Z,Not applicable,_Z,Not applicable,A,Annual,_Z,Not applicable,_Z,Not applicable,INST_EDU_PUB,Public educational institutions,_Z,Not applicable,ST_CL,Students per class,_T,Total,_T,Total,2018,,24.42403,,,,,,,,,,A,Normal value,,,,,2,Two,,,0,Units
GBR,United Kingdom,ISCED11_2,Lower secondary education,CLS,Student classes,FE,"Formal education, includes formal initial and formal adult education programmes",_T,Total,_Z,Not applicable,_Z,Not applicable,A,Annual,_Z,Not applicable,_Z,Not applicable,INST_EDU_PUB,Public educational institutions,_Z,Not applicable,ST_CL,Students per class,_T,Total,_T,Total,2019,,24.58839,,,,,,,,,,A,Normal value,,,,,2,Two,,,0,Units
GBR,United Kingdom,ISCED11_2,Lower secondary education,CLS,Student classes,FE,"Formal education, includes formal initial and formal adult education programmes",_T,Total,_Z,Not applicable,_Z,Not applicable,A,Annual,_Z,Not applicable,_Z,Not applicable,INST_EDU_PUB,Public educational institutions,_Z,Not applicable,ST_CL,Students per class,_T,Total,_T,Total,2020,,24.69869,,,,,,,,,,A,Normal value,,,,,2,Two,,,0,Units
GBR,United Kingdom,ISCED11_2,Lower secondary education,CLS,Student classes,FE,"Formal education, includes formal initial and formal adult education programmes",_T,Total,_Z,Not applicable,_Z,Not applicable,A,Annual,_Z,Not applicable,_Z,Not applicable,INST_EDU_PUB,Public educational institutions,_Z,Not applicable,ST_CL,Students per class,_T,Total,_T,Total,2021,,25.05214,,,,,,,,,,A,Normal value,,,,,2,Two,,,0,Units
GBR,United Kingdom,ISCED11_2,Lower secondary education,CLS,Student classes,FE,"Formal education, includes formal initial and formal adult education programmes",_T,Total,_Z,Not applicable,_Z,Not applicable,A,Annual,_Z,Not applicable,_Z,Not applicable,INST_EDU_PUB,Public educational institutions,_Z,Not applicable,ST_CL,Students per class,_T,Total,_T,Total,2022,,24.74307,,,,,,,,,,A,Normal value,,,,,2,Two,,,0,Units
GBR,United Kingdom,ISCED11_2,Lower secondary education,CLS,Student classes,FE,"Formal education, includes formal initial and formal adult education programmes",_T,Total,_Z,Not applicable,_Z,Not applicable,A,Annual,_Z,Not applicable,_Z,Not applicable,INST_EDU_PUB,Public educational institutions,_Z,Not applicable,ST_CL,Students per class,_T,Total,_T,Total,2023,,24.82961,,,,,,,,,,A,Normal value,,,,,2,Two,,,0,Units
GBR,United Kingdom,ISCED11_2,Lower secondary education,CLS,Student classes,FE,"Formal education, includes formal initial and formal adult education programmes",_T,Total,_Z,Not applicable,_Z,Not applicable,A,Annual,_Z,Not applicable,_Z,Not applicable,INST_EDU_PUB,Public educational institutions,_Z,Not applicable,ST_CL,Students per class,_T,Total,_T,Total,2024,,24.83958,,,,,,,,,,A,Normal value,,,,,2,Two,,,0,Units
POL,Poland,ISCED11_2,Lower secondary education,CLS,Student classes,FE,"Formal education, includes formal initial and formal adult education programmes",_T,Total,_Z,Not applicable,_Z,Not applicable,A,Annual,_Z,Not applicable,_Z,Not applicable,INST_EDU_PRIV_IND,Independent private educational institutions,_Z,Not applicable,ST_CL,Students per class,_T,Total,_T,Total,2013,,15.54282,,,,,,,,,,A,Normal value,,,,,2,Two,,,0,Units
POL,Poland,ISCED11_2,Lower secondary education,CLS,Student classes,FE,"Formal education, includes formal initial and formal adult education programmes",_T,Total,_Z,Not applicable,_Z,Not applicable,A,Annual,_Z,Not applicable,_Z,Not applicable,INST_EDU_PRIV_IND,Independent private educational institutions,_Z,Not applicable,ST_CL,Students per class,_T,Total,_T,Total,2014,,15.33321,,,,,,,,,,A,Normal value,,,,,2,Two,,,0,Units
POL,Poland,ISCED11_2,Lower secondary education,CLS,Student classes,FE,"Formal education, includes formal initial and formal adult education programmes",_T,Total,_Z,Not applicable,_Z,Not applicable,A,Annual,_Z,Not applicable,_Z,Not applicable,INST_EDU_PRIV_IND,Independent private educational institutions,_Z,Not applicable,ST_CL,Students per class,_T,Total,_T,Total,2015,,15.44705,,,,,,,,,,A,Normal value,,,,,2,Two,,,0,Units
POL,Poland,ISCED11_2,Lower secondary education,CLS,Student classes,FE,"Formal education, includes formal initial and formal adult education programmes",_T,Total,_Z,Not applicable,_Z,Not applicable,A,Annual,_Z,Not applicable,_Z,Not applicable,INST_EDU_PRIV_IND,Independent private educational institutions,_Z,Not applicable,ST_CL,Students per class,_T,Total,_T,Total,2016,,15.23999,,,,,,,,,,A,Normal value,,,,,2,Two,,,0,Units
POL,Poland,ISCED11_2,Lower secondary education,CLS,Student classes,FE,"Formal education, includes formal initial and formal adult education programmes",_T,Total,_Z,Not applicable,_Z,Not applicable,A,Annual,_Z,Not applicable,_Z,Not applicable,INST_EDU_PRIV_IND,Independent private educational institutions,_Z,Not applicable,ST_CL,Students per class,_T,Total,_T,Total,2017,,15.36033,,,,,,,,,,A,Normal value,,,,,2,Two,,,0,Units
POL,Poland,ISCED11_2,Lower secondary education,CLS,Student classes,FE,"Formal education, includes formal initial and formal adult education programmes",_T,Total,_Z,Not applicable,_Z,Not applicable,A,Annual,_Z,Not applicable,_Z,Not applicable,INST_EDU_PRIV_IND,Independent private educational institutions,_Z,Not applicable,ST_CL,Students per class,_T,Total,_T,Total,2018,,16.1858,,,,,,,,,,A,Normal value,,,,,2,Two,,,0,Units
POL,Poland,ISCED11_2,Lower secondary education,CLS,Student classes,FE,"Formal education, includes formal initial and formal adult education programmes",_T,Total,_Z,Not applicable,_Z,Not applicable,A,Annual,_Z,Not applicable,_Z,Not applicable,INST_EDU_PRIV_IND,Independent private educational institutions,_Z,Not applicable,ST_CL,Students per class,_T,Total,_T,Total,2019,,16.87155,,,,,,,,,,A,Normal value,,,,,2,Two,,,0,Units
POL,Poland,ISCED11_2,Lower secondary education,CLS,Student classes,FE,"Formal education, includes formal initial and formal adult education programmes",_T,Total,_Z,Not applicable,_Z,Not applicable,A,Annual,_Z,Not applicable,_Z,Not applicable,INST_EDU_PRIV_IND,Independent private educational institutions,_Z,Not applicable,ST_CL,Students per class,_T,Total,_T,Total,2020,,18.27796,,,,,,,,,,A,Normal value,,,,,2,Two,,,0,Units
POL,Poland,ISCED11_2,Lower secondary education,CLS,Student classes,FE,"Formal education, includes formal initial and formal adult education programmes",_T,Total,_Z,Not applicable,_Z,Not applicable,A,Annual,_Z,Not applicable,_Z,Not applicable,INST_EDU_PRIV_IND,Independent private educational institutions,_Z,Not applicable,ST_CL,Students per class,_T,Total,_T,Total,2021,,12.77504,,,,,,,,,,A,Normal value,,,,,2,Two,,,0,Units
POL,Poland,ISCED11_2,Lower secondary education,CLS,Student classes,FE,"Formal education, includes formal initial and formal adult education programmes",_T,Total,_Z,Not applicable,_Z,Not applicable,A,Annual,_Z,Not applicable,_Z,Not applicable,INST_EDU_PRIV_IND,Independent private educational institutions,_Z,Not applicable,ST_CL,Students per class,_T,Total,_T,Total,2022,,12.77353,,,,,,,,,,A,Normal value,,,,,2,Two,,,0,Units
POL,Poland,ISCED11_2,Lower secondary education,CLS,Student classes,FE,"Formal education, includes formal initial and formal adult education programmes",_T,Total,_Z,Not applicable,_Z,Not applicable,A,Annual,_Z,Not applicable,_Z,Not applicable,INST_EDU_PRIV_IND,Independent private educational institutions,_Z,Not applicable,ST_CL,Students per class,_T,Total,_T,Total,2023,,13.05943,,,,,,,,,,A,Normal value,,,,,2,Two,,,0,Units
POL,Poland,ISCED11_2,Lower secondary education,CLS,Student classes,FE,"Formal education, includes formal initial and formal adult education programmes",_T,Total,_Z,Not applicable,_Z,Not applicable,A,Annual,_Z,Not applicable,_Z,Not applicable,INST_EDU_PRIV_IND,Independent private educational institutions,_Z,Not applicable,ST_CL,Students per class,_T,Total,_T,Total,2024,,13.0184,,,,,,,,,,A,Normal value,,,,,2,Two,,,0,Units
POL,Poland,ISCED11_2,Lower secondary education,CLS,Student classes,FE,"Formal education, includes formal initial and formal adult education programmes",_T,Total,_Z,Not applicable,_Z,Not applicable,A,Annual,_Z,Not applicable,_Z,Not applicable,INST_EDU_PRIV_GOV,Government dependent private educational institutions,_Z,Not applicable,ST_CL,Students per class,_T,Total,_T,Total,2013,,22.97085,,,,,,,,,,A,Normal value,,,,,2,Two,,,0,Units
POL,Poland,ISCED11_2,Lower secondary education,CLS,Student classes,FE,"Formal education, includes formal initial and formal adult education programmes",_T,Total,_Z,Not applicable,_Z,Not applicable,A,Annual,_Z,Not applicable,_Z,Not applicable,INST_EDU_PRIV_GOV,Government dependent private educational institutions,_Z,Not applicable,ST_CL,Students per class,_T,Total,_T,Total,2014,,22.77427,,,,,,,,,,A,Normal value,,,,,2,Two,,,0,Units
POL,Poland,ISCED11_2,Lower secondary education,CLS,Student classes,FE,"Formal education, includes formal initial and formal adult education programmes",_T,Total,_Z,Not applicable,_Z,Not applicable,A,Annual,_Z,Not applicable,_Z,Not applicable,INST_EDU_PRIV_GOV,Government dependent private educational institutions,_Z,Not applicable,ST_CL,Students per class,_T,Total,_T,Total,2015,,22.66555,,,,,,,,,,A,Normal value,,,,,2,Two,,,0,Units
POL,Poland,ISCED11_2,Lower secondary education,CLS,Student classes,FE,"Formal education, includes formal initial and formal adult education programmes",_T,Total,_Z,Not applicable,_Z,Not applicable,A,Annual,_Z,Not applicable,_Z,Not applicable,INST_EDU_PRIV_GOV,Government dependent private educational institutions,_Z,Not applicable,ST_CL,Students per class,_T,Total,_T,Total,2016,,22.54158,,,,,,,,,,A,Normal value,,,,,2,Two,,,0,Units
POL,Poland,ISCED11_2,Lower secondary education,CLS,Student classes,FE,"Formal education, includes formal initial and formal adult education programmes",_T,Total,_Z,Not applicable,_Z,Not applicable,A,Annual,_Z,Not applicable,_Z,Not applicable,INST_EDU_PRIV_GOV,Government dependent private educational institutions,_Z,Not applicable,ST_CL,Students per class,_T,Total,_T,Total,2017,,22.44859,,,,,,,,,,A,Normal value,,,,,2,Two,,,0,Units
POL,Poland,ISCED11_2,Lower secondary education,CLS,Student classes,FE,"Formal education, includes formal initial and formal adult education programmes",_T,Total,_Z,Not applicable,_Z,Not applicable,A,Annual,_Z,Not applicable,_Z,Not applicable,INST_EDU_PRIV_GOV,Government dependent private educational institutions,_Z,Not applicable,ST_CL,Students per class,_T,Total,_T,Total,2018,,17.0008,,,,,,,,,,A,Normal value,,,,,2,Two,,,0,Units
POL,Poland,ISCED11_2,Lower secondary education,CLS,Student classes,FE,"Formal education, includes formal initial and formal adult education programmes",_T,Total,_Z,Not applicable,_Z,Not applicable,A,Annual,_Z,Not applicable,_Z,Not applicable,INST_EDU_PRIV_GOV,Government dependent private educational institutions,_Z,Not applicable,ST_CL,Students per class,_T,Total,_T,Total,2019,,12.9636,,,,,,,,,,A,Normal value,,,,,2,Two,,,0,Units
POL,Poland,ISCED11_2,Lower secondary education,CLS,Student classes,FE,"Formal education, includes formal initial and formal adult education programmes",_T,Total,_Z,Not applicable,_Z,Not applicable,A,Annual,_Z,Not applicable,_Z,Not applicable,INST_EDU_PRIV_GOV,Government dependent private educational institutions,_Z,Not applicable,ST_CL,Students per class,_T,Total,_T,Total,2020,,16.94905,,,,,,,,,,A,Normal value,,,,,2,Two,,,0,Units
POL,Poland,ISCED11_2,Lower secondary education,CLS,Student classes,FE,"Formal education, includes formal initial and formal adult education programmes",_T,Total,_Z,Not applicable,_Z,Not applicable,A,Annual,_Z,Not applicable,_Z,Not applicable,INST_EDU_PRIV_GOV,Government dependent private educational institutions,_Z,Not applicable,ST_CL,Students per class,_T,Total,_T,Total,2021,,12.02583,,,,,,,,,,A,Normal value,,,,,2,Two,,,0,Units
POL,Poland,ISCED11_2,Lower secondary education,CLS,Student classes,FE,"Formal education, includes formal initial and formal adult education programmes",_T,Total,_Z,Not applicable,_Z,Not applicable,A,Annual,_Z,Not applicable,_Z,Not applicable,INST_EDU_PRIV_GOV,Government dependent private educational institutions,_Z,Not applicable,ST_CL,Students per class,_T,Total,_T,Total,2022,,12.07344,,,,,,,,,,A,Normal value,,,,,2,Two,,,0,Units
POL,Poland,ISCED11_2,Lower secondary education,CLS,Student classes,FE,"Formal education, includes formal initial and formal adult education programmes",_T,Total,_Z,Not applicable,_Z,Not applicable,A,Annual,_Z,Not applicable,_Z,Not applicable,INST_EDU_PRIV_GOV,Government dependent private educational institutions,_Z,Not applicable,ST_CL,Students per class,_T,Total,_T,Total,2023,,11.92717,,,,,,,,,,A,Normal value,,,,,2,Two,,,0,Units
POL,Poland,ISCED11_2,Lower secondary education,CLS,Student classes,FE,"Formal education, includes formal initial and formal adult education programmes",_T,Total,_Z,Not applicable,_Z,Not applicable,A,Annual,_Z,Not applicable,_Z,Not applicable,INST_EDU_PRIV_GOV,Government dependent private educational institutions,_Z,Not applicable,ST_CL,Students per class,_T,Total,_T,Total,2024,,11.783,,,,,,,,,,A,Normal value,,,,,2,Two,,,0,Units
EU25,European Union (25 countries),ISCED11_1,Primary education,CLS,Student classes,FE,"Formal education, includes formal initial and formal adult education programmes",_T,Total,_Z,Not applicable,_Z,Not applicable,A,Annual,_Z,Not applicable,_Z,Not applicable,INST_EDU_PUB,Public educational institutions,_Z,Not applicable,ST_CL,Students per class,_T,Total,_T,Total,2013,,16.6891286363636,,,,,,,,,,A,Normal value,,,,,2,Two,,,0,Units
EU25,European Union (25 countries),ISCED11_1,Primary education,CLS,Student classes,FE,"Formal education, includes formal initial and formal adult education programmes",_T,Total,_Z,Not applicable,_Z,Not applicable,A,Annual,_Z,Not applicable,_Z,Not applicable,INST_EDU_PUB,Public educational institutions,_Z,Not applicable,ST_CL,Students per class,_T,Total,_T,Total,2014,,16.8315147826087,,,,,,,,,,A,Normal value,,,,,2,Two,,,0,Units
EU25,European Union (25 countries),ISCED11_1,Primary education,CLS,Student classes,FE,"Formal education, includes formal initial and formal adult education programmes",_T,Total,_Z,Not applicable,_Z,Not applicable,A,Annual,_Z,Not applicable,_Z,Not applicable,INST_EDU_PUB,Public educational institutions,_Z,Not applicable,ST_CL,Students per class,_T,Total,_T,Total,2015,,17.22418375,,,,,,,,,,A,Normal value,,,,,2,Two,,,0,Units
EU25,European Union (25 countries),ISCED11_1,Primary education,CLS,Student classes,FE,"Formal education, includes formal initial and formal adult education programmes",_T,Total,_Z,Not applicable,_Z,Not applicable,A,Annual,_Z,Not applicable,_Z,Not applicable,INST_EDU_PUB,Public educational institutions,_Z,Not applicable,ST_CL,Students per class,_T,Total,_T,Total,2016,,17.08115625,,,,,,,,,,A,Normal value,,,,,2,Two,,,0,Units
EU25,European Union (25 countries),ISCED11_1,Primary education,CLS,Student classes,FE,"Formal education, includes formal initial and formal adult education programmes",_T,Total,_Z,Not applicable,_Z,Not applicable,A,Annual,_Z,Not applicable,_Z,Not applicable,INST_EDU_PUB,Public educational institutions,_Z,Not applicable,ST_CL,Students per class,_T,Total,_T,Total,2017,,17.1098175,,,,,,,,,,A,Normal value,,,,,2,Two,,,0,Units
EU25,European Union (25 countries),ISCED11_1,Primary education,CLS,Student classes,FE,"Formal education, includes formal initial and formal adult education programmes",_T,Total,_Z,Not applicable,_Z,Not applicable,A,Annual,_Z,Not applicable,_Z,Not applicable,INST_EDU_PUB,Public educational institutions,_Z,Not applicable,ST_CL,Students per class,_T,Total,_T,Total,2018,,17.0526686956522,,,,,,,,,,A,Normal value,,,,,2,Two,,,0,Units
EU25,European Union (25 countries),ISCED11_1,Primary education,CLS,Student classes,FE,"Formal education, includes formal initial and formal adult education programmes",_T,Total,_Z,Not applicable,_Z,Not applicable,A,Annual,_Z,Not applicable,_Z,Not applicable,INST_EDU_PUB,Public educational institutions,_Z,Not applicable,ST_CL,Students per class,_T,Total,_T,Total,2019,,17.2385295833333,,,,,,,,,,A,Normal value,,,,,2,Two,,,0,Units
EU25,European Union (25 countries),ISCED11_1,Primary education,CLS,Student classes,FE,"Formal education, includes formal initial and formal adult education programmes",_T,Total,_Z,Not applicable,_Z,Not applicable,A,Annual,_Z,Not applicable,_Z,Not applicable,INST_EDU_PUB,Public educational institutions,_Z,Not applicable,ST_CL,Students per class,_T,Total,_T,Total,2020,,17.74391375,,,,,,,,,,A,Normal value,,,,,2,Two,,,0,Units
EU25,European Union (25 countries),ISCED11_1,Primary education,CLS,Student classes,FE,"Formal education, includes formal initial and formal adult education programmes",_T,Total,_Z,Not applicable,_Z,Not applicable,A,Annual,_Z,Not applicable,_Z,Not applicable,INST_EDU_PUB,Public educational institutions,_Z,Not applicable,ST_CL,Students per class,_T,Total,_T,Total,2021,,17.71082,,,,,,,,,,A,Normal value,,,,,2,Two,,,0,Units
EU25,European Union (25 countries),ISCED11_1,Primary education,CLS,Student classes,FE,"Formal education, includes formal initial and formal adult education programmes",_T,Total,_Z,Not applicable,_Z,Not applicable,A,Annual,_Z,Not applicable,_Z,Not applicable,INST_EDU_PUB,Public educational institutions,_Z,Not applicable,ST_CL,Students per class,_T,Total,_T,Total,2022,,19.0604313043478,,,,,,,,,,A,Normal value,,,,,2,Two,,,0,Units
EU25,European Union (25 countries),ISCED11_1,Primary education,CLS,Student classes,FE,"Formal education, includes formal initial and formal adult education programmes",_T,Total,_Z,Not applicable,_Z,Not applicable,A,Annual,_Z,Not applicable,_Z,Not applicable,INST_EDU_PUB,Public educational institutions,_Z,Not applicable,ST_CL,Students per class,_T,Total,_T,Total,2023,,19.3744766666667,,,,,,,,,,A,Normal value,,,,,2,Two,,,0,Units
PRT,Portugal,ISCED11_2,Lower secondary education,CLS,Student classes,FE,"Formal education, includes formal initial and formal adult education programmes",_T,Total,_Z,Not applicable,_Z,Not applicable,A,Annual,_Z,Not applicable,_Z,Not applicable,INST_EDU_PRIV_IND,Independent private educational institutions,_Z,Not applicable,ST_CL,Students per class,_T,Total,_T,Total,2013,,21.63729,,,,,,,,,,A,Normal value,,,,,2,Two,,,0,Units
PRT,Portugal,ISCED11_2,Lower secondary education,CLS,Student classes,FE,"Formal education, includes formal initial and formal adult education programmes",_T,Total,_Z,Not applicable,_Z,Not applicable,A,Annual,_Z,Not applicable,_Z,Not applicable,INST_EDU_PRIV_IND,Independent private educational institutions,_Z,Not applicable,ST_CL,Students per class,_T,Total,_T,Total,2014,,22.11652,,,,,,,,,,A,Normal value,,,,,2,Two,,,0,Units
PRT,Portugal,ISCED11_2,Lower secondary education,CLS,Student classes,FE,"Formal education, includes formal initial and formal adult education programmes",_T,Total,_Z,Not applicable,_Z,Not applicable,A,Annual,_Z,Not applicable,_Z,Not applicable,INST_EDU_PRIV_IND,Independent private educational institutions,_Z,Not applicable,ST_CL,Students per class,_T,Total,_T,Total,2015,,22.02003,,,,,,,,,,A,Normal value,,,,,2,Two,,,0,Units
PRT,Portugal,ISCED11_2,Lower secondary education,CLS,Student classes,FE,"Formal education, includes formal initial and formal adult education programmes",_T,Total,_Z,Not applicable,_Z,Not applicable,A,Annual,_Z,Not applicable,_Z,Not applicable,INST_EDU_PRIV_IND,Independent private educational institutions,_Z,Not applicable,ST_CL,Students per class,_T,Total,_T,Total,2016,,22.37943,,,,,,,,,,A,Normal value,,,,,2,Two,,,0,Units
PRT,Portugal,ISCED11_2,Lower secondary education,CLS,Student classes,FE,"Formal education, includes formal initial and formal adult education programmes",_T,Total,_Z,Not applicable,_Z,Not applicable,A,Annual,_Z,Not applicable,_Z,Not applicable,INST_EDU_PRIV_IND,Independent private educational institutions,_Z,Not applicable,ST_CL,Students per class,_T,Total,_T,Total,2017,,22.55329,,,,,,,,,,A,Normal value,,,,,2,Two,,,0,Units
PRT,Portugal,ISCED11_2,Lower secondary education,CLS,Student classes,FE,"Formal education, includes formal initial and formal adult education programmes",_T,Total,_Z,Not applicable,_Z,Not applicable,A,Annual,_Z,Not applicable,_Z,Not applicable,INST_EDU_PRIV_IND,Independent private educational institutions,_Z,Not applicable,ST_CL,Students per class,_T,Total,_T,Total,2018,,22.70497,,,,,,,,,,A,Normal value,,,,,2,Two,,,0,Units
PRT,Portugal,ISCED11_2,Lower secondary education,CLS,Student classes,FE,"Formal education, includes formal initial and formal adult education programmes",_T,Total,_Z,Not applicable,_Z,Not applicable,A,Annual,_Z,Not applicable,_Z,Not applicable,INST_EDU_PRIV_IND,Independent private educational institutions,_Z,Not applicable,ST_CL,Students per class,_T,Total,_T,Total,2019,,22.86659,,,,,,,,,,A,Normal value,,,,,2,Two,,,0,Units
PRT,Portugal,ISCED11_2,Lower secondary education,CLS,Student classes,FE,"Formal education, includes formal initial and formal adult education programmes",_T,Total,_Z,Not applicable,_Z,Not applicable,A,Annual,_Z,Not applicable,_Z,Not applicable,INST_EDU_PRIV_IND,Independent private educational institutions,_Z,Not applicable,ST_CL,Students per class,_T,Total,_T,Total,2020,,22.51878,,,,,,,,,,A,Normal value,,,,,2,Two,,,0,Units
PRT,Portugal,ISCED11_2,Lower secondary education,CLS,Student classes,FE,"Formal education, includes formal initial and formal adult education programmes",_T,Total,_Z,Not applicable,_Z,Not applicable,A,Annual,_Z,Not applicable,_Z,Not applicable,INST_EDU_PRIV_IND,Independent private educational institutions,_Z,Not applicable,ST_CL,Students per class,_T,Total,_T,Total,2021,,22.18767,,,,,,,,,,A,Normal value,,,,,2,Two,,,0,Units
PRT,Portugal,ISCED11_2,Lower secondary education,CLS,Student classes,FE,"Formal education, includes formal initial and formal adult education programmes",_T,Total,_Z,Not applicable,_Z,Not applicable,A,Annual,_Z,Not applicable,_Z,Not applicable,INST_EDU_PRIV_IND,Independent private educational institutions,_Z,Not applicable,ST_CL,Students per class,_T,Total,_T,Total,2022,,22.35501,,,,,,,,,,A,Normal value,,,,,2,Two,,,0,Units
PRT,Portugal,ISCED11_2,Lower secondary education,CLS,Student classes,FE,"Formal education, includes formal initial and formal adult education programmes",_T,Total,_Z,Not applicable,_Z,Not applicable,A,Annual,_Z,Not applicable,_Z,Not applicable,INST_EDU_PRIV_IND,Independent private educational institutions,_Z,Not applicable,ST_CL,Students per class,_T,Total,_T,Total,2023,,22.51878,,,,,,,,,,A,Normal value,,,,,2,Two,,,0,Units
PRT,Portugal,ISCED11_2,Lower secondary education,CLS,Student classes,FE,"Formal education, includes formal initial and formal adult education programmes",_T,Total,_Z,Not applicable,_Z,Not applicable,A,Annual,_Z,Not applicable,_Z,Not applicable,INST_EDU_PRIV_IND,Independent private educational institutions,_Z,Not applicable,ST_CL,Students per class,_T,Total,_T,Total,2024,,22.62661,,,,,,,,,,A,Normal value,,,,,2,Two,,,0,Units
SWE,Sweden,ISCED11_2,Lower secondary education,CLS,Student classes,FE,"Formal education, includes formal initial and formal adult education programmes",_T,Total,_Z,Not applicable,_Z,Not applicable,A,Annual,_Z,Not applicable,_Z,Not applicable,INST_EDU_PRIV_GOV,Government dependent private educational institutions,_Z,Not applicable,ST_CL,Students per class,_T,Total,_T,Total,2013,,,,,,,,,,,,O,Missing value,,,,,2,Two,,,0,Units
SWE,Sweden,ISCED11_2,Lower secondary education,CLS,Student classes,FE,"Formal education, includes formal initial and formal adult education programmes",_T,Total,_Z,Not applicable,_Z,Not applicable,A,Annual,_Z,Not applicable,_Z,Not applicable,INST_EDU_PRIV_GOV,Government dependent private educational institutions,_Z,Not applicable,ST_CL,Students per class,_T,Total,_T,Total,2014,,20.61296,,,,,,,,,,A,Normal value,,,,,2,Two,,,0,Units
SWE,Sweden,ISCED11_2,Lower secondary education,CLS,Student classes,FE,"Formal education, includes formal initial and formal adult education programmes",_T,Total,_Z,Not applicable,_Z,Not applicable,A,Annual,_Z,Not applicable,_Z,Not applicable,INST_EDU_PRIV_GOV,Government dependent private educational institutions,_Z,Not applicable,ST_CL,Students per class,_T,Total,_T,Total,2015,,22.2389,,,,,,,,,,A,Normal value,,,,,2,Two,,,0,Units
SWE,Sweden,ISCED11_2,Lower secondary education,CLS,Student classes,FE,"Formal education, includes formal initial and formal adult education programmes",_T,Total,_Z,Not applicable,_Z,Not applicable,A,Annual,_Z,Not applicable,_Z,Not applicable,INST_EDU_PRIV_GOV,Government dependent private educational institutions,_Z,Not applicable,ST_CL,Students per class,_T,Total,_T,Total,2016,,22.30455,,,,,,,,,,A,Normal value,,,,,2,Two,,,0,Units
SWE,Sweden,ISCED11_2,Lower secondary education,CLS,Student classes,FE,"Formal education, includes formal initial and formal adult education programmes",_T,Total,_Z,Not applicable,_Z,Not applicable,A,Annual,_Z,Not applicable,_Z,Not applicable,INST_EDU_PRIV_GOV,Government dependent private educational institutions,_Z,Not applicable,ST_CL,Students per class,_T,Total,_T,Total,2017,,22.24264,,,,,,,,,,A,Normal value,,,,,2,Two,,,0,Units
SWE,Sweden,ISCED11_2,Lower secondary education,CLS,Student classes,FE,"Formal education, includes formal initial and formal adult education programmes",_T,Total,_Z,Not applicable,_Z,Not applicable,A,Annual,_Z,Not applicable,_Z,Not applicable,INST_EDU_PRIV_GOV,Government dependent private educational institutions,_Z,Not applicable,ST_CL,Students per class,_T,Total,_T,Total,2018,,22.25354,,,,,,,,,,A,Normal value,,,,,2,Two,,,0,Units
SWE,Sweden,ISCED11_2,Lower secondary education,CLS,Student classes,FE,"Formal education, includes formal initial and formal adult education programmes",_T,Total,_Z,Not applicable,_Z,Not applicable,A,Annual,_Z,Not applicable,_Z,Not applicable,INST_EDU_PRIV_GOV,Government dependent private educational institutions,_Z,Not applicable,ST_CL,Students per class,_T,Total,_T,Total,2019,,22.49739,,,,,,,,,,A,Normal value,,,,,2,Two,,,0,Units
SWE,Sweden,ISCED11_2,Lower secondary education,CLS,Student classes,FE,"Formal education, includes formal initial and formal adult education programmes",_T,Total,_Z,Not applicable,_Z,Not applicable,A,Annual,_Z,Not applicable,_Z,Not applicable,INST_EDU_PRIV_GOV,Government dependent private educational institutions,_Z,Not applicable,ST_CL,Students per class,_T,Total,_T,Total,2020,,21.21189,,,,,,,,,,A,Normal value,,,,,2,Two,,,0,Units
SWE,Sweden,ISCED11_2,Lower secondary education,CLS,Student classes,FE,"Formal education, includes formal initial and formal adult education programmes",_T,Total,_Z,Not applicable,_Z,Not applicable,A,Annual,_Z,Not applicable,_Z,Not applicable,INST_EDU_PRIV_GOV,Government dependent private educational institutions,_Z,Not applicable,ST_CL,Students per class,_T,Total,_T,Total,2021,,23.03683,,,,,,,,,,A,Normal value,,,,,2,Two,,,0,Units
SWE,Sweden,ISCED11_2,Lower secondary education,CLS,Student classes,FE,"Formal education, includes formal initial and formal adult education programmes",_T,Total,_Z,Not applicable,_Z,Not applicable,A,Annual,_Z,Not applicable,_Z,Not applicable,INST_EDU_PRIV_GOV,Government dependent private educational institutions,_Z,Not applicable,ST_CL,Students per class,_T,Total,_T,Total,2022,,21.5724,,,,,,,,,,A,Normal value,,,,,2,Two,,,0,Units
SWE,Sweden,ISCED11_2,Lower secondary education,CLS,Student classes,FE,"Formal education, includes formal initial and formal adult education programmes",_T,Total,_Z,Not applicable,_Z,Not applicable,A,Annual,_Z,Not applicable,_Z,Not applicable,INST_EDU_PRIV_GOV,Government dependent private educational institutions,_Z,Not applicable,ST_CL,Students per class,_T,Total,_T,Total,2023,,21.21592,,,,,,,,,,A,Normal value,,,,,2,Two,,,0,Units
SWE,Sweden,ISCED11_2,Lower secondary education,CLS,Student classes,FE,"Formal education, includes formal initial and formal adult education programmes",_T,Total,_Z,Not applicable,_Z,Not applicable,A,Annual,_Z,Not applicable,_Z,Not applicable,INST_EDU_PRIV_GOV,Government dependent private educational institutions,_Z,Not applicable,ST_CL,Students per class,_T,Total,_T,Total,2024,,21.21189,,,,,,,,,,A,Normal value,,,,,2,Two,,,0,Units
SWE,Sweden,ISCED11_1,Primary education,CLS,Student classes,FE,"Formal education, includes formal initial and formal adult education programmes",_T,Total,_Z,Not applicable,_Z,Not applicable,A,Annual,_Z,Not applicable,_Z,Not applicable,INST_EDU_PRIV_GOV,Government dependent private educational institutions,_Z,Not applicable,ST_CL,Students per class,_T,Total,_T,Total,2013,,,,,,,,,,,,O,Missing value,,,,,2,Two,,,0,Units
SWE,Sweden,ISCED11_1,Primary education,CLS,Student classes,FE,"Formal education, includes formal initial and formal adult education programmes",_T,Total,_Z,Not applicable,_Z,Not applicable,A,Annual,_Z,Not applicable,_Z,Not applicable,INST_EDU_PRIV_GOV,Government dependent private educational institutions,_Z,Not applicable,ST_CL,Students per class,_T,Total,_T,Total,2014,,16.06537,,,,,,,,,,A,Normal value,,,,,2,Two,,,0,Units
SWE,Sweden,ISCED11_1,Primary education,CLS,Student classes,FE,"Formal education, includes formal initial and formal adult education programmes",_T,Total,_Z,Not applicable,_Z,Not applicable,A,Annual,_Z,Not applicable,_Z,Not applicable,INST_EDU_PRIV_GOV,Government dependent private educational institutions,_Z,Not applicable,ST_CL,Students per class,_T,Total,_T,Total,2015,,17.27545,,,,,,,,,,A,Normal value,,,,,2,Two,,,0,Units
SWE,Sweden,ISCED11_1,Primary education,CLS,Student classes,FE,"Formal education, includes formal initial and formal adult education programmes",_T,Total,_Z,Not applicable,_Z,Not applicable,A,Annual,_Z,Not applicable,_Z,Not applicable,INST_EDU_PRIV_GOV,Government dependent private educational institutions,_Z,Not applicable,ST_CL,Students per class,_T,Total,_T,Total,2016,,17.65296,,,,,,,,,,A,Normal value,,,,,2,Two,,,0,Units
SWE,Sweden,ISCED11_1,Primary education,CLS,Student classes,FE,"Formal education, includes formal initial and formal adult education programmes",_T,Total,_Z,Not applicable,_Z,Not applicable,A,Annual,_Z,Not applicable,_Z,Not applicable,INST_EDU_PRIV_GOV,Government dependent private educational institutions,_Z,Not applicable,ST_CL,Students per class,_T,Total,_T,Total,2017,,18.38446,,,,,,,,,,A,Normal value,,,,,2,Two,,,0,Units
SWE,Sweden,ISCED11_1,Primary education,CLS,Student classes,FE,"Formal education, includes formal initial and formal adult education programmes",_T,Total,_Z,Not applicable,_Z,Not applicable,A,Annual,_Z,Not applicable,_Z,Not applicable,INST_EDU_PRIV_GOV,Government dependent private educational institutions,_Z,Not applicable,ST_CL,Students per class,_T,Total,_T,Total,2018,,18.10487,,,,,,,,,,A,Normal value,,,,,2,Two,,,0,Units
SWE,Sweden,ISCED11_1,Primary education,CLS,Student classes,FE,"Formal education, includes formal initial and formal adult education programmes",_T,Total,_Z,Not applicable,_Z,Not applicable,A,Annual,_Z,Not applicable,_Z,Not applicable,INST_EDU_PRIV_GOV,Government dependent private educational institutions,_Z,Not applicable,ST_CL,Students per class,_T,Total,_T,Total,2019,,18.438,,,,,,,,,,A,Normal value,,,,,2,Two,,,0,Units
SWE,Sweden,ISCED11_1,Primary education,CLS,Student classes,FE,"Formal education, includes formal initial and formal adult education programmes",_T,Total,_Z,Not applicable,_Z,Not applicable,A,Annual,_Z,Not applicable,_Z,Not applicable,INST_EDU_PRIV_GOV,Government dependent private educational institutions,_Z,Not applicable,ST_CL,Students per class,_T,Total,_T,Total,2020,,19.14613,,,,,,,,,,A,Normal value,,,,,2,Two,,,0,Units
SWE,Sweden,ISCED11_1,Primary education,CLS,Student classes,FE,"Formal education, includes formal initial and formal adult education programmes",_T,Total,_Z,Not applicable,_Z,Not applicable,A,Annual,_Z,Not applicable,_Z,Not applicable,INST_EDU_PRIV_GOV,Government dependent private educational institutions,_Z,Not applicable,ST_CL,Students per class,_T,Total,_T,Total,2021,,19.23171,,,,,,,,,,A,Normal value,,,,,2,Two,,,0,Units
SWE,Sweden,ISCED11_1,Primary education,CLS,Student classes,FE,"Formal education, includes formal initial and formal adult education programmes",_T,Total,_Z,Not applicable,_Z,Not applicable,A,Annual,_Z,Not applicable,_Z,Not applicable,INST_EDU_PRIV_GOV,Government dependent private educational institutions,_Z,Not applicable,ST_CL,Students per class,_T,Total,_T,Total,2022,,19.19375,,,,,,,,,,A,Normal value,,,,,2,Two,,,0,Units
SWE,Sweden,ISCED11_1,Primary education,CLS,Student classes,FE,"Formal education, includes formal initial and formal adult education programmes",_T,Total,_Z,Not applicable,_Z,Not applicable,A,Annual,_Z,Not applicable,_Z,Not applicable,INST_EDU_PRIV_GOV,Government dependent private educational institutions,_Z,Not applicable,ST_CL,Students per class,_T,Total,_T,Total,2023,,18.98818,,,,,,,,,,A,Normal value,,,,,2,Two,,,0,Units
SWE,Sweden,ISCED11_1,Primary education,CLS,Student classes,FE,"Formal education, includes formal initial and formal adult education programmes",_T,Total,_Z,Not applicable,_Z,Not applicable,A,Annual,_Z,Not applicable,_Z,Not applicable,INST_EDU_PRIV_GOV,Government dependent private educational institutions,_Z,Not applicable,ST_CL,Students per class,_T,Total,_T,Total,2024,,18.86497,,,,,,,,,,A,Normal value,,,,,2,Two,,,0,Units
ITA,Italy,ISCED11_2,Lower secondary education,CLS,Student classes,FE,"Formal education, includes formal initial and formal adult education programmes",_T,Total,_Z,Not applicable,_Z,Not applicable,A,Annual,_Z,Not applicable,_Z,Not applicable,INST_EDU_PRIV_GOV,Government dependent private educational institutions,_Z,Not applicable,ST_CL,Students per class,_T,Total,_T,Total,2013,,,,,,,,,,,,M,Missing value; data cannot exist,,,,,2,Two,,,0,Units
ITA,Italy,ISCED11_2,Lower secondary education,CLS,Student classes,FE,"Formal education, includes formal initial and formal adult education programmes",_T,Total,_Z,Not applicable,_Z,Not applicable,A,Annual,_Z,Not applicable,_Z,Not applicable,INST_EDU_PRIV_GOV,Government dependent private educational institutions,_Z,Not applicable,ST_CL,Students per class,_T,Total,_T,Total,2014,,,,,,,,,,,,M,Missing value; data cannot exist,,,,,2,Two,,,0,Units
ITA,Italy,ISCED11_2,Lower secondary education,CLS,Student classes,FE,"Formal education, includes formal initial and formal adult education programmes",_T,Total,_Z,Not applicable,_Z,Not applicable,A,Annual,_Z,Not applicable,_Z,Not applicable,INST_EDU_PRIV_GOV,Government dependent private educational institutions,_Z,Not applicable,ST_CL,Students per class,_T,Total,_T,Total,2015,,,,,,,,,,,,M,Missing value; data cannot exist,,,,,2,Two,,,0,Units
ITA,Italy,ISCED11_2,Lower secondary education,CLS,Student classes,FE,"Formal education, includes formal initial and formal adult education programmes",_T,Total,_Z,Not applicable,_Z,Not applicable,A,Annual,_Z,Not applicable,_Z,Not applicable,INST_EDU_PRIV_GOV,Government dependent private educational institutions,_Z,Not applicable,ST_CL,Students per class,_T,Total,_T,Total,2016,,,,,,,,,,,,M,Missing value; data cannot exist,,,,,2,Two,,,0,Units
ITA,Italy,ISCED11_2,Lower secondary education,CLS,Student classes,FE,"Formal education, includes formal initial and formal adult education programmes",_T,Total,_Z,Not applicable,_Z,Not applicable,A,Annual,_Z,Not applicable,_Z,Not applicable,INST_EDU_PRIV_GOV,Government dependent private educational institutions,_Z,Not applicable,ST_CL,Students per class,_T,Total,_T,Total,2017,,,,,,,,,,,,M,Missing value; data cannot exist,,,,,2,Two,,,0,Units
ITA,Italy,ISCED11_2,Lower secondary education,CLS,Student classes,FE,"Formal education, includes formal initial and formal adult education programmes",_T,Total,_Z,Not applicable,_Z,Not applicable,A,Annual,_Z,Not applicable,_Z,Not applicable,INST_EDU_PRIV_GOV,Government dependent private educational institutions,_Z,Not applicable,ST_CL,Students per class,_T,Total,_T,Total,2018,,,,,,,,,,,,M,Missing value; data cannot exist,,,,,2,Two,,,0,Units
ITA,Italy,ISCED11_2,Lower secondary education,CLS,Student classes,FE,"Formal education, includes formal initial and formal adult education programmes",_T,Total,_Z,Not applicable,_Z,Not applicable,A,Annual,_Z,Not applicable,_Z,Not applicable,INST_EDU_PRIV_GOV,Government dependent private educational institutions,_Z,Not applicable,ST_CL,Students per class,_T,Total,_T,Total,2019,,,,,,,,,,,,M,Missing value; data cannot exist,,,,,2,Two,,,0,Units
ITA,Italy,ISCED11_2,Lower secondary education,CLS,Student classes,FE,"Formal education, includes formal initial and formal adult education programmes",_T,Total,_Z,Not applicable,_Z,Not applicable,A,Annual,_Z,Not applicable,_Z,Not applicable,INST_EDU_PRIV_GOV,Government dependent private educational institutions,_Z,Not applicable,ST_CL,Students per class,_T,Total,_T,Total,2020,,,,,,,,,,,,M,Missing value; data cannot exist,,,,,2,Two,,,0,Units
ITA,Italy,ISCED11_2,Lower secondary education,CLS,Student classes,FE,"Formal education, includes formal initial and formal adult education programmes",_T,Total,_Z,Not applicable,_Z,Not applicable,A,Annual,_Z,Not applicable,_Z,Not applicable,INST_EDU_PRIV_GOV,Government dependent private educational institutions,_Z,Not applicable,ST_CL,Students per class,_T,Total,_T,Total,2021,,,,,,,,,,,,M,Missing value; data cannot exist,,,,,2,Two,,,0,Units
ITA,Italy,ISCED11_2,Lower secondary education,CLS,Student classes,FE,"Formal education, includes formal initial and formal adult education programmes",_T,Total,_Z,Not applicable,_Z,Not applicable,A,Annual,_Z,Not applicable,_Z,Not applicable,INST_EDU_PRIV_GOV,Government dependent private educational institutions,_Z,Not applicable,ST_CL,Students per class,_T,Total,_T,Total,2022,,,,,,,,,,,,M,Missing value; data cannot exist,,,,,2,Two,,,0,Units
ITA,Italy,ISCED11_2,Lower secondary education,CLS,Student classes,FE,"Formal education, includes formal initial and formal adult education programmes",_T,Total,_Z,Not applicable,_Z,Not applicable,A,Annual,_Z,Not applicable,_Z,Not applicable,INST_EDU_PRIV_GOV,Government dependent private educational institutions,_Z,Not applicable,ST_CL,Students per class,_T,Total,_T,Total,2023,,,,,,,,,,,,M,Missing value; data cannot exist,,,,,2,Two,,,0,Units
ITA,Italy,ISCED11_2,Lower secondary education,CLS,Student classes,FE,"Formal education, includes formal initial and formal adult education programmes",_T,Total,_Z,Not applicable,_Z,Not applicable,A,Annual,_Z,Not applicable,_Z,Not applicable,INST_EDU_PRIV_GOV,Government dependent private educational institutions,_Z,Not applicable,ST_CL,Students per class,_T,Total,_T,Total,2024,,,,,,,,,,,,M,Missing value; data cannot exist,,,,,2,Two,,,0,Units
ITA,Italy,ISCED11_1,Primary education,CLS,Student classes,FE,"Formal education, includes formal initial and formal adult education programmes",_T,Total,_Z,Not applicable,_Z,Not applicable,A,Annual,_Z,Not applicable,_Z,Not applicable,INST_EDU_PUB,Public educational institutions,_Z,Not applicable,ST_CL,Students per class,_T,Total,_T,Total,2013,,19.26235,,,,,,,,,,A,Normal value,,,,,2,Two,,,0,Units
ITA,Italy,ISCED11_1,Primary education,CLS,Student classes,FE,"Formal education, includes formal initial and formal adult education programmes",_T,Total,_Z,Not applicable,_Z,Not applicable,A,Annual,_Z,Not applicable,_Z,Not applicable,INST_EDU_PUB,Public educational institutions,_Z,Not applicable,ST_CL,Students per class,_T,Total,_T,Total,2014,,19.67161,,,,,,,,,,A,Normal value,,,,,2,Two,,,0,Units
ITA,Italy,ISCED11_1,Primary education,CLS,Student classes,FE,"Formal education, includes formal initial and formal adult education programmes",_T,Total,_Z,Not applicable,_Z,Not applicable,A,Annual,_Z,Not applicable,_Z,Not applicable,INST_EDU_PUB,Public educational institutions,_Z,Not applicable,ST_CL,Students per class,_T,Total,_T,Total,2015,,19.18664,,,,,,,,,,A,Normal value,,,,,2,Two,,,0,Units
ITA,Italy,ISCED11_1,Primary education,CLS,Student classes,FE,"Formal education, includes formal initial and formal adult education programmes",_T,Total,_Z,Not applicable,_Z,Not applicable,A,Annual,_Z,Not applicable,_Z,Not applicable,INST_EDU_PUB,Public educational institutions,_Z,Not applicable,ST_CL,Students per class,_T,Total,_T,Total,2016,,19.20751,,,,,,,,,,A,Normal value,,,,,2,Two,,,0,Units
ITA,Italy,ISCED11_1,Primary education,CLS,Student classes,FE,"Formal education, includes formal initial and formal adult education programmes",_T,Total,_Z,Not applicable,_Z,Not applicable,A,Annual,_Z,Not applicable,_Z,Not applicable,INST_EDU_PUB,Public educational institutions,_Z,Not applicable,ST_CL,Students per class,_T,Total,_T,Total,2017,,19.10264,,,,,,,,,,A,Normal value,,,,,2,Two,,,0,Units
ITA,Italy,ISCED11_1,Primary education,CLS,Student classes,FE,"Formal education, includes formal initial and formal adult education programmes",_T,Total,_Z,Not applicable,_Z,Not applicable,A,Annual,_Z,Not applicable,_Z,Not applicable,INST_EDU_PUB,Public educational institutions,_Z,Not applicable,ST_CL,Students per class,_T,Total,_T,Total,2018,,18.99838,,,,,,,,,,A,Normal value,,,,,2,Two,,,0,Units
ITA,Italy,ISCED11_1,Primary education,CLS,Student classes,FE,"Formal education, includes formal initial and formal adult education programmes",_T,Total,_Z,Not applicable,_Z,Not applicable,A,Annual,_Z,Not applicable,_Z,Not applicable,INST_EDU_PUB,Public educational institutions,_Z,Not applicable,ST_CL,Students per class,_T,Total,_T,Total,2019,,18.86726,,,,,,,,,,A,Normal value,,,,,2,Two,,,0,Units
ITA,Italy,ISCED11_1,Primary education,CLS,Student classes,FE,"Formal education, includes formal initial and formal adult education programmes",_T,Total,_Z,Not applicable,_Z,Not applicable,A,Annual,_Z,Not applicable,_Z,Not applicable,INST_EDU_PUB,Public educational institutions,_Z,Not applicable,ST_CL,Students per class,_T,Total,_T,Total,2020,,18.64769,,,,,,,,,,A,Normal value,,,,,2,Two,,,0,Units
ITA,Italy,ISCED11_1,Primary education,CLS,Student classes,FE,"Formal education, includes formal initial and formal adult education programmes",_T,Total,_Z,Not applicable,_Z,Not applicable,A,Annual,_Z,Not applicable,_Z,Not applicable,INST_EDU_PUB,Public educational institutions,_Z,Not applicable,ST_CL,Students per class,_T,Total,_T,Total,2021,,18.09206,,,,,,,,,,A,Normal value,,,,,2,Two,,,0,Units
ITA,Italy,ISCED11_1,Primary education,CLS,Student classes,FE,"Formal education, includes formal initial and formal adult education programmes",_T,Total,_Z,Not applicable,_Z,Not applicable,A,Annual,_Z,Not applicable,_Z,Not applicable,INST_EDU_PUB,Public educational institutions,_Z,Not applicable,ST_CL,Students per class,_T,Total,_T,Total,2022,,17.96377,,,,,,,,,,A,Normal value,,,,,2,Two,,,0,Units
ITA,Italy,ISCED11_1,Primary education,CLS,Student classes,FE,"Formal education, includes formal initial and formal adult education programmes",_T,Total,_Z,Not applicable,_Z,Not applicable,A,Annual,_Z,Not applicable,_Z,Not applicable,INST_EDU_PUB,Public educational institutions,_Z,Not applicable,ST_CL,Students per class,_T,Total,_T,Total,2023,,17.90677,,,,,,,,,,A,Normal value,,,,,2,Two,,,0,Units
ITA,Italy,ISCED11_1,Primary education,CLS,Student classes,FE,"Formal education, includes formal initial and formal adult education programmes",_T,Total,_Z,Not applicable,_Z,Not applicable,A,Annual,_Z,Not applicable,_Z,Not applicable,INST_EDU_PUB,Public educational institutions,_Z,Not applicable,ST_CL,Students per class,_T,Total,_T,Total,2024,,17.90171,,,,,,,,,,A,Normal value,,,,,2,Two,,,0,Units
FRA,France,ISCED11_1,Primary education,CLS,Student classes,FE,"Formal education, includes formal initial and formal adult education programmes",_T,Total,_Z,Not applicable,_Z,Not applicable,A,Annual,_Z,Not applicable,_Z,Not applicable,INST_EDU_PRIV_GOV,Government dependent private educational institutions,_Z,Not applicable,ST_CL,Students per class,_T,Total,_T,Total,2013,,23.25847,,,,,,,,,,A,Normal value,,,,,2,Two,,,0,Units
FRA,France,ISCED11_1,Primary education,CLS,Student classes,FE,"Formal education, includes formal initial and formal adult education programmes",_T,Total,_Z,Not applicable,_Z,Not applicable,A,Annual,_Z,Not applicable,_Z,Not applicable,INST_EDU_PRIV_GOV,Government dependent private educational institutions,_Z,Not applicable,ST_CL,Students per class,_T,Total,_T,Total,2014,,24.36625,,,,,,,,,,A,Normal value,,,,,2,Two,,,0,Units
FRA,France,ISCED11_1,Primary education,CLS,Student classes,FE,"Formal education, includes formal initial and formal adult education programmes",_T,Total,_Z,Not applicable,_Z,Not applicable,A,Annual,_Z,Not applicable,_Z,Not applicable,INST_EDU_PRIV_GOV,Government dependent private educational institutions,_Z,Not applicable,ST_CL,Students per class,_T,Total,_T,Total,2015,,24.66765,,,,,,,,,,A,Normal value,,,,,2,Two,,,0,Units
FRA,France,ISCED11_1,Primary education,CLS,Student classes,FE,"Formal education, includes formal initial and formal adult education programmes",_T,Total,_Z,Not applicable,_Z,Not applicable,A,Annual,_Z,Not applicable,_Z,Not applicable,INST_EDU_PRIV_GOV,Government dependent private educational institutions,_Z,Not applicable,ST_CL,Students per class,_T,Total,_T,Total,2016,,24.93297,,,,,,,,,,A,Normal value,,,,,2,Two,,,0,Units
FRA,France,ISCED11_1,Primary education,CLS,Student classes,FE,"Formal education, includes formal initial and formal adult education programmes",_T,Total,_Z,Not applicable,_Z,Not applicable,A,Annual,_Z,Not applicable,_Z,Not applicable,INST_EDU_PRIV_GOV,Government dependent private educational institutions,_Z,Not applicable,ST_CL,Students per class,_T,Total,_T,Total,2017,,25.09133,,,,,,,,,,A,Normal value,,,,,2,Two,,,0,Units
FRA,France,ISCED11_1,Primary education,CLS,Student classes,FE,"Formal education, includes formal initial and formal adult education programmes",_T,Total,_Z,Not applicable,_Z,Not applicable,A,Annual,_Z,Not applicable,_Z,Not applicable,INST_EDU_PRIV_GOV,Government dependent private educational institutions,_Z,Not applicable,ST_CL,Students per class,_T,Total,_T,Total,2018,,25.10774,,,,,,,,,,A,Normal value,,,,,2,Two,,,0,Units
FRA,France,ISCED11_1,Primary education,CLS,Student classes,FE,"Formal education, includes formal initial and formal adult education programmes",_T,Total,_Z,Not applicable,_Z,Not applicable,A,Annual,_Z,Not applicable,_Z,Not applicable,INST_EDU_PRIV_GOV,Government dependent private educational institutions,_Z,Not applicable,ST_CL,Students per class,_T,Total,_T,Total,2019,,25.1135,,,,,,,,,,A,Normal value,,,,,2,Two,,,0,Units
FRA,France,ISCED11_1,Primary education,CLS,Student classes,FE,"Formal education, includes formal initial and formal adult education programmes",_T,Total,_Z,Not applicable,_Z,Not applicable,A,Annual,_Z,Not applicable,_Z,Not applicable,INST_EDU_PRIV_GOV,Government dependent private educational institutions,_Z,Not applicable,ST_CL,Students per class,_T,Total,_T,Total,2020,,24.91776,,,,,,,,,,A,Normal value,,,,,2,Two,,,0,Units
FRA,France,ISCED11_1,Primary education,CLS,Student classes,FE,"Formal education, includes formal initial and formal adult education programmes",_T,Total,_Z,Not applicable,_Z,Not applicable,A,Annual,_Z,Not applicable,_Z,Not applicable,INST_EDU_PRIV_GOV,Government dependent private educational institutions,_Z,Not applicable,ST_CL,Students per class,_T,Total,_T,Total,2021,,24.56963,,,,,,,,,,A,Normal value,,,,,2,Two,,,0,Units
FRA,France,ISCED11_1,Primary education,CLS,Student classes,FE,"Formal education, includes formal initial and formal adult education programmes",_T,Total,_Z,Not applicable,_Z,Not applicable,A,Annual,_Z,Not applicable,_Z,Not applicable,INST_EDU_PRIV_GOV,Government dependent private educational institutions,_Z,Not applicable,ST_CL,Students per class,_T,Total,_T,Total,2022,,24.60205,,,,,,,,,,A,Normal value,,,,,2,Two,,,0,Units
FRA,France,ISCED11_1,Primary education,CLS,Student classes,FE,"Formal education, includes formal initial and formal adult education programmes",_T,Total,_Z,Not applicable,_Z,Not applicable,A,Annual,_Z,Not applicable,_Z,Not applicable,INST_EDU_PRIV_GOV,Government dependent private educational institutions,_Z,Not applicable,ST_CL,Students per class,_T,Total,_T,Total,2023,,24.50599,,,,,,,,,,A,Normal value,,,,,2,Two,,,0,Units
OECD,OECD,ISCED11_1,Primary education,CLS,Student classes,FE,"Formal education, includes formal initial and formal adult education programmes",_T,Total,_Z,Not applicable,_Z,Not applicable,A,Annual,_Z,Not applicable,_Z,Not applicable,INST_EDU,All educational institutions,_Z,Not applicable,ST_CL,Students per class,_T,Total,_T,Total,2013,,20.8517767857143,,,,,,,,,,A,Normal value,,,,,2,Two,,,0,Units
OECD,OECD,ISCED11_1,Primary education,CLS,Student classes,FE,"Formal education, includes formal initial and formal adult education programmes",_T,Total,_Z,Not applicable,_Z,Not applicable,A,Annual,_Z,Not applicable,_Z,Not applicable,INST_EDU,All educational institutions,_Z,Not applicable,ST_CL,Students per class,_T,Total,_T,Total,2014,,20.716381,,,,,,,,,,A,Normal value,,,,,2,Two,,,0,Units
OECD,OECD,ISCED11_1,Primary education,CLS,Student classes,FE,"Formal education, includes formal initial and formal adult education programmes",_T,Total,_Z,Not applicable,_Z,Not applicable,A,Annual,_Z,Not applicable,_Z,Not applicable,INST_EDU,All educational institutions,_Z,Not applicable,ST_CL,Students per class,_T,Total,_T,Total,2015,,20.7994977419355,,,,,,,,,,A,Normal value,,,,,2,Two,,,0,Units
OECD,OECD,ISCED11_1,Primary education,CLS,Student classes,FE,"Formal education, includes formal initial and formal adult education programmes",_T,Total,_Z,Not applicable,_Z,Not applicable,A,Annual,_Z,Not applicable,_Z,Not applicable,INST_EDU,All educational institutions,_Z,Not applicable,ST_CL,Students per class,_T,Total,_T,Total,2016,,20.9774864516129,,,,,,,,,,A,Normal value,,,,,2,Two,,,0,Units
OECD,OECD,ISCED11_1,Primary education,CLS,Student classes,FE,"Formal education, includes formal initial and formal adult education programmes",_T,Total,_Z,Not applicable,_Z,Not applicable,A,Annual,_Z,Not applicable,_Z,Not applicable,INST_EDU,All educational institutions,_Z,Not applicable,ST_CL,Students per class,_T,Total,_T,Total,2017,,20.9688935483871,,,,,,,,,,A,Normal value,,,,,2,Two,,,0,Units
OECD,OECD,ISCED11_1,Primary education,CLS,Student classes,FE,"Formal education, includes formal initial and formal adult education programmes",_T,Total,_Z,Not applicable,_Z,Not applicable,A,Annual,_Z,Not applicable,_Z,Not applicable,INST_EDU,All educational institutions,_Z,Not applicable,ST_CL,Students per class,_T,Total,_T,Total,2018,,21.110783,,,,,,,,,,A,Normal value,,,,,2,Two,,,0,Units
OECD,OECD,ISCED11_1,Primary education,CLS,Student classes,FE,"Formal education, includes formal initial and formal adult education programmes",_T,Total,_Z,Not applicable,_Z,Not applicable,A,Annual,_Z,Not applicable,_Z,Not applicable,INST_EDU,All educational institutions,_Z,Not applicable,ST_CL,Students per class,_T,Total,_T,Total,2019,,20.3940725806452,,,,,,,,,,A,Normal value,,,,,2,Two,,,0,Units
OECD,OECD,ISCED11_1,Primary education,CLS,Student classes,FE,"Formal education, includes formal initial and formal adult education programmes",_T,Total,_Z,Not applicable,_Z,Not applicable,A,Annual,_Z,Not applicable,_Z,Not applicable,INST_EDU,All educational institutions,_Z,Not applicable,ST_CL,Students per class,_T,Total,_T,Total,2020,,20.2829870967742,,,,,,,,,,A,Normal value,,,,,2,Two,,,0,Units
OECD,OECD,ISCED11_1,Primary education,CLS,Student classes,FE,"Formal education, includes formal initial and formal adult education programmes",_T,Total,_Z,Not applicable,_Z,Not applicable,A,Annual,_Z,Not applicable,_Z,Not applicable,INST_EDU,All educational institutions,_Z,Not applicable,ST_CL,Students per class,_T,Total,_T,Total,2021,,19.93032875,,,,,,,,,,A,Normal value,,,,,2,Two,,,0,Units
OECD,OECD,ISCED11_1,Primary education,CLS,Student classes,FE,"Formal education, includes formal initial and formal adult education programmes",_T,Total,_Z,Not applicable,_Z,Not applicable,A,Annual,_Z,Not applicable,_Z,Not applicable,INST_EDU,All educational institutions,_Z,Not applicable,ST_CL,Students per class,_T,Total,_T,Total,2022,,19.9232828125,,,,,,,,,,A,Normal value,,,,,2,Two,,,0,Units
OECD,OECD,ISCED11_1,Primary education,CLS,Student classes,FE,"Formal education, includes formal initial and formal adult education programmes",_T,Total,_Z,Not applicable,_Z,Not applicable,A,Annual,_Z,Not applicable,_Z,Not applicable,INST_EDU,All educational institutions,_Z,Not applicable,ST_CL,Students per class,_T,Total,_T,Total,2023,,19.9834978787879,,,,,,,,,,A,Normal value,,,,,2,Two,,,0,Units
FIN,Finland,ISCED11_1,Primary education,CLS,Student classes,FE,"Formal education, includes formal initial and formal adult education programmes",_T,Total,_Z,Not applicable,_Z,Not applicable,A,Annual,_Z,Not applicable,_Z,Not applicable,INST_EDU_PRIV,Private educational institutions,_Z,Not applicable,ST_CL,Students per class,_T,Total,_T,Total,2013,,17.39759,,,,,,,,,,A,Normal value,,,,,2,Two,,,0,Units
FIN,Finland,ISCED11_1,Primary education,CLS,Student classes,FE,"Formal education, includes formal initial and formal adult education programmes",_T,Total,_Z,Not applicable,_Z,Not applicable,A,Annual,_Z,Not applicable,_Z,Not applicable,INST_EDU_PRIV,Private educational institutions,_Z,Not applicable,ST_CL,Students per class,_T,Total,_T,Total,2014,,17.40294,,,,,,,,,,A,Normal value,,,,,2,Two,,,0,Units
FIN,Finland,ISCED11_1,Primary education,CLS,Student classes,FE,"Formal education, includes formal initial and formal adult education programmes",_T,Total,_Z,Not applicable,_Z,Not applicable,A,Annual,_Z,Not applicable,_Z,Not applicable,INST_EDU_PRIV,Private educational institutions,_Z,Not applicable,ST_CL,Students per class,_T,Total,_T,Total,2015,,17.35549,,,,,,,,,,A,Normal value,,,,,2,Two,,,0,Units
FIN,Finland,ISCED11_1,Primary education,CLS,Student classes,FE,"Formal education, includes formal initial and formal adult education programmes",_T,Total,_Z,Not applicable,_Z,Not applicable,A,Annual,_Z,Not applicable,_Z,Not applicable,INST_EDU_PRIV,Private educational institutions,_Z,Not applicable,ST_CL,Students per class,_T,Total,_T,Total,2016,,18.47239,,,,,,,,,,A,Normal value,,,,,2,Two,,,0,Units
FIN,Finland,ISCED11_1,Primary education,CLS,Student classes,FE,"Formal education, includes formal initial and formal adult education programmes",_T,Total,_Z,Not applicable,_Z,Not applicable,A,Annual,_Z,Not applicable,_Z,Not applicable,INST_EDU_PRIV,Private educational institutions,_Z,Not applicable,ST_CL,Students per class,_T,Total,_T,Total,2017,,18.47531,,,,,,,,,,A,Normal value,,,,,2,Two,,,0,Units
FIN,Finland,ISCED11_1,Primary education,CLS,Student classes,FE,"Formal education, includes formal initial and formal adult education programmes",_T,Total,_Z,Not applicable,_Z,Not applicable,A,Annual,_Z,Not applicable,_Z,Not applicable,INST_EDU_PRIV,Private educational institutions,_Z,Not applicable,ST_CL,Students per class,_T,Total,_T,Total,2018,,18.45539,,,,,,,,,,A,Normal value,,,,,2,Two,,,0,Units
FIN,Finland,ISCED11_1,Primary education,CLS,Student classes,FE,"Formal education, includes formal initial and formal adult education programmes",_T,Total,_Z,Not applicable,_Z,Not applicable,A,Annual,_Z,Not applicable,_Z,Not applicable,INST_EDU_PRIV,Private educational institutions,_Z,Not applicable,ST_CL,Students per class,_T,Total,_T,Total,2019,,18.4321,,,,,,,,,,A,Normal value,,,,,2,Two,,,0,Units
FIN,Finland,ISCED11_1,Primary education,CLS,Student classes,FE,"Formal education, includes formal initial and formal adult education programmes",_T,Total,_Z,Not applicable,_Z,Not applicable,A,Annual,_Z,Not applicable,_Z,Not applicable,INST_EDU_PRIV,Private educational institutions,_Z,Not applicable,ST_CL,Students per class,_T,Total,_T,Total,2020,,17.89826,,,,,,,,,,A,Normal value,,,,,2,Two,,,0,Units
FIN,Finland,ISCED11_1,Primary education,CLS,Student classes,FE,"Formal education, includes formal initial and formal adult education programmes",_T,Total,_Z,Not applicable,_Z,Not applicable,A,Annual,_Z,Not applicable,_Z,Not applicable,INST_EDU_PRIV,Private educational institutions,_Z,Not applicable,ST_CL,Students per class,_T,Total,_T,Total,2021,,17.89429,,,,,,,,,,A,Normal value,,,,,2,Two,,,0,Units
FIN,Finland,ISCED11_1,Primary education,CLS,Student classes,FE,"Formal education, includes formal initial and formal adult education programmes",_T,Total,_Z,Not applicable,_Z,Not applicable,A,Annual,_Z,Not applicable,_Z,Not applicable,INST_EDU_PRIV,Private educational institutions,_Z,Not applicable,ST_CL,Students per class,_T,Total,_T,Total,2022,,17.9375,,,,,,,,,,A,Normal value,,,,,2,Two,,,0,Units
FIN,Finland,ISCED11_1,Primary education,CLS,Student classes,FE,"Formal education, includes formal initial and formal adult education programmes",_T,Total,_Z,Not applicable,_Z,Not applicable,A,Annual,_Z,Not applicable,_Z,Not applicable,INST_EDU_PRIV,Private educational institutions,_Z,Not applicable,ST_CL,Students per class,_T,Total,_T,Total,2023,,17.91813,,,,,,,,,,A,Normal value,,,,,2,Two,,,0,Units
FIN,Finland,ISCED11_1,Primary education,CLS,Student classes,FE,"Formal education, includes formal initial and formal adult education programmes",_T,Total,_Z,Not applicable,_Z,Not applicable,A,Annual,_Z,Not applicable,_Z,Not applicable,INST_EDU_PRIV,Private educational institutions,_Z,Not applicable,ST_CL,Students per class,_T,Total,_T,Total,2024,,17.93466,,,,,,,,,,A,Normal value,,,,,2,Two,,,0,Units
SWE,Sweden,ISCED11_1,Primary education,CLS,Student classes,FE,"Formal education, includes formal initial and formal adult education programmes",_T,Total,_Z,Not applicable,_Z,Not applicable,A,Annual,_Z,Not applicable,_Z,Not applicable,INST_EDU,All educational institutions,_Z,Not applicable,ST_CL,Students per class,_T,Total,_T,Total,2013,,,,,,,,,,,,O,Missing value,,,,,2,Two,,,0,Units
SWE,Sweden,ISCED11_1,Primary education,CLS,Student classes,FE,"Formal education, includes formal initial and formal adult education programmes",_T,Total,_Z,Not applicable,_Z,Not applicable,A,Annual,_Z,Not applicable,_Z,Not applicable,INST_EDU,All educational institutions,_Z,Not applicable,ST_CL,Students per class,_T,Total,_T,Total,2014,,18.19101,,,,,,,,,,A,Normal value,,,,,2,Two,,,0,Units
SWE,Sweden,ISCED11_1,Primary education,CLS,Student classes,FE,"Formal education, includes formal initial and formal adult education programmes",_T,Total,_Z,Not applicable,_Z,Not applicable,A,Annual,_Z,Not applicable,_Z,Not applicable,INST_EDU,All educational institutions,_Z,Not applicable,ST_CL,Students per class,_T,Total,_T,Total,2015,,18.82436,,,,,,,,,,A,Normal value,,,,,2,Two,,,0,Units
SWE,Sweden,ISCED11_1,Primary education,CLS,Student classes,FE,"Formal education, includes formal initial and formal adult education programmes",_T,Total,_Z,Not applicable,_Z,Not applicable,A,Annual,_Z,Not applicable,_Z,Not applicable,INST_EDU,All educational institutions,_Z,Not applicable,ST_CL,Students per class,_T,Total,_T,Total,2016,,19.04019,,,,,,,,,,A,Normal value,,,,,2,Two,,,0,Units
SWE,Sweden,ISCED11_1,Primary education,CLS,Student classes,FE,"Formal education, includes formal initial and formal adult education programmes",_T,Total,_Z,Not applicable,_Z,Not applicable,A,Annual,_Z,Not applicable,_Z,Not applicable,INST_EDU,All educational institutions,_Z,Not applicable,ST_CL,Students per class,_T,Total,_T,Total,2017,,19.4507,,,,,,,,,,A,Normal value,,,,,2,Two,,,0,Units
SWE,Sweden,ISCED11_1,Primary education,CLS,Student classes,FE,"Formal education, includes formal initial and formal adult education programmes",_T,Total,_Z,Not applicable,_Z,Not applicable,A,Annual,_Z,Not applicable,_Z,Not applicable,INST_EDU,All educational institutions,_Z,Not applicable,ST_CL,Students per class,_T,Total,_T,Total,2018,,19.8557,,,,,,,,,,A,Normal value,,,,,2,Two,,,0,Units
SWE,Sweden,ISCED11_1,Primary education,CLS,Student classes,FE,"Formal education, includes formal initial and formal adult education programmes",_T,Total,_Z,Not applicable,_Z,Not applicable,A,Annual,_Z,Not applicable,_Z,Not applicable,INST_EDU,All educational institutions,_Z,Not applicable,ST_CL,Students per class,_T,Total,_T,Total,2019,,20.08145,,,,,,,,,,A,Normal value,,,,,2,Two,,,0,Units
SWE,Sweden,ISCED11_1,Primary education,CLS,Student classes,FE,"Formal education, includes formal initial and formal adult education programmes",_T,Total,_Z,Not applicable,_Z,Not applicable,A,Annual,_Z,Not applicable,_Z,Not applicable,INST_EDU,All educational institutions,_Z,Not applicable,ST_CL,Students per class,_T,Total,_T,Total,2020,,20.42827,,,,,,,,,,A,Normal value,,,,,2,Two,,,0,Units
SWE,Sweden,ISCED11_1,Primary education,CLS,Student classes,FE,"Formal education, includes formal initial and formal adult education programmes",_T,Total,_Z,Not applicable,_Z,Not applicable,A,Annual,_Z,Not applicable,_Z,Not applicable,INST_EDU,All educational institutions,_Z,Not applicable,ST_CL,Students per class,_T,Total,_T,Total,2021,,20.64818,,,,,,,,,,A,Normal value,,,,,2,Two,,,0,Units
SWE,Sweden,ISCED11_1,Primary education,CLS,Student classes,FE,"Formal education, includes formal initial and formal adult education programmes",_T,Total,_Z,Not applicable,_Z,Not applicable,A,Annual,_Z,Not applicable,_Z,Not applicable,INST_EDU,All educational institutions,_Z,Not applicable,ST_CL,Students per class,_T,Total,_T,Total,2022,,20.62035,,,,,,,,,,A,Normal value,,,,,2,Two,,,0,Units
SWE,Sweden,ISCED11_1,Primary education,CLS,Student classes,FE,"Formal education, includes formal initial and formal adult education programmes",_T,Total,_Z,Not applicable,_Z,Not applicable,A,Annual,_Z,Not applicable,_Z,Not applicable,INST_EDU,All educational institutions,_Z,Not applicable,ST_CL,Students per class,_T,Total,_T,Total,2023,,20.45973,,,,,,,,,,A,Normal value,,,,,2,Two,,,0,Units
SWE,Sweden,ISCED11_1,Primary education,CLS,Student classes,FE,"Formal education, includes formal initial and formal adult education programmes",_T,Total,_Z,Not applicable,_Z,Not applicable,A,Annual,_Z,Not applicable,_Z,Not applicable,INST_EDU,All educational institutions,_Z,Not applicable,ST_CL,Students per class,_T,Total,_T,Total,2024,,20.38183,,,,,,,,,,A,Normal value,,,,,2,Two,,,0,Units
OECD,OECD,ISCED11_2,Lower secondary education,CLS,Student classes,FE,"Formal education, includes formal initial and formal adult education programmes",_T,Total,_Z,Not applicable,_Z,Not applicable,A,Annual,_Z,Not applicable,_Z,Not applicable,INST_EDU,All educational institutions,_Z,Not applicable,ST_CL,Students per class,_T,Total,_T,Total,2013,,23.3941896428571,,,,,,,,,,A,Normal value,,,,,2,Two,,,0,Units
OECD,OECD,ISCED11_2,Lower secondary education,CLS,Student classes,FE,"Formal education, includes formal initial and formal adult education programmes",_T,Total,_Z,Not applicable,_Z,Not applicable,A,Annual,_Z,Not applicable,_Z,Not applicable,INST_EDU,All educational institutions,_Z,Not applicable,ST_CL,Students per class,_T,Total,_T,Total,2014,,23.01316,,,,,,,,,,A,Normal value,,,,,2,Two,,,0,Units
OECD,OECD,ISCED11_2,Lower secondary education,CLS,Student classes,FE,"Formal education, includes formal initial and formal adult education programmes",_T,Total,_Z,Not applicable,_Z,Not applicable,A,Annual,_Z,Not applicable,_Z,Not applicable,INST_EDU,All educational institutions,_Z,Not applicable,ST_CL,Students per class,_T,Total,_T,Total,2015,,23.0977335483871,,,,,,,,,,A,Normal value,,,,,2,Two,,,0,Units
OECD,OECD,ISCED11_2,Lower secondary education,CLS,Student classes,FE,"Formal education, includes formal initial and formal adult education programmes",_T,Total,_Z,Not applicable,_Z,Not applicable,A,Annual,_Z,Not applicable,_Z,Not applicable,INST_EDU,All educational institutions,_Z,Not applicable,ST_CL,Students per class,_T,Total,_T,Total,2016,,23.202115483871,,,,,,,,,,A,Normal value,,,,,2,Two,,,0,Units
OECD,OECD,ISCED11_2,Lower secondary education,CLS,Student classes,FE,"Formal education, includes formal initial and formal adult education programmes",_T,Total,_Z,Not applicable,_Z,Not applicable,A,Annual,_Z,Not applicable,_Z,Not applicable,INST_EDU,All educational institutions,_Z,Not applicable,ST_CL,Students per class,_T,Total,_T,Total,2017,,23.2439870967742,,,,,,,,,,A,Normal value,,,,,2,Two,,,0,Units
OECD,OECD,ISCED11_2,Lower secondary education,CLS,Student classes,FE,"Formal education, includes formal initial and formal adult education programmes",_T,Total,_Z,Not applicable,_Z,Not applicable,A,Annual,_Z,Not applicable,_Z,Not applicable,INST_EDU,All educational institutions,_Z,Not applicable,ST_CL,Students per class,_T,Total,_T,Total,2018,,23.2959843333333,,,,,,,,,,A,Normal value,,,,,2,Two,,,0,Units
OECD,OECD,ISCED11_2,Lower secondary education,CLS,Student classes,FE,"Formal education, includes formal initial and formal adult education programmes",_T,Total,_Z,Not applicable,_Z,Not applicable,A,Annual,_Z,Not applicable,_Z,Not applicable,INST_EDU,All educational institutions,_Z,Not applicable,ST_CL,Students per class,_T,Total,_T,Total,2019,,22.5045464516129,,,,,,,,,,A,Normal value,,,,,2,Two,,,0,Units
OECD,OECD,ISCED11_2,Lower secondary education,CLS,Student classes,FE,"Formal education, includes formal initial and formal adult education programmes",_T,Total,_Z,Not applicable,_Z,Not applicable,A,Annual,_Z,Not applicable,_Z,Not applicable,INST_EDU,All educational institutions,_Z,Not applicable,ST_CL,Students per class,_T,Total,_T,Total,2020,,22.5742938709677,,,,,,,,,,A,Normal value,,,,,2,Two,,,0,Units
OECD,OECD,ISCED11_2,Lower secondary education,CLS,Student classes,FE,"Formal education, includes formal initial and formal adult education programmes",_T,Total,_Z,Not applicable,_Z,Not applicable,A,Annual,_Z,Not applicable,_Z,Not applicable,INST_EDU,All educational institutions,_Z,Not applicable,ST_CL,Students per class,_T,Total,_T,Total,2021,,22.253310625,,,,,,,,,,A,Normal value,,,,,2,Two,,,0,Units
OECD,OECD,ISCED11_2,Lower secondary education,CLS,Student classes,FE,"Formal education, includes formal initial and formal adult education programmes",_T,Total,_Z,Not applicable,_Z,Not applicable,A,Annual,_Z,Not applicable,_Z,Not applicable,INST_EDU,All educational institutions,_Z,Not applicable,ST_CL,Students per class,_T,Total,_T,Total,2022,,22.0850859375,,,,,,,,,,A,Normal value,,,,,2,Two,,,0,Units
OECD,OECD,ISCED11_2,Lower secondary education,CLS,Student classes,FE,"Formal education, includes formal initial and formal adult education programmes",_T,Total,_Z,Not applicable,_Z,Not applicable,A,Annual,_Z,Not applicable,_Z,Not applicable,INST_EDU,All educational institutions,_Z,Not applicable,ST_CL,Students per class,_T,Total,_T,Total,2023,,22.2400340625,,,,,,,,,,A,Normal value,,,,,2,Two,,,0,Units
OECD,OECD,ISCED11_2,Lower secondary education,CLS,Student classes,FE,"Formal education, includes formal initial and formal adult education programmes",_T,Total,_Z,Not applicable,_Z,Not applicable,A,Annual,_Z,Not applicable,_Z,Not applicable,INST_EDU_PRIV_IND,Independent private educational institutions,_Z,Not applicable,ST_CL,Students per class,_T,Total,_T,Total,2013,,20.0851955625,,,,,,,,,,A,Normal value,,,,,2,Two,,,0,Units
OECD,OECD,ISCED11_2,Lower secondary education,CLS,Student classes,FE,"Formal education, includes formal initial and formal adult education programmes",_T,Total,_Z,Not applicable,_Z,Not applicable,A,Annual,_Z,Not applicable,_Z,Not applicable,INST_EDU_PRIV_IND,Independent private educational institutions,_Z,Not applicable,ST_CL,Students per class,_T,Total,_T,Total,2014,,19.61243,,,,,,,,,,A,Normal value,,,,,2,Two,,,0,Units
OECD,OECD,ISCED11_2,Lower secondary education,CLS,Student classes,FE,"Formal education, includes formal initial and formal adult education programmes",_T,Total,_Z,Not applicable,_Z,Not applicable,A,Annual,_Z,Not applicable,_Z,Not applicable,INST_EDU_PRIV_IND,Independent private educational institutions,_Z,Not applicable,ST_CL,Students per class,_T,Total,_T,Total,2015,,19.7552358823529,,,,,,,,,,A,Normal value,,,,,2,Two,,,0,Units
OECD,OECD,ISCED11_2,Lower secondary education,CLS,Student classes,FE,"Formal education, includes formal initial and formal adult education programmes",_T,Total,_Z,Not applicable,_Z,Not applicable,A,Annual,_Z,Not applicable,_Z,Not applicable,INST_EDU_PRIV_IND,Independent private educational institutions,_Z,Not applicable,ST_CL,Students per class,_T,Total,_T,Total,2016,,19.0613329411765,,,,,,,,,,A,Normal value,,,,,2,Two,,,0,Units
OECD,OECD,ISCED11_2,Lower secondary education,CLS,Student classes,FE,"Formal education, includes formal initial and formal adult education programmes",_T,Total,_Z,Not applicable,_Z,Not applicable,A,Annual,_Z,Not applicable,_Z,Not applicable,INST_EDU_PRIV_IND,Independent private educational institutions,_Z,Not applicable,ST_CL,Students per class,_T,Total,_T,Total,2017,,19.26631,,,,,,,,,,A,Normal value,,,,,2,Two,,,0,Units
OECD,OECD,ISCED11_2,Lower secondary education,CLS,Student classes,FE,"Formal education, includes formal initial and formal adult education programmes",_T,Total,_Z,Not applicable,_Z,Not applicable,A,Annual,_Z,Not applicable,_Z,Not applicable,INST_EDU_PRIV_IND,Independent private educational institutions,_Z,Not applicable,ST_CL,Students per class,_T,Total,_T,Total,2018,,19.1710544444444,,,,,,,,,,A,Normal value,,,,,2,Two,,,0,Units
OECD,OECD,ISCED11_2,Lower secondary education,CLS,Student classes,FE,"Formal education, includes formal initial and formal adult education programmes",_T,Total,_Z,Not applicable,_Z,Not applicable,A,Annual,_Z,Not applicable,_Z,Not applicable,INST_EDU_PRIV_IND,Independent private educational institutions,_Z,Not applicable,ST_CL,Students per class,_T,Total,_T,Total,2019,,17.9780373684211,,,,,,,,,,A,Normal value,,,,,2,Two,,,0,Units
OECD,OECD,ISCED11_2,Lower secondary education,CLS,Student classes,FE,"Formal education, includes formal initial and formal adult education programmes",_T,Total,_Z,Not applicable,_Z,Not applicable,A,Annual,_Z,Not applicable,_Z,Not applicable,INST_EDU_PRIV_IND,Independent private educational institutions,_Z,Not applicable,ST_CL,Students per class,_T,Total,_T,Total,2020,,18.6625688235294,,,,,,,,,,A,Normal value,,,,,2,Two,,,0,Units
OECD,OECD,ISCED11_2,Lower secondary education,CLS,Student classes,FE,"Formal education, includes formal initial and formal adult education programmes",_T,Total,_Z,Not applicable,_Z,Not applicable,A,Annual,_Z,Not applicable,_Z,Not applicable,INST_EDU_PRIV_IND,Independent private educational institutions,_Z,Not applicable,ST_CL,Students per class,_T,Total,_T,Total,2021,,18.40607,,,,,,,,,,A,Normal value,,,,,2,Two,,,0,Units
OECD,OECD,ISCED11_2,Lower secondary education,CLS,Student classes,FE,"Formal education, includes formal initial and formal adult education programmes",_T,Total,_Z,Not applicable,_Z,Not applicable,A,Annual,_Z,Not applicable,_Z,Not applicable,INST_EDU_PRIV_IND,Independent private educational institutions,_Z,Not applicable,ST_CL,Students per class,_T,Total,_T,Total,2022,,19.1567010526316,,,,,,,,,,A,Normal value,,,,,2,Two,,,0,Units
OECD,OECD,ISCED11_2,Lower secondary education,CLS,Student classes,FE,"Formal education, includes formal initial and formal adult education programmes",_T,Total,_Z,Not applicable,_Z,Not applicable,A,Annual,_Z,Not applicable,_Z,Not applicable,INST_EDU_PRIV_IND,Independent private educational institutions,_Z,Not applicable,ST_CL,Students per class,_T,Total,_T,Total,2023,,19.2773555555556,,,,,,,,,,A,Normal value,,,,,2,Two,,,0,Units
DEU,Germany,ISCED11_2,Lower secondary education,CLS,Student classes,FE,"Formal education, includes formal initial and formal adult education programmes",_T,Total,_Z,Not applicable,_Z,Not applicable,A,Annual,_Z,Not applicable,_Z,Not applicable,INST_EDU_PRIV_GOV,Government dependent private educational institutions,_Z,Not applicable,ST_CL,Students per class,_T,Total,_T,Total,2013,,,,,,,,,,,,K,Data included in another category,,,,,2,Two,,,0,Units
DEU,Germany,ISCED11_2,Lower secondary education,CLS,Student classes,FE,"Formal education, includes formal initial and formal adult education programmes",_T,Total,_Z,Not applicable,_Z,Not applicable,A,Annual,_Z,Not applicable,_Z,Not applicable,INST_EDU_PRIV_GOV,Government dependent private educational institutions,_Z,Not applicable,ST_CL,Students per class,_T,Total,_T,Total,2014,,,,,,,,,,,,K,Data included in another category,,,,,2,Two,,,0,Units
DEU,Germany,ISCED11_2,Lower secondary education,CLS,Student classes,FE,"Formal education, includes formal initial and formal adult education programmes",_T,Total,_Z,Not applicable,_Z,Not applicable,A,Annual,_Z,Not applicable,_Z,Not applicable,INST_EDU_PRIV_GOV,Government dependent private educational institutions,_Z,Not applicable,ST_CL,Students per class,_T,Total,_T,Total,2015,,,,,,,,,,,,K,Data included in another category,,,,,2,Two,,,0,Units
DEU,Germany,ISCED11_2,Lower secondary education,CLS,Student classes,FE,"Formal education, includes formal initial and formal adult education programmes",_T,Total,_Z,Not applicable,_Z,Not applicable,A,Annual,_Z,Not applicable,_Z,Not applicable,INST_EDU_PRIV_GOV,Government dependent private educational institutions,_Z,Not applicable,ST_CL,Students per class,_T,Total,_T,Total,2016,,,,,,,,,,,,K,Data included in another category,,,,,2,Two,,,0,Units
DEU,Germany,ISCED11_2,Lower secondary education,CLS,Student classes,FE,"Formal education, includes formal initial and formal adult education programmes",_T,Total,_Z,Not applicable,_Z,Not applicable,A,Annual,_Z,Not applicable,_Z,Not applicable,INST_EDU_PRIV_GOV,Government dependent private educational institutions,_Z,Not applicable,ST_CL,Students per class,_T,Total,_T,Total,2017,,,,,,,,,,,,K,Data included in another category,,,,,2,Two,,,0,Units
DEU,Germany,ISCED11_2,Lower secondary education,CLS,Student classes,FE,"Formal education, includes formal initial and formal adult education programmes",_T,Total,_Z,Not applicable,_Z,Not applicable,A,Annual,_Z,Not applicable,_Z,Not applicable,INST_EDU_PRIV_GOV,Government dependent private educational institutions,_Z,Not applicable,ST_CL,Students per class,_T,Total,_T,Total,2018,,,,,,,,,,,,K,Data included in another category,,,,,2,Two,,,0,Units
DEU,Germany,ISCED11_2,Lower secondary education,CLS,Student classes,FE,"Formal education, includes formal initial and formal adult education programmes",_T,Total,_Z,Not applicable,_Z,Not applicable,A,Annual,_Z,Not applicable,_Z,Not applicable,INST_EDU_PRIV_GOV,Government dependent private educational institutions,_Z,Not applicable,ST_CL,Students per class,_T,Total,_T,Total,2019,,,,,,,,,,,,K,Data included in another category,,,,,2,Two,,,0,Units
DEU,Germany,ISCED11_2,Lower secondary education,CLS,Student classes,FE,"Formal education, includes formal initial and formal adult education programmes",_T,Total,_Z,Not applicable,_Z,Not applicable,A,Annual,_Z,Not applicable,_Z,Not applicable,INST_EDU_PRIV_GOV,Government dependent private educational institutions,_Z,Not applicable,ST_CL,Students per class,_T,Total,_T,Total,2020,,,,,,,,,,,,K,Data included in another category,,,,,2,Two,,,0,Units
DEU,Germany,ISCED11_2,Lower secondary education,CLS,Student classes,FE,"Formal education, includes formal initial and formal adult education programmes",_T,Total,_Z,Not applicable,_Z,Not applicable,A,Annual,_Z,Not applicable,_Z,Not applicable,INST_EDU_PRIV_GOV,Government dependent private educational institutions,_Z,Not applicable,ST_CL,Students per class,_T,Total,_T,Total,2021,,,,,,,,,,,,K,Data included in another category,,,,,2,Two,,,0,Units
DEU,Germany,ISCED11_2,Lower secondary education,CLS,Student classes,FE,"Formal education, includes formal initial and formal adult education programmes",_T,Total,_Z,Not applicable,_Z,Not applicable,A,Annual,_Z,Not applicable,_Z,Not applicable,INST_EDU_PRIV_GOV,Government dependent private educational institutions,_Z,Not applicable,ST_CL,Students per class,_T,Total,_T,Total,2022,,,,,,,,,,,,K,Data included in another category,,,,,2,Two,,,0,Units
DEU,Germany,ISCED11_2,Lower secondary education,CLS,Student classes,FE,"Formal education, includes formal initial and formal adult education programmes",_T,Total,_Z,Not applicable,_Z,Not applicable,A,Annual,_Z,Not applicable,_Z,Not applicable,INST_EDU_PRIV_GOV,Government dependent private educational institutions,_Z,Not applicable,ST_CL,Students per class,_T,Total,_T,Total,2023,,,,,,,,,,,,K,Data included in another category,,,,,2,Two,,,0,Units
DEU,Germany,ISCED11_2,Lower secondary education,CLS,Student classes,FE,"Formal education, includes formal initial and formal adult education programmes",_T,Total,_Z,Not applicable,_Z,Not applicable,A,Annual,_Z,Not applicable,_Z,Not applicable,INST_EDU_PRIV_GOV,Government dependent private educational institutions,_Z,Not applicable,ST_CL,Students per class,_T,Total,_T,Total,2024,,,,,,,,,,,,K,Data included in another category,,,,,2,Two,,,0,Units
SWE,Sweden,ISCED11_1,Primary education,CLS,Student classes,FE,"Formal education, includes formal initial and formal adult education programmes",_T,Total,_Z,Not applicable,_Z,Not applicable,A,Annual,_Z,Not applicable,_Z,Not applicable,INST_EDU_PRIV,Private educational institutions,_Z,Not applicable,ST_CL,Students per class,_T,Total,_T,Total,2013,,,,,,,,,,,,O,Missing value,,,,,2,Two,,,0,Units
SWE,Sweden,ISCED11_1,Primary education,CLS,Student classes,FE,"Formal education, includes formal initial and formal adult education programmes",_T,Total,_Z,Not applicable,_Z,Not applicable,A,Annual,_Z,Not applicable,_Z,Not applicable,INST_EDU_PRIV,Private educational institutions,_Z,Not applicable,ST_CL,Students per class,_T,Total,_T,Total,2014,,16.06537,,,,,,,,,,A,Normal value,,,,,2,Two,,,0,Units
SWE,Sweden,ISCED11_1,Primary education,CLS,Student classes,FE,"Formal education, includes formal initial and formal adult education programmes",_T,Total,_Z,Not applicable,_Z,Not applicable,A,Annual,_Z,Not applicable,_Z,Not applicable,INST_EDU_PRIV,Private educational institutions,_Z,Not applicable,ST_CL,Students per class,_T,Total,_T,Total,2015,,17.27545,,,,,,,,,,A,Normal value,,,,,2,Two,,,0,Units
SWE,Sweden,ISCED11_1,Primary education,CLS,Student classes,FE,"Formal education, includes formal initial and formal adult education programmes",_T,Total,_Z,Not applicable,_Z,Not applicable,A,Annual,_Z,Not applicable,_Z,Not applicable,INST_EDU_PRIV,Private educational institutions,_Z,Not applicable,ST_CL,Students per class,_T,Total,_T,Total,2016,,17.65296,,,,,,,,,,A,Normal value,,,,,2,Two,,,0,Units
SWE,Sweden,ISCED11_1,Primary education,CLS,Student classes,FE,"Formal education, includes formal initial and formal adult education programmes",_T,Total,_Z,Not applicable,_Z,Not applicable,A,Annual,_Z,Not applicable,_Z,Not applicable,INST_EDU_PRIV,Private educational institutions,_Z,Not applicable,ST_CL,Students per class,_T,Total,_T,Total,2017,,18.38446,,,,,,,,,,A,Normal value,,,,,2,Two,,,0,Units
SWE,Sweden,ISCED11_1,Primary education,CLS,Student classes,FE,"Formal education, includes formal initial and formal adult education programmes",_T,Total,_Z,Not applicable,_Z,Not applicable,A,Annual,_Z,Not applicable,_Z,Not applicable,INST_EDU_PRIV,Private educational institutions,_Z,Not applicable,ST_CL,Students per class,_T,Total,_T,Total,2018,,18.10487,,,,,,,,,,A,Normal value,,,,,2,Two,,,0,Units
SWE,Sweden,ISCED11_1,Primary education,CLS,Student classes,FE,"Formal education, includes formal initial and formal adult education programmes",_T,Total,_Z,Not applicable,_Z,Not applicable,A,Annual,_Z,Not applicable,_Z,Not applicable,INST_EDU_PRIV,Private educational institutions,_Z,Not applicable,ST_CL,Students per class,_T,Total,_T,Total,2019,,18.438,,,,,,,,,,A,Normal value,,,,,2,Two,,,0,Units
SWE,Sweden,ISCED11_1,Primary education,CLS,Student classes,FE,"Formal education, includes formal initial and formal adult education programmes",_T,Total,_Z,Not applicable,_Z,Not applicable,A,Annual,_Z,Not applicable,_Z,Not applicable,INST_EDU_PRIV,Private educational institutions,_Z,Not applicable,ST_CL,Students per class,_T,Total,_T,Total,2020,,19.14613,,,,,,,,,,A,Normal value,,,,,2,Two,,,0,Units
SWE,Sweden,ISCED11_1,Primary education,CLS,Student classes,FE,"Formal education, includes formal initial and formal adult education programmes",_T,Total,_Z,Not applicable,_Z,Not applicable,A,Annual,_Z,Not applicable,_Z,Not applicable,INST_EDU_PRIV,Private educational institutions,_Z,Not applicable,ST_CL,Students per class,_T,Total,_T,Total,2021,,19.23171,,,,,,,,,,A,Normal value,,,,,2,Two,,,0,Units
SWE,Sweden,ISCED11_1,Primary education,CLS,Student classes,FE,"Formal education, includes formal initial and formal adult education programmes",_T,Total,_Z,Not applicable,_Z,Not applicable,A,Annual,_Z,Not applicable,_Z,Not applicable,INST_EDU_PRIV,Private educational institutions,_Z,Not applicable,ST_CL,Students per class,_T,Total,_T,Total,2022,,19.19375,,,,,,,,,,A,Normal value,,,,,2,Two,,,0,Units
SWE,Sweden,ISCED11_1,Primary education,CLS,Student classes,FE,"Formal education, includes formal initial and formal adult education programmes",_T,Total,_Z,Not applicable,_Z,Not applicable,A,Annual,_Z,Not applicable,_Z,Not applicable,INST_EDU_PRIV,Private educational institutions,_Z,Not applicable,ST_CL,Students per class,_T,Total,_T,Total,2023,,18.98818,,,,,,,,,,A,Normal value,,,,,2,Two,,,0,Units
SWE,Sweden,ISCED11_1,Primary education,CLS,Student classes,FE,"Formal education, includes formal initial and formal adult education programmes",_T,Total,_Z,Not applicable,_Z,Not applicable,A,Annual,_Z,Not applicable,_Z,Not applicable,INST_EDU_PRIV,Private educational institutions,_Z,Not applicable,ST_CL,Students per class,_T,Total,_T,Total,2024,,18.86497,,,,,,,,,,A,Normal value,,,,,2,Two,,,0,Units
NLD,Netherlands,ISCED11_2,Lower secondary education,CLS,Student classes,FE,"Formal education, includes formal initial and formal adult education programmes",_T,Total,_Z,Not applicable,_Z,Not applicable,A,Annual,_Z,Not applicable,_Z,Not applicable,INST_EDU,All educational institutions,_Z,Not applicable,ST_CL,Students per class,_T,Total,_T,Total,2013,,,,,,,,,,,,O,Missing value,,,,,2,Two,,,0,Units
NLD,Netherlands,ISCED11_2,Lower secondary education,CLS,Student classes,FE,"Formal education, includes formal initial and formal adult education programmes",_T,Total,_Z,Not applicable,_Z,Not applicable,A,Annual,_Z,Not applicable,_Z,Not applicable,INST_EDU,All educational institutions,_Z,Not applicable,ST_CL,Students per class,_T,Total,_T,Total,2014,,,,,,,,,,,,O,Missing value,,,,,2,Two,,,0,Units
NLD,Netherlands,ISCED11_2,Lower secondary education,CLS,Student classes,FE,"Formal education, includes formal initial and formal adult education programmes",_T,Total,_Z,Not applicable,_Z,Not applicable,A,Annual,_Z,Not applicable,_Z,Not applicable,INST_EDU,All educational institutions,_Z,Not applicable,ST_CL,Students per class,_T,Total,_T,Total,2015,,,,,,,,,,,,M,Missing value; data cannot exist,,,,,2,Two,,,0,Units
NLD,Netherlands,ISCED11_2,Lower secondary education,CLS,Student classes,FE,"Formal education, includes formal initial and formal adult education programmes",_T,Total,_Z,Not applicable,_Z,Not applicable,A,Annual,_Z,Not applicable,_Z,Not applicable,INST_EDU,All educational institutions,_Z,Not applicable,ST_CL,Students per class,_T,Total,_T,Total,2016,,,,,,,,,,,,O,Missing value,,,,,2,Two,,,0,Units
NLD,Netherlands,ISCED11_2,Lower secondary education,CLS,Student classes,FE,"Formal education, includes formal initial and formal adult education programmes",_T,Total,_Z,Not applicable,_Z,Not applicable,A,Annual,_Z,Not applicable,_Z,Not applicable,INST_EDU,All educational institutions,_Z,Not applicable,ST_CL,Students per class,_T,Total,_T,Total,2017,,,,,,,,,,,,O,Missing value,,,,,2,Two,,,0,Units
NLD,Netherlands,ISCED11_2,Lower secondary education,CLS,Student classes,FE,"Formal education, includes formal initial and formal adult education programmes",_T,Total,_Z,Not applicable,_Z,Not applicable,A,Annual,_Z,Not applicable,_Z,Not applicable,INST_EDU,All educational institutions,_Z,Not applicable,ST_CL,Students per class,_T,Total,_T,Total,2018,,,,,,,,,,,,O,Missing value,,,,,2,Two,,,0,Units
NLD,Netherlands,ISCED11_2,Lower secondary education,CLS,Student classes,FE,"Formal education, includes formal initial and formal adult education programmes",_T,Total,_Z,Not applicable,_Z,Not applicable,A,Annual,_Z,Not applicable,_Z,Not applicable,INST_EDU,All educational institutions,_Z,Not applicable,ST_CL,Students per class,_T,Total,_T,Total,2019,,,,,,,,,,,,O,Missing value,,,,,2,Two,,,0,Units
NLD,Netherlands,ISCED11_2,Lower secondary education,CLS,Student classes,FE,"Formal education, includes formal initial and formal adult education programmes",_T,Total,_Z,Not applicable,_Z,Not applicable,A,Annual,_Z,Not applicable,_Z,Not applicable,INST_EDU,All educational institutions,_Z,Not applicable,ST_CL,Students per class,_T,Total,_T,Total,2020,,,,,,,,,,,,O,Missing value,,,,,2,Two,,,0,Units
NLD,Netherlands,ISCED11_2,Lower secondary education,CLS,Student classes,FE,"Formal education, includes formal initial and formal adult education programmes",_T,Total,_Z,Not applicable,_Z,Not applicable,A,Annual,_Z,Not applicable,_Z,Not applicable,INST_EDU,All educational institutions,_Z,Not applicable,ST_CL,Students per class,_T,Total,_T,Total,2021,,,,,,,,,,,,O,Missing value,,,,,2,Two,,,0,Units
NLD,Netherlands,ISCED11_2,Lower secondary education,CLS,Student classes,FE,"Formal education, includes formal initial and formal adult education programmes",_T,Total,_Z,Not applicable,_Z,Not applicable,A,Annual,_Z,Not applicable,_Z,Not applicable,INST_EDU,All educational institutions,_Z,Not applicable,ST_CL,Students per class,_T,Total,_T,Total,2022,,,,,,,,,,,,O,Missing value,,,,,2,Two,,,0,Units
NLD,Netherlands,ISCED11_2,Lower secondary education,CLS,Student classes,FE,"Formal education, includes formal initial and formal adult education programmes",_T,Total,_Z,Not applicable,_Z,Not applicable,A,Annual,_Z,Not applicable,_Z,Not applicable,INST_EDU,All educational institutions,_Z,Not applicable,ST_CL,Students per class,_T,Total,_T,Total,2023,,,,,,,,,,,,O,Missing value,,,,,2,Two,,,0,Units
NLD,Netherlands,ISCED11_2,Lower secondary education,CLS,Student classes,FE,"Formal education, includes formal initial and formal adult education programmes",_T,Total,_Z,Not applicable,_Z,Not applicable,A,Annual,_Z,Not applicable,_Z,Not applicable,INST_EDU,All educational institutions,_Z,Not applicable,ST_CL,Students per class,_T,Total,_T,Total,2024,,,,,,,,,,,,O,Missing value,,,,,2,Two,,,0,Units
OECD,OECD,ISCED11_2,Lower secondary education,CLS,Student classes,FE,"Formal education, includes formal initial and formal adult education programmes",_T,Total,_Z,Not applicable,_Z,Not applicable,A,Annual,_Z,Not applicable,_Z,Not applicable,INST_EDU_PUB,Public educational institutions,_Z,Not applicable,ST_CL,Students per class,_T,Total,_T,Total,2013,,23.4404103448276,,,,,,,,,,A,Normal value,,,,,2,Two,,,0,Units
OECD,OECD,ISCED11_2,Lower secondary education,CLS,Student classes,FE,"Formal education, includes formal initial and formal adult education programmes",_T,Total,_Z,Not applicable,_Z,Not applicable,A,Annual,_Z,Not applicable,_Z,Not applicable,INST_EDU_PUB,Public educational institutions,_Z,Not applicable,ST_CL,Students per class,_T,Total,_T,Total,2014,,23.1772756666667,,,,,,,,,,A,Normal value,,,,,2,Two,,,0,Units
OECD,OECD,ISCED11_2,Lower secondary education,CLS,Student classes,FE,"Formal education, includes formal initial and formal adult education programmes",_T,Total,_Z,Not applicable,_Z,Not applicable,A,Annual,_Z,Not applicable,_Z,Not applicable,INST_EDU_PUB,Public educational institutions,_Z,Not applicable,ST_CL,Students per class,_T,Total,_T,Total,2015,,23.106319375,,,,,,,,,,A,Normal value,,,,,2,Two,,,0,Units
OECD,OECD,ISCED11_2,Lower secondary education,CLS,Student classes,FE,"Formal education, includes formal initial and formal adult education programmes",_T,Total,_Z,Not applicable,_Z,Not applicable,A,Annual,_Z,Not applicable,_Z,Not applicable,INST_EDU_PUB,Public educational institutions,_Z,Not applicable,ST_CL,Students per class,_T,Total,_T,Total,2016,,23.1468428125,,,,,,,,,,A,Normal value,,,,,2,Two,,,0,Units
OECD,OECD,ISCED11_2,Lower secondary education,CLS,Student classes,FE,"Formal education, includes formal initial and formal adult education programmes",_T,Total,_Z,Not applicable,_Z,Not applicable,A,Annual,_Z,Not applicable,_Z,Not applicable,INST_EDU_PUB,Public educational institutions,_Z,Not applicable,ST_CL,Students per class,_T,Total,_T,Total,2017,,23.2849675,,,,,,,,,,A,Normal value,,,,,2,Two,,,0,Units
OECD,OECD,ISCED11_2,Lower secondary education,CLS,Student classes,FE,"Formal education, includes formal initial and formal adult education programmes",_T,Total,_Z,Not applicable,_Z,Not applicable,A,Annual,_Z,Not applicable,_Z,Not applicable,INST_EDU_PUB,Public educational institutions,_Z,Not applicable,ST_CL,Students per class,_T,Total,_T,Total,2018,,23.185458125,,,,,,,,,,A,Normal value,,,,,2,Two,,,0,Units
OECD,OECD,ISCED11_2,Lower secondary education,CLS,Student classes,FE,"Formal education, includes formal initial and formal adult education programmes",_T,Total,_Z,Not applicable,_Z,Not applicable,A,Annual,_Z,Not applicable,_Z,Not applicable,INST_EDU_PUB,Public educational institutions,_Z,Not applicable,ST_CL,Students per class,_T,Total,_T,Total,2019,,22.4592645454545,,,,,,,,,,A,Normal value,,,,,2,Two,,,0,Units
OECD,OECD,ISCED11_2,Lower secondary education,CLS,Student classes,FE,"Formal education, includes formal initial and formal adult education programmes",_T,Total,_Z,Not applicable,_Z,Not applicable,A,Annual,_Z,Not applicable,_Z,Not applicable,INST_EDU_PUB,Public educational institutions,_Z,Not applicable,ST_CL,Students per class,_T,Total,_T,Total,2020,,22.5395518181818,,,,,,,,,,A,Normal value,,,,,2,Two,,,0,Units
OECD,OECD,ISCED11_2,Lower secondary education,CLS,Student classes,FE,"Formal education, includes formal initial and formal adult education programmes",_T,Total,_Z,Not applicable,_Z,Not applicable,A,Annual,_Z,Not applicable,_Z,Not applicable,INST_EDU_PUB,Public educational institutions,_Z,Not applicable,ST_CL,Students per class,_T,Total,_T,Total,2021,,22.3315742424242,,,,,,,,,,A,Normal value,,,,,2,Two,,,0,Units
OECD,OECD,ISCED11_2,Lower secondary education,CLS,Student classes,FE,"Formal education, includes formal initial and formal adult education programmes",_T,Total,_Z,Not applicable,_Z,Not applicable,A,Annual,_Z,Not applicable,_Z,Not applicable,INST_EDU_PUB,Public educational institutions,_Z,Not applicable,ST_CL,Students per class,_T,Total,_T,Total,2022,,22.197173030303,,,,,,,,,,A,Normal value,,,,,2,Two,,,0,Units
OECD,OECD,ISCED11_2,Lower secondary education,CLS,Student classes,FE,"Formal education, includes formal initial and formal adult education programmes",_T,Total,_Z,Not applicable,_Z,Not applicable,A,Annual,_Z,Not applicable,_Z,Not applicable,INST_EDU_PUB,Public educational institutions,_Z,Not applicable,ST_CL,Students per class,_T,Total,_T,Total,2023,,22.4007927272727,,,,,,,,,,A,Normal value,,,,,2,Two,,,0,Units
FIN,Finland,ISCED11_2,Lower secondary education,CLS,Student classes,FE,"Formal education, includes formal initial and formal adult education programmes",_T,Total,_Z,Not applicable,_Z,Not applicable,A,Annual,_Z,Not applicable,_Z,Not applicable,INST_EDU_PRIV_GOV,Government dependent private educational institutions,_Z,Not applicable,ST_CL,Students per class,_T,Total,_T,Total,2013,,19.7185,,,,,,,,,,A,Normal value,,,,,2,Two,,,0,Units
FIN,Finland,ISCED11_2,Lower secondary education,CLS,Student classes,FE,"Formal education, includes formal initial and formal adult education programmes",_T,Total,_Z,Not applicable,_Z,Not applicable,A,Annual,_Z,Not applicable,_Z,Not applicable,INST_EDU_PRIV_GOV,Government dependent private educational institutions,_Z,Not applicable,ST_CL,Students per class,_T,Total,_T,Total,2014,,19.72973,,,,,,,,,,A,Normal value,,,,,2,Two,,,0,Units
FIN,Finland,ISCED11_2,Lower secondary education,CLS,Student classes,FE,"Formal education, includes formal initial and formal adult education programmes",_T,Total,_Z,Not applicable,_Z,Not applicable,A,Annual,_Z,Not applicable,_Z,Not applicable,INST_EDU_PRIV_GOV,Government dependent private educational institutions,_Z,Not applicable,ST_CL,Students per class,_T,Total,_T,Total,2015,,19.72149,,,,,,,,,,A,Normal value,,,,,2,Two,,,0,Units
FIN,Finland,ISCED11_2,Lower secondary education,CLS,Student classes,FE,"Formal education, includes formal initial and formal adult education programmes",_T,Total,_Z,Not applicable,_Z,Not applicable,A,Annual,_Z,Not applicable,_Z,Not applicable,INST_EDU_PRIV_GOV,Government dependent private educational institutions,_Z,Not applicable,ST_CL,Students per class,_T,Total,_T,Total,2016,,19.70976,,,,,,,,,,A,Normal value,,,,,2,Two,,,0,Units
FIN,Finland,ISCED11_2,Lower secondary education,CLS,Student classes,FE,"Formal education, includes formal initial and formal adult education programmes",_T,Total,_Z,Not applicable,_Z,Not applicable,A,Annual,_Z,Not applicable,_Z,Not applicable,INST_EDU_PRIV_GOV,Government dependent private educational institutions,_Z,Not applicable,ST_CL,Students per class,_T,Total,_T,Total,2017,,19.1038,,,,,,,,,,A,Normal value,,,,,2,Two,,,0,Units
FIN,Finland,ISCED11_2,Lower secondary education,CLS,Student classes,FE,"Formal education, includes formal initial and formal adult education programmes",_T,Total,_Z,Not applicable,_Z,Not applicable,A,Annual,_Z,Not applicable,_Z,Not applicable,INST_EDU_PRIV_GOV,Government dependent private educational institutions,_Z,Not applicable,ST_CL,Students per class,_T,Total,_T,Total,2018,,19.10123,,,,,,,,,,A,Normal value,,,,,2,Two,,,0,Units
FIN,Finland,ISCED11_2,Lower secondary education,CLS,Student classes,FE,"Formal education, includes formal initial and formal adult education programmes",_T,Total,_Z,Not applicable,_Z,Not applicable,A,Annual,_Z,Not applicable,_Z,Not applicable,INST_EDU_PRIV_GOV,Government dependent private educational institutions,_Z,Not applicable,ST_CL,Students per class,_T,Total,_T,Total,2019,,19.09546,,,,,,,,,,A,Normal value,,,,,2,Two,,,0,Units
FIN,Finland,ISCED11_2,Lower secondary education,CLS,Student classes,FE,"Formal education, includes formal initial and formal adult education programmes",_T,Total,_Z,Not applicable,_Z,Not applicable,A,Annual,_Z,Not applicable,_Z,Not applicable,INST_EDU_PRIV_GOV,Government dependent private educational institutions,_Z,Not applicable,ST_CL,Students per class,_T,Total,_T,Total,2020,,20.63104,,,,,,,,,,A,Normal value,,,,,2,Two,,,0,Units
FIN,Finland,ISCED11_2,Lower secondary education,CLS,Student classes,FE,"Formal education, includes formal initial and formal adult education programmes",_T,Total,_Z,Not applicable,_Z,Not applicable,A,Annual,_Z,Not applicable,_Z,Not applicable,INST_EDU_PRIV_GOV,Government dependent private educational institutions,_Z,Not applicable,ST_CL,Students per class,_T,Total,_T,Total,2021,,20.65679,,,,,,,,,,A,Normal value,,,,,2,Two,,,0,Units
FIN,Finland,ISCED11_2,Lower secondary education,CLS,Student classes,FE,"Formal education, includes formal initial and formal adult education programmes",_T,Total,_Z,Not applicable,_Z,Not applicable,A,Annual,_Z,Not applicable,_Z,Not applicable,INST_EDU_PRIV_GOV,Government dependent private educational institutions,_Z,Not applicable,ST_CL,Students per class,_T,Total,_T,Total,2022,,20.65937,,,,,,,,,,A,Normal value,,,,,2,Two,,,0,Units
FIN,Finland,ISCED11_2,Lower secondary education,CLS,Student classes,FE,"Formal education, includes formal initial and formal adult education programmes",_T,Total,_Z,Not applicable,_Z,Not applicable,A,Annual,_Z,Not applicable,_Z,Not applicable,INST_EDU_PRIV_GOV,Government dependent private educational institutions,_Z,Not applicable,ST_CL,Students per class,_T,Total,_T,Total,2023,,20.65952,,,,,,,,,,A,Normal value,,,,,2,Two,,,0,Units
FIN,Finland,ISCED11_2,Lower secondary education,CLS,Student classes,FE,"Formal education, includes formal initial and formal adult education programmes",_T,Total,_Z,Not applicable,_Z,Not applicable,A,Annual,_Z,Not applicable,_Z,Not applicable,INST_EDU_PRIV_GOV,Government dependent private educational institutions,_Z,Not applicable,ST_CL,Students per class,_T,Total,_T,Total,2024,,20.63554,,,,,,,,,,A,Normal value,,,,,2,Two,,,0,Units
NLD,Netherlands,ISCED11_2,Lower secondary education,CLS,Student classes,FE,"Formal education, includes formal initial and formal adult education programmes",_T,Total,_Z,Not applicable,_Z,Not applicable,A,Annual,_Z,Not applicable,_Z,Not applicable,INST_EDU_PRIV,Private educational institutions,_Z,Not applicable,ST_CL,Students per class,_T,Total,_T,Total,2013,,,,,,,,,,,,O,Missing value,,,,,2,Two,,,0,Units
NLD,Netherlands,ISCED11_2,Lower secondary education,CLS,Student classes,FE,"Formal education, includes formal initial and formal adult education programmes",_T,Total,_Z,Not applicable,_Z,Not applicable,A,Annual,_Z,Not applicable,_Z,Not applicable,INST_EDU_PRIV,Private educational institutions,_Z,Not applicable,ST_CL,Students per class,_T,Total,_T,Total,2014,,,,,,,,,,,,O,Missing value,,,,,2,Two,,,0,Units
NLD,Netherlands,ISCED11_2,Lower secondary education,CLS,Student classes,FE,"Formal education, includes formal initial and formal adult education programmes",_T,Total,_Z,Not applicable,_Z,Not applicable,A,Annual,_Z,Not applicable,_Z,Not applicable,INST_EDU_PRIV,Private educational institutions,_Z,Not applicable,ST_CL,Students per class,_T,Total,_T,Total,2015,,,,,,,,,,,,M,Missing value; data cannot exist,,,,,2,Two,,,0,Units
NLD,Netherlands,ISCED11_2,Lower secondary education,CLS,Student classes,FE,"Formal education, includes formal initial and formal adult education programmes",_T,Total,_Z,Not applicable,_Z,Not applicable,A,Annual,_Z,Not applicable,_Z,Not applicable,INST_EDU_PRIV,Private educational institutions,_Z,Not applicable,ST_CL,Students per class,_T,Total,_T,Total,2016,,,,,,,,,,,,O,Missing value,,,,,2,Two,,,0,Units
NLD,Netherlands,ISCED11_2,Lower secondary education,CLS,Student classes,FE,"Formal education, includes formal initial and formal adult education programmes",_T,Total,_Z,Not applicable,_Z,Not applicable,A,Annual,_Z,Not applicable,_Z,Not applicable,INST_EDU_PRIV,Private educational institutions,_Z,Not applicable,ST_CL,Students per class,_T,Total,_T,Total,2017,,,,,,,,,,,,O,Missing value,,,,,2,Two,,,0,Units
NLD,Netherlands,ISCED11_2,Lower secondary education,CLS,Student classes,FE,"Formal education, includes formal initial and formal adult education programmes",_T,Total,_Z,Not applicable,_Z,Not applicable,A,Annual,_Z,Not applicable,_Z,Not applicable,INST_EDU_PRIV,Private educational institutions,_Z,Not applicable,ST_CL,Students per class,_T,Total,_T,Total,2018,,,,,,,,,,,,O,Missing value,,,,,2,Two,,,0,Units
NLD,Netherlands,ISCED11_2,Lower secondary education,CLS,Student classes,FE,"Formal education, includes formal initial and formal adult education programmes",_T,Total,_Z,Not applicable,_Z,Not applicable,A,Annual,_Z,Not applicable,_Z,Not applicable,INST_EDU_PRIV,Private educational institutions,_Z,Not applicable,ST_CL,Students per class,_T,Total,_T,Total,2019,,,,,,,,,,,,O,Missing value,,,,,2,Two,,,0,Units
NLD,Netherlands,ISCED11_2,Lower secondary education,CLS,Student classes,FE,"Formal education, includes formal initial and formal adult education programmes",_T,Total,_Z,Not applicable,_Z,Not applicable,A,Annual,_Z,Not applicable,_Z,Not applicable,INST_EDU_PRIV,Private educational institutions,_Z,Not applicable,ST_CL,Students per class,_T,Total,_T,Total,2020,,,,,,,,,,,,O,Missing value,,,,,2,Two,,,0,Units
NLD,Netherlands,ISCED11_2,Lower secondary education,CLS,Student classes,FE,"Formal education, includes formal initial and formal adult education programmes",_T,Total,_Z,Not applicable,_Z,Not applicable,A,Annual,_Z,Not applicable,_Z,Not applicable,INST_EDU_PRIV,Private educational institutions,_Z,Not applicable,ST_CL,Students per class,_T,Total,_T,Total,2021,,,,,,,,,,,,O,Missing value,,,,,2,Two,,,0,Units
NLD,Netherlands,ISCED11_2,Lower secondary education,CLS,Student classes,FE,"Formal education, includes formal initial and formal adult education programmes",_T,Total,_Z,Not applicable,_Z,Not applicable,A,Annual,_Z,Not applicable,_Z,Not applicable,INST_EDU_PRIV,Private educational institutions,_Z,Not applicable,ST_CL,Students per class,_T,Total,_T,Total,2022,,,,,,,,,,,,O,Missing value,,,,,2,Two,,,0,Units
NLD,Netherlands,ISCED11_2,Lower secondary education,CLS,Student classes,FE,"Formal education, includes formal initial and formal adult education programmes",_T,Total,_Z,Not applicable,_Z,Not applicable,A,Annual,_Z,Not applicable,_Z,Not applicable,INST_EDU_PRIV,Private educational institutions,_Z,Not applicable,ST_CL,Students per class,_T,Total,_T,Total,2023,,,,,,,,,,,,O,Missing value,,,,,2,Two,,,0,Units
NLD,Netherlands,ISCED11_2,Lower secondary education,CLS,Student classes,FE,"Formal education, includes formal initial and formal adult education programmes",_T,Total,_Z,Not applicable,_Z,Not applicable,A,Annual,_Z,Not applicable,_Z,Not applicable,INST_EDU_PRIV,Private educational institutions,_Z,Not applicable,ST_CL,Students per class,_T,Total,_T,Total,2024,,,,,,,,,,,,O,Missing value,,,,,2,Two,,,0,Units
SWE,Sweden,ISCED11_1,Primary education,CLS,Student classes,FE,"Formal education, includes formal initial and formal adult education programmes",_T,Total,_Z,Not applicable,_Z,Not applicable,A,Annual,_Z,Not applicable,_Z,Not applicable,INST_EDU_PRIV_IND,Independent private educational institutions,_Z,Not applicable,ST_CL,Students per class,_T,Total,_T,Total,2013,,,,,,,,,,,,M,Missing value; data cannot exist,,,,,2,Two,,,0,Units
SWE,Sweden,ISCED11_1,Primary education,CLS,Student classes,FE,"Formal education, includes formal initial and formal adult education programmes",_T,Total,_Z,Not applicable,_Z,Not applicable,A,Annual,_Z,Not applicable,_Z,Not applicable,INST_EDU_PRIV_IND,Independent private educational institutions,_Z,Not applicable,ST_CL,Students per class,_T,Total,_T,Total,2014,,,,,,,,,,,,M,Missing value; data cannot exist,,,,,2,Two,,,0,Units
SWE,Sweden,ISCED11_1,Primary education,CLS,Student classes,FE,"Formal education, includes formal initial and formal adult education programmes",_T,Total,_Z,Not applicable,_Z,Not applicable,A,Annual,_Z,Not applicable,_Z,Not applicable,INST_EDU_PRIV_IND,Independent private educational institutions,_Z,Not applicable,ST_CL,Students per class,_T,Total,_T,Total,2015,,,,,,,,,,,,M,Missing value; data cannot exist,,,,,2,Two,,,0,Units
SWE,Sweden,ISCED11_1,Primary education,CLS,Student classes,FE,"Formal education, includes formal initial and formal adult education programmes",_T,Total,_Z,Not applicable,_Z,Not applicable,A,Annual,_Z,Not applicable,_Z,Not applicable,INST_EDU_PRIV_IND,Independent private educational institutions,_Z,Not applicable,ST_CL,Students per class,_T,Total,_T,Total,2016,,,,,,,,,,,,M,Missing value; data cannot exist,,,,,2,Two,,,0,Units
SWE,Sweden,ISCED11_1,Primary education,CLS,Student classes,FE,"Formal education, includes formal initial and formal adult education programmes",_T,Total,_Z,Not applicable,_Z,Not applicable,A,Annual,_Z,Not applicable,_Z,Not applicable,INST_EDU_PRIV_IND,Independent private educational institutions,_Z,Not applicable,ST_CL,Students per class,_T,Total,_T,Total,2017,,,,,,,,,,,,M,Missing value; data cannot exist,,,,,2,Two,,,0,Units
SWE,Sweden,ISCED11_1,Primary education,CLS,Student classes,FE,"Formal education, includes formal initial and formal adult education programmes",_T,Total,_Z,Not applicable,_Z,Not applicable,A,Annual,_Z,Not applicable,_Z,Not applicable,INST_EDU_PRIV_IND,Independent private educational institutions,_Z,Not applicable,ST_CL,Students per class,_T,Total,_T,Total,2018,,,,,,,,,,,,M,Missing value; data cannot exist,,,,,2,Two,,,0,Units
SWE,Sweden,ISCED11_1,Primary education,CLS,Student classes,FE,"Formal education, includes formal initial and formal adult education programmes",_T,Total,_Z,Not applicable,_Z,Not applicable,A,Annual,_Z,Not applicable,_Z,Not applicable,INST_EDU_PRIV_IND,Independent private educational institutions,_Z,Not applicable,ST_CL,Students per class,_T,Total,_T,Total,2019,,,,,,,,,,,,M,Missing value; data cannot exist,,,,,2,Two,,,0,Units
SWE,Sweden,ISCED11_1,Primary education,CLS,Student classes,FE,"Formal education, includes formal initial and formal adult education programmes",_T,Total,_Z,Not applicable,_Z,Not applicable,A,Annual,_Z,Not applicable,_Z,Not applicable,INST_EDU_PRIV_IND,Independent private educational institutions,_Z,Not applicable,ST_CL,Students per class,_T,Total,_T,Total,2020,,,,,,,,,,,,M,Missing value; data cannot exist,,,,,2,Two,,,0,Units
SWE,Sweden,ISCED11_1,Primary education,CLS,Student classes,FE,"Formal education, includes formal initial and formal adult education programmes",_T,Total,_Z,Not applicable,_Z,Not applicable,A,Annual,_Z,Not applicable,_Z,Not applicable,INST_EDU_PRIV_IND,Independent private educational institutions,_Z,Not applicable,ST_CL,Students per class,_T,Total,_T,Total,2021,,,,,,,,,,,,M,Missing value; data cannot exist,,,,,2,Two,,,0,Units
SWE,Sweden,ISCED11_1,Primary education,CLS,Student classes,FE,"Formal education, includes formal initial and formal adult education programmes",_T,Total,_Z,Not applicable,_Z,Not applicable,A,Annual,_Z,Not applicable,_Z,Not applicable,INST_EDU_PRIV_IND,Independent private educational institutions,_Z,Not applicable,ST_CL,Students per class,_T,Total,_T,Total,2022,,,,,,,,,,,,M,Missing value; data cannot exist,,,,,2,Two,,,0,Units
SWE,Sweden,ISCED11_1,Primary education,CLS,Student classes,FE,"Formal education, includes formal initial and formal adult education programmes",_T,Total,_Z,Not applicable,_Z,Not applicable,A,Annual,_Z,Not applicable,_Z,Not applicable,INST_EDU_PRIV_IND,Independent private educational institutions,_Z,Not applicable,ST_CL,Students per class,_T,Total,_T,Total,2023,,,,,,,,,,,,M,Missing value; data cannot exist,,,,,2,Two,,,0,Units
SWE,Sweden,ISCED11_1,Primary education,CLS,Student classes,FE,"Formal education, includes formal initial and formal adult education programmes",_T,Total,_Z,Not applicable,_Z,Not applicable,A,Annual,_Z,Not applicable,_Z,Not applicable,INST_EDU_PRIV_IND,Independent private educational institutions,_Z,Not applicable,ST_CL,Students per class,_T,Total,_T,Total,2024,,,,,,,,,,,,M,Missing value; data cannot exist,,,,,2,Two,,,0,Units
NLD,Netherlands,ISCED11_2,Lower secondary education,CLS,Student classes,FE,"Formal education, includes formal initial and formal adult education programmes",_T,Total,_Z,Not applicable,_Z,Not applicable,A,Annual,_Z,Not applicable,_Z,Not applicable,INST_EDU_PRIV_GOV,Government dependent private educational institutions,_Z,Not applicable,ST_CL,Students per class,_T,Total,_T,Total,2013,,,,,,,,,,,,M,Missing value; data cannot exist,,,,,2,Two,,,0,Units
NLD,Netherlands,ISCED11_2,Lower secondary education,CLS,Student classes,FE,"Formal education, includes formal initial and formal adult education programmes",_T,Total,_Z,Not applicable,_Z,Not applicable,A,Annual,_Z,Not applicable,_Z,Not applicable,INST_EDU_PRIV_GOV,Government dependent private educational institutions,_Z,Not applicable,ST_CL,Students per class,_T,Total,_T,Total,2014,,,,,,,,,,,,M,Missing value; data cannot exist,,,,,2,Two,,,0,Units
NLD,Netherlands,ISCED11_2,Lower secondary education,CLS,Student classes,FE,"Formal education, includes formal initial and formal adult education programmes",_T,Total,_Z,Not applicable,_Z,Not applicable,A,Annual,_Z,Not applicable,_Z,Not applicable,INST_EDU_PRIV_GOV,Government dependent private educational institutions,_Z,Not applicable,ST_CL,Students per class,_T,Total,_T,Total,2015,,,,,,,,,,,,M,Missing value; data cannot exist,,,,,2,Two,,,0,Units
NLD,Netherlands,ISCED11_2,Lower secondary education,CLS,Student classes,FE,"Formal education, includes formal initial and formal adult education programmes",_T,Total,_Z,Not applicable,_Z,Not applicable,A,Annual,_Z,Not applicable,_Z,Not applicable,INST_EDU_PRIV_GOV,Government dependent private educational institutions,_Z,Not applicable,ST_CL,Students per class,_T,Total,_T,Total,2016,,,,,,,,,,,,M,Missing value; data cannot exist,,,,,2,Two,,,0,Units
NLD,Netherlands,ISCED11_2,Lower secondary education,CLS,Student classes,FE,"Formal education, includes formal initial and formal adult education programmes",_T,Total,_Z,Not applicable,_Z,Not applicable,A,Annual,_Z,Not applicable,_Z,Not applicable,INST_EDU_PRIV_GOV,Government dependent private educational institutions,_Z,Not applicable,ST_CL,Students per class,_T,Total,_T,Total,2017,,,,,,,,,,,,M,Missing value; data cannot exist,,,,,2,Two,,,0,Units
NLD,Netherlands,ISCED11_2,Lower secondary education,CLS,Student classes,FE,"Formal education, includes formal initial and formal adult education programmes",_T,Total,_Z,Not applicable,_Z,Not applicable,A,Annual,_Z,Not applicable,_Z,Not applicable,INST_EDU_PRIV_GOV,Government dependent private educational institutions,_Z,Not applicable,ST_CL,Students per class,_T,Total,_T,Total,2018,,,,,,,,,,,,M,Missing value; data cannot exist,,,,,2,Two,,,0,Units
NLD,Netherlands,ISCED11_2,Lower secondary education,CLS,Student classes,FE,"Formal education, includes formal initial and formal adult education programmes",_T,Total,_Z,Not applicable,_Z,Not applicable,A,Annual,_Z,Not applicable,_Z,Not applicable,INST_EDU_PRIV_GOV,Government dependent private educational institutions,_Z,Not applicable,ST_CL,Students per class,_T,Total,_T,Total,2019,,,,,,,,,,,,M,Missing value; data cannot exist,,,,,2,Two,,,0,Units
NLD,Netherlands,ISCED11_2,Lower secondary education,CLS,Student classes,FE,"Formal education, includes formal initial and formal adult education programmes",_T,Total,_Z,Not applicable,_Z,Not applicable,A,Annual,_Z,Not applicable,_Z,Not applicable,INST_EDU_PRIV_GOV,Government dependent private educational institutions,_Z,Not applicable,ST_CL,Students per class,_T,Total,_T,Total,2020,,,,,,,,,,,,M,Missing value; data cannot exist,,,,,2,Two,,,0,Units
NLD,Netherlands,ISCED11_2,Lower secondary education,CLS,Student classes,FE,"Formal education, includes formal initial and formal adult education programmes",_T,Total,_Z,Not applicable,_Z,Not applicable,A,Annual,_Z,Not applicable,_Z,Not applicable,INST_EDU_PRIV_GOV,Government dependent private educational institutions,_Z,Not applicable,ST_CL,Students per class,_T,Total,_T,Total,2021,,,,,,,,,,,,M,Missing value; data cannot exist,,,,,2,Two,,,0,Units
NLD,Netherlands,ISCED11_2,Lower secondary education,CLS,Student classes,FE,"Formal education, includes formal initial and formal adult education programmes",_T,Total,_Z,Not applicable,_Z,Not applicable,A,Annual,_Z,Not applicable,_Z,Not applicable,INST_EDU_PRIV_GOV,Government dependent private educational institutions,_Z,Not applicable,ST_CL,Students per class,_T,Total,_T,Total,2022,,,,,,,,,,,,O,Missing value,,,,,2,Two,,,0,Units
NLD,Netherlands,ISCED11_2,Lower secondary education,CLS,Student classes,FE,"Formal education, includes formal initial and formal adult education programmes",_T,Total,_Z,Not applicable,_Z,Not applicable,A,Annual,_Z,Not applicable,_Z,Not applicable,INST_EDU_PRIV_GOV,Government dependent private educational institutions,_Z,Not applicable,ST_CL,Students per class,_T,Total,_T,Total,2023,,,,,,,,,,,,O,Missing value,,,,,2,Two,,,0,Units
NLD,Netherlands,ISCED11_2,Lower secondary education,CLS,Student classes,FE,"Formal education, includes formal initial and formal adult education programmes",_T,Total,_Z,Not applicable,_Z,Not applicable,A,Annual,_Z,Not applicable,_Z,Not applicable,INST_EDU_PRIV_GOV,Government dependent private educational institutions,_Z,Not applicable,ST_CL,Students per class,_T,Total,_T,Total,2024,,,,,,,,,,,,O,Missing value,,,,,2,Two,,,0,Units
POL,Poland,ISCED11_1,Primary education,CLS,Student classes,FE,"Formal education, includes formal initial and formal adult education programmes",_T,Total,_Z,Not applicable,_Z,Not applicable,A,Annual,_Z,Not applicable,_Z,Not applicable,INST_EDU_PUB,Public educational institutions,_Z,Not applicable,ST_CL,Students per class,_T,Total,_T,Total,2013,,19.00912,,,,,,,,,,A,Normal value,,,,,2,Two,,,0,Units
POL,Poland,ISCED11_1,Primary education,CLS,Student classes,FE,"Formal education, includes formal initial and formal adult education programmes",_T,Total,_Z,Not applicable,_Z,Not applicable,A,Annual,_Z,Not applicable,_Z,Not applicable,INST_EDU_PUB,Public educational institutions,_Z,Not applicable,ST_CL,Students per class,_T,Total,_T,Total,2014,,19.06663,,,,,,,,,,A,Normal value,,,,,2,Two,,,0,Units
POL,Poland,ISCED11_1,Primary education,CLS,Student classes,FE,"Formal education, includes formal initial and formal adult education programmes",_T,Total,_Z,Not applicable,_Z,Not applicable,A,Annual,_Z,Not applicable,_Z,Not applicable,INST_EDU_PUB,Public educational institutions,_Z,Not applicable,ST_CL,Students per class,_T,Total,_T,Total,2015,,19.11985,,,,,,,,,,A,Normal value,,,,,2,Two,,,0,Units
POL,Poland,ISCED11_1,Primary education,CLS,Student classes,FE,"Formal education, includes formal initial and formal adult education programmes",_T,Total,_Z,Not applicable,_Z,Not applicable,A,Annual,_Z,Not applicable,_Z,Not applicable,INST_EDU_PUB,Public educational institutions,_Z,Not applicable,ST_CL,Students per class,_T,Total,_T,Total,2016,,19.24965,,,,,,,,,,A,Normal value,,,,,2,Two,,,0,Units
POL,Poland,ISCED11_1,Primary education,CLS,Student classes,FE,"Formal education, includes formal initial and formal adult education programmes",_T,Total,_Z,Not applicable,_Z,Not applicable,A,Annual,_Z,Not applicable,_Z,Not applicable,INST_EDU_PUB,Public educational institutions,_Z,Not applicable,ST_CL,Students per class,_T,Total,_T,Total,2017,,18.67891,,,,,,,,,,A,Normal value,,,,,2,Two,,,0,Units
POL,Poland,ISCED11_1,Primary education,CLS,Student classes,FE,"Formal education, includes formal initial and formal adult education programmes",_T,Total,_Z,Not applicable,_Z,Not applicable,A,Annual,_Z,Not applicable,_Z,Not applicable,INST_EDU_PUB,Public educational institutions,_Z,Not applicable,ST_CL,Students per class,_T,Total,_T,Total,2018,,18.4425,,,,,,,,,,A,Normal value,,,,,2,Two,,,0,Units
POL,Poland,ISCED11_1,Primary education,CLS,Student classes,FE,"Formal education, includes formal initial and formal adult education programmes",_T,Total,_Z,Not applicable,_Z,Not applicable,A,Annual,_Z,Not applicable,_Z,Not applicable,INST_EDU_PUB,Public educational institutions,_Z,Not applicable,ST_CL,Students per class,_T,Total,_T,Total,2019,,18.45314,,,,,,,,,,A,Normal value,,,,,2,Two,,,0,Units
POL,Poland,ISCED11_1,Primary education,CLS,Student classes,FE,"Formal education, includes formal initial and formal adult education programmes",_T,Total,_Z,Not applicable,_Z,Not applicable,A,Annual,_Z,Not applicable,_Z,Not applicable,INST_EDU_PUB,Public educational institutions,_Z,Not applicable,ST_CL,Students per class,_T,Total,_T,Total,2020,,16.79964,,,,,,,,,,A,Normal value,,,,,2,Two,,,0,Units
POL,Poland,ISCED11_1,Primary education,CLS,Student classes,FE,"Formal education, includes formal initial and formal adult education programmes",_T,Total,_Z,Not applicable,_Z,Not applicable,A,Annual,_Z,Not applicable,_Z,Not applicable,INST_EDU_PUB,Public educational institutions,_Z,Not applicable,ST_CL,Students per class,_T,Total,_T,Total,2021,,17.94796,,,,,,,,,,A,Normal value,,,,,2,Two,,,0,Units
POL,Poland,ISCED11_1,Primary education,CLS,Student classes,FE,"Formal education, includes formal initial and formal adult education programmes",_T,Total,_Z,Not applicable,_Z,Not applicable,A,Annual,_Z,Not applicable,_Z,Not applicable,INST_EDU_PUB,Public educational institutions,_Z,Not applicable,ST_CL,Students per class,_T,Total,_T,Total,2022,,18.11763,,,,,,,,,,A,Normal value,,,,,2,Two,,,0,Units
POL,Poland,ISCED11_1,Primary education,CLS,Student classes,FE,"Formal education, includes formal initial and formal adult education programmes",_T,Total,_Z,Not applicable,_Z,Not applicable,A,Annual,_Z,Not applicable,_Z,Not applicable,INST_EDU_PUB,Public educational institutions,_Z,Not applicable,ST_CL,Students per class,_T,Total,_T,Total,2023,,18.74771,,,,,,,,,,A,Normal value,,,,,2,Two,,,0,Units
POL,Poland,ISCED11_1,Primary education,CLS,Student classes,FE,"Formal education, includes formal initial and formal adult education programmes",_T,Total,_Z,Not applicable,_Z,Not applicable,A,Annual,_Z,Not applicable,_Z,Not applicable,INST_EDU_PUB,Public educational institutions,_Z,Not applicable,ST_CL,Students per class,_T,Total,_T,Total,2024,,18.59335,,,,,,,,,,A,Normal value,,,,,2,Two,,,0,Units
SWE,Sweden,ISCED11_2,Lower secondary education,CLS,Student classes,FE,"Formal education, includes formal initial and formal adult education programmes",_T,Total,_Z,Not applicable,_Z,Not applicable,A,Annual,_Z,Not applicable,_Z,Not applicable,INST_EDU,All educational institutions,_Z,Not applicable,ST_CL,Students per class,_T,Total,_T,Total,2013,,,,,,,,,,,,O,Missing value,,,,,2,Two,,,0,Units
SWE,Sweden,ISCED11_2,Lower secondary education,CLS,Student classes,FE,"Formal education, includes formal initial and formal adult education programmes",_T,Total,_Z,Not applicable,_Z,Not applicable,A,Annual,_Z,Not applicable,_Z,Not applicable,INST_EDU,All educational institutions,_Z,Not applicable,ST_CL,Students per class,_T,Total,_T,Total,2014,,20.4313,,,,,,,,,,A,Normal value,,,,,2,Two,,,0,Units
SWE,Sweden,ISCED11_2,Lower secondary education,CLS,Student classes,FE,"Formal education, includes formal initial and formal adult education programmes",_T,Total,_Z,Not applicable,_Z,Not applicable,A,Annual,_Z,Not applicable,_Z,Not applicable,INST_EDU,All educational institutions,_Z,Not applicable,ST_CL,Students per class,_T,Total,_T,Total,2015,,20.89152,,,,,,,,,,A,Normal value,,,,,2,Two,,,0,Units
SWE,Sweden,ISCED11_2,Lower secondary education,CLS,Student classes,FE,"Formal education, includes formal initial and formal adult education programmes",_T,Total,_Z,Not applicable,_Z,Not applicable,A,Annual,_Z,Not applicable,_Z,Not applicable,INST_EDU,All educational institutions,_Z,Not applicable,ST_CL,Students per class,_T,Total,_T,Total,2016,,21.00816,,,,,,,,,,A,Normal value,,,,,2,Two,,,0,Units
SWE,Sweden,ISCED11_2,Lower secondary education,CLS,Student classes,FE,"Formal education, includes formal initial and formal adult education programmes",_T,Total,_Z,Not applicable,_Z,Not applicable,A,Annual,_Z,Not applicable,_Z,Not applicable,INST_EDU,All educational institutions,_Z,Not applicable,ST_CL,Students per class,_T,Total,_T,Total,2017,,21.18662,,,,,,,,,,A,Normal value,,,,,2,Two,,,0,Units
SWE,Sweden,ISCED11_2,Lower secondary education,CLS,Student classes,FE,"Formal education, includes formal initial and formal adult education programmes",_T,Total,_Z,Not applicable,_Z,Not applicable,A,Annual,_Z,Not applicable,_Z,Not applicable,INST_EDU,All educational institutions,_Z,Not applicable,ST_CL,Students per class,_T,Total,_T,Total,2018,,21.81082,,,,,,,,,,A,Normal value,,,,,2,Two,,,0,Units
SWE,Sweden,ISCED11_2,Lower secondary education,CLS,Student classes,FE,"Formal education, includes formal initial and formal adult education programmes",_T,Total,_Z,Not applicable,_Z,Not applicable,A,Annual,_Z,Not applicable,_Z,Not applicable,INST_EDU,All educational institutions,_Z,Not applicable,ST_CL,Students per class,_T,Total,_T,Total,2019,,21.786,,,,,,,,,,A,Normal value,,,,,2,Two,,,0,Units
SWE,Sweden,ISCED11_2,Lower secondary education,CLS,Student classes,FE,"Formal education, includes formal initial and formal adult education programmes",_T,Total,_Z,Not applicable,_Z,Not applicable,A,Annual,_Z,Not applicable,_Z,Not applicable,INST_EDU,All educational institutions,_Z,Not applicable,ST_CL,Students per class,_T,Total,_T,Total,2020,,21.62942,,,,,,,,,,A,Normal value,,,,,2,Two,,,0,Units
SWE,Sweden,ISCED11_2,Lower secondary education,CLS,Student classes,FE,"Formal education, includes formal initial and formal adult education programmes",_T,Total,_Z,Not applicable,_Z,Not applicable,A,Annual,_Z,Not applicable,_Z,Not applicable,INST_EDU,All educational institutions,_Z,Not applicable,ST_CL,Students per class,_T,Total,_T,Total,2021,,22.38496,,,,,,,,,,A,Normal value,,,,,2,Two,,,0,Units
SWE,Sweden,ISCED11_2,Lower secondary education,CLS,Student classes,FE,"Formal education, includes formal initial and formal adult education programmes",_T,Total,_Z,Not applicable,_Z,Not applicable,A,Annual,_Z,Not applicable,_Z,Not applicable,INST_EDU,All educational institutions,_Z,Not applicable,ST_CL,Students per class,_T,Total,_T,Total,2022,,22.05384,,,,,,,,,,A,Normal value,,,,,2,Two,,,0,Units
SWE,Sweden,ISCED11_2,Lower secondary education,CLS,Student classes,FE,"Formal education, includes formal initial and formal adult education programmes",_T,Total,_Z,Not applicable,_Z,Not applicable,A,Annual,_Z,Not applicable,_Z,Not applicable,INST_EDU,All educational institutions,_Z,Not applicable,ST_CL,Students per class,_T,Total,_T,Total,2023,,21.69254,,,,,,,,,,A,Normal value,,,,,2,Two,,,0,Units
SWE,Sweden,ISCED11_2,Lower secondary education,CLS,Student classes,FE,"Formal education, includes formal initial and formal adult education programmes",_T,Total,_Z,Not applicable,_Z,Not applicable,A,Annual,_Z,Not applicable,_Z,Not applicable,INST_EDU,All educational institutions,_Z,Not applicable,ST_CL,Students per class,_T,Total,_T,Total,2024,,21.62942,,,,,,,,,,A,Normal value,,,,,2,Two,,,0,Units
OECD,OECD,ISCED11_1,Primary education,CLS,Student classes,FE,"Formal education, includes formal initial and formal adult education programmes",_T,Total,_Z,Not applicable,_Z,Not applicable,A,Annual,_Z,Not applicable,_Z,Not applicable,INST_EDU_PUB,Public educational institutions,_Z,Not applicable,ST_CL,Students per class,_T,Total,_T,Total,2013,,21.0617486666667,,,,,,,,,,A,Normal value,,,,,2,Two,,,0,Units
OECD,OECD,ISCED11_1,Primary education,CLS,Student classes,FE,"Formal education, includes formal initial and formal adult education programmes",_T,Total,_Z,Not applicable,_Z,Not applicable,A,Annual,_Z,Not applicable,_Z,Not applicable,INST_EDU_PUB,Public educational institutions,_Z,Not applicable,ST_CL,Students per class,_T,Total,_T,Total,2014,,20.9431819354839,,,,,,,,,,A,Normal value,,,,,2,Two,,,0,Units
OECD,OECD,ISCED11_1,Primary education,CLS,Student classes,FE,"Formal education, includes formal initial and formal adult education programmes",_T,Total,_Z,Not applicable,_Z,Not applicable,A,Annual,_Z,Not applicable,_Z,Not applicable,INST_EDU_PUB,Public educational institutions,_Z,Not applicable,ST_CL,Students per class,_T,Total,_T,Total,2015,,20.9931638235294,,,,,,,,,,A,Normal value,,,,,2,Two,,,0,Units
OECD,OECD,ISCED11_1,Primary education,CLS,Student classes,FE,"Formal education, includes formal initial and formal adult education programmes",_T,Total,_Z,Not applicable,_Z,Not applicable,A,Annual,_Z,Not applicable,_Z,Not applicable,INST_EDU_PUB,Public educational institutions,_Z,Not applicable,ST_CL,Students per class,_T,Total,_T,Total,2016,,20.4417497058824,,,,,,,,,,A,Normal value,,,,,2,Two,,,0,Units
OECD,OECD,ISCED11_1,Primary education,CLS,Student classes,FE,"Formal education, includes formal initial and formal adult education programmes",_T,Total,_Z,Not applicable,_Z,Not applicable,A,Annual,_Z,Not applicable,_Z,Not applicable,INST_EDU_PUB,Public educational institutions,_Z,Not applicable,ST_CL,Students per class,_T,Total,_T,Total,2017,,20.4901120588235,,,,,,,,,,A,Normal value,,,,,2,Two,,,0,Units
OECD,OECD,ISCED11_1,Primary education,CLS,Student classes,FE,"Formal education, includes formal initial and formal adult education programmes",_T,Total,_Z,Not applicable,_Z,Not applicable,A,Annual,_Z,Not applicable,_Z,Not applicable,INST_EDU_PUB,Public educational institutions,_Z,Not applicable,ST_CL,Students per class,_T,Total,_T,Total,2018,,21.0900445454545,,,,,,,,,,A,Normal value,,,,,2,Two,,,0,Units
OECD,OECD,ISCED11_1,Primary education,CLS,Student classes,FE,"Formal education, includes formal initial and formal adult education programmes",_T,Total,_Z,Not applicable,_Z,Not applicable,A,Annual,_Z,Not applicable,_Z,Not applicable,INST_EDU_PUB,Public educational institutions,_Z,Not applicable,ST_CL,Students per class,_T,Total,_T,Total,2019,,20.5008851428571,,,,,,,,,,A,Normal value,,,,,2,Two,,,0,Units
OECD,OECD,ISCED11_1,Primary education,CLS,Student classes,FE,"Formal education, includes formal initial and formal adult education programmes",_T,Total,_Z,Not applicable,_Z,Not applicable,A,Annual,_Z,Not applicable,_Z,Not applicable,INST_EDU_PUB,Public educational institutions,_Z,Not applicable,ST_CL,Students per class,_T,Total,_T,Total,2020,,20.397814,,,,,,,,,,A,Normal value,,,,,2,Two,,,0,Units
OECD,OECD,ISCED11_1,Primary education,CLS,Student classes,FE,"Formal education, includes formal initial and formal adult education programmes",_T,Total,_Z,Not applicable,_Z,Not applicable,A,Annual,_Z,Not applicable,_Z,Not applicable,INST_EDU_PUB,Public educational institutions,_Z,Not applicable,ST_CL,Students per class,_T,Total,_T,Total,2021,,20.1507934285714,,,,,,,,,,A,Normal value,,,,,2,Two,,,0,Units
OECD,OECD,ISCED11_1,Primary education,CLS,Student classes,FE,"Formal education, includes formal initial and formal adult education programmes",_T,Total,_Z,Not applicable,_Z,Not applicable,A,Annual,_Z,Not applicable,_Z,Not applicable,INST_EDU_PUB,Public educational institutions,_Z,Not applicable,ST_CL,Students per class,_T,Total,_T,Total,2022,,20.0832655882353,,,,,,,,,,A,Normal value,,,,,2,Two,,,0,Units
OECD,OECD,ISCED11_1,Primary education,CLS,Student classes,FE,"Formal education, includes formal initial and formal adult education programmes",_T,Total,_Z,Not applicable,_Z,Not applicable,A,Annual,_Z,Not applicable,_Z,Not applicable,INST_EDU_PUB,Public educational institutions,_Z,Not applicable,ST_CL,Students per class,_T,Total,_T,Total,2023,,20.1677017142857,,,,,,,,,,A,Normal value,,,,,2,Two,,,0,Units
FRA,France,ISCED11_2,Lower secondary education,CLS,Student classes,FE,"Formal education, includes formal initial and formal adult education programmes",_T,Total,_Z,Not applicable,_Z,Not applicable,A,Annual,_Z,Not applicable,_Z,Not applicable,INST_EDU_PRIV_GOV,Government dependent private educational institutions,_Z,Not applicable,ST_CL,Students per class,_T,Total,_T,Total,2013,,26.40214,,,,,,,,,,A,Normal value,,,,,2,Two,,,0,Units
FRA,France,ISCED11_2,Lower secondary education,CLS,Student classes,FE,"Formal education, includes formal initial and formal adult education programmes",_T,Total,_Z,Not applicable,_Z,Not applicable,A,Annual,_Z,Not applicable,_Z,Not applicable,INST_EDU_PRIV_GOV,Government dependent private educational institutions,_Z,Not applicable,ST_CL,Students per class,_T,Total,_T,Total,2014,,26.38951,,,,,,,,,,A,Normal value,,,,,2,Two,,,0,Units
FRA,France,ISCED11_2,Lower secondary education,CLS,Student classes,FE,"Formal education, includes formal initial and formal adult education programmes",_T,Total,_Z,Not applicable,_Z,Not applicable,A,Annual,_Z,Not applicable,_Z,Not applicable,INST_EDU_PRIV_GOV,Government dependent private educational institutions,_Z,Not applicable,ST_CL,Students per class,_T,Total,_T,Total,2015,,26.43858,,,,,,,,,,A,Normal value,,,,,2,Two,,,0,Units
FRA,France,ISCED11_2,Lower secondary education,CLS,Student classes,FE,"Formal education, includes formal initial and formal adult education programmes",_T,Total,_Z,Not applicable,_Z,Not applicable,A,Annual,_Z,Not applicable,_Z,Not applicable,INST_EDU_PRIV_GOV,Government dependent private educational institutions,_Z,Not applicable,ST_CL,Students per class,_T,Total,_T,Total,2016,,26.41574,,,,,,,,,,A,Normal value,,,,,2,Two,,,0,Units
FRA,France,ISCED11_2,Lower secondary education,CLS,Student classes,FE,"Formal education, includes formal initial and formal adult education programmes",_T,Total,_Z,Not applicable,_Z,Not applicable,A,Annual,_Z,Not applicable,_Z,Not applicable,INST_EDU_PRIV_GOV,Government dependent private educational institutions,_Z,Not applicable,ST_CL,Students per class,_T,Total,_T,Total,2017,,26.57339,,,,,,,,,,A,Normal value,,,,,2,Two,,,0,Units
FRA,France,ISCED11_2,Lower secondary education,CLS,Student classes,FE,"Formal education, includes formal initial and formal adult education programmes",_T,Total,_Z,Not applicable,_Z,Not applicable,A,Annual,_Z,Not applicable,_Z,Not applicable,INST_EDU_PRIV_GOV,Government dependent private educational institutions,_Z,Not applicable,ST_CL,Students per class,_T,Total,_T,Total,2018,,26.79462,,,,,,,,,,A,Normal value,,,,,2,Two,,,0,Units
FRA,France,ISCED11_2,Lower secondary education,CLS,Student classes,FE,"Formal education, includes formal initial and formal adult education programmes",_T,Total,_Z,Not applicable,_Z,Not applicable,A,Annual,_Z,Not applicable,_Z,Not applicable,INST_EDU_PRIV_GOV,Government dependent private educational institutions,_Z,Not applicable,ST_CL,Students per class,_T,Total,_T,Total,2019,,27.03586,,,,,,,,,,A,Normal value,,,,,2,Two,,,0,Units
FRA,France,ISCED11_2,Lower secondary education,CLS,Student classes,FE,"Formal education, includes formal initial and formal adult education programmes",_T,Total,_Z,Not applicable,_Z,Not applicable,A,Annual,_Z,Not applicable,_Z,Not applicable,INST_EDU_PRIV_GOV,Government dependent private educational institutions,_Z,Not applicable,ST_CL,Students per class,_T,Total,_T,Total,2020,,27.21513,,,,,,,,,,A,Normal value,,,,,2,Two,,,0,Units
FRA,France,ISCED11_2,Lower secondary education,CLS,Student classes,FE,"Formal education, includes formal initial and formal adult education programmes",_T,Total,_Z,Not applicable,_Z,Not applicable,A,Annual,_Z,Not applicable,_Z,Not applicable,INST_EDU_PRIV_GOV,Government dependent private educational institutions,_Z,Not applicable,ST_CL,Students per class,_T,Total,_T,Total,2021,,27.173,,,,,,,,,,A,Normal value,,,,,2,Two,,,0,Units
FRA,France,ISCED11_2,Lower secondary education,CLS,Student classes,FE,"Formal education, includes formal initial and formal adult education programmes",_T,Total,_Z,Not applicable,_Z,Not applicable,A,Annual,_Z,Not applicable,_Z,Not applicable,INST_EDU_PRIV_GOV,Government dependent private educational institutions,_Z,Not applicable,ST_CL,Students per class,_T,Total,_T,Total,2022,,27.38369,,,,,,,,,,A,Normal value,,,,,2,Two,,,0,Units
FRA,France,ISCED11_2,Lower secondary education,CLS,Student classes,FE,"Formal education, includes formal initial and formal adult education programmes",_T,Total,_Z,Not applicable,_Z,Not applicable,A,Annual,_Z,Not applicable,_Z,Not applicable,INST_EDU_PRIV_GOV,Government dependent private educational institutions,_Z,Not applicable,ST_CL,Students per class,_T,Total,_T,Total,2023,,27.361,,,,,,,,,,A,Normal value,,,,,2,Two,,,0,Units
EU25,European Union (25 countries),ISCED11_1,Primary education,CLS,Student classes,FE,"Formal education, includes formal initial and formal adult education programmes",_T,Total,_Z,Not applicable,_Z,Not applicable,A,Annual,_Z,Not applicable,_Z,Not applicable,INST_EDU_PRIV_GOV,Government dependent private educational institutions,_Z,Not applicable,ST_CL,Students per class,_T,Total,_T,Total,2013,,14.8558428571429,,,,,,,,,,A,Normal value,,,,,2,Two,,,0,Units
EU25,European Union (25 countries),ISCED11_1,Primary education,CLS,Student classes,FE,"Formal education, includes formal initial and formal adult education programmes",_T,Total,_Z,Not applicable,_Z,Not applicable,A,Annual,_Z,Not applicable,_Z,Not applicable,INST_EDU_PRIV_GOV,Government dependent private educational institutions,_Z,Not applicable,ST_CL,Students per class,_T,Total,_T,Total,2014,,14.7584848,,,,,,,,,,A,Normal value,,,,,2,Two,,,0,Units
EU25,European Union (25 countries),ISCED11_1,Primary education,CLS,Student classes,FE,"Formal education, includes formal initial and formal adult education programmes",_T,Total,_Z,Not applicable,_Z,Not applicable,A,Annual,_Z,Not applicable,_Z,Not applicable,INST_EDU_PRIV_GOV,Government dependent private educational institutions,_Z,Not applicable,ST_CL,Students per class,_T,Total,_T,Total,2015,,15.4046173333333,,,,,,,,,,A,Normal value,,,,,2,Two,,,0,Units
EU25,European Union (25 countries),ISCED11_1,Primary education,CLS,Student classes,FE,"Formal education, includes formal initial and formal adult education programmes",_T,Total,_Z,Not applicable,_Z,Not applicable,A,Annual,_Z,Not applicable,_Z,Not applicable,INST_EDU_PRIV_GOV,Government dependent private educational institutions,_Z,Not applicable,ST_CL,Students per class,_T,Total,_T,Total,2016,,16.6192326666667,,,,,,,,,,A,Normal value,,,,,2,Two,,,0,Units
EU25,European Union (25 countries),ISCED11_1,Primary education,CLS,Student classes,FE,"Formal education, includes formal initial and formal adult education programmes",_T,Total,_Z,Not applicable,_Z,Not applicable,A,Annual,_Z,Not applicable,_Z,Not applicable,INST_EDU_PRIV_GOV,Government dependent private educational institutions,_Z,Not applicable,ST_CL,Students per class,_T,Total,_T,Total,2017,,16.649312,,,,,,,,,,A,Normal value,,,,,2,Two,,,0,Units
EU25,European Union (25 countries),ISCED11_1,Primary education,CLS,Student classes,FE,"Formal education, includes formal initial and formal adult education programmes",_T,Total,_Z,Not applicable,_Z,Not applicable,A,Annual,_Z,Not applicable,_Z,Not applicable,INST_EDU_PRIV_GOV,Government dependent private educational institutions,_Z,Not applicable,ST_CL,Students per class,_T,Total,_T,Total,2018,,15.414865625,,,,,,,,,,A,Normal value,,,,,2,Two,,,0,Units
EU25,European Union (25 countries),ISCED11_1,Primary education,CLS,Student classes,FE,"Formal education, includes formal initial and formal adult education programmes",_T,Total,_Z,Not applicable,_Z,Not applicable,A,Annual,_Z,Not applicable,_Z,Not applicable,INST_EDU_PRIV_GOV,Government dependent private educational institutions,_Z,Not applicable,ST_CL,Students per class,_T,Total,_T,Total,2019,,15.34759,,,,,,,,,,A,Normal value,,,,,2,Two,,,0,Units
EU25,European Union (25 countries),ISCED11_1,Primary education,CLS,Student classes,FE,"Formal education, includes formal initial and formal adult education programmes",_T,Total,_Z,Not applicable,_Z,Not applicable,A,Annual,_Z,Not applicable,_Z,Not applicable,INST_EDU_PRIV_GOV,Government dependent private educational institutions,_Z,Not applicable,ST_CL,Students per class,_T,Total,_T,Total,2020,,16.0748526666667,,,,,,,,,,A,Normal value,,,,,2,Two,,,0,Units
EU25,European Union (25 countries),ISCED11_1,Primary education,CLS,Student classes,FE,"Formal education, includes formal initial and formal adult education programmes",_T,Total,_Z,Not applicable,_Z,Not applicable,A,Annual,_Z,Not applicable,_Z,Not applicable,INST_EDU_PRIV_GOV,Government dependent private educational institutions,_Z,Not applicable,ST_CL,Students per class,_T,Total,_T,Total,2021,,15.819098,,,,,,,,,,A,Normal value,,,,,2,Two,,,0,Units
EU25,European Union (25 countries),ISCED11_1,Primary education,CLS,Student classes,FE,"Formal education, includes formal initial and formal adult education programmes",_T,Total,_Z,Not applicable,_Z,Not applicable,A,Annual,_Z,Not applicable,_Z,Not applicable,INST_EDU_PRIV_GOV,Government dependent private educational institutions,_Z,Not applicable,ST_CL,Students per class,_T,Total,_T,Total,2022,,18.8038121428571,,,,,,,,,,A,Normal value,,,,,2,Two,,,0,Units
EU25,European Union (25 countries),ISCED11_1,Primary education,CLS,Student classes,FE,"Formal education, includes formal initial and formal adult education programmes",_T,Total,_Z,Not applicable,_Z,Not applicable,A,Annual,_Z,Not applicable,_Z,Not applicable,INST_EDU_PRIV_GOV,Government dependent private educational institutions,_Z,Not applicable,ST_CL,Students per class,_T,Total,_T,Total,2023,,18.7776478571429,,,,,,,,,,A,Normal value,,,,,2,Two,,,0,Units
DEU,Germany,ISCED11_2,Lower secondary education,CLS,Student classes,FE,"Formal education, includes formal initial and formal adult education programmes",_T,Total,_Z,Not applicable,_Z,Not applicable,A,Annual,_Z,Not applicable,_Z,Not applicable,INST_EDU,All educational institutions,_Z,Not applicable,ST_CL,Students per class,_T,Total,_T,Total,2013,,24.28505,,,,,,,,,,A,Normal value,,,,,2,Two,,,0,Units
DEU,Germany,ISCED11_2,Lower secondary education,CLS,Student classes,FE,"Formal education, includes formal initial and formal adult education programmes",_T,Total,_Z,Not applicable,_Z,Not applicable,A,Annual,_Z,Not applicable,_Z,Not applicable,INST_EDU,All educational institutions,_Z,Not applicable,ST_CL,Students per class,_T,Total,_T,Total,2014,,24.14756,,,,,,,,,,A,Normal value,,,,,2,Two,,,0,Units
DEU,Germany,ISCED11_2,Lower secondary education,CLS,Student classes,FE,"Formal education, includes formal initial and formal adult education programmes",_T,Total,_Z,Not applicable,_Z,Not applicable,A,Annual,_Z,Not applicable,_Z,Not applicable,INST_EDU,All educational institutions,_Z,Not applicable,ST_CL,Students per class,_T,Total,_T,Total,2015,,24.05609,,,,,,,,,,A,Normal value,,,,,2,Two,,,0,Units
DEU,Germany,ISCED11_2,Lower secondary education,CLS,Student classes,FE,"Formal education, includes formal initial and formal adult education programmes",_T,Total,_Z,Not applicable,_Z,Not applicable,A,Annual,_Z,Not applicable,_Z,Not applicable,INST_EDU,All educational institutions,_Z,Not applicable,ST_CL,Students per class,_T,Total,_T,Total,2016,,24.03557,,,,,,,,,,A,Normal value,,,,,2,Two,,,0,Units
DEU,Germany,ISCED11_2,Lower secondary education,CLS,Student classes,FE,"Formal education, includes formal initial and formal adult education programmes",_T,Total,_Z,Not applicable,_Z,Not applicable,A,Annual,_Z,Not applicable,_Z,Not applicable,INST_EDU,All educational institutions,_Z,Not applicable,ST_CL,Students per class,_T,Total,_T,Total,2017,,23.92064,,,,,,,,,,A,Normal value,,,,,2,Two,,,0,Units
DEU,Germany,ISCED11_2,Lower secondary education,CLS,Student classes,FE,"Formal education, includes formal initial and formal adult education programmes",_T,Total,_Z,Not applicable,_Z,Not applicable,A,Annual,_Z,Not applicable,_Z,Not applicable,INST_EDU,All educational institutions,_Z,Not applicable,ST_CL,Students per class,_T,Total,_T,Total,2018,,23.93312,,,,,,,,,,A,Normal value,,,,,2,Two,,,0,Units
DEU,Germany,ISCED11_2,Lower secondary education,CLS,Student classes,FE,"Formal education, includes formal initial and formal adult education programmes",_T,Total,_Z,Not applicable,_Z,Not applicable,A,Annual,_Z,Not applicable,_Z,Not applicable,INST_EDU,All educational institutions,_Z,Not applicable,ST_CL,Students per class,_T,Total,_T,Total,2019,,23.91582,,,,,,,,,,A,Normal value,,,,,2,Two,,,0,Units
DEU,Germany,ISCED11_2,Lower secondary education,CLS,Student classes,FE,"Formal education, includes formal initial and formal adult education programmes",_T,Total,_Z,Not applicable,_Z,Not applicable,A,Annual,_Z,Not applicable,_Z,Not applicable,INST_EDU,All educational institutions,_Z,Not applicable,ST_CL,Students per class,_T,Total,_T,Total,2020,,23.87724,,,,,,,,,,A,Normal value,,,,,2,Two,,,0,Units
DEU,Germany,ISCED11_2,Lower secondary education,CLS,Student classes,FE,"Formal education, includes formal initial and formal adult education programmes",_T,Total,_Z,Not applicable,_Z,Not applicable,A,Annual,_Z,Not applicable,_Z,Not applicable,INST_EDU,All educational institutions,_Z,Not applicable,ST_CL,Students per class,_T,Total,_T,Total,2021,,23.82335,,,,,,,,,,A,Normal value,,,,,2,Two,,,0,Units
DEU,Germany,ISCED11_2,Lower secondary education,CLS,Student classes,FE,"Formal education, includes formal initial and formal adult education programmes",_T,Total,_Z,Not applicable,_Z,Not applicable,A,Annual,_Z,Not applicable,_Z,Not applicable,INST_EDU,All educational institutions,_Z,Not applicable,ST_CL,Students per class,_T,Total,_T,Total,2022,,23.23206,,,,,,,,,,A,Normal value,,,,,2,Two,,,0,Units
DEU,Germany,ISCED11_2,Lower secondary education,CLS,Student classes,FE,"Formal education, includes formal initial and formal adult education programmes",_T,Total,_Z,Not applicable,_Z,Not applicable,A,Annual,_Z,Not applicable,_Z,Not applicable,INST_EDU,All educational institutions,_Z,Not applicable,ST_CL,Students per class,_T,Total,_T,Total,2023,,23.43126,,,,,,,,,,A,Normal value,,,,,2,Two,,,0,Units
DEU,Germany,ISCED11_2,Lower secondary education,CLS,Student classes,FE,"Formal education, includes formal initial and formal adult education programmes",_T,Total,_Z,Not applicable,_Z,Not applicable,A,Annual,_Z,Not applicable,_Z,Not applicable,INST_EDU,All educational institutions,_Z,Not applicable,ST_CL,Students per class,_T,Total,_T,Total,2024,,23.39751,,,,,,,,,,A,Normal value,,,,,2,Two,,,0,Units
DEU,Germany,ISCED11_1,Primary education,CLS,Student classes,FE,"Formal education, includes formal initial and formal adult education programmes",_T,Total,_Z,Not applicable,_Z,Not applicable,A,Annual,_Z,Not applicable,_Z,Not applicable,INST_EDU,All educational institutions,_Z,Not applicable,ST_CL,Students per class,_T,Total,_T,Total,2013,,20.84977,,,,,,,,,,A,Normal value,,,,,2,Two,,,0,Units
DEU,Germany,ISCED11_1,Primary education,CLS,Student classes,FE,"Formal education, includes formal initial and formal adult education programmes",_T,Total,_Z,Not applicable,_Z,Not applicable,A,Annual,_Z,Not applicable,_Z,Not applicable,INST_EDU,All educational institutions,_Z,Not applicable,ST_CL,Students per class,_T,Total,_T,Total,2014,,20.72387,,,,,,,,,,A,Normal value,,,,,2,Two,,,0,Units
DEU,Germany,ISCED11_1,Primary education,CLS,Student classes,FE,"Formal education, includes formal initial and formal adult education programmes",_T,Total,_Z,Not applicable,_Z,Not applicable,A,Annual,_Z,Not applicable,_Z,Not applicable,INST_EDU,All educational institutions,_Z,Not applicable,ST_CL,Students per class,_T,Total,_T,Total,2015,,20.70064,,,,,,,,,,A,Normal value,,,,,2,Two,,,0,Units
DEU,Germany,ISCED11_1,Primary education,CLS,Student classes,FE,"Formal education, includes formal initial and formal adult education programmes",_T,Total,_Z,Not applicable,_Z,Not applicable,A,Annual,_Z,Not applicable,_Z,Not applicable,INST_EDU,All educational institutions,_Z,Not applicable,ST_CL,Students per class,_T,Total,_T,Total,2016,,20.76523,,,,,,,,,,A,Normal value,,,,,2,Two,,,0,Units
DEU,Germany,ISCED11_1,Primary education,CLS,Student classes,FE,"Formal education, includes formal initial and formal adult education programmes",_T,Total,_Z,Not applicable,_Z,Not applicable,A,Annual,_Z,Not applicable,_Z,Not applicable,INST_EDU,All educational institutions,_Z,Not applicable,ST_CL,Students per class,_T,Total,_T,Total,2017,,20.87751,,,,,,,,,,A,Normal value,,,,,2,Two,,,0,Units
DEU,Germany,ISCED11_1,Primary education,CLS,Student classes,FE,"Formal education, includes formal initial and formal adult education programmes",_T,Total,_Z,Not applicable,_Z,Not applicable,A,Annual,_Z,Not applicable,_Z,Not applicable,INST_EDU,All educational institutions,_Z,Not applicable,ST_CL,Students per class,_T,Total,_T,Total,2018,,20.98869,,,,,,,,,,A,Normal value,,,,,2,Two,,,0,Units
DEU,Germany,ISCED11_1,Primary education,CLS,Student classes,FE,"Formal education, includes formal initial and formal adult education programmes",_T,Total,_Z,Not applicable,_Z,Not applicable,A,Annual,_Z,Not applicable,_Z,Not applicable,INST_EDU,All educational institutions,_Z,Not applicable,ST_CL,Students per class,_T,Total,_T,Total,2019,,20.96058,,,,,,,,,,A,Normal value,,,,,2,Two,,,0,Units
DEU,Germany,ISCED11_1,Primary education,CLS,Student classes,FE,"Formal education, includes formal initial and formal adult education programmes",_T,Total,_Z,Not applicable,_Z,Not applicable,A,Annual,_Z,Not applicable,_Z,Not applicable,INST_EDU,All educational institutions,_Z,Not applicable,ST_CL,Students per class,_T,Total,_T,Total,2020,,20.93744,,,,,,,,,,A,Normal value,,,,,2,Two,,,0,Units
DEU,Germany,ISCED11_1,Primary education,CLS,Student classes,FE,"Formal education, includes formal initial and formal adult education programmes",_T,Total,_Z,Not applicable,_Z,Not applicable,A,Annual,_Z,Not applicable,_Z,Not applicable,INST_EDU,All educational institutions,_Z,Not applicable,ST_CL,Students per class,_T,Total,_T,Total,2021,,20.94072,,,,,,,,,,A,Normal value,,,,,2,Two,,,0,Units
DEU,Germany,ISCED11_1,Primary education,CLS,Student classes,FE,"Formal education, includes formal initial and formal adult education programmes",_T,Total,_Z,Not applicable,_Z,Not applicable,A,Annual,_Z,Not applicable,_Z,Not applicable,INST_EDU,All educational institutions,_Z,Not applicable,ST_CL,Students per class,_T,Total,_T,Total,2022,,20.59277,,,,,,,,,,A,Normal value,,,,,2,Two,,,0,Units
DEU,Germany,ISCED11_1,Primary education,CLS,Student classes,FE,"Formal education, includes formal initial and formal adult education programmes",_T,Total,_Z,Not applicable,_Z,Not applicable,A,Annual,_Z,Not applicable,_Z,Not applicable,INST_EDU,All educational institutions,_Z,Not applicable,ST_CL,Students per class,_T,Total,_T,Total,2023,,21.02384,,,,,,,,,,A,Normal value,,,,,2,Two,,,0,Units
DEU,Germany,ISCED11_1,Primary education,CLS,Student classes,FE,"Formal education, includes formal initial and formal adult education programmes",_T,Total,_Z,Not applicable,_Z,Not applicable,A,Annual,_Z,Not applicable,_Z,Not applicable,INST_EDU,All educational institutions,_Z,Not applicable,ST_CL,Students per class,_T,Total,_T,Total,2024,,21.10353,,,,,,,,,,A,Normal value,,,,,2,Two,,,0,Units
POL,Poland,ISCED11_2,Lower secondary education,CLS,Student classes,FE,"Formal education, includes formal initial and formal adult education programmes",_T,Total,_Z,Not applicable,_Z,Not applicable,A,Annual,_Z,Not applicable,_Z,Not applicable,INST_EDU_PUB,Public educational institutions,_Z,Not applicable,ST_CL,Students per class,_T,Total,_T,Total,2013,,22.76273,,,,,,,,,,A,Normal value,,,,,2,Two,,,0,Units
POL,Poland,ISCED11_2,Lower secondary education,CLS,Student classes,FE,"Formal education, includes formal initial and formal adult education programmes",_T,Total,_Z,Not applicable,_Z,Not applicable,A,Annual,_Z,Not applicable,_Z,Not applicable,INST_EDU_PUB,Public educational institutions,_Z,Not applicable,ST_CL,Students per class,_T,Total,_T,Total,2014,,22.74162,,,,,,,,,,A,Normal value,,,,,2,Two,,,0,Units
POL,Poland,ISCED11_2,Lower secondary education,CLS,Student classes,FE,"Formal education, includes formal initial and formal adult education programmes",_T,Total,_Z,Not applicable,_Z,Not applicable,A,Annual,_Z,Not applicable,_Z,Not applicable,INST_EDU_PUB,Public educational institutions,_Z,Not applicable,ST_CL,Students per class,_T,Total,_T,Total,2015,,22.54027,,,,,,,,,,A,Normal value,,,,,2,Two,,,0,Units
POL,Poland,ISCED11_2,Lower secondary education,CLS,Student classes,FE,"Formal education, includes formal initial and formal adult education programmes",_T,Total,_Z,Not applicable,_Z,Not applicable,A,Annual,_Z,Not applicable,_Z,Not applicable,INST_EDU_PUB,Public educational institutions,_Z,Not applicable,ST_CL,Students per class,_T,Total,_T,Total,2016,,22.45256,,,,,,,,,,A,Normal value,,,,,2,Two,,,0,Units
POL,Poland,ISCED11_2,Lower secondary education,CLS,Student classes,FE,"Formal education, includes formal initial and formal adult education programmes",_T,Total,_Z,Not applicable,_Z,Not applicable,A,Annual,_Z,Not applicable,_Z,Not applicable,INST_EDU_PUB,Public educational institutions,_Z,Not applicable,ST_CL,Students per class,_T,Total,_T,Total,2017,,22.34852,,,,,,,,,,A,Normal value,,,,,2,Two,,,0,Units
POL,Poland,ISCED11_2,Lower secondary education,CLS,Student classes,FE,"Formal education, includes formal initial and formal adult education programmes",_T,Total,_Z,Not applicable,_Z,Not applicable,A,Annual,_Z,Not applicable,_Z,Not applicable,INST_EDU_PUB,Public educational institutions,_Z,Not applicable,ST_CL,Students per class,_T,Total,_T,Total,2018,,20.90283,,,,,,,,,,A,Normal value,,,,,2,Two,,,0,Units
POL,Poland,ISCED11_2,Lower secondary education,CLS,Student classes,FE,"Formal education, includes formal initial and formal adult education programmes",_T,Total,_Z,Not applicable,_Z,Not applicable,A,Annual,_Z,Not applicable,_Z,Not applicable,INST_EDU_PUB,Public educational institutions,_Z,Not applicable,ST_CL,Students per class,_T,Total,_T,Total,2019,,19.50191,,,,,,,,,,A,Normal value,,,,,2,Two,,,0,Units
POL,Poland,ISCED11_2,Lower secondary education,CLS,Student classes,FE,"Formal education, includes formal initial and formal adult education programmes",_T,Total,_Z,Not applicable,_Z,Not applicable,A,Annual,_Z,Not applicable,_Z,Not applicable,INST_EDU_PUB,Public educational institutions,_Z,Not applicable,ST_CL,Students per class,_T,Total,_T,Total,2020,,18.48571,,,,,,,,,,A,Normal value,,,,,2,Two,,,0,Units
POL,Poland,ISCED11_2,Lower secondary education,CLS,Student classes,FE,"Formal education, includes formal initial and formal adult education programmes",_T,Total,_Z,Not applicable,_Z,Not applicable,A,Annual,_Z,Not applicable,_Z,Not applicable,INST_EDU_PUB,Public educational institutions,_Z,Not applicable,ST_CL,Students per class,_T,Total,_T,Total,2021,,18.69207,,,,,,,,,,A,Normal value,,,,,2,Two,,,0,Units
POL,Poland,ISCED11_2,Lower secondary education,CLS,Student classes,FE,"Formal education, includes formal initial and formal adult education programmes",_T,Total,_Z,Not applicable,_Z,Not applicable,A,Annual,_Z,Not applicable,_Z,Not applicable,INST_EDU_PUB,Public educational institutions,_Z,Not applicable,ST_CL,Students per class,_T,Total,_T,Total,2022,,18.6106,,,,,,,,,,A,Normal value,,,,,2,Two,,,0,Units
POL,Poland,ISCED11_2,Lower secondary education,CLS,Student classes,FE,"Formal education, includes formal initial and formal adult education programmes",_T,Total,_Z,Not applicable,_Z,Not applicable,A,Annual,_Z,Not applicable,_Z,Not applicable,INST_EDU_PUB,Public educational institutions,_Z,Not applicable,ST_CL,Students per class,_T,Total,_T,Total,2023,,18.86333,,,,,,,,,,A,Normal value,,,,,2,Two,,,0,Units
POL,Poland,ISCED11_2,Lower secondary education,CLS,Student classes,FE,"Formal education, includes formal initial and formal adult education programmes",_T,Total,_Z,Not applicable,_Z,Not applicable,A,Annual,_Z,Not applicable,_Z,Not applicable,INST_EDU_PUB,Public educational institutions,_Z,Not applicable,ST_CL,Students per class,_T,Total,_T,Total,2024,,18.38972,,,,,,,,,,A,Normal value,,,,,2,Two,,,0,Units
PRT,Portugal,ISCED11_1,Primary education,CLS,Student classes,FE,"Formal education, includes formal initial and formal adult education programmes",_T,Total,_Z,Not applicable,_Z,Not applicable,A,Annual,_Z,Not applicable,_Z,Not applicable,INST_EDU,All educational institutions,_Z,Not applicable,ST_CL,Students per class,_T,Total,_T,Total,2013,,20.96922,,,,,,,,,,A,Normal value,,,,,2,Two,,,0,Units
PRT,Portugal,ISCED11_1,Primary education,CLS,Student classes,FE,"Formal education, includes formal initial and formal adult education programmes",_T,Total,_Z,Not applicable,_Z,Not applicable,A,Annual,_Z,Not applicable,_Z,Not applicable,INST_EDU,All educational institutions,_Z,Not applicable,ST_CL,Students per class,_T,Total,_T,Total,2014,,21.21885,,,,,,,,,,A,Normal value,,,,,2,Two,,,0,Units
PRT,Portugal,ISCED11_1,Primary education,CLS,Student classes,FE,"Formal education, includes formal initial and formal adult education programmes",_T,Total,_Z,Not applicable,_Z,Not applicable,A,Annual,_Z,Not applicable,_Z,Not applicable,INST_EDU,All educational institutions,_Z,Not applicable,ST_CL,Students per class,_T,Total,_T,Total,2015,,21.24535,,,,,,,,,,A,Normal value,,,,,2,Two,,,0,Units
PRT,Portugal,ISCED11_1,Primary education,CLS,Student classes,FE,"Formal education, includes formal initial and formal adult education programmes",_T,Total,_Z,Not applicable,_Z,Not applicable,A,Annual,_Z,Not applicable,_Z,Not applicable,INST_EDU,All educational institutions,_Z,Not applicable,ST_CL,Students per class,_T,Total,_T,Total,2016,,21.15028,,,,,,,,,,A,Normal value,,,,,2,Two,,,0,Units
PRT,Portugal,ISCED11_1,Primary education,CLS,Student classes,FE,"Formal education, includes formal initial and formal adult education programmes",_T,Total,_Z,Not applicable,_Z,Not applicable,A,Annual,_Z,Not applicable,_Z,Not applicable,INST_EDU,All educational institutions,_Z,Not applicable,ST_CL,Students per class,_T,Total,_T,Total,2017,,21.21474,,,,,,,,,,A,Normal value,,,,,2,Two,,,0,Units
PRT,Portugal,ISCED11_1,Primary education,CLS,Student classes,FE,"Formal education, includes formal initial and formal adult education programmes",_T,Total,_Z,Not applicable,_Z,Not applicable,A,Annual,_Z,Not applicable,_Z,Not applicable,INST_EDU,All educational institutions,_Z,Not applicable,ST_CL,Students per class,_T,Total,_T,Total,2018,,21.11327,,,,,,,,,,A,Normal value,,,,,2,Two,,,0,Units
PRT,Portugal,ISCED11_1,Primary education,CLS,Student classes,FE,"Formal education, includes formal initial and formal adult education programmes",_T,Total,_Z,Not applicable,_Z,Not applicable,A,Annual,_Z,Not applicable,_Z,Not applicable,INST_EDU,All educational institutions,_Z,Not applicable,ST_CL,Students per class,_T,Total,_T,Total,2019,,20.85629,,,,,,,,,,A,Normal value,,,,,2,Two,,,0,Units
PRT,Portugal,ISCED11_1,Primary education,CLS,Student classes,FE,"Formal education, includes formal initial and formal adult education programmes",_T,Total,_Z,Not applicable,_Z,Not applicable,A,Annual,_Z,Not applicable,_Z,Not applicable,INST_EDU,All educational institutions,_Z,Not applicable,ST_CL,Students per class,_T,Total,_T,Total,2020,,20.58159,,,,,,,,,,A,Normal value,,,,,2,Two,,,0,Units
PRT,Portugal,ISCED11_1,Primary education,CLS,Student classes,FE,"Formal education, includes formal initial and formal adult education programmes",_T,Total,_Z,Not applicable,_Z,Not applicable,A,Annual,_Z,Not applicable,_Z,Not applicable,INST_EDU,All educational institutions,_Z,Not applicable,ST_CL,Students per class,_T,Total,_T,Total,2021,,19.95373,,,,,,,,,,A,Normal value,,,,,2,Two,,,0,Units
PRT,Portugal,ISCED11_1,Primary education,CLS,Student classes,FE,"Formal education, includes formal initial and formal adult education programmes",_T,Total,_Z,Not applicable,_Z,Not applicable,A,Annual,_Z,Not applicable,_Z,Not applicable,INST_EDU,All educational institutions,_Z,Not applicable,ST_CL,Students per class,_T,Total,_T,Total,2022,,20.18806,,,,,,,,,,A,Normal value,,,,,2,Two,,,0,Units
PRT,Portugal,ISCED11_1,Primary education,CLS,Student classes,FE,"Formal education, includes formal initial and formal adult education programmes",_T,Total,_Z,Not applicable,_Z,Not applicable,A,Annual,_Z,Not applicable,_Z,Not applicable,INST_EDU,All educational institutions,_Z,Not applicable,ST_CL,Students per class,_T,Total,_T,Total,2023,,20.39079,,,,,,,,,,A,Normal value,,,,,2,Two,,,0,Units
PRT,Portugal,ISCED11_1,Primary education,CLS,Student classes,FE,"Formal education, includes formal initial and formal adult education programmes",_T,Total,_Z,Not applicable,_Z,Not applicable,A,Annual,_Z,Not applicable,_Z,Not applicable,INST_EDU,All educational institutions,_Z,Not applicable,ST_CL,Students per class,_T,Total,_T,Total,2024,,20.24282,,,,,,,,,,A,Normal value,,,,,2,Two,,,0,Units
NLD,Netherlands,ISCED11_1,Primary education,CLS,Student classes,FE,"Formal education, includes formal initial and formal adult education programmes",_T,Total,_Z,Not applicable,_Z,Not applicable,A,Annual,_Z,Not applicable,_Z,Not applicable,INST_EDU,All educational institutions,_Z,Not applicable,ST_CL,Students per class,_T,Total,_T,Total,2013,,,,,,,,,,,,O,Missing value,,,,,2,Two,,,0,Units
NLD,Netherlands,ISCED11_1,Primary education,CLS,Student classes,FE,"Formal education, includes formal initial and formal adult education programmes",_T,Total,_Z,Not applicable,_Z,Not applicable,A,Annual,_Z,Not applicable,_Z,Not applicable,INST_EDU,All educational institutions,_Z,Not applicable,ST_CL,Students per class,_T,Total,_T,Total,2014,,,,,,,,,,,,O,Missing value,,,,,2,Two,,,0,Units
NLD,Netherlands,ISCED11_1,Primary education,CLS,Student classes,FE,"Formal education, includes formal initial and formal adult education programmes",_T,Total,_Z,Not applicable,_Z,Not applicable,A,Annual,_Z,Not applicable,_Z,Not applicable,INST_EDU,All educational institutions,_Z,Not applicable,ST_CL,Students per class,_T,Total,_T,Total,2015,,,,,,,,,,,,M,Missing value; data cannot exist,,,,,2,Two,,,0,Units
NLD,Netherlands,ISCED11_1,Primary education,CLS,Student classes,FE,"Formal education, includes formal initial and formal adult education programmes",_T,Total,_Z,Not applicable,_Z,Not applicable,A,Annual,_Z,Not applicable,_Z,Not applicable,INST_EDU,All educational institutions,_Z,Not applicable,ST_CL,Students per class,_T,Total,_T,Total,2016,,,,,,,,,,,,O,Missing value,,,,,2,Two,,,0,Units
NLD,Netherlands,ISCED11_1,Primary education,CLS,Student classes,FE,"Formal education, includes formal initial and formal adult education programmes",_T,Total,_Z,Not applicable,_Z,Not applicable,A,Annual,_Z,Not applicable,_Z,Not applicable,INST_EDU,All educational institutions,_Z,Not applicable,ST_CL,Students per class,_T,Total,_T,Total,2017,,,,,,,,,,,,O,Missing value,,,,,2,Two,,,0,Units
NLD,Netherlands,ISCED11_1,Primary education,CLS,Student classes,FE,"Formal education, includes formal initial and formal adult education programmes",_T,Total,_Z,Not applicable,_Z,Not applicable,A,Annual,_Z,Not applicable,_Z,Not applicable,INST_EDU,All educational institutions,_Z,Not applicable,ST_CL,Students per class,_T,Total,_T,Total,2018,,,,,,,,,,,,O,Missing value,,,,,2,Two,,,0,Units
NLD,Netherlands,ISCED11_1,Primary education,CLS,Student classes,FE,"Formal education, includes formal initial and formal adult education programmes",_T,Total,_Z,Not applicable,_Z,Not applicable,A,Annual,_Z,Not applicable,_Z,Not applicable,INST_EDU,All educational institutions,_Z,Not applicable,ST_CL,Students per class,_T,Total,_T,Total,2019,,,,,,,,,,,,O,Missing value,,,,,2,Two,,,0,Units
NLD,Netherlands,ISCED11_1,Primary education,CLS,Student classes,FE,"Formal education, includes formal initial and formal adult education programmes",_T,Total,_Z,Not applicable,_Z,Not applicable,A,Annual,_Z,Not applicable,_Z,Not applicable,INST_EDU,All educational institutions,_Z,Not applicable,ST_CL,Students per class,_T,Total,_T,Total,2020,,,,,,,,,,,,O,Missing value,,,,,2,Two,,,0,Units
NLD,Netherlands,ISCED11_1,Primary education,CLS,Student classes,FE,"Formal education, includes formal initial and formal adult education programmes",_T,Total,_Z,Not applicable,_Z,Not applicable,A,Annual,_Z,Not applicable,_Z,Not applicable,INST_EDU,All educational institutions,_Z,Not applicable,ST_CL,Students per class,_T,Total,_T,Total,2021,,,,,,,,,,,,O,Missing value,,,,,2,Two,,,0,Units
NLD,Netherlands,ISCED11_1,Primary education,CLS,Student classes,FE,"Formal education, includes formal initial and formal adult education programmes",_T,Total,_Z,Not applicable,_Z,Not applicable,A,Annual,_Z,Not applicable,_Z,Not applicable,INST_EDU,All educational institutions,_Z,Not applicable,ST_CL,Students per class,_T,Total,_T,Total,2022,,,,,,,,,,,,O,Missing value,,,,,2,Two,,,0,Units
NLD,Netherlands,ISCED11_1,Primary education,CLS,Student classes,FE,"Formal education, includes formal initial and formal adult education programmes",_T,Total,_Z,Not applicable,_Z,Not applicable,A,Annual,_Z,Not applicable,_Z,Not applicable,INST_EDU,All educational institutions,_Z,Not applicable,ST_CL,Students per class,_T,Total,_T,Total,2023,,22.40002,,,,,,,,,,A,Normal value,,,,,2,Two,,,0,Units
NLD,Netherlands,ISCED11_1,Primary education,CLS,Student classes,FE,"Formal education, includes formal initial and formal adult education programmes",_T,Total,_Z,Not applicable,_Z,Not applicable,A,Annual,_Z,Not applicable,_Z,Not applicable,INST_EDU,All educational institutions,_Z,Not applicable,ST_CL,Students per class,_T,Total,_T,Total,2024,,22.50017,,,,,,,,,,A,Normal value,,,,,2,Two,,,0,Units
USA,United States,ISCED11_2,Lower secondary education,CLS,Student classes,FE,"Formal education, includes formal initial and formal adult education programmes",_T,Total,_Z,Not applicable,_Z,Not applicable,A,Annual,_Z,Not applicable,_Z,Not applicable,INST_EDU_PRIV_IND,Independent private educational institutions,_Z,Not applicable,ST_CL,Students per class,_T,Total,_T,Total,2013,,19.5,,,,,,,,,,A,Normal value,,,,,2,Two,,,0,Units
USA,United States,ISCED11_2,Lower secondary education,CLS,Student classes,FE,"Formal education, includes formal initial and formal adult education programmes",_T,Total,_Z,Not applicable,_Z,Not applicable,A,Annual,_Z,Not applicable,_Z,Not applicable,INST_EDU_PRIV_IND,Independent private educational institutions,_Z,Not applicable,ST_CL,Students per class,_T,Total,_T,Total,2014,,19.5,,,,,,,,,,A,Normal value,,,,,2,Two,,,0,Units
USA,United States,ISCED11_2,Lower secondary education,CLS,Student classes,FE,"Formal education, includes formal initial and formal adult education programmes",_T,Total,_Z,Not applicable,_Z,Not applicable,A,Annual,_Z,Not applicable,_Z,Not applicable,INST_EDU_PRIV_IND,Independent private educational institutions,_Z,Not applicable,ST_CL,Students per class,_T,Total,_T,Total,2015,,19.5,,,,,,,,,,A,Normal value,,,,,2,Two,,,0,Units
USA,United States,ISCED11_2,Lower secondary education,CLS,Student classes,FE,"Formal education, includes formal initial and formal adult education programmes",_T,Total,_Z,Not applicable,_Z,Not applicable,A,Annual,_Z,Not applicable,_Z,Not applicable,INST_EDU_PRIV_IND,Independent private educational institutions,_Z,Not applicable,ST_CL,Students per class,_T,Total,_T,Total,2016,,19.5,,,,,,,,,,A,Normal value,,,,,2,Two,,,0,Units
USA,United States,ISCED11_2,Lower secondary education,CLS,Student classes,FE,"Formal education, includes formal initial and formal adult education programmes",_T,Total,_Z,Not applicable,_Z,Not applicable,A,Annual,_Z,Not applicable,_Z,Not applicable,INST_EDU_PRIV_IND,Independent private educational institutions,_Z,Not applicable,ST_CL,Students per class,_T,Total,_T,Total,2017,,19.5,,,,,,,,,,A,Normal value,,,,,2,Two,,,0,Units
USA,United States,ISCED11_2,Lower secondary education,CLS,Student classes,FE,"Formal education, includes formal initial and formal adult education programmes",_T,Total,_Z,Not applicable,_Z,Not applicable,A,Annual,_Z,Not applicable,_Z,Not applicable,INST_EDU_PRIV_IND,Independent private educational institutions,_Z,Not applicable,ST_CL,Students per class,_T,Total,_T,Total,2018,,19.5,,,,,,,,,,A,Normal value,,,,,2,Two,,,0,Units
USA,United States,ISCED11_2,Lower secondary education,CLS,Student classes,FE,"Formal education, includes formal initial and formal adult education programmes",_T,Total,_Z,Not applicable,_Z,Not applicable,A,Annual,_Z,Not applicable,_Z,Not applicable,INST_EDU_PRIV_IND,Independent private educational institutions,_Z,Not applicable,ST_CL,Students per class,_T,Total,_T,Total,2019,,17.6,,,,,,,,,,A,Normal value,,,,,2,Two,,,0,Units
USA,United States,ISCED11_2,Lower secondary education,CLS,Student classes,FE,"Formal education, includes formal initial and formal adult education programmes",_T,Total,_Z,Not applicable,_Z,Not applicable,A,Annual,_Z,Not applicable,_Z,Not applicable,INST_EDU_PRIV_IND,Independent private educational institutions,_Z,Not applicable,ST_CL,Students per class,_T,Total,_T,Total,2020,,17.6,,,,,,,,,,A,Normal value,,,,,2,Two,,,0,Units
USA,United States,ISCED11_2,Lower secondary education,CLS,Student classes,FE,"Formal education, includes formal initial and formal adult education programmes",_T,Total,_Z,Not applicable,_Z,Not applicable,A,Annual,_Z,Not applicable,_Z,Not applicable,INST_EDU_PRIV_IND,Independent private educational institutions,_Z,Not applicable,ST_CL,Students per class,_T,Total,_T,Total,2021,,15,,,,,,,,,,A,Normal value,,,,,2,Two,,,0,Units
USA,United States,ISCED11_2,Lower secondary education,CLS,Student classes,FE,"Formal education, includes formal initial and formal adult education programmes",_T,Total,_Z,Not applicable,_Z,Not applicable,A,Annual,_Z,Not applicable,_Z,Not applicable,INST_EDU_PRIV_IND,Independent private educational institutions,_Z,Not applicable,ST_CL,Students per class,_T,Total,_T,Total,2022,,15,,,,,,,,,,A,Normal value,,,,,2,Two,,,0,Units
USA,United States,ISCED11_2,Lower secondary education,CLS,Student classes,FE,"Formal education, includes formal initial and formal adult education programmes",_T,Total,_Z,Not applicable,_Z,Not applicable,A,Annual,_Z,Not applicable,_Z,Not applicable,INST_EDU_PRIV_IND,Independent private educational institutions,_Z,Not applicable,ST_CL,Students per class,_T,Total,_T,Total,2023,,15,,,,,,,,,,A,Normal value,,,,,2,Two,,,0,Units
USA,United States,ISCED11_2,Lower secondary education,CLS,Student classes,FE,"Formal education, includes formal initial and formal adult education programmes",_T,Total,_Z,Not applicable,_Z,Not applicable,A,Annual,_Z,Not applicable,_Z,Not applicable,INST_EDU_PRIV_IND,Independent private educational institutions,_Z,Not applicable,ST_CL,Students per class,_T,Total,_T,Total,2024,,15,,,,,,,,,,A,Normal value,,,,,2,Two,,,0,Units
EU25,European Union (25 countries),ISCED11_1,Primary education,CLS,Student classes,FE,"Formal education, includes formal initial and formal adult education programmes",_T,Total,_Z,Not applicable,_Z,Not applicable,A,Annual,_Z,Not applicable,_Z,Not applicable,INST_EDU_PRIV_IND,Independent private educational institutions,_Z,Not applicable,ST_CL,Students per class,_T,Total,_T,Total,2013,,12.0013601818182,,,,,,,,,,A,Normal value,,,,,2,Two,,,0,Units
EU25,European Union (25 countries),ISCED11_1,Primary education,CLS,Student classes,FE,"Formal education, includes formal initial and formal adult education programmes",_T,Total,_Z,Not applicable,_Z,Not applicable,A,Annual,_Z,Not applicable,_Z,Not applicable,INST_EDU_PRIV_IND,Independent private educational institutions,_Z,Not applicable,ST_CL,Students per class,_T,Total,_T,Total,2014,,12.7626855833333,,,,,,,,,,A,Normal value,,,,,2,Two,,,0,Units
EU25,European Union (25 countries),ISCED11_1,Primary education,CLS,Student classes,FE,"Formal education, includes formal initial and formal adult education programmes",_T,Total,_Z,Not applicable,_Z,Not applicable,A,Annual,_Z,Not applicable,_Z,Not applicable,INST_EDU_PRIV_IND,Independent private educational institutions,_Z,Not applicable,ST_CL,Students per class,_T,Total,_T,Total,2015,,12.8467011666667,,,,,,,,,,A,Normal value,,,,,2,Two,,,0,Units
EU25,European Union (25 countries),ISCED11_1,Primary education,CLS,Student classes,FE,"Formal education, includes formal initial and formal adult education programmes",_T,Total,_Z,Not applicable,_Z,Not applicable,A,Annual,_Z,Not applicable,_Z,Not applicable,INST_EDU_PRIV_IND,Independent private educational institutions,_Z,Not applicable,ST_CL,Students per class,_T,Total,_T,Total,2016,,12.6930040833333,,,,,,,,,,A,Normal value,,,,,2,Two,,,0,Units
EU25,European Union (25 countries),ISCED11_1,Primary education,CLS,Student classes,FE,"Formal education, includes formal initial and formal adult education programmes",_T,Total,_Z,Not applicable,_Z,Not applicable,A,Annual,_Z,Not applicable,_Z,Not applicable,INST_EDU_PRIV_IND,Independent private educational institutions,_Z,Not applicable,ST_CL,Students per class,_T,Total,_T,Total,2017,,13.2987981538462,,,,,,,,,,A,Normal value,,,,,2,Two,,,0,Units
EU25,European Union (25 countries),ISCED11_1,Primary education,CLS,Student classes,FE,"Formal education, includes formal initial and formal adult education programmes",_T,Total,_Z,Not applicable,_Z,Not applicable,A,Annual,_Z,Not applicable,_Z,Not applicable,INST_EDU_PRIV_IND,Independent private educational institutions,_Z,Not applicable,ST_CL,Students per class,_T,Total,_T,Total,2018,,11.8687059166667,,,,,,,,,,A,Normal value,,,,,2,Two,,,0,Units
EU25,European Union (25 countries),ISCED11_1,Primary education,CLS,Student classes,FE,"Formal education, includes formal initial and formal adult education programmes",_T,Total,_Z,Not applicable,_Z,Not applicable,A,Annual,_Z,Not applicable,_Z,Not applicable,INST_EDU_PRIV_IND,Independent private educational institutions,_Z,Not applicable,ST_CL,Students per class,_T,Total,_T,Total,2019,,11.6054241666667,,,,,,,,,,A,Normal value,,,,,2,Two,,,0,Units
EU25,European Union (25 countries),ISCED11_1,Primary education,CLS,Student classes,FE,"Formal education, includes formal initial and formal adult education programmes",_T,Total,_Z,Not applicable,_Z,Not applicable,A,Annual,_Z,Not applicable,_Z,Not applicable,INST_EDU_PRIV_IND,Independent private educational institutions,_Z,Not applicable,ST_CL,Students per class,_T,Total,_T,Total,2020,,14.07017,,,,,,,,,,A,Normal value,,,,,2,Two,,,0,Units
EU25,European Union (25 countries),ISCED11_1,Primary education,CLS,Student classes,FE,"Formal education, includes formal initial and formal adult education programmes",_T,Total,_Z,Not applicable,_Z,Not applicable,A,Annual,_Z,Not applicable,_Z,Not applicable,INST_EDU_PRIV_IND,Independent private educational institutions,_Z,Not applicable,ST_CL,Students per class,_T,Total,_T,Total,2021,,14.18375,,,,,,,,,,A,Normal value,,,,,2,Two,,,0,Units
EU25,European Union (25 countries),ISCED11_1,Primary education,CLS,Student classes,FE,"Formal education, includes formal initial and formal adult education programmes",_T,Total,_Z,Not applicable,_Z,Not applicable,A,Annual,_Z,Not applicable,_Z,Not applicable,INST_EDU_PRIV_IND,Independent private educational institutions,_Z,Not applicable,ST_CL,Students per class,_T,Total,_T,Total,2022,,16.8393633333333,,,,,,,,,,A,Normal value,,,,,2,Two,,,0,Units
EU25,European Union (25 countries),ISCED11_1,Primary education,CLS,Student classes,FE,"Formal education, includes formal initial and formal adult education programmes",_T,Total,_Z,Not applicable,_Z,Not applicable,A,Annual,_Z,Not applicable,_Z,Not applicable,INST_EDU_PRIV_IND,Independent private educational institutions,_Z,Not applicable,ST_CL,Students per class,_T,Total,_T,Total,2023,,17.0515566666667,,,,,,,,,,A,Normal value,,,,,2,Two,,,0,Units
USA,United States,ISCED11_1,Primary education,CLS,Student classes,FE,"Formal education, includes formal initial and formal adult education programmes",_T,Total,_Z,Not applicable,_Z,Not applicable,A,Annual,_Z,Not applicable,_Z,Not applicable,INST_EDU_PRIV_GOV,Government dependent private educational institutions,_Z,Not applicable,ST_CL,Students per class,_T,Total,_T,Total,2013,,,,,,,,,,,,M,Missing value; data cannot exist,,,,,2,Two,,,0,Units
USA,United States,ISCED11_1,Primary education,CLS,Student classes,FE,"Formal education, includes formal initial and formal adult education programmes",_T,Total,_Z,Not applicable,_Z,Not applicable,A,Annual,_Z,Not applicable,_Z,Not applicable,INST_EDU_PRIV_GOV,Government dependent private educational institutions,_Z,Not applicable,ST_CL,Students per class,_T,Total,_T,Total,2014,,,,,,,,,,,,M,Missing value; data cannot exist,,,,,2,Two,,,0,Units
USA,United States,ISCED11_1,Primary education,CLS,Student classes,FE,"Formal education, includes formal initial and formal adult education programmes",_T,Total,_Z,Not applicable,_Z,Not applicable,A,Annual,_Z,Not applicable,_Z,Not applicable,INST_EDU_PRIV_GOV,Government dependent private educational institutions,_Z,Not applicable,ST_CL,Students per class,_T,Total,_T,Total,2015,,,,,,,,,,,,M,Missing value; data cannot exist,,,,,2,Two,,,0,Units
USA,United States,ISCED11_1,Primary education,CLS,Student classes,FE,"Formal education, includes formal initial and formal adult education programmes",_T,Total,_Z,Not applicable,_Z,Not applicable,A,Annual,_Z,Not applicable,_Z,Not applicable,INST_EDU_PRIV_GOV,Government dependent private educational institutions,_Z,Not applicable,ST_CL,Students per class,_T,Total,_T,Total,2016,,,,,,,,,,,,M,Missing value; data cannot exist,,,,,2,Two,,,0,Units
USA,United States,ISCED11_1,Primary education,CLS,Student classes,FE,"Formal education, includes formal initial and formal adult education programmes",_T,Total,_Z,Not applicable,_Z,Not applicable,A,Annual,_Z,Not applicable,_Z,Not applicable,INST_EDU_PRIV_GOV,Government dependent private educational institutions,_Z,Not applicable,ST_CL,Students per class,_T,Total,_T,Total,2017,,,,,,,,,,,,M,Missing value; data cannot exist,,,,,2,Two,,,0,Units
USA,United States,ISCED11_1,Primary education,CLS,Student classes,FE,"Formal education, includes formal initial and formal adult education programmes",_T,Total,_Z,Not applicable,_Z,Not applicable,A,Annual,_Z,Not applicable,_Z,Not applicable,INST_EDU_PRIV_GOV,Government dependent private educational institutions,_Z,Not applicable,ST_CL,Students per class,_T,Total,_T,Total,2018,,,,,,,,,,,,M,Missing value; data cannot exist,,,,,2,Two,,,0,Units
USA,United States,ISCED11_1,Primary education,CLS,Student classes,FE,"Formal education, includes formal initial and formal adult education programmes",_T,Total,_Z,Not applicable,_Z,Not applicable,A,Annual,_Z,Not applicable,_Z,Not applicable,INST_EDU_PRIV_GOV,Government dependent private educational institutions,_Z,Not applicable,ST_CL,Students per class,_T,Total,_T,Total,2019,,,,,,,,,,,,M,Missing value; data cannot exist,,,,,2,Two,,,0,Units
USA,United States,ISCED11_1,Primary education,CLS,Student classes,FE,"Formal education, includes formal initial and formal adult education programmes",_T,Total,_Z,Not applicable,_Z,Not applicable,A,Annual,_Z,Not applicable,_Z,Not applicable,INST_EDU_PRIV_GOV,Government dependent private educational institutions,_Z,Not applicable,ST_CL,Students per class,_T,Total,_T,Total,2020,,,,,,,,,,,,M,Missing value; data cannot exist,,,,,2,Two,,,0,Units
USA,United States,ISCED11_1,Primary education,CLS,Student classes,FE,"Formal education, includes formal initial and formal adult education programmes",_T,Total,_Z,Not applicable,_Z,Not applicable,A,Annual,_Z,Not applicable,_Z,Not applicable,INST_EDU_PRIV_GOV,Government dependent private educational institutions,_Z,Not applicable,ST_CL,Students per class,_T,Total,_T,Total,2021,,,,,,,,,,,,M,Missing value; data cannot exist,,,,,2,Two,,,0,Units
USA,United States,ISCED11_1,Primary education,CLS,Student classes,FE,"Formal education, includes formal initial and formal adult education programmes",_T,Total,_Z,Not applicable,_Z,Not applicable,A,Annual,_Z,Not applicable,_Z,Not applicable,INST_EDU_PRIV_GOV,Government dependent private educational institutions,_Z,Not applicable,ST_CL,Students per class,_T,Total,_T,Total,2022,,,,,,,,,,,,M,Missing value; data cannot exist,,,,,2,Two,,,0,Units
USA,United States,ISCED11_1,Primary education,CLS,Student classes,FE,"Formal education, includes formal initial and formal adult education programmes",_T,Total,_Z,Not applicable,_Z,Not applicable,A,Annual,_Z,Not applicable,_Z,Not applicable,INST_EDU_PRIV_GOV,Government dependent private educational institutions,_Z,Not applicable,ST_CL,Students per class,_T,Total,_T,Total,2023,,,,,,,,,,,,M,Missing value; data cannot exist,,,,,2,Two,,,0,Units
USA,United States,ISCED11_1,Primary education,CLS,Student classes,FE,"Formal education, includes formal initial and formal adult education programmes",_T,Total,_Z,Not applicable,_Z,Not applicable,A,Annual,_Z,Not applicable,_Z,Not applicable,INST_EDU_PRIV_GOV,Government dependent private educational institutions,_Z,Not applicable,ST_CL,Students per class,_T,Total,_T,Total,2024,,,,,,,,,,,,M,Missing value; data cannot exist,,,,,2,Two,,,0,Units
USA,United States,ISCED11_2,Lower secondary education,CLS,Student classes,FE,"Formal education, includes formal initial and formal adult education programmes",_T,Total,_Z,Not applicable,_Z,Not applicable,A,Annual,_Z,Not applicable,_Z,Not applicable,INST_EDU_PUB,Public educational institutions,_Z,Not applicable,ST_CL,Students per class,_T,Total,_T,Total,2013,,27.6,,,,,,,,,,A,Normal value,,,,,2,Two,,,0,Units
USA,United States,ISCED11_2,Lower secondary education,CLS,Student classes,FE,"Formal education, includes formal initial and formal adult education programmes",_T,Total,_Z,Not applicable,_Z,Not applicable,A,Annual,_Z,Not applicable,_Z,Not applicable,INST_EDU_PUB,Public educational institutions,_Z,Not applicable,ST_CL,Students per class,_T,Total,_T,Total,2014,,27.6,,,,,,,,,,A,Normal value,,,,,2,Two,,,0,Units
USA,United States,ISCED11_2,Lower secondary education,CLS,Student classes,FE,"Formal education, includes formal initial and formal adult education programmes",_T,Total,_Z,Not applicable,_Z,Not applicable,A,Annual,_Z,Not applicable,_Z,Not applicable,INST_EDU_PUB,Public educational institutions,_Z,Not applicable,ST_CL,Students per class,_T,Total,_T,Total,2015,,27.6,,,,,,,,,,A,Normal value,,,,,2,Two,,,0,Units
USA,United States,ISCED11_2,Lower secondary education,CLS,Student classes,FE,"Formal education, includes formal initial and formal adult education programmes",_T,Total,_Z,Not applicable,_Z,Not applicable,A,Annual,_Z,Not applicable,_Z,Not applicable,INST_EDU_PUB,Public educational institutions,_Z,Not applicable,ST_CL,Students per class,_T,Total,_T,Total,2016,,26.5,,,,,,,,,,A,Normal value,,,,,2,Two,,,0,Units
USA,United States,ISCED11_2,Lower secondary education,CLS,Student classes,FE,"Formal education, includes formal initial and formal adult education programmes",_T,Total,_Z,Not applicable,_Z,Not applicable,A,Annual,_Z,Not applicable,_Z,Not applicable,INST_EDU_PUB,Public educational institutions,_Z,Not applicable,ST_CL,Students per class,_T,Total,_T,Total,2017,,26.5,,,,,,,,,,A,Normal value,,,,,2,Two,,,0,Units
USA,United States,ISCED11_2,Lower secondary education,CLS,Student classes,FE,"Formal education, includes formal initial and formal adult education programmes",_T,Total,_Z,Not applicable,_Z,Not applicable,A,Annual,_Z,Not applicable,_Z,Not applicable,INST_EDU_PUB,Public educational institutions,_Z,Not applicable,ST_CL,Students per class,_T,Total,_T,Total,2018,,26.5,,,,,,,,,,A,Normal value,,,,,2,Two,,,0,Units
USA,United States,ISCED11_2,Lower secondary education,CLS,Student classes,FE,"Formal education, includes formal initial and formal adult education programmes",_T,Total,_Z,Not applicable,_Z,Not applicable,A,Annual,_Z,Not applicable,_Z,Not applicable,INST_EDU_PUB,Public educational institutions,_Z,Not applicable,ST_CL,Students per class,_T,Total,_T,Total,2019,,26,,,,,,,,,,A,Normal value,,,,,2,Two,,,0,Units
USA,United States,ISCED11_2,Lower secondary education,CLS,Student classes,FE,"Formal education, includes formal initial and formal adult education programmes",_T,Total,_Z,Not applicable,_Z,Not applicable,A,Annual,_Z,Not applicable,_Z,Not applicable,INST_EDU_PUB,Public educational institutions,_Z,Not applicable,ST_CL,Students per class,_T,Total,_T,Total,2020,,26,,,,,,,,,,A,Normal value,,,,,2,Two,,,0,Units
USA,United States,ISCED11_2,Lower secondary education,CLS,Student classes,FE,"Formal education, includes formal initial and formal adult education programmes",_T,Total,_Z,Not applicable,_Z,Not applicable,A,Annual,_Z,Not applicable,_Z,Not applicable,INST_EDU_PUB,Public educational institutions,_Z,Not applicable,ST_CL,Students per class,_T,Total,_T,Total,2021,,22.1,,,,,,,,,,A,Normal value,,,,,2,Two,,,0,Units
USA,United States,ISCED11_2,Lower secondary education,CLS,Student classes,FE,"Formal education, includes formal initial and formal adult education programmes",_T,Total,_Z,Not applicable,_Z,Not applicable,A,Annual,_Z,Not applicable,_Z,Not applicable,INST_EDU_PUB,Public educational institutions,_Z,Not applicable,ST_CL,Students per class,_T,Total,_T,Total,2022,,22.1,,,,,,,,,,A,Normal value,,,,,2,Two,,,0,Units
USA,United States,ISCED11_2,Lower secondary education,CLS,Student classes,FE,"Formal education, includes formal initial and formal adult education programmes",_T,Total,_Z,Not applicable,_Z,Not applicable,A,Annual,_Z,Not applicable,_Z,Not applicable,INST_EDU_PUB,Public educational institutions,_Z,Not applicable,ST_CL,Students per class,_T,Total,_T,Total,2023,,22.1,,,,,,,,,,A,Normal value,,,,,2,Two,,,0,Units
USA,United States,ISCED11_2,Lower secondary education,CLS,Student classes,FE,"Formal education, includes formal initial and formal adult education programmes",_T,Total,_Z,Not applicable,_Z,Not applicable,A,Annual,_Z,Not applicable,_Z,Not applicable,INST_EDU_PUB,Public educational institutions,_Z,Not applicable,ST_CL,Students per class,_T,Total,_T,Total,2024,,22.1,,,,,,,,,,A,Normal value,,,,,2,Two,,,0,Units
GBR,United Kingdom,ISCED11_2,Lower secondary education,CLS,Student classes,FE,"Formal education, includes formal initial and formal adult education programmes",_T,Total,_Z,Not applicable,_Z,Not applicable,A,Annual,_Z,Not applicable,_Z,Not applicable,INST_EDU_PRIV,Private educational institutions,_Z,Not applicable,ST_CL,Students per class,_T,Total,_T,Total,2013,,18.88628,,,,,,,,,,A,Normal value,,,,,2,Two,,,0,Units
GBR,United Kingdom,ISCED11_2,Lower secondary education,CLS,Student classes,FE,"Formal education, includes formal initial and formal adult education programmes",_T,Total,_Z,Not applicable,_Z,Not applicable,A,Annual,_Z,Not applicable,_Z,Not applicable,INST_EDU_PRIV,Private educational institutions,_Z,Not applicable,ST_CL,Students per class,_T,Total,_T,Total,2014,,18.03679,,,,,,,,,,A,Normal value,,,,,2,Two,,,0,Units
GBR,United Kingdom,ISCED11_2,Lower secondary education,CLS,Student classes,FE,"Formal education, includes formal initial and formal adult education programmes",_T,Total,_Z,Not applicable,_Z,Not applicable,A,Annual,_Z,Not applicable,_Z,Not applicable,INST_EDU_PRIV,Private educational institutions,_Z,Not applicable,ST_CL,Students per class,_T,Total,_T,Total,2015,,18.31892,,,,,,,,,,A,Normal value,,,,,2,Two,,,0,Units
GBR,United Kingdom,ISCED11_2,Lower secondary education,CLS,Student classes,FE,"Formal education, includes formal initial and formal adult education programmes",_T,Total,_Z,Not applicable,_Z,Not applicable,A,Annual,_Z,Not applicable,_Z,Not applicable,INST_EDU_PRIV,Private educational institutions,_Z,Not applicable,ST_CL,Students per class,_T,Total,_T,Total,2016,,18.66338,,,,,,,,,,A,Normal value,,,,,2,Two,,,0,Units
GBR,United Kingdom,ISCED11_2,Lower secondary education,CLS,Student classes,FE,"Formal education, includes formal initial and formal adult education programmes",_T,Total,_Z,Not applicable,_Z,Not applicable,A,Annual,_Z,Not applicable,_Z,Not applicable,INST_EDU_PRIV,Private educational institutions,_Z,Not applicable,ST_CL,Students per class,_T,Total,_T,Total,2017,,22.30867,,,,,,,,,,A,Normal value,,,,,2,Two,,,0,Units
GBR,United Kingdom,ISCED11_2,Lower secondary education,CLS,Student classes,FE,"Formal education, includes formal initial and formal adult education programmes",_T,Total,_Z,Not applicable,_Z,Not applicable,A,Annual,_Z,Not applicable,_Z,Not applicable,INST_EDU_PRIV,Private educational institutions,_Z,Not applicable,ST_CL,Students per class,_T,Total,_T,Total,2018,,22.34967,,,,,,,,,,A,Normal value,,,,,2,Two,,,0,Units
GBR,United Kingdom,ISCED11_2,Lower secondary education,CLS,Student classes,FE,"Formal education, includes formal initial and formal adult education programmes",_T,Total,_Z,Not applicable,_Z,Not applicable,A,Annual,_Z,Not applicable,_Z,Not applicable,INST_EDU_PRIV,Private educational institutions,_Z,Not applicable,ST_CL,Students per class,_T,Total,_T,Total,2019,,22.58358,,,,,,,,,,A,Normal value,,,,,2,Two,,,0,Units
GBR,United Kingdom,ISCED11_2,Lower secondary education,CLS,Student classes,FE,"Formal education, includes formal initial and formal adult education programmes",_T,Total,_Z,Not applicable,_Z,Not applicable,A,Annual,_Z,Not applicable,_Z,Not applicable,INST_EDU_PRIV,Private educational institutions,_Z,Not applicable,ST_CL,Students per class,_T,Total,_T,Total,2020,,22.92283,,,,,,,,,,A,Normal value,,,,,2,Two,,,0,Units
GBR,United Kingdom,ISCED11_2,Lower secondary education,CLS,Student classes,FE,"Formal education, includes formal initial and formal adult education programmes",_T,Total,_Z,Not applicable,_Z,Not applicable,A,Annual,_Z,Not applicable,_Z,Not applicable,INST_EDU_PRIV,Private educational institutions,_Z,Not applicable,ST_CL,Students per class,_T,Total,_T,Total,2021,,23.34145,,,,,,,,,,A,Normal value,,,,,2,Two,,,0,Units
GBR,United Kingdom,ISCED11_2,Lower secondary education,CLS,Student classes,FE,"Formal education, includes formal initial and formal adult education programmes",_T,Total,_Z,Not applicable,_Z,Not applicable,A,Annual,_Z,Not applicable,_Z,Not applicable,INST_EDU_PRIV,Private educational institutions,_Z,Not applicable,ST_CL,Students per class,_T,Total,_T,Total,2022,,23.23014,,,,,,,,,,A,Normal value,,,,,2,Two,,,0,Units
GBR,United Kingdom,ISCED11_2,Lower secondary education,CLS,Student classes,FE,"Formal education, includes formal initial and formal adult education programmes",_T,Total,_Z,Not applicable,_Z,Not applicable,A,Annual,_Z,Not applicable,_Z,Not applicable,INST_EDU_PRIV,Private educational institutions,_Z,Not applicable,ST_CL,Students per class,_T,Total,_T,Total,2023,,23.35964,,,,,,,,,,A,Normal value,,,,,2,Two,,,0,Units
GBR,United Kingdom,ISCED11_2,Lower secondary education,CLS,Student classes,FE,"Formal education, includes formal initial and formal adult education programmes",_T,Total,_Z,Not applicable,_Z,Not applicable,A,Annual,_Z,Not applicable,_Z,Not applicable,INST_EDU_PRIV,Private educational institutions,_Z,Not applicable,ST_CL,Students per class,_T,Total,_T,Total,2024,,23.45071,,,,,,,,,,A,Normal value,,,,,2,Two,,,0,Units
DEU,Germany,ISCED11_1,Primary education,CLS,Student classes,FE,"Formal education, includes formal initial and formal adult education programmes",_T,Total,_Z,Not applicable,_Z,Not applicable,A,Annual,_Z,Not applicable,_Z,Not applicable,INST_EDU_PUB,Public educational institutions,_Z,Not applicable,ST_CL,Students per class,_T,Total,_T,Total,2013,,20.83523,,,,,,,,,,A,Normal value,,,,,2,Two,,,0,Units
DEU,Germany,ISCED11_1,Primary education,CLS,Student classes,FE,"Formal education, includes formal initial and formal adult education programmes",_T,Total,_Z,Not applicable,_Z,Not applicable,A,Annual,_Z,Not applicable,_Z,Not applicable,INST_EDU_PUB,Public educational institutions,_Z,Not applicable,ST_CL,Students per class,_T,Total,_T,Total,2014,,20.70938,,,,,,,,,,A,Normal value,,,,,2,Two,,,0,Units
DEU,Germany,ISCED11_1,Primary education,CLS,Student classes,FE,"Formal education, includes formal initial and formal adult education programmes",_T,Total,_Z,Not applicable,_Z,Not applicable,A,Annual,_Z,Not applicable,_Z,Not applicable,INST_EDU_PUB,Public educational institutions,_Z,Not applicable,ST_CL,Students per class,_T,Total,_T,Total,2015,,20.69504,,,,,,,,,,A,Normal value,,,,,2,Two,,,0,Units
DEU,Germany,ISCED11_1,Primary education,CLS,Student classes,FE,"Formal education, includes formal initial and formal adult education programmes",_T,Total,_Z,Not applicable,_Z,Not applicable,A,Annual,_Z,Not applicable,_Z,Not applicable,INST_EDU_PUB,Public educational institutions,_Z,Not applicable,ST_CL,Students per class,_T,Total,_T,Total,2016,,20.7598,,,,,,,,,,A,Normal value,,,,,2,Two,,,0,Units
DEU,Germany,ISCED11_1,Primary education,CLS,Student classes,FE,"Formal education, includes formal initial and formal adult education programmes",_T,Total,_Z,Not applicable,_Z,Not applicable,A,Annual,_Z,Not applicable,_Z,Not applicable,INST_EDU_PUB,Public educational institutions,_Z,Not applicable,ST_CL,Students per class,_T,Total,_T,Total,2017,,20.87072,,,,,,,,,,A,Normal value,,,,,2,Two,,,0,Units
DEU,Germany,ISCED11_1,Primary education,CLS,Student classes,FE,"Formal education, includes formal initial and formal adult education programmes",_T,Total,_Z,Not applicable,_Z,Not applicable,A,Annual,_Z,Not applicable,_Z,Not applicable,INST_EDU_PUB,Public educational institutions,_Z,Not applicable,ST_CL,Students per class,_T,Total,_T,Total,2018,,20.96274,,,,,,,,,,A,Normal value,,,,,2,Two,,,0,Units
DEU,Germany,ISCED11_1,Primary education,CLS,Student classes,FE,"Formal education, includes formal initial and formal adult education programmes",_T,Total,_Z,Not applicable,_Z,Not applicable,A,Annual,_Z,Not applicable,_Z,Not applicable,INST_EDU_PUB,Public educational institutions,_Z,Not applicable,ST_CL,Students per class,_T,Total,_T,Total,2019,,20.93341,,,,,,,,,,A,Normal value,,,,,2,Two,,,0,Units
DEU,Germany,ISCED11_1,Primary education,CLS,Student classes,FE,"Formal education, includes formal initial and formal adult education programmes",_T,Total,_Z,Not applicable,_Z,Not applicable,A,Annual,_Z,Not applicable,_Z,Not applicable,INST_EDU_PUB,Public educational institutions,_Z,Not applicable,ST_CL,Students per class,_T,Total,_T,Total,2020,,20.91682,,,,,,,,,,A,Normal value,,,,,2,Two,,,0,Units
DEU,Germany,ISCED11_1,Primary education,CLS,Student classes,FE,"Formal education, includes formal initial and formal adult education programmes",_T,Total,_Z,Not applicable,_Z,Not applicable,A,Annual,_Z,Not applicable,_Z,Not applicable,INST_EDU_PUB,Public educational institutions,_Z,Not applicable,ST_CL,Students per class,_T,Total,_T,Total,2021,,20.91539,,,,,,,,,,A,Normal value,,,,,2,Two,,,0,Units
DEU,Germany,ISCED11_1,Primary education,CLS,Student classes,FE,"Formal education, includes formal initial and formal adult education programmes",_T,Total,_Z,Not applicable,_Z,Not applicable,A,Annual,_Z,Not applicable,_Z,Not applicable,INST_EDU_PUB,Public educational institutions,_Z,Not applicable,ST_CL,Students per class,_T,Total,_T,Total,2022,,20.63781,,,,,,,,,,A,Normal value,,,,,2,Two,,,0,Units
DEU,Germany,ISCED11_1,Primary education,CLS,Student classes,FE,"Formal education, includes formal initial and formal adult education programmes",_T,Total,_Z,Not applicable,_Z,Not applicable,A,Annual,_Z,Not applicable,_Z,Not applicable,INST_EDU_PUB,Public educational institutions,_Z,Not applicable,ST_CL,Students per class,_T,Total,_T,Total,2023,,21.08099,,,,,,,,,,A,Normal value,,,,,2,Two,,,0,Units
DEU,Germany,ISCED11_1,Primary education,CLS,Student classes,FE,"Formal education, includes formal initial and formal adult education programmes",_T,Total,_Z,Not applicable,_Z,Not applicable,A,Annual,_Z,Not applicable,_Z,Not applicable,INST_EDU_PUB,Public educational institutions,_Z,Not applicable,ST_CL,Students per class,_T,Total,_T,Total,2024,,21.16285,,,,,,,,,,A,Normal value,,,,,2,Two,,,0,Units
EU25,European Union (25 countries),ISCED11_2,Lower secondary education,CLS,Student classes,FE,"Formal education, includes formal initial and formal adult education programmes",_T,Total,_Z,Not applicable,_Z,Not applicable,A,Annual,_Z,Not applicable,_Z,Not applicable,INST_EDU,All educational institutions,_Z,Not applicable,ST_CL,Students per class,_T,Total,_T,Total,2013,,17.8448535,,,,,,,,,,A,Normal value,,,,,2,Two,,,0,Units
EU25,European Union (25 countries),ISCED11_2,Lower secondary education,CLS,Student classes,FE,"Formal education, includes formal initial and formal adult education programmes",_T,Total,_Z,Not applicable,_Z,Not applicable,A,Annual,_Z,Not applicable,_Z,Not applicable,INST_EDU,All educational institutions,_Z,Not applicable,ST_CL,Students per class,_T,Total,_T,Total,2014,,17.9867990909091,,,,,,,,,,A,Normal value,,,,,2,Two,,,0,Units
EU25,European Union (25 countries),ISCED11_2,Lower secondary education,CLS,Student classes,FE,"Formal education, includes formal initial and formal adult education programmes",_T,Total,_Z,Not applicable,_Z,Not applicable,A,Annual,_Z,Not applicable,_Z,Not applicable,INST_EDU,All educational institutions,_Z,Not applicable,ST_CL,Students per class,_T,Total,_T,Total,2015,,18.0533945454545,,,,,,,,,,A,Normal value,,,,,2,Two,,,0,Units
EU25,European Union (25 countries),ISCED11_2,Lower secondary education,CLS,Student classes,FE,"Formal education, includes formal initial and formal adult education programmes",_T,Total,_Z,Not applicable,_Z,Not applicable,A,Annual,_Z,Not applicable,_Z,Not applicable,INST_EDU,All educational institutions,_Z,Not applicable,ST_CL,Students per class,_T,Total,_T,Total,2016,,18.9069195454545,,,,,,,,,,A,Normal value,,,,,2,Two,,,0,Units
EU25,European Union (25 countries),ISCED11_2,Lower secondary education,CLS,Student classes,FE,"Formal education, includes formal initial and formal adult education programmes",_T,Total,_Z,Not applicable,_Z,Not applicable,A,Annual,_Z,Not applicable,_Z,Not applicable,INST_EDU,All educational institutions,_Z,Not applicable,ST_CL,Students per class,_T,Total,_T,Total,2017,,18.85875,,,,,,,,,,A,Normal value,,,,,2,Two,,,0,Units
EU25,European Union (25 countries),ISCED11_2,Lower secondary education,CLS,Student classes,FE,"Formal education, includes formal initial and formal adult education programmes",_T,Total,_Z,Not applicable,_Z,Not applicable,A,Annual,_Z,Not applicable,_Z,Not applicable,INST_EDU,All educational institutions,_Z,Not applicable,ST_CL,Students per class,_T,Total,_T,Total,2018,,17.8983671428571,,,,,,,,,,A,Normal value,,,,,2,Two,,,0,Units
EU25,European Union (25 countries),ISCED11_2,Lower secondary education,CLS,Student classes,FE,"Formal education, includes formal initial and formal adult education programmes",_T,Total,_Z,Not applicable,_Z,Not applicable,A,Annual,_Z,Not applicable,_Z,Not applicable,INST_EDU,All educational institutions,_Z,Not applicable,ST_CL,Students per class,_T,Total,_T,Total,2019,,17.89309,,,,,,,,,,A,Normal value,,,,,2,Two,,,0,Units
EU25,European Union (25 countries),ISCED11_2,Lower secondary education,CLS,Student classes,FE,"Formal education, includes formal initial and formal adult education programmes",_T,Total,_Z,Not applicable,_Z,Not applicable,A,Annual,_Z,Not applicable,_Z,Not applicable,INST_EDU,All educational institutions,_Z,Not applicable,ST_CL,Students per class,_T,Total,_T,Total,2020,,18.7798342857143,,,,,,,,,,A,Normal value,,,,,2,Two,,,0,Units
EU25,European Union (25 countries),ISCED11_2,Lower secondary education,CLS,Student classes,FE,"Formal education, includes formal initial and formal adult education programmes",_T,Total,_Z,Not applicable,_Z,Not applicable,A,Annual,_Z,Not applicable,_Z,Not applicable,INST_EDU,All educational institutions,_Z,Not applicable,ST_CL,Students per class,_T,Total,_T,Total,2021,,18.7693472727273,,,,,,,,,,A,Normal value,,,,,2,Two,,,0,Units
EU25,European Union (25 countries),ISCED11_2,Lower secondary education,CLS,Student classes,FE,"Formal education, includes formal initial and formal adult education programmes",_T,Total,_Z,Not applicable,_Z,Not applicable,A,Annual,_Z,Not applicable,_Z,Not applicable,INST_EDU,All educational institutions,_Z,Not applicable,ST_CL,Students per class,_T,Total,_T,Total,2022,,20.6881704545455,,,,,,,,,,A,Normal value,,,,,2,Two,,,0,Units
EU25,European Union (25 countries),ISCED11_2,Lower secondary education,CLS,Student classes,FE,"Formal education, includes formal initial and formal adult education programmes",_T,Total,_Z,Not applicable,_Z,Not applicable,A,Annual,_Z,Not applicable,_Z,Not applicable,INST_EDU,All educational institutions,_Z,Not applicable,ST_CL,Students per class,_T,Total,_T,Total,2023,,20.8393590909091,,,,,,,,,,A,Normal value,,,,,2,Two,,,0,Units
ESP,Spain,ISCED11_2,Lower secondary education,CLS,Student classes,FE,"Formal education, includes formal initial and formal adult education programmes",_T,Total,_Z,Not applicable,_Z,Not applicable,A,Annual,_Z,Not applicable,_Z,Not applicable,INST_EDU_PUB,Public educational institutions,_Z,Not applicable,ST_CL,Students per class,_T,Total,_T,Total,2013,,25.05189,,,,,,,,,,A,Normal value,,,,,2,Two,,,0,Units
ESP,Spain,ISCED11_2,Lower secondary education,CLS,Student classes,FE,"Formal education, includes formal initial and formal adult education programmes",_T,Total,_Z,Not applicable,_Z,Not applicable,A,Annual,_Z,Not applicable,_Z,Not applicable,INST_EDU_PUB,Public educational institutions,_Z,Not applicable,ST_CL,Students per class,_T,Total,_T,Total,2014,,25.09442,,,,,,,,,,A,Normal value,,,,,2,Two,,,0,Units
ESP,Spain,ISCED11_2,Lower secondary education,CLS,Student classes,FE,"Formal education, includes formal initial and formal adult education programmes",_T,Total,_Z,Not applicable,_Z,Not applicable,A,Annual,_Z,Not applicable,_Z,Not applicable,INST_EDU_PUB,Public educational institutions,_Z,Not applicable,ST_CL,Students per class,_T,Total,_T,Total,2015,,25.17825,,,,,,,,,,A,Normal value,,,,,2,Two,,,0,Units
ESP,Spain,ISCED11_2,Lower secondary education,CLS,Student classes,FE,"Formal education, includes formal initial and formal adult education programmes",_T,Total,_Z,Not applicable,_Z,Not applicable,A,Annual,_Z,Not applicable,_Z,Not applicable,INST_EDU_PUB,Public educational institutions,_Z,Not applicable,ST_CL,Students per class,_T,Total,_T,Total,2016,,25.22621,,,,,,,,,,A,Normal value,,,,,2,Two,,,0,Units
ESP,Spain,ISCED11_2,Lower secondary education,CLS,Student classes,FE,"Formal education, includes formal initial and formal adult education programmes",_T,Total,_Z,Not applicable,_Z,Not applicable,A,Annual,_Z,Not applicable,_Z,Not applicable,INST_EDU_PUB,Public educational institutions,_Z,Not applicable,ST_CL,Students per class,_T,Total,_T,Total,2017,,24.80632,,,,,,,,,,A,Normal value,,,,,2,Two,,,0,Units
ESP,Spain,ISCED11_2,Lower secondary education,CLS,Student classes,FE,"Formal education, includes formal initial and formal adult education programmes",_T,Total,_Z,Not applicable,_Z,Not applicable,A,Annual,_Z,Not applicable,_Z,Not applicable,INST_EDU_PUB,Public educational institutions,_Z,Not applicable,ST_CL,Students per class,_T,Total,_T,Total,2018,,24.87836,,,,,,,,,,A,Normal value,,,,,2,Two,,,0,Units
ESP,Spain,ISCED11_2,Lower secondary education,CLS,Student classes,FE,"Formal education, includes formal initial and formal adult education programmes",_T,Total,_Z,Not applicable,_Z,Not applicable,A,Annual,_Z,Not applicable,_Z,Not applicable,INST_EDU_PUB,Public educational institutions,_Z,Not applicable,ST_CL,Students per class,_T,Total,_T,Total,2019,,24.77515,,,,,,,,,,A,Normal value,,,,,2,Two,,,0,Units
ESP,Spain,ISCED11_2,Lower secondary education,CLS,Student classes,FE,"Formal education, includes formal initial and formal adult education programmes",_T,Total,_Z,Not applicable,_Z,Not applicable,A,Annual,_Z,Not applicable,_Z,Not applicable,INST_EDU_PUB,Public educational institutions,_Z,Not applicable,ST_CL,Students per class,_T,Total,_T,Total,2020,,24.71295,,,,,,,,,,A,Normal value,,,,,2,Two,,,0,Units
ESP,Spain,ISCED11_2,Lower secondary education,CLS,Student classes,FE,"Formal education, includes formal initial and formal adult education programmes",_T,Total,_Z,Not applicable,_Z,Not applicable,A,Annual,_Z,Not applicable,_Z,Not applicable,INST_EDU_PUB,Public educational institutions,_Z,Not applicable,ST_CL,Students per class,_T,Total,_T,Total,2021,,22.56227,,,,,,,,,,A,Normal value,,,,,2,Two,,,0,Units
ESP,Spain,ISCED11_2,Lower secondary education,CLS,Student classes,FE,"Formal education, includes formal initial and formal adult education programmes",_T,Total,_Z,Not applicable,_Z,Not applicable,A,Annual,_Z,Not applicable,_Z,Not applicable,INST_EDU_PUB,Public educational institutions,_Z,Not applicable,ST_CL,Students per class,_T,Total,_T,Total,2022,,23.72239,,,,,,,,,,A,Normal value,,,,,2,Two,,,0,Units
ESP,Spain,ISCED11_2,Lower secondary education,CLS,Student classes,FE,"Formal education, includes formal initial and formal adult education programmes",_T,Total,_Z,Not applicable,_Z,Not applicable,A,Annual,_Z,Not applicable,_Z,Not applicable,INST_EDU_PUB,Public educational institutions,_Z,Not applicable,ST_CL,Students per class,_T,Total,_T,Total,2023,,24.36371,,,,,,,,,,A,Normal value,,,,,2,Two,,,0,Units
ESP,Spain,ISCED11_2,Lower secondary education,CLS,Student classes,FE,"Formal education, includes formal initial and formal adult education programmes",_T,Total,_Z,Not applicable,_Z,Not applicable,A,Annual,_Z,Not applicable,_Z,Not applicable,INST_EDU_PUB,Public educational institutions,_Z,Not applicable,ST_CL,Students per class,_T,Total,_T,Total,2024,,24.39735,,,,,,,,,,A,Normal value,,,,,2,Two,,,0,Units
SWE,Sweden,ISCED11_2,Lower secondary education,CLS,Student classes,FE,"Formal education, includes formal initial and formal adult education programmes",_T,Total,_Z,Not applicable,_Z,Not applicable,A,Annual,_Z,Not applicable,_Z,Not applicable,INST_EDU_PRIV_IND,Independent private educational institutions,_Z,Not applicable,ST_CL,Students per class,_T,Total,_T,Total,2013,,,,,,,,,,,,M,Missing value; data cannot exist,,,,,2,Two,,,0,Units
SWE,Sweden,ISCED11_2,Lower secondary education,CLS,Student classes,FE,"Formal education, includes formal initial and formal adult education programmes",_T,Total,_Z,Not applicable,_Z,Not applicable,A,Annual,_Z,Not applicable,_Z,Not applicable,INST_EDU_PRIV_IND,Independent private educational institutions,_Z,Not applicable,ST_CL,Students per class,_T,Total,_T,Total,2014,,,,,,,,,,,,M,Missing value; data cannot exist,,,,,2,Two,,,0,Units
SWE,Sweden,ISCED11_2,Lower secondary education,CLS,Student classes,FE,"Formal education, includes formal initial and formal adult education programmes",_T,Total,_Z,Not applicable,_Z,Not applicable,A,Annual,_Z,Not applicable,_Z,Not applicable,INST_EDU_PRIV_IND,Independent private educational institutions,_Z,Not applicable,ST_CL,Students per class,_T,Total,_T,Total,2015,,,,,,,,,,,,M,Missing value; data cannot exist,,,,,2,Two,,,0,Units
SWE,Sweden,ISCED11_2,Lower secondary education,CLS,Student classes,FE,"Formal education, includes formal initial and formal adult education programmes",_T,Total,_Z,Not applicable,_Z,Not applicable,A,Annual,_Z,Not applicable,_Z,Not applicable,INST_EDU_PRIV_IND,Independent private educational institutions,_Z,Not applicable,ST_CL,Students per class,_T,Total,_T,Total,2016,,,,,,,,,,,,M,Missing value; data cannot exist,,,,,2,Two,,,0,Units
SWE,Sweden,ISCED11_2,Lower secondary education,CLS,Student classes,FE,"Formal education, includes formal initial and formal adult education programmes",_T,Total,_Z,Not applicable,_Z,Not applicable,A,Annual,_Z,Not applicable,_Z,Not applicable,INST_EDU_PRIV_IND,Independent private educational institutions,_Z,Not applicable,ST_CL,Students per class,_T,Total,_T,Total,2017,,,,,,,,,,,,M,Missing value; data cannot exist,,,,,2,Two,,,0,Units
SWE,Sweden,ISCED11_2,Lower secondary education,CLS,Student classes,FE,"Formal education, includes formal initial and formal adult education programmes",_T,Total,_Z,Not applicable,_Z,Not applicable,A,Annual,_Z,Not applicable,_Z,Not applicable,INST_EDU_PRIV_IND,Independent private educational institutions,_Z,Not applicable,ST_CL,Students per class,_T,Total,_T,Total,2018,,,,,,,,,,,,M,Missing value; data cannot exist,,,,,2,Two,,,0,Units
SWE,Sweden,ISCED11_2,Lower secondary education,CLS,Student classes,FE,"Formal education, includes formal initial and formal adult education programmes",_T,Total,_Z,Not applicable,_Z,Not applicable,A,Annual,_Z,Not applicable,_Z,Not applicable,INST_EDU_PRIV_IND,Independent private educational institutions,_Z,Not applicable,ST_CL,Students per class,_T,Total,_T,Total,2019,,,,,,,,,,,,M,Missing value; data cannot exist,,,,,2,Two,,,0,Units
SWE,Sweden,ISCED11_2,Lower secondary education,CLS,Student classes,FE,"Formal education, includes formal initial and formal adult education programmes",_T,Total,_Z,Not applicable,_Z,Not applicable,A,Annual,_Z,Not applicable,_Z,Not applicable,INST_EDU_PRIV_IND,Independent private educational institutions,_Z,Not applicable,ST_CL,Students per class,_T,Total,_T,Total,2020,,,,,,,,,,,,M,Missing value; data cannot exist,,,,,2,Two,,,0,Units
SWE,Sweden,ISCED11_2,Lower secondary education,CLS,Student classes,FE,"Formal education, includes formal initial and formal adult education programmes",_T,Total,_Z,Not applicable,_Z,Not applicable,A,Annual,_Z,Not applicable,_Z,Not applicable,INST_EDU_PRIV_IND,Independent private educational institutions,_Z,Not applicable,ST_CL,Students per class,_T,Total,_T,Total,2021,,,,,,,,,,,,M,Missing value; data cannot exist,,,,,2,Two,,,0,Units
SWE,Sweden,ISCED11_2,Lower secondary education,CLS,Student classes,FE,"Formal education, includes formal initial and formal adult education programmes",_T,Total,_Z,Not applicable,_Z,Not applicable,A,Annual,_Z,Not applicable,_Z,Not applicable,INST_EDU_PRIV_IND,Independent private educational institutions,_Z,Not applicable,ST_CL,Students per class,_T,Total,_T,Total,2022,,,,,,,,,,,,M,Missing value; data cannot exist,,,,,2,Two,,,0,Units
SWE,Sweden,ISCED11_2,Lower secondary education,CLS,Student classes,FE,"Formal education, includes formal initial and formal adult education programmes",_T,Total,_Z,Not applicable,_Z,Not applicable,A,Annual,_Z,Not applicable,_Z,Not applicable,INST_EDU_PRIV_IND,Independent private educational institutions,_Z,Not applicable,ST_CL,Students per class,_T,Total,_T,Total,2023,,,,,,,,,,,,M,Missing value; data cannot exist,,,,,2,Two,,,0,Units
SWE,Sweden,ISCED11_2,Lower secondary education,CLS,Student classes,FE,"Formal education, includes formal initial and formal adult education programmes",_T,Total,_Z,Not applicable,_Z,Not applicable,A,Annual,_Z,Not applicable,_Z,Not applicable,INST_EDU_PRIV_IND,Independent private educational institutions,_Z,Not applicable,ST_CL,Students per class,_T,Total,_T,Total,2024,,,,,,,,,,,,M,Missing value; data cannot exist,,,,,2,Two,,,0,Units
GBR,United Kingdom,ISCED11_2,Lower secondary education,CLS,Student classes,FE,"Formal education, includes formal initial and formal adult education programmes",_T,Total,_Z,Not applicable,_Z,Not applicable,A,Annual,_Z,Not applicable,_Z,Not applicable,INST_EDU,All educational institutions,_Z,Not applicable,ST_CL,Students per class,_T,Total,_T,Total,2013,,19.46567,,,,,,,,,,A,Normal value,,,,,2,Two,,,0,Units
GBR,United Kingdom,ISCED11_2,Lower secondary education,CLS,Student classes,FE,"Formal education, includes formal initial and formal adult education programmes",_T,Total,_Z,Not applicable,_Z,Not applicable,A,Annual,_Z,Not applicable,_Z,Not applicable,INST_EDU,All educational institutions,_Z,Not applicable,ST_CL,Students per class,_T,Total,_T,Total,2014,,19.06787,,,,,,,,,,A,Normal value,,,,,2,Two,,,0,Units
GBR,United Kingdom,ISCED11_2,Lower secondary education,CLS,Student classes,FE,"Formal education, includes formal initial and formal adult education programmes",_T,Total,_Z,Not applicable,_Z,Not applicable,A,Annual,_Z,Not applicable,_Z,Not applicable,INST_EDU,All educational institutions,_Z,Not applicable,ST_CL,Students per class,_T,Total,_T,Total,2015,,19.00753,,,,,,,,,,A,Normal value,,,,,2,Two,,,0,Units
GBR,United Kingdom,ISCED11_2,Lower secondary education,CLS,Student classes,FE,"Formal education, includes formal initial and formal adult education programmes",_T,Total,_Z,Not applicable,_Z,Not applicable,A,Annual,_Z,Not applicable,_Z,Not applicable,INST_EDU,All educational institutions,_Z,Not applicable,ST_CL,Students per class,_T,Total,_T,Total,2016,,19.64044,,,,,,,,,,A,Normal value,,,,,2,Two,,,0,Units
GBR,United Kingdom,ISCED11_2,Lower secondary education,CLS,Student classes,FE,"Formal education, includes formal initial and formal adult education programmes",_T,Total,_Z,Not applicable,_Z,Not applicable,A,Annual,_Z,Not applicable,_Z,Not applicable,INST_EDU,All educational institutions,_Z,Not applicable,ST_CL,Students per class,_T,Total,_T,Total,2017,,23.0652,,,,,,,,,,A,Normal value,,,,,2,Two,,,0,Units
GBR,United Kingdom,ISCED11_2,Lower secondary education,CLS,Student classes,FE,"Formal education, includes formal initial and formal adult education programmes",_T,Total,_Z,Not applicable,_Z,Not applicable,A,Annual,_Z,Not applicable,_Z,Not applicable,INST_EDU,All educational institutions,_Z,Not applicable,ST_CL,Students per class,_T,Total,_T,Total,2018,,23.07781,,,,,,,,,,A,Normal value,,,,,2,Two,,,0,Units
GBR,United Kingdom,ISCED11_2,Lower secondary education,CLS,Student classes,FE,"Formal education, includes formal initial and formal adult education programmes",_T,Total,_Z,Not applicable,_Z,Not applicable,A,Annual,_Z,Not applicable,_Z,Not applicable,INST_EDU,All educational institutions,_Z,Not applicable,ST_CL,Students per class,_T,Total,_T,Total,2019,,23.24351,,,,,,,,,,A,Normal value,,,,,2,Two,,,0,Units
GBR,United Kingdom,ISCED11_2,Lower secondary education,CLS,Student classes,FE,"Formal education, includes formal initial and formal adult education programmes",_T,Total,_Z,Not applicable,_Z,Not applicable,A,Annual,_Z,Not applicable,_Z,Not applicable,INST_EDU,All educational institutions,_Z,Not applicable,ST_CL,Students per class,_T,Total,_T,Total,2020,,23.48634,,,,,,,,,,A,Normal value,,,,,2,Two,,,0,Units
GBR,United Kingdom,ISCED11_2,Lower secondary education,CLS,Student classes,FE,"Formal education, includes formal initial and formal adult education programmes",_T,Total,_Z,Not applicable,_Z,Not applicable,A,Annual,_Z,Not applicable,_Z,Not applicable,INST_EDU,All educational institutions,_Z,Not applicable,ST_CL,Students per class,_T,Total,_T,Total,2021,,23.86818,,,,,,,,,,A,Normal value,,,,,2,Two,,,0,Units
GBR,United Kingdom,ISCED11_2,Lower secondary education,CLS,Student classes,FE,"Formal education, includes formal initial and formal adult education programmes",_T,Total,_Z,Not applicable,_Z,Not applicable,A,Annual,_Z,Not applicable,_Z,Not applicable,INST_EDU,All educational institutions,_Z,Not applicable,ST_CL,Students per class,_T,Total,_T,Total,2022,,23.68297,,,,,,,,,,A,Normal value,,,,,2,Two,,,0,Units
GBR,United Kingdom,ISCED11_2,Lower secondary education,CLS,Student classes,FE,"Formal education, includes formal initial and formal adult education programmes",_T,Total,_Z,Not applicable,_Z,Not applicable,A,Annual,_Z,Not applicable,_Z,Not applicable,INST_EDU,All educational institutions,_Z,Not applicable,ST_CL,Students per class,_T,Total,_T,Total,2023,,23.78942,,,,,,,,,,A,Normal value,,,,,2,Two,,,0,Units
GBR,United Kingdom,ISCED11_2,Lower secondary education,CLS,Student classes,FE,"Formal education, includes formal initial and formal adult education programmes",_T,Total,_Z,Not applicable,_Z,Not applicable,A,Annual,_Z,Not applicable,_Z,Not applicable,INST_EDU,All educational institutions,_Z,Not applicable,ST_CL,Students per class,_T,Total,_T,Total,2024,,23.84214,,,,,,,,,,A,Normal value,,,,,2,Two,,,0,Units
EU25,European Union (25 countries),ISCED11_2,Lower secondary education,CLS,Student classes,FE,"Formal education, includes formal initial and formal adult education programmes",_T,Total,_Z,Not applicable,_Z,Not applicable,A,Annual,_Z,Not applicable,_Z,Not applicable,INST_EDU_PUB,Public educational institutions,_Z,Not applicable,ST_CL,Students per class,_T,Total,_T,Total,2013,,18.0184223809524,,,,,,,,,,A,Normal value,,,,,2,Two,,,0,Units
EU25,European Union (25 countries),ISCED11_2,Lower secondary education,CLS,Student classes,FE,"Formal education, includes formal initial and formal adult education programmes",_T,Total,_Z,Not applicable,_Z,Not applicable,A,Annual,_Z,Not applicable,_Z,Not applicable,INST_EDU_PUB,Public educational institutions,_Z,Not applicable,ST_CL,Students per class,_T,Total,_T,Total,2014,,18.0182472727273,,,,,,,,,,A,Normal value,,,,,2,Two,,,0,Units
EU25,European Union (25 countries),ISCED11_2,Lower secondary education,CLS,Student classes,FE,"Formal education, includes formal initial and formal adult education programmes",_T,Total,_Z,Not applicable,_Z,Not applicable,A,Annual,_Z,Not applicable,_Z,Not applicable,INST_EDU_PUB,Public educational institutions,_Z,Not applicable,ST_CL,Students per class,_T,Total,_T,Total,2015,,18.0432227272727,,,,,,,,,,A,Normal value,,,,,2,Two,,,0,Units
EU25,European Union (25 countries),ISCED11_2,Lower secondary education,CLS,Student classes,FE,"Formal education, includes formal initial and formal adult education programmes",_T,Total,_Z,Not applicable,_Z,Not applicable,A,Annual,_Z,Not applicable,_Z,Not applicable,INST_EDU_PUB,Public educational institutions,_Z,Not applicable,ST_CL,Students per class,_T,Total,_T,Total,2016,,18.7907604545455,,,,,,,,,,A,Normal value,,,,,2,Two,,,0,Units
EU25,European Union (25 countries),ISCED11_2,Lower secondary education,CLS,Student classes,FE,"Formal education, includes formal initial and formal adult education programmes",_T,Total,_Z,Not applicable,_Z,Not applicable,A,Annual,_Z,Not applicable,_Z,Not applicable,INST_EDU_PUB,Public educational institutions,_Z,Not applicable,ST_CL,Students per class,_T,Total,_T,Total,2017,,18.8713536363636,,,,,,,,,,A,Normal value,,,,,2,Two,,,0,Units
EU25,European Union (25 countries),ISCED11_2,Lower secondary education,CLS,Student classes,FE,"Formal education, includes formal initial and formal adult education programmes",_T,Total,_Z,Not applicable,_Z,Not applicable,A,Annual,_Z,Not applicable,_Z,Not applicable,INST_EDU_PUB,Public educational institutions,_Z,Not applicable,ST_CL,Students per class,_T,Total,_T,Total,2018,,17.9150372727273,,,,,,,,,,A,Normal value,,,,,2,Two,,,0,Units
EU25,European Union (25 countries),ISCED11_2,Lower secondary education,CLS,Student classes,FE,"Formal education, includes formal initial and formal adult education programmes",_T,Total,_Z,Not applicable,_Z,Not applicable,A,Annual,_Z,Not applicable,_Z,Not applicable,INST_EDU_PUB,Public educational institutions,_Z,Not applicable,ST_CL,Students per class,_T,Total,_T,Total,2019,,17.9032736363636,,,,,,,,,,A,Normal value,,,,,2,Two,,,0,Units
EU25,European Union (25 countries),ISCED11_2,Lower secondary education,CLS,Student classes,FE,"Formal education, includes formal initial and formal adult education programmes",_T,Total,_Z,Not applicable,_Z,Not applicable,A,Annual,_Z,Not applicable,_Z,Not applicable,INST_EDU_PUB,Public educational institutions,_Z,Not applicable,ST_CL,Students per class,_T,Total,_T,Total,2020,,18.7826868181818,,,,,,,,,,A,Normal value,,,,,2,Two,,,0,Units
EU25,European Union (25 countries),ISCED11_2,Lower secondary education,CLS,Student classes,FE,"Formal education, includes formal initial and formal adult education programmes",_T,Total,_Z,Not applicable,_Z,Not applicable,A,Annual,_Z,Not applicable,_Z,Not applicable,INST_EDU_PUB,Public educational institutions,_Z,Not applicable,ST_CL,Students per class,_T,Total,_T,Total,2021,,18.7653440909091,,,,,,,,,,A,Normal value,,,,,2,Two,,,0,Units
EU25,European Union (25 countries),ISCED11_2,Lower secondary education,CLS,Student classes,FE,"Formal education, includes formal initial and formal adult education programmes",_T,Total,_Z,Not applicable,_Z,Not applicable,A,Annual,_Z,Not applicable,_Z,Not applicable,INST_EDU_PUB,Public educational institutions,_Z,Not applicable,ST_CL,Students per class,_T,Total,_T,Total,2022,,20.7032818181818,,,,,,,,,,A,Normal value,,,,,2,Two,,,0,Units
EU25,European Union (25 countries),ISCED11_2,Lower secondary education,CLS,Student classes,FE,"Formal education, includes formal initial and formal adult education programmes",_T,Total,_Z,Not applicable,_Z,Not applicable,A,Annual,_Z,Not applicable,_Z,Not applicable,INST_EDU_PUB,Public educational institutions,_Z,Not applicable,ST_CL,Students per class,_T,Total,_T,Total,2023,,20.8759004545455,,,,,,,,,,A,Normal value,,,,,2,Two,,,0,Units
GBR,United Kingdom,ISCED11_1,Primary education,CLS,Student classes,FE,"Formal education, includes formal initial and formal adult education programmes",_T,Total,_Z,Not applicable,_Z,Not applicable,A,Annual,_Z,Not applicable,_Z,Not applicable,INST_EDU_PRIV,Private educational institutions,_Z,Not applicable,ST_CL,Students per class,_T,Total,_T,Total,2013,,17.94979,,,,,,,,,,A,Normal value,,,,,2,Two,,,0,Units
GBR,United Kingdom,ISCED11_1,Primary education,CLS,Student classes,FE,"Formal education, includes formal initial and formal adult education programmes",_T,Total,_Z,Not applicable,_Z,Not applicable,A,Annual,_Z,Not applicable,_Z,Not applicable,INST_EDU_PRIV,Private educational institutions,_Z,Not applicable,ST_CL,Students per class,_T,Total,_T,Total,2014,,20.58976,,,,,,,,,,A,Normal value,,,,,2,Two,,,0,Units
GBR,United Kingdom,ISCED11_1,Primary education,CLS,Student classes,FE,"Formal education, includes formal initial and formal adult education programmes",_T,Total,_Z,Not applicable,_Z,Not applicable,A,Annual,_Z,Not applicable,_Z,Not applicable,INST_EDU_PRIV,Private educational institutions,_Z,Not applicable,ST_CL,Students per class,_T,Total,_T,Total,2015,,22.52841,,,,,,,,,,A,Normal value,,,,,2,Two,,,0,Units
GBR,United Kingdom,ISCED11_1,Primary education,CLS,Student classes,FE,"Formal education, includes formal initial and formal adult education programmes",_T,Total,_Z,Not applicable,_Z,Not applicable,A,Annual,_Z,Not applicable,_Z,Not applicable,INST_EDU_PRIV,Private educational institutions,_Z,Not applicable,ST_CL,Students per class,_T,Total,_T,Total,2016,,22.47209,,,,,,,,,,A,Normal value,,,,,2,Two,,,0,Units
GBR,United Kingdom,ISCED11_1,Primary education,CLS,Student classes,FE,"Formal education, includes formal initial and formal adult education programmes",_T,Total,_Z,Not applicable,_Z,Not applicable,A,Annual,_Z,Not applicable,_Z,Not applicable,INST_EDU_PRIV,Private educational institutions,_Z,Not applicable,ST_CL,Students per class,_T,Total,_T,Total,2017,,23.3543,,,,,,,,,,A,Normal value,,,,,2,Two,,,0,Units
GBR,United Kingdom,ISCED11_1,Primary education,CLS,Student classes,FE,"Formal education, includes formal initial and formal adult education programmes",_T,Total,_Z,Not applicable,_Z,Not applicable,A,Annual,_Z,Not applicable,_Z,Not applicable,INST_EDU_PRIV,Private educational institutions,_Z,Not applicable,ST_CL,Students per class,_T,Total,_T,Total,2018,,23.42922,,,,,,,,,,A,Normal value,,,,,2,Two,,,0,Units
GBR,United Kingdom,ISCED11_1,Primary education,CLS,Student classes,FE,"Formal education, includes formal initial and formal adult education programmes",_T,Total,_Z,Not applicable,_Z,Not applicable,A,Annual,_Z,Not applicable,_Z,Not applicable,INST_EDU_PRIV,Private educational institutions,_Z,Not applicable,ST_CL,Students per class,_T,Total,_T,Total,2019,,23.82854,,,,,,,,,,A,Normal value,,,,,2,Two,,,0,Units
GBR,United Kingdom,ISCED11_1,Primary education,CLS,Student classes,FE,"Formal education, includes formal initial and formal adult education programmes",_T,Total,_Z,Not applicable,_Z,Not applicable,A,Annual,_Z,Not applicable,_Z,Not applicable,INST_EDU_PRIV,Private educational institutions,_Z,Not applicable,ST_CL,Students per class,_T,Total,_T,Total,2020,,24.1815,,,,,,,,,,A,Normal value,,,,,2,Two,,,0,Units
GBR,United Kingdom,ISCED11_1,Primary education,CLS,Student classes,FE,"Formal education, includes formal initial and formal adult education programmes",_T,Total,_Z,Not applicable,_Z,Not applicable,A,Annual,_Z,Not applicable,_Z,Not applicable,INST_EDU_PRIV,Private educational institutions,_Z,Not applicable,ST_CL,Students per class,_T,Total,_T,Total,2021,,24.24131,,,,,,,,,,A,Normal value,,,,,2,Two,,,0,Units
GBR,United Kingdom,ISCED11_1,Primary education,CLS,Student classes,FE,"Formal education, includes formal initial and formal adult education programmes",_T,Total,_Z,Not applicable,_Z,Not applicable,A,Annual,_Z,Not applicable,_Z,Not applicable,INST_EDU_PRIV,Private educational institutions,_Z,Not applicable,ST_CL,Students per class,_T,Total,_T,Total,2022,,24.42466,,,,,,,,,,A,Normal value,,,,,2,Two,,,0,Units
GBR,United Kingdom,ISCED11_1,Primary education,CLS,Student classes,FE,"Formal education, includes formal initial and formal adult education programmes",_T,Total,_Z,Not applicable,_Z,Not applicable,A,Annual,_Z,Not applicable,_Z,Not applicable,INST_EDU_PRIV,Private educational institutions,_Z,Not applicable,ST_CL,Students per class,_T,Total,_T,Total,2023,,24.63759,,,,,,,,,,A,Normal value,,,,,2,Two,,,0,Units
GBR,United Kingdom,ISCED11_1,Primary education,CLS,Student classes,FE,"Formal education, includes formal initial and formal adult education programmes",_T,Total,_Z,Not applicable,_Z,Not applicable,A,Annual,_Z,Not applicable,_Z,Not applicable,INST_EDU_PRIV,Private educational institutions,_Z,Not applicable,ST_CL,Students per class,_T,Total,_T,Total,2024,,24.69466,,,,,,,,,,A,Normal value,,,,,2,Two,,,0,Units
NLD,Netherlands,ISCED11_1,Primary education,CLS,Student classes,FE,"Formal education, includes formal initial and formal adult education programmes",_T,Total,_Z,Not applicable,_Z,Not applicable,A,Annual,_Z,Not applicable,_Z,Not applicable,INST_EDU_PRIV_GOV,Government dependent private educational institutions,_Z,Not applicable,ST_CL,Students per class,_T,Total,_T,Total,2013,,,,,,,,,,,,M,Missing value; data cannot exist,,,,,2,Two,,,0,Units
NLD,Netherlands,ISCED11_1,Primary education,CLS,Student classes,FE,"Formal education, includes formal initial and formal adult education programmes",_T,Total,_Z,Not applicable,_Z,Not applicable,A,Annual,_Z,Not applicable,_Z,Not applicable,INST_EDU_PRIV_GOV,Government dependent private educational institutions,_Z,Not applicable,ST_CL,Students per class,_T,Total,_T,Total,2014,,,,,,,,,,,,M,Missing value; data cannot exist,,,,,2,Two,,,0,Units
NLD,Netherlands,ISCED11_1,Primary education,CLS,Student classes,FE,"Formal education, includes formal initial and formal adult education programmes",_T,Total,_Z,Not applicable,_Z,Not applicable,A,Annual,_Z,Not applicable,_Z,Not applicable,INST_EDU_PRIV_GOV,Government dependent private educational institutions,_Z,Not applicable,ST_CL,Students per class,_T,Total,_T,Total,2015,,,,,,,,,,,,M,Missing value; data cannot exist,,,,,2,Two,,,0,Units
NLD,Netherlands,ISCED11_1,Primary education,CLS,Student classes,FE,"Formal education, includes formal initial and formal adult education programmes",_T,Total,_Z,Not applicable,_Z,Not applicable,A,Annual,_Z,Not applicable,_Z,Not applicable,INST_EDU_PRIV_GOV,Government dependent private educational institutions,_Z,Not applicable,ST_CL,Students per class,_T,Total,_T,Total,2016,,,,,,,,,,,,M,Missing value; data cannot exist,,,,,2,Two,,,0,Units
NLD,Netherlands,ISCED11_1,Primary education,CLS,Student classes,FE,"Formal education, includes formal initial and formal adult education programmes",_T,Total,_Z,Not applicable,_Z,Not applicable,A,Annual,_Z,Not applicable,_Z,Not applicable,INST_EDU_PRIV_GOV,Government dependent private educational institutions,_Z,Not applicable,ST_CL,Students per class,_T,Total,_T,Total,2017,,,,,,,,,,,,M,Missing value; data cannot exist,,,,,2,Two,,,0,Units
NLD,Netherlands,ISCED11_1,Primary education,CLS,Student classes,FE,"Formal education, includes formal initial and formal adult education programmes",_T,Total,_Z,Not applicable,_Z,Not applicable,A,Annual,_Z,Not applicable,_Z,Not applicable,INST_EDU_PRIV_GOV,Government dependent private educational institutions,_Z,Not applicable,ST_CL,Students per class,_T,Total,_T,Total,2018,,,,,,,,,,,,M,Missing value; data cannot exist,,,,,2,Two,,,0,Units
NLD,Netherlands,ISCED11_1,Primary education,CLS,Student classes,FE,"Formal education, includes formal initial and formal adult education programmes",_T,Total,_Z,Not applicable,_Z,Not applicable,A,Annual,_Z,Not applicable,_Z,Not applicable,INST_EDU_PRIV_GOV,Government dependent private educational institutions,_Z,Not applicable,ST_CL,Students per class,_T,Total,_T,Total,2019,,,,,,,,,,,,M,Missing value; data cannot exist,,,,,2,Two,,,0,Units
NLD,Netherlands,ISCED11_1,Primary education,CLS,Student classes,FE,"Formal education, includes formal initial and formal adult education programmes",_T,Total,_Z,Not applicable,_Z,Not applicable,A,Annual,_Z,Not applicable,_Z,Not applicable,INST_EDU_PRIV_GOV,Government dependent private educational institutions,_Z,Not applicable,ST_CL,Students per class,_T,Total,_T,Total,2020,,,,,,,,,,,,M,Missing value; data cannot exist,,,,,2,Two,,,0,Units
NLD,Netherlands,ISCED11_1,Primary education,CLS,Student classes,FE,"Formal education, includes formal initial and formal adult education programmes",_T,Total,_Z,Not applicable,_Z,Not applicable,A,Annual,_Z,Not applicable,_Z,Not applicable,INST_EDU_PRIV_GOV,Government dependent private educational institutions,_Z,Not applicable,ST_CL,Students per class,_T,Total,_T,Total,2021,,,,,,,,,,,,M,Missing value; data cannot exist,,,,,2,Two,,,0,Units
NLD,Netherlands,ISCED11_1,Primary education,CLS,Student classes,FE,"Formal education, includes formal initial and formal adult education programmes",_T,Total,_Z,Not applicable,_Z,Not applicable,A,Annual,_Z,Not applicable,_Z,Not applicable,INST_EDU_PRIV_GOV,Government dependent private educational institutions,_Z,Not applicable,ST_CL,Students per class,_T,Total,_T,Total,2022,,22.28,,,,,,,,,,A,Normal value,,,,,2,Two,,,0,Units
NLD,Netherlands,ISCED11_1,Primary education,CLS,Student classes,FE,"Formal education, includes formal initial and formal adult education programmes",_T,Total,_Z,Not applicable,_Z,Not applicable,A,Annual,_Z,Not applicable,_Z,Not applicable,INST_EDU_PRIV_GOV,Government dependent private educational institutions,_Z,Not applicable,ST_CL,Students per class,_T,Total,_T,Total,2023,,22.39995,,,,,,,,,,A,Normal value,,,,,2,Two,,,0,Units
NLD,Netherlands,ISCED11_1,Primary education,CLS,Student classes,FE,"Formal education, includes formal initial and formal adult education programmes",_T,Total,_Z,Not applicable,_Z,Not applicable,A,Annual,_Z,Not applicable,_Z,Not applicable,INST_EDU_PRIV_GOV,Government dependent private educational institutions,_Z,Not applicable,ST_CL,Students per class,_T,Total,_T,Total,2024,,22.50022,,,,,,,,,,A,Normal value,,,,,2,Two,,,0,Units
ESP,Spain,ISCED11_1,Primary education,CLS,Student classes,FE,"Formal education, includes formal initial and formal adult education programmes",_T,Total,_Z,Not applicable,_Z,Not applicable,A,Annual,_Z,Not applicable,_Z,Not applicable,INST_EDU_PUB,Public educational institutions,_Z,Not applicable,ST_CL,Students per class,_T,Total,_T,Total,2013,,20.52185,,,,,,,,,,A,Normal value,,,,,2,Two,,,0,Units
ESP,Spain,ISCED11_1,Primary education,CLS,Student classes,FE,"Formal education, includes formal initial and formal adult education programmes",_T,Total,_Z,Not applicable,_Z,Not applicable,A,Annual,_Z,Not applicable,_Z,Not applicable,INST_EDU_PUB,Public educational institutions,_Z,Not applicable,ST_CL,Students per class,_T,Total,_T,Total,2014,,20.63445,,,,,,,,,,A,Normal value,,,,,2,Two,,,0,Units
ESP,Spain,ISCED11_1,Primary education,CLS,Student classes,FE,"Formal education, includes formal initial and formal adult education programmes",_T,Total,_Z,Not applicable,_Z,Not applicable,A,Annual,_Z,Not applicable,_Z,Not applicable,INST_EDU_PUB,Public educational institutions,_Z,Not applicable,ST_CL,Students per class,_T,Total,_T,Total,2015,,20.7936,,,,,,,,,,A,Normal value,,,,,2,Two,,,0,Units
ESP,Spain,ISCED11_1,Primary education,CLS,Student classes,FE,"Formal education, includes formal initial and formal adult education programmes",_T,Total,_Z,Not applicable,_Z,Not applicable,A,Annual,_Z,Not applicable,_Z,Not applicable,INST_EDU_PUB,Public educational institutions,_Z,Not applicable,ST_CL,Students per class,_T,Total,_T,Total,2016,,20.82891,,,,,,,,,,A,Normal value,,,,,2,Two,,,0,Units
ESP,Spain,ISCED11_1,Primary education,CLS,Student classes,FE,"Formal education, includes formal initial and formal adult education programmes",_T,Total,_Z,Not applicable,_Z,Not applicable,A,Annual,_Z,Not applicable,_Z,Not applicable,INST_EDU_PUB,Public educational institutions,_Z,Not applicable,ST_CL,Students per class,_T,Total,_T,Total,2017,,20.86837,,,,,,,,,,A,Normal value,,,,,2,Two,,,0,Units
ESP,Spain,ISCED11_1,Primary education,CLS,Student classes,FE,"Formal education, includes formal initial and formal adult education programmes",_T,Total,_Z,Not applicable,_Z,Not applicable,A,Annual,_Z,Not applicable,_Z,Not applicable,INST_EDU_PUB,Public educational institutions,_Z,Not applicable,ST_CL,Students per class,_T,Total,_T,Total,2018,,20.86671,,,,,,,,,,A,Normal value,,,,,2,Two,,,0,Units
ESP,Spain,ISCED11_1,Primary education,CLS,Student classes,FE,"Formal education, includes formal initial and formal adult education programmes",_T,Total,_Z,Not applicable,_Z,Not applicable,A,Annual,_Z,Not applicable,_Z,Not applicable,INST_EDU_PUB,Public educational institutions,_Z,Not applicable,ST_CL,Students per class,_T,Total,_T,Total,2019,,20.89789,,,,,,,,,,A,Normal value,,,,,2,Two,,,0,Units
ESP,Spain,ISCED11_1,Primary education,CLS,Student classes,FE,"Formal education, includes formal initial and formal adult education programmes",_T,Total,_Z,Not applicable,_Z,Not applicable,A,Annual,_Z,Not applicable,_Z,Not applicable,INST_EDU_PUB,Public educational institutions,_Z,Not applicable,ST_CL,Students per class,_T,Total,_T,Total,2020,,20.8268,,,,,,,,,,A,Normal value,,,,,2,Two,,,0,Units
ESP,Spain,ISCED11_1,Primary education,CLS,Student classes,FE,"Formal education, includes formal initial and formal adult education programmes",_T,Total,_Z,Not applicable,_Z,Not applicable,A,Annual,_Z,Not applicable,_Z,Not applicable,INST_EDU_PUB,Public educational institutions,_Z,Not applicable,ST_CL,Students per class,_T,Total,_T,Total,2021,,19.25932,,,,,,,,,,A,Normal value,,,,,2,Two,,,0,Units
ESP,Spain,ISCED11_1,Primary education,CLS,Student classes,FE,"Formal education, includes formal initial and formal adult education programmes",_T,Total,_Z,Not applicable,_Z,Not applicable,A,Annual,_Z,Not applicable,_Z,Not applicable,INST_EDU_PUB,Public educational institutions,_Z,Not applicable,ST_CL,Students per class,_T,Total,_T,Total,2022,,19.98424,,,,,,,,,,A,Normal value,,,,,2,Two,,,0,Units
ESP,Spain,ISCED11_1,Primary education,CLS,Student classes,FE,"Formal education, includes formal initial and formal adult education programmes",_T,Total,_Z,Not applicable,_Z,Not applicable,A,Annual,_Z,Not applicable,_Z,Not applicable,INST_EDU_PUB,Public educational institutions,_Z,Not applicable,ST_CL,Students per class,_T,Total,_T,Total,2023,,20.16342,,,,,,,,,,A,Normal value,,,,,2,Two,,,0,Units
ESP,Spain,ISCED11_1,Primary education,CLS,Student classes,FE,"Formal education, includes formal initial and formal adult education programmes",_T,Total,_Z,Not applicable,_Z,Not applicable,A,Annual,_Z,Not applicable,_Z,Not applicable,INST_EDU_PUB,Public educational institutions,_Z,Not applicable,ST_CL,Students per class,_T,Total,_T,Total,2024,,20.02577,,,,,,,,,,A,Normal value,,,,,2,Two,,,0,Units
FRA,France,ISCED11_2,Lower secondary education,CLS,Student classes,FE,"Formal education, includes formal initial and formal adult education programmes",_T,Total,_Z,Not applicable,_Z,Not applicable,A,Annual,_Z,Not applicable,_Z,Not applicable,INST_EDU_PRIV_IND,Independent private educational institutions,_Z,Not applicable,ST_CL,Students per class,_T,Total,_T,Total,2013,,13.87784,,,,,,,,,,A,Normal value,,,,,2,Two,,,0,Units
FRA,France,ISCED11_2,Lower secondary education,CLS,Student classes,FE,"Formal education, includes formal initial and formal adult education programmes",_T,Total,_Z,Not applicable,_Z,Not applicable,A,Annual,_Z,Not applicable,_Z,Not applicable,INST_EDU_PRIV_IND,Independent private educational institutions,_Z,Not applicable,ST_CL,Students per class,_T,Total,_T,Total,2014,,13.09456,,,,,,,,,,A,Normal value,,,,,2,Two,,,0,Units
FRA,France,ISCED11_2,Lower secondary education,CLS,Student classes,FE,"Formal education, includes formal initial and formal adult education programmes",_T,Total,_Z,Not applicable,_Z,Not applicable,A,Annual,_Z,Not applicable,_Z,Not applicable,INST_EDU_PRIV_IND,Independent private educational institutions,_Z,Not applicable,ST_CL,Students per class,_T,Total,_T,Total,2015,,12.94454,,,,,,,,,,A,Normal value,,,,,2,Two,,,0,Units
FRA,France,ISCED11_2,Lower secondary education,CLS,Student classes,FE,"Formal education, includes formal initial and formal adult education programmes",_T,Total,_Z,Not applicable,_Z,Not applicable,A,Annual,_Z,Not applicable,_Z,Not applicable,INST_EDU_PRIV_IND,Independent private educational institutions,_Z,Not applicable,ST_CL,Students per class,_T,Total,_T,Total,2016,,12.24715,,,,,,,,,,A,Normal value,,,,,2,Two,,,0,Units
FRA,France,ISCED11_2,Lower secondary education,CLS,Student classes,FE,"Formal education, includes formal initial and formal adult education programmes",_T,Total,_Z,Not applicable,_Z,Not applicable,A,Annual,_Z,Not applicable,_Z,Not applicable,INST_EDU_PRIV_IND,Independent private educational institutions,_Z,Not applicable,ST_CL,Students per class,_T,Total,_T,Total,2017,,12.28991,,,,,,,,,,A,Normal value,,,,,2,Two,,,0,Units
FRA,France,ISCED11_2,Lower secondary education,CLS,Student classes,FE,"Formal education, includes formal initial and formal adult education programmes",_T,Total,_Z,Not applicable,_Z,Not applicable,A,Annual,_Z,Not applicable,_Z,Not applicable,INST_EDU_PRIV_IND,Independent private educational institutions,_Z,Not applicable,ST_CL,Students per class,_T,Total,_T,Total,2018,,12.38014,,,,,,,,,,A,Normal value,,,,,2,Two,,,0,Units
FRA,France,ISCED11_2,Lower secondary education,CLS,Student classes,FE,"Formal education, includes formal initial and formal adult education programmes",_T,Total,_Z,Not applicable,_Z,Not applicable,A,Annual,_Z,Not applicable,_Z,Not applicable,INST_EDU_PRIV_IND,Independent private educational institutions,_Z,Not applicable,ST_CL,Students per class,_T,Total,_T,Total,2019,,12.11536,,,,,,,,,,A,Normal value,,,,,2,Two,,,0,Units
FRA,France,ISCED11_2,Lower secondary education,CLS,Student classes,FE,"Formal education, includes formal initial and formal adult education programmes",_T,Total,_Z,Not applicable,_Z,Not applicable,A,Annual,_Z,Not applicable,_Z,Not applicable,INST_EDU_PRIV_IND,Independent private educational institutions,_Z,Not applicable,ST_CL,Students per class,_T,Total,_T,Total,2020,,12.17061,,,,,,,,,,A,Normal value,,,,,2,Two,,,0,Units
FRA,France,ISCED11_2,Lower secondary education,CLS,Student classes,FE,"Formal education, includes formal initial and formal adult education programmes",_T,Total,_Z,Not applicable,_Z,Not applicable,A,Annual,_Z,Not applicable,_Z,Not applicable,INST_EDU_PRIV_IND,Independent private educational institutions,_Z,Not applicable,ST_CL,Students per class,_T,Total,_T,Total,2021,,12.27933,,,,,,,,,,A,Normal value,,,,,2,Two,,,0,Units
FRA,France,ISCED11_2,Lower secondary education,CLS,Student classes,FE,"Formal education, includes formal initial and formal adult education programmes",_T,Total,_Z,Not applicable,_Z,Not applicable,A,Annual,_Z,Not applicable,_Z,Not applicable,INST_EDU_PRIV_IND,Independent private educational institutions,_Z,Not applicable,ST_CL,Students per class,_T,Total,_T,Total,2022,,12.80462,,,,,,,,,,A,Normal value,,,,,2,Two,,,0,Units
FRA,France,ISCED11_2,Lower secondary education,CLS,Student classes,FE,"Formal education, includes formal initial and formal adult education programmes",_T,Total,_Z,Not applicable,_Z,Not applicable,A,Annual,_Z,Not applicable,_Z,Not applicable,INST_EDU_PRIV_IND,Independent private educational institutions,_Z,Not applicable,ST_CL,Students per class,_T,Total,_T,Total,2023,,,,,,,,,,,,M,Missing value; data cannot exist,,,,,2,Two,,,0,Units
POL,Poland,ISCED11_2,Lower secondary education,CLS,Student classes,FE,"Formal education, includes formal initial and formal adult education programmes",_T,Total,_Z,Not applicable,_Z,Not applicable,A,Annual,_Z,Not applicable,_Z,Not applicable,INST_EDU,All educational institutions,_Z,Not applicable,ST_CL,Students per class,_T,Total,_T,Total,2013,,22.41595,,,,,,,,,,A,Normal value,,,,,2,Two,,,0,Units
POL,Poland,ISCED11_2,Lower secondary education,CLS,Student classes,FE,"Formal education, includes formal initial and formal adult education programmes",_T,Total,_Z,Not applicable,_Z,Not applicable,A,Annual,_Z,Not applicable,_Z,Not applicable,INST_EDU,All educational institutions,_Z,Not applicable,ST_CL,Students per class,_T,Total,_T,Total,2014,,22.34703,,,,,,,,,,A,Normal value,,,,,2,Two,,,0,Units
POL,Poland,ISCED11_2,Lower secondary education,CLS,Student classes,FE,"Formal education, includes formal initial and formal adult education programmes",_T,Total,_Z,Not applicable,_Z,Not applicable,A,Annual,_Z,Not applicable,_Z,Not applicable,INST_EDU,All educational institutions,_Z,Not applicable,ST_CL,Students per class,_T,Total,_T,Total,2015,,22.14116,,,,,,,,,,A,Normal value,,,,,2,Two,,,0,Units
POL,Poland,ISCED11_2,Lower secondary education,CLS,Student classes,FE,"Formal education, includes formal initial and formal adult education programmes",_T,Total,_Z,Not applicable,_Z,Not applicable,A,Annual,_Z,Not applicable,_Z,Not applicable,INST_EDU,All educational institutions,_Z,Not applicable,ST_CL,Students per class,_T,Total,_T,Total,2016,,22.00869,,,,,,,,,,A,Normal value,,,,,2,Two,,,0,Units
POL,Poland,ISCED11_2,Lower secondary education,CLS,Student classes,FE,"Formal education, includes formal initial and formal adult education programmes",_T,Total,_Z,Not applicable,_Z,Not applicable,A,Annual,_Z,Not applicable,_Z,Not applicable,INST_EDU,All educational institutions,_Z,Not applicable,ST_CL,Students per class,_T,Total,_T,Total,2017,,21.88854,,,,,,,,,,A,Normal value,,,,,2,Two,,,0,Units
POL,Poland,ISCED11_2,Lower secondary education,CLS,Student classes,FE,"Formal education, includes formal initial and formal adult education programmes",_T,Total,_Z,Not applicable,_Z,Not applicable,A,Annual,_Z,Not applicable,_Z,Not applicable,INST_EDU,All educational institutions,_Z,Not applicable,ST_CL,Students per class,_T,Total,_T,Total,2018,,20.51919,,,,,,,,,,A,Normal value,,,,,2,Two,,,0,Units
POL,Poland,ISCED11_2,Lower secondary education,CLS,Student classes,FE,"Formal education, includes formal initial and formal adult education programmes",_T,Total,_Z,Not applicable,_Z,Not applicable,A,Annual,_Z,Not applicable,_Z,Not applicable,INST_EDU,All educational institutions,_Z,Not applicable,ST_CL,Students per class,_T,Total,_T,Total,2019,,19.17212,,,,,,,,,,A,Normal value,,,,,2,Two,,,0,Units
POL,Poland,ISCED11_2,Lower secondary education,CLS,Student classes,FE,"Formal education, includes formal initial and formal adult education programmes",_T,Total,_Z,Not applicable,_Z,Not applicable,A,Annual,_Z,Not applicable,_Z,Not applicable,INST_EDU,All educational institutions,_Z,Not applicable,ST_CL,Students per class,_T,Total,_T,Total,2020,,18.44676,,,,,,,,,,A,Normal value,,,,,2,Two,,,0,Units
POL,Poland,ISCED11_2,Lower secondary education,CLS,Student classes,FE,"Formal education, includes formal initial and formal adult education programmes",_T,Total,_Z,Not applicable,_Z,Not applicable,A,Annual,_Z,Not applicable,_Z,Not applicable,INST_EDU,All educational institutions,_Z,Not applicable,ST_CL,Students per class,_T,Total,_T,Total,2021,,18.1035,,,,,,,,,,A,Normal value,,,,,2,Two,,,0,Units
POL,Poland,ISCED11_2,Lower secondary education,CLS,Student classes,FE,"Formal education, includes formal initial and formal adult education programmes",_T,Total,_Z,Not applicable,_Z,Not applicable,A,Annual,_Z,Not applicable,_Z,Not applicable,INST_EDU,All educational institutions,_Z,Not applicable,ST_CL,Students per class,_T,Total,_T,Total,2022,,18.01935,,,,,,,,,,A,Normal value,,,,,2,Two,,,0,Units
POL,Poland,ISCED11_2,Lower secondary education,CLS,Student classes,FE,"Formal education, includes formal initial and formal adult education programmes",_T,Total,_Z,Not applicable,_Z,Not applicable,A,Annual,_Z,Not applicable,_Z,Not applicable,INST_EDU,All educational institutions,_Z,Not applicable,ST_CL,Students per class,_T,Total,_T,Total,2023,,18.23771,,,,,,,,,,A,Normal value,,,,,2,Two,,,0,Units
POL,Poland,ISCED11_2,Lower secondary education,CLS,Student classes,FE,"Formal education, includes formal initial and formal adult education programmes",_T,Total,_Z,Not applicable,_Z,Not applicable,A,Annual,_Z,Not applicable,_Z,Not applicable,INST_EDU,All educational institutions,_Z,Not applicable,ST_CL,Students per class,_T,Total,_T,Total,2024,,17.78291,,,,,,,,,,A,Normal value,,,,,2,Two,,,0,Units
NLD,Netherlands,ISCED11_2,Lower secondary education,CLS,Student classes,FE,"Formal education, includes formal initial and formal adult education programmes",_T,Total,_Z,Not applicable,_Z,Not applicable,A,Annual,_Z,Not applicable,_Z,Not applicable,INST_EDU_PRIV_IND,Independent private educational institutions,_Z,Not applicable,ST_CL,Students per class,_T,Total,_T,Total,2013,,,,,,,,,,,,O,Missing value,,,,,2,Two,,,0,Units
NLD,Netherlands,ISCED11_2,Lower secondary education,CLS,Student classes,FE,"Formal education, includes formal initial and formal adult education programmes",_T,Total,_Z,Not applicable,_Z,Not applicable,A,Annual,_Z,Not applicable,_Z,Not applicable,INST_EDU_PRIV_IND,Independent private educational institutions,_Z,Not applicable,ST_CL,Students per class,_T,Total,_T,Total,2014,,,,,,,,,,,,O,Missing value,,,,,2,Two,,,0,Units
NLD,Netherlands,ISCED11_2,Lower secondary education,CLS,Student classes,FE,"Formal education, includes formal initial and formal adult education programmes",_T,Total,_Z,Not applicable,_Z,Not applicable,A,Annual,_Z,Not applicable,_Z,Not applicable,INST_EDU_PRIV_IND,Independent private educational institutions,_Z,Not applicable,ST_CL,Students per class,_T,Total,_T,Total,2015,,,,,,,,,,,,M,Missing value; data cannot exist,,,,,2,Two,,,0,Units
NLD,Netherlands,ISCED11_2,Lower secondary education,CLS,Student classes,FE,"Formal education, includes formal initial and formal adult education programmes",_T,Total,_Z,Not applicable,_Z,Not applicable,A,Annual,_Z,Not applicable,_Z,Not applicable,INST_EDU_PRIV_IND,Independent private educational institutions,_Z,Not applicable,ST_CL,Students per class,_T,Total,_T,Total,2016,,,,,,,,,,,,O,Missing value,,,,,2,Two,,,0,Units
NLD,Netherlands,ISCED11_2,Lower secondary education,CLS,Student classes,FE,"Formal education, includes formal initial and formal adult education programmes",_T,Total,_Z,Not applicable,_Z,Not applicable,A,Annual,_Z,Not applicable,_Z,Not applicable,INST_EDU_PRIV_IND,Independent private educational institutions,_Z,Not applicable,ST_CL,Students per class,_T,Total,_T,Total,2017,,,,,,,,,,,,O,Missing value,,,,,2,Two,,,0,Units
NLD,Netherlands,ISCED11_2,Lower secondary education,CLS,Student classes,FE,"Formal education, includes formal initial and formal adult education programmes",_T,Total,_Z,Not applicable,_Z,Not applicable,A,Annual,_Z,Not applicable,_Z,Not applicable,INST_EDU_PRIV_IND,Independent private educational institutions,_Z,Not applicable,ST_CL,Students per class,_T,Total,_T,Total,2018,,,,,,,,,,,,O,Missing value,,,,,2,Two,,,0,Units
NLD,Netherlands,ISCED11_2,Lower secondary education,CLS,Student classes,FE,"Formal education, includes formal initial and formal adult education programmes",_T,Total,_Z,Not applicable,_Z,Not applicable,A,Annual,_Z,Not applicable,_Z,Not applicable,INST_EDU_PRIV_IND,Independent private educational institutions,_Z,Not applicable,ST_CL,Students per class,_T,Total,_T,Total,2019,,,,,,,,,,,,O,Missing value,,,,,2,Two,,,0,Units
NLD,Netherlands,ISCED11_2,Lower secondary education,CLS,Student classes,FE,"Formal education, includes formal initial and formal adult education programmes",_T,Total,_Z,Not applicable,_Z,Not applicable,A,Annual,_Z,Not applicable,_Z,Not applicable,INST_EDU_PRIV_IND,Independent private educational institutions,_Z,Not applicable,ST_CL,Students per class,_T,Total,_T,Total,2020,,,,,,,,,,,,O,Missing value,,,,,2,Two,,,0,Units
NLD,Netherlands,ISCED11_2,Lower secondary education,CLS,Student classes,FE,"Formal education, includes formal initial and formal adult education programmes",_T,Total,_Z,Not applicable,_Z,Not applicable,A,Annual,_Z,Not applicable,_Z,Not applicable,INST_EDU_PRIV_IND,Independent private educational institutions,_Z,Not applicable,ST_CL,Students per class,_T,Total,_T,Total,2021,,,,,,,,,,,,O,Missing value,,,,,2,Two,,,0,Units
NLD,Netherlands,ISCED11_2,Lower secondary education,CLS,Student classes,FE,"Formal education, includes formal initial and formal adult education programmes",_T,Total,_Z,Not applicable,_Z,Not applicable,A,Annual,_Z,Not applicable,_Z,Not applicable,INST_EDU_PRIV_IND,Independent private educational institutions,_Z,Not applicable,ST_CL,Students per class,_T,Total,_T,Total,2022,,,,,,,,,,,,O,Missing value,,,,,2,Two,,,0,Units
NLD,Netherlands,ISCED11_2,Lower secondary education,CLS,Student classes,FE,"Formal education, includes formal initial and formal adult education programmes",_T,Total,_Z,Not applicable,_Z,Not applicable,A,Annual,_Z,Not applicable,_Z,Not applicable,INST_EDU_PRIV_IND,Independent private educational institutions,_Z,Not applicable,ST_CL,Students per class,_T,Total,_T,Total,2023,,,,,,,,,,,,O,Missing value,,,,,2,Two,,,0,Units
NLD,Netherlands,ISCED11_2,Lower secondary education,CLS,Student classes,FE,"Formal education, includes formal initial and formal adult education programmes",_T,Total,_Z,Not applicable,_Z,Not applicable,A,Annual,_Z,Not applicable,_Z,Not applicable,INST_EDU_PRIV_IND,Independent private educational institutions,_Z,Not applicable,ST_CL,Students per class,_T,Total,_T,Total,2024,,,,,,,,,,,,O,Missing value,,,,,2,Two,,,0,Units
DEU,Germany,ISCED11_1,Primary education,CLS,Student classes,FE,"Formal education, includes formal initial and formal adult education programmes",_T,Total,_Z,Not applicable,_Z,Not applicable,A,Annual,_Z,Not applicable,_Z,Not applicable,INST_EDU_PRIV_IND,Independent private educational institutions,_Z,Not applicable,ST_CL,Students per class,_T,Total,_T,Total,2013,,,,,,,,,,,,K,Data included in another category,,,,,2,Two,,,0,Units
DEU,Germany,ISCED11_1,Primary education,CLS,Student classes,FE,"Formal education, includes formal initial and formal adult education programmes",_T,Total,_Z,Not applicable,_Z,Not applicable,A,Annual,_Z,Not applicable,_Z,Not applicable,INST_EDU_PRIV_IND,Independent private educational institutions,_Z,Not applicable,ST_CL,Students per class,_T,Total,_T,Total,2014,,,,,,,,,,,,K,Data included in another category,,,,,2,Two,,,0,Units
DEU,Germany,ISCED11_1,Primary education,CLS,Student classes,FE,"Formal education, includes formal initial and formal adult education programmes",_T,Total,_Z,Not applicable,_Z,Not applicable,A,Annual,_Z,Not applicable,_Z,Not applicable,INST_EDU_PRIV_IND,Independent private educational institutions,_Z,Not applicable,ST_CL,Students per class,_T,Total,_T,Total,2015,,,,,,,,,,,,K,Data included in another category,,,,,2,Two,,,0,Units
DEU,Germany,ISCED11_1,Primary education,CLS,Student classes,FE,"Formal education, includes formal initial and formal adult education programmes",_T,Total,_Z,Not applicable,_Z,Not applicable,A,Annual,_Z,Not applicable,_Z,Not applicable,INST_EDU_PRIV_IND,Independent private educational institutions,_Z,Not applicable,ST_CL,Students per class,_T,Total,_T,Total,2016,,,,,,,,,,,,K,Data included in another category,,,,,2,Two,,,0,Units
DEU,Germany,ISCED11_1,Primary education,CLS,Student classes,FE,"Formal education, includes formal initial and formal adult education programmes",_T,Total,_Z,Not applicable,_Z,Not applicable,A,Annual,_Z,Not applicable,_Z,Not applicable,INST_EDU_PRIV_IND,Independent private educational institutions,_Z,Not applicable,ST_CL,Students per class,_T,Total,_T,Total,2017,,,,,,,,,,,,K,Data included in another category,,,,,2,Two,,,0,Units
DEU,Germany,ISCED11_1,Primary education,CLS,Student classes,FE,"Formal education, includes formal initial and formal adult education programmes",_T,Total,_Z,Not applicable,_Z,Not applicable,A,Annual,_Z,Not applicable,_Z,Not applicable,INST_EDU_PRIV_IND,Independent private educational institutions,_Z,Not applicable,ST_CL,Students per class,_T,Total,_T,Total,2018,,,,,,,,,,,,K,Data included in another category,,,,,2,Two,,,0,Units
DEU,Germany,ISCED11_1,Primary education,CLS,Student classes,FE,"Formal education, includes formal initial and formal adult education programmes",_T,Total,_Z,Not applicable,_Z,Not applicable,A,Annual,_Z,Not applicable,_Z,Not applicable,INST_EDU_PRIV_IND,Independent private educational institutions,_Z,Not applicable,ST_CL,Students per class,_T,Total,_T,Total,2019,,,,,,,,,,,,K,Data included in another category,,,,,2,Two,,,0,Units
DEU,Germany,ISCED11_1,Primary education,CLS,Student classes,FE,"Formal education, includes formal initial and formal adult education programmes",_T,Total,_Z,Not applicable,_Z,Not applicable,A,Annual,_Z,Not applicable,_Z,Not applicable,INST_EDU_PRIV_IND,Independent private educational institutions,_Z,Not applicable,ST_CL,Students per class,_T,Total,_T,Total,2020,,,,,,,,,,,,K,Data included in another category,,,,,2,Two,,,0,Units
DEU,Germany,ISCED11_1,Primary education,CLS,Student classes,FE,"Formal education, includes formal initial and formal adult education programmes",_T,Total,_Z,Not applicable,_Z,Not applicable,A,Annual,_Z,Not applicable,_Z,Not applicable,INST_EDU_PRIV_IND,Independent private educational institutions,_Z,Not applicable,ST_CL,Students per class,_T,Total,_T,Total,2021,,,,,,,,,,,,K,Data included in another category,,,,,2,Two,,,0,Units
DEU,Germany,ISCED11_1,Primary education,CLS,Student classes,FE,"Formal education, includes formal initial and formal adult education programmes",_T,Total,_Z,Not applicable,_Z,Not applicable,A,Annual,_Z,Not applicable,_Z,Not applicable,INST_EDU_PRIV_IND,Independent private educational institutions,_Z,Not applicable,ST_CL,Students per class,_T,Total,_T,Total,2022,,,,,,,,,,,,K,Data included in another category,,,,,2,Two,,,0,Units
DEU,Germany,ISCED11_1,Primary education,CLS,Student classes,FE,"Formal education, includes formal initial and formal adult education programmes",_T,Total,_Z,Not applicable,_Z,Not applicable,A,Annual,_Z,Not applicable,_Z,Not applicable,INST_EDU_PRIV_IND,Independent private educational institutions,_Z,Not applicable,ST_CL,Students per class,_T,Total,_T,Total,2023,,,,,,,,,,,,K,Data included in another category,,,,,2,Two,,,0,Units
DEU,Germany,ISCED11_1,Primary education,CLS,Student classes,FE,"Formal education, includes formal initial and formal adult education programmes",_T,Total,_Z,Not applicable,_Z,Not applicable,A,Annual,_Z,Not applicable,_Z,Not applicable,INST_EDU_PRIV_IND,Independent private educational institutions,_Z,Not applicable,ST_CL,Students per class,_T,Total,_T,Total,2024,,,,,,,,,,,,K,Data included in another category,,,,,2,Two,,,0,Units
GBR,United Kingdom,ISCED11_2,Lower secondary education,CLS,Student classes,FE,"Formal education, includes formal initial and formal adult education programmes",_T,Total,_Z,Not applicable,_Z,Not applicable,A,Annual,_Z,Not applicable,_Z,Not applicable,INST_EDU_PRIV_IND,Independent private educational institutions,_Z,Not applicable,ST_CL,Students per class,_T,Total,_T,Total,2013,,12.47219,,,,,,,,,,A,Normal value,,,,,2,Two,,,0,Units
GBR,United Kingdom,ISCED11_2,Lower secondary education,CLS,Student classes,FE,"Formal education, includes formal initial and formal adult education programmes",_T,Total,_Z,Not applicable,_Z,Not applicable,A,Annual,_Z,Not applicable,_Z,Not applicable,INST_EDU_PRIV_IND,Independent private educational institutions,_Z,Not applicable,ST_CL,Students per class,_T,Total,_T,Total,2014,,10.69133,,,,,,,,,,A,Normal value,,,,,2,Two,,,0,Units
GBR,United Kingdom,ISCED11_2,Lower secondary education,CLS,Student classes,FE,"Formal education, includes formal initial and formal adult education programmes",_T,Total,_Z,Not applicable,_Z,Not applicable,A,Annual,_Z,Not applicable,_Z,Not applicable,INST_EDU_PRIV_IND,Independent private educational institutions,_Z,Not applicable,ST_CL,Students per class,_T,Total,_T,Total,2015,,10.318,,,,,,,,,,A,Normal value,,,,,2,Two,,,0,Units
GBR,United Kingdom,ISCED11_2,Lower secondary education,CLS,Student classes,FE,"Formal education, includes formal initial and formal adult education programmes",_T,Total,_Z,Not applicable,_Z,Not applicable,A,Annual,_Z,Not applicable,_Z,Not applicable,INST_EDU_PRIV_IND,Independent private educational institutions,_Z,Not applicable,ST_CL,Students per class,_T,Total,_T,Total,2016,,10.56863,,,,,,,,,,A,Normal value,,,,,2,Two,,,0,Units
GBR,United Kingdom,ISCED11_2,Lower secondary education,CLS,Student classes,FE,"Formal education, includes formal initial and formal adult education programmes",_T,Total,_Z,Not applicable,_Z,Not applicable,A,Annual,_Z,Not applicable,_Z,Not applicable,INST_EDU_PRIV_IND,Independent private educational institutions,_Z,Not applicable,ST_CL,Students per class,_T,Total,_T,Total,2017,,12.14527,,,,,,,,,,A,Normal value,,,,,2,Two,,,0,Units
GBR,United Kingdom,ISCED11_2,Lower secondary education,CLS,Student classes,FE,"Formal education, includes formal initial and formal adult education programmes",_T,Total,_Z,Not applicable,_Z,Not applicable,A,Annual,_Z,Not applicable,_Z,Not applicable,INST_EDU_PRIV_IND,Independent private educational institutions,_Z,Not applicable,ST_CL,Students per class,_T,Total,_T,Total,2018,,11.9366,,,,,,,,,,A,Normal value,,,,,2,Two,,,0,Units
GBR,United Kingdom,ISCED11_2,Lower secondary education,CLS,Student classes,FE,"Formal education, includes formal initial and formal adult education programmes",_T,Total,_Z,Not applicable,_Z,Not applicable,A,Annual,_Z,Not applicable,_Z,Not applicable,INST_EDU_PRIV_IND,Independent private educational institutions,_Z,Not applicable,ST_CL,Students per class,_T,Total,_T,Total,2019,,11.68958,,,,,,,,,,A,Normal value,,,,,2,Two,,,0,Units
GBR,United Kingdom,ISCED11_2,Lower secondary education,CLS,Student classes,FE,"Formal education, includes formal initial and formal adult education programmes",_T,Total,_Z,Not applicable,_Z,Not applicable,A,Annual,_Z,Not applicable,_Z,Not applicable,INST_EDU_PRIV_IND,Independent private educational institutions,_Z,Not applicable,ST_CL,Students per class,_T,Total,_T,Total,2020,,11.99053,,,,,,,,,,A,Normal value,,,,,2,Two,,,0,Units
GBR,United Kingdom,ISCED11_2,Lower secondary education,CLS,Student classes,FE,"Formal education, includes formal initial and formal adult education programmes",_T,Total,_Z,Not applicable,_Z,Not applicable,A,Annual,_Z,Not applicable,_Z,Not applicable,INST_EDU_PRIV_IND,Independent private educational institutions,_Z,Not applicable,ST_CL,Students per class,_T,Total,_T,Total,2021,,12.2616,,,,,,,,,,A,Normal value,,,,,2,Two,,,0,Units
GBR,United Kingdom,ISCED11_2,Lower secondary education,CLS,Student classes,FE,"Formal education, includes formal initial and formal adult education programmes",_T,Total,_Z,Not applicable,_Z,Not applicable,A,Annual,_Z,Not applicable,_Z,Not applicable,INST_EDU_PRIV_IND,Independent private educational institutions,_Z,Not applicable,ST_CL,Students per class,_T,Total,_T,Total,2022,,12.20781,,,,,,,,,,A,Normal value,,,,,2,Two,,,0,Units
GBR,United Kingdom,ISCED11_2,Lower secondary education,CLS,Student classes,FE,"Formal education, includes formal initial and formal adult education programmes",_T,Total,_Z,Not applicable,_Z,Not applicable,A,Annual,_Z,Not applicable,_Z,Not applicable,INST_EDU_PRIV_IND,Independent private educational institutions,_Z,Not applicable,ST_CL,Students per class,_T,Total,_T,Total,2023,,12.26486,,,,,,,,,,A,Normal value,,,,,2,Two,,,0,Units
GBR,United Kingdom,ISCED11_2,Lower secondary education,CLS,Student classes,FE,"Formal education, includes formal initial and formal adult education programmes",_T,Total,_Z,Not applicable,_Z,Not applicable,A,Annual,_Z,Not applicable,_Z,Not applicable,INST_EDU_PRIV_IND,Independent private educational institutions,_Z,Not applicable,ST_CL,Students per class,_T,Total,_T,Total,2024,,12.08768,,,,,,,,,,A,Normal value,,,,,2,Two,,,0,Units
NLD,Netherlands,ISCED11_1,Primary education,CLS,Student classes,FE,"Formal education, includes formal initial and formal adult education programmes",_T,Total,_Z,Not applicable,_Z,Not applicable,A,Annual,_Z,Not applicable,_Z,Not applicable,INST_EDU_PRIV,Private educational institutions,_Z,Not applicable,ST_CL,Students per class,_T,Total,_T,Total,2013,,,,,,,,,,,,O,Missing value,,,,,2,Two,,,0,Units
NLD,Netherlands,ISCED11_1,Primary education,CLS,Student classes,FE,"Formal education, includes formal initial and formal adult education programmes",_T,Total,_Z,Not applicable,_Z,Not applicable,A,Annual,_Z,Not applicable,_Z,Not applicable,INST_EDU_PRIV,Private educational institutions,_Z,Not applicable,ST_CL,Students per class,_T,Total,_T,Total,2014,,,,,,,,,,,,O,Missing value,,,,,2,Two,,,0,Units
NLD,Netherlands,ISCED11_1,Primary education,CLS,Student classes,FE,"Formal education, includes formal initial and formal adult education programmes",_T,Total,_Z,Not applicable,_Z,Not applicable,A,Annual,_Z,Not applicable,_Z,Not applicable,INST_EDU_PRIV,Private educational institutions,_Z,Not applicable,ST_CL,Students per class,_T,Total,_T,Total,2015,,,,,,,,,,,,M,Missing value; data cannot exist,,,,,2,Two,,,0,Units
NLD,Netherlands,ISCED11_1,Primary education,CLS,Student classes,FE,"Formal education, includes formal initial and formal adult education programmes",_T,Total,_Z,Not applicable,_Z,Not applicable,A,Annual,_Z,Not applicable,_Z,Not applicable,INST_EDU_PRIV,Private educational institutions,_Z,Not applicable,ST_CL,Students per class,_T,Total,_T,Total,2016,,,,,,,,,,,,O,Missing value,,,,,2,Two,,,0,Units
NLD,Netherlands,ISCED11_1,Primary education,CLS,Student classes,FE,"Formal education, includes formal initial and formal adult education programmes",_T,Total,_Z,Not applicable,_Z,Not applicable,A,Annual,_Z,Not applicable,_Z,Not applicable,INST_EDU_PRIV,Private educational institutions,_Z,Not applicable,ST_CL,Students per class,_T,Total,_T,Total,2017,,,,,,,,,,,,O,Missing value,,,,,2,Two,,,0,Units
NLD,Netherlands,ISCED11_1,Primary education,CLS,Student classes,FE,"Formal education, includes formal initial and formal adult education programmes",_T,Total,_Z,Not applicable,_Z,Not applicable,A,Annual,_Z,Not applicable,_Z,Not applicable,INST_EDU_PRIV,Private educational institutions,_Z,Not applicable,ST_CL,Students per class,_T,Total,_T,Total,2018,,,,,,,,,,,,O,Missing value,,,,,2,Two,,,0,Units
NLD,Netherlands,ISCED11_1,Primary education,CLS,Student classes,FE,"Formal education, includes formal initial and formal adult education programmes",_T,Total,_Z,Not applicable,_Z,Not applicable,A,Annual,_Z,Not applicable,_Z,Not applicable,INST_EDU_PRIV,Private educational institutions,_Z,Not applicable,ST_CL,Students per class,_T,Total,_T,Total,2019,,,,,,,,,,,,O,Missing value,,,,,2,Two,,,0,Units
NLD,Netherlands,ISCED11_1,Primary education,CLS,Student classes,FE,"Formal education, includes formal initial and formal adult education programmes",_T,Total,_Z,Not applicable,_Z,Not applicable,A,Annual,_Z,Not applicable,_Z,Not applicable,INST_EDU_PRIV,Private educational institutions,_Z,Not applicable,ST_CL,Students per class,_T,Total,_T,Total,2020,,,,,,,,,,,,O,Missing value,,,,,2,Two,,,0,Units
NLD,Netherlands,ISCED11_1,Primary education,CLS,Student classes,FE,"Formal education, includes formal initial and formal adult education programmes",_T,Total,_Z,Not applicable,_Z,Not applicable,A,Annual,_Z,Not applicable,_Z,Not applicable,INST_EDU_PRIV,Private educational institutions,_Z,Not applicable,ST_CL,Students per class,_T,Total,_T,Total,2021,,,,,,,,,,,,O,Missing value,,,,,2,Two,,,0,Units
NLD,Netherlands,ISCED11_1,Primary education,CLS,Student classes,FE,"Formal education, includes formal initial and formal adult education programmes",_T,Total,_Z,Not applicable,_Z,Not applicable,A,Annual,_Z,Not applicable,_Z,Not applicable,INST_EDU_PRIV,Private educational institutions,_Z,Not applicable,ST_CL,Students per class,_T,Total,_T,Total,2022,,,,,,,,,,,,O,Missing value,,,,,2,Two,,,0,Units
NLD,Netherlands,ISCED11_1,Primary education,CLS,Student classes,FE,"Formal education, includes formal initial and formal adult education programmes",_T,Total,_Z,Not applicable,_Z,Not applicable,A,Annual,_Z,Not applicable,_Z,Not applicable,INST_EDU_PRIV,Private educational institutions,_Z,Not applicable,ST_CL,Students per class,_T,Total,_T,Total,2023,,22.39995,,,,,,,,,,A,Normal value,,,,,2,Two,,,0,Units
NLD,Netherlands,ISCED11_1,Primary education,CLS,Student classes,FE,"Formal education, includes formal initial and formal adult education programmes",_T,Total,_Z,Not applicable,_Z,Not applicable,A,Annual,_Z,Not applicable,_Z,Not applicable,INST_EDU_PRIV,Private educational institutions,_Z,Not applicable,ST_CL,Students per class,_T,Total,_T,Total,2024,,22.50022,,,,,,,,,,A,Normal value,,,,,2,Two,,,0,Units
EU25,European Union (25 countries),ISCED11_2,Lower secondary education,CLS,Student classes,FE,"Formal education, includes formal initial and formal adult education programmes",_T,Total,_Z,Not applicable,_Z,Not applicable,A,Annual,_Z,Not applicable,_Z,Not applicable,INST_EDU_PRIV_GOV,Government dependent private educational institutions,_Z,Not applicable,ST_CL,Students per class,_T,Total,_T,Total,2013,,16.8657471428571,,,,,,,,,,A,Normal value,,,,,2,Two,,,0,Units
EU25,European Union (25 countries),ISCED11_2,Lower secondary education,CLS,Student classes,FE,"Formal education, includes formal initial and formal adult education programmes",_T,Total,_Z,Not applicable,_Z,Not applicable,A,Annual,_Z,Not applicable,_Z,Not applicable,INST_EDU_PRIV_GOV,Government dependent private educational institutions,_Z,Not applicable,ST_CL,Students per class,_T,Total,_T,Total,2014,,17.2163906666667,,,,,,,,,,A,Normal value,,,,,2,Two,,,0,Units
EU25,European Union (25 countries),ISCED11_2,Lower secondary education,CLS,Student classes,FE,"Formal education, includes formal initial and formal adult education programmes",_T,Total,_Z,Not applicable,_Z,Not applicable,A,Annual,_Z,Not applicable,_Z,Not applicable,INST_EDU_PRIV_GOV,Government dependent private educational institutions,_Z,Not applicable,ST_CL,Students per class,_T,Total,_T,Total,2015,,17.4802826666667,,,,,,,,,,A,Normal value,,,,,2,Two,,,0,Units
EU25,European Union (25 countries),ISCED11_2,Lower secondary education,CLS,Student classes,FE,"Formal education, includes formal initial and formal adult education programmes",_T,Total,_Z,Not applicable,_Z,Not applicable,A,Annual,_Z,Not applicable,_Z,Not applicable,INST_EDU_PRIV_GOV,Government dependent private educational institutions,_Z,Not applicable,ST_CL,Students per class,_T,Total,_T,Total,2016,,18.5890126666667,,,,,,,,,,A,Normal value,,,,,2,Two,,,0,Units
EU25,European Union (25 countries),ISCED11_2,Lower secondary education,CLS,Student classes,FE,"Formal education, includes formal initial and formal adult education programmes",_T,Total,_Z,Not applicable,_Z,Not applicable,A,Annual,_Z,Not applicable,_Z,Not applicable,INST_EDU_PRIV_GOV,Government dependent private educational institutions,_Z,Not applicable,ST_CL,Students per class,_T,Total,_T,Total,2017,,18.1914853333333,,,,,,,,,,A,Normal value,,,,,2,Two,,,0,Units
EU25,European Union (25 countries),ISCED11_2,Lower secondary education,CLS,Student classes,FE,"Formal education, includes formal initial and formal adult education programmes",_T,Total,_Z,Not applicable,_Z,Not applicable,A,Annual,_Z,Not applicable,_Z,Not applicable,INST_EDU_PRIV_GOV,Government dependent private educational institutions,_Z,Not applicable,ST_CL,Students per class,_T,Total,_T,Total,2018,,16.791689375,,,,,,,,,,A,Normal value,,,,,2,Two,,,0,Units
EU25,European Union (25 countries),ISCED11_2,Lower secondary education,CLS,Student classes,FE,"Formal education, includes formal initial and formal adult education programmes",_T,Total,_Z,Not applicable,_Z,Not applicable,A,Annual,_Z,Not applicable,_Z,Not applicable,INST_EDU_PRIV_GOV,Government dependent private educational institutions,_Z,Not applicable,ST_CL,Students per class,_T,Total,_T,Total,2019,,16.42955625,,,,,,,,,,A,Normal value,,,,,2,Two,,,0,Units
EU25,European Union (25 countries),ISCED11_2,Lower secondary education,CLS,Student classes,FE,"Formal education, includes formal initial and formal adult education programmes",_T,Total,_Z,Not applicable,_Z,Not applicable,A,Annual,_Z,Not applicable,_Z,Not applicable,INST_EDU_PRIV_GOV,Government dependent private educational institutions,_Z,Not applicable,ST_CL,Students per class,_T,Total,_T,Total,2020,,17.7063313333333,,,,,,,,,,A,Normal value,,,,,2,Two,,,0,Units
EU25,European Union (25 countries),ISCED11_2,Lower secondary education,CLS,Student classes,FE,"Formal education, includes formal initial and formal adult education programmes",_T,Total,_Z,Not applicable,_Z,Not applicable,A,Annual,_Z,Not applicable,_Z,Not applicable,INST_EDU_PRIV_GOV,Government dependent private educational institutions,_Z,Not applicable,ST_CL,Students per class,_T,Total,_T,Total,2021,,17.37238,,,,,,,,,,A,Normal value,,,,,2,Two,,,0,Units
EU25,European Union (25 countries),ISCED11_2,Lower secondary education,CLS,Student classes,FE,"Formal education, includes formal initial and formal adult education programmes",_T,Total,_Z,Not applicable,_Z,Not applicable,A,Annual,_Z,Not applicable,_Z,Not applicable,INST_EDU_PRIV_GOV,Government dependent private educational institutions,_Z,Not applicable,ST_CL,Students per class,_T,Total,_T,Total,2022,,19.8658846153846,,,,,,,,,,A,Normal value,,,,,2,Two,,,0,Units
EU25,European Union (25 countries),ISCED11_2,Lower secondary education,CLS,Student classes,FE,"Formal education, includes formal initial and formal adult education programmes",_T,Total,_Z,Not applicable,_Z,Not applicable,A,Annual,_Z,Not applicable,_Z,Not applicable,INST_EDU_PRIV_GOV,Government dependent private educational institutions,_Z,Not applicable,ST_CL,Students per class,_T,Total,_T,Total,2023,,19.9038784615385,,,,,,,,,,A,Normal value,,,,,2,Two,,,0,Units
USA,United States,ISCED11_2,Lower secondary education,CLS,Student classes,FE,"Formal education, includes formal initial and formal adult education programmes",_T,Total,_Z,Not applicable,_Z,Not applicable,A,Annual,_Z,Not applicable,_Z,Not applicable,INST_EDU_PRIV_GOV,Government dependent private educational institutions,_Z,Not applicable,ST_CL,Students per class,_T,Total,_T,Total,2013,,,,,,,,,,,,M,Missing value; data cannot exist,,,,,2,Two,,,0,Units
USA,United States,ISCED11_2,Lower secondary education,CLS,Student classes,FE,"Formal education, includes formal initial and formal adult education programmes",_T,Total,_Z,Not applicable,_Z,Not applicable,A,Annual,_Z,Not applicable,_Z,Not applicable,INST_EDU_PRIV_GOV,Government dependent private educational institutions,_Z,Not applicable,ST_CL,Students per class,_T,Total,_T,Total,2014,,,,,,,,,,,,M,Missing value; data cannot exist,,,,,2,Two,,,0,Units
USA,United States,ISCED11_2,Lower secondary education,CLS,Student classes,FE,"Formal education, includes formal initial and formal adult education programmes",_T,Total,_Z,Not applicable,_Z,Not applicable,A,Annual,_Z,Not applicable,_Z,Not applicable,INST_EDU_PRIV_GOV,Government dependent private educational institutions,_Z,Not applicable,ST_CL,Students per class,_T,Total,_T,Total,2015,,,,,,,,,,,,M,Missing value; data cannot exist,,,,,2,Two,,,0,Units
USA,United States,ISCED11_2,Lower secondary education,CLS,Student classes,FE,"Formal education, includes formal initial and formal adult education programmes",_T,Total,_Z,Not applicable,_Z,Not applicable,A,Annual,_Z,Not applicable,_Z,Not applicable,INST_EDU_PRIV_GOV,Government dependent private educational institutions,_Z,Not applicable,ST_CL,Students per class,_T,Total,_T,Total,2016,,,,,,,,,,,,M,Missing value; data cannot exist,,,,,2,Two,,,0,Units
USA,United States,ISCED11_2,Lower secondary education,CLS,Student classes,FE,"Formal education, includes formal initial and formal adult education programmes",_T,Total,_Z,Not applicable,_Z,Not applicable,A,Annual,_Z,Not applicable,_Z,Not applicable,INST_EDU_PRIV_GOV,Government dependent private educational institutions,_Z,Not applicable,ST_CL,Students per class,_T,Total,_T,Total,2017,,,,,,,,,,,,M,Missing value; data cannot exist,,,,,2,Two,,,0,Units
USA,United States,ISCED11_2,Lower secondary education,CLS,Student classes,FE,"Formal education, includes formal initial and formal adult education programmes",_T,Total,_Z,Not applicable,_Z,Not applicable,A,Annual,_Z,Not applicable,_Z,Not applicable,INST_EDU_PRIV_GOV,Government dependent private educational institutions,_Z,Not applicable,ST_CL,Students per class,_T,Total,_T,Total,2018,,,,,,,,,,,,M,Missing value; data cannot exist,,,,,2,Two,,,0,Units
USA,United States,ISCED11_2,Lower secondary education,CLS,Student classes,FE,"Formal education, includes formal initial and formal adult education programmes",_T,Total,_Z,Not applicable,_Z,Not applicable,A,Annual,_Z,Not applicable,_Z,Not applicable,INST_EDU_PRIV_GOV,Government dependent private educational institutions,_Z,Not applicable,ST_CL,Students per class,_T,Total,_T,Total,2019,,,,,,,,,,,,M,Missing value; data cannot exist,,,,,2,Two,,,0,Units
USA,United States,ISCED11_2,Lower secondary education,CLS,Student classes,FE,"Formal education, includes formal initial and formal adult education programmes",_T,Total,_Z,Not applicable,_Z,Not applicable,A,Annual,_Z,Not applicable,_Z,Not applicable,INST_EDU_PRIV_GOV,Government dependent private educational institutions,_Z,Not applicable,ST_CL,Students per class,_T,Total,_T,Total,2020,,,,,,,,,,,,M,Missing value; data cannot exist,,,,,2,Two,,,0,Units
USA,United States,ISCED11_2,Lower secondary education,CLS,Student classes,FE,"Formal education, includes formal initial and formal adult education programmes",_T,Total,_Z,Not applicable,_Z,Not applicable,A,Annual,_Z,Not applicable,_Z,Not applicable,INST_EDU_PRIV_GOV,Government dependent private educational institutions,_Z,Not applicable,ST_CL,Students per class,_T,Total,_T,Total,2021,,,,,,,,,,,,M,Missing value; data cannot exist,,,,,2,Two,,,0,Units
USA,United States,ISCED11_2,Lower secondary education,CLS,Student classes,FE,"Formal education, includes formal initial and formal adult education programmes",_T,Total,_Z,Not applicable,_Z,Not applicable,A,Annual,_Z,Not applicable,_Z,Not applicable,INST_EDU_PRIV_GOV,Government dependent private educational institutions,_Z,Not applicable,ST_CL,Students per class,_T,Total,_T,Total,2022,,,,,,,,,,,,M,Missing value; data cannot exist,,,,,2,Two,,,0,Units
USA,United States,ISCED11_2,Lower secondary education,CLS,Student classes,FE,"Formal education, includes formal initial and formal adult education programmes",_T,Total,_Z,Not applicable,_Z,Not applicable,A,Annual,_Z,Not applicable,_Z,Not applicable,INST_EDU_PRIV_GOV,Government dependent private educational institutions,_Z,Not applicable,ST_CL,Students per class,_T,Total,_T,Total,2023,,,,,,,,,,,,M,Missing value; data cannot exist,,,,,2,Two,,,0,Units
USA,United States,ISCED11_2,Lower secondary education,CLS,Student classes,FE,"Formal education, includes formal initial and formal adult education programmes",_T,Total,_Z,Not applicable,_Z,Not applicable,A,Annual,_Z,Not applicable,_Z,Not applicable,INST_EDU_PRIV_GOV,Government dependent private educational institutions,_Z,Not applicable,ST_CL,Students per class,_T,Total,_T,Total,2024,,,,,,,,,,,,M,Missing value; data cannot exist,,,,,2,Two,,,0,Units
FIN,Finland,ISCED11_1,Primary education,CLS,Student classes,FE,"Formal education, includes formal initial and formal adult education programmes",_T,Total,_Z,Not applicable,_Z,Not applicable,A,Annual,_Z,Not applicable,_Z,Not applicable,INST_EDU_PRIV_IND,Independent private educational institutions,_Z,Not applicable,ST_CL,Students per class,_T,Total,_T,Total,2013,,,,,,,,,,,,M,Missing value; data cannot exist,,,,,2,Two,,,0,Units
FIN,Finland,ISCED11_1,Primary education,CLS,Student classes,FE,"Formal education, includes formal initial and formal adult education programmes",_T,Total,_Z,Not applicable,_Z,Not applicable,A,Annual,_Z,Not applicable,_Z,Not applicable,INST_EDU_PRIV_IND,Independent private educational institutions,_Z,Not applicable,ST_CL,Students per class,_T,Total,_T,Total,2014,,,,,,,,,,,,M,Missing value; data cannot exist,,,,,2,Two,,,0,Units
FIN,Finland,ISCED11_1,Primary education,CLS,Student classes,FE,"Formal education, includes formal initial and formal adult education programmes",_T,Total,_Z,Not applicable,_Z,Not applicable,A,Annual,_Z,Not applicable,_Z,Not applicable,INST_EDU_PRIV_IND,Independent private educational institutions,_Z,Not applicable,ST_CL,Students per class,_T,Total,_T,Total,2015,,,,,,,,,,,,M,Missing value; data cannot exist,,,,,2,Two,,,0,Units
FIN,Finland,ISCED11_1,Primary education,CLS,Student classes,FE,"Formal education, includes formal initial and formal adult education programmes",_T,Total,_Z,Not applicable,_Z,Not applicable,A,Annual,_Z,Not applicable,_Z,Not applicable,INST_EDU_PRIV_IND,Independent private educational institutions,_Z,Not applicable,ST_CL,Students per class,_T,Total,_T,Total,2016,,,,,,,,,,,,M,Missing value; data cannot exist,,,,,2,Two,,,0,Units
FIN,Finland,ISCED11_1,Primary education,CLS,Student classes,FE,"Formal education, includes formal initial and formal adult education programmes",_T,Total,_Z,Not applicable,_Z,Not applicable,A,Annual,_Z,Not applicable,_Z,Not applicable,INST_EDU_PRIV_IND,Independent private educational institutions,_Z,Not applicable,ST_CL,Students per class,_T,Total,_T,Total,2017,,,,,,,,,,,,M,Missing value; data cannot exist,,,,,2,Two,,,0,Units
FIN,Finland,ISCED11_1,Primary education,CLS,Student classes,FE,"Formal education, includes formal initial and formal adult education programmes",_T,Total,_Z,Not applicable,_Z,Not applicable,A,Annual,_Z,Not applicable,_Z,Not applicable,INST_EDU_PRIV_IND,Independent private educational institutions,_Z,Not applicable,ST_CL,Students per class,_T,Total,_T,Total,2018,,,,,,,,,,,,M,Missing value; data cannot exist,,,,,2,Two,,,0,Units
FIN,Finland,ISCED11_1,Primary education,CLS,Student classes,FE,"Formal education, includes formal initial and formal adult education programmes",_T,Total,_Z,Not applicable,_Z,Not applicable,A,Annual,_Z,Not applicable,_Z,Not applicable,INST_EDU_PRIV_IND,Independent private educational institutions,_Z,Not applicable,ST_CL,Students per class,_T,Total,_T,Total,2019,,,,,,,,,,,,M,Missing value; data cannot exist,,,,,2,Two,,,0,Units
FIN,Finland,ISCED11_1,Primary education,CLS,Student classes,FE,"Formal education, includes formal initial and formal adult education programmes",_T,Total,_Z,Not applicable,_Z,Not applicable,A,Annual,_Z,Not applicable,_Z,Not applicable,INST_EDU_PRIV_IND,Independent private educational institutions,_Z,Not applicable,ST_CL,Students per class,_T,Total,_T,Total,2020,,,,,,,,,,,,M,Missing value; data cannot exist,,,,,2,Two,,,0,Units
FIN,Finland,ISCED11_1,Primary education,CLS,Student classes,FE,"Formal education, includes formal initial and formal adult education programmes",_T,Total,_Z,Not applicable,_Z,Not applicable,A,Annual,_Z,Not applicable,_Z,Not applicable,INST_EDU_PRIV_IND,Independent private educational institutions,_Z,Not applicable,ST_CL,Students per class,_T,Total,_T,Total,2021,,,,,,,,,,,,M,Missing value; data cannot exist,,,,,2,Two,,,0,Units
FIN,Finland,ISCED11_1,Primary education,CLS,Student classes,FE,"Formal education, includes formal initial and formal adult education programmes",_T,Total,_Z,Not applicable,_Z,Not applicable,A,Annual,_Z,Not applicable,_Z,Not applicable,INST_EDU_PRIV_IND,Independent private educational institutions,_Z,Not applicable,ST_CL,Students per class,_T,Total,_T,Total,2022,,,,,,,,,,,,M,Missing value; data cannot exist,,,,,2,Two,,,0,Units
FIN,Finland,ISCED11_1,Primary education,CLS,Student classes,FE,"Formal education, includes formal initial and formal adult education programmes",_T,Total,_Z,Not applicable,_Z,Not applicable,A,Annual,_Z,Not applicable,_Z,Not applicable,INST_EDU_PRIV_IND,Independent private educational institutions,_Z,Not applicable,ST_CL,Students per class,_T,Total,_T,Total,2023,,,,,,,,,,,,M,Missing value; data cannot exist,,,,,2,Two,,,0,Units
FIN,Finland,ISCED11_1,Primary education,CLS,Student classes,FE,"Formal education, includes formal initial and formal adult education programmes",_T,Total,_Z,Not applicable,_Z,Not applicable,A,Annual,_Z,Not applicable,_Z,Not applicable,INST_EDU_PRIV_IND,Independent private educational institutions,_Z,Not applicable,ST_CL,Students per class,_T,Total,_T,Total,2024,,,,,,,,,,,,M,Missing value; data cannot exist,,,,,2,Two,,,0,Units
PRT,Portugal,ISCED11_1,Primary education,CLS,Student classes,FE,"Formal education, includes formal initial and formal adult education programmes",_T,Total,_Z,Not applicable,_Z,Not applicable,A,Annual,_Z,Not applicable,_Z,Not applicable,INST_EDU_PUB,Public educational institutions,_Z,Not applicable,ST_CL,Students per class,_T,Total,_T,Total,2013,,21.02739,,,,,,,,,,A,Normal value,,,,,2,Two,,,0,Units
PRT,Portugal,ISCED11_1,Primary education,CLS,Student classes,FE,"Formal education, includes formal initial and formal adult education programmes",_T,Total,_Z,Not applicable,_Z,Not applicable,A,Annual,_Z,Not applicable,_Z,Not applicable,INST_EDU_PUB,Public educational institutions,_Z,Not applicable,ST_CL,Students per class,_T,Total,_T,Total,2014,,21.27894,,,,,,,,,,A,Normal value,,,,,2,Two,,,0,Units
PRT,Portugal,ISCED11_1,Primary education,CLS,Student classes,FE,"Formal education, includes formal initial and formal adult education programmes",_T,Total,_Z,Not applicable,_Z,Not applicable,A,Annual,_Z,Not applicable,_Z,Not applicable,INST_EDU_PUB,Public educational institutions,_Z,Not applicable,ST_CL,Students per class,_T,Total,_T,Total,2015,,21.31325,,,,,,,,,,A,Normal value,,,,,2,Two,,,0,Units
PRT,Portugal,ISCED11_1,Primary education,CLS,Student classes,FE,"Formal education, includes formal initial and formal adult education programmes",_T,Total,_Z,Not applicable,_Z,Not applicable,A,Annual,_Z,Not applicable,_Z,Not applicable,INST_EDU_PUB,Public educational institutions,_Z,Not applicable,ST_CL,Students per class,_T,Total,_T,Total,2016,,21.20233,,,,,,,,,,A,Normal value,,,,,2,Two,,,0,Units
PRT,Portugal,ISCED11_1,Primary education,CLS,Student classes,FE,"Formal education, includes formal initial and formal adult education programmes",_T,Total,_Z,Not applicable,_Z,Not applicable,A,Annual,_Z,Not applicable,_Z,Not applicable,INST_EDU_PUB,Public educational institutions,_Z,Not applicable,ST_CL,Students per class,_T,Total,_T,Total,2017,,21.29508,,,,,,,,,,A,Normal value,,,,,2,Two,,,0,Units
PRT,Portugal,ISCED11_1,Primary education,CLS,Student classes,FE,"Formal education, includes formal initial and formal adult education programmes",_T,Total,_Z,Not applicable,_Z,Not applicable,A,Annual,_Z,Not applicable,_Z,Not applicable,INST_EDU_PUB,Public educational institutions,_Z,Not applicable,ST_CL,Students per class,_T,Total,_T,Total,2018,,21.21447,,,,,,,,,,A,Normal value,,,,,2,Two,,,0,Units
PRT,Portugal,ISCED11_1,Primary education,CLS,Student classes,FE,"Formal education, includes formal initial and formal adult education programmes",_T,Total,_Z,Not applicable,_Z,Not applicable,A,Annual,_Z,Not applicable,_Z,Not applicable,INST_EDU_PUB,Public educational institutions,_Z,Not applicable,ST_CL,Students per class,_T,Total,_T,Total,2019,,21.00452,,,,,,,,,,A,Normal value,,,,,2,Two,,,0,Units
PRT,Portugal,ISCED11_1,Primary education,CLS,Student classes,FE,"Formal education, includes formal initial and formal adult education programmes",_T,Total,_Z,Not applicable,_Z,Not applicable,A,Annual,_Z,Not applicable,_Z,Not applicable,INST_EDU_PUB,Public educational institutions,_Z,Not applicable,ST_CL,Students per class,_T,Total,_T,Total,2020,,20.78038,,,,,,,,,,A,Normal value,,,,,2,Two,,,0,Units
PRT,Portugal,ISCED11_1,Primary education,CLS,Student classes,FE,"Formal education, includes formal initial and formal adult education programmes",_T,Total,_Z,Not applicable,_Z,Not applicable,A,Annual,_Z,Not applicable,_Z,Not applicable,INST_EDU_PUB,Public educational institutions,_Z,Not applicable,ST_CL,Students per class,_T,Total,_T,Total,2021,,20.15468,,,,,,,,,,A,Normal value,,,,,2,Two,,,0,Units
PRT,Portugal,ISCED11_1,Primary education,CLS,Student classes,FE,"Formal education, includes formal initial and formal adult education programmes",_T,Total,_Z,Not applicable,_Z,Not applicable,A,Annual,_Z,Not applicable,_Z,Not applicable,INST_EDU_PUB,Public educational institutions,_Z,Not applicable,ST_CL,Students per class,_T,Total,_T,Total,2022,,20.38314,,,,,,,,,,A,Normal value,,,,,2,Two,,,0,Units
PRT,Portugal,ISCED11_1,Primary education,CLS,Student classes,FE,"Formal education, includes formal initial and formal adult education programmes",_T,Total,_Z,Not applicable,_Z,Not applicable,A,Annual,_Z,Not applicable,_Z,Not applicable,INST_EDU_PUB,Public educational institutions,_Z,Not applicable,ST_CL,Students per class,_T,Total,_T,Total,2023,,20.55934,,,,,,,,,,A,Normal value,,,,,2,Two,,,0,Units
PRT,Portugal,ISCED11_1,Primary education,CLS,Student classes,FE,"Formal education, includes formal initial and formal adult education programmes",_T,Total,_Z,Not applicable,_Z,Not applicable,A,Annual,_Z,Not applicable,_Z,Not applicable,INST_EDU_PUB,Public educational institutions,_Z,Not applicable,ST_CL,Students per class,_T,Total,_T,Total,2024,,20.37232,,,,,,,,,,A,Normal value,,,,,2,Two,,,0,Units
FRA,France,ISCED11_1,Primary education,CLS,Student classes,FE,"Formal education, includes formal initial and formal adult education programmes",_T,Total,_Z,Not applicable,_Z,Not applicable,A,Annual,_Z,Not applicable,_Z,Not applicable,INST_EDU,All educational institutions,_Z,Not applicable,ST_CL,Students per class,_T,Total,_T,Total,2013,,22.87382,,,,,,,,,,A,Normal value,,,,,2,Two,,,0,Units
FRA,France,ISCED11_1,Primary education,CLS,Student classes,FE,"Formal education, includes formal initial and formal adult education programmes",_T,Total,_Z,Not applicable,_Z,Not applicable,A,Annual,_Z,Not applicable,_Z,Not applicable,INST_EDU,All educational institutions,_Z,Not applicable,ST_CL,Students per class,_T,Total,_T,Total,2014,,23.47154,,,,,,,,,,A,Normal value,,,,,2,Two,,,0,Units
FRA,France,ISCED11_1,Primary education,CLS,Student classes,FE,"Formal education, includes formal initial and formal adult education programmes",_T,Total,_Z,Not applicable,_Z,Not applicable,A,Annual,_Z,Not applicable,_Z,Not applicable,INST_EDU,All educational institutions,_Z,Not applicable,ST_CL,Students per class,_T,Total,_T,Total,2015,,23.5974,,,,,,,,,,A,Normal value,,,,,2,Two,,,0,Units
FRA,France,ISCED11_1,Primary education,CLS,Student classes,FE,"Formal education, includes formal initial and formal adult education programmes",_T,Total,_Z,Not applicable,_Z,Not applicable,A,Annual,_Z,Not applicable,_Z,Not applicable,INST_EDU,All educational institutions,_Z,Not applicable,ST_CL,Students per class,_T,Total,_T,Total,2016,,23.67048,,,,,,,,,,A,Normal value,,,,,2,Two,,,0,Units
FRA,France,ISCED11_1,Primary education,CLS,Student classes,FE,"Formal education, includes formal initial and formal adult education programmes",_T,Total,_Z,Not applicable,_Z,Not applicable,A,Annual,_Z,Not applicable,_Z,Not applicable,INST_EDU,All educational institutions,_Z,Not applicable,ST_CL,Students per class,_T,Total,_T,Total,2017,,23.66412,,,,,,,,,,A,Normal value,,,,,2,Two,,,0,Units
FRA,France,ISCED11_1,Primary education,CLS,Student classes,FE,"Formal education, includes formal initial and formal adult education programmes",_T,Total,_Z,Not applicable,_Z,Not applicable,A,Annual,_Z,Not applicable,_Z,Not applicable,INST_EDU,All educational institutions,_Z,Not applicable,ST_CL,Students per class,_T,Total,_T,Total,2018,,23.29807,,,,,,,,,,A,Normal value,,,,,2,Two,,,0,Units
FRA,France,ISCED11_1,Primary education,CLS,Student classes,FE,"Formal education, includes formal initial and formal adult education programmes",_T,Total,_Z,Not applicable,_Z,Not applicable,A,Annual,_Z,Not applicable,_Z,Not applicable,INST_EDU,All educational institutions,_Z,Not applicable,ST_CL,Students per class,_T,Total,_T,Total,2019,,22.67551,,,,,,,,,,A,Normal value,,,,,2,Two,,,0,Units
FRA,France,ISCED11_1,Primary education,CLS,Student classes,FE,"Formal education, includes formal initial and formal adult education programmes",_T,Total,_Z,Not applicable,_Z,Not applicable,A,Annual,_Z,Not applicable,_Z,Not applicable,INST_EDU,All educational institutions,_Z,Not applicable,ST_CL,Students per class,_T,Total,_T,Total,2020,,22.14154,,,,,,,,,,A,Normal value,,,,,2,Two,,,0,Units
FRA,France,ISCED11_1,Primary education,CLS,Student classes,FE,"Formal education, includes formal initial and formal adult education programmes",_T,Total,_Z,Not applicable,_Z,Not applicable,A,Annual,_Z,Not applicable,_Z,Not applicable,INST_EDU,All educational institutions,_Z,Not applicable,ST_CL,Students per class,_T,Total,_T,Total,2021,,21.85459,,,,,,,,,,A,Normal value,,,,,2,Two,,,0,Units
FRA,France,ISCED11_1,Primary education,CLS,Student classes,FE,"Formal education, includes formal initial and formal adult education programmes",_T,Total,_Z,Not applicable,_Z,Not applicable,A,Annual,_Z,Not applicable,_Z,Not applicable,INST_EDU,All educational institutions,_Z,Not applicable,ST_CL,Students per class,_T,Total,_T,Total,2022,,21.67133,,,,,,,,,,A,Normal value,,,,,2,Two,,,0,Units
FRA,France,ISCED11_1,Primary education,CLS,Student classes,FE,"Formal education, includes formal initial and formal adult education programmes",_T,Total,_Z,Not applicable,_Z,Not applicable,A,Annual,_Z,Not applicable,_Z,Not applicable,INST_EDU,All educational institutions,_Z,Not applicable,ST_CL,Students per class,_T,Total,_T,Total,2023,,21.55996,,,,,,,,,,A,Normal value,,,,,2,Two,,,0,Units
PRT,Portugal,ISCED11_1,Primary education,CLS,Student classes,FE,"Formal education, includes formal initial and formal adult education programmes",_T,Total,_Z,Not applicable,_Z,Not applicable,A,Annual,_Z,Not applicable,_Z,Not applicable,INST_EDU_PRIV_IND,Independent private educational institutions,_Z,Not applicable,ST_CL,Students per class,_T,Total,_T,Total,2013,,19.62531,,,,,,,,,,A,Normal value,,,,,2,Two,,,0,Units
PRT,Portugal,ISCED11_1,Primary education,CLS,Student classes,FE,"Formal education, includes formal initial and formal adult education programmes",_T,Total,_Z,Not applicable,_Z,Not applicable,A,Annual,_Z,Not applicable,_Z,Not applicable,INST_EDU_PRIV_IND,Independent private educational institutions,_Z,Not applicable,ST_CL,Students per class,_T,Total,_T,Total,2014,,19.86264,,,,,,,,,,A,Normal value,,,,,2,Two,,,0,Units
PRT,Portugal,ISCED11_1,Primary education,CLS,Student classes,FE,"Formal education, includes formal initial and formal adult education programmes",_T,Total,_Z,Not applicable,_Z,Not applicable,A,Annual,_Z,Not applicable,_Z,Not applicable,INST_EDU_PRIV_IND,Independent private educational institutions,_Z,Not applicable,ST_CL,Students per class,_T,Total,_T,Total,2015,,19.81611,,,,,,,,,,A,Normal value,,,,,2,Two,,,0,Units
PRT,Portugal,ISCED11_1,Primary education,CLS,Student classes,FE,"Formal education, includes formal initial and formal adult education programmes",_T,Total,_Z,Not applicable,_Z,Not applicable,A,Annual,_Z,Not applicable,_Z,Not applicable,INST_EDU_PRIV_IND,Independent private educational institutions,_Z,Not applicable,ST_CL,Students per class,_T,Total,_T,Total,2016,,19.87593,,,,,,,,,,A,Normal value,,,,,2,Two,,,0,Units
PRT,Portugal,ISCED11_1,Primary education,CLS,Student classes,FE,"Formal education, includes formal initial and formal adult education programmes",_T,Total,_Z,Not applicable,_Z,Not applicable,A,Annual,_Z,Not applicable,_Z,Not applicable,INST_EDU_PRIV_IND,Independent private educational institutions,_Z,Not applicable,ST_CL,Students per class,_T,Total,_T,Total,2017,,20.02492,,,,,,,,,,A,Normal value,,,,,2,Two,,,0,Units
PRT,Portugal,ISCED11_1,Primary education,CLS,Student classes,FE,"Formal education, includes formal initial and formal adult education programmes",_T,Total,_Z,Not applicable,_Z,Not applicable,A,Annual,_Z,Not applicable,_Z,Not applicable,INST_EDU_PRIV_IND,Independent private educational institutions,_Z,Not applicable,ST_CL,Students per class,_T,Total,_T,Total,2018,,19.97814,,,,,,,,,,A,Normal value,,,,,2,Two,,,0,Units
PRT,Portugal,ISCED11_1,Primary education,CLS,Student classes,FE,"Formal education, includes formal initial and formal adult education programmes",_T,Total,_Z,Not applicable,_Z,Not applicable,A,Annual,_Z,Not applicable,_Z,Not applicable,INST_EDU_PRIV_IND,Independent private educational institutions,_Z,Not applicable,ST_CL,Students per class,_T,Total,_T,Total,2019,,19.51999,,,,,,,,,,A,Normal value,,,,,2,Two,,,0,Units
PRT,Portugal,ISCED11_1,Primary education,CLS,Student classes,FE,"Formal education, includes formal initial and formal adult education programmes",_T,Total,_Z,Not applicable,_Z,Not applicable,A,Annual,_Z,Not applicable,_Z,Not applicable,INST_EDU_PRIV_IND,Independent private educational institutions,_Z,Not applicable,ST_CL,Students per class,_T,Total,_T,Total,2020,,19.08044,,,,,,,,,,A,Normal value,,,,,2,Two,,,0,Units
PRT,Portugal,ISCED11_1,Primary education,CLS,Student classes,FE,"Formal education, includes formal initial and formal adult education programmes",_T,Total,_Z,Not applicable,_Z,Not applicable,A,Annual,_Z,Not applicable,_Z,Not applicable,INST_EDU_PRIV_IND,Independent private educational institutions,_Z,Not applicable,ST_CL,Students per class,_T,Total,_T,Total,2021,,18.40567,,,,,,,,,,A,Normal value,,,,,2,Two,,,0,Units
PRT,Portugal,ISCED11_1,Primary education,CLS,Student classes,FE,"Formal education, includes formal initial and formal adult education programmes",_T,Total,_Z,Not applicable,_Z,Not applicable,A,Annual,_Z,Not applicable,_Z,Not applicable,INST_EDU_PRIV_IND,Independent private educational institutions,_Z,Not applicable,ST_CL,Students per class,_T,Total,_T,Total,2022,,18.68882,,,,,,,,,,A,Normal value,,,,,2,Two,,,0,Units
PRT,Portugal,ISCED11_1,Primary education,CLS,Student classes,FE,"Formal education, includes formal initial and formal adult education programmes",_T,Total,_Z,Not applicable,_Z,Not applicable,A,Annual,_Z,Not applicable,_Z,Not applicable,INST_EDU_PRIV_IND,Independent private educational institutions,_Z,Not applicable,ST_CL,Students per class,_T,Total,_T,Total,2023,,19.08044,,,,,,,,,,A,Normal value,,,,,2,Two,,,0,Units
PRT,Portugal,ISCED11_1,Primary education,CLS,Student classes,FE,"Formal education, includes formal initial and formal adult education programmes",_T,Total,_Z,Not applicable,_Z,Not applicable,A,Annual,_Z,Not applicable,_Z,Not applicable,INST_EDU_PRIV_IND,Independent private educational institutions,_Z,Not applicable,ST_CL,Students per class,_T,Total,_T,Total,2024,,19.23837,,,,,,,,,,A,Normal value,,,,,2,Two,,,0,Units
FIN,Finland,ISCED11_1,Primary education,CLS,Student classes,FE,"Formal education, includes formal initial and formal adult education programmes",_T,Total,_Z,Not applicable,_Z,Not applicable,A,Annual,_Z,Not applicable,_Z,Not applicable,INST_EDU_PUB,Public educational institutions,_Z,Not applicable,ST_CL,Students per class,_T,Total,_T,Total,2013,,19.0676,,,,,,,,,,A,Normal value,,,,,2,Two,,,0,Units
FIN,Finland,ISCED11_1,Primary education,CLS,Student classes,FE,"Formal education, includes formal initial and formal adult education programmes",_T,Total,_Z,Not applicable,_Z,Not applicable,A,Annual,_Z,Not applicable,_Z,Not applicable,INST_EDU_PUB,Public educational institutions,_Z,Not applicable,ST_CL,Students per class,_T,Total,_T,Total,2014,,19.068,,,,,,,,,,A,Normal value,,,,,2,Two,,,0,Units
FIN,Finland,ISCED11_1,Primary education,CLS,Student classes,FE,"Formal education, includes formal initial and formal adult education programmes",_T,Total,_Z,Not applicable,_Z,Not applicable,A,Annual,_Z,Not applicable,_Z,Not applicable,INST_EDU_PUB,Public educational institutions,_Z,Not applicable,ST_CL,Students per class,_T,Total,_T,Total,2015,,19.06833,,,,,,,,,,A,Normal value,,,,,2,Two,,,0,Units
FIN,Finland,ISCED11_1,Primary education,CLS,Student classes,FE,"Formal education, includes formal initial and formal adult education programmes",_T,Total,_Z,Not applicable,_Z,Not applicable,A,Annual,_Z,Not applicable,_Z,Not applicable,INST_EDU_PUB,Public educational institutions,_Z,Not applicable,ST_CL,Students per class,_T,Total,_T,Total,2016,,19.57033,,,,,,,,,,A,Normal value,,,,,2,Two,,,0,Units
FIN,Finland,ISCED11_1,Primary education,CLS,Student classes,FE,"Formal education, includes formal initial and formal adult education programmes",_T,Total,_Z,Not applicable,_Z,Not applicable,A,Annual,_Z,Not applicable,_Z,Not applicable,INST_EDU_PUB,Public educational institutions,_Z,Not applicable,ST_CL,Students per class,_T,Total,_T,Total,2017,,19.57014,,,,,,,,,,A,Normal value,,,,,2,Two,,,0,Units
FIN,Finland,ISCED11_1,Primary education,CLS,Student classes,FE,"Formal education, includes formal initial and formal adult education programmes",_T,Total,_Z,Not applicable,_Z,Not applicable,A,Annual,_Z,Not applicable,_Z,Not applicable,INST_EDU_PUB,Public educational institutions,_Z,Not applicable,ST_CL,Students per class,_T,Total,_T,Total,2018,,19.56997,,,,,,,,,,A,Normal value,,,,,2,Two,,,0,Units
FIN,Finland,ISCED11_1,Primary education,CLS,Student classes,FE,"Formal education, includes formal initial and formal adult education programmes",_T,Total,_Z,Not applicable,_Z,Not applicable,A,Annual,_Z,Not applicable,_Z,Not applicable,INST_EDU_PUB,Public educational institutions,_Z,Not applicable,ST_CL,Students per class,_T,Total,_T,Total,2019,,19.56955,,,,,,,,,,A,Normal value,,,,,2,Two,,,0,Units
FIN,Finland,ISCED11_1,Primary education,CLS,Student classes,FE,"Formal education, includes formal initial and formal adult education programmes",_T,Total,_Z,Not applicable,_Z,Not applicable,A,Annual,_Z,Not applicable,_Z,Not applicable,INST_EDU_PUB,Public educational institutions,_Z,Not applicable,ST_CL,Students per class,_T,Total,_T,Total,2020,,18.7078,,,,,,,,,,A,Normal value,,,,,2,Two,,,0,Units
FIN,Finland,ISCED11_1,Primary education,CLS,Student classes,FE,"Formal education, includes formal initial and formal adult education programmes",_T,Total,_Z,Not applicable,_Z,Not applicable,A,Annual,_Z,Not applicable,_Z,Not applicable,INST_EDU_PUB,Public educational institutions,_Z,Not applicable,ST_CL,Students per class,_T,Total,_T,Total,2021,,18.70824,,,,,,,,,,A,Normal value,,,,,2,Two,,,0,Units
FIN,Finland,ISCED11_1,Primary education,CLS,Student classes,FE,"Formal education, includes formal initial and formal adult education programmes",_T,Total,_Z,Not applicable,_Z,Not applicable,A,Annual,_Z,Not applicable,_Z,Not applicable,INST_EDU_PUB,Public educational institutions,_Z,Not applicable,ST_CL,Students per class,_T,Total,_T,Total,2022,,18.70796,,,,,,,,,,A,Normal value,,,,,2,Two,,,0,Units
FIN,Finland,ISCED11_1,Primary education,CLS,Student classes,FE,"Formal education, includes formal initial and formal adult education programmes",_T,Total,_Z,Not applicable,_Z,Not applicable,A,Annual,_Z,Not applicable,_Z,Not applicable,INST_EDU_PUB,Public educational institutions,_Z,Not applicable,ST_CL,Students per class,_T,Total,_T,Total,2023,,18.70805,,,,,,,,,,A,Normal value,,,,,2,Two,,,0,Units
FIN,Finland,ISCED11_1,Primary education,CLS,Student classes,FE,"Formal education, includes formal initial and formal adult education programmes",_T,Total,_Z,Not applicable,_Z,Not applicable,A,Annual,_Z,Not applicable,_Z,Not applicable,INST_EDU_PUB,Public educational institutions,_Z,Not applicable,ST_CL,Students per class,_T,Total,_T,Total,2024,,18.7062,,,,,,,,,,A,Normal value,,,,,2,Two,,,0,Units
SWE,Sweden,ISCED11_2,Lower secondary education,CLS,Student classes,FE,"Formal education, includes formal initial and formal adult education programmes",_T,Total,_Z,Not applicable,_Z,Not applicable,A,Annual,_Z,Not applicable,_Z,Not applicable,INST_EDU_PRIV,Private educational institutions,_Z,Not applicable,ST_CL,Students per class,_T,Total,_T,Total,2013,,,,,,,,,,,,O,Missing value,,,,,2,Two,,,0,Units
SWE,Sweden,ISCED11_2,Lower secondary education,CLS,Student classes,FE,"Formal education, includes formal initial and formal adult education programmes",_T,Total,_Z,Not applicable,_Z,Not applicable,A,Annual,_Z,Not applicable,_Z,Not applicable,INST_EDU_PRIV,Private educational institutions,_Z,Not applicable,ST_CL,Students per class,_T,Total,_T,Total,2014,,20.61296,,,,,,,,,,A,Normal value,,,,,2,Two,,,0,Units
SWE,Sweden,ISCED11_2,Lower secondary education,CLS,Student classes,FE,"Formal education, includes formal initial and formal adult education programmes",_T,Total,_Z,Not applicable,_Z,Not applicable,A,Annual,_Z,Not applicable,_Z,Not applicable,INST_EDU_PRIV,Private educational institutions,_Z,Not applicable,ST_CL,Students per class,_T,Total,_T,Total,2015,,22.2389,,,,,,,,,,A,Normal value,,,,,2,Two,,,0,Units
SWE,Sweden,ISCED11_2,Lower secondary education,CLS,Student classes,FE,"Formal education, includes formal initial and formal adult education programmes",_T,Total,_Z,Not applicable,_Z,Not applicable,A,Annual,_Z,Not applicable,_Z,Not applicable,INST_EDU_PRIV,Private educational institutions,_Z,Not applicable,ST_CL,Students per class,_T,Total,_T,Total,2016,,22.30455,,,,,,,,,,A,Normal value,,,,,2,Two,,,0,Units
SWE,Sweden,ISCED11_2,Lower secondary education,CLS,Student classes,FE,"Formal education, includes formal initial and formal adult education programmes",_T,Total,_Z,Not applicable,_Z,Not applicable,A,Annual,_Z,Not applicable,_Z,Not applicable,INST_EDU_PRIV,Private educational institutions,_Z,Not applicable,ST_CL,Students per class,_T,Total,_T,Total,2017,,22.24264,,,,,,,,,,A,Normal value,,,,,2,Two,,,0,Units
SWE,Sweden,ISCED11_2,Lower secondary education,CLS,Student classes,FE,"Formal education, includes formal initial and formal adult education programmes",_T,Total,_Z,Not applicable,_Z,Not applicable,A,Annual,_Z,Not applicable,_Z,Not applicable,INST_EDU_PRIV,Private educational institutions,_Z,Not applicable,ST_CL,Students per class,_T,Total,_T,Total,2018,,22.25354,,,,,,,,,,A,Normal value,,,,,2,Two,,,0,Units
SWE,Sweden,ISCED11_2,Lower secondary education,CLS,Student classes,FE,"Formal education, includes formal initial and formal adult education programmes",_T,Total,_Z,Not applicable,_Z,Not applicable,A,Annual,_Z,Not applicable,_Z,Not applicable,INST_EDU_PRIV,Private educational institutions,_Z,Not applicable,ST_CL,Students per class,_T,Total,_T,Total,2019,,22.49739,,,,,,,,,,A,Normal value,,,,,2,Two,,,0,Units
SWE,Sweden,ISCED11_2,Lower secondary education,CLS,Student classes,FE,"Formal education, includes formal initial and formal adult education programmes",_T,Total,_Z,Not applicable,_Z,Not applicable,A,Annual,_Z,Not applicable,_Z,Not applicable,INST_EDU_PRIV,Private educational institutions,_Z,Not applicable,ST_CL,Students per class,_T,Total,_T,Total,2020,,21.21189,,,,,,,,,,A,Normal value,,,,,2,Two,,,0,Units
SWE,Sweden,ISCED11_2,Lower secondary education,CLS,Student classes,FE,"Formal education, includes formal initial and formal adult education programmes",_T,Total,_Z,Not applicable,_Z,Not applicable,A,Annual,_Z,Not applicable,_Z,Not applicable,INST_EDU_PRIV,Private educational institutions,_Z,Not applicable,ST_CL,Students per class,_T,Total,_T,Total,2021,,23.03683,,,,,,,,,,A,Normal value,,,,,2,Two,,,0,Units
SWE,Sweden,ISCED11_2,Lower secondary education,CLS,Student classes,FE,"Formal education, includes formal initial and formal adult education programmes",_T,Total,_Z,Not applicable,_Z,Not applicable,A,Annual,_Z,Not applicable,_Z,Not applicable,INST_EDU_PRIV,Private educational institutions,_Z,Not applicable,ST_CL,Students per class,_T,Total,_T,Total,2022,,21.5724,,,,,,,,,,A,Normal value,,,,,2,Two,,,0,Units
SWE,Sweden,ISCED11_2,Lower secondary education,CLS,Student classes,FE,"Formal education, includes formal initial and formal adult education programmes",_T,Total,_Z,Not applicable,_Z,Not applicable,A,Annual,_Z,Not applicable,_Z,Not applicable,INST_EDU_PRIV,Private educational institutions,_Z,Not applicable,ST_CL,Students per class,_T,Total,_T,Total,2023,,21.21592,,,,,,,,,,A,Normal value,,,,,2,Two,,,0,Units
SWE,Sweden,ISCED11_2,Lower secondary education,CLS,Student classes,FE,"Formal education, includes formal initial and formal adult education programmes",_T,Total,_Z,Not applicable,_Z,Not applicable,A,Annual,_Z,Not applicable,_Z,Not applicable,INST_EDU_PRIV,Private educational institutions,_Z,Not applicable,ST_CL,Students per class,_T,Total,_T,Total,2024,,21.21189,,,,,,,,,,A,Normal value,,,,,2,Two,,,0,Units
USA,United States,ISCED11_1,Primary education,CLS,Student classes,FE,"Formal education, includes formal initial and formal adult education programmes",_T,Total,_Z,Not applicable,_Z,Not applicable,A,Annual,_Z,Not applicable,_Z,Not applicable,INST_EDU_PRIV_IND,Independent private educational institutions,_Z,Not applicable,ST_CL,Students per class,_T,Total,_T,Total,2013,,17.8,,,,,,,,,,A,Normal value,,,,,2,Two,,,0,Units
USA,United States,ISCED11_1,Primary education,CLS,Student classes,FE,"Formal education, includes formal initial and formal adult education programmes",_T,Total,_Z,Not applicable,_Z,Not applicable,A,Annual,_Z,Not applicable,_Z,Not applicable,INST_EDU_PRIV_IND,Independent private educational institutions,_Z,Not applicable,ST_CL,Students per class,_T,Total,_T,Total,2014,,17.8,,,,,,,,,,A,Normal value,,,,,2,Two,,,0,Units
USA,United States,ISCED11_1,Primary education,CLS,Student classes,FE,"Formal education, includes formal initial and formal adult education programmes",_T,Total,_Z,Not applicable,_Z,Not applicable,A,Annual,_Z,Not applicable,_Z,Not applicable,INST_EDU_PRIV_IND,Independent private educational institutions,_Z,Not applicable,ST_CL,Students per class,_T,Total,_T,Total,2015,,17.8,,,,,,,,,,A,Normal value,,,,,2,Two,,,0,Units
USA,United States,ISCED11_1,Primary education,CLS,Student classes,FE,"Formal education, includes formal initial and formal adult education programmes",_T,Total,_Z,Not applicable,_Z,Not applicable,A,Annual,_Z,Not applicable,_Z,Not applicable,INST_EDU_PRIV_IND,Independent private educational institutions,_Z,Not applicable,ST_CL,Students per class,_T,Total,_T,Total,2016,,17.8,,,,,,,,,,A,Normal value,,,,,2,Two,,,0,Units
USA,United States,ISCED11_1,Primary education,CLS,Student classes,FE,"Formal education, includes formal initial and formal adult education programmes",_T,Total,_Z,Not applicable,_Z,Not applicable,A,Annual,_Z,Not applicable,_Z,Not applicable,INST_EDU_PRIV_IND,Independent private educational institutions,_Z,Not applicable,ST_CL,Students per class,_T,Total,_T,Total,2017,,17.8,,,,,,,,,,A,Normal value,,,,,2,Two,,,0,Units
USA,United States,ISCED11_1,Primary education,CLS,Student classes,FE,"Formal education, includes formal initial and formal adult education programmes",_T,Total,_Z,Not applicable,_Z,Not applicable,A,Annual,_Z,Not applicable,_Z,Not applicable,INST_EDU_PRIV_IND,Independent private educational institutions,_Z,Not applicable,ST_CL,Students per class,_T,Total,_T,Total,2018,,17.8,,,,,,,,,,A,Normal value,,,,,2,Two,,,0,Units
USA,United States,ISCED11_1,Primary education,CLS,Student classes,FE,"Formal education, includes formal initial and formal adult education programmes",_T,Total,_Z,Not applicable,_Z,Not applicable,A,Annual,_Z,Not applicable,_Z,Not applicable,INST_EDU_PRIV_IND,Independent private educational institutions,_Z,Not applicable,ST_CL,Students per class,_T,Total,_T,Total,2019,,16,,,,,,,,,,A,Normal value,,,,,2,Two,,,0,Units
USA,United States,ISCED11_1,Primary education,CLS,Student classes,FE,"Formal education, includes formal initial and formal adult education programmes",_T,Total,_Z,Not applicable,_Z,Not applicable,A,Annual,_Z,Not applicable,_Z,Not applicable,INST_EDU_PRIV_IND,Independent private educational institutions,_Z,Not applicable,ST_CL,Students per class,_T,Total,_T,Total,2020,,16,,,,,,,,,,A,Normal value,,,,,2,Two,,,0,Units
USA,United States,ISCED11_1,Primary education,CLS,Student classes,FE,"Formal education, includes formal initial and formal adult education programmes",_T,Total,_Z,Not applicable,_Z,Not applicable,A,Annual,_Z,Not applicable,_Z,Not applicable,INST_EDU_PRIV_IND,Independent private educational institutions,_Z,Not applicable,ST_CL,Students per class,_T,Total,_T,Total,2021,,15.6,,,,,,,,,,A,Normal value,,,,,2,Two,,,0,Units
USA,United States,ISCED11_1,Primary education,CLS,Student classes,FE,"Formal education, includes formal initial and formal adult education programmes",_T,Total,_Z,Not applicable,_Z,Not applicable,A,Annual,_Z,Not applicable,_Z,Not applicable,INST_EDU_PRIV_IND,Independent private educational institutions,_Z,Not applicable,ST_CL,Students per class,_T,Total,_T,Total,2022,,15.6,,,,,,,,,,A,Normal value,,,,,2,Two,,,0,Units
USA,United States,ISCED11_1,Primary education,CLS,Student classes,FE,"Formal education, includes formal initial and formal adult education programmes",_T,Total,_Z,Not applicable,_Z,Not applicable,A,Annual,_Z,Not applicable,_Z,Not applicable,INST_EDU_PRIV_IND,Independent private educational institutions,_Z,Not applicable,ST_CL,Students per class,_T,Total,_T,Total,2023,,15.6,,,,,,,,,,A,Normal value,,,,,2,Two,,,0,Units
USA,United States,ISCED11_1,Primary education,CLS,Student classes,FE,"Formal education, includes formal initial and formal adult education programmes",_T,Total,_Z,Not applicable,_Z,Not applicable,A,Annual,_Z,Not applicable,_Z,Not applicable,INST_EDU_PRIV_IND,Independent private educational institutions,_Z,Not applicable,ST_CL,Students per class,_T,Total,_T,Total,2024,,15.6,,,,,,,,,,A,Normal value,,,,,2,Two,,,0,Units
FRA,France,ISCED11_2,Lower secondary education,CLS,Student classes,FE,"Formal education, includes formal initial and formal adult education programmes",_T,Total,_Z,Not applicable,_Z,Not applicable,A,Annual,_Z,Not applicable,_Z,Not applicable,INST_EDU_PUB,Public educational institutions,_Z,Not applicable,ST_CL,Students per class,_T,Total,_T,Total,2013,,25.05041,,,,,,,,,,A,Normal value,,,,,2,Two,,,0,Units
FRA,France,ISCED11_2,Lower secondary education,CLS,Student classes,FE,"Formal education, includes formal initial and formal adult education programmes",_T,Total,_Z,Not applicable,_Z,Not applicable,A,Annual,_Z,Not applicable,_Z,Not applicable,INST_EDU_PUB,Public educational institutions,_Z,Not applicable,ST_CL,Students per class,_T,Total,_T,Total,2014,,25.04238,,,,,,,,,,A,Normal value,,,,,2,Two,,,0,Units
FRA,France,ISCED11_2,Lower secondary education,CLS,Student classes,FE,"Formal education, includes formal initial and formal adult education programmes",_T,Total,_Z,Not applicable,_Z,Not applicable,A,Annual,_Z,Not applicable,_Z,Not applicable,INST_EDU_PUB,Public educational institutions,_Z,Not applicable,ST_CL,Students per class,_T,Total,_T,Total,2015,,25.04495,,,,,,,,,,A,Normal value,,,,,2,Two,,,0,Units
FRA,France,ISCED11_2,Lower secondary education,CLS,Student classes,FE,"Formal education, includes formal initial and formal adult education programmes",_T,Total,_Z,Not applicable,_Z,Not applicable,A,Annual,_Z,Not applicable,_Z,Not applicable,INST_EDU_PUB,Public educational institutions,_Z,Not applicable,ST_CL,Students per class,_T,Total,_T,Total,2016,,24.89658,,,,,,,,,,A,Normal value,,,,,2,Two,,,0,Units
FRA,France,ISCED11_2,Lower secondary education,CLS,Student classes,FE,"Formal education, includes formal initial and formal adult education programmes",_T,Total,_Z,Not applicable,_Z,Not applicable,A,Annual,_Z,Not applicable,_Z,Not applicable,INST_EDU_PUB,Public educational institutions,_Z,Not applicable,ST_CL,Students per class,_T,Total,_T,Total,2017,,24.90615,,,,,,,,,,A,Normal value,,,,,2,Two,,,0,Units
FRA,France,ISCED11_2,Lower secondary education,CLS,Student classes,FE,"Formal education, includes formal initial and formal adult education programmes",_T,Total,_Z,Not applicable,_Z,Not applicable,A,Annual,_Z,Not applicable,_Z,Not applicable,INST_EDU_PUB,Public educational institutions,_Z,Not applicable,ST_CL,Students per class,_T,Total,_T,Total,2018,,24.953,,,,,,,,,,A,Normal value,,,,,2,Two,,,0,Units
FRA,France,ISCED11_2,Lower secondary education,CLS,Student classes,FE,"Formal education, includes formal initial and formal adult education programmes",_T,Total,_Z,Not applicable,_Z,Not applicable,A,Annual,_Z,Not applicable,_Z,Not applicable,INST_EDU_PUB,Public educational institutions,_Z,Not applicable,ST_CL,Students per class,_T,Total,_T,Total,2019,,25.1349,,,,,,,,,,A,Normal value,,,,,2,Two,,,0,Units
FRA,France,ISCED11_2,Lower secondary education,CLS,Student classes,FE,"Formal education, includes formal initial and formal adult education programmes",_T,Total,_Z,Not applicable,_Z,Not applicable,A,Annual,_Z,Not applicable,_Z,Not applicable,INST_EDU_PUB,Public educational institutions,_Z,Not applicable,ST_CL,Students per class,_T,Total,_T,Total,2020,,25.31656,,,,,,,,,,A,Normal value,,,,,2,Two,,,0,Units
FRA,France,ISCED11_2,Lower secondary education,CLS,Student classes,FE,"Formal education, includes formal initial and formal adult education programmes",_T,Total,_Z,Not applicable,_Z,Not applicable,A,Annual,_Z,Not applicable,_Z,Not applicable,INST_EDU_PUB,Public educational institutions,_Z,Not applicable,ST_CL,Students per class,_T,Total,_T,Total,2021,,25.36443,,,,,,,,,,A,Normal value,,,,,2,Two,,,0,Units
FRA,France,ISCED11_2,Lower secondary education,CLS,Student classes,FE,"Formal education, includes formal initial and formal adult education programmes",_T,Total,_Z,Not applicable,_Z,Not applicable,A,Annual,_Z,Not applicable,_Z,Not applicable,INST_EDU_PUB,Public educational institutions,_Z,Not applicable,ST_CL,Students per class,_T,Total,_T,Total,2022,,25.32613,,,,,,,,,,A,Normal value,,,,,2,Two,,,0,Units
FRA,France,ISCED11_2,Lower secondary education,CLS,Student classes,FE,"Formal education, includes formal initial and formal adult education programmes",_T,Total,_Z,Not applicable,_Z,Not applicable,A,Annual,_Z,Not applicable,_Z,Not applicable,INST_EDU_PUB,Public educational institutions,_Z,Not applicable,ST_CL,Students per class,_T,Total,_T,Total,2023,,25.44879,,,,,,,,,,A,Normal value,,,,,2,Two,,,0,Units
OECD,OECD,ISCED11_1,Primary education,CLS,Student classes,FE,"Formal education, includes formal initial and formal adult education programmes",_T,Total,_Z,Not applicable,_Z,Not applicable,A,Annual,_Z,Not applicable,_Z,Not applicable,INST_EDU_PRIV_GOV,Government dependent private educational institutions,_Z,Not applicable,ST_CL,Students per class,_T,Total,_T,Total,2013,,20.7789925,,,,,,,,,,A,Normal value,,,,,2,Two,,,0,Units
OECD,OECD,ISCED11_1,Primary education,CLS,Student classes,FE,"Formal education, includes formal initial and formal adult education programmes",_T,Total,_Z,Not applicable,_Z,Not applicable,A,Annual,_Z,Not applicable,_Z,Not applicable,INST_EDU_PRIV_GOV,Government dependent private educational institutions,_Z,Not applicable,ST_CL,Students per class,_T,Total,_T,Total,2014,,20.1637865882353,,,,,,,,,,A,Normal value,,,,,2,Two,,,0,Units
OECD,OECD,ISCED11_1,Primary education,CLS,Student classes,FE,"Formal education, includes formal initial and formal adult education programmes",_T,Total,_Z,Not applicable,_Z,Not applicable,A,Annual,_Z,Not applicable,_Z,Not applicable,INST_EDU_PRIV_GOV,Government dependent private educational institutions,_Z,Not applicable,ST_CL,Students per class,_T,Total,_T,Total,2015,,20.8489582352941,,,,,,,,,,A,Normal value,,,,,2,Two,,,0,Units
OECD,OECD,ISCED11_1,Primary education,CLS,Student classes,FE,"Formal education, includes formal initial and formal adult education programmes",_T,Total,_Z,Not applicable,_Z,Not applicable,A,Annual,_Z,Not applicable,_Z,Not applicable,INST_EDU_PRIV_GOV,Government dependent private educational institutions,_Z,Not applicable,ST_CL,Students per class,_T,Total,_T,Total,2016,,20.7173738888889,,,,,,,,,,A,Normal value,,,,,2,Two,,,0,Units
OECD,OECD,ISCED11_1,Primary education,CLS,Student classes,FE,"Formal education, includes formal initial and formal adult education programmes",_T,Total,_Z,Not applicable,_Z,Not applicable,A,Annual,_Z,Not applicable,_Z,Not applicable,INST_EDU_PRIV_GOV,Government dependent private educational institutions,_Z,Not applicable,ST_CL,Students per class,_T,Total,_T,Total,2017,,20.8088211111111,,,,,,,,,,A,Normal value,,,,,2,Two,,,0,Units
OECD,OECD,ISCED11_1,Primary education,CLS,Student classes,FE,"Formal education, includes formal initial and formal adult education programmes",_T,Total,_Z,Not applicable,_Z,Not applicable,A,Annual,_Z,Not applicable,_Z,Not applicable,INST_EDU_PRIV_GOV,Government dependent private educational institutions,_Z,Not applicable,ST_CL,Students per class,_T,Total,_T,Total,2018,,20.8859478947368,,,,,,,,,,A,Normal value,,,,,2,Two,,,0,Units
OECD,OECD,ISCED11_1,Primary education,CLS,Student classes,FE,"Formal education, includes formal initial and formal adult education programmes",_T,Total,_Z,Not applicable,_Z,Not applicable,A,Annual,_Z,Not applicable,_Z,Not applicable,INST_EDU_PRIV_GOV,Government dependent private educational institutions,_Z,Not applicable,ST_CL,Students per class,_T,Total,_T,Total,2019,,19.8207175,,,,,,,,,,A,Normal value,,,,,2,Two,,,0,Units
OECD,OECD,ISCED11_1,Primary education,CLS,Student classes,FE,"Formal education, includes formal initial and formal adult education programmes",_T,Total,_Z,Not applicable,_Z,Not applicable,A,Annual,_Z,Not applicable,_Z,Not applicable,INST_EDU_PRIV_GOV,Government dependent private educational institutions,_Z,Not applicable,ST_CL,Students per class,_T,Total,_T,Total,2020,,19.2732478947368,,,,,,,,,,A,Normal value,,,,,2,Two,,,0,Units
OECD,OECD,ISCED11_1,Primary education,CLS,Student classes,FE,"Formal education, includes formal initial and formal adult education programmes",_T,Total,_Z,Not applicable,_Z,Not applicable,A,Annual,_Z,Not applicable,_Z,Not applicable,INST_EDU_PRIV_GOV,Government dependent private educational institutions,_Z,Not applicable,ST_CL,Students per class,_T,Total,_T,Total,2021,,19.1100847368421,,,,,,,,,,A,Normal value,,,,,2,Two,,,0,Units
OECD,OECD,ISCED11_1,Primary education,CLS,Student classes,FE,"Formal education, includes formal initial and formal adult education programmes",_T,Total,_Z,Not applicable,_Z,Not applicable,A,Annual,_Z,Not applicable,_Z,Not applicable,INST_EDU_PRIV_GOV,Government dependent private educational institutions,_Z,Not applicable,ST_CL,Students per class,_T,Total,_T,Total,2022,,19.5589323809524,,,,,,,,,,A,Normal value,,,,,2,Two,,,0,Units
OECD,OECD,ISCED11_1,Primary education,CLS,Student classes,FE,"Formal education, includes formal initial and formal adult education programmes",_T,Total,_Z,Not applicable,_Z,Not applicable,A,Annual,_Z,Not applicable,_Z,Not applicable,INST_EDU_PRIV_GOV,Government dependent private educational institutions,_Z,Not applicable,ST_CL,Students per class,_T,Total,_T,Total,2023,,19.7260642857143,,,,,,,,,,A,Normal value,,,,,2,Two,,,0,Units
ITA,Italy,ISCED11_1,Primary education,CLS,Student classes,FE,"Formal education, includes formal initial and formal adult education programmes",_T,Total,_Z,Not applicable,_Z,Not applicable,A,Annual,_Z,Not applicable,_Z,Not applicable,INST_EDU_PRIV_GOV,Government dependent private educational institutions,_Z,Not applicable,ST_CL,Students per class,_T,Total,_T,Total,2013,,,,,,,,,,,,M,Missing value; data cannot exist,,,,,2,Two,,,0,Units
ITA,Italy,ISCED11_1,Primary education,CLS,Student classes,FE,"Formal education, includes formal initial and formal adult education programmes",_T,Total,_Z,Not applicable,_Z,Not applicable,A,Annual,_Z,Not applicable,_Z,Not applicable,INST_EDU_PRIV_GOV,Government dependent private educational institutions,_Z,Not applicable,ST_CL,Students per class,_T,Total,_T,Total,2014,,,,,,,,,,,,M,Missing value; data cannot exist,,,,,2,Two,,,0,Units
ITA,Italy,ISCED11_1,Primary education,CLS,Student classes,FE,"Formal education, includes formal initial and formal adult education programmes",_T,Total,_Z,Not applicable,_Z,Not applicable,A,Annual,_Z,Not applicable,_Z,Not applicable,INST_EDU_PRIV_GOV,Government dependent private educational institutions,_Z,Not applicable,ST_CL,Students per class,_T,Total,_T,Total,2015,,,,,,,,,,,,M,Missing value; data cannot exist,,,,,2,Two,,,0,Units
ITA,Italy,ISCED11_1,Primary education,CLS,Student classes,FE,"Formal education, includes formal initial and formal adult education programmes",_T,Total,_Z,Not applicable,_Z,Not applicable,A,Annual,_Z,Not applicable,_Z,Not applicable,INST_EDU_PRIV_GOV,Government dependent private educational institutions,_Z,Not applicable,ST_CL,Students per class,_T,Total,_T,Total,2016,,,,,,,,,,,,M,Missing value; data cannot exist,,,,,2,Two,,,0,Units
ITA,Italy,ISCED11_1,Primary education,CLS,Student classes,FE,"Formal education, includes formal initial and formal adult education programmes",_T,Total,_Z,Not applicable,_Z,Not applicable,A,Annual,_Z,Not applicable,_Z,Not applicable,INST_EDU_PRIV_GOV,Government dependent private educational institutions,_Z,Not applicable,ST_CL,Students per class,_T,Total,_T,Total,2017,,,,,,,,,,,,M,Missing value; data cannot exist,,,,,2,Two,,,0,Units
ITA,Italy,ISCED11_1,Primary education,CLS,Student classes,FE,"Formal education, includes formal initial and formal adult education programmes",_T,Total,_Z,Not applicable,_Z,Not applicable,A,Annual,_Z,Not applicable,_Z,Not applicable,INST_EDU_PRIV_GOV,Government dependent private educational institutions,_Z,Not applicable,ST_CL,Students per class,_T,Total,_T,Total,2018,,,,,,,,,,,,M,Missing value; data cannot exist,,,,,2,Two,,,0,Units
ITA,Italy,ISCED11_1,Primary education,CLS,Student classes,FE,"Formal education, includes formal initial and formal adult education programmes",_T,Total,_Z,Not applicable,_Z,Not applicable,A,Annual,_Z,Not applicable,_Z,Not applicable,INST_EDU_PRIV_GOV,Government dependent private educational institutions,_Z,Not applicable,ST_CL,Students per class,_T,Total,_T,Total,2019,,,,,,,,,,,,M,Missing value; data cannot exist,,,,,2,Two,,,0,Units
ITA,Italy,ISCED11_1,Primary education,CLS,Student classes,FE,"Formal education, includes formal initial and formal adult education programmes",_T,Total,_Z,Not applicable,_Z,Not applicable,A,Annual,_Z,Not applicable,_Z,Not applicable,INST_EDU_PRIV_GOV,Government dependent private educational institutions,_Z,Not applicable,ST_CL,Students per class,_T,Total,_T,Total,2020,,,,,,,,,,,,M,Missing value; data cannot exist,,,,,2,Two,,,0,Units
ITA,Italy,ISCED11_1,Primary education,CLS,Student classes,FE,"Formal education, includes formal initial and formal adult education programmes",_T,Total,_Z,Not applicable,_Z,Not applicable,A,Annual,_Z,Not applicable,_Z,Not applicable,INST_EDU_PRIV_GOV,Government dependent private educational institutions,_Z,Not applicable,ST_CL,Students per class,_T,Total,_T,Total,2021,,,,,,,,,,,,M,Missing value; data cannot exist,,,,,2,Two,,,0,Units
ITA,Italy,ISCED11_1,Primary education,CLS,Student classes,FE,"Formal education, includes formal initial and formal adult education programmes",_T,Total,_Z,Not applicable,_Z,Not applicable,A,Annual,_Z,Not applicable,_Z,Not applicable,INST_EDU_PRIV_GOV,Government dependent private educational institutions,_Z,Not applicable,ST_CL,Students per class,_T,Total,_T,Total,2022,,,,,,,,,,,,M,Missing value; data cannot exist,,,,,2,Two,,,0,Units
ITA,Italy,ISCED11_1,Primary education,CLS,Student classes,FE,"Formal education, includes formal initial and formal adult education programmes",_T,Total,_Z,Not applicable,_Z,Not applicable,A,Annual,_Z,Not applicable,_Z,Not applicable,INST_EDU_PRIV_GOV,Government dependent private educational institutions,_Z,Not applicable,ST_CL,Students per class,_T,Total,_T,Total,2023,,,,,,,,,,,,M,Missing value; data cannot exist,,,,,2,Two,,,0,Units
ITA,Italy,ISCED11_1,Primary education,CLS,Student classes,FE,"Formal education, includes formal initial and formal adult education programmes",_T,Total,_Z,Not applicable,_Z,Not applicable,A,Annual,_Z,Not applicable,_Z,Not applicable,INST_EDU_PRIV_GOV,Government dependent private educational institutions,_Z,Not applicable,ST_CL,Students per class,_T,Total,_T,Total,2024,,,,,,,,,,,,M,Missing value; data cannot exist,,,,,2,Two,,,0,Units
POL,Poland,ISCED11_1,Primary education,CLS,Student classes,FE,"Formal education, includes formal initial and formal adult education programmes",_T,Total,_Z,Not applicable,_Z,Not applicable,A,Annual,_Z,Not applicable,_Z,Not applicable,INST_EDU_PRIV_GOV,Government dependent private educational institutions,_Z,Not applicable,ST_CL,Students per class,_T,Total,_T,Total,2013,,10.11022,,,,,,,,,,A,Normal value,,,,,2,Two,,,0,Units
POL,Poland,ISCED11_1,Primary education,CLS,Student classes,FE,"Formal education, includes formal initial and formal adult education programmes",_T,Total,_Z,Not applicable,_Z,Not applicable,A,Annual,_Z,Not applicable,_Z,Not applicable,INST_EDU_PRIV_GOV,Government dependent private educational institutions,_Z,Not applicable,ST_CL,Students per class,_T,Total,_T,Total,2014,,9.801252,,,,,,,,,,A,Normal value,,,,,2,Two,,,0,Units
POL,Poland,ISCED11_1,Primary education,CLS,Student classes,FE,"Formal education, includes formal initial and formal adult education programmes",_T,Total,_Z,Not applicable,_Z,Not applicable,A,Annual,_Z,Not applicable,_Z,Not applicable,INST_EDU_PRIV_GOV,Government dependent private educational institutions,_Z,Not applicable,ST_CL,Students per class,_T,Total,_T,Total,2015,,10.35778,,,,,,,,,,A,Normal value,,,,,2,Two,,,0,Units
POL,Poland,ISCED11_1,Primary education,CLS,Student classes,FE,"Formal education, includes formal initial and formal adult education programmes",_T,Total,_Z,Not applicable,_Z,Not applicable,A,Annual,_Z,Not applicable,_Z,Not applicable,INST_EDU_PRIV_GOV,Government dependent private educational institutions,_Z,Not applicable,ST_CL,Students per class,_T,Total,_T,Total,2016,,10.68777,,,,,,,,,,A,Normal value,,,,,2,Two,,,0,Units
POL,Poland,ISCED11_1,Primary education,CLS,Student classes,FE,"Formal education, includes formal initial and formal adult education programmes",_T,Total,_Z,Not applicable,_Z,Not applicable,A,Annual,_Z,Not applicable,_Z,Not applicable,INST_EDU_PRIV_GOV,Government dependent private educational institutions,_Z,Not applicable,ST_CL,Students per class,_T,Total,_T,Total,2017,,10.53055,,,,,,,,,,A,Normal value,,,,,2,Two,,,0,Units
POL,Poland,ISCED11_1,Primary education,CLS,Student classes,FE,"Formal education, includes formal initial and formal adult education programmes",_T,Total,_Z,Not applicable,_Z,Not applicable,A,Annual,_Z,Not applicable,_Z,Not applicable,INST_EDU_PRIV_GOV,Government dependent private educational institutions,_Z,Not applicable,ST_CL,Students per class,_T,Total,_T,Total,2018,,11.17435,,,,,,,,,,A,Normal value,,,,,2,Two,,,0,Units
POL,Poland,ISCED11_1,Primary education,CLS,Student classes,FE,"Formal education, includes formal initial and formal adult education programmes",_T,Total,_Z,Not applicable,_Z,Not applicable,A,Annual,_Z,Not applicable,_Z,Not applicable,INST_EDU_PRIV_GOV,Government dependent private educational institutions,_Z,Not applicable,ST_CL,Students per class,_T,Total,_T,Total,2019,,11.78214,,,,,,,,,,A,Normal value,,,,,2,Two,,,0,Units
POL,Poland,ISCED11_1,Primary education,CLS,Student classes,FE,"Formal education, includes formal initial and formal adult education programmes",_T,Total,_Z,Not applicable,_Z,Not applicable,A,Annual,_Z,Not applicable,_Z,Not applicable,INST_EDU_PRIV_GOV,Government dependent private educational institutions,_Z,Not applicable,ST_CL,Students per class,_T,Total,_T,Total,2020,,11.04108,,,,,,,,,,A,Normal value,,,,,2,Two,,,0,Units
POL,Poland,ISCED11_1,Primary education,CLS,Student classes,FE,"Formal education, includes formal initial and formal adult education programmes",_T,Total,_Z,Not applicable,_Z,Not applicable,A,Annual,_Z,Not applicable,_Z,Not applicable,INST_EDU_PRIV_GOV,Government dependent private educational institutions,_Z,Not applicable,ST_CL,Students per class,_T,Total,_T,Total,2021,,11.15,,,,,,,,,,A,Normal value,,,,,2,Two,,,0,Units
POL,Poland,ISCED11_1,Primary education,CLS,Student classes,FE,"Formal education, includes formal initial and formal adult education programmes",_T,Total,_Z,Not applicable,_Z,Not applicable,A,Annual,_Z,Not applicable,_Z,Not applicable,INST_EDU_PRIV_GOV,Government dependent private educational institutions,_Z,Not applicable,ST_CL,Students per class,_T,Total,_T,Total,2022,,11.45468,,,,,,,,,,A,Normal value,,,,,2,Two,,,0,Units
POL,Poland,ISCED11_1,Primary education,CLS,Student classes,FE,"Formal education, includes formal initial and formal adult education programmes",_T,Total,_Z,Not applicable,_Z,Not applicable,A,Annual,_Z,Not applicable,_Z,Not applicable,INST_EDU_PRIV_GOV,Government dependent private educational institutions,_Z,Not applicable,ST_CL,Students per class,_T,Total,_T,Total,2023,,11.78078,,,,,,,,,,A,Normal value,,,,,2,Two,,,0,Units
POL,Poland,ISCED11_1,Primary education,CLS,Student classes,FE,"Formal education, includes formal initial and formal adult education programmes",_T,Total,_Z,Not applicable,_Z,Not applicable,A,Annual,_Z,Not applicable,_Z,Not applicable,INST_EDU_PRIV_GOV,Government dependent private educational institutions,_Z,Not applicable,ST_CL,Students per class,_T,Total,_T,Total,2024,,12.24332,,,,,,,,,,A,Normal value,,,,,2,Two,,,0,Units
POL,Poland,ISCED11_1,Primary education,CLS,Student classes,FE,"Formal education, includes formal initial and formal adult education programmes",_T,Total,_Z,Not applicable,_Z,Not applicable,A,Annual,_Z,Not applicable,_Z,Not applicable,INST_EDU,All educational institutions,_Z,Not applicable,ST_CL,Students per class,_T,Total,_T,Total,2013,,18.49715,,,,,,,,,,A,Normal value,,,,,2,Two,,,0,Units
POL,Poland,ISCED11_1,Primary education,CLS,Student classes,FE,"Formal education, includes formal initial and formal adult education programmes",_T,Total,_Z,Not applicable,_Z,Not applicable,A,Annual,_Z,Not applicable,_Z,Not applicable,INST_EDU,All educational institutions,_Z,Not applicable,ST_CL,Students per class,_T,Total,_T,Total,2014,,18.47396,,,,,,,,,,A,Normal value,,,,,2,Two,,,0,Units
POL,Poland,ISCED11_1,Primary education,CLS,Student classes,FE,"Formal education, includes formal initial and formal adult education programmes",_T,Total,_Z,Not applicable,_Z,Not applicable,A,Annual,_Z,Not applicable,_Z,Not applicable,INST_EDU,All educational institutions,_Z,Not applicable,ST_CL,Students per class,_T,Total,_T,Total,2015,,18.52929,,,,,,,,,,A,Normal value,,,,,2,Two,,,0,Units
POL,Poland,ISCED11_1,Primary education,CLS,Student classes,FE,"Formal education, includes formal initial and formal adult education programmes",_T,Total,_Z,Not applicable,_Z,Not applicable,A,Annual,_Z,Not applicable,_Z,Not applicable,INST_EDU,All educational institutions,_Z,Not applicable,ST_CL,Students per class,_T,Total,_T,Total,2016,,18.65802,,,,,,,,,,A,Normal value,,,,,2,Two,,,0,Units
POL,Poland,ISCED11_1,Primary education,CLS,Student classes,FE,"Formal education, includes formal initial and formal adult education programmes",_T,Total,_Z,Not applicable,_Z,Not applicable,A,Annual,_Z,Not applicable,_Z,Not applicable,INST_EDU,All educational institutions,_Z,Not applicable,ST_CL,Students per class,_T,Total,_T,Total,2017,,18.07971,,,,,,,,,,A,Normal value,,,,,2,Two,,,0,Units
POL,Poland,ISCED11_1,Primary education,CLS,Student classes,FE,"Formal education, includes formal initial and formal adult education programmes",_T,Total,_Z,Not applicable,_Z,Not applicable,A,Annual,_Z,Not applicable,_Z,Not applicable,INST_EDU,All educational institutions,_Z,Not applicable,ST_CL,Students per class,_T,Total,_T,Total,2018,,17.81754,,,,,,,,,,A,Normal value,,,,,2,Two,,,0,Units
POL,Poland,ISCED11_1,Primary education,CLS,Student classes,FE,"Formal education, includes formal initial and formal adult education programmes",_T,Total,_Z,Not applicable,_Z,Not applicable,A,Annual,_Z,Not applicable,_Z,Not applicable,INST_EDU,All educational institutions,_Z,Not applicable,ST_CL,Students per class,_T,Total,_T,Total,2019,,17.75451,,,,,,,,,,A,Normal value,,,,,2,Two,,,0,Units
POL,Poland,ISCED11_1,Primary education,CLS,Student classes,FE,"Formal education, includes formal initial and formal adult education programmes",_T,Total,_Z,Not applicable,_Z,Not applicable,A,Annual,_Z,Not applicable,_Z,Not applicable,INST_EDU,All educational institutions,_Z,Not applicable,ST_CL,Students per class,_T,Total,_T,Total,2020,,16.60734,,,,,,,,,,A,Normal value,,,,,2,Two,,,0,Units
POL,Poland,ISCED11_1,Primary education,CLS,Student classes,FE,"Formal education, includes formal initial and formal adult education programmes",_T,Total,_Z,Not applicable,_Z,Not applicable,A,Annual,_Z,Not applicable,_Z,Not applicable,INST_EDU,All educational institutions,_Z,Not applicable,ST_CL,Students per class,_T,Total,_T,Total,2021,,17.30975,,,,,,,,,,A,Normal value,,,,,2,Two,,,0,Units
POL,Poland,ISCED11_1,Primary education,CLS,Student classes,FE,"Formal education, includes formal initial and formal adult education programmes",_T,Total,_Z,Not applicable,_Z,Not applicable,A,Annual,_Z,Not applicable,_Z,Not applicable,INST_EDU,All educational institutions,_Z,Not applicable,ST_CL,Students per class,_T,Total,_T,Total,2022,,17.47539,,,,,,,,,,A,Normal value,,,,,2,Two,,,0,Units
POL,Poland,ISCED11_1,Primary education,CLS,Student classes,FE,"Formal education, includes formal initial and formal adult education programmes",_T,Total,_Z,Not applicable,_Z,Not applicable,A,Annual,_Z,Not applicable,_Z,Not applicable,INST_EDU,All educational institutions,_Z,Not applicable,ST_CL,Students per class,_T,Total,_T,Total,2023,,18.08861,,,,,,,,,,A,Normal value,,,,,2,Two,,,0,Units
POL,Poland,ISCED11_1,Primary education,CLS,Student classes,FE,"Formal education, includes formal initial and formal adult education programmes",_T,Total,_Z,Not applicable,_Z,Not applicable,A,Annual,_Z,Not applicable,_Z,Not applicable,INST_EDU,All educational institutions,_Z,Not applicable,ST_CL,Students per class,_T,Total,_T,Total,2024,,17.96207,,,,,,,,,,A,Normal value,,,,,2,Two,,,0,Units
EU25,European Union (25 countries),ISCED11_2,Lower secondary education,CLS,Student classes,FE,"Formal education, includes formal initial and formal adult education programmes",_T,Total,_Z,Not applicable,_Z,Not applicable,A,Annual,_Z,Not applicable,_Z,Not applicable,INST_EDU_PRIV,Private educational institutions,_Z,Not applicable,ST_CL,Students per class,_T,Total,_T,Total,2013,,16.99360895,,,,,,,,,,A,Normal value,,,,,2,Two,,,0,Units
EU25,European Union (25 countries),ISCED11_2,Lower secondary education,CLS,Student classes,FE,"Formal education, includes formal initial and formal adult education programmes",_T,Total,_Z,Not applicable,_Z,Not applicable,A,Annual,_Z,Not applicable,_Z,Not applicable,INST_EDU_PRIV,Private educational institutions,_Z,Not applicable,ST_CL,Students per class,_T,Total,_T,Total,2014,,17.3603327272727,,,,,,,,,,A,Normal value,,,,,2,Two,,,0,Units
EU25,European Union (25 countries),ISCED11_2,Lower secondary education,CLS,Student classes,FE,"Formal education, includes formal initial and formal adult education programmes",_T,Total,_Z,Not applicable,_Z,Not applicable,A,Annual,_Z,Not applicable,_Z,Not applicable,INST_EDU_PRIV,Private educational institutions,_Z,Not applicable,ST_CL,Students per class,_T,Total,_T,Total,2015,,17.6295981818182,,,,,,,,,,A,Normal value,,,,,2,Two,,,0,Units
EU25,European Union (25 countries),ISCED11_2,Lower secondary education,CLS,Student classes,FE,"Formal education, includes formal initial and formal adult education programmes",_T,Total,_Z,Not applicable,_Z,Not applicable,A,Annual,_Z,Not applicable,_Z,Not applicable,INST_EDU_PRIV,Private educational institutions,_Z,Not applicable,ST_CL,Students per class,_T,Total,_T,Total,2016,,19.2199841363636,,,,,,,,,,A,Normal value,,,,,2,Two,,,0,Units
EU25,European Union (25 countries),ISCED11_2,Lower secondary education,CLS,Student classes,FE,"Formal education, includes formal initial and formal adult education programmes",_T,Total,_Z,Not applicable,_Z,Not applicable,A,Annual,_Z,Not applicable,_Z,Not applicable,INST_EDU_PRIV,Private educational institutions,_Z,Not applicable,ST_CL,Students per class,_T,Total,_T,Total,2017,,17.7993060454545,,,,,,,,,,A,Normal value,,,,,2,Two,,,0,Units
EU25,European Union (25 countries),ISCED11_2,Lower secondary education,CLS,Student classes,FE,"Formal education, includes formal initial and formal adult education programmes",_T,Total,_Z,Not applicable,_Z,Not applicable,A,Annual,_Z,Not applicable,_Z,Not applicable,INST_EDU_PRIV,Private educational institutions,_Z,Not applicable,ST_CL,Students per class,_T,Total,_T,Total,2018,,17.4915557142857,,,,,,,,,,A,Normal value,,,,,2,Two,,,0,Units
EU25,European Union (25 countries),ISCED11_2,Lower secondary education,CLS,Student classes,FE,"Formal education, includes formal initial and formal adult education programmes",_T,Total,_Z,Not applicable,_Z,Not applicable,A,Annual,_Z,Not applicable,_Z,Not applicable,INST_EDU_PRIV,Private educational institutions,_Z,Not applicable,ST_CL,Students per class,_T,Total,_T,Total,2019,,17.4402576190476,,,,,,,,,,A,Normal value,,,,,2,Two,,,0,Units
EU25,European Union (25 countries),ISCED11_2,Lower secondary education,CLS,Student classes,FE,"Formal education, includes formal initial and formal adult education programmes",_T,Total,_Z,Not applicable,_Z,Not applicable,A,Annual,_Z,Not applicable,_Z,Not applicable,INST_EDU_PRIV,Private educational institutions,_Z,Not applicable,ST_CL,Students per class,_T,Total,_T,Total,2020,,18.1271666666667,,,,,,,,,,A,Normal value,,,,,2,Two,,,0,Units
EU25,European Union (25 countries),ISCED11_2,Lower secondary education,CLS,Student classes,FE,"Formal education, includes formal initial and formal adult education programmes",_T,Total,_Z,Not applicable,_Z,Not applicable,A,Annual,_Z,Not applicable,_Z,Not applicable,INST_EDU_PRIV,Private educational institutions,_Z,Not applicable,ST_CL,Students per class,_T,Total,_T,Total,2021,,18.0054722727273,,,,,,,,,,A,Normal value,,,,,2,Two,,,0,Units
EU25,European Union (25 countries),ISCED11_2,Lower secondary education,CLS,Student classes,FE,"Formal education, includes formal initial and formal adult education programmes",_T,Total,_Z,Not applicable,_Z,Not applicable,A,Annual,_Z,Not applicable,_Z,Not applicable,INST_EDU_PRIV,Private educational institutions,_Z,Not applicable,ST_CL,Students per class,_T,Total,_T,Total,2022,,19.7327931818182,,,,,,,,,,A,Normal value,,,,,2,Two,,,0,Units
EU25,European Union (25 countries),ISCED11_2,Lower secondary education,CLS,Student classes,FE,"Formal education, includes formal initial and formal adult education programmes",_T,Total,_Z,Not applicable,_Z,Not applicable,A,Annual,_Z,Not applicable,_Z,Not applicable,INST_EDU_PRIV,Private educational institutions,_Z,Not applicable,ST_CL,Students per class,_T,Total,_T,Total,2023,,19.8303886363636,,,,,,,,,,A,Normal value,,,,,2,Two,,,0,Units
PRT,Portugal,ISCED11_2,Lower secondary education,CLS,Student classes,FE,"Formal education, includes formal initial and formal adult education programmes",_T,Total,_Z,Not applicable,_Z,Not applicable,A,Annual,_Z,Not applicable,_Z,Not applicable,INST_EDU_PUB,Public educational institutions,_Z,Not applicable,ST_CL,Students per class,_T,Total,_T,Total,2013,,22.39082,,,,,,,,,,A,Normal value,,,,,2,Two,,,0,Units
PRT,Portugal,ISCED11_2,Lower secondary education,CLS,Student classes,FE,"Formal education, includes formal initial and formal adult education programmes",_T,Total,_Z,Not applicable,_Z,Not applicable,A,Annual,_Z,Not applicable,_Z,Not applicable,INST_EDU_PUB,Public educational institutions,_Z,Not applicable,ST_CL,Students per class,_T,Total,_T,Total,2014,,22.55881,,,,,,,,,,A,Normal value,,,,,2,Two,,,0,Units
PRT,Portugal,ISCED11_2,Lower secondary education,CLS,Student classes,FE,"Formal education, includes formal initial and formal adult education programmes",_T,Total,_Z,Not applicable,_Z,Not applicable,A,Annual,_Z,Not applicable,_Z,Not applicable,INST_EDU_PUB,Public educational institutions,_Z,Not applicable,ST_CL,Students per class,_T,Total,_T,Total,2015,,22.45834,,,,,,,,,,A,Normal value,,,,,2,Two,,,0,Units
PRT,Portugal,ISCED11_2,Lower secondary education,CLS,Student classes,FE,"Formal education, includes formal initial and formal adult education programmes",_T,Total,_Z,Not applicable,_Z,Not applicable,A,Annual,_Z,Not applicable,_Z,Not applicable,INST_EDU_PUB,Public educational institutions,_Z,Not applicable,ST_CL,Students per class,_T,Total,_T,Total,2016,,22.05155,,,,,,,,,,A,Normal value,,,,,2,Two,,,0,Units
PRT,Portugal,ISCED11_2,Lower secondary education,CLS,Student classes,FE,"Formal education, includes formal initial and formal adult education programmes",_T,Total,_Z,Not applicable,_Z,Not applicable,A,Annual,_Z,Not applicable,_Z,Not applicable,INST_EDU_PUB,Public educational institutions,_Z,Not applicable,ST_CL,Students per class,_T,Total,_T,Total,2017,,22.02475,,,,,,,,,,A,Normal value,,,,,2,Two,,,0,Units
PRT,Portugal,ISCED11_2,Lower secondary education,CLS,Student classes,FE,"Formal education, includes formal initial and formal adult education programmes",_T,Total,_Z,Not applicable,_Z,Not applicable,A,Annual,_Z,Not applicable,_Z,Not applicable,INST_EDU_PUB,Public educational institutions,_Z,Not applicable,ST_CL,Students per class,_T,Total,_T,Total,2018,,21.92215,,,,,,,,,,A,Normal value,,,,,2,Two,,,0,Units
PRT,Portugal,ISCED11_2,Lower secondary education,CLS,Student classes,FE,"Formal education, includes formal initial and formal adult education programmes",_T,Total,_Z,Not applicable,_Z,Not applicable,A,Annual,_Z,Not applicable,_Z,Not applicable,INST_EDU_PUB,Public educational institutions,_Z,Not applicable,ST_CL,Students per class,_T,Total,_T,Total,2019,,21.80743,,,,,,,,,,A,Normal value,,,,,2,Two,,,0,Units
PRT,Portugal,ISCED11_2,Lower secondary education,CLS,Student classes,FE,"Formal education, includes formal initial and formal adult education programmes",_T,Total,_Z,Not applicable,_Z,Not applicable,A,Annual,_Z,Not applicable,_Z,Not applicable,INST_EDU_PUB,Public educational institutions,_Z,Not applicable,ST_CL,Students per class,_T,Total,_T,Total,2020,,21.83077,,,,,,,,,,A,Normal value,,,,,2,Two,,,0,Units
PRT,Portugal,ISCED11_2,Lower secondary education,CLS,Student classes,FE,"Formal education, includes formal initial and formal adult education programmes",_T,Total,_Z,Not applicable,_Z,Not applicable,A,Annual,_Z,Not applicable,_Z,Not applicable,INST_EDU_PUB,Public educational institutions,_Z,Not applicable,ST_CL,Students per class,_T,Total,_T,Total,2021,,21.25607,,,,,,,,,,A,Normal value,,,,,2,Two,,,0,Units
PRT,Portugal,ISCED11_2,Lower secondary education,CLS,Student classes,FE,"Formal education, includes formal initial and formal adult education programmes",_T,Total,_Z,Not applicable,_Z,Not applicable,A,Annual,_Z,Not applicable,_Z,Not applicable,INST_EDU_PUB,Public educational institutions,_Z,Not applicable,ST_CL,Students per class,_T,Total,_T,Total,2022,,21.26983,,,,,,,,,,A,Normal value,,,,,2,Two,,,0,Units
PRT,Portugal,ISCED11_2,Lower secondary education,CLS,Student classes,FE,"Formal education, includes formal initial and formal adult education programmes",_T,Total,_Z,Not applicable,_Z,Not applicable,A,Annual,_Z,Not applicable,_Z,Not applicable,INST_EDU_PUB,Public educational institutions,_Z,Not applicable,ST_CL,Students per class,_T,Total,_T,Total,2023,,21.48993,,,,,,,,,,A,Normal value,,,,,2,Two,,,0,Units
PRT,Portugal,ISCED11_2,Lower secondary education,CLS,Student classes,FE,"Formal education, includes formal initial and formal adult education programmes",_T,Total,_Z,Not applicable,_Z,Not applicable,A,Annual,_Z,Not applicable,_Z,Not applicable,INST_EDU_PUB,Public educational institutions,_Z,Not applicable,ST_CL,Students per class,_T,Total,_T,Total,2024,,21.38829,,,,,,,,,,A,Normal value,,,,,2,Two,,,0,Units
SWE,Sweden,ISCED11_2,Lower secondary education,CLS,Student classes,FE,"Formal education, includes formal initial and formal adult education programmes",_T,Total,_Z,Not applicable,_Z,Not applicable,A,Annual,_Z,Not applicable,_Z,Not applicable,INST_EDU_PUB,Public educational institutions,_Z,Not applicable,ST_CL,Students per class,_T,Total,_T,Total,2013,,,,,,,,,,,,O,Missing value,,,,,2,Two,,,0,Units
SWE,Sweden,ISCED11_2,Lower secondary education,CLS,Student classes,FE,"Formal education, includes formal initial and formal adult education programmes",_T,Total,_Z,Not applicable,_Z,Not applicable,A,Annual,_Z,Not applicable,_Z,Not applicable,INST_EDU_PUB,Public educational institutions,_Z,Not applicable,ST_CL,Students per class,_T,Total,_T,Total,2014,,20.39505,,,,,,,,,,A,Normal value,,,,,2,Two,,,0,Units
SWE,Sweden,ISCED11_2,Lower secondary education,CLS,Student classes,FE,"Formal education, includes formal initial and formal adult education programmes",_T,Total,_Z,Not applicable,_Z,Not applicable,A,Annual,_Z,Not applicable,_Z,Not applicable,INST_EDU_PUB,Public educational institutions,_Z,Not applicable,ST_CL,Students per class,_T,Total,_T,Total,2015,,20.62639,,,,,,,,,,A,Normal value,,,,,2,Two,,,0,Units
SWE,Sweden,ISCED11_2,Lower secondary education,CLS,Student classes,FE,"Formal education, includes formal initial and formal adult education programmes",_T,Total,_Z,Not applicable,_Z,Not applicable,A,Annual,_Z,Not applicable,_Z,Not applicable,INST_EDU_PUB,Public educational institutions,_Z,Not applicable,ST_CL,Students per class,_T,Total,_T,Total,2016,,20.7396,,,,,,,,,,A,Normal value,,,,,2,Two,,,0,Units
SWE,Sweden,ISCED11_2,Lower secondary education,CLS,Student classes,FE,"Formal education, includes formal initial and formal adult education programmes",_T,Total,_Z,Not applicable,_Z,Not applicable,A,Annual,_Z,Not applicable,_Z,Not applicable,INST_EDU_PUB,Public educational institutions,_Z,Not applicable,ST_CL,Students per class,_T,Total,_T,Total,2017,,20.96289,,,,,,,,,,A,Normal value,,,,,2,Two,,,0,Units
SWE,Sweden,ISCED11_2,Lower secondary education,CLS,Student classes,FE,"Formal education, includes formal initial and formal adult education programmes",_T,Total,_Z,Not applicable,_Z,Not applicable,A,Annual,_Z,Not applicable,_Z,Not applicable,INST_EDU_PUB,Public educational institutions,_Z,Not applicable,ST_CL,Students per class,_T,Total,_T,Total,2018,,21.7052,,,,,,,,,,A,Normal value,,,,,2,Two,,,0,Units
SWE,Sweden,ISCED11_2,Lower secondary education,CLS,Student classes,FE,"Formal education, includes formal initial and formal adult education programmes",_T,Total,_Z,Not applicable,_Z,Not applicable,A,Annual,_Z,Not applicable,_Z,Not applicable,INST_EDU_PUB,Public educational institutions,_Z,Not applicable,ST_CL,Students per class,_T,Total,_T,Total,2019,,21.61333,,,,,,,,,,A,Normal value,,,,,2,Two,,,0,Units
SWE,Sweden,ISCED11_2,Lower secondary education,CLS,Student classes,FE,"Formal education, includes formal initial and formal adult education programmes",_T,Total,_Z,Not applicable,_Z,Not applicable,A,Annual,_Z,Not applicable,_Z,Not applicable,INST_EDU_PUB,Public educational institutions,_Z,Not applicable,ST_CL,Students per class,_T,Total,_T,Total,2020,,21.74483,,,,,,,,,,A,Normal value,,,,,2,Two,,,0,Units
SWE,Sweden,ISCED11_2,Lower secondary education,CLS,Student classes,FE,"Formal education, includes formal initial and formal adult education programmes",_T,Total,_Z,Not applicable,_Z,Not applicable,A,Annual,_Z,Not applicable,_Z,Not applicable,INST_EDU_PUB,Public educational institutions,_Z,Not applicable,ST_CL,Students per class,_T,Total,_T,Total,2021,,22.22099,,,,,,,,,,A,Normal value,,,,,2,Two,,,0,Units
SWE,Sweden,ISCED11_2,Lower secondary education,CLS,Student classes,FE,"Formal education, includes formal initial and formal adult education programmes",_T,Total,_Z,Not applicable,_Z,Not applicable,A,Annual,_Z,Not applicable,_Z,Not applicable,INST_EDU_PUB,Public educational institutions,_Z,Not applicable,ST_CL,Students per class,_T,Total,_T,Total,2022,,22.18521,,,,,,,,,,A,Normal value,,,,,2,Two,,,0,Units
SWE,Sweden,ISCED11_2,Lower secondary education,CLS,Student classes,FE,"Formal education, includes formal initial and formal adult education programmes",_T,Total,_Z,Not applicable,_Z,Not applicable,A,Annual,_Z,Not applicable,_Z,Not applicable,INST_EDU_PUB,Public educational institutions,_Z,Not applicable,ST_CL,Students per class,_T,Total,_T,Total,2023,,21.82411,,,,,,,,,,A,Normal value,,,,,2,Two,,,0,Units
SWE,Sweden,ISCED11_2,Lower secondary education,CLS,Student classes,FE,"Formal education, includes formal initial and formal adult education programmes",_T,Total,_Z,Not applicable,_Z,Not applicable,A,Annual,_Z,Not applicable,_Z,Not applicable,INST_EDU_PUB,Public educational institutions,_Z,Not applicable,ST_CL,Students per class,_T,Total,_T,Total,2024,,21.74483,,,,,,,,,,A,Normal value,,,,,2,Two,,,0,Units
NLD,Netherlands,ISCED11_1,Primary education,CLS,Student classes,FE,"Formal education, includes formal initial and formal adult education programmes",_T,Total,_Z,Not applicable,_Z,Not applicable,A,Annual,_Z,Not applicable,_Z,Not applicable,INST_EDU_PRIV_IND,Independent private educational institutions,_Z,Not applicable,ST_CL,Students per class,_T,Total,_T,Total,2013,,,,,,,,,,,,O,Missing value,,,,,2,Two,,,0,Units
NLD,Netherlands,ISCED11_1,Primary education,CLS,Student classes,FE,"Formal education, includes formal initial and formal adult education programmes",_T,Total,_Z,Not applicable,_Z,Not applicable,A,Annual,_Z,Not applicable,_Z,Not applicable,INST_EDU_PRIV_IND,Independent private educational institutions,_Z,Not applicable,ST_CL,Students per class,_T,Total,_T,Total,2014,,,,,,,,,,,,O,Missing value,,,,,2,Two,,,0,Units
NLD,Netherlands,ISCED11_1,Primary education,CLS,Student classes,FE,"Formal education, includes formal initial and formal adult education programmes",_T,Total,_Z,Not applicable,_Z,Not applicable,A,Annual,_Z,Not applicable,_Z,Not applicable,INST_EDU_PRIV_IND,Independent private educational institutions,_Z,Not applicable,ST_CL,Students per class,_T,Total,_T,Total,2015,,,,,,,,,,,,M,Missing value; data cannot exist,,,,,2,Two,,,0,Units
NLD,Netherlands,ISCED11_1,Primary education,CLS,Student classes,FE,"Formal education, includes formal initial and formal adult education programmes",_T,Total,_Z,Not applicable,_Z,Not applicable,A,Annual,_Z,Not applicable,_Z,Not applicable,INST_EDU_PRIV_IND,Independent private educational institutions,_Z,Not applicable,ST_CL,Students per class,_T,Total,_T,Total,2016,,,,,,,,,,,,O,Missing value,,,,,2,Two,,,0,Units
NLD,Netherlands,ISCED11_1,Primary education,CLS,Student classes,FE,"Formal education, includes formal initial and formal adult education programmes",_T,Total,_Z,Not applicable,_Z,Not applicable,A,Annual,_Z,Not applicable,_Z,Not applicable,INST_EDU_PRIV_IND,Independent private educational institutions,_Z,Not applicable,ST_CL,Students per class,_T,Total,_T,Total,2017,,,,,,,,,,,,O,Missing value,,,,,2,Two,,,0,Units
NLD,Netherlands,ISCED11_1,Primary education,CLS,Student classes,FE,"Formal education, includes formal initial and formal adult education programmes",_T,Total,_Z,Not applicable,_Z,Not applicable,A,Annual,_Z,Not applicable,_Z,Not applicable,INST_EDU_PRIV_IND,Independent private educational institutions,_Z,Not applicable,ST_CL,Students per class,_T,Total,_T,Total,2018,,,,,,,,,,,,O,Missing value,,,,,2,Two,,,0,Units
NLD,Netherlands,ISCED11_1,Primary education,CLS,Student classes,FE,"Formal education, includes formal initial and formal adult education programmes",_T,Total,_Z,Not applicable,_Z,Not applicable,A,Annual,_Z,Not applicable,_Z,Not applicable,INST_EDU_PRIV_IND,Independent private educational institutions,_Z,Not applicable,ST_CL,Students per class,_T,Total,_T,Total,2019,,,,,,,,,,,,O,Missing value,,,,,2,Two,,,0,Units
NLD,Netherlands,ISCED11_1,Primary education,CLS,Student classes,FE,"Formal education, includes formal initial and formal adult education programmes",_T,Total,_Z,Not applicable,_Z,Not applicable,A,Annual,_Z,Not applicable,_Z,Not applicable,INST_EDU_PRIV_IND,Independent private educational institutions,_Z,Not applicable,ST_CL,Students per class,_T,Total,_T,Total,2020,,,,,,,,,,,,O,Missing value,,,,,2,Two,,,0,Units
NLD,Netherlands,ISCED11_1,Primary education,CLS,Student classes,FE,"Formal education, includes formal initial and formal adult education programmes",_T,Total,_Z,Not applicable,_Z,Not applicable,A,Annual,_Z,Not applicable,_Z,Not applicable,INST_EDU_PRIV_IND,Independent private educational institutions,_Z,Not applicable,ST_CL,Students per class,_T,Total,_T,Total,2021,,,,,,,,,,,,O,Missing value,,,,,2,Two,,,0,Units
NLD,Netherlands,ISCED11_1,Primary education,CLS,Student classes,FE,"Formal education, includes formal initial and formal adult education programmes",_T,Total,_Z,Not applicable,_Z,Not applicable,A,Annual,_Z,Not applicable,_Z,Not applicable,INST_EDU_PRIV_IND,Independent private educational institutions,_Z,Not applicable,ST_CL,Students per class,_T,Total,_T,Total,2022,,,,,,,,,,,,O,Missing value,,,,,2,Two,,,0,Units
NLD,Netherlands,ISCED11_1,Primary education,CLS,Student classes,FE,"Formal education, includes formal initial and formal adult education programmes",_T,Total,_Z,Not applicable,_Z,Not applicable,A,Annual,_Z,Not applicable,_Z,Not applicable,INST_EDU_PRIV_IND,Independent private educational institutions,_Z,Not applicable,ST_CL,Students per class,_T,Total,_T,Total,2023,,,,,,,,,,,,M,Missing value; data cannot exist,,,,,2,Two,,,0,Units
NLD,Netherlands,ISCED11_1,Primary education,CLS,Student classes,FE,"Formal education, includes formal initial and formal adult education programmes",_T,Total,_Z,Not applicable,_Z,Not applicable,A,Annual,_Z,Not applicable,_Z,Not applicable,INST_EDU_PRIV_IND,Independent private educational institutions,_Z,Not applicable,ST_CL,Students per class,_T,Total,_T,Total,2024,,,,,,,,,,,,M,Missing value; data cannot exist,,,,,2,Two,,,0,Units
PRT,Portugal,ISCED11_1,Primary education,CLS,Student classes,FE,"Formal education, includes formal initial and formal adult education programmes",_T,Total,_Z,Not applicable,_Z,Not applicable,A,Annual,_Z,Not applicable,_Z,Not applicable,INST_EDU_PRIV,Private educational institutions,_Z,Not applicable,ST_CL,Students per class,_T,Total,_T,Total,2013,,20.55215,,,,,,,,,,A,Normal value,,,,,2,Two,,,0,Units
PRT,Portugal,ISCED11_1,Primary education,CLS,Student classes,FE,"Formal education, includes formal initial and formal adult education programmes",_T,Total,_Z,Not applicable,_Z,Not applicable,A,Annual,_Z,Not applicable,_Z,Not applicable,INST_EDU_PRIV,Private educational institutions,_Z,Not applicable,ST_CL,Students per class,_T,Total,_T,Total,2014,,20.79673,,,,,,,,,,A,Normal value,,,,,2,Two,,,0,Units
PRT,Portugal,ISCED11_1,Primary education,CLS,Student classes,FE,"Formal education, includes formal initial and formal adult education programmes",_T,Total,_Z,Not applicable,_Z,Not applicable,A,Annual,_Z,Not applicable,_Z,Not applicable,INST_EDU_PRIV,Private educational institutions,_Z,Not applicable,ST_CL,Students per class,_T,Total,_T,Total,2015,,20.7863,,,,,,,,,,A,Normal value,,,,,2,Two,,,0,Units
PRT,Portugal,ISCED11_1,Primary education,CLS,Student classes,FE,"Formal education, includes formal initial and formal adult education programmes",_T,Total,_Z,Not applicable,_Z,Not applicable,A,Annual,_Z,Not applicable,_Z,Not applicable,INST_EDU_PRIV,Private educational institutions,_Z,Not applicable,ST_CL,Students per class,_T,Total,_T,Total,2016,,20.81215,,,,,,,,,,A,Normal value,,,,,2,Two,,,0,Units
PRT,Portugal,ISCED11_1,Primary education,CLS,Student classes,FE,"Formal education, includes formal initial and formal adult education programmes",_T,Total,_Z,Not applicable,_Z,Not applicable,A,Annual,_Z,Not applicable,_Z,Not applicable,INST_EDU_PRIV,Private educational institutions,_Z,Not applicable,ST_CL,Students per class,_T,Total,_T,Total,2017,,20.6909,,,,,,,,,,A,Normal value,,,,,2,Two,,,0,Units
PRT,Portugal,ISCED11_1,Primary education,CLS,Student classes,FE,"Formal education, includes formal initial and formal adult education programmes",_T,Total,_Z,Not applicable,_Z,Not applicable,A,Annual,_Z,Not applicable,_Z,Not applicable,INST_EDU_PRIV,Private educational institutions,_Z,Not applicable,ST_CL,Students per class,_T,Total,_T,Total,2018,,20.44265,,,,,,,,,,A,Normal value,,,,,2,Two,,,0,Units
PRT,Portugal,ISCED11_1,Primary education,CLS,Student classes,FE,"Formal education, includes formal initial and formal adult education programmes",_T,Total,_Z,Not applicable,_Z,Not applicable,A,Annual,_Z,Not applicable,_Z,Not applicable,INST_EDU_PRIV,Private educational institutions,_Z,Not applicable,ST_CL,Students per class,_T,Total,_T,Total,2019,,19.89388,,,,,,,,,,A,Normal value,,,,,2,Two,,,0,Units
PRT,Portugal,ISCED11_1,Primary education,CLS,Student classes,FE,"Formal education, includes formal initial and formal adult education programmes",_T,Total,_Z,Not applicable,_Z,Not applicable,A,Annual,_Z,Not applicable,_Z,Not applicable,INST_EDU_PRIV,Private educational institutions,_Z,Not applicable,ST_CL,Students per class,_T,Total,_T,Total,2020,,19.32724,,,,,,,,,,A,Normal value,,,,,2,Two,,,0,Units
PRT,Portugal,ISCED11_1,Primary education,CLS,Student classes,FE,"Formal education, includes formal initial and formal adult education programmes",_T,Total,_Z,Not applicable,_Z,Not applicable,A,Annual,_Z,Not applicable,_Z,Not applicable,INST_EDU_PRIV,Private educational institutions,_Z,Not applicable,ST_CL,Students per class,_T,Total,_T,Total,2021,,18.68306,,,,,,,,,,A,Normal value,,,,,2,Two,,,0,Units
PRT,Portugal,ISCED11_1,Primary education,CLS,Student classes,FE,"Formal education, includes formal initial and formal adult education programmes",_T,Total,_Z,Not applicable,_Z,Not applicable,A,Annual,_Z,Not applicable,_Z,Not applicable,INST_EDU_PRIV,Private educational institutions,_Z,Not applicable,ST_CL,Students per class,_T,Total,_T,Total,2022,,18.96447,,,,,,,,,,A,Normal value,,,,,2,Two,,,0,Units
PRT,Portugal,ISCED11_1,Primary education,CLS,Student classes,FE,"Formal education, includes formal initial and formal adult education programmes",_T,Total,_Z,Not applicable,_Z,Not applicable,A,Annual,_Z,Not applicable,_Z,Not applicable,INST_EDU_PRIV,Private educational institutions,_Z,Not applicable,ST_CL,Students per class,_T,Total,_T,Total,2023,,19.32724,,,,,,,,,,A,Normal value,,,,,2,Two,,,0,Units
PRT,Portugal,ISCED11_1,Primary education,CLS,Student classes,FE,"Formal education, includes formal initial and formal adult education programmes",_T,Total,_Z,Not applicable,_Z,Not applicable,A,Annual,_Z,Not applicable,_Z,Not applicable,INST_EDU_PRIV,Private educational institutions,_Z,Not applicable,ST_CL,Students per class,_T,Total,_T,Total,2024,,19.41763,,,,,,,,,,A,Normal value,,,,,2,Two,,,0,Units
EU25,European Union (25 countries),ISCED11_1,Primary education,CLS,Student classes,FE,"Formal education, includes formal initial and formal adult education programmes",_T,Total,_Z,Not applicable,_Z,Not applicable,A,Annual,_Z,Not applicable,_Z,Not applicable,INST_EDU,All educational institutions,_Z,Not applicable,ST_CL,Students per class,_T,Total,_T,Total,2013,,16.0753465,,,,,,,,,,A,Normal value,,,,,2,Two,,,0,Units
EU25,European Union (25 countries),ISCED11_1,Primary education,CLS,Student classes,FE,"Formal education, includes formal initial and formal adult education programmes",_T,Total,_Z,Not applicable,_Z,Not applicable,A,Annual,_Z,Not applicable,_Z,Not applicable,INST_EDU,All educational institutions,_Z,Not applicable,ST_CL,Students per class,_T,Total,_T,Total,2014,,16.4346868181818,,,,,,,,,,A,Normal value,,,,,2,Two,,,0,Units
EU25,European Union (25 countries),ISCED11_1,Primary education,CLS,Student classes,FE,"Formal education, includes formal initial and formal adult education programmes",_T,Total,_Z,Not applicable,_Z,Not applicable,A,Annual,_Z,Not applicable,_Z,Not applicable,INST_EDU,All educational institutions,_Z,Not applicable,ST_CL,Students per class,_T,Total,_T,Total,2015,,16.6233981818182,,,,,,,,,,A,Normal value,,,,,2,Two,,,0,Units
EU25,European Union (25 countries),ISCED11_1,Primary education,CLS,Student classes,FE,"Formal education, includes formal initial and formal adult education programmes",_T,Total,_Z,Not applicable,_Z,Not applicable,A,Annual,_Z,Not applicable,_Z,Not applicable,INST_EDU,All educational institutions,_Z,Not applicable,ST_CL,Students per class,_T,Total,_T,Total,2016,,17.5648022727273,,,,,,,,,,A,Normal value,,,,,2,Two,,,0,Units
EU25,European Union (25 countries),ISCED11_1,Primary education,CLS,Student classes,FE,"Formal education, includes formal initial and formal adult education programmes",_T,Total,_Z,Not applicable,_Z,Not applicable,A,Annual,_Z,Not applicable,_Z,Not applicable,INST_EDU,All educational institutions,_Z,Not applicable,ST_CL,Students per class,_T,Total,_T,Total,2017,,17.5176454545455,,,,,,,,,,A,Normal value,,,,,2,Two,,,0,Units
EU25,European Union (25 countries),ISCED11_1,Primary education,CLS,Student classes,FE,"Formal education, includes formal initial and formal adult education programmes",_T,Total,_Z,Not applicable,_Z,Not applicable,A,Annual,_Z,Not applicable,_Z,Not applicable,INST_EDU,All educational institutions,_Z,Not applicable,ST_CL,Students per class,_T,Total,_T,Total,2018,,16.73187,,,,,,,,,,A,Normal value,,,,,2,Two,,,0,Units
EU25,European Union (25 countries),ISCED11_1,Primary education,CLS,Student classes,FE,"Formal education, includes formal initial and formal adult education programmes",_T,Total,_Z,Not applicable,_Z,Not applicable,A,Annual,_Z,Not applicable,_Z,Not applicable,INST_EDU,All educational institutions,_Z,Not applicable,ST_CL,Students per class,_T,Total,_T,Total,2019,,16.6824780952381,,,,,,,,,,A,Normal value,,,,,2,Two,,,0,Units
EU25,European Union (25 countries),ISCED11_1,Primary education,CLS,Student classes,FE,"Formal education, includes formal initial and formal adult education programmes",_T,Total,_Z,Not applicable,_Z,Not applicable,A,Annual,_Z,Not applicable,_Z,Not applicable,INST_EDU,All educational institutions,_Z,Not applicable,ST_CL,Students per class,_T,Total,_T,Total,2020,,17.2645719047619,,,,,,,,,,A,Normal value,,,,,2,Two,,,0,Units
EU25,European Union (25 countries),ISCED11_1,Primary education,CLS,Student classes,FE,"Formal education, includes formal initial and formal adult education programmes",_T,Total,_Z,Not applicable,_Z,Not applicable,A,Annual,_Z,Not applicable,_Z,Not applicable,INST_EDU,All educational institutions,_Z,Not applicable,ST_CL,Students per class,_T,Total,_T,Total,2021,,17.1672563636364,,,,,,,,,,A,Normal value,,,,,2,Two,,,0,Units
EU25,European Union (25 countries),ISCED11_1,Primary education,CLS,Student classes,FE,"Formal education, includes formal initial and formal adult education programmes",_T,Total,_Z,Not applicable,_Z,Not applicable,A,Annual,_Z,Not applicable,_Z,Not applicable,INST_EDU,All educational institutions,_Z,Not applicable,ST_CL,Students per class,_T,Total,_T,Total,2022,,18.8285490909091,,,,,,,,,,A,Normal value,,,,,2,Two,,,0,Units
EU25,European Union (25 countries),ISCED11_1,Primary education,CLS,Student classes,FE,"Formal education, includes formal initial and formal adult education programmes",_T,Total,_Z,Not applicable,_Z,Not applicable,A,Annual,_Z,Not applicable,_Z,Not applicable,INST_EDU,All educational institutions,_Z,Not applicable,ST_CL,Students per class,_T,Total,_T,Total,2023,,19.1481191304348,,,,,,,,,,A,Normal value,,,,,2,Two,,,0,Units
FIN,Finland,ISCED11_1,Primary education,CLS,Student classes,FE,"Formal education, includes formal initial and formal adult education programmes",_T,Total,_Z,Not applicable,_Z,Not applicable,A,Annual,_Z,Not applicable,_Z,Not applicable,INST_EDU,All educational institutions,_Z,Not applicable,ST_CL,Students per class,_T,Total,_T,Total,2013,,19.03614,,,,,,,,,,A,Normal value,,,,,2,Two,,,0,Units
FIN,Finland,ISCED11_1,Primary education,CLS,Student classes,FE,"Formal education, includes formal initial and formal adult education programmes",_T,Total,_Z,Not applicable,_Z,Not applicable,A,Annual,_Z,Not applicable,_Z,Not applicable,INST_EDU,All educational institutions,_Z,Not applicable,ST_CL,Students per class,_T,Total,_T,Total,2014,,19.03619,,,,,,,,,,A,Normal value,,,,,2,Two,,,0,Units
FIN,Finland,ISCED11_1,Primary education,CLS,Student classes,FE,"Formal education, includes formal initial and formal adult education programmes",_T,Total,_Z,Not applicable,_Z,Not applicable,A,Annual,_Z,Not applicable,_Z,Not applicable,INST_EDU,All educational institutions,_Z,Not applicable,ST_CL,Students per class,_T,Total,_T,Total,2015,,19.0354,,,,,,,,,,A,Normal value,,,,,2,Two,,,0,Units
FIN,Finland,ISCED11_1,Primary education,CLS,Student classes,FE,"Formal education, includes formal initial and formal adult education programmes",_T,Total,_Z,Not applicable,_Z,Not applicable,A,Annual,_Z,Not applicable,_Z,Not applicable,INST_EDU,All educational institutions,_Z,Not applicable,ST_CL,Students per class,_T,Total,_T,Total,2016,,19.55013,,,,,,,,,,A,Normal value,,,,,2,Two,,,0,Units
FIN,Finland,ISCED11_1,Primary education,CLS,Student classes,FE,"Formal education, includes formal initial and formal adult education programmes",_T,Total,_Z,Not applicable,_Z,Not applicable,A,Annual,_Z,Not applicable,_Z,Not applicable,INST_EDU,All educational institutions,_Z,Not applicable,ST_CL,Students per class,_T,Total,_T,Total,2017,,19.55035,,,,,,,,,,A,Normal value,,,,,2,Two,,,0,Units
FIN,Finland,ISCED11_1,Primary education,CLS,Student classes,FE,"Formal education, includes formal initial and formal adult education programmes",_T,Total,_Z,Not applicable,_Z,Not applicable,A,Annual,_Z,Not applicable,_Z,Not applicable,INST_EDU,All educational institutions,_Z,Not applicable,ST_CL,Students per class,_T,Total,_T,Total,2018,,19.54998,,,,,,,,,,A,Normal value,,,,,2,Two,,,0,Units
FIN,Finland,ISCED11_1,Primary education,CLS,Student classes,FE,"Formal education, includes formal initial and formal adult education programmes",_T,Total,_Z,Not applicable,_Z,Not applicable,A,Annual,_Z,Not applicable,_Z,Not applicable,INST_EDU,All educational institutions,_Z,Not applicable,ST_CL,Students per class,_T,Total,_T,Total,2019,,19.54931,,,,,,,,,,A,Normal value,,,,,2,Two,,,0,Units
FIN,Finland,ISCED11_1,Primary education,CLS,Student classes,FE,"Formal education, includes formal initial and formal adult education programmes",_T,Total,_Z,Not applicable,_Z,Not applicable,A,Annual,_Z,Not applicable,_Z,Not applicable,INST_EDU,All educational institutions,_Z,Not applicable,ST_CL,Students per class,_T,Total,_T,Total,2020,,18.6932,,,,,,,,,,A,Normal value,,,,,2,Two,,,0,Units
FIN,Finland,ISCED11_1,Primary education,CLS,Student classes,FE,"Formal education, includes formal initial and formal adult education programmes",_T,Total,_Z,Not applicable,_Z,Not applicable,A,Annual,_Z,Not applicable,_Z,Not applicable,INST_EDU,All educational institutions,_Z,Not applicable,ST_CL,Students per class,_T,Total,_T,Total,2021,,18.6933,,,,,,,,,,A,Normal value,,,,,2,Two,,,0,Units
FIN,Finland,ISCED11_1,Primary education,CLS,Student classes,FE,"Formal education, includes formal initial and formal adult education programmes",_T,Total,_Z,Not applicable,_Z,Not applicable,A,Annual,_Z,Not applicable,_Z,Not applicable,INST_EDU,All educational institutions,_Z,Not applicable,ST_CL,Students per class,_T,Total,_T,Total,2022,,18.69354,,,,,,,,,,A,Normal value,,,,,2,Two,,,0,Units
FIN,Finland,ISCED11_1,Primary education,CLS,Student classes,FE,"Formal education, includes formal initial and formal adult education programmes",_T,Total,_Z,Not applicable,_Z,Not applicable,A,Annual,_Z,Not applicable,_Z,Not applicable,INST_EDU,All educational institutions,_Z,Not applicable,ST_CL,Students per class,_T,Total,_T,Total,2023,,18.69357,,,,,,,,,,A,Normal value,,,,,2,Two,,,0,Units
FIN,Finland,ISCED11_1,Primary education,CLS,Student classes,FE,"Formal education, includes formal initial and formal adult education programmes",_T,Total,_Z,Not applicable,_Z,Not applicable,A,Annual,_Z,Not applicable,_Z,Not applicable,INST_EDU,All educational institutions,_Z,Not applicable,ST_CL,Students per class,_T,Total,_T,Total,2024,,18.69143,,,,,,,,,,A,Normal value,,,,,2,Two,,,0,Units
PRT,Portugal,ISCED11_2,Lower secondary education,CLS,Student classes,FE,"Formal education, includes formal initial and formal adult education programmes",_T,Total,_Z,Not applicable,_Z,Not applicable,A,Annual,_Z,Not applicable,_Z,Not applicable,INST_EDU,All educational institutions,_Z,Not applicable,ST_CL,Students per class,_T,Total,_T,Total,2013,,22.49963,,,,,,,,,,A,Normal value,,,,,2,Two,,,0,Units
PRT,Portugal,ISCED11_2,Lower secondary education,CLS,Student classes,FE,"Formal education, includes formal initial and formal adult education programmes",_T,Total,_Z,Not applicable,_Z,Not applicable,A,Annual,_Z,Not applicable,_Z,Not applicable,INST_EDU,All educational institutions,_Z,Not applicable,ST_CL,Students per class,_T,Total,_T,Total,2014,,22.67938,,,,,,,,,,A,Normal value,,,,,2,Two,,,0,Units
PRT,Portugal,ISCED11_2,Lower secondary education,CLS,Student classes,FE,"Formal education, includes formal initial and formal adult education programmes",_T,Total,_Z,Not applicable,_Z,Not applicable,A,Annual,_Z,Not applicable,_Z,Not applicable,INST_EDU,All educational institutions,_Z,Not applicable,ST_CL,Students per class,_T,Total,_T,Total,2015,,22.61794,,,,,,,,,,A,Normal value,,,,,2,Two,,,0,Units
PRT,Portugal,ISCED11_2,Lower secondary education,CLS,Student classes,FE,"Formal education, includes formal initial and formal adult education programmes",_T,Total,_Z,Not applicable,_Z,Not applicable,A,Annual,_Z,Not applicable,_Z,Not applicable,INST_EDU,All educational institutions,_Z,Not applicable,ST_CL,Students per class,_T,Total,_T,Total,2016,,22.27208,,,,,,,,,,A,Normal value,,,,,2,Two,,,0,Units
PRT,Portugal,ISCED11_2,Lower secondary education,CLS,Student classes,FE,"Formal education, includes formal initial and formal adult education programmes",_T,Total,_Z,Not applicable,_Z,Not applicable,A,Annual,_Z,Not applicable,_Z,Not applicable,INST_EDU,All educational institutions,_Z,Not applicable,ST_CL,Students per class,_T,Total,_T,Total,2017,,22.23631,,,,,,,,,,A,Normal value,,,,,2,Two,,,0,Units
PRT,Portugal,ISCED11_2,Lower secondary education,CLS,Student classes,FE,"Formal education, includes formal initial and formal adult education programmes",_T,Total,_Z,Not applicable,_Z,Not applicable,A,Annual,_Z,Not applicable,_Z,Not applicable,INST_EDU,All educational institutions,_Z,Not applicable,ST_CL,Students per class,_T,Total,_T,Total,2018,,22.09272,,,,,,,,,,A,Normal value,,,,,2,Two,,,0,Units
PRT,Portugal,ISCED11_2,Lower secondary education,CLS,Student classes,FE,"Formal education, includes formal initial and formal adult education programmes",_T,Total,_Z,Not applicable,_Z,Not applicable,A,Annual,_Z,Not applicable,_Z,Not applicable,INST_EDU,All educational institutions,_Z,Not applicable,ST_CL,Students per class,_T,Total,_T,Total,2019,,21.97173,,,,,,,,,,A,Normal value,,,,,2,Two,,,0,Units
PRT,Portugal,ISCED11_2,Lower secondary education,CLS,Student classes,FE,"Formal education, includes formal initial and formal adult education programmes",_T,Total,_Z,Not applicable,_Z,Not applicable,A,Annual,_Z,Not applicable,_Z,Not applicable,INST_EDU,All educational institutions,_Z,Not applicable,ST_CL,Students per class,_T,Total,_T,Total,2020,,21.94412,,,,,,,,,,A,Normal value,,,,,2,Two,,,0,Units
PRT,Portugal,ISCED11_2,Lower secondary education,CLS,Student classes,FE,"Formal education, includes formal initial and formal adult education programmes",_T,Total,_Z,Not applicable,_Z,Not applicable,A,Annual,_Z,Not applicable,_Z,Not applicable,INST_EDU,All educational institutions,_Z,Not applicable,ST_CL,Students per class,_T,Total,_T,Total,2021,,21.40504,,,,,,,,,,A,Normal value,,,,,2,Two,,,0,Units
PRT,Portugal,ISCED11_2,Lower secondary education,CLS,Student classes,FE,"Formal education, includes formal initial and formal adult education programmes",_T,Total,_Z,Not applicable,_Z,Not applicable,A,Annual,_Z,Not applicable,_Z,Not applicable,INST_EDU,All educational institutions,_Z,Not applicable,ST_CL,Students per class,_T,Total,_T,Total,2022,,21.42657,,,,,,,,,,A,Normal value,,,,,2,Two,,,0,Units
PRT,Portugal,ISCED11_2,Lower secondary education,CLS,Student classes,FE,"Formal education, includes formal initial and formal adult education programmes",_T,Total,_Z,Not applicable,_Z,Not applicable,A,Annual,_Z,Not applicable,_Z,Not applicable,INST_EDU,All educational institutions,_Z,Not applicable,ST_CL,Students per class,_T,Total,_T,Total,2023,,21.63839,,,,,,,,,,A,Normal value,,,,,2,Two,,,0,Units
PRT,Portugal,ISCED11_2,Lower secondary education,CLS,Student classes,FE,"Formal education, includes formal initial and formal adult education programmes",_T,Total,_Z,Not applicable,_Z,Not applicable,A,Annual,_Z,Not applicable,_Z,Not applicable,INST_EDU,All educational institutions,_Z,Not applicable,ST_CL,Students per class,_T,Total,_T,Total,2024,,21.55639,,,,,,,,,,A,Normal value,,,,,2,Two,,,0,Units
GBR,United Kingdom,ISCED11_1,Primary education,CLS,Student classes,FE,"Formal education, includes formal initial and formal adult education programmes",_T,Total,_Z,Not applicable,_Z,Not applicable,A,Annual,_Z,Not applicable,_Z,Not applicable,INST_EDU_PUB,Public educational institutions,_Z,Not applicable,ST_CL,Students per class,_T,Total,_T,Total,2013,,26.556,,,,,,,,,,A,Normal value,,,,,2,Two,,,0,Units
GBR,United Kingdom,ISCED11_1,Primary education,CLS,Student classes,FE,"Formal education, includes formal initial and formal adult education programmes",_T,Total,_Z,Not applicable,_Z,Not applicable,A,Annual,_Z,Not applicable,_Z,Not applicable,INST_EDU_PUB,Public educational institutions,_Z,Not applicable,ST_CL,Students per class,_T,Total,_T,Total,2014,,26.29058,,,,,,,,,,A,Normal value,,,,,2,Two,,,0,Units
GBR,United Kingdom,ISCED11_1,Primary education,CLS,Student classes,FE,"Formal education, includes formal initial and formal adult education programmes",_T,Total,_Z,Not applicable,_Z,Not applicable,A,Annual,_Z,Not applicable,_Z,Not applicable,INST_EDU_PUB,Public educational institutions,_Z,Not applicable,ST_CL,Students per class,_T,Total,_T,Total,2015,,26.98584,,,,,,,,,,A,Normal value,,,,,2,Two,,,0,Units
GBR,United Kingdom,ISCED11_1,Primary education,CLS,Student classes,FE,"Formal education, includes formal initial and formal adult education programmes",_T,Total,_Z,Not applicable,_Z,Not applicable,A,Annual,_Z,Not applicable,_Z,Not applicable,INST_EDU_PUB,Public educational institutions,_Z,Not applicable,ST_CL,Students per class,_T,Total,_T,Total,2016,,27.06742,,,,,,,,,,A,Normal value,,,,,2,Two,,,0,Units
GBR,United Kingdom,ISCED11_1,Primary education,CLS,Student classes,FE,"Formal education, includes formal initial and formal adult education programmes",_T,Total,_Z,Not applicable,_Z,Not applicable,A,Annual,_Z,Not applicable,_Z,Not applicable,INST_EDU_PUB,Public educational institutions,_Z,Not applicable,ST_CL,Students per class,_T,Total,_T,Total,2017,,27.8813,,,,,,,,,,A,Normal value,,,,,2,Two,,,0,Units
GBR,United Kingdom,ISCED11_1,Primary education,CLS,Student classes,FE,"Formal education, includes formal initial and formal adult education programmes",_T,Total,_Z,Not applicable,_Z,Not applicable,A,Annual,_Z,Not applicable,_Z,Not applicable,INST_EDU_PUB,Public educational institutions,_Z,Not applicable,ST_CL,Students per class,_T,Total,_T,Total,2018,,27.17679,,,,,,,,,,A,Normal value,,,,,2,Two,,,0,Units
GBR,United Kingdom,ISCED11_1,Primary education,CLS,Student classes,FE,"Formal education, includes formal initial and formal adult education programmes",_T,Total,_Z,Not applicable,_Z,Not applicable,A,Annual,_Z,Not applicable,_Z,Not applicable,INST_EDU_PUB,Public educational institutions,_Z,Not applicable,ST_CL,Students per class,_T,Total,_T,Total,2019,,27.15415,,,,,,,,,,A,Normal value,,,,,2,Two,,,0,Units
GBR,United Kingdom,ISCED11_1,Primary education,CLS,Student classes,FE,"Formal education, includes formal initial and formal adult education programmes",_T,Total,_Z,Not applicable,_Z,Not applicable,A,Annual,_Z,Not applicable,_Z,Not applicable,INST_EDU_PUB,Public educational institutions,_Z,Not applicable,ST_CL,Students per class,_T,Total,_T,Total,2020,,27.0911,,,,,,,,,,A,Normal value,,,,,2,Two,,,0,Units
GBR,United Kingdom,ISCED11_1,Primary education,CLS,Student classes,FE,"Formal education, includes formal initial and formal adult education programmes",_T,Total,_Z,Not applicable,_Z,Not applicable,A,Annual,_Z,Not applicable,_Z,Not applicable,INST_EDU_PUB,Public educational institutions,_Z,Not applicable,ST_CL,Students per class,_T,Total,_T,Total,2021,,26.7752,,,,,,,,,,A,Normal value,,,,,2,Two,,,0,Units
GBR,United Kingdom,ISCED11_1,Primary education,CLS,Student classes,FE,"Formal education, includes formal initial and formal adult education programmes",_T,Total,_Z,Not applicable,_Z,Not applicable,A,Annual,_Z,Not applicable,_Z,Not applicable,INST_EDU_PUB,Public educational institutions,_Z,Not applicable,ST_CL,Students per class,_T,Total,_T,Total,2022,,26.739,,,,,,,,,,A,Normal value,,,,,2,Two,,,0,Units
GBR,United Kingdom,ISCED11_1,Primary education,CLS,Student classes,FE,"Formal education, includes formal initial and formal adult education programmes",_T,Total,_Z,Not applicable,_Z,Not applicable,A,Annual,_Z,Not applicable,_Z,Not applicable,INST_EDU_PUB,Public educational institutions,_Z,Not applicable,ST_CL,Students per class,_T,Total,_T,Total,2023,,26.85367,,,,,,,,,,A,Normal value,,,,,2,Two,,,0,Units
GBR,United Kingdom,ISCED11_1,Primary education,CLS,Student classes,FE,"Formal education, includes formal initial and formal adult education programmes",_T,Total,_Z,Not applicable,_Z,Not applicable,A,Annual,_Z,Not applicable,_Z,Not applicable,INST_EDU_PUB,Public educational institutions,_Z,Not applicable,ST_CL,Students per class,_T,Total,_T,Total,2024,,26.86039,,,,,,,,,,A,Normal value,,,,,2,Two,,,0,Units
PRT,Portugal,ISCED11_1,Primary education,CLS,Student classes,FE,"Formal education, includes formal initial and formal adult education programmes",_T,Total,_Z,Not applicable,_Z,Not applicable,A,Annual,_Z,Not applicable,_Z,Not applicable,INST_EDU_PRIV_GOV,Government dependent private educational institutions,_Z,Not applicable,ST_CL,Students per class,_T,Total,_T,Total,2013,,23.31111,,,,,,,,,,A,Normal value,,,,,2,Two,,,0,Units
PRT,Portugal,ISCED11_1,Primary education,CLS,Student classes,FE,"Formal education, includes formal initial and formal adult education programmes",_T,Total,_Z,Not applicable,_Z,Not applicable,A,Annual,_Z,Not applicable,_Z,Not applicable,INST_EDU_PRIV_GOV,Government dependent private educational institutions,_Z,Not applicable,ST_CL,Students per class,_T,Total,_T,Total,2014,,23.52407,,,,,,,,,,A,Normal value,,,,,2,Two,,,0,Units
PRT,Portugal,ISCED11_1,Primary education,CLS,Student classes,FE,"Formal education, includes formal initial and formal adult education programmes",_T,Total,_Z,Not applicable,_Z,Not applicable,A,Annual,_Z,Not applicable,_Z,Not applicable,INST_EDU_PRIV_GOV,Government dependent private educational institutions,_Z,Not applicable,ST_CL,Students per class,_T,Total,_T,Total,2015,,23.73736,,,,,,,,,,A,Normal value,,,,,2,Two,,,0,Units
PRT,Portugal,ISCED11_1,Primary education,CLS,Student classes,FE,"Formal education, includes formal initial and formal adult education programmes",_T,Total,_Z,Not applicable,_Z,Not applicable,A,Annual,_Z,Not applicable,_Z,Not applicable,INST_EDU_PRIV_GOV,Government dependent private educational institutions,_Z,Not applicable,ST_CL,Students per class,_T,Total,_T,Total,2016,,23.74667,,,,,,,,,,A,Normal value,,,,,2,Two,,,0,Units
PRT,Portugal,ISCED11_1,Primary education,CLS,Student classes,FE,"Formal education, includes formal initial and formal adult education programmes",_T,Total,_Z,Not applicable,_Z,Not applicable,A,Annual,_Z,Not applicable,_Z,Not applicable,INST_EDU_PRIV_GOV,Government dependent private educational institutions,_Z,Not applicable,ST_CL,Students per class,_T,Total,_T,Total,2017,,23.03333,,,,,,,,,,A,Normal value,,,,,2,Two,,,0,Units
PRT,Portugal,ISCED11_1,Primary education,CLS,Student classes,FE,"Formal education, includes formal initial and formal adult education programmes",_T,Total,_Z,Not applicable,_Z,Not applicable,A,Annual,_Z,Not applicable,_Z,Not applicable,INST_EDU_PRIV_GOV,Government dependent private educational institutions,_Z,Not applicable,ST_CL,Students per class,_T,Total,_T,Total,2018,,22.35235,,,,,,,,,,A,Normal value,,,,,2,Two,,,0,Units
PRT,Portugal,ISCED11_1,Primary education,CLS,Student classes,FE,"Formal education, includes formal initial and formal adult education programmes",_T,Total,_Z,Not applicable,_Z,Not applicable,A,Annual,_Z,Not applicable,_Z,Not applicable,INST_EDU_PRIV_GOV,Government dependent private educational institutions,_Z,Not applicable,ST_CL,Students per class,_T,Total,_T,Total,2019,,21.55522,,,,,,,,,,A,Normal value,,,,,2,Two,,,0,Units
PRT,Portugal,ISCED11_1,Primary education,CLS,Student classes,FE,"Formal education, includes formal initial and formal adult education programmes",_T,Total,_Z,Not applicable,_Z,Not applicable,A,Annual,_Z,Not applicable,_Z,Not applicable,INST_EDU_PRIV_GOV,Government dependent private educational institutions,_Z,Not applicable,ST_CL,Students per class,_T,Total,_T,Total,2020,,21.38025,,,,,,,,,,A,Normal value,,,,,2,Two,,,0,Units
PRT,Portugal,ISCED11_1,Primary education,CLS,Student classes,FE,"Formal education, includes formal initial and formal adult education programmes",_T,Total,_Z,Not applicable,_Z,Not applicable,A,Annual,_Z,Not applicable,_Z,Not applicable,INST_EDU_PRIV_GOV,Government dependent private educational institutions,_Z,Not applicable,ST_CL,Students per class,_T,Total,_T,Total,2021,,20.82517,,,,,,,,,,A,Normal value,,,,,2,Two,,,0,Units
PRT,Portugal,ISCED11_1,Primary education,CLS,Student classes,FE,"Formal education, includes formal initial and formal adult education programmes",_T,Total,_Z,Not applicable,_Z,Not applicable,A,Annual,_Z,Not applicable,_Z,Not applicable,INST_EDU_PRIV_GOV,Government dependent private educational institutions,_Z,Not applicable,ST_CL,Students per class,_T,Total,_T,Total,2022,,21.16307,,,,,,,,,,A,Normal value,,,,,2,Two,,,0,Units
PRT,Portugal,ISCED11_1,Primary education,CLS,Student classes,FE,"Formal education, includes formal initial and formal adult education programmes",_T,Total,_Z,Not applicable,_Z,Not applicable,A,Annual,_Z,Not applicable,_Z,Not applicable,INST_EDU_PRIV_GOV,Government dependent private educational institutions,_Z,Not applicable,ST_CL,Students per class,_T,Total,_T,Total,2023,,21.38025,,,,,,,,,,A,Normal value,,,,,2,Two,,,0,Units
PRT,Portugal,ISCED11_1,Primary education,CLS,Student classes,FE,"Formal education, includes formal initial and formal adult education programmes",_T,Total,_Z,Not applicable,_Z,Not applicable,A,Annual,_Z,Not applicable,_Z,Not applicable,INST_EDU_PRIV_GOV,Government dependent private educational institutions,_Z,Not applicable,ST_CL,Students per class,_T,Total,_T,Total,2024,,20.88889,,,,,,,,,,A,Normal value,,,,,2,Two,,,0,Units
FRA,France,ISCED11_1,Primary education,CLS,Student classes,FE,"Formal education, includes formal initial and formal adult education programmes",_T,Total,_Z,Not applicable,_Z,Not applicable,A,Annual,_Z,Not applicable,_Z,Not applicable,INST_EDU_PUB,Public educational institutions,_Z,Not applicable,ST_CL,Students per class,_T,Total,_T,Total,2013,,22.81124,,,,,,,,,,A,Normal value,,,,,2,Two,,,0,Units
FRA,France,ISCED11_1,Primary education,CLS,Student classes,FE,"Formal education, includes formal initial and formal adult education programmes",_T,Total,_Z,Not applicable,_Z,Not applicable,A,Annual,_Z,Not applicable,_Z,Not applicable,INST_EDU_PUB,Public educational institutions,_Z,Not applicable,ST_CL,Students per class,_T,Total,_T,Total,2014,,23.33958,,,,,,,,,,A,Normal value,,,,,2,Two,,,0,Units
FRA,France,ISCED11_1,Primary education,CLS,Student classes,FE,"Formal education, includes formal initial and formal adult education programmes",_T,Total,_Z,Not applicable,_Z,Not applicable,A,Annual,_Z,Not applicable,_Z,Not applicable,INST_EDU_PUB,Public educational institutions,_Z,Not applicable,ST_CL,Students per class,_T,Total,_T,Total,2015,,23.44064,,,,,,,,,,A,Normal value,,,,,2,Two,,,0,Units
FRA,France,ISCED11_1,Primary education,CLS,Student classes,FE,"Formal education, includes formal initial and formal adult education programmes",_T,Total,_Z,Not applicable,_Z,Not applicable,A,Annual,_Z,Not applicable,_Z,Not applicable,INST_EDU_PUB,Public educational institutions,_Z,Not applicable,ST_CL,Students per class,_T,Total,_T,Total,2016,,23.48244,,,,,,,,,,A,Normal value,,,,,2,Two,,,0,Units
FRA,France,ISCED11_1,Primary education,CLS,Student classes,FE,"Formal education, includes formal initial and formal adult education programmes",_T,Total,_Z,Not applicable,_Z,Not applicable,A,Annual,_Z,Not applicable,_Z,Not applicable,INST_EDU_PUB,Public educational institutions,_Z,Not applicable,ST_CL,Students per class,_T,Total,_T,Total,2017,,23.45306,,,,,,,,,,A,Normal value,,,,,2,Two,,,0,Units
FRA,France,ISCED11_1,Primary education,CLS,Student classes,FE,"Formal education, includes formal initial and formal adult education programmes",_T,Total,_Z,Not applicable,_Z,Not applicable,A,Annual,_Z,Not applicable,_Z,Not applicable,INST_EDU_PUB,Public educational institutions,_Z,Not applicable,ST_CL,Students per class,_T,Total,_T,Total,2018,,23.03024,,,,,,,,,,A,Normal value,,,,,2,Two,,,0,Units
FRA,France,ISCED11_1,Primary education,CLS,Student classes,FE,"Formal education, includes formal initial and formal adult education programmes",_T,Total,_Z,Not applicable,_Z,Not applicable,A,Annual,_Z,Not applicable,_Z,Not applicable,INST_EDU_PUB,Public educational institutions,_Z,Not applicable,ST_CL,Students per class,_T,Total,_T,Total,2019,,22.32545,,,,,,,,,,A,Normal value,,,,,2,Two,,,0,Units
FRA,France,ISCED11_1,Primary education,CLS,Student classes,FE,"Formal education, includes formal initial and formal adult education programmes",_T,Total,_Z,Not applicable,_Z,Not applicable,A,Annual,_Z,Not applicable,_Z,Not applicable,INST_EDU_PUB,Public educational institutions,_Z,Not applicable,ST_CL,Students per class,_T,Total,_T,Total,2020,,21.74961,,,,,,,,,,A,Normal value,,,,,2,Two,,,0,Units
FRA,France,ISCED11_1,Primary education,CLS,Student classes,FE,"Formal education, includes formal initial and formal adult education programmes",_T,Total,_Z,Not applicable,_Z,Not applicable,A,Annual,_Z,Not applicable,_Z,Not applicable,INST_EDU_PUB,Public educational institutions,_Z,Not applicable,ST_CL,Students per class,_T,Total,_T,Total,2021,,21.47103,,,,,,,,,,A,Normal value,,,,,2,Two,,,0,Units
FRA,France,ISCED11_1,Primary education,CLS,Student classes,FE,"Formal education, includes formal initial and formal adult education programmes",_T,Total,_Z,Not applicable,_Z,Not applicable,A,Annual,_Z,Not applicable,_Z,Not applicable,INST_EDU_PUB,Public educational institutions,_Z,Not applicable,ST_CL,Students per class,_T,Total,_T,Total,2022,,21.26019,,,,,,,,,,A,Normal value,,,,,2,Two,,,0,Units
FRA,France,ISCED11_1,Primary education,CLS,Student classes,FE,"Formal education, includes formal initial and formal adult education programmes",_T,Total,_Z,Not applicable,_Z,Not applicable,A,Annual,_Z,Not applicable,_Z,Not applicable,INST_EDU_PUB,Public educational institutions,_Z,Not applicable,ST_CL,Students per class,_T,Total,_T,Total,2023,,21.14776,,,,,,,,,,A,Normal value,,,,,2,Two,,,0,Units
OECD,OECD,ISCED11_2,Lower secondary education,CLS,Student classes,FE,"Formal education, includes formal initial and formal adult education programmes",_T,Total,_Z,Not applicable,_Z,Not applicable,A,Annual,_Z,Not applicable,_Z,Not applicable,INST_EDU_PRIV,Private educational institutions,_Z,Not applicable,ST_CL,Students per class,_T,Total,_T,Total,2013,,21.6375456785714,,,,,,,,,,A,Normal value,,,,,2,Two,,,0,Units
OECD,OECD,ISCED11_2,Lower secondary education,CLS,Student classes,FE,"Formal education, includes formal initial and formal adult education programmes",_T,Total,_Z,Not applicable,_Z,Not applicable,A,Annual,_Z,Not applicable,_Z,Not applicable,INST_EDU_PRIV,Private educational institutions,_Z,Not applicable,ST_CL,Students per class,_T,Total,_T,Total,2014,,21.329228,,,,,,,,,,A,Normal value,,,,,2,Two,,,0,Units
OECD,OECD,ISCED11_2,Lower secondary education,CLS,Student classes,FE,"Formal education, includes formal initial and formal adult education programmes",_T,Total,_Z,Not applicable,_Z,Not applicable,A,Annual,_Z,Not applicable,_Z,Not applicable,INST_EDU_PRIV,Private educational institutions,_Z,Not applicable,ST_CL,Students per class,_T,Total,_T,Total,2015,,21.51468,,,,,,,,,,A,Normal value,,,,,2,Two,,,0,Units
OECD,OECD,ISCED11_2,Lower secondary education,CLS,Student classes,FE,"Formal education, includes formal initial and formal adult education programmes",_T,Total,_Z,Not applicable,_Z,Not applicable,A,Annual,_Z,Not applicable,_Z,Not applicable,INST_EDU_PRIV,Private educational institutions,_Z,Not applicable,ST_CL,Students per class,_T,Total,_T,Total,2016,,22.3761087096774,,,,,,,,,,A,Normal value,,,,,2,Two,,,0,Units
OECD,OECD,ISCED11_2,Lower secondary education,CLS,Student classes,FE,"Formal education, includes formal initial and formal adult education programmes",_T,Total,_Z,Not applicable,_Z,Not applicable,A,Annual,_Z,Not applicable,_Z,Not applicable,INST_EDU_PRIV,Private educational institutions,_Z,Not applicable,ST_CL,Students per class,_T,Total,_T,Total,2017,,21.4508916129032,,,,,,,,,,A,Normal value,,,,,2,Two,,,0,Units
OECD,OECD,ISCED11_2,Lower secondary education,CLS,Student classes,FE,"Formal education, includes formal initial and formal adult education programmes",_T,Total,_Z,Not applicable,_Z,Not applicable,A,Annual,_Z,Not applicable,_Z,Not applicable,INST_EDU_PRIV,Private educational institutions,_Z,Not applicable,ST_CL,Students per class,_T,Total,_T,Total,2018,,21.5446883333333,,,,,,,,,,A,Normal value,,,,,2,Two,,,0,Units
OECD,OECD,ISCED11_2,Lower secondary education,CLS,Student classes,FE,"Formal education, includes formal initial and formal adult education programmes",_T,Total,_Z,Not applicable,_Z,Not applicable,A,Annual,_Z,Not applicable,_Z,Not applicable,INST_EDU_PRIV,Private educational institutions,_Z,Not applicable,ST_CL,Students per class,_T,Total,_T,Total,2019,,20.6664696774194,,,,,,,,,,A,Normal value,,,,,2,Two,,,0,Units
OECD,OECD,ISCED11_2,Lower secondary education,CLS,Student classes,FE,"Formal education, includes formal initial and formal adult education programmes",_T,Total,_Z,Not applicable,_Z,Not applicable,A,Annual,_Z,Not applicable,_Z,Not applicable,INST_EDU_PRIV,Private educational institutions,_Z,Not applicable,ST_CL,Students per class,_T,Total,_T,Total,2020,,20.6294564516129,,,,,,,,,,A,Normal value,,,,,2,Two,,,0,Units
OECD,OECD,ISCED11_2,Lower secondary education,CLS,Student classes,FE,"Formal education, includes formal initial and formal adult education programmes",_T,Total,_Z,Not applicable,_Z,Not applicable,A,Annual,_Z,Not applicable,_Z,Not applicable,INST_EDU_PRIV,Private educational institutions,_Z,Not applicable,ST_CL,Students per class,_T,Total,_T,Total,2021,,20.3866340625,,,,,,,,,,A,Normal value,,,,,2,Two,,,0,Units
OECD,OECD,ISCED11_2,Lower secondary education,CLS,Student classes,FE,"Formal education, includes formal initial and formal adult education programmes",_T,Total,_Z,Not applicable,_Z,Not applicable,A,Annual,_Z,Not applicable,_Z,Not applicable,INST_EDU_PRIV,Private educational institutions,_Z,Not applicable,ST_CL,Students per class,_T,Total,_T,Total,2022,,20.50958875,,,,,,,,,,A,Normal value,,,,,2,Two,,,0,Units
OECD,OECD,ISCED11_2,Lower secondary education,CLS,Student classes,FE,"Formal education, includes formal initial and formal adult education programmes",_T,Total,_Z,Not applicable,_Z,Not applicable,A,Annual,_Z,Not applicable,_Z,Not applicable,INST_EDU_PRIV,Private educational institutions,_Z,Not applicable,ST_CL,Students per class,_T,Total,_T,Total,2023,,20.567138125,,,,,,,,,,A,Normal value,,,,,2,Two,,,0,Units
ESP,Spain,ISCED11_1,Primary education,CLS,Student classes,FE,"Formal education, includes formal initial and formal adult education programmes",_T,Total,_Z,Not applicable,_Z,Not applicable,A,Annual,_Z,Not applicable,_Z,Not applicable,INST_EDU_PRIV,Private educational institutions,_Z,Not applicable,ST_CL,Students per class,_T,Total,_T,Total,2013,,24.29563,,,,,,,,,,A,Normal value,,,,,2,Two,,,0,Units
ESP,Spain,ISCED11_1,Primary education,CLS,Student classes,FE,"Formal education, includes formal initial and formal adult education programmes",_T,Total,_Z,Not applicable,_Z,Not applicable,A,Annual,_Z,Not applicable,_Z,Not applicable,INST_EDU_PRIV,Private educational institutions,_Z,Not applicable,ST_CL,Students per class,_T,Total,_T,Total,2014,,24.39256,,,,,,,,,,A,Normal value,,,,,2,Two,,,0,Units
ESP,Spain,ISCED11_1,Primary education,CLS,Student classes,FE,"Formal education, includes formal initial and formal adult education programmes",_T,Total,_Z,Not applicable,_Z,Not applicable,A,Annual,_Z,Not applicable,_Z,Not applicable,INST_EDU_PRIV,Private educational institutions,_Z,Not applicable,ST_CL,Students per class,_T,Total,_T,Total,2015,,24.58994,,,,,,,,,,A,Normal value,,,,,2,Two,,,0,Units
ESP,Spain,ISCED11_1,Primary education,CLS,Student classes,FE,"Formal education, includes formal initial and formal adult education programmes",_T,Total,_Z,Not applicable,_Z,Not applicable,A,Annual,_Z,Not applicable,_Z,Not applicable,INST_EDU_PRIV,Private educational institutions,_Z,Not applicable,ST_CL,Students per class,_T,Total,_T,Total,2016,,24.48102,,,,,,,,,,A,Normal value,,,,,2,Two,,,0,Units
ESP,Spain,ISCED11_1,Primary education,CLS,Student classes,FE,"Formal education, includes formal initial and formal adult education programmes",_T,Total,_Z,Not applicable,_Z,Not applicable,A,Annual,_Z,Not applicable,_Z,Not applicable,INST_EDU_PRIV,Private educational institutions,_Z,Not applicable,ST_CL,Students per class,_T,Total,_T,Total,2017,,24.53619,,,,,,,,,,A,Normal value,,,,,2,Two,,,0,Units
ESP,Spain,ISCED11_1,Primary education,CLS,Student classes,FE,"Formal education, includes formal initial and formal adult education programmes",_T,Total,_Z,Not applicable,_Z,Not applicable,A,Annual,_Z,Not applicable,_Z,Not applicable,INST_EDU_PRIV,Private educational institutions,_Z,Not applicable,ST_CL,Students per class,_T,Total,_T,Total,2018,,24.34897,,,,,,,,,,A,Normal value,,,,,2,Two,,,0,Units
ESP,Spain,ISCED11_1,Primary education,CLS,Student classes,FE,"Formal education, includes formal initial and formal adult education programmes",_T,Total,_Z,Not applicable,_Z,Not applicable,A,Annual,_Z,Not applicable,_Z,Not applicable,INST_EDU_PRIV,Private educational institutions,_Z,Not applicable,ST_CL,Students per class,_T,Total,_T,Total,2019,,24.12292,,,,,,,,,,A,Normal value,,,,,2,Two,,,0,Units
ESP,Spain,ISCED11_1,Primary education,CLS,Student classes,FE,"Formal education, includes formal initial and formal adult education programmes",_T,Total,_Z,Not applicable,_Z,Not applicable,A,Annual,_Z,Not applicable,_Z,Not applicable,INST_EDU_PRIV,Private educational institutions,_Z,Not applicable,ST_CL,Students per class,_T,Total,_T,Total,2020,,23.98566,,,,,,,,,,A,Normal value,,,,,2,Two,,,0,Units
ESP,Spain,ISCED11_1,Primary education,CLS,Student classes,FE,"Formal education, includes formal initial and formal adult education programmes",_T,Total,_Z,Not applicable,_Z,Not applicable,A,Annual,_Z,Not applicable,_Z,Not applicable,INST_EDU_PRIV,Private educational institutions,_Z,Not applicable,ST_CL,Students per class,_T,Total,_T,Total,2021,,22.04771,,,,,,,,,,A,Normal value,,,,,2,Two,,,0,Units
ESP,Spain,ISCED11_1,Primary education,CLS,Student classes,FE,"Formal education, includes formal initial and formal adult education programmes",_T,Total,_Z,Not applicable,_Z,Not applicable,A,Annual,_Z,Not applicable,_Z,Not applicable,INST_EDU_PRIV,Private educational institutions,_Z,Not applicable,ST_CL,Students per class,_T,Total,_T,Total,2022,,23.07516,,,,,,,,,,A,Normal value,,,,,2,Two,,,0,Units
ESP,Spain,ISCED11_1,Primary education,CLS,Student classes,FE,"Formal education, includes formal initial and formal adult education programmes",_T,Total,_Z,Not applicable,_Z,Not applicable,A,Annual,_Z,Not applicable,_Z,Not applicable,INST_EDU_PRIV,Private educational institutions,_Z,Not applicable,ST_CL,Students per class,_T,Total,_T,Total,2023,,23.13461,,,,,,,,,,A,Normal value,,,,,2,Two,,,0,Units
ESP,Spain,ISCED11_1,Primary education,CLS,Student classes,FE,"Formal education, includes formal initial and formal adult education programmes",_T,Total,_Z,Not applicable,_Z,Not applicable,A,Annual,_Z,Not applicable,_Z,Not applicable,INST_EDU_PRIV,Private educational institutions,_Z,Not applicable,ST_CL,Students per class,_T,Total,_T,Total,2024,,22.92434,,,,,,,,,,A,Normal value,,,,,2,Two,,,0,Units
GBR,United Kingdom,ISCED11_2,Lower secondary education,CLS,Student classes,FE,"Formal education, includes formal initial and formal adult education programmes",_T,Total,_Z,Not applicable,_Z,Not applicable,A,Annual,_Z,Not applicable,_Z,Not applicable,INST_EDU_PRIV_GOV,Government dependent private educational institutions,_Z,Not applicable,ST_CL,Students per class,_T,Total,_T,Total,2013,,20.6,,,,,,,,,,A,Normal value,,,,,2,Two,,,0,Units
GBR,United Kingdom,ISCED11_2,Lower secondary education,CLS,Student classes,FE,"Formal education, includes formal initial and formal adult education programmes",_T,Total,_Z,Not applicable,_Z,Not applicable,A,Annual,_Z,Not applicable,_Z,Not applicable,INST_EDU_PRIV_GOV,Government dependent private educational institutions,_Z,Not applicable,ST_CL,Students per class,_T,Total,_T,Total,2014,,20,,,,,,,,,,A,Normal value,,,,,2,Two,,,0,Units
GBR,United Kingdom,ISCED11_2,Lower secondary education,CLS,Student classes,FE,"Formal education, includes formal initial and formal adult education programmes",_T,Total,_Z,Not applicable,_Z,Not applicable,A,Annual,_Z,Not applicable,_Z,Not applicable,INST_EDU_PRIV_GOV,Government dependent private educational institutions,_Z,Not applicable,ST_CL,Students per class,_T,Total,_T,Total,2015,,20.0476,,,,,,,,,,A,Normal value,,,,,2,Two,,,0,Units
GBR,United Kingdom,ISCED11_2,Lower secondary education,CLS,Student classes,FE,"Formal education, includes formal initial and formal adult education programmes",_T,Total,_Z,Not applicable,_Z,Not applicable,A,Annual,_Z,Not applicable,_Z,Not applicable,INST_EDU_PRIV_GOV,Government dependent private educational institutions,_Z,Not applicable,ST_CL,Students per class,_T,Total,_T,Total,2016,,20.33561,,,,,,,,,,A,Normal value,,,,,2,Two,,,0,Units
GBR,United Kingdom,ISCED11_2,Lower secondary education,CLS,Student classes,FE,"Formal education, includes formal initial and formal adult education programmes",_T,Total,_Z,Not applicable,_Z,Not applicable,A,Annual,_Z,Not applicable,_Z,Not applicable,INST_EDU_PRIV_GOV,Government dependent private educational institutions,_Z,Not applicable,ST_CL,Students per class,_T,Total,_T,Total,2017,,24.59566,,,,,,,,,,A,Normal value,,,,,2,Two,,,0,Units
GBR,United Kingdom,ISCED11_2,Lower secondary education,CLS,Student classes,FE,"Formal education, includes formal initial and formal adult education programmes",_T,Total,_Z,Not applicable,_Z,Not applicable,A,Annual,_Z,Not applicable,_Z,Not applicable,INST_EDU_PRIV_GOV,Government dependent private educational institutions,_Z,Not applicable,ST_CL,Students per class,_T,Total,_T,Total,2018,,24.79607,,,,,,,,,,A,Normal value,,,,,2,Two,,,0,Units
GBR,United Kingdom,ISCED11_2,Lower secondary education,CLS,Student classes,FE,"Formal education, includes formal initial and formal adult education programmes",_T,Total,_Z,Not applicable,_Z,Not applicable,A,Annual,_Z,Not applicable,_Z,Not applicable,INST_EDU_PRIV_GOV,Government dependent private educational institutions,_Z,Not applicable,ST_CL,Students per class,_T,Total,_T,Total,2019,,25.09678,,,,,,,,,,A,Normal value,,,,,2,Two,,,0,Units
GBR,United Kingdom,ISCED11_2,Lower secondary education,CLS,Student classes,FE,"Formal education, includes formal initial and formal adult education programmes",_T,Total,_Z,Not applicable,_Z,Not applicable,A,Annual,_Z,Not applicable,_Z,Not applicable,INST_EDU_PRIV_GOV,Government dependent private educational institutions,_Z,Not applicable,ST_CL,Students per class,_T,Total,_T,Total,2020,,25.3375,,,,,,,,,,A,Normal value,,,,,2,Two,,,0,Units
GBR,United Kingdom,ISCED11_2,Lower secondary education,CLS,Student classes,FE,"Formal education, includes formal initial and formal adult education programmes",_T,Total,_Z,Not applicable,_Z,Not applicable,A,Annual,_Z,Not applicable,_Z,Not applicable,INST_EDU_PRIV_GOV,Government dependent private educational institutions,_Z,Not applicable,ST_CL,Students per class,_T,Total,_T,Total,2021,,25.68354,,,,,,,,,,A,Normal value,,,,,2,Two,,,0,Units
GBR,United Kingdom,ISCED11_2,Lower secondary education,CLS,Student classes,FE,"Formal education, includes formal initial and formal adult education programmes",_T,Total,_Z,Not applicable,_Z,Not applicable,A,Annual,_Z,Not applicable,_Z,Not applicable,INST_EDU_PRIV_GOV,Government dependent private educational institutions,_Z,Not applicable,ST_CL,Students per class,_T,Total,_T,Total,2022,,25.5408,,,,,,,,,,A,Normal value,,,,,2,Two,,,0,Units
GBR,United Kingdom,ISCED11_2,Lower secondary education,CLS,Student classes,FE,"Formal education, includes formal initial and formal adult education programmes",_T,Total,_Z,Not applicable,_Z,Not applicable,A,Annual,_Z,Not applicable,_Z,Not applicable,INST_EDU_PRIV_GOV,Government dependent private educational institutions,_Z,Not applicable,ST_CL,Students per class,_T,Total,_T,Total,2023,,25.68646,,,,,,,,,,A,Normal value,,,,,2,Two,,,0,Units
GBR,United Kingdom,ISCED11_2,Lower secondary education,CLS,Student classes,FE,"Formal education, includes formal initial and formal adult education programmes",_T,Total,_Z,Not applicable,_Z,Not applicable,A,Annual,_Z,Not applicable,_Z,Not applicable,INST_EDU_PRIV_GOV,Government dependent private educational institutions,_Z,Not applicable,ST_CL,Students per class,_T,Total,_T,Total,2024,,25.8444,,,,,,,,,,A,Normal value,,,,,2,Two,,,0,Units
ITA,Italy,ISCED11_1,Primary education,CLS,Student classes,FE,"Formal education, includes formal initial and formal adult education programmes",_T,Total,_Z,Not applicable,_Z,Not applicable,A,Annual,_Z,Not applicable,_Z,Not applicable,INST_EDU_PRIV_IND,Independent private educational institutions,_Z,Not applicable,ST_CL,Students per class,_T,Total,_T,Total,2013,,19.81375,,,,,,,,,,A,Normal value,,,,,2,Two,,,0,Units
ITA,Italy,ISCED11_1,Primary education,CLS,Student classes,FE,"Formal education, includes formal initial and formal adult education programmes",_T,Total,_Z,Not applicable,_Z,Not applicable,A,Annual,_Z,Not applicable,_Z,Not applicable,INST_EDU_PRIV_IND,Independent private educational institutions,_Z,Not applicable,ST_CL,Students per class,_T,Total,_T,Total,2014,,19.70095,,,,,,,,,,A,Normal value,,,,,2,Two,,,0,Units
ITA,Italy,ISCED11_1,Primary education,CLS,Student classes,FE,"Formal education, includes formal initial and formal adult education programmes",_T,Total,_Z,Not applicable,_Z,Not applicable,A,Annual,_Z,Not applicable,_Z,Not applicable,INST_EDU_PRIV_IND,Independent private educational institutions,_Z,Not applicable,ST_CL,Students per class,_T,Total,_T,Total,2015,,19.19372,,,,,,,,,,A,Normal value,,,,,2,Two,,,0,Units
ITA,Italy,ISCED11_1,Primary education,CLS,Student classes,FE,"Formal education, includes formal initial and formal adult education programmes",_T,Total,_Z,Not applicable,_Z,Not applicable,A,Annual,_Z,Not applicable,_Z,Not applicable,INST_EDU_PRIV_IND,Independent private educational institutions,_Z,Not applicable,ST_CL,Students per class,_T,Total,_T,Total,2016,,19.19559,,,,,,,,,,A,Normal value,,,,,2,Two,,,0,Units
ITA,Italy,ISCED11_1,Primary education,CLS,Student classes,FE,"Formal education, includes formal initial and formal adult education programmes",_T,Total,_Z,Not applicable,_Z,Not applicable,A,Annual,_Z,Not applicable,_Z,Not applicable,INST_EDU_PRIV_IND,Independent private educational institutions,_Z,Not applicable,ST_CL,Students per class,_T,Total,_T,Total,2017,,19.07244,,,,,,,,,,A,Normal value,,,,,2,Two,,,0,Units
ITA,Italy,ISCED11_1,Primary education,CLS,Student classes,FE,"Formal education, includes formal initial and formal adult education programmes",_T,Total,_Z,Not applicable,_Z,Not applicable,A,Annual,_Z,Not applicable,_Z,Not applicable,INST_EDU_PRIV_IND,Independent private educational institutions,_Z,Not applicable,ST_CL,Students per class,_T,Total,_T,Total,2018,,18.97678,,,,,,,,,,A,Normal value,,,,,2,Two,,,0,Units
ITA,Italy,ISCED11_1,Primary education,CLS,Student classes,FE,"Formal education, includes formal initial and formal adult education programmes",_T,Total,_Z,Not applicable,_Z,Not applicable,A,Annual,_Z,Not applicable,_Z,Not applicable,INST_EDU_PRIV_IND,Independent private educational institutions,_Z,Not applicable,ST_CL,Students per class,_T,Total,_T,Total,2019,,18.92381,,,,,,,,,,A,Normal value,,,,,2,Two,,,0,Units
ITA,Italy,ISCED11_1,Primary education,CLS,Student classes,FE,"Formal education, includes formal initial and formal adult education programmes",_T,Total,_Z,Not applicable,_Z,Not applicable,A,Annual,_Z,Not applicable,_Z,Not applicable,INST_EDU_PRIV_IND,Independent private educational institutions,_Z,Not applicable,ST_CL,Students per class,_T,Total,_T,Total,2020,,18.76182,,,,,,,,,,A,Normal value,,,,,2,Two,,,0,Units
ITA,Italy,ISCED11_1,Primary education,CLS,Student classes,FE,"Formal education, includes formal initial and formal adult education programmes",_T,Total,_Z,Not applicable,_Z,Not applicable,A,Annual,_Z,Not applicable,_Z,Not applicable,INST_EDU_PRIV_IND,Independent private educational institutions,_Z,Not applicable,ST_CL,Students per class,_T,Total,_T,Total,2021,,18.31382,,,,,,,,,,A,Normal value,,,,,2,Two,,,0,Units
ITA,Italy,ISCED11_1,Primary education,CLS,Student classes,FE,"Formal education, includes formal initial and formal adult education programmes",_T,Total,_Z,Not applicable,_Z,Not applicable,A,Annual,_Z,Not applicable,_Z,Not applicable,INST_EDU_PRIV_IND,Independent private educational institutions,_Z,Not applicable,ST_CL,Students per class,_T,Total,_T,Total,2022,,18.20277,,,,,,,,,,A,Normal value,,,,,2,Two,,,0,Units
ITA,Italy,ISCED11_1,Primary education,CLS,Student classes,FE,"Formal education, includes formal initial and formal adult education programmes",_T,Total,_Z,Not applicable,_Z,Not applicable,A,Annual,_Z,Not applicable,_Z,Not applicable,INST_EDU_PRIV_IND,Independent private educational institutions,_Z,Not applicable,ST_CL,Students per class,_T,Total,_T,Total,2023,,18.08774,,,,,,,,,,A,Normal value,,,,,2,Two,,,0,Units
ITA,Italy,ISCED11_1,Primary education,CLS,Student classes,FE,"Formal education, includes formal initial and formal adult education programmes",_T,Total,_Z,Not applicable,_Z,Not applicable,A,Annual,_Z,Not applicable,_Z,Not applicable,INST_EDU_PRIV_IND,Independent private educational institutions,_Z,Not applicable,ST_CL,Students per class,_T,Total,_T,Total,2024,,17.91519,,,,,,,,,,A,Normal value,,,,,2,Two,,,0,Units
FIN,Finland,ISCED11_2,Lower secondary education,CLS,Student classes,FE,"Formal education, includes formal initial and formal adult education programmes",_T,Total,_Z,Not applicable,_Z,Not applicable,A,Annual,_Z,Not applicable,_Z,Not applicable,INST_EDU,All educational institutions,_Z,Not applicable,ST_CL,Students per class,_T,Total,_T,Total,2013,,19.65677,,,,,,,,,,A,Normal value,,,,,2,Two,,,0,Units
FIN,Finland,ISCED11_2,Lower secondary education,CLS,Student classes,FE,"Formal education, includes formal initial and formal adult education programmes",_T,Total,_Z,Not applicable,_Z,Not applicable,A,Annual,_Z,Not applicable,_Z,Not applicable,INST_EDU,All educational institutions,_Z,Not applicable,ST_CL,Students per class,_T,Total,_T,Total,2014,,19.65628,,,,,,,,,,A,Normal value,,,,,2,Two,,,0,Units
FIN,Finland,ISCED11_2,Lower secondary education,CLS,Student classes,FE,"Formal education, includes formal initial and formal adult education programmes",_T,Total,_Z,Not applicable,_Z,Not applicable,A,Annual,_Z,Not applicable,_Z,Not applicable,INST_EDU,All educational institutions,_Z,Not applicable,ST_CL,Students per class,_T,Total,_T,Total,2015,,19.65597,,,,,,,,,,A,Normal value,,,,,2,Two,,,0,Units
FIN,Finland,ISCED11_2,Lower secondary education,CLS,Student classes,FE,"Formal education, includes formal initial and formal adult education programmes",_T,Total,_Z,Not applicable,_Z,Not applicable,A,Annual,_Z,Not applicable,_Z,Not applicable,INST_EDU,All educational institutions,_Z,Not applicable,ST_CL,Students per class,_T,Total,_T,Total,2016,,19.65541,,,,,,,,,,A,Normal value,,,,,2,Two,,,0,Units
FIN,Finland,ISCED11_2,Lower secondary education,CLS,Student classes,FE,"Formal education, includes formal initial and formal adult education programmes",_T,Total,_Z,Not applicable,_Z,Not applicable,A,Annual,_Z,Not applicable,_Z,Not applicable,INST_EDU,All educational institutions,_Z,Not applicable,ST_CL,Students per class,_T,Total,_T,Total,2017,,19.05645,,,,,,,,,,A,Normal value,,,,,2,Two,,,0,Units
FIN,Finland,ISCED11_2,Lower secondary education,CLS,Student classes,FE,"Formal education, includes formal initial and formal adult education programmes",_T,Total,_Z,Not applicable,_Z,Not applicable,A,Annual,_Z,Not applicable,_Z,Not applicable,INST_EDU,All educational institutions,_Z,Not applicable,ST_CL,Students per class,_T,Total,_T,Total,2018,,19.05657,,,,,,,,,,A,Normal value,,,,,2,Two,,,0,Units
FIN,Finland,ISCED11_2,Lower secondary education,CLS,Student classes,FE,"Formal education, includes formal initial and formal adult education programmes",_T,Total,_Z,Not applicable,_Z,Not applicable,A,Annual,_Z,Not applicable,_Z,Not applicable,INST_EDU,All educational institutions,_Z,Not applicable,ST_CL,Students per class,_T,Total,_T,Total,2019,,19.05725,,,,,,,,,,A,Normal value,,,,,2,Two,,,0,Units
FIN,Finland,ISCED11_2,Lower secondary education,CLS,Student classes,FE,"Formal education, includes formal initial and formal adult education programmes",_T,Total,_Z,Not applicable,_Z,Not applicable,A,Annual,_Z,Not applicable,_Z,Not applicable,INST_EDU,All educational institutions,_Z,Not applicable,ST_CL,Students per class,_T,Total,_T,Total,2020,,19.40208,,,,,,,,,,A,Normal value,,,,,2,Two,,,0,Units
FIN,Finland,ISCED11_2,Lower secondary education,CLS,Student classes,FE,"Formal education, includes formal initial and formal adult education programmes",_T,Total,_Z,Not applicable,_Z,Not applicable,A,Annual,_Z,Not applicable,_Z,Not applicable,INST_EDU,All educational institutions,_Z,Not applicable,ST_CL,Students per class,_T,Total,_T,Total,2021,,19.40009,,,,,,,,,,A,Normal value,,,,,2,Two,,,0,Units
FIN,Finland,ISCED11_2,Lower secondary education,CLS,Student classes,FE,"Formal education, includes formal initial and formal adult education programmes",_T,Total,_Z,Not applicable,_Z,Not applicable,A,Annual,_Z,Not applicable,_Z,Not applicable,INST_EDU,All educational institutions,_Z,Not applicable,ST_CL,Students per class,_T,Total,_T,Total,2022,,19.40068,,,,,,,,,,A,Normal value,,,,,2,Two,,,0,Units
FIN,Finland,ISCED11_2,Lower secondary education,CLS,Student classes,FE,"Formal education, includes formal initial and formal adult education programmes",_T,Total,_Z,Not applicable,_Z,Not applicable,A,Annual,_Z,Not applicable,_Z,Not applicable,INST_EDU,All educational institutions,_Z,Not applicable,ST_CL,Students per class,_T,Total,_T,Total,2023,,19.40032,,,,,,,,,,A,Normal value,,,,,2,Two,,,0,Units
FIN,Finland,ISCED11_2,Lower secondary education,CLS,Student classes,FE,"Formal education, includes formal initial and formal adult education programmes",_T,Total,_Z,Not applicable,_Z,Not applicable,A,Annual,_Z,Not applicable,_Z,Not applicable,INST_EDU,All educational institutions,_Z,Not applicable,ST_CL,Students per class,_T,Total,_T,Total,2024,,19.40159,,,,,,,,,,A,Normal value,,,,,2,Two,,,0,Units
FRA,France,ISCED11_1,Primary education,CLS,Student classes,FE,"Formal education, includes formal initial and formal adult education programmes",_T,Total,_Z,Not applicable,_Z,Not applicable,A,Annual,_Z,Not applicable,_Z,Not applicable,INST_EDU_PRIV,Private educational institutions,_Z,Not applicable,ST_CL,Students per class,_T,Total,_T,Total,2013,,23.25847,,,,,,,,,,A,Normal value,,,,,2,Two,,,0,Units
FRA,France,ISCED11_1,Primary education,CLS,Student classes,FE,"Formal education, includes formal initial and formal adult education programmes",_T,Total,_Z,Not applicable,_Z,Not applicable,A,Annual,_Z,Not applicable,_Z,Not applicable,INST_EDU_PRIV,Private educational institutions,_Z,Not applicable,ST_CL,Students per class,_T,Total,_T,Total,2014,,24.36625,,,,,,,,,,A,Normal value,,,,,2,Two,,,0,Units
FRA,France,ISCED11_1,Primary education,CLS,Student classes,FE,"Formal education, includes formal initial and formal adult education programmes",_T,Total,_Z,Not applicable,_Z,Not applicable,A,Annual,_Z,Not applicable,_Z,Not applicable,INST_EDU_PRIV,Private educational institutions,_Z,Not applicable,ST_CL,Students per class,_T,Total,_T,Total,2015,,24.66765,,,,,,,,,,A,Normal value,,,,,2,Two,,,0,Units
FRA,France,ISCED11_1,Primary education,CLS,Student classes,FE,"Formal education, includes formal initial and formal adult education programmes",_T,Total,_Z,Not applicable,_Z,Not applicable,A,Annual,_Z,Not applicable,_Z,Not applicable,INST_EDU_PRIV,Private educational institutions,_Z,Not applicable,ST_CL,Students per class,_T,Total,_T,Total,2016,,24.93297,,,,,,,,,,A,Normal value,,,,,2,Two,,,0,Units
FRA,France,ISCED11_1,Primary education,CLS,Student classes,FE,"Formal education, includes formal initial and formal adult education programmes",_T,Total,_Z,Not applicable,_Z,Not applicable,A,Annual,_Z,Not applicable,_Z,Not applicable,INST_EDU_PRIV,Private educational institutions,_Z,Not applicable,ST_CL,Students per class,_T,Total,_T,Total,2017,,25.09133,,,,,,,,,,A,Normal value,,,,,2,Two,,,0,Units
FRA,France,ISCED11_1,Primary education,CLS,Student classes,FE,"Formal education, includes formal initial and formal adult education programmes",_T,Total,_Z,Not applicable,_Z,Not applicable,A,Annual,_Z,Not applicable,_Z,Not applicable,INST_EDU_PRIV,Private educational institutions,_Z,Not applicable,ST_CL,Students per class,_T,Total,_T,Total,2018,,25.10774,,,,,,,,,,A,Normal value,,,,,2,Two,,,0,Units
FRA,France,ISCED11_1,Primary education,CLS,Student classes,FE,"Formal education, includes formal initial and formal adult education programmes",_T,Total,_Z,Not applicable,_Z,Not applicable,A,Annual,_Z,Not applicable,_Z,Not applicable,INST_EDU_PRIV,Private educational institutions,_Z,Not applicable,ST_CL,Students per class,_T,Total,_T,Total,2019,,25.1135,,,,,,,,,,A,Normal value,,,,,2,Two,,,0,Units
FRA,France,ISCED11_1,Primary education,CLS,Student classes,FE,"Formal education, includes formal initial and formal adult education programmes",_T,Total,_Z,Not applicable,_Z,Not applicable,A,Annual,_Z,Not applicable,_Z,Not applicable,INST_EDU_PRIV,Private educational institutions,_Z,Not applicable,ST_CL,Students per class,_T,Total,_T,Total,2020,,24.91776,,,,,,,,,,A,Normal value,,,,,2,Two,,,0,Units
FRA,France,ISCED11_1,Primary education,CLS,Student classes,FE,"Formal education, includes formal initial and formal adult education programmes",_T,Total,_Z,Not applicable,_Z,Not applicable,A,Annual,_Z,Not applicable,_Z,Not applicable,INST_EDU_PRIV,Private educational institutions,_Z,Not applicable,ST_CL,Students per class,_T,Total,_T,Total,2021,,24.56963,,,,,,,,,,A,Normal value,,,,,2,Two,,,0,Units
FRA,France,ISCED11_1,Primary education,CLS,Student classes,FE,"Formal education, includes formal initial and formal adult education programmes",_T,Total,_Z,Not applicable,_Z,Not applicable,A,Annual,_Z,Not applicable,_Z,Not applicable,INST_EDU_PRIV,Private educational institutions,_Z,Not applicable,ST_CL,Students per class,_T,Total,_T,Total,2022,,24.60205,,,,,,,,,,A,Normal value,,,,,2,Two,,,0,Units
FRA,France,ISCED11_1,Primary education,CLS,Student classes,FE,"Formal education, includes formal initial and formal adult education programmes",_T,Total,_Z,Not applicable,_Z,Not applicable,A,Annual,_Z,Not applicable,_Z,Not applicable,INST_EDU_PRIV,Private educational institutions,_Z,Not applicable,ST_CL,Students per class,_T,Total,_T,Total,2023,,24.50599,,,,,,,,,,A,Normal value,,,,,2,Two,,,0,Units
POL,Poland,ISCED11_1,Primary education,CLS,Student classes,FE,"Formal education, includes formal initial and formal adult education programmes",_T,Total,_Z,Not applicable,_Z,Not applicable,A,Annual,_Z,Not applicable,_Z,Not applicable,INST_EDU_PRIV_IND,Independent private educational institutions,_Z,Not applicable,ST_CL,Students per class,_T,Total,_T,Total,2013,,11.84703,,,,,,,,,,A,Normal value,,,,,2,Two,,,0,Units
POL,Poland,ISCED11_1,Primary education,CLS,Student classes,FE,"Formal education, includes formal initial and formal adult education programmes",_T,Total,_Z,Not applicable,_Z,Not applicable,A,Annual,_Z,Not applicable,_Z,Not applicable,INST_EDU_PRIV_IND,Independent private educational institutions,_Z,Not applicable,ST_CL,Students per class,_T,Total,_T,Total,2014,,11.88211,,,,,,,,,,A,Normal value,,,,,2,Two,,,0,Units
POL,Poland,ISCED11_1,Primary education,CLS,Student classes,FE,"Formal education, includes formal initial and formal adult education programmes",_T,Total,_Z,Not applicable,_Z,Not applicable,A,Annual,_Z,Not applicable,_Z,Not applicable,INST_EDU_PRIV_IND,Independent private educational institutions,_Z,Not applicable,ST_CL,Students per class,_T,Total,_T,Total,2015,,12.11746,,,,,,,,,,A,Normal value,,,,,2,Two,,,0,Units
POL,Poland,ISCED11_1,Primary education,CLS,Student classes,FE,"Formal education, includes formal initial and formal adult education programmes",_T,Total,_Z,Not applicable,_Z,Not applicable,A,Annual,_Z,Not applicable,_Z,Not applicable,INST_EDU_PRIV_IND,Independent private educational institutions,_Z,Not applicable,ST_CL,Students per class,_T,Total,_T,Total,2016,,12.56391,,,,,,,,,,A,Normal value,,,,,2,Two,,,0,Units
POL,Poland,ISCED11_1,Primary education,CLS,Student classes,FE,"Formal education, includes formal initial and formal adult education programmes",_T,Total,_Z,Not applicable,_Z,Not applicable,A,Annual,_Z,Not applicable,_Z,Not applicable,INST_EDU_PRIV_IND,Independent private educational institutions,_Z,Not applicable,ST_CL,Students per class,_T,Total,_T,Total,2017,,12.47771,,,,,,,,,,A,Normal value,,,,,2,Two,,,0,Units
POL,Poland,ISCED11_1,Primary education,CLS,Student classes,FE,"Formal education, includes formal initial and formal adult education programmes",_T,Total,_Z,Not applicable,_Z,Not applicable,A,Annual,_Z,Not applicable,_Z,Not applicable,INST_EDU_PRIV_IND,Independent private educational institutions,_Z,Not applicable,ST_CL,Students per class,_T,Total,_T,Total,2018,,12.00022,,,,,,,,,,A,Normal value,,,,,2,Two,,,0,Units
POL,Poland,ISCED11_1,Primary education,CLS,Student classes,FE,"Formal education, includes formal initial and formal adult education programmes",_T,Total,_Z,Not applicable,_Z,Not applicable,A,Annual,_Z,Not applicable,_Z,Not applicable,INST_EDU_PRIV_IND,Independent private educational institutions,_Z,Not applicable,ST_CL,Students per class,_T,Total,_T,Total,2019,,11.22544,,,,,,,,,,A,Normal value,,,,,2,Two,,,0,Units
POL,Poland,ISCED11_1,Primary education,CLS,Student classes,FE,"Formal education, includes formal initial and formal adult education programmes",_T,Total,_Z,Not applicable,_Z,Not applicable,A,Annual,_Z,Not applicable,_Z,Not applicable,INST_EDU_PRIV_IND,Independent private educational institutions,_Z,Not applicable,ST_CL,Students per class,_T,Total,_T,Total,2020,,16.49703,,,,,,,,,,A,Normal value,,,,,2,Two,,,0,Units
POL,Poland,ISCED11_1,Primary education,CLS,Student classes,FE,"Formal education, includes formal initial and formal adult education programmes",_T,Total,_Z,Not applicable,_Z,Not applicable,A,Annual,_Z,Not applicable,_Z,Not applicable,INST_EDU_PRIV_IND,Independent private educational institutions,_Z,Not applicable,ST_CL,Students per class,_T,Total,_T,Total,2021,,12.01223,,,,,,,,,,A,Normal value,,,,,2,Two,,,0,Units
POL,Poland,ISCED11_1,Primary education,CLS,Student classes,FE,"Formal education, includes formal initial and formal adult education programmes",_T,Total,_Z,Not applicable,_Z,Not applicable,A,Annual,_Z,Not applicable,_Z,Not applicable,INST_EDU_PRIV_IND,Independent private educational institutions,_Z,Not applicable,ST_CL,Students per class,_T,Total,_T,Total,2022,,12.37786,,,,,,,,,,A,Normal value,,,,,2,Two,,,0,Units
POL,Poland,ISCED11_1,Primary education,CLS,Student classes,FE,"Formal education, includes formal initial and formal adult education programmes",_T,Total,_Z,Not applicable,_Z,Not applicable,A,Annual,_Z,Not applicable,_Z,Not applicable,INST_EDU_PRIV_IND,Independent private educational institutions,_Z,Not applicable,ST_CL,Students per class,_T,Total,_T,Total,2023,,13.08749,,,,,,,,,,A,Normal value,,,,,2,Two,,,0,Units
POL,Poland,ISCED11_1,Primary education,CLS,Student classes,FE,"Formal education, includes formal initial and formal adult education programmes",_T,Total,_Z,Not applicable,_Z,Not applicable,A,Annual,_Z,Not applicable,_Z,Not applicable,INST_EDU_PRIV_IND,Independent private educational institutions,_Z,Not applicable,ST_CL,Students per class,_T,Total,_T,Total,2024,,13.14179,,,,,,,,,,A,Normal value,,,,,2,Two,,,0,Units
ITA,Italy,ISCED11_2,Lower secondary education,CLS,Student classes,FE,"Formal education, includes formal initial and formal adult education programmes",_T,Total,_Z,Not applicable,_Z,Not applicable,A,Annual,_Z,Not applicable,_Z,Not applicable,INST_EDU,All educational institutions,_Z,Not applicable,ST_CL,Students per class,_T,Total,_T,Total,2013,,21.55584,,,,,,,,,,A,Normal value,,,,,2,Two,,,0,Units
ITA,Italy,ISCED11_2,Lower secondary education,CLS,Student classes,FE,"Formal education, includes formal initial and formal adult education programmes",_T,Total,_Z,Not applicable,_Z,Not applicable,A,Annual,_Z,Not applicable,_Z,Not applicable,INST_EDU,All educational institutions,_Z,Not applicable,ST_CL,Students per class,_T,Total,_T,Total,2014,,21.38996,,,,,,,,,,A,Normal value,,,,,2,Two,,,0,Units
ITA,Italy,ISCED11_2,Lower secondary education,CLS,Student classes,FE,"Formal education, includes formal initial and formal adult education programmes",_T,Total,_Z,Not applicable,_Z,Not applicable,A,Annual,_Z,Not applicable,_Z,Not applicable,INST_EDU,All educational institutions,_Z,Not applicable,ST_CL,Students per class,_T,Total,_T,Total,2015,,21.17071,,,,,,,,,,A,Normal value,,,,,2,Two,,,0,Units
ITA,Italy,ISCED11_2,Lower secondary education,CLS,Student classes,FE,"Formal education, includes formal initial and formal adult education programmes",_T,Total,_Z,Not applicable,_Z,Not applicable,A,Annual,_Z,Not applicable,_Z,Not applicable,INST_EDU,All educational institutions,_Z,Not applicable,ST_CL,Students per class,_T,Total,_T,Total,2016,,21.07812,,,,,,,,,,A,Normal value,,,,,2,Two,,,0,Units
ITA,Italy,ISCED11_2,Lower secondary education,CLS,Student classes,FE,"Formal education, includes formal initial and formal adult education programmes",_T,Total,_Z,Not applicable,_Z,Not applicable,A,Annual,_Z,Not applicable,_Z,Not applicable,INST_EDU,All educational institutions,_Z,Not applicable,ST_CL,Students per class,_T,Total,_T,Total,2017,,20.99722,,,,,,,,,,A,Normal value,,,,,2,Two,,,0,Units
ITA,Italy,ISCED11_2,Lower secondary education,CLS,Student classes,FE,"Formal education, includes formal initial and formal adult education programmes",_T,Total,_Z,Not applicable,_Z,Not applicable,A,Annual,_Z,Not applicable,_Z,Not applicable,INST_EDU,All educational institutions,_Z,Not applicable,ST_CL,Students per class,_T,Total,_T,Total,2018,,20.9245,,,,,,,,,,A,Normal value,,,,,2,Two,,,0,Units
ITA,Italy,ISCED11_2,Lower secondary education,CLS,Student classes,FE,"Formal education, includes formal initial and formal adult education programmes",_T,Total,_Z,Not applicable,_Z,Not applicable,A,Annual,_Z,Not applicable,_Z,Not applicable,INST_EDU,All educational institutions,_Z,Not applicable,ST_CL,Students per class,_T,Total,_T,Total,2019,,20.80388,,,,,,,,,,A,Normal value,,,,,2,Two,,,0,Units
ITA,Italy,ISCED11_2,Lower secondary education,CLS,Student classes,FE,"Formal education, includes formal initial and formal adult education programmes",_T,Total,_Z,Not applicable,_Z,Not applicable,A,Annual,_Z,Not applicable,_Z,Not applicable,INST_EDU,All educational institutions,_Z,Not applicable,ST_CL,Students per class,_T,Total,_T,Total,2020,,20.70625,,,,,,,,,,A,Normal value,,,,,2,Two,,,0,Units
ITA,Italy,ISCED11_2,Lower secondary education,CLS,Student classes,FE,"Formal education, includes formal initial and formal adult education programmes",_T,Total,_Z,Not applicable,_Z,Not applicable,A,Annual,_Z,Not applicable,_Z,Not applicable,INST_EDU,All educational institutions,_Z,Not applicable,ST_CL,Students per class,_T,Total,_T,Total,2021,,20.2723,,,,,,,,,,A,Normal value,,,,,2,Two,,,0,Units
ITA,Italy,ISCED11_2,Lower secondary education,CLS,Student classes,FE,"Formal education, includes formal initial and formal adult education programmes",_T,Total,_Z,Not applicable,_Z,Not applicable,A,Annual,_Z,Not applicable,_Z,Not applicable,INST_EDU,All educational institutions,_Z,Not applicable,ST_CL,Students per class,_T,Total,_T,Total,2022,,20.18358,,,,,,,,,,A,Normal value,,,,,2,Two,,,0,Units
ITA,Italy,ISCED11_2,Lower secondary education,CLS,Student classes,FE,"Formal education, includes formal initial and formal adult education programmes",_T,Total,_Z,Not applicable,_Z,Not applicable,A,Annual,_Z,Not applicable,_Z,Not applicable,INST_EDU,All educational institutions,_Z,Not applicable,ST_CL,Students per class,_T,Total,_T,Total,2023,,20.10388,,,,,,,,,,A,Normal value,,,,,2,Two,,,0,Units
ITA,Italy,ISCED11_2,Lower secondary education,CLS,Student classes,FE,"Formal education, includes formal initial and formal adult education programmes",_T,Total,_Z,Not applicable,_Z,Not applicable,A,Annual,_Z,Not applicable,_Z,Not applicable,INST_EDU,All educational institutions,_Z,Not applicable,ST_CL,Students per class,_T,Total,_T,Total,2024,,19.92319,,,,,,,,,,A,Normal value,,,,,2,Two,,,0,Units
DEU,Germany,ISCED11_2,Lower secondary education,CLS,Student classes,FE,"Formal education, includes formal initial and formal adult education programmes",_T,Total,_Z,Not applicable,_Z,Not applicable,A,Annual,_Z,Not applicable,_Z,Not applicable,INST_EDU_PUB,Public educational institutions,_Z,Not applicable,ST_CL,Students per class,_T,Total,_T,Total,2013,,24.26899,,,,,,,,,,A,Normal value,,,,,2,Two,,,0,Units
DEU,Germany,ISCED11_2,Lower secondary education,CLS,Student classes,FE,"Formal education, includes formal initial and formal adult education programmes",_T,Total,_Z,Not applicable,_Z,Not applicable,A,Annual,_Z,Not applicable,_Z,Not applicable,INST_EDU_PUB,Public educational institutions,_Z,Not applicable,ST_CL,Students per class,_T,Total,_T,Total,2014,,24.15481,,,,,,,,,,A,Normal value,,,,,2,Two,,,0,Units
DEU,Germany,ISCED11_2,Lower secondary education,CLS,Student classes,FE,"Formal education, includes formal initial and formal adult education programmes",_T,Total,_Z,Not applicable,_Z,Not applicable,A,Annual,_Z,Not applicable,_Z,Not applicable,INST_EDU_PUB,Public educational institutions,_Z,Not applicable,ST_CL,Students per class,_T,Total,_T,Total,2015,,24.03675,,,,,,,,,,A,Normal value,,,,,2,Two,,,0,Units
DEU,Germany,ISCED11_2,Lower secondary education,CLS,Student classes,FE,"Formal education, includes formal initial and formal adult education programmes",_T,Total,_Z,Not applicable,_Z,Not applicable,A,Annual,_Z,Not applicable,_Z,Not applicable,INST_EDU_PUB,Public educational institutions,_Z,Not applicable,ST_CL,Students per class,_T,Total,_T,Total,2016,,24.07791,,,,,,,,,,A,Normal value,,,,,2,Two,,,0,Units
DEU,Germany,ISCED11_2,Lower secondary education,CLS,Student classes,FE,"Formal education, includes formal initial and formal adult education programmes",_T,Total,_Z,Not applicable,_Z,Not applicable,A,Annual,_Z,Not applicable,_Z,Not applicable,INST_EDU_PUB,Public educational institutions,_Z,Not applicable,ST_CL,Students per class,_T,Total,_T,Total,2017,,23.96343,,,,,,,,,,A,Normal value,,,,,2,Two,,,0,Units
DEU,Germany,ISCED11_2,Lower secondary education,CLS,Student classes,FE,"Formal education, includes formal initial and formal adult education programmes",_T,Total,_Z,Not applicable,_Z,Not applicable,A,Annual,_Z,Not applicable,_Z,Not applicable,INST_EDU_PUB,Public educational institutions,_Z,Not applicable,ST_CL,Students per class,_T,Total,_T,Total,2018,,23.93283,,,,,,,,,,A,Normal value,,,,,2,Two,,,0,Units
DEU,Germany,ISCED11_2,Lower secondary education,CLS,Student classes,FE,"Formal education, includes formal initial and formal adult education programmes",_T,Total,_Z,Not applicable,_Z,Not applicable,A,Annual,_Z,Not applicable,_Z,Not applicable,INST_EDU_PUB,Public educational institutions,_Z,Not applicable,ST_CL,Students per class,_T,Total,_T,Total,2019,,23.91359,,,,,,,,,,A,Normal value,,,,,2,Two,,,0,Units
DEU,Germany,ISCED11_2,Lower secondary education,CLS,Student classes,FE,"Formal education, includes formal initial and formal adult education programmes",_T,Total,_Z,Not applicable,_Z,Not applicable,A,Annual,_Z,Not applicable,_Z,Not applicable,INST_EDU_PUB,Public educational institutions,_Z,Not applicable,ST_CL,Students per class,_T,Total,_T,Total,2020,,23.93102,,,,,,,,,,A,Normal value,,,,,2,Two,,,0,Units
DEU,Germany,ISCED11_2,Lower secondary education,CLS,Student classes,FE,"Formal education, includes formal initial and formal adult education programmes",_T,Total,_Z,Not applicable,_Z,Not applicable,A,Annual,_Z,Not applicable,_Z,Not applicable,INST_EDU_PUB,Public educational institutions,_Z,Not applicable,ST_CL,Students per class,_T,Total,_T,Total,2021,,23.8754,,,,,,,,,,A,Normal value,,,,,2,Two,,,0,Units
DEU,Germany,ISCED11_2,Lower secondary education,CLS,Student classes,FE,"Formal education, includes formal initial and formal adult education programmes",_T,Total,_Z,Not applicable,_Z,Not applicable,A,Annual,_Z,Not applicable,_Z,Not applicable,INST_EDU_PUB,Public educational institutions,_Z,Not applicable,ST_CL,Students per class,_T,Total,_T,Total,2022,,23.39774,,,,,,,,,,A,Normal value,,,,,2,Two,,,0,Units
DEU,Germany,ISCED11_2,Lower secondary education,CLS,Student classes,FE,"Formal education, includes formal initial and formal adult education programmes",_T,Total,_Z,Not applicable,_Z,Not applicable,A,Annual,_Z,Not applicable,_Z,Not applicable,INST_EDU_PUB,Public educational institutions,_Z,Not applicable,ST_CL,Students per class,_T,Total,_T,Total,2023,,23.60203,,,,,,,,,,A,Normal value,,,,,2,Two,,,0,Units
DEU,Germany,ISCED11_2,Lower secondary education,CLS,Student classes,FE,"Formal education, includes formal initial and formal adult education programmes",_T,Total,_Z,Not applicable,_Z,Not applicable,A,Annual,_Z,Not applicable,_Z,Not applicable,INST_EDU_PUB,Public educational institutions,_Z,Not applicable,ST_CL,Students per class,_T,Total,_T,Total,2024,,23.57856,,,,,,,,,,A,Normal value,,,,,2,Two,,,0,Units
DEU,Germany,ISCED11_2,Lower secondary education,CLS,Student classes,FE,"Formal education, includes formal initial and formal adult education programmes",_T,Total,_Z,Not applicable,_Z,Not applicable,A,Annual,_Z,Not applicable,_Z,Not applicable,INST_EDU_PRIV,Private educational institutions,_Z,Not applicable,ST_CL,Students per class,_T,Total,_T,Total,2013,,24.44324,,,,,,,,,,A,Normal value,,,,,2,Two,,,0,Units
DEU,Germany,ISCED11_2,Lower secondary education,CLS,Student classes,FE,"Formal education, includes formal initial and formal adult education programmes",_T,Total,_Z,Not applicable,_Z,Not applicable,A,Annual,_Z,Not applicable,_Z,Not applicable,INST_EDU_PRIV,Private educational institutions,_Z,Not applicable,ST_CL,Students per class,_T,Total,_T,Total,2014,,24.07855,,,,,,,,,,A,Normal value,,,,,2,Two,,,0,Units
DEU,Germany,ISCED11_2,Lower secondary education,CLS,Student classes,FE,"Formal education, includes formal initial and formal adult education programmes",_T,Total,_Z,Not applicable,_Z,Not applicable,A,Annual,_Z,Not applicable,_Z,Not applicable,INST_EDU_PRIV,Private educational institutions,_Z,Not applicable,ST_CL,Students per class,_T,Total,_T,Total,2015,,24.23881,,,,,,,,,,A,Normal value,,,,,2,Two,,,0,Units
DEU,Germany,ISCED11_2,Lower secondary education,CLS,Student classes,FE,"Formal education, includes formal initial and formal adult education programmes",_T,Total,_Z,Not applicable,_Z,Not applicable,A,Annual,_Z,Not applicable,_Z,Not applicable,INST_EDU_PRIV,Private educational institutions,_Z,Not applicable,ST_CL,Students per class,_T,Total,_T,Total,2016,,23.65386,,,,,,,,,,A,Normal value,,,,,2,Two,,,0,Units
DEU,Germany,ISCED11_2,Lower secondary education,CLS,Student classes,FE,"Formal education, includes formal initial and formal adult education programmes",_T,Total,_Z,Not applicable,_Z,Not applicable,A,Annual,_Z,Not applicable,_Z,Not applicable,INST_EDU_PRIV,Private educational institutions,_Z,Not applicable,ST_CL,Students per class,_T,Total,_T,Total,2017,,23.53917,,,,,,,,,,A,Normal value,,,,,2,Two,,,0,Units
DEU,Germany,ISCED11_2,Lower secondary education,CLS,Student classes,FE,"Formal education, includes formal initial and formal adult education programmes",_T,Total,_Z,Not applicable,_Z,Not applicable,A,Annual,_Z,Not applicable,_Z,Not applicable,INST_EDU_PRIV,Private educational institutions,_Z,Not applicable,ST_CL,Students per class,_T,Total,_T,Total,2018,,23.93576,,,,,,,,,,A,Normal value,,,,,2,Two,,,0,Units
DEU,Germany,ISCED11_2,Lower secondary education,CLS,Student classes,FE,"Formal education, includes formal initial and formal adult education programmes",_T,Total,_Z,Not applicable,_Z,Not applicable,A,Annual,_Z,Not applicable,_Z,Not applicable,INST_EDU_PRIV,Private educational institutions,_Z,Not applicable,ST_CL,Students per class,_T,Total,_T,Total,2019,,23.46761,,,,,,,,,,A,Normal value,,,,,2,Two,,,0,Units
DEU,Germany,ISCED11_2,Lower secondary education,CLS,Student classes,FE,"Formal education, includes formal initial and formal adult education programmes",_T,Total,_Z,Not applicable,_Z,Not applicable,A,Annual,_Z,Not applicable,_Z,Not applicable,INST_EDU_PRIV,Private educational institutions,_Z,Not applicable,ST_CL,Students per class,_T,Total,_T,Total,2020,,23.41788,,,,,,,,,,A,Normal value,,,,,2,Two,,,0,Units
DEU,Germany,ISCED11_2,Lower secondary education,CLS,Student classes,FE,"Formal education, includes formal initial and formal adult education programmes",_T,Total,_Z,Not applicable,_Z,Not applicable,A,Annual,_Z,Not applicable,_Z,Not applicable,INST_EDU_PRIV,Private educational institutions,_Z,Not applicable,ST_CL,Students per class,_T,Total,_T,Total,2021,,23.38298,,,,,,,,,,A,Normal value,,,,,2,Two,,,0,Units
DEU,Germany,ISCED11_2,Lower secondary education,CLS,Student classes,FE,"Formal education, includes formal initial and formal adult education programmes",_T,Total,_Z,Not applicable,_Z,Not applicable,A,Annual,_Z,Not applicable,_Z,Not applicable,INST_EDU_PRIV,Private educational institutions,_Z,Not applicable,ST_CL,Students per class,_T,Total,_T,Total,2022,,21.90244,,,,,,,,,,A,Normal value,,,,,2,Two,,,0,Units
DEU,Germany,ISCED11_2,Lower secondary education,CLS,Student classes,FE,"Formal education, includes formal initial and formal adult education programmes",_T,Total,_Z,Not applicable,_Z,Not applicable,A,Annual,_Z,Not applicable,_Z,Not applicable,INST_EDU_PRIV,Private educational institutions,_Z,Not applicable,ST_CL,Students per class,_T,Total,_T,Total,2023,,22.04315,,,,,,,,,,A,Normal value,,,,,2,Two,,,0,Units
DEU,Germany,ISCED11_2,Lower secondary education,CLS,Student classes,FE,"Formal education, includes formal initial and formal adult education programmes",_T,Total,_Z,Not applicable,_Z,Not applicable,A,Annual,_Z,Not applicable,_Z,Not applicable,INST_EDU_PRIV,Private educational institutions,_Z,Not applicable,ST_CL,Students per class,_T,Total,_T,Total,2024,,21.94034,,,,,,,,,,A,Normal value,,,,,2,Two,,,0,Units
ITA,Italy,ISCED11_2,Lower secondary education,CLS,Student classes,FE,"Formal education, includes formal initial and formal adult education programmes",_T,Total,_Z,Not applicable,_Z,Not applicable,A,Annual,_Z,Not applicable,_Z,Not applicable,INST_EDU_PRIV,Private educational institutions,_Z,Not applicable,ST_CL,Students per class,_T,Total,_T,Total,2013,,21.52095,,,,,,,,,,A,Normal value,,,,,2,Two,,,0,Units
ITA,Italy,ISCED11_2,Lower secondary education,CLS,Student classes,FE,"Formal education, includes formal initial and formal adult education programmes",_T,Total,_Z,Not applicable,_Z,Not applicable,A,Annual,_Z,Not applicable,_Z,Not applicable,INST_EDU_PRIV,Private educational institutions,_Z,Not applicable,ST_CL,Students per class,_T,Total,_T,Total,2014,,21.04825,,,,,,,,,,A,Normal value,,,,,2,Two,,,0,Units
ITA,Italy,ISCED11_2,Lower secondary education,CLS,Student classes,FE,"Formal education, includes formal initial and formal adult education programmes",_T,Total,_Z,Not applicable,_Z,Not applicable,A,Annual,_Z,Not applicable,_Z,Not applicable,INST_EDU_PRIV,Private educational institutions,_Z,Not applicable,ST_CL,Students per class,_T,Total,_T,Total,2015,,20.77821,,,,,,,,,,A,Normal value,,,,,2,Two,,,0,Units
ITA,Italy,ISCED11_2,Lower secondary education,CLS,Student classes,FE,"Formal education, includes formal initial and formal adult education programmes",_T,Total,_Z,Not applicable,_Z,Not applicable,A,Annual,_Z,Not applicable,_Z,Not applicable,INST_EDU_PRIV,Private educational institutions,_Z,Not applicable,ST_CL,Students per class,_T,Total,_T,Total,2016,,20.91293,,,,,,,,,,A,Normal value,,,,,2,Two,,,0,Units
ITA,Italy,ISCED11_2,Lower secondary education,CLS,Student classes,FE,"Formal education, includes formal initial and formal adult education programmes",_T,Total,_Z,Not applicable,_Z,Not applicable,A,Annual,_Z,Not applicable,_Z,Not applicable,INST_EDU_PRIV,Private educational institutions,_Z,Not applicable,ST_CL,Students per class,_T,Total,_T,Total,2017,,21.08977,,,,,,,,,,A,Normal value,,,,,2,Two,,,0,Units
ITA,Italy,ISCED11_2,Lower secondary education,CLS,Student classes,FE,"Formal education, includes formal initial and formal adult education programmes",_T,Total,_Z,Not applicable,_Z,Not applicable,A,Annual,_Z,Not applicable,_Z,Not applicable,INST_EDU_PRIV,Private educational institutions,_Z,Not applicable,ST_CL,Students per class,_T,Total,_T,Total,2018,,21.19817,,,,,,,,,,A,Normal value,,,,,2,Two,,,0,Units
ITA,Italy,ISCED11_2,Lower secondary education,CLS,Student classes,FE,"Formal education, includes formal initial and formal adult education programmes",_T,Total,_Z,Not applicable,_Z,Not applicable,A,Annual,_Z,Not applicable,_Z,Not applicable,INST_EDU_PRIV,Private educational institutions,_Z,Not applicable,ST_CL,Students per class,_T,Total,_T,Total,2019,,21.13697,,,,,,,,,,A,Normal value,,,,,2,Two,,,0,Units
ITA,Italy,ISCED11_2,Lower secondary education,CLS,Student classes,FE,"Formal education, includes formal initial and formal adult education programmes",_T,Total,_Z,Not applicable,_Z,Not applicable,A,Annual,_Z,Not applicable,_Z,Not applicable,INST_EDU_PRIV,Private educational institutions,_Z,Not applicable,ST_CL,Students per class,_T,Total,_T,Total,2020,,21.20265,,,,,,,,,,A,Normal value,,,,,2,Two,,,0,Units
ITA,Italy,ISCED11_2,Lower secondary education,CLS,Student classes,FE,"Formal education, includes formal initial and formal adult education programmes",_T,Total,_Z,Not applicable,_Z,Not applicable,A,Annual,_Z,Not applicable,_Z,Not applicable,INST_EDU_PRIV,Private educational institutions,_Z,Not applicable,ST_CL,Students per class,_T,Total,_T,Total,2021,,20.7387,,,,,,,,,,A,Normal value,,,,,2,Two,,,0,Units
ITA,Italy,ISCED11_2,Lower secondary education,CLS,Student classes,FE,"Formal education, includes formal initial and formal adult education programmes",_T,Total,_Z,Not applicable,_Z,Not applicable,A,Annual,_Z,Not applicable,_Z,Not applicable,INST_EDU_PRIV,Private educational institutions,_Z,Not applicable,ST_CL,Students per class,_T,Total,_T,Total,2022,,20.80551,,,,,,,,,,A,Normal value,,,,,2,Two,,,0,Units
ITA,Italy,ISCED11_2,Lower secondary education,CLS,Student classes,FE,"Formal education, includes formal initial and formal adult education programmes",_T,Total,_Z,Not applicable,_Z,Not applicable,A,Annual,_Z,Not applicable,_Z,Not applicable,INST_EDU_PRIV,Private educational institutions,_Z,Not applicable,ST_CL,Students per class,_T,Total,_T,Total,2023,,20.84765,,,,,,,,,,A,Normal value,,,,,2,Two,,,0,Units
ITA,Italy,ISCED11_2,Lower secondary education,CLS,Student classes,FE,"Formal education, includes formal initial and formal adult education programmes",_T,Total,_Z,Not applicable,_Z,Not applicable,A,Annual,_Z,Not applicable,_Z,Not applicable,INST_EDU_PRIV,Private educational institutions,_Z,Not applicable,ST_CL,Students per class,_T,Total,_T,Total,2024,,20.70708,,,,,,,,,,A,Normal value,,,,,2,Two,,,0,Units
EU25,European Union (25 countries),ISCED11_2,Lower secondary education,CLS,Student classes,FE,"Formal education, includes formal initial and formal adult education programmes",_T,Total,_Z,Not applicable,_Z,Not applicable,A,Annual,_Z,Not applicable,_Z,Not applicable,INST_EDU_PRIV_IND,Independent private educational institutions,_Z,Not applicable,ST_CL,Students per class,_T,Total,_T,Total,2013,,13.5317990833333,,,,,,,,,,A,Normal value,,,,,2,Two,,,0,Units
EU25,European Union (25 countries),ISCED11_2,Lower secondary education,CLS,Student classes,FE,"Formal education, includes formal initial and formal adult education programmes",_T,Total,_Z,Not applicable,_Z,Not applicable,A,Annual,_Z,Not applicable,_Z,Not applicable,INST_EDU_PRIV_IND,Independent private educational institutions,_Z,Not applicable,ST_CL,Students per class,_T,Total,_T,Total,2014,,13.8465915384615,,,,,,,,,,A,Normal value,,,,,2,Two,,,0,Units
EU25,European Union (25 countries),ISCED11_2,Lower secondary education,CLS,Student classes,FE,"Formal education, includes formal initial and formal adult education programmes",_T,Total,_Z,Not applicable,_Z,Not applicable,A,Annual,_Z,Not applicable,_Z,Not applicable,INST_EDU_PRIV_IND,Independent private educational institutions,_Z,Not applicable,ST_CL,Students per class,_T,Total,_T,Total,2015,,14.0171138461538,,,,,,,,,,A,Normal value,,,,,2,Two,,,0,Units
EU25,European Union (25 countries),ISCED11_2,Lower secondary education,CLS,Student classes,FE,"Formal education, includes formal initial and formal adult education programmes",_T,Total,_Z,Not applicable,_Z,Not applicable,A,Annual,_Z,Not applicable,_Z,Not applicable,INST_EDU_PRIV_IND,Independent private educational institutions,_Z,Not applicable,ST_CL,Students per class,_T,Total,_T,Total,2016,,13.6105916153846,,,,,,,,,,A,Normal value,,,,,2,Two,,,0,Units
EU25,European Union (25 countries),ISCED11_2,Lower secondary education,CLS,Student classes,FE,"Formal education, includes formal initial and formal adult education programmes",_T,Total,_Z,Not applicable,_Z,Not applicable,A,Annual,_Z,Not applicable,_Z,Not applicable,INST_EDU_PRIV_IND,Independent private educational institutions,_Z,Not applicable,ST_CL,Students per class,_T,Total,_T,Total,2017,,14.1435637857143,,,,,,,,,,A,Normal value,,,,,2,Two,,,0,Units
EU25,European Union (25 countries),ISCED11_2,Lower secondary education,CLS,Student classes,FE,"Formal education, includes formal initial and formal adult education programmes",_T,Total,_Z,Not applicable,_Z,Not applicable,A,Annual,_Z,Not applicable,_Z,Not applicable,INST_EDU_PRIV_IND,Independent private educational institutions,_Z,Not applicable,ST_CL,Students per class,_T,Total,_T,Total,2018,,13.3346292307692,,,,,,,,,,A,Normal value,,,,,2,Two,,,0,Units
EU25,European Union (25 countries),ISCED11_2,Lower secondary education,CLS,Student classes,FE,"Formal education, includes formal initial and formal adult education programmes",_T,Total,_Z,Not applicable,_Z,Not applicable,A,Annual,_Z,Not applicable,_Z,Not applicable,INST_EDU_PRIV_IND,Independent private educational institutions,_Z,Not applicable,ST_CL,Students per class,_T,Total,_T,Total,2019,,13.4142161538462,,,,,,,,,,A,Normal value,,,,,2,Two,,,0,Units
EU25,European Union (25 countries),ISCED11_2,Lower secondary education,CLS,Student classes,FE,"Formal education, includes formal initial and formal adult education programmes",_T,Total,_Z,Not applicable,_Z,Not applicable,A,Annual,_Z,Not applicable,_Z,Not applicable,INST_EDU_PRIV_IND,Independent private educational institutions,_Z,Not applicable,ST_CL,Students per class,_T,Total,_T,Total,2020,,15.3619258333333,,,,,,,,,,A,Normal value,,,,,2,Two,,,0,Units
EU25,European Union (25 countries),ISCED11_2,Lower secondary education,CLS,Student classes,FE,"Formal education, includes formal initial and formal adult education programmes",_T,Total,_Z,Not applicable,_Z,Not applicable,A,Annual,_Z,Not applicable,_Z,Not applicable,INST_EDU_PRIV_IND,Independent private educational institutions,_Z,Not applicable,ST_CL,Students per class,_T,Total,_T,Total,2021,,15.5432446153846,,,,,,,,,,A,Normal value,,,,,2,Two,,,0,Units
EU25,European Union (25 countries),ISCED11_2,Lower secondary education,CLS,Student classes,FE,"Formal education, includes formal initial and formal adult education programmes",_T,Total,_Z,Not applicable,_Z,Not applicable,A,Annual,_Z,Not applicable,_Z,Not applicable,INST_EDU_PRIV_IND,Independent private educational institutions,_Z,Not applicable,ST_CL,Students per class,_T,Total,_T,Total,2022,,18.9146546153846,,,,,,,,,,A,Normal value,,,,,2,Two,,,0,Units
EU25,European Union (25 countries),ISCED11_2,Lower secondary education,CLS,Student classes,FE,"Formal education, includes formal initial and formal adult education programmes",_T,Total,_Z,Not applicable,_Z,Not applicable,A,Annual,_Z,Not applicable,_Z,Not applicable,INST_EDU_PRIV_IND,Independent private educational institutions,_Z,Not applicable,ST_CL,Students per class,_T,Total,_T,Total,2023,,19.3200358333333,,,,,,,,,,A,Normal value,,,,,2,Two,,,0,Units
PRT,Portugal,ISCED11_2,Lower secondary education,CLS,Student classes,FE,"Formal education, includes formal initial and formal adult education programmes",_T,Total,_Z,Not applicable,_Z,Not applicable,A,Annual,_Z,Not applicable,_Z,Not applicable,INST_EDU_PRIV_GOV,Government dependent private educational institutions,_Z,Not applicable,ST_CL,Students per class,_T,Total,_T,Total,2013,,24.60566,,,,,,,,,,A,Normal value,,,,,2,Two,,,0,Units
PRT,Portugal,ISCED11_2,Lower secondary education,CLS,Student classes,FE,"Formal education, includes formal initial and formal adult education programmes",_T,Total,_Z,Not applicable,_Z,Not applicable,A,Annual,_Z,Not applicable,_Z,Not applicable,INST_EDU_PRIV_GOV,Government dependent private educational institutions,_Z,Not applicable,ST_CL,Students per class,_T,Total,_T,Total,2014,,24.6904,,,,,,,,,,A,Normal value,,,,,2,Two,,,0,Units
PRT,Portugal,ISCED11_2,Lower secondary education,CLS,Student classes,FE,"Formal education, includes formal initial and formal adult education programmes",_T,Total,_Z,Not applicable,_Z,Not applicable,A,Annual,_Z,Not applicable,_Z,Not applicable,INST_EDU_PRIV_GOV,Government dependent private educational institutions,_Z,Not applicable,ST_CL,Students per class,_T,Total,_T,Total,2015,,25.23815,,,,,,,,,,A,Normal value,,,,,2,Two,,,0,Units
PRT,Portugal,ISCED11_2,Lower secondary education,CLS,Student classes,FE,"Formal education, includes formal initial and formal adult education programmes",_T,Total,_Z,Not applicable,_Z,Not applicable,A,Annual,_Z,Not applicable,_Z,Not applicable,INST_EDU_PRIV_GOV,Government dependent private educational institutions,_Z,Not applicable,ST_CL,Students per class,_T,Total,_T,Total,2016,,25.15006,,,,,,,,,,A,Normal value,,,,,2,Two,,,0,Units
PRT,Portugal,ISCED11_2,Lower secondary education,CLS,Student classes,FE,"Formal education, includes formal initial and formal adult education programmes",_T,Total,_Z,Not applicable,_Z,Not applicable,A,Annual,_Z,Not applicable,_Z,Not applicable,INST_EDU_PRIV_GOV,Government dependent private educational institutions,_Z,Not applicable,ST_CL,Students per class,_T,Total,_T,Total,2017,,25.1025,,,,,,,,,,A,Normal value,,,,,2,Two,,,0,Units
PRT,Portugal,ISCED11_2,Lower secondary education,CLS,Student classes,FE,"Formal education, includes formal initial and formal adult education programmes",_T,Total,_Z,Not applicable,_Z,Not applicable,A,Annual,_Z,Not applicable,_Z,Not applicable,INST_EDU_PRIV_GOV,Government dependent private educational institutions,_Z,Not applicable,ST_CL,Students per class,_T,Total,_T,Total,2018,,24.54029,,,,,,,,,,A,Normal value,,,,,2,Two,,,0,Units
PRT,Portugal,ISCED11_2,Lower secondary education,CLS,Student classes,FE,"Formal education, includes formal initial and formal adult education programmes",_T,Total,_Z,Not applicable,_Z,Not applicable,A,Annual,_Z,Not applicable,_Z,Not applicable,INST_EDU_PRIV_GOV,Government dependent private educational institutions,_Z,Not applicable,ST_CL,Students per class,_T,Total,_T,Total,2019,,24.4937,,,,,,,,,,A,Normal value,,,,,2,Two,,,0,Units
PRT,Portugal,ISCED11_2,Lower secondary education,CLS,Student classes,FE,"Formal education, includes formal initial and formal adult education programmes",_T,Total,_Z,Not applicable,_Z,Not applicable,A,Annual,_Z,Not applicable,_Z,Not applicable,INST_EDU_PRIV_GOV,Government dependent private educational institutions,_Z,Not applicable,ST_CL,Students per class,_T,Total,_T,Total,2020,,24.48355,,,,,,,,,,A,Normal value,,,,,2,Two,,,0,Units
PRT,Portugal,ISCED11_2,Lower secondary education,CLS,Student classes,FE,"Formal education, includes formal initial and formal adult education programmes",_T,Total,_Z,Not applicable,_Z,Not applicable,A,Annual,_Z,Not applicable,_Z,Not applicable,INST_EDU_PRIV_GOV,Government dependent private educational institutions,_Z,Not applicable,ST_CL,Students per class,_T,Total,_T,Total,2021,,24.64353,,,,,,,,,,A,Normal value,,,,,2,Two,,,0,Units
PRT,Portugal,ISCED11_2,Lower secondary education,CLS,Student classes,FE,"Formal education, includes formal initial and formal adult education programmes",_T,Total,_Z,Not applicable,_Z,Not applicable,A,Annual,_Z,Not applicable,_Z,Not applicable,INST_EDU_PRIV_GOV,Government dependent private educational institutions,_Z,Not applicable,ST_CL,Students per class,_T,Total,_T,Total,2022,,24.41214,,,,,,,,,,A,Normal value,,,,,2,Two,,,0,Units
PRT,Portugal,ISCED11_2,Lower secondary education,CLS,Student classes,FE,"Formal education, includes formal initial and formal adult education programmes",_T,Total,_Z,Not applicable,_Z,Not applicable,A,Annual,_Z,Not applicable,_Z,Not applicable,INST_EDU_PRIV_GOV,Government dependent private educational institutions,_Z,Not applicable,ST_CL,Students per class,_T,Total,_T,Total,2023,,24.48355,,,,,,,,,,A,Normal value,,,,,2,Two,,,0,Units
PRT,Portugal,ISCED11_2,Lower secondary education,CLS,Student classes,FE,"Formal education, includes formal initial and formal adult education programmes",_T,Total,_Z,Not applicable,_Z,Not applicable,A,Annual,_Z,Not applicable,_Z,Not applicable,INST_EDU_PRIV_GOV,Government dependent private educational institutions,_Z,Not applicable,ST_CL,Students per class,_T,Total,_T,Total,2024,,24.55556,,,,,,,,,,A,Normal value,,,,,2,Two,,,0,Units
SWE,Sweden,ISCED11_1,Primary education,CLS,Student classes,FE,"Formal education, includes formal initial and formal adult education programmes",_T,Total,_Z,Not applicable,_Z,Not applicable,A,Annual,_Z,Not applicable,_Z,Not applicable,INST_EDU_PUB,Public educational institutions,_Z,Not applicable,ST_CL,Students per class,_T,Total,_T,Total,2013,,,,,,,,,,,,O,Missing value,,,,,2,Two,,,0,Units
SWE,Sweden,ISCED11_1,Primary education,CLS,Student classes,FE,"Formal education, includes formal initial and formal adult education programmes",_T,Total,_Z,Not applicable,_Z,Not applicable,A,Annual,_Z,Not applicable,_Z,Not applicable,INST_EDU_PUB,Public educational institutions,_Z,Not applicable,ST_CL,Students per class,_T,Total,_T,Total,2014,,18.49658,,,,,,,,,,A,Normal value,,,,,2,Two,,,0,Units
SWE,Sweden,ISCED11_1,Primary education,CLS,Student classes,FE,"Formal education, includes formal initial and formal adult education programmes",_T,Total,_Z,Not applicable,_Z,Not applicable,A,Annual,_Z,Not applicable,_Z,Not applicable,INST_EDU_PUB,Public educational institutions,_Z,Not applicable,ST_CL,Students per class,_T,Total,_T,Total,2015,,19.04613,,,,,,,,,,A,Normal value,,,,,2,Two,,,0,Units
SWE,Sweden,ISCED11_1,Primary education,CLS,Student classes,FE,"Formal education, includes formal initial and formal adult education programmes",_T,Total,_Z,Not applicable,_Z,Not applicable,A,Annual,_Z,Not applicable,_Z,Not applicable,INST_EDU_PUB,Public educational institutions,_Z,Not applicable,ST_CL,Students per class,_T,Total,_T,Total,2016,,19.24695,,,,,,,,,,A,Normal value,,,,,2,Two,,,0,Units
SWE,Sweden,ISCED11_1,Primary education,CLS,Student classes,FE,"Formal education, includes formal initial and formal adult education programmes",_T,Total,_Z,Not applicable,_Z,Not applicable,A,Annual,_Z,Not applicable,_Z,Not applicable,INST_EDU_PUB,Public educational institutions,_Z,Not applicable,ST_CL,Students per class,_T,Total,_T,Total,2017,,19.60753,,,,,,,,,,A,Normal value,,,,,2,Two,,,0,Units
SWE,Sweden,ISCED11_1,Primary education,CLS,Student classes,FE,"Formal education, includes formal initial and formal adult education programmes",_T,Total,_Z,Not applicable,_Z,Not applicable,A,Annual,_Z,Not applicable,_Z,Not applicable,INST_EDU_PUB,Public educational institutions,_Z,Not applicable,ST_CL,Students per class,_T,Total,_T,Total,2018,,20.15174,,,,,,,,,,A,Normal value,,,,,2,Two,,,0,Units
SWE,Sweden,ISCED11_1,Primary education,CLS,Student classes,FE,"Formal education, includes formal initial and formal adult education programmes",_T,Total,_Z,Not applicable,_Z,Not applicable,A,Annual,_Z,Not applicable,_Z,Not applicable,INST_EDU_PUB,Public educational institutions,_Z,Not applicable,ST_CL,Students per class,_T,Total,_T,Total,2019,,20.36199,,,,,,,,,,A,Normal value,,,,,2,Two,,,0,Units
SWE,Sweden,ISCED11_1,Primary education,CLS,Student classes,FE,"Formal education, includes formal initial and formal adult education programmes",_T,Total,_Z,Not applicable,_Z,Not applicable,A,Annual,_Z,Not applicable,_Z,Not applicable,INST_EDU_PUB,Public educational institutions,_Z,Not applicable,ST_CL,Students per class,_T,Total,_T,Total,2020,,20.65962,,,,,,,,,,A,Normal value,,,,,2,Two,,,0,Units
SWE,Sweden,ISCED11_1,Primary education,CLS,Student classes,FE,"Formal education, includes formal initial and formal adult education programmes",_T,Total,_Z,Not applicable,_Z,Not applicable,A,Annual,_Z,Not applicable,_Z,Not applicable,INST_EDU_PUB,Public educational institutions,_Z,Not applicable,ST_CL,Students per class,_T,Total,_T,Total,2021,,20.89559,,,,,,,,,,A,Normal value,,,,,2,Two,,,0,Units
SWE,Sweden,ISCED11_1,Primary education,CLS,Student classes,FE,"Formal education, includes formal initial and formal adult education programmes",_T,Total,_Z,Not applicable,_Z,Not applicable,A,Annual,_Z,Not applicable,_Z,Not applicable,INST_EDU_PUB,Public educational institutions,_Z,Not applicable,ST_CL,Students per class,_T,Total,_T,Total,2022,,20.878,,,,,,,,,,A,Normal value,,,,,2,Two,,,0,Units
SWE,Sweden,ISCED11_1,Primary education,CLS,Student classes,FE,"Formal education, includes formal initial and formal adult education programmes",_T,Total,_Z,Not applicable,_Z,Not applicable,A,Annual,_Z,Not applicable,_Z,Not applicable,INST_EDU_PUB,Public educational institutions,_Z,Not applicable,ST_CL,Students per class,_T,Total,_T,Total,2023,,20.72739,,,,,,,,,,A,Normal value,,,,,2,Two,,,0,Units
SWE,Sweden,ISCED11_1,Primary education,CLS,Student classes,FE,"Formal education, includes formal initial and formal adult education programmes",_T,Total,_Z,Not applicable,_Z,Not applicable,A,Annual,_Z,Not applicable,_Z,Not applicable,INST_EDU_PUB,Public educational institutions,_Z,Not applicable,ST_CL,Students per class,_T,Total,_T,Total,2024,,20.65962,,,,,,,,,,A,Normal value,,,,,2,Two,,,0,Units
PRT,Portugal,ISCED11_2,Lower secondary education,CLS,Student classes,FE,"Formal education, includes formal initial and formal adult education programmes",_T,Total,_Z,Not applicable,_Z,Not applicable,A,Annual,_Z,Not applicable,_Z,Not applicable,INST_EDU_PRIV,Private educational institutions,_Z,Not applicable,ST_CL,Students per class,_T,Total,_T,Total,2013,,23.29402,,,,,,,,,,A,Normal value,,,,,2,Two,,,0,Units
PRT,Portugal,ISCED11_2,Lower secondary education,CLS,Student classes,FE,"Formal education, includes formal initial and formal adult education programmes",_T,Total,_Z,Not applicable,_Z,Not applicable,A,Annual,_Z,Not applicable,_Z,Not applicable,INST_EDU_PRIV,Private educational institutions,_Z,Not applicable,ST_CL,Students per class,_T,Total,_T,Total,2014,,23.54171,,,,,,,,,,A,Normal value,,,,,2,Two,,,0,Units
PRT,Portugal,ISCED11_2,Lower secondary education,CLS,Student classes,FE,"Formal education, includes formal initial and formal adult education programmes",_T,Total,_Z,Not applicable,_Z,Not applicable,A,Annual,_Z,Not applicable,_Z,Not applicable,INST_EDU_PRIV,Private educational institutions,_Z,Not applicable,ST_CL,Students per class,_T,Total,_T,Total,2015,,23.74928,,,,,,,,,,A,Normal value,,,,,2,Two,,,0,Units
PRT,Portugal,ISCED11_2,Lower secondary education,CLS,Student classes,FE,"Formal education, includes formal initial and formal adult education programmes",_T,Total,_Z,Not applicable,_Z,Not applicable,A,Annual,_Z,Not applicable,_Z,Not applicable,INST_EDU_PRIV,Private educational institutions,_Z,Not applicable,ST_CL,Students per class,_T,Total,_T,Total,2016,,23.80219,,,,,,,,,,A,Normal value,,,,,2,Two,,,0,Units
PRT,Portugal,ISCED11_2,Lower secondary education,CLS,Student classes,FE,"Formal education, includes formal initial and formal adult education programmes",_T,Total,_Z,Not applicable,_Z,Not applicable,A,Annual,_Z,Not applicable,_Z,Not applicable,INST_EDU_PRIV,Private educational institutions,_Z,Not applicable,ST_CL,Students per class,_T,Total,_T,Total,2017,,23.76575,,,,,,,,,,A,Normal value,,,,,2,Two,,,0,Units
PRT,Portugal,ISCED11_2,Lower secondary education,CLS,Student classes,FE,"Formal education, includes formal initial and formal adult education programmes",_T,Total,_Z,Not applicable,_Z,Not applicable,A,Annual,_Z,Not applicable,_Z,Not applicable,INST_EDU_PRIV,Private educational institutions,_Z,Not applicable,ST_CL,Students per class,_T,Total,_T,Total,2018,,23.46034,,,,,,,,,,A,Normal value,,,,,2,Two,,,0,Units
PRT,Portugal,ISCED11_2,Lower secondary education,CLS,Student classes,FE,"Formal education, includes formal initial and formal adult education programmes",_T,Total,_Z,Not applicable,_Z,Not applicable,A,Annual,_Z,Not applicable,_Z,Not applicable,INST_EDU_PRIV,Private educational institutions,_Z,Not applicable,ST_CL,Students per class,_T,Total,_T,Total,2019,,23.4206,,,,,,,,,,A,Normal value,,,,,2,Two,,,0,Units
PRT,Portugal,ISCED11_2,Lower secondary education,CLS,Student classes,FE,"Formal education, includes formal initial and formal adult education programmes",_T,Total,_Z,Not applicable,_Z,Not applicable,A,Annual,_Z,Not applicable,_Z,Not applicable,INST_EDU_PRIV,Private educational institutions,_Z,Not applicable,ST_CL,Students per class,_T,Total,_T,Total,2020,,22.93099,,,,,,,,,,A,Normal value,,,,,2,Two,,,0,Units
PRT,Portugal,ISCED11_2,Lower secondary education,CLS,Student classes,FE,"Formal education, includes formal initial and formal adult education programmes",_T,Total,_Z,Not applicable,_Z,Not applicable,A,Annual,_Z,Not applicable,_Z,Not applicable,INST_EDU_PRIV,Private educational institutions,_Z,Not applicable,ST_CL,Students per class,_T,Total,_T,Total,2021,,22.74216,,,,,,,,,,A,Normal value,,,,,2,Two,,,0,Units
PRT,Portugal,ISCED11_2,Lower secondary education,CLS,Student classes,FE,"Formal education, includes formal initial and formal adult education programmes",_T,Total,_Z,Not applicable,_Z,Not applicable,A,Annual,_Z,Not applicable,_Z,Not applicable,INST_EDU_PRIV,Private educational institutions,_Z,Not applicable,ST_CL,Students per class,_T,Total,_T,Total,2022,,22.80845,,,,,,,,,,A,Normal value,,,,,2,Two,,,0,Units
PRT,Portugal,ISCED11_2,Lower secondary education,CLS,Student classes,FE,"Formal education, includes formal initial and formal adult education programmes",_T,Total,_Z,Not applicable,_Z,Not applicable,A,Annual,_Z,Not applicable,_Z,Not applicable,INST_EDU_PRIV,Private educational institutions,_Z,Not applicable,ST_CL,Students per class,_T,Total,_T,Total,2023,,22.93099,,,,,,,,,,A,Normal value,,,,,2,Two,,,0,Units
PRT,Portugal,ISCED11_2,Lower secondary education,CLS,Student classes,FE,"Formal education, includes formal initial and formal adult education programmes",_T,Total,_Z,Not applicable,_Z,Not applicable,A,Annual,_Z,Not applicable,_Z,Not applicable,INST_EDU_PRIV,Private educational institutions,_Z,Not applicable,ST_CL,Students per class,_T,Total,_T,Total,2024,,23.02787,,,,,,,,,,A,Normal value,,,,,2,Two,,,0,Units
USA,United States,ISCED11_2,Lower secondary education,CLS,Student classes,FE,"Formal education, includes formal initial and formal adult education programmes",_T,Total,_Z,Not applicable,_Z,Not applicable,A,Annual,_Z,Not applicable,_Z,Not applicable,INST_EDU,All educational institutions,_Z,Not applicable,ST_CL,Students per class,_T,Total,_T,Total,2013,,26.71091,,,,,,,,,,A,Normal value,,,,,2,Two,,,0,Units
USA,United States,ISCED11_2,Lower secondary education,CLS,Student classes,FE,"Formal education, includes formal initial and formal adult education programmes",_T,Total,_Z,Not applicable,_Z,Not applicable,A,Annual,_Z,Not applicable,_Z,Not applicable,INST_EDU,All educational institutions,_Z,Not applicable,ST_CL,Students per class,_T,Total,_T,Total,2014,,26.7284,,,,,,,,,,A,Normal value,,,,,2,Two,,,0,Units
USA,United States,ISCED11_2,Lower secondary education,CLS,Student classes,FE,"Formal education, includes formal initial and formal adult education programmes",_T,Total,_Z,Not applicable,_Z,Not applicable,A,Annual,_Z,Not applicable,_Z,Not applicable,INST_EDU,All educational institutions,_Z,Not applicable,ST_CL,Students per class,_T,Total,_T,Total,2015,,26.70081,,,,,,,,,,A,Normal value,,,,,2,Two,,,0,Units
USA,United States,ISCED11_2,Lower secondary education,CLS,Student classes,FE,"Formal education, includes formal initial and formal adult education programmes",_T,Total,_Z,Not applicable,_Z,Not applicable,A,Annual,_Z,Not applicable,_Z,Not applicable,INST_EDU,All educational institutions,_Z,Not applicable,ST_CL,Students per class,_T,Total,_T,Total,2016,,25.68654,,,,,,,,,,A,Normal value,,,,,2,Two,,,0,Units
USA,United States,ISCED11_2,Lower secondary education,CLS,Student classes,FE,"Formal education, includes formal initial and formal adult education programmes",_T,Total,_Z,Not applicable,_Z,Not applicable,A,Annual,_Z,Not applicable,_Z,Not applicable,INST_EDU,All educational institutions,_Z,Not applicable,ST_CL,Students per class,_T,Total,_T,Total,2017,,25.67877,,,,,,,,,,A,Normal value,,,,,2,Two,,,0,Units
USA,United States,ISCED11_2,Lower secondary education,CLS,Student classes,FE,"Formal education, includes formal initial and formal adult education programmes",_T,Total,_Z,Not applicable,_Z,Not applicable,A,Annual,_Z,Not applicable,_Z,Not applicable,INST_EDU,All educational institutions,_Z,Not applicable,ST_CL,Students per class,_T,Total,_T,Total,2018,,25.67648,,,,,,,,,,A,Normal value,,,,,2,Two,,,0,Units
USA,United States,ISCED11_2,Lower secondary education,CLS,Student classes,FE,"Formal education, includes formal initial and formal adult education programmes",_T,Total,_Z,Not applicable,_Z,Not applicable,A,Annual,_Z,Not applicable,_Z,Not applicable,INST_EDU,All educational institutions,_Z,Not applicable,ST_CL,Students per class,_T,Total,_T,Total,2019,,24.94535,,,,,,,,,,A,Normal value,,,,,2,Two,,,0,Units
USA,United States,ISCED11_2,Lower secondary education,CLS,Student classes,FE,"Formal education, includes formal initial and formal adult education programmes",_T,Total,_Z,Not applicable,_Z,Not applicable,A,Annual,_Z,Not applicable,_Z,Not applicable,INST_EDU,All educational institutions,_Z,Not applicable,ST_CL,Students per class,_T,Total,_T,Total,2020,,25.00616,,,,,,,,,,A,Normal value,,,,,2,Two,,,0,Units
USA,United States,ISCED11_2,Lower secondary education,CLS,Student classes,FE,"Formal education, includes formal initial and formal adult education programmes",_T,Total,_Z,Not applicable,_Z,Not applicable,A,Annual,_Z,Not applicable,_Z,Not applicable,INST_EDU,All educational institutions,_Z,Not applicable,ST_CL,Students per class,_T,Total,_T,Total,2021,,21.1832,,,,,,,,,,A,Normal value,,,,,2,Two,,,0,Units
USA,United States,ISCED11_2,Lower secondary education,CLS,Student classes,FE,"Formal education, includes formal initial and formal adult education programmes",_T,Total,_Z,Not applicable,_Z,Not applicable,A,Annual,_Z,Not applicable,_Z,Not applicable,INST_EDU,All educational institutions,_Z,Not applicable,ST_CL,Students per class,_T,Total,_T,Total,2022,,21.24829,,,,,,,,,,A,Normal value,,,,,2,Two,,,0,Units
USA,United States,ISCED11_2,Lower secondary education,CLS,Student classes,FE,"Formal education, includes formal initial and formal adult education programmes",_T,Total,_Z,Not applicable,_Z,Not applicable,A,Annual,_Z,Not applicable,_Z,Not applicable,INST_EDU,All educational institutions,_Z,Not applicable,ST_CL,Students per class,_T,Total,_T,Total,2023,,21.17331,,,,,,,,,,A,Normal value,,,,,2,Two,,,0,Units
USA,United States,ISCED11_2,Lower secondary education,CLS,Student classes,FE,"Formal education, includes formal initial and formal adult education programmes",_T,Total,_Z,Not applicable,_Z,Not applicable,A,Annual,_Z,Not applicable,_Z,Not applicable,INST_EDU,All educational institutions,_Z,Not applicable,ST_CL,Students per class,_T,Total,_T,Total,2024,,21.17618,,,,,,,,,,A,Normal value,,,,,2,Two,,,0,Units
DEU,Germany,ISCED11_1,Primary education,CLS,Student classes,FE,"Formal education, includes formal initial and formal adult education programmes",_T,Total,_Z,Not applicable,_Z,Not applicable,A,Annual,_Z,Not applicable,_Z,Not applicable,INST_EDU_PRIV,Private educational institutions,_Z,Not applicable,ST_CL,Students per class,_T,Total,_T,Total,2013,,21.18281,,,,,,,,,,A,Normal value,,,,,2,Two,,,0,Units
DEU,Germany,ISCED11_1,Primary education,CLS,Student classes,FE,"Formal education, includes formal initial and formal adult education programmes",_T,Total,_Z,Not applicable,_Z,Not applicable,A,Annual,_Z,Not applicable,_Z,Not applicable,INST_EDU_PRIV,Private educational institutions,_Z,Not applicable,ST_CL,Students per class,_T,Total,_T,Total,2014,,21.04479,,,,,,,,,,A,Normal value,,,,,2,Two,,,0,Units
DEU,Germany,ISCED11_1,Primary education,CLS,Student classes,FE,"Formal education, includes formal initial and formal adult education programmes",_T,Total,_Z,Not applicable,_Z,Not applicable,A,Annual,_Z,Not applicable,_Z,Not applicable,INST_EDU_PRIV,Private educational institutions,_Z,Not applicable,ST_CL,Students per class,_T,Total,_T,Total,2015,,20.82121,,,,,,,,,,A,Normal value,,,,,2,Two,,,0,Units
DEU,Germany,ISCED11_1,Primary education,CLS,Student classes,FE,"Formal education, includes formal initial and formal adult education programmes",_T,Total,_Z,Not applicable,_Z,Not applicable,A,Annual,_Z,Not applicable,_Z,Not applicable,INST_EDU_PRIV,Private educational institutions,_Z,Not applicable,ST_CL,Students per class,_T,Total,_T,Total,2016,,20.87955,,,,,,,,,,A,Normal value,,,,,2,Two,,,0,Units
DEU,Germany,ISCED11_1,Primary education,CLS,Student classes,FE,"Formal education, includes formal initial and formal adult education programmes",_T,Total,_Z,Not applicable,_Z,Not applicable,A,Annual,_Z,Not applicable,_Z,Not applicable,INST_EDU_PRIV,Private educational institutions,_Z,Not applicable,ST_CL,Students per class,_T,Total,_T,Total,2017,,21.01964,,,,,,,,,,A,Normal value,,,,,2,Two,,,0,Units
DEU,Germany,ISCED11_1,Primary education,CLS,Student classes,FE,"Formal education, includes formal initial and formal adult education programmes",_T,Total,_Z,Not applicable,_Z,Not applicable,A,Annual,_Z,Not applicable,_Z,Not applicable,INST_EDU_PRIV,Private educational institutions,_Z,Not applicable,ST_CL,Students per class,_T,Total,_T,Total,2018,,21.53521,,,,,,,,,,A,Normal value,,,,,2,Two,,,0,Units
DEU,Germany,ISCED11_1,Primary education,CLS,Student classes,FE,"Formal education, includes formal initial and formal adult education programmes",_T,Total,_Z,Not applicable,_Z,Not applicable,A,Annual,_Z,Not applicable,_Z,Not applicable,INST_EDU_PRIV,Private educational institutions,_Z,Not applicable,ST_CL,Students per class,_T,Total,_T,Total,2019,,21.28772,,,,,,,,,,A,Normal value,,,,,2,Two,,,0,Units
DEU,Germany,ISCED11_1,Primary education,CLS,Student classes,FE,"Formal education, includes formal initial and formal adult education programmes",_T,Total,_Z,Not applicable,_Z,Not applicable,A,Annual,_Z,Not applicable,_Z,Not applicable,INST_EDU_PRIV,Private educational institutions,_Z,Not applicable,ST_CL,Students per class,_T,Total,_T,Total,2020,,21.35172,,,,,,,,,,A,Normal value,,,,,2,Two,,,0,Units
DEU,Germany,ISCED11_1,Primary education,CLS,Student classes,FE,"Formal education, includes formal initial and formal adult education programmes",_T,Total,_Z,Not applicable,_Z,Not applicable,A,Annual,_Z,Not applicable,_Z,Not applicable,INST_EDU_PRIV,Private educational institutions,_Z,Not applicable,ST_CL,Students per class,_T,Total,_T,Total,2021,,21.44852,,,,,,,,,,A,Normal value,,,,,2,Two,,,0,Units
DEU,Germany,ISCED11_1,Primary education,CLS,Student classes,FE,"Formal education, includes formal initial and formal adult education programmes",_T,Total,_Z,Not applicable,_Z,Not applicable,A,Annual,_Z,Not applicable,_Z,Not applicable,INST_EDU_PRIV,Private educational institutions,_Z,Not applicable,ST_CL,Students per class,_T,Total,_T,Total,2022,,19.69841,,,,,,,,,,A,Normal value,,,,,2,Two,,,0,Units
DEU,Germany,ISCED11_1,Primary education,CLS,Student classes,FE,"Formal education, includes formal initial and formal adult education programmes",_T,Total,_Z,Not applicable,_Z,Not applicable,A,Annual,_Z,Not applicable,_Z,Not applicable,INST_EDU_PRIV,Private educational institutions,_Z,Not applicable,ST_CL,Students per class,_T,Total,_T,Total,2023,,19.89115,,,,,,,,,,A,Normal value,,,,,2,Two,,,0,Units
DEU,Germany,ISCED11_1,Primary education,CLS,Student classes,FE,"Formal education, includes formal initial and formal adult education programmes",_T,Total,_Z,Not applicable,_Z,Not applicable,A,Annual,_Z,Not applicable,_Z,Not applicable,INST_EDU_PRIV,Private educational institutions,_Z,Not applicable,ST_CL,Students per class,_T,Total,_T,Total,2024,,19.91513,,,,,,,,,,A,Normal value,,,,,2,Two,,,0,Units
ITA,Italy,ISCED11_1,Primary education,CLS,Student classes,FE,"Formal education, includes formal initial and formal adult education programmes",_T,Total,_Z,Not applicable,_Z,Not applicable,A,Annual,_Z,Not applicable,_Z,Not applicable,INST_EDU_PRIV,Private educational institutions,_Z,Not applicable,ST_CL,Students per class,_T,Total,_T,Total,2013,,19.81375,,,,,,,,,,A,Normal value,,,,,2,Two,,,0,Units
ITA,Italy,ISCED11_1,Primary education,CLS,Student classes,FE,"Formal education, includes formal initial and formal adult education programmes",_T,Total,_Z,Not applicable,_Z,Not applicable,A,Annual,_Z,Not applicable,_Z,Not applicable,INST_EDU_PRIV,Private educational institutions,_Z,Not applicable,ST_CL,Students per class,_T,Total,_T,Total,2014,,19.70095,,,,,,,,,,A,Normal value,,,,,2,Two,,,0,Units
ITA,Italy,ISCED11_1,Primary education,CLS,Student classes,FE,"Formal education, includes formal initial and formal adult education programmes",_T,Total,_Z,Not applicable,_Z,Not applicable,A,Annual,_Z,Not applicable,_Z,Not applicable,INST_EDU_PRIV,Private educational institutions,_Z,Not applicable,ST_CL,Students per class,_T,Total,_T,Total,2015,,19.19372,,,,,,,,,,A,Normal value,,,,,2,Two,,,0,Units
ITA,Italy,ISCED11_1,Primary education,CLS,Student classes,FE,"Formal education, includes formal initial and formal adult education programmes",_T,Total,_Z,Not applicable,_Z,Not applicable,A,Annual,_Z,Not applicable,_Z,Not applicable,INST_EDU_PRIV,Private educational institutions,_Z,Not applicable,ST_CL,Students per class,_T,Total,_T,Total,2016,,19.19559,,,,,,,,,,A,Normal value,,,,,2,Two,,,0,Units
ITA,Italy,ISCED11_1,Primary education,CLS,Student classes,FE,"Formal education, includes formal initial and formal adult education programmes",_T,Total,_Z,Not applicable,_Z,Not applicable,A,Annual,_Z,Not applicable,_Z,Not applicable,INST_EDU_PRIV,Private educational institutions,_Z,Not applicable,ST_CL,Students per class,_T,Total,_T,Total,2017,,19.07244,,,,,,,,,,A,Normal value,,,,,2,Two,,,0,Units
ITA,Italy,ISCED11_1,Primary education,CLS,Student classes,FE,"Formal education, includes formal initial and formal adult education programmes",_T,Total,_Z,Not applicable,_Z,Not applicable,A,Annual,_Z,Not applicable,_Z,Not applicable,INST_EDU_PRIV,Private educational institutions,_Z,Not applicable,ST_CL,Students per class,_T,Total,_T,Total,2018,,18.97678,,,,,,,,,,A,Normal value,,,,,2,Two,,,0,Units
ITA,Italy,ISCED11_1,Primary education,CLS,Student classes,FE,"Formal education, includes formal initial and formal adult education programmes",_T,Total,_Z,Not applicable,_Z,Not applicable,A,Annual,_Z,Not applicable,_Z,Not applicable,INST_EDU_PRIV,Private educational institutions,_Z,Not applicable,ST_CL,Students per class,_T,Total,_T,Total,2019,,18.92381,,,,,,,,,,A,Normal value,,,,,2,Two,,,0,Units
ITA,Italy,ISCED11_1,Primary education,CLS,Student classes,FE,"Formal education, includes formal initial and formal adult education programmes",_T,Total,_Z,Not applicable,_Z,Not applicable,A,Annual,_Z,Not applicable,_Z,Not applicable,INST_EDU_PRIV,Private educational institutions,_Z,Not applicable,ST_CL,Students per class,_T,Total,_T,Total,2020,,18.76182,,,,,,,,,,A,Normal value,,,,,2,Two,,,0,Units
ITA,Italy,ISCED11_1,Primary education,CLS,Student classes,FE,"Formal education, includes formal initial and formal adult education programmes",_T,Total,_Z,Not applicable,_Z,Not applicable,A,Annual,_Z,Not applicable,_Z,Not applicable,INST_EDU_PRIV,Private educational institutions,_Z,Not applicable,ST_CL,Students per class,_T,Total,_T,Total,2021,,18.31382,,,,,,,,,,A,Normal value,,,,,2,Two,,,0,Units
ITA,Italy,ISCED11_1,Primary education,CLS,Student classes,FE,"Formal education, includes formal initial and formal adult education programmes",_T,Total,_Z,Not applicable,_Z,Not applicable,A,Annual,_Z,Not applicable,_Z,Not applicable,INST_EDU_PRIV,Private educational institutions,_Z,Not applicable,ST_CL,Students per class,_T,Total,_T,Total,2022,,18.20277,,,,,,,,,,A,Normal value,,,,,2,Two,,,0,Units
ITA,Italy,ISCED11_1,Primary education,CLS,Student classes,FE,"Formal education, includes formal initial and formal adult education programmes",_T,Total,_Z,Not applicable,_Z,Not applicable,A,Annual,_Z,Not applicable,_Z,Not applicable,INST_EDU_PRIV,Private educational institutions,_Z,Not applicable,ST_CL,Students per class,_T,Total,_T,Total,2023,,18.08774,,,,,,,,,,A,Normal value,,,,,2,Two,,,0,Units
ITA,Italy,ISCED11_1,Primary education,CLS,Student classes,FE,"Formal education, includes formal initial and formal adult education programmes",_T,Total,_Z,Not applicable,_Z,Not applicable,A,Annual,_Z,Not applicable,_Z,Not applicable,INST_EDU_PRIV,Private educational institutions,_Z,Not applicable,ST_CL,Students per class,_T,Total,_T,Total,2024,,17.91519,,,,,,,,,,A,Normal value,,,,,2,Two,,,0,Units
DEU,Germany,ISCED11_1,Primary education,CLS,Student classes,FE,"Formal education, includes formal initial and formal adult education programmes",_T,Total,_Z,Not applicable,_Z,Not applicable,A,Annual,_Z,Not applicable,_Z,Not applicable,INST_EDU_PRIV_GOV,Government dependent private educational institutions,_Z,Not applicable,ST_CL,Students per class,_T,Total,_T,Total,2013,,,,,,,,,,,,K,Data included in another category,,,,,2,Two,,,0,Units
DEU,Germany,ISCED11_1,Primary education,CLS,Student classes,FE,"Formal education, includes formal initial and formal adult education programmes",_T,Total,_Z,Not applicable,_Z,Not applicable,A,Annual,_Z,Not applicable,_Z,Not applicable,INST_EDU_PRIV_GOV,Government dependent private educational institutions,_Z,Not applicable,ST_CL,Students per class,_T,Total,_T,Total,2014,,,,,,,,,,,,K,Data included in another category,,,,,2,Two,,,0,Units
DEU,Germany,ISCED11_1,Primary education,CLS,Student classes,FE,"Formal education, includes formal initial and formal adult education programmes",_T,Total,_Z,Not applicable,_Z,Not applicable,A,Annual,_Z,Not applicable,_Z,Not applicable,INST_EDU_PRIV_GOV,Government dependent private educational institutions,_Z,Not applicable,ST_CL,Students per class,_T,Total,_T,Total,2015,,,,,,,,,,,,K,Data included in another category,,,,,2,Two,,,0,Units
DEU,Germany,ISCED11_1,Primary education,CLS,Student classes,FE,"Formal education, includes formal initial and formal adult education programmes",_T,Total,_Z,Not applicable,_Z,Not applicable,A,Annual,_Z,Not applicable,_Z,Not applicable,INST_EDU_PRIV_GOV,Government dependent private educational institutions,_Z,Not applicable,ST_CL,Students per class,_T,Total,_T,Total,2016,,,,,,,,,,,,K,Data included in another category,,,,,2,Two,,,0,Units
DEU,Germany,ISCED11_1,Primary education,CLS,Student classes,FE,"Formal education, includes formal initial and formal adult education programmes",_T,Total,_Z,Not applicable,_Z,Not applicable,A,Annual,_Z,Not applicable,_Z,Not applicable,INST_EDU_PRIV_GOV,Government dependent private educational institutions,_Z,Not applicable,ST_CL,Students per class,_T,Total,_T,Total,2017,,,,,,,,,,,,K,Data included in another category,,,,,2,Two,,,0,Units
DEU,Germany,ISCED11_1,Primary education,CLS,Student classes,FE,"Formal education, includes formal initial and formal adult education programmes",_T,Total,_Z,Not applicable,_Z,Not applicable,A,Annual,_Z,Not applicable,_Z,Not applicable,INST_EDU_PRIV_GOV,Government dependent private educational institutions,_Z,Not applicable,ST_CL,Students per class,_T,Total,_T,Total,2018,,,,,,,,,,,,K,Data included in another category,,,,,2,Two,,,0,Units
DEU,Germany,ISCED11_1,Primary education,CLS,Student classes,FE,"Formal education, includes formal initial and formal adult education programmes",_T,Total,_Z,Not applicable,_Z,Not applicable,A,Annual,_Z,Not applicable,_Z,Not applicable,INST_EDU_PRIV_GOV,Government dependent private educational institutions,_Z,Not applicable,ST_CL,Students per class,_T,Total,_T,Total,2019,,,,,,,,,,,,K,Data included in another category,,,,,2,Two,,,0,Units
DEU,Germany,ISCED11_1,Primary education,CLS,Student classes,FE,"Formal education, includes formal initial and formal adult education programmes",_T,Total,_Z,Not applicable,_Z,Not applicable,A,Annual,_Z,Not applicable,_Z,Not applicable,INST_EDU_PRIV_GOV,Government dependent private educational institutions,_Z,Not applicable,ST_CL,Students per class,_T,Total,_T,Total,2020,,,,,,,,,,,,K,Data included in another category,,,,,2,Two,,,0,Units
DEU,Germany,ISCED11_1,Primary education,CLS,Student classes,FE,"Formal education, includes formal initial and formal adult education programmes",_T,Total,_Z,Not applicable,_Z,Not applicable,A,Annual,_Z,Not applicable,_Z,Not applicable,INST_EDU_PRIV_GOV,Government dependent private educational institutions,_Z,Not applicable,ST_CL,Students per class,_T,Total,_T,Total,2021,,,,,,,,,,,,K,Data included in another category,,,,,2,Two,,,0,Units
DEU,Germany,ISCED11_1,Primary education,CLS,Student classes,FE,"Formal education, includes formal initial and formal adult education programmes",_T,Total,_Z,Not applicable,_Z,Not applicable,A,Annual,_Z,Not applicable,_Z,Not applicable,INST_EDU_PRIV_GOV,Government dependent private educational institutions,_Z,Not applicable,ST_CL,Students per class,_T,Total,_T,Total,2022,,,,,,,,,,,,K,Data included in another category,,,,,2,Two,,,0,Units
DEU,Germany,ISCED11_1,Primary education,CLS,Student classes,FE,"Formal education, includes formal initial and formal adult education programmes",_T,Total,_Z,Not applicable,_Z,Not applicable,A,Annual,_Z,Not applicable,_Z,Not applicable,INST_EDU_PRIV_GOV,Government dependent private educational institutions,_Z,Not applicable,ST_CL,Students per class,_T,Total,_T,Total,2023,,,,,,,,,,,,K,Data included in another category,,,,,2,Two,,,0,Units
DEU,Germany,ISCED11_1,Primary education,CLS,Student classes,FE,"Formal education, includes formal initial and formal adult education programmes",_T,Total,_Z,Not applicable,_Z,Not applicable,A,Annual,_Z,Not applicable,_Z,Not applicable,INST_EDU_PRIV_GOV,Government dependent private educational institutions,_Z,Not applicable,ST_CL,Students per class,_T,Total,_T,Total,2024,,,,,,,,,,,,K,Data included in another category,,,,,2,Two,,,0,Units
NLD,Netherlands,ISCED11_1,Primary education,CLS,Student classes,FE,"Formal education, includes formal initial and formal adult education programmes",_T,Total,_Z,Not applicable,_Z,Not applicable,A,Annual,_Z,Not applicable,_Z,Not applicable,INST_EDU_PUB,Public educational institutions,_Z,Not applicable,ST_CL,Students per class,_T,Total,_T,Total,2013,,,,,,,,,,,,O,Missing value,,,,,2,Two,,,0,Units
NLD,Netherlands,ISCED11_1,Primary education,CLS,Student classes,FE,"Formal education, includes formal initial and formal adult education programmes",_T,Total,_Z,Not applicable,_Z,Not applicable,A,Annual,_Z,Not applicable,_Z,Not applicable,INST_EDU_PUB,Public educational institutions,_Z,Not applicable,ST_CL,Students per class,_T,Total,_T,Total,2014,,,,,,,,,,,,O,Missing value,,,,,2,Two,,,0,Units
NLD,Netherlands,ISCED11_1,Primary education,CLS,Student classes,FE,"Formal education, includes formal initial and formal adult education programmes",_T,Total,_Z,Not applicable,_Z,Not applicable,A,Annual,_Z,Not applicable,_Z,Not applicable,INST_EDU_PUB,Public educational institutions,_Z,Not applicable,ST_CL,Students per class,_T,Total,_T,Total,2015,,22.99989,,,,,,,,,,W,Includes data from another category,,,,,2,Two,,,0,Units
NLD,Netherlands,ISCED11_1,Primary education,CLS,Student classes,FE,"Formal education, includes formal initial and formal adult education programmes",_T,Total,_Z,Not applicable,_Z,Not applicable,A,Annual,_Z,Not applicable,_Z,Not applicable,INST_EDU_PUB,Public educational institutions,_Z,Not applicable,ST_CL,Students per class,_T,Total,_T,Total,2016,,,,,,,,,,,,W,Includes data from another category,,,,,2,Two,,,0,Units
NLD,Netherlands,ISCED11_1,Primary education,CLS,Student classes,FE,"Formal education, includes formal initial and formal adult education programmes",_T,Total,_Z,Not applicable,_Z,Not applicable,A,Annual,_Z,Not applicable,_Z,Not applicable,INST_EDU_PUB,Public educational institutions,_Z,Not applicable,ST_CL,Students per class,_T,Total,_T,Total,2017,,,,,,,,,,,,W,Includes data from another category,,,,,2,Two,,,0,Units
NLD,Netherlands,ISCED11_1,Primary education,CLS,Student classes,FE,"Formal education, includes formal initial and formal adult education programmes",_T,Total,_Z,Not applicable,_Z,Not applicable,A,Annual,_Z,Not applicable,_Z,Not applicable,INST_EDU_PUB,Public educational institutions,_Z,Not applicable,ST_CL,Students per class,_T,Total,_T,Total,2018,,,,,,,,,,,,O,Missing value,,,,,2,Two,,,0,Units
NLD,Netherlands,ISCED11_1,Primary education,CLS,Student classes,FE,"Formal education, includes formal initial and formal adult education programmes",_T,Total,_Z,Not applicable,_Z,Not applicable,A,Annual,_Z,Not applicable,_Z,Not applicable,INST_EDU_PUB,Public educational institutions,_Z,Not applicable,ST_CL,Students per class,_T,Total,_T,Total,2019,,22.6199,,,,,,,,,,A,Normal value,,,,,2,Two,,,0,Units
NLD,Netherlands,ISCED11_1,Primary education,CLS,Student classes,FE,"Formal education, includes formal initial and formal adult education programmes",_T,Total,_Z,Not applicable,_Z,Not applicable,A,Annual,_Z,Not applicable,_Z,Not applicable,INST_EDU_PUB,Public educational institutions,_Z,Not applicable,ST_CL,Students per class,_T,Total,_T,Total,2020,,22.6199,,,,,,,,,,A,Normal value,,,,,2,Two,,,0,Units
NLD,Netherlands,ISCED11_1,Primary education,CLS,Student classes,FE,"Formal education, includes formal initial and formal adult education programmes",_T,Total,_Z,Not applicable,_Z,Not applicable,A,Annual,_Z,Not applicable,_Z,Not applicable,INST_EDU_PUB,Public educational institutions,_Z,Not applicable,ST_CL,Students per class,_T,Total,_T,Total,2021,,22.89013,,,,,,,,,,A,Normal value,,,,,2,Two,,,0,Units
NLD,Netherlands,ISCED11_1,Primary education,CLS,Student classes,FE,"Formal education, includes formal initial and formal adult education programmes",_T,Total,_Z,Not applicable,_Z,Not applicable,A,Annual,_Z,Not applicable,_Z,Not applicable,INST_EDU_PUB,Public educational institutions,_Z,Not applicable,ST_CL,Students per class,_T,Total,_T,Total,2022,,,,,,,,,,,,O,Missing value,,,,,2,Two,,,0,Units
NLD,Netherlands,ISCED11_1,Primary education,CLS,Student classes,FE,"Formal education, includes formal initial and formal adult education programmes",_T,Total,_Z,Not applicable,_Z,Not applicable,A,Annual,_Z,Not applicable,_Z,Not applicable,INST_EDU_PUB,Public educational institutions,_Z,Not applicable,ST_CL,Students per class,_T,Total,_T,Total,2023,,22.40018,,,,,,,,,,A,Normal value,,,,,2,Two,,,0,Units
NLD,Netherlands,ISCED11_1,Primary education,CLS,Student classes,FE,"Formal education, includes formal initial and formal adult education programmes",_T,Total,_Z,Not applicable,_Z,Not applicable,A,Annual,_Z,Not applicable,_Z,Not applicable,INST_EDU_PUB,Public educational institutions,_Z,Not applicable,ST_CL,Students per class,_T,Total,_T,Total,2024,,22.5,,,,,,,,,,A,Normal value,,,,,2,Two,,,0,Units
ESP,Spain,ISCED11_2,Lower secondary education,CLS,Student classes,FE,"Formal education, includes formal initial and formal adult education programmes",_T,Total,_Z,Not applicable,_Z,Not applicable,A,Annual,_Z,Not applicable,_Z,Not applicable,INST_EDU_PRIV_IND,Independent private educational institutions,_Z,Not applicable,ST_CL,Students per class,_T,Total,_T,Total,2013,,21.50483,,,,,,,,,,A,Normal value,,,,,2,Two,,,0,Units
ESP,Spain,ISCED11_2,Lower secondary education,CLS,Student classes,FE,"Formal education, includes formal initial and formal adult education programmes",_T,Total,_Z,Not applicable,_Z,Not applicable,A,Annual,_Z,Not applicable,_Z,Not applicable,INST_EDU_PRIV_IND,Independent private educational institutions,_Z,Not applicable,ST_CL,Students per class,_T,Total,_T,Total,2014,,21.8858,,,,,,,,,,A,Normal value,,,,,2,Two,,,0,Units
ESP,Spain,ISCED11_2,Lower secondary education,CLS,Student classes,FE,"Formal education, includes formal initial and formal adult education programmes",_T,Total,_Z,Not applicable,_Z,Not applicable,A,Annual,_Z,Not applicable,_Z,Not applicable,INST_EDU_PRIV_IND,Independent private educational institutions,_Z,Not applicable,ST_CL,Students per class,_T,Total,_T,Total,2015,,21.3385,,,,,,,,,,A,Normal value,,,,,2,Two,,,0,Units
ESP,Spain,ISCED11_2,Lower secondary education,CLS,Student classes,FE,"Formal education, includes formal initial and formal adult education programmes",_T,Total,_Z,Not applicable,_Z,Not applicable,A,Annual,_Z,Not applicable,_Z,Not applicable,INST_EDU_PRIV_IND,Independent private educational institutions,_Z,Not applicable,ST_CL,Students per class,_T,Total,_T,Total,2016,,21.85102,,,,,,,,,,A,Normal value,,,,,2,Two,,,0,Units
ESP,Spain,ISCED11_2,Lower secondary education,CLS,Student classes,FE,"Formal education, includes formal initial and formal adult education programmes",_T,Total,_Z,Not applicable,_Z,Not applicable,A,Annual,_Z,Not applicable,_Z,Not applicable,INST_EDU_PRIV_IND,Independent private educational institutions,_Z,Not applicable,ST_CL,Students per class,_T,Total,_T,Total,2017,,21.97415,,,,,,,,,,A,Normal value,,,,,2,Two,,,0,Units
ESP,Spain,ISCED11_2,Lower secondary education,CLS,Student classes,FE,"Formal education, includes formal initial and formal adult education programmes",_T,Total,_Z,Not applicable,_Z,Not applicable,A,Annual,_Z,Not applicable,_Z,Not applicable,INST_EDU_PRIV_IND,Independent private educational institutions,_Z,Not applicable,ST_CL,Students per class,_T,Total,_T,Total,2018,,20.33282,,,,,,,,,,A,Normal value,,,,,2,Two,,,0,Units
ESP,Spain,ISCED11_2,Lower secondary education,CLS,Student classes,FE,"Formal education, includes formal initial and formal adult education programmes",_T,Total,_Z,Not applicable,_Z,Not applicable,A,Annual,_Z,Not applicable,_Z,Not applicable,INST_EDU_PRIV_IND,Independent private educational institutions,_Z,Not applicable,ST_CL,Students per class,_T,Total,_T,Total,2019,,21.4451,,,,,,,,,,A,Normal value,,,,,2,Two,,,0,Units
ESP,Spain,ISCED11_2,Lower secondary education,CLS,Student classes,FE,"Formal education, includes formal initial and formal adult education programmes",_T,Total,_Z,Not applicable,_Z,Not applicable,A,Annual,_Z,Not applicable,_Z,Not applicable,INST_EDU_PRIV_IND,Independent private educational institutions,_Z,Not applicable,ST_CL,Students per class,_T,Total,_T,Total,2020,,21.49845,,,,,,,,,,A,Normal value,,,,,2,Two,,,0,Units
ESP,Spain,ISCED11_2,Lower secondary education,CLS,Student classes,FE,"Formal education, includes formal initial and formal adult education programmes",_T,Total,_Z,Not applicable,_Z,Not applicable,A,Annual,_Z,Not applicable,_Z,Not applicable,INST_EDU_PRIV_IND,Independent private educational institutions,_Z,Not applicable,ST_CL,Students per class,_T,Total,_T,Total,2021,,21.85775,,,,,,,,,,A,Normal value,,,,,2,Two,,,0,Units
ESP,Spain,ISCED11_2,Lower secondary education,CLS,Student classes,FE,"Formal education, includes formal initial and formal adult education programmes",_T,Total,_Z,Not applicable,_Z,Not applicable,A,Annual,_Z,Not applicable,_Z,Not applicable,INST_EDU_PRIV_IND,Independent private educational institutions,_Z,Not applicable,ST_CL,Students per class,_T,Total,_T,Total,2022,,23.37544,,,,,,,,,,A,Normal value,,,,,2,Two,,,0,Units
ESP,Spain,ISCED11_2,Lower secondary education,CLS,Student classes,FE,"Formal education, includes formal initial and formal adult education programmes",_T,Total,_Z,Not applicable,_Z,Not applicable,A,Annual,_Z,Not applicable,_Z,Not applicable,INST_EDU_PRIV_IND,Independent private educational institutions,_Z,Not applicable,ST_CL,Students per class,_T,Total,_T,Total,2023,,21.45317,,,,,,,,,,A,Normal value,,,,,2,Two,,,0,Units
ESP,Spain,ISCED11_2,Lower secondary education,CLS,Student classes,FE,"Formal education, includes formal initial and formal adult education programmes",_T,Total,_Z,Not applicable,_Z,Not applicable,A,Annual,_Z,Not applicable,_Z,Not applicable,INST_EDU_PRIV_IND,Independent private educational institutions,_Z,Not applicable,ST_CL,Students per class,_T,Total,_T,Total,2024,,21.94837,,,,,,,,,,A,Normal value,,,,,2,Two,,,0,Units
USA,United States,ISCED11_1,Primary education,CLS,Student classes,FE,"Formal education, includes formal initial and formal adult education programmes",_T,Total,_Z,Not applicable,_Z,Not applicable,A,Annual,_Z,Not applicable,_Z,Not applicable,INST_EDU_PUB,Public educational institutions,_Z,Not applicable,ST_CL,Students per class,_T,Total,_T,Total,2013,,21.5,,,,,,,,,,A,Normal value,,,,,2,Two,,,0,Units
USA,United States,ISCED11_1,Primary education,CLS,Student classes,FE,"Formal education, includes formal initial and formal adult education programmes",_T,Total,_Z,Not applicable,_Z,Not applicable,A,Annual,_Z,Not applicable,_Z,Not applicable,INST_EDU_PUB,Public educational institutions,_Z,Not applicable,ST_CL,Students per class,_T,Total,_T,Total,2014,,21.5,,,,,,,,,,A,Normal value,,,,,2,Two,,,0,Units
USA,United States,ISCED11_1,Primary education,CLS,Student classes,FE,"Formal education, includes formal initial and formal adult education programmes",_T,Total,_Z,Not applicable,_Z,Not applicable,A,Annual,_Z,Not applicable,_Z,Not applicable,INST_EDU_PUB,Public educational institutions,_Z,Not applicable,ST_CL,Students per class,_T,Total,_T,Total,2015,,21.5,,,,,,,,,,A,Normal value,,,,,2,Two,,,0,Units
USA,United States,ISCED11_1,Primary education,CLS,Student classes,FE,"Formal education, includes formal initial and formal adult education programmes",_T,Total,_Z,Not applicable,_Z,Not applicable,A,Annual,_Z,Not applicable,_Z,Not applicable,INST_EDU_PUB,Public educational institutions,_Z,Not applicable,ST_CL,Students per class,_T,Total,_T,Total,2016,,21.2,,,,,,,,,,A,Normal value,,,,,2,Two,,,0,Units
USA,United States,ISCED11_1,Primary education,CLS,Student classes,FE,"Formal education, includes formal initial and formal adult education programmes",_T,Total,_Z,Not applicable,_Z,Not applicable,A,Annual,_Z,Not applicable,_Z,Not applicable,INST_EDU_PUB,Public educational institutions,_Z,Not applicable,ST_CL,Students per class,_T,Total,_T,Total,2017,,21.2,,,,,,,,,,A,Normal value,,,,,2,Two,,,0,Units
USA,United States,ISCED11_1,Primary education,CLS,Student classes,FE,"Formal education, includes formal initial and formal adult education programmes",_T,Total,_Z,Not applicable,_Z,Not applicable,A,Annual,_Z,Not applicable,_Z,Not applicable,INST_EDU_PUB,Public educational institutions,_Z,Not applicable,ST_CL,Students per class,_T,Total,_T,Total,2018,,21.2,,,,,,,,,,A,Normal value,,,,,2,Two,,,0,Units
USA,United States,ISCED11_1,Primary education,CLS,Student classes,FE,"Formal education, includes formal initial and formal adult education programmes",_T,Total,_Z,Not applicable,_Z,Not applicable,A,Annual,_Z,Not applicable,_Z,Not applicable,INST_EDU_PUB,Public educational institutions,_Z,Not applicable,ST_CL,Students per class,_T,Total,_T,Total,2019,,20.9,,,,,,,,,,A,Normal value,,,,,2,Two,,,0,Units
USA,United States,ISCED11_1,Primary education,CLS,Student classes,FE,"Formal education, includes formal initial and formal adult education programmes",_T,Total,_Z,Not applicable,_Z,Not applicable,A,Annual,_Z,Not applicable,_Z,Not applicable,INST_EDU_PUB,Public educational institutions,_Z,Not applicable,ST_CL,Students per class,_T,Total,_T,Total,2020,,20.9,,,,,,,,,,A,Normal value,,,,,2,Two,,,0,Units
USA,United States,ISCED11_1,Primary education,CLS,Student classes,FE,"Formal education, includes formal initial and formal adult education programmes",_T,Total,_Z,Not applicable,_Z,Not applicable,A,Annual,_Z,Not applicable,_Z,Not applicable,INST_EDU_PUB,Public educational institutions,_Z,Not applicable,ST_CL,Students per class,_T,Total,_T,Total,2021,,20.7,,,,,,,,,,A,Normal value,,,,,2,Two,,,0,Units
USA,United States,ISCED11_1,Primary education,CLS,Student classes,FE,"Formal education, includes formal initial and formal adult education programmes",_T,Total,_Z,Not applicable,_Z,Not applicable,A,Annual,_Z,Not applicable,_Z,Not applicable,INST_EDU_PUB,Public educational institutions,_Z,Not applicable,ST_CL,Students per class,_T,Total,_T,Total,2022,,20.7,,,,,,,,,,A,Normal value,,,,,2,Two,,,0,Units
USA,United States,ISCED11_1,Primary education,CLS,Student classes,FE,"Formal education, includes formal initial and formal adult education programmes",_T,Total,_Z,Not applicable,_Z,Not applicable,A,Annual,_Z,Not applicable,_Z,Not applicable,INST_EDU_PUB,Public educational institutions,_Z,Not applicable,ST_CL,Students per class,_T,Total,_T,Total,2023,,20.7,,,,,,,,,,A,Normal value,,,,,2,Two,,,0,Units
USA,United States,ISCED11_1,Primary education,CLS,Student classes,FE,"Formal education, includes formal initial and formal adult education programmes",_T,Total,_Z,Not applicable,_Z,Not applicable,A,Annual,_Z,Not applicable,_Z,Not applicable,INST_EDU_PUB,Public educational institutions,_Z,Not applicable,ST_CL,Students per class,_T,Total,_T,Total,2024,,20.7,,,,,,,,,,A,Normal value,,,,,2,Two,,,0,Units
FRA,France,ISCED11_2,Lower secondary education,CLS,Student classes,FE,"Formal education, includes formal initial and formal adult education programmes",_T,Total,_Z,Not applicable,_Z,Not applicable,A,Annual,_Z,Not applicable,_Z,Not applicable,INST_EDU_PRIV,Private educational institutions,_Z,Not applicable,ST_CL,Students per class,_T,Total,_T,Total,2013,,26.10618,,,,,,,,,,A,Normal value,,,,,2,Two,,,0,Units
FRA,France,ISCED11_2,Lower secondary education,CLS,Student classes,FE,"Formal education, includes formal initial and formal adult education programmes",_T,Total,_Z,Not applicable,_Z,Not applicable,A,Annual,_Z,Not applicable,_Z,Not applicable,INST_EDU_PRIV,Private educational institutions,_Z,Not applicable,ST_CL,Students per class,_T,Total,_T,Total,2014,,26.05785,,,,,,,,,,A,Normal value,,,,,2,Two,,,0,Units
FRA,France,ISCED11_2,Lower secondary education,CLS,Student classes,FE,"Formal education, includes formal initial and formal adult education programmes",_T,Total,_Z,Not applicable,_Z,Not applicable,A,Annual,_Z,Not applicable,_Z,Not applicable,INST_EDU_PRIV,Private educational institutions,_Z,Not applicable,ST_CL,Students per class,_T,Total,_T,Total,2015,,26.1028,,,,,,,,,,A,Normal value,,,,,2,Two,,,0,Units
FRA,France,ISCED11_2,Lower secondary education,CLS,Student classes,FE,"Formal education, includes formal initial and formal adult education programmes",_T,Total,_Z,Not applicable,_Z,Not applicable,A,Annual,_Z,Not applicable,_Z,Not applicable,INST_EDU_PRIV,Private educational institutions,_Z,Not applicable,ST_CL,Students per class,_T,Total,_T,Total,2016,,26.01926,,,,,,,,,,A,Normal value,,,,,2,Two,,,0,Units
FRA,France,ISCED11_2,Lower secondary education,CLS,Student classes,FE,"Formal education, includes formal initial and formal adult education programmes",_T,Total,_Z,Not applicable,_Z,Not applicable,A,Annual,_Z,Not applicable,_Z,Not applicable,INST_EDU_PRIV,Private educational institutions,_Z,Not applicable,ST_CL,Students per class,_T,Total,_T,Total,2017,,26.13373,,,,,,,,,,A,Normal value,,,,,2,Two,,,0,Units
FRA,France,ISCED11_2,Lower secondary education,CLS,Student classes,FE,"Formal education, includes formal initial and formal adult education programmes",_T,Total,_Z,Not applicable,_Z,Not applicable,A,Annual,_Z,Not applicable,_Z,Not applicable,INST_EDU_PRIV,Private educational institutions,_Z,Not applicable,ST_CL,Students per class,_T,Total,_T,Total,2018,,26.3447,,,,,,,,,,A,Normal value,,,,,2,Two,,,0,Units
FRA,France,ISCED11_2,Lower secondary education,CLS,Student classes,FE,"Formal education, includes formal initial and formal adult education programmes",_T,Total,_Z,Not applicable,_Z,Not applicable,A,Annual,_Z,Not applicable,_Z,Not applicable,INST_EDU_PRIV,Private educational institutions,_Z,Not applicable,ST_CL,Students per class,_T,Total,_T,Total,2019,,26.47733,,,,,,,,,,A,Normal value,,,,,2,Two,,,0,Units
FRA,France,ISCED11_2,Lower secondary education,CLS,Student classes,FE,"Formal education, includes formal initial and formal adult education programmes",_T,Total,_Z,Not applicable,_Z,Not applicable,A,Annual,_Z,Not applicable,_Z,Not applicable,INST_EDU_PRIV,Private educational institutions,_Z,Not applicable,ST_CL,Students per class,_T,Total,_T,Total,2020,,26.58065,,,,,,,,,,A,Normal value,,,,,2,Two,,,0,Units
FRA,France,ISCED11_2,Lower secondary education,CLS,Student classes,FE,"Formal education, includes formal initial and formal adult education programmes",_T,Total,_Z,Not applicable,_Z,Not applicable,A,Annual,_Z,Not applicable,_Z,Not applicable,INST_EDU_PRIV,Private educational institutions,_Z,Not applicable,ST_CL,Students per class,_T,Total,_T,Total,2021,,26.54733,,,,,,,,,,A,Normal value,,,,,2,Two,,,0,Units
FRA,France,ISCED11_2,Lower secondary education,CLS,Student classes,FE,"Formal education, includes formal initial and formal adult education programmes",_T,Total,_Z,Not applicable,_Z,Not applicable,A,Annual,_Z,Not applicable,_Z,Not applicable,INST_EDU_PRIV,Private educational institutions,_Z,Not applicable,ST_CL,Students per class,_T,Total,_T,Total,2022,,26.73842,,,,,,,,,,A,Normal value,,,,,2,Two,,,0,Units
FRA,France,ISCED11_2,Lower secondary education,CLS,Student classes,FE,"Formal education, includes formal initial and formal adult education programmes",_T,Total,_Z,Not applicable,_Z,Not applicable,A,Annual,_Z,Not applicable,_Z,Not applicable,INST_EDU_PRIV,Private educational institutions,_Z,Not applicable,ST_CL,Students per class,_T,Total,_T,Total,2023,,27.361,,,,,,,,,,A,Normal value,,,,,2,Two,,,0,Units
POL,Poland,ISCED11_1,Primary education,CLS,Student classes,FE,"Formal education, includes formal initial and formal adult education programmes",_T,Total,_Z,Not applicable,_Z,Not applicable,A,Annual,_Z,Not applicable,_Z,Not applicable,INST_EDU_PRIV,Private educational institutions,_Z,Not applicable,ST_CL,Students per class,_T,Total,_T,Total,2013,,11.28314,,,,,,,,,,A,Normal value,,,,,2,Two,,,0,Units
POL,Poland,ISCED11_1,Primary education,CLS,Student classes,FE,"Formal education, includes formal initial and formal adult education programmes",_T,Total,_Z,Not applicable,_Z,Not applicable,A,Annual,_Z,Not applicable,_Z,Not applicable,INST_EDU_PRIV,Private educational institutions,_Z,Not applicable,ST_CL,Students per class,_T,Total,_T,Total,2014,,11.16221,,,,,,,,,,A,Normal value,,,,,2,Two,,,0,Units
POL,Poland,ISCED11_1,Primary education,CLS,Student classes,FE,"Formal education, includes formal initial and formal adult education programmes",_T,Total,_Z,Not applicable,_Z,Not applicable,A,Annual,_Z,Not applicable,_Z,Not applicable,INST_EDU_PRIV,Private educational institutions,_Z,Not applicable,ST_CL,Students per class,_T,Total,_T,Total,2015,,11.53002,,,,,,,,,,A,Normal value,,,,,2,Two,,,0,Units
POL,Poland,ISCED11_1,Primary education,CLS,Student classes,FE,"Formal education, includes formal initial and formal adult education programmes",_T,Total,_Z,Not applicable,_Z,Not applicable,A,Annual,_Z,Not applicable,_Z,Not applicable,INST_EDU_PRIV,Private educational institutions,_Z,Not applicable,ST_CL,Students per class,_T,Total,_T,Total,2016,,11.95281,,,,,,,,,,A,Normal value,,,,,2,Two,,,0,Units
POL,Poland,ISCED11_1,Primary education,CLS,Student classes,FE,"Formal education, includes formal initial and formal adult education programmes",_T,Total,_Z,Not applicable,_Z,Not applicable,A,Annual,_Z,Not applicable,_Z,Not applicable,INST_EDU_PRIV,Private educational institutions,_Z,Not applicable,ST_CL,Students per class,_T,Total,_T,Total,2017,,11.86437,,,,,,,,,,A,Normal value,,,,,2,Two,,,0,Units
POL,Poland,ISCED11_1,Primary education,CLS,Student classes,FE,"Formal education, includes formal initial and formal adult education programmes",_T,Total,_Z,Not applicable,_Z,Not applicable,A,Annual,_Z,Not applicable,_Z,Not applicable,INST_EDU_PRIV,Private educational institutions,_Z,Not applicable,ST_CL,Students per class,_T,Total,_T,Total,2018,,11.75701,,,,,,,,,,A,Normal value,,,,,2,Two,,,0,Units
POL,Poland,ISCED11_1,Primary education,CLS,Student classes,FE,"Formal education, includes formal initial and formal adult education programmes",_T,Total,_Z,Not applicable,_Z,Not applicable,A,Annual,_Z,Not applicable,_Z,Not applicable,INST_EDU_PRIV,Private educational institutions,_Z,Not applicable,ST_CL,Students per class,_T,Total,_T,Total,2019,,11.38337,,,,,,,,,,A,Normal value,,,,,2,Two,,,0,Units
POL,Poland,ISCED11_1,Primary education,CLS,Student classes,FE,"Formal education, includes formal initial and formal adult education programmes",_T,Total,_Z,Not applicable,_Z,Not applicable,A,Annual,_Z,Not applicable,_Z,Not applicable,INST_EDU_PRIV,Private educational institutions,_Z,Not applicable,ST_CL,Students per class,_T,Total,_T,Total,2020,,14.44642,,,,,,,,,,A,Normal value,,,,,2,Two,,,0,Units
POL,Poland,ISCED11_1,Primary education,CLS,Student classes,FE,"Formal education, includes formal initial and formal adult education programmes",_T,Total,_Z,Not applicable,_Z,Not applicable,A,Annual,_Z,Not applicable,_Z,Not applicable,INST_EDU_PRIV,Private educational institutions,_Z,Not applicable,ST_CL,Students per class,_T,Total,_T,Total,2021,,11.75006,,,,,,,,,,A,Normal value,,,,,2,Two,,,0,Units
POL,Poland,ISCED11_1,Primary education,CLS,Student classes,FE,"Formal education, includes formal initial and formal adult education programmes",_T,Total,_Z,Not applicable,_Z,Not applicable,A,Annual,_Z,Not applicable,_Z,Not applicable,INST_EDU_PRIV,Private educational institutions,_Z,Not applicable,ST_CL,Students per class,_T,Total,_T,Total,2022,,12.10942,,,,,,,,,,A,Normal value,,,,,2,Two,,,0,Units
POL,Poland,ISCED11_1,Primary education,CLS,Student classes,FE,"Formal education, includes formal initial and formal adult education programmes",_T,Total,_Z,Not applicable,_Z,Not applicable,A,Annual,_Z,Not applicable,_Z,Not applicable,INST_EDU_PRIV,Private educational institutions,_Z,Not applicable,ST_CL,Students per class,_T,Total,_T,Total,2023,,12.71655,,,,,,,,,,A,Normal value,,,,,2,Two,,,0,Units
POL,Poland,ISCED11_1,Primary education,CLS,Student classes,FE,"Formal education, includes formal initial and formal adult education programmes",_T,Total,_Z,Not applicable,_Z,Not applicable,A,Annual,_Z,Not applicable,_Z,Not applicable,INST_EDU_PRIV,Private educational institutions,_Z,Not applicable,ST_CL,Students per class,_T,Total,_T,Total,2024,,12.89615,,,,,,,,,,A,Normal value,,,,,2,Two,,,0,Units
ESP,Spain,ISCED11_1,Primary education,CLS,Student classes,FE,"Formal education, includes formal initial and formal adult education programmes",_T,Total,_Z,Not applicable,_Z,Not applicable,A,Annual,_Z,Not applicable,_Z,Not applicable,INST_EDU_PRIV_IND,Independent private educational institutions,_Z,Not applicable,ST_CL,Students per class,_T,Total,_T,Total,2013,,21.58808,,,,,,,,,,A,Normal value,,,,,2,Two,,,0,Units
ESP,Spain,ISCED11_1,Primary education,CLS,Student classes,FE,"Formal education, includes formal initial and formal adult education programmes",_T,Total,_Z,Not applicable,_Z,Not applicable,A,Annual,_Z,Not applicable,_Z,Not applicable,INST_EDU_PRIV_IND,Independent private educational institutions,_Z,Not applicable,ST_CL,Students per class,_T,Total,_T,Total,2014,,21.7053,,,,,,,,,,A,Normal value,,,,,2,Two,,,0,Units
ESP,Spain,ISCED11_1,Primary education,CLS,Student classes,FE,"Formal education, includes formal initial and formal adult education programmes",_T,Total,_Z,Not applicable,_Z,Not applicable,A,Annual,_Z,Not applicable,_Z,Not applicable,INST_EDU_PRIV_IND,Independent private educational institutions,_Z,Not applicable,ST_CL,Students per class,_T,Total,_T,Total,2015,,21.42429,,,,,,,,,,A,Normal value,,,,,2,Two,,,0,Units
ESP,Spain,ISCED11_1,Primary education,CLS,Student classes,FE,"Formal education, includes formal initial and formal adult education programmes",_T,Total,_Z,Not applicable,_Z,Not applicable,A,Annual,_Z,Not applicable,_Z,Not applicable,INST_EDU_PRIV_IND,Independent private educational institutions,_Z,Not applicable,ST_CL,Students per class,_T,Total,_T,Total,2016,,21.40136,,,,,,,,,,A,Normal value,,,,,2,Two,,,0,Units
ESP,Spain,ISCED11_1,Primary education,CLS,Student classes,FE,"Formal education, includes formal initial and formal adult education programmes",_T,Total,_Z,Not applicable,_Z,Not applicable,A,Annual,_Z,Not applicable,_Z,Not applicable,INST_EDU_PRIV_IND,Independent private educational institutions,_Z,Not applicable,ST_CL,Students per class,_T,Total,_T,Total,2017,,21.26658,,,,,,,,,,A,Normal value,,,,,2,Two,,,0,Units
ESP,Spain,ISCED11_1,Primary education,CLS,Student classes,FE,"Formal education, includes formal initial and formal adult education programmes",_T,Total,_Z,Not applicable,_Z,Not applicable,A,Annual,_Z,Not applicable,_Z,Not applicable,INST_EDU_PRIV_IND,Independent private educational institutions,_Z,Not applicable,ST_CL,Students per class,_T,Total,_T,Total,2018,,21.49258,,,,,,,,,,A,Normal value,,,,,2,Two,,,0,Units
ESP,Spain,ISCED11_1,Primary education,CLS,Student classes,FE,"Formal education, includes formal initial and formal adult education programmes",_T,Total,_Z,Not applicable,_Z,Not applicable,A,Annual,_Z,Not applicable,_Z,Not applicable,INST_EDU_PRIV_IND,Independent private educational institutions,_Z,Not applicable,ST_CL,Students per class,_T,Total,_T,Total,2019,,19.92109,,,,,,,,,,A,Normal value,,,,,2,Two,,,0,Units
ESP,Spain,ISCED11_1,Primary education,CLS,Student classes,FE,"Formal education, includes formal initial and formal adult education programmes",_T,Total,_Z,Not applicable,_Z,Not applicable,A,Annual,_Z,Not applicable,_Z,Not applicable,INST_EDU_PRIV_IND,Independent private educational institutions,_Z,Not applicable,ST_CL,Students per class,_T,Total,_T,Total,2020,,20.13716,,,,,,,,,,A,Normal value,,,,,2,Two,,,0,Units
ESP,Spain,ISCED11_1,Primary education,CLS,Student classes,FE,"Formal education, includes formal initial and formal adult education programmes",_T,Total,_Z,Not applicable,_Z,Not applicable,A,Annual,_Z,Not applicable,_Z,Not applicable,INST_EDU_PRIV_IND,Independent private educational institutions,_Z,Not applicable,ST_CL,Students per class,_T,Total,_T,Total,2021,,19.48122,,,,,,,,,,A,Normal value,,,,,2,Two,,,0,Units
ESP,Spain,ISCED11_1,Primary education,CLS,Student classes,FE,"Formal education, includes formal initial and formal adult education programmes",_T,Total,_Z,Not applicable,_Z,Not applicable,A,Annual,_Z,Not applicable,_Z,Not applicable,INST_EDU_PRIV_IND,Independent private educational institutions,_Z,Not applicable,ST_CL,Students per class,_T,Total,_T,Total,2022,,19.16576,,,,,,,,,,A,Normal value,,,,,2,Two,,,0,Units
ESP,Spain,ISCED11_1,Primary education,CLS,Student classes,FE,"Formal education, includes formal initial and formal adult education programmes",_T,Total,_Z,Not applicable,_Z,Not applicable,A,Annual,_Z,Not applicable,_Z,Not applicable,INST_EDU_PRIV_IND,Independent private educational institutions,_Z,Not applicable,ST_CL,Students per class,_T,Total,_T,Total,2023,,19.85786,,,,,,,,,,A,Normal value,,,,,2,Two,,,0,Units
ESP,Spain,ISCED11_1,Primary education,CLS,Student classes,FE,"Formal education, includes formal initial and formal adult education programmes",_T,Total,_Z,Not applicable,_Z,Not applicable,A,Annual,_Z,Not applicable,_Z,Not applicable,INST_EDU_PRIV_IND,Independent private educational institutions,_Z,Not applicable,ST_CL,Students per class,_T,Total,_T,Total,2024,,20.07646,,,,,,,,,,A,Normal value,,,,,2,Two,,,0,Units
ESP,Spain,ISCED11_1,Primary education,CLS,Student classes,FE,"Formal education, includes formal initial and formal adult education programmes",_T,Total,_Z,Not applicable,_Z,Not applicable,A,Annual,_Z,Not applicable,_Z,Not applicable,INST_EDU,All educational institutions,_Z,Not applicable,ST_CL,Students per class,_T,Total,_T,Total,2013,,21.60583,,,,,,,,,,A,Normal value,,,,,2,Two,,,0,Units
ESP,Spain,ISCED11_1,Primary education,CLS,Student classes,FE,"Formal education, includes formal initial and formal adult education programmes",_T,Total,_Z,Not applicable,_Z,Not applicable,A,Annual,_Z,Not applicable,_Z,Not applicable,INST_EDU,All educational institutions,_Z,Not applicable,ST_CL,Students per class,_T,Total,_T,Total,2014,,21.71326,,,,,,,,,,A,Normal value,,,,,2,Two,,,0,Units
ESP,Spain,ISCED11_1,Primary education,CLS,Student classes,FE,"Formal education, includes formal initial and formal adult education programmes",_T,Total,_Z,Not applicable,_Z,Not applicable,A,Annual,_Z,Not applicable,_Z,Not applicable,INST_EDU,All educational institutions,_Z,Not applicable,ST_CL,Students per class,_T,Total,_T,Total,2015,,21.87785,,,,,,,,,,A,Normal value,,,,,2,Two,,,0,Units
ESP,Spain,ISCED11_1,Primary education,CLS,Student classes,FE,"Formal education, includes formal initial and formal adult education programmes",_T,Total,_Z,Not applicable,_Z,Not applicable,A,Annual,_Z,Not applicable,_Z,Not applicable,INST_EDU,All educational institutions,_Z,Not applicable,ST_CL,Students per class,_T,Total,_T,Total,2016,,21.87516,,,,,,,,,,A,Normal value,,,,,2,Two,,,0,Units
ESP,Spain,ISCED11_1,Primary education,CLS,Student classes,FE,"Formal education, includes formal initial and formal adult education programmes",_T,Total,_Z,Not applicable,_Z,Not applicable,A,Annual,_Z,Not applicable,_Z,Not applicable,INST_EDU,All educational institutions,_Z,Not applicable,ST_CL,Students per class,_T,Total,_T,Total,2017,,21.91607,,,,,,,,,,A,Normal value,,,,,2,Two,,,0,Units
ESP,Spain,ISCED11_1,Primary education,CLS,Student classes,FE,"Formal education, includes formal initial and formal adult education programmes",_T,Total,_Z,Not applicable,_Z,Not applicable,A,Annual,_Z,Not applicable,_Z,Not applicable,INST_EDU,All educational institutions,_Z,Not applicable,ST_CL,Students per class,_T,Total,_T,Total,2018,,21.86674,,,,,,,,,,A,Normal value,,,,,2,Two,,,0,Units
ESP,Spain,ISCED11_1,Primary education,CLS,Student classes,FE,"Formal education, includes formal initial and formal adult education programmes",_T,Total,_Z,Not applicable,_Z,Not applicable,A,Annual,_Z,Not applicable,_Z,Not applicable,INST_EDU,All educational institutions,_Z,Not applicable,ST_CL,Students per class,_T,Total,_T,Total,2019,,21.83182,,,,,,,,,,A,Normal value,,,,,2,Two,,,0,Units
ESP,Spain,ISCED11_1,Primary education,CLS,Student classes,FE,"Formal education, includes formal initial and formal adult education programmes",_T,Total,_Z,Not applicable,_Z,Not applicable,A,Annual,_Z,Not applicable,_Z,Not applicable,INST_EDU,All educational institutions,_Z,Not applicable,ST_CL,Students per class,_T,Total,_T,Total,2020,,21.74378,,,,,,,,,,A,Normal value,,,,,2,Two,,,0,Units
ESP,Spain,ISCED11_1,Primary education,CLS,Student classes,FE,"Formal education, includes formal initial and formal adult education programmes",_T,Total,_Z,Not applicable,_Z,Not applicable,A,Annual,_Z,Not applicable,_Z,Not applicable,INST_EDU,All educational institutions,_Z,Not applicable,ST_CL,Students per class,_T,Total,_T,Total,2021,,20.07261,,,,,,,,,,A,Normal value,,,,,2,Two,,,0,Units
ESP,Spain,ISCED11_1,Primary education,CLS,Student classes,FE,"Formal education, includes formal initial and formal adult education programmes",_T,Total,_Z,Not applicable,_Z,Not applicable,A,Annual,_Z,Not applicable,_Z,Not applicable,INST_EDU,All educational institutions,_Z,Not applicable,ST_CL,Students per class,_T,Total,_T,Total,2022,,20.88674,,,,,,,,,,A,Normal value,,,,,2,Two,,,0,Units
ESP,Spain,ISCED11_1,Primary education,CLS,Student classes,FE,"Formal education, includes formal initial and formal adult education programmes",_T,Total,_Z,Not applicable,_Z,Not applicable,A,Annual,_Z,Not applicable,_Z,Not applicable,INST_EDU,All educational institutions,_Z,Not applicable,ST_CL,Students per class,_T,Total,_T,Total,2023,,21.0319,,,,,,,,,,A,Normal value,,,,,2,Two,,,0,Units
ESP,Spain,ISCED11_1,Primary education,CLS,Student classes,FE,"Formal education, includes formal initial and formal adult education programmes",_T,Total,_Z,Not applicable,_Z,Not applicable,A,Annual,_Z,Not applicable,_Z,Not applicable,INST_EDU,All educational institutions,_Z,Not applicable,ST_CL,Students per class,_T,Total,_T,Total,2024,,20.87393,,,,,,,,,,A,Normal value,,,,,2,Two,,,0,Units
ITA,Italy,ISCED11_2,Lower secondary education,CLS,Student classes,FE,"Formal education, includes formal initial and formal adult education programmes",_T,Total,_Z,Not applicable,_Z,Not applicable,A,Annual,_Z,Not applicable,_Z,Not applicable,INST_EDU_PRIV_IND,Independent private educational institutions,_Z,Not applicable,ST_CL,Students per class,_T,Total,_T,Total,2013,,21.52095,,,,,,,,,,A,Normal value,,,,,2,Two,,,0,Units
ITA,Italy,ISCED11_2,Lower secondary education,CLS,Student classes,FE,"Formal education, includes formal initial and formal adult education programmes",_T,Total,_Z,Not applicable,_Z,Not applicable,A,Annual,_Z,Not applicable,_Z,Not applicable,INST_EDU_PRIV_IND,Independent private educational institutions,_Z,Not applicable,ST_CL,Students per class,_T,Total,_T,Total,2014,,21.04825,,,,,,,,,,A,Normal value,,,,,2,Two,,,0,Units
ITA,Italy,ISCED11_2,Lower secondary education,CLS,Student classes,FE,"Formal education, includes formal initial and formal adult education programmes",_T,Total,_Z,Not applicable,_Z,Not applicable,A,Annual,_Z,Not applicable,_Z,Not applicable,INST_EDU_PRIV_IND,Independent private educational institutions,_Z,Not applicable,ST_CL,Students per class,_T,Total,_T,Total,2015,,20.77821,,,,,,,,,,A,Normal value,,,,,2,Two,,,0,Units
ITA,Italy,ISCED11_2,Lower secondary education,CLS,Student classes,FE,"Formal education, includes formal initial and formal adult education programmes",_T,Total,_Z,Not applicable,_Z,Not applicable,A,Annual,_Z,Not applicable,_Z,Not applicable,INST_EDU_PRIV_IND,Independent private educational institutions,_Z,Not applicable,ST_CL,Students per class,_T,Total,_T,Total,2016,,20.91293,,,,,,,,,,A,Normal value,,,,,2,Two,,,0,Units
ITA,Italy,ISCED11_2,Lower secondary education,CLS,Student classes,FE,"Formal education, includes formal initial and formal adult education programmes",_T,Total,_Z,Not applicable,_Z,Not applicable,A,Annual,_Z,Not applicable,_Z,Not applicable,INST_EDU_PRIV_IND,Independent private educational institutions,_Z,Not applicable,ST_CL,Students per class,_T,Total,_T,Total,2017,,21.08977,,,,,,,,,,A,Normal value,,,,,2,Two,,,0,Units
ITA,Italy,ISCED11_2,Lower secondary education,CLS,Student classes,FE,"Formal education, includes formal initial and formal adult education programmes",_T,Total,_Z,Not applicable,_Z,Not applicable,A,Annual,_Z,Not applicable,_Z,Not applicable,INST_EDU_PRIV_IND,Independent private educational institutions,_Z,Not applicable,ST_CL,Students per class,_T,Total,_T,Total,2018,,21.19817,,,,,,,,,,A,Normal value,,,,,2,Two,,,0,Units
ITA,Italy,ISCED11_2,Lower secondary education,CLS,Student classes,FE,"Formal education, includes formal initial and formal adult education programmes",_T,Total,_Z,Not applicable,_Z,Not applicable,A,Annual,_Z,Not applicable,_Z,Not applicable,INST_EDU_PRIV_IND,Independent private educational institutions,_Z,Not applicable,ST_CL,Students per class,_T,Total,_T,Total,2019,,21.13697,,,,,,,,,,A,Normal value,,,,,2,Two,,,0,Units
ITA,Italy,ISCED11_2,Lower secondary education,CLS,Student classes,FE,"Formal education, includes formal initial and formal adult education programmes",_T,Total,_Z,Not applicable,_Z,Not applicable,A,Annual,_Z,Not applicable,_Z,Not applicable,INST_EDU_PRIV_IND,Independent private educational institutions,_Z,Not applicable,ST_CL,Students per class,_T,Total,_T,Total,2020,,21.20265,,,,,,,,,,A,Normal value,,,,,2,Two,,,0,Units
ITA,Italy,ISCED11_2,Lower secondary education,CLS,Student classes,FE,"Formal education, includes formal initial and formal adult education programmes",_T,Total,_Z,Not applicable,_Z,Not applicable,A,Annual,_Z,Not applicable,_Z,Not applicable,INST_EDU_PRIV_IND,Independent private educational institutions,_Z,Not applicable,ST_CL,Students per class,_T,Total,_T,Total,2021,,20.7387,,,,,,,,,,A,Normal value,,,,,2,Two,,,0,Units
ITA,Italy,ISCED11_2,Lower secondary education,CLS,Student classes,FE,"Formal education, includes formal initial and formal adult education programmes",_T,Total,_Z,Not applicable,_Z,Not applicable,A,Annual,_Z,Not applicable,_Z,Not applicable,INST_EDU_PRIV_IND,Independent private educational institutions,_Z,Not applicable,ST_CL,Students per class,_T,Total,_T,Total,2022,,20.80551,,,,,,,,,,A,Normal value,,,,,2,Two,,,0,Units
ITA,Italy,ISCED11_2,Lower secondary education,CLS,Student classes,FE,"Formal education, includes formal initial and formal adult education programmes",_T,Total,_Z,Not applicable,_Z,Not applicable,A,Annual,_Z,Not applicable,_Z,Not applicable,INST_EDU_PRIV_IND,Independent private educational institutions,_Z,Not applicable,ST_CL,Students per class,_T,Total,_T,Total,2023,,20.84765,,,,,,,,,,A,Normal value,,,,,2,Two,,,0,Units
ITA,Italy,ISCED11_2,Lower secondary education,CLS,Student classes,FE,"Formal education, includes formal initial and formal adult education programmes",_T,Total,_Z,Not applicable,_Z,Not applicable,A,Annual,_Z,Not applicable,_Z,Not applicable,INST_EDU_PRIV_IND,Independent private educational institutions,_Z,Not applicable,ST_CL,Students per class,_T,Total,_T,Total,2024,,20.70708,,,,,,,,,,A,Normal value,,,,,2,Two,,,0,Units
OECD,OECD,ISCED11_1,Primary education,CLS,Student classes,FE,"Formal education, includes formal initial and formal adult education programmes",_T,Total,_Z,Not applicable,_Z,Not applicable,A,Annual,_Z,Not applicable,_Z,Not applicable,INST_EDU_PRIV_IND,Independent private educational institutions,_Z,Not applicable,ST_CL,Students per class,_T,Total,_T,Total,2013,,18.8844195,,,,,,,,,,A,Normal value,,,,,2,Two,,,0,Units
OECD,OECD,ISCED11_1,Primary education,CLS,Student classes,FE,"Formal education, includes formal initial and formal adult education programmes",_T,Total,_Z,Not applicable,_Z,Not applicable,A,Annual,_Z,Not applicable,_Z,Not applicable,INST_EDU_PRIV_IND,Independent private educational institutions,_Z,Not applicable,ST_CL,Students per class,_T,Total,_T,Total,2014,,18.8386339411765,,,,,,,,,,A,Normal value,,,,,2,Two,,,0,Units
OECD,OECD,ISCED11_1,Primary education,CLS,Student classes,FE,"Formal education, includes formal initial and formal adult education programmes",_T,Total,_Z,Not applicable,_Z,Not applicable,A,Annual,_Z,Not applicable,_Z,Not applicable,INST_EDU_PRIV_IND,Independent private educational institutions,_Z,Not applicable,ST_CL,Students per class,_T,Total,_T,Total,2015,,18.9260049411765,,,,,,,,,,A,Normal value,,,,,2,Two,,,0,Units
OECD,OECD,ISCED11_1,Primary education,CLS,Student classes,FE,"Formal education, includes formal initial and formal adult education programmes",_T,Total,_Z,Not applicable,_Z,Not applicable,A,Annual,_Z,Not applicable,_Z,Not applicable,INST_EDU_PRIV_IND,Independent private educational institutions,_Z,Not applicable,ST_CL,Students per class,_T,Total,_T,Total,2016,,18.273756,,,,,,,,,,A,Normal value,,,,,2,Two,,,0,Units
OECD,OECD,ISCED11_1,Primary education,CLS,Student classes,FE,"Formal education, includes formal initial and formal adult education programmes",_T,Total,_Z,Not applicable,_Z,Not applicable,A,Annual,_Z,Not applicable,_Z,Not applicable,INST_EDU_PRIV_IND,Independent private educational institutions,_Z,Not applicable,ST_CL,Students per class,_T,Total,_T,Total,2017,,18.4073873888889,,,,,,,,,,A,Normal value,,,,,2,Two,,,0,Units
OECD,OECD,ISCED11_1,Primary education,CLS,Student classes,FE,"Formal education, includes formal initial and formal adult education programmes",_T,Total,_Z,Not applicable,_Z,Not applicable,A,Annual,_Z,Not applicable,_Z,Not applicable,INST_EDU_PRIV_IND,Independent private educational institutions,_Z,Not applicable,ST_CL,Students per class,_T,Total,_T,Total,2018,,17.9895017222222,,,,,,,,,,A,Normal value,,,,,2,Two,,,0,Units
OECD,OECD,ISCED11_1,Primary education,CLS,Student classes,FE,"Formal education, includes formal initial and formal adult education programmes",_T,Total,_Z,Not applicable,_Z,Not applicable,A,Annual,_Z,Not applicable,_Z,Not applicable,INST_EDU_PRIV_IND,Independent private educational institutions,_Z,Not applicable,ST_CL,Students per class,_T,Total,_T,Total,2019,,16.7572136842105,,,,,,,,,,A,Normal value,,,,,2,Two,,,0,Units
OECD,OECD,ISCED11_1,Primary education,CLS,Student classes,FE,"Formal education, includes formal initial and formal adult education programmes",_T,Total,_Z,Not applicable,_Z,Not applicable,A,Annual,_Z,Not applicable,_Z,Not applicable,INST_EDU_PRIV_IND,Independent private educational institutions,_Z,Not applicable,ST_CL,Students per class,_T,Total,_T,Total,2020,,17.6964341176471,,,,,,,,,,A,Normal value,,,,,2,Two,,,0,Units
OECD,OECD,ISCED11_1,Primary education,CLS,Student classes,FE,"Formal education, includes formal initial and formal adult education programmes",_T,Total,_Z,Not applicable,_Z,Not applicable,A,Annual,_Z,Not applicable,_Z,Not applicable,INST_EDU_PRIV_IND,Independent private educational institutions,_Z,Not applicable,ST_CL,Students per class,_T,Total,_T,Total,2021,,18.7312227777778,,,,,,,,,,A,Normal value,,,,,2,Two,,,0,Units
OECD,OECD,ISCED11_1,Primary education,CLS,Student classes,FE,"Formal education, includes formal initial and formal adult education programmes",_T,Total,_Z,Not applicable,_Z,Not applicable,A,Annual,_Z,Not applicable,_Z,Not applicable,INST_EDU_PRIV_IND,Independent private educational institutions,_Z,Not applicable,ST_CL,Students per class,_T,Total,_T,Total,2022,,17.6558257894737,,,,,,,,,,A,Normal value,,,,,2,Two,,,0,Units
OECD,OECD,ISCED11_1,Primary education,CLS,Student classes,FE,"Formal education, includes formal initial and formal adult education programmes",_T,Total,_Z,Not applicable,_Z,Not applicable,A,Annual,_Z,Not applicable,_Z,Not applicable,INST_EDU_PRIV_IND,Independent private educational institutions,_Z,Not applicable,ST_CL,Students per class,_T,Total,_T,Total,2023,,17.4179684210526,,,,,,,,,,A,Normal value,,,,,2,Two,,,0,Units
ESP,Spain,ISCED11_2,Lower secondary education,CLS,Student classes,FE,"Formal education, includes formal initial and formal adult education programmes",_T,Total,_Z,Not applicable,_Z,Not applicable,A,Annual,_Z,Not applicable,_Z,Not applicable,INST_EDU_PRIV,Private educational institutions,_Z,Not applicable,ST_CL,Students per class,_T,Total,_T,Total,2013,,26.02219,,,,,,,,,,A,Normal value,,,,,2,Two,,,0,Units
ESP,Spain,ISCED11_2,Lower secondary education,CLS,Student classes,FE,"Formal education, includes formal initial and formal adult education programmes",_T,Total,_Z,Not applicable,_Z,Not applicable,A,Annual,_Z,Not applicable,_Z,Not applicable,INST_EDU_PRIV,Private educational institutions,_Z,Not applicable,ST_CL,Students per class,_T,Total,_T,Total,2014,,26.17974,,,,,,,,,,A,Normal value,,,,,2,Two,,,0,Units
ESP,Spain,ISCED11_2,Lower secondary education,CLS,Student classes,FE,"Formal education, includes formal initial and formal adult education programmes",_T,Total,_Z,Not applicable,_Z,Not applicable,A,Annual,_Z,Not applicable,_Z,Not applicable,INST_EDU_PRIV,Private educational institutions,_Z,Not applicable,ST_CL,Students per class,_T,Total,_T,Total,2015,,26.35845,,,,,,,,,,A,Normal value,,,,,2,Two,,,0,Units
ESP,Spain,ISCED11_2,Lower secondary education,CLS,Student classes,FE,"Formal education, includes formal initial and formal adult education programmes",_T,Total,_Z,Not applicable,_Z,Not applicable,A,Annual,_Z,Not applicable,_Z,Not applicable,INST_EDU_PRIV,Private educational institutions,_Z,Not applicable,ST_CL,Students per class,_T,Total,_T,Total,2016,,26.4432,,,,,,,,,,A,Normal value,,,,,2,Two,,,0,Units
ESP,Spain,ISCED11_2,Lower secondary education,CLS,Student classes,FE,"Formal education, includes formal initial and formal adult education programmes",_T,Total,_Z,Not applicable,_Z,Not applicable,A,Annual,_Z,Not applicable,_Z,Not applicable,INST_EDU_PRIV,Private educational institutions,_Z,Not applicable,ST_CL,Students per class,_T,Total,_T,Total,2017,,26.54506,,,,,,,,,,A,Normal value,,,,,2,Two,,,0,Units
ESP,Spain,ISCED11_2,Lower secondary education,CLS,Student classes,FE,"Formal education, includes formal initial and formal adult education programmes",_T,Total,_Z,Not applicable,_Z,Not applicable,A,Annual,_Z,Not applicable,_Z,Not applicable,INST_EDU_PRIV,Private educational institutions,_Z,Not applicable,ST_CL,Students per class,_T,Total,_T,Total,2018,,26.40671,,,,,,,,,,A,Normal value,,,,,2,Two,,,0,Units
ESP,Spain,ISCED11_2,Lower secondary education,CLS,Student classes,FE,"Formal education, includes formal initial and formal adult education programmes",_T,Total,_Z,Not applicable,_Z,Not applicable,A,Annual,_Z,Not applicable,_Z,Not applicable,INST_EDU_PRIV,Private educational institutions,_Z,Not applicable,ST_CL,Students per class,_T,Total,_T,Total,2019,,26.67863,,,,,,,,,,A,Normal value,,,,,2,Two,,,0,Units
ESP,Spain,ISCED11_2,Lower secondary education,CLS,Student classes,FE,"Formal education, includes formal initial and formal adult education programmes",_T,Total,_Z,Not applicable,_Z,Not applicable,A,Annual,_Z,Not applicable,_Z,Not applicable,INST_EDU_PRIV,Private educational institutions,_Z,Not applicable,ST_CL,Students per class,_T,Total,_T,Total,2020,,26.60552,,,,,,,,,,A,Normal value,,,,,2,Two,,,0,Units
ESP,Spain,ISCED11_2,Lower secondary education,CLS,Student classes,FE,"Formal education, includes formal initial and formal adult education programmes",_T,Total,_Z,Not applicable,_Z,Not applicable,A,Annual,_Z,Not applicable,_Z,Not applicable,INST_EDU_PRIV,Private educational institutions,_Z,Not applicable,ST_CL,Students per class,_T,Total,_T,Total,2021,,25.26927,,,,,,,,,,A,Normal value,,,,,2,Two,,,0,Units
ESP,Spain,ISCED11_2,Lower secondary education,CLS,Student classes,FE,"Formal education, includes formal initial and formal adult education programmes",_T,Total,_Z,Not applicable,_Z,Not applicable,A,Annual,_Z,Not applicable,_Z,Not applicable,INST_EDU_PRIV,Private educational institutions,_Z,Not applicable,ST_CL,Students per class,_T,Total,_T,Total,2022,,26.3382,,,,,,,,,,A,Normal value,,,,,2,Two,,,0,Units
ESP,Spain,ISCED11_2,Lower secondary education,CLS,Student classes,FE,"Formal education, includes formal initial and formal adult education programmes",_T,Total,_Z,Not applicable,_Z,Not applicable,A,Annual,_Z,Not applicable,_Z,Not applicable,INST_EDU_PRIV,Private educational institutions,_Z,Not applicable,ST_CL,Students per class,_T,Total,_T,Total,2023,,26.24421,,,,,,,,,,A,Normal value,,,,,2,Two,,,0,Units
ESP,Spain,ISCED11_2,Lower secondary education,CLS,Student classes,FE,"Formal education, includes formal initial and formal adult education programmes",_T,Total,_Z,Not applicable,_Z,Not applicable,A,Annual,_Z,Not applicable,_Z,Not applicable,INST_EDU_PRIV,Private educational institutions,_Z,Not applicable,ST_CL,Students per class,_T,Total,_T,Total,2024,,26.27634,,,,,,,,,,A,Normal value,,,,,2,Two,,,0,Units
OECD,OECD,ISCED11_2,Lower secondary education,CLS,Student classes,FE,"Formal education, includes formal initial and formal adult education programmes",_T,Total,_Z,Not applicable,_Z,Not applicable,A,Annual,_Z,Not applicable,_Z,Not applicable,INST_EDU_PRIV_GOV,Government dependent private educational institutions,_Z,Not applicable,ST_CL,Students per class,_T,Total,_T,Total,2013,,22.5632411764706,,,,,,,,,,A,Normal value,,,,,2,Two,,,0,Units
OECD,OECD,ISCED11_2,Lower secondary education,CLS,Student classes,FE,"Formal education, includes formal initial and formal adult education programmes",_T,Total,_Z,Not applicable,_Z,Not applicable,A,Annual,_Z,Not applicable,_Z,Not applicable,INST_EDU_PRIV_GOV,Government dependent private educational institutions,_Z,Not applicable,ST_CL,Students per class,_T,Total,_T,Total,2014,,22.3180333333333,,,,,,,,,,A,Normal value,,,,,2,Two,,,0,Units
OECD,OECD,ISCED11_2,Lower secondary education,CLS,Student classes,FE,"Formal education, includes formal initial and formal adult education programmes",_T,Total,_Z,Not applicable,_Z,Not applicable,A,Annual,_Z,Not applicable,_Z,Not applicable,INST_EDU_PRIV_GOV,Government dependent private educational institutions,_Z,Not applicable,ST_CL,Students per class,_T,Total,_T,Total,2015,,22.4736194444444,,,,,,,,,,A,Normal value,,,,,2,Two,,,0,Units
OECD,OECD,ISCED11_2,Lower secondary education,CLS,Student classes,FE,"Formal education, includes formal initial and formal adult education programmes",_T,Total,_Z,Not applicable,_Z,Not applicable,A,Annual,_Z,Not applicable,_Z,Not applicable,INST_EDU_PRIV_GOV,Government dependent private educational institutions,_Z,Not applicable,ST_CL,Students per class,_T,Total,_T,Total,2016,,22.1072047368421,,,,,,,,,,A,Normal value,,,,,2,Two,,,0,Units
OECD,OECD,ISCED11_2,Lower secondary education,CLS,Student classes,FE,"Formal education, includes formal initial and formal adult education programmes",_T,Total,_Z,Not applicable,_Z,Not applicable,A,Annual,_Z,Not applicable,_Z,Not applicable,INST_EDU_PRIV_GOV,Government dependent private educational institutions,_Z,Not applicable,ST_CL,Students per class,_T,Total,_T,Total,2017,,21.9692610526316,,,,,,,,,,A,Normal value,,,,,2,Two,,,0,Units
OECD,OECD,ISCED11_2,Lower secondary education,CLS,Student classes,FE,"Formal education, includes formal initial and formal adult education programmes",_T,Total,_Z,Not applicable,_Z,Not applicable,A,Annual,_Z,Not applicable,_Z,Not applicable,INST_EDU_PRIV_GOV,Government dependent private educational institutions,_Z,Not applicable,ST_CL,Students per class,_T,Total,_T,Total,2018,,22.1757155,,,,,,,,,,A,Normal value,,,,,2,Two,,,0,Units
OECD,OECD,ISCED11_2,Lower secondary education,CLS,Student classes,FE,"Formal education, includes formal initial and formal adult education programmes",_T,Total,_Z,Not applicable,_Z,Not applicable,A,Annual,_Z,Not applicable,_Z,Not applicable,INST_EDU_PRIV_GOV,Government dependent private educational institutions,_Z,Not applicable,ST_CL,Students per class,_T,Total,_T,Total,2019,,20.8399385714286,,,,,,,,,,A,Normal value,,,,,2,Two,,,0,Units
OECD,OECD,ISCED11_2,Lower secondary education,CLS,Student classes,FE,"Formal education, includes formal initial and formal adult education programmes",_T,Total,_Z,Not applicable,_Z,Not applicable,A,Annual,_Z,Not applicable,_Z,Not applicable,INST_EDU_PRIV_GOV,Government dependent private educational institutions,_Z,Not applicable,ST_CL,Students per class,_T,Total,_T,Total,2020,,20.645345,,,,,,,,,,A,Normal value,,,,,2,Two,,,0,Units
OECD,OECD,ISCED11_2,Lower secondary education,CLS,Student classes,FE,"Formal education, includes formal initial and formal adult education programmes",_T,Total,_Z,Not applicable,_Z,Not applicable,A,Annual,_Z,Not applicable,_Z,Not applicable,INST_EDU_PRIV_GOV,Government dependent private educational institutions,_Z,Not applicable,ST_CL,Students per class,_T,Total,_T,Total,2021,,20.5049185,,,,,,,,,,A,Normal value,,,,,2,Two,,,0,Units
OECD,OECD,ISCED11_2,Lower secondary education,CLS,Student classes,FE,"Formal education, includes formal initial and formal adult education programmes",_T,Total,_Z,Not applicable,_Z,Not applicable,A,Annual,_Z,Not applicable,_Z,Not applicable,INST_EDU_PRIV_GOV,Government dependent private educational institutions,_Z,Not applicable,ST_CL,Students per class,_T,Total,_T,Total,2022,,20.496289047619,,,,,,,,,,A,Normal value,,,,,2,Two,,,0,Units
OECD,OECD,ISCED11_2,Lower secondary education,CLS,Student classes,FE,"Formal education, includes formal initial and formal adult education programmes",_T,Total,_Z,Not applicable,_Z,Not applicable,A,Annual,_Z,Not applicable,_Z,Not applicable,INST_EDU_PRIV_GOV,Government dependent private educational institutions,_Z,Not applicable,ST_CL,Students per class,_T,Total,_T,Total,2023,,20.6670509523809,,,,,,,,,,A,Normal value,,,,,2,Two,,,0,Units
ESP,Spain,ISCED11_2,Lower secondary education,CLS,Student classes,FE,"Formal education, includes formal initial and formal adult education programmes",_T,Total,_Z,Not applicable,_Z,Not applicable,A,Annual,_Z,Not applicable,_Z,Not applicable,INST_EDU,All educational institutions,_Z,Not applicable,ST_CL,Students per class,_T,Total,_T,Total,2013,,25.36825,,,,,,,,,,A,Normal value,,,,,2,Two,,,0,Units
ESP,Spain,ISCED11_2,Lower secondary education,CLS,Student classes,FE,"Formal education, includes formal initial and formal adult education programmes",_T,Total,_Z,Not applicable,_Z,Not applicable,A,Annual,_Z,Not applicable,_Z,Not applicable,INST_EDU,All educational institutions,_Z,Not applicable,ST_CL,Students per class,_T,Total,_T,Total,2014,,25.44719,,,,,,,,,,A,Normal value,,,,,2,Two,,,0,Units
ESP,Spain,ISCED11_2,Lower secondary education,CLS,Student classes,FE,"Formal education, includes formal initial and formal adult education programmes",_T,Total,_Z,Not applicable,_Z,Not applicable,A,Annual,_Z,Not applicable,_Z,Not applicable,INST_EDU,All educational institutions,_Z,Not applicable,ST_CL,Students per class,_T,Total,_T,Total,2015,,25.56394,,,,,,,,,,A,Normal value,,,,,2,Two,,,0,Units
ESP,Spain,ISCED11_2,Lower secondary education,CLS,Student classes,FE,"Formal education, includes formal initial and formal adult education programmes",_T,Total,_Z,Not applicable,_Z,Not applicable,A,Annual,_Z,Not applicable,_Z,Not applicable,INST_EDU,All educational institutions,_Z,Not applicable,ST_CL,Students per class,_T,Total,_T,Total,2016,,25.62613,,,,,,,,,,A,Normal value,,,,,2,Two,,,0,Units
ESP,Spain,ISCED11_2,Lower secondary education,CLS,Student classes,FE,"Formal education, includes formal initial and formal adult education programmes",_T,Total,_Z,Not applicable,_Z,Not applicable,A,Annual,_Z,Not applicable,_Z,Not applicable,INST_EDU,All educational institutions,_Z,Not applicable,ST_CL,Students per class,_T,Total,_T,Total,2017,,25.36943,,,,,,,,,,A,Normal value,,,,,2,Two,,,0,Units
ESP,Spain,ISCED11_2,Lower secondary education,CLS,Student classes,FE,"Formal education, includes formal initial and formal adult education programmes",_T,Total,_Z,Not applicable,_Z,Not applicable,A,Annual,_Z,Not applicable,_Z,Not applicable,INST_EDU,All educational institutions,_Z,Not applicable,ST_CL,Students per class,_T,Total,_T,Total,2018,,25.37438,,,,,,,,,,A,Normal value,,,,,2,Two,,,0,Units
ESP,Spain,ISCED11_2,Lower secondary education,CLS,Student classes,FE,"Formal education, includes formal initial and formal adult education programmes",_T,Total,_Z,Not applicable,_Z,Not applicable,A,Annual,_Z,Not applicable,_Z,Not applicable,INST_EDU,All educational institutions,_Z,Not applicable,ST_CL,Students per class,_T,Total,_T,Total,2019,,25.38308,,,,,,,,,,A,Normal value,,,,,2,Two,,,0,Units
ESP,Spain,ISCED11_2,Lower secondary education,CLS,Student classes,FE,"Formal education, includes formal initial and formal adult education programmes",_T,Total,_Z,Not applicable,_Z,Not applicable,A,Annual,_Z,Not applicable,_Z,Not applicable,INST_EDU,All educational institutions,_Z,Not applicable,ST_CL,Students per class,_T,Total,_T,Total,2020,,25.30944,,,,,,,,,,A,Normal value,,,,,2,Two,,,0,Units
ESP,Spain,ISCED11_2,Lower secondary education,CLS,Student classes,FE,"Formal education, includes formal initial and formal adult education programmes",_T,Total,_Z,Not applicable,_Z,Not applicable,A,Annual,_Z,Not applicable,_Z,Not applicable,INST_EDU,All educational institutions,_Z,Not applicable,ST_CL,Students per class,_T,Total,_T,Total,2021,,23.38675,,,,,,,,,,A,Normal value,,,,,2,Two,,,0,Units
ESP,Spain,ISCED11_2,Lower secondary education,CLS,Student classes,FE,"Formal education, includes formal initial and formal adult education programmes",_T,Total,_Z,Not applicable,_Z,Not applicable,A,Annual,_Z,Not applicable,_Z,Not applicable,INST_EDU,All educational institutions,_Z,Not applicable,ST_CL,Students per class,_T,Total,_T,Total,2022,,24.52161,,,,,,,,,,A,Normal value,,,,,2,Two,,,0,Units
ESP,Spain,ISCED11_2,Lower secondary education,CLS,Student classes,FE,"Formal education, includes formal initial and formal adult education programmes",_T,Total,_Z,Not applicable,_Z,Not applicable,A,Annual,_Z,Not applicable,_Z,Not applicable,INST_EDU,All educational institutions,_Z,Not applicable,ST_CL,Students per class,_T,Total,_T,Total,2023,,24.94794,,,,,,,,,,A,Normal value,,,,,2,Two,,,0,Units
ESP,Spain,ISCED11_2,Lower secondary education,CLS,Student classes,FE,"Formal education, includes formal initial and formal adult education programmes",_T,Total,_Z,Not applicable,_Z,Not applicable,A,Annual,_Z,Not applicable,_Z,Not applicable,INST_EDU,All educational institutions,_Z,Not applicable,ST_CL,Students per class,_T,Total,_T,Total,2024,,24.98509,,,,,,,,,,A,Normal value,,,,,2,Two,,,0,Units
EU25,European Union (25 countries),ISCED11_1,Primary education,CLS,Student classes,FE,"Formal education, includes formal initial and formal adult education programmes",_T,Total,_Z,Not applicable,_Z,Not applicable,A,Annual,_Z,Not applicable,_Z,Not applicable,INST_EDU_PRIV,Private educational institutions,_Z,Not applicable,ST_CL,Students per class,_T,Total,_T,Total,2013,,15.2312216,,,,,,,,,,A,Normal value,,,,,2,Two,,,0,Units
EU25,European Union (25 countries),ISCED11_1,Primary education,CLS,Student classes,FE,"Formal education, includes formal initial and formal adult education programmes",_T,Total,_Z,Not applicable,_Z,Not applicable,A,Annual,_Z,Not applicable,_Z,Not applicable,INST_EDU_PRIV,Private educational institutions,_Z,Not applicable,ST_CL,Students per class,_T,Total,_T,Total,2014,,15.5040253181818,,,,,,,,,,A,Normal value,,,,,2,Two,,,0,Units
EU25,European Union (25 countries),ISCED11_1,Primary education,CLS,Student classes,FE,"Formal education, includes formal initial and formal adult education programmes",_T,Total,_Z,Not applicable,_Z,Not applicable,A,Annual,_Z,Not applicable,_Z,Not applicable,INST_EDU_PRIV,Private educational institutions,_Z,Not applicable,ST_CL,Students per class,_T,Total,_T,Total,2015,,15.8934097272727,,,,,,,,,,A,Normal value,,,,,2,Two,,,0,Units
EU25,European Union (25 countries),ISCED11_1,Primary education,CLS,Student classes,FE,"Formal education, includes formal initial and formal adult education programmes",_T,Total,_Z,Not applicable,_Z,Not applicable,A,Annual,_Z,Not applicable,_Z,Not applicable,INST_EDU_PRIV,Private educational institutions,_Z,Not applicable,ST_CL,Students per class,_T,Total,_T,Total,2016,,49.2285435909091,,,,,,,,,,A,Normal value,,,,,2,Two,,,0,Units
EU25,European Union (25 countries),ISCED11_1,Primary education,CLS,Student classes,FE,"Formal education, includes formal initial and formal adult education programmes",_T,Total,_Z,Not applicable,_Z,Not applicable,A,Annual,_Z,Not applicable,_Z,Not applicable,INST_EDU_PRIV,Private educational institutions,_Z,Not applicable,ST_CL,Students per class,_T,Total,_T,Total,2017,,16.3952652727273,,,,,,,,,,A,Normal value,,,,,2,Two,,,0,Units
EU25,European Union (25 countries),ISCED11_1,Primary education,CLS,Student classes,FE,"Formal education, includes formal initial and formal adult education programmes",_T,Total,_Z,Not applicable,_Z,Not applicable,A,Annual,_Z,Not applicable,_Z,Not applicable,INST_EDU_PRIV,Private educational institutions,_Z,Not applicable,ST_CL,Students per class,_T,Total,_T,Total,2018,,15.7469543333333,,,,,,,,,,A,Normal value,,,,,2,Two,,,0,Units
EU25,European Union (25 countries),ISCED11_1,Primary education,CLS,Student classes,FE,"Formal education, includes formal initial and formal adult education programmes",_T,Total,_Z,Not applicable,_Z,Not applicable,A,Annual,_Z,Not applicable,_Z,Not applicable,INST_EDU_PRIV,Private educational institutions,_Z,Not applicable,ST_CL,Students per class,_T,Total,_T,Total,2019,,15.6597584761905,,,,,,,,,,A,Normal value,,,,,2,Two,,,0,Units
EU25,European Union (25 countries),ISCED11_1,Primary education,CLS,Student classes,FE,"Formal education, includes formal initial and formal adult education programmes",_T,Total,_Z,Not applicable,_Z,Not applicable,A,Annual,_Z,Not applicable,_Z,Not applicable,INST_EDU_PRIV,Private educational institutions,_Z,Not applicable,ST_CL,Students per class,_T,Total,_T,Total,2020,,16.4981271428571,,,,,,,,,,A,Normal value,,,,,2,Two,,,0,Units
EU25,European Union (25 countries),ISCED11_1,Primary education,CLS,Student classes,FE,"Formal education, includes formal initial and formal adult education programmes",_T,Total,_Z,Not applicable,_Z,Not applicable,A,Annual,_Z,Not applicable,_Z,Not applicable,INST_EDU_PRIV,Private educational institutions,_Z,Not applicable,ST_CL,Students per class,_T,Total,_T,Total,2021,,16.4911813636364,,,,,,,,,,A,Normal value,,,,,2,Two,,,0,Units
EU25,European Union (25 countries),ISCED11_1,Primary education,CLS,Student classes,FE,"Formal education, includes formal initial and formal adult education programmes",_T,Total,_Z,Not applicable,_Z,Not applicable,A,Annual,_Z,Not applicable,_Z,Not applicable,INST_EDU_PRIV,Private educational institutions,_Z,Not applicable,ST_CL,Students per class,_T,Total,_T,Total,2022,,17.8962386363636,,,,,,,,,,A,Normal value,,,,,2,Two,,,0,Units
EU25,European Union (25 countries),ISCED11_1,Primary education,CLS,Student classes,FE,"Formal education, includes formal initial and formal adult education programmes",_T,Total,_Z,Not applicable,_Z,Not applicable,A,Annual,_Z,Not applicable,_Z,Not applicable,INST_EDU_PRIV,Private educational institutions,_Z,Not applicable,ST_CL,Students per class,_T,Total,_T,Total,2023,,18.1566156521739,,,,,,,,,,A,Normal value,,,,,2,Two,,,0,Units
DEU,Germany,ISCED11_2,Lower secondary education,CLS,Student classes,FE,"Formal education, includes formal initial and formal adult education programmes",_T,Total,_Z,Not applicable,_Z,Not applicable,A,Annual,_Z,Not applicable,_Z,Not applicable,INST_EDU_PRIV_IND,Independent private educational institutions,_Z,Not applicable,ST_CL,Students per class,_T,Total,_T,Total,2013,,,,,,,,,,,,K,Data included in another category,,,,,2,Two,,,0,Units
DEU,Germany,ISCED11_2,Lower secondary education,CLS,Student classes,FE,"Formal education, includes formal initial and formal adult education programmes",_T,Total,_Z,Not applicable,_Z,Not applicable,A,Annual,_Z,Not applicable,_Z,Not applicable,INST_EDU_PRIV_IND,Independent private educational institutions,_Z,Not applicable,ST_CL,Students per class,_T,Total,_T,Total,2014,,,,,,,,,,,,K,Data included in another category,,,,,2,Two,,,0,Units
DEU,Germany,ISCED11_2,Lower secondary education,CLS,Student classes,FE,"Formal education, includes formal initial and formal adult education programmes",_T,Total,_Z,Not applicable,_Z,Not applicable,A,Annual,_Z,Not applicable,_Z,Not applicable,INST_EDU_PRIV_IND,Independent private educational institutions,_Z,Not applicable,ST_CL,Students per class,_T,Total,_T,Total,2015,,,,,,,,,,,,K,Data included in another category,,,,,2,Two,,,0,Units
DEU,Germany,ISCED11_2,Lower secondary education,CLS,Student classes,FE,"Formal education, includes formal initial and formal adult education programmes",_T,Total,_Z,Not applicable,_Z,Not applicable,A,Annual,_Z,Not applicable,_Z,Not applicable,INST_EDU_PRIV_IND,Independent private educational institutions,_Z,Not applicable,ST_CL,Students per class,_T,Total,_T,Total,2016,,,,,,,,,,,,K,Data included in another category,,,,,2,Two,,,0,Units
DEU,Germany,ISCED11_2,Lower secondary education,CLS,Student classes,FE,"Formal education, includes formal initial and formal adult education programmes",_T,Total,_Z,Not applicable,_Z,Not applicable,A,Annual,_Z,Not applicable,_Z,Not applicable,INST_EDU_PRIV_IND,Independent private educational institutions,_Z,Not applicable,ST_CL,Students per class,_T,Total,_T,Total,2017,,,,,,,,,,,,K,Data included in another category,,,,,2,Two,,,0,Units
DEU,Germany,ISCED11_2,Lower secondary education,CLS,Student classes,FE,"Formal education, includes formal initial and formal adult education programmes",_T,Total,_Z,Not applicable,_Z,Not applicable,A,Annual,_Z,Not applicable,_Z,Not applicable,INST_EDU_PRIV_IND,Independent private educational institutions,_Z,Not applicable,ST_CL,Students per class,_T,Total,_T,Total,2018,,,,,,,,,,,,K,Data included in another category,,,,,2,Two,,,0,Units
DEU,Germany,ISCED11_2,Lower secondary education,CLS,Student classes,FE,"Formal education, includes formal initial and formal adult education programmes",_T,Total,_Z,Not applicable,_Z,Not applicable,A,Annual,_Z,Not applicable,_Z,Not applicable,INST_EDU_PRIV_IND,Independent private educational institutions,_Z,Not applicable,ST_CL,Students per class,_T,Total,_T,Total,2019,,,,,,,,,,,,K,Data included in another category,,,,,2,Two,,,0,Units
DEU,Germany,ISCED11_2,Lower secondary education,CLS,Student classes,FE,"Formal education, includes formal initial and formal adult education programmes",_T,Total,_Z,Not applicable,_Z,Not applicable,A,Annual,_Z,Not applicable,_Z,Not applicable,INST_EDU_PRIV_IND,Independent private educational institutions,_Z,Not applicable,ST_CL,Students per class,_T,Total,_T,Total,2020,,,,,,,,,,,,K,Data included in another category,,,,,2,Two,,,0,Units
DEU,Germany,ISCED11_2,Lower secondary education,CLS,Student classes,FE,"Formal education, includes formal initial and formal adult education programmes",_T,Total,_Z,Not applicable,_Z,Not applicable,A,Annual,_Z,Not applicable,_Z,Not applicable,INST_EDU_PRIV_IND,Independent private educational institutions,_Z,Not applicable,ST_CL,Students per class,_T,Total,_T,Total,2021,,,,,,,,,,,,K,Data included in another category,,,,,2,Two,,,0,Units
DEU,Germany,ISCED11_2,Lower secondary education,CLS,Student classes,FE,"Formal education, includes formal initial and formal adult education programmes",_T,Total,_Z,Not applicable,_Z,Not applicable,A,Annual,_Z,Not applicable,_Z,Not applicable,INST_EDU_PRIV_IND,Independent private educational institutions,_Z,Not applicable,ST_CL,Students per class,_T,Total,_T,Total,2022,,,,,,,,,,,,K,Data included in another category,,,,,2,Two,,,0,Units
DEU,Germany,ISCED11_2,Lower secondary education,CLS,Student classes,FE,"Formal education, includes formal initial and formal adult education programmes",_T,Total,_Z,Not applicable,_Z,Not applicable,A,Annual,_Z,Not applicable,_Z,Not applicable,INST_EDU_PRIV_IND,Independent private educational institutions,_Z,Not applicable,ST_CL,Students per class,_T,Total,_T,Total,2023,,,,,,,,,,,,K,Data included in another category,,,,,2,Two,,,0,Units
DEU,Germany,ISCED11_2,Lower secondary education,CLS,Student classes,FE,"Formal education, includes formal initial and formal adult education programmes",_T,Total,_Z,Not applicable,_Z,Not applicable,A,Annual,_Z,Not applicable,_Z,Not applicable,INST_EDU_PRIV_IND,Independent private educational institutions,_Z,Not applicable,ST_CL,Students per class,_T,Total,_T,Total,2024,,,,,,,,,,,,K,Data included in another category,,,,,2,Two,,,0,Units
FIN,Finland,ISCED11_2,Lower secondary education,CLS,Student classes,FE,"Formal education, includes formal initial and formal adult education programmes",_T,Total,_Z,Not applicable,_Z,Not applicable,A,Annual,_Z,Not applicable,_Z,Not applicable,INST_EDU_PUB,Public educational institutions,_Z,Not applicable,ST_CL,Students per class,_T,Total,_T,Total,2013,,19.65399,,,,,,,,,,A,Normal value,,,,,2,Two,,,0,Units
FIN,Finland,ISCED11_2,Lower secondary education,CLS,Student classes,FE,"Formal education, includes formal initial and formal adult education programmes",_T,Total,_Z,Not applicable,_Z,Not applicable,A,Annual,_Z,Not applicable,_Z,Not applicable,INST_EDU_PUB,Public educational institutions,_Z,Not applicable,ST_CL,Students per class,_T,Total,_T,Total,2014,,19.65297,,,,,,,,,,A,Normal value,,,,,2,Two,,,0,Units
FIN,Finland,ISCED11_2,Lower secondary education,CLS,Student classes,FE,"Formal education, includes formal initial and formal adult education programmes",_T,Total,_Z,Not applicable,_Z,Not applicable,A,Annual,_Z,Not applicable,_Z,Not applicable,INST_EDU_PUB,Public educational institutions,_Z,Not applicable,ST_CL,Students per class,_T,Total,_T,Total,2015,,19.65295,,,,,,,,,,A,Normal value,,,,,2,Two,,,0,Units
FIN,Finland,ISCED11_2,Lower secondary education,CLS,Student classes,FE,"Formal education, includes formal initial and formal adult education programmes",_T,Total,_Z,Not applicable,_Z,Not applicable,A,Annual,_Z,Not applicable,_Z,Not applicable,INST_EDU_PUB,Public educational institutions,_Z,Not applicable,ST_CL,Students per class,_T,Total,_T,Total,2016,,19.65288,,,,,,,,,,A,Normal value,,,,,2,Two,,,0,Units
FIN,Finland,ISCED11_2,Lower secondary education,CLS,Student classes,FE,"Formal education, includes formal initial and formal adult education programmes",_T,Total,_Z,Not applicable,_Z,Not applicable,A,Annual,_Z,Not applicable,_Z,Not applicable,INST_EDU_PUB,Public educational institutions,_Z,Not applicable,ST_CL,Students per class,_T,Total,_T,Total,2017,,19.05423,,,,,,,,,,A,Normal value,,,,,2,Two,,,0,Units
FIN,Finland,ISCED11_2,Lower secondary education,CLS,Student classes,FE,"Formal education, includes formal initial and formal adult education programmes",_T,Total,_Z,Not applicable,_Z,Not applicable,A,Annual,_Z,Not applicable,_Z,Not applicable,INST_EDU_PUB,Public educational institutions,_Z,Not applicable,ST_CL,Students per class,_T,Total,_T,Total,2018,,19.05445,,,,,,,,,,A,Normal value,,,,,2,Two,,,0,Units
FIN,Finland,ISCED11_2,Lower secondary education,CLS,Student classes,FE,"Formal education, includes formal initial and formal adult education programmes",_T,Total,_Z,Not applicable,_Z,Not applicable,A,Annual,_Z,Not applicable,_Z,Not applicable,INST_EDU_PUB,Public educational institutions,_Z,Not applicable,ST_CL,Students per class,_T,Total,_T,Total,2019,,19.0554,,,,,,,,,,A,Normal value,,,,,2,Two,,,0,Units
FIN,Finland,ISCED11_2,Lower secondary education,CLS,Student classes,FE,"Formal education, includes formal initial and formal adult education programmes",_T,Total,_Z,Not applicable,_Z,Not applicable,A,Annual,_Z,Not applicable,_Z,Not applicable,INST_EDU_PUB,Public educational institutions,_Z,Not applicable,ST_CL,Students per class,_T,Total,_T,Total,2020,,19.34615,,,,,,,,,,A,Normal value,,,,,2,Two,,,0,Units
FIN,Finland,ISCED11_2,Lower secondary education,CLS,Student classes,FE,"Formal education, includes formal initial and formal adult education programmes",_T,Total,_Z,Not applicable,_Z,Not applicable,A,Annual,_Z,Not applicable,_Z,Not applicable,INST_EDU_PUB,Public educational institutions,_Z,Not applicable,ST_CL,Students per class,_T,Total,_T,Total,2021,,19.3412,,,,,,,,,,A,Normal value,,,,,2,Two,,,0,Units
FIN,Finland,ISCED11_2,Lower secondary education,CLS,Student classes,FE,"Formal education, includes formal initial and formal adult education programmes",_T,Total,_Z,Not applicable,_Z,Not applicable,A,Annual,_Z,Not applicable,_Z,Not applicable,INST_EDU_PUB,Public educational institutions,_Z,Not applicable,ST_CL,Students per class,_T,Total,_T,Total,2022,,19.34143,,,,,,,,,,A,Normal value,,,,,2,Two,,,0,Units
FIN,Finland,ISCED11_2,Lower secondary education,CLS,Student classes,FE,"Formal education, includes formal initial and formal adult education programmes",_T,Total,_Z,Not applicable,_Z,Not applicable,A,Annual,_Z,Not applicable,_Z,Not applicable,INST_EDU_PUB,Public educational institutions,_Z,Not applicable,ST_CL,Students per class,_T,Total,_T,Total,2023,,19.34063,,,,,,,,,,A,Normal value,,,,,2,Two,,,0,Units
FIN,Finland,ISCED11_2,Lower secondary education,CLS,Student classes,FE,"Formal education, includes formal initial and formal adult education programmes",_T,Total,_Z,Not applicable,_Z,Not applicable,A,Annual,_Z,Not applicable,_Z,Not applicable,INST_EDU_PUB,Public educational institutions,_Z,Not applicable,ST_CL,Students per class,_T,Total,_T,Total,2024,,19.34134,,,,,,,,,,A,Normal value,,,,,2,Two,,,0,Units
USA,United States,ISCED11_1,Primary education,CLS,Student classes,FE,"Formal education, includes formal initial and formal adult education programmes",_T,Total,_Z,Not applicable,_Z,Not applicable,A,Annual,_Z,Not applicable,_Z,Not applicable,INST_EDU,All educational institutions,_Z,Not applicable,ST_CL,Students per class,_T,Total,_T,Total,2013,,21.1374,,,,,,,,,,A,Normal value,,,,,2,Two,,,0,Units
USA,United States,ISCED11_1,Primary education,CLS,Student classes,FE,"Formal education, includes formal initial and formal adult education programmes",_T,Total,_Z,Not applicable,_Z,Not applicable,A,Annual,_Z,Not applicable,_Z,Not applicable,INST_EDU,All educational institutions,_Z,Not applicable,ST_CL,Students per class,_T,Total,_T,Total,2014,,21.14513,,,,,,,,,,A,Normal value,,,,,2,Two,,,0,Units
USA,United States,ISCED11_1,Primary education,CLS,Student classes,FE,"Formal education, includes formal initial and formal adult education programmes",_T,Total,_Z,Not applicable,_Z,Not applicable,A,Annual,_Z,Not applicable,_Z,Not applicable,INST_EDU,All educational institutions,_Z,Not applicable,ST_CL,Students per class,_T,Total,_T,Total,2015,,21.13569,,,,,,,,,,A,Normal value,,,,,2,Two,,,0,Units
USA,United States,ISCED11_1,Primary education,CLS,Student classes,FE,"Formal education, includes formal initial and formal adult education programmes",_T,Total,_Z,Not applicable,_Z,Not applicable,A,Annual,_Z,Not applicable,_Z,Not applicable,INST_EDU,All educational institutions,_Z,Not applicable,ST_CL,Students per class,_T,Total,_T,Total,2016,,20.84561,,,,,,,,,,A,Normal value,,,,,2,Two,,,0,Units
USA,United States,ISCED11_1,Primary education,CLS,Student classes,FE,"Formal education, includes formal initial and formal adult education programmes",_T,Total,_Z,Not applicable,_Z,Not applicable,A,Annual,_Z,Not applicable,_Z,Not applicable,INST_EDU,All educational institutions,_Z,Not applicable,ST_CL,Students per class,_T,Total,_T,Total,2017,,20.84236,,,,,,,,,,A,Normal value,,,,,2,Two,,,0,Units
USA,United States,ISCED11_1,Primary education,CLS,Student classes,FE,"Formal education, includes formal initial and formal adult education programmes",_T,Total,_Z,Not applicable,_Z,Not applicable,A,Annual,_Z,Not applicable,_Z,Not applicable,INST_EDU,All educational institutions,_Z,Not applicable,ST_CL,Students per class,_T,Total,_T,Total,2018,,20.85002,,,,,,,,,,A,Normal value,,,,,2,Two,,,0,Units
USA,United States,ISCED11_1,Primary education,CLS,Student classes,FE,"Formal education, includes formal initial and formal adult education programmes",_T,Total,_Z,Not applicable,_Z,Not applicable,A,Annual,_Z,Not applicable,_Z,Not applicable,INST_EDU,All educational institutions,_Z,Not applicable,ST_CL,Students per class,_T,Total,_T,Total,2019,,20.34887,,,,,,,,,,A,Normal value,,,,,2,Two,,,0,Units
USA,United States,ISCED11_1,Primary education,CLS,Student classes,FE,"Formal education, includes formal initial and formal adult education programmes",_T,Total,_Z,Not applicable,_Z,Not applicable,A,Annual,_Z,Not applicable,_Z,Not applicable,INST_EDU,All educational institutions,_Z,Not applicable,ST_CL,Students per class,_T,Total,_T,Total,2020,,20.38123,,,,,,,,,,A,Normal value,,,,,2,Two,,,0,Units
USA,United States,ISCED11_1,Primary education,CLS,Student classes,FE,"Formal education, includes formal initial and formal adult education programmes",_T,Total,_Z,Not applicable,_Z,Not applicable,A,Annual,_Z,Not applicable,_Z,Not applicable,INST_EDU,All educational institutions,_Z,Not applicable,ST_CL,Students per class,_T,Total,_T,Total,2021,,20.08288,,,,,,,,,,A,Normal value,,,,,2,Two,,,0,Units
USA,United States,ISCED11_1,Primary education,CLS,Student classes,FE,"Formal education, includes formal initial and formal adult education programmes",_T,Total,_Z,Not applicable,_Z,Not applicable,A,Annual,_Z,Not applicable,_Z,Not applicable,INST_EDU,All educational institutions,_Z,Not applicable,ST_CL,Students per class,_T,Total,_T,Total,2022,,20.10363,,,,,,,,,,A,Normal value,,,,,2,Two,,,0,Units
USA,United States,ISCED11_1,Primary education,CLS,Student classes,FE,"Formal education, includes formal initial and formal adult education programmes",_T,Total,_Z,Not applicable,_Z,Not applicable,A,Annual,_Z,Not applicable,_Z,Not applicable,INST_EDU,All educational institutions,_Z,Not applicable,ST_CL,Students per class,_T,Total,_T,Total,2023,,20.06273,,,,,,,,,,A,Normal value,,,,,2,Two,,,0,Units
USA,United States,ISCED11_1,Primary education,CLS,Student classes,FE,"Formal education, includes formal initial and formal adult education programmes",_T,Total,_Z,Not applicable,_Z,Not applicable,A,Annual,_Z,Not applicable,_Z,Not applicable,INST_EDU,All educational institutions,_Z,Not applicable,ST_CL,Students per class,_T,Total,_T,Total,2024,,20.07258,,,,,,,,,,A,Normal value,,,,,2,Two,,,0,Units
OECD,OECD,ISCED11_1,Primary education,CLS,Student classes,FE,"Formal education, includes formal initial and formal adult education programmes",_T,Total,_Z,Not applicable,_Z,Not applicable,A,Annual,_Z,Not applicable,_Z,Not applicable,INST_EDU_PRIV,Private educational institutions,_Z,Not applicable,ST_CL,Students per class,_T,Total,_T,Total,2013,,19.7350418571429,,,,,,,,,,A,Normal value,,,,,2,Two,,,0,Units
OECD,OECD,ISCED11_1,Primary education,CLS,Student classes,FE,"Formal education, includes formal initial and formal adult education programmes",_T,Total,_Z,Not applicable,_Z,Not applicable,A,Annual,_Z,Not applicable,_Z,Not applicable,INST_EDU_PRIV,Private educational institutions,_Z,Not applicable,ST_CL,Students per class,_T,Total,_T,Total,2014,,19.4759792333333,,,,,,,,,,A,Normal value,,,,,2,Two,,,0,Units
OECD,OECD,ISCED11_1,Primary education,CLS,Student classes,FE,"Formal education, includes formal initial and formal adult education programmes",_T,Total,_Z,Not applicable,_Z,Not applicable,A,Annual,_Z,Not applicable,_Z,Not applicable,INST_EDU_PRIV,Private educational institutions,_Z,Not applicable,ST_CL,Students per class,_T,Total,_T,Total,2015,,19.8061149677419,,,,,,,,,,A,Normal value,,,,,2,Two,,,0,Units
OECD,OECD,ISCED11_1,Primary education,CLS,Student classes,FE,"Formal education, includes formal initial and formal adult education programmes",_T,Total,_Z,Not applicable,_Z,Not applicable,A,Annual,_Z,Not applicable,_Z,Not applicable,INST_EDU_PRIV,Private educational institutions,_Z,Not applicable,ST_CL,Students per class,_T,Total,_T,Total,2016,,43.1766478064516,,,,,,,,,,A,Normal value,,,,,2,Two,,,0,Units
OECD,OECD,ISCED11_1,Primary education,CLS,Student classes,FE,"Formal education, includes formal initial and formal adult education programmes",_T,Total,_Z,Not applicable,_Z,Not applicable,A,Annual,_Z,Not applicable,_Z,Not applicable,INST_EDU_PRIV,Private educational institutions,_Z,Not applicable,ST_CL,Students per class,_T,Total,_T,Total,2017,,19.9200413870968,,,,,,,,,,A,Normal value,,,,,2,Two,,,0,Units
OECD,OECD,ISCED11_1,Primary education,CLS,Student classes,FE,"Formal education, includes formal initial and formal adult education programmes",_T,Total,_Z,Not applicable,_Z,Not applicable,A,Annual,_Z,Not applicable,_Z,Not applicable,INST_EDU_PRIV,Private educational institutions,_Z,Not applicable,ST_CL,Students per class,_T,Total,_T,Total,2018,,19.8190473666667,,,,,,,,,,A,Normal value,,,,,2,Two,,,0,Units
OECD,OECD,ISCED11_1,Primary education,CLS,Student classes,FE,"Formal education, includes formal initial and formal adult education programmes",_T,Total,_Z,Not applicable,_Z,Not applicable,A,Annual,_Z,Not applicable,_Z,Not applicable,INST_EDU_PRIV,Private educational institutions,_Z,Not applicable,ST_CL,Students per class,_T,Total,_T,Total,2019,,19.0784299354839,,,,,,,,,,A,Normal value,,,,,2,Two,,,0,Units
OECD,OECD,ISCED11_1,Primary education,CLS,Student classes,FE,"Formal education, includes formal initial and formal adult education programmes",_T,Total,_Z,Not applicable,_Z,Not applicable,A,Annual,_Z,Not applicable,_Z,Not applicable,INST_EDU_PRIV,Private educational institutions,_Z,Not applicable,ST_CL,Students per class,_T,Total,_T,Total,2020,,19.0623006451613,,,,,,,,,,A,Normal value,,,,,2,Two,,,0,Units
OECD,OECD,ISCED11_1,Primary education,CLS,Student classes,FE,"Formal education, includes formal initial and formal adult education programmes",_T,Total,_Z,Not applicable,_Z,Not applicable,A,Annual,_Z,Not applicable,_Z,Not applicable,INST_EDU_PRIV,Private educational institutions,_Z,Not applicable,ST_CL,Students per class,_T,Total,_T,Total,2021,,19.62857375,,,,,,,,,,A,Normal value,,,,,2,Two,,,0,Units
OECD,OECD,ISCED11_1,Primary education,CLS,Student classes,FE,"Formal education, includes formal initial and formal adult education programmes",_T,Total,_Z,Not applicable,_Z,Not applicable,A,Annual,_Z,Not applicable,_Z,Not applicable,INST_EDU_PRIV,Private educational institutions,_Z,Not applicable,ST_CL,Students per class,_T,Total,_T,Total,2022,,19.0574740625,,,,,,,,,,A,Normal value,,,,,2,Two,,,0,Units
OECD,OECD,ISCED11_1,Primary education,CLS,Student classes,FE,"Formal education, includes formal initial and formal adult education programmes",_T,Total,_Z,Not applicable,_Z,Not applicable,A,Annual,_Z,Not applicable,_Z,Not applicable,INST_EDU_PRIV,Private educational institutions,_Z,Not applicable,ST_CL,Students per class,_T,Total,_T,Total,2023,,19.020463030303,,,,,,,,,,A,Normal value,,,,,2,Two,,,0,Units
GBR,United Kingdom,ISCED11_1,Primary education,CLS,Student classes,FE,"Formal education, includes formal initial and formal adult education programmes",_T,Total,_Z,Not applicable,_Z,Not applicable,A,Annual,_Z,Not applicable,_Z,Not applicable,INST_EDU_PRIV_IND,Independent private educational institutions,_Z,Not applicable,ST_CL,Students per class,_T,Total,_T,Total,2013,,12.47219,,,,,,,,,,A,Normal value,,,,,2,Two,,,0,Units
GBR,United Kingdom,ISCED11_1,Primary education,CLS,Student classes,FE,"Formal education, includes formal initial and formal adult education programmes",_T,Total,_Z,Not applicable,_Z,Not applicable,A,Annual,_Z,Not applicable,_Z,Not applicable,INST_EDU_PRIV_IND,Independent private educational institutions,_Z,Not applicable,ST_CL,Students per class,_T,Total,_T,Total,2014,,13.58186,,,,,,,,,,A,Normal value,,,,,2,Two,,,0,Units
GBR,United Kingdom,ISCED11_1,Primary education,CLS,Student classes,FE,"Formal education, includes formal initial and formal adult education programmes",_T,Total,_Z,Not applicable,_Z,Not applicable,A,Annual,_Z,Not applicable,_Z,Not applicable,INST_EDU_PRIV_IND,Independent private educational institutions,_Z,Not applicable,ST_CL,Students per class,_T,Total,_T,Total,2015,,13.5,,,,,,,,,,A,Normal value,,,,,2,Two,,,0,Units
GBR,United Kingdom,ISCED11_1,Primary education,CLS,Student classes,FE,"Formal education, includes formal initial and formal adult education programmes",_T,Total,_Z,Not applicable,_Z,Not applicable,A,Annual,_Z,Not applicable,_Z,Not applicable,INST_EDU_PRIV_IND,Independent private educational institutions,_Z,Not applicable,ST_CL,Students per class,_T,Total,_T,Total,2016,,12.17647,,,,,,,,,,A,Normal value,,,,,2,Two,,,0,Units
GBR,United Kingdom,ISCED11_1,Primary education,CLS,Student classes,FE,"Formal education, includes formal initial and formal adult education programmes",_T,Total,_Z,Not applicable,_Z,Not applicable,A,Annual,_Z,Not applicable,_Z,Not applicable,INST_EDU_PRIV_IND,Independent private educational institutions,_Z,Not applicable,ST_CL,Students per class,_T,Total,_T,Total,2017,,12.37658,,,,,,,,,,A,Normal value,,,,,2,Two,,,0,Units
GBR,United Kingdom,ISCED11_1,Primary education,CLS,Student classes,FE,"Formal education, includes formal initial and formal adult education programmes",_T,Total,_Z,Not applicable,_Z,Not applicable,A,Annual,_Z,Not applicable,_Z,Not applicable,INST_EDU_PRIV_IND,Independent private educational institutions,_Z,Not applicable,ST_CL,Students per class,_T,Total,_T,Total,2018,,12.22749,,,,,,,,,,A,Normal value,,,,,2,Two,,,0,Units
GBR,United Kingdom,ISCED11_1,Primary education,CLS,Student classes,FE,"Formal education, includes formal initial and formal adult education programmes",_T,Total,_Z,Not applicable,_Z,Not applicable,A,Annual,_Z,Not applicable,_Z,Not applicable,INST_EDU_PRIV_IND,Independent private educational institutions,_Z,Not applicable,ST_CL,Students per class,_T,Total,_T,Total,2019,,12.10328,,,,,,,,,,A,Normal value,,,,,2,Two,,,0,Units
GBR,United Kingdom,ISCED11_1,Primary education,CLS,Student classes,FE,"Formal education, includes formal initial and formal adult education programmes",_T,Total,_Z,Not applicable,_Z,Not applicable,A,Annual,_Z,Not applicable,_Z,Not applicable,INST_EDU_PRIV_IND,Independent private educational institutions,_Z,Not applicable,ST_CL,Students per class,_T,Total,_T,Total,2020,,12.34101,,,,,,,,,,A,Normal value,,,,,2,Two,,,0,Units
GBR,United Kingdom,ISCED11_1,Primary education,CLS,Student classes,FE,"Formal education, includes formal initial and formal adult education programmes",_T,Total,_Z,Not applicable,_Z,Not applicable,A,Annual,_Z,Not applicable,_Z,Not applicable,INST_EDU_PRIV_IND,Independent private educational institutions,_Z,Not applicable,ST_CL,Students per class,_T,Total,_T,Total,2021,,12.51173,,,,,,,,,,A,Normal value,,,,,2,Two,,,0,Units
GBR,United Kingdom,ISCED11_1,Primary education,CLS,Student classes,FE,"Formal education, includes formal initial and formal adult education programmes",_T,Total,_Z,Not applicable,_Z,Not applicable,A,Annual,_Z,Not applicable,_Z,Not applicable,INST_EDU_PRIV_IND,Independent private educational institutions,_Z,Not applicable,ST_CL,Students per class,_T,Total,_T,Total,2022,,12.56458,,,,,,,,,,A,Normal value,,,,,2,Two,,,0,Units
GBR,United Kingdom,ISCED11_1,Primary education,CLS,Student classes,FE,"Formal education, includes formal initial and formal adult education programmes",_T,Total,_Z,Not applicable,_Z,Not applicable,A,Annual,_Z,Not applicable,_Z,Not applicable,INST_EDU_PRIV_IND,Independent private educational institutions,_Z,Not applicable,ST_CL,Students per class,_T,Total,_T,Total,2023,,12.6525,,,,,,,,,,A,Normal value,,,,,2,Two,,,0,Units
GBR,United Kingdom,ISCED11_1,Primary education,CLS,Student classes,FE,"Formal education, includes formal initial and formal adult education programmes",_T,Total,_Z,Not applicable,_Z,Not applicable,A,Annual,_Z,Not applicable,_Z,Not applicable,INST_EDU_PRIV_IND,Independent private educational institutions,_Z,Not applicable,ST_CL,Students per class,_T,Total,_T,Total,2024,,12.45947,,,,,,,,,,A,Normal value,,,,,2,Two,,,0,Units
FIN,Finland,ISCED11_2,Lower secondary education,CLS,Student classes,FE,"Formal education, includes formal initial and formal adult education programmes",_T,Total,_Z,Not applicable,_Z,Not applicable,A,Annual,_Z,Not applicable,_Z,Not applicable,INST_EDU_PRIV,Private educational institutions,_Z,Not applicable,ST_CL,Students per class,_T,Total,_T,Total,2013,,19.7185,,,,,,,,,,A,Normal value,,,,,2,Two,,,0,Units
FIN,Finland,ISCED11_2,Lower secondary education,CLS,Student classes,FE,"Formal education, includes formal initial and formal adult education programmes",_T,Total,_Z,Not applicable,_Z,Not applicable,A,Annual,_Z,Not applicable,_Z,Not applicable,INST_EDU_PRIV,Private educational institutions,_Z,Not applicable,ST_CL,Students per class,_T,Total,_T,Total,2014,,19.72973,,,,,,,,,,A,Normal value,,,,,2,Two,,,0,Units
FIN,Finland,ISCED11_2,Lower secondary education,CLS,Student classes,FE,"Formal education, includes formal initial and formal adult education programmes",_T,Total,_Z,Not applicable,_Z,Not applicable,A,Annual,_Z,Not applicable,_Z,Not applicable,INST_EDU_PRIV,Private educational institutions,_Z,Not applicable,ST_CL,Students per class,_T,Total,_T,Total,2015,,19.72149,,,,,,,,,,A,Normal value,,,,,2,Two,,,0,Units
FIN,Finland,ISCED11_2,Lower secondary education,CLS,Student classes,FE,"Formal education, includes formal initial and formal adult education programmes",_T,Total,_Z,Not applicable,_Z,Not applicable,A,Annual,_Z,Not applicable,_Z,Not applicable,INST_EDU_PRIV,Private educational institutions,_Z,Not applicable,ST_CL,Students per class,_T,Total,_T,Total,2016,,19.70976,,,,,,,,,,A,Normal value,,,,,2,Two,,,0,Units
FIN,Finland,ISCED11_2,Lower secondary education,CLS,Student classes,FE,"Formal education, includes formal initial and formal adult education programmes",_T,Total,_Z,Not applicable,_Z,Not applicable,A,Annual,_Z,Not applicable,_Z,Not applicable,INST_EDU_PRIV,Private educational institutions,_Z,Not applicable,ST_CL,Students per class,_T,Total,_T,Total,2017,,19.1038,,,,,,,,,,A,Normal value,,,,,2,Two,,,0,Units
FIN,Finland,ISCED11_2,Lower secondary education,CLS,Student classes,FE,"Formal education, includes formal initial and formal adult education programmes",_T,Total,_Z,Not applicable,_Z,Not applicable,A,Annual,_Z,Not applicable,_Z,Not applicable,INST_EDU_PRIV,Private educational institutions,_Z,Not applicable,ST_CL,Students per class,_T,Total,_T,Total,2018,,19.10123,,,,,,,,,,A,Normal value,,,,,2,Two,,,0,Units
FIN,Finland,ISCED11_2,Lower secondary education,CLS,Student classes,FE,"Formal education, includes formal initial and formal adult education programmes",_T,Total,_Z,Not applicable,_Z,Not applicable,A,Annual,_Z,Not applicable,_Z,Not applicable,INST_EDU_PRIV,Private educational institutions,_Z,Not applicable,ST_CL,Students per class,_T,Total,_T,Total,2019,,19.09546,,,,,,,,,,A,Normal value,,,,,2,Two,,,0,Units
FIN,Finland,ISCED11_2,Lower secondary education,CLS,Student classes,FE,"Formal education, includes formal initial and formal adult education programmes",_T,Total,_Z,Not applicable,_Z,Not applicable,A,Annual,_Z,Not applicable,_Z,Not applicable,INST_EDU_PRIV,Private educational institutions,_Z,Not applicable,ST_CL,Students per class,_T,Total,_T,Total,2020,,20.63104,,,,,,,,,,A,Normal value,,,,,2,Two,,,0,Units
FIN,Finland,ISCED11_2,Lower secondary education,CLS,Student classes,FE,"Formal education, includes formal initial and formal adult education programmes",_T,Total,_Z,Not applicable,_Z,Not applicable,A,Annual,_Z,Not applicable,_Z,Not applicable,INST_EDU_PRIV,Private educational institutions,_Z,Not applicable,ST_CL,Students per class,_T,Total,_T,Total,2021,,20.65679,,,,,,,,,,A,Normal value,,,,,2,Two,,,0,Units
FIN,Finland,ISCED11_2,Lower secondary education,CLS,Student classes,FE,"Formal education, includes formal initial and formal adult education programmes",_T,Total,_Z,Not applicable,_Z,Not applicable,A,Annual,_Z,Not applicable,_Z,Not applicable,INST_EDU_PRIV,Private educational institutions,_Z,Not applicable,ST_CL,Students per class,_T,Total,_T,Total,2022,,20.65937,,,,,,,,,,A,Normal value,,,,,2,Two,,,0,Units
FIN,Finland,ISCED11_2,Lower secondary education,CLS,Student classes,FE,"Formal education, includes formal initial and formal adult education programmes",_T,Total,_Z,Not applicable,_Z,Not applicable,A,Annual,_Z,Not applicable,_Z,Not applicable,INST_EDU_PRIV,Private educational institutions,_Z,Not applicable,ST_CL,Students per class,_T,Total,_T,Total,2023,,20.65952,,,,,,,,,,A,Normal value,,,,,2,Two,,,0,Units
FIN,Finland,ISCED11_2,Lower secondary education,CLS,Student classes,FE,"Formal education, includes formal initial and formal adult education programmes",_T,Total,_Z,Not applicable,_Z,Not applicable,A,Annual,_Z,Not applicable,_Z,Not applicable,INST_EDU_PRIV,Private educational institutions,_Z,Not applicable,ST_CL,Students per class,_T,Total,_T,Total,2024,,20.63554,,,,,,,,,,A,Normal value,,,,,2,Two,,,0,Units
FIN,Finland,ISCED11_2,Lower secondary education,CLS,Student classes,FE,"Formal education, includes formal initial and formal adult education programmes",_T,Total,_Z,Not applicable,_Z,Not applicable,A,Annual,_Z,Not applicable,_Z,Not applicable,INST_EDU_PRIV_IND,Independent private educational institutions,_Z,Not applicable,ST_CL,Students per class,_T,Total,_T,Total,2013,,,,,,,,,,,,M,Missing value; data cannot exist,,,,,2,Two,,,0,Units
FIN,Finland,ISCED11_2,Lower secondary education,CLS,Student classes,FE,"Formal education, includes formal initial and formal adult education programmes",_T,Total,_Z,Not applicable,_Z,Not applicable,A,Annual,_Z,Not applicable,_Z,Not applicable,INST_EDU_PRIV_IND,Independent private educational institutions,_Z,Not applicable,ST_CL,Students per class,_T,Total,_T,Total,2014,,,,,,,,,,,,M,Missing value; data cannot exist,,,,,2,Two,,,0,Units
FIN,Finland,ISCED11_2,Lower secondary education,CLS,Student classes,FE,"Formal education, includes formal initial and formal adult education programmes",_T,Total,_Z,Not applicable,_Z,Not applicable,A,Annual,_Z,Not applicable,_Z,Not applicable,INST_EDU_PRIV_IND,Independent private educational institutions,_Z,Not applicable,ST_CL,Students per class,_T,Total,_T,Total,2015,,,,,,,,,,,,M,Missing value; data cannot exist,,,,,2,Two,,,0,Units
FIN,Finland,ISCED11_2,Lower secondary education,CLS,Student classes,FE,"Formal education, includes formal initial and formal adult education programmes",_T,Total,_Z,Not applicable,_Z,Not applicable,A,Annual,_Z,Not applicable,_Z,Not applicable,INST_EDU_PRIV_IND,Independent private educational institutions,_Z,Not applicable,ST_CL,Students per class,_T,Total,_T,Total,2016,,,,,,,,,,,,M,Missing value; data cannot exist,,,,,2,Two,,,0,Units
FIN,Finland,ISCED11_2,Lower secondary education,CLS,Student classes,FE,"Formal education, includes formal initial and formal adult education programmes",_T,Total,_Z,Not applicable,_Z,Not applicable,A,Annual,_Z,Not applicable,_Z,Not applicable,INST_EDU_PRIV_IND,Independent private educational institutions,_Z,Not applicable,ST_CL,Students per class,_T,Total,_T,Total,2017,,,,,,,,,,,,M,Missing value; data cannot exist,,,,,2,Two,,,0,Units
FIN,Finland,ISCED11_2,Lower secondary education,CLS,Student classes,FE,"Formal education, includes formal initial and formal adult education programmes",_T,Total,_Z,Not applicable,_Z,Not applicable,A,Annual,_Z,Not applicable,_Z,Not applicable,INST_EDU_PRIV_IND,Independent private educational institutions,_Z,Not applicable,ST_CL,Students per class,_T,Total,_T,Total,2018,,,,,,,,,,,,M,Missing value; data cannot exist,,,,,2,Two,,,0,Units
FIN,Finland,ISCED11_2,Lower secondary education,CLS,Student classes,FE,"Formal education, includes formal initial and formal adult education programmes",_T,Total,_Z,Not applicable,_Z,Not applicable,A,Annual,_Z,Not applicable,_Z,Not applicable,INST_EDU_PRIV_IND,Independent private educational institutions,_Z,Not applicable,ST_CL,Students per class,_T,Total,_T,Total,2019,,,,,,,,,,,,M,Missing value; data cannot exist,,,,,2,Two,,,0,Units
FIN,Finland,ISCED11_2,Lower secondary education,CLS,Student classes,FE,"Formal education, includes formal initial and formal adult education programmes",_T,Total,_Z,Not applicable,_Z,Not applicable,A,Annual,_Z,Not applicable,_Z,Not applicable,INST_EDU_PRIV_IND,Independent private educational institutions,_Z,Not applicable,ST_CL,Students per class,_T,Total,_T,Total,2020,,,,,,,,,,,,M,Missing value; data cannot exist,,,,,2,Two,,,0,Units
FIN,Finland,ISCED11_2,Lower secondary education,CLS,Student classes,FE,"Formal education, includes formal initial and formal adult education programmes",_T,Total,_Z,Not applicable,_Z,Not applicable,A,Annual,_Z,Not applicable,_Z,Not applicable,INST_EDU_PRIV_IND,Independent private educational institutions,_Z,Not applicable,ST_CL,Students per class,_T,Total,_T,Total,2021,,,,,,,,,,,,M,Missing value; data cannot exist,,,,,2,Two,,,0,Units
FIN,Finland,ISCED11_2,Lower secondary education,CLS,Student classes,FE,"Formal education, includes formal initial and formal adult education programmes",_T,Total,_Z,Not applicable,_Z,Not applicable,A,Annual,_Z,Not applicable,_Z,Not applicable,INST_EDU_PRIV_IND,Independent private educational institutions,_Z,Not applicable,ST_CL,Students per class,_T,Total,_T,Total,2022,,,,,,,,,,,,M,Missing value; data cannot exist,,,,,2,Two,,,0,Units
FIN,Finland,ISCED11_2,Lower secondary education,CLS,Student classes,FE,"Formal education, includes formal initial and formal adult education programmes",_T,Total,_Z,Not applicable,_Z,Not applicable,A,Annual,_Z,Not applicable,_Z,Not applicable,INST_EDU_PRIV_IND,Independent private educational institutions,_Z,Not applicable,ST_CL,Students per class,_T,Total,_T,Total,2023,,,,,,,,,,,,M,Missing value; data cannot exist,,,,,2,Two,,,0,Units
FIN,Finland,ISCED11_2,Lower secondary education,CLS,Student classes,FE,"Formal education, includes formal initial and formal adult education programmes",_T,Total,_Z,Not applicable,_Z,Not applicable,A,Annual,_Z,Not applicable,_Z,Not applicable,INST_EDU_PRIV_IND,Independent private educational institutions,_Z,Not applicable,ST_CL,Students per class,_T,Total,_T,Total,2024,,,,,,,,,,,,M,Missing value; data cannot exist,,,,,2,Two,,,0,Units
FRA,France,ISCED11_1,Primary education,CLS,Student classes,FE,"Formal education, includes formal initial and formal adult education programmes",_T,Total,_Z,Not applicable,_Z,Not applicable,A,Annual,_Z,Not applicable,_Z,Not applicable,INST_EDU_PRIV_IND,Independent private educational institutions,_Z,Not applicable,ST_CL,Students per class,_T,Total,_T,Total,2013,,,,,,,,,,,,M,Missing value; data cannot exist,,,,,2,Two,,,0,Units
FRA,France,ISCED11_1,Primary education,CLS,Student classes,FE,"Formal education, includes formal initial and formal adult education programmes",_T,Total,_Z,Not applicable,_Z,Not applicable,A,Annual,_Z,Not applicable,_Z,Not applicable,INST_EDU_PRIV_IND,Independent private educational institutions,_Z,Not applicable,ST_CL,Students per class,_T,Total,_T,Total,2014,,,,,,,,,,,,M,Missing value; data cannot exist,,,,,2,Two,,,0,Units
FRA,France,ISCED11_1,Primary education,CLS,Student classes,FE,"Formal education, includes formal initial and formal adult education programmes",_T,Total,_Z,Not applicable,_Z,Not applicable,A,Annual,_Z,Not applicable,_Z,Not applicable,INST_EDU_PRIV_IND,Independent private educational institutions,_Z,Not applicable,ST_CL,Students per class,_T,Total,_T,Total,2015,,,,,,,,,,,,M,Missing value; data cannot exist,,,,,2,Two,,,0,Units
FRA,France,ISCED11_1,Primary education,CLS,Student classes,FE,"Formal education, includes formal initial and formal adult education programmes",_T,Total,_Z,Not applicable,_Z,Not applicable,A,Annual,_Z,Not applicable,_Z,Not applicable,INST_EDU_PRIV_IND,Independent private educational institutions,_Z,Not applicable,ST_CL,Students per class,_T,Total,_T,Total,2016,,,,,,,,,,,,M,Missing value; data cannot exist,,,,,2,Two,,,0,Units
FRA,France,ISCED11_1,Primary education,CLS,Student classes,FE,"Formal education, includes formal initial and formal adult education programmes",_T,Total,_Z,Not applicable,_Z,Not applicable,A,Annual,_Z,Not applicable,_Z,Not applicable,INST_EDU_PRIV_IND,Independent private educational institutions,_Z,Not applicable,ST_CL,Students per class,_T,Total,_T,Total,2017,,,,,,,,,,,,M,Missing value; data cannot exist,,,,,2,Two,,,0,Units
FRA,France,ISCED11_1,Primary education,CLS,Student classes,FE,"Formal education, includes formal initial and formal adult education programmes",_T,Total,_Z,Not applicable,_Z,Not applicable,A,Annual,_Z,Not applicable,_Z,Not applicable,INST_EDU_PRIV_IND,Independent private educational institutions,_Z,Not applicable,ST_CL,Students per class,_T,Total,_T,Total,2018,,,,,,,,,,,,M,Missing value; data cannot exist,,,,,2,Two,,,0,Units
FRA,France,ISCED11_1,Primary education,CLS,Student classes,FE,"Formal education, includes formal initial and formal adult education programmes",_T,Total,_Z,Not applicable,_Z,Not applicable,A,Annual,_Z,Not applicable,_Z,Not applicable,INST_EDU_PRIV_IND,Independent private educational institutions,_Z,Not applicable,ST_CL,Students per class,_T,Total,_T,Total,2019,,,,,,,,,,,,M,Missing value; data cannot exist,,,,,2,Two,,,0,Units
FRA,France,ISCED11_1,Primary education,CLS,Student classes,FE,"Formal education, includes formal initial and formal adult education programmes",_T,Total,_Z,Not applicable,_Z,Not applicable,A,Annual,_Z,Not applicable,_Z,Not applicable,INST_EDU_PRIV_IND,Independent private educational institutions,_Z,Not applicable,ST_CL,Students per class,_T,Total,_T,Total,2020,,,,,,,,,,,,M,Missing value; data cannot exist,,,,,2,Two,,,0,Units
FRA,France,ISCED11_1,Primary education,CLS,Student classes,FE,"Formal education, includes formal initial and formal adult education programmes",_T,Total,_Z,Not applicable,_Z,Not applicable,A,Annual,_Z,Not applicable,_Z,Not applicable,INST_EDU_PRIV_IND,Independent private educational institutions,_Z,Not applicable,ST_CL,Students per class,_T,Total,_T,Total,2021,,,,,,,,,,,,M,Missing value; data cannot exist,,,,,2,Two,,,0,Units
FRA,France,ISCED11_1,Primary education,CLS,Student classes,FE,"Formal education, includes formal initial and formal adult education programmes",_T,Total,_Z,Not applicable,_Z,Not applicable,A,Annual,_Z,Not applicable,_Z,Not applicable,INST_EDU_PRIV_IND,Independent private educational institutions,_Z,Not applicable,ST_CL,Students per class,_T,Total,_T,Total,2022,,,,,,,,,,,,M,Missing value; data cannot exist,,,,,2,Two,,,0,Units
FRA,France,ISCED11_1,Primary education,CLS,Student classes,FE,"Formal education, includes formal initial and formal adult education programmes",_T,Total,_Z,Not applicable,_Z,Not applicable,A,Annual,_Z,Not applicable,_Z,Not applicable,INST_EDU_PRIV_IND,Independent private educational institutions,_Z,Not applicable,ST_CL,Students per class,_T,Total,_T,Total,2023,,,,,,,,,,,,M,Missing value; data cannot exist,,,,,2,Two,,,0,Units
ESP,Spain,ISCED11_1,Primary education,CLS,Student classes,FE,"Formal education, includes formal initial and formal adult education programmes",_T,Total,_Z,Not applicable,_Z,Not applicable,A,Annual,_Z,Not applicable,_Z,Not applicable,INST_EDU_PRIV_GOV,Government dependent private educational institutions,_Z,Not applicable,ST_CL,Students per class,_T,Total,_T,Total,2013,,24.68059,,,,,,,,,,A,Normal value,,,,,2,Two,,,0,Units
ESP,Spain,ISCED11_1,Primary education,CLS,Student classes,FE,"Formal education, includes formal initial and formal adult education programmes",_T,Total,_Z,Not applicable,_Z,Not applicable,A,Annual,_Z,Not applicable,_Z,Not applicable,INST_EDU_PRIV_GOV,Government dependent private educational institutions,_Z,Not applicable,ST_CL,Students per class,_T,Total,_T,Total,2014,,24.76718,,,,,,,,,,A,Normal value,,,,,2,Two,,,0,Units
ESP,Spain,ISCED11_1,Primary education,CLS,Student classes,FE,"Formal education, includes formal initial and formal adult education programmes",_T,Total,_Z,Not applicable,_Z,Not applicable,A,Annual,_Z,Not applicable,_Z,Not applicable,INST_EDU_PRIV_GOV,Government dependent private educational institutions,_Z,Not applicable,ST_CL,Students per class,_T,Total,_T,Total,2015,,25.03901,,,,,,,,,,A,Normal value,,,,,2,Two,,,0,Units
ESP,Spain,ISCED11_1,Primary education,CLS,Student classes,FE,"Formal education, includes formal initial and formal adult education programmes",_T,Total,_Z,Not applicable,_Z,Not applicable,A,Annual,_Z,Not applicable,_Z,Not applicable,INST_EDU_PRIV_GOV,Government dependent private educational institutions,_Z,Not applicable,ST_CL,Students per class,_T,Total,_T,Total,2016,,24.91406,,,,,,,,,,A,Normal value,,,,,2,Two,,,0,Units
ESP,Spain,ISCED11_1,Primary education,CLS,Student classes,FE,"Formal education, includes formal initial and formal adult education programmes",_T,Total,_Z,Not applicable,_Z,Not applicable,A,Annual,_Z,Not applicable,_Z,Not applicable,INST_EDU_PRIV_GOV,Government dependent private educational institutions,_Z,Not applicable,ST_CL,Students per class,_T,Total,_T,Total,2017,,24.99534,,,,,,,,,,A,Normal value,,,,,2,Two,,,0,Units
ESP,Spain,ISCED11_1,Primary education,CLS,Student classes,FE,"Formal education, includes formal initial and formal adult education programmes",_T,Total,_Z,Not applicable,_Z,Not applicable,A,Annual,_Z,Not applicable,_Z,Not applicable,INST_EDU_PRIV_GOV,Government dependent private educational institutions,_Z,Not applicable,ST_CL,Students per class,_T,Total,_T,Total,2018,,24.77378,,,,,,,,,,A,Normal value,,,,,2,Two,,,0,Units
ESP,Spain,ISCED11_1,Primary education,CLS,Student classes,FE,"Formal education, includes formal initial and formal adult education programmes",_T,Total,_Z,Not applicable,_Z,Not applicable,A,Annual,_Z,Not applicable,_Z,Not applicable,INST_EDU_PRIV_GOV,Government dependent private educational institutions,_Z,Not applicable,ST_CL,Students per class,_T,Total,_T,Total,2019,,24.76169,,,,,,,,,,A,Normal value,,,,,2,Two,,,0,Units
ESP,Spain,ISCED11_1,Primary education,CLS,Student classes,FE,"Formal education, includes formal initial and formal adult education programmes",_T,Total,_Z,Not applicable,_Z,Not applicable,A,Annual,_Z,Not applicable,_Z,Not applicable,INST_EDU_PRIV_GOV,Government dependent private educational institutions,_Z,Not applicable,ST_CL,Students per class,_T,Total,_T,Total,2020,,24.56256,,,,,,,,,,A,Normal value,,,,,2,Two,,,0,Units
ESP,Spain,ISCED11_1,Primary education,CLS,Student classes,FE,"Formal education, includes formal initial and formal adult education programmes",_T,Total,_Z,Not applicable,_Z,Not applicable,A,Annual,_Z,Not applicable,_Z,Not applicable,INST_EDU_PRIV_GOV,Government dependent private educational institutions,_Z,Not applicable,ST_CL,Students per class,_T,Total,_T,Total,2021,,22.40749,,,,,,,,,,A,Normal value,,,,,2,Two,,,0,Units
ESP,Spain,ISCED11_1,Primary education,CLS,Student classes,FE,"Formal education, includes formal initial and formal adult education programmes",_T,Total,_Z,Not applicable,_Z,Not applicable,A,Annual,_Z,Not applicable,_Z,Not applicable,INST_EDU_PRIV_GOV,Government dependent private educational institutions,_Z,Not applicable,ST_CL,Students per class,_T,Total,_T,Total,2022,,23.71819,,,,,,,,,,A,Normal value,,,,,2,Two,,,0,Units
ESP,Spain,ISCED11_1,Primary education,CLS,Student classes,FE,"Formal education, includes formal initial and formal adult education programmes",_T,Total,_Z,Not applicable,_Z,Not applicable,A,Annual,_Z,Not applicable,_Z,Not applicable,INST_EDU_PRIV_GOV,Government dependent private educational institutions,_Z,Not applicable,ST_CL,Students per class,_T,Total,_T,Total,2023,,23.65986,,,,,,,,,,A,Normal value,,,,,2,Two,,,0,Units
ESP,Spain,ISCED11_1,Primary education,CLS,Student classes,FE,"Formal education, includes formal initial and formal adult education programmes",_T,Total,_Z,Not applicable,_Z,Not applicable,A,Annual,_Z,Not applicable,_Z,Not applicable,INST_EDU_PRIV_GOV,Government dependent private educational institutions,_Z,Not applicable,ST_CL,Students per class,_T,Total,_T,Total,2024,,23.37848,,,,,,,,,,A,Normal value,,,,,2,Two,,,0,Units
