REF_AREA,Reference area,MEASURE,Measure,UNIT_MEASURE,Unit of measure,INST_TYPE_EDU,Type of educational institution,EDUCATION_LEV,Education level,AGE,Age,SEX,Sex,PERS_TYPE,Type of personnel,OBS_VALUE,Observation value,OBS_STATUS,Observation status,UNIT_MULT,Unit multiplier,STATISTICAL_OPERATION,Statistical operation,PRICE_BASE,Price base,BASE_PER,Base period,CURRENCY,Currency,REF_PERIOD,Reference period,DECIMALS,Decimals
FIN,Finland,SAL_ACT,Actual salaries,USD_PPP,"US dollars, PPP converted",INST_EDU_PUB,Public educational institutions,ISCED11_1,Primary education,Y25T34,From 25 to 34 years,_T,Total,SH,School head,,,O,Missing value,0,Units,MEAN,Arithmetic mean,Q,Constant prices,,,_Z,Not applicable,2025,,2,Two
FIN,Finland,SAL_ACT,Actual salaries,USD_PPP,"US dollars, PPP converted",INST_EDU_PUB,Public educational institutions,ISCED11_34,Upper secondary general education,Y25T34,From 25 to 34 years,_T,Total,SH,School head,,,O,Missing value,0,Units,MEAN,Arithmetic mean,Q,Constant prices,,,_Z,Not applicable,2025,,2,Two
FIN,Finland,SAL_ACT,Actual salaries,USD_PPP,"US dollars, PPP converted",INST_EDU_PUB,Public educational institutions,ISCED11_24,Lower secondary general education,Y25T34,From 25 to 34 years,_T,Total,SH,School head,,,O,Missing value,0,Units,MEAN,Arithmetic mean,Q,Constant prices,,,_Z,Not applicable,2025,,2,Two
DEU,Germany,SAL_ACT,Actual salaries,USD_PPP,"US dollars, PPP converted",INST_EDU_PUB,Public educational institutions,ISCED11_34,Upper secondary general education,Y25T34,From 25 to 34 years,_T,Total,SH,School head,,,O,Missing value,0,Units,MEAN,Arithmetic mean,Q,Constant prices,,,_Z,Not applicable,2025,,2,Two
DEU,Germany,SAL_ACT,Actual salaries,USD_PPP,"US dollars, PPP converted",INST_EDU_PUB,Public educational institutions,ISCED11_02,Pre-primary education,Y25T34,From 25 to 34 years,_T,Total,SH,School head,,,O,Missing value,0,Units,MEAN,Arithmetic mean,Q,Constant prices,,,_Z,Not applicable,2025,,2,Two
DEU,Germany,SAL_ACT,Actual salaries,USD_PPP,"US dollars, PPP converted",INST_EDU_PUB,Public educational institutions,ISCED11_1,Primary education,Y25T34,From 25 to 34 years,_T,Total,SH,School head,,,O,Missing value,0,Units,MEAN,Arithmetic mean,Q,Constant prices,,,_Z,Not applicable,2025,,2,Two
DEU,Germany,SAL_ACT,Actual salaries,USD_PPP,"US dollars, PPP converted",INST_EDU_PUB,Public educational institutions,ISCED11_24,Lower secondary general education,Y25T34,From 25 to 34 years,_T,Total,SH,School head,,,O,Missing value,0,Units,MEAN,Arithmetic mean,Q,Constant prices,,,_Z,Not applicable,2025,,2,Two
ITA,Italy,SAL_ACT,Actual salaries,USD_PPP,"US dollars, PPP converted",INST_EDU_PUB,Public educational institutions,ISCED11_1,Primary education,Y25T34,From 25 to 34 years,_T,Total,SH,School head,,,O,Missing value,0,Units,MEAN,Arithmetic mean,Q,Constant prices,,,_Z,Not applicable,2025,,2,Two
ESP,Spain,SAL_ACT,Actual salaries,USD_PPP,"US dollars, PPP converted",INST_EDU_PUB,Public educational institutions,ISCED11_24,Lower secondary general education,Y25T34,From 25 to 34 years,_T,Total,SH,School head,,,O,Missing value,0,Units,MEAN,Arithmetic mean,Q,Constant prices,,,_Z,Not applicable,2025,,2,Two
ESP,Spain,SAL_ACT,Actual salaries,USD_PPP,"US dollars, PPP converted",INST_EDU_PUB,Public educational institutions,ISCED11_02,Pre-primary education,Y25T34,From 25 to 34 years,_T,Total,SH,School head,,,O,Missing value,0,Units,MEAN,Arithmetic mean,Q,Constant prices,,,_Z,Not applicable,2025,,2,Two
ESP,Spain,SAL_ACT,Actual salaries,USD_PPP,"US dollars, PPP converted",INST_EDU_PUB,Public educational institutions,ISCED11_1,Primary education,Y25T34,From 25 to 34 years,_T,Total,SH,School head,,,O,Missing value,0,Units,MEAN,Arithmetic mean,Q,Constant prices,,,_Z,Not applicable,2025,,2,Two
ESP,Spain,SAL_ACT,Actual salaries,USD_PPP,"US dollars, PPP converted",INST_EDU_PUB,Public educational institutions,ISCED11_34,Upper secondary general education,Y25T34,From 25 to 34 years,_T,Total,SH,School head,,,O,Missing value,0,Units,MEAN,Arithmetic mean,Q,Constant prices,,,_Z,Not applicable,2025,,2,Two
SWE,Sweden,SAL_ACT,Actual salaries,USD_PPP,"US dollars, PPP converted",INST_EDU_PUB,Public educational institutions,ISCED11_34,Upper secondary general education,Y25T34,From 25 to 34 years,_T,Total,SH,School head,,,O,Missing value,0,Units,MEAN,Arithmetic mean,Q,Constant prices,,,_Z,Not applicable,2025,,2,Two
DEU,Germany,SAL_ACT,Actual salaries,USD_PPP,"US dollars, PPP converted",INST_EDU_PUB,Public educational institutions,ISCED11_24,Lower secondary general education,Y25T34,From 25 to 34 years,_T,Total,TE,Teacher,,,O,Missing value,0,Units,MEAN,Arithmetic mean,Q,Constant prices,,,_Z,Not applicable,2025,,2,Two
DEU,Germany,SAL_ACT,Actual salaries,USD_PPP,"US dollars, PPP converted",INST_EDU_PUB,Public educational institutions,ISCED11_34,Upper secondary general education,Y25T34,From 25 to 34 years,_T,Total,TE,Teacher,,,O,Missing value,0,Units,MEAN,Arithmetic mean,Q,Constant prices,,,_Z,Not applicable,2025,,2,Two
DEU,Germany,SAL_ACT,Actual salaries,USD_PPP,"US dollars, PPP converted",INST_EDU_PUB,Public educational institutions,ISCED11_02,Pre-primary education,Y25T34,From 25 to 34 years,_T,Total,TE,Teacher,,,O,Missing value,0,Units,MEAN,Arithmetic mean,Q,Constant prices,,,_Z,Not applicable,2025,,2,Two
DEU,Germany,SAL_ACT,Actual salaries,USD_PPP,"US dollars, PPP converted",INST_EDU_PUB,Public educational institutions,ISCED11_1,Primary education,Y25T34,From 25 to 34 years,_T,Total,TE,Teacher,,,O,Missing value,0,Units,MEAN,Arithmetic mean,Q,Constant prices,,,_Z,Not applicable,2025,,2,Two
ESP,Spain,SAL_ACT,Actual salaries,USD_PPP,"US dollars, PPP converted",INST_EDU_PUB,Public educational institutions,ISCED11_34,Upper secondary general education,Y25T34,From 25 to 34 years,_T,Total,TE,Teacher,,,O,Missing value,0,Units,MEAN,Arithmetic mean,Q,Constant prices,,,_Z,Not applicable,2025,,2,Two
ESP,Spain,SAL_ACT,Actual salaries,USD_PPP,"US dollars, PPP converted",INST_EDU_PUB,Public educational institutions,ISCED11_02,Pre-primary education,Y25T34,From 25 to 34 years,_T,Total,TE,Teacher,,,O,Missing value,0,Units,MEAN,Arithmetic mean,Q,Constant prices,,,_Z,Not applicable,2025,,2,Two
ESP,Spain,SAL_ACT,Actual salaries,USD_PPP,"US dollars, PPP converted",INST_EDU_PUB,Public educational institutions,ISCED11_24,Lower secondary general education,Y25T34,From 25 to 34 years,_T,Total,TE,Teacher,,,O,Missing value,0,Units,MEAN,Arithmetic mean,Q,Constant prices,,,_Z,Not applicable,2025,,2,Two
ESP,Spain,SAL_ACT,Actual salaries,USD_PPP,"US dollars, PPP converted",INST_EDU_PUB,Public educational institutions,ISCED11_1,Primary education,Y25T34,From 25 to 34 years,_T,Total,TE,Teacher,,,O,Missing value,0,Units,MEAN,Arithmetic mean,Q,Constant prices,,,_Z,Not applicable,2025,,2,Two
FIN,Finland,SAL_ACT,Actual salaries,USD_PPP,"US dollars, PPP converted",INST_EDU_PUB,Public educational institutions,ISCED11_34,Upper secondary general education,Y35T44,From 35 to 44 years,_T,Total,SH,School head,,,O,Missing value,0,Units,MEAN,Arithmetic mean,Q,Constant prices,,,_Z,Not applicable,2025,,2,Two
DEU,Germany,SAL_ACT,Actual salaries,USD_PPP,"US dollars, PPP converted",INST_EDU_PUB,Public educational institutions,ISCED11_34,Upper secondary general education,Y35T44,From 35 to 44 years,_T,Total,TE,Teacher,,,O,Missing value,0,Units,MEAN,Arithmetic mean,Q,Constant prices,,,_Z,Not applicable,2025,,2,Two
DEU,Germany,SAL_ACT,Actual salaries,USD_PPP,"US dollars, PPP converted",INST_EDU_PUB,Public educational institutions,ISCED11_24,Lower secondary general education,Y35T44,From 35 to 44 years,_T,Total,SH,School head,,,O,Missing value,0,Units,MEAN,Arithmetic mean,Q,Constant prices,,,_Z,Not applicable,2025,,2,Two
DEU,Germany,SAL_ACT,Actual salaries,USD_PPP,"US dollars, PPP converted",INST_EDU_PUB,Public educational institutions,ISCED11_34,Upper secondary general education,Y35T44,From 35 to 44 years,_T,Total,SH,School head,,,O,Missing value,0,Units,MEAN,Arithmetic mean,Q,Constant prices,,,_Z,Not applicable,2025,,2,Two
DEU,Germany,SAL_ACT,Actual salaries,USD_PPP,"US dollars, PPP converted",INST_EDU_PUB,Public educational institutions,ISCED11_02,Pre-primary education,Y35T44,From 35 to 44 years,_T,Total,TE,Teacher,,,O,Missing value,0,Units,MEAN,Arithmetic mean,Q,Constant prices,,,_Z,Not applicable,2025,,2,Two
DEU,Germany,SAL_ACT,Actual salaries,USD_PPP,"US dollars, PPP converted",INST_EDU_PUB,Public educational institutions,ISCED11_24,Lower secondary general education,Y35T44,From 35 to 44 years,_T,Total,TE,Teacher,,,O,Missing value,0,Units,MEAN,Arithmetic mean,Q,Constant prices,,,_Z,Not applicable,2025,,2,Two
DEU,Germany,SAL_ACT,Actual salaries,USD_PPP,"US dollars, PPP converted",INST_EDU_PUB,Public educational institutions,ISCED11_02,Pre-primary education,Y35T44,From 35 to 44 years,_T,Total,SH,School head,,,O,Missing value,0,Units,MEAN,Arithmetic mean,Q,Constant prices,,,_Z,Not applicable,2025,,2,Two
DEU,Germany,SAL_ACT,Actual salaries,USD_PPP,"US dollars, PPP converted",INST_EDU_PUB,Public educational institutions,ISCED11_1,Primary education,Y35T44,From 35 to 44 years,_T,Total,SH,School head,,,O,Missing value,0,Units,MEAN,Arithmetic mean,Q,Constant prices,,,_Z,Not applicable,2025,,2,Two
DEU,Germany,SAL_ACT,Actual salaries,USD_PPP,"US dollars, PPP converted",INST_EDU_PUB,Public educational institutions,ISCED11_1,Primary education,Y35T44,From 35 to 44 years,_T,Total,TE,Teacher,,,O,Missing value,0,Units,MEAN,Arithmetic mean,Q,Constant prices,,,_Z,Not applicable,2025,,2,Two
ESP,Spain,SAL_ACT,Actual salaries,USD_PPP,"US dollars, PPP converted",INST_EDU_PUB,Public educational institutions,ISCED11_34,Upper secondary general education,Y35T44,From 35 to 44 years,_T,Total,TE,Teacher,,,O,Missing value,0,Units,MEAN,Arithmetic mean,Q,Constant prices,,,_Z,Not applicable,2025,,2,Two
ESP,Spain,SAL_ACT,Actual salaries,USD_PPP,"US dollars, PPP converted",INST_EDU_PUB,Public educational institutions,ISCED11_1,Primary education,Y35T44,From 35 to 44 years,_T,Total,SH,School head,,,O,Missing value,0,Units,MEAN,Arithmetic mean,Q,Constant prices,,,_Z,Not applicable,2025,,2,Two
ESP,Spain,SAL_ACT,Actual salaries,USD_PPP,"US dollars, PPP converted",INST_EDU_PUB,Public educational institutions,ISCED11_02,Pre-primary education,Y35T44,From 35 to 44 years,_T,Total,SH,School head,,,O,Missing value,0,Units,MEAN,Arithmetic mean,Q,Constant prices,,,_Z,Not applicable,2025,,2,Two
ESP,Spain,SAL_ACT,Actual salaries,USD_PPP,"US dollars, PPP converted",INST_EDU_PUB,Public educational institutions,ISCED11_24,Lower secondary general education,Y35T44,From 35 to 44 years,_T,Total,SH,School head,,,O,Missing value,0,Units,MEAN,Arithmetic mean,Q,Constant prices,,,_Z,Not applicable,2025,,2,Two
ESP,Spain,SAL_ACT,Actual salaries,USD_PPP,"US dollars, PPP converted",INST_EDU_PUB,Public educational institutions,ISCED11_24,Lower secondary general education,Y35T44,From 35 to 44 years,_T,Total,TE,Teacher,,,O,Missing value,0,Units,MEAN,Arithmetic mean,Q,Constant prices,,,_Z,Not applicable,2025,,2,Two
ESP,Spain,SAL_ACT,Actual salaries,USD_PPP,"US dollars, PPP converted",INST_EDU_PUB,Public educational institutions,ISCED11_34,Upper secondary general education,Y35T44,From 35 to 44 years,_T,Total,SH,School head,,,O,Missing value,0,Units,MEAN,Arithmetic mean,Q,Constant prices,,,_Z,Not applicable,2025,,2,Two
ESP,Spain,SAL_ACT,Actual salaries,USD_PPP,"US dollars, PPP converted",INST_EDU_PUB,Public educational institutions,ISCED11_1,Primary education,Y35T44,From 35 to 44 years,_T,Total,TE,Teacher,,,O,Missing value,0,Units,MEAN,Arithmetic mean,Q,Constant prices,,,_Z,Not applicable,2025,,2,Two
ESP,Spain,SAL_ACT,Actual salaries,USD_PPP,"US dollars, PPP converted",INST_EDU_PUB,Public educational institutions,ISCED11_02,Pre-primary education,Y35T44,From 35 to 44 years,_T,Total,TE,Teacher,,,O,Missing value,0,Units,MEAN,Arithmetic mean,Q,Constant prices,,,_Z,Not applicable,2025,,2,Two
DEU,Germany,SAL_ACT,Actual salaries,USD_PPP,"US dollars, PPP converted",INST_EDU_PUB,Public educational institutions,ISCED11_02,Pre-primary education,Y55T64,From 55 to 64 years,_T,Total,SH,School head,,,O,Missing value,0,Units,MEAN,Arithmetic mean,Q,Constant prices,,,_Z,Not applicable,2025,,2,Two
DEU,Germany,SAL_ACT,Actual salaries,USD_PPP,"US dollars, PPP converted",INST_EDU_PUB,Public educational institutions,ISCED11_02,Pre-primary education,Y55T64,From 55 to 64 years,_T,Total,TE,Teacher,,,O,Missing value,0,Units,MEAN,Arithmetic mean,Q,Constant prices,,,_Z,Not applicable,2025,,2,Two
DEU,Germany,SAL_ACT,Actual salaries,USD_PPP,"US dollars, PPP converted",INST_EDU_PUB,Public educational institutions,ISCED11_24,Lower secondary general education,Y55T64,From 55 to 64 years,_T,Total,SH,School head,,,O,Missing value,0,Units,MEAN,Arithmetic mean,Q,Constant prices,,,_Z,Not applicable,2025,,2,Two
DEU,Germany,SAL_ACT,Actual salaries,USD_PPP,"US dollars, PPP converted",INST_EDU_PUB,Public educational institutions,ISCED11_1,Primary education,Y55T64,From 55 to 64 years,_T,Total,TE,Teacher,,,O,Missing value,0,Units,MEAN,Arithmetic mean,Q,Constant prices,,,_Z,Not applicable,2025,,2,Two
DEU,Germany,SAL_ACT,Actual salaries,USD_PPP,"US dollars, PPP converted",INST_EDU_PUB,Public educational institutions,ISCED11_24,Lower secondary general education,Y55T64,From 55 to 64 years,_T,Total,TE,Teacher,,,O,Missing value,0,Units,MEAN,Arithmetic mean,Q,Constant prices,,,_Z,Not applicable,2025,,2,Two
DEU,Germany,SAL_ACT,Actual salaries,USD_PPP,"US dollars, PPP converted",INST_EDU_PUB,Public educational institutions,ISCED11_34,Upper secondary general education,Y55T64,From 55 to 64 years,_T,Total,TE,Teacher,,,O,Missing value,0,Units,MEAN,Arithmetic mean,Q,Constant prices,,,_Z,Not applicable,2025,,2,Two
DEU,Germany,SAL_ACT,Actual salaries,USD_PPP,"US dollars, PPP converted",INST_EDU_PUB,Public educational institutions,ISCED11_34,Upper secondary general education,Y55T64,From 55 to 64 years,_T,Total,SH,School head,,,O,Missing value,0,Units,MEAN,Arithmetic mean,Q,Constant prices,,,_Z,Not applicable,2025,,2,Two
DEU,Germany,SAL_ACT,Actual salaries,USD_PPP,"US dollars, PPP converted",INST_EDU_PUB,Public educational institutions,ISCED11_1,Primary education,Y55T64,From 55 to 64 years,_T,Total,SH,School head,,,O,Missing value,0,Units,MEAN,Arithmetic mean,Q,Constant prices,,,_Z,Not applicable,2025,,2,Two
ESP,Spain,SAL_ACT,Actual salaries,USD_PPP,"US dollars, PPP converted",INST_EDU_PUB,Public educational institutions,ISCED11_1,Primary education,Y55T64,From 55 to 64 years,_T,Total,SH,School head,,,O,Missing value,0,Units,MEAN,Arithmetic mean,Q,Constant prices,,,_Z,Not applicable,2025,,2,Two
ESP,Spain,SAL_ACT,Actual salaries,USD_PPP,"US dollars, PPP converted",INST_EDU_PUB,Public educational institutions,ISCED11_02,Pre-primary education,Y55T64,From 55 to 64 years,_T,Total,SH,School head,,,O,Missing value,0,Units,MEAN,Arithmetic mean,Q,Constant prices,,,_Z,Not applicable,2025,,2,Two
ESP,Spain,SAL_ACT,Actual salaries,USD_PPP,"US dollars, PPP converted",INST_EDU_PUB,Public educational institutions,ISCED11_24,Lower secondary general education,Y55T64,From 55 to 64 years,_T,Total,SH,School head,,,O,Missing value,0,Units,MEAN,Arithmetic mean,Q,Constant prices,,,_Z,Not applicable,2025,,2,Two
ESP,Spain,SAL_ACT,Actual salaries,USD_PPP,"US dollars, PPP converted",INST_EDU_PUB,Public educational institutions,ISCED11_34,Upper secondary general education,Y55T64,From 55 to 64 years,_T,Total,TE,Teacher,,,O,Missing value,0,Units,MEAN,Arithmetic mean,Q,Constant prices,,,_Z,Not applicable,2025,,2,Two
ESP,Spain,SAL_ACT,Actual salaries,USD_PPP,"US dollars, PPP converted",INST_EDU_PUB,Public educational institutions,ISCED11_1,Primary education,Y55T64,From 55 to 64 years,_T,Total,TE,Teacher,,,O,Missing value,0,Units,MEAN,Arithmetic mean,Q,Constant prices,,,_Z,Not applicable,2025,,2,Two
ESP,Spain,SAL_ACT,Actual salaries,USD_PPP,"US dollars, PPP converted",INST_EDU_PUB,Public educational institutions,ISCED11_24,Lower secondary general education,Y55T64,From 55 to 64 years,_T,Total,TE,Teacher,,,O,Missing value,0,Units,MEAN,Arithmetic mean,Q,Constant prices,,,_Z,Not applicable,2025,,2,Two
ESP,Spain,SAL_ACT,Actual salaries,USD_PPP,"US dollars, PPP converted",INST_EDU_PUB,Public educational institutions,ISCED11_02,Pre-primary education,Y55T64,From 55 to 64 years,_T,Total,TE,Teacher,,,O,Missing value,0,Units,MEAN,Arithmetic mean,Q,Constant prices,,,_Z,Not applicable,2025,,2,Two
ESP,Spain,SAL_ACT,Actual salaries,USD_PPP,"US dollars, PPP converted",INST_EDU_PUB,Public educational institutions,ISCED11_34,Upper secondary general education,Y55T64,From 55 to 64 years,_T,Total,SH,School head,,,O,Missing value,0,Units,MEAN,Arithmetic mean,Q,Constant prices,,,_Z,Not applicable,2025,,2,Two
DEU,Germany,SAL_ACT,Actual salaries,USD_PPP,"US dollars, PPP converted",INST_EDU_PUB,Public educational institutions,ISCED11_34,Upper secondary general education,Y45T54,From 45 to 54 years,_T,Total,TE,Teacher,,,O,Missing value,0,Units,MEAN,Arithmetic mean,Q,Constant prices,,,_Z,Not applicable,2025,,2,Two
DEU,Germany,SAL_ACT,Actual salaries,USD_PPP,"US dollars, PPP converted",INST_EDU_PUB,Public educational institutions,ISCED11_34,Upper secondary general education,Y45T54,From 45 to 54 years,_T,Total,SH,School head,,,O,Missing value,0,Units,MEAN,Arithmetic mean,Q,Constant prices,,,_Z,Not applicable,2025,,2,Two
DEU,Germany,SAL_ACT,Actual salaries,USD_PPP,"US dollars, PPP converted",INST_EDU_PUB,Public educational institutions,ISCED11_1,Primary education,Y45T54,From 45 to 54 years,_T,Total,SH,School head,,,O,Missing value,0,Units,MEAN,Arithmetic mean,Q,Constant prices,,,_Z,Not applicable,2025,,2,Two
DEU,Germany,SAL_ACT,Actual salaries,USD_PPP,"US dollars, PPP converted",INST_EDU_PUB,Public educational institutions,ISCED11_24,Lower secondary general education,Y45T54,From 45 to 54 years,_T,Total,SH,School head,,,O,Missing value,0,Units,MEAN,Arithmetic mean,Q,Constant prices,,,_Z,Not applicable,2025,,2,Two
DEU,Germany,SAL_ACT,Actual salaries,USD_PPP,"US dollars, PPP converted",INST_EDU_PUB,Public educational institutions,ISCED11_02,Pre-primary education,Y45T54,From 45 to 54 years,_T,Total,SH,School head,,,O,Missing value,0,Units,MEAN,Arithmetic mean,Q,Constant prices,,,_Z,Not applicable,2025,,2,Two
DEU,Germany,SAL_ACT,Actual salaries,USD_PPP,"US dollars, PPP converted",INST_EDU_PUB,Public educational institutions,ISCED11_1,Primary education,Y45T54,From 45 to 54 years,_T,Total,TE,Teacher,,,O,Missing value,0,Units,MEAN,Arithmetic mean,Q,Constant prices,,,_Z,Not applicable,2025,,2,Two
DEU,Germany,SAL_ACT,Actual salaries,USD_PPP,"US dollars, PPP converted",INST_EDU_PUB,Public educational institutions,ISCED11_24,Lower secondary general education,Y45T54,From 45 to 54 years,_T,Total,TE,Teacher,,,O,Missing value,0,Units,MEAN,Arithmetic mean,Q,Constant prices,,,_Z,Not applicable,2025,,2,Two
DEU,Germany,SAL_ACT,Actual salaries,USD_PPP,"US dollars, PPP converted",INST_EDU_PUB,Public educational institutions,ISCED11_02,Pre-primary education,Y45T54,From 45 to 54 years,_T,Total,TE,Teacher,,,O,Missing value,0,Units,MEAN,Arithmetic mean,Q,Constant prices,,,_Z,Not applicable,2025,,2,Two
ESP,Spain,SAL_ACT,Actual salaries,USD_PPP,"US dollars, PPP converted",INST_EDU_PUB,Public educational institutions,ISCED11_34,Upper secondary general education,Y45T54,From 45 to 54 years,_T,Total,SH,School head,,,O,Missing value,0,Units,MEAN,Arithmetic mean,Q,Constant prices,,,_Z,Not applicable,2025,,2,Two
ESP,Spain,SAL_ACT,Actual salaries,USD_PPP,"US dollars, PPP converted",INST_EDU_PUB,Public educational institutions,ISCED11_24,Lower secondary general education,Y45T54,From 45 to 54 years,_T,Total,SH,School head,,,O,Missing value,0,Units,MEAN,Arithmetic mean,Q,Constant prices,,,_Z,Not applicable,2025,,2,Two
ESP,Spain,SAL_ACT,Actual salaries,USD_PPP,"US dollars, PPP converted",INST_EDU_PUB,Public educational institutions,ISCED11_24,Lower secondary general education,Y45T54,From 45 to 54 years,_T,Total,TE,Teacher,,,O,Missing value,0,Units,MEAN,Arithmetic mean,Q,Constant prices,,,_Z,Not applicable,2025,,2,Two
ESP,Spain,SAL_ACT,Actual salaries,USD_PPP,"US dollars, PPP converted",INST_EDU_PUB,Public educational institutions,ISCED11_1,Primary education,Y45T54,From 45 to 54 years,_T,Total,SH,School head,,,O,Missing value,0,Units,MEAN,Arithmetic mean,Q,Constant prices,,,_Z,Not applicable,2025,,2,Two
ESP,Spain,SAL_ACT,Actual salaries,USD_PPP,"US dollars, PPP converted",INST_EDU_PUB,Public educational institutions,ISCED11_02,Pre-primary education,Y45T54,From 45 to 54 years,_T,Total,TE,Teacher,,,O,Missing value,0,Units,MEAN,Arithmetic mean,Q,Constant prices,,,_Z,Not applicable,2025,,2,Two
ESP,Spain,SAL_ACT,Actual salaries,USD_PPP,"US dollars, PPP converted",INST_EDU_PUB,Public educational institutions,ISCED11_02,Pre-primary education,Y45T54,From 45 to 54 years,_T,Total,SH,School head,,,O,Missing value,0,Units,MEAN,Arithmetic mean,Q,Constant prices,,,_Z,Not applicable,2025,,2,Two
ESP,Spain,SAL_ACT,Actual salaries,USD_PPP,"US dollars, PPP converted",INST_EDU_PUB,Public educational institutions,ISCED11_1,Primary education,Y45T54,From 45 to 54 years,_T,Total,TE,Teacher,,,O,Missing value,0,Units,MEAN,Arithmetic mean,Q,Constant prices,,,_Z,Not applicable,2025,,2,Two
ESP,Spain,SAL_ACT,Actual salaries,USD_PPP,"US dollars, PPP converted",INST_EDU_PUB,Public educational institutions,ISCED11_34,Upper secondary general education,Y45T54,From 45 to 54 years,_T,Total,TE,Teacher,,,O,Missing value,0,Units,MEAN,Arithmetic mean,Q,Constant prices,,,_Z,Not applicable,2025,,2,Two
DEU,Germany,SAL_ACT,Actual salaries,USD_PPP,"US dollars, PPP converted",INST_EDU_PUB,Public educational institutions,ISCED11_02,Pre-primary education,Y25T64,From 25 to 64 years,_T,Total,TE,Teacher,,,O,Missing value,0,Units,MEAN,Arithmetic mean,Q,Constant prices,,,_Z,Not applicable,2025,,2,Two
DEU,Germany,SAL_ACT,Actual salaries,USD_PPP,"US dollars, PPP converted",INST_EDU_PUB,Public educational institutions,ISCED11_24,Lower secondary general education,Y25T64,From 25 to 64 years,_T,Total,SH,School head,,,O,Missing value,0,Units,MEAN,Arithmetic mean,Q,Constant prices,,,_Z,Not applicable,2025,,2,Two
DEU,Germany,SAL_ACT,Actual salaries,USD_PPP,"US dollars, PPP converted",INST_EDU_PUB,Public educational institutions,ISCED11_02,Pre-primary education,Y25T64,From 25 to 64 years,_T,Total,SH,School head,,,O,Missing value,0,Units,MEAN,Arithmetic mean,Q,Constant prices,,,_Z,Not applicable,2025,,2,Two
DEU,Germany,SAL_ACT,Actual salaries,USD_PPP,"US dollars, PPP converted",INST_EDU_PUB,Public educational institutions,ISCED11_34,Upper secondary general education,Y25T64,From 25 to 64 years,_T,Total,SH,School head,,,O,Missing value,0,Units,MEAN,Arithmetic mean,Q,Constant prices,,,_Z,Not applicable,2025,,2,Two
DEU,Germany,SAL_ACT,Actual salaries,USD_PPP,"US dollars, PPP converted",INST_EDU_PUB,Public educational institutions,ISCED11_1,Primary education,Y25T64,From 25 to 64 years,_T,Total,SH,School head,,,O,Missing value,0,Units,MEAN,Arithmetic mean,Q,Constant prices,,,_Z,Not applicable,2025,,2,Two
ESP,Spain,SAL_ACT,Actual salaries,USD_PPP,"US dollars, PPP converted",INST_EDU_PUB,Public educational institutions,ISCED11_1,Primary education,Y25T64,From 25 to 64 years,_T,Total,SH,School head,,,O,Missing value,0,Units,MEAN,Arithmetic mean,Q,Constant prices,,,_Z,Not applicable,2025,,2,Two
ESP,Spain,SAL_ACT,Actual salaries,USD_PPP,"US dollars, PPP converted",INST_EDU_PUB,Public educational institutions,ISCED11_02,Pre-primary education,Y25T64,From 25 to 64 years,_T,Total,TE,Teacher,,,O,Missing value,0,Units,MEAN,Arithmetic mean,Q,Constant prices,,,_Z,Not applicable,2025,,2,Two
ESP,Spain,SAL_ACT,Actual salaries,USD_PPP,"US dollars, PPP converted",INST_EDU_PUB,Public educational institutions,ISCED11_24,Lower secondary general education,Y25T64,From 25 to 64 years,_T,Total,TE,Teacher,,,O,Missing value,0,Units,MEAN,Arithmetic mean,Q,Constant prices,,,_Z,Not applicable,2025,,2,Two
ESP,Spain,SAL_ACT,Actual salaries,USD_PPP,"US dollars, PPP converted",INST_EDU_PUB,Public educational institutions,ISCED11_02,Pre-primary education,Y25T64,From 25 to 64 years,_T,Total,SH,School head,,,O,Missing value,0,Units,MEAN,Arithmetic mean,Q,Constant prices,,,_Z,Not applicable,2025,,2,Two
ESP,Spain,SAL_ACT,Actual salaries,USD_PPP,"US dollars, PPP converted",INST_EDU_PUB,Public educational institutions,ISCED11_1,Primary education,Y25T64,From 25 to 64 years,_T,Total,TE,Teacher,,,O,Missing value,0,Units,MEAN,Arithmetic mean,Q,Constant prices,,,_Z,Not applicable,2025,,2,Two
ESP,Spain,SAL_ACT,Actual salaries,USD_PPP,"US dollars, PPP converted",INST_EDU_PUB,Public educational institutions,ISCED11_34,Upper secondary general education,Y25T64,From 25 to 64 years,_T,Total,TE,Teacher,,,O,Missing value,0,Units,MEAN,Arithmetic mean,Q,Constant prices,,,_Z,Not applicable,2025,,2,Two
ESP,Spain,SAL_ACT,Actual salaries,USD_PPP,"US dollars, PPP converted",INST_EDU_PUB,Public educational institutions,ISCED11_24,Lower secondary general education,Y25T64,From 25 to 64 years,_T,Total,SH,School head,,,O,Missing value,0,Units,MEAN,Arithmetic mean,Q,Constant prices,,,_Z,Not applicable,2025,,2,Two
ESP,Spain,SAL_ACT,Actual salaries,USD_PPP,"US dollars, PPP converted",INST_EDU_PUB,Public educational institutions,ISCED11_34,Upper secondary general education,Y25T64,From 25 to 64 years,_T,Total,SH,School head,,,O,Missing value,0,Units,MEAN,Arithmetic mean,Q,Constant prices,,,_Z,Not applicable,2025,,2,Two
DEU,Germany,SAL_ACT,Actual salaries,USD_PPP,"US dollars, PPP converted",INST_EDU_PUB,Public educational institutions,ISCED11_24,Lower secondary general education,Y25T64,From 25 to 64 years,M,Male,TE,Teacher,,,O,Missing value,0,Units,MEAN,Arithmetic mean,Q,Constant prices,,,_Z,Not applicable,2025,,2,Two
DEU,Germany,SAL_ACT,Actual salaries,USD_PPP,"US dollars, PPP converted",INST_EDU_PUB,Public educational institutions,ISCED11_02,Pre-primary education,Y25T64,From 25 to 64 years,M,Male,SH,School head,,,O,Missing value,0,Units,MEAN,Arithmetic mean,Q,Constant prices,,,_Z,Not applicable,2025,,2,Two
DEU,Germany,SAL_ACT,Actual salaries,USD_PPP,"US dollars, PPP converted",INST_EDU_PUB,Public educational institutions,ISCED11_24,Lower secondary general education,Y25T64,From 25 to 64 years,M,Male,SH,School head,,,O,Missing value,0,Units,MEAN,Arithmetic mean,Q,Constant prices,,,_Z,Not applicable,2025,,2,Two
DEU,Germany,SAL_ACT,Actual salaries,USD_PPP,"US dollars, PPP converted",INST_EDU_PUB,Public educational institutions,ISCED11_1,Primary education,Y25T64,From 25 to 64 years,M,Male,SH,School head,,,O,Missing value,0,Units,MEAN,Arithmetic mean,Q,Constant prices,,,_Z,Not applicable,2025,,2,Two
DEU,Germany,SAL_ACT,Actual salaries,USD_PPP,"US dollars, PPP converted",INST_EDU_PUB,Public educational institutions,ISCED11_34,Upper secondary general education,Y25T64,From 25 to 64 years,M,Male,SH,School head,,,O,Missing value,0,Units,MEAN,Arithmetic mean,Q,Constant prices,,,_Z,Not applicable,2025,,2,Two
DEU,Germany,SAL_ACT,Actual salaries,USD_PPP,"US dollars, PPP converted",INST_EDU_PUB,Public educational institutions,ISCED11_1,Primary education,Y25T64,From 25 to 64 years,M,Male,TE,Teacher,,,O,Missing value,0,Units,MEAN,Arithmetic mean,Q,Constant prices,,,_Z,Not applicable,2025,,2,Two
DEU,Germany,SAL_ACT,Actual salaries,USD_PPP,"US dollars, PPP converted",INST_EDU_PUB,Public educational institutions,ISCED11_02,Pre-primary education,Y25T64,From 25 to 64 years,M,Male,TE,Teacher,,,O,Missing value,0,Units,MEAN,Arithmetic mean,Q,Constant prices,,,_Z,Not applicable,2025,,2,Two
DEU,Germany,SAL_ACT,Actual salaries,USD_PPP,"US dollars, PPP converted",INST_EDU_PUB,Public educational institutions,ISCED11_34,Upper secondary general education,Y25T64,From 25 to 64 years,M,Male,TE,Teacher,,,O,Missing value,0,Units,MEAN,Arithmetic mean,Q,Constant prices,,,_Z,Not applicable,2025,,2,Two
ESP,Spain,SAL_ACT,Actual salaries,USD_PPP,"US dollars, PPP converted",INST_EDU_PUB,Public educational institutions,ISCED11_24,Lower secondary general education,Y25T64,From 25 to 64 years,M,Male,SH,School head,,,O,Missing value,0,Units,MEAN,Arithmetic mean,Q,Constant prices,,,_Z,Not applicable,2025,,2,Two
ESP,Spain,SAL_ACT,Actual salaries,USD_PPP,"US dollars, PPP converted",INST_EDU_PUB,Public educational institutions,ISCED11_02,Pre-primary education,Y25T64,From 25 to 64 years,M,Male,SH,School head,,,O,Missing value,0,Units,MEAN,Arithmetic mean,Q,Constant prices,,,_Z,Not applicable,2025,,2,Two
ESP,Spain,SAL_ACT,Actual salaries,USD_PPP,"US dollars, PPP converted",INST_EDU_PUB,Public educational institutions,ISCED11_1,Primary education,Y25T64,From 25 to 64 years,M,Male,SH,School head,,,O,Missing value,0,Units,MEAN,Arithmetic mean,Q,Constant prices,,,_Z,Not applicable,2025,,2,Two
ESP,Spain,SAL_ACT,Actual salaries,USD_PPP,"US dollars, PPP converted",INST_EDU_PUB,Public educational institutions,ISCED11_02,Pre-primary education,Y25T64,From 25 to 64 years,M,Male,TE,Teacher,,,O,Missing value,0,Units,MEAN,Arithmetic mean,Q,Constant prices,,,_Z,Not applicable,2025,,2,Two
ESP,Spain,SAL_ACT,Actual salaries,USD_PPP,"US dollars, PPP converted",INST_EDU_PUB,Public educational institutions,ISCED11_34,Upper secondary general education,Y25T64,From 25 to 64 years,M,Male,TE,Teacher,,,O,Missing value,0,Units,MEAN,Arithmetic mean,Q,Constant prices,,,_Z,Not applicable,2025,,2,Two
ESP,Spain,SAL_ACT,Actual salaries,USD_PPP,"US dollars, PPP converted",INST_EDU_PUB,Public educational institutions,ISCED11_1,Primary education,Y25T64,From 25 to 64 years,M,Male,TE,Teacher,,,O,Missing value,0,Units,MEAN,Arithmetic mean,Q,Constant prices,,,_Z,Not applicable,2025,,2,Two
ESP,Spain,SAL_ACT,Actual salaries,USD_PPP,"US dollars, PPP converted",INST_EDU_PUB,Public educational institutions,ISCED11_34,Upper secondary general education,Y25T64,From 25 to 64 years,M,Male,SH,School head,,,O,Missing value,0,Units,MEAN,Arithmetic mean,Q,Constant prices,,,_Z,Not applicable,2025,,2,Two
ESP,Spain,SAL_ACT,Actual salaries,USD_PPP,"US dollars, PPP converted",INST_EDU_PUB,Public educational institutions,ISCED11_24,Lower secondary general education,Y25T64,From 25 to 64 years,M,Male,TE,Teacher,,,O,Missing value,0,Units,MEAN,Arithmetic mean,Q,Constant prices,,,_Z,Not applicable,2025,,2,Two
DEU,Germany,SAL_ACT,Actual salaries,USD_PPP,"US dollars, PPP converted",INST_EDU_PUB,Public educational institutions,ISCED11_02,Pre-primary education,Y25T64,From 25 to 64 years,F,Female,TE,Teacher,,,O,Missing value,0,Units,MEAN,Arithmetic mean,Q,Constant prices,,,_Z,Not applicable,2025,,2,Two
DEU,Germany,SAL_ACT,Actual salaries,USD_PPP,"US dollars, PPP converted",INST_EDU_PUB,Public educational institutions,ISCED11_1,Primary education,Y25T64,From 25 to 64 years,F,Female,TE,Teacher,,,O,Missing value,0,Units,MEAN,Arithmetic mean,Q,Constant prices,,,_Z,Not applicable,2025,,2,Two
DEU,Germany,SAL_ACT,Actual salaries,USD_PPP,"US dollars, PPP converted",INST_EDU_PUB,Public educational institutions,ISCED11_34,Upper secondary general education,Y25T64,From 25 to 64 years,F,Female,TE,Teacher,,,O,Missing value,0,Units,MEAN,Arithmetic mean,Q,Constant prices,,,_Z,Not applicable,2025,,2,Two
DEU,Germany,SAL_ACT,Actual salaries,USD_PPP,"US dollars, PPP converted",INST_EDU_PUB,Public educational institutions,ISCED11_1,Primary education,Y25T64,From 25 to 64 years,F,Female,SH,School head,,,O,Missing value,0,Units,MEAN,Arithmetic mean,Q,Constant prices,,,_Z,Not applicable,2025,,2,Two
DEU,Germany,SAL_ACT,Actual salaries,USD_PPP,"US dollars, PPP converted",INST_EDU_PUB,Public educational institutions,ISCED11_02,Pre-primary education,Y25T64,From 25 to 64 years,F,Female,SH,School head,,,O,Missing value,0,Units,MEAN,Arithmetic mean,Q,Constant prices,,,_Z,Not applicable,2025,,2,Two
DEU,Germany,SAL_ACT,Actual salaries,USD_PPP,"US dollars, PPP converted",INST_EDU_PUB,Public educational institutions,ISCED11_24,Lower secondary general education,Y25T64,From 25 to 64 years,F,Female,SH,School head,,,O,Missing value,0,Units,MEAN,Arithmetic mean,Q,Constant prices,,,_Z,Not applicable,2025,,2,Two
DEU,Germany,SAL_ACT,Actual salaries,USD_PPP,"US dollars, PPP converted",INST_EDU_PUB,Public educational institutions,ISCED11_34,Upper secondary general education,Y25T64,From 25 to 64 years,F,Female,SH,School head,,,O,Missing value,0,Units,MEAN,Arithmetic mean,Q,Constant prices,,,_Z,Not applicable,2025,,2,Two
DEU,Germany,SAL_ACT,Actual salaries,USD_PPP,"US dollars, PPP converted",INST_EDU_PUB,Public educational institutions,ISCED11_24,Lower secondary general education,Y25T64,From 25 to 64 years,F,Female,TE,Teacher,,,O,Missing value,0,Units,MEAN,Arithmetic mean,Q,Constant prices,,,_Z,Not applicable,2025,,2,Two
ESP,Spain,SAL_ACT,Actual salaries,USD_PPP,"US dollars, PPP converted",INST_EDU_PUB,Public educational institutions,ISCED11_34,Upper secondary general education,Y25T64,From 25 to 64 years,F,Female,SH,School head,,,O,Missing value,0,Units,MEAN,Arithmetic mean,Q,Constant prices,,,_Z,Not applicable,2025,,2,Two
ESP,Spain,SAL_ACT,Actual salaries,USD_PPP,"US dollars, PPP converted",INST_EDU_PUB,Public educational institutions,ISCED11_24,Lower secondary general education,Y25T64,From 25 to 64 years,F,Female,SH,School head,,,O,Missing value,0,Units,MEAN,Arithmetic mean,Q,Constant prices,,,_Z,Not applicable,2025,,2,Two
ESP,Spain,SAL_ACT,Actual salaries,USD_PPP,"US dollars, PPP converted",INST_EDU_PUB,Public educational institutions,ISCED11_1,Primary education,Y25T64,From 25 to 64 years,F,Female,SH,School head,,,O,Missing value,0,Units,MEAN,Arithmetic mean,Q,Constant prices,,,_Z,Not applicable,2025,,2,Two
ESP,Spain,SAL_ACT,Actual salaries,USD_PPP,"US dollars, PPP converted",INST_EDU_PUB,Public educational institutions,ISCED11_02,Pre-primary education,Y25T64,From 25 to 64 years,F,Female,TE,Teacher,,,O,Missing value,0,Units,MEAN,Arithmetic mean,Q,Constant prices,,,_Z,Not applicable,2025,,2,Two
ESP,Spain,SAL_ACT,Actual salaries,USD_PPP,"US dollars, PPP converted",INST_EDU_PUB,Public educational institutions,ISCED11_34,Upper secondary general education,Y25T64,From 25 to 64 years,F,Female,TE,Teacher,,,O,Missing value,0,Units,MEAN,Arithmetic mean,Q,Constant prices,,,_Z,Not applicable,2025,,2,Two
ESP,Spain,SAL_ACT,Actual salaries,USD_PPP,"US dollars, PPP converted",INST_EDU_PUB,Public educational institutions,ISCED11_02,Pre-primary education,Y25T64,From 25 to 64 years,F,Female,SH,School head,,,O,Missing value,0,Units,MEAN,Arithmetic mean,Q,Constant prices,,,_Z,Not applicable,2025,,2,Two
ESP,Spain,SAL_ACT,Actual salaries,USD_PPP,"US dollars, PPP converted",INST_EDU_PUB,Public educational institutions,ISCED11_1,Primary education,Y25T64,From 25 to 64 years,F,Female,TE,Teacher,,,O,Missing value,0,Units,MEAN,Arithmetic mean,Q,Constant prices,,,_Z,Not applicable,2025,,2,Two
ESP,Spain,SAL_ACT,Actual salaries,USD_PPP,"US dollars, PPP converted",INST_EDU_PUB,Public educational institutions,ISCED11_24,Lower secondary general education,Y25T64,From 25 to 64 years,F,Female,TE,Teacher,,,O,Missing value,0,Units,MEAN,Arithmetic mean,Q,Constant prices,,,_Z,Not applicable,2025,,2,Two
FRA,France,SAL_ACT,Actual salaries,USD_PPP,"US dollars, PPP converted",INST_EDU_PUB,Public educational institutions,ISCED11_02,Pre-primary education,Y25T64,From 25 to 64 years,M,Male,TE,Teacher,,,O,Missing value,0,Units,MEAN,Arithmetic mean,Q,Constant prices,,,_Z,Not applicable,2023,,2,Two
FRA,France,SAL_ACT,Actual salaries,USD_PPP,"US dollars, PPP converted",INST_EDU_PUB,Public educational institutions,ISCED11_34,Upper secondary general education,Y25T34,From 25 to 34 years,_T,Total,TE,Teacher,,,O,Missing value,0,Units,MEAN,Arithmetic mean,Q,Constant prices,,,_Z,Not applicable,2023,,2,Two
FRA,France,SAL_ACT,Actual salaries,USD_PPP,"US dollars, PPP converted",INST_EDU_PUB,Public educational institutions,ISCED11_1,Primary education,Y25T64,From 25 to 64 years,F,Female,SH,School head,,,O,Missing value,0,Units,MEAN,Arithmetic mean,Q,Constant prices,,,_Z,Not applicable,2023,,2,Two
FRA,France,SAL_ACT,Actual salaries,USD_PPP,"US dollars, PPP converted",INST_EDU_PUB,Public educational institutions,ISCED11_34,Upper secondary general education,Y35T44,From 35 to 44 years,_T,Total,SH,School head,,,O,Missing value,0,Units,MEAN,Arithmetic mean,Q,Constant prices,,,_Z,Not applicable,2023,,2,Two
FRA,France,SAL_ACT,Actual salaries,USD_PPP,"US dollars, PPP converted",INST_EDU_PUB,Public educational institutions,ISCED11_34,Upper secondary general education,Y25T64,From 25 to 64 years,M,Male,SH,School head,,,O,Missing value,0,Units,MEAN,Arithmetic mean,Q,Constant prices,,,_Z,Not applicable,2023,,2,Two
FRA,France,SAL_ACT,Actual salaries,USD_PPP,"US dollars, PPP converted",INST_EDU_PUB,Public educational institutions,ISCED11_02,Pre-primary education,Y55T64,From 55 to 64 years,_T,Total,SH,School head,,,O,Missing value,0,Units,MEAN,Arithmetic mean,Q,Constant prices,,,_Z,Not applicable,2023,,2,Two
FRA,France,SAL_ACT,Actual salaries,USD_PPP,"US dollars, PPP converted",INST_EDU_PUB,Public educational institutions,ISCED11_34,Upper secondary general education,Y25T64,From 25 to 64 years,M,Male,TE,Teacher,,,O,Missing value,0,Units,MEAN,Arithmetic mean,Q,Constant prices,,,_Z,Not applicable,2023,,2,Two
FRA,France,SAL_ACT,Actual salaries,USD_PPP,"US dollars, PPP converted",INST_EDU_PUB,Public educational institutions,ISCED11_1,Primary education,Y55T64,From 55 to 64 years,_T,Total,SH,School head,,,O,Missing value,0,Units,MEAN,Arithmetic mean,Q,Constant prices,,,_Z,Not applicable,2023,,2,Two
FRA,France,SAL_ACT,Actual salaries,USD_PPP,"US dollars, PPP converted",INST_EDU_PUB,Public educational institutions,ISCED11_34,Upper secondary general education,Y45T54,From 45 to 54 years,_T,Total,SH,School head,,,O,Missing value,0,Units,MEAN,Arithmetic mean,Q,Constant prices,,,_Z,Not applicable,2023,,2,Two
FRA,France,SAL_ACT,Actual salaries,USD_PPP,"US dollars, PPP converted",INST_EDU_PUB,Public educational institutions,ISCED11_1,Primary education,Y25T34,From 25 to 34 years,_T,Total,TE,Teacher,,,O,Missing value,0,Units,MEAN,Arithmetic mean,Q,Constant prices,,,_Z,Not applicable,2023,,2,Two
FRA,France,SAL_ACT,Actual salaries,USD_PPP,"US dollars, PPP converted",INST_EDU_PUB,Public educational institutions,ISCED11_02,Pre-primary education,Y35T44,From 35 to 44 years,_T,Total,SH,School head,,,O,Missing value,0,Units,MEAN,Arithmetic mean,Q,Constant prices,,,_Z,Not applicable,2023,,2,Two
FRA,France,SAL_ACT,Actual salaries,USD_PPP,"US dollars, PPP converted",INST_EDU_PUB,Public educational institutions,ISCED11_02,Pre-primary education,Y45T54,From 45 to 54 years,_T,Total,SH,School head,,,O,Missing value,0,Units,MEAN,Arithmetic mean,Q,Constant prices,,,_Z,Not applicable,2023,,2,Two
FRA,France,SAL_ACT,Actual salaries,USD_PPP,"US dollars, PPP converted",INST_EDU_PUB,Public educational institutions,ISCED11_24,Lower secondary general education,Y55T64,From 55 to 64 years,_T,Total,SH,School head,,,O,Missing value,0,Units,MEAN,Arithmetic mean,Q,Constant prices,,,_Z,Not applicable,2023,,2,Two
FRA,France,SAL_ACT,Actual salaries,USD_PPP,"US dollars, PPP converted",INST_EDU_PUB,Public educational institutions,ISCED11_02,Pre-primary education,Y25T64,From 25 to 64 years,F,Female,SH,School head,,,O,Missing value,0,Units,MEAN,Arithmetic mean,Q,Constant prices,,,_Z,Not applicable,2023,,2,Two
FRA,France,SAL_ACT,Actual salaries,USD_PPP,"US dollars, PPP converted",INST_EDU_PUB,Public educational institutions,ISCED11_24,Lower secondary general education,Y25T64,From 25 to 64 years,F,Female,SH,School head,,,O,Missing value,0,Units,MEAN,Arithmetic mean,Q,Constant prices,,,_Z,Not applicable,2023,,2,Two
FRA,France,SAL_ACT,Actual salaries,USD_PPP,"US dollars, PPP converted",INST_EDU_PUB,Public educational institutions,ISCED11_02,Pre-primary education,Y25T64,From 25 to 64 years,_T,Total,TE,Teacher,,,O,Missing value,0,Units,MEAN,Arithmetic mean,Q,Constant prices,,,_Z,Not applicable,2023,,2,Two
FRA,France,SAL_ACT,Actual salaries,USD_PPP,"US dollars, PPP converted",INST_EDU_PUB,Public educational institutions,ISCED11_24,Lower secondary general education,Y25T64,From 25 to 64 years,_T,Total,SH,School head,,,O,Missing value,0,Units,MEAN,Arithmetic mean,Q,Constant prices,,,_Z,Not applicable,2023,,2,Two
FRA,France,SAL_ACT,Actual salaries,USD_PPP,"US dollars, PPP converted",INST_EDU_PUB,Public educational institutions,ISCED11_1,Primary education,Y35T44,From 35 to 44 years,_T,Total,SH,School head,,,O,Missing value,0,Units,MEAN,Arithmetic mean,Q,Constant prices,,,_Z,Not applicable,2023,,2,Two
FRA,France,SAL_ACT,Actual salaries,USD_PPP,"US dollars, PPP converted",INST_EDU_PUB,Public educational institutions,ISCED11_34,Upper secondary general education,Y25T64,From 25 to 64 years,F,Female,SH,School head,,,O,Missing value,0,Units,MEAN,Arithmetic mean,Q,Constant prices,,,_Z,Not applicable,2023,,2,Two
FRA,France,SAL_ACT,Actual salaries,USD_PPP,"US dollars, PPP converted",INST_EDU_PUB,Public educational institutions,ISCED11_34,Upper secondary general education,Y55T64,From 55 to 64 years,_T,Total,SH,School head,,,O,Missing value,0,Units,MEAN,Arithmetic mean,Q,Constant prices,,,_Z,Not applicable,2023,,2,Two
FRA,France,SAL_ACT,Actual salaries,USD_PPP,"US dollars, PPP converted",INST_EDU_PUB,Public educational institutions,ISCED11_1,Primary education,Y25T34,From 25 to 34 years,_T,Total,SH,School head,,,O,Missing value,0,Units,MEAN,Arithmetic mean,Q,Constant prices,,,_Z,Not applicable,2023,,2,Two
FRA,France,SAL_ACT,Actual salaries,USD_PPP,"US dollars, PPP converted",INST_EDU_PUB,Public educational institutions,ISCED11_24,Lower secondary general education,Y45T54,From 45 to 54 years,_T,Total,SH,School head,,,O,Missing value,0,Units,MEAN,Arithmetic mean,Q,Constant prices,,,_Z,Not applicable,2023,,2,Two
FRA,France,SAL_ACT,Actual salaries,USD_PPP,"US dollars, PPP converted",INST_EDU_PUB,Public educational institutions,ISCED11_1,Primary education,Y25T64,From 25 to 64 years,_T,Total,TE,Teacher,,,O,Missing value,0,Units,MEAN,Arithmetic mean,Q,Constant prices,,,_Z,Not applicable,2023,,2,Two
FRA,France,SAL_ACT,Actual salaries,USD_PPP,"US dollars, PPP converted",INST_EDU_PUB,Public educational institutions,ISCED11_34,Upper secondary general education,Y45T54,From 45 to 54 years,_T,Total,TE,Teacher,,,O,Missing value,0,Units,MEAN,Arithmetic mean,Q,Constant prices,,,_Z,Not applicable,2023,,2,Two
FRA,France,SAL_ACT,Actual salaries,USD_PPP,"US dollars, PPP converted",INST_EDU_PUB,Public educational institutions,ISCED11_1,Primary education,Y45T54,From 45 to 54 years,_T,Total,TE,Teacher,,,O,Missing value,0,Units,MEAN,Arithmetic mean,Q,Constant prices,,,_Z,Not applicable,2023,,2,Two
FRA,France,SAL_ACT,Actual salaries,USD_PPP,"US dollars, PPP converted",INST_EDU_PUB,Public educational institutions,ISCED11_02,Pre-primary education,Y25T64,From 25 to 64 years,_T,Total,SH,School head,,,O,Missing value,0,Units,MEAN,Arithmetic mean,Q,Constant prices,,,_Z,Not applicable,2023,,2,Two
FRA,France,SAL_ACT,Actual salaries,USD_PPP,"US dollars, PPP converted",INST_EDU_PUB,Public educational institutions,ISCED11_34,Upper secondary general education,Y25T64,From 25 to 64 years,F,Female,TE,Teacher,,,O,Missing value,0,Units,MEAN,Arithmetic mean,Q,Constant prices,,,_Z,Not applicable,2023,,2,Two
FRA,France,SAL_ACT,Actual salaries,USD_PPP,"US dollars, PPP converted",INST_EDU_PUB,Public educational institutions,ISCED11_1,Primary education,Y55T64,From 55 to 64 years,_T,Total,TE,Teacher,,,O,Missing value,0,Units,MEAN,Arithmetic mean,Q,Constant prices,,,_Z,Not applicable,2023,,2,Two
FRA,France,SAL_ACT,Actual salaries,USD_PPP,"US dollars, PPP converted",INST_EDU_PUB,Public educational institutions,ISCED11_1,Primary education,Y45T54,From 45 to 54 years,_T,Total,SH,School head,,,O,Missing value,0,Units,MEAN,Arithmetic mean,Q,Constant prices,,,_Z,Not applicable,2023,,2,Two
FRA,France,SAL_ACT,Actual salaries,USD_PPP,"US dollars, PPP converted",INST_EDU_PUB,Public educational institutions,ISCED11_24,Lower secondary general education,Y35T44,From 35 to 44 years,_T,Total,TE,Teacher,,,O,Missing value,0,Units,MEAN,Arithmetic mean,Q,Constant prices,,,_Z,Not applicable,2023,,2,Two
FRA,France,SAL_ACT,Actual salaries,USD_PPP,"US dollars, PPP converted",INST_EDU_PUB,Public educational institutions,ISCED11_24,Lower secondary general education,Y25T34,From 25 to 34 years,_T,Total,SH,School head,,,O,Missing value,0,Units,MEAN,Arithmetic mean,Q,Constant prices,,,_Z,Not applicable,2023,,2,Two
FRA,France,SAL_ACT,Actual salaries,USD_PPP,"US dollars, PPP converted",INST_EDU_PUB,Public educational institutions,ISCED11_24,Lower secondary general education,Y35T44,From 35 to 44 years,_T,Total,SH,School head,,,O,Missing value,0,Units,MEAN,Arithmetic mean,Q,Constant prices,,,_Z,Not applicable,2023,,2,Two
FRA,France,SAL_ACT,Actual salaries,USD_PPP,"US dollars, PPP converted",INST_EDU_PUB,Public educational institutions,ISCED11_02,Pre-primary education,Y45T54,From 45 to 54 years,_T,Total,TE,Teacher,,,O,Missing value,0,Units,MEAN,Arithmetic mean,Q,Constant prices,,,_Z,Not applicable,2023,,2,Two
FRA,France,SAL_ACT,Actual salaries,USD_PPP,"US dollars, PPP converted",INST_EDU_PUB,Public educational institutions,ISCED11_24,Lower secondary general education,Y25T64,From 25 to 64 years,F,Female,TE,Teacher,,,O,Missing value,0,Units,MEAN,Arithmetic mean,Q,Constant prices,,,_Z,Not applicable,2023,,2,Two
FRA,France,SAL_ACT,Actual salaries,USD_PPP,"US dollars, PPP converted",INST_EDU_PUB,Public educational institutions,ISCED11_34,Upper secondary general education,Y25T64,From 25 to 64 years,_T,Total,SH,School head,,,O,Missing value,0,Units,MEAN,Arithmetic mean,Q,Constant prices,,,_Z,Not applicable,2023,,2,Two
FRA,France,SAL_ACT,Actual salaries,USD_PPP,"US dollars, PPP converted",INST_EDU_PUB,Public educational institutions,ISCED11_24,Lower secondary general education,Y25T64,From 25 to 64 years,_T,Total,TE,Teacher,,,O,Missing value,0,Units,MEAN,Arithmetic mean,Q,Constant prices,,,_Z,Not applicable,2023,,2,Two
FRA,France,SAL_ACT,Actual salaries,USD_PPP,"US dollars, PPP converted",INST_EDU_PUB,Public educational institutions,ISCED11_24,Lower secondary general education,Y45T54,From 45 to 54 years,_T,Total,TE,Teacher,,,O,Missing value,0,Units,MEAN,Arithmetic mean,Q,Constant prices,,,_Z,Not applicable,2023,,2,Two
FRA,France,SAL_ACT,Actual salaries,USD_PPP,"US dollars, PPP converted",INST_EDU_PUB,Public educational institutions,ISCED11_02,Pre-primary education,Y25T34,From 25 to 34 years,_T,Total,TE,Teacher,,,O,Missing value,0,Units,MEAN,Arithmetic mean,Q,Constant prices,,,_Z,Not applicable,2023,,2,Two
FRA,France,SAL_ACT,Actual salaries,USD_PPP,"US dollars, PPP converted",INST_EDU_PUB,Public educational institutions,ISCED11_1,Primary education,Y25T64,From 25 to 64 years,M,Male,SH,School head,,,O,Missing value,0,Units,MEAN,Arithmetic mean,Q,Constant prices,,,_Z,Not applicable,2023,,2,Two
FRA,France,SAL_ACT,Actual salaries,USD_PPP,"US dollars, PPP converted",INST_EDU_PUB,Public educational institutions,ISCED11_24,Lower secondary general education,Y55T64,From 55 to 64 years,_T,Total,TE,Teacher,,,O,Missing value,0,Units,MEAN,Arithmetic mean,Q,Constant prices,,,_Z,Not applicable,2023,,2,Two
FRA,France,SAL_ACT,Actual salaries,USD_PPP,"US dollars, PPP converted",INST_EDU_PUB,Public educational institutions,ISCED11_34,Upper secondary general education,Y35T44,From 35 to 44 years,_T,Total,TE,Teacher,,,O,Missing value,0,Units,MEAN,Arithmetic mean,Q,Constant prices,,,_Z,Not applicable,2023,,2,Two
FRA,France,SAL_ACT,Actual salaries,USD_PPP,"US dollars, PPP converted",INST_EDU_PUB,Public educational institutions,ISCED11_02,Pre-primary education,Y25T64,From 25 to 64 years,M,Male,SH,School head,,,O,Missing value,0,Units,MEAN,Arithmetic mean,Q,Constant prices,,,_Z,Not applicable,2023,,2,Two
FRA,France,SAL_ACT,Actual salaries,USD_PPP,"US dollars, PPP converted",INST_EDU_PUB,Public educational institutions,ISCED11_1,Primary education,Y25T64,From 25 to 64 years,_T,Total,SH,School head,,,O,Missing value,0,Units,MEAN,Arithmetic mean,Q,Constant prices,,,_Z,Not applicable,2023,,2,Two
FRA,France,SAL_ACT,Actual salaries,USD_PPP,"US dollars, PPP converted",INST_EDU_PUB,Public educational institutions,ISCED11_34,Upper secondary general education,Y55T64,From 55 to 64 years,_T,Total,TE,Teacher,,,O,Missing value,0,Units,MEAN,Arithmetic mean,Q,Constant prices,,,_Z,Not applicable,2023,,2,Two
FRA,France,SAL_ACT,Actual salaries,USD_PPP,"US dollars, PPP converted",INST_EDU_PUB,Public educational institutions,ISCED11_34,Upper secondary general education,Y25T64,From 25 to 64 years,_T,Total,TE,Teacher,,,O,Missing value,0,Units,MEAN,Arithmetic mean,Q,Constant prices,,,_Z,Not applicable,2023,,2,Two
FRA,France,SAL_ACT,Actual salaries,USD_PPP,"US dollars, PPP converted",INST_EDU_PUB,Public educational institutions,ISCED11_24,Lower secondary general education,Y25T64,From 25 to 64 years,M,Male,SH,School head,,,O,Missing value,0,Units,MEAN,Arithmetic mean,Q,Constant prices,,,_Z,Not applicable,2023,,2,Two
FRA,France,SAL_ACT,Actual salaries,USD_PPP,"US dollars, PPP converted",INST_EDU_PUB,Public educational institutions,ISCED11_02,Pre-primary education,Y35T44,From 35 to 44 years,_T,Total,TE,Teacher,,,O,Missing value,0,Units,MEAN,Arithmetic mean,Q,Constant prices,,,_Z,Not applicable,2023,,2,Two
FRA,France,SAL_ACT,Actual salaries,USD_PPP,"US dollars, PPP converted",INST_EDU_PUB,Public educational institutions,ISCED11_02,Pre-primary education,Y55T64,From 55 to 64 years,_T,Total,TE,Teacher,,,O,Missing value,0,Units,MEAN,Arithmetic mean,Q,Constant prices,,,_Z,Not applicable,2023,,2,Two
FRA,France,SAL_ACT,Actual salaries,USD_PPP,"US dollars, PPP converted",INST_EDU_PUB,Public educational institutions,ISCED11_24,Lower secondary general education,Y25T64,From 25 to 64 years,M,Male,TE,Teacher,,,O,Missing value,0,Units,MEAN,Arithmetic mean,Q,Constant prices,,,_Z,Not applicable,2023,,2,Two
FRA,France,SAL_ACT,Actual salaries,USD_PPP,"US dollars, PPP converted",INST_EDU_PUB,Public educational institutions,ISCED11_34,Upper secondary general education,Y25T34,From 25 to 34 years,_T,Total,SH,School head,,,O,Missing value,0,Units,MEAN,Arithmetic mean,Q,Constant prices,,,_Z,Not applicable,2023,,2,Two
FRA,France,SAL_ACT,Actual salaries,USD_PPP,"US dollars, PPP converted",INST_EDU_PUB,Public educational institutions,ISCED11_02,Pre-primary education,Y25T64,From 25 to 64 years,F,Female,TE,Teacher,,,O,Missing value,0,Units,MEAN,Arithmetic mean,Q,Constant prices,,,_Z,Not applicable,2023,,2,Two
FRA,France,SAL_ACT,Actual salaries,USD_PPP,"US dollars, PPP converted",INST_EDU_PUB,Public educational institutions,ISCED11_1,Primary education,Y35T44,From 35 to 44 years,_T,Total,TE,Teacher,,,O,Missing value,0,Units,MEAN,Arithmetic mean,Q,Constant prices,,,_Z,Not applicable,2023,,2,Two
FRA,France,SAL_ACT,Actual salaries,USD_PPP,"US dollars, PPP converted",INST_EDU_PUB,Public educational institutions,ISCED11_24,Lower secondary general education,Y25T34,From 25 to 34 years,_T,Total,TE,Teacher,,,O,Missing value,0,Units,MEAN,Arithmetic mean,Q,Constant prices,,,_Z,Not applicable,2023,,2,Two
FRA,France,SAL_ACT,Actual salaries,USD_PPP,"US dollars, PPP converted",INST_EDU_PUB,Public educational institutions,ISCED11_1,Primary education,Y25T64,From 25 to 64 years,M,Male,TE,Teacher,,,O,Missing value,0,Units,MEAN,Arithmetic mean,Q,Constant prices,,,_Z,Not applicable,2023,,2,Two
FRA,France,SAL_ACT,Actual salaries,USD_PPP,"US dollars, PPP converted",INST_EDU_PUB,Public educational institutions,ISCED11_02,Pre-primary education,Y25T34,From 25 to 34 years,_T,Total,SH,School head,,,O,Missing value,0,Units,MEAN,Arithmetic mean,Q,Constant prices,,,_Z,Not applicable,2023,,2,Two
FRA,France,SAL_ACT,Actual salaries,USD_PPP,"US dollars, PPP converted",INST_EDU_PUB,Public educational institutions,ISCED11_1,Primary education,Y25T64,From 25 to 64 years,F,Female,TE,Teacher,,,O,Missing value,0,Units,MEAN,Arithmetic mean,Q,Constant prices,,,_Z,Not applicable,2023,,2,Two
ITA,Italy,SAL_ACT,Actual salaries,USD_PPP,"US dollars, PPP converted",INST_EDU_PUB,Public educational institutions,ISCED11_02,Pre-primary education,Y45T54,From 45 to 54 years,_T,Total,SH,School head,,,M,Missing value; data cannot exist,0,Units,MEAN,Arithmetic mean,Q,Constant prices,,,_Z,Not applicable,2025,,2,Two
ITA,Italy,SAL_ACT,Actual salaries,USD_PPP,"US dollars, PPP converted",INST_EDU_PUB,Public educational institutions,ISCED11_02,Pre-primary education,Y25T64,From 25 to 64 years,M,Male,SH,School head,,,M,Missing value; data cannot exist,0,Units,MEAN,Arithmetic mean,Q,Constant prices,,,_Z,Not applicable,2025,,2,Two
ITA,Italy,SAL_ACT,Actual salaries,USD_PPP,"US dollars, PPP converted",INST_EDU_PUB,Public educational institutions,ISCED11_24,Lower secondary general education,Y25T34,From 25 to 34 years,_T,Total,SH,School head,,,A,Normal value,0,Units,MEAN,Arithmetic mean,Q,Constant prices,,,_Z,Not applicable,2025,,2,Two
ITA,Italy,SAL_ACT,Actual salaries,USD_PPP,"US dollars, PPP converted",INST_EDU_PUB,Public educational institutions,ISCED11_02,Pre-primary education,Y25T34,From 25 to 34 years,_T,Total,SH,School head,,,M,Missing value; data cannot exist,0,Units,MEAN,Arithmetic mean,Q,Constant prices,,,_Z,Not applicable,2025,,2,Two
ITA,Italy,SAL_ACT,Actual salaries,USD_PPP,"US dollars, PPP converted",INST_EDU_PUB,Public educational institutions,ISCED11_02,Pre-primary education,Y25T64,From 25 to 64 years,_T,Total,SH,School head,,,M,Missing value; data cannot exist,0,Units,MEAN,Arithmetic mean,Q,Constant prices,,,_Z,Not applicable,2025,,2,Two
ITA,Italy,SAL_ACT,Actual salaries,USD_PPP,"US dollars, PPP converted",INST_EDU_PUB,Public educational institutions,ISCED11_02,Pre-primary education,Y25T64,From 25 to 64 years,F,Female,SH,School head,,,M,Missing value; data cannot exist,0,Units,MEAN,Arithmetic mean,Q,Constant prices,,,_Z,Not applicable,2025,,2,Two
ITA,Italy,SAL_ACT,Actual salaries,USD_PPP,"US dollars, PPP converted",INST_EDU_PUB,Public educational institutions,ISCED11_34,Upper secondary general education,Y25T34,From 25 to 34 years,_T,Total,SH,School head,,,A,Normal value,0,Units,MEAN,Arithmetic mean,Q,Constant prices,,,_Z,Not applicable,2025,,2,Two
ITA,Italy,SAL_ACT,Actual salaries,USD_PPP,"US dollars, PPP converted",INST_EDU_PUB,Public educational institutions,ISCED11_02,Pre-primary education,Y55T64,From 55 to 64 years,_T,Total,SH,School head,,,M,Missing value; data cannot exist,0,Units,MEAN,Arithmetic mean,Q,Constant prices,,,_Z,Not applicable,2025,,2,Two
ITA,Italy,SAL_ACT,Actual salaries,USD_PPP,"US dollars, PPP converted",INST_EDU_PUB,Public educational institutions,ISCED11_02,Pre-primary education,Y35T44,From 35 to 44 years,_T,Total,SH,School head,,,M,Missing value; data cannot exist,0,Units,MEAN,Arithmetic mean,Q,Constant prices,,,_Z,Not applicable,2025,,2,Two
PRT,Portugal,SAL_ACT,Actual salaries,USD_PPP,"US dollars, PPP converted",INST_EDU_PUB,Public educational institutions,ISCED11_34,Upper secondary general education,Y25T34,From 25 to 34 years,_T,Total,SH,School head,,,M,Missing value; data cannot exist,0,Units,MEAN,Arithmetic mean,Q,Constant prices,,,_Z,Not applicable,2025,,2,Two
PRT,Portugal,SAL_ACT,Actual salaries,USD_PPP,"US dollars, PPP converted",INST_EDU_PUB,Public educational institutions,ISCED11_02,Pre-primary education,Y25T34,From 25 to 34 years,_T,Total,SH,School head,,,M,Missing value; data cannot exist,0,Units,MEAN,Arithmetic mean,Q,Constant prices,,,_Z,Not applicable,2025,,2,Two
PRT,Portugal,SAL_ACT,Actual salaries,USD_PPP,"US dollars, PPP converted",INST_EDU_PUB,Public educational institutions,ISCED11_24,Lower secondary general education,Y25T34,From 25 to 34 years,_T,Total,SH,School head,,,M,Missing value; data cannot exist,0,Units,MEAN,Arithmetic mean,Q,Constant prices,,,_Z,Not applicable,2025,,2,Two
PRT,Portugal,SAL_ACT,Actual salaries,USD_PPP,"US dollars, PPP converted",INST_EDU_PUB,Public educational institutions,ISCED11_1,Primary education,Y25T34,From 25 to 34 years,_T,Total,SH,School head,,,M,Missing value; data cannot exist,0,Units,MEAN,Arithmetic mean,Q,Constant prices,,,_Z,Not applicable,2025,,2,Two
FRA,France,SAL_ACT_REL_TER,Actual salaries relative to earnings of tertiary-educated workers,FCTR_EARN_FT_TER,"Factor of earnings for full-time, full-year tertiary-educated workers",INST_EDU_PUB,Public educational institutions,ISCED11_1,Primary education,Y25T64,From 25 to 64 years,F,Female,SH,School head,,,O,Missing value,0,Units,MEAN,Arithmetic mean,_Z,Not applicable,2022,,_Z,Not applicable,2023,,2,Two
FRA,France,SAL_ACT_REL_TER,Actual salaries relative to earnings of tertiary-educated workers,FCTR_EARN_FT_TER,"Factor of earnings for full-time, full-year tertiary-educated workers",INST_EDU_PUB,Public educational institutions,ISCED11_02,Pre-primary education,Y55T64,From 55 to 64 years,_T,Total,SH,School head,,,O,Missing value,0,Units,MEAN,Arithmetic mean,_Z,Not applicable,2022,,_Z,Not applicable,2023,,2,Two
FRA,France,SAL_ACT_REL_TER,Actual salaries relative to earnings of tertiary-educated workers,FCTR_EARN_FT_TER,"Factor of earnings for full-time, full-year tertiary-educated workers",INST_EDU_PUB,Public educational institutions,ISCED11_24,Lower secondary general education,Y55T64,From 55 to 64 years,_T,Total,TE,Teacher,,,O,Missing value,0,Units,MEAN,Arithmetic mean,_Z,Not applicable,2022,,_Z,Not applicable,2023,,2,Two
FRA,France,SAL_ACT_REL_TER,Actual salaries relative to earnings of tertiary-educated workers,FCTR_EARN_FT_TER,"Factor of earnings for full-time, full-year tertiary-educated workers",INST_EDU_PUB,Public educational institutions,ISCED11_1,Primary education,Y25T34,From 25 to 34 years,_T,Total,TE,Teacher,,,O,Missing value,0,Units,MEAN,Arithmetic mean,_Z,Not applicable,2022,,_Z,Not applicable,2023,,2,Two
FRA,France,SAL_ACT_REL_TER,Actual salaries relative to earnings of tertiary-educated workers,FCTR_EARN_FT_TER,"Factor of earnings for full-time, full-year tertiary-educated workers",INST_EDU_PUB,Public educational institutions,ISCED11_02,Pre-primary education,Y35T44,From 35 to 44 years,_T,Total,SH,School head,,,O,Missing value,0,Units,MEAN,Arithmetic mean,_Z,Not applicable,2022,,_Z,Not applicable,2023,,2,Two
FRA,France,SAL_ACT_REL_TER,Actual salaries relative to earnings of tertiary-educated workers,FCTR_EARN_FT_TER,"Factor of earnings for full-time, full-year tertiary-educated workers",INST_EDU_PUB,Public educational institutions,ISCED11_34,Upper secondary general education,Y45T54,From 45 to 54 years,_T,Total,SH,School head,,,O,Missing value,0,Units,MEAN,Arithmetic mean,_Z,Not applicable,2022,,_Z,Not applicable,2023,,2,Two
FRA,France,SAL_ACT_REL_TER,Actual salaries relative to earnings of tertiary-educated workers,FCTR_EARN_FT_TER,"Factor of earnings for full-time, full-year tertiary-educated workers",INST_EDU_PUB,Public educational institutions,ISCED11_34,Upper secondary general education,Y25T64,From 25 to 64 years,F,Female,TE,Teacher,,,O,Missing value,0,Units,MEAN,Arithmetic mean,_Z,Not applicable,2022,,_Z,Not applicable,2023,,2,Two
FRA,France,SAL_ACT_REL_TER,Actual salaries relative to earnings of tertiary-educated workers,FCTR_EARN_FT_TER,"Factor of earnings for full-time, full-year tertiary-educated workers",INST_EDU_PUB,Public educational institutions,ISCED11_24,Lower secondary general education,Y25T64,From 25 to 64 years,F,Female,SH,School head,,,O,Missing value,0,Units,MEAN,Arithmetic mean,_Z,Not applicable,2022,,_Z,Not applicable,2023,,2,Two
FRA,France,SAL_ACT_REL_TER,Actual salaries relative to earnings of tertiary-educated workers,FCTR_EARN_FT_TER,"Factor of earnings for full-time, full-year tertiary-educated workers",INST_EDU_PUB,Public educational institutions,ISCED11_02,Pre-primary education,Y25T64,From 25 to 64 years,F,Female,SH,School head,,,O,Missing value,0,Units,MEAN,Arithmetic mean,_Z,Not applicable,2022,,_Z,Not applicable,2023,,2,Two
FRA,France,SAL_ACT_REL_TER,Actual salaries relative to earnings of tertiary-educated workers,FCTR_EARN_FT_TER,"Factor of earnings for full-time, full-year tertiary-educated workers",INST_EDU_PUB,Public educational institutions,ISCED11_24,Lower secondary general education,Y25T64,From 25 to 64 years,M,Male,SH,School head,,,O,Missing value,0,Units,MEAN,Arithmetic mean,_Z,Not applicable,2022,,_Z,Not applicable,2023,,2,Two
FRA,France,SAL_ACT_REL_TER,Actual salaries relative to earnings of tertiary-educated workers,FCTR_EARN_FT_TER,"Factor of earnings for full-time, full-year tertiary-educated workers",INST_EDU_PUB,Public educational institutions,ISCED11_34,Upper secondary general education,Y25T64,From 25 to 64 years,_T,Total,TE,Teacher,,,O,Missing value,0,Units,MEAN,Arithmetic mean,_Z,Not applicable,2022,,_Z,Not applicable,2023,,2,Two
FRA,France,SAL_ACT_REL_TER,Actual salaries relative to earnings of tertiary-educated workers,FCTR_EARN_FT_TER,"Factor of earnings for full-time, full-year tertiary-educated workers",INST_EDU_PUB,Public educational institutions,ISCED11_1,Primary education,Y25T64,From 25 to 64 years,M,Male,TE,Teacher,,,O,Missing value,0,Units,MEAN,Arithmetic mean,_Z,Not applicable,2022,,_Z,Not applicable,2023,,2,Two
FRA,France,SAL_ACT_REL_TER,Actual salaries relative to earnings of tertiary-educated workers,FCTR_EARN_FT_TER,"Factor of earnings for full-time, full-year tertiary-educated workers",INST_EDU_PUB,Public educational institutions,ISCED11_34,Upper secondary general education,Y25T64,From 25 to 64 years,M,Male,TE,Teacher,,,O,Missing value,0,Units,MEAN,Arithmetic mean,_Z,Not applicable,2022,,_Z,Not applicable,2023,,2,Two
FRA,France,SAL_ACT_REL_TER,Actual salaries relative to earnings of tertiary-educated workers,FCTR_EARN_FT_TER,"Factor of earnings for full-time, full-year tertiary-educated workers",INST_EDU_PUB,Public educational institutions,ISCED11_24,Lower secondary general education,Y25T64,From 25 to 64 years,F,Female,TE,Teacher,,,O,Missing value,0,Units,MEAN,Arithmetic mean,_Z,Not applicable,2022,,_Z,Not applicable,2023,,2,Two
FRA,France,SAL_ACT_REL_TER,Actual salaries relative to earnings of tertiary-educated workers,FCTR_EARN_FT_TER,"Factor of earnings for full-time, full-year tertiary-educated workers",INST_EDU_PUB,Public educational institutions,ISCED11_02,Pre-primary education,Y55T64,From 55 to 64 years,_T,Total,TE,Teacher,,,O,Missing value,0,Units,MEAN,Arithmetic mean,_Z,Not applicable,2022,,_Z,Not applicable,2023,,2,Two
FRA,France,SAL_ACT_REL_TER,Actual salaries relative to earnings of tertiary-educated workers,FCTR_EARN_FT_TER,"Factor of earnings for full-time, full-year tertiary-educated workers",INST_EDU_PUB,Public educational institutions,ISCED11_24,Lower secondary general education,Y25T64,From 25 to 64 years,_T,Total,TE,Teacher,,,O,Missing value,0,Units,MEAN,Arithmetic mean,_Z,Not applicable,2022,,_Z,Not applicable,2023,,2,Two
FRA,France,SAL_ACT_REL_TER,Actual salaries relative to earnings of tertiary-educated workers,FCTR_EARN_FT_TER,"Factor of earnings for full-time, full-year tertiary-educated workers",INST_EDU_PUB,Public educational institutions,ISCED11_24,Lower secondary general education,Y25T34,From 25 to 34 years,_T,Total,SH,School head,,,O,Missing value,0,Units,MEAN,Arithmetic mean,_Z,Not applicable,2022,,_Z,Not applicable,2023,,2,Two
FRA,France,SAL_ACT_REL_TER,Actual salaries relative to earnings of tertiary-educated workers,FCTR_EARN_FT_TER,"Factor of earnings for full-time, full-year tertiary-educated workers",INST_EDU_PUB,Public educational institutions,ISCED11_02,Pre-primary education,Y25T64,From 25 to 64 years,F,Female,TE,Teacher,,,O,Missing value,0,Units,MEAN,Arithmetic mean,_Z,Not applicable,2022,,_Z,Not applicable,2023,,2,Two
FRA,France,SAL_ACT_REL_TER,Actual salaries relative to earnings of tertiary-educated workers,FCTR_EARN_FT_TER,"Factor of earnings for full-time, full-year tertiary-educated workers",INST_EDU_PUB,Public educational institutions,ISCED11_02,Pre-primary education,Y25T34,From 25 to 34 years,_T,Total,SH,School head,,,O,Missing value,0,Units,MEAN,Arithmetic mean,_Z,Not applicable,2022,,_Z,Not applicable,2023,,2,Two
FRA,France,SAL_ACT_REL_TER,Actual salaries relative to earnings of tertiary-educated workers,FCTR_EARN_FT_TER,"Factor of earnings for full-time, full-year tertiary-educated workers",INST_EDU_PUB,Public educational institutions,ISCED11_1,Primary education,Y35T44,From 35 to 44 years,_T,Total,TE,Teacher,,,O,Missing value,0,Units,MEAN,Arithmetic mean,_Z,Not applicable,2022,,_Z,Not applicable,2023,,2,Two
FRA,France,SAL_ACT_REL_TER,Actual salaries relative to earnings of tertiary-educated workers,FCTR_EARN_FT_TER,"Factor of earnings for full-time, full-year tertiary-educated workers",INST_EDU_PUB,Public educational institutions,ISCED11_34,Upper secondary general education,Y55T64,From 55 to 64 years,_T,Total,SH,School head,,,O,Missing value,0,Units,MEAN,Arithmetic mean,_Z,Not applicable,2022,,_Z,Not applicable,2023,,2,Two
FRA,France,SAL_ACT_REL_TER,Actual salaries relative to earnings of tertiary-educated workers,FCTR_EARN_FT_TER,"Factor of earnings for full-time, full-year tertiary-educated workers",INST_EDU_PUB,Public educational institutions,ISCED11_02,Pre-primary education,Y45T54,From 45 to 54 years,_T,Total,TE,Teacher,,,O,Missing value,0,Units,MEAN,Arithmetic mean,_Z,Not applicable,2022,,_Z,Not applicable,2023,,2,Two
FRA,France,SAL_ACT_REL_TER,Actual salaries relative to earnings of tertiary-educated workers,FCTR_EARN_FT_TER,"Factor of earnings for full-time, full-year tertiary-educated workers",INST_EDU_PUB,Public educational institutions,ISCED11_34,Upper secondary general education,Y35T44,From 35 to 44 years,_T,Total,TE,Teacher,,,O,Missing value,0,Units,MEAN,Arithmetic mean,_Z,Not applicable,2022,,_Z,Not applicable,2023,,2,Two
FRA,France,SAL_ACT_REL_TER,Actual salaries relative to earnings of tertiary-educated workers,FCTR_EARN_FT_TER,"Factor of earnings for full-time, full-year tertiary-educated workers",INST_EDU_PUB,Public educational institutions,ISCED11_02,Pre-primary education,Y25T64,From 25 to 64 years,M,Male,TE,Teacher,,,O,Missing value,0,Units,MEAN,Arithmetic mean,_Z,Not applicable,2022,,_Z,Not applicable,2023,,2,Two
FRA,France,SAL_ACT_REL_TER,Actual salaries relative to earnings of tertiary-educated workers,FCTR_EARN_FT_TER,"Factor of earnings for full-time, full-year tertiary-educated workers",INST_EDU_PUB,Public educational institutions,ISCED11_24,Lower secondary general education,Y55T64,From 55 to 64 years,_T,Total,SH,School head,,,O,Missing value,0,Units,MEAN,Arithmetic mean,_Z,Not applicable,2022,,_Z,Not applicable,2023,,2,Two
FRA,France,SAL_ACT_REL_TER,Actual salaries relative to earnings of tertiary-educated workers,FCTR_EARN_FT_TER,"Factor of earnings for full-time, full-year tertiary-educated workers",INST_EDU_PUB,Public educational institutions,ISCED11_02,Pre-primary education,Y25T64,From 25 to 64 years,M,Male,SH,School head,,,O,Missing value,0,Units,MEAN,Arithmetic mean,_Z,Not applicable,2022,,_Z,Not applicable,2023,,2,Two
FRA,France,SAL_ACT_REL_TER,Actual salaries relative to earnings of tertiary-educated workers,FCTR_EARN_FT_TER,"Factor of earnings for full-time, full-year tertiary-educated workers",INST_EDU_PUB,Public educational institutions,ISCED11_34,Upper secondary general education,Y35T44,From 35 to 44 years,_T,Total,SH,School head,,,O,Missing value,0,Units,MEAN,Arithmetic mean,_Z,Not applicable,2022,,_Z,Not applicable,2023,,2,Two
FRA,France,SAL_ACT_REL_TER,Actual salaries relative to earnings of tertiary-educated workers,FCTR_EARN_FT_TER,"Factor of earnings for full-time, full-year tertiary-educated workers",INST_EDU_PUB,Public educational institutions,ISCED11_24,Lower secondary general education,Y45T54,From 45 to 54 years,_T,Total,TE,Teacher,,,O,Missing value,0,Units,MEAN,Arithmetic mean,_Z,Not applicable,2022,,_Z,Not applicable,2023,,2,Two
FRA,France,SAL_ACT_REL_TER,Actual salaries relative to earnings of tertiary-educated workers,FCTR_EARN_FT_TER,"Factor of earnings for full-time, full-year tertiary-educated workers",INST_EDU_PUB,Public educational institutions,ISCED11_34,Upper secondary general education,Y55T64,From 55 to 64 years,_T,Total,TE,Teacher,,,O,Missing value,0,Units,MEAN,Arithmetic mean,_Z,Not applicable,2022,,_Z,Not applicable,2023,,2,Two
FRA,France,SAL_ACT_REL_TER,Actual salaries relative to earnings of tertiary-educated workers,FCTR_EARN_FT_TER,"Factor of earnings for full-time, full-year tertiary-educated workers",INST_EDU_PUB,Public educational institutions,ISCED11_02,Pre-primary education,Y25T64,From 25 to 64 years,_T,Total,TE,Teacher,,,O,Missing value,0,Units,MEAN,Arithmetic mean,_Z,Not applicable,2022,,_Z,Not applicable,2023,,2,Two
FRA,France,SAL_ACT_REL_TER,Actual salaries relative to earnings of tertiary-educated workers,FCTR_EARN_FT_TER,"Factor of earnings for full-time, full-year tertiary-educated workers",INST_EDU_PUB,Public educational institutions,ISCED11_02,Pre-primary education,Y25T34,From 25 to 34 years,_T,Total,TE,Teacher,,,O,Missing value,0,Units,MEAN,Arithmetic mean,_Z,Not applicable,2022,,_Z,Not applicable,2023,,2,Two
FRA,France,SAL_ACT_REL_TER,Actual salaries relative to earnings of tertiary-educated workers,FCTR_EARN_FT_TER,"Factor of earnings for full-time, full-year tertiary-educated workers",INST_EDU_PUB,Public educational institutions,ISCED11_24,Lower secondary general education,Y25T34,From 25 to 34 years,_T,Total,TE,Teacher,,,O,Missing value,0,Units,MEAN,Arithmetic mean,_Z,Not applicable,2022,,_Z,Not applicable,2023,,2,Two
FRA,France,SAL_ACT_REL_TER,Actual salaries relative to earnings of tertiary-educated workers,FCTR_EARN_FT_TER,"Factor of earnings for full-time, full-year tertiary-educated workers",INST_EDU_PUB,Public educational institutions,ISCED11_34,Upper secondary general education,Y25T34,From 25 to 34 years,_T,Total,TE,Teacher,,,O,Missing value,0,Units,MEAN,Arithmetic mean,_Z,Not applicable,2022,,_Z,Not applicable,2023,,2,Two
FRA,France,SAL_ACT_REL_TER,Actual salaries relative to earnings of tertiary-educated workers,FCTR_EARN_FT_TER,"Factor of earnings for full-time, full-year tertiary-educated workers",INST_EDU_PUB,Public educational institutions,ISCED11_1,Primary education,Y55T64,From 55 to 64 years,_T,Total,TE,Teacher,,,O,Missing value,0,Units,MEAN,Arithmetic mean,_Z,Not applicable,2022,,_Z,Not applicable,2023,,2,Two
FRA,France,SAL_ACT_REL_TER,Actual salaries relative to earnings of tertiary-educated workers,FCTR_EARN_FT_TER,"Factor of earnings for full-time, full-year tertiary-educated workers",INST_EDU_PUB,Public educational institutions,ISCED11_02,Pre-primary education,Y25T64,From 25 to 64 years,_T,Total,SH,School head,,,O,Missing value,0,Units,MEAN,Arithmetic mean,_Z,Not applicable,2022,,_Z,Not applicable,2023,,2,Two
FRA,France,SAL_ACT_REL_TER,Actual salaries relative to earnings of tertiary-educated workers,FCTR_EARN_FT_TER,"Factor of earnings for full-time, full-year tertiary-educated workers",INST_EDU_PUB,Public educational institutions,ISCED11_02,Pre-primary education,Y45T54,From 45 to 54 years,_T,Total,SH,School head,,,O,Missing value,0,Units,MEAN,Arithmetic mean,_Z,Not applicable,2022,,_Z,Not applicable,2023,,2,Two
FRA,France,SAL_ACT_REL_TER,Actual salaries relative to earnings of tertiary-educated workers,FCTR_EARN_FT_TER,"Factor of earnings for full-time, full-year tertiary-educated workers",INST_EDU_PUB,Public educational institutions,ISCED11_1,Primary education,Y35T44,From 35 to 44 years,_T,Total,SH,School head,,,O,Missing value,0,Units,MEAN,Arithmetic mean,_Z,Not applicable,2022,,_Z,Not applicable,2023,,2,Two
FRA,France,SAL_ACT_REL_TER,Actual salaries relative to earnings of tertiary-educated workers,FCTR_EARN_FT_TER,"Factor of earnings for full-time, full-year tertiary-educated workers",INST_EDU_PUB,Public educational institutions,ISCED11_1,Primary education,Y25T64,From 25 to 64 years,_T,Total,TE,Teacher,,,O,Missing value,0,Units,MEAN,Arithmetic mean,_Z,Not applicable,2022,,_Z,Not applicable,2023,,2,Two
FRA,France,SAL_ACT_REL_TER,Actual salaries relative to earnings of tertiary-educated workers,FCTR_EARN_FT_TER,"Factor of earnings for full-time, full-year tertiary-educated workers",INST_EDU_PUB,Public educational institutions,ISCED11_1,Primary education,Y45T54,From 45 to 54 years,_T,Total,TE,Teacher,,,O,Missing value,0,Units,MEAN,Arithmetic mean,_Z,Not applicable,2022,,_Z,Not applicable,2023,,2,Two
FRA,France,SAL_ACT_REL_TER,Actual salaries relative to earnings of tertiary-educated workers,FCTR_EARN_FT_TER,"Factor of earnings for full-time, full-year tertiary-educated workers",INST_EDU_PUB,Public educational institutions,ISCED11_1,Primary education,Y45T54,From 45 to 54 years,_T,Total,SH,School head,,,O,Missing value,0,Units,MEAN,Arithmetic mean,_Z,Not applicable,2022,,_Z,Not applicable,2023,,2,Two
FRA,France,SAL_ACT_REL_TER,Actual salaries relative to earnings of tertiary-educated workers,FCTR_EARN_FT_TER,"Factor of earnings for full-time, full-year tertiary-educated workers",INST_EDU_PUB,Public educational institutions,ISCED11_24,Lower secondary general education,Y25T64,From 25 to 64 years,_T,Total,SH,School head,,,O,Missing value,0,Units,MEAN,Arithmetic mean,_Z,Not applicable,2022,,_Z,Not applicable,2023,,2,Two
FRA,France,SAL_ACT_REL_TER,Actual salaries relative to earnings of tertiary-educated workers,FCTR_EARN_FT_TER,"Factor of earnings for full-time, full-year tertiary-educated workers",INST_EDU_PUB,Public educational institutions,ISCED11_1,Primary education,Y55T64,From 55 to 64 years,_T,Total,SH,School head,,,O,Missing value,0,Units,MEAN,Arithmetic mean,_Z,Not applicable,2022,,_Z,Not applicable,2023,,2,Two
FRA,France,SAL_ACT_REL_TER,Actual salaries relative to earnings of tertiary-educated workers,FCTR_EARN_FT_TER,"Factor of earnings for full-time, full-year tertiary-educated workers",INST_EDU_PUB,Public educational institutions,ISCED11_34,Upper secondary general education,Y25T64,From 25 to 64 years,F,Female,SH,School head,,,O,Missing value,0,Units,MEAN,Arithmetic mean,_Z,Not applicable,2022,,_Z,Not applicable,2023,,2,Two
FRA,France,SAL_ACT_REL_TER,Actual salaries relative to earnings of tertiary-educated workers,FCTR_EARN_FT_TER,"Factor of earnings for full-time, full-year tertiary-educated workers",INST_EDU_PUB,Public educational institutions,ISCED11_1,Primary education,Y25T64,From 25 to 64 years,M,Male,SH,School head,,,O,Missing value,0,Units,MEAN,Arithmetic mean,_Z,Not applicable,2022,,_Z,Not applicable,2023,,2,Two
FRA,France,SAL_ACT_REL_TER,Actual salaries relative to earnings of tertiary-educated workers,FCTR_EARN_FT_TER,"Factor of earnings for full-time, full-year tertiary-educated workers",INST_EDU_PUB,Public educational institutions,ISCED11_1,Primary education,Y25T34,From 25 to 34 years,_T,Total,SH,School head,,,O,Missing value,0,Units,MEAN,Arithmetic mean,_Z,Not applicable,2022,,_Z,Not applicable,2023,,2,Two
FRA,France,SAL_ACT_REL_TER,Actual salaries relative to earnings of tertiary-educated workers,FCTR_EARN_FT_TER,"Factor of earnings for full-time, full-year tertiary-educated workers",INST_EDU_PUB,Public educational institutions,ISCED11_34,Upper secondary general education,Y45T54,From 45 to 54 years,_T,Total,TE,Teacher,,,O,Missing value,0,Units,MEAN,Arithmetic mean,_Z,Not applicable,2022,,_Z,Not applicable,2023,,2,Two
FRA,France,SAL_ACT_REL_TER,Actual salaries relative to earnings of tertiary-educated workers,FCTR_EARN_FT_TER,"Factor of earnings for full-time, full-year tertiary-educated workers",INST_EDU_PUB,Public educational institutions,ISCED11_24,Lower secondary general education,Y45T54,From 45 to 54 years,_T,Total,SH,School head,,,O,Missing value,0,Units,MEAN,Arithmetic mean,_Z,Not applicable,2022,,_Z,Not applicable,2023,,2,Two
FRA,France,SAL_ACT_REL_TER,Actual salaries relative to earnings of tertiary-educated workers,FCTR_EARN_FT_TER,"Factor of earnings for full-time, full-year tertiary-educated workers",INST_EDU_PUB,Public educational institutions,ISCED11_1,Primary education,Y25T64,From 25 to 64 years,_T,Total,SH,School head,,,O,Missing value,0,Units,MEAN,Arithmetic mean,_Z,Not applicable,2022,,_Z,Not applicable,2023,,2,Two
FRA,France,SAL_ACT_REL_TER,Actual salaries relative to earnings of tertiary-educated workers,FCTR_EARN_FT_TER,"Factor of earnings for full-time, full-year tertiary-educated workers",INST_EDU_PUB,Public educational institutions,ISCED11_24,Lower secondary general education,Y25T64,From 25 to 64 years,M,Male,TE,Teacher,,,O,Missing value,0,Units,MEAN,Arithmetic mean,_Z,Not applicable,2022,,_Z,Not applicable,2023,,2,Two
FRA,France,SAL_ACT_REL_TER,Actual salaries relative to earnings of tertiary-educated workers,FCTR_EARN_FT_TER,"Factor of earnings for full-time, full-year tertiary-educated workers",INST_EDU_PUB,Public educational institutions,ISCED11_34,Upper secondary general education,Y25T64,From 25 to 64 years,M,Male,SH,School head,,,O,Missing value,0,Units,MEAN,Arithmetic mean,_Z,Not applicable,2022,,_Z,Not applicable,2023,,2,Two
FRA,France,SAL_ACT_REL_TER,Actual salaries relative to earnings of tertiary-educated workers,FCTR_EARN_FT_TER,"Factor of earnings for full-time, full-year tertiary-educated workers",INST_EDU_PUB,Public educational institutions,ISCED11_34,Upper secondary general education,Y25T34,From 25 to 34 years,_T,Total,SH,School head,,,O,Missing value,0,Units,MEAN,Arithmetic mean,_Z,Not applicable,2022,,_Z,Not applicable,2023,,2,Two
FRA,France,SAL_ACT_REL_TER,Actual salaries relative to earnings of tertiary-educated workers,FCTR_EARN_FT_TER,"Factor of earnings for full-time, full-year tertiary-educated workers",INST_EDU_PUB,Public educational institutions,ISCED11_02,Pre-primary education,Y35T44,From 35 to 44 years,_T,Total,TE,Teacher,,,O,Missing value,0,Units,MEAN,Arithmetic mean,_Z,Not applicable,2022,,_Z,Not applicable,2023,,2,Two
FRA,France,SAL_ACT_REL_TER,Actual salaries relative to earnings of tertiary-educated workers,FCTR_EARN_FT_TER,"Factor of earnings for full-time, full-year tertiary-educated workers",INST_EDU_PUB,Public educational institutions,ISCED11_34,Upper secondary general education,Y25T64,From 25 to 64 years,_T,Total,SH,School head,,,O,Missing value,0,Units,MEAN,Arithmetic mean,_Z,Not applicable,2022,,_Z,Not applicable,2023,,2,Two
FRA,France,SAL_ACT_REL_TER,Actual salaries relative to earnings of tertiary-educated workers,FCTR_EARN_FT_TER,"Factor of earnings for full-time, full-year tertiary-educated workers",INST_EDU_PUB,Public educational institutions,ISCED11_1,Primary education,Y25T64,From 25 to 64 years,F,Female,TE,Teacher,,,O,Missing value,0,Units,MEAN,Arithmetic mean,_Z,Not applicable,2022,,_Z,Not applicable,2023,,2,Two
FRA,France,SAL_ACT_REL_TER,Actual salaries relative to earnings of tertiary-educated workers,FCTR_EARN_FT_TER,"Factor of earnings for full-time, full-year tertiary-educated workers",INST_EDU_PUB,Public educational institutions,ISCED11_24,Lower secondary general education,Y35T44,From 35 to 44 years,_T,Total,SH,School head,,,O,Missing value,0,Units,MEAN,Arithmetic mean,_Z,Not applicable,2022,,_Z,Not applicable,2023,,2,Two
FRA,France,SAL_ACT_REL_TER,Actual salaries relative to earnings of tertiary-educated workers,FCTR_EARN_FT_TER,"Factor of earnings for full-time, full-year tertiary-educated workers",INST_EDU_PUB,Public educational institutions,ISCED11_24,Lower secondary general education,Y35T44,From 35 to 44 years,_T,Total,TE,Teacher,,,O,Missing value,0,Units,MEAN,Arithmetic mean,_Z,Not applicable,2022,,_Z,Not applicable,2023,,2,Two
FRA,France,SAL_ACT_REL_SIM,Actual salaries relative to earnings of similarly educated workers,FCTR_EARN_FT_SIM,"Factor of earnings for full-time, full-year similarly educated workers",INST_EDU_PUB,Public educational institutions,ISCED11_02,Pre-primary education,Y25T64,From 25 to 64 years,_T,Total,TE,Teacher,,,O,Missing value,0,Units,MEAN,Arithmetic mean,_Z,Not applicable,2022,,_Z,Not applicable,2023,,2,Two
FRA,France,SAL_ACT_REL_SIM,Actual salaries relative to earnings of similarly educated workers,FCTR_EARN_FT_SIM,"Factor of earnings for full-time, full-year similarly educated workers",INST_EDU_PUB,Public educational institutions,ISCED11_1,Primary education,Y25T64,From 25 to 64 years,_T,Total,TE,Teacher,,,O,Missing value,0,Units,MEAN,Arithmetic mean,_Z,Not applicable,2022,,_Z,Not applicable,2023,,2,Two
FRA,France,SAL_ACT_REL_SIM,Actual salaries relative to earnings of similarly educated workers,FCTR_EARN_FT_SIM,"Factor of earnings for full-time, full-year similarly educated workers",INST_EDU_PUB,Public educational institutions,ISCED11_34,Upper secondary general education,Y25T64,From 25 to 64 years,_T,Total,SH,School head,,,O,Missing value,0,Units,MEAN,Arithmetic mean,_Z,Not applicable,2022,,_Z,Not applicable,2023,,2,Two
FRA,France,SAL_ACT_REL_SIM,Actual salaries relative to earnings of similarly educated workers,FCTR_EARN_FT_SIM,"Factor of earnings for full-time, full-year similarly educated workers",INST_EDU_PUB,Public educational institutions,ISCED11_34,Upper secondary general education,Y25T64,From 25 to 64 years,_T,Total,TE,Teacher,,,O,Missing value,0,Units,MEAN,Arithmetic mean,_Z,Not applicable,2022,,_Z,Not applicable,2023,,2,Two
FRA,France,SAL_ACT_REL_SIM,Actual salaries relative to earnings of similarly educated workers,FCTR_EARN_FT_SIM,"Factor of earnings for full-time, full-year similarly educated workers",INST_EDU_PUB,Public educational institutions,ISCED11_24,Lower secondary general education,Y25T64,From 25 to 64 years,_T,Total,TE,Teacher,,,O,Missing value,0,Units,MEAN,Arithmetic mean,_Z,Not applicable,2022,,_Z,Not applicable,2023,,2,Two
FRA,France,SAL_ACT_REL_SIM,Actual salaries relative to earnings of similarly educated workers,FCTR_EARN_FT_SIM,"Factor of earnings for full-time, full-year similarly educated workers",INST_EDU_PUB,Public educational institutions,ISCED11_24,Lower secondary general education,Y25T64,From 25 to 64 years,_T,Total,SH,School head,,,O,Missing value,0,Units,MEAN,Arithmetic mean,_Z,Not applicable,2022,,_Z,Not applicable,2023,,2,Two
FRA,France,SAL_ACT_REL_SIM,Actual salaries relative to earnings of similarly educated workers,FCTR_EARN_FT_SIM,"Factor of earnings for full-time, full-year similarly educated workers",INST_EDU_PUB,Public educational institutions,ISCED11_02,Pre-primary education,Y25T64,From 25 to 64 years,_T,Total,SH,School head,,,O,Missing value,0,Units,MEAN,Arithmetic mean,_Z,Not applicable,2022,,_Z,Not applicable,2023,,2,Two
FRA,France,SAL_ACT_REL_SIM,Actual salaries relative to earnings of similarly educated workers,FCTR_EARN_FT_SIM,"Factor of earnings for full-time, full-year similarly educated workers",INST_EDU_PUB,Public educational institutions,ISCED11_1,Primary education,Y25T64,From 25 to 64 years,_T,Total,SH,School head,,,O,Missing value,0,Units,MEAN,Arithmetic mean,_Z,Not applicable,2022,,_Z,Not applicable,2023,,2,Two
ITA,Italy,SAL_ACT_REL_SIM,Actual salaries relative to earnings of similarly educated workers,FCTR_EARN_FT_SIM,"Factor of earnings for full-time, full-year similarly educated workers",INST_EDU_PUB,Public educational institutions,ISCED11_02,Pre-primary education,Y25T64,From 25 to 64 years,_T,Total,SH,School head,,,O,Missing value,0,Units,MEAN,Arithmetic mean,_Z,Not applicable,2023,,_Z,Not applicable,2025,,2,Two
ITA,Italy,SAL_ACT_REL_SIM,Actual salaries relative to earnings of similarly educated workers,FCTR_EARN_FT_SIM,"Factor of earnings for full-time, full-year similarly educated workers",INST_EDU_PUB,Public educational institutions,ISCED11_1,Primary education,Y25T64,From 25 to 64 years,_T,Total,TE,Teacher,,,O,Missing value,0,Units,MEAN,Arithmetic mean,_Z,Not applicable,2023,,_Z,Not applicable,2025,,2,Two
ITA,Italy,SAL_ACT_REL_SIM,Actual salaries relative to earnings of similarly educated workers,FCTR_EARN_FT_SIM,"Factor of earnings for full-time, full-year similarly educated workers",INST_EDU_PUB,Public educational institutions,ISCED11_24,Lower secondary general education,Y25T64,From 25 to 64 years,_T,Total,SH,School head,,,O,Missing value,0,Units,MEAN,Arithmetic mean,_Z,Not applicable,2023,,_Z,Not applicable,2025,,2,Two
ITA,Italy,SAL_ACT_REL_SIM,Actual salaries relative to earnings of similarly educated workers,FCTR_EARN_FT_SIM,"Factor of earnings for full-time, full-year similarly educated workers",INST_EDU_PUB,Public educational institutions,ISCED11_24,Lower secondary general education,Y25T64,From 25 to 64 years,_T,Total,TE,Teacher,,,O,Missing value,0,Units,MEAN,Arithmetic mean,_Z,Not applicable,2023,,_Z,Not applicable,2025,,2,Two
ITA,Italy,SAL_ACT_REL_SIM,Actual salaries relative to earnings of similarly educated workers,FCTR_EARN_FT_SIM,"Factor of earnings for full-time, full-year similarly educated workers",INST_EDU_PUB,Public educational institutions,ISCED11_1,Primary education,Y25T64,From 25 to 64 years,_T,Total,SH,School head,,,O,Missing value,0,Units,MEAN,Arithmetic mean,_Z,Not applicable,2023,,_Z,Not applicable,2025,,2,Two
ITA,Italy,SAL_ACT_REL_SIM,Actual salaries relative to earnings of similarly educated workers,FCTR_EARN_FT_SIM,"Factor of earnings for full-time, full-year similarly educated workers",INST_EDU_PUB,Public educational institutions,ISCED11_02,Pre-primary education,Y25T64,From 25 to 64 years,_T,Total,TE,Teacher,,,O,Missing value,0,Units,MEAN,Arithmetic mean,_Z,Not applicable,2023,,_Z,Not applicable,2025,,2,Two
ITA,Italy,SAL_ACT_REL_SIM,Actual salaries relative to earnings of similarly educated workers,FCTR_EARN_FT_SIM,"Factor of earnings for full-time, full-year similarly educated workers",INST_EDU_PUB,Public educational institutions,ISCED11_34,Upper secondary general education,Y25T64,From 25 to 64 years,_T,Total,SH,School head,,,O,Missing value,0,Units,MEAN,Arithmetic mean,_Z,Not applicable,2023,,_Z,Not applicable,2025,,2,Two
ITA,Italy,SAL_ACT_REL_SIM,Actual salaries relative to earnings of similarly educated workers,FCTR_EARN_FT_SIM,"Factor of earnings for full-time, full-year similarly educated workers",INST_EDU_PUB,Public educational institutions,ISCED11_34,Upper secondary general education,Y25T64,From 25 to 64 years,_T,Total,TE,Teacher,,,O,Missing value,0,Units,MEAN,Arithmetic mean,_Z,Not applicable,2023,,_Z,Not applicable,2025,,2,Two
FIN,Finland,SAL_ACT_REL_TER,Actual salaries relative to earnings of tertiary-educated workers,FCTR_EARN_FT_TER,"Factor of earnings for full-time, full-year tertiary-educated workers",INST_EDU_PUB,Public educational institutions,ISCED11_24,Lower secondary general education,Y25T34,From 25 to 34 years,_T,Total,SH,School head,,,O,Missing value,0,Units,MEAN,Arithmetic mean,_Z,Not applicable,2023,,_Z,Not applicable,2025,,2,Two
FIN,Finland,SAL_ACT_REL_TER,Actual salaries relative to earnings of tertiary-educated workers,FCTR_EARN_FT_TER,"Factor of earnings for full-time, full-year tertiary-educated workers",INST_EDU_PUB,Public educational institutions,ISCED11_34,Upper secondary general education,Y35T44,From 35 to 44 years,_T,Total,SH,School head,,,O,Missing value,0,Units,MEAN,Arithmetic mean,_Z,Not applicable,2023,,_Z,Not applicable,2025,,2,Two
FIN,Finland,SAL_ACT_REL_TER,Actual salaries relative to earnings of tertiary-educated workers,FCTR_EARN_FT_TER,"Factor of earnings for full-time, full-year tertiary-educated workers",INST_EDU_PUB,Public educational institutions,ISCED11_1,Primary education,Y25T34,From 25 to 34 years,_T,Total,SH,School head,,,O,Missing value,0,Units,MEAN,Arithmetic mean,_Z,Not applicable,2023,,_Z,Not applicable,2025,,2,Two
FIN,Finland,SAL_ACT_REL_TER,Actual salaries relative to earnings of tertiary-educated workers,FCTR_EARN_FT_TER,"Factor of earnings for full-time, full-year tertiary-educated workers",INST_EDU_PUB,Public educational institutions,ISCED11_34,Upper secondary general education,Y25T34,From 25 to 34 years,_T,Total,SH,School head,,,O,Missing value,0,Units,MEAN,Arithmetic mean,_Z,Not applicable,2023,,_Z,Not applicable,2025,,2,Two
ITA,Italy,SAL_ACT_REL_TER,Actual salaries relative to earnings of tertiary-educated workers,FCTR_EARN_FT_TER,"Factor of earnings for full-time, full-year tertiary-educated workers",INST_EDU_PUB,Public educational institutions,ISCED11_24,Lower secondary general education,Y25T34,From 25 to 34 years,_T,Total,SH,School head,,,O,Missing value,0,Units,MEAN,Arithmetic mean,_Z,Not applicable,2023,,_Z,Not applicable,2025,,2,Two
ITA,Italy,SAL_ACT_REL_TER,Actual salaries relative to earnings of tertiary-educated workers,FCTR_EARN_FT_TER,"Factor of earnings for full-time, full-year tertiary-educated workers",INST_EDU_PUB,Public educational institutions,ISCED11_02,Pre-primary education,Y25T64,From 25 to 64 years,F,Female,SH,School head,,,O,Missing value,0,Units,MEAN,Arithmetic mean,_Z,Not applicable,2023,,_Z,Not applicable,2025,,2,Two
ITA,Italy,SAL_ACT_REL_TER,Actual salaries relative to earnings of tertiary-educated workers,FCTR_EARN_FT_TER,"Factor of earnings for full-time, full-year tertiary-educated workers",INST_EDU_PUB,Public educational institutions,ISCED11_02,Pre-primary education,Y35T44,From 35 to 44 years,_T,Total,SH,School head,,,O,Missing value,0,Units,MEAN,Arithmetic mean,_Z,Not applicable,2023,,_Z,Not applicable,2025,,2,Two
ITA,Italy,SAL_ACT_REL_TER,Actual salaries relative to earnings of tertiary-educated workers,FCTR_EARN_FT_TER,"Factor of earnings for full-time, full-year tertiary-educated workers",INST_EDU_PUB,Public educational institutions,ISCED11_34,Upper secondary general education,Y25T34,From 25 to 34 years,_T,Total,SH,School head,,,O,Missing value,0,Units,MEAN,Arithmetic mean,_Z,Not applicable,2023,,_Z,Not applicable,2025,,2,Two
ITA,Italy,SAL_ACT_REL_TER,Actual salaries relative to earnings of tertiary-educated workers,FCTR_EARN_FT_TER,"Factor of earnings for full-time, full-year tertiary-educated workers",INST_EDU_PUB,Public educational institutions,ISCED11_02,Pre-primary education,Y25T64,From 25 to 64 years,M,Male,SH,School head,,,O,Missing value,0,Units,MEAN,Arithmetic mean,_Z,Not applicable,2023,,_Z,Not applicable,2025,,2,Two
ITA,Italy,SAL_ACT_REL_TER,Actual salaries relative to earnings of tertiary-educated workers,FCTR_EARN_FT_TER,"Factor of earnings for full-time, full-year tertiary-educated workers",INST_EDU_PUB,Public educational institutions,ISCED11_02,Pre-primary education,Y25T34,From 25 to 34 years,_T,Total,SH,School head,,,O,Missing value,0,Units,MEAN,Arithmetic mean,_Z,Not applicable,2023,,_Z,Not applicable,2025,,2,Two
ITA,Italy,SAL_ACT_REL_TER,Actual salaries relative to earnings of tertiary-educated workers,FCTR_EARN_FT_TER,"Factor of earnings for full-time, full-year tertiary-educated workers",INST_EDU_PUB,Public educational institutions,ISCED11_02,Pre-primary education,Y45T54,From 45 to 54 years,_T,Total,SH,School head,,,O,Missing value,0,Units,MEAN,Arithmetic mean,_Z,Not applicable,2023,,_Z,Not applicable,2025,,2,Two
ITA,Italy,SAL_ACT_REL_TER,Actual salaries relative to earnings of tertiary-educated workers,FCTR_EARN_FT_TER,"Factor of earnings for full-time, full-year tertiary-educated workers",INST_EDU_PUB,Public educational institutions,ISCED11_1,Primary education,Y25T34,From 25 to 34 years,_T,Total,SH,School head,,,O,Missing value,0,Units,MEAN,Arithmetic mean,_Z,Not applicable,2023,,_Z,Not applicable,2025,,2,Two
ITA,Italy,SAL_ACT_REL_TER,Actual salaries relative to earnings of tertiary-educated workers,FCTR_EARN_FT_TER,"Factor of earnings for full-time, full-year tertiary-educated workers",INST_EDU_PUB,Public educational institutions,ISCED11_02,Pre-primary education,Y25T64,From 25 to 64 years,_T,Total,SH,School head,,,O,Missing value,0,Units,MEAN,Arithmetic mean,_Z,Not applicable,2023,,_Z,Not applicable,2025,,2,Two
ITA,Italy,SAL_ACT_REL_TER,Actual salaries relative to earnings of tertiary-educated workers,FCTR_EARN_FT_TER,"Factor of earnings for full-time, full-year tertiary-educated workers",INST_EDU_PUB,Public educational institutions,ISCED11_02,Pre-primary education,Y55T64,From 55 to 64 years,_T,Total,SH,School head,,,O,Missing value,0,Units,MEAN,Arithmetic mean,_Z,Not applicable,2023,,_Z,Not applicable,2025,,2,Two
DEU,Germany,SAL_ACT_REL_SIM,Actual salaries relative to earnings of similarly educated workers,FCTR_EARN_FT_SIM,"Factor of earnings for full-time, full-year similarly educated workers",INST_EDU_PUB,Public educational institutions,ISCED11_02,Pre-primary education,Y25T64,From 25 to 64 years,_T,Total,SH,School head,,,O,Missing value,0,Units,MEAN,Arithmetic mean,_Z,Not applicable,2024,,_Z,Not applicable,2025,,2,Two
DEU,Germany,SAL_ACT_REL_SIM,Actual salaries relative to earnings of similarly educated workers,FCTR_EARN_FT_SIM,"Factor of earnings for full-time, full-year similarly educated workers",INST_EDU_PUB,Public educational institutions,ISCED11_1,Primary education,Y25T64,From 25 to 64 years,_T,Total,TE,Teacher,,,O,Missing value,0,Units,MEAN,Arithmetic mean,_Z,Not applicable,2024,,_Z,Not applicable,2025,,2,Two
DEU,Germany,SAL_ACT_REL_SIM,Actual salaries relative to earnings of similarly educated workers,FCTR_EARN_FT_SIM,"Factor of earnings for full-time, full-year similarly educated workers",INST_EDU_PUB,Public educational institutions,ISCED11_34,Upper secondary general education,Y25T64,From 25 to 64 years,_T,Total,TE,Teacher,,,O,Missing value,0,Units,MEAN,Arithmetic mean,_Z,Not applicable,2024,,_Z,Not applicable,2025,,2,Two
DEU,Germany,SAL_ACT_REL_SIM,Actual salaries relative to earnings of similarly educated workers,FCTR_EARN_FT_SIM,"Factor of earnings for full-time, full-year similarly educated workers",INST_EDU_PUB,Public educational institutions,ISCED11_34,Upper secondary general education,Y25T64,From 25 to 64 years,_T,Total,SH,School head,,,O,Missing value,0,Units,MEAN,Arithmetic mean,_Z,Not applicable,2024,,_Z,Not applicable,2025,,2,Two
DEU,Germany,SAL_ACT_REL_SIM,Actual salaries relative to earnings of similarly educated workers,FCTR_EARN_FT_SIM,"Factor of earnings for full-time, full-year similarly educated workers",INST_EDU_PUB,Public educational institutions,ISCED11_02,Pre-primary education,Y25T64,From 25 to 64 years,_T,Total,TE,Teacher,,,O,Missing value,0,Units,MEAN,Arithmetic mean,_Z,Not applicable,2024,,_Z,Not applicable,2025,,2,Two
DEU,Germany,SAL_ACT_REL_SIM,Actual salaries relative to earnings of similarly educated workers,FCTR_EARN_FT_SIM,"Factor of earnings for full-time, full-year similarly educated workers",INST_EDU_PUB,Public educational institutions,ISCED11_24,Lower secondary general education,Y25T64,From 25 to 64 years,_T,Total,TE,Teacher,,,O,Missing value,0,Units,MEAN,Arithmetic mean,_Z,Not applicable,2024,,_Z,Not applicable,2025,,2,Two
DEU,Germany,SAL_ACT_REL_SIM,Actual salaries relative to earnings of similarly educated workers,FCTR_EARN_FT_SIM,"Factor of earnings for full-time, full-year similarly educated workers",INST_EDU_PUB,Public educational institutions,ISCED11_24,Lower secondary general education,Y25T64,From 25 to 64 years,_T,Total,SH,School head,,,O,Missing value,0,Units,MEAN,Arithmetic mean,_Z,Not applicable,2024,,_Z,Not applicable,2025,,2,Two
DEU,Germany,SAL_ACT_REL_SIM,Actual salaries relative to earnings of similarly educated workers,FCTR_EARN_FT_SIM,"Factor of earnings for full-time, full-year similarly educated workers",INST_EDU_PUB,Public educational institutions,ISCED11_1,Primary education,Y25T64,From 25 to 64 years,_T,Total,SH,School head,,,O,Missing value,0,Units,MEAN,Arithmetic mean,_Z,Not applicable,2024,,_Z,Not applicable,2025,,2,Two
PRT,Portugal,SAL_ACT_REL_SIM,Actual salaries relative to earnings of similarly educated workers,FCTR_EARN_FT_SIM,"Factor of earnings for full-time, full-year similarly educated workers",INST_EDU_PUB,Public educational institutions,ISCED11_02,Pre-primary education,Y25T64,From 25 to 64 years,_T,Total,TE,Teacher,,,O,Missing value,0,Units,MEAN,Arithmetic mean,_Z,Not applicable,2024,,_Z,Not applicable,2025,,2,Two
PRT,Portugal,SAL_ACT_REL_SIM,Actual salaries relative to earnings of similarly educated workers,FCTR_EARN_FT_SIM,"Factor of earnings for full-time, full-year similarly educated workers",INST_EDU_PUB,Public educational institutions,ISCED11_24,Lower secondary general education,Y25T64,From 25 to 64 years,_T,Total,TE,Teacher,,,O,Missing value,0,Units,MEAN,Arithmetic mean,_Z,Not applicable,2024,,_Z,Not applicable,2025,,2,Two
PRT,Portugal,SAL_ACT_REL_SIM,Actual salaries relative to earnings of similarly educated workers,FCTR_EARN_FT_SIM,"Factor of earnings for full-time, full-year similarly educated workers",INST_EDU_PUB,Public educational institutions,ISCED11_1,Primary education,Y25T64,From 25 to 64 years,_T,Total,TE,Teacher,,,O,Missing value,0,Units,MEAN,Arithmetic mean,_Z,Not applicable,2024,,_Z,Not applicable,2025,,2,Two
PRT,Portugal,SAL_ACT_REL_SIM,Actual salaries relative to earnings of similarly educated workers,FCTR_EARN_FT_SIM,"Factor of earnings for full-time, full-year similarly educated workers",INST_EDU_PUB,Public educational institutions,ISCED11_02,Pre-primary education,Y25T64,From 25 to 64 years,_T,Total,SH,School head,,,O,Missing value,0,Units,MEAN,Arithmetic mean,_Z,Not applicable,2024,,_Z,Not applicable,2025,,2,Two
PRT,Portugal,SAL_ACT_REL_SIM,Actual salaries relative to earnings of similarly educated workers,FCTR_EARN_FT_SIM,"Factor of earnings for full-time, full-year similarly educated workers",INST_EDU_PUB,Public educational institutions,ISCED11_34,Upper secondary general education,Y25T64,From 25 to 64 years,_T,Total,SH,School head,,,O,Missing value,0,Units,MEAN,Arithmetic mean,_Z,Not applicable,2024,,_Z,Not applicable,2025,,2,Two
PRT,Portugal,SAL_ACT_REL_SIM,Actual salaries relative to earnings of similarly educated workers,FCTR_EARN_FT_SIM,"Factor of earnings for full-time, full-year similarly educated workers",INST_EDU_PUB,Public educational institutions,ISCED11_24,Lower secondary general education,Y25T64,From 25 to 64 years,_T,Total,SH,School head,,,O,Missing value,0,Units,MEAN,Arithmetic mean,_Z,Not applicable,2024,,_Z,Not applicable,2025,,2,Two
PRT,Portugal,SAL_ACT_REL_SIM,Actual salaries relative to earnings of similarly educated workers,FCTR_EARN_FT_SIM,"Factor of earnings for full-time, full-year similarly educated workers",INST_EDU_PUB,Public educational institutions,ISCED11_1,Primary education,Y25T64,From 25 to 64 years,_T,Total,SH,School head,,,O,Missing value,0,Units,MEAN,Arithmetic mean,_Z,Not applicable,2024,,_Z,Not applicable,2025,,2,Two
PRT,Portugal,SAL_ACT_REL_SIM,Actual salaries relative to earnings of similarly educated workers,FCTR_EARN_FT_SIM,"Factor of earnings for full-time, full-year similarly educated workers",INST_EDU_PUB,Public educational institutions,ISCED11_34,Upper secondary general education,Y25T64,From 25 to 64 years,_T,Total,TE,Teacher,,,O,Missing value,0,Units,MEAN,Arithmetic mean,_Z,Not applicable,2024,,_Z,Not applicable,2025,,2,Two
ESP,Spain,SAL_ACT_REL_SIM,Actual salaries relative to earnings of similarly educated workers,FCTR_EARN_FT_SIM,"Factor of earnings for full-time, full-year similarly educated workers",INST_EDU_PUB,Public educational institutions,ISCED11_24,Lower secondary general education,Y25T64,From 25 to 64 years,_T,Total,TE,Teacher,,,O,Missing value,0,Units,MEAN,Arithmetic mean,_Z,Not applicable,2024,,_Z,Not applicable,2025,,2,Two
ESP,Spain,SAL_ACT_REL_SIM,Actual salaries relative to earnings of similarly educated workers,FCTR_EARN_FT_SIM,"Factor of earnings for full-time, full-year similarly educated workers",INST_EDU_PUB,Public educational institutions,ISCED11_1,Primary education,Y25T64,From 25 to 64 years,_T,Total,SH,School head,,,O,Missing value,0,Units,MEAN,Arithmetic mean,_Z,Not applicable,2024,,_Z,Not applicable,2025,,2,Two
ESP,Spain,SAL_ACT_REL_SIM,Actual salaries relative to earnings of similarly educated workers,FCTR_EARN_FT_SIM,"Factor of earnings for full-time, full-year similarly educated workers",INST_EDU_PUB,Public educational institutions,ISCED11_1,Primary education,Y25T64,From 25 to 64 years,_T,Total,TE,Teacher,,,O,Missing value,0,Units,MEAN,Arithmetic mean,_Z,Not applicable,2024,,_Z,Not applicable,2025,,2,Two
ESP,Spain,SAL_ACT_REL_SIM,Actual salaries relative to earnings of similarly educated workers,FCTR_EARN_FT_SIM,"Factor of earnings for full-time, full-year similarly educated workers",INST_EDU_PUB,Public educational institutions,ISCED11_34,Upper secondary general education,Y25T64,From 25 to 64 years,_T,Total,SH,School head,,,O,Missing value,0,Units,MEAN,Arithmetic mean,_Z,Not applicable,2024,,_Z,Not applicable,2025,,2,Two
ESP,Spain,SAL_ACT_REL_SIM,Actual salaries relative to earnings of similarly educated workers,FCTR_EARN_FT_SIM,"Factor of earnings for full-time, full-year similarly educated workers",INST_EDU_PUB,Public educational institutions,ISCED11_02,Pre-primary education,Y25T64,From 25 to 64 years,_T,Total,TE,Teacher,,,O,Missing value,0,Units,MEAN,Arithmetic mean,_Z,Not applicable,2024,,_Z,Not applicable,2025,,2,Two
ESP,Spain,SAL_ACT_REL_SIM,Actual salaries relative to earnings of similarly educated workers,FCTR_EARN_FT_SIM,"Factor of earnings for full-time, full-year similarly educated workers",INST_EDU_PUB,Public educational institutions,ISCED11_02,Pre-primary education,Y25T64,From 25 to 64 years,_T,Total,SH,School head,,,O,Missing value,0,Units,MEAN,Arithmetic mean,_Z,Not applicable,2024,,_Z,Not applicable,2025,,2,Two
ESP,Spain,SAL_ACT_REL_SIM,Actual salaries relative to earnings of similarly educated workers,FCTR_EARN_FT_SIM,"Factor of earnings for full-time, full-year similarly educated workers",INST_EDU_PUB,Public educational institutions,ISCED11_24,Lower secondary general education,Y25T64,From 25 to 64 years,_T,Total,SH,School head,,,O,Missing value,0,Units,MEAN,Arithmetic mean,_Z,Not applicable,2024,,_Z,Not applicable,2025,,2,Two
ESP,Spain,SAL_ACT_REL_SIM,Actual salaries relative to earnings of similarly educated workers,FCTR_EARN_FT_SIM,"Factor of earnings for full-time, full-year similarly educated workers",INST_EDU_PUB,Public educational institutions,ISCED11_34,Upper secondary general education,Y25T64,From 25 to 64 years,_T,Total,TE,Teacher,,,O,Missing value,0,Units,MEAN,Arithmetic mean,_Z,Not applicable,2024,,_Z,Not applicable,2025,,2,Two
DEU,Germany,SAL_ACT_REL_TER,Actual salaries relative to earnings of tertiary-educated workers,FCTR_EARN_FT_TER,"Factor of earnings for full-time, full-year tertiary-educated workers",INST_EDU_PUB,Public educational institutions,ISCED11_24,Lower secondary general education,Y25T64,From 25 to 64 years,M,Male,SH,School head,,,O,Missing value,0,Units,MEAN,Arithmetic mean,_Z,Not applicable,2024,,_Z,Not applicable,2025,,2,Two
DEU,Germany,SAL_ACT_REL_TER,Actual salaries relative to earnings of tertiary-educated workers,FCTR_EARN_FT_TER,"Factor of earnings for full-time, full-year tertiary-educated workers",INST_EDU_PUB,Public educational institutions,ISCED11_1,Primary education,Y25T64,From 25 to 64 years,M,Male,TE,Teacher,,,O,Missing value,0,Units,MEAN,Arithmetic mean,_Z,Not applicable,2024,,_Z,Not applicable,2025,,2,Two
DEU,Germany,SAL_ACT_REL_TER,Actual salaries relative to earnings of tertiary-educated workers,FCTR_EARN_FT_TER,"Factor of earnings for full-time, full-year tertiary-educated workers",INST_EDU_PUB,Public educational institutions,ISCED11_24,Lower secondary general education,Y25T64,From 25 to 64 years,M,Male,TE,Teacher,,,O,Missing value,0,Units,MEAN,Arithmetic mean,_Z,Not applicable,2024,,_Z,Not applicable,2025,,2,Two
DEU,Germany,SAL_ACT_REL_TER,Actual salaries relative to earnings of tertiary-educated workers,FCTR_EARN_FT_TER,"Factor of earnings for full-time, full-year tertiary-educated workers",INST_EDU_PUB,Public educational institutions,ISCED11_34,Upper secondary general education,Y25T64,From 25 to 64 years,M,Male,SH,School head,,,O,Missing value,0,Units,MEAN,Arithmetic mean,_Z,Not applicable,2024,,_Z,Not applicable,2025,,2,Two
DEU,Germany,SAL_ACT_REL_TER,Actual salaries relative to earnings of tertiary-educated workers,FCTR_EARN_FT_TER,"Factor of earnings for full-time, full-year tertiary-educated workers",INST_EDU_PUB,Public educational institutions,ISCED11_34,Upper secondary general education,Y25T64,From 25 to 64 years,M,Male,TE,Teacher,,,O,Missing value,0,Units,MEAN,Arithmetic mean,_Z,Not applicable,2024,,_Z,Not applicable,2025,,2,Two
DEU,Germany,SAL_ACT_REL_TER,Actual salaries relative to earnings of tertiary-educated workers,FCTR_EARN_FT_TER,"Factor of earnings for full-time, full-year tertiary-educated workers",INST_EDU_PUB,Public educational institutions,ISCED11_1,Primary education,Y25T64,From 25 to 64 years,M,Male,SH,School head,,,O,Missing value,0,Units,MEAN,Arithmetic mean,_Z,Not applicable,2024,,_Z,Not applicable,2025,,2,Two
DEU,Germany,SAL_ACT_REL_TER,Actual salaries relative to earnings of tertiary-educated workers,FCTR_EARN_FT_TER,"Factor of earnings for full-time, full-year tertiary-educated workers",INST_EDU_PUB,Public educational institutions,ISCED11_02,Pre-primary education,Y25T64,From 25 to 64 years,M,Male,SH,School head,,,O,Missing value,0,Units,MEAN,Arithmetic mean,_Z,Not applicable,2024,,_Z,Not applicable,2025,,2,Two
DEU,Germany,SAL_ACT_REL_TER,Actual salaries relative to earnings of tertiary-educated workers,FCTR_EARN_FT_TER,"Factor of earnings for full-time, full-year tertiary-educated workers",INST_EDU_PUB,Public educational institutions,ISCED11_02,Pre-primary education,Y25T64,From 25 to 64 years,M,Male,TE,Teacher,,,O,Missing value,0,Units,MEAN,Arithmetic mean,_Z,Not applicable,2024,,_Z,Not applicable,2025,,2,Two
PRT,Portugal,SAL_ACT_REL_TER,Actual salaries relative to earnings of tertiary-educated workers,FCTR_EARN_FT_TER,"Factor of earnings for full-time, full-year tertiary-educated workers",INST_EDU_PUB,Public educational institutions,ISCED11_24,Lower secondary general education,Y25T64,From 25 to 64 years,M,Male,SH,School head,,,O,Missing value,0,Units,MEAN,Arithmetic mean,_Z,Not applicable,2024,,_Z,Not applicable,2025,,2,Two
PRT,Portugal,SAL_ACT_REL_TER,Actual salaries relative to earnings of tertiary-educated workers,FCTR_EARN_FT_TER,"Factor of earnings for full-time, full-year tertiary-educated workers",INST_EDU_PUB,Public educational institutions,ISCED11_1,Primary education,Y25T64,From 25 to 64 years,M,Male,SH,School head,,,O,Missing value,0,Units,MEAN,Arithmetic mean,_Z,Not applicable,2024,,_Z,Not applicable,2025,,2,Two
PRT,Portugal,SAL_ACT_REL_TER,Actual salaries relative to earnings of tertiary-educated workers,FCTR_EARN_FT_TER,"Factor of earnings for full-time, full-year tertiary-educated workers",INST_EDU_PUB,Public educational institutions,ISCED11_34,Upper secondary general education,Y25T64,From 25 to 64 years,M,Male,SH,School head,,,O,Missing value,0,Units,MEAN,Arithmetic mean,_Z,Not applicable,2024,,_Z,Not applicable,2025,,2,Two
ESP,Spain,SAL_ACT_REL_TER,Actual salaries relative to earnings of tertiary-educated workers,FCTR_EARN_FT_TER,"Factor of earnings for full-time, full-year tertiary-educated workers",INST_EDU_PUB,Public educational institutions,ISCED11_02,Pre-primary education,Y25T64,From 25 to 64 years,M,Male,SH,School head,,,O,Missing value,0,Units,MEAN,Arithmetic mean,_Z,Not applicable,2024,,_Z,Not applicable,2025,,2,Two
ESP,Spain,SAL_ACT_REL_TER,Actual salaries relative to earnings of tertiary-educated workers,FCTR_EARN_FT_TER,"Factor of earnings for full-time, full-year tertiary-educated workers",INST_EDU_PUB,Public educational institutions,ISCED11_1,Primary education,Y25T64,From 25 to 64 years,M,Male,SH,School head,,,O,Missing value,0,Units,MEAN,Arithmetic mean,_Z,Not applicable,2024,,_Z,Not applicable,2025,,2,Two
ESP,Spain,SAL_ACT_REL_TER,Actual salaries relative to earnings of tertiary-educated workers,FCTR_EARN_FT_TER,"Factor of earnings for full-time, full-year tertiary-educated workers",INST_EDU_PUB,Public educational institutions,ISCED11_24,Lower secondary general education,Y25T64,From 25 to 64 years,M,Male,TE,Teacher,,,O,Missing value,0,Units,MEAN,Arithmetic mean,_Z,Not applicable,2024,,_Z,Not applicable,2025,,2,Two
ESP,Spain,SAL_ACT_REL_TER,Actual salaries relative to earnings of tertiary-educated workers,FCTR_EARN_FT_TER,"Factor of earnings for full-time, full-year tertiary-educated workers",INST_EDU_PUB,Public educational institutions,ISCED11_34,Upper secondary general education,Y25T64,From 25 to 64 years,M,Male,SH,School head,,,O,Missing value,0,Units,MEAN,Arithmetic mean,_Z,Not applicable,2024,,_Z,Not applicable,2025,,2,Two
ESP,Spain,SAL_ACT_REL_TER,Actual salaries relative to earnings of tertiary-educated workers,FCTR_EARN_FT_TER,"Factor of earnings for full-time, full-year tertiary-educated workers",INST_EDU_PUB,Public educational institutions,ISCED11_24,Lower secondary general education,Y25T64,From 25 to 64 years,M,Male,SH,School head,,,O,Missing value,0,Units,MEAN,Arithmetic mean,_Z,Not applicable,2024,,_Z,Not applicable,2025,,2,Two
ESP,Spain,SAL_ACT_REL_TER,Actual salaries relative to earnings of tertiary-educated workers,FCTR_EARN_FT_TER,"Factor of earnings for full-time, full-year tertiary-educated workers",INST_EDU_PUB,Public educational institutions,ISCED11_34,Upper secondary general education,Y25T64,From 25 to 64 years,M,Male,TE,Teacher,,,O,Missing value,0,Units,MEAN,Arithmetic mean,_Z,Not applicable,2024,,_Z,Not applicable,2025,,2,Two
ESP,Spain,SAL_ACT_REL_TER,Actual salaries relative to earnings of tertiary-educated workers,FCTR_EARN_FT_TER,"Factor of earnings for full-time, full-year tertiary-educated workers",INST_EDU_PUB,Public educational institutions,ISCED11_02,Pre-primary education,Y25T64,From 25 to 64 years,M,Male,TE,Teacher,,,O,Missing value,0,Units,MEAN,Arithmetic mean,_Z,Not applicable,2024,,_Z,Not applicable,2025,,2,Two
ESP,Spain,SAL_ACT_REL_TER,Actual salaries relative to earnings of tertiary-educated workers,FCTR_EARN_FT_TER,"Factor of earnings for full-time, full-year tertiary-educated workers",INST_EDU_PUB,Public educational institutions,ISCED11_1,Primary education,Y25T64,From 25 to 64 years,M,Male,TE,Teacher,,,O,Missing value,0,Units,MEAN,Arithmetic mean,_Z,Not applicable,2024,,_Z,Not applicable,2025,,2,Two
DEU,Germany,SAL_ACT_REL_TER,Actual salaries relative to earnings of tertiary-educated workers,FCTR_EARN_FT_TER,"Factor of earnings for full-time, full-year tertiary-educated workers",INST_EDU_PUB,Public educational institutions,ISCED11_1,Primary education,Y25T64,From 25 to 64 years,F,Female,SH,School head,,,O,Missing value,0,Units,MEAN,Arithmetic mean,_Z,Not applicable,2024,,_Z,Not applicable,2025,,2,Two
DEU,Germany,SAL_ACT_REL_TER,Actual salaries relative to earnings of tertiary-educated workers,FCTR_EARN_FT_TER,"Factor of earnings for full-time, full-year tertiary-educated workers",INST_EDU_PUB,Public educational institutions,ISCED11_34,Upper secondary general education,Y25T64,From 25 to 64 years,F,Female,TE,Teacher,,,O,Missing value,0,Units,MEAN,Arithmetic mean,_Z,Not applicable,2024,,_Z,Not applicable,2025,,2,Two
DEU,Germany,SAL_ACT_REL_TER,Actual salaries relative to earnings of tertiary-educated workers,FCTR_EARN_FT_TER,"Factor of earnings for full-time, full-year tertiary-educated workers",INST_EDU_PUB,Public educational institutions,ISCED11_24,Lower secondary general education,Y25T64,From 25 to 64 years,F,Female,TE,Teacher,,,O,Missing value,0,Units,MEAN,Arithmetic mean,_Z,Not applicable,2024,,_Z,Not applicable,2025,,2,Two
DEU,Germany,SAL_ACT_REL_TER,Actual salaries relative to earnings of tertiary-educated workers,FCTR_EARN_FT_TER,"Factor of earnings for full-time, full-year tertiary-educated workers",INST_EDU_PUB,Public educational institutions,ISCED11_02,Pre-primary education,Y25T64,From 25 to 64 years,F,Female,TE,Teacher,,,O,Missing value,0,Units,MEAN,Arithmetic mean,_Z,Not applicable,2024,,_Z,Not applicable,2025,,2,Two
DEU,Germany,SAL_ACT_REL_TER,Actual salaries relative to earnings of tertiary-educated workers,FCTR_EARN_FT_TER,"Factor of earnings for full-time, full-year tertiary-educated workers",INST_EDU_PUB,Public educational institutions,ISCED11_24,Lower secondary general education,Y25T64,From 25 to 64 years,F,Female,SH,School head,,,O,Missing value,0,Units,MEAN,Arithmetic mean,_Z,Not applicable,2024,,_Z,Not applicable,2025,,2,Two
DEU,Germany,SAL_ACT_REL_TER,Actual salaries relative to earnings of tertiary-educated workers,FCTR_EARN_FT_TER,"Factor of earnings for full-time, full-year tertiary-educated workers",INST_EDU_PUB,Public educational institutions,ISCED11_1,Primary education,Y25T64,From 25 to 64 years,F,Female,TE,Teacher,,,O,Missing value,0,Units,MEAN,Arithmetic mean,_Z,Not applicable,2024,,_Z,Not applicable,2025,,2,Two
DEU,Germany,SAL_ACT_REL_TER,Actual salaries relative to earnings of tertiary-educated workers,FCTR_EARN_FT_TER,"Factor of earnings for full-time, full-year tertiary-educated workers",INST_EDU_PUB,Public educational institutions,ISCED11_34,Upper secondary general education,Y25T64,From 25 to 64 years,F,Female,SH,School head,,,O,Missing value,0,Units,MEAN,Arithmetic mean,_Z,Not applicable,2024,,_Z,Not applicable,2025,,2,Two
DEU,Germany,SAL_ACT_REL_TER,Actual salaries relative to earnings of tertiary-educated workers,FCTR_EARN_FT_TER,"Factor of earnings for full-time, full-year tertiary-educated workers",INST_EDU_PUB,Public educational institutions,ISCED11_02,Pre-primary education,Y25T64,From 25 to 64 years,F,Female,SH,School head,,,O,Missing value,0,Units,MEAN,Arithmetic mean,_Z,Not applicable,2024,,_Z,Not applicable,2025,,2,Two
PRT,Portugal,SAL_ACT_REL_TER,Actual salaries relative to earnings of tertiary-educated workers,FCTR_EARN_FT_TER,"Factor of earnings for full-time, full-year tertiary-educated workers",INST_EDU_PUB,Public educational institutions,ISCED11_24,Lower secondary general education,Y25T64,From 25 to 64 years,F,Female,SH,School head,,,O,Missing value,0,Units,MEAN,Arithmetic mean,_Z,Not applicable,2024,,_Z,Not applicable,2025,,2,Two
PRT,Portugal,SAL_ACT_REL_TER,Actual salaries relative to earnings of tertiary-educated workers,FCTR_EARN_FT_TER,"Factor of earnings for full-time, full-year tertiary-educated workers",INST_EDU_PUB,Public educational institutions,ISCED11_1,Primary education,Y25T64,From 25 to 64 years,F,Female,SH,School head,,,O,Missing value,0,Units,MEAN,Arithmetic mean,_Z,Not applicable,2024,,_Z,Not applicable,2025,,2,Two
PRT,Portugal,SAL_ACT_REL_TER,Actual salaries relative to earnings of tertiary-educated workers,FCTR_EARN_FT_TER,"Factor of earnings for full-time, full-year tertiary-educated workers",INST_EDU_PUB,Public educational institutions,ISCED11_34,Upper secondary general education,Y25T64,From 25 to 64 years,F,Female,SH,School head,,,O,Missing value,0,Units,MEAN,Arithmetic mean,_Z,Not applicable,2024,,_Z,Not applicable,2025,,2,Two
ESP,Spain,SAL_ACT_REL_TER,Actual salaries relative to earnings of tertiary-educated workers,FCTR_EARN_FT_TER,"Factor of earnings for full-time, full-year tertiary-educated workers",INST_EDU_PUB,Public educational institutions,ISCED11_24,Lower secondary general education,Y25T64,From 25 to 64 years,F,Female,SH,School head,,,O,Missing value,0,Units,MEAN,Arithmetic mean,_Z,Not applicable,2024,,_Z,Not applicable,2025,,2,Two
ESP,Spain,SAL_ACT_REL_TER,Actual salaries relative to earnings of tertiary-educated workers,FCTR_EARN_FT_TER,"Factor of earnings for full-time, full-year tertiary-educated workers",INST_EDU_PUB,Public educational institutions,ISCED11_1,Primary education,Y25T64,From 25 to 64 years,F,Female,SH,School head,,,O,Missing value,0,Units,MEAN,Arithmetic mean,_Z,Not applicable,2024,,_Z,Not applicable,2025,,2,Two
ESP,Spain,SAL_ACT_REL_TER,Actual salaries relative to earnings of tertiary-educated workers,FCTR_EARN_FT_TER,"Factor of earnings for full-time, full-year tertiary-educated workers",INST_EDU_PUB,Public educational institutions,ISCED11_02,Pre-primary education,Y25T64,From 25 to 64 years,F,Female,SH,School head,,,O,Missing value,0,Units,MEAN,Arithmetic mean,_Z,Not applicable,2024,,_Z,Not applicable,2025,,2,Two
ESP,Spain,SAL_ACT_REL_TER,Actual salaries relative to earnings of tertiary-educated workers,FCTR_EARN_FT_TER,"Factor of earnings for full-time, full-year tertiary-educated workers",INST_EDU_PUB,Public educational institutions,ISCED11_34,Upper secondary general education,Y25T64,From 25 to 64 years,F,Female,TE,Teacher,,,O,Missing value,0,Units,MEAN,Arithmetic mean,_Z,Not applicable,2024,,_Z,Not applicable,2025,,2,Two
ESP,Spain,SAL_ACT_REL_TER,Actual salaries relative to earnings of tertiary-educated workers,FCTR_EARN_FT_TER,"Factor of earnings for full-time, full-year tertiary-educated workers",INST_EDU_PUB,Public educational institutions,ISCED11_34,Upper secondary general education,Y25T64,From 25 to 64 years,F,Female,SH,School head,,,O,Missing value,0,Units,MEAN,Arithmetic mean,_Z,Not applicable,2024,,_Z,Not applicable,2025,,2,Two
ESP,Spain,SAL_ACT_REL_TER,Actual salaries relative to earnings of tertiary-educated workers,FCTR_EARN_FT_TER,"Factor of earnings for full-time, full-year tertiary-educated workers",INST_EDU_PUB,Public educational institutions,ISCED11_24,Lower secondary general education,Y25T64,From 25 to 64 years,F,Female,TE,Teacher,,,O,Missing value,0,Units,MEAN,Arithmetic mean,_Z,Not applicable,2024,,_Z,Not applicable,2025,,2,Two
ESP,Spain,SAL_ACT_REL_TER,Actual salaries relative to earnings of tertiary-educated workers,FCTR_EARN_FT_TER,"Factor of earnings for full-time, full-year tertiary-educated workers",INST_EDU_PUB,Public educational institutions,ISCED11_02,Pre-primary education,Y25T64,From 25 to 64 years,F,Female,TE,Teacher,,,O,Missing value,0,Units,MEAN,Arithmetic mean,_Z,Not applicable,2024,,_Z,Not applicable,2025,,2,Two
ESP,Spain,SAL_ACT_REL_TER,Actual salaries relative to earnings of tertiary-educated workers,FCTR_EARN_FT_TER,"Factor of earnings for full-time, full-year tertiary-educated workers",INST_EDU_PUB,Public educational institutions,ISCED11_1,Primary education,Y25T64,From 25 to 64 years,F,Female,TE,Teacher,,,O,Missing value,0,Units,MEAN,Arithmetic mean,_Z,Not applicable,2024,,_Z,Not applicable,2025,,2,Two
DEU,Germany,SAL_ACT_REL_TER,Actual salaries relative to earnings of tertiary-educated workers,FCTR_EARN_FT_TER,"Factor of earnings for full-time, full-year tertiary-educated workers",INST_EDU_PUB,Public educational institutions,ISCED11_1,Primary education,Y55T64,From 55 to 64 years,_T,Total,TE,Teacher,,,O,Missing value,0,Units,MEAN,Arithmetic mean,_Z,Not applicable,2024,,_Z,Not applicable,2025,,2,Two
DEU,Germany,SAL_ACT_REL_TER,Actual salaries relative to earnings of tertiary-educated workers,FCTR_EARN_FT_TER,"Factor of earnings for full-time, full-year tertiary-educated workers",INST_EDU_PUB,Public educational institutions,ISCED11_02,Pre-primary education,Y55T64,From 55 to 64 years,_T,Total,TE,Teacher,,,O,Missing value,0,Units,MEAN,Arithmetic mean,_Z,Not applicable,2024,,_Z,Not applicable,2025,,2,Two
DEU,Germany,SAL_ACT_REL_TER,Actual salaries relative to earnings of tertiary-educated workers,FCTR_EARN_FT_TER,"Factor of earnings for full-time, full-year tertiary-educated workers",INST_EDU_PUB,Public educational institutions,ISCED11_34,Upper secondary general education,Y55T64,From 55 to 64 years,_T,Total,TE,Teacher,,,O,Missing value,0,Units,MEAN,Arithmetic mean,_Z,Not applicable,2024,,_Z,Not applicable,2025,,2,Two
DEU,Germany,SAL_ACT_REL_TER,Actual salaries relative to earnings of tertiary-educated workers,FCTR_EARN_FT_TER,"Factor of earnings for full-time, full-year tertiary-educated workers",INST_EDU_PUB,Public educational institutions,ISCED11_1,Primary education,Y55T64,From 55 to 64 years,_T,Total,SH,School head,,,O,Missing value,0,Units,MEAN,Arithmetic mean,_Z,Not applicable,2024,,_Z,Not applicable,2025,,2,Two
DEU,Germany,SAL_ACT_REL_TER,Actual salaries relative to earnings of tertiary-educated workers,FCTR_EARN_FT_TER,"Factor of earnings for full-time, full-year tertiary-educated workers",INST_EDU_PUB,Public educational institutions,ISCED11_02,Pre-primary education,Y55T64,From 55 to 64 years,_T,Total,SH,School head,,,O,Missing value,0,Units,MEAN,Arithmetic mean,_Z,Not applicable,2024,,_Z,Not applicable,2025,,2,Two
DEU,Germany,SAL_ACT_REL_TER,Actual salaries relative to earnings of tertiary-educated workers,FCTR_EARN_FT_TER,"Factor of earnings for full-time, full-year tertiary-educated workers",INST_EDU_PUB,Public educational institutions,ISCED11_34,Upper secondary general education,Y55T64,From 55 to 64 years,_T,Total,SH,School head,,,O,Missing value,0,Units,MEAN,Arithmetic mean,_Z,Not applicable,2024,,_Z,Not applicable,2025,,2,Two
DEU,Germany,SAL_ACT_REL_TER,Actual salaries relative to earnings of tertiary-educated workers,FCTR_EARN_FT_TER,"Factor of earnings for full-time, full-year tertiary-educated workers",INST_EDU_PUB,Public educational institutions,ISCED11_24,Lower secondary general education,Y55T64,From 55 to 64 years,_T,Total,TE,Teacher,,,O,Missing value,0,Units,MEAN,Arithmetic mean,_Z,Not applicable,2024,,_Z,Not applicable,2025,,2,Two
DEU,Germany,SAL_ACT_REL_TER,Actual salaries relative to earnings of tertiary-educated workers,FCTR_EARN_FT_TER,"Factor of earnings for full-time, full-year tertiary-educated workers",INST_EDU_PUB,Public educational institutions,ISCED11_24,Lower secondary general education,Y55T64,From 55 to 64 years,_T,Total,SH,School head,,,O,Missing value,0,Units,MEAN,Arithmetic mean,_Z,Not applicable,2024,,_Z,Not applicable,2025,,2,Two
PRT,Portugal,SAL_ACT_REL_TER,Actual salaries relative to earnings of tertiary-educated workers,FCTR_EARN_FT_TER,"Factor of earnings for full-time, full-year tertiary-educated workers",INST_EDU_PUB,Public educational institutions,ISCED11_24,Lower secondary general education,Y55T64,From 55 to 64 years,_T,Total,SH,School head,,,O,Missing value,0,Units,MEAN,Arithmetic mean,_Z,Not applicable,2024,,_Z,Not applicable,2025,,2,Two
PRT,Portugal,SAL_ACT_REL_TER,Actual salaries relative to earnings of tertiary-educated workers,FCTR_EARN_FT_TER,"Factor of earnings for full-time, full-year tertiary-educated workers",INST_EDU_PUB,Public educational institutions,ISCED11_1,Primary education,Y55T64,From 55 to 64 years,_T,Total,SH,School head,,,O,Missing value,0,Units,MEAN,Arithmetic mean,_Z,Not applicable,2024,,_Z,Not applicable,2025,,2,Two
PRT,Portugal,SAL_ACT_REL_TER,Actual salaries relative to earnings of tertiary-educated workers,FCTR_EARN_FT_TER,"Factor of earnings for full-time, full-year tertiary-educated workers",INST_EDU_PUB,Public educational institutions,ISCED11_34,Upper secondary general education,Y55T64,From 55 to 64 years,_T,Total,SH,School head,,,O,Missing value,0,Units,MEAN,Arithmetic mean,_Z,Not applicable,2024,,_Z,Not applicable,2025,,2,Two
ESP,Spain,SAL_ACT_REL_TER,Actual salaries relative to earnings of tertiary-educated workers,FCTR_EARN_FT_TER,"Factor of earnings for full-time, full-year tertiary-educated workers",INST_EDU_PUB,Public educational institutions,ISCED11_24,Lower secondary general education,Y55T64,From 55 to 64 years,_T,Total,SH,School head,,,O,Missing value,0,Units,MEAN,Arithmetic mean,_Z,Not applicable,2024,,_Z,Not applicable,2025,,2,Two
ESP,Spain,SAL_ACT_REL_TER,Actual salaries relative to earnings of tertiary-educated workers,FCTR_EARN_FT_TER,"Factor of earnings for full-time, full-year tertiary-educated workers",INST_EDU_PUB,Public educational institutions,ISCED11_34,Upper secondary general education,Y55T64,From 55 to 64 years,_T,Total,TE,Teacher,,,O,Missing value,0,Units,MEAN,Arithmetic mean,_Z,Not applicable,2024,,_Z,Not applicable,2025,,2,Two
ESP,Spain,SAL_ACT_REL_TER,Actual salaries relative to earnings of tertiary-educated workers,FCTR_EARN_FT_TER,"Factor of earnings for full-time, full-year tertiary-educated workers",INST_EDU_PUB,Public educational institutions,ISCED11_1,Primary education,Y55T64,From 55 to 64 years,_T,Total,TE,Teacher,,,O,Missing value,0,Units,MEAN,Arithmetic mean,_Z,Not applicable,2024,,_Z,Not applicable,2025,,2,Two
ESP,Spain,SAL_ACT_REL_TER,Actual salaries relative to earnings of tertiary-educated workers,FCTR_EARN_FT_TER,"Factor of earnings for full-time, full-year tertiary-educated workers",INST_EDU_PUB,Public educational institutions,ISCED11_34,Upper secondary general education,Y55T64,From 55 to 64 years,_T,Total,SH,School head,,,O,Missing value,0,Units,MEAN,Arithmetic mean,_Z,Not applicable,2024,,_Z,Not applicable,2025,,2,Two
ESP,Spain,SAL_ACT_REL_TER,Actual salaries relative to earnings of tertiary-educated workers,FCTR_EARN_FT_TER,"Factor of earnings for full-time, full-year tertiary-educated workers",INST_EDU_PUB,Public educational institutions,ISCED11_1,Primary education,Y55T64,From 55 to 64 years,_T,Total,SH,School head,,,O,Missing value,0,Units,MEAN,Arithmetic mean,_Z,Not applicable,2024,,_Z,Not applicable,2025,,2,Two
ESP,Spain,SAL_ACT_REL_TER,Actual salaries relative to earnings of tertiary-educated workers,FCTR_EARN_FT_TER,"Factor of earnings for full-time, full-year tertiary-educated workers",INST_EDU_PUB,Public educational institutions,ISCED11_02,Pre-primary education,Y55T64,From 55 to 64 years,_T,Total,SH,School head,,,O,Missing value,0,Units,MEAN,Arithmetic mean,_Z,Not applicable,2024,,_Z,Not applicable,2025,,2,Two
ESP,Spain,SAL_ACT_REL_TER,Actual salaries relative to earnings of tertiary-educated workers,FCTR_EARN_FT_TER,"Factor of earnings for full-time, full-year tertiary-educated workers",INST_EDU_PUB,Public educational institutions,ISCED11_02,Pre-primary education,Y55T64,From 55 to 64 years,_T,Total,TE,Teacher,,,O,Missing value,0,Units,MEAN,Arithmetic mean,_Z,Not applicable,2024,,_Z,Not applicable,2025,,2,Two
ESP,Spain,SAL_ACT_REL_TER,Actual salaries relative to earnings of tertiary-educated workers,FCTR_EARN_FT_TER,"Factor of earnings for full-time, full-year tertiary-educated workers",INST_EDU_PUB,Public educational institutions,ISCED11_24,Lower secondary general education,Y55T64,From 55 to 64 years,_T,Total,TE,Teacher,,,O,Missing value,0,Units,MEAN,Arithmetic mean,_Z,Not applicable,2024,,_Z,Not applicable,2025,,2,Two
DEU,Germany,SAL_ACT_REL_TER,Actual salaries relative to earnings of tertiary-educated workers,FCTR_EARN_FT_TER,"Factor of earnings for full-time, full-year tertiary-educated workers",INST_EDU_PUB,Public educational institutions,ISCED11_02,Pre-primary education,Y25T64,From 25 to 64 years,_T,Total,TE,Teacher,,,O,Missing value,0,Units,MEAN,Arithmetic mean,_Z,Not applicable,2024,,_Z,Not applicable,2025,,2,Two
DEU,Germany,SAL_ACT_REL_TER,Actual salaries relative to earnings of tertiary-educated workers,FCTR_EARN_FT_TER,"Factor of earnings for full-time, full-year tertiary-educated workers",INST_EDU_PUB,Public educational institutions,ISCED11_34,Upper secondary general education,Y25T64,From 25 to 64 years,_T,Total,SH,School head,,,O,Missing value,0,Units,MEAN,Arithmetic mean,_Z,Not applicable,2024,,_Z,Not applicable,2025,,2,Two
DEU,Germany,SAL_ACT_REL_TER,Actual salaries relative to earnings of tertiary-educated workers,FCTR_EARN_FT_TER,"Factor of earnings for full-time, full-year tertiary-educated workers",INST_EDU_PUB,Public educational institutions,ISCED11_24,Lower secondary general education,Y25T64,From 25 to 64 years,_T,Total,SH,School head,,,O,Missing value,0,Units,MEAN,Arithmetic mean,_Z,Not applicable,2024,,_Z,Not applicable,2025,,2,Two
DEU,Germany,SAL_ACT_REL_TER,Actual salaries relative to earnings of tertiary-educated workers,FCTR_EARN_FT_TER,"Factor of earnings for full-time, full-year tertiary-educated workers",INST_EDU_PUB,Public educational institutions,ISCED11_02,Pre-primary education,Y25T64,From 25 to 64 years,_T,Total,SH,School head,,,O,Missing value,0,Units,MEAN,Arithmetic mean,_Z,Not applicable,2024,,_Z,Not applicable,2025,,2,Two
DEU,Germany,SAL_ACT_REL_TER,Actual salaries relative to earnings of tertiary-educated workers,FCTR_EARN_FT_TER,"Factor of earnings for full-time, full-year tertiary-educated workers",INST_EDU_PUB,Public educational institutions,ISCED11_1,Primary education,Y25T64,From 25 to 64 years,_T,Total,SH,School head,,,O,Missing value,0,Units,MEAN,Arithmetic mean,_Z,Not applicable,2024,,_Z,Not applicable,2025,,2,Two
ESP,Spain,SAL_ACT_REL_TER,Actual salaries relative to earnings of tertiary-educated workers,FCTR_EARN_FT_TER,"Factor of earnings for full-time, full-year tertiary-educated workers",INST_EDU_PUB,Public educational institutions,ISCED11_34,Upper secondary general education,Y25T64,From 25 to 64 years,_T,Total,TE,Teacher,,,O,Missing value,0,Units,MEAN,Arithmetic mean,_Z,Not applicable,2024,,_Z,Not applicable,2025,,2,Two
ESP,Spain,SAL_ACT_REL_TER,Actual salaries relative to earnings of tertiary-educated workers,FCTR_EARN_FT_TER,"Factor of earnings for full-time, full-year tertiary-educated workers",INST_EDU_PUB,Public educational institutions,ISCED11_34,Upper secondary general education,Y25T64,From 25 to 64 years,_T,Total,SH,School head,,,O,Missing value,0,Units,MEAN,Arithmetic mean,_Z,Not applicable,2024,,_Z,Not applicable,2025,,2,Two
ESP,Spain,SAL_ACT_REL_TER,Actual salaries relative to earnings of tertiary-educated workers,FCTR_EARN_FT_TER,"Factor of earnings for full-time, full-year tertiary-educated workers",INST_EDU_PUB,Public educational institutions,ISCED11_02,Pre-primary education,Y25T64,From 25 to 64 years,_T,Total,SH,School head,,,O,Missing value,0,Units,MEAN,Arithmetic mean,_Z,Not applicable,2024,,_Z,Not applicable,2025,,2,Two
ESP,Spain,SAL_ACT_REL_TER,Actual salaries relative to earnings of tertiary-educated workers,FCTR_EARN_FT_TER,"Factor of earnings for full-time, full-year tertiary-educated workers",INST_EDU_PUB,Public educational institutions,ISCED11_02,Pre-primary education,Y25T64,From 25 to 64 years,_T,Total,TE,Teacher,,,O,Missing value,0,Units,MEAN,Arithmetic mean,_Z,Not applicable,2024,,_Z,Not applicable,2025,,2,Two
ESP,Spain,SAL_ACT_REL_TER,Actual salaries relative to earnings of tertiary-educated workers,FCTR_EARN_FT_TER,"Factor of earnings for full-time, full-year tertiary-educated workers",INST_EDU_PUB,Public educational institutions,ISCED11_1,Primary education,Y25T64,From 25 to 64 years,_T,Total,TE,Teacher,,,O,Missing value,0,Units,MEAN,Arithmetic mean,_Z,Not applicable,2024,,_Z,Not applicable,2025,,2,Two
ESP,Spain,SAL_ACT_REL_TER,Actual salaries relative to earnings of tertiary-educated workers,FCTR_EARN_FT_TER,"Factor of earnings for full-time, full-year tertiary-educated workers",INST_EDU_PUB,Public educational institutions,ISCED11_24,Lower secondary general education,Y25T64,From 25 to 64 years,_T,Total,SH,School head,,,O,Missing value,0,Units,MEAN,Arithmetic mean,_Z,Not applicable,2024,,_Z,Not applicable,2025,,2,Two
ESP,Spain,SAL_ACT_REL_TER,Actual salaries relative to earnings of tertiary-educated workers,FCTR_EARN_FT_TER,"Factor of earnings for full-time, full-year tertiary-educated workers",INST_EDU_PUB,Public educational institutions,ISCED11_1,Primary education,Y25T64,From 25 to 64 years,_T,Total,SH,School head,,,O,Missing value,0,Units,MEAN,Arithmetic mean,_Z,Not applicable,2024,,_Z,Not applicable,2025,,2,Two
ESP,Spain,SAL_ACT_REL_TER,Actual salaries relative to earnings of tertiary-educated workers,FCTR_EARN_FT_TER,"Factor of earnings for full-time, full-year tertiary-educated workers",INST_EDU_PUB,Public educational institutions,ISCED11_24,Lower secondary general education,Y25T64,From 25 to 64 years,_T,Total,TE,Teacher,,,O,Missing value,0,Units,MEAN,Arithmetic mean,_Z,Not applicable,2024,,_Z,Not applicable,2025,,2,Two
DEU,Germany,SAL_ACT_REL_TER,Actual salaries relative to earnings of tertiary-educated workers,FCTR_EARN_FT_TER,"Factor of earnings for full-time, full-year tertiary-educated workers",INST_EDU_PUB,Public educational institutions,ISCED11_02,Pre-primary education,Y45T54,From 45 to 54 years,_T,Total,SH,School head,,,O,Missing value,0,Units,MEAN,Arithmetic mean,_Z,Not applicable,2024,,_Z,Not applicable,2025,,2,Two
DEU,Germany,SAL_ACT_REL_TER,Actual salaries relative to earnings of tertiary-educated workers,FCTR_EARN_FT_TER,"Factor of earnings for full-time, full-year tertiary-educated workers",INST_EDU_PUB,Public educational institutions,ISCED11_34,Upper secondary general education,Y45T54,From 45 to 54 years,_T,Total,SH,School head,,,O,Missing value,0,Units,MEAN,Arithmetic mean,_Z,Not applicable,2024,,_Z,Not applicable,2025,,2,Two
DEU,Germany,SAL_ACT_REL_TER,Actual salaries relative to earnings of tertiary-educated workers,FCTR_EARN_FT_TER,"Factor of earnings for full-time, full-year tertiary-educated workers",INST_EDU_PUB,Public educational institutions,ISCED11_24,Lower secondary general education,Y45T54,From 45 to 54 years,_T,Total,TE,Teacher,,,O,Missing value,0,Units,MEAN,Arithmetic mean,_Z,Not applicable,2024,,_Z,Not applicable,2025,,2,Two
DEU,Germany,SAL_ACT_REL_TER,Actual salaries relative to earnings of tertiary-educated workers,FCTR_EARN_FT_TER,"Factor of earnings for full-time, full-year tertiary-educated workers",INST_EDU_PUB,Public educational institutions,ISCED11_1,Primary education,Y45T54,From 45 to 54 years,_T,Total,SH,School head,,,O,Missing value,0,Units,MEAN,Arithmetic mean,_Z,Not applicable,2024,,_Z,Not applicable,2025,,2,Two
DEU,Germany,SAL_ACT_REL_TER,Actual salaries relative to earnings of tertiary-educated workers,FCTR_EARN_FT_TER,"Factor of earnings for full-time, full-year tertiary-educated workers",INST_EDU_PUB,Public educational institutions,ISCED11_24,Lower secondary general education,Y45T54,From 45 to 54 years,_T,Total,SH,School head,,,O,Missing value,0,Units,MEAN,Arithmetic mean,_Z,Not applicable,2024,,_Z,Not applicable,2025,,2,Two
DEU,Germany,SAL_ACT_REL_TER,Actual salaries relative to earnings of tertiary-educated workers,FCTR_EARN_FT_TER,"Factor of earnings for full-time, full-year tertiary-educated workers",INST_EDU_PUB,Public educational institutions,ISCED11_34,Upper secondary general education,Y45T54,From 45 to 54 years,_T,Total,TE,Teacher,,,O,Missing value,0,Units,MEAN,Arithmetic mean,_Z,Not applicable,2024,,_Z,Not applicable,2025,,2,Two
DEU,Germany,SAL_ACT_REL_TER,Actual salaries relative to earnings of tertiary-educated workers,FCTR_EARN_FT_TER,"Factor of earnings for full-time, full-year tertiary-educated workers",INST_EDU_PUB,Public educational institutions,ISCED11_02,Pre-primary education,Y45T54,From 45 to 54 years,_T,Total,TE,Teacher,,,O,Missing value,0,Units,MEAN,Arithmetic mean,_Z,Not applicable,2024,,_Z,Not applicable,2025,,2,Two
DEU,Germany,SAL_ACT_REL_TER,Actual salaries relative to earnings of tertiary-educated workers,FCTR_EARN_FT_TER,"Factor of earnings for full-time, full-year tertiary-educated workers",INST_EDU_PUB,Public educational institutions,ISCED11_1,Primary education,Y45T54,From 45 to 54 years,_T,Total,TE,Teacher,,,O,Missing value,0,Units,MEAN,Arithmetic mean,_Z,Not applicable,2024,,_Z,Not applicable,2025,,2,Two
PRT,Portugal,SAL_ACT_REL_TER,Actual salaries relative to earnings of tertiary-educated workers,FCTR_EARN_FT_TER,"Factor of earnings for full-time, full-year tertiary-educated workers",INST_EDU_PUB,Public educational institutions,ISCED11_34,Upper secondary general education,Y45T54,From 45 to 54 years,_T,Total,SH,School head,,,O,Missing value,0,Units,MEAN,Arithmetic mean,_Z,Not applicable,2024,,_Z,Not applicable,2025,,2,Two
PRT,Portugal,SAL_ACT_REL_TER,Actual salaries relative to earnings of tertiary-educated workers,FCTR_EARN_FT_TER,"Factor of earnings for full-time, full-year tertiary-educated workers",INST_EDU_PUB,Public educational institutions,ISCED11_1,Primary education,Y45T54,From 45 to 54 years,_T,Total,SH,School head,,,O,Missing value,0,Units,MEAN,Arithmetic mean,_Z,Not applicable,2024,,_Z,Not applicable,2025,,2,Two
PRT,Portugal,SAL_ACT_REL_TER,Actual salaries relative to earnings of tertiary-educated workers,FCTR_EARN_FT_TER,"Factor of earnings for full-time, full-year tertiary-educated workers",INST_EDU_PUB,Public educational institutions,ISCED11_24,Lower secondary general education,Y45T54,From 45 to 54 years,_T,Total,SH,School head,,,O,Missing value,0,Units,MEAN,Arithmetic mean,_Z,Not applicable,2024,,_Z,Not applicable,2025,,2,Two
ESP,Spain,SAL_ACT_REL_TER,Actual salaries relative to earnings of tertiary-educated workers,FCTR_EARN_FT_TER,"Factor of earnings for full-time, full-year tertiary-educated workers",INST_EDU_PUB,Public educational institutions,ISCED11_02,Pre-primary education,Y45T54,From 45 to 54 years,_T,Total,SH,School head,,,O,Missing value,0,Units,MEAN,Arithmetic mean,_Z,Not applicable,2024,,_Z,Not applicable,2025,,2,Two
ESP,Spain,SAL_ACT_REL_TER,Actual salaries relative to earnings of tertiary-educated workers,FCTR_EARN_FT_TER,"Factor of earnings for full-time, full-year tertiary-educated workers",INST_EDU_PUB,Public educational institutions,ISCED11_1,Primary education,Y45T54,From 45 to 54 years,_T,Total,SH,School head,,,O,Missing value,0,Units,MEAN,Arithmetic mean,_Z,Not applicable,2024,,_Z,Not applicable,2025,,2,Two
ESP,Spain,SAL_ACT_REL_TER,Actual salaries relative to earnings of tertiary-educated workers,FCTR_EARN_FT_TER,"Factor of earnings for full-time, full-year tertiary-educated workers",INST_EDU_PUB,Public educational institutions,ISCED11_34,Upper secondary general education,Y45T54,From 45 to 54 years,_T,Total,SH,School head,,,O,Missing value,0,Units,MEAN,Arithmetic mean,_Z,Not applicable,2024,,_Z,Not applicable,2025,,2,Two
ESP,Spain,SAL_ACT_REL_TER,Actual salaries relative to earnings of tertiary-educated workers,FCTR_EARN_FT_TER,"Factor of earnings for full-time, full-year tertiary-educated workers",INST_EDU_PUB,Public educational institutions,ISCED11_02,Pre-primary education,Y45T54,From 45 to 54 years,_T,Total,TE,Teacher,,,O,Missing value,0,Units,MEAN,Arithmetic mean,_Z,Not applicable,2024,,_Z,Not applicable,2025,,2,Two
ESP,Spain,SAL_ACT_REL_TER,Actual salaries relative to earnings of tertiary-educated workers,FCTR_EARN_FT_TER,"Factor of earnings for full-time, full-year tertiary-educated workers",INST_EDU_PUB,Public educational institutions,ISCED11_24,Lower secondary general education,Y45T54,From 45 to 54 years,_T,Total,TE,Teacher,,,O,Missing value,0,Units,MEAN,Arithmetic mean,_Z,Not applicable,2024,,_Z,Not applicable,2025,,2,Two
ESP,Spain,SAL_ACT_REL_TER,Actual salaries relative to earnings of tertiary-educated workers,FCTR_EARN_FT_TER,"Factor of earnings for full-time, full-year tertiary-educated workers",INST_EDU_PUB,Public educational institutions,ISCED11_1,Primary education,Y45T54,From 45 to 54 years,_T,Total,TE,Teacher,,,O,Missing value,0,Units,MEAN,Arithmetic mean,_Z,Not applicable,2024,,_Z,Not applicable,2025,,2,Two
ESP,Spain,SAL_ACT_REL_TER,Actual salaries relative to earnings of tertiary-educated workers,FCTR_EARN_FT_TER,"Factor of earnings for full-time, full-year tertiary-educated workers",INST_EDU_PUB,Public educational institutions,ISCED11_24,Lower secondary general education,Y45T54,From 45 to 54 years,_T,Total,SH,School head,,,O,Missing value,0,Units,MEAN,Arithmetic mean,_Z,Not applicable,2024,,_Z,Not applicable,2025,,2,Two
ESP,Spain,SAL_ACT_REL_TER,Actual salaries relative to earnings of tertiary-educated workers,FCTR_EARN_FT_TER,"Factor of earnings for full-time, full-year tertiary-educated workers",INST_EDU_PUB,Public educational institutions,ISCED11_34,Upper secondary general education,Y45T54,From 45 to 54 years,_T,Total,TE,Teacher,,,O,Missing value,0,Units,MEAN,Arithmetic mean,_Z,Not applicable,2024,,_Z,Not applicable,2025,,2,Two
DEU,Germany,SAL_ACT_REL_TER,Actual salaries relative to earnings of tertiary-educated workers,FCTR_EARN_FT_TER,"Factor of earnings for full-time, full-year tertiary-educated workers",INST_EDU_PUB,Public educational institutions,ISCED11_34,Upper secondary general education,Y35T44,From 35 to 44 years,_T,Total,TE,Teacher,,,O,Missing value,0,Units,MEAN,Arithmetic mean,_Z,Not applicable,2024,,_Z,Not applicable,2025,,2,Two
DEU,Germany,SAL_ACT_REL_TER,Actual salaries relative to earnings of tertiary-educated workers,FCTR_EARN_FT_TER,"Factor of earnings for full-time, full-year tertiary-educated workers",INST_EDU_PUB,Public educational institutions,ISCED11_24,Lower secondary general education,Y35T44,From 35 to 44 years,_T,Total,SH,School head,,,O,Missing value,0,Units,MEAN,Arithmetic mean,_Z,Not applicable,2024,,_Z,Not applicable,2025,,2,Two
DEU,Germany,SAL_ACT_REL_TER,Actual salaries relative to earnings of tertiary-educated workers,FCTR_EARN_FT_TER,"Factor of earnings for full-time, full-year tertiary-educated workers",INST_EDU_PUB,Public educational institutions,ISCED11_24,Lower secondary general education,Y35T44,From 35 to 44 years,_T,Total,TE,Teacher,,,O,Missing value,0,Units,MEAN,Arithmetic mean,_Z,Not applicable,2024,,_Z,Not applicable,2025,,2,Two
DEU,Germany,SAL_ACT_REL_TER,Actual salaries relative to earnings of tertiary-educated workers,FCTR_EARN_FT_TER,"Factor of earnings for full-time, full-year tertiary-educated workers",INST_EDU_PUB,Public educational institutions,ISCED11_02,Pre-primary education,Y35T44,From 35 to 44 years,_T,Total,TE,Teacher,,,O,Missing value,0,Units,MEAN,Arithmetic mean,_Z,Not applicable,2024,,_Z,Not applicable,2025,,2,Two
DEU,Germany,SAL_ACT_REL_TER,Actual salaries relative to earnings of tertiary-educated workers,FCTR_EARN_FT_TER,"Factor of earnings for full-time, full-year tertiary-educated workers",INST_EDU_PUB,Public educational institutions,ISCED11_02,Pre-primary education,Y35T44,From 35 to 44 years,_T,Total,SH,School head,,,O,Missing value,0,Units,MEAN,Arithmetic mean,_Z,Not applicable,2024,,_Z,Not applicable,2025,,2,Two
DEU,Germany,SAL_ACT_REL_TER,Actual salaries relative to earnings of tertiary-educated workers,FCTR_EARN_FT_TER,"Factor of earnings for full-time, full-year tertiary-educated workers",INST_EDU_PUB,Public educational institutions,ISCED11_1,Primary education,Y35T44,From 35 to 44 years,_T,Total,SH,School head,,,O,Missing value,0,Units,MEAN,Arithmetic mean,_Z,Not applicable,2024,,_Z,Not applicable,2025,,2,Two
DEU,Germany,SAL_ACT_REL_TER,Actual salaries relative to earnings of tertiary-educated workers,FCTR_EARN_FT_TER,"Factor of earnings for full-time, full-year tertiary-educated workers",INST_EDU_PUB,Public educational institutions,ISCED11_34,Upper secondary general education,Y35T44,From 35 to 44 years,_T,Total,SH,School head,,,O,Missing value,0,Units,MEAN,Arithmetic mean,_Z,Not applicable,2024,,_Z,Not applicable,2025,,2,Two
DEU,Germany,SAL_ACT_REL_TER,Actual salaries relative to earnings of tertiary-educated workers,FCTR_EARN_FT_TER,"Factor of earnings for full-time, full-year tertiary-educated workers",INST_EDU_PUB,Public educational institutions,ISCED11_1,Primary education,Y35T44,From 35 to 44 years,_T,Total,TE,Teacher,,,O,Missing value,0,Units,MEAN,Arithmetic mean,_Z,Not applicable,2024,,_Z,Not applicable,2025,,2,Two
PRT,Portugal,SAL_ACT_REL_TER,Actual salaries relative to earnings of tertiary-educated workers,FCTR_EARN_FT_TER,"Factor of earnings for full-time, full-year tertiary-educated workers",INST_EDU_PUB,Public educational institutions,ISCED11_24,Lower secondary general education,Y35T44,From 35 to 44 years,_T,Total,SH,School head,,,O,Missing value,0,Units,MEAN,Arithmetic mean,_Z,Not applicable,2024,,_Z,Not applicable,2025,,2,Two
PRT,Portugal,SAL_ACT_REL_TER,Actual salaries relative to earnings of tertiary-educated workers,FCTR_EARN_FT_TER,"Factor of earnings for full-time, full-year tertiary-educated workers",INST_EDU_PUB,Public educational institutions,ISCED11_34,Upper secondary general education,Y35T44,From 35 to 44 years,_T,Total,SH,School head,,,O,Missing value,0,Units,MEAN,Arithmetic mean,_Z,Not applicable,2024,,_Z,Not applicable,2025,,2,Two
PRT,Portugal,SAL_ACT_REL_TER,Actual salaries relative to earnings of tertiary-educated workers,FCTR_EARN_FT_TER,"Factor of earnings for full-time, full-year tertiary-educated workers",INST_EDU_PUB,Public educational institutions,ISCED11_1,Primary education,Y35T44,From 35 to 44 years,_T,Total,SH,School head,,,O,Missing value,0,Units,MEAN,Arithmetic mean,_Z,Not applicable,2024,,_Z,Not applicable,2025,,2,Two
ESP,Spain,SAL_ACT_REL_TER,Actual salaries relative to earnings of tertiary-educated workers,FCTR_EARN_FT_TER,"Factor of earnings for full-time, full-year tertiary-educated workers",INST_EDU_PUB,Public educational institutions,ISCED11_34,Upper secondary general education,Y35T44,From 35 to 44 years,_T,Total,SH,School head,,,O,Missing value,0,Units,MEAN,Arithmetic mean,_Z,Not applicable,2024,,_Z,Not applicable,2025,,2,Two
ESP,Spain,SAL_ACT_REL_TER,Actual salaries relative to earnings of tertiary-educated workers,FCTR_EARN_FT_TER,"Factor of earnings for full-time, full-year tertiary-educated workers",INST_EDU_PUB,Public educational institutions,ISCED11_24,Lower secondary general education,Y35T44,From 35 to 44 years,_T,Total,SH,School head,,,O,Missing value,0,Units,MEAN,Arithmetic mean,_Z,Not applicable,2024,,_Z,Not applicable,2025,,2,Two
ESP,Spain,SAL_ACT_REL_TER,Actual salaries relative to earnings of tertiary-educated workers,FCTR_EARN_FT_TER,"Factor of earnings for full-time, full-year tertiary-educated workers",INST_EDU_PUB,Public educational institutions,ISCED11_34,Upper secondary general education,Y35T44,From 35 to 44 years,_T,Total,TE,Teacher,,,O,Missing value,0,Units,MEAN,Arithmetic mean,_Z,Not applicable,2024,,_Z,Not applicable,2025,,2,Two
ESP,Spain,SAL_ACT_REL_TER,Actual salaries relative to earnings of tertiary-educated workers,FCTR_EARN_FT_TER,"Factor of earnings for full-time, full-year tertiary-educated workers",INST_EDU_PUB,Public educational institutions,ISCED11_1,Primary education,Y35T44,From 35 to 44 years,_T,Total,SH,School head,,,O,Missing value,0,Units,MEAN,Arithmetic mean,_Z,Not applicable,2024,,_Z,Not applicable,2025,,2,Two
ESP,Spain,SAL_ACT_REL_TER,Actual salaries relative to earnings of tertiary-educated workers,FCTR_EARN_FT_TER,"Factor of earnings for full-time, full-year tertiary-educated workers",INST_EDU_PUB,Public educational institutions,ISCED11_02,Pre-primary education,Y35T44,From 35 to 44 years,_T,Total,SH,School head,,,O,Missing value,0,Units,MEAN,Arithmetic mean,_Z,Not applicable,2024,,_Z,Not applicable,2025,,2,Two
ESP,Spain,SAL_ACT_REL_TER,Actual salaries relative to earnings of tertiary-educated workers,FCTR_EARN_FT_TER,"Factor of earnings for full-time, full-year tertiary-educated workers",INST_EDU_PUB,Public educational institutions,ISCED11_24,Lower secondary general education,Y35T44,From 35 to 44 years,_T,Total,TE,Teacher,,,O,Missing value,0,Units,MEAN,Arithmetic mean,_Z,Not applicable,2024,,_Z,Not applicable,2025,,2,Two
ESP,Spain,SAL_ACT_REL_TER,Actual salaries relative to earnings of tertiary-educated workers,FCTR_EARN_FT_TER,"Factor of earnings for full-time, full-year tertiary-educated workers",INST_EDU_PUB,Public educational institutions,ISCED11_1,Primary education,Y35T44,From 35 to 44 years,_T,Total,TE,Teacher,,,O,Missing value,0,Units,MEAN,Arithmetic mean,_Z,Not applicable,2024,,_Z,Not applicable,2025,,2,Two
ESP,Spain,SAL_ACT_REL_TER,Actual salaries relative to earnings of tertiary-educated workers,FCTR_EARN_FT_TER,"Factor of earnings for full-time, full-year tertiary-educated workers",INST_EDU_PUB,Public educational institutions,ISCED11_02,Pre-primary education,Y35T44,From 35 to 44 years,_T,Total,TE,Teacher,,,O,Missing value,0,Units,MEAN,Arithmetic mean,_Z,Not applicable,2024,,_Z,Not applicable,2025,,2,Two
DEU,Germany,SAL_ACT_REL_TER,Actual salaries relative to earnings of tertiary-educated workers,FCTR_EARN_FT_TER,"Factor of earnings for full-time, full-year tertiary-educated workers",INST_EDU_PUB,Public educational institutions,ISCED11_1,Primary education,Y25T34,From 25 to 34 years,_T,Total,TE,Teacher,,,O,Missing value,0,Units,MEAN,Arithmetic mean,_Z,Not applicable,2024,,_Z,Not applicable,2025,,2,Two
DEU,Germany,SAL_ACT_REL_TER,Actual salaries relative to earnings of tertiary-educated workers,FCTR_EARN_FT_TER,"Factor of earnings for full-time, full-year tertiary-educated workers",INST_EDU_PUB,Public educational institutions,ISCED11_24,Lower secondary general education,Y25T34,From 25 to 34 years,_T,Total,SH,School head,,,O,Missing value,0,Units,MEAN,Arithmetic mean,_Z,Not applicable,2024,,_Z,Not applicable,2025,,2,Two
DEU,Germany,SAL_ACT_REL_TER,Actual salaries relative to earnings of tertiary-educated workers,FCTR_EARN_FT_TER,"Factor of earnings for full-time, full-year tertiary-educated workers",INST_EDU_PUB,Public educational institutions,ISCED11_02,Pre-primary education,Y25T34,From 25 to 34 years,_T,Total,SH,School head,,,O,Missing value,0,Units,MEAN,Arithmetic mean,_Z,Not applicable,2024,,_Z,Not applicable,2025,,2,Two
DEU,Germany,SAL_ACT_REL_TER,Actual salaries relative to earnings of tertiary-educated workers,FCTR_EARN_FT_TER,"Factor of earnings for full-time, full-year tertiary-educated workers",INST_EDU_PUB,Public educational institutions,ISCED11_34,Upper secondary general education,Y25T34,From 25 to 34 years,_T,Total,TE,Teacher,,,O,Missing value,0,Units,MEAN,Arithmetic mean,_Z,Not applicable,2024,,_Z,Not applicable,2025,,2,Two
DEU,Germany,SAL_ACT_REL_TER,Actual salaries relative to earnings of tertiary-educated workers,FCTR_EARN_FT_TER,"Factor of earnings for full-time, full-year tertiary-educated workers",INST_EDU_PUB,Public educational institutions,ISCED11_24,Lower secondary general education,Y25T34,From 25 to 34 years,_T,Total,TE,Teacher,,,O,Missing value,0,Units,MEAN,Arithmetic mean,_Z,Not applicable,2024,,_Z,Not applicable,2025,,2,Two
DEU,Germany,SAL_ACT_REL_TER,Actual salaries relative to earnings of tertiary-educated workers,FCTR_EARN_FT_TER,"Factor of earnings for full-time, full-year tertiary-educated workers",INST_EDU_PUB,Public educational institutions,ISCED11_02,Pre-primary education,Y25T34,From 25 to 34 years,_T,Total,TE,Teacher,,,O,Missing value,0,Units,MEAN,Arithmetic mean,_Z,Not applicable,2024,,_Z,Not applicable,2025,,2,Two
DEU,Germany,SAL_ACT_REL_TER,Actual salaries relative to earnings of tertiary-educated workers,FCTR_EARN_FT_TER,"Factor of earnings for full-time, full-year tertiary-educated workers",INST_EDU_PUB,Public educational institutions,ISCED11_34,Upper secondary general education,Y25T34,From 25 to 34 years,_T,Total,SH,School head,,,O,Missing value,0,Units,MEAN,Arithmetic mean,_Z,Not applicable,2024,,_Z,Not applicable,2025,,2,Two
DEU,Germany,SAL_ACT_REL_TER,Actual salaries relative to earnings of tertiary-educated workers,FCTR_EARN_FT_TER,"Factor of earnings for full-time, full-year tertiary-educated workers",INST_EDU_PUB,Public educational institutions,ISCED11_1,Primary education,Y25T34,From 25 to 34 years,_T,Total,SH,School head,,,O,Missing value,0,Units,MEAN,Arithmetic mean,_Z,Not applicable,2024,,_Z,Not applicable,2025,,2,Two
PRT,Portugal,SAL_ACT_REL_TER,Actual salaries relative to earnings of tertiary-educated workers,FCTR_EARN_FT_TER,"Factor of earnings for full-time, full-year tertiary-educated workers",INST_EDU_PUB,Public educational institutions,ISCED11_02,Pre-primary education,Y25T34,From 25 to 34 years,_T,Total,SH,School head,,,O,Missing value,0,Units,MEAN,Arithmetic mean,_Z,Not applicable,2024,,_Z,Not applicable,2025,,2,Two
PRT,Portugal,SAL_ACT_REL_TER,Actual salaries relative to earnings of tertiary-educated workers,FCTR_EARN_FT_TER,"Factor of earnings for full-time, full-year tertiary-educated workers",INST_EDU_PUB,Public educational institutions,ISCED11_1,Primary education,Y25T34,From 25 to 34 years,_T,Total,SH,School head,,,O,Missing value,0,Units,MEAN,Arithmetic mean,_Z,Not applicable,2024,,_Z,Not applicable,2025,,2,Two
PRT,Portugal,SAL_ACT_REL_TER,Actual salaries relative to earnings of tertiary-educated workers,FCTR_EARN_FT_TER,"Factor of earnings for full-time, full-year tertiary-educated workers",INST_EDU_PUB,Public educational institutions,ISCED11_34,Upper secondary general education,Y25T34,From 25 to 34 years,_T,Total,SH,School head,,,O,Missing value,0,Units,MEAN,Arithmetic mean,_Z,Not applicable,2024,,_Z,Not applicable,2025,,2,Two
PRT,Portugal,SAL_ACT_REL_TER,Actual salaries relative to earnings of tertiary-educated workers,FCTR_EARN_FT_TER,"Factor of earnings for full-time, full-year tertiary-educated workers",INST_EDU_PUB,Public educational institutions,ISCED11_24,Lower secondary general education,Y25T34,From 25 to 34 years,_T,Total,SH,School head,,,O,Missing value,0,Units,MEAN,Arithmetic mean,_Z,Not applicable,2024,,_Z,Not applicable,2025,,2,Two
ESP,Spain,SAL_ACT_REL_TER,Actual salaries relative to earnings of tertiary-educated workers,FCTR_EARN_FT_TER,"Factor of earnings for full-time, full-year tertiary-educated workers",INST_EDU_PUB,Public educational institutions,ISCED11_1,Primary education,Y25T34,From 25 to 34 years,_T,Total,TE,Teacher,,,O,Missing value,0,Units,MEAN,Arithmetic mean,_Z,Not applicable,2024,,_Z,Not applicable,2025,,2,Two
ESP,Spain,SAL_ACT_REL_TER,Actual salaries relative to earnings of tertiary-educated workers,FCTR_EARN_FT_TER,"Factor of earnings for full-time, full-year tertiary-educated workers",INST_EDU_PUB,Public educational institutions,ISCED11_24,Lower secondary general education,Y25T34,From 25 to 34 years,_T,Total,TE,Teacher,,,O,Missing value,0,Units,MEAN,Arithmetic mean,_Z,Not applicable,2024,,_Z,Not applicable,2025,,2,Two
ESP,Spain,SAL_ACT_REL_TER,Actual salaries relative to earnings of tertiary-educated workers,FCTR_EARN_FT_TER,"Factor of earnings for full-time, full-year tertiary-educated workers",INST_EDU_PUB,Public educational institutions,ISCED11_34,Upper secondary general education,Y25T34,From 25 to 34 years,_T,Total,SH,School head,,,O,Missing value,0,Units,MEAN,Arithmetic mean,_Z,Not applicable,2024,,_Z,Not applicable,2025,,2,Two
ESP,Spain,SAL_ACT_REL_TER,Actual salaries relative to earnings of tertiary-educated workers,FCTR_EARN_FT_TER,"Factor of earnings for full-time, full-year tertiary-educated workers",INST_EDU_PUB,Public educational institutions,ISCED11_1,Primary education,Y25T34,From 25 to 34 years,_T,Total,SH,School head,,,O,Missing value,0,Units,MEAN,Arithmetic mean,_Z,Not applicable,2024,,_Z,Not applicable,2025,,2,Two
ESP,Spain,SAL_ACT_REL_TER,Actual salaries relative to earnings of tertiary-educated workers,FCTR_EARN_FT_TER,"Factor of earnings for full-time, full-year tertiary-educated workers",INST_EDU_PUB,Public educational institutions,ISCED11_02,Pre-primary education,Y25T34,From 25 to 34 years,_T,Total,TE,Teacher,,,O,Missing value,0,Units,MEAN,Arithmetic mean,_Z,Not applicable,2024,,_Z,Not applicable,2025,,2,Two
ESP,Spain,SAL_ACT_REL_TER,Actual salaries relative to earnings of tertiary-educated workers,FCTR_EARN_FT_TER,"Factor of earnings for full-time, full-year tertiary-educated workers",INST_EDU_PUB,Public educational institutions,ISCED11_34,Upper secondary general education,Y25T34,From 25 to 34 years,_T,Total,TE,Teacher,,,O,Missing value,0,Units,MEAN,Arithmetic mean,_Z,Not applicable,2024,,_Z,Not applicable,2025,,2,Two
ESP,Spain,SAL_ACT_REL_TER,Actual salaries relative to earnings of tertiary-educated workers,FCTR_EARN_FT_TER,"Factor of earnings for full-time, full-year tertiary-educated workers",INST_EDU_PUB,Public educational institutions,ISCED11_02,Pre-primary education,Y25T34,From 25 to 34 years,_T,Total,SH,School head,,,O,Missing value,0,Units,MEAN,Arithmetic mean,_Z,Not applicable,2024,,_Z,Not applicable,2025,,2,Two
ESP,Spain,SAL_ACT_REL_TER,Actual salaries relative to earnings of tertiary-educated workers,FCTR_EARN_FT_TER,"Factor of earnings for full-time, full-year tertiary-educated workers",INST_EDU_PUB,Public educational institutions,ISCED11_24,Lower secondary general education,Y25T34,From 25 to 34 years,_T,Total,SH,School head,,,O,Missing value,0,Units,MEAN,Arithmetic mean,_Z,Not applicable,2024,,_Z,Not applicable,2025,,2,Two
SWE,Sweden,SAL_ACT_REL_TER,Actual salaries relative to earnings of tertiary-educated workers,FCTR_EARN_FT_TER,"Factor of earnings for full-time, full-year tertiary-educated workers",INST_EDU_PUB,Public educational institutions,ISCED11_34,Upper secondary general education,Y25T34,From 25 to 34 years,_T,Total,SH,School head,,,O,Missing value,0,Units,MEAN,Arithmetic mean,_Z,Not applicable,2024,,_Z,Not applicable,2025,,2,Two
FIN,Finland,SAL_ACT,Actual salaries,XDC,National currency,INST_EDU_PUB,Public educational institutions,ISCED11_34,Upper secondary general education,Y35T44,From 35 to 44 years,_T,Total,SH,School head,,,O,Missing value,0,Units,MEAN,Arithmetic mean,V,Current prices,,,EUR,Euro,2025,,2,Two
FIN,Finland,SAL_ACT,Actual salaries,XDC,National currency,INST_EDU_PUB,Public educational institutions,ISCED11_34,Upper secondary general education,Y25T34,From 25 to 34 years,_T,Total,SH,School head,,,O,Missing value,0,Units,MEAN,Arithmetic mean,V,Current prices,,,EUR,Euro,2025,,2,Two
FIN,Finland,SAL_ACT,Actual salaries,XDC,National currency,INST_EDU_PUB,Public educational institutions,ISCED11_24,Lower secondary general education,Y25T34,From 25 to 34 years,_T,Total,SH,School head,,,O,Missing value,0,Units,MEAN,Arithmetic mean,V,Current prices,,,EUR,Euro,2025,,2,Two
FIN,Finland,SAL_ACT,Actual salaries,XDC,National currency,INST_EDU_PUB,Public educational institutions,ISCED11_1,Primary education,Y25T34,From 25 to 34 years,_T,Total,SH,School head,,,O,Missing value,0,Units,MEAN,Arithmetic mean,V,Current prices,,,EUR,Euro,2025,,2,Two
DEU,Germany,SAL_ACT,Actual salaries,XDC,National currency,INST_EDU_PUB,Public educational institutions,ISCED11_24,Lower secondary general education,Y25T34,From 25 to 34 years,_T,Total,TE,Teacher,,,O,Missing value,0,Units,MEAN,Arithmetic mean,V,Current prices,,,EUR,Euro,2025,,2,Two
DEU,Germany,SAL_ACT,Actual salaries,XDC,National currency,INST_EDU_PUB,Public educational institutions,ISCED11_1,Primary education,Y55T64,From 55 to 64 years,_T,Total,TE,Teacher,,,O,Missing value,0,Units,MEAN,Arithmetic mean,V,Current prices,,,EUR,Euro,2025,,2,Two
DEU,Germany,SAL_ACT,Actual salaries,XDC,National currency,INST_EDU_PUB,Public educational institutions,ISCED11_24,Lower secondary general education,Y55T64,From 55 to 64 years,_T,Total,SH,School head,,,O,Missing value,0,Units,MEAN,Arithmetic mean,V,Current prices,,,EUR,Euro,2025,,2,Two
DEU,Germany,SAL_ACT,Actual salaries,XDC,National currency,INST_EDU_PUB,Public educational institutions,ISCED11_1,Primary education,Y25T34,From 25 to 34 years,_T,Total,TE,Teacher,,,O,Missing value,0,Units,MEAN,Arithmetic mean,V,Current prices,,,EUR,Euro,2025,,2,Two
DEU,Germany,SAL_ACT,Actual salaries,XDC,National currency,INST_EDU_PUB,Public educational institutions,ISCED11_34,Upper secondary general education,Y55T64,From 55 to 64 years,_T,Total,TE,Teacher,,,O,Missing value,0,Units,MEAN,Arithmetic mean,V,Current prices,,,EUR,Euro,2025,,2,Two
DEU,Germany,SAL_ACT,Actual salaries,XDC,National currency,INST_EDU_PUB,Public educational institutions,ISCED11_02,Pre-primary education,Y25T64,From 25 to 64 years,_T,Total,TE,Teacher,,,O,Missing value,0,Units,MEAN,Arithmetic mean,V,Current prices,,,EUR,Euro,2025,,2,Two
DEU,Germany,SAL_ACT,Actual salaries,XDC,National currency,INST_EDU_PUB,Public educational institutions,ISCED11_1,Primary education,Y35T44,From 35 to 44 years,_T,Total,SH,School head,,,O,Missing value,0,Units,MEAN,Arithmetic mean,V,Current prices,,,EUR,Euro,2025,,2,Two
DEU,Germany,SAL_ACT,Actual salaries,XDC,National currency,INST_EDU_PUB,Public educational institutions,ISCED11_02,Pre-primary education,Y45T54,From 45 to 54 years,_T,Total,TE,Teacher,,,O,Missing value,0,Units,MEAN,Arithmetic mean,V,Current prices,,,EUR,Euro,2025,,2,Two
DEU,Germany,SAL_ACT,Actual salaries,XDC,National currency,INST_EDU_PUB,Public educational institutions,ISCED11_24,Lower secondary general education,Y35T44,From 35 to 44 years,_T,Total,TE,Teacher,,,O,Missing value,0,Units,MEAN,Arithmetic mean,V,Current prices,,,EUR,Euro,2025,,2,Two
DEU,Germany,SAL_ACT,Actual salaries,XDC,National currency,INST_EDU_PUB,Public educational institutions,ISCED11_1,Primary education,Y45T54,From 45 to 54 years,_T,Total,TE,Teacher,,,O,Missing value,0,Units,MEAN,Arithmetic mean,V,Current prices,,,EUR,Euro,2025,,2,Two
DEU,Germany,SAL_ACT,Actual salaries,XDC,National currency,INST_EDU_PUB,Public educational institutions,ISCED11_34,Upper secondary general education,Y25T64,From 25 to 64 years,_T,Total,SH,School head,,,O,Missing value,0,Units,MEAN,Arithmetic mean,V,Current prices,,,EUR,Euro,2025,,2,Two
DEU,Germany,SAL_ACT,Actual salaries,XDC,National currency,INST_EDU_PUB,Public educational institutions,ISCED11_02,Pre-primary education,Y25T34,From 25 to 34 years,_T,Total,SH,School head,,,O,Missing value,0,Units,MEAN,Arithmetic mean,V,Current prices,,,EUR,Euro,2025,,2,Two
DEU,Germany,SAL_ACT,Actual salaries,XDC,National currency,INST_EDU_PUB,Public educational institutions,ISCED11_1,Primary education,Y55T64,From 55 to 64 years,_T,Total,SH,School head,,,O,Missing value,0,Units,MEAN,Arithmetic mean,V,Current prices,,,EUR,Euro,2025,,2,Two
DEU,Germany,SAL_ACT,Actual salaries,XDC,National currency,INST_EDU_PUB,Public educational institutions,ISCED11_1,Primary education,Y25T34,From 25 to 34 years,_T,Total,SH,School head,,,O,Missing value,0,Units,MEAN,Arithmetic mean,V,Current prices,,,EUR,Euro,2025,,2,Two
DEU,Germany,SAL_ACT,Actual salaries,XDC,National currency,INST_EDU_PUB,Public educational institutions,ISCED11_02,Pre-primary education,Y25T64,From 25 to 64 years,_T,Total,SH,School head,,,O,Missing value,0,Units,MEAN,Arithmetic mean,V,Current prices,,,EUR,Euro,2025,,2,Two
DEU,Germany,SAL_ACT,Actual salaries,XDC,National currency,INST_EDU_PUB,Public educational institutions,ISCED11_24,Lower secondary general education,Y25T64,From 25 to 64 years,_T,Total,SH,School head,,,O,Missing value,0,Units,MEAN,Arithmetic mean,V,Current prices,,,EUR,Euro,2025,,2,Two
DEU,Germany,SAL_ACT,Actual salaries,XDC,National currency,INST_EDU_PUB,Public educational institutions,ISCED11_02,Pre-primary education,Y45T54,From 45 to 54 years,_T,Total,SH,School head,,,O,Missing value,0,Units,MEAN,Arithmetic mean,V,Current prices,,,EUR,Euro,2025,,2,Two
DEU,Germany,SAL_ACT,Actual salaries,XDC,National currency,INST_EDU_PUB,Public educational institutions,ISCED11_34,Upper secondary general education,Y35T44,From 35 to 44 years,_T,Total,SH,School head,,,O,Missing value,0,Units,MEAN,Arithmetic mean,V,Current prices,,,EUR,Euro,2025,,2,Two
DEU,Germany,SAL_ACT,Actual salaries,XDC,National currency,INST_EDU_PUB,Public educational institutions,ISCED11_02,Pre-primary education,Y35T44,From 35 to 44 years,_T,Total,SH,School head,,,O,Missing value,0,Units,MEAN,Arithmetic mean,V,Current prices,,,EUR,Euro,2025,,2,Two
DEU,Germany,SAL_ACT,Actual salaries,XDC,National currency,INST_EDU_PUB,Public educational institutions,ISCED11_02,Pre-primary education,Y55T64,From 55 to 64 years,_T,Total,SH,School head,,,O,Missing value,0,Units,MEAN,Arithmetic mean,V,Current prices,,,EUR,Euro,2025,,2,Two
DEU,Germany,SAL_ACT,Actual salaries,XDC,National currency,INST_EDU_PUB,Public educational institutions,ISCED11_34,Upper secondary general education,Y45T54,From 45 to 54 years,_T,Total,SH,School head,,,O,Missing value,0,Units,MEAN,Arithmetic mean,V,Current prices,,,EUR,Euro,2025,,2,Two
DEU,Germany,SAL_ACT,Actual salaries,XDC,National currency,INST_EDU_PUB,Public educational institutions,ISCED11_02,Pre-primary education,Y25T34,From 25 to 34 years,_T,Total,TE,Teacher,,,O,Missing value,0,Units,MEAN,Arithmetic mean,V,Current prices,,,EUR,Euro,2025,,2,Two
DEU,Germany,SAL_ACT,Actual salaries,XDC,National currency,INST_EDU_PUB,Public educational institutions,ISCED11_02,Pre-primary education,Y55T64,From 55 to 64 years,_T,Total,TE,Teacher,,,O,Missing value,0,Units,MEAN,Arithmetic mean,V,Current prices,,,EUR,Euro,2025,,2,Two
DEU,Germany,SAL_ACT,Actual salaries,XDC,National currency,INST_EDU_PUB,Public educational institutions,ISCED11_24,Lower secondary general education,Y55T64,From 55 to 64 years,_T,Total,TE,Teacher,,,O,Missing value,0,Units,MEAN,Arithmetic mean,V,Current prices,,,EUR,Euro,2025,,2,Two
DEU,Germany,SAL_ACT,Actual salaries,XDC,National currency,INST_EDU_PUB,Public educational institutions,ISCED11_34,Upper secondary general education,Y25T34,From 25 to 34 years,_T,Total,TE,Teacher,,,O,Missing value,0,Units,MEAN,Arithmetic mean,V,Current prices,,,EUR,Euro,2025,,2,Two
DEU,Germany,SAL_ACT,Actual salaries,XDC,National currency,INST_EDU_PUB,Public educational institutions,ISCED11_24,Lower secondary general education,Y25T34,From 25 to 34 years,_T,Total,SH,School head,,,O,Missing value,0,Units,MEAN,Arithmetic mean,V,Current prices,,,EUR,Euro,2025,,2,Two
DEU,Germany,SAL_ACT,Actual salaries,XDC,National currency,INST_EDU_PUB,Public educational institutions,ISCED11_1,Primary education,Y35T44,From 35 to 44 years,_T,Total,TE,Teacher,,,O,Missing value,0,Units,MEAN,Arithmetic mean,V,Current prices,,,EUR,Euro,2025,,2,Two
DEU,Germany,SAL_ACT,Actual salaries,XDC,National currency,INST_EDU_PUB,Public educational institutions,ISCED11_34,Upper secondary general education,Y55T64,From 55 to 64 years,_T,Total,SH,School head,,,O,Missing value,0,Units,MEAN,Arithmetic mean,V,Current prices,,,EUR,Euro,2025,,2,Two
DEU,Germany,SAL_ACT,Actual salaries,XDC,National currency,INST_EDU_PUB,Public educational institutions,ISCED11_02,Pre-primary education,Y35T44,From 35 to 44 years,_T,Total,TE,Teacher,,,O,Missing value,0,Units,MEAN,Arithmetic mean,V,Current prices,,,EUR,Euro,2025,,2,Two
DEU,Germany,SAL_ACT,Actual salaries,XDC,National currency,INST_EDU_PUB,Public educational institutions,ISCED11_24,Lower secondary general education,Y45T54,From 45 to 54 years,_T,Total,TE,Teacher,,,O,Missing value,0,Units,MEAN,Arithmetic mean,V,Current prices,,,EUR,Euro,2025,,2,Two
DEU,Germany,SAL_ACT,Actual salaries,XDC,National currency,INST_EDU_PUB,Public educational institutions,ISCED11_24,Lower secondary general education,Y45T54,From 45 to 54 years,_T,Total,SH,School head,,,O,Missing value,0,Units,MEAN,Arithmetic mean,V,Current prices,,,EUR,Euro,2025,,2,Two
DEU,Germany,SAL_ACT,Actual salaries,XDC,National currency,INST_EDU_PUB,Public educational institutions,ISCED11_34,Upper secondary general education,Y45T54,From 45 to 54 years,_T,Total,TE,Teacher,,,O,Missing value,0,Units,MEAN,Arithmetic mean,V,Current prices,,,EUR,Euro,2025,,2,Two
DEU,Germany,SAL_ACT,Actual salaries,XDC,National currency,INST_EDU_PUB,Public educational institutions,ISCED11_34,Upper secondary general education,Y25T34,From 25 to 34 years,_T,Total,SH,School head,,,O,Missing value,0,Units,MEAN,Arithmetic mean,V,Current prices,,,EUR,Euro,2025,,2,Two
DEU,Germany,SAL_ACT,Actual salaries,XDC,National currency,INST_EDU_PUB,Public educational institutions,ISCED11_1,Primary education,Y25T64,From 25 to 64 years,_T,Total,SH,School head,,,O,Missing value,0,Units,MEAN,Arithmetic mean,V,Current prices,,,EUR,Euro,2025,,2,Two
DEU,Germany,SAL_ACT,Actual salaries,XDC,National currency,INST_EDU_PUB,Public educational institutions,ISCED11_1,Primary education,Y45T54,From 45 to 54 years,_T,Total,SH,School head,,,O,Missing value,0,Units,MEAN,Arithmetic mean,V,Current prices,,,EUR,Euro,2025,,2,Two
DEU,Germany,SAL_ACT,Actual salaries,XDC,National currency,INST_EDU_PUB,Public educational institutions,ISCED11_34,Upper secondary general education,Y35T44,From 35 to 44 years,_T,Total,TE,Teacher,,,O,Missing value,0,Units,MEAN,Arithmetic mean,V,Current prices,,,EUR,Euro,2025,,2,Two
DEU,Germany,SAL_ACT,Actual salaries,XDC,National currency,INST_EDU_PUB,Public educational institutions,ISCED11_24,Lower secondary general education,Y35T44,From 35 to 44 years,_T,Total,SH,School head,,,O,Missing value,0,Units,MEAN,Arithmetic mean,V,Current prices,,,EUR,Euro,2025,,2,Two
ITA,Italy,SAL_ACT,Actual salaries,XDC,National currency,INST_EDU_PUB,Public educational institutions,ISCED11_1,Primary education,Y25T34,From 25 to 34 years,_T,Total,SH,School head,,,O,Missing value,0,Units,MEAN,Arithmetic mean,V,Current prices,,,EUR,Euro,2025,,2,Two
ESP,Spain,SAL_ACT,Actual salaries,XDC,National currency,INST_EDU_PUB,Public educational institutions,ISCED11_34,Upper secondary general education,Y25T64,From 25 to 64 years,_T,Total,TE,Teacher,,,O,Missing value,0,Units,MEAN,Arithmetic mean,V,Current prices,,,EUR,Euro,2025,,2,Two
ESP,Spain,SAL_ACT,Actual salaries,XDC,National currency,INST_EDU_PUB,Public educational institutions,ISCED11_1,Primary education,Y25T64,From 25 to 64 years,_T,Total,SH,School head,,,O,Missing value,0,Units,MEAN,Arithmetic mean,V,Current prices,,,EUR,Euro,2025,,2,Two
ESP,Spain,SAL_ACT,Actual salaries,XDC,National currency,INST_EDU_PUB,Public educational institutions,ISCED11_24,Lower secondary general education,Y25T34,From 25 to 34 years,_T,Total,TE,Teacher,,,O,Missing value,0,Units,MEAN,Arithmetic mean,V,Current prices,,,EUR,Euro,2025,,2,Two
ESP,Spain,SAL_ACT,Actual salaries,XDC,National currency,INST_EDU_PUB,Public educational institutions,ISCED11_34,Upper secondary general education,Y25T34,From 25 to 34 years,_T,Total,SH,School head,,,O,Missing value,0,Units,MEAN,Arithmetic mean,V,Current prices,,,EUR,Euro,2025,,2,Two
ESP,Spain,SAL_ACT,Actual salaries,XDC,National currency,INST_EDU_PUB,Public educational institutions,ISCED11_1,Primary education,Y25T34,From 25 to 34 years,_T,Total,TE,Teacher,,,O,Missing value,0,Units,MEAN,Arithmetic mean,V,Current prices,,,EUR,Euro,2025,,2,Two
ESP,Spain,SAL_ACT,Actual salaries,XDC,National currency,INST_EDU_PUB,Public educational institutions,ISCED11_1,Primary education,Y45T54,From 45 to 54 years,_T,Total,SH,School head,,,O,Missing value,0,Units,MEAN,Arithmetic mean,V,Current prices,,,EUR,Euro,2025,,2,Two
ESP,Spain,SAL_ACT,Actual salaries,XDC,National currency,INST_EDU_PUB,Public educational institutions,ISCED11_34,Upper secondary general education,Y55T64,From 55 to 64 years,_T,Total,TE,Teacher,,,O,Missing value,0,Units,MEAN,Arithmetic mean,V,Current prices,,,EUR,Euro,2025,,2,Two
ESP,Spain,SAL_ACT,Actual salaries,XDC,National currency,INST_EDU_PUB,Public educational institutions,ISCED11_02,Pre-primary education,Y55T64,From 55 to 64 years,_T,Total,SH,School head,,,O,Missing value,0,Units,MEAN,Arithmetic mean,V,Current prices,,,EUR,Euro,2025,,2,Two
ESP,Spain,SAL_ACT,Actual salaries,XDC,National currency,INST_EDU_PUB,Public educational institutions,ISCED11_24,Lower secondary general education,Y25T34,From 25 to 34 years,_T,Total,SH,School head,,,O,Missing value,0,Units,MEAN,Arithmetic mean,V,Current prices,,,EUR,Euro,2025,,2,Two
ESP,Spain,SAL_ACT,Actual salaries,XDC,National currency,INST_EDU_PUB,Public educational institutions,ISCED11_02,Pre-primary education,Y25T64,From 25 to 64 years,_T,Total,TE,Teacher,,,O,Missing value,0,Units,MEAN,Arithmetic mean,V,Current prices,,,EUR,Euro,2025,,2,Two
ESP,Spain,SAL_ACT,Actual salaries,XDC,National currency,INST_EDU_PUB,Public educational institutions,ISCED11_24,Lower secondary general education,Y55T64,From 55 to 64 years,_T,Total,SH,School head,,,O,Missing value,0,Units,MEAN,Arithmetic mean,V,Current prices,,,EUR,Euro,2025,,2,Two
ESP,Spain,SAL_ACT,Actual salaries,XDC,National currency,INST_EDU_PUB,Public educational institutions,ISCED11_24,Lower secondary general education,Y35T44,From 35 to 44 years,_T,Total,SH,School head,,,O,Missing value,0,Units,MEAN,Arithmetic mean,V,Current prices,,,EUR,Euro,2025,,2,Two
ESP,Spain,SAL_ACT,Actual salaries,XDC,National currency,INST_EDU_PUB,Public educational institutions,ISCED11_24,Lower secondary general education,Y25T64,From 25 to 64 years,_T,Total,SH,School head,,,O,Missing value,0,Units,MEAN,Arithmetic mean,V,Current prices,,,EUR,Euro,2025,,2,Two
ESP,Spain,SAL_ACT,Actual salaries,XDC,National currency,INST_EDU_PUB,Public educational institutions,ISCED11_02,Pre-primary education,Y25T34,From 25 to 34 years,_T,Total,TE,Teacher,,,O,Missing value,0,Units,MEAN,Arithmetic mean,V,Current prices,,,EUR,Euro,2025,,2,Two
ESP,Spain,SAL_ACT,Actual salaries,XDC,National currency,INST_EDU_PUB,Public educational institutions,ISCED11_02,Pre-primary education,Y45T54,From 45 to 54 years,_T,Total,TE,Teacher,,,O,Missing value,0,Units,MEAN,Arithmetic mean,V,Current prices,,,EUR,Euro,2025,,2,Two
ESP,Spain,SAL_ACT,Actual salaries,XDC,National currency,INST_EDU_PUB,Public educational institutions,ISCED11_02,Pre-primary education,Y25T34,From 25 to 34 years,_T,Total,SH,School head,,,O,Missing value,0,Units,MEAN,Arithmetic mean,V,Current prices,,,EUR,Euro,2025,,2,Two
ESP,Spain,SAL_ACT,Actual salaries,XDC,National currency,INST_EDU_PUB,Public educational institutions,ISCED11_1,Primary education,Y35T44,From 35 to 44 years,_T,Total,TE,Teacher,,,O,Missing value,0,Units,MEAN,Arithmetic mean,V,Current prices,,,EUR,Euro,2025,,2,Two
ESP,Spain,SAL_ACT,Actual salaries,XDC,National currency,INST_EDU_PUB,Public educational institutions,ISCED11_34,Upper secondary general education,Y35T44,From 35 to 44 years,_T,Total,SH,School head,,,O,Missing value,0,Units,MEAN,Arithmetic mean,V,Current prices,,,EUR,Euro,2025,,2,Two
ESP,Spain,SAL_ACT,Actual salaries,XDC,National currency,INST_EDU_PUB,Public educational institutions,ISCED11_34,Upper secondary general education,Y35T44,From 35 to 44 years,_T,Total,TE,Teacher,,,O,Missing value,0,Units,MEAN,Arithmetic mean,V,Current prices,,,EUR,Euro,2025,,2,Two
ESP,Spain,SAL_ACT,Actual salaries,XDC,National currency,INST_EDU_PUB,Public educational institutions,ISCED11_24,Lower secondary general education,Y45T54,From 45 to 54 years,_T,Total,TE,Teacher,,,O,Missing value,0,Units,MEAN,Arithmetic mean,V,Current prices,,,EUR,Euro,2025,,2,Two
ESP,Spain,SAL_ACT,Actual salaries,XDC,National currency,INST_EDU_PUB,Public educational institutions,ISCED11_02,Pre-primary education,Y35T44,From 35 to 44 years,_T,Total,SH,School head,,,O,Missing value,0,Units,MEAN,Arithmetic mean,V,Current prices,,,EUR,Euro,2025,,2,Two
ESP,Spain,SAL_ACT,Actual salaries,XDC,National currency,INST_EDU_PUB,Public educational institutions,ISCED11_34,Upper secondary general education,Y55T64,From 55 to 64 years,_T,Total,SH,School head,,,O,Missing value,0,Units,MEAN,Arithmetic mean,V,Current prices,,,EUR,Euro,2025,,2,Two
ESP,Spain,SAL_ACT,Actual salaries,XDC,National currency,INST_EDU_PUB,Public educational institutions,ISCED11_1,Primary education,Y25T64,From 25 to 64 years,_T,Total,TE,Teacher,,,O,Missing value,0,Units,MEAN,Arithmetic mean,V,Current prices,,,EUR,Euro,2025,,2,Two
ESP,Spain,SAL_ACT,Actual salaries,XDC,National currency,INST_EDU_PUB,Public educational institutions,ISCED11_02,Pre-primary education,Y25T64,From 25 to 64 years,_T,Total,SH,School head,,,O,Missing value,0,Units,MEAN,Arithmetic mean,V,Current prices,,,EUR,Euro,2025,,2,Two
ESP,Spain,SAL_ACT,Actual salaries,XDC,National currency,INST_EDU_PUB,Public educational institutions,ISCED11_24,Lower secondary general education,Y25T64,From 25 to 64 years,_T,Total,TE,Teacher,,,O,Missing value,0,Units,MEAN,Arithmetic mean,V,Current prices,,,EUR,Euro,2025,,2,Two
ESP,Spain,SAL_ACT,Actual salaries,XDC,National currency,INST_EDU_PUB,Public educational institutions,ISCED11_34,Upper secondary general education,Y25T64,From 25 to 64 years,_T,Total,SH,School head,,,O,Missing value,0,Units,MEAN,Arithmetic mean,V,Current prices,,,EUR,Euro,2025,,2,Two
ESP,Spain,SAL_ACT,Actual salaries,XDC,National currency,INST_EDU_PUB,Public educational institutions,ISCED11_1,Primary education,Y25T34,From 25 to 34 years,_T,Total,SH,School head,,,O,Missing value,0,Units,MEAN,Arithmetic mean,V,Current prices,,,EUR,Euro,2025,,2,Two
ESP,Spain,SAL_ACT,Actual salaries,XDC,National currency,INST_EDU_PUB,Public educational institutions,ISCED11_02,Pre-primary education,Y45T54,From 45 to 54 years,_T,Total,SH,School head,,,O,Missing value,0,Units,MEAN,Arithmetic mean,V,Current prices,,,EUR,Euro,2025,,2,Two
ESP,Spain,SAL_ACT,Actual salaries,XDC,National currency,INST_EDU_PUB,Public educational institutions,ISCED11_34,Upper secondary general education,Y45T54,From 45 to 54 years,_T,Total,SH,School head,,,O,Missing value,0,Units,MEAN,Arithmetic mean,V,Current prices,,,EUR,Euro,2025,,2,Two
ESP,Spain,SAL_ACT,Actual salaries,XDC,National currency,INST_EDU_PUB,Public educational institutions,ISCED11_1,Primary education,Y55T64,From 55 to 64 years,_T,Total,SH,School head,,,O,Missing value,0,Units,MEAN,Arithmetic mean,V,Current prices,,,EUR,Euro,2025,,2,Two
ESP,Spain,SAL_ACT,Actual salaries,XDC,National currency,INST_EDU_PUB,Public educational institutions,ISCED11_24,Lower secondary general education,Y55T64,From 55 to 64 years,_T,Total,TE,Teacher,,,O,Missing value,0,Units,MEAN,Arithmetic mean,V,Current prices,,,EUR,Euro,2025,,2,Two
ESP,Spain,SAL_ACT,Actual salaries,XDC,National currency,INST_EDU_PUB,Public educational institutions,ISCED11_24,Lower secondary general education,Y45T54,From 45 to 54 years,_T,Total,SH,School head,,,O,Missing value,0,Units,MEAN,Arithmetic mean,V,Current prices,,,EUR,Euro,2025,,2,Two
ESP,Spain,SAL_ACT,Actual salaries,XDC,National currency,INST_EDU_PUB,Public educational institutions,ISCED11_02,Pre-primary education,Y55T64,From 55 to 64 years,_T,Total,TE,Teacher,,,O,Missing value,0,Units,MEAN,Arithmetic mean,V,Current prices,,,EUR,Euro,2025,,2,Two
ESP,Spain,SAL_ACT,Actual salaries,XDC,National currency,INST_EDU_PUB,Public educational institutions,ISCED11_34,Upper secondary general education,Y25T34,From 25 to 34 years,_T,Total,TE,Teacher,,,O,Missing value,0,Units,MEAN,Arithmetic mean,V,Current prices,,,EUR,Euro,2025,,2,Two
ESP,Spain,SAL_ACT,Actual salaries,XDC,National currency,INST_EDU_PUB,Public educational institutions,ISCED11_24,Lower secondary general education,Y35T44,From 35 to 44 years,_T,Total,TE,Teacher,,,O,Missing value,0,Units,MEAN,Arithmetic mean,V,Current prices,,,EUR,Euro,2025,,2,Two
ESP,Spain,SAL_ACT,Actual salaries,XDC,National currency,INST_EDU_PUB,Public educational institutions,ISCED11_1,Primary education,Y35T44,From 35 to 44 years,_T,Total,SH,School head,,,O,Missing value,0,Units,MEAN,Arithmetic mean,V,Current prices,,,EUR,Euro,2025,,2,Two
ESP,Spain,SAL_ACT,Actual salaries,XDC,National currency,INST_EDU_PUB,Public educational institutions,ISCED11_1,Primary education,Y45T54,From 45 to 54 years,_T,Total,TE,Teacher,,,O,Missing value,0,Units,MEAN,Arithmetic mean,V,Current prices,,,EUR,Euro,2025,,2,Two
ESP,Spain,SAL_ACT,Actual salaries,XDC,National currency,INST_EDU_PUB,Public educational institutions,ISCED11_02,Pre-primary education,Y35T44,From 35 to 44 years,_T,Total,TE,Teacher,,,O,Missing value,0,Units,MEAN,Arithmetic mean,V,Current prices,,,EUR,Euro,2025,,2,Two
ESP,Spain,SAL_ACT,Actual salaries,XDC,National currency,INST_EDU_PUB,Public educational institutions,ISCED11_1,Primary education,Y55T64,From 55 to 64 years,_T,Total,TE,Teacher,,,O,Missing value,0,Units,MEAN,Arithmetic mean,V,Current prices,,,EUR,Euro,2025,,2,Two
ESP,Spain,SAL_ACT,Actual salaries,XDC,National currency,INST_EDU_PUB,Public educational institutions,ISCED11_34,Upper secondary general education,Y45T54,From 45 to 54 years,_T,Total,TE,Teacher,,,O,Missing value,0,Units,MEAN,Arithmetic mean,V,Current prices,,,EUR,Euro,2025,,2,Two
DEU,Germany,SAL_ACT,Actual salaries,XDC,National currency,INST_EDU_PUB,Public educational institutions,ISCED11_24,Lower secondary general education,Y25T64,From 25 to 64 years,M,Male,SH,School head,,,O,Missing value,0,Units,MEAN,Arithmetic mean,V,Current prices,,,EUR,Euro,2025,,2,Two
DEU,Germany,SAL_ACT,Actual salaries,XDC,National currency,INST_EDU_PUB,Public educational institutions,ISCED11_02,Pre-primary education,Y25T64,From 25 to 64 years,M,Male,SH,School head,,,O,Missing value,0,Units,MEAN,Arithmetic mean,V,Current prices,,,EUR,Euro,2025,,2,Two
DEU,Germany,SAL_ACT,Actual salaries,XDC,National currency,INST_EDU_PUB,Public educational institutions,ISCED11_1,Primary education,Y25T64,From 25 to 64 years,M,Male,TE,Teacher,,,O,Missing value,0,Units,MEAN,Arithmetic mean,V,Current prices,,,EUR,Euro,2025,,2,Two
DEU,Germany,SAL_ACT,Actual salaries,XDC,National currency,INST_EDU_PUB,Public educational institutions,ISCED11_1,Primary education,Y25T64,From 25 to 64 years,M,Male,SH,School head,,,O,Missing value,0,Units,MEAN,Arithmetic mean,V,Current prices,,,EUR,Euro,2025,,2,Two
DEU,Germany,SAL_ACT,Actual salaries,XDC,National currency,INST_EDU_PUB,Public educational institutions,ISCED11_34,Upper secondary general education,Y25T64,From 25 to 64 years,M,Male,TE,Teacher,,,O,Missing value,0,Units,MEAN,Arithmetic mean,V,Current prices,,,EUR,Euro,2025,,2,Two
DEU,Germany,SAL_ACT,Actual salaries,XDC,National currency,INST_EDU_PUB,Public educational institutions,ISCED11_02,Pre-primary education,Y25T64,From 25 to 64 years,M,Male,TE,Teacher,,,O,Missing value,0,Units,MEAN,Arithmetic mean,V,Current prices,,,EUR,Euro,2025,,2,Two
DEU,Germany,SAL_ACT,Actual salaries,XDC,National currency,INST_EDU_PUB,Public educational institutions,ISCED11_24,Lower secondary general education,Y25T64,From 25 to 64 years,M,Male,TE,Teacher,,,O,Missing value,0,Units,MEAN,Arithmetic mean,V,Current prices,,,EUR,Euro,2025,,2,Two
DEU,Germany,SAL_ACT,Actual salaries,XDC,National currency,INST_EDU_PUB,Public educational institutions,ISCED11_34,Upper secondary general education,Y25T64,From 25 to 64 years,M,Male,SH,School head,,,O,Missing value,0,Units,MEAN,Arithmetic mean,V,Current prices,,,EUR,Euro,2025,,2,Two
ESP,Spain,SAL_ACT,Actual salaries,XDC,National currency,INST_EDU_PUB,Public educational institutions,ISCED11_34,Upper secondary general education,Y25T64,From 25 to 64 years,M,Male,TE,Teacher,,,O,Missing value,0,Units,MEAN,Arithmetic mean,V,Current prices,,,EUR,Euro,2025,,2,Two
ESP,Spain,SAL_ACT,Actual salaries,XDC,National currency,INST_EDU_PUB,Public educational institutions,ISCED11_34,Upper secondary general education,Y25T64,From 25 to 64 years,M,Male,SH,School head,,,O,Missing value,0,Units,MEAN,Arithmetic mean,V,Current prices,,,EUR,Euro,2025,,2,Two
ESP,Spain,SAL_ACT,Actual salaries,XDC,National currency,INST_EDU_PUB,Public educational institutions,ISCED11_24,Lower secondary general education,Y25T64,From 25 to 64 years,M,Male,SH,School head,,,O,Missing value,0,Units,MEAN,Arithmetic mean,V,Current prices,,,EUR,Euro,2025,,2,Two
ESP,Spain,SAL_ACT,Actual salaries,XDC,National currency,INST_EDU_PUB,Public educational institutions,ISCED11_02,Pre-primary education,Y25T64,From 25 to 64 years,M,Male,SH,School head,,,O,Missing value,0,Units,MEAN,Arithmetic mean,V,Current prices,,,EUR,Euro,2025,,2,Two
ESP,Spain,SAL_ACT,Actual salaries,XDC,National currency,INST_EDU_PUB,Public educational institutions,ISCED11_1,Primary education,Y25T64,From 25 to 64 years,M,Male,SH,School head,,,O,Missing value,0,Units,MEAN,Arithmetic mean,V,Current prices,,,EUR,Euro,2025,,2,Two
ESP,Spain,SAL_ACT,Actual salaries,XDC,National currency,INST_EDU_PUB,Public educational institutions,ISCED11_24,Lower secondary general education,Y25T64,From 25 to 64 years,M,Male,TE,Teacher,,,O,Missing value,0,Units,MEAN,Arithmetic mean,V,Current prices,,,EUR,Euro,2025,,2,Two
ESP,Spain,SAL_ACT,Actual salaries,XDC,National currency,INST_EDU_PUB,Public educational institutions,ISCED11_1,Primary education,Y25T64,From 25 to 64 years,M,Male,TE,Teacher,,,O,Missing value,0,Units,MEAN,Arithmetic mean,V,Current prices,,,EUR,Euro,2025,,2,Two
ESP,Spain,SAL_ACT,Actual salaries,XDC,National currency,INST_EDU_PUB,Public educational institutions,ISCED11_02,Pre-primary education,Y25T64,From 25 to 64 years,M,Male,TE,Teacher,,,O,Missing value,0,Units,MEAN,Arithmetic mean,V,Current prices,,,EUR,Euro,2025,,2,Two
DEU,Germany,SAL_ACT,Actual salaries,XDC,National currency,INST_EDU_PUB,Public educational institutions,ISCED11_02,Pre-primary education,Y25T64,From 25 to 64 years,F,Female,SH,School head,,,O,Missing value,0,Units,MEAN,Arithmetic mean,V,Current prices,,,EUR,Euro,2025,,2,Two
DEU,Germany,SAL_ACT,Actual salaries,XDC,National currency,INST_EDU_PUB,Public educational institutions,ISCED11_34,Upper secondary general education,Y25T64,From 25 to 64 years,F,Female,TE,Teacher,,,O,Missing value,0,Units,MEAN,Arithmetic mean,V,Current prices,,,EUR,Euro,2025,,2,Two
DEU,Germany,SAL_ACT,Actual salaries,XDC,National currency,INST_EDU_PUB,Public educational institutions,ISCED11_34,Upper secondary general education,Y25T64,From 25 to 64 years,F,Female,SH,School head,,,O,Missing value,0,Units,MEAN,Arithmetic mean,V,Current prices,,,EUR,Euro,2025,,2,Two
DEU,Germany,SAL_ACT,Actual salaries,XDC,National currency,INST_EDU_PUB,Public educational institutions,ISCED11_1,Primary education,Y25T64,From 25 to 64 years,F,Female,TE,Teacher,,,O,Missing value,0,Units,MEAN,Arithmetic mean,V,Current prices,,,EUR,Euro,2025,,2,Two
DEU,Germany,SAL_ACT,Actual salaries,XDC,National currency,INST_EDU_PUB,Public educational institutions,ISCED11_24,Lower secondary general education,Y25T64,From 25 to 64 years,F,Female,SH,School head,,,O,Missing value,0,Units,MEAN,Arithmetic mean,V,Current prices,,,EUR,Euro,2025,,2,Two
DEU,Germany,SAL_ACT,Actual salaries,XDC,National currency,INST_EDU_PUB,Public educational institutions,ISCED11_1,Primary education,Y25T64,From 25 to 64 years,F,Female,SH,School head,,,O,Missing value,0,Units,MEAN,Arithmetic mean,V,Current prices,,,EUR,Euro,2025,,2,Two
DEU,Germany,SAL_ACT,Actual salaries,XDC,National currency,INST_EDU_PUB,Public educational institutions,ISCED11_02,Pre-primary education,Y25T64,From 25 to 64 years,F,Female,TE,Teacher,,,O,Missing value,0,Units,MEAN,Arithmetic mean,V,Current prices,,,EUR,Euro,2025,,2,Two
DEU,Germany,SAL_ACT,Actual salaries,XDC,National currency,INST_EDU_PUB,Public educational institutions,ISCED11_24,Lower secondary general education,Y25T64,From 25 to 64 years,F,Female,TE,Teacher,,,O,Missing value,0,Units,MEAN,Arithmetic mean,V,Current prices,,,EUR,Euro,2025,,2,Two
ESP,Spain,SAL_ACT,Actual salaries,XDC,National currency,INST_EDU_PUB,Public educational institutions,ISCED11_24,Lower secondary general education,Y25T64,From 25 to 64 years,F,Female,SH,School head,,,O,Missing value,0,Units,MEAN,Arithmetic mean,V,Current prices,,,EUR,Euro,2025,,2,Two
ESP,Spain,SAL_ACT,Actual salaries,XDC,National currency,INST_EDU_PUB,Public educational institutions,ISCED11_02,Pre-primary education,Y25T64,From 25 to 64 years,F,Female,TE,Teacher,,,O,Missing value,0,Units,MEAN,Arithmetic mean,V,Current prices,,,EUR,Euro,2025,,2,Two
ESP,Spain,SAL_ACT,Actual salaries,XDC,National currency,INST_EDU_PUB,Public educational institutions,ISCED11_34,Upper secondary general education,Y25T64,From 25 to 64 years,F,Female,TE,Teacher,,,O,Missing value,0,Units,MEAN,Arithmetic mean,V,Current prices,,,EUR,Euro,2025,,2,Two
ESP,Spain,SAL_ACT,Actual salaries,XDC,National currency,INST_EDU_PUB,Public educational institutions,ISCED11_02,Pre-primary education,Y25T64,From 25 to 64 years,F,Female,SH,School head,,,O,Missing value,0,Units,MEAN,Arithmetic mean,V,Current prices,,,EUR,Euro,2025,,2,Two
ESP,Spain,SAL_ACT,Actual salaries,XDC,National currency,INST_EDU_PUB,Public educational institutions,ISCED11_24,Lower secondary general education,Y25T64,From 25 to 64 years,F,Female,TE,Teacher,,,O,Missing value,0,Units,MEAN,Arithmetic mean,V,Current prices,,,EUR,Euro,2025,,2,Two
ESP,Spain,SAL_ACT,Actual salaries,XDC,National currency,INST_EDU_PUB,Public educational institutions,ISCED11_1,Primary education,Y25T64,From 25 to 64 years,F,Female,SH,School head,,,O,Missing value,0,Units,MEAN,Arithmetic mean,V,Current prices,,,EUR,Euro,2025,,2,Two
ESP,Spain,SAL_ACT,Actual salaries,XDC,National currency,INST_EDU_PUB,Public educational institutions,ISCED11_34,Upper secondary general education,Y25T64,From 25 to 64 years,F,Female,SH,School head,,,O,Missing value,0,Units,MEAN,Arithmetic mean,V,Current prices,,,EUR,Euro,2025,,2,Two
ESP,Spain,SAL_ACT,Actual salaries,XDC,National currency,INST_EDU_PUB,Public educational institutions,ISCED11_1,Primary education,Y25T64,From 25 to 64 years,F,Female,TE,Teacher,,,O,Missing value,0,Units,MEAN,Arithmetic mean,V,Current prices,,,EUR,Euro,2025,,2,Two
FRA,France,SAL_ACT,Actual salaries,XDC,National currency,INST_EDU_PUB,Public educational institutions,ISCED11_02,Pre-primary education,Y25T64,From 25 to 64 years,_T,Total,SH,School head,,,O,Missing value,0,Units,MEAN,Arithmetic mean,V,Current prices,,,EUR,Euro,2023,,2,Two
FRA,France,SAL_ACT,Actual salaries,XDC,National currency,INST_EDU_PUB,Public educational institutions,ISCED11_1,Primary education,Y25T64,From 25 to 64 years,M,Male,SH,School head,,,O,Missing value,0,Units,MEAN,Arithmetic mean,V,Current prices,,,EUR,Euro,2023,,2,Two
FRA,France,SAL_ACT,Actual salaries,XDC,National currency,INST_EDU_PUB,Public educational institutions,ISCED11_1,Primary education,Y25T64,From 25 to 64 years,_T,Total,SH,School head,,,O,Missing value,0,Units,MEAN,Arithmetic mean,V,Current prices,,,EUR,Euro,2023,,2,Two
FRA,France,SAL_ACT,Actual salaries,XDC,National currency,INST_EDU_PUB,Public educational institutions,ISCED11_1,Primary education,Y35T44,From 35 to 44 years,_T,Total,SH,School head,,,O,Missing value,0,Units,MEAN,Arithmetic mean,V,Current prices,,,EUR,Euro,2023,,2,Two
FRA,France,SAL_ACT,Actual salaries,XDC,National currency,INST_EDU_PUB,Public educational institutions,ISCED11_02,Pre-primary education,Y25T64,From 25 to 64 years,F,Female,SH,School head,,,O,Missing value,0,Units,MEAN,Arithmetic mean,V,Current prices,,,EUR,Euro,2023,,2,Two
FRA,France,SAL_ACT,Actual salaries,XDC,National currency,INST_EDU_PUB,Public educational institutions,ISCED11_24,Lower secondary general education,Y55T64,From 55 to 64 years,_T,Total,SH,School head,,,O,Missing value,0,Units,MEAN,Arithmetic mean,V,Current prices,,,EUR,Euro,2023,,2,Two
FRA,France,SAL_ACT,Actual salaries,XDC,National currency,INST_EDU_PUB,Public educational institutions,ISCED11_34,Upper secondary general education,Y35T44,From 35 to 44 years,_T,Total,SH,School head,,,O,Missing value,0,Units,MEAN,Arithmetic mean,V,Current prices,,,EUR,Euro,2023,,2,Two
FRA,France,SAL_ACT,Actual salaries,XDC,National currency,INST_EDU_PUB,Public educational institutions,ISCED11_34,Upper secondary general education,Y25T64,From 25 to 64 years,F,Female,SH,School head,,,O,Missing value,0,Units,MEAN,Arithmetic mean,V,Current prices,,,EUR,Euro,2023,,2,Two
FRA,France,SAL_ACT,Actual salaries,XDC,National currency,INST_EDU_PUB,Public educational institutions,ISCED11_34,Upper secondary general education,Y25T64,From 25 to 64 years,_T,Total,TE,Teacher,,,O,Missing value,0,Units,MEAN,Arithmetic mean,V,Current prices,,,EUR,Euro,2023,,2,Two
FRA,France,SAL_ACT,Actual salaries,XDC,National currency,INST_EDU_PUB,Public educational institutions,ISCED11_1,Primary education,Y25T64,From 25 to 64 years,M,Male,TE,Teacher,,,O,Missing value,0,Units,MEAN,Arithmetic mean,V,Current prices,,,EUR,Euro,2023,,2,Two
FRA,France,SAL_ACT,Actual salaries,XDC,National currency,INST_EDU_PUB,Public educational institutions,ISCED11_34,Upper secondary general education,Y25T34,From 25 to 34 years,_T,Total,SH,School head,,,O,Missing value,0,Units,MEAN,Arithmetic mean,V,Current prices,,,EUR,Euro,2023,,2,Two
FRA,France,SAL_ACT,Actual salaries,XDC,National currency,INST_EDU_PUB,Public educational institutions,ISCED11_1,Primary education,Y25T64,From 25 to 64 years,F,Female,SH,School head,,,O,Missing value,0,Units,MEAN,Arithmetic mean,V,Current prices,,,EUR,Euro,2023,,2,Two
FRA,France,SAL_ACT,Actual salaries,XDC,National currency,INST_EDU_PUB,Public educational institutions,ISCED11_24,Lower secondary general education,Y35T44,From 35 to 44 years,_T,Total,TE,Teacher,,,O,Missing value,0,Units,MEAN,Arithmetic mean,V,Current prices,,,EUR,Euro,2023,,2,Two
FRA,France,SAL_ACT,Actual salaries,XDC,National currency,INST_EDU_PUB,Public educational institutions,ISCED11_34,Upper secondary general education,Y35T44,From 35 to 44 years,_T,Total,TE,Teacher,,,O,Missing value,0,Units,MEAN,Arithmetic mean,V,Current prices,,,EUR,Euro,2023,,2,Two
FRA,France,SAL_ACT,Actual salaries,XDC,National currency,INST_EDU_PUB,Public educational institutions,ISCED11_1,Primary education,Y55T64,From 55 to 64 years,_T,Total,TE,Teacher,,,O,Missing value,0,Units,MEAN,Arithmetic mean,V,Current prices,,,EUR,Euro,2023,,2,Two
FRA,France,SAL_ACT,Actual salaries,XDC,National currency,INST_EDU_PUB,Public educational institutions,ISCED11_02,Pre-primary education,Y45T54,From 45 to 54 years,_T,Total,SH,School head,,,O,Missing value,0,Units,MEAN,Arithmetic mean,V,Current prices,,,EUR,Euro,2023,,2,Two
FRA,France,SAL_ACT,Actual salaries,XDC,National currency,INST_EDU_PUB,Public educational institutions,ISCED11_34,Upper secondary general education,Y45T54,From 45 to 54 years,_T,Total,TE,Teacher,,,O,Missing value,0,Units,MEAN,Arithmetic mean,V,Current prices,,,EUR,Euro,2023,,2,Two
FRA,France,SAL_ACT,Actual salaries,XDC,National currency,INST_EDU_PUB,Public educational institutions,ISCED11_1,Primary education,Y45T54,From 45 to 54 years,_T,Total,TE,Teacher,,,O,Missing value,0,Units,MEAN,Arithmetic mean,V,Current prices,,,EUR,Euro,2023,,2,Two
FRA,France,SAL_ACT,Actual salaries,XDC,National currency,INST_EDU_PUB,Public educational institutions,ISCED11_1,Primary education,Y45T54,From 45 to 54 years,_T,Total,SH,School head,,,O,Missing value,0,Units,MEAN,Arithmetic mean,V,Current prices,,,EUR,Euro,2023,,2,Two
FRA,France,SAL_ACT,Actual salaries,XDC,National currency,INST_EDU_PUB,Public educational institutions,ISCED11_24,Lower secondary general education,Y25T34,From 25 to 34 years,_T,Total,TE,Teacher,,,O,Missing value,0,Units,MEAN,Arithmetic mean,V,Current prices,,,EUR,Euro,2023,,2,Two
FRA,France,SAL_ACT,Actual salaries,XDC,National currency,INST_EDU_PUB,Public educational institutions,ISCED11_1,Primary education,Y25T34,From 25 to 34 years,_T,Total,SH,School head,,,O,Missing value,0,Units,MEAN,Arithmetic mean,V,Current prices,,,EUR,Euro,2023,,2,Two
FRA,France,SAL_ACT,Actual salaries,XDC,National currency,INST_EDU_PUB,Public educational institutions,ISCED11_34,Upper secondary general education,Y25T34,From 25 to 34 years,_T,Total,TE,Teacher,,,O,Missing value,0,Units,MEAN,Arithmetic mean,V,Current prices,,,EUR,Euro,2023,,2,Two
FRA,France,SAL_ACT,Actual salaries,XDC,National currency,INST_EDU_PUB,Public educational institutions,ISCED11_02,Pre-primary education,Y55T64,From 55 to 64 years,_T,Total,SH,School head,,,O,Missing value,0,Units,MEAN,Arithmetic mean,V,Current prices,,,EUR,Euro,2023,,2,Two
FRA,France,SAL_ACT,Actual salaries,XDC,National currency,INST_EDU_PUB,Public educational institutions,ISCED11_24,Lower secondary general education,Y25T64,From 25 to 64 years,_T,Total,SH,School head,,,O,Missing value,0,Units,MEAN,Arithmetic mean,V,Current prices,,,EUR,Euro,2023,,2,Two
FRA,France,SAL_ACT,Actual salaries,XDC,National currency,INST_EDU_PUB,Public educational institutions,ISCED11_02,Pre-primary education,Y25T34,From 25 to 34 years,_T,Total,TE,Teacher,,,O,Missing value,0,Units,MEAN,Arithmetic mean,V,Current prices,,,EUR,Euro,2023,,2,Two
FRA,France,SAL_ACT,Actual salaries,XDC,National currency,INST_EDU_PUB,Public educational institutions,ISCED11_02,Pre-primary education,Y25T64,From 25 to 64 years,_T,Total,TE,Teacher,,,O,Missing value,0,Units,MEAN,Arithmetic mean,V,Current prices,,,EUR,Euro,2023,,2,Two
FRA,France,SAL_ACT,Actual salaries,XDC,National currency,INST_EDU_PUB,Public educational institutions,ISCED11_24,Lower secondary general education,Y25T64,From 25 to 64 years,_T,Total,TE,Teacher,,,O,Missing value,0,Units,MEAN,Arithmetic mean,V,Current prices,,,EUR,Euro,2023,,2,Two
FRA,France,SAL_ACT,Actual salaries,XDC,National currency,INST_EDU_PUB,Public educational institutions,ISCED11_1,Primary education,Y25T34,From 25 to 34 years,_T,Total,TE,Teacher,,,O,Missing value,0,Units,MEAN,Arithmetic mean,V,Current prices,,,EUR,Euro,2023,,2,Two
FRA,France,SAL_ACT,Actual salaries,XDC,National currency,INST_EDU_PUB,Public educational institutions,ISCED11_24,Lower secondary general education,Y45T54,From 45 to 54 years,_T,Total,TE,Teacher,,,O,Missing value,0,Units,MEAN,Arithmetic mean,V,Current prices,,,EUR,Euro,2023,,2,Two
FRA,France,SAL_ACT,Actual salaries,XDC,National currency,INST_EDU_PUB,Public educational institutions,ISCED11_24,Lower secondary general education,Y25T64,From 25 to 64 years,F,Female,TE,Teacher,,,O,Missing value,0,Units,MEAN,Arithmetic mean,V,Current prices,,,EUR,Euro,2023,,2,Two
FRA,France,SAL_ACT,Actual salaries,XDC,National currency,INST_EDU_PUB,Public educational institutions,ISCED11_24,Lower secondary general education,Y25T64,From 25 to 64 years,F,Female,SH,School head,,,O,Missing value,0,Units,MEAN,Arithmetic mean,V,Current prices,,,EUR,Euro,2023,,2,Two
FRA,France,SAL_ACT,Actual salaries,XDC,National currency,INST_EDU_PUB,Public educational institutions,ISCED11_24,Lower secondary general education,Y25T34,From 25 to 34 years,_T,Total,SH,School head,,,O,Missing value,0,Units,MEAN,Arithmetic mean,V,Current prices,,,EUR,Euro,2023,,2,Two
FRA,France,SAL_ACT,Actual salaries,XDC,National currency,INST_EDU_PUB,Public educational institutions,ISCED11_02,Pre-primary education,Y25T34,From 25 to 34 years,_T,Total,SH,School head,,,O,Missing value,0,Units,MEAN,Arithmetic mean,V,Current prices,,,EUR,Euro,2023,,2,Two
FRA,France,SAL_ACT,Actual salaries,XDC,National currency,INST_EDU_PUB,Public educational institutions,ISCED11_02,Pre-primary education,Y45T54,From 45 to 54 years,_T,Total,TE,Teacher,,,O,Missing value,0,Units,MEAN,Arithmetic mean,V,Current prices,,,EUR,Euro,2023,,2,Two
FRA,France,SAL_ACT,Actual salaries,XDC,National currency,INST_EDU_PUB,Public educational institutions,ISCED11_02,Pre-primary education,Y35T44,From 35 to 44 years,_T,Total,SH,School head,,,O,Missing value,0,Units,MEAN,Arithmetic mean,V,Current prices,,,EUR,Euro,2023,,2,Two
FRA,France,SAL_ACT,Actual salaries,XDC,National currency,INST_EDU_PUB,Public educational institutions,ISCED11_24,Lower secondary general education,Y35T44,From 35 to 44 years,_T,Total,SH,School head,,,O,Missing value,0,Units,MEAN,Arithmetic mean,V,Current prices,,,EUR,Euro,2023,,2,Two
FRA,France,SAL_ACT,Actual salaries,XDC,National currency,INST_EDU_PUB,Public educational institutions,ISCED11_1,Primary education,Y55T64,From 55 to 64 years,_T,Total,SH,School head,,,O,Missing value,0,Units,MEAN,Arithmetic mean,V,Current prices,,,EUR,Euro,2023,,2,Two
FRA,France,SAL_ACT,Actual salaries,XDC,National currency,INST_EDU_PUB,Public educational institutions,ISCED11_24,Lower secondary general education,Y25T64,From 25 to 64 years,M,Male,SH,School head,,,O,Missing value,0,Units,MEAN,Arithmetic mean,V,Current prices,,,EUR,Euro,2023,,2,Two
FRA,France,SAL_ACT,Actual salaries,XDC,National currency,INST_EDU_PUB,Public educational institutions,ISCED11_34,Upper secondary general education,Y25T64,From 25 to 64 years,M,Male,SH,School head,,,O,Missing value,0,Units,MEAN,Arithmetic mean,V,Current prices,,,EUR,Euro,2023,,2,Two
FRA,France,SAL_ACT,Actual salaries,XDC,National currency,INST_EDU_PUB,Public educational institutions,ISCED11_02,Pre-primary education,Y55T64,From 55 to 64 years,_T,Total,TE,Teacher,,,O,Missing value,0,Units,MEAN,Arithmetic mean,V,Current prices,,,EUR,Euro,2023,,2,Two
FRA,France,SAL_ACT,Actual salaries,XDC,National currency,INST_EDU_PUB,Public educational institutions,ISCED11_02,Pre-primary education,Y35T44,From 35 to 44 years,_T,Total,TE,Teacher,,,O,Missing value,0,Units,MEAN,Arithmetic mean,V,Current prices,,,EUR,Euro,2023,,2,Two
FRA,France,SAL_ACT,Actual salaries,XDC,National currency,INST_EDU_PUB,Public educational institutions,ISCED11_34,Upper secondary general education,Y55T64,From 55 to 64 years,_T,Total,TE,Teacher,,,O,Missing value,0,Units,MEAN,Arithmetic mean,V,Current prices,,,EUR,Euro,2023,,2,Two
FRA,France,SAL_ACT,Actual salaries,XDC,National currency,INST_EDU_PUB,Public educational institutions,ISCED11_02,Pre-primary education,Y25T64,From 25 to 64 years,F,Female,TE,Teacher,,,O,Missing value,0,Units,MEAN,Arithmetic mean,V,Current prices,,,EUR,Euro,2023,,2,Two
FRA,France,SAL_ACT,Actual salaries,XDC,National currency,INST_EDU_PUB,Public educational institutions,ISCED11_1,Primary education,Y35T44,From 35 to 44 years,_T,Total,TE,Teacher,,,O,Missing value,0,Units,MEAN,Arithmetic mean,V,Current prices,,,EUR,Euro,2023,,2,Two
FRA,France,SAL_ACT,Actual salaries,XDC,National currency,INST_EDU_PUB,Public educational institutions,ISCED11_1,Primary education,Y25T64,From 25 to 64 years,F,Female,TE,Teacher,,,O,Missing value,0,Units,MEAN,Arithmetic mean,V,Current prices,,,EUR,Euro,2023,,2,Two
FRA,France,SAL_ACT,Actual salaries,XDC,National currency,INST_EDU_PUB,Public educational institutions,ISCED11_02,Pre-primary education,Y25T64,From 25 to 64 years,M,Male,SH,School head,,,O,Missing value,0,Units,MEAN,Arithmetic mean,V,Current prices,,,EUR,Euro,2023,,2,Two
FRA,France,SAL_ACT,Actual salaries,XDC,National currency,INST_EDU_PUB,Public educational institutions,ISCED11_1,Primary education,Y25T64,From 25 to 64 years,_T,Total,TE,Teacher,,,O,Missing value,0,Units,MEAN,Arithmetic mean,V,Current prices,,,EUR,Euro,2023,,2,Two
FRA,France,SAL_ACT,Actual salaries,XDC,National currency,INST_EDU_PUB,Public educational institutions,ISCED11_34,Upper secondary general education,Y55T64,From 55 to 64 years,_T,Total,SH,School head,,,O,Missing value,0,Units,MEAN,Arithmetic mean,V,Current prices,,,EUR,Euro,2023,,2,Two
FRA,France,SAL_ACT,Actual salaries,XDC,National currency,INST_EDU_PUB,Public educational institutions,ISCED11_24,Lower secondary general education,Y45T54,From 45 to 54 years,_T,Total,SH,School head,,,O,Missing value,0,Units,MEAN,Arithmetic mean,V,Current prices,,,EUR,Euro,2023,,2,Two
FRA,France,SAL_ACT,Actual salaries,XDC,National currency,INST_EDU_PUB,Public educational institutions,ISCED11_24,Lower secondary general education,Y55T64,From 55 to 64 years,_T,Total,TE,Teacher,,,O,Missing value,0,Units,MEAN,Arithmetic mean,V,Current prices,,,EUR,Euro,2023,,2,Two
FRA,France,SAL_ACT,Actual salaries,XDC,National currency,INST_EDU_PUB,Public educational institutions,ISCED11_02,Pre-primary education,Y25T64,From 25 to 64 years,M,Male,TE,Teacher,,,O,Missing value,0,Units,MEAN,Arithmetic mean,V,Current prices,,,EUR,Euro,2023,,2,Two
FRA,France,SAL_ACT,Actual salaries,XDC,National currency,INST_EDU_PUB,Public educational institutions,ISCED11_34,Upper secondary general education,Y25T64,From 25 to 64 years,M,Male,TE,Teacher,,,O,Missing value,0,Units,MEAN,Arithmetic mean,V,Current prices,,,EUR,Euro,2023,,2,Two
FRA,France,SAL_ACT,Actual salaries,XDC,National currency,INST_EDU_PUB,Public educational institutions,ISCED11_34,Upper secondary general education,Y25T64,From 25 to 64 years,F,Female,TE,Teacher,,,O,Missing value,0,Units,MEAN,Arithmetic mean,V,Current prices,,,EUR,Euro,2023,,2,Two
FRA,France,SAL_ACT,Actual salaries,XDC,National currency,INST_EDU_PUB,Public educational institutions,ISCED11_24,Lower secondary general education,Y25T64,From 25 to 64 years,M,Male,TE,Teacher,,,O,Missing value,0,Units,MEAN,Arithmetic mean,V,Current prices,,,EUR,Euro,2023,,2,Two
FRA,France,SAL_ACT,Actual salaries,XDC,National currency,INST_EDU_PUB,Public educational institutions,ISCED11_34,Upper secondary general education,Y45T54,From 45 to 54 years,_T,Total,SH,School head,,,O,Missing value,0,Units,MEAN,Arithmetic mean,V,Current prices,,,EUR,Euro,2023,,2,Two
FRA,France,SAL_ACT,Actual salaries,XDC,National currency,INST_EDU_PUB,Public educational institutions,ISCED11_34,Upper secondary general education,Y25T64,From 25 to 64 years,_T,Total,SH,School head,,,O,Missing value,0,Units,MEAN,Arithmetic mean,V,Current prices,,,EUR,Euro,2023,,2,Two
ITA,Italy,SAL_ACT,Actual salaries,XDC,National currency,INST_EDU_PUB,Public educational institutions,ISCED11_24,Lower secondary general education,Y25T34,From 25 to 34 years,_T,Total,SH,School head,,,A,Normal value,0,Units,MEAN,Arithmetic mean,V,Current prices,,,EUR,Euro,2025,,2,Two
ITA,Italy,SAL_ACT,Actual salaries,XDC,National currency,INST_EDU_PUB,Public educational institutions,ISCED11_02,Pre-primary education,Y55T64,From 55 to 64 years,_T,Total,SH,School head,,,M,Missing value; data cannot exist,0,Units,MEAN,Arithmetic mean,V,Current prices,,,EUR,Euro,2025,,2,Two
ITA,Italy,SAL_ACT,Actual salaries,XDC,National currency,INST_EDU_PUB,Public educational institutions,ISCED11_02,Pre-primary education,Y35T44,From 35 to 44 years,_T,Total,SH,School head,,,M,Missing value; data cannot exist,0,Units,MEAN,Arithmetic mean,V,Current prices,,,EUR,Euro,2025,,2,Two
ITA,Italy,SAL_ACT,Actual salaries,XDC,National currency,INST_EDU_PUB,Public educational institutions,ISCED11_34,Upper secondary general education,Y25T34,From 25 to 34 years,_T,Total,SH,School head,,,A,Normal value,0,Units,MEAN,Arithmetic mean,V,Current prices,,,EUR,Euro,2025,,2,Two
ITA,Italy,SAL_ACT,Actual salaries,XDC,National currency,INST_EDU_PUB,Public educational institutions,ISCED11_02,Pre-primary education,Y25T64,From 25 to 64 years,M,Male,SH,School head,,,M,Missing value; data cannot exist,0,Units,MEAN,Arithmetic mean,V,Current prices,,,EUR,Euro,2025,,2,Two
ITA,Italy,SAL_ACT,Actual salaries,XDC,National currency,INST_EDU_PUB,Public educational institutions,ISCED11_02,Pre-primary education,Y25T34,From 25 to 34 years,_T,Total,SH,School head,,,M,Missing value; data cannot exist,0,Units,MEAN,Arithmetic mean,V,Current prices,,,EUR,Euro,2025,,2,Two
ITA,Italy,SAL_ACT,Actual salaries,XDC,National currency,INST_EDU_PUB,Public educational institutions,ISCED11_02,Pre-primary education,Y45T54,From 45 to 54 years,_T,Total,SH,School head,,,M,Missing value; data cannot exist,0,Units,MEAN,Arithmetic mean,V,Current prices,,,EUR,Euro,2025,,2,Two
ITA,Italy,SAL_ACT,Actual salaries,XDC,National currency,INST_EDU_PUB,Public educational institutions,ISCED11_02,Pre-primary education,Y25T64,From 25 to 64 years,_T,Total,SH,School head,,,M,Missing value; data cannot exist,0,Units,MEAN,Arithmetic mean,V,Current prices,,,EUR,Euro,2025,,2,Two
ITA,Italy,SAL_ACT,Actual salaries,XDC,National currency,INST_EDU_PUB,Public educational institutions,ISCED11_02,Pre-primary education,Y25T64,From 25 to 64 years,F,Female,SH,School head,,,M,Missing value; data cannot exist,0,Units,MEAN,Arithmetic mean,V,Current prices,,,EUR,Euro,2025,,2,Two
PRT,Portugal,SAL_ACT,Actual salaries,XDC,National currency,INST_EDU_PUB,Public educational institutions,ISCED11_02,Pre-primary education,Y25T34,From 25 to 34 years,_T,Total,SH,School head,,,M,Missing value; data cannot exist,0,Units,MEAN,Arithmetic mean,V,Current prices,,,EUR,Euro,2025,,2,Two
PRT,Portugal,SAL_ACT,Actual salaries,XDC,National currency,INST_EDU_PUB,Public educational institutions,ISCED11_1,Primary education,Y25T34,From 25 to 34 years,_T,Total,SH,School head,,,M,Missing value; data cannot exist,0,Units,MEAN,Arithmetic mean,V,Current prices,,,EUR,Euro,2025,,2,Two
PRT,Portugal,SAL_ACT,Actual salaries,XDC,National currency,INST_EDU_PUB,Public educational institutions,ISCED11_24,Lower secondary general education,Y25T34,From 25 to 34 years,_T,Total,SH,School head,,,M,Missing value; data cannot exist,0,Units,MEAN,Arithmetic mean,V,Current prices,,,EUR,Euro,2025,,2,Two
PRT,Portugal,SAL_ACT,Actual salaries,XDC,National currency,INST_EDU_PUB,Public educational institutions,ISCED11_34,Upper secondary general education,Y25T34,From 25 to 34 years,_T,Total,SH,School head,,,M,Missing value; data cannot exist,0,Units,MEAN,Arithmetic mean,V,Current prices,,,EUR,Euro,2025,,2,Two
SWE,Sweden,SAL_ACT,Actual salaries,XDC,National currency,INST_EDU_PUB,Public educational institutions,ISCED11_34,Upper secondary general education,Y25T34,From 25 to 34 years,_T,Total,SH,School head,,,O,Missing value,0,Units,MEAN,Arithmetic mean,V,Current prices,,,SEK,Swedish krona,2025,,2,Two
NLD,Netherlands,SAL_ACT_REL_SIM,Actual salaries relative to earnings of similarly educated workers,FCTR_EARN_FT_SIM,"Factor of earnings for full-time, full-year similarly educated workers",INST_EDU_PUB,Public educational institutions,ISCED11_02,Pre-primary education,Y25T64,From 25 to 64 years,_T,Total,SH,School head,1.144979609,,A,Normal value,0,Units,MEAN,Arithmetic mean,_Z,Not applicable,2024,,_Z,Not applicable,2025,,2,Two
NLD,Netherlands,SAL_ACT_REL_SIM,Actual salaries relative to earnings of similarly educated workers,FCTR_EARN_FT_SIM,"Factor of earnings for full-time, full-year similarly educated workers",INST_EDU_PUB,Public educational institutions,ISCED11_1,Primary education,Y25T64,From 25 to 64 years,_T,Total,SH,School head,1.144979609,,A,Normal value,0,Units,MEAN,Arithmetic mean,_Z,Not applicable,2024,,_Z,Not applicable,2025,,2,Two
NLD,Netherlands,SAL_ACT_REL_SIM,Actual salaries relative to earnings of similarly educated workers,FCTR_EARN_FT_SIM,"Factor of earnings for full-time, full-year similarly educated workers",INST_EDU_PUB,Public educational institutions,ISCED11_24,Lower secondary general education,Y25T64,From 25 to 64 years,_T,Total,SH,School head,1.239812699,,A,Normal value,0,Units,MEAN,Arithmetic mean,_Z,Not applicable,2024,,_Z,Not applicable,2025,,2,Two
NLD,Netherlands,SAL_ACT_REL_SIM,Actual salaries relative to earnings of similarly educated workers,FCTR_EARN_FT_SIM,"Factor of earnings for full-time, full-year similarly educated workers",INST_EDU_PUB,Public educational institutions,ISCED11_1,Primary education,Y25T64,From 25 to 64 years,_T,Total,TE,Teacher,0.864938891,,A,Normal value,0,Units,MEAN,Arithmetic mean,_Z,Not applicable,2024,,_Z,Not applicable,2025,,2,Two
NLD,Netherlands,SAL_ACT_REL_SIM,Actual salaries relative to earnings of similarly educated workers,FCTR_EARN_FT_SIM,"Factor of earnings for full-time, full-year similarly educated workers",INST_EDU_PUB,Public educational institutions,ISCED11_02,Pre-primary education,Y25T64,From 25 to 64 years,_T,Total,TE,Teacher,0.864938891,,A,Normal value,0,Units,MEAN,Arithmetic mean,_Z,Not applicable,2024,,_Z,Not applicable,2025,,2,Two
NLD,Netherlands,SAL_ACT_REL_SIM,Actual salaries relative to earnings of similarly educated workers,FCTR_EARN_FT_SIM,"Factor of earnings for full-time, full-year similarly educated workers",INST_EDU_PUB,Public educational institutions,ISCED11_24,Lower secondary general education,Y25T64,From 25 to 64 years,_T,Total,TE,Teacher,0.895236726,,A,Normal value,0,Units,MEAN,Arithmetic mean,_Z,Not applicable,2024,,_Z,Not applicable,2025,,2,Two
NLD,Netherlands,SAL_ACT_REL_SIM,Actual salaries relative to earnings of similarly educated workers,FCTR_EARN_FT_SIM,"Factor of earnings for full-time, full-year similarly educated workers",INST_EDU_PUB,Public educational institutions,ISCED11_34,Upper secondary general education,Y25T64,From 25 to 64 years,_T,Total,SH,School head,1.239812699,,A,Normal value,0,Units,MEAN,Arithmetic mean,_Z,Not applicable,2024,,_Z,Not applicable,2025,,2,Two
NLD,Netherlands,SAL_ACT_REL_SIM,Actual salaries relative to earnings of similarly educated workers,FCTR_EARN_FT_SIM,"Factor of earnings for full-time, full-year similarly educated workers",INST_EDU_PUB,Public educational institutions,ISCED11_34,Upper secondary general education,Y25T64,From 25 to 64 years,_T,Total,TE,Teacher,0.895236726,,A,Normal value,0,Units,MEAN,Arithmetic mean,_Z,Not applicable,2024,,_Z,Not applicable,2025,,2,Two
POL,Poland,SAL_ACT_REL_SIM,Actual salaries relative to earnings of similarly educated workers,FCTR_EARN_FT_SIM,"Factor of earnings for full-time, full-year similarly educated workers",INST_EDU_PUB,Public educational institutions,ISCED11_34,Upper secondary general education,Y25T64,From 25 to 64 years,_T,Total,TE,Teacher,0.849137173,,A,Normal value,0,Units,MEAN,Arithmetic mean,_Z,Not applicable,2024,,_Z,Not applicable,2025,,2,Two
POL,Poland,SAL_ACT_REL_SIM,Actual salaries relative to earnings of similarly educated workers,FCTR_EARN_FT_SIM,"Factor of earnings for full-time, full-year similarly educated workers",INST_EDU_PUB,Public educational institutions,ISCED11_02,Pre-primary education,Y25T64,From 25 to 64 years,_T,Total,TE,Teacher,0.704122888,,A,Normal value,0,Units,MEAN,Arithmetic mean,_Z,Not applicable,2024,,_Z,Not applicable,2025,,2,Two
POL,Poland,SAL_ACT_REL_SIM,Actual salaries relative to earnings of similarly educated workers,FCTR_EARN_FT_SIM,"Factor of earnings for full-time, full-year similarly educated workers",INST_EDU_PUB,Public educational institutions,ISCED11_24,Lower secondary general education,Y25T64,From 25 to 64 years,_T,Total,SH,School head,1.093889385,,A,Normal value,0,Units,MEAN,Arithmetic mean,_Z,Not applicable,2024,,_Z,Not applicable,2025,,2,Two
POL,Poland,SAL_ACT_REL_SIM,Actual salaries relative to earnings of similarly educated workers,FCTR_EARN_FT_SIM,"Factor of earnings for full-time, full-year similarly educated workers",INST_EDU_PUB,Public educational institutions,ISCED11_1,Primary education,Y25T64,From 25 to 64 years,_T,Total,SH,School head,1.093889385,,A,Normal value,0,Units,MEAN,Arithmetic mean,_Z,Not applicable,2024,,_Z,Not applicable,2025,,2,Two
POL,Poland,SAL_ACT_REL_SIM,Actual salaries relative to earnings of similarly educated workers,FCTR_EARN_FT_SIM,"Factor of earnings for full-time, full-year similarly educated workers",INST_EDU_PUB,Public educational institutions,ISCED11_34,Upper secondary general education,Y25T64,From 25 to 64 years,_T,Total,SH,School head,1.187897675,,A,Normal value,0,Units,MEAN,Arithmetic mean,_Z,Not applicable,2024,,_Z,Not applicable,2025,,2,Two
POL,Poland,SAL_ACT_REL_SIM,Actual salaries relative to earnings of similarly educated workers,FCTR_EARN_FT_SIM,"Factor of earnings for full-time, full-year similarly educated workers",INST_EDU_PUB,Public educational institutions,ISCED11_1,Primary education,Y25T64,From 25 to 64 years,_T,Total,TE,Teacher,0.817804377,,A,Normal value,0,Units,MEAN,Arithmetic mean,_Z,Not applicable,2024,,_Z,Not applicable,2025,,2,Two
POL,Poland,SAL_ACT_REL_SIM,Actual salaries relative to earnings of similarly educated workers,FCTR_EARN_FT_SIM,"Factor of earnings for full-time, full-year similarly educated workers",INST_EDU_PUB,Public educational institutions,ISCED11_24,Lower secondary general education,Y25T64,From 25 to 64 years,_T,Total,TE,Teacher,0.853343353,,A,Normal value,0,Units,MEAN,Arithmetic mean,_Z,Not applicable,2024,,_Z,Not applicable,2025,,2,Two
POL,Poland,SAL_ACT_REL_SIM,Actual salaries relative to earnings of similarly educated workers,FCTR_EARN_FT_SIM,"Factor of earnings for full-time, full-year similarly educated workers",INST_EDU_PUB,Public educational institutions,ISCED11_02,Pre-primary education,Y25T64,From 25 to 64 years,_T,Total,SH,School head,1.024664198,,A,Normal value,0,Units,MEAN,Arithmetic mean,_Z,Not applicable,2024,,_Z,Not applicable,2025,,2,Two
SWE,Sweden,SAL_ACT_REL_SIM,Actual salaries relative to earnings of similarly educated workers,FCTR_EARN_FT_SIM,"Factor of earnings for full-time, full-year similarly educated workers",INST_EDU_PUB,Public educational institutions,ISCED11_02,Pre-primary education,Y25T64,From 25 to 64 years,_T,Total,TE,Teacher,0.70434893,,A,Normal value,0,Units,MEAN,Arithmetic mean,_Z,Not applicable,2024,,_Z,Not applicable,2025,,2,Two
SWE,Sweden,SAL_ACT_REL_SIM,Actual salaries relative to earnings of similarly educated workers,FCTR_EARN_FT_SIM,"Factor of earnings for full-time, full-year similarly educated workers",INST_EDU_PUB,Public educational institutions,ISCED11_1,Primary education,Y25T64,From 25 to 64 years,_T,Total,TE,Teacher,0.731953178,,A,Normal value,0,Units,MEAN,Arithmetic mean,_Z,Not applicable,2024,,_Z,Not applicable,2025,,2,Two
SWE,Sweden,SAL_ACT_REL_SIM,Actual salaries relative to earnings of similarly educated workers,FCTR_EARN_FT_SIM,"Factor of earnings for full-time, full-year similarly educated workers",INST_EDU_PUB,Public educational institutions,ISCED11_34,Upper secondary general education,Y25T64,From 25 to 64 years,_T,Total,TE,Teacher,0.69951032,,A,Normal value,0,Units,MEAN,Arithmetic mean,_Z,Not applicable,2024,,_Z,Not applicable,2025,,2,Two
SWE,Sweden,SAL_ACT_REL_SIM,Actual salaries relative to earnings of similarly educated workers,FCTR_EARN_FT_SIM,"Factor of earnings for full-time, full-year similarly educated workers",INST_EDU_PUB,Public educational institutions,ISCED11_24,Lower secondary general education,Y25T64,From 25 to 64 years,_T,Total,TE,Teacher,0.707298503,,A,Normal value,0,Units,MEAN,Arithmetic mean,_Z,Not applicable,2024,,_Z,Not applicable,2025,,2,Two
SWE,Sweden,SAL_ACT_REL_SIM,Actual salaries relative to earnings of similarly educated workers,FCTR_EARN_FT_SIM,"Factor of earnings for full-time, full-year similarly educated workers",INST_EDU_PUB,Public educational institutions,ISCED11_24,Lower secondary general education,Y25T64,From 25 to 64 years,_T,Total,SH,School head,1.073253178,,A,Normal value,0,Units,MEAN,Arithmetic mean,_Z,Not applicable,2024,,_Z,Not applicable,2025,,2,Two
SWE,Sweden,SAL_ACT_REL_SIM,Actual salaries relative to earnings of similarly educated workers,FCTR_EARN_FT_SIM,"Factor of earnings for full-time, full-year similarly educated workers",INST_EDU_PUB,Public educational institutions,ISCED11_34,Upper secondary general education,Y25T64,From 25 to 64 years,_T,Total,SH,School head,1.02812778,,A,Normal value,0,Units,MEAN,Arithmetic mean,_Z,Not applicable,2024,,_Z,Not applicable,2025,,2,Two
SWE,Sweden,SAL_ACT_REL_SIM,Actual salaries relative to earnings of similarly educated workers,FCTR_EARN_FT_SIM,"Factor of earnings for full-time, full-year similarly educated workers",INST_EDU_PUB,Public educational institutions,ISCED11_02,Pre-primary education,Y25T64,From 25 to 64 years,_T,Total,SH,School head,1.067008665,,A,Normal value,0,Units,MEAN,Arithmetic mean,_Z,Not applicable,2024,,_Z,Not applicable,2025,,2,Two
SWE,Sweden,SAL_ACT_REL_SIM,Actual salaries relative to earnings of similarly educated workers,FCTR_EARN_FT_SIM,"Factor of earnings for full-time, full-year similarly educated workers",INST_EDU_PUB,Public educational institutions,ISCED11_1,Primary education,Y25T64,From 25 to 64 years,_T,Total,SH,School head,1.073253178,,A,Normal value,0,Units,MEAN,Arithmetic mean,_Z,Not applicable,2024,,_Z,Not applicable,2025,,2,Two
USA,United States,SAL_ACT_REL_SIM,Actual salaries relative to earnings of similarly educated workers,FCTR_EARN_FT_SIM,"Factor of earnings for full-time, full-year similarly educated workers",INST_EDU_PUB,Public educational institutions,ISCED11_02,Pre-primary education,Y25T64,From 25 to 64 years,_T,Total,SH,School head,0.83459671,,A,Normal value,0,Units,MEAN,Arithmetic mean,_Z,Not applicable,2024,,_Z,Not applicable,2025,,2,Two
USA,United States,SAL_ACT_REL_SIM,Actual salaries relative to earnings of similarly educated workers,FCTR_EARN_FT_SIM,"Factor of earnings for full-time, full-year similarly educated workers",INST_EDU_PUB,Public educational institutions,ISCED11_1,Primary education,Y25T64,From 25 to 64 years,_T,Total,SH,School head,0.842334785,,A,Normal value,0,Units,MEAN,Arithmetic mean,_Z,Not applicable,2024,,_Z,Not applicable,2025,,2,Two
USA,United States,SAL_ACT_REL_SIM,Actual salaries relative to earnings of similarly educated workers,FCTR_EARN_FT_SIM,"Factor of earnings for full-time, full-year similarly educated workers",INST_EDU_PUB,Public educational institutions,ISCED11_24,Lower secondary general education,Y25T64,From 25 to 64 years,_T,Total,SH,School head,0.867519771,,A,Normal value,0,Units,MEAN,Arithmetic mean,_Z,Not applicable,2024,,_Z,Not applicable,2025,,2,Two
USA,United States,SAL_ACT_REL_SIM,Actual salaries relative to earnings of similarly educated workers,FCTR_EARN_FT_SIM,"Factor of earnings for full-time, full-year similarly educated workers",INST_EDU_PUB,Public educational institutions,ISCED11_02,Pre-primary education,Y25T64,From 25 to 64 years,_T,Total,TE,Teacher,0.527991211,,A,Normal value,0,Units,MEAN,Arithmetic mean,_Z,Not applicable,2024,,_Z,Not applicable,2025,,2,Two
USA,United States,SAL_ACT_REL_SIM,Actual salaries relative to earnings of similarly educated workers,FCTR_EARN_FT_SIM,"Factor of earnings for full-time, full-year similarly educated workers",INST_EDU_PUB,Public educational institutions,ISCED11_34,Upper secondary general education,Y25T64,From 25 to 64 years,_T,Total,SH,School head,0.893955136,,A,Normal value,0,Units,MEAN,Arithmetic mean,_Z,Not applicable,2024,,_Z,Not applicable,2025,,2,Two
USA,United States,SAL_ACT_REL_SIM,Actual salaries relative to earnings of similarly educated workers,FCTR_EARN_FT_SIM,"Factor of earnings for full-time, full-year similarly educated workers",INST_EDU_PUB,Public educational institutions,ISCED11_1,Primary education,Y25T64,From 25 to 64 years,_T,Total,TE,Teacher,0.535654496,,A,Normal value,0,Units,MEAN,Arithmetic mean,_Z,Not applicable,2024,,_Z,Not applicable,2025,,2,Two
USA,United States,SAL_ACT_REL_SIM,Actual salaries relative to earnings of similarly educated workers,FCTR_EARN_FT_SIM,"Factor of earnings for full-time, full-year similarly educated workers",INST_EDU_PUB,Public educational institutions,ISCED11_34,Upper secondary general education,Y25T64,From 25 to 64 years,_T,Total,TE,Teacher,0.565692909,,A,Normal value,0,Units,MEAN,Arithmetic mean,_Z,Not applicable,2024,,_Z,Not applicable,2025,,2,Two
USA,United States,SAL_ACT_REL_SIM,Actual salaries relative to earnings of similarly educated workers,FCTR_EARN_FT_SIM,"Factor of earnings for full-time, full-year similarly educated workers",INST_EDU_PUB,Public educational institutions,ISCED11_24,Lower secondary general education,Y25T64,From 25 to 64 years,_T,Total,TE,Teacher,0.55182219,,A,Normal value,0,Units,MEAN,Arithmetic mean,_Z,Not applicable,2024,,_Z,Not applicable,2025,,2,Two
NLD,Netherlands,SAL_ACT_REL_TER,Actual salaries relative to earnings of tertiary-educated workers,FCTR_EARN_FT_TER,"Factor of earnings for full-time, full-year tertiary-educated workers",INST_EDU_PUB,Public educational institutions,ISCED11_1,Primary education,Y25T64,From 25 to 64 years,F,Female,SH,School head,1.301658534,,A,Normal value,0,Units,MEAN,Arithmetic mean,_Z,Not applicable,2024,,_Z,Not applicable,2025,,2,Two
NLD,Netherlands,SAL_ACT_REL_TER,Actual salaries relative to earnings of tertiary-educated workers,FCTR_EARN_FT_TER,"Factor of earnings for full-time, full-year tertiary-educated workers",INST_EDU_PUB,Public educational institutions,ISCED11_34,Upper secondary general education,Y25T64,From 25 to 64 years,F,Female,TE,Teacher,1.003420237,,A,Normal value,0,Units,MEAN,Arithmetic mean,_Z,Not applicable,2024,,_Z,Not applicable,2025,,2,Two
NLD,Netherlands,SAL_ACT_REL_TER,Actual salaries relative to earnings of tertiary-educated workers,FCTR_EARN_FT_TER,"Factor of earnings for full-time, full-year tertiary-educated workers",INST_EDU_PUB,Public educational institutions,ISCED11_34,Upper secondary general education,Y25T64,From 25 to 64 years,F,Female,SH,School head,1.455295889,,A,Normal value,0,Units,MEAN,Arithmetic mean,_Z,Not applicable,2024,,_Z,Not applicable,2025,,2,Two
NLD,Netherlands,SAL_ACT_REL_TER,Actual salaries relative to earnings of tertiary-educated workers,FCTR_EARN_FT_TER,"Factor of earnings for full-time, full-year tertiary-educated workers",INST_EDU_PUB,Public educational institutions,ISCED11_24,Lower secondary general education,Y25T64,From 25 to 64 years,F,Female,TE,Teacher,1.003420237,,A,Normal value,0,Units,MEAN,Arithmetic mean,_Z,Not applicable,2024,,_Z,Not applicable,2025,,2,Two
NLD,Netherlands,SAL_ACT_REL_TER,Actual salaries relative to earnings of tertiary-educated workers,FCTR_EARN_FT_TER,"Factor of earnings for full-time, full-year tertiary-educated workers",INST_EDU_PUB,Public educational institutions,ISCED11_24,Lower secondary general education,Y25T64,From 25 to 64 years,F,Female,SH,School head,1.455295889,,A,Normal value,0,Units,MEAN,Arithmetic mean,_Z,Not applicable,2024,,_Z,Not applicable,2025,,2,Two
NLD,Netherlands,SAL_ACT_REL_TER,Actual salaries relative to earnings of tertiary-educated workers,FCTR_EARN_FT_TER,"Factor of earnings for full-time, full-year tertiary-educated workers",INST_EDU_PUB,Public educational institutions,ISCED11_1,Primary education,Y25T64,From 25 to 64 years,F,Female,TE,Teacher,0.938042691,,A,Normal value,0,Units,MEAN,Arithmetic mean,_Z,Not applicable,2024,,_Z,Not applicable,2025,,2,Two
NLD,Netherlands,SAL_ACT_REL_TER,Actual salaries relative to earnings of tertiary-educated workers,FCTR_EARN_FT_TER,"Factor of earnings for full-time, full-year tertiary-educated workers",INST_EDU_PUB,Public educational institutions,ISCED11_02,Pre-primary education,Y25T64,From 25 to 64 years,F,Female,SH,School head,1.301658534,,A,Normal value,0,Units,MEAN,Arithmetic mean,_Z,Not applicable,2024,,_Z,Not applicable,2025,,2,Two
NLD,Netherlands,SAL_ACT_REL_TER,Actual salaries relative to earnings of tertiary-educated workers,FCTR_EARN_FT_TER,"Factor of earnings for full-time, full-year tertiary-educated workers",INST_EDU_PUB,Public educational institutions,ISCED11_02,Pre-primary education,Y25T64,From 25 to 64 years,F,Female,TE,Teacher,0.938042691,,A,Normal value,0,Units,MEAN,Arithmetic mean,_Z,Not applicable,2024,,_Z,Not applicable,2025,,2,Two
POL,Poland,SAL_ACT_REL_TER,Actual salaries relative to earnings of tertiary-educated workers,FCTR_EARN_FT_TER,"Factor of earnings for full-time, full-year tertiary-educated workers",INST_EDU_PUB,Public educational institutions,ISCED11_1,Primary education,Y25T64,From 25 to 64 years,F,Female,SH,School head,1.253746178,,A,Normal value,0,Units,MEAN,Arithmetic mean,_Z,Not applicable,2024,,_Z,Not applicable,2025,,2,Two
POL,Poland,SAL_ACT_REL_TER,Actual salaries relative to earnings of tertiary-educated workers,FCTR_EARN_FT_TER,"Factor of earnings for full-time, full-year tertiary-educated workers",INST_EDU_PUB,Public educational institutions,ISCED11_02,Pre-primary education,Y25T64,From 25 to 64 years,F,Female,SH,School head,1.17532964,,A,Normal value,0,Units,MEAN,Arithmetic mean,_Z,Not applicable,2024,,_Z,Not applicable,2025,,2,Two
POL,Poland,SAL_ACT_REL_TER,Actual salaries relative to earnings of tertiary-educated workers,FCTR_EARN_FT_TER,"Factor of earnings for full-time, full-year tertiary-educated workers",INST_EDU_PUB,Public educational institutions,ISCED11_34,Upper secondary general education,Y25T64,From 25 to 64 years,F,Female,SH,School head,1.366588159,,A,Normal value,0,Units,MEAN,Arithmetic mean,_Z,Not applicable,2024,,_Z,Not applicable,2025,,2,Two
POL,Poland,SAL_ACT_REL_TER,Actual salaries relative to earnings of tertiary-educated workers,FCTR_EARN_FT_TER,"Factor of earnings for full-time, full-year tertiary-educated workers",INST_EDU_PUB,Public educational institutions,ISCED11_34,Upper secondary general education,Y25T64,From 25 to 64 years,F,Female,TE,Teacher,0.978856323,,A,Normal value,0,Units,MEAN,Arithmetic mean,_Z,Not applicable,2024,,_Z,Not applicable,2025,,2,Two
POL,Poland,SAL_ACT_REL_TER,Actual salaries relative to earnings of tertiary-educated workers,FCTR_EARN_FT_TER,"Factor of earnings for full-time, full-year tertiary-educated workers",INST_EDU_PUB,Public educational institutions,ISCED11_24,Lower secondary general education,Y25T64,From 25 to 64 years,F,Female,SH,School head,1.253746178,,A,Normal value,0,Units,MEAN,Arithmetic mean,_Z,Not applicable,2024,,_Z,Not applicable,2025,,2,Two
POL,Poland,SAL_ACT_REL_TER,Actual salaries relative to earnings of tertiary-educated workers,FCTR_EARN_FT_TER,"Factor of earnings for full-time, full-year tertiary-educated workers",INST_EDU_PUB,Public educational institutions,ISCED11_02,Pre-primary education,Y25T64,From 25 to 64 years,F,Female,TE,Teacher,0.802744065,,A,Normal value,0,Units,MEAN,Arithmetic mean,_Z,Not applicable,2024,,_Z,Not applicable,2025,,2,Two
POL,Poland,SAL_ACT_REL_TER,Actual salaries relative to earnings of tertiary-educated workers,FCTR_EARN_FT_TER,"Factor of earnings for full-time, full-year tertiary-educated workers",INST_EDU_PUB,Public educational institutions,ISCED11_1,Primary education,Y25T64,From 25 to 64 years,F,Female,TE,Teacher,0.936678733,,A,Normal value,0,Units,MEAN,Arithmetic mean,_Z,Not applicable,2024,,_Z,Not applicable,2025,,2,Two
POL,Poland,SAL_ACT_REL_TER,Actual salaries relative to earnings of tertiary-educated workers,FCTR_EARN_FT_TER,"Factor of earnings for full-time, full-year tertiary-educated workers",INST_EDU_PUB,Public educational institutions,ISCED11_24,Lower secondary general education,Y25T64,From 25 to 64 years,F,Female,TE,Teacher,0.984475851,,A,Normal value,0,Units,MEAN,Arithmetic mean,_Z,Not applicable,2024,,_Z,Not applicable,2025,,2,Two
PRT,Portugal,SAL_ACT_REL_TER,Actual salaries relative to earnings of tertiary-educated workers,FCTR_EARN_FT_TER,"Factor of earnings for full-time, full-year tertiary-educated workers",INST_EDU_PUB,Public educational institutions,ISCED11_34,Upper secondary general education,Y25T64,From 25 to 64 years,F,Female,TE,Teacher,1.570866858,,A,Normal value,0,Units,MEAN,Arithmetic mean,_Z,Not applicable,2024,,_Z,Not applicable,2025,,2,Two
PRT,Portugal,SAL_ACT_REL_TER,Actual salaries relative to earnings of tertiary-educated workers,FCTR_EARN_FT_TER,"Factor of earnings for full-time, full-year tertiary-educated workers",INST_EDU_PUB,Public educational institutions,ISCED11_02,Pre-primary education,Y25T64,From 25 to 64 years,F,Female,SH,School head,2.150581885,,A,Normal value,0,Units,MEAN,Arithmetic mean,_Z,Not applicable,2024,,_Z,Not applicable,2025,,2,Two
PRT,Portugal,SAL_ACT_REL_TER,Actual salaries relative to earnings of tertiary-educated workers,FCTR_EARN_FT_TER,"Factor of earnings for full-time, full-year tertiary-educated workers",INST_EDU_PUB,Public educational institutions,ISCED11_1,Primary education,Y25T64,From 25 to 64 years,F,Female,TE,Teacher,1.455223699,,A,Normal value,0,Units,MEAN,Arithmetic mean,_Z,Not applicable,2024,,_Z,Not applicable,2025,,2,Two
PRT,Portugal,SAL_ACT_REL_TER,Actual salaries relative to earnings of tertiary-educated workers,FCTR_EARN_FT_TER,"Factor of earnings for full-time, full-year tertiary-educated workers",INST_EDU_PUB,Public educational institutions,ISCED11_02,Pre-primary education,Y25T64,From 25 to 64 years,F,Female,TE,Teacher,1.555996137,,A,Normal value,0,Units,MEAN,Arithmetic mean,_Z,Not applicable,2024,,_Z,Not applicable,2025,,2,Two
PRT,Portugal,SAL_ACT_REL_TER,Actual salaries relative to earnings of tertiary-educated workers,FCTR_EARN_FT_TER,"Factor of earnings for full-time, full-year tertiary-educated workers",INST_EDU_PUB,Public educational institutions,ISCED11_24,Lower secondary general education,Y25T64,From 25 to 64 years,F,Female,TE,Teacher,1.46381387,,A,Normal value,0,Units,MEAN,Arithmetic mean,_Z,Not applicable,2024,,_Z,Not applicable,2025,,2,Two
SWE,Sweden,SAL_ACT_REL_TER,Actual salaries relative to earnings of tertiary-educated workers,FCTR_EARN_FT_TER,"Factor of earnings for full-time, full-year tertiary-educated workers",INST_EDU_PUB,Public educational institutions,ISCED11_02,Pre-primary education,Y25T64,From 25 to 64 years,F,Female,SH,School head,1.103981793,,A,Normal value,0,Units,MEAN,Arithmetic mean,_Z,Not applicable,2024,,_Z,Not applicable,2025,,2,Two
SWE,Sweden,SAL_ACT_REL_TER,Actual salaries relative to earnings of tertiary-educated workers,FCTR_EARN_FT_TER,"Factor of earnings for full-time, full-year tertiary-educated workers",INST_EDU_PUB,Public educational institutions,ISCED11_34,Upper secondary general education,Y25T64,From 25 to 64 years,F,Female,SH,School head,1.236666315,,A,Normal value,0,Units,MEAN,Arithmetic mean,_Z,Not applicable,2024,,_Z,Not applicable,2025,,2,Two
SWE,Sweden,SAL_ACT_REL_TER,Actual salaries relative to earnings of tertiary-educated workers,FCTR_EARN_FT_TER,"Factor of earnings for full-time, full-year tertiary-educated workers",INST_EDU_PUB,Public educational institutions,ISCED11_1,Primary education,Y25T64,From 25 to 64 years,F,Female,SH,School head,1.220412674,,A,Normal value,0,Units,MEAN,Arithmetic mean,_Z,Not applicable,2024,,_Z,Not applicable,2025,,2,Two
SWE,Sweden,SAL_ACT_REL_TER,Actual salaries relative to earnings of tertiary-educated workers,FCTR_EARN_FT_TER,"Factor of earnings for full-time, full-year tertiary-educated workers",INST_EDU_PUB,Public educational institutions,ISCED11_34,Upper secondary general education,Y25T64,From 25 to 64 years,F,Female,TE,Teacher,0.877014036,,A,Normal value,0,Units,MEAN,Arithmetic mean,_Z,Not applicable,2024,,_Z,Not applicable,2025,,2,Two
SWE,Sweden,SAL_ACT_REL_TER,Actual salaries relative to earnings of tertiary-educated workers,FCTR_EARN_FT_TER,"Factor of earnings for full-time, full-year tertiary-educated workers",INST_EDU_PUB,Public educational institutions,ISCED11_24,Lower secondary general education,Y25T64,From 25 to 64 years,F,Female,TE,Teacher,0.861531334,,A,Normal value,0,Units,MEAN,Arithmetic mean,_Z,Not applicable,2024,,_Z,Not applicable,2025,,2,Two
SWE,Sweden,SAL_ACT_REL_TER,Actual salaries relative to earnings of tertiary-educated workers,FCTR_EARN_FT_TER,"Factor of earnings for full-time, full-year tertiary-educated workers",INST_EDU_PUB,Public educational institutions,ISCED11_02,Pre-primary education,Y25T64,From 25 to 64 years,F,Female,TE,Teacher,0.723811492,,A,Normal value,0,Units,MEAN,Arithmetic mean,_Z,Not applicable,2024,,_Z,Not applicable,2025,,2,Two
SWE,Sweden,SAL_ACT_REL_TER,Actual salaries relative to earnings of tertiary-educated workers,FCTR_EARN_FT_TER,"Factor of earnings for full-time, full-year tertiary-educated workers",INST_EDU_PUB,Public educational institutions,ISCED11_24,Lower secondary general education,Y25T64,From 25 to 64 years,F,Female,SH,School head,1.220412674,,A,Normal value,0,Units,MEAN,Arithmetic mean,_Z,Not applicable,2024,,_Z,Not applicable,2025,,2,Two
SWE,Sweden,SAL_ACT_REL_TER,Actual salaries relative to earnings of tertiary-educated workers,FCTR_EARN_FT_TER,"Factor of earnings for full-time, full-year tertiary-educated workers",INST_EDU_PUB,Public educational institutions,ISCED11_1,Primary education,Y25T64,From 25 to 64 years,F,Female,TE,Teacher,0.828349192,,A,Normal value,0,Units,MEAN,Arithmetic mean,_Z,Not applicable,2024,,_Z,Not applicable,2025,,2,Two
USA,United States,SAL_ACT_REL_TER,Actual salaries relative to earnings of tertiary-educated workers,FCTR_EARN_FT_TER,"Factor of earnings for full-time, full-year tertiary-educated workers",INST_EDU_PUB,Public educational institutions,ISCED11_24,Lower secondary general education,Y25T64,From 25 to 64 years,F,Female,TE,Teacher,0.757075427,,A,Normal value,0,Units,MEAN,Arithmetic mean,_Z,Not applicable,2024,,_Z,Not applicable,2025,,2,Two
USA,United States,SAL_ACT_REL_TER,Actual salaries relative to earnings of tertiary-educated workers,FCTR_EARN_FT_TER,"Factor of earnings for full-time, full-year tertiary-educated workers",INST_EDU_PUB,Public educational institutions,ISCED11_1,Primary education,Y25T64,From 25 to 64 years,F,Female,TE,Teacher,0.725078286,,A,Normal value,0,Units,MEAN,Arithmetic mean,_Z,Not applicable,2024,,_Z,Not applicable,2025,,2,Two
USA,United States,SAL_ACT_REL_TER,Actual salaries relative to earnings of tertiary-educated workers,FCTR_EARN_FT_TER,"Factor of earnings for full-time, full-year tertiary-educated workers",INST_EDU_PUB,Public educational institutions,ISCED11_02,Pre-primary education,Y25T64,From 25 to 64 years,F,Female,TE,Teacher,0.713727735,,A,Normal value,0,Units,MEAN,Arithmetic mean,_Z,Not applicable,2024,,_Z,Not applicable,2025,,2,Two
USA,United States,SAL_ACT_REL_TER,Actual salaries relative to earnings of tertiary-educated workers,FCTR_EARN_FT_TER,"Factor of earnings for full-time, full-year tertiary-educated workers",INST_EDU_PUB,Public educational institutions,ISCED11_34,Upper secondary general education,Y25T64,From 25 to 64 years,F,Female,TE,Teacher,0.773004245,,A,Normal value,0,Units,MEAN,Arithmetic mean,_Z,Not applicable,2024,,_Z,Not applicable,2025,,2,Two
USA,United States,SAL_ACT_REL_TER,Actual salaries relative to earnings of tertiary-educated workers,FCTR_EARN_FT_TER,"Factor of earnings for full-time, full-year tertiary-educated workers",INST_EDU_PUB,Public educational institutions,ISCED11_24,Lower secondary general education,Y25T64,From 25 to 64 years,F,Female,SH,School head,1.268192651,,A,Normal value,0,Units,MEAN,Arithmetic mean,_Z,Not applicable,2024,,_Z,Not applicable,2025,,2,Two
USA,United States,SAL_ACT_REL_TER,Actual salaries relative to earnings of tertiary-educated workers,FCTR_EARN_FT_TER,"Factor of earnings for full-time, full-year tertiary-educated workers",INST_EDU_PUB,Public educational institutions,ISCED11_02,Pre-primary education,Y25T64,From 25 to 64 years,F,Female,SH,School head,1.240038211,,A,Normal value,0,Units,MEAN,Arithmetic mean,_Z,Not applicable,2024,,_Z,Not applicable,2025,,2,Two
USA,United States,SAL_ACT_REL_TER,Actual salaries relative to earnings of tertiary-educated workers,FCTR_EARN_FT_TER,"Factor of earnings for full-time, full-year tertiary-educated workers",INST_EDU_PUB,Public educational institutions,ISCED11_1,Primary education,Y25T64,From 25 to 64 years,F,Female,SH,School head,1.255434378,,A,Normal value,0,Units,MEAN,Arithmetic mean,_Z,Not applicable,2024,,_Z,Not applicable,2025,,2,Two
USA,United States,SAL_ACT_REL_TER,Actual salaries relative to earnings of tertiary-educated workers,FCTR_EARN_FT_TER,"Factor of earnings for full-time, full-year tertiary-educated workers",INST_EDU_PUB,Public educational institutions,ISCED11_34,Upper secondary general education,Y25T64,From 25 to 64 years,F,Female,SH,School head,1.338413883,,A,Normal value,0,Units,MEAN,Arithmetic mean,_Z,Not applicable,2024,,_Z,Not applicable,2025,,2,Two
NLD,Netherlands,SAL_ACT_REL_TER,Actual salaries relative to earnings of tertiary-educated workers,FCTR_EARN_FT_TER,"Factor of earnings for full-time, full-year tertiary-educated workers",INST_EDU_PUB,Public educational institutions,ISCED11_34,Upper secondary general education,Y25T64,From 25 to 64 years,M,Male,SH,School head,1.207041576,,A,Normal value,0,Units,MEAN,Arithmetic mean,_Z,Not applicable,2024,,_Z,Not applicable,2025,,2,Two
NLD,Netherlands,SAL_ACT_REL_TER,Actual salaries relative to earnings of tertiary-educated workers,FCTR_EARN_FT_TER,"Factor of earnings for full-time, full-year tertiary-educated workers",INST_EDU_PUB,Public educational institutions,ISCED11_24,Lower secondary general education,Y25T64,From 25 to 64 years,M,Male,TE,Teacher,0.838466829,,A,Normal value,0,Units,MEAN,Arithmetic mean,_Z,Not applicable,2024,,_Z,Not applicable,2025,,2,Two
NLD,Netherlands,SAL_ACT_REL_TER,Actual salaries relative to earnings of tertiary-educated workers,FCTR_EARN_FT_TER,"Factor of earnings for full-time, full-year tertiary-educated workers",INST_EDU_PUB,Public educational institutions,ISCED11_24,Lower secondary general education,Y25T64,From 25 to 64 years,M,Male,SH,School head,1.207041576,,A,Normal value,0,Units,MEAN,Arithmetic mean,_Z,Not applicable,2024,,_Z,Not applicable,2025,,2,Two
NLD,Netherlands,SAL_ACT_REL_TER,Actual salaries relative to earnings of tertiary-educated workers,FCTR_EARN_FT_TER,"Factor of earnings for full-time, full-year tertiary-educated workers",INST_EDU_PUB,Public educational institutions,ISCED11_02,Pre-primary education,Y25T64,From 25 to 64 years,M,Male,SH,School head,1.070079074,,A,Normal value,0,Units,MEAN,Arithmetic mean,_Z,Not applicable,2024,,_Z,Not applicable,2025,,2,Two
NLD,Netherlands,SAL_ACT_REL_TER,Actual salaries relative to earnings of tertiary-educated workers,FCTR_EARN_FT_TER,"Factor of earnings for full-time, full-year tertiary-educated workers",INST_EDU_PUB,Public educational institutions,ISCED11_1,Primary education,Y25T64,From 25 to 64 years,M,Male,SH,School head,1.070079074,,A,Normal value,0,Units,MEAN,Arithmetic mean,_Z,Not applicable,2024,,_Z,Not applicable,2025,,2,Two
NLD,Netherlands,SAL_ACT_REL_TER,Actual salaries relative to earnings of tertiary-educated workers,FCTR_EARN_FT_TER,"Factor of earnings for full-time, full-year tertiary-educated workers",INST_EDU_PUB,Public educational institutions,ISCED11_34,Upper secondary general education,Y25T64,From 25 to 64 years,M,Male,TE,Teacher,0.838466829,,A,Normal value,0,Units,MEAN,Arithmetic mean,_Z,Not applicable,2024,,_Z,Not applicable,2025,,2,Two
NLD,Netherlands,SAL_ACT_REL_TER,Actual salaries relative to earnings of tertiary-educated workers,FCTR_EARN_FT_TER,"Factor of earnings for full-time, full-year tertiary-educated workers",INST_EDU_PUB,Public educational institutions,ISCED11_02,Pre-primary education,Y25T64,From 25 to 64 years,M,Male,TE,Teacher,0.742566792,,A,Normal value,0,Units,MEAN,Arithmetic mean,_Z,Not applicable,2024,,_Z,Not applicable,2025,,2,Two
NLD,Netherlands,SAL_ACT_REL_TER,Actual salaries relative to earnings of tertiary-educated workers,FCTR_EARN_FT_TER,"Factor of earnings for full-time, full-year tertiary-educated workers",INST_EDU_PUB,Public educational institutions,ISCED11_1,Primary education,Y25T64,From 25 to 64 years,M,Male,TE,Teacher,0.742566792,,A,Normal value,0,Units,MEAN,Arithmetic mean,_Z,Not applicable,2024,,_Z,Not applicable,2025,,2,Two
POL,Poland,SAL_ACT_REL_TER,Actual salaries relative to earnings of tertiary-educated workers,FCTR_EARN_FT_TER,"Factor of earnings for full-time, full-year tertiary-educated workers",INST_EDU_PUB,Public educational institutions,ISCED11_24,Lower secondary general education,Y25T64,From 25 to 64 years,M,Male,SH,School head,0.965061325,,A,Normal value,0,Units,MEAN,Arithmetic mean,_Z,Not applicable,2024,,_Z,Not applicable,2025,,2,Two
POL,Poland,SAL_ACT_REL_TER,Actual salaries relative to earnings of tertiary-educated workers,FCTR_EARN_FT_TER,"Factor of earnings for full-time, full-year tertiary-educated workers",INST_EDU_PUB,Public educational institutions,ISCED11_02,Pre-primary education,Y25T64,From 25 to 64 years,M,Male,SH,School head,0.913335585,,A,Normal value,0,Units,MEAN,Arithmetic mean,_Z,Not applicable,2024,,_Z,Not applicable,2025,,2,Two
POL,Poland,SAL_ACT_REL_TER,Actual salaries relative to earnings of tertiary-educated workers,FCTR_EARN_FT_TER,"Factor of earnings for full-time, full-year tertiary-educated workers",INST_EDU_PUB,Public educational institutions,ISCED11_1,Primary education,Y25T64,From 25 to 64 years,M,Male,SH,School head,0.965061325,,A,Normal value,0,Units,MEAN,Arithmetic mean,_Z,Not applicable,2024,,_Z,Not applicable,2025,,2,Two
POL,Poland,SAL_ACT_REL_TER,Actual salaries relative to earnings of tertiary-educated workers,FCTR_EARN_FT_TER,"Factor of earnings for full-time, full-year tertiary-educated workers",INST_EDU_PUB,Public educational institutions,ISCED11_34,Upper secondary general education,Y25T64,From 25 to 64 years,M,Male,TE,Teacher,0.73250668,,A,Normal value,0,Units,MEAN,Arithmetic mean,_Z,Not applicable,2024,,_Z,Not applicable,2025,,2,Two
POL,Poland,SAL_ACT_REL_TER,Actual salaries relative to earnings of tertiary-educated workers,FCTR_EARN_FT_TER,"Factor of earnings for full-time, full-year tertiary-educated workers",INST_EDU_PUB,Public educational institutions,ISCED11_1,Primary education,Y25T64,From 25 to 64 years,M,Male,TE,Teacher,0.681310392,,A,Normal value,0,Units,MEAN,Arithmetic mean,_Z,Not applicable,2024,,_Z,Not applicable,2025,,2,Two
POL,Poland,SAL_ACT_REL_TER,Actual salaries relative to earnings of tertiary-educated workers,FCTR_EARN_FT_TER,"Factor of earnings for full-time, full-year tertiary-educated workers",INST_EDU_PUB,Public educational institutions,ISCED11_02,Pre-primary education,Y25T64,From 25 to 64 years,M,Male,TE,Teacher,0.615313226,,A,Normal value,0,Units,MEAN,Arithmetic mean,_Z,Not applicable,2024,,_Z,Not applicable,2025,,2,Two
POL,Poland,SAL_ACT_REL_TER,Actual salaries relative to earnings of tertiary-educated workers,FCTR_EARN_FT_TER,"Factor of earnings for full-time, full-year tertiary-educated workers",INST_EDU_PUB,Public educational institutions,ISCED11_24,Lower secondary general education,Y25T64,From 25 to 64 years,M,Male,TE,Teacher,0.723172846,,A,Normal value,0,Units,MEAN,Arithmetic mean,_Z,Not applicable,2024,,_Z,Not applicable,2025,,2,Two
POL,Poland,SAL_ACT_REL_TER,Actual salaries relative to earnings of tertiary-educated workers,FCTR_EARN_FT_TER,"Factor of earnings for full-time, full-year tertiary-educated workers",INST_EDU_PUB,Public educational institutions,ISCED11_34,Upper secondary general education,Y25T64,From 25 to 64 years,M,Male,SH,School head,1.039839077,,A,Normal value,0,Units,MEAN,Arithmetic mean,_Z,Not applicable,2024,,_Z,Not applicable,2025,,2,Two
PRT,Portugal,SAL_ACT_REL_TER,Actual salaries relative to earnings of tertiary-educated workers,FCTR_EARN_FT_TER,"Factor of earnings for full-time, full-year tertiary-educated workers",INST_EDU_PUB,Public educational institutions,ISCED11_34,Upper secondary general education,Y25T64,From 25 to 64 years,M,Male,TE,Teacher,1.110166107,,A,Normal value,0,Units,MEAN,Arithmetic mean,_Z,Not applicable,2024,,_Z,Not applicable,2025,,2,Two
PRT,Portugal,SAL_ACT_REL_TER,Actual salaries relative to earnings of tertiary-educated workers,FCTR_EARN_FT_TER,"Factor of earnings for full-time, full-year tertiary-educated workers",INST_EDU_PUB,Public educational institutions,ISCED11_02,Pre-primary education,Y25T64,From 25 to 64 years,M,Male,SH,School head,1.550391976,,A,Normal value,0,Units,MEAN,Arithmetic mean,_Z,Not applicable,2024,,_Z,Not applicable,2025,,2,Two
PRT,Portugal,SAL_ACT_REL_TER,Actual salaries relative to earnings of tertiary-educated workers,FCTR_EARN_FT_TER,"Factor of earnings for full-time, full-year tertiary-educated workers",INST_EDU_PUB,Public educational institutions,ISCED11_02,Pre-primary education,Y25T64,From 25 to 64 years,M,Male,TE,Teacher,1.065609441,,A,Normal value,0,Units,MEAN,Arithmetic mean,_Z,Not applicable,2024,,_Z,Not applicable,2025,,2,Two
PRT,Portugal,SAL_ACT_REL_TER,Actual salaries relative to earnings of tertiary-educated workers,FCTR_EARN_FT_TER,"Factor of earnings for full-time, full-year tertiary-educated workers",INST_EDU_PUB,Public educational institutions,ISCED11_24,Lower secondary general education,Y25T64,From 25 to 64 years,M,Male,TE,Teacher,1.037075171,,A,Normal value,0,Units,MEAN,Arithmetic mean,_Z,Not applicable,2024,,_Z,Not applicable,2025,,2,Two
PRT,Portugal,SAL_ACT_REL_TER,Actual salaries relative to earnings of tertiary-educated workers,FCTR_EARN_FT_TER,"Factor of earnings for full-time, full-year tertiary-educated workers",INST_EDU_PUB,Public educational institutions,ISCED11_1,Primary education,Y25T64,From 25 to 64 years,M,Male,TE,Teacher,1.094683791,,A,Normal value,0,Units,MEAN,Arithmetic mean,_Z,Not applicable,2024,,_Z,Not applicable,2025,,2,Two
SWE,Sweden,SAL_ACT_REL_TER,Actual salaries relative to earnings of tertiary-educated workers,FCTR_EARN_FT_TER,"Factor of earnings for full-time, full-year tertiary-educated workers",INST_EDU_PUB,Public educational institutions,ISCED11_34,Upper secondary general education,Y25T64,From 25 to 64 years,M,Male,SH,School head,1.003429372,,A,Normal value,0,Units,MEAN,Arithmetic mean,_Z,Not applicable,2024,,_Z,Not applicable,2025,,2,Two
SWE,Sweden,SAL_ACT_REL_TER,Actual salaries relative to earnings of tertiary-educated workers,FCTR_EARN_FT_TER,"Factor of earnings for full-time, full-year tertiary-educated workers",INST_EDU_PUB,Public educational institutions,ISCED11_1,Primary education,Y25T64,From 25 to 64 years,M,Male,TE,Teacher,0.652398252,,A,Normal value,0,Units,MEAN,Arithmetic mean,_Z,Not applicable,2024,,_Z,Not applicable,2025,,2,Two
SWE,Sweden,SAL_ACT_REL_TER,Actual salaries relative to earnings of tertiary-educated workers,FCTR_EARN_FT_TER,"Factor of earnings for full-time, full-year tertiary-educated workers",INST_EDU_PUB,Public educational institutions,ISCED11_1,Primary education,Y25T64,From 25 to 64 years,M,Male,SH,School head,0.990202071,,A,Normal value,0,Units,MEAN,Arithmetic mean,_Z,Not applicable,2024,,_Z,Not applicable,2025,,2,Two
SWE,Sweden,SAL_ACT_REL_TER,Actual salaries relative to earnings of tertiary-educated workers,FCTR_EARN_FT_TER,"Factor of earnings for full-time, full-year tertiary-educated workers",INST_EDU_PUB,Public educational institutions,ISCED11_34,Upper secondary general education,Y25T64,From 25 to 64 years,M,Male,TE,Teacher,0.698146899,,A,Normal value,0,Units,MEAN,Arithmetic mean,_Z,Not applicable,2024,,_Z,Not applicable,2025,,2,Two
SWE,Sweden,SAL_ACT_REL_TER,Actual salaries relative to earnings of tertiary-educated workers,FCTR_EARN_FT_TER,"Factor of earnings for full-time, full-year tertiary-educated workers",INST_EDU_PUB,Public educational institutions,ISCED11_02,Pre-primary education,Y25T64,From 25 to 64 years,M,Male,SH,School head,0.881786312,,A,Normal value,0,Units,MEAN,Arithmetic mean,_Z,Not applicable,2024,,_Z,Not applicable,2025,,2,Two
SWE,Sweden,SAL_ACT_REL_TER,Actual salaries relative to earnings of tertiary-educated workers,FCTR_EARN_FT_TER,"Factor of earnings for full-time, full-year tertiary-educated workers",INST_EDU_PUB,Public educational institutions,ISCED11_24,Lower secondary general education,Y25T64,From 25 to 64 years,M,Male,SH,School head,0.990202071,,A,Normal value,0,Units,MEAN,Arithmetic mean,_Z,Not applicable,2024,,_Z,Not applicable,2025,,2,Two
SWE,Sweden,SAL_ACT_REL_TER,Actual salaries relative to earnings of tertiary-educated workers,FCTR_EARN_FT_TER,"Factor of earnings for full-time, full-year tertiary-educated workers",INST_EDU_PUB,Public educational institutions,ISCED11_24,Lower secondary general education,Y25T64,From 25 to 64 years,M,Male,TE,Teacher,0.683319812,,A,Normal value,0,Units,MEAN,Arithmetic mean,_Z,Not applicable,2024,,_Z,Not applicable,2025,,2,Two
SWE,Sweden,SAL_ACT_REL_TER,Actual salaries relative to earnings of tertiary-educated workers,FCTR_EARN_FT_TER,"Factor of earnings for full-time, full-year tertiary-educated workers",INST_EDU_PUB,Public educational institutions,ISCED11_02,Pre-primary education,Y25T64,From 25 to 64 years,M,Male,TE,Teacher,0.582402889,,A,Normal value,0,Units,MEAN,Arithmetic mean,_Z,Not applicable,2024,,_Z,Not applicable,2025,,2,Two
USA,United States,SAL_ACT_REL_TER,Actual salaries relative to earnings of tertiary-educated workers,FCTR_EARN_FT_TER,"Factor of earnings for full-time, full-year tertiary-educated workers",INST_EDU_PUB,Public educational institutions,ISCED11_34,Upper secondary general education,Y25T64,From 25 to 64 years,M,Male,TE,Teacher,0.583744219,,A,Normal value,0,Units,MEAN,Arithmetic mean,_Z,Not applicable,2024,,_Z,Not applicable,2025,,2,Two
USA,United States,SAL_ACT_REL_TER,Actual salaries relative to earnings of tertiary-educated workers,FCTR_EARN_FT_TER,"Factor of earnings for full-time, full-year tertiary-educated workers",INST_EDU_PUB,Public educational institutions,ISCED11_24,Lower secondary general education,Y25T64,From 25 to 64 years,M,Male,SH,School head,0.954880092,,A,Normal value,0,Units,MEAN,Arithmetic mean,_Z,Not applicable,2024,,_Z,Not applicable,2025,,2,Two
USA,United States,SAL_ACT_REL_TER,Actual salaries relative to earnings of tertiary-educated workers,FCTR_EARN_FT_TER,"Factor of earnings for full-time, full-year tertiary-educated workers",INST_EDU_PUB,Public educational institutions,ISCED11_34,Upper secondary general education,Y25T64,From 25 to 64 years,M,Male,SH,School head,0.979059009,,A,Normal value,0,Units,MEAN,Arithmetic mean,_Z,Not applicable,2024,,_Z,Not applicable,2025,,2,Two
USA,United States,SAL_ACT_REL_TER,Actual salaries relative to earnings of tertiary-educated workers,FCTR_EARN_FT_TER,"Factor of earnings for full-time, full-year tertiary-educated workers",INST_EDU_PUB,Public educational institutions,ISCED11_24,Lower secondary general education,Y25T64,From 25 to 64 years,M,Male,TE,Teacher,0.556626226,,A,Normal value,0,Units,MEAN,Arithmetic mean,_Z,Not applicable,2024,,_Z,Not applicable,2025,,2,Two
USA,United States,SAL_ACT_REL_TER,Actual salaries relative to earnings of tertiary-educated workers,FCTR_EARN_FT_TER,"Factor of earnings for full-time, full-year tertiary-educated workers",INST_EDU_PUB,Public educational institutions,ISCED11_1,Primary education,Y25T64,From 25 to 64 years,M,Male,TE,Teacher,0.547617321,,A,Normal value,0,Units,MEAN,Arithmetic mean,_Z,Not applicable,2024,,_Z,Not applicable,2025,,2,Two
USA,United States,SAL_ACT_REL_TER,Actual salaries relative to earnings of tertiary-educated workers,FCTR_EARN_FT_TER,"Factor of earnings for full-time, full-year tertiary-educated workers",INST_EDU_PUB,Public educational institutions,ISCED11_02,Pre-primary education,Y25T64,From 25 to 64 years,M,Male,SH,School head,0.912345645,,A,Normal value,0,Units,MEAN,Arithmetic mean,_Z,Not applicable,2024,,_Z,Not applicable,2025,,2,Two
USA,United States,SAL_ACT_REL_TER,Actual salaries relative to earnings of tertiary-educated workers,FCTR_EARN_FT_TER,"Factor of earnings for full-time, full-year tertiary-educated workers",INST_EDU_PUB,Public educational institutions,ISCED11_02,Pre-primary education,Y25T64,From 25 to 64 years,M,Male,TE,Teacher,0.519212342,,A,Normal value,0,Units,MEAN,Arithmetic mean,_Z,Not applicable,2024,,_Z,Not applicable,2025,,2,Two
USA,United States,SAL_ACT_REL_TER,Actual salaries relative to earnings of tertiary-educated workers,FCTR_EARN_FT_TER,"Factor of earnings for full-time, full-year tertiary-educated workers",INST_EDU_PUB,Public educational institutions,ISCED11_1,Primary education,Y25T64,From 25 to 64 years,M,Male,SH,School head,0.918552388,,A,Normal value,0,Units,MEAN,Arithmetic mean,_Z,Not applicable,2024,,_Z,Not applicable,2025,,2,Two
NLD,Netherlands,SAL_ACT_REL_TER,Actual salaries relative to earnings of tertiary-educated workers,FCTR_EARN_FT_TER,"Factor of earnings for full-time, full-year tertiary-educated workers",INST_EDU_PUB,Public educational institutions,ISCED11_24,Lower secondary general education,Y35T44,From 35 to 44 years,_T,Total,SH,School head,1.212353072,,A,Normal value,0,Units,MEAN,Arithmetic mean,_Z,Not applicable,2024,,_Z,Not applicable,2025,,2,Two
NLD,Netherlands,SAL_ACT_REL_TER,Actual salaries relative to earnings of tertiary-educated workers,FCTR_EARN_FT_TER,"Factor of earnings for full-time, full-year tertiary-educated workers",INST_EDU_PUB,Public educational institutions,ISCED11_1,Primary education,Y35T44,From 35 to 44 years,_T,Total,TE,Teacher,0.837421539,,A,Normal value,0,Units,MEAN,Arithmetic mean,_Z,Not applicable,2024,,_Z,Not applicable,2025,,2,Two
NLD,Netherlands,SAL_ACT_REL_TER,Actual salaries relative to earnings of tertiary-educated workers,FCTR_EARN_FT_TER,"Factor of earnings for full-time, full-year tertiary-educated workers",INST_EDU_PUB,Public educational institutions,ISCED11_24,Lower secondary general education,Y35T44,From 35 to 44 years,_T,Total,TE,Teacher,0.900538529,,A,Normal value,0,Units,MEAN,Arithmetic mean,_Z,Not applicable,2024,,_Z,Not applicable,2025,,2,Two
NLD,Netherlands,SAL_ACT_REL_TER,Actual salaries relative to earnings of tertiary-educated workers,FCTR_EARN_FT_TER,"Factor of earnings for full-time, full-year tertiary-educated workers",INST_EDU_PUB,Public educational institutions,ISCED11_02,Pre-primary education,Y35T44,From 35 to 44 years,_T,Total,TE,Teacher,0.837421539,,A,Normal value,0,Units,MEAN,Arithmetic mean,_Z,Not applicable,2024,,_Z,Not applicable,2025,,2,Two
NLD,Netherlands,SAL_ACT_REL_TER,Actual salaries relative to earnings of tertiary-educated workers,FCTR_EARN_FT_TER,"Factor of earnings for full-time, full-year tertiary-educated workers",INST_EDU_PUB,Public educational institutions,ISCED11_34,Upper secondary general education,Y35T44,From 35 to 44 years,_T,Total,SH,School head,1.212353072,,A,Normal value,0,Units,MEAN,Arithmetic mean,_Z,Not applicable,2024,,_Z,Not applicable,2025,,2,Two
NLD,Netherlands,SAL_ACT_REL_TER,Actual salaries relative to earnings of tertiary-educated workers,FCTR_EARN_FT_TER,"Factor of earnings for full-time, full-year tertiary-educated workers",INST_EDU_PUB,Public educational institutions,ISCED11_1,Primary education,Y35T44,From 35 to 44 years,_T,Total,SH,School head,1.102721222,,A,Normal value,0,Units,MEAN,Arithmetic mean,_Z,Not applicable,2024,,_Z,Not applicable,2025,,2,Two
NLD,Netherlands,SAL_ACT_REL_TER,Actual salaries relative to earnings of tertiary-educated workers,FCTR_EARN_FT_TER,"Factor of earnings for full-time, full-year tertiary-educated workers",INST_EDU_PUB,Public educational institutions,ISCED11_34,Upper secondary general education,Y35T44,From 35 to 44 years,_T,Total,TE,Teacher,0.900538529,,A,Normal value,0,Units,MEAN,Arithmetic mean,_Z,Not applicable,2024,,_Z,Not applicable,2025,,2,Two
NLD,Netherlands,SAL_ACT_REL_TER,Actual salaries relative to earnings of tertiary-educated workers,FCTR_EARN_FT_TER,"Factor of earnings for full-time, full-year tertiary-educated workers",INST_EDU_PUB,Public educational institutions,ISCED11_02,Pre-primary education,Y35T44,From 35 to 44 years,_T,Total,SH,School head,1.102721222,,A,Normal value,0,Units,MEAN,Arithmetic mean,_Z,Not applicable,2024,,_Z,Not applicable,2025,,2,Two
POL,Poland,SAL_ACT_REL_TER,Actual salaries relative to earnings of tertiary-educated workers,FCTR_EARN_FT_TER,"Factor of earnings for full-time, full-year tertiary-educated workers",INST_EDU_PUB,Public educational institutions,ISCED11_02,Pre-primary education,Y35T44,From 35 to 44 years,_T,Total,SH,School head,1.007854416,,A,Normal value,0,Units,MEAN,Arithmetic mean,_Z,Not applicable,2024,,_Z,Not applicable,2025,,2,Two
POL,Poland,SAL_ACT_REL_TER,Actual salaries relative to earnings of tertiary-educated workers,FCTR_EARN_FT_TER,"Factor of earnings for full-time, full-year tertiary-educated workers",INST_EDU_PUB,Public educational institutions,ISCED11_1,Primary education,Y35T44,From 35 to 44 years,_T,Total,SH,School head,1.076216349,,A,Normal value,0,Units,MEAN,Arithmetic mean,_Z,Not applicable,2024,,_Z,Not applicable,2025,,2,Two
POL,Poland,SAL_ACT_REL_TER,Actual salaries relative to earnings of tertiary-educated workers,FCTR_EARN_FT_TER,"Factor of earnings for full-time, full-year tertiary-educated workers",INST_EDU_PUB,Public educational institutions,ISCED11_1,Primary education,Y35T44,From 35 to 44 years,_T,Total,TE,Teacher,0.797920702,,A,Normal value,0,Units,MEAN,Arithmetic mean,_Z,Not applicable,2024,,_Z,Not applicable,2025,,2,Two
POL,Poland,SAL_ACT_REL_TER,Actual salaries relative to earnings of tertiary-educated workers,FCTR_EARN_FT_TER,"Factor of earnings for full-time, full-year tertiary-educated workers",INST_EDU_PUB,Public educational institutions,ISCED11_24,Lower secondary general education,Y35T44,From 35 to 44 years,_T,Total,TE,Teacher,0.848834346,,A,Normal value,0,Units,MEAN,Arithmetic mean,_Z,Not applicable,2024,,_Z,Not applicable,2025,,2,Two
POL,Poland,SAL_ACT_REL_TER,Actual salaries relative to earnings of tertiary-educated workers,FCTR_EARN_FT_TER,"Factor of earnings for full-time, full-year tertiary-educated workers",INST_EDU_PUB,Public educational institutions,ISCED11_24,Lower secondary general education,Y35T44,From 35 to 44 years,_T,Total,SH,School head,1.076216349,,A,Normal value,0,Units,MEAN,Arithmetic mean,_Z,Not applicable,2024,,_Z,Not applicable,2025,,2,Two
POL,Poland,SAL_ACT_REL_TER,Actual salaries relative to earnings of tertiary-educated workers,FCTR_EARN_FT_TER,"Factor of earnings for full-time, full-year tertiary-educated workers",INST_EDU_PUB,Public educational institutions,ISCED11_34,Upper secondary general education,Y35T44,From 35 to 44 years,_T,Total,SH,School head,1.187044905,,A,Normal value,0,Units,MEAN,Arithmetic mean,_Z,Not applicable,2024,,_Z,Not applicable,2025,,2,Two
POL,Poland,SAL_ACT_REL_TER,Actual salaries relative to earnings of tertiary-educated workers,FCTR_EARN_FT_TER,"Factor of earnings for full-time, full-year tertiary-educated workers",INST_EDU_PUB,Public educational institutions,ISCED11_34,Upper secondary general education,Y35T44,From 35 to 44 years,_T,Total,TE,Teacher,0.837202153,,A,Normal value,0,Units,MEAN,Arithmetic mean,_Z,Not applicable,2024,,_Z,Not applicable,2025,,2,Two
POL,Poland,SAL_ACT_REL_TER,Actual salaries relative to earnings of tertiary-educated workers,FCTR_EARN_FT_TER,"Factor of earnings for full-time, full-year tertiary-educated workers",INST_EDU_PUB,Public educational institutions,ISCED11_02,Pre-primary education,Y35T44,From 35 to 44 years,_T,Total,TE,Teacher,0.71171058,,A,Normal value,0,Units,MEAN,Arithmetic mean,_Z,Not applicable,2024,,_Z,Not applicable,2025,,2,Two
PRT,Portugal,SAL_ACT_REL_TER,Actual salaries relative to earnings of tertiary-educated workers,FCTR_EARN_FT_TER,"Factor of earnings for full-time, full-year tertiary-educated workers",INST_EDU_PUB,Public educational institutions,ISCED11_02,Pre-primary education,Y35T44,From 35 to 44 years,_T,Total,SH,School head,1.468119862,,A,Normal value,0,Units,MEAN,Arithmetic mean,_Z,Not applicable,2024,,_Z,Not applicable,2025,,2,Two
PRT,Portugal,SAL_ACT_REL_TER,Actual salaries relative to earnings of tertiary-educated workers,FCTR_EARN_FT_TER,"Factor of earnings for full-time, full-year tertiary-educated workers",INST_EDU_PUB,Public educational institutions,ISCED11_02,Pre-primary education,Y35T44,From 35 to 44 years,_T,Total,TE,Teacher,0.979642517,,A,Normal value,0,Units,MEAN,Arithmetic mean,_Z,Not applicable,2024,,_Z,Not applicable,2025,,2,Two
PRT,Portugal,SAL_ACT_REL_TER,Actual salaries relative to earnings of tertiary-educated workers,FCTR_EARN_FT_TER,"Factor of earnings for full-time, full-year tertiary-educated workers",INST_EDU_PUB,Public educational institutions,ISCED11_34,Upper secondary general education,Y35T44,From 35 to 44 years,_T,Total,TE,Teacher,0.977308351,,A,Normal value,0,Units,MEAN,Arithmetic mean,_Z,Not applicable,2024,,_Z,Not applicable,2025,,2,Two
PRT,Portugal,SAL_ACT_REL_TER,Actual salaries relative to earnings of tertiary-educated workers,FCTR_EARN_FT_TER,"Factor of earnings for full-time, full-year tertiary-educated workers",INST_EDU_PUB,Public educational institutions,ISCED11_24,Lower secondary general education,Y35T44,From 35 to 44 years,_T,Total,TE,Teacher,0.989686505,,A,Normal value,0,Units,MEAN,Arithmetic mean,_Z,Not applicable,2024,,_Z,Not applicable,2025,,2,Two
PRT,Portugal,SAL_ACT_REL_TER,Actual salaries relative to earnings of tertiary-educated workers,FCTR_EARN_FT_TER,"Factor of earnings for full-time, full-year tertiary-educated workers",INST_EDU_PUB,Public educational institutions,ISCED11_1,Primary education,Y35T44,From 35 to 44 years,_T,Total,TE,Teacher,1.012780605,,A,Normal value,0,Units,MEAN,Arithmetic mean,_Z,Not applicable,2024,,_Z,Not applicable,2025,,2,Two
SWE,Sweden,SAL_ACT_REL_TER,Actual salaries relative to earnings of tertiary-educated workers,FCTR_EARN_FT_TER,"Factor of earnings for full-time, full-year tertiary-educated workers",INST_EDU_PUB,Public educational institutions,ISCED11_1,Primary education,Y35T44,From 35 to 44 years,_T,Total,SH,School head,1.071865327,,A,Normal value,0,Units,MEAN,Arithmetic mean,_Z,Not applicable,2024,,_Z,Not applicable,2025,,2,Two
SWE,Sweden,SAL_ACT_REL_TER,Actual salaries relative to earnings of tertiary-educated workers,FCTR_EARN_FT_TER,"Factor of earnings for full-time, full-year tertiary-educated workers",INST_EDU_PUB,Public educational institutions,ISCED11_34,Upper secondary general education,Y35T44,From 35 to 44 years,_T,Total,TE,Teacher,0.782112775,,A,Normal value,0,Units,MEAN,Arithmetic mean,_Z,Not applicable,2024,,_Z,Not applicable,2025,,2,Two
SWE,Sweden,SAL_ACT_REL_TER,Actual salaries relative to earnings of tertiary-educated workers,FCTR_EARN_FT_TER,"Factor of earnings for full-time, full-year tertiary-educated workers",INST_EDU_PUB,Public educational institutions,ISCED11_34,Upper secondary general education,Y35T44,From 35 to 44 years,_T,Total,SH,School head,1.093366175,,A,Normal value,0,Units,MEAN,Arithmetic mean,_Z,Not applicable,2024,,_Z,Not applicable,2025,,2,Two
SWE,Sweden,SAL_ACT_REL_TER,Actual salaries relative to earnings of tertiary-educated workers,FCTR_EARN_FT_TER,"Factor of earnings for full-time, full-year tertiary-educated workers",INST_EDU_PUB,Public educational institutions,ISCED11_24,Lower secondary general education,Y35T44,From 35 to 44 years,_T,Total,TE,Teacher,0.773188925,,A,Normal value,0,Units,MEAN,Arithmetic mean,_Z,Not applicable,2024,,_Z,Not applicable,2025,,2,Two
SWE,Sweden,SAL_ACT_REL_TER,Actual salaries relative to earnings of tertiary-educated workers,FCTR_EARN_FT_TER,"Factor of earnings for full-time, full-year tertiary-educated workers",INST_EDU_PUB,Public educational institutions,ISCED11_02,Pre-primary education,Y35T44,From 35 to 44 years,_T,Total,SH,School head,0.969622243,,A,Normal value,0,Units,MEAN,Arithmetic mean,_Z,Not applicable,2024,,_Z,Not applicable,2025,,2,Two
SWE,Sweden,SAL_ACT_REL_TER,Actual salaries relative to earnings of tertiary-educated workers,FCTR_EARN_FT_TER,"Factor of earnings for full-time, full-year tertiary-educated workers",INST_EDU_PUB,Public educational institutions,ISCED11_1,Primary education,Y35T44,From 35 to 44 years,_T,Total,TE,Teacher,0.7444877,,A,Normal value,0,Units,MEAN,Arithmetic mean,_Z,Not applicable,2024,,_Z,Not applicable,2025,,2,Two
SWE,Sweden,SAL_ACT_REL_TER,Actual salaries relative to earnings of tertiary-educated workers,FCTR_EARN_FT_TER,"Factor of earnings for full-time, full-year tertiary-educated workers",INST_EDU_PUB,Public educational institutions,ISCED11_24,Lower secondary general education,Y35T44,From 35 to 44 years,_T,Total,SH,School head,1.071865327,,A,Normal value,0,Units,MEAN,Arithmetic mean,_Z,Not applicable,2024,,_Z,Not applicable,2025,,2,Two
SWE,Sweden,SAL_ACT_REL_TER,Actual salaries relative to earnings of tertiary-educated workers,FCTR_EARN_FT_TER,"Factor of earnings for full-time, full-year tertiary-educated workers",INST_EDU_PUB,Public educational institutions,ISCED11_02,Pre-primary education,Y35T44,From 35 to 44 years,_T,Total,TE,Teacher,0.654480854,,A,Normal value,0,Units,MEAN,Arithmetic mean,_Z,Not applicable,2024,,_Z,Not applicable,2025,,2,Two
USA,United States,SAL_ACT_REL_TER,Actual salaries relative to earnings of tertiary-educated workers,FCTR_EARN_FT_TER,"Factor of earnings for full-time, full-year tertiary-educated workers",INST_EDU_PUB,Public educational institutions,ISCED11_24,Lower secondary general education,Y35T44,From 35 to 44 years,_T,Total,TE,Teacher,0.611438717,,A,Normal value,0,Units,MEAN,Arithmetic mean,_Z,Not applicable,2024,,_Z,Not applicable,2025,,2,Two
USA,United States,SAL_ACT_REL_TER,Actual salaries relative to earnings of tertiary-educated workers,FCTR_EARN_FT_TER,"Factor of earnings for full-time, full-year tertiary-educated workers",INST_EDU_PUB,Public educational institutions,ISCED11_02,Pre-primary education,Y35T44,From 35 to 44 years,_T,Total,SH,School head,0.960917628,,A,Normal value,0,Units,MEAN,Arithmetic mean,_Z,Not applicable,2024,,_Z,Not applicable,2025,,2,Two
USA,United States,SAL_ACT_REL_TER,Actual salaries relative to earnings of tertiary-educated workers,FCTR_EARN_FT_TER,"Factor of earnings for full-time, full-year tertiary-educated workers",INST_EDU_PUB,Public educational institutions,ISCED11_24,Lower secondary general education,Y35T44,From 35 to 44 years,_T,Total,SH,School head,1.012272565,,A,Normal value,0,Units,MEAN,Arithmetic mean,_Z,Not applicable,2024,,_Z,Not applicable,2025,,2,Two
USA,United States,SAL_ACT_REL_TER,Actual salaries relative to earnings of tertiary-educated workers,FCTR_EARN_FT_TER,"Factor of earnings for full-time, full-year tertiary-educated workers",INST_EDU_PUB,Public educational institutions,ISCED11_34,Upper secondary general education,Y35T44,From 35 to 44 years,_T,Total,TE,Teacher,0.627692844,,A,Normal value,0,Units,MEAN,Arithmetic mean,_Z,Not applicable,2024,,_Z,Not applicable,2025,,2,Two
USA,United States,SAL_ACT_REL_TER,Actual salaries relative to earnings of tertiary-educated workers,FCTR_EARN_FT_TER,"Factor of earnings for full-time, full-year tertiary-educated workers",INST_EDU_PUB,Public educational institutions,ISCED11_1,Primary education,Y35T44,From 35 to 44 years,_T,Total,TE,Teacher,0.584470033,,A,Normal value,0,Units,MEAN,Arithmetic mean,_Z,Not applicable,2024,,_Z,Not applicable,2025,,2,Two
USA,United States,SAL_ACT_REL_TER,Actual salaries relative to earnings of tertiary-educated workers,FCTR_EARN_FT_TER,"Factor of earnings for full-time, full-year tertiary-educated workers",INST_EDU_PUB,Public educational institutions,ISCED11_02,Pre-primary education,Y35T44,From 35 to 44 years,_T,Total,TE,Teacher,0.567041153,,A,Normal value,0,Units,MEAN,Arithmetic mean,_Z,Not applicable,2024,,_Z,Not applicable,2025,,2,Two
USA,United States,SAL_ACT_REL_TER,Actual salaries relative to earnings of tertiary-educated workers,FCTR_EARN_FT_TER,"Factor of earnings for full-time, full-year tertiary-educated workers",INST_EDU_PUB,Public educational institutions,ISCED11_1,Primary education,Y35T44,From 35 to 44 years,_T,Total,SH,School head,0.978498415,,A,Normal value,0,Units,MEAN,Arithmetic mean,_Z,Not applicable,2024,,_Z,Not applicable,2025,,2,Two
USA,United States,SAL_ACT_REL_TER,Actual salaries relative to earnings of tertiary-educated workers,FCTR_EARN_FT_TER,"Factor of earnings for full-time, full-year tertiary-educated workers",INST_EDU_PUB,Public educational institutions,ISCED11_34,Upper secondary general education,Y35T44,From 35 to 44 years,_T,Total,SH,School head,1.06080202,,A,Normal value,0,Units,MEAN,Arithmetic mean,_Z,Not applicable,2024,,_Z,Not applicable,2025,,2,Two
NLD,Netherlands,SAL_ACT_REL_TER,Actual salaries relative to earnings of tertiary-educated workers,FCTR_EARN_FT_TER,"Factor of earnings for full-time, full-year tertiary-educated workers",INST_EDU_PUB,Public educational institutions,ISCED11_02,Pre-primary education,Y25T34,From 25 to 34 years,_T,Total,TE,Teacher,0.970523823,,A,Normal value,0,Units,MEAN,Arithmetic mean,_Z,Not applicable,2024,,_Z,Not applicable,2025,,2,Two
NLD,Netherlands,SAL_ACT_REL_TER,Actual salaries relative to earnings of tertiary-educated workers,FCTR_EARN_FT_TER,"Factor of earnings for full-time, full-year tertiary-educated workers",INST_EDU_PUB,Public educational institutions,ISCED11_1,Primary education,Y25T34,From 25 to 34 years,_T,Total,SH,School head,1.427281446,,A,Normal value,0,Units,MEAN,Arithmetic mean,_Z,Not applicable,2024,,_Z,Not applicable,2025,,2,Two
NLD,Netherlands,SAL_ACT_REL_TER,Actual salaries relative to earnings of tertiary-educated workers,FCTR_EARN_FT_TER,"Factor of earnings for full-time, full-year tertiary-educated workers",INST_EDU_PUB,Public educational institutions,ISCED11_02,Pre-primary education,Y25T34,From 25 to 34 years,_T,Total,SH,School head,1.427281446,,A,Normal value,0,Units,MEAN,Arithmetic mean,_Z,Not applicable,2024,,_Z,Not applicable,2025,,2,Two
NLD,Netherlands,SAL_ACT_REL_TER,Actual salaries relative to earnings of tertiary-educated workers,FCTR_EARN_FT_TER,"Factor of earnings for full-time, full-year tertiary-educated workers",INST_EDU_PUB,Public educational institutions,ISCED11_24,Lower secondary general education,Y25T34,From 25 to 34 years,_T,Total,SH,School head,1.553467471,,A,Normal value,0,Units,MEAN,Arithmetic mean,_Z,Not applicable,2024,,_Z,Not applicable,2025,,2,Two
NLD,Netherlands,SAL_ACT_REL_TER,Actual salaries relative to earnings of tertiary-educated workers,FCTR_EARN_FT_TER,"Factor of earnings for full-time, full-year tertiary-educated workers",INST_EDU_PUB,Public educational institutions,ISCED11_24,Lower secondary general education,Y25T34,From 25 to 34 years,_T,Total,TE,Teacher,1.00865186,,A,Normal value,0,Units,MEAN,Arithmetic mean,_Z,Not applicable,2024,,_Z,Not applicable,2025,,2,Two
NLD,Netherlands,SAL_ACT_REL_TER,Actual salaries relative to earnings of tertiary-educated workers,FCTR_EARN_FT_TER,"Factor of earnings for full-time, full-year tertiary-educated workers",INST_EDU_PUB,Public educational institutions,ISCED11_34,Upper secondary general education,Y25T34,From 25 to 34 years,_T,Total,TE,Teacher,1.00865186,,A,Normal value,0,Units,MEAN,Arithmetic mean,_Z,Not applicable,2024,,_Z,Not applicable,2025,,2,Two
NLD,Netherlands,SAL_ACT_REL_TER,Actual salaries relative to earnings of tertiary-educated workers,FCTR_EARN_FT_TER,"Factor of earnings for full-time, full-year tertiary-educated workers",INST_EDU_PUB,Public educational institutions,ISCED11_34,Upper secondary general education,Y25T34,From 25 to 34 years,_T,Total,SH,School head,1.553467471,,A,Normal value,0,Units,MEAN,Arithmetic mean,_Z,Not applicable,2024,,_Z,Not applicable,2025,,2,Two
NLD,Netherlands,SAL_ACT_REL_TER,Actual salaries relative to earnings of tertiary-educated workers,FCTR_EARN_FT_TER,"Factor of earnings for full-time, full-year tertiary-educated workers",INST_EDU_PUB,Public educational institutions,ISCED11_1,Primary education,Y25T34,From 25 to 34 years,_T,Total,TE,Teacher,0.970523823,,A,Normal value,0,Units,MEAN,Arithmetic mean,_Z,Not applicable,2024,,_Z,Not applicable,2025,,2,Two
POL,Poland,SAL_ACT_REL_TER,Actual salaries relative to earnings of tertiary-educated workers,FCTR_EARN_FT_TER,"Factor of earnings for full-time, full-year tertiary-educated workers",INST_EDU_PUB,Public educational institutions,ISCED11_24,Lower secondary general education,Y25T34,From 25 to 34 years,_T,Total,TE,Teacher,0.794798605,,A,Normal value,0,Units,MEAN,Arithmetic mean,_Z,Not applicable,2024,,_Z,Not applicable,2025,,2,Two
POL,Poland,SAL_ACT_REL_TER,Actual salaries relative to earnings of tertiary-educated workers,FCTR_EARN_FT_TER,"Factor of earnings for full-time, full-year tertiary-educated workers",INST_EDU_PUB,Public educational institutions,ISCED11_02,Pre-primary education,Y25T34,From 25 to 34 years,_T,Total,TE,Teacher,0.701705928,,A,Normal value,0,Units,MEAN,Arithmetic mean,_Z,Not applicable,2024,,_Z,Not applicable,2025,,2,Two
POL,Poland,SAL_ACT_REL_TER,Actual salaries relative to earnings of tertiary-educated workers,FCTR_EARN_FT_TER,"Factor of earnings for full-time, full-year tertiary-educated workers",INST_EDU_PUB,Public educational institutions,ISCED11_1,Primary education,Y25T34,From 25 to 34 years,_T,Total,TE,Teacher,0.772412324,,A,Normal value,0,Units,MEAN,Arithmetic mean,_Z,Not applicable,2024,,_Z,Not applicable,2025,,2,Two
POL,Poland,SAL_ACT_REL_TER,Actual salaries relative to earnings of tertiary-educated workers,FCTR_EARN_FT_TER,"Factor of earnings for full-time, full-year tertiary-educated workers",INST_EDU_PUB,Public educational institutions,ISCED11_02,Pre-primary education,Y25T34,From 25 to 34 years,_T,Total,SH,School head,0.966353361,,A,Normal value,0,Units,MEAN,Arithmetic mean,_Z,Not applicable,2024,,_Z,Not applicable,2025,,2,Two
POL,Poland,SAL_ACT_REL_TER,Actual salaries relative to earnings of tertiary-educated workers,FCTR_EARN_FT_TER,"Factor of earnings for full-time, full-year tertiary-educated workers",INST_EDU_PUB,Public educational institutions,ISCED11_34,Upper secondary general education,Y25T34,From 25 to 34 years,_T,Total,TE,Teacher,0.786602535,,A,Normal value,0,Units,MEAN,Arithmetic mean,_Z,Not applicable,2024,,_Z,Not applicable,2025,,2,Two
POL,Poland,SAL_ACT_REL_TER,Actual salaries relative to earnings of tertiary-educated workers,FCTR_EARN_FT_TER,"Factor of earnings for full-time, full-year tertiary-educated workers",INST_EDU_PUB,Public educational institutions,ISCED11_34,Upper secondary general education,Y25T34,From 25 to 34 years,_T,Total,SH,School head,1.516925388,,A,Normal value,0,Units,MEAN,Arithmetic mean,_Z,Not applicable,2024,,_Z,Not applicable,2025,,2,Two
POL,Poland,SAL_ACT_REL_TER,Actual salaries relative to earnings of tertiary-educated workers,FCTR_EARN_FT_TER,"Factor of earnings for full-time, full-year tertiary-educated workers",INST_EDU_PUB,Public educational institutions,ISCED11_1,Primary education,Y25T34,From 25 to 34 years,_T,Total,SH,School head,1.078146126,,A,Normal value,0,Units,MEAN,Arithmetic mean,_Z,Not applicable,2024,,_Z,Not applicable,2025,,2,Two
POL,Poland,SAL_ACT_REL_TER,Actual salaries relative to earnings of tertiary-educated workers,FCTR_EARN_FT_TER,"Factor of earnings for full-time, full-year tertiary-educated workers",INST_EDU_PUB,Public educational institutions,ISCED11_24,Lower secondary general education,Y25T34,From 25 to 34 years,_T,Total,SH,School head,1.078146126,,A,Normal value,0,Units,MEAN,Arithmetic mean,_Z,Not applicable,2024,,_Z,Not applicable,2025,,2,Two
PRT,Portugal,SAL_ACT_REL_TER,Actual salaries relative to earnings of tertiary-educated workers,FCTR_EARN_FT_TER,"Factor of earnings for full-time, full-year tertiary-educated workers",INST_EDU_PUB,Public educational institutions,ISCED11_24,Lower secondary general education,Y25T34,From 25 to 34 years,_T,Total,TE,Teacher,1.070006908,,A,Normal value,0,Units,MEAN,Arithmetic mean,_Z,Not applicable,2024,,_Z,Not applicable,2025,,2,Two
PRT,Portugal,SAL_ACT_REL_TER,Actual salaries relative to earnings of tertiary-educated workers,FCTR_EARN_FT_TER,"Factor of earnings for full-time, full-year tertiary-educated workers",INST_EDU_PUB,Public educational institutions,ISCED11_1,Primary education,Y25T34,From 25 to 34 years,_T,Total,TE,Teacher,1.100394822,,A,Normal value,0,Units,MEAN,Arithmetic mean,_Z,Not applicable,2024,,_Z,Not applicable,2025,,2,Two
PRT,Portugal,SAL_ACT_REL_TER,Actual salaries relative to earnings of tertiary-educated workers,FCTR_EARN_FT_TER,"Factor of earnings for full-time, full-year tertiary-educated workers",INST_EDU_PUB,Public educational institutions,ISCED11_34,Upper secondary general education,Y25T34,From 25 to 34 years,_T,Total,TE,Teacher,1.071680445,,A,Normal value,0,Units,MEAN,Arithmetic mean,_Z,Not applicable,2024,,_Z,Not applicable,2025,,2,Two
PRT,Portugal,SAL_ACT_REL_TER,Actual salaries relative to earnings of tertiary-educated workers,FCTR_EARN_FT_TER,"Factor of earnings for full-time, full-year tertiary-educated workers",INST_EDU_PUB,Public educational institutions,ISCED11_02,Pre-primary education,Y25T34,From 25 to 34 years,_T,Total,TE,Teacher,1.176937134,,A,Normal value,0,Units,MEAN,Arithmetic mean,_Z,Not applicable,2024,,_Z,Not applicable,2025,,2,Two
SWE,Sweden,SAL_ACT_REL_TER,Actual salaries relative to earnings of tertiary-educated workers,FCTR_EARN_FT_TER,"Factor of earnings for full-time, full-year tertiary-educated workers",INST_EDU_PUB,Public educational institutions,ISCED11_24,Lower secondary general education,Y25T34,From 25 to 34 years,_T,Total,TE,Teacher,0.876169223,,A,Normal value,0,Units,MEAN,Arithmetic mean,_Z,Not applicable,2024,,_Z,Not applicable,2025,,2,Two
SWE,Sweden,SAL_ACT_REL_TER,Actual salaries relative to earnings of tertiary-educated workers,FCTR_EARN_FT_TER,"Factor of earnings for full-time, full-year tertiary-educated workers",INST_EDU_PUB,Public educational institutions,ISCED11_02,Pre-primary education,Y25T34,From 25 to 34 years,_T,Total,TE,Teacher,0.761443156,,A,Normal value,0,Units,MEAN,Arithmetic mean,_Z,Not applicable,2024,,_Z,Not applicable,2025,,2,Two
SWE,Sweden,SAL_ACT_REL_TER,Actual salaries relative to earnings of tertiary-educated workers,FCTR_EARN_FT_TER,"Factor of earnings for full-time, full-year tertiary-educated workers",INST_EDU_PUB,Public educational institutions,ISCED11_34,Upper secondary general education,Y25T34,From 25 to 34 years,_T,Total,TE,Teacher,0.87575688,,A,Normal value,0,Units,MEAN,Arithmetic mean,_Z,Not applicable,2024,,_Z,Not applicable,2025,,2,Two
SWE,Sweden,SAL_ACT_REL_TER,Actual salaries relative to earnings of tertiary-educated workers,FCTR_EARN_FT_TER,"Factor of earnings for full-time, full-year tertiary-educated workers",INST_EDU_PUB,Public educational institutions,ISCED11_1,Primary education,Y25T34,From 25 to 34 years,_T,Total,SH,School head,1.253981281,,A,Normal value,0,Units,MEAN,Arithmetic mean,_Z,Not applicable,2024,,_Z,Not applicable,2025,,2,Two
SWE,Sweden,SAL_ACT_REL_TER,Actual salaries relative to earnings of tertiary-educated workers,FCTR_EARN_FT_TER,"Factor of earnings for full-time, full-year tertiary-educated workers",INST_EDU_PUB,Public educational institutions,ISCED11_24,Lower secondary general education,Y25T34,From 25 to 34 years,_T,Total,SH,School head,1.253981281,,A,Normal value,0,Units,MEAN,Arithmetic mean,_Z,Not applicable,2024,,_Z,Not applicable,2025,,2,Two
SWE,Sweden,SAL_ACT_REL_TER,Actual salaries relative to earnings of tertiary-educated workers,FCTR_EARN_FT_TER,"Factor of earnings for full-time, full-year tertiary-educated workers",INST_EDU_PUB,Public educational institutions,ISCED11_02,Pre-primary education,Y25T34,From 25 to 34 years,_T,Total,SH,School head,1.061573235,,A,Normal value,0,Units,MEAN,Arithmetic mean,_Z,Not applicable,2024,,_Z,Not applicable,2025,,2,Two
SWE,Sweden,SAL_ACT_REL_TER,Actual salaries relative to earnings of tertiary-educated workers,FCTR_EARN_FT_TER,"Factor of earnings for full-time, full-year tertiary-educated workers",INST_EDU_PUB,Public educational institutions,ISCED11_1,Primary education,Y25T34,From 25 to 34 years,_T,Total,TE,Teacher,0.84330592,,A,Normal value,0,Units,MEAN,Arithmetic mean,_Z,Not applicable,2024,,_Z,Not applicable,2025,,2,Two
USA,United States,SAL_ACT_REL_TER,Actual salaries relative to earnings of tertiary-educated workers,FCTR_EARN_FT_TER,"Factor of earnings for full-time, full-year tertiary-educated workers",INST_EDU_PUB,Public educational institutions,ISCED11_34,Upper secondary general education,Y25T34,From 25 to 34 years,_T,Total,SH,School head,1.116118531,,A,Normal value,0,Units,MEAN,Arithmetic mean,_Z,Not applicable,2024,,_Z,Not applicable,2025,,2,Two
USA,United States,SAL_ACT_REL_TER,Actual salaries relative to earnings of tertiary-educated workers,FCTR_EARN_FT_TER,"Factor of earnings for full-time, full-year tertiary-educated workers",INST_EDU_PUB,Public educational institutions,ISCED11_02,Pre-primary education,Y25T34,From 25 to 34 years,_T,Total,TE,Teacher,0.646711144,,A,Normal value,0,Units,MEAN,Arithmetic mean,_Z,Not applicable,2024,,_Z,Not applicable,2025,,2,Two
USA,United States,SAL_ACT_REL_TER,Actual salaries relative to earnings of tertiary-educated workers,FCTR_EARN_FT_TER,"Factor of earnings for full-time, full-year tertiary-educated workers",INST_EDU_PUB,Public educational institutions,ISCED11_34,Upper secondary general education,Y25T34,From 25 to 34 years,_T,Total,TE,Teacher,0.686571132,,A,Normal value,0,Units,MEAN,Arithmetic mean,_Z,Not applicable,2024,,_Z,Not applicable,2025,,2,Two
USA,United States,SAL_ACT_REL_TER,Actual salaries relative to earnings of tertiary-educated workers,FCTR_EARN_FT_TER,"Factor of earnings for full-time, full-year tertiary-educated workers",INST_EDU_PUB,Public educational institutions,ISCED11_24,Lower secondary general education,Y25T34,From 25 to 34 years,_T,Total,SH,School head,1.093876217,,A,Normal value,0,Units,MEAN,Arithmetic mean,_Z,Not applicable,2024,,_Z,Not applicable,2025,,2,Two
USA,United States,SAL_ACT_REL_TER,Actual salaries relative to earnings of tertiary-educated workers,FCTR_EARN_FT_TER,"Factor of earnings for full-time, full-year tertiary-educated workers",INST_EDU_PUB,Public educational institutions,ISCED11_02,Pre-primary education,Y25T34,From 25 to 34 years,_T,Total,SH,School head,1.140044887,,A,Normal value,0,Units,MEAN,Arithmetic mean,_Z,Not applicable,2024,,_Z,Not applicable,2025,,2,Two
USA,United States,SAL_ACT_REL_TER,Actual salaries relative to earnings of tertiary-educated workers,FCTR_EARN_FT_TER,"Factor of earnings for full-time, full-year tertiary-educated workers",INST_EDU_PUB,Public educational institutions,ISCED11_24,Lower secondary general education,Y25T34,From 25 to 34 years,_T,Total,TE,Teacher,0.673565143,,A,Normal value,0,Units,MEAN,Arithmetic mean,_Z,Not applicable,2024,,_Z,Not applicable,2025,,2,Two
USA,United States,SAL_ACT_REL_TER,Actual salaries relative to earnings of tertiary-educated workers,FCTR_EARN_FT_TER,"Factor of earnings for full-time, full-year tertiary-educated workers",INST_EDU_PUB,Public educational institutions,ISCED11_1,Primary education,Y25T34,From 25 to 34 years,_T,Total,TE,Teacher,0.658136724,,A,Normal value,0,Units,MEAN,Arithmetic mean,_Z,Not applicable,2024,,_Z,Not applicable,2025,,2,Two
USA,United States,SAL_ACT_REL_TER,Actual salaries relative to earnings of tertiary-educated workers,FCTR_EARN_FT_TER,"Factor of earnings for full-time, full-year tertiary-educated workers",INST_EDU_PUB,Public educational institutions,ISCED11_1,Primary education,Y25T34,From 25 to 34 years,_T,Total,SH,School head,1.137635411,,A,Normal value,0,Units,MEAN,Arithmetic mean,_Z,Not applicable,2024,,_Z,Not applicable,2025,,2,Two
NLD,Netherlands,SAL_ACT_REL_TER,Actual salaries relative to earnings of tertiary-educated workers,FCTR_EARN_FT_TER,"Factor of earnings for full-time, full-year tertiary-educated workers",INST_EDU_PUB,Public educational institutions,ISCED11_24,Lower secondary general education,Y55T64,From 55 to 64 years,_T,Total,TE,Teacher,0.797651598,,A,Normal value,0,Units,MEAN,Arithmetic mean,_Z,Not applicable,2024,,_Z,Not applicable,2025,,2,Two
NLD,Netherlands,SAL_ACT_REL_TER,Actual salaries relative to earnings of tertiary-educated workers,FCTR_EARN_FT_TER,"Factor of earnings for full-time, full-year tertiary-educated workers",INST_EDU_PUB,Public educational institutions,ISCED11_02,Pre-primary education,Y55T64,From 55 to 64 years,_T,Total,TE,Teacher,0.722675183,,A,Normal value,0,Units,MEAN,Arithmetic mean,_Z,Not applicable,2024,,_Z,Not applicable,2025,,2,Two
NLD,Netherlands,SAL_ACT_REL_TER,Actual salaries relative to earnings of tertiary-educated workers,FCTR_EARN_FT_TER,"Factor of earnings for full-time, full-year tertiary-educated workers",INST_EDU_PUB,Public educational institutions,ISCED11_1,Primary education,Y55T64,From 55 to 64 years,_T,Total,TE,Teacher,0.722675183,,A,Normal value,0,Units,MEAN,Arithmetic mean,_Z,Not applicable,2024,,_Z,Not applicable,2025,,2,Two
NLD,Netherlands,SAL_ACT_REL_TER,Actual salaries relative to earnings of tertiary-educated workers,FCTR_EARN_FT_TER,"Factor of earnings for full-time, full-year tertiary-educated workers",INST_EDU_PUB,Public educational institutions,ISCED11_1,Primary education,Y55T64,From 55 to 64 years,_T,Total,SH,School head,0.944416901,,A,Normal value,0,Units,MEAN,Arithmetic mean,_Z,Not applicable,2024,,_Z,Not applicable,2025,,2,Two
NLD,Netherlands,SAL_ACT_REL_TER,Actual salaries relative to earnings of tertiary-educated workers,FCTR_EARN_FT_TER,"Factor of earnings for full-time, full-year tertiary-educated workers",INST_EDU_PUB,Public educational institutions,ISCED11_02,Pre-primary education,Y55T64,From 55 to 64 years,_T,Total,SH,School head,0.944416901,,A,Normal value,0,Units,MEAN,Arithmetic mean,_Z,Not applicable,2024,,_Z,Not applicable,2025,,2,Two
NLD,Netherlands,SAL_ACT_REL_TER,Actual salaries relative to earnings of tertiary-educated workers,FCTR_EARN_FT_TER,"Factor of earnings for full-time, full-year tertiary-educated workers",INST_EDU_PUB,Public educational institutions,ISCED11_24,Lower secondary general education,Y55T64,From 55 to 64 years,_T,Total,SH,School head,1.067602433,,A,Normal value,0,Units,MEAN,Arithmetic mean,_Z,Not applicable,2024,,_Z,Not applicable,2025,,2,Two
NLD,Netherlands,SAL_ACT_REL_TER,Actual salaries relative to earnings of tertiary-educated workers,FCTR_EARN_FT_TER,"Factor of earnings for full-time, full-year tertiary-educated workers",INST_EDU_PUB,Public educational institutions,ISCED11_34,Upper secondary general education,Y55T64,From 55 to 64 years,_T,Total,SH,School head,1.067602433,,A,Normal value,0,Units,MEAN,Arithmetic mean,_Z,Not applicable,2024,,_Z,Not applicable,2025,,2,Two
NLD,Netherlands,SAL_ACT_REL_TER,Actual salaries relative to earnings of tertiary-educated workers,FCTR_EARN_FT_TER,"Factor of earnings for full-time, full-year tertiary-educated workers",INST_EDU_PUB,Public educational institutions,ISCED11_34,Upper secondary general education,Y55T64,From 55 to 64 years,_T,Total,TE,Teacher,0.797651598,,A,Normal value,0,Units,MEAN,Arithmetic mean,_Z,Not applicable,2024,,_Z,Not applicable,2025,,2,Two
POL,Poland,SAL_ACT_REL_TER,Actual salaries relative to earnings of tertiary-educated workers,FCTR_EARN_FT_TER,"Factor of earnings for full-time, full-year tertiary-educated workers",INST_EDU_PUB,Public educational institutions,ISCED11_34,Upper secondary general education,Y55T64,From 55 to 64 years,_T,Total,TE,Teacher,0.82067043,,A,Normal value,0,Units,MEAN,Arithmetic mean,_Z,Not applicable,2024,,_Z,Not applicable,2025,,2,Two
POL,Poland,SAL_ACT_REL_TER,Actual salaries relative to earnings of tertiary-educated workers,FCTR_EARN_FT_TER,"Factor of earnings for full-time, full-year tertiary-educated workers",INST_EDU_PUB,Public educational institutions,ISCED11_02,Pre-primary education,Y55T64,From 55 to 64 years,_T,Total,SH,School head,0.984836585,,A,Normal value,0,Units,MEAN,Arithmetic mean,_Z,Not applicable,2024,,_Z,Not applicable,2025,,2,Two
POL,Poland,SAL_ACT_REL_TER,Actual salaries relative to earnings of tertiary-educated workers,FCTR_EARN_FT_TER,"Factor of earnings for full-time, full-year tertiary-educated workers",INST_EDU_PUB,Public educational institutions,ISCED11_1,Primary education,Y55T64,From 55 to 64 years,_T,Total,SH,School head,1.048454497,,A,Normal value,0,Units,MEAN,Arithmetic mean,_Z,Not applicable,2024,,_Z,Not applicable,2025,,2,Two
POL,Poland,SAL_ACT_REL_TER,Actual salaries relative to earnings of tertiary-educated workers,FCTR_EARN_FT_TER,"Factor of earnings for full-time, full-year tertiary-educated workers",INST_EDU_PUB,Public educational institutions,ISCED11_1,Primary education,Y55T64,From 55 to 64 years,_T,Total,TE,Teacher,0.819342785,,A,Normal value,0,Units,MEAN,Arithmetic mean,_Z,Not applicable,2024,,_Z,Not applicable,2025,,2,Two
POL,Poland,SAL_ACT_REL_TER,Actual salaries relative to earnings of tertiary-educated workers,FCTR_EARN_FT_TER,"Factor of earnings for full-time, full-year tertiary-educated workers",INST_EDU_PUB,Public educational institutions,ISCED11_24,Lower secondary general education,Y55T64,From 55 to 64 years,_T,Total,SH,School head,1.048454497,,A,Normal value,0,Units,MEAN,Arithmetic mean,_Z,Not applicable,2024,,_Z,Not applicable,2025,,2,Two
POL,Poland,SAL_ACT_REL_TER,Actual salaries relative to earnings of tertiary-educated workers,FCTR_EARN_FT_TER,"Factor of earnings for full-time, full-year tertiary-educated workers",INST_EDU_PUB,Public educational institutions,ISCED11_02,Pre-primary education,Y55T64,From 55 to 64 years,_T,Total,TE,Teacher,0.738664318,,A,Normal value,0,Units,MEAN,Arithmetic mean,_Z,Not applicable,2024,,_Z,Not applicable,2025,,2,Two
POL,Poland,SAL_ACT_REL_TER,Actual salaries relative to earnings of tertiary-educated workers,FCTR_EARN_FT_TER,"Factor of earnings for full-time, full-year tertiary-educated workers",INST_EDU_PUB,Public educational institutions,ISCED11_24,Lower secondary general education,Y55T64,From 55 to 64 years,_T,Total,TE,Teacher,0.830047322,,A,Normal value,0,Units,MEAN,Arithmetic mean,_Z,Not applicable,2024,,_Z,Not applicable,2025,,2,Two
POL,Poland,SAL_ACT_REL_TER,Actual salaries relative to earnings of tertiary-educated workers,FCTR_EARN_FT_TER,"Factor of earnings for full-time, full-year tertiary-educated workers",INST_EDU_PUB,Public educational institutions,ISCED11_34,Upper secondary general education,Y55T64,From 55 to 64 years,_T,Total,SH,School head,1.13114688,,A,Normal value,0,Units,MEAN,Arithmetic mean,_Z,Not applicable,2024,,_Z,Not applicable,2025,,2,Two
PRT,Portugal,SAL_ACT_REL_TER,Actual salaries relative to earnings of tertiary-educated workers,FCTR_EARN_FT_TER,"Factor of earnings for full-time, full-year tertiary-educated workers",INST_EDU_PUB,Public educational institutions,ISCED11_34,Upper secondary general education,Y55T64,From 55 to 64 years,_T,Total,TE,Teacher,1.113893898,,A,Normal value,0,Units,MEAN,Arithmetic mean,_Z,Not applicable,2024,,_Z,Not applicable,2025,,2,Two
PRT,Portugal,SAL_ACT_REL_TER,Actual salaries relative to earnings of tertiary-educated workers,FCTR_EARN_FT_TER,"Factor of earnings for full-time, full-year tertiary-educated workers",INST_EDU_PUB,Public educational institutions,ISCED11_24,Lower secondary general education,Y55T64,From 55 to 64 years,_T,Total,TE,Teacher,1.056053679,,A,Normal value,0,Units,MEAN,Arithmetic mean,_Z,Not applicable,2024,,_Z,Not applicable,2025,,2,Two
PRT,Portugal,SAL_ACT_REL_TER,Actual salaries relative to earnings of tertiary-educated workers,FCTR_EARN_FT_TER,"Factor of earnings for full-time, full-year tertiary-educated workers",INST_EDU_PUB,Public educational institutions,ISCED11_02,Pre-primary education,Y55T64,From 55 to 64 years,_T,Total,TE,Teacher,1.101794796,,A,Normal value,0,Units,MEAN,Arithmetic mean,_Z,Not applicable,2024,,_Z,Not applicable,2025,,2,Two
PRT,Portugal,SAL_ACT_REL_TER,Actual salaries relative to earnings of tertiary-educated workers,FCTR_EARN_FT_TER,"Factor of earnings for full-time, full-year tertiary-educated workers",INST_EDU_PUB,Public educational institutions,ISCED11_1,Primary education,Y55T64,From 55 to 64 years,_T,Total,TE,Teacher,1.078598589,,A,Normal value,0,Units,MEAN,Arithmetic mean,_Z,Not applicable,2024,,_Z,Not applicable,2025,,2,Two
PRT,Portugal,SAL_ACT_REL_TER,Actual salaries relative to earnings of tertiary-educated workers,FCTR_EARN_FT_TER,"Factor of earnings for full-time, full-year tertiary-educated workers",INST_EDU_PUB,Public educational institutions,ISCED11_02,Pre-primary education,Y55T64,From 55 to 64 years,_T,Total,SH,School head,1.40620118,,A,Normal value,0,Units,MEAN,Arithmetic mean,_Z,Not applicable,2024,,_Z,Not applicable,2025,,2,Two
SWE,Sweden,SAL_ACT_REL_TER,Actual salaries relative to earnings of tertiary-educated workers,FCTR_EARN_FT_TER,"Factor of earnings for full-time, full-year tertiary-educated workers",INST_EDU_PUB,Public educational institutions,ISCED11_02,Pre-primary education,Y55T64,From 55 to 64 years,_T,Total,SH,School head,0.915568429,,A,Normal value,0,Units,MEAN,Arithmetic mean,_Z,Not applicable,2024,,_Z,Not applicable,2025,,2,Two
SWE,Sweden,SAL_ACT_REL_TER,Actual salaries relative to earnings of tertiary-educated workers,FCTR_EARN_FT_TER,"Factor of earnings for full-time, full-year tertiary-educated workers",INST_EDU_PUB,Public educational institutions,ISCED11_24,Lower secondary general education,Y55T64,From 55 to 64 years,_T,Total,SH,School head,1.012593409,,A,Normal value,0,Units,MEAN,Arithmetic mean,_Z,Not applicable,2024,,_Z,Not applicable,2025,,2,Two
SWE,Sweden,SAL_ACT_REL_TER,Actual salaries relative to earnings of tertiary-educated workers,FCTR_EARN_FT_TER,"Factor of earnings for full-time, full-year tertiary-educated workers",INST_EDU_PUB,Public educational institutions,ISCED11_34,Upper secondary general education,Y55T64,From 55 to 64 years,_T,Total,SH,School head,1.024057542,,A,Normal value,0,Units,MEAN,Arithmetic mean,_Z,Not applicable,2024,,_Z,Not applicable,2025,,2,Two
SWE,Sweden,SAL_ACT_REL_TER,Actual salaries relative to earnings of tertiary-educated workers,FCTR_EARN_FT_TER,"Factor of earnings for full-time, full-year tertiary-educated workers",INST_EDU_PUB,Public educational institutions,ISCED11_1,Primary education,Y55T64,From 55 to 64 years,_T,Total,SH,School head,1.012593409,,A,Normal value,0,Units,MEAN,Arithmetic mean,_Z,Not applicable,2024,,_Z,Not applicable,2025,,2,Two
SWE,Sweden,SAL_ACT_REL_TER,Actual salaries relative to earnings of tertiary-educated workers,FCTR_EARN_FT_TER,"Factor of earnings for full-time, full-year tertiary-educated workers",INST_EDU_PUB,Public educational institutions,ISCED11_34,Upper secondary general education,Y55T64,From 55 to 64 years,_T,Total,TE,Teacher,0.732610567,,A,Normal value,0,Units,MEAN,Arithmetic mean,_Z,Not applicable,2024,,_Z,Not applicable,2025,,2,Two
SWE,Sweden,SAL_ACT_REL_TER,Actual salaries relative to earnings of tertiary-educated workers,FCTR_EARN_FT_TER,"Factor of earnings for full-time, full-year tertiary-educated workers",INST_EDU_PUB,Public educational institutions,ISCED11_02,Pre-primary education,Y55T64,From 55 to 64 years,_T,Total,TE,Teacher,0.608997976,,A,Normal value,0,Units,MEAN,Arithmetic mean,_Z,Not applicable,2024,,_Z,Not applicable,2025,,2,Two
SWE,Sweden,SAL_ACT_REL_TER,Actual salaries relative to earnings of tertiary-educated workers,FCTR_EARN_FT_TER,"Factor of earnings for full-time, full-year tertiary-educated workers",INST_EDU_PUB,Public educational institutions,ISCED11_24,Lower secondary general education,Y55T64,From 55 to 64 years,_T,Total,TE,Teacher,0.713211664,,A,Normal value,0,Units,MEAN,Arithmetic mean,_Z,Not applicable,2024,,_Z,Not applicable,2025,,2,Two
SWE,Sweden,SAL_ACT_REL_TER,Actual salaries relative to earnings of tertiary-educated workers,FCTR_EARN_FT_TER,"Factor of earnings for full-time, full-year tertiary-educated workers",INST_EDU_PUB,Public educational institutions,ISCED11_1,Primary education,Y55T64,From 55 to 64 years,_T,Total,TE,Teacher,0.693993709,,A,Normal value,0,Units,MEAN,Arithmetic mean,_Z,Not applicable,2024,,_Z,Not applicable,2025,,2,Two
USA,United States,SAL_ACT_REL_TER,Actual salaries relative to earnings of tertiary-educated workers,FCTR_EARN_FT_TER,"Factor of earnings for full-time, full-year tertiary-educated workers",INST_EDU_PUB,Public educational institutions,ISCED11_02,Pre-primary education,Y55T64,From 55 to 64 years,_T,Total,SH,School head,1.025972602,,A,Normal value,0,Units,MEAN,Arithmetic mean,_Z,Not applicable,2024,,_Z,Not applicable,2025,,2,Two
USA,United States,SAL_ACT_REL_TER,Actual salaries relative to earnings of tertiary-educated workers,FCTR_EARN_FT_TER,"Factor of earnings for full-time, full-year tertiary-educated workers",INST_EDU_PUB,Public educational institutions,ISCED11_34,Upper secondary general education,Y55T64,From 55 to 64 years,_T,Total,SH,School head,1.061740945,,A,Normal value,0,Units,MEAN,Arithmetic mean,_Z,Not applicable,2024,,_Z,Not applicable,2025,,2,Two
USA,United States,SAL_ACT_REL_TER,Actual salaries relative to earnings of tertiary-educated workers,FCTR_EARN_FT_TER,"Factor of earnings for full-time, full-year tertiary-educated workers",INST_EDU_PUB,Public educational institutions,ISCED11_1,Primary education,Y55T64,From 55 to 64 years,_T,Total,SH,School head,1.025824186,,A,Normal value,0,Units,MEAN,Arithmetic mean,_Z,Not applicable,2024,,_Z,Not applicable,2025,,2,Two
USA,United States,SAL_ACT_REL_TER,Actual salaries relative to earnings of tertiary-educated workers,FCTR_EARN_FT_TER,"Factor of earnings for full-time, full-year tertiary-educated workers",INST_EDU_PUB,Public educational institutions,ISCED11_1,Primary education,Y55T64,From 55 to 64 years,_T,Total,TE,Teacher,0.64292977,,A,Normal value,0,Units,MEAN,Arithmetic mean,_Z,Not applicable,2024,,_Z,Not applicable,2025,,2,Two
USA,United States,SAL_ACT_REL_TER,Actual salaries relative to earnings of tertiary-educated workers,FCTR_EARN_FT_TER,"Factor of earnings for full-time, full-year tertiary-educated workers",INST_EDU_PUB,Public educational institutions,ISCED11_02,Pre-primary education,Y55T64,From 55 to 64 years,_T,Total,TE,Teacher,0.637903403,,A,Normal value,0,Units,MEAN,Arithmetic mean,_Z,Not applicable,2024,,_Z,Not applicable,2025,,2,Two
USA,United States,SAL_ACT_REL_TER,Actual salaries relative to earnings of tertiary-educated workers,FCTR_EARN_FT_TER,"Factor of earnings for full-time, full-year tertiary-educated workers",INST_EDU_PUB,Public educational institutions,ISCED11_24,Lower secondary general education,Y55T64,From 55 to 64 years,_T,Total,TE,Teacher,0.652992399,,A,Normal value,0,Units,MEAN,Arithmetic mean,_Z,Not applicable,2024,,_Z,Not applicable,2025,,2,Two
USA,United States,SAL_ACT_REL_TER,Actual salaries relative to earnings of tertiary-educated workers,FCTR_EARN_FT_TER,"Factor of earnings for full-time, full-year tertiary-educated workers",INST_EDU_PUB,Public educational institutions,ISCED11_24,Lower secondary general education,Y55T64,From 55 to 64 years,_T,Total,SH,School head,1.028080115,,A,Normal value,0,Units,MEAN,Arithmetic mean,_Z,Not applicable,2024,,_Z,Not applicable,2025,,2,Two
USA,United States,SAL_ACT_REL_TER,Actual salaries relative to earnings of tertiary-educated workers,FCTR_EARN_FT_TER,"Factor of earnings for full-time, full-year tertiary-educated workers",INST_EDU_PUB,Public educational institutions,ISCED11_34,Upper secondary general education,Y55T64,From 55 to 64 years,_T,Total,TE,Teacher,0.665657262,,A,Normal value,0,Units,MEAN,Arithmetic mean,_Z,Not applicable,2024,,_Z,Not applicable,2025,,2,Two
NLD,Netherlands,SAL_ACT_REL_TER,Actual salaries relative to earnings of tertiary-educated workers,FCTR_EARN_FT_TER,"Factor of earnings for full-time, full-year tertiary-educated workers",INST_EDU_PUB,Public educational institutions,ISCED11_02,Pre-primary education,Y45T54,From 45 to 54 years,_T,Total,SH,School head,0.935974376,,A,Normal value,0,Units,MEAN,Arithmetic mean,_Z,Not applicable,2024,,_Z,Not applicable,2025,,2,Two
NLD,Netherlands,SAL_ACT_REL_TER,Actual salaries relative to earnings of tertiary-educated workers,FCTR_EARN_FT_TER,"Factor of earnings for full-time, full-year tertiary-educated workers",INST_EDU_PUB,Public educational institutions,ISCED11_1,Primary education,Y45T54,From 45 to 54 years,_T,Total,TE,Teacher,0.717014946,,A,Normal value,0,Units,MEAN,Arithmetic mean,_Z,Not applicable,2024,,_Z,Not applicable,2025,,2,Two
NLD,Netherlands,SAL_ACT_REL_TER,Actual salaries relative to earnings of tertiary-educated workers,FCTR_EARN_FT_TER,"Factor of earnings for full-time, full-year tertiary-educated workers",INST_EDU_PUB,Public educational institutions,ISCED11_24,Lower secondary general education,Y45T54,From 45 to 54 years,_T,Total,TE,Teacher,0.779066782,,A,Normal value,0,Units,MEAN,Arithmetic mean,_Z,Not applicable,2024,,_Z,Not applicable,2025,,2,Two
NLD,Netherlands,SAL_ACT_REL_TER,Actual salaries relative to earnings of tertiary-educated workers,FCTR_EARN_FT_TER,"Factor of earnings for full-time, full-year tertiary-educated workers",INST_EDU_PUB,Public educational institutions,ISCED11_02,Pre-primary education,Y45T54,From 45 to 54 years,_T,Total,TE,Teacher,0.717014946,,A,Normal value,0,Units,MEAN,Arithmetic mean,_Z,Not applicable,2024,,_Z,Not applicable,2025,,2,Two
NLD,Netherlands,SAL_ACT_REL_TER,Actual salaries relative to earnings of tertiary-educated workers,FCTR_EARN_FT_TER,"Factor of earnings for full-time, full-year tertiary-educated workers",INST_EDU_PUB,Public educational institutions,ISCED11_24,Lower secondary general education,Y45T54,From 45 to 54 years,_T,Total,SH,School head,1.047325244,,A,Normal value,0,Units,MEAN,Arithmetic mean,_Z,Not applicable,2024,,_Z,Not applicable,2025,,2,Two
NLD,Netherlands,SAL_ACT_REL_TER,Actual salaries relative to earnings of tertiary-educated workers,FCTR_EARN_FT_TER,"Factor of earnings for full-time, full-year tertiary-educated workers",INST_EDU_PUB,Public educational institutions,ISCED11_1,Primary education,Y45T54,From 45 to 54 years,_T,Total,SH,School head,0.935974376,,A,Normal value,0,Units,MEAN,Arithmetic mean,_Z,Not applicable,2024,,_Z,Not applicable,2025,,2,Two
NLD,Netherlands,SAL_ACT_REL_TER,Actual salaries relative to earnings of tertiary-educated workers,FCTR_EARN_FT_TER,"Factor of earnings for full-time, full-year tertiary-educated workers",INST_EDU_PUB,Public educational institutions,ISCED11_34,Upper secondary general education,Y45T54,From 45 to 54 years,_T,Total,SH,School head,1.047325244,,A,Normal value,0,Units,MEAN,Arithmetic mean,_Z,Not applicable,2024,,_Z,Not applicable,2025,,2,Two
NLD,Netherlands,SAL_ACT_REL_TER,Actual salaries relative to earnings of tertiary-educated workers,FCTR_EARN_FT_TER,"Factor of earnings for full-time, full-year tertiary-educated workers",INST_EDU_PUB,Public educational institutions,ISCED11_34,Upper secondary general education,Y45T54,From 45 to 54 years,_T,Total,TE,Teacher,0.779066782,,A,Normal value,0,Units,MEAN,Arithmetic mean,_Z,Not applicable,2024,,_Z,Not applicable,2025,,2,Two
POL,Poland,SAL_ACT_REL_TER,Actual salaries relative to earnings of tertiary-educated workers,FCTR_EARN_FT_TER,"Factor of earnings for full-time, full-year tertiary-educated workers",INST_EDU_PUB,Public educational institutions,ISCED11_34,Upper secondary general education,Y45T54,From 45 to 54 years,_T,Total,SH,School head,1.114245631,,A,Normal value,0,Units,MEAN,Arithmetic mean,_Z,Not applicable,2024,,_Z,Not applicable,2025,,2,Two
POL,Poland,SAL_ACT_REL_TER,Actual salaries relative to earnings of tertiary-educated workers,FCTR_EARN_FT_TER,"Factor of earnings for full-time, full-year tertiary-educated workers",INST_EDU_PUB,Public educational institutions,ISCED11_1,Primary education,Y45T54,From 45 to 54 years,_T,Total,SH,School head,1.029070081,,A,Normal value,0,Units,MEAN,Arithmetic mean,_Z,Not applicable,2024,,_Z,Not applicable,2025,,2,Two
POL,Poland,SAL_ACT_REL_TER,Actual salaries relative to earnings of tertiary-educated workers,FCTR_EARN_FT_TER,"Factor of earnings for full-time, full-year tertiary-educated workers",INST_EDU_PUB,Public educational institutions,ISCED11_02,Pre-primary education,Y45T54,From 45 to 54 years,_T,Total,TE,Teacher,0.725504319,,A,Normal value,0,Units,MEAN,Arithmetic mean,_Z,Not applicable,2024,,_Z,Not applicable,2025,,2,Two
POL,Poland,SAL_ACT_REL_TER,Actual salaries relative to earnings of tertiary-educated workers,FCTR_EARN_FT_TER,"Factor of earnings for full-time, full-year tertiary-educated workers",INST_EDU_PUB,Public educational institutions,ISCED11_1,Primary education,Y45T54,From 45 to 54 years,_T,Total,TE,Teacher,0.81543867,,A,Normal value,0,Units,MEAN,Arithmetic mean,_Z,Not applicable,2024,,_Z,Not applicable,2025,,2,Two
POL,Poland,SAL_ACT_REL_TER,Actual salaries relative to earnings of tertiary-educated workers,FCTR_EARN_FT_TER,"Factor of earnings for full-time, full-year tertiary-educated workers",INST_EDU_PUB,Public educational institutions,ISCED11_02,Pre-primary education,Y45T54,From 45 to 54 years,_T,Total,SH,School head,0.969410345,,A,Normal value,0,Units,MEAN,Arithmetic mean,_Z,Not applicable,2024,,_Z,Not applicable,2025,,2,Two
POL,Poland,SAL_ACT_REL_TER,Actual salaries relative to earnings of tertiary-educated workers,FCTR_EARN_FT_TER,"Factor of earnings for full-time, full-year tertiary-educated workers",INST_EDU_PUB,Public educational institutions,ISCED11_24,Lower secondary general education,Y45T54,From 45 to 54 years,_T,Total,TE,Teacher,0.833393772,,A,Normal value,0,Units,MEAN,Arithmetic mean,_Z,Not applicable,2024,,_Z,Not applicable,2025,,2,Two
POL,Poland,SAL_ACT_REL_TER,Actual salaries relative to earnings of tertiary-educated workers,FCTR_EARN_FT_TER,"Factor of earnings for full-time, full-year tertiary-educated workers",INST_EDU_PUB,Public educational institutions,ISCED11_24,Lower secondary general education,Y45T54,From 45 to 54 years,_T,Total,SH,School head,1.029070081,,A,Normal value,0,Units,MEAN,Arithmetic mean,_Z,Not applicable,2024,,_Z,Not applicable,2025,,2,Two
POL,Poland,SAL_ACT_REL_TER,Actual salaries relative to earnings of tertiary-educated workers,FCTR_EARN_FT_TER,"Factor of earnings for full-time, full-year tertiary-educated workers",INST_EDU_PUB,Public educational institutions,ISCED11_34,Upper secondary general education,Y45T54,From 45 to 54 years,_T,Total,TE,Teacher,0.8278789,,A,Normal value,0,Units,MEAN,Arithmetic mean,_Z,Not applicable,2024,,_Z,Not applicable,2025,,2,Two
PRT,Portugal,SAL_ACT_REL_TER,Actual salaries relative to earnings of tertiary-educated workers,FCTR_EARN_FT_TER,"Factor of earnings for full-time, full-year tertiary-educated workers",INST_EDU_PUB,Public educational institutions,ISCED11_02,Pre-primary education,Y45T54,From 45 to 54 years,_T,Total,TE,Teacher,0.945478577,,A,Normal value,0,Units,MEAN,Arithmetic mean,_Z,Not applicable,2024,,_Z,Not applicable,2025,,2,Two
PRT,Portugal,SAL_ACT_REL_TER,Actual salaries relative to earnings of tertiary-educated workers,FCTR_EARN_FT_TER,"Factor of earnings for full-time, full-year tertiary-educated workers",INST_EDU_PUB,Public educational institutions,ISCED11_1,Primary education,Y45T54,From 45 to 54 years,_T,Total,TE,Teacher,0.984552333,,A,Normal value,0,Units,MEAN,Arithmetic mean,_Z,Not applicable,2024,,_Z,Not applicable,2025,,2,Two
PRT,Portugal,SAL_ACT_REL_TER,Actual salaries relative to earnings of tertiary-educated workers,FCTR_EARN_FT_TER,"Factor of earnings for full-time, full-year tertiary-educated workers",INST_EDU_PUB,Public educational institutions,ISCED11_24,Lower secondary general education,Y45T54,From 45 to 54 years,_T,Total,TE,Teacher,0.987712493,,A,Normal value,0,Units,MEAN,Arithmetic mean,_Z,Not applicable,2024,,_Z,Not applicable,2025,,2,Two
PRT,Portugal,SAL_ACT_REL_TER,Actual salaries relative to earnings of tertiary-educated workers,FCTR_EARN_FT_TER,"Factor of earnings for full-time, full-year tertiary-educated workers",INST_EDU_PUB,Public educational institutions,ISCED11_02,Pre-primary education,Y45T54,From 45 to 54 years,_T,Total,SH,School head,1.333646663,,A,Normal value,0,Units,MEAN,Arithmetic mean,_Z,Not applicable,2024,,_Z,Not applicable,2025,,2,Two
PRT,Portugal,SAL_ACT_REL_TER,Actual salaries relative to earnings of tertiary-educated workers,FCTR_EARN_FT_TER,"Factor of earnings for full-time, full-year tertiary-educated workers",INST_EDU_PUB,Public educational institutions,ISCED11_34,Upper secondary general education,Y45T54,From 45 to 54 years,_T,Total,TE,Teacher,0.994653032,,A,Normal value,0,Units,MEAN,Arithmetic mean,_Z,Not applicable,2024,,_Z,Not applicable,2025,,2,Two
SWE,Sweden,SAL_ACT_REL_TER,Actual salaries relative to earnings of tertiary-educated workers,FCTR_EARN_FT_TER,"Factor of earnings for full-time, full-year tertiary-educated workers",INST_EDU_PUB,Public educational institutions,ISCED11_1,Primary education,Y45T54,From 45 to 54 years,_T,Total,TE,Teacher,0.677711526,,A,Normal value,0,Units,MEAN,Arithmetic mean,_Z,Not applicable,2024,,_Z,Not applicable,2025,,2,Two
SWE,Sweden,SAL_ACT_REL_TER,Actual salaries relative to earnings of tertiary-educated workers,FCTR_EARN_FT_TER,"Factor of earnings for full-time, full-year tertiary-educated workers",INST_EDU_PUB,Public educational institutions,ISCED11_34,Upper secondary general education,Y45T54,From 45 to 54 years,_T,Total,SH,School head,0.986340361,,A,Normal value,0,Units,MEAN,Arithmetic mean,_Z,Not applicable,2024,,_Z,Not applicable,2025,,2,Two
SWE,Sweden,SAL_ACT_REL_TER,Actual salaries relative to earnings of tertiary-educated workers,FCTR_EARN_FT_TER,"Factor of earnings for full-time, full-year tertiary-educated workers",INST_EDU_PUB,Public educational institutions,ISCED11_1,Primary education,Y45T54,From 45 to 54 years,_T,Total,SH,School head,0.966336441,,A,Normal value,0,Units,MEAN,Arithmetic mean,_Z,Not applicable,2024,,_Z,Not applicable,2025,,2,Two
SWE,Sweden,SAL_ACT_REL_TER,Actual salaries relative to earnings of tertiary-educated workers,FCTR_EARN_FT_TER,"Factor of earnings for full-time, full-year tertiary-educated workers",INST_EDU_PUB,Public educational institutions,ISCED11_24,Lower secondary general education,Y45T54,From 45 to 54 years,_T,Total,TE,Teacher,0.698008812,,A,Normal value,0,Units,MEAN,Arithmetic mean,_Z,Not applicable,2024,,_Z,Not applicable,2025,,2,Two
SWE,Sweden,SAL_ACT_REL_TER,Actual salaries relative to earnings of tertiary-educated workers,FCTR_EARN_FT_TER,"Factor of earnings for full-time, full-year tertiary-educated workers",INST_EDU_PUB,Public educational institutions,ISCED11_02,Pre-primary education,Y45T54,From 45 to 54 years,_T,Total,TE,Teacher,0.589003419,,A,Normal value,0,Units,MEAN,Arithmetic mean,_Z,Not applicable,2024,,_Z,Not applicable,2025,,2,Two
SWE,Sweden,SAL_ACT_REL_TER,Actual salaries relative to earnings of tertiary-educated workers,FCTR_EARN_FT_TER,"Factor of earnings for full-time, full-year tertiary-educated workers",INST_EDU_PUB,Public educational institutions,ISCED11_02,Pre-primary education,Y45T54,From 45 to 54 years,_T,Total,SH,School head,0.871915579,,A,Normal value,0,Units,MEAN,Arithmetic mean,_Z,Not applicable,2024,,_Z,Not applicable,2025,,2,Two
SWE,Sweden,SAL_ACT_REL_TER,Actual salaries relative to earnings of tertiary-educated workers,FCTR_EARN_FT_TER,"Factor of earnings for full-time, full-year tertiary-educated workers",INST_EDU_PUB,Public educational institutions,ISCED11_24,Lower secondary general education,Y45T54,From 45 to 54 years,_T,Total,SH,School head,0.966336441,,A,Normal value,0,Units,MEAN,Arithmetic mean,_Z,Not applicable,2024,,_Z,Not applicable,2025,,2,Two
SWE,Sweden,SAL_ACT_REL_TER,Actual salaries relative to earnings of tertiary-educated workers,FCTR_EARN_FT_TER,"Factor of earnings for full-time, full-year tertiary-educated workers",INST_EDU_PUB,Public educational institutions,ISCED11_34,Upper secondary general education,Y45T54,From 45 to 54 years,_T,Total,TE,Teacher,0.709543468,,A,Normal value,0,Units,MEAN,Arithmetic mean,_Z,Not applicable,2024,,_Z,Not applicable,2025,,2,Two
USA,United States,SAL_ACT_REL_TER,Actual salaries relative to earnings of tertiary-educated workers,FCTR_EARN_FT_TER,"Factor of earnings for full-time, full-year tertiary-educated workers",INST_EDU_PUB,Public educational institutions,ISCED11_1,Primary education,Y45T54,From 45 to 54 years,_T,Total,SH,School head,0.970503424,,A,Normal value,0,Units,MEAN,Arithmetic mean,_Z,Not applicable,2024,,_Z,Not applicable,2025,,2,Two
USA,United States,SAL_ACT_REL_TER,Actual salaries relative to earnings of tertiary-educated workers,FCTR_EARN_FT_TER,"Factor of earnings for full-time, full-year tertiary-educated workers",INST_EDU_PUB,Public educational institutions,ISCED11_34,Upper secondary general education,Y45T54,From 45 to 54 years,_T,Total,SH,School head,1.056724842,,A,Normal value,0,Units,MEAN,Arithmetic mean,_Z,Not applicable,2024,,_Z,Not applicable,2025,,2,Two
USA,United States,SAL_ACT_REL_TER,Actual salaries relative to earnings of tertiary-educated workers,FCTR_EARN_FT_TER,"Factor of earnings for full-time, full-year tertiary-educated workers",INST_EDU_PUB,Public educational institutions,ISCED11_24,Lower secondary general education,Y45T54,From 45 to 54 years,_T,Total,TE,Teacher,0.628427963,,A,Normal value,0,Units,MEAN,Arithmetic mean,_Z,Not applicable,2024,,_Z,Not applicable,2025,,2,Two
USA,United States,SAL_ACT_REL_TER,Actual salaries relative to earnings of tertiary-educated workers,FCTR_EARN_FT_TER,"Factor of earnings for full-time, full-year tertiary-educated workers",INST_EDU_PUB,Public educational institutions,ISCED11_24,Lower secondary general education,Y45T54,From 45 to 54 years,_T,Total,SH,School head,1.018450193,,A,Normal value,0,Units,MEAN,Arithmetic mean,_Z,Not applicable,2024,,_Z,Not applicable,2025,,2,Two
USA,United States,SAL_ACT_REL_TER,Actual salaries relative to earnings of tertiary-educated workers,FCTR_EARN_FT_TER,"Factor of earnings for full-time, full-year tertiary-educated workers",INST_EDU_PUB,Public educational institutions,ISCED11_34,Upper secondary general education,Y45T54,From 45 to 54 years,_T,Total,TE,Teacher,0.645645299,,A,Normal value,0,Units,MEAN,Arithmetic mean,_Z,Not applicable,2024,,_Z,Not applicable,2025,,2,Two
USA,United States,SAL_ACT_REL_TER,Actual salaries relative to earnings of tertiary-educated workers,FCTR_EARN_FT_TER,"Factor of earnings for full-time, full-year tertiary-educated workers",INST_EDU_PUB,Public educational institutions,ISCED11_1,Primary education,Y45T54,From 45 to 54 years,_T,Total,TE,Teacher,0.606273514,,A,Normal value,0,Units,MEAN,Arithmetic mean,_Z,Not applicable,2024,,_Z,Not applicable,2025,,2,Two
USA,United States,SAL_ACT_REL_TER,Actual salaries relative to earnings of tertiary-educated workers,FCTR_EARN_FT_TER,"Factor of earnings for full-time, full-year tertiary-educated workers",INST_EDU_PUB,Public educational institutions,ISCED11_02,Pre-primary education,Y45T54,From 45 to 54 years,_T,Total,SH,School head,0.961755208,,A,Normal value,0,Units,MEAN,Arithmetic mean,_Z,Not applicable,2024,,_Z,Not applicable,2025,,2,Two
USA,United States,SAL_ACT_REL_TER,Actual salaries relative to earnings of tertiary-educated workers,FCTR_EARN_FT_TER,"Factor of earnings for full-time, full-year tertiary-educated workers",INST_EDU_PUB,Public educational institutions,ISCED11_02,Pre-primary education,Y45T54,From 45 to 54 years,_T,Total,TE,Teacher,0.601625122,,A,Normal value,0,Units,MEAN,Arithmetic mean,_Z,Not applicable,2024,,_Z,Not applicable,2025,,2,Two
NLD,Netherlands,SAL_ACT_REL_TER,Actual salaries relative to earnings of tertiary-educated workers,FCTR_EARN_FT_TER,"Factor of earnings for full-time, full-year tertiary-educated workers",INST_EDU_PUB,Public educational institutions,ISCED11_1,Primary education,Y25T64,From 25 to 64 years,_T,Total,SH,School head,1.133588724,,A,Normal value,0,Units,MEAN,Arithmetic mean,_Z,Not applicable,2024,,_Z,Not applicable,2025,,2,Two
NLD,Netherlands,SAL_ACT_REL_TER,Actual salaries relative to earnings of tertiary-educated workers,FCTR_EARN_FT_TER,"Factor of earnings for full-time, full-year tertiary-educated workers",INST_EDU_PUB,Public educational institutions,ISCED11_02,Pre-primary education,Y25T64,From 25 to 64 years,_T,Total,SH,School head,1.133588724,,A,Normal value,0,Units,MEAN,Arithmetic mean,_Z,Not applicable,2024,,_Z,Not applicable,2025,,2,Two
NLD,Netherlands,SAL_ACT_REL_TER,Actual salaries relative to earnings of tertiary-educated workers,FCTR_EARN_FT_TER,"Factor of earnings for full-time, full-year tertiary-educated workers",INST_EDU_PUB,Public educational institutions,ISCED11_34,Upper secondary general education,Y25T64,From 25 to 64 years,_T,Total,SH,School head,1.274415297,,A,Normal value,0,Units,MEAN,Arithmetic mean,_Z,Not applicable,2024,,_Z,Not applicable,2025,,2,Two
NLD,Netherlands,SAL_ACT_REL_TER,Actual salaries relative to earnings of tertiary-educated workers,FCTR_EARN_FT_TER,"Factor of earnings for full-time, full-year tertiary-educated workers",INST_EDU_PUB,Public educational institutions,ISCED11_24,Lower secondary general education,Y25T64,From 25 to 64 years,_T,Total,SH,School head,1.274415297,,A,Normal value,0,Units,MEAN,Arithmetic mean,_Z,Not applicable,2024,,_Z,Not applicable,2025,,2,Two
POL,Poland,SAL_ACT_REL_TER,Actual salaries relative to earnings of tertiary-educated workers,FCTR_EARN_FT_TER,"Factor of earnings for full-time, full-year tertiary-educated workers",INST_EDU_PUB,Public educational institutions,ISCED11_34,Upper secondary general education,Y25T64,From 25 to 64 years,_T,Total,SH,School head,1.219755317,,A,Normal value,0,Units,MEAN,Arithmetic mean,_Z,Not applicable,2024,,_Z,Not applicable,2025,,2,Two
POL,Poland,SAL_ACT_REL_TER,Actual salaries relative to earnings of tertiary-educated workers,FCTR_EARN_FT_TER,"Factor of earnings for full-time, full-year tertiary-educated workers",INST_EDU_PUB,Public educational institutions,ISCED11_02,Pre-primary education,Y25T64,From 25 to 64 years,_T,Total,SH,School head,1.051070638,,A,Normal value,0,Units,MEAN,Arithmetic mean,_Z,Not applicable,2024,,_Z,Not applicable,2025,,2,Two
POL,Poland,SAL_ACT_REL_TER,Actual salaries relative to earnings of tertiary-educated workers,FCTR_EARN_FT_TER,"Factor of earnings for full-time, full-year tertiary-educated workers",INST_EDU_PUB,Public educational institutions,ISCED11_24,Lower secondary general education,Y25T64,From 25 to 64 years,_T,Total,SH,School head,1.123225865,,A,Normal value,0,Units,MEAN,Arithmetic mean,_Z,Not applicable,2024,,_Z,Not applicable,2025,,2,Two
POL,Poland,SAL_ACT_REL_TER,Actual salaries relative to earnings of tertiary-educated workers,FCTR_EARN_FT_TER,"Factor of earnings for full-time, full-year tertiary-educated workers",INST_EDU_PUB,Public educational institutions,ISCED11_1,Primary education,Y25T64,From 25 to 64 years,_T,Total,SH,School head,1.123225865,,A,Normal value,0,Units,MEAN,Arithmetic mean,_Z,Not applicable,2024,,_Z,Not applicable,2025,,2,Two
PRT,Portugal,SAL_ACT_REL_TER,Actual salaries relative to earnings of tertiary-educated workers,FCTR_EARN_FT_TER,"Factor of earnings for full-time, full-year tertiary-educated workers",INST_EDU_PUB,Public educational institutions,ISCED11_1,Primary education,Y25T64,From 25 to 64 years,_T,Total,SH,School head,1.835710641,,A,Normal value,0,Units,MEAN,Arithmetic mean,_Z,Not applicable,2024,,_Z,Not applicable,2025,,2,Two
PRT,Portugal,SAL_ACT_REL_TER,Actual salaries relative to earnings of tertiary-educated workers,FCTR_EARN_FT_TER,"Factor of earnings for full-time, full-year tertiary-educated workers",INST_EDU_PUB,Public educational institutions,ISCED11_02,Pre-primary education,Y25T64,From 25 to 64 years,_T,Total,SH,School head,1.835710641,,A,Normal value,0,Units,MEAN,Arithmetic mean,_Z,Not applicable,2024,,_Z,Not applicable,2025,,2,Two
PRT,Portugal,SAL_ACT_REL_TER,Actual salaries relative to earnings of tertiary-educated workers,FCTR_EARN_FT_TER,"Factor of earnings for full-time, full-year tertiary-educated workers",INST_EDU_PUB,Public educational institutions,ISCED11_24,Lower secondary general education,Y25T64,From 25 to 64 years,_T,Total,SH,School head,1.835710641,,A,Normal value,0,Units,MEAN,Arithmetic mean,_Z,Not applicable,2024,,_Z,Not applicable,2025,,2,Two
PRT,Portugal,SAL_ACT_REL_TER,Actual salaries relative to earnings of tertiary-educated workers,FCTR_EARN_FT_TER,"Factor of earnings for full-time, full-year tertiary-educated workers",INST_EDU_PUB,Public educational institutions,ISCED11_34,Upper secondary general education,Y25T64,From 25 to 64 years,_T,Total,SH,School head,1.835710641,,A,Normal value,0,Units,MEAN,Arithmetic mean,_Z,Not applicable,2024,,_Z,Not applicable,2025,,2,Two
SWE,Sweden,SAL_ACT_REL_TER,Actual salaries relative to earnings of tertiary-educated workers,FCTR_EARN_FT_TER,"Factor of earnings for full-time, full-year tertiary-educated workers",INST_EDU_PUB,Public educational institutions,ISCED11_02,Pre-primary education,Y25T64,From 25 to 64 years,_T,Total,SH,School head,0.987751106,,A,Normal value,0,Units,MEAN,Arithmetic mean,_Z,Not applicable,2024,,_Z,Not applicable,2025,,2,Two
SWE,Sweden,SAL_ACT_REL_TER,Actual salaries relative to earnings of tertiary-educated workers,FCTR_EARN_FT_TER,"Factor of earnings for full-time, full-year tertiary-educated workers",INST_EDU_PUB,Public educational institutions,ISCED11_24,Lower secondary general education,Y25T64,From 25 to 64 years,_T,Total,SH,School head,1.096584541,,A,Normal value,0,Units,MEAN,Arithmetic mean,_Z,Not applicable,2024,,_Z,Not applicable,2025,,2,Two
SWE,Sweden,SAL_ACT_REL_TER,Actual salaries relative to earnings of tertiary-educated workers,FCTR_EARN_FT_TER,"Factor of earnings for full-time, full-year tertiary-educated workers",INST_EDU_PUB,Public educational institutions,ISCED11_1,Primary education,Y25T64,From 25 to 64 years,_T,Total,SH,School head,1.096584541,,A,Normal value,0,Units,MEAN,Arithmetic mean,_Z,Not applicable,2024,,_Z,Not applicable,2025,,2,Two
SWE,Sweden,SAL_ACT_REL_TER,Actual salaries relative to earnings of tertiary-educated workers,FCTR_EARN_FT_TER,"Factor of earnings for full-time, full-year tertiary-educated workers",INST_EDU_PUB,Public educational institutions,ISCED11_34,Upper secondary general education,Y25T64,From 25 to 64 years,_T,Total,SH,School head,1.106378211,,A,Normal value,0,Units,MEAN,Arithmetic mean,_Z,Not applicable,2024,,_Z,Not applicable,2025,,2,Two
USA,United States,SAL_ACT_REL_TER,Actual salaries relative to earnings of tertiary-educated workers,FCTR_EARN_FT_TER,"Factor of earnings for full-time, full-year tertiary-educated workers",INST_EDU_PUB,Public educational institutions,ISCED11_34,Upper secondary general education,Y25T64,From 25 to 64 years,_T,Total,SH,School head,1.120663675,,A,Normal value,0,Units,MEAN,Arithmetic mean,_Z,Not applicable,2024,,_Z,Not applicable,2025,,2,Two
USA,United States,SAL_ACT_REL_TER,Actual salaries relative to earnings of tertiary-educated workers,FCTR_EARN_FT_TER,"Factor of earnings for full-time, full-year tertiary-educated workers",INST_EDU_PUB,Public educational institutions,ISCED11_02,Pre-primary education,Y25T64,From 25 to 64 years,_T,Total,SH,School head,1.046969478,,A,Normal value,0,Units,MEAN,Arithmetic mean,_Z,Not applicable,2024,,_Z,Not applicable,2025,,2,Two
USA,United States,SAL_ACT_REL_TER,Actual salaries relative to earnings of tertiary-educated workers,FCTR_EARN_FT_TER,"Factor of earnings for full-time, full-year tertiary-educated workers",INST_EDU_PUB,Public educational institutions,ISCED11_24,Lower secondary general education,Y25T64,From 25 to 64 years,_T,Total,SH,School head,1.088184501,,A,Normal value,0,Units,MEAN,Arithmetic mean,_Z,Not applicable,2024,,_Z,Not applicable,2025,,2,Two
USA,United States,SAL_ACT_REL_TER,Actual salaries relative to earnings of tertiary-educated workers,FCTR_EARN_FT_TER,"Factor of earnings for full-time, full-year tertiary-educated workers",INST_EDU_PUB,Public educational institutions,ISCED11_1,Primary education,Y25T64,From 25 to 64 years,_T,Total,SH,School head,1.05688985,,A,Normal value,0,Units,MEAN,Arithmetic mean,_Z,Not applicable,2024,,_Z,Not applicable,2025,,2,Two
DEU,Germany,SAL_ACT_REL_TER,Actual salaries relative to earnings of tertiary-educated workers,FCTR_EARN_FT_TER,"Factor of earnings for full-time, full-year tertiary-educated workers",INST_EDU_PUB,Public educational institutions,ISCED11_24,Lower secondary general education,Y25T64,From 25 to 64 years,_T,Total,TE,Teacher,0.962820674,,A,Normal value,0,Units,MEAN,Arithmetic mean,_Z,Not applicable,2024,,_Z,Not applicable,2025,,2,Two
DEU,Germany,SAL_ACT_REL_TER,Actual salaries relative to earnings of tertiary-educated workers,FCTR_EARN_FT_TER,"Factor of earnings for full-time, full-year tertiary-educated workers",INST_EDU_PUB,Public educational institutions,ISCED11_1,Primary education,Y25T64,From 25 to 64 years,_T,Total,TE,Teacher,0.874176164,,A,Normal value,0,Units,MEAN,Arithmetic mean,_Z,Not applicable,2024,,_Z,Not applicable,2025,,2,Two
DEU,Germany,SAL_ACT_REL_TER,Actual salaries relative to earnings of tertiary-educated workers,FCTR_EARN_FT_TER,"Factor of earnings for full-time, full-year tertiary-educated workers",INST_EDU_PUB,Public educational institutions,ISCED11_34,Upper secondary general education,Y25T64,From 25 to 64 years,_T,Total,TE,Teacher,1.00897333,,A,Normal value,0,Units,MEAN,Arithmetic mean,_Z,Not applicable,2024,,_Z,Not applicable,2025,,2,Two
NLD,Netherlands,SAL_ACT_REL_TER,Actual salaries relative to earnings of tertiary-educated workers,FCTR_EARN_FT_TER,"Factor of earnings for full-time, full-year tertiary-educated workers",INST_EDU_PUB,Public educational institutions,ISCED11_02,Pre-primary education,Y25T64,From 25 to 64 years,_T,Total,TE,Teacher,0.811987732,,A,Normal value,0,Units,MEAN,Arithmetic mean,_Z,Not applicable,2024,,_Z,Not applicable,2025,,2,Two
NLD,Netherlands,SAL_ACT_REL_TER,Actual salaries relative to earnings of tertiary-educated workers,FCTR_EARN_FT_TER,"Factor of earnings for full-time, full-year tertiary-educated workers",INST_EDU_PUB,Public educational institutions,ISCED11_1,Primary education,Y25T64,From 25 to 64 years,_T,Total,TE,Teacher,0.811987732,,A,Normal value,0,Units,MEAN,Arithmetic mean,_Z,Not applicable,2024,,_Z,Not applicable,2025,,2,Two
NLD,Netherlands,SAL_ACT_REL_TER,Actual salaries relative to earnings of tertiary-educated workers,FCTR_EARN_FT_TER,"Factor of earnings for full-time, full-year tertiary-educated workers",INST_EDU_PUB,Public educational institutions,ISCED11_34,Upper secondary general education,Y25T64,From 25 to 64 years,_T,Total,TE,Teacher,0.881039023,,A,Normal value,0,Units,MEAN,Arithmetic mean,_Z,Not applicable,2024,,_Z,Not applicable,2025,,2,Two
NLD,Netherlands,SAL_ACT_REL_TER,Actual salaries relative to earnings of tertiary-educated workers,FCTR_EARN_FT_TER,"Factor of earnings for full-time, full-year tertiary-educated workers",INST_EDU_PUB,Public educational institutions,ISCED11_24,Lower secondary general education,Y25T64,From 25 to 64 years,_T,Total,TE,Teacher,0.881039023,,A,Normal value,0,Units,MEAN,Arithmetic mean,_Z,Not applicable,2024,,_Z,Not applicable,2025,,2,Two
POL,Poland,SAL_ACT_REL_TER,Actual salaries relative to earnings of tertiary-educated workers,FCTR_EARN_FT_TER,"Factor of earnings for full-time, full-year tertiary-educated workers",INST_EDU_PUB,Public educational institutions,ISCED11_1,Primary education,Y25T64,From 25 to 64 years,_T,Total,TE,Teacher,0.837166272,,A,Normal value,0,Units,MEAN,Arithmetic mean,_Z,Not applicable,2024,,_Z,Not applicable,2025,,2,Two
POL,Poland,SAL_ACT_REL_TER,Actual salaries relative to earnings of tertiary-educated workers,FCTR_EARN_FT_TER,"Factor of earnings for full-time, full-year tertiary-educated workers",INST_EDU_PUB,Public educational institutions,ISCED11_34,Upper secondary general education,Y25T64,From 25 to 64 years,_T,Total,TE,Teacher,0.871020138,,A,Normal value,0,Units,MEAN,Arithmetic mean,_Z,Not applicable,2024,,_Z,Not applicable,2025,,2,Two
POL,Poland,SAL_ACT_REL_TER,Actual salaries relative to earnings of tertiary-educated workers,FCTR_EARN_FT_TER,"Factor of earnings for full-time, full-year tertiary-educated workers",INST_EDU_PUB,Public educational institutions,ISCED11_02,Pre-primary education,Y25T64,From 25 to 64 years,_T,Total,TE,Teacher,0.717842534,,A,Normal value,0,Units,MEAN,Arithmetic mean,_Z,Not applicable,2024,,_Z,Not applicable,2025,,2,Two
POL,Poland,SAL_ACT_REL_TER,Actual salaries relative to earnings of tertiary-educated workers,FCTR_EARN_FT_TER,"Factor of earnings for full-time, full-year tertiary-educated workers",INST_EDU_PUB,Public educational institutions,ISCED11_24,Lower secondary general education,Y25T64,From 25 to 64 years,_T,Total,TE,Teacher,0.873546649,,A,Normal value,0,Units,MEAN,Arithmetic mean,_Z,Not applicable,2024,,_Z,Not applicable,2025,,2,Two
PRT,Portugal,SAL_ACT_REL_TER,Actual salaries relative to earnings of tertiary-educated workers,FCTR_EARN_FT_TER,"Factor of earnings for full-time, full-year tertiary-educated workers",INST_EDU_PUB,Public educational institutions,ISCED11_24,Lower secondary general education,Y25T64,From 25 to 64 years,_T,Total,TE,Teacher,1.254018779,,A,Normal value,0,Units,MEAN,Arithmetic mean,_Z,Not applicable,2024,,_Z,Not applicable,2025,,2,Two
PRT,Portugal,SAL_ACT_REL_TER,Actual salaries relative to earnings of tertiary-educated workers,FCTR_EARN_FT_TER,"Factor of earnings for full-time, full-year tertiary-educated workers",INST_EDU_PUB,Public educational institutions,ISCED11_02,Pre-primary education,Y25T64,From 25 to 64 years,_T,Total,TE,Teacher,1.345951629,,A,Normal value,0,Units,MEAN,Arithmetic mean,_Z,Not applicable,2024,,_Z,Not applicable,2025,,2,Two
PRT,Portugal,SAL_ACT_REL_TER,Actual salaries relative to earnings of tertiary-educated workers,FCTR_EARN_FT_TER,"Factor of earnings for full-time, full-year tertiary-educated workers",INST_EDU_PUB,Public educational institutions,ISCED11_1,Primary education,Y25T64,From 25 to 64 years,_T,Total,TE,Teacher,1.26310333,,A,Normal value,0,Units,MEAN,Arithmetic mean,_Z,Not applicable,2024,,_Z,Not applicable,2025,,2,Two
PRT,Portugal,SAL_ACT_REL_TER,Actual salaries relative to earnings of tertiary-educated workers,FCTR_EARN_FT_TER,"Factor of earnings for full-time, full-year tertiary-educated workers",INST_EDU_PUB,Public educational institutions,ISCED11_34,Upper secondary general education,Y25T64,From 25 to 64 years,_T,Total,TE,Teacher,1.339778343,,A,Normal value,0,Units,MEAN,Arithmetic mean,_Z,Not applicable,2024,,_Z,Not applicable,2025,,2,Two
SWE,Sweden,SAL_ACT_REL_TER,Actual salaries relative to earnings of tertiary-educated workers,FCTR_EARN_FT_TER,"Factor of earnings for full-time, full-year tertiary-educated workers",INST_EDU_PUB,Public educational institutions,ISCED11_34,Upper secondary general education,Y25T64,From 25 to 64 years,_T,Total,TE,Teacher,0.784129011,,A,Normal value,0,Units,MEAN,Arithmetic mean,_Z,Not applicable,2024,,_Z,Not applicable,2025,,2,Two
SWE,Sweden,SAL_ACT_REL_TER,Actual salaries relative to earnings of tertiary-educated workers,FCTR_EARN_FT_TER,"Factor of earnings for full-time, full-year tertiary-educated workers",INST_EDU_PUB,Public educational institutions,ISCED11_1,Primary education,Y25T64,From 25 to 64 years,_T,Total,TE,Teacher,0.739753963,,A,Normal value,0,Units,MEAN,Arithmetic mean,_Z,Not applicable,2024,,_Z,Not applicable,2025,,2,Two
SWE,Sweden,SAL_ACT_REL_TER,Actual salaries relative to earnings of tertiary-educated workers,FCTR_EARN_FT_TER,"Factor of earnings for full-time, full-year tertiary-educated workers",INST_EDU_PUB,Public educational institutions,ISCED11_24,Lower secondary general education,Y25T64,From 25 to 64 years,_T,Total,TE,Teacher,0.769472593,,A,Normal value,0,Units,MEAN,Arithmetic mean,_Z,Not applicable,2024,,_Z,Not applicable,2025,,2,Two
SWE,Sweden,SAL_ACT_REL_TER,Actual salaries relative to earnings of tertiary-educated workers,FCTR_EARN_FT_TER,"Factor of earnings for full-time, full-year tertiary-educated workers",INST_EDU_PUB,Public educational institutions,ISCED11_02,Pre-primary education,Y25T64,From 25 to 64 years,_T,Total,TE,Teacher,0.648020483,,A,Normal value,0,Units,MEAN,Arithmetic mean,_Z,Not applicable,2024,,_Z,Not applicable,2025,,2,Two
USA,United States,SAL_ACT_REL_TER,Actual salaries relative to earnings of tertiary-educated workers,FCTR_EARN_FT_TER,"Factor of earnings for full-time, full-year tertiary-educated workers",INST_EDU_PUB,Public educational institutions,ISCED11_02,Pre-primary education,Y25T64,From 25 to 64 years,_T,Total,TE,Teacher,0.596279968,,A,Normal value,0,Units,MEAN,Arithmetic mean,_Z,Not applicable,2024,,_Z,Not applicable,2025,,2,Two
USA,United States,SAL_ACT_REL_TER,Actual salaries relative to earnings of tertiary-educated workers,FCTR_EARN_FT_TER,"Factor of earnings for full-time, full-year tertiary-educated workers",INST_EDU_PUB,Public educational institutions,ISCED11_1,Primary education,Y25T64,From 25 to 64 years,_T,Total,TE,Teacher,0.612715212,,A,Normal value,0,Units,MEAN,Arithmetic mean,_Z,Not applicable,2024,,_Z,Not applicable,2025,,2,Two
USA,United States,SAL_ACT_REL_TER,Actual salaries relative to earnings of tertiary-educated workers,FCTR_EARN_FT_TER,"Factor of earnings for full-time, full-year tertiary-educated workers",INST_EDU_PUB,Public educational institutions,ISCED11_24,Lower secondary general education,Y25T64,From 25 to 64 years,_T,Total,TE,Teacher,0.634512534,,A,Normal value,0,Units,MEAN,Arithmetic mean,_Z,Not applicable,2024,,_Z,Not applicable,2025,,2,Two
USA,United States,SAL_ACT_REL_TER,Actual salaries relative to earnings of tertiary-educated workers,FCTR_EARN_FT_TER,"Factor of earnings for full-time, full-year tertiary-educated workers",INST_EDU_PUB,Public educational institutions,ISCED11_34,Upper secondary general education,Y25T64,From 25 to 64 years,_T,Total,TE,Teacher,0.655632987,,A,Normal value,0,Units,MEAN,Arithmetic mean,_Z,Not applicable,2024,,_Z,Not applicable,2025,,2,Two
FIN,Finland,SAL_ACT_REL_TER,Actual salaries relative to earnings of tertiary-educated workers,FCTR_EARN_FT_TER,"Factor of earnings for full-time, full-year tertiary-educated workers",INST_EDU_PUB,Public educational institutions,ISCED11_34,Upper secondary general education,Y25T64,From 25 to 64 years,M,Male,TE,Teacher,0.930468036,,A,Normal value,0,Units,MEAN,Arithmetic mean,_Z,Not applicable,2023,,_Z,Not applicable,2025,,2,Two
FIN,Finland,SAL_ACT_REL_TER,Actual salaries relative to earnings of tertiary-educated workers,FCTR_EARN_FT_TER,"Factor of earnings for full-time, full-year tertiary-educated workers",INST_EDU_PUB,Public educational institutions,ISCED11_34,Upper secondary general education,Y45T54,From 45 to 54 years,_T,Total,SH,School head,1.348866688,,A,Normal value,0,Units,MEAN,Arithmetic mean,_Z,Not applicable,2023,,_Z,Not applicable,2025,,2,Two
FIN,Finland,SAL_ACT_REL_TER,Actual salaries relative to earnings of tertiary-educated workers,FCTR_EARN_FT_TER,"Factor of earnings for full-time, full-year tertiary-educated workers",INST_EDU_PUB,Public educational institutions,ISCED11_02,Pre-primary education,Y25T64,From 25 to 64 years,_T,Total,TE,Teacher,0.680894049,,A,Normal value,0,Units,MEAN,Arithmetic mean,_Z,Not applicable,2023,,_Z,Not applicable,2025,,2,Two
FIN,Finland,SAL_ACT_REL_TER,Actual salaries relative to earnings of tertiary-educated workers,FCTR_EARN_FT_TER,"Factor of earnings for full-time, full-year tertiary-educated workers",INST_EDU_PUB,Public educational institutions,ISCED11_24,Lower secondary general education,Y25T64,From 25 to 64 years,M,Male,SH,School head,1.211825504,,A,Normal value,0,Units,MEAN,Arithmetic mean,_Z,Not applicable,2023,,_Z,Not applicable,2025,,2,Two
FIN,Finland,SAL_ACT_REL_TER,Actual salaries relative to earnings of tertiary-educated workers,FCTR_EARN_FT_TER,"Factor of earnings for full-time, full-year tertiary-educated workers",INST_EDU_PUB,Public educational institutions,ISCED11_02,Pre-primary education,Y25T64,From 25 to 64 years,M,Male,SH,School head,0.819387937,,A,Normal value,0,Units,MEAN,Arithmetic mean,_Z,Not applicable,2023,,_Z,Not applicable,2025,,2,Two
FIN,Finland,SAL_ACT_REL_TER,Actual salaries relative to earnings of tertiary-educated workers,FCTR_EARN_FT_TER,"Factor of earnings for full-time, full-year tertiary-educated workers",INST_EDU_PUB,Public educational institutions,ISCED11_02,Pre-primary education,Y55T64,From 55 to 64 years,_T,Total,TE,Teacher,0.661136648,,A,Normal value,0,Units,MEAN,Arithmetic mean,_Z,Not applicable,2023,,_Z,Not applicable,2025,,2,Two
FIN,Finland,SAL_ACT_REL_TER,Actual salaries relative to earnings of tertiary-educated workers,FCTR_EARN_FT_TER,"Factor of earnings for full-time, full-year tertiary-educated workers",INST_EDU_PUB,Public educational institutions,ISCED11_1,Primary education,Y45T54,From 45 to 54 years,_T,Total,SH,School head,1.100088536,,A,Normal value,0,Units,MEAN,Arithmetic mean,_Z,Not applicable,2023,,_Z,Not applicable,2025,,2,Two
FIN,Finland,SAL_ACT_REL_TER,Actual salaries relative to earnings of tertiary-educated workers,FCTR_EARN_FT_TER,"Factor of earnings for full-time, full-year tertiary-educated workers",INST_EDU_PUB,Public educational institutions,ISCED11_1,Primary education,Y25T64,From 25 to 64 years,_T,Total,TE,Teacher,0.85540506,,A,Normal value,0,Units,MEAN,Arithmetic mean,_Z,Not applicable,2023,,_Z,Not applicable,2025,,2,Two
FIN,Finland,SAL_ACT_REL_TER,Actual salaries relative to earnings of tertiary-educated workers,FCTR_EARN_FT_TER,"Factor of earnings for full-time, full-year tertiary-educated workers",INST_EDU_PUB,Public educational institutions,ISCED11_02,Pre-primary education,Y35T44,From 35 to 44 years,_T,Total,SH,School head,0.896590545,,A,Normal value,0,Units,MEAN,Arithmetic mean,_Z,Not applicable,2023,,_Z,Not applicable,2025,,2,Two
FIN,Finland,SAL_ACT_REL_TER,Actual salaries relative to earnings of tertiary-educated workers,FCTR_EARN_FT_TER,"Factor of earnings for full-time, full-year tertiary-educated workers",INST_EDU_PUB,Public educational institutions,ISCED11_34,Upper secondary general education,Y25T64,From 25 to 64 years,_T,Total,TE,Teacher,1.06159774,,A,Normal value,0,Units,MEAN,Arithmetic mean,_Z,Not applicable,2023,,_Z,Not applicable,2025,,2,Two
FIN,Finland,SAL_ACT_REL_TER,Actual salaries relative to earnings of tertiary-educated workers,FCTR_EARN_FT_TER,"Factor of earnings for full-time, full-year tertiary-educated workers",INST_EDU_PUB,Public educational institutions,ISCED11_34,Upper secondary general education,Y25T64,From 25 to 64 years,F,Female,SH,School head,1.602721491,,A,Normal value,0,Units,MEAN,Arithmetic mean,_Z,Not applicable,2023,,_Z,Not applicable,2025,,2,Two
FIN,Finland,SAL_ACT_REL_TER,Actual salaries relative to earnings of tertiary-educated workers,FCTR_EARN_FT_TER,"Factor of earnings for full-time, full-year tertiary-educated workers",INST_EDU_PUB,Public educational institutions,ISCED11_1,Primary education,Y45T54,From 45 to 54 years,_T,Total,TE,Teacher,0.833135086,,A,Normal value,0,Units,MEAN,Arithmetic mean,_Z,Not applicable,2023,,_Z,Not applicable,2025,,2,Two
FIN,Finland,SAL_ACT_REL_TER,Actual salaries relative to earnings of tertiary-educated workers,FCTR_EARN_FT_TER,"Factor of earnings for full-time, full-year tertiary-educated workers",INST_EDU_PUB,Public educational institutions,ISCED11_02,Pre-primary education,Y25T64,From 25 to 64 years,_T,Total,SH,School head,0.908687867,,A,Normal value,0,Units,MEAN,Arithmetic mean,_Z,Not applicable,2023,,_Z,Not applicable,2025,,2,Two
FIN,Finland,SAL_ACT_REL_TER,Actual salaries relative to earnings of tertiary-educated workers,FCTR_EARN_FT_TER,"Factor of earnings for full-time, full-year tertiary-educated workers",INST_EDU_PUB,Public educational institutions,ISCED11_24,Lower secondary general education,Y45T54,From 45 to 54 years,_T,Total,TE,Teacher,0.905594742,,A,Normal value,0,Units,MEAN,Arithmetic mean,_Z,Not applicable,2023,,_Z,Not applicable,2025,,2,Two
FIN,Finland,SAL_ACT_REL_TER,Actual salaries relative to earnings of tertiary-educated workers,FCTR_EARN_FT_TER,"Factor of earnings for full-time, full-year tertiary-educated workers",INST_EDU_PUB,Public educational institutions,ISCED11_34,Upper secondary general education,Y25T64,From 25 to 64 years,M,Male,SH,School head,1.25842489,,A,Normal value,0,Units,MEAN,Arithmetic mean,_Z,Not applicable,2023,,_Z,Not applicable,2025,,2,Two
FIN,Finland,SAL_ACT_REL_TER,Actual salaries relative to earnings of tertiary-educated workers,FCTR_EARN_FT_TER,"Factor of earnings for full-time, full-year tertiary-educated workers",INST_EDU_PUB,Public educational institutions,ISCED11_34,Upper secondary general education,Y45T54,From 45 to 54 years,_T,Total,TE,Teacher,1.014465375,,A,Normal value,0,Units,MEAN,Arithmetic mean,_Z,Not applicable,2023,,_Z,Not applicable,2025,,2,Two
FIN,Finland,SAL_ACT_REL_TER,Actual salaries relative to earnings of tertiary-educated workers,FCTR_EARN_FT_TER,"Factor of earnings for full-time, full-year tertiary-educated workers",INST_EDU_PUB,Public educational institutions,ISCED11_24,Lower secondary general education,Y25T64,From 25 to 64 years,_T,Total,SH,School head,1.395155311,,A,Normal value,0,Units,MEAN,Arithmetic mean,_Z,Not applicable,2023,,_Z,Not applicable,2025,,2,Two
FIN,Finland,SAL_ACT_REL_TER,Actual salaries relative to earnings of tertiary-educated workers,FCTR_EARN_FT_TER,"Factor of earnings for full-time, full-year tertiary-educated workers",INST_EDU_PUB,Public educational institutions,ISCED11_1,Primary education,Y25T34,From 25 to 34 years,_T,Total,TE,Teacher,0.89745825,,A,Normal value,0,Units,MEAN,Arithmetic mean,_Z,Not applicable,2023,,_Z,Not applicable,2025,,2,Two
FIN,Finland,SAL_ACT_REL_TER,Actual salaries relative to earnings of tertiary-educated workers,FCTR_EARN_FT_TER,"Factor of earnings for full-time, full-year tertiary-educated workers",INST_EDU_PUB,Public educational institutions,ISCED11_02,Pre-primary education,Y25T64,From 25 to 64 years,F,Female,SH,School head,1.018740305,,A,Normal value,0,Units,MEAN,Arithmetic mean,_Z,Not applicable,2023,,_Z,Not applicable,2025,,2,Two
FIN,Finland,SAL_ACT_REL_TER,Actual salaries relative to earnings of tertiary-educated workers,FCTR_EARN_FT_TER,"Factor of earnings for full-time, full-year tertiary-educated workers",INST_EDU_PUB,Public educational institutions,ISCED11_24,Lower secondary general education,Y45T54,From 45 to 54 years,_T,Total,SH,School head,1.288438354,,A,Normal value,0,Units,MEAN,Arithmetic mean,_Z,Not applicable,2023,,_Z,Not applicable,2025,,2,Two
FIN,Finland,SAL_ACT_REL_TER,Actual salaries relative to earnings of tertiary-educated workers,FCTR_EARN_FT_TER,"Factor of earnings for full-time, full-year tertiary-educated workers",INST_EDU_PUB,Public educational institutions,ISCED11_1,Primary education,Y25T64,From 25 to 64 years,_T,Total,SH,School head,1.188471696,,A,Normal value,0,Units,MEAN,Arithmetic mean,_Z,Not applicable,2023,,_Z,Not applicable,2025,,2,Two
FIN,Finland,SAL_ACT_REL_TER,Actual salaries relative to earnings of tertiary-educated workers,FCTR_EARN_FT_TER,"Factor of earnings for full-time, full-year tertiary-educated workers",INST_EDU_PUB,Public educational institutions,ISCED11_34,Upper secondary general education,Y25T34,From 25 to 34 years,_T,Total,TE,Teacher,1.081029255,,A,Normal value,0,Units,MEAN,Arithmetic mean,_Z,Not applicable,2023,,_Z,Not applicable,2025,,2,Two
FIN,Finland,SAL_ACT_REL_TER,Actual salaries relative to earnings of tertiary-educated workers,FCTR_EARN_FT_TER,"Factor of earnings for full-time, full-year tertiary-educated workers",INST_EDU_PUB,Public educational institutions,ISCED11_1,Primary education,Y55T64,From 55 to 64 years,_T,Total,SH,School head,1.139966412,,A,Normal value,0,Units,MEAN,Arithmetic mean,_Z,Not applicable,2023,,_Z,Not applicable,2025,,2,Two
FIN,Finland,SAL_ACT_REL_TER,Actual salaries relative to earnings of tertiary-educated workers,FCTR_EARN_FT_TER,"Factor of earnings for full-time, full-year tertiary-educated workers",INST_EDU_PUB,Public educational institutions,ISCED11_34,Upper secondary general education,Y55T64,From 55 to 64 years,_T,Total,SH,School head,1.374656807,,A,Normal value,0,Units,MEAN,Arithmetic mean,_Z,Not applicable,2023,,_Z,Not applicable,2025,,2,Two
FIN,Finland,SAL_ACT_REL_TER,Actual salaries relative to earnings of tertiary-educated workers,FCTR_EARN_FT_TER,"Factor of earnings for full-time, full-year tertiary-educated workers",INST_EDU_PUB,Public educational institutions,ISCED11_24,Lower secondary general education,Y25T64,From 25 to 64 years,F,Female,SH,School head,1.566482372,,A,Normal value,0,Units,MEAN,Arithmetic mean,_Z,Not applicable,2023,,_Z,Not applicable,2025,,2,Two
FIN,Finland,SAL_ACT_REL_TER,Actual salaries relative to earnings of tertiary-educated workers,FCTR_EARN_FT_TER,"Factor of earnings for full-time, full-year tertiary-educated workers",INST_EDU_PUB,Public educational institutions,ISCED11_1,Primary education,Y25T64,From 25 to 64 years,M,Male,SH,School head,1.029631985,,A,Normal value,0,Units,MEAN,Arithmetic mean,_Z,Not applicable,2023,,_Z,Not applicable,2025,,2,Two
FIN,Finland,SAL_ACT_REL_TER,Actual salaries relative to earnings of tertiary-educated workers,FCTR_EARN_FT_TER,"Factor of earnings for full-time, full-year tertiary-educated workers",INST_EDU_PUB,Public educational institutions,ISCED11_1,Primary education,Y25T64,From 25 to 64 years,F,Female,TE,Teacher,0.951777914,,A,Normal value,0,Units,MEAN,Arithmetic mean,_Z,Not applicable,2023,,_Z,Not applicable,2025,,2,Two
FIN,Finland,SAL_ACT_REL_TER,Actual salaries relative to earnings of tertiary-educated workers,FCTR_EARN_FT_TER,"Factor of earnings for full-time, full-year tertiary-educated workers",INST_EDU_PUB,Public educational institutions,ISCED11_1,Primary education,Y35T44,From 35 to 44 years,_T,Total,SH,School head,1.104938975,,A,Normal value,0,Units,MEAN,Arithmetic mean,_Z,Not applicable,2023,,_Z,Not applicable,2025,,2,Two
FIN,Finland,SAL_ACT_REL_TER,Actual salaries relative to earnings of tertiary-educated workers,FCTR_EARN_FT_TER,"Factor of earnings for full-time, full-year tertiary-educated workers",INST_EDU_PUB,Public educational institutions,ISCED11_02,Pre-primary education,Y55T64,From 55 to 64 years,_T,Total,SH,School head,0.869581601,,A,Normal value,0,Units,MEAN,Arithmetic mean,_Z,Not applicable,2023,,_Z,Not applicable,2025,,2,Two
FIN,Finland,SAL_ACT_REL_TER,Actual salaries relative to earnings of tertiary-educated workers,FCTR_EARN_FT_TER,"Factor of earnings for full-time, full-year tertiary-educated workers",INST_EDU_PUB,Public educational institutions,ISCED11_34,Upper secondary general education,Y25T64,From 25 to 64 years,F,Female,TE,Teacher,1.186973661,,A,Normal value,0,Units,MEAN,Arithmetic mean,_Z,Not applicable,2023,,_Z,Not applicable,2025,,2,Two
FIN,Finland,SAL_ACT_REL_TER,Actual salaries relative to earnings of tertiary-educated workers,FCTR_EARN_FT_TER,"Factor of earnings for full-time, full-year tertiary-educated workers",INST_EDU_PUB,Public educational institutions,ISCED11_02,Pre-primary education,Y45T54,From 45 to 54 years,_T,Total,SH,School head,0.836999601,,A,Normal value,0,Units,MEAN,Arithmetic mean,_Z,Not applicable,2023,,_Z,Not applicable,2025,,2,Two
FIN,Finland,SAL_ACT_REL_TER,Actual salaries relative to earnings of tertiary-educated workers,FCTR_EARN_FT_TER,"Factor of earnings for full-time, full-year tertiary-educated workers",INST_EDU_PUB,Public educational institutions,ISCED11_1,Primary education,Y25T64,From 25 to 64 years,M,Male,TE,Teacher,0.767533514,,A,Normal value,0,Units,MEAN,Arithmetic mean,_Z,Not applicable,2023,,_Z,Not applicable,2025,,2,Two
FIN,Finland,SAL_ACT_REL_TER,Actual salaries relative to earnings of tertiary-educated workers,FCTR_EARN_FT_TER,"Factor of earnings for full-time, full-year tertiary-educated workers",INST_EDU_PUB,Public educational institutions,ISCED11_34,Upper secondary general education,Y55T64,From 55 to 64 years,_T,Total,TE,Teacher,1.037438921,,A,Normal value,0,Units,MEAN,Arithmetic mean,_Z,Not applicable,2023,,_Z,Not applicable,2025,,2,Two
FIN,Finland,SAL_ACT_REL_TER,Actual salaries relative to earnings of tertiary-educated workers,FCTR_EARN_FT_TER,"Factor of earnings for full-time, full-year tertiary-educated workers",INST_EDU_PUB,Public educational institutions,ISCED11_02,Pre-primary education,Y25T64,From 25 to 64 years,F,Female,TE,Teacher,0.765434191,,A,Normal value,0,Units,MEAN,Arithmetic mean,_Z,Not applicable,2023,,_Z,Not applicable,2025,,2,Two
FIN,Finland,SAL_ACT_REL_TER,Actual salaries relative to earnings of tertiary-educated workers,FCTR_EARN_FT_TER,"Factor of earnings for full-time, full-year tertiary-educated workers",INST_EDU_PUB,Public educational institutions,ISCED11_34,Upper secondary general education,Y25T64,From 25 to 64 years,_T,Total,SH,School head,1.439944943,,A,Normal value,0,Units,MEAN,Arithmetic mean,_Z,Not applicable,2023,,_Z,Not applicable,2025,,2,Two
FIN,Finland,SAL_ACT_REL_TER,Actual salaries relative to earnings of tertiary-educated workers,FCTR_EARN_FT_TER,"Factor of earnings for full-time, full-year tertiary-educated workers",INST_EDU_PUB,Public educational institutions,ISCED11_24,Lower secondary general education,Y25T64,From 25 to 64 years,F,Female,TE,Teacher,1.048746517,,A,Normal value,0,Units,MEAN,Arithmetic mean,_Z,Not applicable,2023,,_Z,Not applicable,2025,,2,Two
FIN,Finland,SAL_ACT_REL_TER,Actual salaries relative to earnings of tertiary-educated workers,FCTR_EARN_FT_TER,"Factor of earnings for full-time, full-year tertiary-educated workers",INST_EDU_PUB,Public educational institutions,ISCED11_24,Lower secondary general education,Y25T34,From 25 to 34 years,_T,Total,TE,Teacher,0.970475121,,A,Normal value,0,Units,MEAN,Arithmetic mean,_Z,Not applicable,2023,,_Z,Not applicable,2025,,2,Two
FIN,Finland,SAL_ACT_REL_TER,Actual salaries relative to earnings of tertiary-educated workers,FCTR_EARN_FT_TER,"Factor of earnings for full-time, full-year tertiary-educated workers",INST_EDU_PUB,Public educational institutions,ISCED11_02,Pre-primary education,Y25T64,From 25 to 64 years,M,Male,TE,Teacher,0.580951331,,A,Normal value,0,Units,MEAN,Arithmetic mean,_Z,Not applicable,2023,,_Z,Not applicable,2025,,2,Two
FIN,Finland,SAL_ACT_REL_TER,Actual salaries relative to earnings of tertiary-educated workers,FCTR_EARN_FT_TER,"Factor of earnings for full-time, full-year tertiary-educated workers",INST_EDU_PUB,Public educational institutions,ISCED11_24,Lower secondary general education,Y25T64,From 25 to 64 years,M,Male,TE,Teacher,0.824657176,,A,Normal value,0,Units,MEAN,Arithmetic mean,_Z,Not applicable,2023,,_Z,Not applicable,2025,,2,Two
FIN,Finland,SAL_ACT_REL_TER,Actual salaries relative to earnings of tertiary-educated workers,FCTR_EARN_FT_TER,"Factor of earnings for full-time, full-year tertiary-educated workers",INST_EDU_PUB,Public educational institutions,ISCED11_02,Pre-primary education,Y35T44,From 35 to 44 years,_T,Total,TE,Teacher,0.680775198,,A,Normal value,0,Units,MEAN,Arithmetic mean,_Z,Not applicable,2023,,_Z,Not applicable,2025,,2,Two
FIN,Finland,SAL_ACT_REL_TER,Actual salaries relative to earnings of tertiary-educated workers,FCTR_EARN_FT_TER,"Factor of earnings for full-time, full-year tertiary-educated workers",INST_EDU_PUB,Public educational institutions,ISCED11_34,Upper secondary general education,Y35T44,From 35 to 44 years,_T,Total,TE,Teacher,1.005940504,,A,Normal value,0,Units,MEAN,Arithmetic mean,_Z,Not applicable,2023,,_Z,Not applicable,2025,,2,Two
FIN,Finland,SAL_ACT_REL_TER,Actual salaries relative to earnings of tertiary-educated workers,FCTR_EARN_FT_TER,"Factor of earnings for full-time, full-year tertiary-educated workers",INST_EDU_PUB,Public educational institutions,ISCED11_24,Lower secondary general education,Y25T64,From 25 to 64 years,_T,Total,TE,Teacher,0.938307609,,A,Normal value,0,Units,MEAN,Arithmetic mean,_Z,Not applicable,2023,,_Z,Not applicable,2025,,2,Two
FIN,Finland,SAL_ACT_REL_TER,Actual salaries relative to earnings of tertiary-educated workers,FCTR_EARN_FT_TER,"Factor of earnings for full-time, full-year tertiary-educated workers",INST_EDU_PUB,Public educational institutions,ISCED11_24,Lower secondary general education,Y35T44,From 35 to 44 years,_T,Total,SH,School head,1.259931086,,A,Normal value,0,Units,MEAN,Arithmetic mean,_Z,Not applicable,2023,,_Z,Not applicable,2025,,2,Two
FIN,Finland,SAL_ACT_REL_TER,Actual salaries relative to earnings of tertiary-educated workers,FCTR_EARN_FT_TER,"Factor of earnings for full-time, full-year tertiary-educated workers",INST_EDU_PUB,Public educational institutions,ISCED11_1,Primary education,Y55T64,From 55 to 64 years,_T,Total,TE,Teacher,0.861942659,,A,Normal value,0,Units,MEAN,Arithmetic mean,_Z,Not applicable,2023,,_Z,Not applicable,2025,,2,Two
FIN,Finland,SAL_ACT_REL_TER,Actual salaries relative to earnings of tertiary-educated workers,FCTR_EARN_FT_TER,"Factor of earnings for full-time, full-year tertiary-educated workers",INST_EDU_PUB,Public educational institutions,ISCED11_02,Pre-primary education,Y45T54,From 45 to 54 years,_T,Total,TE,Teacher,0.641871786,,A,Normal value,0,Units,MEAN,Arithmetic mean,_Z,Not applicable,2023,,_Z,Not applicable,2025,,2,Two
FIN,Finland,SAL_ACT_REL_TER,Actual salaries relative to earnings of tertiary-educated workers,FCTR_EARN_FT_TER,"Factor of earnings for full-time, full-year tertiary-educated workers",INST_EDU_PUB,Public educational institutions,ISCED11_02,Pre-primary education,Y25T34,From 25 to 34 years,_T,Total,SH,School head,1.040275653,,A,Normal value,0,Units,MEAN,Arithmetic mean,_Z,Not applicable,2023,,_Z,Not applicable,2025,,2,Two
FIN,Finland,SAL_ACT_REL_TER,Actual salaries relative to earnings of tertiary-educated workers,FCTR_EARN_FT_TER,"Factor of earnings for full-time, full-year tertiary-educated workers",INST_EDU_PUB,Public educational institutions,ISCED11_24,Lower secondary general education,Y55T64,From 55 to 64 years,_T,Total,SH,School head,1.347153547,,A,Normal value,0,Units,MEAN,Arithmetic mean,_Z,Not applicable,2023,,_Z,Not applicable,2025,,2,Two
FIN,Finland,SAL_ACT_REL_TER,Actual salaries relative to earnings of tertiary-educated workers,FCTR_EARN_FT_TER,"Factor of earnings for full-time, full-year tertiary-educated workers",INST_EDU_PUB,Public educational institutions,ISCED11_24,Lower secondary general education,Y35T44,From 35 to 44 years,_T,Total,TE,Teacher,0.90085971,,A,Normal value,0,Units,MEAN,Arithmetic mean,_Z,Not applicable,2023,,_Z,Not applicable,2025,,2,Two
FIN,Finland,SAL_ACT_REL_TER,Actual salaries relative to earnings of tertiary-educated workers,FCTR_EARN_FT_TER,"Factor of earnings for full-time, full-year tertiary-educated workers",INST_EDU_PUB,Public educational institutions,ISCED11_1,Primary education,Y25T64,From 25 to 64 years,F,Female,SH,School head,1.336912789,,A,Normal value,0,Units,MEAN,Arithmetic mean,_Z,Not applicable,2023,,_Z,Not applicable,2025,,2,Two
FIN,Finland,SAL_ACT_REL_TER,Actual salaries relative to earnings of tertiary-educated workers,FCTR_EARN_FT_TER,"Factor of earnings for full-time, full-year tertiary-educated workers",INST_EDU_PUB,Public educational institutions,ISCED11_1,Primary education,Y35T44,From 35 to 44 years,_T,Total,TE,Teacher,0.825679553,,A,Normal value,0,Units,MEAN,Arithmetic mean,_Z,Not applicable,2023,,_Z,Not applicable,2025,,2,Two
FIN,Finland,SAL_ACT_REL_TER,Actual salaries relative to earnings of tertiary-educated workers,FCTR_EARN_FT_TER,"Factor of earnings for full-time, full-year tertiary-educated workers",INST_EDU_PUB,Public educational institutions,ISCED11_24,Lower secondary general education,Y55T64,From 55 to 64 years,_T,Total,TE,Teacher,0.926919686,,A,Normal value,0,Units,MEAN,Arithmetic mean,_Z,Not applicable,2023,,_Z,Not applicable,2025,,2,Two
FIN,Finland,SAL_ACT_REL_TER,Actual salaries relative to earnings of tertiary-educated workers,FCTR_EARN_FT_TER,"Factor of earnings for full-time, full-year tertiary-educated workers",INST_EDU_PUB,Public educational institutions,ISCED11_02,Pre-primary education,Y25T34,From 25 to 34 years,_T,Total,TE,Teacher,0.776256237,,A,Normal value,0,Units,MEAN,Arithmetic mean,_Z,Not applicable,2023,,_Z,Not applicable,2025,,2,Two
ITA,Italy,SAL_ACT_REL_TER,Actual salaries relative to earnings of tertiary-educated workers,FCTR_EARN_FT_TER,"Factor of earnings for full-time, full-year tertiary-educated workers",INST_EDU_PUB,Public educational institutions,ISCED11_24,Lower secondary general education,Y55T64,From 55 to 64 years,_T,Total,TE,Teacher,0.62766959,,A,Normal value,0,Units,MEAN,Arithmetic mean,_Z,Not applicable,2023,,_Z,Not applicable,2025,,2,Two
ITA,Italy,SAL_ACT_REL_TER,Actual salaries relative to earnings of tertiary-educated workers,FCTR_EARN_FT_TER,"Factor of earnings for full-time, full-year tertiary-educated workers",INST_EDU_PUB,Public educational institutions,ISCED11_02,Pre-primary education,Y45T54,From 45 to 54 years,_T,Total,TE,Teacher,0.544964529,,A,Normal value,0,Units,MEAN,Arithmetic mean,_Z,Not applicable,2023,,_Z,Not applicable,2025,,2,Two
ITA,Italy,SAL_ACT_REL_TER,Actual salaries relative to earnings of tertiary-educated workers,FCTR_EARN_FT_TER,"Factor of earnings for full-time, full-year tertiary-educated workers",INST_EDU_PUB,Public educational institutions,ISCED11_1,Primary education,Y25T64,From 25 to 64 years,F,Female,TE,Teacher,0.760235703,,A,Normal value,0,Units,MEAN,Arithmetic mean,_Z,Not applicable,2023,,_Z,Not applicable,2025,,2,Two
ITA,Italy,SAL_ACT_REL_TER,Actual salaries relative to earnings of tertiary-educated workers,FCTR_EARN_FT_TER,"Factor of earnings for full-time, full-year tertiary-educated workers",INST_EDU_PUB,Public educational institutions,ISCED11_1,Primary education,Y25T64,From 25 to 64 years,M,Male,TE,Teacher,0.527423149,,A,Normal value,0,Units,MEAN,Arithmetic mean,_Z,Not applicable,2023,,_Z,Not applicable,2025,,2,Two
ITA,Italy,SAL_ACT_REL_TER,Actual salaries relative to earnings of tertiary-educated workers,FCTR_EARN_FT_TER,"Factor of earnings for full-time, full-year tertiary-educated workers",INST_EDU_PUB,Public educational institutions,ISCED11_34,Upper secondary general education,Y45T54,From 45 to 54 years,_T,Total,TE,Teacher,0.607707213,,A,Normal value,0,Units,MEAN,Arithmetic mean,_Z,Not applicable,2023,,_Z,Not applicable,2025,,2,Two
ITA,Italy,SAL_ACT_REL_TER,Actual salaries relative to earnings of tertiary-educated workers,FCTR_EARN_FT_TER,"Factor of earnings for full-time, full-year tertiary-educated workers",INST_EDU_PUB,Public educational institutions,ISCED11_1,Primary education,Y55T64,From 55 to 64 years,_T,Total,TE,Teacher,0.585425318,,A,Normal value,0,Units,MEAN,Arithmetic mean,_Z,Not applicable,2023,,_Z,Not applicable,2025,,2,Two
ITA,Italy,SAL_ACT_REL_TER,Actual salaries relative to earnings of tertiary-educated workers,FCTR_EARN_FT_TER,"Factor of earnings for full-time, full-year tertiary-educated workers",INST_EDU_PUB,Public educational institutions,ISCED11_02,Pre-primary education,Y35T44,From 35 to 44 years,_T,Total,TE,Teacher,0.618995904,,A,Normal value,0,Units,MEAN,Arithmetic mean,_Z,Not applicable,2023,,_Z,Not applicable,2025,,2,Two
ITA,Italy,SAL_ACT_REL_TER,Actual salaries relative to earnings of tertiary-educated workers,FCTR_EARN_FT_TER,"Factor of earnings for full-time, full-year tertiary-educated workers",INST_EDU_PUB,Public educational institutions,ISCED11_24,Lower secondary general education,Y25T64,From 25 to 64 years,F,Female,SH,School head,2.30499427,,A,Normal value,0,Units,MEAN,Arithmetic mean,_Z,Not applicable,2023,,_Z,Not applicable,2025,,2,Two
ITA,Italy,SAL_ACT_REL_TER,Actual salaries relative to earnings of tertiary-educated workers,FCTR_EARN_FT_TER,"Factor of earnings for full-time, full-year tertiary-educated workers",INST_EDU_PUB,Public educational institutions,ISCED11_02,Pre-primary education,Y25T64,From 25 to 64 years,_T,Total,TE,Teacher,0.637108761,,A,Normal value,0,Units,MEAN,Arithmetic mean,_Z,Not applicable,2023,,_Z,Not applicable,2025,,2,Two
ITA,Italy,SAL_ACT_REL_TER,Actual salaries relative to earnings of tertiary-educated workers,FCTR_EARN_FT_TER,"Factor of earnings for full-time, full-year tertiary-educated workers",INST_EDU_PUB,Public educational institutions,ISCED11_02,Pre-primary education,Y55T64,From 55 to 64 years,_T,Total,TE,Teacher,0.585425318,,A,Normal value,0,Units,MEAN,Arithmetic mean,_Z,Not applicable,2023,,_Z,Not applicable,2025,,2,Two
ITA,Italy,SAL_ACT_REL_TER,Actual salaries relative to earnings of tertiary-educated workers,FCTR_EARN_FT_TER,"Factor of earnings for full-time, full-year tertiary-educated workers",INST_EDU_PUB,Public educational institutions,ISCED11_34,Upper secondary general education,Y25T64,From 25 to 64 years,M,Male,TE,Teacher,0.609164333,,A,Normal value,0,Units,MEAN,Arithmetic mean,_Z,Not applicable,2023,,_Z,Not applicable,2025,,2,Two
ITA,Italy,SAL_ACT_REL_TER,Actual salaries relative to earnings of tertiary-educated workers,FCTR_EARN_FT_TER,"Factor of earnings for full-time, full-year tertiary-educated workers",INST_EDU_PUB,Public educational institutions,ISCED11_1,Primary education,Y35T44,From 35 to 44 years,_T,Total,TE,Teacher,0.618995904,,A,Normal value,0,Units,MEAN,Arithmetic mean,_Z,Not applicable,2023,,_Z,Not applicable,2025,,2,Two
ITA,Italy,SAL_ACT_REL_TER,Actual salaries relative to earnings of tertiary-educated workers,FCTR_EARN_FT_TER,"Factor of earnings for full-time, full-year tertiary-educated workers",INST_EDU_PUB,Public educational institutions,ISCED11_24,Lower secondary general education,Y25T64,From 25 to 64 years,_T,Total,TE,Teacher,0.669934166,,A,Normal value,0,Units,MEAN,Arithmetic mean,_Z,Not applicable,2023,,_Z,Not applicable,2025,,2,Two
ITA,Italy,SAL_ACT_REL_TER,Actual salaries relative to earnings of tertiary-educated workers,FCTR_EARN_FT_TER,"Factor of earnings for full-time, full-year tertiary-educated workers",INST_EDU_PUB,Public educational institutions,ISCED11_34,Upper secondary general education,Y55T64,From 55 to 64 years,_T,Total,TE,Teacher,0.677187413,,A,Normal value,0,Units,MEAN,Arithmetic mean,_Z,Not applicable,2023,,_Z,Not applicable,2025,,2,Two
ITA,Italy,SAL_ACT_REL_TER,Actual salaries relative to earnings of tertiary-educated workers,FCTR_EARN_FT_TER,"Factor of earnings for full-time, full-year tertiary-educated workers",INST_EDU_PUB,Public educational institutions,ISCED11_24,Lower secondary general education,Y45T54,From 45 to 54 years,_T,Total,SH,School head,1.653613728,,A,Normal value,0,Units,MEAN,Arithmetic mean,_Z,Not applicable,2023,,_Z,Not applicable,2025,,2,Two
ITA,Italy,SAL_ACT_REL_TER,Actual salaries relative to earnings of tertiary-educated workers,FCTR_EARN_FT_TER,"Factor of earnings for full-time, full-year tertiary-educated workers",INST_EDU_PUB,Public educational institutions,ISCED11_34,Upper secondary general education,Y25T64,From 25 to 64 years,M,Male,SH,School head,1.688569007,,A,Normal value,0,Units,MEAN,Arithmetic mean,_Z,Not applicable,2023,,_Z,Not applicable,2025,,2,Two
ITA,Italy,SAL_ACT_REL_TER,Actual salaries relative to earnings of tertiary-educated workers,FCTR_EARN_FT_TER,"Factor of earnings for full-time, full-year tertiary-educated workers",INST_EDU_PUB,Public educational institutions,ISCED11_34,Upper secondary general education,Y25T64,From 25 to 64 years,F,Female,SH,School head,2.30499427,,A,Normal value,0,Units,MEAN,Arithmetic mean,_Z,Not applicable,2023,,_Z,Not applicable,2025,,2,Two
ITA,Italy,SAL_ACT_REL_TER,Actual salaries relative to earnings of tertiary-educated workers,FCTR_EARN_FT_TER,"Factor of earnings for full-time, full-year tertiary-educated workers",INST_EDU_PUB,Public educational institutions,ISCED11_34,Upper secondary general education,Y35T44,From 35 to 44 years,_T,Total,SH,School head,1.964028665,,A,Normal value,0,Units,MEAN,Arithmetic mean,_Z,Not applicable,2023,,_Z,Not applicable,2025,,2,Two
ITA,Italy,SAL_ACT_REL_TER,Actual salaries relative to earnings of tertiary-educated workers,FCTR_EARN_FT_TER,"Factor of earnings for full-time, full-year tertiary-educated workers",INST_EDU_PUB,Public educational institutions,ISCED11_24,Lower secondary general education,Y55T64,From 55 to 64 years,_T,Total,SH,School head,1.658354398,,A,Normal value,0,Units,MEAN,Arithmetic mean,_Z,Not applicable,2023,,_Z,Not applicable,2025,,2,Two
ITA,Italy,SAL_ACT_REL_TER,Actual salaries relative to earnings of tertiary-educated workers,FCTR_EARN_FT_TER,"Factor of earnings for full-time, full-year tertiary-educated workers",INST_EDU_PUB,Public educational institutions,ISCED11_1,Primary education,Y25T34,From 25 to 34 years,_T,Total,TE,Teacher,0.780425769,,A,Normal value,0,Units,MEAN,Arithmetic mean,_Z,Not applicable,2023,,_Z,Not applicable,2025,,2,Two
ITA,Italy,SAL_ACT_REL_TER,Actual salaries relative to earnings of tertiary-educated workers,FCTR_EARN_FT_TER,"Factor of earnings for full-time, full-year tertiary-educated workers",INST_EDU_PUB,Public educational institutions,ISCED11_02,Pre-primary education,Y25T64,From 25 to 64 years,F,Female,TE,Teacher,0.760235703,,A,Normal value,0,Units,MEAN,Arithmetic mean,_Z,Not applicable,2023,,_Z,Not applicable,2025,,2,Two
ITA,Italy,SAL_ACT_REL_TER,Actual salaries relative to earnings of tertiary-educated workers,FCTR_EARN_FT_TER,"Factor of earnings for full-time, full-year tertiary-educated workers",INST_EDU_PUB,Public educational institutions,ISCED11_34,Upper secondary general education,Y25T64,From 25 to 64 years,_T,Total,SH,School head,1.940265105,,A,Normal value,0,Units,MEAN,Arithmetic mean,_Z,Not applicable,2023,,_Z,Not applicable,2025,,2,Two
ITA,Italy,SAL_ACT_REL_TER,Actual salaries relative to earnings of tertiary-educated workers,FCTR_EARN_FT_TER,"Factor of earnings for full-time, full-year tertiary-educated workers",INST_EDU_PUB,Public educational institutions,ISCED11_34,Upper secondary general education,Y55T64,From 55 to 64 years,_T,Total,SH,School head,1.658354398,,A,Normal value,0,Units,MEAN,Arithmetic mean,_Z,Not applicable,2023,,_Z,Not applicable,2025,,2,Two
ITA,Italy,SAL_ACT_REL_TER,Actual salaries relative to earnings of tertiary-educated workers,FCTR_EARN_FT_TER,"Factor of earnings for full-time, full-year tertiary-educated workers",INST_EDU_PUB,Public educational institutions,ISCED11_24,Lower secondary general education,Y25T34,From 25 to 34 years,_T,Total,TE,Teacher,0.843506901,,A,Normal value,0,Units,MEAN,Arithmetic mean,_Z,Not applicable,2023,,_Z,Not applicable,2025,,2,Two
ITA,Italy,SAL_ACT_REL_TER,Actual salaries relative to earnings of tertiary-educated workers,FCTR_EARN_FT_TER,"Factor of earnings for full-time, full-year tertiary-educated workers",INST_EDU_PUB,Public educational institutions,ISCED11_1,Primary education,Y45T54,From 45 to 54 years,_T,Total,TE,Teacher,0.544964529,,A,Normal value,0,Units,MEAN,Arithmetic mean,_Z,Not applicable,2023,,_Z,Not applicable,2025,,2,Two
ITA,Italy,SAL_ACT_REL_TER,Actual salaries relative to earnings of tertiary-educated workers,FCTR_EARN_FT_TER,"Factor of earnings for full-time, full-year tertiary-educated workers",INST_EDU_PUB,Public educational institutions,ISCED11_24,Lower secondary general education,Y25T64,From 25 to 64 years,M,Male,TE,Teacher,0.571677417,,A,Normal value,0,Units,MEAN,Arithmetic mean,_Z,Not applicable,2023,,_Z,Not applicable,2025,,2,Two
ITA,Italy,SAL_ACT_REL_TER,Actual salaries relative to earnings of tertiary-educated workers,FCTR_EARN_FT_TER,"Factor of earnings for full-time, full-year tertiary-educated workers",INST_EDU_PUB,Public educational institutions,ISCED11_02,Pre-primary education,Y25T64,From 25 to 64 years,M,Male,TE,Teacher,0.527423149,,A,Normal value,0,Units,MEAN,Arithmetic mean,_Z,Not applicable,2023,,_Z,Not applicable,2025,,2,Two
ITA,Italy,SAL_ACT_REL_TER,Actual salaries relative to earnings of tertiary-educated workers,FCTR_EARN_FT_TER,"Factor of earnings for full-time, full-year tertiary-educated workers",INST_EDU_PUB,Public educational institutions,ISCED11_1,Primary education,Y45T54,From 45 to 54 years,_T,Total,SH,School head,1.653613728,,A,Normal value,0,Units,MEAN,Arithmetic mean,_Z,Not applicable,2023,,_Z,Not applicable,2025,,2,Two
ITA,Italy,SAL_ACT_REL_TER,Actual salaries relative to earnings of tertiary-educated workers,FCTR_EARN_FT_TER,"Factor of earnings for full-time, full-year tertiary-educated workers",INST_EDU_PUB,Public educational institutions,ISCED11_34,Upper secondary general education,Y35T44,From 35 to 44 years,_T,Total,TE,Teacher,0.667130662,,A,Normal value,0,Units,MEAN,Arithmetic mean,_Z,Not applicable,2023,,_Z,Not applicable,2025,,2,Two
ITA,Italy,SAL_ACT_REL_TER,Actual salaries relative to earnings of tertiary-educated workers,FCTR_EARN_FT_TER,"Factor of earnings for full-time, full-year tertiary-educated workers",INST_EDU_PUB,Public educational institutions,ISCED11_24,Lower secondary general education,Y25T64,From 25 to 64 years,M,Male,SH,School head,1.688569007,,A,Normal value,0,Units,MEAN,Arithmetic mean,_Z,Not applicable,2023,,_Z,Not applicable,2025,,2,Two
ITA,Italy,SAL_ACT_REL_TER,Actual salaries relative to earnings of tertiary-educated workers,FCTR_EARN_FT_TER,"Factor of earnings for full-time, full-year tertiary-educated workers",INST_EDU_PUB,Public educational institutions,ISCED11_24,Lower secondary general education,Y35T44,From 35 to 44 years,_T,Total,SH,School head,1.964028665,,A,Normal value,0,Units,MEAN,Arithmetic mean,_Z,Not applicable,2023,,_Z,Not applicable,2025,,2,Two
ITA,Italy,SAL_ACT_REL_TER,Actual salaries relative to earnings of tertiary-educated workers,FCTR_EARN_FT_TER,"Factor of earnings for full-time, full-year tertiary-educated workers",INST_EDU_PUB,Public educational institutions,ISCED11_1,Primary education,Y25T64,From 25 to 64 years,F,Female,SH,School head,2.30499427,,A,Normal value,0,Units,MEAN,Arithmetic mean,_Z,Not applicable,2023,,_Z,Not applicable,2025,,2,Two
ITA,Italy,SAL_ACT_REL_TER,Actual salaries relative to earnings of tertiary-educated workers,FCTR_EARN_FT_TER,"Factor of earnings for full-time, full-year tertiary-educated workers",INST_EDU_PUB,Public educational institutions,ISCED11_24,Lower secondary general education,Y35T44,From 35 to 44 years,_T,Total,TE,Teacher,0.655583511,,A,Normal value,0,Units,MEAN,Arithmetic mean,_Z,Not applicable,2023,,_Z,Not applicable,2025,,2,Two
ITA,Italy,SAL_ACT_REL_TER,Actual salaries relative to earnings of tertiary-educated workers,FCTR_EARN_FT_TER,"Factor of earnings for full-time, full-year tertiary-educated workers",INST_EDU_PUB,Public educational institutions,ISCED11_1,Primary education,Y25T64,From 25 to 64 years,_T,Total,TE,Teacher,0.637108761,,A,Normal value,0,Units,MEAN,Arithmetic mean,_Z,Not applicable,2023,,_Z,Not applicable,2025,,2,Two
ITA,Italy,SAL_ACT_REL_TER,Actual salaries relative to earnings of tertiary-educated workers,FCTR_EARN_FT_TER,"Factor of earnings for full-time, full-year tertiary-educated workers",INST_EDU_PUB,Public educational institutions,ISCED11_1,Primary education,Y35T44,From 35 to 44 years,_T,Total,SH,School head,1.964028665,,A,Normal value,0,Units,MEAN,Arithmetic mean,_Z,Not applicable,2023,,_Z,Not applicable,2025,,2,Two
ITA,Italy,SAL_ACT_REL_TER,Actual salaries relative to earnings of tertiary-educated workers,FCTR_EARN_FT_TER,"Factor of earnings for full-time, full-year tertiary-educated workers",INST_EDU_PUB,Public educational institutions,ISCED11_02,Pre-primary education,Y25T34,From 25 to 34 years,_T,Total,TE,Teacher,0.780425769,,A,Normal value,0,Units,MEAN,Arithmetic mean,_Z,Not applicable,2023,,_Z,Not applicable,2025,,2,Two
ITA,Italy,SAL_ACT_REL_TER,Actual salaries relative to earnings of tertiary-educated workers,FCTR_EARN_FT_TER,"Factor of earnings for full-time, full-year tertiary-educated workers",INST_EDU_PUB,Public educational institutions,ISCED11_34,Upper secondary general education,Y25T64,From 25 to 64 years,F,Female,TE,Teacher,0.85266346,,A,Normal value,0,Units,MEAN,Arithmetic mean,_Z,Not applicable,2023,,_Z,Not applicable,2025,,2,Two
ITA,Italy,SAL_ACT_REL_TER,Actual salaries relative to earnings of tertiary-educated workers,FCTR_EARN_FT_TER,"Factor of earnings for full-time, full-year tertiary-educated workers",INST_EDU_PUB,Public educational institutions,ISCED11_1,Primary education,Y25T64,From 25 to 64 years,M,Male,SH,School head,1.688569007,,A,Normal value,0,Units,MEAN,Arithmetic mean,_Z,Not applicable,2023,,_Z,Not applicable,2025,,2,Two
ITA,Italy,SAL_ACT_REL_TER,Actual salaries relative to earnings of tertiary-educated workers,FCTR_EARN_FT_TER,"Factor of earnings for full-time, full-year tertiary-educated workers",INST_EDU_PUB,Public educational institutions,ISCED11_1,Primary education,Y25T64,From 25 to 64 years,_T,Total,SH,School head,1.940265105,,A,Normal value,0,Units,MEAN,Arithmetic mean,_Z,Not applicable,2023,,_Z,Not applicable,2025,,2,Two
ITA,Italy,SAL_ACT_REL_TER,Actual salaries relative to earnings of tertiary-educated workers,FCTR_EARN_FT_TER,"Factor of earnings for full-time, full-year tertiary-educated workers",INST_EDU_PUB,Public educational institutions,ISCED11_24,Lower secondary general education,Y25T64,From 25 to 64 years,F,Female,TE,Teacher,0.800959091,,A,Normal value,0,Units,MEAN,Arithmetic mean,_Z,Not applicable,2023,,_Z,Not applicable,2025,,2,Two
ITA,Italy,SAL_ACT_REL_TER,Actual salaries relative to earnings of tertiary-educated workers,FCTR_EARN_FT_TER,"Factor of earnings for full-time, full-year tertiary-educated workers",INST_EDU_PUB,Public educational institutions,ISCED11_1,Primary education,Y55T64,From 55 to 64 years,_T,Total,SH,School head,1.658354398,,A,Normal value,0,Units,MEAN,Arithmetic mean,_Z,Not applicable,2023,,_Z,Not applicable,2025,,2,Two
ITA,Italy,SAL_ACT_REL_TER,Actual salaries relative to earnings of tertiary-educated workers,FCTR_EARN_FT_TER,"Factor of earnings for full-time, full-year tertiary-educated workers",INST_EDU_PUB,Public educational institutions,ISCED11_34,Upper secondary general education,Y25T64,From 25 to 64 years,_T,Total,TE,Teacher,0.712551014,,A,Normal value,0,Units,MEAN,Arithmetic mean,_Z,Not applicable,2023,,_Z,Not applicable,2025,,2,Two
ITA,Italy,SAL_ACT_REL_TER,Actual salaries relative to earnings of tertiary-educated workers,FCTR_EARN_FT_TER,"Factor of earnings for full-time, full-year tertiary-educated workers",INST_EDU_PUB,Public educational institutions,ISCED11_24,Lower secondary general education,Y45T54,From 45 to 54 years,_T,Total,TE,Teacher,0.585292317,,A,Normal value,0,Units,MEAN,Arithmetic mean,_Z,Not applicable,2023,,_Z,Not applicable,2025,,2,Two
ITA,Italy,SAL_ACT_REL_TER,Actual salaries relative to earnings of tertiary-educated workers,FCTR_EARN_FT_TER,"Factor of earnings for full-time, full-year tertiary-educated workers",INST_EDU_PUB,Public educational institutions,ISCED11_34,Upper secondary general education,Y25T34,From 25 to 34 years,_T,Total,TE,Teacher,0.853035786,,A,Normal value,0,Units,MEAN,Arithmetic mean,_Z,Not applicable,2023,,_Z,Not applicable,2025,,2,Two
ITA,Italy,SAL_ACT_REL_TER,Actual salaries relative to earnings of tertiary-educated workers,FCTR_EARN_FT_TER,"Factor of earnings for full-time, full-year tertiary-educated workers",INST_EDU_PUB,Public educational institutions,ISCED11_34,Upper secondary general education,Y45T54,From 45 to 54 years,_T,Total,SH,School head,1.653613728,,A,Normal value,0,Units,MEAN,Arithmetic mean,_Z,Not applicable,2023,,_Z,Not applicable,2025,,2,Two
ITA,Italy,SAL_ACT_REL_TER,Actual salaries relative to earnings of tertiary-educated workers,FCTR_EARN_FT_TER,"Factor of earnings for full-time, full-year tertiary-educated workers",INST_EDU_PUB,Public educational institutions,ISCED11_24,Lower secondary general education,Y25T64,From 25 to 64 years,_T,Total,SH,School head,1.940265105,,A,Normal value,0,Units,MEAN,Arithmetic mean,_Z,Not applicable,2023,,_Z,Not applicable,2025,,2,Two
FIN,Finland,SAL_ACT_REL_SIM,Actual salaries relative to earnings of similarly educated workers,FCTR_EARN_FT_SIM,"Factor of earnings for full-time, full-year similarly educated workers",INST_EDU_PUB,Public educational institutions,ISCED11_24,Lower secondary general education,Y25T64,From 25 to 64 years,_T,Total,TE,Teacher,0.812610763,,A,Normal value,0,Units,MEAN,Arithmetic mean,_Z,Not applicable,2023,,_Z,Not applicable,2025,,2,Two
FIN,Finland,SAL_ACT_REL_SIM,Actual salaries relative to earnings of similarly educated workers,FCTR_EARN_FT_SIM,"Factor of earnings for full-time, full-year similarly educated workers",INST_EDU_PUB,Public educational institutions,ISCED11_02,Pre-primary education,Y25T64,From 25 to 64 years,_T,Total,TE,Teacher,0.752787235,,A,Normal value,0,Units,MEAN,Arithmetic mean,_Z,Not applicable,2023,,_Z,Not applicable,2025,,2,Two
FIN,Finland,SAL_ACT_REL_SIM,Actual salaries relative to earnings of similarly educated workers,FCTR_EARN_FT_SIM,"Factor of earnings for full-time, full-year similarly educated workers",INST_EDU_PUB,Public educational institutions,ISCED11_1,Primary education,Y25T64,From 25 to 64 years,_T,Total,TE,Teacher,0.740813942,,A,Normal value,0,Units,MEAN,Arithmetic mean,_Z,Not applicable,2023,,_Z,Not applicable,2025,,2,Two
FIN,Finland,SAL_ACT_REL_SIM,Actual salaries relative to earnings of similarly educated workers,FCTR_EARN_FT_SIM,"Factor of earnings for full-time, full-year similarly educated workers",INST_EDU_PUB,Public educational institutions,ISCED11_24,Lower secondary general education,Y25T64,From 25 to 64 years,_T,Total,SH,School head,1.202311549,,A,Normal value,0,Units,MEAN,Arithmetic mean,_Z,Not applicable,2023,,_Z,Not applicable,2025,,2,Two
FIN,Finland,SAL_ACT_REL_SIM,Actual salaries relative to earnings of similarly educated workers,FCTR_EARN_FT_SIM,"Factor of earnings for full-time, full-year similarly educated workers",INST_EDU_PUB,Public educational institutions,ISCED11_02,Pre-primary education,Y25T64,From 25 to 64 years,_T,Total,SH,School head,0.950901411,,A,Normal value,0,Units,MEAN,Arithmetic mean,_Z,Not applicable,2023,,_Z,Not applicable,2025,,2,Two
FIN,Finland,SAL_ACT_REL_SIM,Actual salaries relative to earnings of similarly educated workers,FCTR_EARN_FT_SIM,"Factor of earnings for full-time, full-year similarly educated workers",INST_EDU_PUB,Public educational institutions,ISCED11_34,Upper secondary general education,Y25T64,From 25 to 64 years,_T,Total,SH,School head,1.237878684,,A,Normal value,0,Units,MEAN,Arithmetic mean,_Z,Not applicable,2023,,_Z,Not applicable,2025,,2,Two
FIN,Finland,SAL_ACT_REL_SIM,Actual salaries relative to earnings of similarly educated workers,FCTR_EARN_FT_SIM,"Factor of earnings for full-time, full-year similarly educated workers",INST_EDU_PUB,Public educational institutions,ISCED11_34,Upper secondary general education,Y25T64,From 25 to 64 years,_T,Total,TE,Teacher,0.912624625,,A,Normal value,0,Units,MEAN,Arithmetic mean,_Z,Not applicable,2023,,_Z,Not applicable,2025,,2,Two
FIN,Finland,SAL_ACT_REL_SIM,Actual salaries relative to earnings of similarly educated workers,FCTR_EARN_FT_SIM,"Factor of earnings for full-time, full-year similarly educated workers",INST_EDU_PUB,Public educational institutions,ISCED11_1,Primary education,Y25T64,From 25 to 64 years,_T,Total,SH,School head,1.021694466,,A,Normal value,0,Units,MEAN,Arithmetic mean,_Z,Not applicable,2023,,_Z,Not applicable,2025,,2,Two
POL,Poland,SAL_ACT,Actual salaries,XDC,National currency,INST_EDU_PUB,Public educational institutions,ISCED11_1,Primary education,Y25T64,From 25 to 64 years,M,Male,SH,School head,162225,,A,Normal value,0,Units,MEAN,Arithmetic mean,V,Current prices,,,PLN,Zloty,2025,,2,Two
POL,Poland,SAL_ACT,Actual salaries,XDC,National currency,INST_EDU_PUB,Public educational institutions,ISCED11_34,Upper secondary general education,Y25T64,From 25 to 64 years,M,Male,TE,Teacher,123133,,A,Normal value,0,Units,MEAN,Arithmetic mean,V,Current prices,,,PLN,Zloty,2025,,2,Two
POL,Poland,SAL_ACT,Actual salaries,XDC,National currency,INST_EDU_PUB,Public educational institutions,ISCED11_24,Lower secondary general education,Y25T64,From 25 to 64 years,M,Male,TE,Teacher,121564,,A,Normal value,0,Units,MEAN,Arithmetic mean,V,Current prices,,,PLN,Zloty,2025,,2,Two
POL,Poland,SAL_ACT,Actual salaries,XDC,National currency,INST_EDU_PUB,Public educational institutions,ISCED11_02,Pre-primary education,Y25T64,From 25 to 64 years,M,Male,SH,School head,153530,,A,Normal value,0,Units,MEAN,Arithmetic mean,V,Current prices,,,PLN,Zloty,2025,,2,Two
POL,Poland,SAL_ACT,Actual salaries,XDC,National currency,INST_EDU_PUB,Public educational institutions,ISCED11_34,Upper secondary general education,Y25T64,From 25 to 64 years,M,Male,SH,School head,174795,,A,Normal value,0,Units,MEAN,Arithmetic mean,V,Current prices,,,PLN,Zloty,2025,,2,Two
POL,Poland,SAL_ACT,Actual salaries,XDC,National currency,INST_EDU_PUB,Public educational institutions,ISCED11_24,Lower secondary general education,Y25T64,From 25 to 64 years,M,Male,SH,School head,162225,,A,Normal value,0,Units,MEAN,Arithmetic mean,V,Current prices,,,PLN,Zloty,2025,,2,Two
POL,Poland,SAL_ACT,Actual salaries,XDC,National currency,INST_EDU_PUB,Public educational institutions,ISCED11_1,Primary education,Y25T64,From 25 to 64 years,M,Male,TE,Teacher,114527,,A,Normal value,0,Units,MEAN,Arithmetic mean,V,Current prices,,,PLN,Zloty,2025,,2,Two
POL,Poland,SAL_ACT,Actual salaries,XDC,National currency,INST_EDU_PUB,Public educational institutions,ISCED11_02,Pre-primary education,Y25T64,From 25 to 64 years,M,Male,TE,Teacher,103433,,A,Normal value,0,Units,MEAN,Arithmetic mean,V,Current prices,,,PLN,Zloty,2025,,2,Two
SWE,Sweden,SAL_ACT,Actual salaries,XDC,National currency,INST_EDU_PUB,Public educational institutions,ISCED11_34,Upper secondary general education,Y25T64,From 25 to 64 years,M,Male,SH,School head,762312.6383,,A,Normal value,0,Units,MEAN,Arithmetic mean,V,Current prices,,,SEK,Swedish krona,2025,,2,Two
SWE,Sweden,SAL_ACT,Actual salaries,XDC,National currency,INST_EDU_PUB,Public educational institutions,ISCED11_1,Primary education,Y25T64,From 25 to 64 years,M,Male,TE,Teacher,495631.7269,,A,Normal value,0,Units,MEAN,Arithmetic mean,V,Current prices,,,SEK,Swedish krona,2025,,2,Two
SWE,Sweden,SAL_ACT,Actual salaries,XDC,National currency,INST_EDU_PUB,Public educational institutions,ISCED11_02,Pre-primary education,Y25T64,From 25 to 64 years,M,Male,SH,School head,669899.5152,,A,Normal value,0,Units,MEAN,Arithmetic mean,V,Current prices,,,SEK,Swedish krona,2025,,2,Two
SWE,Sweden,SAL_ACT,Actual salaries,XDC,National currency,INST_EDU_PUB,Public educational institutions,ISCED11_24,Lower secondary general education,Y25T64,From 25 to 64 years,M,Male,SH,School head,752263.7607,,A,Normal value,0,Units,MEAN,Arithmetic mean,V,Current prices,,,SEK,Swedish krona,2025,,2,Two
SWE,Sweden,SAL_ACT,Actual salaries,XDC,National currency,INST_EDU_PUB,Public educational institutions,ISCED11_24,Lower secondary general education,Y25T64,From 25 to 64 years,M,Male,TE,Teacher,519123.0627,,A,Normal value,0,Units,MEAN,Arithmetic mean,V,Current prices,,,SEK,Swedish krona,2025,,2,Two
SWE,Sweden,SAL_ACT,Actual salaries,XDC,National currency,INST_EDU_PUB,Public educational institutions,ISCED11_02,Pre-primary education,Y25T64,From 25 to 64 years,M,Male,TE,Teacher,442455.7371,,A,Normal value,0,Units,MEAN,Arithmetic mean,V,Current prices,,,SEK,Swedish krona,2025,,2,Two
SWE,Sweden,SAL_ACT,Actual salaries,XDC,National currency,INST_EDU_PUB,Public educational institutions,ISCED11_34,Upper secondary general education,Y25T64,From 25 to 64 years,M,Male,TE,Teacher,530387.3091,,A,Normal value,0,Units,MEAN,Arithmetic mean,V,Current prices,,,SEK,Swedish krona,2025,,2,Two
SWE,Sweden,SAL_ACT,Actual salaries,XDC,National currency,INST_EDU_PUB,Public educational institutions,ISCED11_1,Primary education,Y25T64,From 25 to 64 years,M,Male,SH,School head,752263.7607,,A,Normal value,0,Units,MEAN,Arithmetic mean,V,Current prices,,,SEK,Swedish krona,2025,,2,Two
POL,Poland,SAL_ACT,Actual salaries,XDC,National currency,INST_EDU_PUB,Public educational institutions,ISCED11_02,Pre-primary education,Y25T64,From 25 to 64 years,F,Female,SH,School head,151007,,A,Normal value,0,Units,MEAN,Arithmetic mean,V,Current prices,,,PLN,Zloty,2025,,2,Two
POL,Poland,SAL_ACT,Actual salaries,XDC,National currency,INST_EDU_PUB,Public educational institutions,ISCED11_34,Upper secondary general education,Y25T64,From 25 to 64 years,F,Female,SH,School head,175580,,A,Normal value,0,Units,MEAN,Arithmetic mean,V,Current prices,,,PLN,Zloty,2025,,2,Two
POL,Poland,SAL_ACT,Actual salaries,XDC,National currency,INST_EDU_PUB,Public educational institutions,ISCED11_24,Lower secondary general education,Y25T64,From 25 to 64 years,F,Female,TE,Teacher,126486,,A,Normal value,0,Units,MEAN,Arithmetic mean,V,Current prices,,,PLN,Zloty,2025,,2,Two
POL,Poland,SAL_ACT,Actual salaries,XDC,National currency,INST_EDU_PUB,Public educational institutions,ISCED11_24,Lower secondary general education,Y25T64,From 25 to 64 years,F,Female,SH,School head,161082,,A,Normal value,0,Units,MEAN,Arithmetic mean,V,Current prices,,,PLN,Zloty,2025,,2,Two
POL,Poland,SAL_ACT,Actual salaries,XDC,National currency,INST_EDU_PUB,Public educational institutions,ISCED11_1,Primary education,Y25T64,From 25 to 64 years,F,Female,SH,School head,161082,,A,Normal value,0,Units,MEAN,Arithmetic mean,V,Current prices,,,PLN,Zloty,2025,,2,Two
POL,Poland,SAL_ACT,Actual salaries,XDC,National currency,INST_EDU_PUB,Public educational institutions,ISCED11_34,Upper secondary general education,Y25T64,From 25 to 64 years,F,Female,TE,Teacher,125764,,A,Normal value,0,Units,MEAN,Arithmetic mean,V,Current prices,,,PLN,Zloty,2025,,2,Two
POL,Poland,SAL_ACT,Actual salaries,XDC,National currency,INST_EDU_PUB,Public educational institutions,ISCED11_02,Pre-primary education,Y25T64,From 25 to 64 years,F,Female,TE,Teacher,103137,,A,Normal value,0,Units,MEAN,Arithmetic mean,V,Current prices,,,PLN,Zloty,2025,,2,Two
POL,Poland,SAL_ACT,Actual salaries,XDC,National currency,INST_EDU_PUB,Public educational institutions,ISCED11_1,Primary education,Y25T64,From 25 to 64 years,F,Female,TE,Teacher,120345,,A,Normal value,0,Units,MEAN,Arithmetic mean,V,Current prices,,,PLN,Zloty,2025,,2,Two
SWE,Sweden,SAL_ACT,Actual salaries,XDC,National currency,INST_EDU_PUB,Public educational institutions,ISCED11_34,Upper secondary general education,Y25T64,From 25 to 64 years,F,Female,SH,School head,749082.0628,,A,Normal value,0,Units,MEAN,Arithmetic mean,V,Current prices,,,SEK,Swedish krona,2025,,2,Two
SWE,Sweden,SAL_ACT,Actual salaries,XDC,National currency,INST_EDU_PUB,Public educational institutions,ISCED11_02,Pre-primary education,Y25T64,From 25 to 64 years,F,Female,TE,Teacher,438432.0968,,A,Normal value,0,Units,MEAN,Arithmetic mean,V,Current prices,,,SEK,Swedish krona,2025,,2,Two
SWE,Sweden,SAL_ACT,Actual salaries,XDC,National currency,INST_EDU_PUB,Public educational institutions,ISCED11_1,Primary education,Y25T64,From 25 to 64 years,F,Female,TE,Teacher,501753.3943,,A,Normal value,0,Units,MEAN,Arithmetic mean,V,Current prices,,,SEK,Swedish krona,2025,,2,Two
SWE,Sweden,SAL_ACT,Actual salaries,XDC,National currency,INST_EDU_PUB,Public educational institutions,ISCED11_24,Lower secondary general education,Y25T64,From 25 to 64 years,F,Female,TE,Teacher,521852.711,,A,Normal value,0,Units,MEAN,Arithmetic mean,V,Current prices,,,SEK,Swedish krona,2025,,2,Two
SWE,Sweden,SAL_ACT,Actual salaries,XDC,National currency,INST_EDU_PUB,Public educational institutions,ISCED11_1,Primary education,Y25T64,From 25 to 64 years,F,Female,SH,School head,739236.7951,,A,Normal value,0,Units,MEAN,Arithmetic mean,V,Current prices,,,SEK,Swedish krona,2025,,2,Two
SWE,Sweden,SAL_ACT,Actual salaries,XDC,National currency,INST_EDU_PUB,Public educational institutions,ISCED11_24,Lower secondary general education,Y25T64,From 25 to 64 years,F,Female,SH,School head,739236.7951,,A,Normal value,0,Units,MEAN,Arithmetic mean,V,Current prices,,,SEK,Swedish krona,2025,,2,Two
SWE,Sweden,SAL_ACT,Actual salaries,XDC,National currency,INST_EDU_PUB,Public educational institutions,ISCED11_34,Upper secondary general education,Y25T64,From 25 to 64 years,F,Female,TE,Teacher,531231,,A,Normal value,0,Units,MEAN,Arithmetic mean,V,Current prices,,,SEK,Swedish krona,2025,,2,Two
SWE,Sweden,SAL_ACT,Actual salaries,XDC,National currency,INST_EDU_PUB,Public educational institutions,ISCED11_02,Pre-primary education,Y25T64,From 25 to 64 years,F,Female,SH,School head,668711.4775,,A,Normal value,0,Units,MEAN,Arithmetic mean,V,Current prices,,,SEK,Swedish krona,2025,,2,Two
POL,Poland,SAL_ACT,Actual salaries,XDC,National currency,INST_EDU_PUB,Public educational institutions,ISCED11_1,Primary education,Y35T44,From 35 to 44 years,_T,Total,SH,School head,153399,,A,Normal value,0,Units,MEAN,Arithmetic mean,V,Current prices,,,PLN,Zloty,2025,,2,Two
POL,Poland,SAL_ACT,Actual salaries,XDC,National currency,INST_EDU_PUB,Public educational institutions,ISCED11_02,Pre-primary education,Y35T44,From 35 to 44 years,_T,Total,SH,School head,143655,,A,Normal value,0,Units,MEAN,Arithmetic mean,V,Current prices,,,PLN,Zloty,2025,,2,Two
POL,Poland,SAL_ACT,Actual salaries,XDC,National currency,INST_EDU_PUB,Public educational institutions,ISCED11_34,Upper secondary general education,Y35T44,From 35 to 44 years,_T,Total,TE,Teacher,119331,,A,Normal value,0,Units,MEAN,Arithmetic mean,V,Current prices,,,PLN,Zloty,2025,,2,Two
POL,Poland,SAL_ACT,Actual salaries,XDC,National currency,INST_EDU_PUB,Public educational institutions,ISCED11_24,Lower secondary general education,Y35T44,From 35 to 44 years,_T,Total,SH,School head,153399,,A,Normal value,0,Units,MEAN,Arithmetic mean,V,Current prices,,,PLN,Zloty,2025,,2,Two
POL,Poland,SAL_ACT,Actual salaries,XDC,National currency,INST_EDU_PUB,Public educational institutions,ISCED11_34,Upper secondary general education,Y35T44,From 35 to 44 years,_T,Total,SH,School head,169196,,A,Normal value,0,Units,MEAN,Arithmetic mean,V,Current prices,,,PLN,Zloty,2025,,2,Two
POL,Poland,SAL_ACT,Actual salaries,XDC,National currency,INST_EDU_PUB,Public educational institutions,ISCED11_24,Lower secondary general education,Y35T44,From 35 to 44 years,_T,Total,TE,Teacher,120989,,A,Normal value,0,Units,MEAN,Arithmetic mean,V,Current prices,,,PLN,Zloty,2025,,2,Two
POL,Poland,SAL_ACT,Actual salaries,XDC,National currency,INST_EDU_PUB,Public educational institutions,ISCED11_02,Pre-primary education,Y35T44,From 35 to 44 years,_T,Total,TE,Teacher,101444,,A,Normal value,0,Units,MEAN,Arithmetic mean,V,Current prices,,,PLN,Zloty,2025,,2,Two
POL,Poland,SAL_ACT,Actual salaries,XDC,National currency,INST_EDU_PUB,Public educational institutions,ISCED11_1,Primary education,Y35T44,From 35 to 44 years,_T,Total,TE,Teacher,113732,,A,Normal value,0,Units,MEAN,Arithmetic mean,V,Current prices,,,PLN,Zloty,2025,,2,Two
SWE,Sweden,SAL_ACT,Actual salaries,XDC,National currency,INST_EDU_PUB,Public educational institutions,ISCED11_1,Primary education,Y35T44,From 35 to 44 years,_T,Total,TE,Teacher,490853.5972,,A,Normal value,0,Units,MEAN,Arithmetic mean,V,Current prices,,,SEK,Swedish krona,2025,,2,Two
SWE,Sweden,SAL_ACT,Actual salaries,XDC,National currency,INST_EDU_PUB,Public educational institutions,ISCED11_02,Pre-primary education,Y35T44,From 35 to 44 years,_T,Total,TE,Teacher,431510.529,,A,Normal value,0,Units,MEAN,Arithmetic mean,V,Current prices,,,SEK,Swedish krona,2025,,2,Two
SWE,Sweden,SAL_ACT,Actual salaries,XDC,National currency,INST_EDU_PUB,Public educational institutions,ISCED11_02,Pre-primary education,Y35T44,From 35 to 44 years,_T,Total,SH,School head,639288.6893,,A,Normal value,0,Units,MEAN,Arithmetic mean,V,Current prices,,,SEK,Swedish krona,2025,,2,Two
SWE,Sweden,SAL_ACT,Actual salaries,XDC,National currency,INST_EDU_PUB,Public educational institutions,ISCED11_34,Upper secondary general education,Y35T44,From 35 to 44 years,_T,Total,SH,School head,720875.2,,A,Normal value,0,Units,MEAN,Arithmetic mean,V,Current prices,,,SEK,Swedish krona,2025,,2,Two
SWE,Sweden,SAL_ACT,Actual salaries,XDC,National currency,INST_EDU_PUB,Public educational institutions,ISCED11_1,Primary education,Y35T44,From 35 to 44 years,_T,Total,SH,School head,706699.32,,A,Normal value,0,Units,MEAN,Arithmetic mean,V,Current prices,,,SEK,Swedish krona,2025,,2,Two
SWE,Sweden,SAL_ACT,Actual salaries,XDC,National currency,INST_EDU_PUB,Public educational institutions,ISCED11_34,Upper secondary general education,Y35T44,From 35 to 44 years,_T,Total,TE,Teacher,515660.4585,,A,Normal value,0,Units,MEAN,Arithmetic mean,V,Current prices,,,SEK,Swedish krona,2025,,2,Two
SWE,Sweden,SAL_ACT,Actual salaries,XDC,National currency,INST_EDU_PUB,Public educational institutions,ISCED11_24,Lower secondary general education,Y35T44,From 35 to 44 years,_T,Total,SH,School head,706699.32,,A,Normal value,0,Units,MEAN,Arithmetic mean,V,Current prices,,,SEK,Swedish krona,2025,,2,Two
SWE,Sweden,SAL_ACT,Actual salaries,XDC,National currency,INST_EDU_PUB,Public educational institutions,ISCED11_24,Lower secondary general education,Y35T44,From 35 to 44 years,_T,Total,TE,Teacher,509776.8101,,A,Normal value,0,Units,MEAN,Arithmetic mean,V,Current prices,,,SEK,Swedish krona,2025,,2,Two
POL,Poland,SAL_ACT,Actual salaries,XDC,National currency,INST_EDU_PUB,Public educational institutions,ISCED11_02,Pre-primary education,Y25T34,From 25 to 34 years,_T,Total,SH,School head,118494,,A,Normal value,0,Units,MEAN,Arithmetic mean,V,Current prices,,,PLN,Zloty,2025,,2,Two
POL,Poland,SAL_ACT,Actual salaries,XDC,National currency,INST_EDU_PUB,Public educational institutions,ISCED11_34,Upper secondary general education,Y25T34,From 25 to 34 years,_T,Total,TE,Teacher,96453,,A,Normal value,0,Units,MEAN,Arithmetic mean,V,Current prices,,,PLN,Zloty,2025,,2,Two
POL,Poland,SAL_ACT,Actual salaries,XDC,National currency,INST_EDU_PUB,Public educational institutions,ISCED11_1,Primary education,Y25T34,From 25 to 34 years,_T,Total,TE,Teacher,94713,,A,Normal value,0,Units,MEAN,Arithmetic mean,V,Current prices,,,PLN,Zloty,2025,,2,Two
POL,Poland,SAL_ACT,Actual salaries,XDC,National currency,INST_EDU_PUB,Public educational institutions,ISCED11_34,Upper secondary general education,Y25T34,From 25 to 34 years,_T,Total,SH,School head,186005,,A,Normal value,0,Units,MEAN,Arithmetic mean,V,Current prices,,,PLN,Zloty,2025,,2,Two
POL,Poland,SAL_ACT,Actual salaries,XDC,National currency,INST_EDU_PUB,Public educational institutions,ISCED11_02,Pre-primary education,Y25T34,From 25 to 34 years,_T,Total,TE,Teacher,86043,,A,Normal value,0,Units,MEAN,Arithmetic mean,V,Current prices,,,PLN,Zloty,2025,,2,Two
POL,Poland,SAL_ACT,Actual salaries,XDC,National currency,INST_EDU_PUB,Public educational institutions,ISCED11_24,Lower secondary general education,Y25T34,From 25 to 34 years,_T,Total,TE,Teacher,97458,,A,Normal value,0,Units,MEAN,Arithmetic mean,V,Current prices,,,PLN,Zloty,2025,,2,Two
POL,Poland,SAL_ACT,Actual salaries,XDC,National currency,INST_EDU_PUB,Public educational institutions,ISCED11_24,Lower secondary general education,Y25T34,From 25 to 34 years,_T,Total,SH,School head,132202,,A,Normal value,0,Units,MEAN,Arithmetic mean,V,Current prices,,,PLN,Zloty,2025,,2,Two
POL,Poland,SAL_ACT,Actual salaries,XDC,National currency,INST_EDU_PUB,Public educational institutions,ISCED11_1,Primary education,Y25T34,From 25 to 34 years,_T,Total,SH,School head,132202,,A,Normal value,0,Units,MEAN,Arithmetic mean,V,Current prices,,,PLN,Zloty,2025,,2,Two
SWE,Sweden,SAL_ACT,Actual salaries,XDC,National currency,INST_EDU_PUB,Public educational institutions,ISCED11_24,Lower secondary general education,Y25T34,From 25 to 34 years,_T,Total,SH,School head,672172.8,,A,Normal value,0,Units,MEAN,Arithmetic mean,V,Current prices,,,SEK,Swedish krona,2025,,2,Two
SWE,Sweden,SAL_ACT,Actual salaries,XDC,National currency,INST_EDU_PUB,Public educational institutions,ISCED11_34,Upper secondary general education,Y25T34,From 25 to 34 years,_T,Total,TE,Teacher,469432.8083,,A,Normal value,0,Units,MEAN,Arithmetic mean,V,Current prices,,,SEK,Swedish krona,2025,,2,Two
SWE,Sweden,SAL_ACT,Actual salaries,XDC,National currency,INST_EDU_PUB,Public educational institutions,ISCED11_02,Pre-primary education,Y25T34,From 25 to 34 years,_T,Total,SH,School head,569036.129,,A,Normal value,0,Units,MEAN,Arithmetic mean,V,Current prices,,,SEK,Swedish krona,2025,,2,Two
SWE,Sweden,SAL_ACT,Actual salaries,XDC,National currency,INST_EDU_PUB,Public educational institutions,ISCED11_1,Primary education,Y25T34,From 25 to 34 years,_T,Total,TE,Teacher,452038.089,,A,Normal value,0,Units,MEAN,Arithmetic mean,V,Current prices,,,SEK,Swedish krona,2025,,2,Two
SWE,Sweden,SAL_ACT,Actual salaries,XDC,National currency,INST_EDU_PUB,Public educational institutions,ISCED11_1,Primary education,Y25T34,From 25 to 34 years,_T,Total,SH,School head,672172.8,,A,Normal value,0,Units,MEAN,Arithmetic mean,V,Current prices,,,SEK,Swedish krona,2025,,2,Two
SWE,Sweden,SAL_ACT,Actual salaries,XDC,National currency,INST_EDU_PUB,Public educational institutions,ISCED11_24,Lower secondary general education,Y25T34,From 25 to 34 years,_T,Total,TE,Teacher,469653.8369,,A,Normal value,0,Units,MEAN,Arithmetic mean,V,Current prices,,,SEK,Swedish krona,2025,,2,Two
SWE,Sweden,SAL_ACT,Actual salaries,XDC,National currency,INST_EDU_PUB,Public educational institutions,ISCED11_02,Pre-primary education,Y25T34,From 25 to 34 years,_T,Total,TE,Teacher,408157.1119,,A,Normal value,0,Units,MEAN,Arithmetic mean,V,Current prices,,,SEK,Swedish krona,2025,,2,Two
POL,Poland,SAL_ACT,Actual salaries,XDC,National currency,INST_EDU_PUB,Public educational institutions,ISCED11_24,Lower secondary general education,Y45T54,From 45 to 54 years,_T,Total,SH,School head,161968,,A,Normal value,0,Units,MEAN,Arithmetic mean,V,Current prices,,,PLN,Zloty,2025,,2,Two
POL,Poland,SAL_ACT,Actual salaries,XDC,National currency,INST_EDU_PUB,Public educational institutions,ISCED11_02,Pre-primary education,Y45T54,From 45 to 54 years,_T,Total,TE,Teacher,114189,,A,Normal value,0,Units,MEAN,Arithmetic mean,V,Current prices,,,PLN,Zloty,2025,,2,Two
POL,Poland,SAL_ACT,Actual salaries,XDC,National currency,INST_EDU_PUB,Public educational institutions,ISCED11_1,Primary education,Y45T54,From 45 to 54 years,_T,Total,SH,School head,161968,,A,Normal value,0,Units,MEAN,Arithmetic mean,V,Current prices,,,PLN,Zloty,2025,,2,Two
POL,Poland,SAL_ACT,Actual salaries,XDC,National currency,INST_EDU_PUB,Public educational institutions,ISCED11_02,Pre-primary education,Y45T54,From 45 to 54 years,_T,Total,SH,School head,152578,,A,Normal value,0,Units,MEAN,Arithmetic mean,V,Current prices,,,PLN,Zloty,2025,,2,Two
POL,Poland,SAL_ACT,Actual salaries,XDC,National currency,INST_EDU_PUB,Public educational institutions,ISCED11_24,Lower secondary general education,Y45T54,From 45 to 54 years,_T,Total,TE,Teacher,131170,,A,Normal value,0,Units,MEAN,Arithmetic mean,V,Current prices,,,PLN,Zloty,2025,,2,Two
POL,Poland,SAL_ACT,Actual salaries,XDC,National currency,INST_EDU_PUB,Public educational institutions,ISCED11_1,Primary education,Y45T54,From 45 to 54 years,_T,Total,TE,Teacher,128344,,A,Normal value,0,Units,MEAN,Arithmetic mean,V,Current prices,,,PLN,Zloty,2025,,2,Two
POL,Poland,SAL_ACT,Actual salaries,XDC,National currency,INST_EDU_PUB,Public educational institutions,ISCED11_34,Upper secondary general education,Y45T54,From 45 to 54 years,_T,Total,TE,Teacher,130302,,A,Normal value,0,Units,MEAN,Arithmetic mean,V,Current prices,,,PLN,Zloty,2025,,2,Two
POL,Poland,SAL_ACT,Actual salaries,XDC,National currency,INST_EDU_PUB,Public educational institutions,ISCED11_34,Upper secondary general education,Y45T54,From 45 to 54 years,_T,Total,SH,School head,175374,,A,Normal value,0,Units,MEAN,Arithmetic mean,V,Current prices,,,PLN,Zloty,2025,,2,Two
SWE,Sweden,SAL_ACT,Actual salaries,XDC,National currency,INST_EDU_PUB,Public educational institutions,ISCED11_1,Primary education,Y45T54,From 45 to 54 years,_T,Total,TE,Teacher,520041.886,,A,Normal value,0,Units,MEAN,Arithmetic mean,V,Current prices,,,SEK,Swedish krona,2025,,2,Two
SWE,Sweden,SAL_ACT,Actual salaries,XDC,National currency,INST_EDU_PUB,Public educational institutions,ISCED11_24,Lower secondary general education,Y45T54,From 45 to 54 years,_T,Total,TE,Teacher,535617.0066,,A,Normal value,0,Units,MEAN,Arithmetic mean,V,Current prices,,,SEK,Swedish krona,2025,,2,Two
SWE,Sweden,SAL_ACT,Actual salaries,XDC,National currency,INST_EDU_PUB,Public educational institutions,ISCED11_02,Pre-primary education,Y45T54,From 45 to 54 years,_T,Total,TE,Teacher,451971.7274,,A,Normal value,0,Units,MEAN,Arithmetic mean,V,Current prices,,,SEK,Swedish krona,2025,,2,Two
SWE,Sweden,SAL_ACT,Actual salaries,XDC,National currency,INST_EDU_PUB,Public educational institutions,ISCED11_34,Upper secondary general education,Y45T54,From 45 to 54 years,_T,Total,TE,Teacher,544468.1239,,A,Normal value,0,Units,MEAN,Arithmetic mean,V,Current prices,,,SEK,Swedish krona,2025,,2,Two
SWE,Sweden,SAL_ACT,Actual salaries,XDC,National currency,INST_EDU_PUB,Public educational institutions,ISCED11_1,Primary education,Y45T54,From 45 to 54 years,_T,Total,SH,School head,741518.1916,,A,Normal value,0,Units,MEAN,Arithmetic mean,V,Current prices,,,SEK,Swedish krona,2025,,2,Two
SWE,Sweden,SAL_ACT,Actual salaries,XDC,National currency,INST_EDU_PUB,Public educational institutions,ISCED11_34,Upper secondary general education,Y45T54,From 45 to 54 years,_T,Total,SH,School head,756868.1981,,A,Normal value,0,Units,MEAN,Arithmetic mean,V,Current prices,,,SEK,Swedish krona,2025,,2,Two
SWE,Sweden,SAL_ACT,Actual salaries,XDC,National currency,INST_EDU_PUB,Public educational institutions,ISCED11_24,Lower secondary general education,Y45T54,From 45 to 54 years,_T,Total,SH,School head,741518.1916,,A,Normal value,0,Units,MEAN,Arithmetic mean,V,Current prices,,,SEK,Swedish krona,2025,,2,Two
SWE,Sweden,SAL_ACT,Actual salaries,XDC,National currency,INST_EDU_PUB,Public educational institutions,ISCED11_02,Pre-primary education,Y45T54,From 45 to 54 years,_T,Total,SH,School head,669064.3507,,A,Normal value,0,Units,MEAN,Arithmetic mean,V,Current prices,,,SEK,Swedish krona,2025,,2,Two
POL,Poland,SAL_ACT,Actual salaries,XDC,National currency,INST_EDU_PUB,Public educational institutions,ISCED11_02,Pre-primary education,Y55T64,From 55 to 64 years,_T,Total,SH,School head,153551,,A,Normal value,0,Units,MEAN,Arithmetic mean,V,Current prices,,,PLN,Zloty,2025,,2,Two
POL,Poland,SAL_ACT,Actual salaries,XDC,National currency,INST_EDU_PUB,Public educational institutions,ISCED11_1,Primary education,Y55T64,From 55 to 64 years,_T,Total,SH,School head,163470,,A,Normal value,0,Units,MEAN,Arithmetic mean,V,Current prices,,,PLN,Zloty,2025,,2,Two
POL,Poland,SAL_ACT,Actual salaries,XDC,National currency,INST_EDU_PUB,Public educational institutions,ISCED11_02,Pre-primary education,Y55T64,From 55 to 64 years,_T,Total,TE,Teacher,115169,,A,Normal value,0,Units,MEAN,Arithmetic mean,V,Current prices,,,PLN,Zloty,2025,,2,Two
POL,Poland,SAL_ACT,Actual salaries,XDC,National currency,INST_EDU_PUB,Public educational institutions,ISCED11_24,Lower secondary general education,Y55T64,From 55 to 64 years,_T,Total,SH,School head,163470,,A,Normal value,0,Units,MEAN,Arithmetic mean,V,Current prices,,,PLN,Zloty,2025,,2,Two
POL,Poland,SAL_ACT,Actual salaries,XDC,National currency,INST_EDU_PUB,Public educational institutions,ISCED11_34,Upper secondary general education,Y55T64,From 55 to 64 years,_T,Total,SH,School head,176363,,A,Normal value,0,Units,MEAN,Arithmetic mean,V,Current prices,,,PLN,Zloty,2025,,2,Two
POL,Poland,SAL_ACT,Actual salaries,XDC,National currency,INST_EDU_PUB,Public educational institutions,ISCED11_1,Primary education,Y55T64,From 55 to 64 years,_T,Total,TE,Teacher,127748,,A,Normal value,0,Units,MEAN,Arithmetic mean,V,Current prices,,,PLN,Zloty,2025,,2,Two
POL,Poland,SAL_ACT,Actual salaries,XDC,National currency,INST_EDU_PUB,Public educational institutions,ISCED11_34,Upper secondary general education,Y55T64,From 55 to 64 years,_T,Total,TE,Teacher,127955,,A,Normal value,0,Units,MEAN,Arithmetic mean,V,Current prices,,,PLN,Zloty,2025,,2,Two
POL,Poland,SAL_ACT,Actual salaries,XDC,National currency,INST_EDU_PUB,Public educational institutions,ISCED11_24,Lower secondary general education,Y55T64,From 55 to 64 years,_T,Total,TE,Teacher,129417,,A,Normal value,0,Units,MEAN,Arithmetic mean,V,Current prices,,,PLN,Zloty,2025,,2,Two
SWE,Sweden,SAL_ACT,Actual salaries,XDC,National currency,INST_EDU_PUB,Public educational institutions,ISCED11_34,Upper secondary general education,Y55T64,From 55 to 64 years,_T,Total,SH,School head,768117.2082,,A,Normal value,0,Units,MEAN,Arithmetic mean,V,Current prices,,,SEK,Swedish krona,2025,,2,Two
SWE,Sweden,SAL_ACT,Actual salaries,XDC,National currency,INST_EDU_PUB,Public educational institutions,ISCED11_02,Pre-primary education,Y55T64,From 55 to 64 years,_T,Total,TE,Teacher,456792.52,,A,Normal value,0,Units,MEAN,Arithmetic mean,V,Current prices,,,SEK,Swedish krona,2025,,2,Two
SWE,Sweden,SAL_ACT,Actual salaries,XDC,National currency,INST_EDU_PUB,Public educational institutions,ISCED11_24,Lower secondary general education,Y55T64,From 55 to 64 years,_T,Total,TE,Teacher,534960.3221,,A,Normal value,0,Units,MEAN,Arithmetic mean,V,Current prices,,,SEK,Swedish krona,2025,,2,Two
SWE,Sweden,SAL_ACT,Actual salaries,XDC,National currency,INST_EDU_PUB,Public educational institutions,ISCED11_34,Upper secondary general education,Y55T64,From 55 to 64 years,_T,Total,TE,Teacher,549510.9017,,A,Normal value,0,Units,MEAN,Arithmetic mean,V,Current prices,,,SEK,Swedish krona,2025,,2,Two
SWE,Sweden,SAL_ACT,Actual salaries,XDC,National currency,INST_EDU_PUB,Public educational institutions,ISCED11_1,Primary education,Y55T64,From 55 to 64 years,_T,Total,TE,Teacher,520545.4661,,A,Normal value,0,Units,MEAN,Arithmetic mean,V,Current prices,,,SEK,Swedish krona,2025,,2,Two
SWE,Sweden,SAL_ACT,Actual salaries,XDC,National currency,INST_EDU_PUB,Public educational institutions,ISCED11_02,Pre-primary education,Y55T64,From 55 to 64 years,_T,Total,SH,School head,686742.5287,,A,Normal value,0,Units,MEAN,Arithmetic mean,V,Current prices,,,SEK,Swedish krona,2025,,2,Two
SWE,Sweden,SAL_ACT,Actual salaries,XDC,National currency,INST_EDU_PUB,Public educational institutions,ISCED11_1,Primary education,Y55T64,From 55 to 64 years,_T,Total,SH,School head,759518.2799,,A,Normal value,0,Units,MEAN,Arithmetic mean,V,Current prices,,,SEK,Swedish krona,2025,,2,Two
SWE,Sweden,SAL_ACT,Actual salaries,XDC,National currency,INST_EDU_PUB,Public educational institutions,ISCED11_24,Lower secondary general education,Y55T64,From 55 to 64 years,_T,Total,SH,School head,759518.2799,,A,Normal value,0,Units,MEAN,Arithmetic mean,V,Current prices,,,SEK,Swedish krona,2025,,2,Two
POL,Poland,SAL_ACT,Actual salaries,XDC,National currency,INST_EDU_PUB,Public educational institutions,ISCED11_02,Pre-primary education,Y25T64,From 25 to 64 years,_T,Total,TE,Teacher,103137,,A,Normal value,0,Units,MEAN,Arithmetic mean,V,Current prices,,,PLN,Zloty,2025,,2,Two
POL,Poland,SAL_ACT,Actual salaries,XDC,National currency,INST_EDU_PUB,Public educational institutions,ISCED11_02,Pre-primary education,Y25T64,From 25 to 64 years,_T,Total,SH,School head,151014,,A,Normal value,0,Units,MEAN,Arithmetic mean,V,Current prices,,,PLN,Zloty,2025,,2,Two
POL,Poland,SAL_ACT,Actual salaries,XDC,National currency,INST_EDU_PUB,Public educational institutions,ISCED11_34,Upper secondary general education,Y25T64,From 25 to 64 years,_T,Total,TE,Teacher,125145,,A,Normal value,0,Units,MEAN,Arithmetic mean,V,Current prices,,,PLN,Zloty,2025,,2,Two
POL,Poland,SAL_ACT,Actual salaries,XDC,National currency,INST_EDU_PUB,Public educational institutions,ISCED11_24,Lower secondary general education,Y25T64,From 25 to 64 years,_T,Total,SH,School head,161381,,A,Normal value,0,Units,MEAN,Arithmetic mean,V,Current prices,,,PLN,Zloty,2025,,2,Two
POL,Poland,SAL_ACT,Actual salaries,XDC,National currency,INST_EDU_PUB,Public educational institutions,ISCED11_1,Primary education,Y25T64,From 25 to 64 years,_T,Total,SH,School head,161381,,A,Normal value,0,Units,MEAN,Arithmetic mean,V,Current prices,,,PLN,Zloty,2025,,2,Two
POL,Poland,SAL_ACT,Actual salaries,XDC,National currency,INST_EDU_PUB,Public educational institutions,ISCED11_34,Upper secondary general education,Y25T64,From 25 to 64 years,_T,Total,SH,School head,175250,,A,Normal value,0,Units,MEAN,Arithmetic mean,V,Current prices,,,PLN,Zloty,2025,,2,Two
POL,Poland,SAL_ACT,Actual salaries,XDC,National currency,INST_EDU_PUB,Public educational institutions,ISCED11_1,Primary education,Y25T64,From 25 to 64 years,_T,Total,TE,Teacher,120281,,A,Normal value,0,Units,MEAN,Arithmetic mean,V,Current prices,,,PLN,Zloty,2025,,2,Two
POL,Poland,SAL_ACT,Actual salaries,XDC,National currency,INST_EDU_PUB,Public educational institutions,ISCED11_24,Lower secondary general education,Y25T64,From 25 to 64 years,_T,Total,TE,Teacher,125508,,A,Normal value,0,Units,MEAN,Arithmetic mean,V,Current prices,,,PLN,Zloty,2025,,2,Two
SWE,Sweden,SAL_ACT,Actual salaries,XDC,National currency,INST_EDU_PUB,Public educational institutions,ISCED11_24,Lower secondary general education,Y25T64,From 25 to 64 years,_T,Total,SH,School head,742451.1817,,A,Normal value,0,Units,MEAN,Arithmetic mean,V,Current prices,,,SEK,Swedish krona,2025,,2,Two
SWE,Sweden,SAL_ACT,Actual salaries,XDC,National currency,INST_EDU_PUB,Public educational institutions,ISCED11_34,Upper secondary general education,Y25T64,From 25 to 64 years,_T,Total,TE,Teacher,530900.7093,,A,Normal value,0,Units,MEAN,Arithmetic mean,V,Current prices,,,SEK,Swedish krona,2025,,2,Two
SWE,Sweden,SAL_ACT,Actual salaries,XDC,National currency,INST_EDU_PUB,Public educational institutions,ISCED11_1,Primary education,Y25T64,From 25 to 64 years,_T,Total,SH,School head,742451.1817,,A,Normal value,0,Units,MEAN,Arithmetic mean,V,Current prices,,,SEK,Swedish krona,2025,,2,Two
SWE,Sweden,SAL_ACT,Actual salaries,XDC,National currency,INST_EDU_PUB,Public educational institutions,ISCED11_02,Pre-primary education,Y25T64,From 25 to 64 years,_T,Total,TE,Teacher,438747.3609,,A,Normal value,0,Units,MEAN,Arithmetic mean,V,Current prices,,,SEK,Swedish krona,2025,,2,Two
SWE,Sweden,SAL_ACT,Actual salaries,XDC,National currency,INST_EDU_PUB,Public educational institutions,ISCED11_24,Lower secondary general education,Y25T64,From 25 to 64 years,_T,Total,TE,Teacher,520977.4664,,A,Normal value,0,Units,MEAN,Arithmetic mean,V,Current prices,,,SEK,Swedish krona,2025,,2,Two
SWE,Sweden,SAL_ACT,Actual salaries,XDC,National currency,INST_EDU_PUB,Public educational institutions,ISCED11_02,Pre-primary education,Y25T64,From 25 to 64 years,_T,Total,SH,School head,668764.6492,,A,Normal value,0,Units,MEAN,Arithmetic mean,V,Current prices,,,SEK,Swedish krona,2025,,2,Two
SWE,Sweden,SAL_ACT,Actual salaries,XDC,National currency,INST_EDU_PUB,Public educational institutions,ISCED11_1,Primary education,Y25T64,From 25 to 64 years,_T,Total,TE,Teacher,500856.2344,,A,Normal value,0,Units,MEAN,Arithmetic mean,V,Current prices,,,SEK,Swedish krona,2025,,2,Two
SWE,Sweden,SAL_ACT,Actual salaries,XDC,National currency,INST_EDU_PUB,Public educational institutions,ISCED11_34,Upper secondary general education,Y25T64,From 25 to 64 years,_T,Total,SH,School head,749082.0628,,A,Normal value,0,Units,MEAN,Arithmetic mean,V,Current prices,,,SEK,Swedish krona,2025,,2,Two
FIN,Finland,SAL_ACT,Actual salaries,XDC,National currency,INST_EDU_PUB,Public educational institutions,ISCED11_34,Upper secondary general education,Y45T54,From 45 to 54 years,_T,Total,SH,School head,89354,,A,Normal value,0,Units,MEAN,Arithmetic mean,V,Current prices,,,EUR,Euro,2025,,2,Two
FIN,Finland,SAL_ACT,Actual salaries,XDC,National currency,INST_EDU_PUB,Public educational institutions,ISCED11_02,Pre-primary education,Y35T44,From 35 to 44 years,_T,Total,SH,School head,54394,,A,Normal value,0,Units,MEAN,Arithmetic mean,V,Current prices,,,EUR,Euro,2025,,2,Two
FIN,Finland,SAL_ACT,Actual salaries,XDC,National currency,INST_EDU_PUB,Public educational institutions,ISCED11_1,Primary education,Y25T34,From 25 to 34 years,_T,Total,TE,Teacher,44924,,A,Normal value,0,Units,MEAN,Arithmetic mean,V,Current prices,,,EUR,Euro,2025,,2,Two
FIN,Finland,SAL_ACT,Actual salaries,XDC,National currency,INST_EDU_PUB,Public educational institutions,ISCED11_34,Upper secondary general education,Y25T64,From 25 to 64 years,_T,Total,TE,Teacher,64872,,A,Normal value,0,Units,MEAN,Arithmetic mean,V,Current prices,,,EUR,Euro,2025,,2,Two
FIN,Finland,SAL_ACT,Actual salaries,XDC,National currency,INST_EDU_PUB,Public educational institutions,ISCED11_1,Primary education,Y35T44,From 35 to 44 years,_T,Total,SH,School head,67034,,A,Normal value,0,Units,MEAN,Arithmetic mean,V,Current prices,,,EUR,Euro,2025,,2,Two
FIN,Finland,SAL_ACT,Actual salaries,XDC,National currency,INST_EDU_PUB,Public educational institutions,ISCED11_24,Lower secondary general education,Y55T64,From 55 to 64 years,_T,Total,SH,School head,87824,,A,Normal value,0,Units,MEAN,Arithmetic mean,V,Current prices,,,EUR,Euro,2025,,2,Two
FIN,Finland,SAL_ACT,Actual salaries,XDC,National currency,INST_EDU_PUB,Public educational institutions,ISCED11_1,Primary education,Y45T54,From 45 to 54 years,_T,Total,SH,School head,72874,,A,Normal value,0,Units,MEAN,Arithmetic mean,V,Current prices,,,EUR,Euro,2025,,2,Two
FIN,Finland,SAL_ACT,Actual salaries,XDC,National currency,INST_EDU_PUB,Public educational institutions,ISCED11_24,Lower secondary general education,Y55T64,From 55 to 64 years,_T,Total,TE,Teacher,60428,,A,Normal value,0,Units,MEAN,Arithmetic mean,V,Current prices,,,EUR,Euro,2025,,2,Two
FIN,Finland,SAL_ACT,Actual salaries,XDC,National currency,INST_EDU_PUB,Public educational institutions,ISCED11_24,Lower secondary general education,Y25T34,From 25 to 34 years,_T,Total,TE,Teacher,48579,,A,Normal value,0,Units,MEAN,Arithmetic mean,V,Current prices,,,EUR,Euro,2025,,2,Two
FIN,Finland,SAL_ACT,Actual salaries,XDC,National currency,INST_EDU_PUB,Public educational institutions,ISCED11_02,Pre-primary education,Y25T34,From 25 to 34 years,_T,Total,TE,Teacher,38857,,A,Normal value,0,Units,MEAN,Arithmetic mean,V,Current prices,,,EUR,Euro,2025,,2,Two
FIN,Finland,SAL_ACT,Actual salaries,XDC,National currency,INST_EDU_PUB,Public educational institutions,ISCED11_24,Lower secondary general education,Y35T44,From 35 to 44 years,_T,Total,SH,School head,76437,,A,Normal value,0,Units,MEAN,Arithmetic mean,V,Current prices,,,EUR,Euro,2025,,2,Two
FIN,Finland,SAL_ACT,Actual salaries,XDC,National currency,INST_EDU_PUB,Public educational institutions,ISCED11_02,Pre-primary education,Y55T64,From 55 to 64 years,_T,Total,TE,Teacher,43101,,A,Normal value,0,Units,MEAN,Arithmetic mean,V,Current prices,,,EUR,Euro,2025,,2,Two
FIN,Finland,SAL_ACT,Actual salaries,XDC,National currency,INST_EDU_PUB,Public educational institutions,ISCED11_24,Lower secondary general education,Y25T64,From 25 to 64 years,_T,Total,TE,Teacher,57338,,A,Normal value,0,Units,MEAN,Arithmetic mean,V,Current prices,,,EUR,Euro,2025,,2,Two
FIN,Finland,SAL_ACT,Actual salaries,XDC,National currency,INST_EDU_PUB,Public educational institutions,ISCED11_34,Upper secondary general education,Y45T54,From 45 to 54 years,_T,Total,TE,Teacher,67202,,A,Normal value,0,Units,MEAN,Arithmetic mean,V,Current prices,,,EUR,Euro,2025,,2,Two
FIN,Finland,SAL_ACT,Actual salaries,XDC,National currency,INST_EDU_PUB,Public educational institutions,ISCED11_34,Upper secondary general education,Y25T34,From 25 to 34 years,_T,Total,TE,Teacher,54113,,A,Normal value,0,Units,MEAN,Arithmetic mean,V,Current prices,,,EUR,Euro,2025,,2,Two
FIN,Finland,SAL_ACT,Actual salaries,XDC,National currency,INST_EDU_PUB,Public educational institutions,ISCED11_34,Upper secondary general education,Y55T64,From 55 to 64 years,_T,Total,TE,Teacher,67633,,A,Normal value,0,Units,MEAN,Arithmetic mean,V,Current prices,,,EUR,Euro,2025,,2,Two
FIN,Finland,SAL_ACT,Actual salaries,XDC,National currency,INST_EDU_PUB,Public educational institutions,ISCED11_02,Pre-primary education,Y25T64,From 25 to 64 years,_T,Total,TE,Teacher,41608,,A,Normal value,0,Units,MEAN,Arithmetic mean,V,Current prices,,,EUR,Euro,2025,,2,Two
FIN,Finland,SAL_ACT,Actual salaries,XDC,National currency,INST_EDU_PUB,Public educational institutions,ISCED11_24,Lower secondary general education,Y45T54,From 45 to 54 years,_T,Total,TE,Teacher,59990,,A,Normal value,0,Units,MEAN,Arithmetic mean,V,Current prices,,,EUR,Euro,2025,,2,Two
FIN,Finland,SAL_ACT,Actual salaries,XDC,National currency,INST_EDU_PUB,Public educational institutions,ISCED11_1,Primary education,Y45T54,From 45 to 54 years,_T,Total,TE,Teacher,55190,,A,Normal value,0,Units,MEAN,Arithmetic mean,V,Current prices,,,EUR,Euro,2025,,2,Two
FIN,Finland,SAL_ACT,Actual salaries,XDC,National currency,INST_EDU_PUB,Public educational institutions,ISCED11_24,Lower secondary general education,Y25T64,From 25 to 64 years,_T,Total,SH,School head,85255,,A,Normal value,0,Units,MEAN,Arithmetic mean,V,Current prices,,,EUR,Euro,2025,,2,Two
FIN,Finland,SAL_ACT,Actual salaries,XDC,National currency,INST_EDU_PUB,Public educational institutions,ISCED11_02,Pre-primary education,Y55T64,From 55 to 64 years,_T,Total,SH,School head,56690,,A,Normal value,0,Units,MEAN,Arithmetic mean,V,Current prices,,,EUR,Euro,2025,,2,Two
FIN,Finland,SAL_ACT,Actual salaries,XDC,National currency,INST_EDU_PUB,Public educational institutions,ISCED11_34,Upper secondary general education,Y35T44,From 35 to 44 years,_T,Total,TE,Teacher,61028,,A,Normal value,0,Units,MEAN,Arithmetic mean,V,Current prices,,,EUR,Euro,2025,,2,Two
FIN,Finland,SAL_ACT,Actual salaries,XDC,National currency,INST_EDU_PUB,Public educational institutions,ISCED11_34,Upper secondary general education,Y55T64,From 55 to 64 years,_T,Total,SH,School head,89617,,A,Normal value,0,Units,MEAN,Arithmetic mean,V,Current prices,,,EUR,Euro,2025,,2,Two
FIN,Finland,SAL_ACT,Actual salaries,XDC,National currency,INST_EDU_PUB,Public educational institutions,ISCED11_34,Upper secondary general education,Y25T64,From 25 to 64 years,_T,Total,SH,School head,87992,,A,Normal value,0,Units,MEAN,Arithmetic mean,V,Current prices,,,EUR,Euro,2025,,2,Two
FIN,Finland,SAL_ACT,Actual salaries,XDC,National currency,INST_EDU_PUB,Public educational institutions,ISCED11_02,Pre-primary education,Y35T44,From 35 to 44 years,_T,Total,TE,Teacher,41301,,A,Normal value,0,Units,MEAN,Arithmetic mean,V,Current prices,,,EUR,Euro,2025,,2,Two
FIN,Finland,SAL_ACT,Actual salaries,XDC,National currency,INST_EDU_PUB,Public educational institutions,ISCED11_1,Primary education,Y35T44,From 35 to 44 years,_T,Total,TE,Teacher,50092,,A,Normal value,0,Units,MEAN,Arithmetic mean,V,Current prices,,,EUR,Euro,2025,,2,Two
FIN,Finland,SAL_ACT,Actual salaries,XDC,National currency,INST_EDU_PUB,Public educational institutions,ISCED11_24,Lower secondary general education,Y45T54,From 45 to 54 years,_T,Total,SH,School head,85351,,A,Normal value,0,Units,MEAN,Arithmetic mean,V,Current prices,,,EUR,Euro,2025,,2,Two
FIN,Finland,SAL_ACT,Actual salaries,XDC,National currency,INST_EDU_PUB,Public educational institutions,ISCED11_1,Primary education,Y55T64,From 55 to 64 years,_T,Total,SH,School head,74317,,A,Normal value,0,Units,MEAN,Arithmetic mean,V,Current prices,,,EUR,Euro,2025,,2,Two
FIN,Finland,SAL_ACT,Actual salaries,XDC,National currency,INST_EDU_PUB,Public educational institutions,ISCED11_1,Primary education,Y55T64,From 55 to 64 years,_T,Total,TE,Teacher,56192,,A,Normal value,0,Units,MEAN,Arithmetic mean,V,Current prices,,,EUR,Euro,2025,,2,Two
FIN,Finland,SAL_ACT,Actual salaries,XDC,National currency,INST_EDU_PUB,Public educational institutions,ISCED11_24,Lower secondary general education,Y35T44,From 35 to 44 years,_T,Total,TE,Teacher,54653,,A,Normal value,0,Units,MEAN,Arithmetic mean,V,Current prices,,,EUR,Euro,2025,,2,Two
FIN,Finland,SAL_ACT,Actual salaries,XDC,National currency,INST_EDU_PUB,Public educational institutions,ISCED11_02,Pre-primary education,Y45T54,From 45 to 54 years,_T,Total,TE,Teacher,42520,,A,Normal value,0,Units,MEAN,Arithmetic mean,V,Current prices,,,EUR,Euro,2025,,2,Two
FIN,Finland,SAL_ACT,Actual salaries,XDC,National currency,INST_EDU_PUB,Public educational institutions,ISCED11_02,Pre-primary education,Y25T34,From 25 to 34 years,_T,Total,SH,School head,52073,,A,Normal value,0,Units,MEAN,Arithmetic mean,V,Current prices,,,EUR,Euro,2025,,2,Two
FIN,Finland,SAL_ACT,Actual salaries,XDC,National currency,INST_EDU_PUB,Public educational institutions,ISCED11_1,Primary education,Y25T64,From 25 to 64 years,_T,Total,SH,School head,72625,,A,Normal value,0,Units,MEAN,Arithmetic mean,V,Current prices,,,EUR,Euro,2025,,2,Two
FIN,Finland,SAL_ACT,Actual salaries,XDC,National currency,INST_EDU_PUB,Public educational institutions,ISCED11_02,Pre-primary education,Y25T64,From 25 to 64 years,_T,Total,SH,School head,55528,,A,Normal value,0,Units,MEAN,Arithmetic mean,V,Current prices,,,EUR,Euro,2025,,2,Two
FIN,Finland,SAL_ACT,Actual salaries,XDC,National currency,INST_EDU_PUB,Public educational institutions,ISCED11_1,Primary education,Y25T64,From 25 to 64 years,_T,Total,TE,Teacher,52272,,A,Normal value,0,Units,MEAN,Arithmetic mean,V,Current prices,,,EUR,Euro,2025,,2,Two
FIN,Finland,SAL_ACT,Actual salaries,XDC,National currency,INST_EDU_PUB,Public educational institutions,ISCED11_02,Pre-primary education,Y45T54,From 45 to 54 years,_T,Total,SH,School head,55446,,A,Normal value,0,Units,MEAN,Arithmetic mean,V,Current prices,,,EUR,Euro,2025,,2,Two
DEU,Germany,SAL_ACT,Actual salaries,XDC,National currency,INST_EDU_PUB,Public educational institutions,ISCED11_1,Primary education,Y25T64,From 25 to 64 years,_T,Total,TE,Teacher,69453.34823,,A,Normal value,0,Units,MEAN,Arithmetic mean,V,Current prices,,,EUR,Euro,2025,,2,Two
DEU,Germany,SAL_ACT,Actual salaries,XDC,National currency,INST_EDU_PUB,Public educational institutions,ISCED11_34,Upper secondary general education,Y25T64,From 25 to 64 years,_T,Total,TE,Teacher,80162.99108,,A,Normal value,0,Units,MEAN,Arithmetic mean,V,Current prices,,,EUR,Euro,2025,,2,Two
DEU,Germany,SAL_ACT,Actual salaries,XDC,National currency,INST_EDU_PUB,Public educational institutions,ISCED11_24,Lower secondary general education,Y25T64,From 25 to 64 years,_T,Total,TE,Teacher,76496.15978,,A,Normal value,0,Units,MEAN,Arithmetic mean,V,Current prices,,,EUR,Euro,2025,,2,Two
ITA,Italy,SAL_ACT,Actual salaries,XDC,National currency,INST_EDU_PUB,Public educational institutions,ISCED11_34,Upper secondary general education,Y25T64,From 25 to 64 years,_T,Total,SH,School head,97756.77809,,A,Normal value,0,Units,MEAN,Arithmetic mean,V,Current prices,,,EUR,Euro,2025,,2,Two
ITA,Italy,SAL_ACT,Actual salaries,XDC,National currency,INST_EDU_PUB,Public educational institutions,ISCED11_1,Primary education,Y25T64,From 25 to 64 years,_T,Total,TE,Teacher,32099.58247,,A,Normal value,0,Units,MEAN,Arithmetic mean,V,Current prices,,,EUR,Euro,2025,,2,Two
ITA,Italy,SAL_ACT,Actual salaries,XDC,National currency,INST_EDU_PUB,Public educational institutions,ISCED11_24,Lower secondary general education,Y25T64,From 25 to 64 years,_T,Total,TE,Teacher,33753.43165,,A,Normal value,0,Units,MEAN,Arithmetic mean,V,Current prices,,,EUR,Euro,2025,,2,Two
ITA,Italy,SAL_ACT,Actual salaries,XDC,National currency,INST_EDU_PUB,Public educational institutions,ISCED11_1,Primary education,Y55T64,From 55 to 64 years,_T,Total,TE,Teacher,34996.65948,,A,Normal value,0,Units,MEAN,Arithmetic mean,V,Current prices,,,EUR,Euro,2025,,2,Two
ITA,Italy,SAL_ACT,Actual salaries,XDC,National currency,INST_EDU_PUB,Public educational institutions,ISCED11_02,Pre-primary education,Y55T64,From 55 to 64 years,_T,Total,TE,Teacher,34996.65948,,A,Normal value,0,Units,MEAN,Arithmetic mean,V,Current prices,,,EUR,Euro,2025,,2,Two
ITA,Italy,SAL_ACT,Actual salaries,XDC,National currency,INST_EDU_PUB,Public educational institutions,ISCED11_1,Primary education,Y35T44,From 35 to 44 years,_T,Total,SH,School head,92644.23347,,A,Normal value,0,Units,MEAN,Arithmetic mean,V,Current prices,,,EUR,Euro,2025,,2,Two
ITA,Italy,SAL_ACT,Actual salaries,XDC,National currency,INST_EDU_PUB,Public educational institutions,ISCED11_24,Lower secondary general education,Y25T64,From 25 to 64 years,_T,Total,SH,School head,97756.77809,,A,Normal value,0,Units,MEAN,Arithmetic mean,V,Current prices,,,EUR,Euro,2025,,2,Two
ITA,Italy,SAL_ACT,Actual salaries,XDC,National currency,INST_EDU_PUB,Public educational institutions,ISCED11_02,Pre-primary education,Y45T54,From 45 to 54 years,_T,Total,TE,Teacher,31559.2901,,A,Normal value,0,Units,MEAN,Arithmetic mean,V,Current prices,,,EUR,Euro,2025,,2,Two
ITA,Italy,SAL_ACT,Actual salaries,XDC,National currency,INST_EDU_PUB,Public educational institutions,ISCED11_1,Primary education,Y25T64,From 25 to 64 years,_T,Total,SH,School head,97756.77809,,A,Normal value,0,Units,MEAN,Arithmetic mean,V,Current prices,,,EUR,Euro,2025,,2,Two
ITA,Italy,SAL_ACT,Actual salaries,XDC,National currency,INST_EDU_PUB,Public educational institutions,ISCED11_1,Primary education,Y45T54,From 45 to 54 years,_T,Total,TE,Teacher,31559.2901,,A,Normal value,0,Units,MEAN,Arithmetic mean,V,Current prices,,,EUR,Euro,2025,,2,Two
ITA,Italy,SAL_ACT,Actual salaries,XDC,National currency,INST_EDU_PUB,Public educational institutions,ISCED11_24,Lower secondary general education,Y35T44,From 35 to 44 years,_T,Total,TE,Teacher,30924.20846,,A,Normal value,0,Units,MEAN,Arithmetic mean,V,Current prices,,,EUR,Euro,2025,,2,Two
ITA,Italy,SAL_ACT,Actual salaries,XDC,National currency,INST_EDU_PUB,Public educational institutions,ISCED11_34,Upper secondary general education,Y45T54,From 45 to 54 years,_T,Total,TE,Teacher,35192.76429,,A,Normal value,0,Units,MEAN,Arithmetic mean,V,Current prices,,,EUR,Euro,2025,,2,Two
ITA,Italy,SAL_ACT,Actual salaries,XDC,National currency,INST_EDU_PUB,Public educational institutions,ISCED11_24,Lower secondary general education,Y55T64,From 55 to 64 years,_T,Total,SH,School head,99136.23883,,A,Normal value,0,Units,MEAN,Arithmetic mean,V,Current prices,,,EUR,Euro,2025,,2,Two
ITA,Italy,SAL_ACT,Actual salaries,XDC,National currency,INST_EDU_PUB,Public educational institutions,ISCED11_1,Primary education,Y35T44,From 35 to 44 years,_T,Total,TE,Teacher,29198.35239,,A,Normal value,0,Units,MEAN,Arithmetic mean,V,Current prices,,,EUR,Euro,2025,,2,Two
ITA,Italy,SAL_ACT,Actual salaries,XDC,National currency,INST_EDU_PUB,Public educational institutions,ISCED11_34,Upper secondary general education,Y55T64,From 55 to 64 years,_T,Total,TE,Teacher,40482.18718,,A,Normal value,0,Units,MEAN,Arithmetic mean,V,Current prices,,,EUR,Euro,2025,,2,Two
ITA,Italy,SAL_ACT,Actual salaries,XDC,National currency,INST_EDU_PUB,Public educational institutions,ISCED11_34,Upper secondary general education,Y35T44,From 35 to 44 years,_T,Total,TE,Teacher,31468.89346,,A,Normal value,0,Units,MEAN,Arithmetic mean,V,Current prices,,,EUR,Euro,2025,,2,Two
ITA,Italy,SAL_ACT,Actual salaries,XDC,National currency,INST_EDU_PUB,Public educational institutions,ISCED11_34,Upper secondary general education,Y25T64,From 25 to 64 years,_T,Total,TE,Teacher,35900.60511,,A,Normal value,0,Units,MEAN,Arithmetic mean,V,Current prices,,,EUR,Euro,2025,,2,Two
ITA,Italy,SAL_ACT,Actual salaries,XDC,National currency,INST_EDU_PUB,Public educational institutions,ISCED11_34,Upper secondary general education,Y35T44,From 35 to 44 years,_T,Total,SH,School head,92644.23347,,A,Normal value,0,Units,MEAN,Arithmetic mean,V,Current prices,,,EUR,Euro,2025,,2,Two
ITA,Italy,SAL_ACT,Actual salaries,XDC,National currency,INST_EDU_PUB,Public educational institutions,ISCED11_1,Primary education,Y25T34,From 25 to 34 years,_T,Total,TE,Teacher,27628.69847,,A,Normal value,0,Units,MEAN,Arithmetic mean,V,Current prices,,,EUR,Euro,2025,,2,Two
ITA,Italy,SAL_ACT,Actual salaries,XDC,National currency,INST_EDU_PUB,Public educational institutions,ISCED11_02,Pre-primary education,Y35T44,From 35 to 44 years,_T,Total,TE,Teacher,29198.35239,,A,Normal value,0,Units,MEAN,Arithmetic mean,V,Current prices,,,EUR,Euro,2025,,2,Two
ITA,Italy,SAL_ACT,Actual salaries,XDC,National currency,INST_EDU_PUB,Public educational institutions,ISCED11_02,Pre-primary education,Y25T34,From 25 to 34 years,_T,Total,TE,Teacher,27628.69847,,A,Normal value,0,Units,MEAN,Arithmetic mean,V,Current prices,,,EUR,Euro,2025,,2,Two
ITA,Italy,SAL_ACT,Actual salaries,XDC,National currency,INST_EDU_PUB,Public educational institutions,ISCED11_24,Lower secondary general education,Y55T64,From 55 to 64 years,_T,Total,TE,Teacher,37522.01727,,A,Normal value,0,Units,MEAN,Arithmetic mean,V,Current prices,,,EUR,Euro,2025,,2,Two
ITA,Italy,SAL_ACT,Actual salaries,XDC,National currency,INST_EDU_PUB,Public educational institutions,ISCED11_34,Upper secondary general education,Y45T54,From 45 to 54 years,_T,Total,SH,School head,95761.96718,,A,Normal value,0,Units,MEAN,Arithmetic mean,V,Current prices,,,EUR,Euro,2025,,2,Two
ITA,Italy,SAL_ACT,Actual salaries,XDC,National currency,INST_EDU_PUB,Public educational institutions,ISCED11_24,Lower secondary general education,Y35T44,From 35 to 44 years,_T,Total,SH,School head,92644.23347,,A,Normal value,0,Units,MEAN,Arithmetic mean,V,Current prices,,,EUR,Euro,2025,,2,Two
ITA,Italy,SAL_ACT,Actual salaries,XDC,National currency,INST_EDU_PUB,Public educational institutions,ISCED11_34,Upper secondary general education,Y25T34,From 25 to 34 years,_T,Total,TE,Teacher,30199.24435,,A,Normal value,0,Units,MEAN,Arithmetic mean,V,Current prices,,,EUR,Euro,2025,,2,Two
ITA,Italy,SAL_ACT,Actual salaries,XDC,National currency,INST_EDU_PUB,Public educational institutions,ISCED11_24,Lower secondary general education,Y45T54,From 45 to 54 years,_T,Total,SH,School head,95761.96718,,A,Normal value,0,Units,MEAN,Arithmetic mean,V,Current prices,,,EUR,Euro,2025,,2,Two
ITA,Italy,SAL_ACT,Actual salaries,XDC,National currency,INST_EDU_PUB,Public educational institutions,ISCED11_34,Upper secondary general education,Y55T64,From 55 to 64 years,_T,Total,SH,School head,99136.23883,,A,Normal value,0,Units,MEAN,Arithmetic mean,V,Current prices,,,EUR,Euro,2025,,2,Two
ITA,Italy,SAL_ACT,Actual salaries,XDC,National currency,INST_EDU_PUB,Public educational institutions,ISCED11_1,Primary education,Y55T64,From 55 to 64 years,_T,Total,SH,School head,99136.23883,,A,Normal value,0,Units,MEAN,Arithmetic mean,V,Current prices,,,EUR,Euro,2025,,2,Two
ITA,Italy,SAL_ACT,Actual salaries,XDC,National currency,INST_EDU_PUB,Public educational institutions,ISCED11_1,Primary education,Y45T54,From 45 to 54 years,_T,Total,SH,School head,95761.96718,,A,Normal value,0,Units,MEAN,Arithmetic mean,V,Current prices,,,EUR,Euro,2025,,2,Two
ITA,Italy,SAL_ACT,Actual salaries,XDC,National currency,INST_EDU_PUB,Public educational institutions,ISCED11_24,Lower secondary general education,Y25T34,From 25 to 34 years,_T,Total,TE,Teacher,29861.90198,,A,Normal value,0,Units,MEAN,Arithmetic mean,V,Current prices,,,EUR,Euro,2025,,2,Two
ITA,Italy,SAL_ACT,Actual salaries,XDC,National currency,INST_EDU_PUB,Public educational institutions,ISCED11_24,Lower secondary general education,Y45T54,From 45 to 54 years,_T,Total,TE,Teacher,33894.70146,,A,Normal value,0,Units,MEAN,Arithmetic mean,V,Current prices,,,EUR,Euro,2025,,2,Two
ITA,Italy,SAL_ACT,Actual salaries,XDC,National currency,INST_EDU_PUB,Public educational institutions,ISCED11_02,Pre-primary education,Y25T64,From 25 to 64 years,_T,Total,TE,Teacher,32099.58247,,A,Normal value,0,Units,MEAN,Arithmetic mean,V,Current prices,,,EUR,Euro,2025,,2,Two
NLD,Netherlands,SAL_ACT,Actual salaries,XDC,National currency,INST_EDU_PUB,Public educational institutions,ISCED11_1,Primary education,Y45T54,From 45 to 54 years,_T,Total,TE,Teacher,79320.95489,,A,Normal value,0,Units,MEAN,Arithmetic mean,V,Current prices,,,EUR,Euro,2025,,2,Two
NLD,Netherlands,SAL_ACT,Actual salaries,XDC,National currency,INST_EDU_PUB,Public educational institutions,ISCED11_1,Primary education,Y25T34,From 25 to 34 years,_T,Total,SH,School head,90677.75521,,A,Normal value,0,Units,MEAN,Arithmetic mean,V,Current prices,,,EUR,Euro,2025,,2,Two
NLD,Netherlands,SAL_ACT,Actual salaries,XDC,National currency,INST_EDU_PUB,Public educational institutions,ISCED11_02,Pre-primary education,Y45T54,From 45 to 54 years,_T,Total,SH,School head,103543.7011,,A,Normal value,0,Units,MEAN,Arithmetic mean,V,Current prices,,,EUR,Euro,2025,,2,Two
NLD,Netherlands,SAL_ACT,Actual salaries,XDC,National currency,INST_EDU_PUB,Public educational institutions,ISCED11_1,Primary education,Y25T64,From 25 to 64 years,_T,Total,TE,Teacher,73378.30887,,A,Normal value,0,Units,MEAN,Arithmetic mean,V,Current prices,,,EUR,Euro,2025,,2,Two
NLD,Netherlands,SAL_ACT,Actual salaries,XDC,National currency,INST_EDU_PUB,Public educational institutions,ISCED11_1,Primary education,Y25T64,From 25 to 64 years,_T,Total,SH,School head,102440.9855,,A,Normal value,0,Units,MEAN,Arithmetic mean,V,Current prices,,,EUR,Euro,2025,,2,Two
NLD,Netherlands,SAL_ACT,Actual salaries,XDC,National currency,INST_EDU_PUB,Public educational institutions,ISCED11_24,Lower secondary general education,Y35T44,From 35 to 44 years,_T,Total,TE,Teacher,82736.79243,,A,Normal value,0,Units,MEAN,Arithmetic mean,V,Current prices,,,EUR,Euro,2025,,2,Two
NLD,Netherlands,SAL_ACT,Actual salaries,XDC,National currency,INST_EDU_PUB,Public educational institutions,ISCED11_02,Pre-primary education,Y25T34,From 25 to 34 years,_T,Total,TE,Teacher,61659.12256,,A,Normal value,0,Units,MEAN,Arithmetic mean,V,Current prices,,,EUR,Euro,2025,,2,Two
NLD,Netherlands,SAL_ACT,Actual salaries,XDC,National currency,INST_EDU_PUB,Public educational institutions,ISCED11_02,Pre-primary education,Y35T44,From 35 to 44 years,_T,Total,SH,School head,101312.2859,,A,Normal value,0,Units,MEAN,Arithmetic mean,V,Current prices,,,EUR,Euro,2025,,2,Two
NLD,Netherlands,SAL_ACT,Actual salaries,XDC,National currency,INST_EDU_PUB,Public educational institutions,ISCED11_1,Primary education,Y35T44,From 35 to 44 years,_T,Total,SH,School head,101312.2859,,A,Normal value,0,Units,MEAN,Arithmetic mean,V,Current prices,,,EUR,Euro,2025,,2,Two
NLD,Netherlands,SAL_ACT,Actual salaries,XDC,National currency,INST_EDU_PUB,Public educational institutions,ISCED11_24,Lower secondary general education,Y25T34,From 25 to 34 years,_T,Total,TE,Teacher,64081.46531,,A,Normal value,0,Units,MEAN,Arithmetic mean,V,Current prices,,,EUR,Euro,2025,,2,Two
NLD,Netherlands,SAL_ACT,Actual salaries,XDC,National currency,INST_EDU_PUB,Public educational institutions,ISCED11_1,Primary education,Y25T34,From 25 to 34 years,_T,Total,TE,Teacher,61659.12256,,A,Normal value,0,Units,MEAN,Arithmetic mean,V,Current prices,,,EUR,Euro,2025,,2,Two
NLD,Netherlands,SAL_ACT,Actual salaries,XDC,National currency,INST_EDU_PUB,Public educational institutions,ISCED11_34,Upper secondary general education,Y45T54,From 45 to 54 years,_T,Total,SH,School head,115862.0736,,A,Normal value,0,Units,MEAN,Arithmetic mean,V,Current prices,,,EUR,Euro,2025,,2,Two
NLD,Netherlands,SAL_ACT,Actual salaries,XDC,National currency,INST_EDU_PUB,Public educational institutions,ISCED11_34,Upper secondary general education,Y55T64,From 55 to 64 years,_T,Total,SH,School head,118378.2446,,A,Normal value,0,Units,MEAN,Arithmetic mean,V,Current prices,,,EUR,Euro,2025,,2,Two
NLD,Netherlands,SAL_ACT,Actual salaries,XDC,National currency,INST_EDU_PUB,Public educational institutions,ISCED11_34,Upper secondary general education,Y25T34,From 25 to 34 years,_T,Total,SH,School head,98694.58013,,A,Normal value,0,Units,MEAN,Arithmetic mean,V,Current prices,,,EUR,Euro,2025,,2,Two
NLD,Netherlands,SAL_ACT,Actual salaries,XDC,National currency,INST_EDU_PUB,Public educational institutions,ISCED11_02,Pre-primary education,Y35T44,From 35 to 44 years,_T,Total,TE,Teacher,76937.93198,,A,Normal value,0,Units,MEAN,Arithmetic mean,V,Current prices,,,EUR,Euro,2025,,2,Two
NLD,Netherlands,SAL_ACT,Actual salaries,XDC,National currency,INST_EDU_PUB,Public educational institutions,ISCED11_34,Upper secondary general education,Y45T54,From 45 to 54 years,_T,Total,TE,Teacher,86185.54103,,A,Normal value,0,Units,MEAN,Arithmetic mean,V,Current prices,,,EUR,Euro,2025,,2,Two
NLD,Netherlands,SAL_ACT,Actual salaries,XDC,National currency,INST_EDU_PUB,Public educational institutions,ISCED11_02,Pre-primary education,Y25T34,From 25 to 34 years,_T,Total,SH,School head,90677.75521,,A,Normal value,0,Units,MEAN,Arithmetic mean,V,Current prices,,,EUR,Euro,2025,,2,Two
NLD,Netherlands,SAL_ACT,Actual salaries,XDC,National currency,INST_EDU_PUB,Public educational institutions,ISCED11_02,Pre-primary education,Y45T54,From 45 to 54 years,_T,Total,TE,Teacher,79320.95489,,A,Normal value,0,Units,MEAN,Arithmetic mean,V,Current prices,,,EUR,Euro,2025,,2,Two
NLD,Netherlands,SAL_ACT,Actual salaries,XDC,National currency,INST_EDU_PUB,Public educational institutions,ISCED11_34,Upper secondary general education,Y25T64,From 25 to 64 years,_T,Total,SH,School head,115167.3056,,A,Normal value,0,Units,MEAN,Arithmetic mean,V,Current prices,,,EUR,Euro,2025,,2,Two
NLD,Netherlands,SAL_ACT,Actual salaries,XDC,National currency,INST_EDU_PUB,Public educational institutions,ISCED11_1,Primary education,Y35T44,From 35 to 44 years,_T,Total,TE,Teacher,76937.93198,,A,Normal value,0,Units,MEAN,Arithmetic mean,V,Current prices,,,EUR,Euro,2025,,2,Two
NLD,Netherlands,SAL_ACT,Actual salaries,XDC,National currency,INST_EDU_PUB,Public educational institutions,ISCED11_02,Pre-primary education,Y55T64,From 55 to 64 years,_T,Total,SH,School head,104719.1459,,A,Normal value,0,Units,MEAN,Arithmetic mean,V,Current prices,,,EUR,Euro,2025,,2,Two
NLD,Netherlands,SAL_ACT,Actual salaries,XDC,National currency,INST_EDU_PUB,Public educational institutions,ISCED11_1,Primary education,Y55T64,From 55 to 64 years,_T,Total,SH,School head,104719.1459,,A,Normal value,0,Units,MEAN,Arithmetic mean,V,Current prices,,,EUR,Euro,2025,,2,Two
NLD,Netherlands,SAL_ACT,Actual salaries,XDC,National currency,INST_EDU_PUB,Public educational institutions,ISCED11_24,Lower secondary general education,Y45T54,From 45 to 54 years,_T,Total,SH,School head,115862.0736,,A,Normal value,0,Units,MEAN,Arithmetic mean,V,Current prices,,,EUR,Euro,2025,,2,Two
NLD,Netherlands,SAL_ACT,Actual salaries,XDC,National currency,INST_EDU_PUB,Public educational institutions,ISCED11_1,Primary education,Y55T64,From 55 to 64 years,_T,Total,TE,Teacher,80131.90761,,A,Normal value,0,Units,MEAN,Arithmetic mean,V,Current prices,,,EUR,Euro,2025,,2,Two
NLD,Netherlands,SAL_ACT,Actual salaries,XDC,National currency,INST_EDU_PUB,Public educational institutions,ISCED11_24,Lower secondary general education,Y25T64,From 25 to 64 years,_T,Total,SH,School head,115167.3056,,A,Normal value,0,Units,MEAN,Arithmetic mean,V,Current prices,,,EUR,Euro,2025,,2,Two
NLD,Netherlands,SAL_ACT,Actual salaries,XDC,National currency,INST_EDU_PUB,Public educational institutions,ISCED11_24,Lower secondary general education,Y25T64,From 25 to 64 years,_T,Total,TE,Teacher,79618.38706,,A,Normal value,0,Units,MEAN,Arithmetic mean,V,Current prices,,,EUR,Euro,2025,,2,Two
NLD,Netherlands,SAL_ACT,Actual salaries,XDC,National currency,INST_EDU_PUB,Public educational institutions,ISCED11_34,Upper secondary general education,Y35T44,From 35 to 44 years,_T,Total,SH,School head,111384.6895,,A,Normal value,0,Units,MEAN,Arithmetic mean,V,Current prices,,,EUR,Euro,2025,,2,Two
NLD,Netherlands,SAL_ACT,Actual salaries,XDC,National currency,INST_EDU_PUB,Public educational institutions,ISCED11_34,Upper secondary general education,Y25T34,From 25 to 34 years,_T,Total,TE,Teacher,64081.46531,,A,Normal value,0,Units,MEAN,Arithmetic mean,V,Current prices,,,EUR,Euro,2025,,2,Two
NLD,Netherlands,SAL_ACT,Actual salaries,XDC,National currency,INST_EDU_PUB,Public educational institutions,ISCED11_1,Primary education,Y45T54,From 45 to 54 years,_T,Total,SH,School head,103543.7011,,A,Normal value,0,Units,MEAN,Arithmetic mean,V,Current prices,,,EUR,Euro,2025,,2,Two
NLD,Netherlands,SAL_ACT,Actual salaries,XDC,National currency,INST_EDU_PUB,Public educational institutions,ISCED11_24,Lower secondary general education,Y55T64,From 55 to 64 years,_T,Total,TE,Teacher,88445.46723,,A,Normal value,0,Units,MEAN,Arithmetic mean,V,Current prices,,,EUR,Euro,2025,,2,Two
NLD,Netherlands,SAL_ACT,Actual salaries,XDC,National currency,INST_EDU_PUB,Public educational institutions,ISCED11_02,Pre-primary education,Y55T64,From 55 to 64 years,_T,Total,TE,Teacher,80131.90761,,A,Normal value,0,Units,MEAN,Arithmetic mean,V,Current prices,,,EUR,Euro,2025,,2,Two
NLD,Netherlands,SAL_ACT,Actual salaries,XDC,National currency,INST_EDU_PUB,Public educational institutions,ISCED11_24,Lower secondary general education,Y25T34,From 25 to 34 years,_T,Total,SH,School head,98694.58013,,A,Normal value,0,Units,MEAN,Arithmetic mean,V,Current prices,,,EUR,Euro,2025,,2,Two
NLD,Netherlands,SAL_ACT,Actual salaries,XDC,National currency,INST_EDU_PUB,Public educational institutions,ISCED11_34,Upper secondary general education,Y35T44,From 35 to 44 years,_T,Total,TE,Teacher,82736.79243,,A,Normal value,0,Units,MEAN,Arithmetic mean,V,Current prices,,,EUR,Euro,2025,,2,Two
NLD,Netherlands,SAL_ACT,Actual salaries,XDC,National currency,INST_EDU_PUB,Public educational institutions,ISCED11_34,Upper secondary general education,Y25T64,From 25 to 64 years,_T,Total,TE,Teacher,79618.38706,,A,Normal value,0,Units,MEAN,Arithmetic mean,V,Current prices,,,EUR,Euro,2025,,2,Two
NLD,Netherlands,SAL_ACT,Actual salaries,XDC,National currency,INST_EDU_PUB,Public educational institutions,ISCED11_24,Lower secondary general education,Y55T64,From 55 to 64 years,_T,Total,SH,School head,118378.2446,,A,Normal value,0,Units,MEAN,Arithmetic mean,V,Current prices,,,EUR,Euro,2025,,2,Two
NLD,Netherlands,SAL_ACT,Actual salaries,XDC,National currency,INST_EDU_PUB,Public educational institutions,ISCED11_34,Upper secondary general education,Y55T64,From 55 to 64 years,_T,Total,TE,Teacher,88445.46723,,A,Normal value,0,Units,MEAN,Arithmetic mean,V,Current prices,,,EUR,Euro,2025,,2,Two
NLD,Netherlands,SAL_ACT,Actual salaries,XDC,National currency,INST_EDU_PUB,Public educational institutions,ISCED11_02,Pre-primary education,Y25T64,From 25 to 64 years,_T,Total,SH,School head,102440.9855,,A,Normal value,0,Units,MEAN,Arithmetic mean,V,Current prices,,,EUR,Euro,2025,,2,Two
NLD,Netherlands,SAL_ACT,Actual salaries,XDC,National currency,INST_EDU_PUB,Public educational institutions,ISCED11_02,Pre-primary education,Y25T64,From 25 to 64 years,_T,Total,TE,Teacher,73378.30887,,A,Normal value,0,Units,MEAN,Arithmetic mean,V,Current prices,,,EUR,Euro,2025,,2,Two
NLD,Netherlands,SAL_ACT,Actual salaries,XDC,National currency,INST_EDU_PUB,Public educational institutions,ISCED11_24,Lower secondary general education,Y35T44,From 35 to 44 years,_T,Total,SH,School head,111384.6895,,A,Normal value,0,Units,MEAN,Arithmetic mean,V,Current prices,,,EUR,Euro,2025,,2,Two
NLD,Netherlands,SAL_ACT,Actual salaries,XDC,National currency,INST_EDU_PUB,Public educational institutions,ISCED11_24,Lower secondary general education,Y45T54,From 45 to 54 years,_T,Total,TE,Teacher,86185.54103,,A,Normal value,0,Units,MEAN,Arithmetic mean,V,Current prices,,,EUR,Euro,2025,,2,Two
PRT,Portugal,SAL_ACT,Actual salaries,XDC,National currency,INST_EDU_PUB,Public educational institutions,ISCED11_02,Pre-primary education,Y25T34,From 25 to 34 years,_T,Total,TE,Teacher,26724,,A,Normal value,0,Units,MEAN,Arithmetic mean,V,Current prices,,,EUR,Euro,2025,,2,Two
PRT,Portugal,SAL_ACT,Actual salaries,XDC,National currency,INST_EDU_PUB,Public educational institutions,ISCED11_02,Pre-primary education,Y55T64,From 55 to 64 years,_T,Total,SH,School head,56136,,A,Normal value,0,Units,MEAN,Arithmetic mean,V,Current prices,,,EUR,Euro,2025,,2,Two
PRT,Portugal,SAL_ACT,Actual salaries,XDC,National currency,INST_EDU_PUB,Public educational institutions,ISCED11_34,Upper secondary general education,Y55T64,From 55 to 64 years,_T,Total,TE,Teacher,44467,,A,Normal value,0,Units,MEAN,Arithmetic mean,V,Current prices,,,EUR,Euro,2025,,2,Two
PRT,Portugal,SAL_ACT,Actual salaries,XDC,National currency,INST_EDU_PUB,Public educational institutions,ISCED11_02,Pre-primary education,Y35T44,From 35 to 44 years,_T,Total,SH,School head,41512,,A,Normal value,0,Units,MEAN,Arithmetic mean,V,Current prices,,,EUR,Euro,2025,,2,Two
PRT,Portugal,SAL_ACT,Actual salaries,XDC,National currency,INST_EDU_PUB,Public educational institutions,ISCED11_24,Lower secondary general education,Y25T34,From 25 to 34 years,_T,Total,TE,Teacher,24296,,A,Normal value,0,Units,MEAN,Arithmetic mean,V,Current prices,,,EUR,Euro,2025,,2,Two
PRT,Portugal,SAL_ACT,Actual salaries,XDC,National currency,INST_EDU_PUB,Public educational institutions,ISCED11_24,Lower secondary general education,Y25T64,From 25 to 64 years,_T,Total,SH,School head,52336,,A,Normal value,0,Units,MEAN,Arithmetic mean,V,Current prices,,,EUR,Euro,2025,,2,Two
PRT,Portugal,SAL_ACT,Actual salaries,XDC,National currency,INST_EDU_PUB,Public educational institutions,ISCED11_34,Upper secondary general education,Y35T44,From 35 to 44 years,_T,Total,SH,School head,41512,,A,Normal value,0,Units,MEAN,Arithmetic mean,V,Current prices,,,EUR,Euro,2025,,2,Two
PRT,Portugal,SAL_ACT,Actual salaries,XDC,National currency,INST_EDU_PUB,Public educational institutions,ISCED11_02,Pre-primary education,Y25T64,From 25 to 64 years,_T,Total,TE,Teacher,38373,,A,Normal value,0,Units,MEAN,Arithmetic mean,V,Current prices,,,EUR,Euro,2025,,2,Two
PRT,Portugal,SAL_ACT,Actual salaries,XDC,National currency,INST_EDU_PUB,Public educational institutions,ISCED11_34,Upper secondary general education,Y25T64,From 25 to 64 years,_T,Total,TE,Teacher,38197,,A,Normal value,0,Units,MEAN,Arithmetic mean,V,Current prices,,,EUR,Euro,2025,,2,Two
PRT,Portugal,SAL_ACT,Actual salaries,XDC,National currency,INST_EDU_PUB,Public educational institutions,ISCED11_02,Pre-primary education,Y25T64,From 25 to 64 years,_T,Total,SH,School head,52336,,A,Normal value,0,Units,MEAN,Arithmetic mean,V,Current prices,,,EUR,Euro,2025,,2,Two
PRT,Portugal,SAL_ACT,Actual salaries,XDC,National currency,INST_EDU_PUB,Public educational institutions,ISCED11_1,Primary education,Y55T64,From 55 to 64 years,_T,Total,TE,Teacher,43058,,A,Normal value,0,Units,MEAN,Arithmetic mean,V,Current prices,,,EUR,Euro,2025,,2,Two
PRT,Portugal,SAL_ACT,Actual salaries,XDC,National currency,INST_EDU_PUB,Public educational institutions,ISCED11_1,Primary education,Y35T44,From 35 to 44 years,_T,Total,TE,Teacher,28637,,A,Normal value,0,Units,MEAN,Arithmetic mean,V,Current prices,,,EUR,Euro,2025,,2,Two
PRT,Portugal,SAL_ACT,Actual salaries,XDC,National currency,INST_EDU_PUB,Public educational institutions,ISCED11_34,Upper secondary general education,Y45T54,From 45 to 54 years,_T,Total,TE,Teacher,33678,,A,Normal value,0,Units,MEAN,Arithmetic mean,V,Current prices,,,EUR,Euro,2025,,2,Two
PRT,Portugal,SAL_ACT,Actual salaries,XDC,National currency,INST_EDU_PUB,Public educational institutions,ISCED11_34,Upper secondary general education,Y25T64,From 25 to 64 years,_T,Total,SH,School head,52336,,A,Normal value,0,Units,MEAN,Arithmetic mean,V,Current prices,,,EUR,Euro,2025,,2,Two
PRT,Portugal,SAL_ACT,Actual salaries,XDC,National currency,INST_EDU_PUB,Public educational institutions,ISCED11_02,Pre-primary education,Y35T44,From 35 to 44 years,_T,Total,TE,Teacher,27700,,A,Normal value,0,Units,MEAN,Arithmetic mean,V,Current prices,,,EUR,Euro,2025,,2,Two
PRT,Portugal,SAL_ACT,Actual salaries,XDC,National currency,INST_EDU_PUB,Public educational institutions,ISCED11_02,Pre-primary education,Y45T54,From 45 to 54 years,_T,Total,SH,School head,45156,,A,Normal value,0,Units,MEAN,Arithmetic mean,V,Current prices,,,EUR,Euro,2025,,2,Two
PRT,Portugal,SAL_ACT,Actual salaries,XDC,National currency,INST_EDU_PUB,Public educational institutions,ISCED11_24,Lower secondary general education,Y45T54,From 45 to 54 years,_T,Total,SH,School head,45156,,A,Normal value,0,Units,MEAN,Arithmetic mean,V,Current prices,,,EUR,Euro,2025,,2,Two
PRT,Portugal,SAL_ACT,Actual salaries,XDC,National currency,INST_EDU_PUB,Public educational institutions,ISCED11_1,Primary education,Y25T64,From 25 to 64 years,_T,Total,TE,Teacher,36011,,A,Normal value,0,Units,MEAN,Arithmetic mean,V,Current prices,,,EUR,Euro,2025,,2,Two
PRT,Portugal,SAL_ACT,Actual salaries,XDC,National currency,INST_EDU_PUB,Public educational institutions,ISCED11_24,Lower secondary general education,Y55T64,From 55 to 64 years,_T,Total,SH,School head,56136,,A,Normal value,0,Units,MEAN,Arithmetic mean,V,Current prices,,,EUR,Euro,2025,,2,Two
PRT,Portugal,SAL_ACT,Actual salaries,XDC,National currency,INST_EDU_PUB,Public educational institutions,ISCED11_1,Primary education,Y45T54,From 45 to 54 years,_T,Total,TE,Teacher,33336,,A,Normal value,0,Units,MEAN,Arithmetic mean,V,Current prices,,,EUR,Euro,2025,,2,Two
PRT,Portugal,SAL_ACT,Actual salaries,XDC,National currency,INST_EDU_PUB,Public educational institutions,ISCED11_1,Primary education,Y25T64,From 25 to 64 years,_T,Total,SH,School head,52336,,A,Normal value,0,Units,MEAN,Arithmetic mean,V,Current prices,,,EUR,Euro,2025,,2,Two
PRT,Portugal,SAL_ACT,Actual salaries,XDC,National currency,INST_EDU_PUB,Public educational institutions,ISCED11_1,Primary education,Y25T34,From 25 to 34 years,_T,Total,TE,Teacher,24986,,A,Normal value,0,Units,MEAN,Arithmetic mean,V,Current prices,,,EUR,Euro,2025,,2,Two
PRT,Portugal,SAL_ACT,Actual salaries,XDC,National currency,INST_EDU_PUB,Public educational institutions,ISCED11_02,Pre-primary education,Y55T64,From 55 to 64 years,_T,Total,TE,Teacher,43984,,A,Normal value,0,Units,MEAN,Arithmetic mean,V,Current prices,,,EUR,Euro,2025,,2,Two
PRT,Portugal,SAL_ACT,Actual salaries,XDC,National currency,INST_EDU_PUB,Public educational institutions,ISCED11_24,Lower secondary general education,Y45T54,From 45 to 54 years,_T,Total,TE,Teacher,33443,,A,Normal value,0,Units,MEAN,Arithmetic mean,V,Current prices,,,EUR,Euro,2025,,2,Two
PRT,Portugal,SAL_ACT,Actual salaries,XDC,National currency,INST_EDU_PUB,Public educational institutions,ISCED11_24,Lower secondary general education,Y55T64,From 55 to 64 years,_T,Total,TE,Teacher,42158,,A,Normal value,0,Units,MEAN,Arithmetic mean,V,Current prices,,,EUR,Euro,2025,,2,Two
PRT,Portugal,SAL_ACT,Actual salaries,XDC,National currency,INST_EDU_PUB,Public educational institutions,ISCED11_34,Upper secondary general education,Y35T44,From 35 to 44 years,_T,Total,TE,Teacher,27634,,A,Normal value,0,Units,MEAN,Arithmetic mean,V,Current prices,,,EUR,Euro,2025,,2,Two
PRT,Portugal,SAL_ACT,Actual salaries,XDC,National currency,INST_EDU_PUB,Public educational institutions,ISCED11_24,Lower secondary general education,Y25T64,From 25 to 64 years,_T,Total,TE,Teacher,35752,,A,Normal value,0,Units,MEAN,Arithmetic mean,V,Current prices,,,EUR,Euro,2025,,2,Two
PRT,Portugal,SAL_ACT,Actual salaries,XDC,National currency,INST_EDU_PUB,Public educational institutions,ISCED11_02,Pre-primary education,Y45T54,From 45 to 54 years,_T,Total,TE,Teacher,32013,,A,Normal value,0,Units,MEAN,Arithmetic mean,V,Current prices,,,EUR,Euro,2025,,2,Two
PRT,Portugal,SAL_ACT,Actual salaries,XDC,National currency,INST_EDU_PUB,Public educational institutions,ISCED11_34,Upper secondary general education,Y25T34,From 25 to 34 years,_T,Total,TE,Teacher,24334,,A,Normal value,0,Units,MEAN,Arithmetic mean,V,Current prices,,,EUR,Euro,2025,,2,Two
PRT,Portugal,SAL_ACT,Actual salaries,XDC,National currency,INST_EDU_PUB,Public educational institutions,ISCED11_24,Lower secondary general education,Y35T44,From 35 to 44 years,_T,Total,SH,School head,41512,,A,Normal value,0,Units,MEAN,Arithmetic mean,V,Current prices,,,EUR,Euro,2025,,2,Two
PRT,Portugal,SAL_ACT,Actual salaries,XDC,National currency,INST_EDU_PUB,Public educational institutions,ISCED11_1,Primary education,Y45T54,From 45 to 54 years,_T,Total,SH,School head,45156,,A,Normal value,0,Units,MEAN,Arithmetic mean,V,Current prices,,,EUR,Euro,2025,,2,Two
PRT,Portugal,SAL_ACT,Actual salaries,XDC,National currency,INST_EDU_PUB,Public educational institutions,ISCED11_34,Upper secondary general education,Y55T64,From 55 to 64 years,_T,Total,SH,School head,56136,,A,Normal value,0,Units,MEAN,Arithmetic mean,V,Current prices,,,EUR,Euro,2025,,2,Two
PRT,Portugal,SAL_ACT,Actual salaries,XDC,National currency,INST_EDU_PUB,Public educational institutions,ISCED11_1,Primary education,Y35T44,From 35 to 44 years,_T,Total,SH,School head,41512,,A,Normal value,0,Units,MEAN,Arithmetic mean,V,Current prices,,,EUR,Euro,2025,,2,Two
PRT,Portugal,SAL_ACT,Actual salaries,XDC,National currency,INST_EDU_PUB,Public educational institutions,ISCED11_1,Primary education,Y55T64,From 55 to 64 years,_T,Total,SH,School head,56136,,A,Normal value,0,Units,MEAN,Arithmetic mean,V,Current prices,,,EUR,Euro,2025,,2,Two
PRT,Portugal,SAL_ACT,Actual salaries,XDC,National currency,INST_EDU_PUB,Public educational institutions,ISCED11_34,Upper secondary general education,Y45T54,From 45 to 54 years,_T,Total,SH,School head,45156,,A,Normal value,0,Units,MEAN,Arithmetic mean,V,Current prices,,,EUR,Euro,2025,,2,Two
PRT,Portugal,SAL_ACT,Actual salaries,XDC,National currency,INST_EDU_PUB,Public educational institutions,ISCED11_24,Lower secondary general education,Y35T44,From 35 to 44 years,_T,Total,TE,Teacher,27984,,A,Normal value,0,Units,MEAN,Arithmetic mean,V,Current prices,,,EUR,Euro,2025,,2,Two
FIN,Finland,SAL_ACT,Actual salaries,XDC,National currency,INST_EDU_PUB,Public educational institutions,ISCED11_34,Upper secondary general education,Y25T64,From 25 to 64 years,M,Male,TE,Teacher,65513,,A,Normal value,0,Units,MEAN,Arithmetic mean,V,Current prices,,,EUR,Euro,2025,,2,Two
FIN,Finland,SAL_ACT,Actual salaries,XDC,National currency,INST_EDU_PUB,Public educational institutions,ISCED11_24,Lower secondary general education,Y25T64,From 25 to 64 years,M,Male,TE,Teacher,58063,,A,Normal value,0,Units,MEAN,Arithmetic mean,V,Current prices,,,EUR,Euro,2025,,2,Two
FIN,Finland,SAL_ACT,Actual salaries,XDC,National currency,INST_EDU_PUB,Public educational institutions,ISCED11_02,Pre-primary education,Y25T64,From 25 to 64 years,M,Male,TE,Teacher,40904,,A,Normal value,0,Units,MEAN,Arithmetic mean,V,Current prices,,,EUR,Euro,2025,,2,Two
FIN,Finland,SAL_ACT,Actual salaries,XDC,National currency,INST_EDU_PUB,Public educational institutions,ISCED11_24,Lower secondary general education,Y25T64,From 25 to 64 years,M,Male,SH,School head,85323,,A,Normal value,0,Units,MEAN,Arithmetic mean,V,Current prices,,,EUR,Euro,2025,,2,Two
FIN,Finland,SAL_ACT,Actual salaries,XDC,National currency,INST_EDU_PUB,Public educational institutions,ISCED11_02,Pre-primary education,Y25T64,From 25 to 64 years,M,Male,SH,School head,57692,,A,Normal value,0,Units,MEAN,Arithmetic mean,V,Current prices,,,EUR,Euro,2025,,2,Two
FIN,Finland,SAL_ACT,Actual salaries,XDC,National currency,INST_EDU_PUB,Public educational institutions,ISCED11_34,Upper secondary general education,Y25T64,From 25 to 64 years,M,Male,SH,School head,88604,,A,Normal value,0,Units,MEAN,Arithmetic mean,V,Current prices,,,EUR,Euro,2025,,2,Two
FIN,Finland,SAL_ACT,Actual salaries,XDC,National currency,INST_EDU_PUB,Public educational institutions,ISCED11_1,Primary education,Y25T64,From 25 to 64 years,M,Male,TE,Teacher,54041,,A,Normal value,0,Units,MEAN,Arithmetic mean,V,Current prices,,,EUR,Euro,2025,,2,Two
FIN,Finland,SAL_ACT,Actual salaries,XDC,National currency,INST_EDU_PUB,Public educational institutions,ISCED11_1,Primary education,Y25T64,From 25 to 64 years,M,Male,SH,School head,72495,,A,Normal value,0,Units,MEAN,Arithmetic mean,V,Current prices,,,EUR,Euro,2025,,2,Two
ITA,Italy,SAL_ACT,Actual salaries,XDC,National currency,INST_EDU_PUB,Public educational institutions,ISCED11_34,Upper secondary general education,Y25T64,From 25 to 64 years,M,Male,TE,Teacher,35505.64392,,A,Normal value,0,Units,MEAN,Arithmetic mean,V,Current prices,,,EUR,Euro,2025,,2,Two
ITA,Italy,SAL_ACT,Actual salaries,XDC,National currency,INST_EDU_PUB,Public educational institutions,ISCED11_1,Primary education,Y25T64,From 25 to 64 years,M,Male,SH,School head,98419.63273,,A,Normal value,0,Units,MEAN,Arithmetic mean,V,Current prices,,,EUR,Euro,2025,,2,Two
ITA,Italy,SAL_ACT,Actual salaries,XDC,National currency,INST_EDU_PUB,Public educational institutions,ISCED11_24,Lower secondary general education,Y25T64,From 25 to 64 years,M,Male,TE,Teacher,33320.68821,,A,Normal value,0,Units,MEAN,Arithmetic mean,V,Current prices,,,EUR,Euro,2025,,2,Two
ITA,Italy,SAL_ACT,Actual salaries,XDC,National currency,INST_EDU_PUB,Public educational institutions,ISCED11_34,Upper secondary general education,Y25T64,From 25 to 64 years,M,Male,SH,School head,98419.63273,,A,Normal value,0,Units,MEAN,Arithmetic mean,V,Current prices,,,EUR,Euro,2025,,2,Two
ITA,Italy,SAL_ACT,Actual salaries,XDC,National currency,INST_EDU_PUB,Public educational institutions,ISCED11_24,Lower secondary general education,Y25T64,From 25 to 64 years,M,Male,SH,School head,98419.63273,,A,Normal value,0,Units,MEAN,Arithmetic mean,V,Current prices,,,EUR,Euro,2025,,2,Two
ITA,Italy,SAL_ACT,Actual salaries,XDC,National currency,INST_EDU_PUB,Public educational institutions,ISCED11_02,Pre-primary education,Y25T64,From 25 to 64 years,M,Male,TE,Teacher,30741.29185,,A,Normal value,0,Units,MEAN,Arithmetic mean,V,Current prices,,,EUR,Euro,2025,,2,Two
ITA,Italy,SAL_ACT,Actual salaries,XDC,National currency,INST_EDU_PUB,Public educational institutions,ISCED11_1,Primary education,Y25T64,From 25 to 64 years,M,Male,TE,Teacher,30741.29185,,A,Normal value,0,Units,MEAN,Arithmetic mean,V,Current prices,,,EUR,Euro,2025,,2,Two
NLD,Netherlands,SAL_ACT,Actual salaries,XDC,National currency,INST_EDU_PUB,Public educational institutions,ISCED11_02,Pre-primary education,Y25T64,From 25 to 64 years,M,Male,SH,School head,102688.9266,,A,Normal value,0,Units,MEAN,Arithmetic mean,V,Current prices,,,EUR,Euro,2025,,2,Two
NLD,Netherlands,SAL_ACT,Actual salaries,XDC,National currency,INST_EDU_PUB,Public educational institutions,ISCED11_1,Primary education,Y25T64,From 25 to 64 years,M,Male,SH,School head,102688.9266,,A,Normal value,0,Units,MEAN,Arithmetic mean,V,Current prices,,,EUR,Euro,2025,,2,Two
NLD,Netherlands,SAL_ACT,Actual salaries,XDC,National currency,INST_EDU_PUB,Public educational institutions,ISCED11_24,Lower secondary general education,Y25T64,From 25 to 64 years,M,Male,SH,School head,115832.378,,A,Normal value,0,Units,MEAN,Arithmetic mean,V,Current prices,,,EUR,Euro,2025,,2,Two
NLD,Netherlands,SAL_ACT,Actual salaries,XDC,National currency,INST_EDU_PUB,Public educational institutions,ISCED11_34,Upper secondary general education,Y25T64,From 25 to 64 years,M,Male,SH,School head,115832.378,,A,Normal value,0,Units,MEAN,Arithmetic mean,V,Current prices,,,EUR,Euro,2025,,2,Two
NLD,Netherlands,SAL_ACT,Actual salaries,XDC,National currency,INST_EDU_PUB,Public educational institutions,ISCED11_24,Lower secondary general education,Y25T64,From 25 to 64 years,M,Male,TE,Teacher,80462.51974,,A,Normal value,0,Units,MEAN,Arithmetic mean,V,Current prices,,,EUR,Euro,2025,,2,Two
NLD,Netherlands,SAL_ACT,Actual salaries,XDC,National currency,INST_EDU_PUB,Public educational institutions,ISCED11_1,Primary education,Y25T64,From 25 to 64 years,M,Male,TE,Teacher,71259.5813,,A,Normal value,0,Units,MEAN,Arithmetic mean,V,Current prices,,,EUR,Euro,2025,,2,Two
NLD,Netherlands,SAL_ACT,Actual salaries,XDC,National currency,INST_EDU_PUB,Public educational institutions,ISCED11_02,Pre-primary education,Y25T64,From 25 to 64 years,M,Male,TE,Teacher,71259.5813,,A,Normal value,0,Units,MEAN,Arithmetic mean,V,Current prices,,,EUR,Euro,2025,,2,Two
NLD,Netherlands,SAL_ACT,Actual salaries,XDC,National currency,INST_EDU_PUB,Public educational institutions,ISCED11_34,Upper secondary general education,Y25T64,From 25 to 64 years,M,Male,TE,Teacher,80462.51974,,A,Normal value,0,Units,MEAN,Arithmetic mean,V,Current prices,,,EUR,Euro,2025,,2,Two
PRT,Portugal,SAL_ACT,Actual salaries,XDC,National currency,INST_EDU_PUB,Public educational institutions,ISCED11_1,Primary education,Y25T64,From 25 to 64 years,M,Male,SH,School head,51672,,A,Normal value,0,Units,MEAN,Arithmetic mean,V,Current prices,,,EUR,Euro,2025,,2,Two
PRT,Portugal,SAL_ACT,Actual salaries,XDC,National currency,INST_EDU_PUB,Public educational institutions,ISCED11_02,Pre-primary education,Y25T64,From 25 to 64 years,M,Male,SH,School head,51672,,A,Normal value,0,Units,MEAN,Arithmetic mean,V,Current prices,,,EUR,Euro,2025,,2,Two
PRT,Portugal,SAL_ACT,Actual salaries,XDC,National currency,INST_EDU_PUB,Public educational institutions,ISCED11_34,Upper secondary general education,Y25T64,From 25 to 64 years,M,Male,SH,School head,51672,,A,Normal value,0,Units,MEAN,Arithmetic mean,V,Current prices,,,EUR,Euro,2025,,2,Two
PRT,Portugal,SAL_ACT,Actual salaries,XDC,National currency,INST_EDU_PUB,Public educational institutions,ISCED11_1,Primary education,Y25T64,From 25 to 64 years,M,Male,TE,Teacher,36484,,A,Normal value,0,Units,MEAN,Arithmetic mean,V,Current prices,,,EUR,Euro,2025,,2,Two
PRT,Portugal,SAL_ACT,Actual salaries,XDC,National currency,INST_EDU_PUB,Public educational institutions,ISCED11_24,Lower secondary general education,Y25T64,From 25 to 64 years,M,Male,SH,School head,51672,,A,Normal value,0,Units,MEAN,Arithmetic mean,V,Current prices,,,EUR,Euro,2025,,2,Two
PRT,Portugal,SAL_ACT,Actual salaries,XDC,National currency,INST_EDU_PUB,Public educational institutions,ISCED11_34,Upper secondary general education,Y25T64,From 25 to 64 years,M,Male,TE,Teacher,37000,,A,Normal value,0,Units,MEAN,Arithmetic mean,V,Current prices,,,EUR,Euro,2025,,2,Two
PRT,Portugal,SAL_ACT,Actual salaries,XDC,National currency,INST_EDU_PUB,Public educational institutions,ISCED11_24,Lower secondary general education,Y25T64,From 25 to 64 years,M,Male,TE,Teacher,34564,,A,Normal value,0,Units,MEAN,Arithmetic mean,V,Current prices,,,EUR,Euro,2025,,2,Two
PRT,Portugal,SAL_ACT,Actual salaries,XDC,National currency,INST_EDU_PUB,Public educational institutions,ISCED11_02,Pre-primary education,Y25T64,From 25 to 64 years,M,Male,TE,Teacher,35515,,A,Normal value,0,Units,MEAN,Arithmetic mean,V,Current prices,,,EUR,Euro,2025,,2,Two
FIN,Finland,SAL_ACT,Actual salaries,XDC,National currency,INST_EDU_PUB,Public educational institutions,ISCED11_02,Pre-primary education,Y25T64,From 25 to 64 years,F,Female,SH,School head,55408,,A,Normal value,0,Units,MEAN,Arithmetic mean,V,Current prices,,,EUR,Euro,2025,,2,Two
FIN,Finland,SAL_ACT,Actual salaries,XDC,National currency,INST_EDU_PUB,Public educational institutions,ISCED11_34,Upper secondary general education,Y25T64,From 25 to 64 years,F,Female,TE,Teacher,64558,,A,Normal value,0,Units,MEAN,Arithmetic mean,V,Current prices,,,EUR,Euro,2025,,2,Two
FIN,Finland,SAL_ACT,Actual salaries,XDC,National currency,INST_EDU_PUB,Public educational institutions,ISCED11_1,Primary education,Y25T64,From 25 to 64 years,F,Female,SH,School head,72713,,A,Normal value,0,Units,MEAN,Arithmetic mean,V,Current prices,,,EUR,Euro,2025,,2,Two
FIN,Finland,SAL_ACT,Actual salaries,XDC,National currency,INST_EDU_PUB,Public educational institutions,ISCED11_34,Upper secondary general education,Y25T64,From 25 to 64 years,F,Female,SH,School head,87170,,A,Normal value,0,Units,MEAN,Arithmetic mean,V,Current prices,,,EUR,Euro,2025,,2,Two
FIN,Finland,SAL_ACT,Actual salaries,XDC,National currency,INST_EDU_PUB,Public educational institutions,ISCED11_1,Primary education,Y25T64,From 25 to 64 years,F,Female,TE,Teacher,51766,,A,Normal value,0,Units,MEAN,Arithmetic mean,V,Current prices,,,EUR,Euro,2025,,2,Two
FIN,Finland,SAL_ACT,Actual salaries,XDC,National currency,INST_EDU_PUB,Public educational institutions,ISCED11_24,Lower secondary general education,Y25T64,From 25 to 64 years,F,Female,SH,School head,85199,,A,Normal value,0,Units,MEAN,Arithmetic mean,V,Current prices,,,EUR,Euro,2025,,2,Two
FIN,Finland,SAL_ACT,Actual salaries,XDC,National currency,INST_EDU_PUB,Public educational institutions,ISCED11_24,Lower secondary general education,Y25T64,From 25 to 64 years,F,Female,TE,Teacher,57040,,A,Normal value,0,Units,MEAN,Arithmetic mean,V,Current prices,,,EUR,Euro,2025,,2,Two
FIN,Finland,SAL_ACT,Actual salaries,XDC,National currency,INST_EDU_PUB,Public educational institutions,ISCED11_02,Pre-primary education,Y25T64,From 25 to 64 years,F,Female,TE,Teacher,41631,,A,Normal value,0,Units,MEAN,Arithmetic mean,V,Current prices,,,EUR,Euro,2025,,2,Two
ITA,Italy,SAL_ACT,Actual salaries,XDC,National currency,INST_EDU_PUB,Public educational institutions,ISCED11_1,Primary education,Y25T64,From 25 to 64 years,F,Female,TE,Teacher,32162.93109,,A,Normal value,0,Units,MEAN,Arithmetic mean,V,Current prices,,,EUR,Euro,2025,,2,Two
ITA,Italy,SAL_ACT,Actual salaries,XDC,National currency,INST_EDU_PUB,Public educational institutions,ISCED11_02,Pre-primary education,Y25T64,From 25 to 64 years,F,Female,TE,Teacher,32162.93109,,A,Normal value,0,Units,MEAN,Arithmetic mean,V,Current prices,,,EUR,Euro,2025,,2,Two
ITA,Italy,SAL_ACT,Actual salaries,XDC,National currency,INST_EDU_PUB,Public educational institutions,ISCED11_24,Lower secondary general education,Y25T64,From 25 to 64 years,F,Female,SH,School head,97516.29868,,A,Normal value,0,Units,MEAN,Arithmetic mean,V,Current prices,,,EUR,Euro,2025,,2,Two
ITA,Italy,SAL_ACT,Actual salaries,XDC,National currency,INST_EDU_PUB,Public educational institutions,ISCED11_1,Primary education,Y25T64,From 25 to 64 years,F,Female,SH,School head,97516.29868,,A,Normal value,0,Units,MEAN,Arithmetic mean,V,Current prices,,,EUR,Euro,2025,,2,Two
ITA,Italy,SAL_ACT,Actual salaries,XDC,National currency,INST_EDU_PUB,Public educational institutions,ISCED11_34,Upper secondary general education,Y25T64,From 25 to 64 years,F,Female,SH,School head,97516.29868,,A,Normal value,0,Units,MEAN,Arithmetic mean,V,Current prices,,,EUR,Euro,2025,,2,Two
ITA,Italy,SAL_ACT,Actual salaries,XDC,National currency,INST_EDU_PUB,Public educational institutions,ISCED11_34,Upper secondary general education,Y25T64,From 25 to 64 years,F,Female,TE,Teacher,36073.22836,,A,Normal value,0,Units,MEAN,Arithmetic mean,V,Current prices,,,EUR,Euro,2025,,2,Two
ITA,Italy,SAL_ACT,Actual salaries,XDC,National currency,INST_EDU_PUB,Public educational institutions,ISCED11_24,Lower secondary general education,Y25T64,From 25 to 64 years,F,Female,TE,Teacher,33885.79615,,A,Normal value,0,Units,MEAN,Arithmetic mean,V,Current prices,,,EUR,Euro,2025,,2,Two
NLD,Netherlands,SAL_ACT,Actual salaries,XDC,National currency,INST_EDU_PUB,Public educational institutions,ISCED11_1,Primary education,Y25T64,From 25 to 64 years,F,Female,TE,Teacher,73739.5566,,A,Normal value,0,Units,MEAN,Arithmetic mean,V,Current prices,,,EUR,Euro,2025,,2,Two
NLD,Netherlands,SAL_ACT,Actual salaries,XDC,National currency,INST_EDU_PUB,Public educational institutions,ISCED11_24,Lower secondary general education,Y25T64,From 25 to 64 years,F,Female,SH,School head,114400.8419,,A,Normal value,0,Units,MEAN,Arithmetic mean,V,Current prices,,,EUR,Euro,2025,,2,Two
NLD,Netherlands,SAL_ACT,Actual salaries,XDC,National currency,INST_EDU_PUB,Public educational institutions,ISCED11_02,Pre-primary education,Y25T64,From 25 to 64 years,F,Female,TE,Teacher,73739.5566,,A,Normal value,0,Units,MEAN,Arithmetic mean,V,Current prices,,,EUR,Euro,2025,,2,Two
NLD,Netherlands,SAL_ACT,Actual salaries,XDC,National currency,INST_EDU_PUB,Public educational institutions,ISCED11_34,Upper secondary general education,Y25T64,From 25 to 64 years,F,Female,SH,School head,114400.8419,,A,Normal value,0,Units,MEAN,Arithmetic mean,V,Current prices,,,EUR,Euro,2025,,2,Two
NLD,Netherlands,SAL_ACT,Actual salaries,XDC,National currency,INST_EDU_PUB,Public educational institutions,ISCED11_02,Pre-primary education,Y25T64,From 25 to 64 years,F,Female,SH,School head,102323.4061,,A,Normal value,0,Units,MEAN,Arithmetic mean,V,Current prices,,,EUR,Euro,2025,,2,Two
NLD,Netherlands,SAL_ACT,Actual salaries,XDC,National currency,INST_EDU_PUB,Public educational institutions,ISCED11_24,Lower secondary general education,Y25T64,From 25 to 64 years,F,Female,TE,Teacher,78878.88698,,A,Normal value,0,Units,MEAN,Arithmetic mean,V,Current prices,,,EUR,Euro,2025,,2,Two
NLD,Netherlands,SAL_ACT,Actual salaries,XDC,National currency,INST_EDU_PUB,Public educational institutions,ISCED11_1,Primary education,Y25T64,From 25 to 64 years,F,Female,SH,School head,102323.4061,,A,Normal value,0,Units,MEAN,Arithmetic mean,V,Current prices,,,EUR,Euro,2025,,2,Two
NLD,Netherlands,SAL_ACT,Actual salaries,XDC,National currency,INST_EDU_PUB,Public educational institutions,ISCED11_34,Upper secondary general education,Y25T64,From 25 to 64 years,F,Female,TE,Teacher,78878.88698,,A,Normal value,0,Units,MEAN,Arithmetic mean,V,Current prices,,,EUR,Euro,2025,,2,Two
PRT,Portugal,SAL_ACT,Actual salaries,XDC,National currency,INST_EDU_PUB,Public educational institutions,ISCED11_24,Lower secondary general education,Y25T64,From 25 to 64 years,F,Female,SH,School head,53075,,A,Normal value,0,Units,MEAN,Arithmetic mean,V,Current prices,,,EUR,Euro,2025,,2,Two
PRT,Portugal,SAL_ACT,Actual salaries,XDC,National currency,INST_EDU_PUB,Public educational institutions,ISCED11_02,Pre-primary education,Y25T64,From 25 to 64 years,F,Female,SH,School head,53075,,A,Normal value,0,Units,MEAN,Arithmetic mean,V,Current prices,,,EUR,Euro,2025,,2,Two
PRT,Portugal,SAL_ACT,Actual salaries,XDC,National currency,INST_EDU_PUB,Public educational institutions,ISCED11_1,Primary education,Y25T64,From 25 to 64 years,F,Female,SH,School head,53075,,A,Normal value,0,Units,MEAN,Arithmetic mean,V,Current prices,,,EUR,Euro,2025,,2,Two
PRT,Portugal,SAL_ACT,Actual salaries,XDC,National currency,INST_EDU_PUB,Public educational institutions,ISCED11_02,Pre-primary education,Y25T64,From 25 to 64 years,F,Female,TE,Teacher,38401,,A,Normal value,0,Units,MEAN,Arithmetic mean,V,Current prices,,,EUR,Euro,2025,,2,Two
PRT,Portugal,SAL_ACT,Actual salaries,XDC,National currency,INST_EDU_PUB,Public educational institutions,ISCED11_34,Upper secondary general education,Y25T64,From 25 to 64 years,F,Female,TE,Teacher,38768,,A,Normal value,0,Units,MEAN,Arithmetic mean,V,Current prices,,,EUR,Euro,2025,,2,Two
PRT,Portugal,SAL_ACT,Actual salaries,XDC,National currency,INST_EDU_PUB,Public educational institutions,ISCED11_24,Lower secondary general education,Y25T64,From 25 to 64 years,F,Female,TE,Teacher,36126,,A,Normal value,0,Units,MEAN,Arithmetic mean,V,Current prices,,,EUR,Euro,2025,,2,Two
PRT,Portugal,SAL_ACT,Actual salaries,XDC,National currency,INST_EDU_PUB,Public educational institutions,ISCED11_34,Upper secondary general education,Y25T64,From 25 to 64 years,F,Female,SH,School head,53075,,A,Normal value,0,Units,MEAN,Arithmetic mean,V,Current prices,,,EUR,Euro,2025,,2,Two
PRT,Portugal,SAL_ACT,Actual salaries,XDC,National currency,INST_EDU_PUB,Public educational institutions,ISCED11_1,Primary education,Y25T64,From 25 to 64 years,F,Female,TE,Teacher,35914,,A,Normal value,0,Units,MEAN,Arithmetic mean,V,Current prices,,,EUR,Euro,2025,,2,Two
USA,United States,SAL_ACT,Actual salaries,XDC,National currency,INST_EDU_PUB,Public educational institutions,ISCED11_24,Lower secondary general education,Y55T64,From 55 to 64 years,_T,Total,SH,School head,125456.0362,,A,Normal value,0,Units,MEAN,Arithmetic mean,V,Current prices,,,USD,US dollar,2025,,2,Two
USA,United States,SAL_ACT,Actual salaries,XDC,National currency,INST_EDU_PUB,Public educational institutions,ISCED11_1,Primary education,Y55T64,From 55 to 64 years,_T,Total,SH,School head,125180.7465,,A,Normal value,0,Units,MEAN,Arithmetic mean,V,Current prices,,,USD,US dollar,2025,,2,Two
USA,United States,SAL_ACT,Actual salaries,XDC,National currency,INST_EDU_PUB,Public educational institutions,ISCED11_02,Pre-primary education,Y55T64,From 55 to 64 years,_T,Total,SH,School head,125198.8576,,A,Normal value,0,Units,MEAN,Arithmetic mean,V,Current prices,,,USD,US dollar,2025,,2,Two
USA,United States,SAL_ACT,Actual salaries,XDC,National currency,INST_EDU_PUB,Public educational institutions,ISCED11_34,Upper secondary general education,Y25T64,From 25 to 64 years,_T,Total,SH,School head,127939.6805,,A,Normal value,0,Units,MEAN,Arithmetic mean,V,Current prices,,,USD,US dollar,2025,,2,Two
USA,United States,SAL_ACT,Actual salaries,XDC,National currency,INST_EDU_PUB,Public educational institutions,ISCED11_34,Upper secondary general education,Y25T34,From 25 to 34 years,_T,Total,TE,Teacher,63992.78107,,A,Normal value,0,Units,MEAN,Arithmetic mean,V,Current prices,,,USD,US dollar,2025,,2,Two
USA,United States,SAL_ACT,Actual salaries,XDC,National currency,INST_EDU_PUB,Public educational institutions,ISCED11_34,Upper secondary general education,Y25T64,From 25 to 64 years,F,Female,SH,School head,127424.116,,A,Normal value,0,Units,MEAN,Arithmetic mean,V,Current prices,,,USD,US dollar,2025,,2,Two
USA,United States,SAL_ACT,Actual salaries,XDC,National currency,INST_EDU_PUB,Public educational institutions,ISCED11_34,Upper secondary general education,Y35T44,From 35 to 44 years,_T,Total,TE,Teacher,74836.53893,,A,Normal value,0,Units,MEAN,Arithmetic mean,V,Current prices,,,USD,US dollar,2025,,2,Two
USA,United States,SAL_ACT,Actual salaries,XDC,National currency,INST_EDU_PUB,Public educational institutions,ISCED11_1,Primary education,Y25T64,From 25 to 64 years,M,Male,TE,Teacher,72439.82817,,A,Normal value,0,Units,MEAN,Arithmetic mean,V,Current prices,,,USD,US dollar,2025,,2,Two
USA,United States,SAL_ACT,Actual salaries,XDC,National currency,INST_EDU_PUB,Public educational institutions,ISCED11_34,Upper secondary general education,Y25T34,From 25 to 34 years,_T,Total,SH,School head,104029.3212,,A,Normal value,0,Units,MEAN,Arithmetic mean,V,Current prices,,,USD,US dollar,2025,,2,Two
USA,United States,SAL_ACT,Actual salaries,XDC,National currency,INST_EDU_PUB,Public educational institutions,ISCED11_02,Pre-primary education,Y35T44,From 35 to 44 years,_T,Total,TE,Teacher,67605.35467,,A,Normal value,0,Units,MEAN,Arithmetic mean,V,Current prices,,,USD,US dollar,2025,,2,Two
USA,United States,SAL_ACT,Actual salaries,XDC,National currency,INST_EDU_PUB,Public educational institutions,ISCED11_34,Upper secondary general education,Y45T54,From 45 to 54 years,_T,Total,TE,Teacher,81001.57931,,A,Normal value,0,Units,MEAN,Arithmetic mean,V,Current prices,,,USD,US dollar,2025,,2,Two
USA,United States,SAL_ACT,Actual salaries,XDC,National currency,INST_EDU_PUB,Public educational institutions,ISCED11_34,Upper secondary general education,Y25T64,From 25 to 64 years,F,Female,TE,Teacher,73594.11305,,A,Normal value,0,Units,MEAN,Arithmetic mean,V,Current prices,,,USD,US dollar,2025,,2,Two
USA,United States,SAL_ACT,Actual salaries,XDC,National currency,INST_EDU_PUB,Public educational institutions,ISCED11_1,Primary education,Y45T54,From 45 to 54 years,_T,Total,SH,School head,121757.7364,,A,Normal value,0,Units,MEAN,Arithmetic mean,V,Current prices,,,USD,US dollar,2025,,2,Two
USA,United States,SAL_ACT,Actual salaries,XDC,National currency,INST_EDU_PUB,Public educational institutions,ISCED11_24,Lower secondary general education,Y25T34,From 25 to 34 years,_T,Total,TE,Teacher,62780.54046,,A,Normal value,0,Units,MEAN,Arithmetic mean,V,Current prices,,,USD,US dollar,2025,,2,Two
USA,United States,SAL_ACT,Actual salaries,XDC,National currency,INST_EDU_PUB,Public educational institutions,ISCED11_34,Upper secondary general education,Y55T64,From 55 to 64 years,_T,Total,SH,School head,129563.6483,,A,Normal value,0,Units,MEAN,Arithmetic mean,V,Current prices,,,USD,US dollar,2025,,2,Two
USA,United States,SAL_ACT,Actual salaries,XDC,National currency,INST_EDU_PUB,Public educational institutions,ISCED11_24,Lower secondary general education,Y45T54,From 45 to 54 years,_T,Total,SH,School head,127773.0578,,A,Normal value,0,Units,MEAN,Arithmetic mean,V,Current prices,,,USD,US dollar,2025,,2,Two
USA,United States,SAL_ACT,Actual salaries,XDC,National currency,INST_EDU_PUB,Public educational institutions,ISCED11_24,Lower secondary general education,Y55T64,From 55 to 64 years,_T,Total,TE,Teacher,79684.29395,,A,Normal value,0,Units,MEAN,Arithmetic mean,V,Current prices,,,USD,US dollar,2025,,2,Two
USA,United States,SAL_ACT,Actual salaries,XDC,National currency,INST_EDU_PUB,Public educational institutions,ISCED11_02,Pre-primary education,Y25T64,From 25 to 64 years,M,Male,TE,Teacher,68682.36525,,A,Normal value,0,Units,MEAN,Arithmetic mean,V,Current prices,,,USD,US dollar,2025,,2,Two
USA,United States,SAL_ACT,Actual salaries,XDC,National currency,INST_EDU_PUB,Public educational institutions,ISCED11_02,Pre-primary education,Y55T64,From 55 to 64 years,_T,Total,TE,Teacher,77842.99223,,A,Normal value,0,Units,MEAN,Arithmetic mean,V,Current prices,,,USD,US dollar,2025,,2,Two
USA,United States,SAL_ACT,Actual salaries,XDC,National currency,INST_EDU_PUB,Public educational institutions,ISCED11_24,Lower secondary general education,Y25T34,From 25 to 34 years,_T,Total,SH,School head,101956.1966,,A,Normal value,0,Units,MEAN,Arithmetic mean,V,Current prices,,,USD,US dollar,2025,,2,Two
USA,United States,SAL_ACT,Actual salaries,XDC,National currency,INST_EDU_PUB,Public educational institutions,ISCED11_02,Pre-primary education,Y25T64,From 25 to 64 years,M,Male,SH,School head,120686.7629,,A,Normal value,0,Units,MEAN,Arithmetic mean,V,Current prices,,,USD,US dollar,2025,,2,Two
USA,United States,SAL_ACT,Actual salaries,XDC,National currency,INST_EDU_PUB,Public educational institutions,ISCED11_02,Pre-primary education,Y45T54,From 45 to 54 years,_T,Total,TE,Teacher,75478.88156,,A,Normal value,0,Units,MEAN,Arithmetic mean,V,Current prices,,,USD,US dollar,2025,,2,Two
USA,United States,SAL_ACT,Actual salaries,XDC,National currency,INST_EDU_PUB,Public educational institutions,ISCED11_02,Pre-primary education,Y25T64,From 25 to 64 years,F,Female,TE,Teacher,67950.67421,,A,Normal value,0,Units,MEAN,Arithmetic mean,V,Current prices,,,USD,US dollar,2025,,2,Two
USA,United States,SAL_ACT,Actual salaries,XDC,National currency,INST_EDU_PUB,Public educational institutions,ISCED11_24,Lower secondary general education,Y45T54,From 45 to 54 years,_T,Total,TE,Teacher,78841.5211,,A,Normal value,0,Units,MEAN,Arithmetic mean,V,Current prices,,,USD,US dollar,2025,,2,Two
USA,United States,SAL_ACT,Actual salaries,XDC,National currency,INST_EDU_PUB,Public educational institutions,ISCED11_02,Pre-primary education,Y35T44,From 35 to 44 years,_T,Total,SH,School head,114565.1893,,A,Normal value,0,Units,MEAN,Arithmetic mean,V,Current prices,,,USD,US dollar,2025,,2,Two
USA,United States,SAL_ACT,Actual salaries,XDC,National currency,INST_EDU_PUB,Public educational institutions,ISCED11_02,Pre-primary education,Y25T34,From 25 to 34 years,_T,Total,TE,Teacher,60277.57753,,A,Normal value,0,Units,MEAN,Arithmetic mean,V,Current prices,,,USD,US dollar,2025,,2,Two
USA,United States,SAL_ACT,Actual salaries,XDC,National currency,INST_EDU_PUB,Public educational institutions,ISCED11_24,Lower secondary general education,Y25T64,From 25 to 64 years,_T,Total,TE,Teacher,72438.62076,,A,Normal value,0,Units,MEAN,Arithmetic mean,V,Current prices,,,USD,US dollar,2025,,2,Two
USA,United States,SAL_ACT,Actual salaries,XDC,National currency,INST_EDU_PUB,Public educational institutions,ISCED11_24,Lower secondary general education,Y25T64,From 25 to 64 years,F,Female,SH,School head,120738.6815,,A,Normal value,0,Units,MEAN,Arithmetic mean,V,Current prices,,,USD,US dollar,2025,,2,Two
USA,United States,SAL_ACT,Actual salaries,XDC,National currency,INST_EDU_PUB,Public educational institutions,ISCED11_1,Primary education,Y25T34,From 25 to 34 years,_T,Total,TE,Teacher,61342.514,,A,Normal value,0,Units,MEAN,Arithmetic mean,V,Current prices,,,USD,US dollar,2025,,2,Two
USA,United States,SAL_ACT,Actual salaries,XDC,National currency,INST_EDU_PUB,Public educational institutions,ISCED11_24,Lower secondary general education,Y25T64,From 25 to 64 years,F,Female,TE,Teacher,72077.60488,,A,Normal value,0,Units,MEAN,Arithmetic mean,V,Current prices,,,USD,US dollar,2025,,2,Two
USA,United States,SAL_ACT,Actual salaries,XDC,National currency,INST_EDU_PUB,Public educational institutions,ISCED11_24,Lower secondary general education,Y35T44,From 35 to 44 years,_T,Total,SH,School head,120687.9703,,A,Normal value,0,Units,MEAN,Arithmetic mean,V,Current prices,,,USD,US dollar,2025,,2,Two
USA,United States,SAL_ACT,Actual salaries,XDC,National currency,INST_EDU_PUB,Public educational institutions,ISCED11_02,Pre-primary education,Y25T34,From 25 to 34 years,_T,Total,SH,School head,106259.4093,,A,Normal value,0,Units,MEAN,Arithmetic mean,V,Current prices,,,USD,US dollar,2025,,2,Two
USA,United States,SAL_ACT,Actual salaries,XDC,National currency,INST_EDU_PUB,Public educational institutions,ISCED11_1,Primary education,Y25T64,From 25 to 64 years,M,Male,SH,School head,121507.8023,,A,Normal value,0,Units,MEAN,Arithmetic mean,V,Current prices,,,USD,US dollar,2025,,2,Two
USA,United States,SAL_ACT,Actual salaries,XDC,National currency,INST_EDU_PUB,Public educational institutions,ISCED11_34,Upper secondary general education,Y45T54,From 45 to 54 years,_T,Total,SH,School head,132574.9312,,A,Normal value,0,Units,MEAN,Arithmetic mean,V,Current prices,,,USD,US dollar,2025,,2,Two
USA,United States,SAL_ACT,Actual salaries,XDC,National currency,INST_EDU_PUB,Public educational institutions,ISCED11_1,Primary education,Y35T44,From 35 to 44 years,_T,Total,SH,School head,116661.2547,,A,Normal value,0,Units,MEAN,Arithmetic mean,V,Current prices,,,USD,US dollar,2025,,2,Two
USA,United States,SAL_ACT,Actual salaries,XDC,National currency,INST_EDU_PUB,Public educational institutions,ISCED11_02,Pre-primary education,Y25T64,From 25 to 64 years,F,Female,SH,School head,118058.2292,,A,Normal value,0,Units,MEAN,Arithmetic mean,V,Current prices,,,USD,US dollar,2025,,2,Two
USA,United States,SAL_ACT,Actual salaries,XDC,National currency,INST_EDU_PUB,Public educational institutions,ISCED11_1,Primary education,Y25T64,From 25 to 64 years,_T,Total,TE,Teacher,69950.14676,,A,Normal value,0,Units,MEAN,Arithmetic mean,V,Current prices,,,USD,US dollar,2025,,2,Two
USA,United States,SAL_ACT,Actual salaries,XDC,National currency,INST_EDU_PUB,Public educational institutions,ISCED11_24,Lower secondary general education,Y35T44,From 35 to 44 years,_T,Total,TE,Teacher,72898.64434,,A,Normal value,0,Units,MEAN,Arithmetic mean,V,Current prices,,,USD,US dollar,2025,,2,Two
USA,United States,SAL_ACT,Actual salaries,XDC,National currency,INST_EDU_PUB,Public educational institutions,ISCED11_1,Primary education,Y25T64,From 25 to 64 years,F,Female,TE,Teacher,69031.30702,,A,Normal value,0,Units,MEAN,Arithmetic mean,V,Current prices,,,USD,US dollar,2025,,2,Two
USA,United States,SAL_ACT,Actual salaries,XDC,National currency,INST_EDU_PUB,Public educational institutions,ISCED11_1,Primary education,Y55T64,From 55 to 64 years,_T,Total,TE,Teacher,78456.357,,A,Normal value,0,Units,MEAN,Arithmetic mean,V,Current prices,,,USD,US dollar,2025,,2,Two
USA,United States,SAL_ACT,Actual salaries,XDC,National currency,INST_EDU_PUB,Public educational institutions,ISCED11_24,Lower secondary general education,Y25T64,From 25 to 64 years,M,Male,TE,Teacher,73631.54279,,A,Normal value,0,Units,MEAN,Arithmetic mean,V,Current prices,,,USD,US dollar,2025,,2,Two
USA,United States,SAL_ACT,Actual salaries,XDC,National currency,INST_EDU_PUB,Public educational institutions,ISCED11_02,Pre-primary education,Y45T54,From 45 to 54 years,_T,Total,SH,School head,120660.1998,,A,Normal value,0,Units,MEAN,Arithmetic mean,V,Current prices,,,USD,US dollar,2025,,2,Two
USA,United States,SAL_ACT,Actual salaries,XDC,National currency,INST_EDU_PUB,Public educational institutions,ISCED11_1,Primary education,Y25T34,From 25 to 34 years,_T,Total,SH,School head,106034.8308,,A,Normal value,0,Units,MEAN,Arithmetic mean,V,Current prices,,,USD,US dollar,2025,,2,Two
USA,United States,SAL_ACT,Actual salaries,XDC,National currency,INST_EDU_PUB,Public educational institutions,ISCED11_1,Primary education,Y25T64,From 25 to 64 years,F,Female,SH,School head,119524.0261,,A,Normal value,0,Units,MEAN,Arithmetic mean,V,Current prices,,,USD,US dollar,2025,,2,Two
USA,United States,SAL_ACT,Actual salaries,XDC,National currency,INST_EDU_PUB,Public educational institutions,ISCED11_34,Upper secondary general education,Y25T64,From 25 to 64 years,M,Male,SH,School head,129511.7296,,A,Normal value,0,Units,MEAN,Arithmetic mean,V,Current prices,,,USD,US dollar,2025,,2,Two
USA,United States,SAL_ACT,Actual salaries,XDC,National currency,INST_EDU_PUB,Public educational institutions,ISCED11_34,Upper secondary general education,Y25T64,From 25 to 64 years,_T,Total,TE,Teacher,74849.82045,,A,Normal value,0,Units,MEAN,Arithmetic mean,V,Current prices,,,USD,US dollar,2025,,2,Two
USA,United States,SAL_ACT,Actual salaries,XDC,National currency,INST_EDU_PUB,Public educational institutions,ISCED11_34,Upper secondary general education,Y25T64,From 25 to 64 years,M,Male,TE,Teacher,77218.76076,,A,Normal value,0,Units,MEAN,Arithmetic mean,V,Current prices,,,USD,US dollar,2025,,2,Two
USA,United States,SAL_ACT,Actual salaries,XDC,National currency,INST_EDU_PUB,Public educational institutions,ISCED11_02,Pre-primary education,Y25T64,From 25 to 64 years,_T,Total,SH,School head,119526.4409,,A,Normal value,0,Units,MEAN,Arithmetic mean,V,Current prices,,,USD,US dollar,2025,,2,Two
USA,United States,SAL_ACT,Actual salaries,XDC,National currency,INST_EDU_PUB,Public educational institutions,ISCED11_1,Primary education,Y25T64,From 25 to 64 years,_T,Total,SH,School head,120658.9924,,A,Normal value,0,Units,MEAN,Arithmetic mean,V,Current prices,,,USD,US dollar,2025,,2,Two
USA,United States,SAL_ACT,Actual salaries,XDC,National currency,INST_EDU_PUB,Public educational institutions,ISCED11_34,Upper secondary general education,Y35T44,From 35 to 44 years,_T,Total,SH,School head,126473.8836,,A,Normal value,0,Units,MEAN,Arithmetic mean,V,Current prices,,,USD,US dollar,2025,,2,Two
USA,United States,SAL_ACT,Actual salaries,XDC,National currency,INST_EDU_PUB,Public educational institutions,ISCED11_1,Primary education,Y45T54,From 45 to 54 years,_T,Total,TE,Teacher,76062.06106,,A,Normal value,0,Units,MEAN,Arithmetic mean,V,Current prices,,,USD,US dollar,2025,,2,Two
USA,United States,SAL_ACT,Actual salaries,XDC,National currency,INST_EDU_PUB,Public educational institutions,ISCED11_24,Lower secondary general education,Y25T64,From 25 to 64 years,M,Male,SH,School head,126313.298,,A,Normal value,0,Units,MEAN,Arithmetic mean,V,Current prices,,,USD,US dollar,2025,,2,Two
USA,United States,SAL_ACT,Actual salaries,XDC,National currency,INST_EDU_PUB,Public educational institutions,ISCED11_34,Upper secondary general education,Y55T64,From 55 to 64 years,_T,Total,TE,Teacher,81229.77998,,A,Normal value,0,Units,MEAN,Arithmetic mean,V,Current prices,,,USD,US dollar,2025,,2,Two
USA,United States,SAL_ACT,Actual salaries,XDC,National currency,INST_EDU_PUB,Public educational institutions,ISCED11_1,Primary education,Y35T44,From 35 to 44 years,_T,Total,TE,Teacher,69683.30894,,A,Normal value,0,Units,MEAN,Arithmetic mean,V,Current prices,,,USD,US dollar,2025,,2,Two
USA,United States,SAL_ACT,Actual salaries,XDC,National currency,INST_EDU_PUB,Public educational institutions,ISCED11_24,Lower secondary general education,Y25T64,From 25 to 64 years,_T,Total,SH,School head,124231.7215,,A,Normal value,0,Units,MEAN,Arithmetic mean,V,Current prices,,,USD,US dollar,2025,,2,Two
USA,United States,SAL_ACT,Actual salaries,XDC,National currency,INST_EDU_PUB,Public educational institutions,ISCED11_02,Pre-primary education,Y25T64,From 25 to 64 years,_T,Total,TE,Teacher,68073.83013,,A,Normal value,0,Units,MEAN,Arithmetic mean,V,Current prices,,,USD,US dollar,2025,,2,Two
FIN,Finland,SAL_ACT,Actual salaries,USD_PPP,"US dollars, PPP converted",INST_EDU_PUB,Public educational institutions,ISCED11_34,Upper secondary general education,Y55T64,From 55 to 64 years,_T,Total,TE,Teacher,85802.98286,,A,Normal value,0,Units,MEAN,Arithmetic mean,Q,Constant prices,,,_Z,Not applicable,2025,,2,Two
FIN,Finland,SAL_ACT,Actual salaries,USD_PPP,"US dollars, PPP converted",INST_EDU_PUB,Public educational institutions,ISCED11_02,Pre-primary education,Y55T64,From 55 to 64 years,_T,Total,TE,Teacher,54680.32417,,A,Normal value,0,Units,MEAN,Arithmetic mean,Q,Constant prices,,,_Z,Not applicable,2025,,2,Two
FIN,Finland,SAL_ACT,Actual salaries,USD_PPP,"US dollars, PPP converted",INST_EDU_PUB,Public educational institutions,ISCED11_24,Lower secondary general education,Y55T64,From 55 to 64 years,_T,Total,TE,Teacher,76662.31941,,A,Normal value,0,Units,MEAN,Arithmetic mean,Q,Constant prices,,,_Z,Not applicable,2025,,2,Two
FIN,Finland,SAL_ACT,Actual salaries,USD_PPP,"US dollars, PPP converted",INST_EDU_PUB,Public educational institutions,ISCED11_1,Primary education,Y55T64,From 55 to 64 years,_T,Total,TE,Teacher,71288.29437,,A,Normal value,0,Units,MEAN,Arithmetic mean,Q,Constant prices,,,_Z,Not applicable,2025,,2,Two
FIN,Finland,SAL_ACT,Actual salaries,USD_PPP,"US dollars, PPP converted",INST_EDU_PUB,Public educational institutions,ISCED11_34,Upper secondary general education,Y55T64,From 55 to 64 years,_T,Total,SH,School head,113693.1071,,A,Normal value,0,Units,MEAN,Arithmetic mean,Q,Constant prices,,,_Z,Not applicable,2025,,2,Two
FIN,Finland,SAL_ACT,Actual salaries,USD_PPP,"US dollars, PPP converted",INST_EDU_PUB,Public educational institutions,ISCED11_1,Primary education,Y55T64,From 55 to 64 years,_T,Total,SH,School head,94282.67676,,A,Normal value,0,Units,MEAN,Arithmetic mean,Q,Constant prices,,,_Z,Not applicable,2025,,2,Two
FIN,Finland,SAL_ACT,Actual salaries,USD_PPP,"US dollars, PPP converted",INST_EDU_PUB,Public educational institutions,ISCED11_24,Lower secondary general education,Y55T64,From 55 to 64 years,_T,Total,SH,School head,111418.4077,,A,Normal value,0,Units,MEAN,Arithmetic mean,Q,Constant prices,,,_Z,Not applicable,2025,,2,Two
FIN,Finland,SAL_ACT,Actual salaries,USD_PPP,"US dollars, PPP converted",INST_EDU_PUB,Public educational institutions,ISCED11_02,Pre-primary education,Y55T64,From 55 to 64 years,_T,Total,SH,School head,71920.08485,,A,Normal value,0,Units,MEAN,Arithmetic mean,Q,Constant prices,,,_Z,Not applicable,2025,,2,Two
ITA,Italy,SAL_ACT,Actual salaries,USD_PPP,"US dollars, PPP converted",INST_EDU_PUB,Public educational institutions,ISCED11_34,Upper secondary general education,Y55T64,From 55 to 64 years,_T,Total,SH,School head,158578.1473,,A,Normal value,0,Units,MEAN,Arithmetic mean,Q,Constant prices,,,_Z,Not applicable,2025,,2,Two
ITA,Italy,SAL_ACT,Actual salaries,USD_PPP,"US dollars, PPP converted",INST_EDU_PUB,Public educational institutions,ISCED11_24,Lower secondary general education,Y55T64,From 55 to 64 years,_T,Total,TE,Teacher,60020.15058,,A,Normal value,0,Units,MEAN,Arithmetic mean,Q,Constant prices,,,_Z,Not applicable,2025,,2,Two
ITA,Italy,SAL_ACT,Actual salaries,USD_PPP,"US dollars, PPP converted",INST_EDU_PUB,Public educational institutions,ISCED11_34,Upper secondary general education,Y55T64,From 55 to 64 years,_T,Total,TE,Teacher,64755.23298,,A,Normal value,0,Units,MEAN,Arithmetic mean,Q,Constant prices,,,_Z,Not applicable,2025,,2,Two
ITA,Italy,SAL_ACT,Actual salaries,USD_PPP,"US dollars, PPP converted",INST_EDU_PUB,Public educational institutions,ISCED11_1,Primary education,Y55T64,From 55 to 64 years,_T,Total,SH,School head,158578.1473,,A,Normal value,0,Units,MEAN,Arithmetic mean,Q,Constant prices,,,_Z,Not applicable,2025,,2,Two
ITA,Italy,SAL_ACT,Actual salaries,USD_PPP,"US dollars, PPP converted",INST_EDU_PUB,Public educational institutions,ISCED11_02,Pre-primary education,Y55T64,From 55 to 64 years,_T,Total,TE,Teacher,55980.59284,,A,Normal value,0,Units,MEAN,Arithmetic mean,Q,Constant prices,,,_Z,Not applicable,2025,,2,Two
ITA,Italy,SAL_ACT,Actual salaries,USD_PPP,"US dollars, PPP converted",INST_EDU_PUB,Public educational institutions,ISCED11_1,Primary education,Y55T64,From 55 to 64 years,_T,Total,TE,Teacher,55980.59284,,A,Normal value,0,Units,MEAN,Arithmetic mean,Q,Constant prices,,,_Z,Not applicable,2025,,2,Two
ITA,Italy,SAL_ACT,Actual salaries,USD_PPP,"US dollars, PPP converted",INST_EDU_PUB,Public educational institutions,ISCED11_24,Lower secondary general education,Y55T64,From 55 to 64 years,_T,Total,SH,School head,158578.1473,,A,Normal value,0,Units,MEAN,Arithmetic mean,Q,Constant prices,,,_Z,Not applicable,2025,,2,Two
NLD,Netherlands,SAL_ACT,Actual salaries,USD_PPP,"US dollars, PPP converted",INST_EDU_PUB,Public educational institutions,ISCED11_34,Upper secondary general education,Y55T64,From 55 to 64 years,_T,Total,SH,School head,159550.1645,,A,Normal value,0,Units,MEAN,Arithmetic mean,Q,Constant prices,,,_Z,Not applicable,2025,,2,Two
NLD,Netherlands,SAL_ACT,Actual salaries,USD_PPP,"US dollars, PPP converted",INST_EDU_PUB,Public educational institutions,ISCED11_02,Pre-primary education,Y55T64,From 55 to 64 years,_T,Total,SH,School head,141140.4351,,A,Normal value,0,Units,MEAN,Arithmetic mean,Q,Constant prices,,,_Z,Not applicable,2025,,2,Two
NLD,Netherlands,SAL_ACT,Actual salaries,USD_PPP,"US dollars, PPP converted",INST_EDU_PUB,Public educational institutions,ISCED11_1,Primary education,Y55T64,From 55 to 64 years,_T,Total,TE,Teacher,108001.7624,,A,Normal value,0,Units,MEAN,Arithmetic mean,Q,Constant prices,,,_Z,Not applicable,2025,,2,Two
NLD,Netherlands,SAL_ACT,Actual salaries,USD_PPP,"US dollars, PPP converted",INST_EDU_PUB,Public educational institutions,ISCED11_24,Lower secondary general education,Y55T64,From 55 to 64 years,_T,Total,SH,School head,159550.1645,,A,Normal value,0,Units,MEAN,Arithmetic mean,Q,Constant prices,,,_Z,Not applicable,2025,,2,Two
NLD,Netherlands,SAL_ACT,Actual salaries,USD_PPP,"US dollars, PPP converted",INST_EDU_PUB,Public educational institutions,ISCED11_1,Primary education,Y55T64,From 55 to 64 years,_T,Total,SH,School head,141140.4351,,A,Normal value,0,Units,MEAN,Arithmetic mean,Q,Constant prices,,,_Z,Not applicable,2025,,2,Two
NLD,Netherlands,SAL_ACT,Actual salaries,USD_PPP,"US dollars, PPP converted",INST_EDU_PUB,Public educational institutions,ISCED11_24,Lower secondary general education,Y55T64,From 55 to 64 years,_T,Total,TE,Teacher,119206.7757,,A,Normal value,0,Units,MEAN,Arithmetic mean,Q,Constant prices,,,_Z,Not applicable,2025,,2,Two
NLD,Netherlands,SAL_ACT,Actual salaries,USD_PPP,"US dollars, PPP converted",INST_EDU_PUB,Public educational institutions,ISCED11_34,Upper secondary general education,Y55T64,From 55 to 64 years,_T,Total,TE,Teacher,119206.7757,,A,Normal value,0,Units,MEAN,Arithmetic mean,Q,Constant prices,,,_Z,Not applicable,2025,,2,Two
NLD,Netherlands,SAL_ACT,Actual salaries,USD_PPP,"US dollars, PPP converted",INST_EDU_PUB,Public educational institutions,ISCED11_02,Pre-primary education,Y55T64,From 55 to 64 years,_T,Total,TE,Teacher,108001.7624,,A,Normal value,0,Units,MEAN,Arithmetic mean,Q,Constant prices,,,_Z,Not applicable,2025,,2,Two
POL,Poland,SAL_ACT,Actual salaries,USD_PPP,"US dollars, PPP converted",INST_EDU_PUB,Public educational institutions,ISCED11_1,Primary education,Y55T64,From 55 to 64 years,_T,Total,SH,School head,81407.61926,,A,Normal value,0,Units,MEAN,Arithmetic mean,Q,Constant prices,,,_Z,Not applicable,2025,,2,Two
POL,Poland,SAL_ACT,Actual salaries,USD_PPP,"US dollars, PPP converted",INST_EDU_PUB,Public educational institutions,ISCED11_24,Lower secondary general education,Y55T64,From 55 to 64 years,_T,Total,SH,School head,81407.61926,,A,Normal value,0,Units,MEAN,Arithmetic mean,Q,Constant prices,,,_Z,Not applicable,2025,,2,Two
POL,Poland,SAL_ACT,Actual salaries,USD_PPP,"US dollars, PPP converted",INST_EDU_PUB,Public educational institutions,ISCED11_34,Upper secondary general education,Y55T64,From 55 to 64 years,_T,Total,TE,Teacher,63721.24501,,A,Normal value,0,Units,MEAN,Arithmetic mean,Q,Constant prices,,,_Z,Not applicable,2025,,2,Two
POL,Poland,SAL_ACT,Actual salaries,USD_PPP,"US dollars, PPP converted",INST_EDU_PUB,Public educational institutions,ISCED11_1,Primary education,Y55T64,From 55 to 64 years,_T,Total,TE,Teacher,63618.15957,,A,Normal value,0,Units,MEAN,Arithmetic mean,Q,Constant prices,,,_Z,Not applicable,2025,,2,Two
POL,Poland,SAL_ACT,Actual salaries,USD_PPP,"US dollars, PPP converted",INST_EDU_PUB,Public educational institutions,ISCED11_02,Pre-primary education,Y55T64,From 55 to 64 years,_T,Total,SH,School head,76467.984,,A,Normal value,0,Units,MEAN,Arithmetic mean,Q,Constant prices,,,_Z,Not applicable,2025,,2,Two
POL,Poland,SAL_ACT,Actual salaries,USD_PPP,"US dollars, PPP converted",INST_EDU_PUB,Public educational institutions,ISCED11_02,Pre-primary education,Y55T64,From 55 to 64 years,_T,Total,TE,Teacher,57353.85149,,A,Normal value,0,Units,MEAN,Arithmetic mean,Q,Constant prices,,,_Z,Not applicable,2025,,2,Two
POL,Poland,SAL_ACT,Actual salaries,USD_PPP,"US dollars, PPP converted",INST_EDU_PUB,Public educational institutions,ISCED11_24,Lower secondary general education,Y55T64,From 55 to 64 years,_T,Total,TE,Teacher,64449.31707,,A,Normal value,0,Units,MEAN,Arithmetic mean,Q,Constant prices,,,_Z,Not applicable,2025,,2,Two
POL,Poland,SAL_ACT,Actual salaries,USD_PPP,"US dollars, PPP converted",INST_EDU_PUB,Public educational institutions,ISCED11_34,Upper secondary general education,Y55T64,From 55 to 64 years,_T,Total,SH,School head,87828.2985,,A,Normal value,0,Units,MEAN,Arithmetic mean,Q,Constant prices,,,_Z,Not applicable,2025,,2,Two
PRT,Portugal,SAL_ACT,Actual salaries,USD_PPP,"US dollars, PPP converted",INST_EDU_PUB,Public educational institutions,ISCED11_24,Lower secondary general education,Y55T64,From 55 to 64 years,_T,Total,TE,Teacher,75450.69432,,A,Normal value,0,Units,MEAN,Arithmetic mean,Q,Constant prices,,,_Z,Not applicable,2025,,2,Two
PRT,Portugal,SAL_ACT,Actual salaries,USD_PPP,"US dollars, PPP converted",INST_EDU_PUB,Public educational institutions,ISCED11_1,Primary education,Y55T64,From 55 to 64 years,_T,Total,SH,School head,100467.2939,,A,Normal value,0,Units,MEAN,Arithmetic mean,Q,Constant prices,,,_Z,Not applicable,2025,,2,Two
PRT,Portugal,SAL_ACT,Actual salaries,USD_PPP,"US dollars, PPP converted",INST_EDU_PUB,Public educational institutions,ISCED11_02,Pre-primary education,Y55T64,From 55 to 64 years,_T,Total,SH,School head,100467.2939,,A,Normal value,0,Units,MEAN,Arithmetic mean,Q,Constant prices,,,_Z,Not applicable,2025,,2,Two
PRT,Portugal,SAL_ACT,Actual salaries,USD_PPP,"US dollars, PPP converted",INST_EDU_PUB,Public educational institutions,ISCED11_02,Pre-primary education,Y55T64,From 55 to 64 years,_T,Total,TE,Teacher,78718.70912,,A,Normal value,0,Units,MEAN,Arithmetic mean,Q,Constant prices,,,_Z,Not applicable,2025,,2,Two
PRT,Portugal,SAL_ACT,Actual salaries,USD_PPP,"US dollars, PPP converted",INST_EDU_PUB,Public educational institutions,ISCED11_1,Primary education,Y55T64,From 55 to 64 years,_T,Total,TE,Teacher,77061.43546,,A,Normal value,0,Units,MEAN,Arithmetic mean,Q,Constant prices,,,_Z,Not applicable,2025,,2,Two
PRT,Portugal,SAL_ACT,Actual salaries,USD_PPP,"US dollars, PPP converted",INST_EDU_PUB,Public educational institutions,ISCED11_24,Lower secondary general education,Y55T64,From 55 to 64 years,_T,Total,SH,School head,100467.2939,,A,Normal value,0,Units,MEAN,Arithmetic mean,Q,Constant prices,,,_Z,Not applicable,2025,,2,Two
PRT,Portugal,SAL_ACT,Actual salaries,USD_PPP,"US dollars, PPP converted",INST_EDU_PUB,Public educational institutions,ISCED11_34,Upper secondary general education,Y55T64,From 55 to 64 years,_T,Total,SH,School head,100467.2939,,A,Normal value,0,Units,MEAN,Arithmetic mean,Q,Constant prices,,,_Z,Not applicable,2025,,2,Two
PRT,Portugal,SAL_ACT,Actual salaries,USD_PPP,"US dollars, PPP converted",INST_EDU_PUB,Public educational institutions,ISCED11_34,Upper secondary general education,Y55T64,From 55 to 64 years,_T,Total,TE,Teacher,79583.14019,,A,Normal value,0,Units,MEAN,Arithmetic mean,Q,Constant prices,,,_Z,Not applicable,2025,,2,Two
SWE,Sweden,SAL_ACT,Actual salaries,USD_PPP,"US dollars, PPP converted",INST_EDU_PUB,Public educational institutions,ISCED11_02,Pre-primary education,Y55T64,From 55 to 64 years,_T,Total,TE,Teacher,53254.03078,,A,Normal value,0,Units,MEAN,Arithmetic mean,Q,Constant prices,,,_Z,Not applicable,2025,,2,Two
SWE,Sweden,SAL_ACT,Actual salaries,USD_PPP,"US dollars, PPP converted",INST_EDU_PUB,Public educational institutions,ISCED11_34,Upper secondary general education,Y55T64,From 55 to 64 years,_T,Total,TE,Teacher,64063.37493,,A,Normal value,0,Units,MEAN,Arithmetic mean,Q,Constant prices,,,_Z,Not applicable,2025,,2,Two
SWE,Sweden,SAL_ACT,Actual salaries,USD_PPP,"US dollars, PPP converted",INST_EDU_PUB,Public educational institutions,ISCED11_34,Upper secondary general education,Y55T64,From 55 to 64 years,_T,Total,SH,School head,89549.0527,,A,Normal value,0,Units,MEAN,Arithmetic mean,Q,Constant prices,,,_Z,Not applicable,2025,,2,Two
SWE,Sweden,SAL_ACT,Actual salaries,USD_PPP,"US dollars, PPP converted",INST_EDU_PUB,Public educational institutions,ISCED11_1,Primary education,Y55T64,From 55 to 64 years,_T,Total,SH,School head,88546.56783,,A,Normal value,0,Units,MEAN,Arithmetic mean,Q,Constant prices,,,_Z,Not applicable,2025,,2,Two
SWE,Sweden,SAL_ACT,Actual salaries,USD_PPP,"US dollars, PPP converted",INST_EDU_PUB,Public educational institutions,ISCED11_24,Lower secondary general education,Y55T64,From 55 to 64 years,_T,Total,SH,School head,88546.56783,,A,Normal value,0,Units,MEAN,Arithmetic mean,Q,Constant prices,,,_Z,Not applicable,2025,,2,Two
SWE,Sweden,SAL_ACT,Actual salaries,USD_PPP,"US dollars, PPP converted",INST_EDU_PUB,Public educational institutions,ISCED11_02,Pre-primary education,Y55T64,From 55 to 64 years,_T,Total,SH,School head,80062.18614,,A,Normal value,0,Units,MEAN,Arithmetic mean,Q,Constant prices,,,_Z,Not applicable,2025,,2,Two
SWE,Sweden,SAL_ACT,Actual salaries,USD_PPP,"US dollars, PPP converted",INST_EDU_PUB,Public educational institutions,ISCED11_24,Lower secondary general education,Y55T64,From 55 to 64 years,_T,Total,TE,Teacher,62367.03145,,A,Normal value,0,Units,MEAN,Arithmetic mean,Q,Constant prices,,,_Z,Not applicable,2025,,2,Two
SWE,Sweden,SAL_ACT,Actual salaries,USD_PPP,"US dollars, PPP converted",INST_EDU_PUB,Public educational institutions,ISCED11_1,Primary education,Y55T64,From 55 to 64 years,_T,Total,TE,Teacher,60686.51097,,A,Normal value,0,Units,MEAN,Arithmetic mean,Q,Constant prices,,,_Z,Not applicable,2025,,2,Two
USA,United States,SAL_ACT,Actual salaries,USD_PPP,"US dollars, PPP converted",INST_EDU_PUB,Public educational institutions,ISCED11_34,Upper secondary general education,Y55T64,From 55 to 64 years,_T,Total,SH,School head,129563.6483,,A,Normal value,0,Units,MEAN,Arithmetic mean,Q,Constant prices,,,_Z,Not applicable,2025,,2,Two
USA,United States,SAL_ACT,Actual salaries,USD_PPP,"US dollars, PPP converted",INST_EDU_PUB,Public educational institutions,ISCED11_24,Lower secondary general education,Y55T64,From 55 to 64 years,_T,Total,TE,Teacher,79684.29395,,A,Normal value,0,Units,MEAN,Arithmetic mean,Q,Constant prices,,,_Z,Not applicable,2025,,2,Two
USA,United States,SAL_ACT,Actual salaries,USD_PPP,"US dollars, PPP converted",INST_EDU_PUB,Public educational institutions,ISCED11_02,Pre-primary education,Y55T64,From 55 to 64 years,_T,Total,SH,School head,125198.8576,,A,Normal value,0,Units,MEAN,Arithmetic mean,Q,Constant prices,,,_Z,Not applicable,2025,,2,Two
USA,United States,SAL_ACT,Actual salaries,USD_PPP,"US dollars, PPP converted",INST_EDU_PUB,Public educational institutions,ISCED11_02,Pre-primary education,Y55T64,From 55 to 64 years,_T,Total,TE,Teacher,77842.99223,,A,Normal value,0,Units,MEAN,Arithmetic mean,Q,Constant prices,,,_Z,Not applicable,2025,,2,Two
USA,United States,SAL_ACT,Actual salaries,USD_PPP,"US dollars, PPP converted",INST_EDU_PUB,Public educational institutions,ISCED11_1,Primary education,Y55T64,From 55 to 64 years,_T,Total,TE,Teacher,78456.357,,A,Normal value,0,Units,MEAN,Arithmetic mean,Q,Constant prices,,,_Z,Not applicable,2025,,2,Two
USA,United States,SAL_ACT,Actual salaries,USD_PPP,"US dollars, PPP converted",INST_EDU_PUB,Public educational institutions,ISCED11_1,Primary education,Y55T64,From 55 to 64 years,_T,Total,SH,School head,125180.7465,,A,Normal value,0,Units,MEAN,Arithmetic mean,Q,Constant prices,,,_Z,Not applicable,2025,,2,Two
USA,United States,SAL_ACT,Actual salaries,USD_PPP,"US dollars, PPP converted",INST_EDU_PUB,Public educational institutions,ISCED11_34,Upper secondary general education,Y55T64,From 55 to 64 years,_T,Total,TE,Teacher,81229.77998,,A,Normal value,0,Units,MEAN,Arithmetic mean,Q,Constant prices,,,_Z,Not applicable,2025,,2,Two
USA,United States,SAL_ACT,Actual salaries,USD_PPP,"US dollars, PPP converted",INST_EDU_PUB,Public educational institutions,ISCED11_24,Lower secondary general education,Y55T64,From 55 to 64 years,_T,Total,SH,School head,125456.0362,,A,Normal value,0,Units,MEAN,Arithmetic mean,Q,Constant prices,,,_Z,Not applicable,2025,,2,Two
FIN,Finland,SAL_ACT,Actual salaries,USD_PPP,"US dollars, PPP converted",INST_EDU_PUB,Public educational institutions,ISCED11_1,Primary education,Y45T54,From 45 to 54 years,_T,Total,SH,School head,92452.00676,,A,Normal value,0,Units,MEAN,Arithmetic mean,Q,Constant prices,,,_Z,Not applicable,2025,,2,Two
FIN,Finland,SAL_ACT,Actual salaries,USD_PPP,"US dollars, PPP converted",INST_EDU_PUB,Public educational institutions,ISCED11_02,Pre-primary education,Y45T54,From 45 to 54 years,_T,Total,SH,School head,70341.87731,,A,Normal value,0,Units,MEAN,Arithmetic mean,Q,Constant prices,,,_Z,Not applicable,2025,,2,Two
FIN,Finland,SAL_ACT,Actual salaries,USD_PPP,"US dollars, PPP converted",INST_EDU_PUB,Public educational institutions,ISCED11_24,Lower secondary general education,Y45T54,From 45 to 54 years,_T,Total,SH,School head,108281.0224,,A,Normal value,0,Units,MEAN,Arithmetic mean,Q,Constant prices,,,_Z,Not applicable,2025,,2,Two
FIN,Finland,SAL_ACT,Actual salaries,USD_PPP,"US dollars, PPP converted",INST_EDU_PUB,Public educational institutions,ISCED11_34,Upper secondary general education,Y45T54,From 45 to 54 years,_T,Total,SH,School head,113359.4507,,A,Normal value,0,Units,MEAN,Arithmetic mean,Q,Constant prices,,,_Z,Not applicable,2025,,2,Two
FIN,Finland,SAL_ACT,Actual salaries,USD_PPP,"US dollars, PPP converted",INST_EDU_PUB,Public educational institutions,ISCED11_34,Upper secondary general education,Y45T54,From 45 to 54 years,_T,Total,TE,Teacher,85256.19231,,A,Normal value,0,Units,MEAN,Arithmetic mean,Q,Constant prices,,,_Z,Not applicable,2025,,2,Two
FIN,Finland,SAL_ACT,Actual salaries,USD_PPP,"US dollars, PPP converted",INST_EDU_PUB,Public educational institutions,ISCED11_1,Primary education,Y45T54,From 45 to 54 years,_T,Total,TE,Teacher,70017.10148,,A,Normal value,0,Units,MEAN,Arithmetic mean,Q,Constant prices,,,_Z,Not applicable,2025,,2,Two
FIN,Finland,SAL_ACT,Actual salaries,USD_PPP,"US dollars, PPP converted",INST_EDU_PUB,Public educational institutions,ISCED11_24,Lower secondary general education,Y45T54,From 45 to 54 years,_T,Total,TE,Teacher,76106.64826,,A,Normal value,0,Units,MEAN,Arithmetic mean,Q,Constant prices,,,_Z,Not applicable,2025,,2,Two
FIN,Finland,SAL_ACT,Actual salaries,USD_PPP,"US dollars, PPP converted",INST_EDU_PUB,Public educational institutions,ISCED11_02,Pre-primary education,Y45T54,From 45 to 54 years,_T,Total,TE,Teacher,53943.23527,,A,Normal value,0,Units,MEAN,Arithmetic mean,Q,Constant prices,,,_Z,Not applicable,2025,,2,Two
ITA,Italy,SAL_ACT,Actual salaries,USD_PPP,"US dollars, PPP converted",INST_EDU_PUB,Public educational institutions,ISCED11_1,Primary education,Y45T54,From 45 to 54 years,_T,Total,TE,Teacher,50482.18303,,A,Normal value,0,Units,MEAN,Arithmetic mean,Q,Constant prices,,,_Z,Not applicable,2025,,2,Two
ITA,Italy,SAL_ACT,Actual salaries,USD_PPP,"US dollars, PPP converted",INST_EDU_PUB,Public educational institutions,ISCED11_1,Primary education,Y45T54,From 45 to 54 years,_T,Total,SH,School head,153180.6685,,A,Normal value,0,Units,MEAN,Arithmetic mean,Q,Constant prices,,,_Z,Not applicable,2025,,2,Two
ITA,Italy,SAL_ACT,Actual salaries,USD_PPP,"US dollars, PPP converted",INST_EDU_PUB,Public educational institutions,ISCED11_34,Upper secondary general education,Y45T54,From 45 to 54 years,_T,Total,TE,Teacher,56294.28174,,A,Normal value,0,Units,MEAN,Arithmetic mean,Q,Constant prices,,,_Z,Not applicable,2025,,2,Two
ITA,Italy,SAL_ACT,Actual salaries,USD_PPP,"US dollars, PPP converted",INST_EDU_PUB,Public educational institutions,ISCED11_02,Pre-primary education,Y45T54,From 45 to 54 years,_T,Total,TE,Teacher,50482.18303,,A,Normal value,0,Units,MEAN,Arithmetic mean,Q,Constant prices,,,_Z,Not applicable,2025,,2,Two
ITA,Italy,SAL_ACT,Actual salaries,USD_PPP,"US dollars, PPP converted",INST_EDU_PUB,Public educational institutions,ISCED11_34,Upper secondary general education,Y45T54,From 45 to 54 years,_T,Total,SH,School head,153180.6685,,A,Normal value,0,Units,MEAN,Arithmetic mean,Q,Constant prices,,,_Z,Not applicable,2025,,2,Two
ITA,Italy,SAL_ACT,Actual salaries,USD_PPP,"US dollars, PPP converted",INST_EDU_PUB,Public educational institutions,ISCED11_24,Lower secondary general education,Y45T54,From 45 to 54 years,_T,Total,SH,School head,153180.6685,,A,Normal value,0,Units,MEAN,Arithmetic mean,Q,Constant prices,,,_Z,Not applicable,2025,,2,Two
ITA,Italy,SAL_ACT,Actual salaries,USD_PPP,"US dollars, PPP converted",INST_EDU_PUB,Public educational institutions,ISCED11_24,Lower secondary general education,Y45T54,From 45 to 54 years,_T,Total,TE,Teacher,54217.9028,,A,Normal value,0,Units,MEAN,Arithmetic mean,Q,Constant prices,,,_Z,Not applicable,2025,,2,Two
NLD,Netherlands,SAL_ACT,Actual salaries,USD_PPP,"US dollars, PPP converted",INST_EDU_PUB,Public educational institutions,ISCED11_34,Upper secondary general education,Y45T54,From 45 to 54 years,_T,Total,TE,Teacher,116160.8478,,A,Normal value,0,Units,MEAN,Arithmetic mean,Q,Constant prices,,,_Z,Not applicable,2025,,2,Two
NLD,Netherlands,SAL_ACT,Actual salaries,USD_PPP,"US dollars, PPP converted",INST_EDU_PUB,Public educational institutions,ISCED11_1,Primary education,Y45T54,From 45 to 54 years,_T,Total,TE,Teacher,106908.7605,,A,Normal value,0,Units,MEAN,Arithmetic mean,Q,Constant prices,,,_Z,Not applicable,2025,,2,Two
NLD,Netherlands,SAL_ACT,Actual salaries,USD_PPP,"US dollars, PPP converted",INST_EDU_PUB,Public educational institutions,ISCED11_24,Lower secondary general education,Y45T54,From 45 to 54 years,_T,Total,TE,Teacher,116160.8478,,A,Normal value,0,Units,MEAN,Arithmetic mean,Q,Constant prices,,,_Z,Not applicable,2025,,2,Two
NLD,Netherlands,SAL_ACT,Actual salaries,USD_PPP,"US dollars, PPP converted",INST_EDU_PUB,Public educational institutions,ISCED11_24,Lower secondary general education,Y45T54,From 45 to 54 years,_T,Total,SH,School head,156158.87,,A,Normal value,0,Units,MEAN,Arithmetic mean,Q,Constant prices,,,_Z,Not applicable,2025,,2,Two
NLD,Netherlands,SAL_ACT,Actual salaries,USD_PPP,"US dollars, PPP converted",INST_EDU_PUB,Public educational institutions,ISCED11_02,Pre-primary education,Y45T54,From 45 to 54 years,_T,Total,SH,School head,139556.171,,A,Normal value,0,Units,MEAN,Arithmetic mean,Q,Constant prices,,,_Z,Not applicable,2025,,2,Two
NLD,Netherlands,SAL_ACT,Actual salaries,USD_PPP,"US dollars, PPP converted",INST_EDU_PUB,Public educational institutions,ISCED11_34,Upper secondary general education,Y45T54,From 45 to 54 years,_T,Total,SH,School head,156158.87,,A,Normal value,0,Units,MEAN,Arithmetic mean,Q,Constant prices,,,_Z,Not applicable,2025,,2,Two
NLD,Netherlands,SAL_ACT,Actual salaries,USD_PPP,"US dollars, PPP converted",INST_EDU_PUB,Public educational institutions,ISCED11_02,Pre-primary education,Y45T54,From 45 to 54 years,_T,Total,TE,Teacher,106908.7605,,A,Normal value,0,Units,MEAN,Arithmetic mean,Q,Constant prices,,,_Z,Not applicable,2025,,2,Two
NLD,Netherlands,SAL_ACT,Actual salaries,USD_PPP,"US dollars, PPP converted",INST_EDU_PUB,Public educational institutions,ISCED11_1,Primary education,Y45T54,From 45 to 54 years,_T,Total,SH,School head,139556.171,,A,Normal value,0,Units,MEAN,Arithmetic mean,Q,Constant prices,,,_Z,Not applicable,2025,,2,Two
POL,Poland,SAL_ACT,Actual salaries,USD_PPP,"US dollars, PPP converted",INST_EDU_PUB,Public educational institutions,ISCED11_24,Lower secondary general education,Y45T54,From 45 to 54 years,_T,Total,TE,Teacher,65322.30635,,A,Normal value,0,Units,MEAN,Arithmetic mean,Q,Constant prices,,,_Z,Not applicable,2025,,2,Two
POL,Poland,SAL_ACT,Actual salaries,USD_PPP,"US dollars, PPP converted",INST_EDU_PUB,Public educational institutions,ISCED11_02,Pre-primary education,Y45T54,From 45 to 54 years,_T,Total,SH,School head,75983.43263,,A,Normal value,0,Units,MEAN,Arithmetic mean,Q,Constant prices,,,_Z,Not applicable,2025,,2,Two
POL,Poland,SAL_ACT,Actual salaries,USD_PPP,"US dollars, PPP converted",INST_EDU_PUB,Public educational institutions,ISCED11_34,Upper secondary general education,Y45T54,From 45 to 54 years,_T,Total,SH,School head,87335.77916,,A,Normal value,0,Units,MEAN,Arithmetic mean,Q,Constant prices,,,_Z,Not applicable,2025,,2,Two
POL,Poland,SAL_ACT,Actual salaries,USD_PPP,"US dollars, PPP converted",INST_EDU_PUB,Public educational institutions,ISCED11_1,Primary education,Y45T54,From 45 to 54 years,_T,Total,TE,Teacher,63914.96596,,A,Normal value,0,Units,MEAN,Arithmetic mean,Q,Constant prices,,,_Z,Not applicable,2025,,2,Two
POL,Poland,SAL_ACT,Actual salaries,USD_PPP,"US dollars, PPP converted",INST_EDU_PUB,Public educational institutions,ISCED11_34,Upper secondary general education,Y45T54,From 45 to 54 years,_T,Total,TE,Teacher,64890.04469,,A,Normal value,0,Units,MEAN,Arithmetic mean,Q,Constant prices,,,_Z,Not applicable,2025,,2,Two
POL,Poland,SAL_ACT,Actual salaries,USD_PPP,"US dollars, PPP converted",INST_EDU_PUB,Public educational institutions,ISCED11_24,Lower secondary general education,Y45T54,From 45 to 54 years,_T,Total,SH,School head,80659.62731,,A,Normal value,0,Units,MEAN,Arithmetic mean,Q,Constant prices,,,_Z,Not applicable,2025,,2,Two
POL,Poland,SAL_ACT,Actual salaries,USD_PPP,"US dollars, PPP converted",INST_EDU_PUB,Public educational institutions,ISCED11_02,Pre-primary education,Y45T54,From 45 to 54 years,_T,Total,TE,Teacher,56865.81413,,A,Normal value,0,Units,MEAN,Arithmetic mean,Q,Constant prices,,,_Z,Not applicable,2025,,2,Two
POL,Poland,SAL_ACT,Actual salaries,USD_PPP,"US dollars, PPP converted",INST_EDU_PUB,Public educational institutions,ISCED11_1,Primary education,Y45T54,From 45 to 54 years,_T,Total,SH,School head,80659.62731,,A,Normal value,0,Units,MEAN,Arithmetic mean,Q,Constant prices,,,_Z,Not applicable,2025,,2,Two
PRT,Portugal,SAL_ACT,Actual salaries,USD_PPP,"US dollars, PPP converted",INST_EDU_PUB,Public educational institutions,ISCED11_02,Pre-primary education,Y45T54,From 45 to 54 years,_T,Total,TE,Teacher,57294.06227,,A,Normal value,0,Units,MEAN,Arithmetic mean,Q,Constant prices,,,_Z,Not applicable,2025,,2,Two
PRT,Portugal,SAL_ACT,Actual salaries,USD_PPP,"US dollars, PPP converted",INST_EDU_PUB,Public educational institutions,ISCED11_34,Upper secondary general education,Y45T54,From 45 to 54 years,_T,Total,SH,School head,80816.25202,,A,Normal value,0,Units,MEAN,Arithmetic mean,Q,Constant prices,,,_Z,Not applicable,2025,,2,Two
PRT,Portugal,SAL_ACT,Actual salaries,USD_PPP,"US dollars, PPP converted",INST_EDU_PUB,Public educational institutions,ISCED11_34,Upper secondary general education,Y45T54,From 45 to 54 years,_T,Total,TE,Teacher,60273.93338,,A,Normal value,0,Units,MEAN,Arithmetic mean,Q,Constant prices,,,_Z,Not applicable,2025,,2,Two
PRT,Portugal,SAL_ACT,Actual salaries,USD_PPP,"US dollars, PPP converted",INST_EDU_PUB,Public educational institutions,ISCED11_24,Lower secondary general education,Y45T54,From 45 to 54 years,_T,Total,TE,Teacher,59853.35097,,A,Normal value,0,Units,MEAN,Arithmetic mean,Q,Constant prices,,,_Z,Not applicable,2025,,2,Two
PRT,Portugal,SAL_ACT,Actual salaries,USD_PPP,"US dollars, PPP converted",INST_EDU_PUB,Public educational institutions,ISCED11_02,Pre-primary education,Y45T54,From 45 to 54 years,_T,Total,SH,School head,80816.25202,,A,Normal value,0,Units,MEAN,Arithmetic mean,Q,Constant prices,,,_Z,Not applicable,2025,,2,Two
PRT,Portugal,SAL_ACT,Actual salaries,USD_PPP,"US dollars, PPP converted",INST_EDU_PUB,Public educational institutions,ISCED11_24,Lower secondary general education,Y45T54,From 45 to 54 years,_T,Total,SH,School head,80816.25202,,A,Normal value,0,Units,MEAN,Arithmetic mean,Q,Constant prices,,,_Z,Not applicable,2025,,2,Two
PRT,Portugal,SAL_ACT,Actual salaries,USD_PPP,"US dollars, PPP converted",INST_EDU_PUB,Public educational institutions,ISCED11_1,Primary education,Y45T54,From 45 to 54 years,_T,Total,SH,School head,80816.25202,,A,Normal value,0,Units,MEAN,Arithmetic mean,Q,Constant prices,,,_Z,Not applicable,2025,,2,Two
PRT,Portugal,SAL_ACT,Actual salaries,USD_PPP,"US dollars, PPP converted",INST_EDU_PUB,Public educational institutions,ISCED11_1,Primary education,Y45T54,From 45 to 54 years,_T,Total,TE,Teacher,59661.85174,,A,Normal value,0,Units,MEAN,Arithmetic mean,Q,Constant prices,,,_Z,Not applicable,2025,,2,Two
SWE,Sweden,SAL_ACT,Actual salaries,USD_PPP,"US dollars, PPP converted",INST_EDU_PUB,Public educational institutions,ISCED11_02,Pre-primary education,Y45T54,From 45 to 54 years,_T,Total,TE,Teacher,52692.01055,,A,Normal value,0,Units,MEAN,Arithmetic mean,Q,Constant prices,,,_Z,Not applicable,2025,,2,Two
SWE,Sweden,SAL_ACT,Actual salaries,USD_PPP,"US dollars, PPP converted",INST_EDU_PUB,Public educational institutions,ISCED11_02,Pre-primary education,Y45T54,From 45 to 54 years,_T,Total,SH,School head,78001.21931,,A,Normal value,0,Units,MEAN,Arithmetic mean,Q,Constant prices,,,_Z,Not applicable,2025,,2,Two
SWE,Sweden,SAL_ACT,Actual salaries,USD_PPP,"US dollars, PPP converted",INST_EDU_PUB,Public educational institutions,ISCED11_24,Lower secondary general education,Y45T54,From 45 to 54 years,_T,Total,TE,Teacher,62443.5894,,A,Normal value,0,Units,MEAN,Arithmetic mean,Q,Constant prices,,,_Z,Not applicable,2025,,2,Two
SWE,Sweden,SAL_ACT,Actual salaries,USD_PPP,"US dollars, PPP converted",INST_EDU_PUB,Public educational institutions,ISCED11_24,Lower secondary general education,Y45T54,From 45 to 54 years,_T,Total,SH,School head,86448.07188,,A,Normal value,0,Units,MEAN,Arithmetic mean,Q,Constant prices,,,_Z,Not applicable,2025,,2,Two
SWE,Sweden,SAL_ACT,Actual salaries,USD_PPP,"US dollars, PPP converted",INST_EDU_PUB,Public educational institutions,ISCED11_1,Primary education,Y45T54,From 45 to 54 years,_T,Total,TE,Teacher,60627.80232,,A,Normal value,0,Units,MEAN,Arithmetic mean,Q,Constant prices,,,_Z,Not applicable,2025,,2,Two
SWE,Sweden,SAL_ACT,Actual salaries,USD_PPP,"US dollars, PPP converted",INST_EDU_PUB,Public educational institutions,ISCED11_34,Upper secondary general education,Y45T54,From 45 to 54 years,_T,Total,SH,School head,88237.61458,,A,Normal value,0,Units,MEAN,Arithmetic mean,Q,Constant prices,,,_Z,Not applicable,2025,,2,Two
SWE,Sweden,SAL_ACT,Actual salaries,USD_PPP,"US dollars, PPP converted",INST_EDU_PUB,Public educational institutions,ISCED11_1,Primary education,Y45T54,From 45 to 54 years,_T,Total,SH,School head,86448.07188,,A,Normal value,0,Units,MEAN,Arithmetic mean,Q,Constant prices,,,_Z,Not applicable,2025,,2,Two
SWE,Sweden,SAL_ACT,Actual salaries,USD_PPP,"US dollars, PPP converted",INST_EDU_PUB,Public educational institutions,ISCED11_34,Upper secondary general education,Y45T54,From 45 to 54 years,_T,Total,TE,Teacher,63475.4751,,A,Normal value,0,Units,MEAN,Arithmetic mean,Q,Constant prices,,,_Z,Not applicable,2025,,2,Two
USA,United States,SAL_ACT,Actual salaries,USD_PPP,"US dollars, PPP converted",INST_EDU_PUB,Public educational institutions,ISCED11_34,Upper secondary general education,Y45T54,From 45 to 54 years,_T,Total,SH,School head,132574.9312,,A,Normal value,0,Units,MEAN,Arithmetic mean,Q,Constant prices,,,_Z,Not applicable,2025,,2,Two
USA,United States,SAL_ACT,Actual salaries,USD_PPP,"US dollars, PPP converted",INST_EDU_PUB,Public educational institutions,ISCED11_02,Pre-primary education,Y45T54,From 45 to 54 years,_T,Total,SH,School head,120660.1998,,A,Normal value,0,Units,MEAN,Arithmetic mean,Q,Constant prices,,,_Z,Not applicable,2025,,2,Two
USA,United States,SAL_ACT,Actual salaries,USD_PPP,"US dollars, PPP converted",INST_EDU_PUB,Public educational institutions,ISCED11_1,Primary education,Y45T54,From 45 to 54 years,_T,Total,TE,Teacher,76062.06106,,A,Normal value,0,Units,MEAN,Arithmetic mean,Q,Constant prices,,,_Z,Not applicable,2025,,2,Two
USA,United States,SAL_ACT,Actual salaries,USD_PPP,"US dollars, PPP converted",INST_EDU_PUB,Public educational institutions,ISCED11_02,Pre-primary education,Y45T54,From 45 to 54 years,_T,Total,TE,Teacher,75478.88156,,A,Normal value,0,Units,MEAN,Arithmetic mean,Q,Constant prices,,,_Z,Not applicable,2025,,2,Two
USA,United States,SAL_ACT,Actual salaries,USD_PPP,"US dollars, PPP converted",INST_EDU_PUB,Public educational institutions,ISCED11_24,Lower secondary general education,Y45T54,From 45 to 54 years,_T,Total,TE,Teacher,78841.5211,,A,Normal value,0,Units,MEAN,Arithmetic mean,Q,Constant prices,,,_Z,Not applicable,2025,,2,Two
USA,United States,SAL_ACT,Actual salaries,USD_PPP,"US dollars, PPP converted",INST_EDU_PUB,Public educational institutions,ISCED11_24,Lower secondary general education,Y45T54,From 45 to 54 years,_T,Total,SH,School head,127773.0578,,A,Normal value,0,Units,MEAN,Arithmetic mean,Q,Constant prices,,,_Z,Not applicable,2025,,2,Two
USA,United States,SAL_ACT,Actual salaries,USD_PPP,"US dollars, PPP converted",INST_EDU_PUB,Public educational institutions,ISCED11_1,Primary education,Y45T54,From 45 to 54 years,_T,Total,SH,School head,121757.7364,,A,Normal value,0,Units,MEAN,Arithmetic mean,Q,Constant prices,,,_Z,Not applicable,2025,,2,Two
USA,United States,SAL_ACT,Actual salaries,USD_PPP,"US dollars, PPP converted",INST_EDU_PUB,Public educational institutions,ISCED11_34,Upper secondary general education,Y45T54,From 45 to 54 years,_T,Total,TE,Teacher,81001.57931,,A,Normal value,0,Units,MEAN,Arithmetic mean,Q,Constant prices,,,_Z,Not applicable,2025,,2,Two
FIN,Finland,SAL_ACT,Actual salaries,USD_PPP,"US dollars, PPP converted",INST_EDU_PUB,Public educational institutions,ISCED11_24,Lower secondary general education,Y35T44,From 35 to 44 years,_T,Total,SH,School head,96972.22659,,A,Normal value,0,Units,MEAN,Arithmetic mean,Q,Constant prices,,,_Z,Not applicable,2025,,2,Two
FIN,Finland,SAL_ACT,Actual salaries,USD_PPP,"US dollars, PPP converted",INST_EDU_PUB,Public educational institutions,ISCED11_1,Primary education,Y35T44,From 35 to 44 years,_T,Total,SH,School head,85043.05817,,A,Normal value,0,Units,MEAN,Arithmetic mean,Q,Constant prices,,,_Z,Not applicable,2025,,2,Two
FIN,Finland,SAL_ACT,Actual salaries,USD_PPP,"US dollars, PPP converted",INST_EDU_PUB,Public educational institutions,ISCED11_02,Pre-primary education,Y35T44,From 35 to 44 years,_T,Total,TE,Teacher,52396.74412,,A,Normal value,0,Units,MEAN,Arithmetic mean,Q,Constant prices,,,_Z,Not applicable,2025,,2,Two
FIN,Finland,SAL_ACT,Actual salaries,USD_PPP,"US dollars, PPP converted",INST_EDU_PUB,Public educational institutions,ISCED11_24,Lower secondary general education,Y35T44,From 35 to 44 years,_T,Total,TE,Teacher,69335.83343,,A,Normal value,0,Units,MEAN,Arithmetic mean,Q,Constant prices,,,_Z,Not applicable,2025,,2,Two
FIN,Finland,SAL_ACT,Actual salaries,USD_PPP,"US dollars, PPP converted",INST_EDU_PUB,Public educational institutions,ISCED11_34,Upper secondary general education,Y35T44,From 35 to 44 years,_T,Total,TE,Teacher,77423.51276,,A,Normal value,0,Units,MEAN,Arithmetic mean,Q,Constant prices,,,_Z,Not applicable,2025,,2,Two
FIN,Finland,SAL_ACT,Actual salaries,USD_PPP,"US dollars, PPP converted",INST_EDU_PUB,Public educational institutions,ISCED11_02,Pre-primary education,Y35T44,From 35 to 44 years,_T,Total,SH,School head,69007.25164,,A,Normal value,0,Units,MEAN,Arithmetic mean,Q,Constant prices,,,_Z,Not applicable,2025,,2,Two
FIN,Finland,SAL_ACT,Actual salaries,USD_PPP,"US dollars, PPP converted",INST_EDU_PUB,Public educational institutions,ISCED11_1,Primary education,Y35T44,From 35 to 44 years,_T,Total,TE,Teacher,63549.49533,,A,Normal value,0,Units,MEAN,Arithmetic mean,Q,Constant prices,,,_Z,Not applicable,2025,,2,Two
ITA,Italy,SAL_ACT,Actual salaries,USD_PPP,"US dollars, PPP converted",INST_EDU_PUB,Public educational institutions,ISCED11_1,Primary education,Y35T44,From 35 to 44 years,_T,Total,SH,School head,148193.5473,,A,Normal value,0,Units,MEAN,Arithmetic mean,Q,Constant prices,,,_Z,Not applicable,2025,,2,Two
ITA,Italy,SAL_ACT,Actual salaries,USD_PPP,"US dollars, PPP converted",INST_EDU_PUB,Public educational institutions,ISCED11_34,Upper secondary general education,Y35T44,From 35 to 44 years,_T,Total,TE,Teacher,50337.58473,,A,Normal value,0,Units,MEAN,Arithmetic mean,Q,Constant prices,,,_Z,Not applicable,2025,,2,Two
ITA,Italy,SAL_ACT,Actual salaries,USD_PPP,"US dollars, PPP converted",INST_EDU_PUB,Public educational institutions,ISCED11_34,Upper secondary general education,Y35T44,From 35 to 44 years,_T,Total,SH,School head,148193.5473,,A,Normal value,0,Units,MEAN,Arithmetic mean,Q,Constant prices,,,_Z,Not applicable,2025,,2,Two
ITA,Italy,SAL_ACT,Actual salaries,USD_PPP,"US dollars, PPP converted",INST_EDU_PUB,Public educational institutions,ISCED11_02,Pre-primary education,Y35T44,From 35 to 44 years,_T,Total,TE,Teacher,46705.63138,,A,Normal value,0,Units,MEAN,Arithmetic mean,Q,Constant prices,,,_Z,Not applicable,2025,,2,Two
ITA,Italy,SAL_ACT,Actual salaries,USD_PPP,"US dollars, PPP converted",INST_EDU_PUB,Public educational institutions,ISCED11_24,Lower secondary general education,Y35T44,From 35 to 44 years,_T,Total,TE,Teacher,49466.30761,,A,Normal value,0,Units,MEAN,Arithmetic mean,Q,Constant prices,,,_Z,Not applicable,2025,,2,Two
ITA,Italy,SAL_ACT,Actual salaries,USD_PPP,"US dollars, PPP converted",INST_EDU_PUB,Public educational institutions,ISCED11_24,Lower secondary general education,Y35T44,From 35 to 44 years,_T,Total,SH,School head,148193.5473,,A,Normal value,0,Units,MEAN,Arithmetic mean,Q,Constant prices,,,_Z,Not applicable,2025,,2,Two
ITA,Italy,SAL_ACT,Actual salaries,USD_PPP,"US dollars, PPP converted",INST_EDU_PUB,Public educational institutions,ISCED11_1,Primary education,Y35T44,From 35 to 44 years,_T,Total,TE,Teacher,46705.63138,,A,Normal value,0,Units,MEAN,Arithmetic mean,Q,Constant prices,,,_Z,Not applicable,2025,,2,Two
NLD,Netherlands,SAL_ACT,Actual salaries,USD_PPP,"US dollars, PPP converted",INST_EDU_PUB,Public educational institutions,ISCED11_1,Primary education,Y35T44,From 35 to 44 years,_T,Total,TE,Teacher,103696.9229,,A,Normal value,0,Units,MEAN,Arithmetic mean,Q,Constant prices,,,_Z,Not applicable,2025,,2,Two
NLD,Netherlands,SAL_ACT,Actual salaries,USD_PPP,"US dollars, PPP converted",INST_EDU_PUB,Public educational institutions,ISCED11_24,Lower secondary general education,Y35T44,From 35 to 44 years,_T,Total,TE,Teacher,111512.6254,,A,Normal value,0,Units,MEAN,Arithmetic mean,Q,Constant prices,,,_Z,Not applicable,2025,,2,Two
NLD,Netherlands,SAL_ACT,Actual salaries,USD_PPP,"US dollars, PPP converted",INST_EDU_PUB,Public educational institutions,ISCED11_34,Upper secondary general education,Y35T44,From 35 to 44 years,_T,Total,SH,School head,150124.253,,A,Normal value,0,Units,MEAN,Arithmetic mean,Q,Constant prices,,,_Z,Not applicable,2025,,2,Two
NLD,Netherlands,SAL_ACT,Actual salaries,USD_PPP,"US dollars, PPP converted",INST_EDU_PUB,Public educational institutions,ISCED11_34,Upper secondary general education,Y35T44,From 35 to 44 years,_T,Total,TE,Teacher,111512.6254,,A,Normal value,0,Units,MEAN,Arithmetic mean,Q,Constant prices,,,_Z,Not applicable,2025,,2,Two
NLD,Netherlands,SAL_ACT,Actual salaries,USD_PPP,"US dollars, PPP converted",INST_EDU_PUB,Public educational institutions,ISCED11_1,Primary education,Y35T44,From 35 to 44 years,_T,Total,SH,School head,136548.6702,,A,Normal value,0,Units,MEAN,Arithmetic mean,Q,Constant prices,,,_Z,Not applicable,2025,,2,Two
NLD,Netherlands,SAL_ACT,Actual salaries,USD_PPP,"US dollars, PPP converted",INST_EDU_PUB,Public educational institutions,ISCED11_02,Pre-primary education,Y35T44,From 35 to 44 years,_T,Total,SH,School head,136548.6702,,A,Normal value,0,Units,MEAN,Arithmetic mean,Q,Constant prices,,,_Z,Not applicable,2025,,2,Two
NLD,Netherlands,SAL_ACT,Actual salaries,USD_PPP,"US dollars, PPP converted",INST_EDU_PUB,Public educational institutions,ISCED11_24,Lower secondary general education,Y35T44,From 35 to 44 years,_T,Total,SH,School head,150124.253,,A,Normal value,0,Units,MEAN,Arithmetic mean,Q,Constant prices,,,_Z,Not applicable,2025,,2,Two
NLD,Netherlands,SAL_ACT,Actual salaries,USD_PPP,"US dollars, PPP converted",INST_EDU_PUB,Public educational institutions,ISCED11_02,Pre-primary education,Y35T44,From 35 to 44 years,_T,Total,TE,Teacher,103696.9229,,A,Normal value,0,Units,MEAN,Arithmetic mean,Q,Constant prices,,,_Z,Not applicable,2025,,2,Two
POL,Poland,SAL_ACT,Actual salaries,USD_PPP,"US dollars, PPP converted",INST_EDU_PUB,Public educational institutions,ISCED11_34,Upper secondary general education,Y35T44,From 35 to 44 years,_T,Total,TE,Teacher,59426.51626,,A,Normal value,0,Units,MEAN,Arithmetic mean,Q,Constant prices,,,_Z,Not applicable,2025,,2,Two
POL,Poland,SAL_ACT,Actual salaries,USD_PPP,"US dollars, PPP converted",INST_EDU_PUB,Public educational institutions,ISCED11_02,Pre-primary education,Y35T44,From 35 to 44 years,_T,Total,SH,School head,71539.80268,,A,Normal value,0,Units,MEAN,Arithmetic mean,Q,Constant prices,,,_Z,Not applicable,2025,,2,Two
POL,Poland,SAL_ACT,Actual salaries,USD_PPP,"US dollars, PPP converted",INST_EDU_PUB,Public educational institutions,ISCED11_02,Pre-primary education,Y35T44,From 35 to 44 years,_T,Total,TE,Teacher,50518.83849,,A,Normal value,0,Units,MEAN,Arithmetic mean,Q,Constant prices,,,_Z,Not applicable,2025,,2,Two
POL,Poland,SAL_ACT,Actual salaries,USD_PPP,"US dollars, PPP converted",INST_EDU_PUB,Public educational institutions,ISCED11_24,Lower secondary general education,Y35T44,From 35 to 44 years,_T,Total,SH,School head,76392.28841,,A,Normal value,0,Units,MEAN,Arithmetic mean,Q,Constant prices,,,_Z,Not applicable,2025,,2,Two
POL,Poland,SAL_ACT,Actual salaries,USD_PPP,"US dollars, PPP converted",INST_EDU_PUB,Public educational institutions,ISCED11_1,Primary education,Y35T44,From 35 to 44 years,_T,Total,TE,Teacher,56638.22936,,A,Normal value,0,Units,MEAN,Arithmetic mean,Q,Constant prices,,,_Z,Not applicable,2025,,2,Two
POL,Poland,SAL_ACT,Actual salaries,USD_PPP,"US dollars, PPP converted",INST_EDU_PUB,Public educational institutions,ISCED11_1,Primary education,Y35T44,From 35 to 44 years,_T,Total,SH,School head,76392.28841,,A,Normal value,0,Units,MEAN,Arithmetic mean,Q,Constant prices,,,_Z,Not applicable,2025,,2,Two
POL,Poland,SAL_ACT,Actual salaries,USD_PPP,"US dollars, PPP converted",INST_EDU_PUB,Public educational institutions,ISCED11_34,Upper secondary general education,Y35T44,From 35 to 44 years,_T,Total,SH,School head,84259.15182,,A,Normal value,0,Units,MEAN,Arithmetic mean,Q,Constant prices,,,_Z,Not applicable,2025,,2,Two
POL,Poland,SAL_ACT,Actual salaries,USD_PPP,"US dollars, PPP converted",INST_EDU_PUB,Public educational institutions,ISCED11_24,Lower secondary general education,Y35T44,From 35 to 44 years,_T,Total,TE,Teacher,60252.19579,,A,Normal value,0,Units,MEAN,Arithmetic mean,Q,Constant prices,,,_Z,Not applicable,2025,,2,Two
PRT,Portugal,SAL_ACT,Actual salaries,USD_PPP,"US dollars, PPP converted",INST_EDU_PUB,Public educational institutions,ISCED11_1,Primary education,Y35T44,From 35 to 44 years,_T,Total,SH,School head,74294.54012,,A,Normal value,0,Units,MEAN,Arithmetic mean,Q,Constant prices,,,_Z,Not applicable,2025,,2,Two
PRT,Portugal,SAL_ACT,Actual salaries,USD_PPP,"US dollars, PPP converted",INST_EDU_PUB,Public educational institutions,ISCED11_02,Pre-primary education,Y35T44,From 35 to 44 years,_T,Total,SH,School head,74294.54012,,A,Normal value,0,Units,MEAN,Arithmetic mean,Q,Constant prices,,,_Z,Not applicable,2025,,2,Two
PRT,Portugal,SAL_ACT,Actual salaries,USD_PPP,"US dollars, PPP converted",INST_EDU_PUB,Public educational institutions,ISCED11_34,Upper secondary general education,Y35T44,From 35 to 44 years,_T,Total,SH,School head,74294.54012,,A,Normal value,0,Units,MEAN,Arithmetic mean,Q,Constant prices,,,_Z,Not applicable,2025,,2,Two
PRT,Portugal,SAL_ACT,Actual salaries,USD_PPP,"US dollars, PPP converted",INST_EDU_PUB,Public educational institutions,ISCED11_34,Upper secondary general education,Y35T44,From 35 to 44 years,_T,Total,TE,Teacher,49456.91178,,A,Normal value,0,Units,MEAN,Arithmetic mean,Q,Constant prices,,,_Z,Not applicable,2025,,2,Two
PRT,Portugal,SAL_ACT,Actual salaries,USD_PPP,"US dollars, PPP converted",INST_EDU_PUB,Public educational institutions,ISCED11_02,Pre-primary education,Y35T44,From 35 to 44 years,_T,Total,TE,Teacher,49575.0328,,A,Normal value,0,Units,MEAN,Arithmetic mean,Q,Constant prices,,,_Z,Not applicable,2025,,2,Two
PRT,Portugal,SAL_ACT,Actual salaries,USD_PPP,"US dollars, PPP converted",INST_EDU_PUB,Public educational institutions,ISCED11_24,Lower secondary general education,Y35T44,From 35 to 44 years,_T,Total,SH,School head,74294.54012,,A,Normal value,0,Units,MEAN,Arithmetic mean,Q,Constant prices,,,_Z,Not applicable,2025,,2,Two
PRT,Portugal,SAL_ACT,Actual salaries,USD_PPP,"US dollars, PPP converted",INST_EDU_PUB,Public educational institutions,ISCED11_1,Primary education,Y35T44,From 35 to 44 years,_T,Total,TE,Teacher,51251.99329,,A,Normal value,0,Units,MEAN,Arithmetic mean,Q,Constant prices,,,_Z,Not applicable,2025,,2,Two
PRT,Portugal,SAL_ACT,Actual salaries,USD_PPP,"US dollars, PPP converted",INST_EDU_PUB,Public educational institutions,ISCED11_24,Lower secondary general education,Y35T44,From 35 to 44 years,_T,Total,TE,Teacher,50083.31111,,A,Normal value,0,Units,MEAN,Arithmetic mean,Q,Constant prices,,,_Z,Not applicable,2025,,2,Two
SWE,Sweden,SAL_ACT,Actual salaries,USD_PPP,"US dollars, PPP converted",INST_EDU_PUB,Public educational institutions,ISCED11_24,Lower secondary general education,Y35T44,From 35 to 44 years,_T,Total,SH,School head,82388.7995,,A,Normal value,0,Units,MEAN,Arithmetic mean,Q,Constant prices,,,_Z,Not applicable,2025,,2,Two
SWE,Sweden,SAL_ACT,Actual salaries,USD_PPP,"US dollars, PPP converted",INST_EDU_PUB,Public educational institutions,ISCED11_34,Upper secondary general education,Y35T44,From 35 to 44 years,_T,Total,SH,School head,84041.45955,,A,Normal value,0,Units,MEAN,Arithmetic mean,Q,Constant prices,,,_Z,Not applicable,2025,,2,Two
SWE,Sweden,SAL_ACT,Actual salaries,USD_PPP,"US dollars, PPP converted",INST_EDU_PUB,Public educational institutions,ISCED11_1,Primary education,Y35T44,From 35 to 44 years,_T,Total,TE,Teacher,57224.95757,,A,Normal value,0,Units,MEAN,Arithmetic mean,Q,Constant prices,,,_Z,Not applicable,2025,,2,Two
SWE,Sweden,SAL_ACT,Actual salaries,USD_PPP,"US dollars, PPP converted",INST_EDU_PUB,Public educational institutions,ISCED11_02,Pre-primary education,Y35T44,From 35 to 44 years,_T,Total,SH,School head,74529.89716,,A,Normal value,0,Units,MEAN,Arithmetic mean,Q,Constant prices,,,_Z,Not applicable,2025,,2,Two
SWE,Sweden,SAL_ACT,Actual salaries,USD_PPP,"US dollars, PPP converted",INST_EDU_PUB,Public educational institutions,ISCED11_02,Pre-primary education,Y35T44,From 35 to 44 years,_T,Total,TE,Teacher,50306.59214,,A,Normal value,0,Units,MEAN,Arithmetic mean,Q,Constant prices,,,_Z,Not applicable,2025,,2,Two
SWE,Sweden,SAL_ACT,Actual salaries,USD_PPP,"US dollars, PPP converted",INST_EDU_PUB,Public educational institutions,ISCED11_34,Upper secondary general education,Y35T44,From 35 to 44 years,_T,Total,TE,Teacher,60117.00439,,A,Normal value,0,Units,MEAN,Arithmetic mean,Q,Constant prices,,,_Z,Not applicable,2025,,2,Two
SWE,Sweden,SAL_ACT,Actual salaries,USD_PPP,"US dollars, PPP converted",INST_EDU_PUB,Public educational institutions,ISCED11_1,Primary education,Y35T44,From 35 to 44 years,_T,Total,SH,School head,82388.7995,,A,Normal value,0,Units,MEAN,Arithmetic mean,Q,Constant prices,,,_Z,Not applicable,2025,,2,Two
SWE,Sweden,SAL_ACT,Actual salaries,USD_PPP,"US dollars, PPP converted",INST_EDU_PUB,Public educational institutions,ISCED11_24,Lower secondary general education,Y35T44,From 35 to 44 years,_T,Total,TE,Teacher,59431.07373,,A,Normal value,0,Units,MEAN,Arithmetic mean,Q,Constant prices,,,_Z,Not applicable,2025,,2,Two
USA,United States,SAL_ACT,Actual salaries,USD_PPP,"US dollars, PPP converted",INST_EDU_PUB,Public educational institutions,ISCED11_1,Primary education,Y35T44,From 35 to 44 years,_T,Total,SH,School head,116661.2547,,A,Normal value,0,Units,MEAN,Arithmetic mean,Q,Constant prices,,,_Z,Not applicable,2025,,2,Two
USA,United States,SAL_ACT,Actual salaries,USD_PPP,"US dollars, PPP converted",INST_EDU_PUB,Public educational institutions,ISCED11_24,Lower secondary general education,Y35T44,From 35 to 44 years,_T,Total,TE,Teacher,72898.64434,,A,Normal value,0,Units,MEAN,Arithmetic mean,Q,Constant prices,,,_Z,Not applicable,2025,,2,Two
USA,United States,SAL_ACT,Actual salaries,USD_PPP,"US dollars, PPP converted",INST_EDU_PUB,Public educational institutions,ISCED11_1,Primary education,Y35T44,From 35 to 44 years,_T,Total,TE,Teacher,69683.30894,,A,Normal value,0,Units,MEAN,Arithmetic mean,Q,Constant prices,,,_Z,Not applicable,2025,,2,Two
USA,United States,SAL_ACT,Actual salaries,USD_PPP,"US dollars, PPP converted",INST_EDU_PUB,Public educational institutions,ISCED11_02,Pre-primary education,Y35T44,From 35 to 44 years,_T,Total,TE,Teacher,67605.35467,,A,Normal value,0,Units,MEAN,Arithmetic mean,Q,Constant prices,,,_Z,Not applicable,2025,,2,Two
USA,United States,SAL_ACT,Actual salaries,USD_PPP,"US dollars, PPP converted",INST_EDU_PUB,Public educational institutions,ISCED11_34,Upper secondary general education,Y35T44,From 35 to 44 years,_T,Total,TE,Teacher,74836.53893,,A,Normal value,0,Units,MEAN,Arithmetic mean,Q,Constant prices,,,_Z,Not applicable,2025,,2,Two
USA,United States,SAL_ACT,Actual salaries,USD_PPP,"US dollars, PPP converted",INST_EDU_PUB,Public educational institutions,ISCED11_24,Lower secondary general education,Y35T44,From 35 to 44 years,_T,Total,SH,School head,120687.9703,,A,Normal value,0,Units,MEAN,Arithmetic mean,Q,Constant prices,,,_Z,Not applicable,2025,,2,Two
USA,United States,SAL_ACT,Actual salaries,USD_PPP,"US dollars, PPP converted",INST_EDU_PUB,Public educational institutions,ISCED11_34,Upper secondary general education,Y35T44,From 35 to 44 years,_T,Total,SH,School head,126473.8836,,A,Normal value,0,Units,MEAN,Arithmetic mean,Q,Constant prices,,,_Z,Not applicable,2025,,2,Two
USA,United States,SAL_ACT,Actual salaries,USD_PPP,"US dollars, PPP converted",INST_EDU_PUB,Public educational institutions,ISCED11_02,Pre-primary education,Y35T44,From 35 to 44 years,_T,Total,SH,School head,114565.1893,,A,Normal value,0,Units,MEAN,Arithmetic mean,Q,Constant prices,,,_Z,Not applicable,2025,,2,Two
FIN,Finland,SAL_ACT,Actual salaries,USD_PPP,"US dollars, PPP converted",INST_EDU_PUB,Public educational institutions,ISCED11_02,Pre-primary education,Y25T34,From 25 to 34 years,_T,Total,SH,School head,66062.70203,,A,Normal value,0,Units,MEAN,Arithmetic mean,Q,Constant prices,,,_Z,Not applicable,2025,,2,Two
NLD,Netherlands,SAL_ACT,Actual salaries,USD_PPP,"US dollars, PPP converted",INST_EDU_PUB,Public educational institutions,ISCED11_24,Lower secondary general education,Y25T34,From 25 to 34 years,_T,Total,SH,School head,133020.5272,,A,Normal value,0,Units,MEAN,Arithmetic mean,Q,Constant prices,,,_Z,Not applicable,2025,,2,Two
NLD,Netherlands,SAL_ACT,Actual salaries,USD_PPP,"US dollars, PPP converted",INST_EDU_PUB,Public educational institutions,ISCED11_1,Primary education,Y25T34,From 25 to 34 years,_T,Total,SH,School head,122215.4528,,A,Normal value,0,Units,MEAN,Arithmetic mean,Q,Constant prices,,,_Z,Not applicable,2025,,2,Two
NLD,Netherlands,SAL_ACT,Actual salaries,USD_PPP,"US dollars, PPP converted",INST_EDU_PUB,Public educational institutions,ISCED11_02,Pre-primary education,Y25T34,From 25 to 34 years,_T,Total,SH,School head,122215.4528,,A,Normal value,0,Units,MEAN,Arithmetic mean,Q,Constant prices,,,_Z,Not applicable,2025,,2,Two
NLD,Netherlands,SAL_ACT,Actual salaries,USD_PPP,"US dollars, PPP converted",INST_EDU_PUB,Public educational institutions,ISCED11_34,Upper secondary general education,Y25T34,From 25 to 34 years,_T,Total,SH,School head,133020.5272,,A,Normal value,0,Units,MEAN,Arithmetic mean,Q,Constant prices,,,_Z,Not applicable,2025,,2,Two
POL,Poland,SAL_ACT,Actual salaries,USD_PPP,"US dollars, PPP converted",INST_EDU_PUB,Public educational institutions,ISCED11_24,Lower secondary general education,Y25T34,From 25 to 34 years,_T,Total,SH,School head,65836.23956,,A,Normal value,0,Units,MEAN,Arithmetic mean,Q,Constant prices,,,_Z,Not applicable,2025,,2,Two
POL,Poland,SAL_ACT,Actual salaries,USD_PPP,"US dollars, PPP converted",INST_EDU_PUB,Public educational institutions,ISCED11_02,Pre-primary education,Y25T34,From 25 to 34 years,_T,Total,SH,School head,59009.69252,,A,Normal value,0,Units,MEAN,Arithmetic mean,Q,Constant prices,,,_Z,Not applicable,2025,,2,Two
POL,Poland,SAL_ACT,Actual salaries,USD_PPP,"US dollars, PPP converted",INST_EDU_PUB,Public educational institutions,ISCED11_1,Primary education,Y25T34,From 25 to 34 years,_T,Total,SH,School head,65836.23956,,A,Normal value,0,Units,MEAN,Arithmetic mean,Q,Constant prices,,,_Z,Not applicable,2025,,2,Two
POL,Poland,SAL_ACT,Actual salaries,USD_PPP,"US dollars, PPP converted",INST_EDU_PUB,Public educational institutions,ISCED11_34,Upper secondary general education,Y25T34,From 25 to 34 years,_T,Total,SH,School head,92629.9885,,A,Normal value,0,Units,MEAN,Arithmetic mean,Q,Constant prices,,,_Z,Not applicable,2025,,2,Two
SWE,Sweden,SAL_ACT,Actual salaries,USD_PPP,"US dollars, PPP converted",INST_EDU_PUB,Public educational institutions,ISCED11_02,Pre-primary education,Y25T34,From 25 to 34 years,_T,Total,SH,School head,66339.67547,,A,Normal value,0,Units,MEAN,Arithmetic mean,Q,Constant prices,,,_Z,Not applicable,2025,,2,Two
SWE,Sweden,SAL_ACT,Actual salaries,USD_PPP,"US dollars, PPP converted",INST_EDU_PUB,Public educational institutions,ISCED11_1,Primary education,Y25T34,From 25 to 34 years,_T,Total,SH,School head,78363.61021,,A,Normal value,0,Units,MEAN,Arithmetic mean,Q,Constant prices,,,_Z,Not applicable,2025,,2,Two
SWE,Sweden,SAL_ACT,Actual salaries,USD_PPP,"US dollars, PPP converted",INST_EDU_PUB,Public educational institutions,ISCED11_24,Lower secondary general education,Y25T34,From 25 to 34 years,_T,Total,SH,School head,78363.61021,,A,Normal value,0,Units,MEAN,Arithmetic mean,Q,Constant prices,,,_Z,Not applicable,2025,,2,Two
USA,United States,SAL_ACT,Actual salaries,USD_PPP,"US dollars, PPP converted",INST_EDU_PUB,Public educational institutions,ISCED11_24,Lower secondary general education,Y25T34,From 25 to 34 years,_T,Total,SH,School head,101956.1966,,A,Normal value,0,Units,MEAN,Arithmetic mean,Q,Constant prices,,,_Z,Not applicable,2025,,2,Two
USA,United States,SAL_ACT,Actual salaries,USD_PPP,"US dollars, PPP converted",INST_EDU_PUB,Public educational institutions,ISCED11_1,Primary education,Y25T34,From 25 to 34 years,_T,Total,SH,School head,106034.8308,,A,Normal value,0,Units,MEAN,Arithmetic mean,Q,Constant prices,,,_Z,Not applicable,2025,,2,Two
USA,United States,SAL_ACT,Actual salaries,USD_PPP,"US dollars, PPP converted",INST_EDU_PUB,Public educational institutions,ISCED11_02,Pre-primary education,Y25T34,From 25 to 34 years,_T,Total,SH,School head,106259.4093,,A,Normal value,0,Units,MEAN,Arithmetic mean,Q,Constant prices,,,_Z,Not applicable,2025,,2,Two
USA,United States,SAL_ACT,Actual salaries,USD_PPP,"US dollars, PPP converted",INST_EDU_PUB,Public educational institutions,ISCED11_34,Upper secondary general education,Y25T34,From 25 to 34 years,_T,Total,SH,School head,104029.3212,,A,Normal value,0,Units,MEAN,Arithmetic mean,Q,Constant prices,,,_Z,Not applicable,2025,,2,Two
FIN,Finland,SAL_ACT,Actual salaries,USD_PPP,"US dollars, PPP converted",INST_EDU_PUB,Public educational institutions,ISCED11_02,Pre-primary education,Y25T34,From 25 to 34 years,_T,Total,TE,Teacher,49296.14988,,A,Normal value,0,Units,MEAN,Arithmetic mean,Q,Constant prices,,,_Z,Not applicable,2025,,2,Two
FIN,Finland,SAL_ACT,Actual salaries,USD_PPP,"US dollars, PPP converted",INST_EDU_PUB,Public educational institutions,ISCED11_1,Primary education,Y25T34,From 25 to 34 years,_T,Total,TE,Teacher,56993.08329,,A,Normal value,0,Units,MEAN,Arithmetic mean,Q,Constant prices,,,_Z,Not applicable,2025,,2,Two
FIN,Finland,SAL_ACT,Actual salaries,USD_PPP,"US dollars, PPP converted",INST_EDU_PUB,Public educational institutions,ISCED11_34,Upper secondary general education,Y25T34,From 25 to 34 years,_T,Total,TE,Teacher,68650.75942,,A,Normal value,0,Units,MEAN,Arithmetic mean,Q,Constant prices,,,_Z,Not applicable,2025,,2,Two
FIN,Finland,SAL_ACT,Actual salaries,USD_PPP,"US dollars, PPP converted",INST_EDU_PUB,Public educational institutions,ISCED11_24,Lower secondary general education,Y25T34,From 25 to 34 years,_T,Total,TE,Teacher,61630.01944,,A,Normal value,0,Units,MEAN,Arithmetic mean,Q,Constant prices,,,_Z,Not applicable,2025,,2,Two
ITA,Italy,SAL_ACT,Actual salaries,USD_PPP,"US dollars, PPP converted",INST_EDU_PUB,Public educational institutions,ISCED11_24,Lower secondary general education,Y25T34,From 25 to 34 years,_T,Total,TE,Teacher,47767.04409,,A,Normal value,0,Units,MEAN,Arithmetic mean,Q,Constant prices,,,_Z,Not applicable,2025,,2,Two
ITA,Italy,SAL_ACT,Actual salaries,USD_PPP,"US dollars, PPP converted",INST_EDU_PUB,Public educational institutions,ISCED11_1,Primary education,Y25T34,From 25 to 34 years,_T,Total,TE,Teacher,44194.81582,,A,Normal value,0,Units,MEAN,Arithmetic mean,Q,Constant prices,,,_Z,Not applicable,2025,,2,Two
ITA,Italy,SAL_ACT,Actual salaries,USD_PPP,"US dollars, PPP converted",INST_EDU_PUB,Public educational institutions,ISCED11_34,Upper secondary general education,Y25T34,From 25 to 34 years,_T,Total,TE,Teacher,48306.65634,,A,Normal value,0,Units,MEAN,Arithmetic mean,Q,Constant prices,,,_Z,Not applicable,2025,,2,Two
ITA,Italy,SAL_ACT,Actual salaries,USD_PPP,"US dollars, PPP converted",INST_EDU_PUB,Public educational institutions,ISCED11_02,Pre-primary education,Y25T34,From 25 to 34 years,_T,Total,TE,Teacher,44194.81582,,A,Normal value,0,Units,MEAN,Arithmetic mean,Q,Constant prices,,,_Z,Not applicable,2025,,2,Two
NLD,Netherlands,SAL_ACT,Actual salaries,USD_PPP,"US dollars, PPP converted",INST_EDU_PUB,Public educational institutions,ISCED11_34,Upper secondary general education,Y25T34,From 25 to 34 years,_T,Total,TE,Teacher,86368.98081,,A,Normal value,0,Units,MEAN,Arithmetic mean,Q,Constant prices,,,_Z,Not applicable,2025,,2,Two
NLD,Netherlands,SAL_ACT,Actual salaries,USD_PPP,"US dollars, PPP converted",INST_EDU_PUB,Public educational institutions,ISCED11_1,Primary education,Y25T34,From 25 to 34 years,_T,Total,TE,Teacher,83104.14793,,A,Normal value,0,Units,MEAN,Arithmetic mean,Q,Constant prices,,,_Z,Not applicable,2025,,2,Two
NLD,Netherlands,SAL_ACT,Actual salaries,USD_PPP,"US dollars, PPP converted",INST_EDU_PUB,Public educational institutions,ISCED11_02,Pre-primary education,Y25T34,From 25 to 34 years,_T,Total,TE,Teacher,83104.14793,,A,Normal value,0,Units,MEAN,Arithmetic mean,Q,Constant prices,,,_Z,Not applicable,2025,,2,Two
NLD,Netherlands,SAL_ACT,Actual salaries,USD_PPP,"US dollars, PPP converted",INST_EDU_PUB,Public educational institutions,ISCED11_24,Lower secondary general education,Y25T34,From 25 to 34 years,_T,Total,TE,Teacher,86368.98081,,A,Normal value,0,Units,MEAN,Arithmetic mean,Q,Constant prices,,,_Z,Not applicable,2025,,2,Two
POL,Poland,SAL_ACT,Actual salaries,USD_PPP,"US dollars, PPP converted",INST_EDU_PUB,Public educational institutions,ISCED11_24,Lower secondary general education,Y25T34,From 25 to 34 years,_T,Total,TE,Teacher,48533.82124,,A,Normal value,0,Units,MEAN,Arithmetic mean,Q,Constant prices,,,_Z,Not applicable,2025,,2,Two
POL,Poland,SAL_ACT,Actual salaries,USD_PPP,"US dollars, PPP converted",INST_EDU_PUB,Public educational institutions,ISCED11_02,Pre-primary education,Y25T34,From 25 to 34 years,_T,Total,TE,Teacher,42849.18201,,A,Normal value,0,Units,MEAN,Arithmetic mean,Q,Constant prices,,,_Z,Not applicable,2025,,2,Two
POL,Poland,SAL_ACT,Actual salaries,USD_PPP,"US dollars, PPP converted",INST_EDU_PUB,Public educational institutions,ISCED11_1,Primary education,Y25T34,From 25 to 34 years,_T,Total,TE,Teacher,47166.81864,,A,Normal value,0,Units,MEAN,Arithmetic mean,Q,Constant prices,,,_Z,Not applicable,2025,,2,Two
POL,Poland,SAL_ACT,Actual salaries,USD_PPP,"US dollars, PPP converted",INST_EDU_PUB,Public educational institutions,ISCED11_34,Upper secondary general education,Y25T34,From 25 to 34 years,_T,Total,TE,Teacher,48033.33395,,A,Normal value,0,Units,MEAN,Arithmetic mean,Q,Constant prices,,,_Z,Not applicable,2025,,2,Two
PRT,Portugal,SAL_ACT,Actual salaries,USD_PPP,"US dollars, PPP converted",INST_EDU_PUB,Public educational institutions,ISCED11_34,Upper secondary general education,Y25T34,From 25 to 34 years,_T,Total,TE,Teacher,43550.86094,,A,Normal value,0,Units,MEAN,Arithmetic mean,Q,Constant prices,,,_Z,Not applicable,2025,,2,Two
PRT,Portugal,SAL_ACT,Actual salaries,USD_PPP,"US dollars, PPP converted",INST_EDU_PUB,Public educational institutions,ISCED11_02,Pre-primary education,Y25T34,From 25 to 34 years,_T,Total,TE,Teacher,47828.27352,,A,Normal value,0,Units,MEAN,Arithmetic mean,Q,Constant prices,,,_Z,Not applicable,2025,,2,Two
PRT,Portugal,SAL_ACT,Actual salaries,USD_PPP,"US dollars, PPP converted",INST_EDU_PUB,Public educational institutions,ISCED11_24,Lower secondary general education,Y25T34,From 25 to 34 years,_T,Total,TE,Teacher,43482.85187,,A,Normal value,0,Units,MEAN,Arithmetic mean,Q,Constant prices,,,_Z,Not applicable,2025,,2,Two
PRT,Portugal,SAL_ACT,Actual salaries,USD_PPP,"US dollars, PPP converted",INST_EDU_PUB,Public educational institutions,ISCED11_1,Primary education,Y25T34,From 25 to 34 years,_T,Total,TE,Teacher,44717.75341,,A,Normal value,0,Units,MEAN,Arithmetic mean,Q,Constant prices,,,_Z,Not applicable,2025,,2,Two
SWE,Sweden,SAL_ACT,Actual salaries,USD_PPP,"US dollars, PPP converted",INST_EDU_PUB,Public educational institutions,ISCED11_1,Primary education,Y25T34,From 25 to 34 years,_T,Total,TE,Teacher,52699.74716,,A,Normal value,0,Units,MEAN,Arithmetic mean,Q,Constant prices,,,_Z,Not applicable,2025,,2,Two
SWE,Sweden,SAL_ACT,Actual salaries,USD_PPP,"US dollars, PPP converted",INST_EDU_PUB,Public educational institutions,ISCED11_02,Pre-primary education,Y25T34,From 25 to 34 years,_T,Total,TE,Teacher,47583.99153,,A,Normal value,0,Units,MEAN,Arithmetic mean,Q,Constant prices,,,_Z,Not applicable,2025,,2,Two
SWE,Sweden,SAL_ACT,Actual salaries,USD_PPP,"US dollars, PPP converted",INST_EDU_PUB,Public educational institutions,ISCED11_34,Upper secondary general education,Y25T34,From 25 to 34 years,_T,Total,TE,Teacher,54727.66766,,A,Normal value,0,Units,MEAN,Arithmetic mean,Q,Constant prices,,,_Z,Not applicable,2025,,2,Two
SWE,Sweden,SAL_ACT,Actual salaries,USD_PPP,"US dollars, PPP converted",INST_EDU_PUB,Public educational institutions,ISCED11_24,Lower secondary general education,Y25T34,From 25 to 34 years,_T,Total,TE,Teacher,54753.43573,,A,Normal value,0,Units,MEAN,Arithmetic mean,Q,Constant prices,,,_Z,Not applicable,2025,,2,Two
USA,United States,SAL_ACT,Actual salaries,USD_PPP,"US dollars, PPP converted",INST_EDU_PUB,Public educational institutions,ISCED11_24,Lower secondary general education,Y25T34,From 25 to 34 years,_T,Total,TE,Teacher,62780.54046,,A,Normal value,0,Units,MEAN,Arithmetic mean,Q,Constant prices,,,_Z,Not applicable,2025,,2,Two
USA,United States,SAL_ACT,Actual salaries,USD_PPP,"US dollars, PPP converted",INST_EDU_PUB,Public educational institutions,ISCED11_1,Primary education,Y25T34,From 25 to 34 years,_T,Total,TE,Teacher,61342.514,,A,Normal value,0,Units,MEAN,Arithmetic mean,Q,Constant prices,,,_Z,Not applicable,2025,,2,Two
USA,United States,SAL_ACT,Actual salaries,USD_PPP,"US dollars, PPP converted",INST_EDU_PUB,Public educational institutions,ISCED11_34,Upper secondary general education,Y25T34,From 25 to 34 years,_T,Total,TE,Teacher,63992.78107,,A,Normal value,0,Units,MEAN,Arithmetic mean,Q,Constant prices,,,_Z,Not applicable,2025,,2,Two
USA,United States,SAL_ACT,Actual salaries,USD_PPP,"US dollars, PPP converted",INST_EDU_PUB,Public educational institutions,ISCED11_02,Pre-primary education,Y25T34,From 25 to 34 years,_T,Total,TE,Teacher,60277.57753,,A,Normal value,0,Units,MEAN,Arithmetic mean,Q,Constant prices,,,_Z,Not applicable,2025,,2,Two
FIN,Finland,SAL_ACT,Actual salaries,USD_PPP,"US dollars, PPP converted",INST_EDU_PUB,Public educational institutions,ISCED11_24,Lower secondary general education,Y25T64,From 25 to 64 years,M,Male,TE,Teacher,73661.94896,,A,Normal value,0,Units,MEAN,Arithmetic mean,Q,Constant prices,,,_Z,Not applicable,2025,,2,Two
FIN,Finland,SAL_ACT,Actual salaries,USD_PPP,"US dollars, PPP converted",INST_EDU_PUB,Public educational institutions,ISCED11_24,Lower secondary general education,Y25T64,From 25 to 64 years,M,Male,SH,School head,108245.5001,,A,Normal value,0,Units,MEAN,Arithmetic mean,Q,Constant prices,,,_Z,Not applicable,2025,,2,Two
FIN,Finland,SAL_ACT,Actual salaries,USD_PPP,"US dollars, PPP converted",INST_EDU_PUB,Public educational institutions,ISCED11_34,Upper secondary general education,Y25T64,From 25 to 64 years,M,Male,TE,Teacher,83113.43303,,A,Normal value,0,Units,MEAN,Arithmetic mean,Q,Constant prices,,,_Z,Not applicable,2025,,2,Two
FIN,Finland,SAL_ACT,Actual salaries,USD_PPP,"US dollars, PPP converted",INST_EDU_PUB,Public educational institutions,ISCED11_02,Pre-primary education,Y25T64,From 25 to 64 years,M,Male,TE,Teacher,51893.08786,,A,Normal value,0,Units,MEAN,Arithmetic mean,Q,Constant prices,,,_Z,Not applicable,2025,,2,Two
FIN,Finland,SAL_ACT,Actual salaries,USD_PPP,"US dollars, PPP converted",INST_EDU_PUB,Public educational institutions,ISCED11_1,Primary education,Y25T64,From 25 to 64 years,M,Male,TE,Teacher,68559.41622,,A,Normal value,0,Units,MEAN,Arithmetic mean,Q,Constant prices,,,_Z,Not applicable,2025,,2,Two
FIN,Finland,SAL_ACT,Actual salaries,USD_PPP,"US dollars, PPP converted",INST_EDU_PUB,Public educational institutions,ISCED11_02,Pre-primary education,Y25T64,From 25 to 64 years,M,Male,SH,School head,73191.27774,,A,Normal value,0,Units,MEAN,Arithmetic mean,Q,Constant prices,,,_Z,Not applicable,2025,,2,Two
FIN,Finland,SAL_ACT,Actual salaries,USD_PPP,"US dollars, PPP converted",INST_EDU_PUB,Public educational institutions,ISCED11_34,Upper secondary general education,Y25T64,From 25 to 64 years,M,Male,SH,School head,112407.959,,A,Normal value,0,Units,MEAN,Arithmetic mean,Q,Constant prices,,,_Z,Not applicable,2025,,2,Two
FIN,Finland,SAL_ACT,Actual salaries,USD_PPP,"US dollars, PPP converted",INST_EDU_PUB,Public educational institutions,ISCED11_1,Primary education,Y25T64,From 25 to 64 years,M,Male,SH,School head,91971.18629,,A,Normal value,0,Units,MEAN,Arithmetic mean,Q,Constant prices,,,_Z,Not applicable,2025,,2,Two
ITA,Italy,SAL_ACT,Actual salaries,USD_PPP,"US dollars, PPP converted",INST_EDU_PUB,Public educational institutions,ISCED11_24,Lower secondary general education,Y25T64,From 25 to 64 years,M,Male,TE,Teacher,53299.71226,,A,Normal value,0,Units,MEAN,Arithmetic mean,Q,Constant prices,,,_Z,Not applicable,2025,,2,Two
ITA,Italy,SAL_ACT,Actual salaries,USD_PPP,"US dollars, PPP converted",INST_EDU_PUB,Public educational institutions,ISCED11_02,Pre-primary education,Y25T64,From 25 to 64 years,M,Male,TE,Teacher,49173.71453,,A,Normal value,0,Units,MEAN,Arithmetic mean,Q,Constant prices,,,_Z,Not applicable,2025,,2,Two
ITA,Italy,SAL_ACT,Actual salaries,USD_PPP,"US dollars, PPP converted",INST_EDU_PUB,Public educational institutions,ISCED11_1,Primary education,Y25T64,From 25 to 64 years,M,Male,TE,Teacher,49173.71453,,A,Normal value,0,Units,MEAN,Arithmetic mean,Q,Constant prices,,,_Z,Not applicable,2025,,2,Two
ITA,Italy,SAL_ACT,Actual salaries,USD_PPP,"US dollars, PPP converted",INST_EDU_PUB,Public educational institutions,ISCED11_24,Lower secondary general education,Y25T64,From 25 to 64 years,M,Male,SH,School head,157431.8655,,A,Normal value,0,Units,MEAN,Arithmetic mean,Q,Constant prices,,,_Z,Not applicable,2025,,2,Two
ITA,Italy,SAL_ACT,Actual salaries,USD_PPP,"US dollars, PPP converted",INST_EDU_PUB,Public educational institutions,ISCED11_1,Primary education,Y25T64,From 25 to 64 years,M,Male,SH,School head,157431.8655,,A,Normal value,0,Units,MEAN,Arithmetic mean,Q,Constant prices,,,_Z,Not applicable,2025,,2,Two
ITA,Italy,SAL_ACT,Actual salaries,USD_PPP,"US dollars, PPP converted",INST_EDU_PUB,Public educational institutions,ISCED11_34,Upper secondary general education,Y25T64,From 25 to 64 years,M,Male,TE,Teacher,56794.76342,,A,Normal value,0,Units,MEAN,Arithmetic mean,Q,Constant prices,,,_Z,Not applicable,2025,,2,Two
ITA,Italy,SAL_ACT,Actual salaries,USD_PPP,"US dollars, PPP converted",INST_EDU_PUB,Public educational institutions,ISCED11_34,Upper secondary general education,Y25T64,From 25 to 64 years,M,Male,SH,School head,157431.8655,,A,Normal value,0,Units,MEAN,Arithmetic mean,Q,Constant prices,,,_Z,Not applicable,2025,,2,Two
NLD,Netherlands,SAL_ACT,Actual salaries,USD_PPP,"US dollars, PPP converted",INST_EDU_PUB,Public educational institutions,ISCED11_02,Pre-primary education,Y25T64,From 25 to 64 years,M,Male,SH,School head,138404.1062,,A,Normal value,0,Units,MEAN,Arithmetic mean,Q,Constant prices,,,_Z,Not applicable,2025,,2,Two
NLD,Netherlands,SAL_ACT,Actual salaries,USD_PPP,"US dollars, PPP converted",INST_EDU_PUB,Public educational institutions,ISCED11_34,Upper secondary general education,Y25T64,From 25 to 64 years,M,Male,SH,School head,156118.8462,,A,Normal value,0,Units,MEAN,Arithmetic mean,Q,Constant prices,,,_Z,Not applicable,2025,,2,Two
NLD,Netherlands,SAL_ACT,Actual salaries,USD_PPP,"US dollars, PPP converted",INST_EDU_PUB,Public educational institutions,ISCED11_1,Primary education,Y25T64,From 25 to 64 years,M,Male,TE,Teacher,96043.64351,,A,Normal value,0,Units,MEAN,Arithmetic mean,Q,Constant prices,,,_Z,Not applicable,2025,,2,Two
NLD,Netherlands,SAL_ACT,Actual salaries,USD_PPP,"US dollars, PPP converted",INST_EDU_PUB,Public educational institutions,ISCED11_02,Pre-primary education,Y25T64,From 25 to 64 years,M,Male,TE,Teacher,96043.64351,,A,Normal value,0,Units,MEAN,Arithmetic mean,Q,Constant prices,,,_Z,Not applicable,2025,,2,Two
NLD,Netherlands,SAL_ACT,Actual salaries,USD_PPP,"US dollars, PPP converted",INST_EDU_PUB,Public educational institutions,ISCED11_24,Lower secondary general education,Y25T64,From 25 to 64 years,M,Male,SH,School head,156118.8462,,A,Normal value,0,Units,MEAN,Arithmetic mean,Q,Constant prices,,,_Z,Not applicable,2025,,2,Two
NLD,Netherlands,SAL_ACT,Actual salaries,USD_PPP,"US dollars, PPP converted",INST_EDU_PUB,Public educational institutions,ISCED11_1,Primary education,Y25T64,From 25 to 64 years,M,Male,SH,School head,138404.1062,,A,Normal value,0,Units,MEAN,Arithmetic mean,Q,Constant prices,,,_Z,Not applicable,2025,,2,Two
NLD,Netherlands,SAL_ACT,Actual salaries,USD_PPP,"US dollars, PPP converted",INST_EDU_PUB,Public educational institutions,ISCED11_34,Upper secondary general education,Y25T64,From 25 to 64 years,M,Male,TE,Teacher,108447.3613,,A,Normal value,0,Units,MEAN,Arithmetic mean,Q,Constant prices,,,_Z,Not applicable,2025,,2,Two
NLD,Netherlands,SAL_ACT,Actual salaries,USD_PPP,"US dollars, PPP converted",INST_EDU_PUB,Public educational institutions,ISCED11_24,Lower secondary general education,Y25T64,From 25 to 64 years,M,Male,TE,Teacher,108447.3613,,A,Normal value,0,Units,MEAN,Arithmetic mean,Q,Constant prices,,,_Z,Not applicable,2025,,2,Two
POL,Poland,SAL_ACT,Actual salaries,USD_PPP,"US dollars, PPP converted",INST_EDU_PUB,Public educational institutions,ISCED11_02,Pre-primary education,Y25T64,From 25 to 64 years,M,Male,TE,Teacher,51509.35513,,A,Normal value,0,Units,MEAN,Arithmetic mean,Q,Constant prices,,,_Z,Not applicable,2025,,2,Two
POL,Poland,SAL_ACT,Actual salaries,USD_PPP,"US dollars, PPP converted",INST_EDU_PUB,Public educational institutions,ISCED11_24,Lower secondary general education,Y25T64,From 25 to 64 years,M,Male,SH,School head,80787.61262,,A,Normal value,0,Units,MEAN,Arithmetic mean,Q,Constant prices,,,_Z,Not applicable,2025,,2,Two
POL,Poland,SAL_ACT,Actual salaries,USD_PPP,"US dollars, PPP converted",INST_EDU_PUB,Public educational institutions,ISCED11_02,Pre-primary education,Y25T64,From 25 to 64 years,M,Male,SH,School head,76457.52606,,A,Normal value,0,Units,MEAN,Arithmetic mean,Q,Constant prices,,,_Z,Not applicable,2025,,2,Two
POL,Poland,SAL_ACT,Actual salaries,USD_PPP,"US dollars, PPP converted",INST_EDU_PUB,Public educational institutions,ISCED11_34,Upper secondary general education,Y25T64,From 25 to 64 years,M,Male,TE,Teacher,61319.90201,,A,Normal value,0,Units,MEAN,Arithmetic mean,Q,Constant prices,,,_Z,Not applicable,2025,,2,Two
POL,Poland,SAL_ACT,Actual salaries,USD_PPP,"US dollars, PPP converted",INST_EDU_PUB,Public educational institutions,ISCED11_34,Upper secondary general education,Y25T64,From 25 to 64 years,M,Male,SH,School head,87047.43873,,A,Normal value,0,Units,MEAN,Arithmetic mean,Q,Constant prices,,,_Z,Not applicable,2025,,2,Two
POL,Poland,SAL_ACT,Actual salaries,USD_PPP,"US dollars, PPP converted",INST_EDU_PUB,Public educational institutions,ISCED11_1,Primary education,Y25T64,From 25 to 64 years,M,Male,TE,Teacher,57034.13722,,A,Normal value,0,Units,MEAN,Arithmetic mean,Q,Constant prices,,,_Z,Not applicable,2025,,2,Two
POL,Poland,SAL_ACT,Actual salaries,USD_PPP,"US dollars, PPP converted",INST_EDU_PUB,Public educational institutions,ISCED11_1,Primary education,Y25T64,From 25 to 64 years,M,Male,SH,School head,80787.61262,,A,Normal value,0,Units,MEAN,Arithmetic mean,Q,Constant prices,,,_Z,Not applicable,2025,,2,Two
POL,Poland,SAL_ACT,Actual salaries,USD_PPP,"US dollars, PPP converted",INST_EDU_PUB,Public educational institutions,ISCED11_24,Lower secondary general education,Y25T64,From 25 to 64 years,M,Male,TE,Teacher,60538.54424,,A,Normal value,0,Units,MEAN,Arithmetic mean,Q,Constant prices,,,_Z,Not applicable,2025,,2,Two
PRT,Portugal,SAL_ACT,Actual salaries,USD_PPP,"US dollars, PPP converted",INST_EDU_PUB,Public educational institutions,ISCED11_34,Upper secondary general education,Y25T64,From 25 to 64 years,M,Male,TE,Teacher,66219.35789,,A,Normal value,0,Units,MEAN,Arithmetic mean,Q,Constant prices,,,_Z,Not applicable,2025,,2,Two
PRT,Portugal,SAL_ACT,Actual salaries,USD_PPP,"US dollars, PPP converted",INST_EDU_PUB,Public educational institutions,ISCED11_02,Pre-primary education,Y25T64,From 25 to 64 years,M,Male,SH,School head,92478.01786,,A,Normal value,0,Units,MEAN,Arithmetic mean,Q,Constant prices,,,_Z,Not applicable,2025,,2,Two
PRT,Portugal,SAL_ACT,Actual salaries,USD_PPP,"US dollars, PPP converted",INST_EDU_PUB,Public educational institutions,ISCED11_1,Primary education,Y25T64,From 25 to 64 years,M,Male,SH,School head,92478.01786,,A,Normal value,0,Units,MEAN,Arithmetic mean,Q,Constant prices,,,_Z,Not applicable,2025,,2,Two
PRT,Portugal,SAL_ACT,Actual salaries,USD_PPP,"US dollars, PPP converted",INST_EDU_PUB,Public educational institutions,ISCED11_34,Upper secondary general education,Y25T64,From 25 to 64 years,M,Male,SH,School head,92478.01786,,A,Normal value,0,Units,MEAN,Arithmetic mean,Q,Constant prices,,,_Z,Not applicable,2025,,2,Two
PRT,Portugal,SAL_ACT,Actual salaries,USD_PPP,"US dollars, PPP converted",INST_EDU_PUB,Public educational institutions,ISCED11_1,Primary education,Y25T64,From 25 to 64 years,M,Male,TE,Teacher,65295.8663,,A,Normal value,0,Units,MEAN,Arithmetic mean,Q,Constant prices,,,_Z,Not applicable,2025,,2,Two
PRT,Portugal,SAL_ACT,Actual salaries,USD_PPP,"US dollars, PPP converted",INST_EDU_PUB,Public educational institutions,ISCED11_02,Pre-primary education,Y25T64,From 25 to 64 years,M,Male,TE,Teacher,63561.63501,,A,Normal value,0,Units,MEAN,Arithmetic mean,Q,Constant prices,,,_Z,Not applicable,2025,,2,Two
PRT,Portugal,SAL_ACT,Actual salaries,USD_PPP,"US dollars, PPP converted",INST_EDU_PUB,Public educational institutions,ISCED11_24,Lower secondary general education,Y25T64,From 25 to 64 years,M,Male,TE,Teacher,61859.61854,,A,Normal value,0,Units,MEAN,Arithmetic mean,Q,Constant prices,,,_Z,Not applicable,2025,,2,Two
PRT,Portugal,SAL_ACT,Actual salaries,USD_PPP,"US dollars, PPP converted",INST_EDU_PUB,Public educational institutions,ISCED11_24,Lower secondary general education,Y25T64,From 25 to 64 years,M,Male,SH,School head,92478.01786,,A,Normal value,0,Units,MEAN,Arithmetic mean,Q,Constant prices,,,_Z,Not applicable,2025,,2,Two
SWE,Sweden,SAL_ACT,Actual salaries,USD_PPP,"US dollars, PPP converted",INST_EDU_PUB,Public educational institutions,ISCED11_34,Upper secondary general education,Y25T64,From 25 to 64 years,M,Male,TE,Teacher,61833.89799,,A,Normal value,0,Units,MEAN,Arithmetic mean,Q,Constant prices,,,_Z,Not applicable,2025,,2,Two
SWE,Sweden,SAL_ACT,Actual salaries,USD_PPP,"US dollars, PPP converted",INST_EDU_PUB,Public educational institutions,ISCED11_02,Pre-primary education,Y25T64,From 25 to 64 years,M,Male,SH,School head,78098.58489,,A,Normal value,0,Units,MEAN,Arithmetic mean,Q,Constant prices,,,_Z,Not applicable,2025,,2,Two
SWE,Sweden,SAL_ACT,Actual salaries,USD_PPP,"US dollars, PPP converted",INST_EDU_PUB,Public educational institutions,ISCED11_34,Upper secondary general education,Y25T64,From 25 to 64 years,M,Male,SH,School head,88872.34122,,A,Normal value,0,Units,MEAN,Arithmetic mean,Q,Constant prices,,,_Z,Not applicable,2025,,2,Two
SWE,Sweden,SAL_ACT,Actual salaries,USD_PPP,"US dollars, PPP converted",INST_EDU_PUB,Public educational institutions,ISCED11_24,Lower secondary general education,Y25T64,From 25 to 64 years,M,Male,SH,School head,87700.81758,,A,Normal value,0,Units,MEAN,Arithmetic mean,Q,Constant prices,,,_Z,Not applicable,2025,,2,Two
SWE,Sweden,SAL_ACT,Actual salaries,USD_PPP,"US dollars, PPP converted",INST_EDU_PUB,Public educational institutions,ISCED11_1,Primary education,Y25T64,From 25 to 64 years,M,Male,TE,Teacher,57782.00405,,A,Normal value,0,Units,MEAN,Arithmetic mean,Q,Constant prices,,,_Z,Not applicable,2025,,2,Two
SWE,Sweden,SAL_ACT,Actual salaries,USD_PPP,"US dollars, PPP converted",INST_EDU_PUB,Public educational institutions,ISCED11_1,Primary education,Y25T64,From 25 to 64 years,M,Male,SH,School head,87700.81758,,A,Normal value,0,Units,MEAN,Arithmetic mean,Q,Constant prices,,,_Z,Not applicable,2025,,2,Two
SWE,Sweden,SAL_ACT,Actual salaries,USD_PPP,"US dollars, PPP converted",INST_EDU_PUB,Public educational institutions,ISCED11_24,Lower secondary general education,Y25T64,From 25 to 64 years,M,Male,TE,Teacher,60520.68357,,A,Normal value,0,Units,MEAN,Arithmetic mean,Q,Constant prices,,,_Z,Not applicable,2025,,2,Two
SWE,Sweden,SAL_ACT,Actual salaries,USD_PPP,"US dollars, PPP converted",INST_EDU_PUB,Public educational institutions,ISCED11_02,Pre-primary education,Y25T64,From 25 to 64 years,M,Male,TE,Teacher,51582.61226,,A,Normal value,0,Units,MEAN,Arithmetic mean,Q,Constant prices,,,_Z,Not applicable,2025,,2,Two
USA,United States,SAL_ACT,Actual salaries,USD_PPP,"US dollars, PPP converted",INST_EDU_PUB,Public educational institutions,ISCED11_24,Lower secondary general education,Y25T64,From 25 to 64 years,M,Male,TE,Teacher,73631.54279,,A,Normal value,0,Units,MEAN,Arithmetic mean,Q,Constant prices,,,_Z,Not applicable,2025,,2,Two
USA,United States,SAL_ACT,Actual salaries,USD_PPP,"US dollars, PPP converted",INST_EDU_PUB,Public educational institutions,ISCED11_34,Upper secondary general education,Y25T64,From 25 to 64 years,M,Male,TE,Teacher,77218.76076,,A,Normal value,0,Units,MEAN,Arithmetic mean,Q,Constant prices,,,_Z,Not applicable,2025,,2,Two
USA,United States,SAL_ACT,Actual salaries,USD_PPP,"US dollars, PPP converted",INST_EDU_PUB,Public educational institutions,ISCED11_1,Primary education,Y25T64,From 25 to 64 years,M,Male,SH,School head,121507.8023,,A,Normal value,0,Units,MEAN,Arithmetic mean,Q,Constant prices,,,_Z,Not applicable,2025,,2,Two
USA,United States,SAL_ACT,Actual salaries,USD_PPP,"US dollars, PPP converted",INST_EDU_PUB,Public educational institutions,ISCED11_34,Upper secondary general education,Y25T64,From 25 to 64 years,M,Male,SH,School head,129511.7296,,A,Normal value,0,Units,MEAN,Arithmetic mean,Q,Constant prices,,,_Z,Not applicable,2025,,2,Two
USA,United States,SAL_ACT,Actual salaries,USD_PPP,"US dollars, PPP converted",INST_EDU_PUB,Public educational institutions,ISCED11_24,Lower secondary general education,Y25T64,From 25 to 64 years,M,Male,SH,School head,126313.298,,A,Normal value,0,Units,MEAN,Arithmetic mean,Q,Constant prices,,,_Z,Not applicable,2025,,2,Two
USA,United States,SAL_ACT,Actual salaries,USD_PPP,"US dollars, PPP converted",INST_EDU_PUB,Public educational institutions,ISCED11_02,Pre-primary education,Y25T64,From 25 to 64 years,M,Male,SH,School head,120686.7629,,A,Normal value,0,Units,MEAN,Arithmetic mean,Q,Constant prices,,,_Z,Not applicable,2025,,2,Two
USA,United States,SAL_ACT,Actual salaries,USD_PPP,"US dollars, PPP converted",INST_EDU_PUB,Public educational institutions,ISCED11_1,Primary education,Y25T64,From 25 to 64 years,M,Male,TE,Teacher,72439.82817,,A,Normal value,0,Units,MEAN,Arithmetic mean,Q,Constant prices,,,_Z,Not applicable,2025,,2,Two
USA,United States,SAL_ACT,Actual salaries,USD_PPP,"US dollars, PPP converted",INST_EDU_PUB,Public educational institutions,ISCED11_02,Pre-primary education,Y25T64,From 25 to 64 years,M,Male,TE,Teacher,68682.36525,,A,Normal value,0,Units,MEAN,Arithmetic mean,Q,Constant prices,,,_Z,Not applicable,2025,,2,Two
FIN,Finland,SAL_ACT,Actual salaries,USD_PPP,"US dollars, PPP converted",INST_EDU_PUB,Public educational institutions,ISCED11_02,Pre-primary education,Y25T64,From 25 to 64 years,F,Female,SH,School head,70293.66839,,A,Normal value,0,Units,MEAN,Arithmetic mean,Q,Constant prices,,,_Z,Not applicable,2025,,2,Two
FIN,Finland,SAL_ACT,Actual salaries,USD_PPP,"US dollars, PPP converted",INST_EDU_PUB,Public educational institutions,ISCED11_24,Lower secondary general education,Y25T64,From 25 to 64 years,F,Female,SH,School head,108088.1868,,A,Normal value,0,Units,MEAN,Arithmetic mean,Q,Constant prices,,,_Z,Not applicable,2025,,2,Two
FIN,Finland,SAL_ACT,Actual salaries,USD_PPP,"US dollars, PPP converted",INST_EDU_PUB,Public educational institutions,ISCED11_1,Primary education,Y25T64,From 25 to 64 years,F,Female,SH,School head,92247.75321,,A,Normal value,0,Units,MEAN,Arithmetic mean,Q,Constant prices,,,_Z,Not applicable,2025,,2,Two
FIN,Finland,SAL_ACT,Actual salaries,USD_PPP,"US dollars, PPP converted",INST_EDU_PUB,Public educational institutions,ISCED11_24,Lower secondary general education,Y25T64,From 25 to 64 years,F,Female,TE,Teacher,72364.1143,,A,Normal value,0,Units,MEAN,Arithmetic mean,Q,Constant prices,,,_Z,Not applicable,2025,,2,Two
FIN,Finland,SAL_ACT,Actual salaries,USD_PPP,"US dollars, PPP converted",INST_EDU_PUB,Public educational institutions,ISCED11_34,Upper secondary general education,Y25T64,From 25 to 64 years,F,Female,SH,School head,110588.7069,,A,Normal value,0,Units,MEAN,Arithmetic mean,Q,Constant prices,,,_Z,Not applicable,2025,,2,Two
FIN,Finland,SAL_ACT,Actual salaries,USD_PPP,"US dollars, PPP converted",INST_EDU_PUB,Public educational institutions,ISCED11_1,Primary education,Y25T64,From 25 to 64 years,F,Female,TE,Teacher,65673.22477,,A,Normal value,0,Units,MEAN,Arithmetic mean,Q,Constant prices,,,_Z,Not applicable,2025,,2,Two
FIN,Finland,SAL_ACT,Actual salaries,USD_PPP,"US dollars, PPP converted",INST_EDU_PUB,Public educational institutions,ISCED11_34,Upper secondary general education,Y25T64,From 25 to 64 years,F,Female,TE,Teacher,81901.86695,,A,Normal value,0,Units,MEAN,Arithmetic mean,Q,Constant prices,,,_Z,Not applicable,2025,,2,Two
FIN,Finland,SAL_ACT,Actual salaries,USD_PPP,"US dollars, PPP converted",INST_EDU_PUB,Public educational institutions,ISCED11_02,Pre-primary education,Y25T64,From 25 to 64 years,F,Female,TE,Teacher,52815.40046,,A,Normal value,0,Units,MEAN,Arithmetic mean,Q,Constant prices,,,_Z,Not applicable,2025,,2,Two
ITA,Italy,SAL_ACT,Actual salaries,USD_PPP,"US dollars, PPP converted",INST_EDU_PUB,Public educational institutions,ISCED11_34,Upper secondary general education,Y25T64,From 25 to 64 years,F,Female,TE,Teacher,57702.67047,,A,Normal value,0,Units,MEAN,Arithmetic mean,Q,Constant prices,,,_Z,Not applicable,2025,,2,Two
ITA,Italy,SAL_ACT,Actual salaries,USD_PPP,"US dollars, PPP converted",INST_EDU_PUB,Public educational institutions,ISCED11_24,Lower secondary general education,Y25T64,From 25 to 64 years,F,Female,SH,School head,155986.894,,A,Normal value,0,Units,MEAN,Arithmetic mean,Q,Constant prices,,,_Z,Not applicable,2025,,2,Two
ITA,Italy,SAL_ACT,Actual salaries,USD_PPP,"US dollars, PPP converted",INST_EDU_PUB,Public educational institutions,ISCED11_24,Lower secondary general education,Y25T64,From 25 to 64 years,F,Female,TE,Teacher,54203.65789,,A,Normal value,0,Units,MEAN,Arithmetic mean,Q,Constant prices,,,_Z,Not applicable,2025,,2,Two
ITA,Italy,SAL_ACT,Actual salaries,USD_PPP,"US dollars, PPP converted",INST_EDU_PUB,Public educational institutions,ISCED11_1,Primary education,Y25T64,From 25 to 64 years,F,Female,TE,Teacher,51447.76606,,A,Normal value,0,Units,MEAN,Arithmetic mean,Q,Constant prices,,,_Z,Not applicable,2025,,2,Two
ITA,Italy,SAL_ACT,Actual salaries,USD_PPP,"US dollars, PPP converted",INST_EDU_PUB,Public educational institutions,ISCED11_34,Upper secondary general education,Y25T64,From 25 to 64 years,F,Female,SH,School head,155986.894,,A,Normal value,0,Units,MEAN,Arithmetic mean,Q,Constant prices,,,_Z,Not applicable,2025,,2,Two
ITA,Italy,SAL_ACT,Actual salaries,USD_PPP,"US dollars, PPP converted",INST_EDU_PUB,Public educational institutions,ISCED11_1,Primary education,Y25T64,From 25 to 64 years,F,Female,SH,School head,155986.894,,A,Normal value,0,Units,MEAN,Arithmetic mean,Q,Constant prices,,,_Z,Not applicable,2025,,2,Two
ITA,Italy,SAL_ACT,Actual salaries,USD_PPP,"US dollars, PPP converted",INST_EDU_PUB,Public educational institutions,ISCED11_02,Pre-primary education,Y25T64,From 25 to 64 years,F,Female,TE,Teacher,51447.76606,,A,Normal value,0,Units,MEAN,Arithmetic mean,Q,Constant prices,,,_Z,Not applicable,2025,,2,Two
NLD,Netherlands,SAL_ACT,Actual salaries,USD_PPP,"US dollars, PPP converted",INST_EDU_PUB,Public educational institutions,ISCED11_34,Upper secondary general education,Y25T64,From 25 to 64 years,F,Female,SH,School head,154189.4224,,A,Normal value,0,Units,MEAN,Arithmetic mean,Q,Constant prices,,,_Z,Not applicable,2025,,2,Two
NLD,Netherlands,SAL_ACT,Actual salaries,USD_PPP,"US dollars, PPP converted",INST_EDU_PUB,Public educational institutions,ISCED11_24,Lower secondary general education,Y25T64,From 25 to 64 years,F,Female,SH,School head,154189.4224,,A,Normal value,0,Units,MEAN,Arithmetic mean,Q,Constant prices,,,_Z,Not applicable,2025,,2,Two
NLD,Netherlands,SAL_ACT,Actual salaries,USD_PPP,"US dollars, PPP converted",INST_EDU_PUB,Public educational institutions,ISCED11_34,Upper secondary general education,Y25T64,From 25 to 64 years,F,Female,TE,Teacher,106312.9415,,A,Normal value,0,Units,MEAN,Arithmetic mean,Q,Constant prices,,,_Z,Not applicable,2025,,2,Two
NLD,Netherlands,SAL_ACT,Actual salaries,USD_PPP,"US dollars, PPP converted",INST_EDU_PUB,Public educational institutions,ISCED11_02,Pre-primary education,Y25T64,From 25 to 64 years,F,Female,TE,Teacher,99386.15351,,A,Normal value,0,Units,MEAN,Arithmetic mean,Q,Constant prices,,,_Z,Not applicable,2025,,2,Two
NLD,Netherlands,SAL_ACT,Actual salaries,USD_PPP,"US dollars, PPP converted",INST_EDU_PUB,Public educational institutions,ISCED11_24,Lower secondary general education,Y25T64,From 25 to 64 years,F,Female,TE,Teacher,106312.9415,,A,Normal value,0,Units,MEAN,Arithmetic mean,Q,Constant prices,,,_Z,Not applicable,2025,,2,Two
NLD,Netherlands,SAL_ACT,Actual salaries,USD_PPP,"US dollars, PPP converted",INST_EDU_PUB,Public educational institutions,ISCED11_1,Primary education,Y25T64,From 25 to 64 years,F,Female,TE,Teacher,99386.15351,,A,Normal value,0,Units,MEAN,Arithmetic mean,Q,Constant prices,,,_Z,Not applicable,2025,,2,Two
NLD,Netherlands,SAL_ACT,Actual salaries,USD_PPP,"US dollars, PPP converted",INST_EDU_PUB,Public educational institutions,ISCED11_02,Pre-primary education,Y25T64,From 25 to 64 years,F,Female,SH,School head,137911.4578,,A,Normal value,0,Units,MEAN,Arithmetic mean,Q,Constant prices,,,_Z,Not applicable,2025,,2,Two
NLD,Netherlands,SAL_ACT,Actual salaries,USD_PPP,"US dollars, PPP converted",INST_EDU_PUB,Public educational institutions,ISCED11_1,Primary education,Y25T64,From 25 to 64 years,F,Female,SH,School head,137911.4578,,A,Normal value,0,Units,MEAN,Arithmetic mean,Q,Constant prices,,,_Z,Not applicable,2025,,2,Two
POL,Poland,SAL_ACT,Actual salaries,USD_PPP,"US dollars, PPP converted",INST_EDU_PUB,Public educational institutions,ISCED11_02,Pre-primary education,Y25T64,From 25 to 64 years,F,Female,SH,School head,75201.07886,,A,Normal value,0,Units,MEAN,Arithmetic mean,Q,Constant prices,,,_Z,Not applicable,2025,,2,Two
POL,Poland,SAL_ACT,Actual salaries,USD_PPP,"US dollars, PPP converted",INST_EDU_PUB,Public educational institutions,ISCED11_34,Upper secondary general education,Y25T64,From 25 to 64 years,F,Female,SH,School head,87438.36661,,A,Normal value,0,Units,MEAN,Arithmetic mean,Q,Constant prices,,,_Z,Not applicable,2025,,2,Two
POL,Poland,SAL_ACT,Actual salaries,USD_PPP,"US dollars, PPP converted",INST_EDU_PUB,Public educational institutions,ISCED11_24,Lower secondary general education,Y25T64,From 25 to 64 years,F,Female,SH,School head,80218.4017,,A,Normal value,0,Units,MEAN,Arithmetic mean,Q,Constant prices,,,_Z,Not applicable,2025,,2,Two
POL,Poland,SAL_ACT,Actual salaries,USD_PPP,"US dollars, PPP converted",INST_EDU_PUB,Public educational institutions,ISCED11_1,Primary education,Y25T64,From 25 to 64 years,F,Female,SH,School head,80218.4017,,A,Normal value,0,Units,MEAN,Arithmetic mean,Q,Constant prices,,,_Z,Not applicable,2025,,2,Two
POL,Poland,SAL_ACT,Actual salaries,USD_PPP,"US dollars, PPP converted",INST_EDU_PUB,Public educational institutions,ISCED11_1,Primary education,Y25T64,From 25 to 64 years,F,Female,TE,Teacher,59931.48553,,A,Normal value,0,Units,MEAN,Arithmetic mean,Q,Constant prices,,,_Z,Not applicable,2025,,2,Two
POL,Poland,SAL_ACT,Actual salaries,USD_PPP,"US dollars, PPP converted",INST_EDU_PUB,Public educational institutions,ISCED11_02,Pre-primary education,Y25T64,From 25 to 64 years,F,Female,TE,Teacher,51361.94793,,A,Normal value,0,Units,MEAN,Arithmetic mean,Q,Constant prices,,,_Z,Not applicable,2025,,2,Two
POL,Poland,SAL_ACT,Actual salaries,USD_PPP,"US dollars, PPP converted",INST_EDU_PUB,Public educational institutions,ISCED11_34,Upper secondary general education,Y25T64,From 25 to 64 years,F,Female,TE,Teacher,62630.13292,,A,Normal value,0,Units,MEAN,Arithmetic mean,Q,Constant prices,,,_Z,Not applicable,2025,,2,Two
POL,Poland,SAL_ACT,Actual salaries,USD_PPP,"US dollars, PPP converted",INST_EDU_PUB,Public educational institutions,ISCED11_24,Lower secondary general education,Y25T64,From 25 to 64 years,F,Female,TE,Teacher,62989.68697,,A,Normal value,0,Units,MEAN,Arithmetic mean,Q,Constant prices,,,_Z,Not applicable,2025,,2,Two
PRT,Portugal,SAL_ACT,Actual salaries,USD_PPP,"US dollars, PPP converted",INST_EDU_PUB,Public educational institutions,ISCED11_02,Pre-primary education,Y25T64,From 25 to 64 years,F,Female,SH,School head,94988.98432,,A,Normal value,0,Units,MEAN,Arithmetic mean,Q,Constant prices,,,_Z,Not applicable,2025,,2,Two
PRT,Portugal,SAL_ACT,Actual salaries,USD_PPP,"US dollars, PPP converted",INST_EDU_PUB,Public educational institutions,ISCED11_34,Upper secondary general education,Y25T64,From 25 to 64 years,F,Female,SH,School head,94988.98432,,A,Normal value,0,Units,MEAN,Arithmetic mean,Q,Constant prices,,,_Z,Not applicable,2025,,2,Two
PRT,Portugal,SAL_ACT,Actual salaries,USD_PPP,"US dollars, PPP converted",INST_EDU_PUB,Public educational institutions,ISCED11_24,Lower secondary general education,Y25T64,From 25 to 64 years,F,Female,SH,School head,94988.98432,,A,Normal value,0,Units,MEAN,Arithmetic mean,Q,Constant prices,,,_Z,Not applicable,2025,,2,Two
PRT,Portugal,SAL_ACT,Actual salaries,USD_PPP,"US dollars, PPP converted",INST_EDU_PUB,Public educational institutions,ISCED11_34,Upper secondary general education,Y25T64,From 25 to 64 years,F,Female,TE,Teacher,69383.56937,,A,Normal value,0,Units,MEAN,Arithmetic mean,Q,Constant prices,,,_Z,Not applicable,2025,,2,Two
PRT,Portugal,SAL_ACT,Actual salaries,USD_PPP,"US dollars, PPP converted",INST_EDU_PUB,Public educational institutions,ISCED11_02,Pre-primary education,Y25T64,From 25 to 64 years,F,Female,TE,Teacher,68726.74492,,A,Normal value,0,Units,MEAN,Arithmetic mean,Q,Constant prices,,,_Z,Not applicable,2025,,2,Two
PRT,Portugal,SAL_ACT,Actual salaries,USD_PPP,"US dollars, PPP converted",INST_EDU_PUB,Public educational institutions,ISCED11_1,Primary education,Y25T64,From 25 to 64 years,F,Female,SH,School head,94988.98432,,A,Normal value,0,Units,MEAN,Arithmetic mean,Q,Constant prices,,,_Z,Not applicable,2025,,2,Two
PRT,Portugal,SAL_ACT,Actual salaries,USD_PPP,"US dollars, PPP converted",INST_EDU_PUB,Public educational institutions,ISCED11_1,Primary education,Y25T64,From 25 to 64 years,F,Female,TE,Teacher,64275.73025,,A,Normal value,0,Units,MEAN,Arithmetic mean,Q,Constant prices,,,_Z,Not applicable,2025,,2,Two
PRT,Portugal,SAL_ACT,Actual salaries,USD_PPP,"US dollars, PPP converted",INST_EDU_PUB,Public educational institutions,ISCED11_24,Lower secondary general education,Y25T64,From 25 to 64 years,F,Female,TE,Teacher,64655.14927,,A,Normal value,0,Units,MEAN,Arithmetic mean,Q,Constant prices,,,_Z,Not applicable,2025,,2,Two
SWE,Sweden,SAL_ACT,Actual salaries,USD_PPP,"US dollars, PPP converted",INST_EDU_PUB,Public educational institutions,ISCED11_34,Upper secondary general education,Y25T64,From 25 to 64 years,F,Female,SH,School head,87329.88717,,A,Normal value,0,Units,MEAN,Arithmetic mean,Q,Constant prices,,,_Z,Not applicable,2025,,2,Two
SWE,Sweden,SAL_ACT,Actual salaries,USD_PPP,"US dollars, PPP converted",INST_EDU_PUB,Public educational institutions,ISCED11_24,Lower secondary general education,Y25T64,From 25 to 64 years,F,Female,TE,Teacher,60838.9129,,A,Normal value,0,Units,MEAN,Arithmetic mean,Q,Constant prices,,,_Z,Not applicable,2025,,2,Two
SWE,Sweden,SAL_ACT,Actual salaries,USD_PPP,"US dollars, PPP converted",INST_EDU_PUB,Public educational institutions,ISCED11_1,Primary education,Y25T64,From 25 to 64 years,F,Female,TE,Teacher,58495.68356,,A,Normal value,0,Units,MEAN,Arithmetic mean,Q,Constant prices,,,_Z,Not applicable,2025,,2,Two
SWE,Sweden,SAL_ACT,Actual salaries,USD_PPP,"US dollars, PPP converted",INST_EDU_PUB,Public educational institutions,ISCED11_02,Pre-primary education,Y25T64,From 25 to 64 years,F,Female,SH,School head,77960.08045,,A,Normal value,0,Units,MEAN,Arithmetic mean,Q,Constant prices,,,_Z,Not applicable,2025,,2,Two
SWE,Sweden,SAL_ACT,Actual salaries,USD_PPP,"US dollars, PPP converted",INST_EDU_PUB,Public educational institutions,ISCED11_34,Upper secondary general education,Y25T64,From 25 to 64 years,F,Female,TE,Teacher,61932.25762,,A,Normal value,0,Units,MEAN,Arithmetic mean,Q,Constant prices,,,_Z,Not applicable,2025,,2,Two
SWE,Sweden,SAL_ACT,Actual salaries,USD_PPP,"US dollars, PPP converted",INST_EDU_PUB,Public educational institutions,ISCED11_24,Lower secondary general education,Y25T64,From 25 to 64 years,F,Female,SH,School head,86182.10089,,A,Normal value,0,Units,MEAN,Arithmetic mean,Q,Constant prices,,,_Z,Not applicable,2025,,2,Two
SWE,Sweden,SAL_ACT,Actual salaries,USD_PPP,"US dollars, PPP converted",INST_EDU_PUB,Public educational institutions,ISCED11_1,Primary education,Y25T64,From 25 to 64 years,F,Female,SH,School head,86182.10089,,A,Normal value,0,Units,MEAN,Arithmetic mean,Q,Constant prices,,,_Z,Not applicable,2025,,2,Two
SWE,Sweden,SAL_ACT,Actual salaries,USD_PPP,"US dollars, PPP converted",INST_EDU_PUB,Public educational institutions,ISCED11_02,Pre-primary education,Y25T64,From 25 to 64 years,F,Female,TE,Teacher,51113.52606,,A,Normal value,0,Units,MEAN,Arithmetic mean,Q,Constant prices,,,_Z,Not applicable,2025,,2,Two
USA,United States,SAL_ACT,Actual salaries,USD_PPP,"US dollars, PPP converted",INST_EDU_PUB,Public educational institutions,ISCED11_1,Primary education,Y25T64,From 25 to 64 years,F,Female,TE,Teacher,69031.30702,,A,Normal value,0,Units,MEAN,Arithmetic mean,Q,Constant prices,,,_Z,Not applicable,2025,,2,Two
USA,United States,SAL_ACT,Actual salaries,USD_PPP,"US dollars, PPP converted",INST_EDU_PUB,Public educational institutions,ISCED11_24,Lower secondary general education,Y25T64,From 25 to 64 years,F,Female,TE,Teacher,72077.60488,,A,Normal value,0,Units,MEAN,Arithmetic mean,Q,Constant prices,,,_Z,Not applicable,2025,,2,Two
USA,United States,SAL_ACT,Actual salaries,USD_PPP,"US dollars, PPP converted",INST_EDU_PUB,Public educational institutions,ISCED11_34,Upper secondary general education,Y25T64,From 25 to 64 years,F,Female,TE,Teacher,73594.11305,,A,Normal value,0,Units,MEAN,Arithmetic mean,Q,Constant prices,,,_Z,Not applicable,2025,,2,Two
USA,United States,SAL_ACT,Actual salaries,USD_PPP,"US dollars, PPP converted",INST_EDU_PUB,Public educational institutions,ISCED11_24,Lower secondary general education,Y25T64,From 25 to 64 years,F,Female,SH,School head,120738.6815,,A,Normal value,0,Units,MEAN,Arithmetic mean,Q,Constant prices,,,_Z,Not applicable,2025,,2,Two
USA,United States,SAL_ACT,Actual salaries,USD_PPP,"US dollars, PPP converted",INST_EDU_PUB,Public educational institutions,ISCED11_02,Pre-primary education,Y25T64,From 25 to 64 years,F,Female,TE,Teacher,67950.67421,,A,Normal value,0,Units,MEAN,Arithmetic mean,Q,Constant prices,,,_Z,Not applicable,2025,,2,Two
USA,United States,SAL_ACT,Actual salaries,USD_PPP,"US dollars, PPP converted",INST_EDU_PUB,Public educational institutions,ISCED11_02,Pre-primary education,Y25T64,From 25 to 64 years,F,Female,SH,School head,118058.2292,,A,Normal value,0,Units,MEAN,Arithmetic mean,Q,Constant prices,,,_Z,Not applicable,2025,,2,Two
USA,United States,SAL_ACT,Actual salaries,USD_PPP,"US dollars, PPP converted",INST_EDU_PUB,Public educational institutions,ISCED11_1,Primary education,Y25T64,From 25 to 64 years,F,Female,SH,School head,119524.0261,,A,Normal value,0,Units,MEAN,Arithmetic mean,Q,Constant prices,,,_Z,Not applicable,2025,,2,Two
USA,United States,SAL_ACT,Actual salaries,USD_PPP,"US dollars, PPP converted",INST_EDU_PUB,Public educational institutions,ISCED11_34,Upper secondary general education,Y25T64,From 25 to 64 years,F,Female,SH,School head,127424.116,,A,Normal value,0,Units,MEAN,Arithmetic mean,Q,Constant prices,,,_Z,Not applicable,2025,,2,Two
FIN,Finland,SAL_ACT,Actual salaries,USD_PPP,"US dollars, PPP converted",INST_EDU_PUB,Public educational institutions,ISCED11_1,Primary education,Y25T64,From 25 to 64 years,_T,Total,SH,School head,92136.11152,,A,Normal value,0,Units,MEAN,Arithmetic mean,Q,Constant prices,,,_Z,Not applicable,2025,,2,Two
FIN,Finland,SAL_ACT,Actual salaries,USD_PPP,"US dollars, PPP converted",INST_EDU_PUB,Public educational institutions,ISCED11_24,Lower secondary general education,Y25T64,From 25 to 64 years,_T,Total,SH,School head,108159.2315,,A,Normal value,0,Units,MEAN,Arithmetic mean,Q,Constant prices,,,_Z,Not applicable,2025,,2,Two
FIN,Finland,SAL_ACT,Actual salaries,USD_PPP,"US dollars, PPP converted",INST_EDU_PUB,Public educational institutions,ISCED11_34,Upper secondary general education,Y25T64,From 25 to 64 years,_T,Total,SH,School head,111631.5418,,A,Normal value,0,Units,MEAN,Arithmetic mean,Q,Constant prices,,,_Z,Not applicable,2025,,2,Two
FIN,Finland,SAL_ACT,Actual salaries,USD_PPP,"US dollars, PPP converted",INST_EDU_PUB,Public educational institutions,ISCED11_02,Pre-primary education,Y25T64,From 25 to 64 years,_T,Total,SH,School head,70445.90706,,A,Normal value,0,Units,MEAN,Arithmetic mean,Q,Constant prices,,,_Z,Not applicable,2025,,2,Two
ITA,Italy,SAL_ACT,Actual salaries,USD_PPP,"US dollars, PPP converted",INST_EDU_PUB,Public educational institutions,ISCED11_1,Primary education,Y25T64,From 25 to 64 years,_T,Total,SH,School head,156371.5644,,A,Normal value,0,Units,MEAN,Arithmetic mean,Q,Constant prices,,,_Z,Not applicable,2025,,2,Two
ITA,Italy,SAL_ACT,Actual salaries,USD_PPP,"US dollars, PPP converted",INST_EDU_PUB,Public educational institutions,ISCED11_24,Lower secondary general education,Y25T64,From 25 to 64 years,_T,Total,SH,School head,156371.5644,,A,Normal value,0,Units,MEAN,Arithmetic mean,Q,Constant prices,,,_Z,Not applicable,2025,,2,Two
ITA,Italy,SAL_ACT,Actual salaries,USD_PPP,"US dollars, PPP converted",INST_EDU_PUB,Public educational institutions,ISCED11_34,Upper secondary general education,Y25T64,From 25 to 64 years,_T,Total,SH,School head,156371.5644,,A,Normal value,0,Units,MEAN,Arithmetic mean,Q,Constant prices,,,_Z,Not applicable,2025,,2,Two
NLD,Netherlands,SAL_ACT,Actual salaries,USD_PPP,"US dollars, PPP converted",INST_EDU_PUB,Public educational institutions,ISCED11_24,Lower secondary general education,Y25T64,From 25 to 64 years,_T,Total,SH,School head,155222.4619,,A,Normal value,0,Units,MEAN,Arithmetic mean,Q,Constant prices,,,_Z,Not applicable,2025,,2,Two
NLD,Netherlands,SAL_ACT,Actual salaries,USD_PPP,"US dollars, PPP converted",INST_EDU_PUB,Public educational institutions,ISCED11_34,Upper secondary general education,Y25T64,From 25 to 64 years,_T,Total,SH,School head,155222.4619,,A,Normal value,0,Units,MEAN,Arithmetic mean,Q,Constant prices,,,_Z,Not applicable,2025,,2,Two
NLD,Netherlands,SAL_ACT,Actual salaries,USD_PPP,"US dollars, PPP converted",INST_EDU_PUB,Public educational institutions,ISCED11_02,Pre-primary education,Y25T64,From 25 to 64 years,_T,Total,SH,School head,138069.9313,,A,Normal value,0,Units,MEAN,Arithmetic mean,Q,Constant prices,,,_Z,Not applicable,2025,,2,Two
NLD,Netherlands,SAL_ACT,Actual salaries,USD_PPP,"US dollars, PPP converted",INST_EDU_PUB,Public educational institutions,ISCED11_1,Primary education,Y25T64,From 25 to 64 years,_T,Total,SH,School head,138069.9313,,A,Normal value,0,Units,MEAN,Arithmetic mean,Q,Constant prices,,,_Z,Not applicable,2025,,2,Two
POL,Poland,SAL_ACT,Actual salaries,USD_PPP,"US dollars, PPP converted",INST_EDU_PUB,Public educational institutions,ISCED11_24,Lower secondary general education,Y25T64,From 25 to 64 years,_T,Total,SH,School head,80367.30289,,A,Normal value,0,Units,MEAN,Arithmetic mean,Q,Constant prices,,,_Z,Not applicable,2025,,2,Two
POL,Poland,SAL_ACT,Actual salaries,USD_PPP,"US dollars, PPP converted",INST_EDU_PUB,Public educational institutions,ISCED11_02,Pre-primary education,Y25T64,From 25 to 64 years,_T,Total,SH,School head,75204.56484,,A,Normal value,0,Units,MEAN,Arithmetic mean,Q,Constant prices,,,_Z,Not applicable,2025,,2,Two
POL,Poland,SAL_ACT,Actual salaries,USD_PPP,"US dollars, PPP converted",INST_EDU_PUB,Public educational institutions,ISCED11_1,Primary education,Y25T64,From 25 to 64 years,_T,Total,SH,School head,80367.30289,,A,Normal value,0,Units,MEAN,Arithmetic mean,Q,Constant prices,,,_Z,Not applicable,2025,,2,Two
POL,Poland,SAL_ACT,Actual salaries,USD_PPP,"US dollars, PPP converted",INST_EDU_PUB,Public educational institutions,ISCED11_34,Upper secondary general education,Y25T64,From 25 to 64 years,_T,Total,SH,School head,87274.0275,,A,Normal value,0,Units,MEAN,Arithmetic mean,Q,Constant prices,,,_Z,Not applicable,2025,,2,Two
PRT,Portugal,SAL_ACT,Actual salaries,USD_PPP,"US dollars, PPP converted",INST_EDU_PUB,Public educational institutions,ISCED11_02,Pre-primary education,Y25T64,From 25 to 64 years,_T,Total,SH,School head,93666.38687,,A,Normal value,0,Units,MEAN,Arithmetic mean,Q,Constant prices,,,_Z,Not applicable,2025,,2,Two
PRT,Portugal,SAL_ACT,Actual salaries,USD_PPP,"US dollars, PPP converted",INST_EDU_PUB,Public educational institutions,ISCED11_24,Lower secondary general education,Y25T64,From 25 to 64 years,_T,Total,SH,School head,93666.38687,,A,Normal value,0,Units,MEAN,Arithmetic mean,Q,Constant prices,,,_Z,Not applicable,2025,,2,Two
PRT,Portugal,SAL_ACT,Actual salaries,USD_PPP,"US dollars, PPP converted",INST_EDU_PUB,Public educational institutions,ISCED11_1,Primary education,Y25T64,From 25 to 64 years,_T,Total,SH,School head,93666.38687,,A,Normal value,0,Units,MEAN,Arithmetic mean,Q,Constant prices,,,_Z,Not applicable,2025,,2,Two
PRT,Portugal,SAL_ACT,Actual salaries,USD_PPP,"US dollars, PPP converted",INST_EDU_PUB,Public educational institutions,ISCED11_34,Upper secondary general education,Y25T64,From 25 to 64 years,_T,Total,SH,School head,93666.38687,,A,Normal value,0,Units,MEAN,Arithmetic mean,Q,Constant prices,,,_Z,Not applicable,2025,,2,Two
SWE,Sweden,SAL_ACT,Actual salaries,USD_PPP,"US dollars, PPP converted",INST_EDU_PUB,Public educational institutions,ISCED11_34,Upper secondary general education,Y25T64,From 25 to 64 years,_T,Total,SH,School head,87329.88717,,A,Normal value,0,Units,MEAN,Arithmetic mean,Q,Constant prices,,,_Z,Not applicable,2025,,2,Two
SWE,Sweden,SAL_ACT,Actual salaries,USD_PPP,"US dollars, PPP converted",INST_EDU_PUB,Public educational institutions,ISCED11_02,Pre-primary education,Y25T64,From 25 to 64 years,_T,Total,SH,School head,77966.27934,,A,Normal value,0,Units,MEAN,Arithmetic mean,Q,Constant prices,,,_Z,Not applicable,2025,,2,Two
SWE,Sweden,SAL_ACT,Actual salaries,USD_PPP,"US dollars, PPP converted",INST_EDU_PUB,Public educational institutions,ISCED11_24,Lower secondary general education,Y25T64,From 25 to 64 years,_T,Total,SH,School head,86556.84223,,A,Normal value,0,Units,MEAN,Arithmetic mean,Q,Constant prices,,,_Z,Not applicable,2025,,2,Two
SWE,Sweden,SAL_ACT,Actual salaries,USD_PPP,"US dollars, PPP converted",INST_EDU_PUB,Public educational institutions,ISCED11_1,Primary education,Y25T64,From 25 to 64 years,_T,Total,SH,School head,86556.84223,,A,Normal value,0,Units,MEAN,Arithmetic mean,Q,Constant prices,,,_Z,Not applicable,2025,,2,Two
USA,United States,SAL_ACT,Actual salaries,USD_PPP,"US dollars, PPP converted",INST_EDU_PUB,Public educational institutions,ISCED11_34,Upper secondary general education,Y25T64,From 25 to 64 years,_T,Total,SH,School head,127939.6805,,A,Normal value,0,Units,MEAN,Arithmetic mean,Q,Constant prices,,,_Z,Not applicable,2025,,2,Two
USA,United States,SAL_ACT,Actual salaries,USD_PPP,"US dollars, PPP converted",INST_EDU_PUB,Public educational institutions,ISCED11_24,Lower secondary general education,Y25T64,From 25 to 64 years,_T,Total,SH,School head,124231.7215,,A,Normal value,0,Units,MEAN,Arithmetic mean,Q,Constant prices,,,_Z,Not applicable,2025,,2,Two
USA,United States,SAL_ACT,Actual salaries,USD_PPP,"US dollars, PPP converted",INST_EDU_PUB,Public educational institutions,ISCED11_02,Pre-primary education,Y25T64,From 25 to 64 years,_T,Total,SH,School head,119526.4409,,A,Normal value,0,Units,MEAN,Arithmetic mean,Q,Constant prices,,,_Z,Not applicable,2025,,2,Two
USA,United States,SAL_ACT,Actual salaries,USD_PPP,"US dollars, PPP converted",INST_EDU_PUB,Public educational institutions,ISCED11_1,Primary education,Y25T64,From 25 to 64 years,_T,Total,SH,School head,120658.9924,,A,Normal value,0,Units,MEAN,Arithmetic mean,Q,Constant prices,,,_Z,Not applicable,2025,,2,Two
FIN,Finland,SAL_ACT,Actual salaries,USD_PPP,"US dollars, PPP converted",INST_EDU_PUB,Public educational institutions,ISCED11_1,Primary education,Y25T64,From 25 to 64 years,_T,Total,TE,Teacher,66315.16449,,A,Normal value,0,Units,MEAN,Arithmetic mean,Q,Constant prices,,,_Z,Not applicable,2025,,2,Two
FIN,Finland,SAL_ACT,Actual salaries,USD_PPP,"US dollars, PPP converted",INST_EDU_PUB,Public educational institutions,ISCED11_24,Lower secondary general education,Y25T64,From 25 to 64 years,_T,Total,TE,Teacher,72742.17366,,A,Normal value,0,Units,MEAN,Arithmetic mean,Q,Constant prices,,,_Z,Not applicable,2025,,2,Two
FIN,Finland,SAL_ACT,Actual salaries,USD_PPP,"US dollars, PPP converted",INST_EDU_PUB,Public educational institutions,ISCED11_02,Pre-primary education,Y25T64,From 25 to 64 years,_T,Total,TE,Teacher,52786.22139,,A,Normal value,0,Units,MEAN,Arithmetic mean,Q,Constant prices,,,_Z,Not applicable,2025,,2,Two
FIN,Finland,SAL_ACT,Actual salaries,USD_PPP,"US dollars, PPP converted",INST_EDU_PUB,Public educational institutions,ISCED11_34,Upper secondary general education,Y25T64,From 25 to 64 years,_T,Total,TE,Teacher,82300.22481,,A,Normal value,0,Units,MEAN,Arithmetic mean,Q,Constant prices,,,_Z,Not applicable,2025,,2,Two
DEU,Germany,SAL_ACT,Actual salaries,USD_PPP,"US dollars, PPP converted",INST_EDU_PUB,Public educational institutions,ISCED11_1,Primary education,Y25T64,From 25 to 64 years,_T,Total,TE,Teacher,99000.27829,,A,Normal value,0,Units,MEAN,Arithmetic mean,Q,Constant prices,,,_Z,Not applicable,2025,,2,Two
DEU,Germany,SAL_ACT,Actual salaries,USD_PPP,"US dollars, PPP converted",INST_EDU_PUB,Public educational institutions,ISCED11_24,Lower secondary general education,Y25T64,From 25 to 64 years,_T,Total,TE,Teacher,109039.2515,,A,Normal value,0,Units,MEAN,Arithmetic mean,Q,Constant prices,,,_Z,Not applicable,2025,,2,Two
DEU,Germany,SAL_ACT,Actual salaries,USD_PPP,"US dollars, PPP converted",INST_EDU_PUB,Public educational institutions,ISCED11_34,Upper secondary general education,Y25T64,From 25 to 64 years,_T,Total,TE,Teacher,114266.0308,,A,Normal value,0,Units,MEAN,Arithmetic mean,Q,Constant prices,,,_Z,Not applicable,2025,,2,Two
ITA,Italy,SAL_ACT,Actual salaries,USD_PPP,"US dollars, PPP converted",INST_EDU_PUB,Public educational institutions,ISCED11_02,Pre-primary education,Y25T64,From 25 to 64 years,_T,Total,TE,Teacher,51346.43373,,A,Normal value,0,Units,MEAN,Arithmetic mean,Q,Constant prices,,,_Z,Not applicable,2025,,2,Two
ITA,Italy,SAL_ACT,Actual salaries,USD_PPP,"US dollars, PPP converted",INST_EDU_PUB,Public educational institutions,ISCED11_1,Primary education,Y25T64,From 25 to 64 years,_T,Total,TE,Teacher,51346.43373,,A,Normal value,0,Units,MEAN,Arithmetic mean,Q,Constant prices,,,_Z,Not applicable,2025,,2,Two
ITA,Italy,SAL_ACT,Actual salaries,USD_PPP,"US dollars, PPP converted",INST_EDU_PUB,Public educational institutions,ISCED11_24,Lower secondary general education,Y25T64,From 25 to 64 years,_T,Total,TE,Teacher,53991.92787,,A,Normal value,0,Units,MEAN,Arithmetic mean,Q,Constant prices,,,_Z,Not applicable,2025,,2,Two
ITA,Italy,SAL_ACT,Actual salaries,USD_PPP,"US dollars, PPP converted",INST_EDU_PUB,Public educational institutions,ISCED11_34,Upper secondary general education,Y25T64,From 25 to 64 years,_T,Total,TE,Teacher,57426.54263,,A,Normal value,0,Units,MEAN,Arithmetic mean,Q,Constant prices,,,_Z,Not applicable,2025,,2,Two
NLD,Netherlands,SAL_ACT,Actual salaries,USD_PPP,"US dollars, PPP converted",INST_EDU_PUB,Public educational institutions,ISCED11_34,Upper secondary general education,Y25T64,From 25 to 64 years,_T,Total,TE,Teacher,107309.6395,,A,Normal value,0,Units,MEAN,Arithmetic mean,Q,Constant prices,,,_Z,Not applicable,2025,,2,Two
NLD,Netherlands,SAL_ACT,Actual salaries,USD_PPP,"US dollars, PPP converted",INST_EDU_PUB,Public educational institutions,ISCED11_02,Pre-primary education,Y25T64,From 25 to 64 years,_T,Total,TE,Teacher,98899.26393,,A,Normal value,0,Units,MEAN,Arithmetic mean,Q,Constant prices,,,_Z,Not applicable,2025,,2,Two
NLD,Netherlands,SAL_ACT,Actual salaries,USD_PPP,"US dollars, PPP converted",INST_EDU_PUB,Public educational institutions,ISCED11_1,Primary education,Y25T64,From 25 to 64 years,_T,Total,TE,Teacher,98899.26393,,A,Normal value,0,Units,MEAN,Arithmetic mean,Q,Constant prices,,,_Z,Not applicable,2025,,2,Two
NLD,Netherlands,SAL_ACT,Actual salaries,USD_PPP,"US dollars, PPP converted",INST_EDU_PUB,Public educational institutions,ISCED11_24,Lower secondary general education,Y25T64,From 25 to 64 years,_T,Total,TE,Teacher,107309.6395,,A,Normal value,0,Units,MEAN,Arithmetic mean,Q,Constant prices,,,_Z,Not applicable,2025,,2,Two
POL,Poland,SAL_ACT,Actual salaries,USD_PPP,"US dollars, PPP converted",INST_EDU_PUB,Public educational institutions,ISCED11_02,Pre-primary education,Y25T64,From 25 to 64 years,_T,Total,TE,Teacher,51361.94793,,A,Normal value,0,Units,MEAN,Arithmetic mean,Q,Constant prices,,,_Z,Not applicable,2025,,2,Two
POL,Poland,SAL_ACT,Actual salaries,USD_PPP,"US dollars, PPP converted",INST_EDU_PUB,Public educational institutions,ISCED11_24,Lower secondary general education,Y25T64,From 25 to 64 years,_T,Total,TE,Teacher,62502.64561,,A,Normal value,0,Units,MEAN,Arithmetic mean,Q,Constant prices,,,_Z,Not applicable,2025,,2,Two
POL,Poland,SAL_ACT,Actual salaries,USD_PPP,"US dollars, PPP converted",INST_EDU_PUB,Public educational institutions,ISCED11_34,Upper secondary general education,Y25T64,From 25 to 64 years,_T,Total,TE,Teacher,62321.87259,,A,Normal value,0,Units,MEAN,Arithmetic mean,Q,Constant prices,,,_Z,Not applicable,2025,,2,Two
POL,Poland,SAL_ACT,Actual salaries,USD_PPP,"US dollars, PPP converted",INST_EDU_PUB,Public educational institutions,ISCED11_1,Primary education,Y25T64,From 25 to 64 years,_T,Total,TE,Teacher,59899.6137,,A,Normal value,0,Units,MEAN,Arithmetic mean,Q,Constant prices,,,_Z,Not applicable,2025,,2,Two
PRT,Portugal,SAL_ACT,Actual salaries,USD_PPP,"US dollars, PPP converted",INST_EDU_PUB,Public educational institutions,ISCED11_1,Primary education,Y25T64,From 25 to 64 years,_T,Total,TE,Teacher,64449.33235,,A,Normal value,0,Units,MEAN,Arithmetic mean,Q,Constant prices,,,_Z,Not applicable,2025,,2,Two
PRT,Portugal,SAL_ACT,Actual salaries,USD_PPP,"US dollars, PPP converted",INST_EDU_PUB,Public educational institutions,ISCED11_24,Lower secondary general education,Y25T64,From 25 to 64 years,_T,Total,TE,Teacher,63985.79684,,A,Normal value,0,Units,MEAN,Arithmetic mean,Q,Constant prices,,,_Z,Not applicable,2025,,2,Two
PRT,Portugal,SAL_ACT,Actual salaries,USD_PPP,"US dollars, PPP converted",INST_EDU_PUB,Public educational institutions,ISCED11_34,Upper secondary general education,Y25T64,From 25 to 64 years,_T,Total,TE,Teacher,68361.6436,,A,Normal value,0,Units,MEAN,Arithmetic mean,Q,Constant prices,,,_Z,Not applicable,2025,,2,Two
PRT,Portugal,SAL_ACT,Actual salaries,USD_PPP,"US dollars, PPP converted",INST_EDU_PUB,Public educational institutions,ISCED11_02,Pre-primary education,Y25T64,From 25 to 64 years,_T,Total,TE,Teacher,68676.63298,,A,Normal value,0,Units,MEAN,Arithmetic mean,Q,Constant prices,,,_Z,Not applicable,2025,,2,Two
SWE,Sweden,SAL_ACT,Actual salaries,USD_PPP,"US dollars, PPP converted",INST_EDU_PUB,Public educational institutions,ISCED11_34,Upper secondary general education,Y25T64,From 25 to 64 years,_T,Total,TE,Teacher,61893.75149,,A,Normal value,0,Units,MEAN,Arithmetic mean,Q,Constant prices,,,_Z,Not applicable,2025,,2,Two
SWE,Sweden,SAL_ACT,Actual salaries,USD_PPP,"US dollars, PPP converted",INST_EDU_PUB,Public educational institutions,ISCED11_1,Primary education,Y25T64,From 25 to 64 years,_T,Total,TE,Teacher,58391.09039,,A,Normal value,0,Units,MEAN,Arithmetic mean,Q,Constant prices,,,_Z,Not applicable,2025,,2,Two
SWE,Sweden,SAL_ACT,Actual salaries,USD_PPP,"US dollars, PPP converted",INST_EDU_PUB,Public educational institutions,ISCED11_24,Lower secondary general education,Y25T64,From 25 to 64 years,_T,Total,TE,Teacher,60736.87466,,A,Normal value,0,Units,MEAN,Arithmetic mean,Q,Constant prices,,,_Z,Not applicable,2025,,2,Two
SWE,Sweden,SAL_ACT,Actual salaries,USD_PPP,"US dollars, PPP converted",INST_EDU_PUB,Public educational institutions,ISCED11_02,Pre-primary education,Y25T64,From 25 to 64 years,_T,Total,TE,Teacher,51150.28036,,A,Normal value,0,Units,MEAN,Arithmetic mean,Q,Constant prices,,,_Z,Not applicable,2025,,2,Two
USA,United States,SAL_ACT,Actual salaries,USD_PPP,"US dollars, PPP converted",INST_EDU_PUB,Public educational institutions,ISCED11_34,Upper secondary general education,Y25T64,From 25 to 64 years,_T,Total,TE,Teacher,74849.82045,,A,Normal value,0,Units,MEAN,Arithmetic mean,Q,Constant prices,,,_Z,Not applicable,2025,,2,Two
USA,United States,SAL_ACT,Actual salaries,USD_PPP,"US dollars, PPP converted",INST_EDU_PUB,Public educational institutions,ISCED11_1,Primary education,Y25T64,From 25 to 64 years,_T,Total,TE,Teacher,69950.14676,,A,Normal value,0,Units,MEAN,Arithmetic mean,Q,Constant prices,,,_Z,Not applicable,2025,,2,Two
USA,United States,SAL_ACT,Actual salaries,USD_PPP,"US dollars, PPP converted",INST_EDU_PUB,Public educational institutions,ISCED11_02,Pre-primary education,Y25T64,From 25 to 64 years,_T,Total,TE,Teacher,68073.83013,,A,Normal value,0,Units,MEAN,Arithmetic mean,Q,Constant prices,,,_Z,Not applicable,2025,,2,Two
USA,United States,SAL_ACT,Actual salaries,USD_PPP,"US dollars, PPP converted",INST_EDU_PUB,Public educational institutions,ISCED11_24,Lower secondary general education,Y25T64,From 25 to 64 years,_T,Total,TE,Teacher,72438.62076,,A,Normal value,0,Units,MEAN,Arithmetic mean,Q,Constant prices,,,_Z,Not applicable,2025,,2,Two
