DATAFLOW,LAST UPDATE,freq,citizen,agedef,age,unit,sex,geo,TIME_PERIOD,OBS_VALUE,OBS_FLAG,CONF_STATUS
ESTAT:MIGR_EMI1CTZ(1.0),01/07/26 23:00:00,A,AFR,REACH,TOTAL,NR,T,ES,2010-01-01,62739.0,,
ESTAT:MIGR_EMI1CTZ(1.0),01/07/26 23:00:00,A,AFR_C,REACH,TOTAL,NR,T,ES,2010-01-01,2854.0,,
ESTAT:MIGR_EMI1CTZ(1.0),01/07/26 23:00:00,A,AFR_E,REACH,TOTAL,NR,T,ES,2010-01-01,256.0,,
ESTAT:MIGR_EMI1CTZ(1.0),01/07/26 23:00:00,A,AFR_N,REACH,TOTAL,NR,T,ES,2010-01-01,43052.0,,
ESTAT:MIGR_EMI1CTZ(1.0),01/07/26 23:00:00,A,AFR_S,REACH,TOTAL,NR,T,ES,2010-01-01,63.0,,
ESTAT:MIGR_EMI1CTZ(1.0),01/07/26 23:00:00,A,AFR_W,REACH,TOTAL,NR,T,ES,2010-01-01,16514.0,,
ESTAT:MIGR_EMI1CTZ(1.0),01/07/26 23:00:00,A,AI,REACH,TOTAL,NR,T,ES,2010-01-01,0.0,,
ESTAT:MIGR_EMI1CTZ(1.0),01/07/26 23:00:00,A,AME,REACH,TOTAL,NR,T,ES,2010-01-01,125504.0,,
ESTAT:MIGR_EMI1CTZ(1.0),01/07/26 23:00:00,A,AME_C,REACH,TOTAL,NR,T,ES,2010-01-01,6650.0,,
ESTAT:MIGR_EMI1CTZ(1.0),01/07/26 23:00:00,A,AME_N,REACH,TOTAL,NR,T,ES,2010-01-01,3175.0,,
ESTAT:MIGR_EMI1CTZ(1.0),01/07/26 23:00:00,A,AME_S,REACH,TOTAL,NR,T,ES,2010-01-01,109528.0,,
ESTAT:MIGR_EMI1CTZ(1.0),01/07/26 23:00:00,A,AN,REACH,TOTAL,NR,T,ES,2010-01-01,0.0,,
ESTAT:MIGR_EMI1CTZ(1.0),01/07/26 23:00:00,A,AR,REACH,TOTAL,NR,T,ES,2010-01-01,9888.0,,
ESTAT:MIGR_EMI1CTZ(1.0),01/07/26 23:00:00,A,ASI,REACH,TOTAL,NR,T,ES,2010-01-01,27798.0,,
ESTAT:MIGR_EMI1CTZ(1.0),01/07/26 23:00:00,A,ASI_C,REACH,TOTAL,NR,T,ES,2010-01-01,123.0,,
ESTAT:MIGR_EMI1CTZ(1.0),01/07/26 23:00:00,A,ASI_E,REACH,TOTAL,NR,T,ES,2010-01-01,11305.0,,
ESTAT:MIGR_EMI1CTZ(1.0),01/07/26 23:00:00,A,ASI_S,REACH,TOTAL,NR,T,ES,2010-01-01,12518.0,,
ESTAT:MIGR_EMI1CTZ(1.0),01/07/26 23:00:00,A,ASI_S_E,REACH,TOTAL,NR,T,ES,2010-01-01,1386.0,,
ESTAT:MIGR_EMI1CTZ(1.0),01/07/26 23:00:00,A,ASI_W,REACH,TOTAL,NR,T,ES,2010-01-01,2466.0,,
ESTAT:MIGR_EMI1CTZ(1.0),01/07/26 23:00:00,A,AU,REACH,TOTAL,NR,T,ES,2010-01-01,211.0,,
ESTAT:MIGR_EMI1CTZ(1.0),01/07/26 23:00:00,A,AU_NZ,REACH,TOTAL,NR,T,ES,2010-01-01,277.0,,
ESTAT:MIGR_EMI1CTZ(1.0),01/07/26 23:00:00,A,AW,REACH,TOTAL,NR,T,ES,2010-01-01,0.0,,
ESTAT:MIGR_EMI1CTZ(1.0),01/07/26 23:00:00,A,BD,REACH,TOTAL,NR,T,ES,2010-01-01,1071.0,,
ESTAT:MIGR_EMI1CTZ(1.0),01/07/26 23:00:00,A,BE,REACH,TOTAL,NR,T,ES,2010-01-01,1450.0,,
ESTAT:MIGR_EMI1CTZ(1.0),01/07/26 23:00:00,A,BG,REACH,TOTAL,NR,T,ES,2010-01-01,11377.0,,
ESTAT:MIGR_EMI1CTZ(1.0),01/07/26 23:00:00,A,BL,REACH,TOTAL,NR,T,ES,2010-01-01,0.0,,
ESTAT:MIGR_EMI1CTZ(1.0),01/07/26 23:00:00,A,BM,REACH,TOTAL,NR,T,ES,2010-01-01,0.0,,
ESTAT:MIGR_EMI1CTZ(1.0),01/07/26 23:00:00,A,BO,REACH,TOTAL,NR,T,ES,2010-01-01,19726.0,,
ESTAT:MIGR_EMI1CTZ(1.0),01/07/26 23:00:00,A,BR,REACH,TOTAL,NR,T,ES,2010-01-01,15584.0,,
ESTAT:MIGR_EMI1CTZ(1.0),01/07/26 23:00:00,A,CA,REACH,TOTAL,NR,T,ES,2010-01-01,327.0,,
ESTAT:MIGR_EMI1CTZ(1.0),01/07/26 23:00:00,A,CC4_10,REACH,TOTAL,NR,T,ES,2010-01-01,536.0,,
ESTAT:MIGR_EMI1CTZ(1.0),01/07/26 23:00:00,A,CH,REACH,TOTAL,NR,T,ES,2010-01-01,801.0,,
ESTAT:MIGR_EMI1CTZ(1.0),01/07/26 23:00:00,A,CL,REACH,TOTAL,NR,T,ES,2010-01-01,4538.0,,
ESTAT:MIGR_EMI1CTZ(1.0),01/07/26 23:00:00,A,CN,REACH,TOTAL,NR,T,ES,2010-01-01,10441.0,,
ESTAT:MIGR_EMI1CTZ(1.0),01/07/26 23:00:00,A,CO,REACH,TOTAL,NR,T,ES,2010-01-01,14635.0,,
ESTAT:MIGR_EMI1CTZ(1.0),01/07/26 23:00:00,A,CRB,REACH,TOTAL,NR,T,ES,2010-01-01,6151.0,,
ESTAT:MIGR_EMI1CTZ(1.0),01/07/26 23:00:00,A,CU,REACH,TOTAL,NR,T,ES,2010-01-01,2275.0,,
ESTAT:MIGR_EMI1CTZ(1.0),01/07/26 23:00:00,A,CZ_SK,REACH,TOTAL,NR,T,ES,2010-01-01,0.0,,
ESTAT:MIGR_EMI1CTZ(1.0),01/07/26 23:00:00,A,DE,REACH,TOTAL,NR,T,ES,2010-01-01,8930.0,,
ESTAT:MIGR_EMI1CTZ(1.0),01/07/26 23:00:00,A,DK,REACH,TOTAL,NR,T,ES,2010-01-01,526.0,,
ESTAT:MIGR_EMI1CTZ(1.0),01/07/26 23:00:00,A,DO,REACH,TOTAL,NR,T,ES,2010-01-01,3827.0,,
ESTAT:MIGR_EMI1CTZ(1.0),01/07/26 23:00:00,A,DZ,REACH,TOTAL,NR,T,ES,2010-01-01,4876.0,,
ESTAT:MIGR_EMI1CTZ(1.0),01/07/26 23:00:00,A,EC,REACH,TOTAL,NR,T,ES,2010-01-01,21113.0,,
ESTAT:MIGR_EMI1CTZ(1.0),01/07/26 23:00:00,A,EH,REACH,TOTAL,NR,T,ES,2010-01-01,0.0,,
ESTAT:MIGR_EMI1CTZ(1.0),01/07/26 23:00:00,A,ES,REACH,TOTAL,NR,T,ES,2010-01-01,40157.0,,
ESTAT:MIGR_EMI1CTZ(1.0),01/07/26 23:00:00,A,EU15,REACH,TOTAL,NR,T,ES,2010-01-01,103597.0,,
ESTAT:MIGR_EMI1CTZ(1.0),01/07/26 23:00:00,A,EU15_FOR,REACH,TOTAL,NR,T,ES,2010-01-01,63440.0,,
ESTAT:MIGR_EMI1CTZ(1.0),01/07/26 23:00:00,A,EU25,REACH,TOTAL,NR,T,ES,2010-01-01,114537.0,,
ESTAT:MIGR_EMI1CTZ(1.0),01/07/26 23:00:00,A,EU25_FOR,REACH,TOTAL,NR,T,ES,2010-01-01,74380.0,,
ESTAT:MIGR_EMI1CTZ(1.0),01/07/26 23:00:00,A,EU27_2007,REACH,TOTAL,NR,T,ES,2010-01-01,175708.0,,
ESTAT:MIGR_EMI1CTZ(1.0),01/07/26 23:00:00,A,EU27_2007_FOR,REACH,TOTAL,NR,T,ES,2010-01-01,135551.0,,
ESTAT:MIGR_EMI1CTZ(1.0),01/07/26 23:00:00,A,EUR,REACH,TOTAL,NR,T,ES,2010-01-01,186936.0,,
ESTAT:MIGR_EMI1CTZ(1.0),01/07/26 23:00:00,A,EX_SU,REACH,TOTAL,NR,T,ES,2010-01-01,0.0,,
ESTAT:MIGR_EMI1CTZ(1.0),01/07/26 23:00:00,A,EX_YU,REACH,TOTAL,NR,T,ES,2010-01-01,0.0,,
ESTAT:MIGR_EMI1CTZ(1.0),01/07/26 23:00:00,A,FI,REACH,TOTAL,NR,T,ES,2010-01-01,317.0,,
ESTAT:MIGR_EMI1CTZ(1.0),01/07/26 23:00:00,A,FJ,REACH,TOTAL,NR,T,ES,2010-01-01,3.0,,
ESTAT:MIGR_EMI1CTZ(1.0),01/07/26 23:00:00,A,FK,REACH,TOTAL,NR,T,ES,2010-01-01,0.0,,
ESTAT:MIGR_EMI1CTZ(1.0),01/07/26 23:00:00,A,FM,REACH,TOTAL,NR,T,ES,2010-01-01,2.0,,
ESTAT:MIGR_EMI1CTZ(1.0),01/07/26 23:00:00,A,FO,REACH,TOTAL,NR,T,ES,2010-01-01,0.0,,
ESTAT:MIGR_EMI1CTZ(1.0),01/07/26 23:00:00,A,FOR_STLS,REACH,TOTAL,NR,T,ES,2010-01-01,363220.0,,
ESTAT:MIGR_EMI1CTZ(1.0),01/07/26 23:00:00,A,FR,REACH,TOTAL,NR,T,ES,2010-01-01,10235.0,,
ESTAT:MIGR_EMI1CTZ(1.0),01/07/26 23:00:00,A,GG,REACH,TOTAL,NR,T,ES,2010-01-01,0.0,,
ESTAT:MIGR_EMI1CTZ(1.0),01/07/26 23:00:00,A,GH,REACH,TOTAL,NR,T,ES,2010-01-01,1614.0,,
ESTAT:MIGR_EMI1CTZ(1.0),01/07/26 23:00:00,A,GI,REACH,TOTAL,NR,T,ES,2010-01-01,0.0,,
ESTAT:MIGR_EMI1CTZ(1.0),01/07/26 23:00:00,A,GL,REACH,TOTAL,NR,T,ES,2010-01-01,0.0,,
ESTAT:MIGR_EMI1CTZ(1.0),01/07/26 23:00:00,A,GM,REACH,TOTAL,NR,T,ES,2010-01-01,1573.0,,
ESTAT:MIGR_EMI1CTZ(1.0),01/07/26 23:00:00,A,GN,REACH,TOTAL,NR,T,ES,2010-01-01,1210.0,,
ESTAT:MIGR_EMI1CTZ(1.0),01/07/26 23:00:00,A,GQ,REACH,TOTAL,NR,T,ES,2010-01-01,1862.0,,
ESTAT:MIGR_EMI1CTZ(1.0),01/07/26 23:00:00,A,GY,REACH,TOTAL,NR,T,ES,2010-01-01,1.0,,
ESTAT:MIGR_EMI1CTZ(1.0),01/07/26 23:00:00,A,HN,REACH,TOTAL,NR,T,ES,2010-01-01,1718.0,,
ESTAT:MIGR_EMI1CTZ(1.0),01/07/26 23:00:00,A,IE,REACH,TOTAL,NR,T,ES,2010-01-01,892.0,,
ESTAT:MIGR_EMI1CTZ(1.0),01/07/26 23:00:00,A,IM,REACH,TOTAL,NR,T,ES,2010-01-01,0.0,,
ESTAT:MIGR_EMI1CTZ(1.0),01/07/26 23:00:00,A,IN,REACH,TOTAL,NR,T,ES,2010-01-01,3014.0,,
ESTAT:MIGR_EMI1CTZ(1.0),01/07/26 23:00:00,A,IT,REACH,TOTAL,NR,T,ES,2010-01-01,11711.0,,
ESTAT:MIGR_EMI1CTZ(1.0),01/07/26 23:00:00,A,JE,REACH,TOTAL,NR,T,ES,2010-01-01,0.0,,
ESTAT:MIGR_EMI1CTZ(1.0),01/07/26 23:00:00,A,KI,REACH,TOTAL,NR,T,ES,2010-01-01,0.0,,
ESTAT:MIGR_EMI1CTZ(1.0),01/07/26 23:00:00,A,KY,REACH,TOTAL,NR,T,ES,2010-01-01,0.0,,
ESTAT:MIGR_EMI1CTZ(1.0),01/07/26 23:00:00,A,LT,REACH,TOTAL,NR,T,ES,2010-01-01,1538.0,,
ESTAT:MIGR_EMI1CTZ(1.0),01/07/26 23:00:00,A,MA,REACH,TOTAL,NR,T,ES,2010-01-01,37664.0,,
ESTAT:MIGR_EMI1CTZ(1.0),01/07/26 23:00:00,A,MD,REACH,TOTAL,NR,T,ES,2010-01-01,992.0,,
ESTAT:MIGR_EMI1CTZ(1.0),01/07/26 23:00:00,A,MEL,REACH,TOTAL,NR,T,ES,2010-01-01,3.0,,
ESTAT:MIGR_EMI1CTZ(1.0),01/07/26 23:00:00,A,MF,REACH,TOTAL,NR,T,ES,2010-01-01,0.0,,
ESTAT:MIGR_EMI1CTZ(1.0),01/07/26 23:00:00,A,MIC,REACH,TOTAL,NR,T,ES,2010-01-01,3.0,,
ESTAT:MIGR_EMI1CTZ(1.0),01/07/26 23:00:00,A,ML,REACH,TOTAL,NR,T,ES,2010-01-01,2278.0,,
ESTAT:MIGR_EMI1CTZ(1.0),01/07/26 23:00:00,A,MR,REACH,TOTAL,NR,T,ES,2010-01-01,1116.0,,
ESTAT:MIGR_EMI1CTZ(1.0),01/07/26 23:00:00,A,MS,REACH,TOTAL,NR,T,ES,2010-01-01,0.0,,
ESTAT:MIGR_EMI1CTZ(1.0),01/07/26 23:00:00,A,MX,REACH,TOTAL,NR,T,ES,2010-01-01,3006.0,,
ESTAT:MIGR_EMI1CTZ(1.0),01/07/26 23:00:00,A,NAT,REACH,TOTAL,NR,T,ES,2010-01-01,40157.0,,
ESTAT:MIGR_EMI1CTZ(1.0),01/07/26 23:00:00,A,NC,REACH,TOTAL,NR,T,ES,2010-01-01,0.0,,
ESTAT:MIGR_EMI1CTZ(1.0),01/07/26 23:00:00,A,NEU27_2007_FOR_STLS,REACH,TOTAL,NR,T,ES,2010-01-01,227669.0,,
ESTAT:MIGR_EMI1CTZ(1.0),01/07/26 23:00:00,A,NG,REACH,TOTAL,NR,T,ES,2010-01-01,3554.0,,
ESTAT:MIGR_EMI1CTZ(1.0),01/07/26 23:00:00,A,NI,REACH,TOTAL,NR,T,ES,2010-01-01,714.0,,
ESTAT:MIGR_EMI1CTZ(1.0),01/07/26 23:00:00,A,NL,REACH,TOTAL,NR,T,ES,2010-01-01,2964.0,,
ESTAT:MIGR_EMI1CTZ(1.0),01/07/26 23:00:00,A,NO,REACH,TOTAL,NR,T,ES,2010-01-01,562.0,,
ESTAT:MIGR_EMI1CTZ(1.0),01/07/26 23:00:00,A,NR,REACH,TOTAL,NR,T,ES,2010-01-01,0.0,,
ESTAT:MIGR_EMI1CTZ(1.0),01/07/26 23:00:00,A,NZ,REACH,TOTAL,NR,T,ES,2010-01-01,66.0,,
ESTAT:MIGR_EMI1CTZ(1.0),01/07/26 23:00:00,A,OCE,REACH,TOTAL,NR,T,ES,2010-01-01,284.0,,
ESTAT:MIGR_EMI1CTZ(1.0),01/07/26 23:00:00,A,OTH,REACH,TOTAL,NR,T,ES,2010-01-01,74.0,,
ESTAT:MIGR_EMI1CTZ(1.0),01/07/26 23:00:00,A,PE,REACH,TOTAL,NR,T,ES,2010-01-01,8382.0,,
ESTAT:MIGR_EMI1CTZ(1.0),01/07/26 23:00:00,A,PF,REACH,TOTAL,NR,T,ES,2010-01-01,0.0,,
ESTAT:MIGR_EMI1CTZ(1.0),01/07/26 23:00:00,A,PG,REACH,TOTAL,NR,T,ES,2010-01-01,0.0,,
ESTAT:MIGR_EMI1CTZ(1.0),01/07/26 23:00:00,A,PH,REACH,TOTAL,NR,T,ES,2010-01-01,1152.0,,
ESTAT:MIGR_EMI1CTZ(1.0),01/07/26 23:00:00,A,PK,REACH,TOTAL,NR,T,ES,2010-01-01,7922.0,,
ESTAT:MIGR_EMI1CTZ(1.0),01/07/26 23:00:00,A,PL,REACH,TOTAL,NR,T,ES,2010-01-01,6962.0,,
ESTAT:MIGR_EMI1CTZ(1.0),01/07/26 23:00:00,A,PM,REACH,TOTAL,NR,T,ES,2010-01-01,0.0,,
ESTAT:MIGR_EMI1CTZ(1.0),01/07/26 23:00:00,A,PN,REACH,TOTAL,NR,T,ES,2010-01-01,0.0,,
ESTAT:MIGR_EMI1CTZ(1.0),01/07/26 23:00:00,A,POL,REACH,TOTAL,NR,T,ES,2010-01-01,1.0,,
ESTAT:MIGR_EMI1CTZ(1.0),01/07/26 23:00:00,A,PS,REACH,TOTAL,NR,T,ES,2010-01-01,0.0,,
ESTAT:MIGR_EMI1CTZ(1.0),01/07/26 23:00:00,A,PT,REACH,TOTAL,NR,T,ES,2010-01-01,12590.0,,
ESTAT:MIGR_EMI1CTZ(1.0),01/07/26 23:00:00,A,PW,REACH,TOTAL,NR,T,ES,2010-01-01,0.0,,
ESTAT:MIGR_EMI1CTZ(1.0),01/07/26 23:00:00,A,PY,REACH,TOTAL,NR,T,ES,2010-01-01,8108.0,,
ESTAT:MIGR_EMI1CTZ(1.0),01/07/26 23:00:00,A,RNC,REACH,TOTAL,NR,T,ES,2010-01-01,0.0,,
ESTAT:MIGR_EMI1CTZ(1.0),01/07/26 23:00:00,A,RO,REACH,TOTAL,NR,T,ES,2010-01-01,49794.0,,
ESTAT:MIGR_EMI1CTZ(1.0),01/07/26 23:00:00,A,RS_ME,REACH,TOTAL,NR,T,ES,2010-01-01,0.0,,
ESTAT:MIGR_EMI1CTZ(1.0),01/07/26 23:00:00,A,RU,REACH,TOTAL,NR,T,ES,2010-01-01,3133.0,,
ESTAT:MIGR_EMI1CTZ(1.0),01/07/26 23:00:00,A,SB,REACH,TOTAL,NR,T,ES,2010-01-01,0.0,,
ESTAT:MIGR_EMI1CTZ(1.0),01/07/26 23:00:00,A,SE,REACH,TOTAL,NR,T,ES,2010-01-01,1176.0,,
ESTAT:MIGR_EMI1CTZ(1.0),01/07/26 23:00:00,A,SH,REACH,TOTAL,NR,T,ES,2010-01-01,0.0,,
ESTAT:MIGR_EMI1CTZ(1.0),01/07/26 23:00:00,A,SN,REACH,TOTAL,NR,T,ES,2010-01-01,3950.0,,
ESTAT:MIGR_EMI1CTZ(1.0),01/07/26 23:00:00,A,SR,REACH,TOTAL,NR,T,ES,2010-01-01,6.0,,
ESTAT:MIGR_EMI1CTZ(1.0),01/07/26 23:00:00,A,STLS,REACH,TOTAL,NR,T,ES,2010-01-01,42.0,,
ESTAT:MIGR_EMI1CTZ(1.0),01/07/26 23:00:00,A,TC,REACH,TOTAL,NR,T,ES,2010-01-01,0.0,,
ESTAT:MIGR_EMI1CTZ(1.0),01/07/26 23:00:00,A,TF,REACH,TOTAL,NR,T,ES,2010-01-01,0.0,,
ESTAT:MIGR_EMI1CTZ(1.0),01/07/26 23:00:00,A,TL,REACH,TOTAL,NR,T,ES,2010-01-01,0.0,,
ESTAT:MIGR_EMI1CTZ(1.0),01/07/26 23:00:00,A,TO,REACH,TOTAL,NR,T,ES,2010-01-01,1.0,,
ESTAT:MIGR_EMI1CTZ(1.0),01/07/26 23:00:00,A,TOTAL,REACH,TOTAL,NR,T,ES,2010-01-01,403377.0,,
ESTAT:MIGR_EMI1CTZ(1.0),01/07/26 23:00:00,A,TV,REACH,TOTAL,NR,T,ES,2010-01-01,0.0,,
ESTAT:MIGR_EMI1CTZ(1.0),01/07/26 23:00:00,A,TW,REACH,TOTAL,NR,T,ES,2010-01-01,0.0,,
ESTAT:MIGR_EMI1CTZ(1.0),01/07/26 23:00:00,A,UA,REACH,TOTAL,NR,T,ES,2010-01-01,4255.0,,
ESTAT:MIGR_EMI1CTZ(1.0),01/07/26 23:00:00,A,UK,REACH,TOTAL,NR,T,ES,2010-01-01,11518.0,,
ESTAT:MIGR_EMI1CTZ(1.0),01/07/26 23:00:00,A,UNK,REACH,TOTAL,NR,T,ES,2010-01-01,0.0,,
ESTAT:MIGR_EMI1CTZ(1.0),01/07/26 23:00:00,A,US,REACH,TOTAL,NR,T,ES,2010-01-01,2848.0,,
ESTAT:MIGR_EMI1CTZ(1.0),01/07/26 23:00:00,A,UY,REACH,TOTAL,NR,T,ES,2010-01-01,3415.0,,
ESTAT:MIGR_EMI1CTZ(1.0),01/07/26 23:00:00,A,VE,REACH,TOTAL,NR,T,ES,2010-01-01,4132.0,,
ESTAT:MIGR_EMI1CTZ(1.0),01/07/26 23:00:00,A,VG,REACH,TOTAL,NR,T,ES,2010-01-01,0.0,,
ESTAT:MIGR_EMI1CTZ(1.0),01/07/26 23:00:00,A,VU,REACH,TOTAL,NR,T,ES,2010-01-01,0.0,,
ESTAT:MIGR_EMI1CTZ(1.0),01/07/26 23:00:00,A,WF,REACH,TOTAL,NR,T,ES,2010-01-01,0.0,,
ESTAT:MIGR_EMI1CTZ(1.0),01/07/26 23:00:00,A,WS,REACH,TOTAL,NR,T,ES,2010-01-01,0.0,,
ESTAT:MIGR_EMI1CTZ(1.0),01/07/26 23:00:00,A,XK,REACH,TOTAL,NR,T,ES,2010-01-01,0.0,,
ESTAT:MIGR_EMI1CTZ(1.0),01/07/26 23:00:00,A,YT,REACH,TOTAL,NR,T,ES,2010-01-01,0.0,,
ESTAT:MIGR_EMI1CTZ(1.0),01/07/26 23:00:00,A,AFR,REACH,TOTAL,NR,T,ES,2011-01-01,71712.0,,
ESTAT:MIGR_EMI1CTZ(1.0),01/07/26 23:00:00,A,AFR_C,REACH,TOTAL,NR,T,ES,2011-01-01,3167.0,,
ESTAT:MIGR_EMI1CTZ(1.0),01/07/26 23:00:00,A,AFR_E,REACH,TOTAL,NR,T,ES,2011-01-01,305.0,,
ESTAT:MIGR_EMI1CTZ(1.0),01/07/26 23:00:00,A,AFR_N,REACH,TOTAL,NR,T,ES,2011-01-01,48633.0,,
ESTAT:MIGR_EMI1CTZ(1.0),01/07/26 23:00:00,A,AFR_S,REACH,TOTAL,NR,T,ES,2011-01-01,73.0,,
ESTAT:MIGR_EMI1CTZ(1.0),01/07/26 23:00:00,A,AFR_W,REACH,TOTAL,NR,T,ES,2011-01-01,19534.0,,
ESTAT:MIGR_EMI1CTZ(1.0),01/07/26 23:00:00,A,AI,REACH,TOTAL,NR,T,ES,2011-01-01,0.0,,
ESTAT:MIGR_EMI1CTZ(1.0),01/07/26 23:00:00,A,AME,REACH,TOTAL,NR,T,ES,2011-01-01,127656.0,,
ESTAT:MIGR_EMI1CTZ(1.0),01/07/26 23:00:00,A,AME_C,REACH,TOTAL,NR,T,ES,2011-01-01,7413.0,,
ESTAT:MIGR_EMI1CTZ(1.0),01/07/26 23:00:00,A,AME_N,REACH,TOTAL,NR,T,ES,2011-01-01,3702.0,,
ESTAT:MIGR_EMI1CTZ(1.0),01/07/26 23:00:00,A,AME_S,REACH,TOTAL,NR,T,ES,2011-01-01,109875.0,,
ESTAT:MIGR_EMI1CTZ(1.0),01/07/26 23:00:00,A,AN,REACH,TOTAL,NR,T,ES,2011-01-01,0.0,,
ESTAT:MIGR_EMI1CTZ(1.0),01/07/26 23:00:00,A,AR,REACH,TOTAL,NR,T,ES,2011-01-01,9046.0,,
ESTAT:MIGR_EMI1CTZ(1.0),01/07/26 23:00:00,A,ASI,REACH,TOTAL,NR,T,ES,2011-01-01,36148.0,,
ESTAT:MIGR_EMI1CTZ(1.0),01/07/26 23:00:00,A,ASI_C,REACH,TOTAL,NR,T,ES,2011-01-01,158.0,,
ESTAT:MIGR_EMI1CTZ(1.0),01/07/26 23:00:00,A,ASI_E,REACH,TOTAL,NR,T,ES,2011-01-01,14353.0,,
ESTAT:MIGR_EMI1CTZ(1.0),01/07/26 23:00:00,A,ASI_S,REACH,TOTAL,NR,T,ES,2011-01-01,17331.0,,
ESTAT:MIGR_EMI1CTZ(1.0),01/07/26 23:00:00,A,ASI_S_E,REACH,TOTAL,NR,T,ES,2011-01-01,1703.0,,
ESTAT:MIGR_EMI1CTZ(1.0),01/07/26 23:00:00,A,ASI_W,REACH,TOTAL,NR,T,ES,2011-01-01,2603.0,,
ESTAT:MIGR_EMI1CTZ(1.0),01/07/26 23:00:00,A,AU,REACH,TOTAL,NR,T,ES,2011-01-01,213.0,,
ESTAT:MIGR_EMI1CTZ(1.0),01/07/26 23:00:00,A,AU_NZ,REACH,TOTAL,NR,T,ES,2011-01-01,293.0,,
ESTAT:MIGR_EMI1CTZ(1.0),01/07/26 23:00:00,A,AW,REACH,TOTAL,NR,T,ES,2011-01-01,0.0,,
ESTAT:MIGR_EMI1CTZ(1.0),01/07/26 23:00:00,A,BD,REACH,TOTAL,NR,T,ES,2011-01-01,1652.0,,
ESTAT:MIGR_EMI1CTZ(1.0),01/07/26 23:00:00,A,BE,REACH,TOTAL,NR,T,ES,2011-01-01,1221.0,,
ESTAT:MIGR_EMI1CTZ(1.0),01/07/26 23:00:00,A,BG,REACH,TOTAL,NR,T,ES,2011-01-01,8546.0,,
ESTAT:MIGR_EMI1CTZ(1.0),01/07/26 23:00:00,A,BL,REACH,TOTAL,NR,T,ES,2011-01-01,0.0,,
ESTAT:MIGR_EMI1CTZ(1.0),01/07/26 23:00:00,A,BM,REACH,TOTAL,NR,T,ES,2011-01-01,0.0,,
ESTAT:MIGR_EMI1CTZ(1.0),01/07/26 23:00:00,A,BO,REACH,TOTAL,NR,T,ES,2011-01-01,18507.0,,
ESTAT:MIGR_EMI1CTZ(1.0),01/07/26 23:00:00,A,BR,REACH,TOTAL,NR,T,ES,2011-01-01,14568.0,,
ESTAT:MIGR_EMI1CTZ(1.0),01/07/26 23:00:00,A,CA,REACH,TOTAL,NR,T,ES,2011-01-01,389.0,,
ESTAT:MIGR_EMI1CTZ(1.0),01/07/26 23:00:00,A,CC4_10,REACH,TOTAL,NR,T,ES,2011-01-01,670.0,,
ESTAT:MIGR_EMI1CTZ(1.0),01/07/26 23:00:00,A,CH,REACH,TOTAL,NR,T,ES,2011-01-01,615.0,,
ESTAT:MIGR_EMI1CTZ(1.0),01/07/26 23:00:00,A,CL,REACH,TOTAL,NR,T,ES,2011-01-01,4412.0,,
ESTAT:MIGR_EMI1CTZ(1.0),01/07/26 23:00:00,A,CN,REACH,TOTAL,NR,T,ES,2011-01-01,13368.0,,
ESTAT:MIGR_EMI1CTZ(1.0),01/07/26 23:00:00,A,CO,REACH,TOTAL,NR,T,ES,2011-01-01,15788.0,,
ESTAT:MIGR_EMI1CTZ(1.0),01/07/26 23:00:00,A,CRB,REACH,TOTAL,NR,T,ES,2011-01-01,6666.0,,
ESTAT:MIGR_EMI1CTZ(1.0),01/07/26 23:00:00,A,CU,REACH,TOTAL,NR,T,ES,2011-01-01,2088.0,,
ESTAT:MIGR_EMI1CTZ(1.0),01/07/26 23:00:00,A,CZ_SK,REACH,TOTAL,NR,T,ES,2011-01-01,0.0,,
ESTAT:MIGR_EMI1CTZ(1.0),01/07/26 23:00:00,A,DE,REACH,TOTAL,NR,T,ES,2011-01-01,6998.0,,
ESTAT:MIGR_EMI1CTZ(1.0),01/07/26 23:00:00,A,DK,REACH,TOTAL,NR,T,ES,2011-01-01,384.0,,
ESTAT:MIGR_EMI1CTZ(1.0),01/07/26 23:00:00,A,DO,REACH,TOTAL,NR,T,ES,2011-01-01,4496.0,,
ESTAT:MIGR_EMI1CTZ(1.0),01/07/26 23:00:00,A,DZ,REACH,TOTAL,NR,T,ES,2011-01-01,5715.0,,
ESTAT:MIGR_EMI1CTZ(1.0),01/07/26 23:00:00,A,EC,REACH,TOTAL,NR,T,ES,2011-01-01,21097.0,,
ESTAT:MIGR_EMI1CTZ(1.0),01/07/26 23:00:00,A,EH,REACH,TOTAL,NR,T,ES,2011-01-01,0.0,,
ESTAT:MIGR_EMI1CTZ(1.0),01/07/26 23:00:00,A,ES,REACH,TOTAL,NR,T,ES,2011-01-01,55473.0,,
ESTAT:MIGR_EMI1CTZ(1.0),01/07/26 23:00:00,A,EU15,REACH,TOTAL,NR,T,ES,2011-01-01,102984.0,,
ESTAT:MIGR_EMI1CTZ(1.0),01/07/26 23:00:00,A,EU15_FOR,REACH,TOTAL,NR,T,ES,2011-01-01,47511.0,,
ESTAT:MIGR_EMI1CTZ(1.0),01/07/26 23:00:00,A,EU25,REACH,TOTAL,NR,T,ES,2011-01-01,111180.0,,
ESTAT:MIGR_EMI1CTZ(1.0),01/07/26 23:00:00,A,EU25_FOR,REACH,TOTAL,NR,T,ES,2011-01-01,55707.0,,
ESTAT:MIGR_EMI1CTZ(1.0),01/07/26 23:00:00,A,EU27_2007,REACH,TOTAL,NR,T,ES,2011-01-01,162226.0,,
ESTAT:MIGR_EMI1CTZ(1.0),01/07/26 23:00:00,A,EU27_2007_FOR,REACH,TOTAL,NR,T,ES,2011-01-01,106753.0,,
ESTAT:MIGR_EMI1CTZ(1.0),01/07/26 23:00:00,A,EUR,REACH,TOTAL,NR,T,ES,2011-01-01,173055.0,,
ESTAT:MIGR_EMI1CTZ(1.0),01/07/26 23:00:00,A,EX_SU,REACH,TOTAL,NR,T,ES,2011-01-01,0.0,,
ESTAT:MIGR_EMI1CTZ(1.0),01/07/26 23:00:00,A,EX_YU,REACH,TOTAL,NR,T,ES,2011-01-01,0.0,,
ESTAT:MIGR_EMI1CTZ(1.0),01/07/26 23:00:00,A,FI,REACH,TOTAL,NR,T,ES,2011-01-01,269.0,,
ESTAT:MIGR_EMI1CTZ(1.0),01/07/26 23:00:00,A,FJ,REACH,TOTAL,NR,T,ES,2011-01-01,0.0,,
ESTAT:MIGR_EMI1CTZ(1.0),01/07/26 23:00:00,A,FK,REACH,TOTAL,NR,T,ES,2011-01-01,0.0,,
ESTAT:MIGR_EMI1CTZ(1.0),01/07/26 23:00:00,A,FM,REACH,TOTAL,NR,T,ES,2011-01-01,1.0,,
ESTAT:MIGR_EMI1CTZ(1.0),01/07/26 23:00:00,A,FO,REACH,TOTAL,NR,T,ES,2011-01-01,0.0,,
ESTAT:MIGR_EMI1CTZ(1.0),01/07/26 23:00:00,A,FOR_STLS,REACH,TOTAL,NR,T,ES,2011-01-01,353561.0,,
ESTAT:MIGR_EMI1CTZ(1.0),01/07/26 23:00:00,A,FR,REACH,TOTAL,NR,T,ES,2011-01-01,6809.0,,
ESTAT:MIGR_EMI1CTZ(1.0),01/07/26 23:00:00,A,GG,REACH,TOTAL,NR,T,ES,2011-01-01,0.0,,
ESTAT:MIGR_EMI1CTZ(1.0),01/07/26 23:00:00,A,GH,REACH,TOTAL,NR,T,ES,2011-01-01,2106.0,,
ESTAT:MIGR_EMI1CTZ(1.0),01/07/26 23:00:00,A,GI,REACH,TOTAL,NR,T,ES,2011-01-01,0.0,,
ESTAT:MIGR_EMI1CTZ(1.0),01/07/26 23:00:00,A,GL,REACH,TOTAL,NR,T,ES,2011-01-01,0.0,,
ESTAT:MIGR_EMI1CTZ(1.0),01/07/26 23:00:00,A,GM,REACH,TOTAL,NR,T,ES,2011-01-01,1846.0,,
ESTAT:MIGR_EMI1CTZ(1.0),01/07/26 23:00:00,A,GN,REACH,TOTAL,NR,T,ES,2011-01-01,1511.0,,
ESTAT:MIGR_EMI1CTZ(1.0),01/07/26 23:00:00,A,GQ,REACH,TOTAL,NR,T,ES,2011-01-01,1908.0,,
ESTAT:MIGR_EMI1CTZ(1.0),01/07/26 23:00:00,A,GY,REACH,TOTAL,NR,T,ES,2011-01-01,3.0,,
ESTAT:MIGR_EMI1CTZ(1.0),01/07/26 23:00:00,A,HN,REACH,TOTAL,NR,T,ES,2011-01-01,1897.0,,
ESTAT:MIGR_EMI1CTZ(1.0),01/07/26 23:00:00,A,IE,REACH,TOTAL,NR,T,ES,2011-01-01,615.0,,
ESTAT:MIGR_EMI1CTZ(1.0),01/07/26 23:00:00,A,IM,REACH,TOTAL,NR,T,ES,2011-01-01,0.0,,
ESTAT:MIGR_EMI1CTZ(1.0),01/07/26 23:00:00,A,IN,REACH,TOTAL,NR,T,ES,2011-01-01,3650.0,,
ESTAT:MIGR_EMI1CTZ(1.0),01/07/26 23:00:00,A,IT,REACH,TOTAL,NR,T,ES,2011-01-01,8841.0,,
ESTAT:MIGR_EMI1CTZ(1.0),01/07/26 23:00:00,A,JE,REACH,TOTAL,NR,T,ES,2011-01-01,0.0,,
ESTAT:MIGR_EMI1CTZ(1.0),01/07/26 23:00:00,A,KI,REACH,TOTAL,NR,T,ES,2011-01-01,0.0,,
ESTAT:MIGR_EMI1CTZ(1.0),01/07/26 23:00:00,A,KY,REACH,TOTAL,NR,T,ES,2011-01-01,0.0,,
ESTAT:MIGR_EMI1CTZ(1.0),01/07/26 23:00:00,A,LT,REACH,TOTAL,NR,T,ES,2011-01-01,1268.0,,
ESTAT:MIGR_EMI1CTZ(1.0),01/07/26 23:00:00,A,MA,REACH,TOTAL,NR,T,ES,2011-01-01,42234.0,,
ESTAT:MIGR_EMI1CTZ(1.0),01/07/26 23:00:00,A,MD,REACH,TOTAL,NR,T,ES,2011-01-01,985.0,,
ESTAT:MIGR_EMI1CTZ(1.0),01/07/26 23:00:00,A,MEL,REACH,TOTAL,NR,T,ES,2011-01-01,2.0,,
ESTAT:MIGR_EMI1CTZ(1.0),01/07/26 23:00:00,A,MF,REACH,TOTAL,NR,T,ES,2011-01-01,0.0,,
ESTAT:MIGR_EMI1CTZ(1.0),01/07/26 23:00:00,A,MIC,REACH,TOTAL,NR,T,ES,2011-01-01,7.0,,
ESTAT:MIGR_EMI1CTZ(1.0),01/07/26 23:00:00,A,ML,REACH,TOTAL,NR,T,ES,2011-01-01,2994.0,,
ESTAT:MIGR_EMI1CTZ(1.0),01/07/26 23:00:00,A,MR,REACH,TOTAL,NR,T,ES,2011-01-01,1307.0,,
ESTAT:MIGR_EMI1CTZ(1.0),01/07/26 23:00:00,A,MS,REACH,TOTAL,NR,T,ES,2011-01-01,0.0,,
ESTAT:MIGR_EMI1CTZ(1.0),01/07/26 23:00:00,A,MX,REACH,TOTAL,NR,T,ES,2011-01-01,3178.0,,
ESTAT:MIGR_EMI1CTZ(1.0),01/07/26 23:00:00,A,NAT,REACH,TOTAL,NR,T,ES,2011-01-01,55473.0,,
ESTAT:MIGR_EMI1CTZ(1.0),01/07/26 23:00:00,A,NC,REACH,TOTAL,NR,T,ES,2011-01-01,0.0,,
ESTAT:MIGR_EMI1CTZ(1.0),01/07/26 23:00:00,A,NEU27_2007_FOR_STLS,REACH,TOTAL,NR,T,ES,2011-01-01,246808.0,,
ESTAT:MIGR_EMI1CTZ(1.0),01/07/26 23:00:00,A,NG,REACH,TOTAL,NR,T,ES,2011-01-01,3943.0,,
ESTAT:MIGR_EMI1CTZ(1.0),01/07/26 23:00:00,A,NI,REACH,TOTAL,NR,T,ES,2011-01-01,932.0,,
ESTAT:MIGR_EMI1CTZ(1.0),01/07/26 23:00:00,A,NL,REACH,TOTAL,NR,T,ES,2011-01-01,2415.0,,
ESTAT:MIGR_EMI1CTZ(1.0),01/07/26 23:00:00,A,NO,REACH,TOTAL,NR,T,ES,2011-01-01,424.0,,
ESTAT:MIGR_EMI1CTZ(1.0),01/07/26 23:00:00,A,NR,REACH,TOTAL,NR,T,ES,2011-01-01,6.0,,
ESTAT:MIGR_EMI1CTZ(1.0),01/07/26 23:00:00,A,NZ,REACH,TOTAL,NR,T,ES,2011-01-01,80.0,,
ESTAT:MIGR_EMI1CTZ(1.0),01/07/26 23:00:00,A,OCE,REACH,TOTAL,NR,T,ES,2011-01-01,306.0,,
ESTAT:MIGR_EMI1CTZ(1.0),01/07/26 23:00:00,A,OTH,REACH,TOTAL,NR,T,ES,2011-01-01,112.0,,
ESTAT:MIGR_EMI1CTZ(1.0),01/07/26 23:00:00,A,PE,REACH,TOTAL,NR,T,ES,2011-01-01,9075.0,,
ESTAT:MIGR_EMI1CTZ(1.0),01/07/26 23:00:00,A,PF,REACH,TOTAL,NR,T,ES,2011-01-01,0.0,,
ESTAT:MIGR_EMI1CTZ(1.0),01/07/26 23:00:00,A,PG,REACH,TOTAL,NR,T,ES,2011-01-01,2.0,,
ESTAT:MIGR_EMI1CTZ(1.0),01/07/26 23:00:00,A,PH,REACH,TOTAL,NR,T,ES,2011-01-01,1426.0,,
ESTAT:MIGR_EMI1CTZ(1.0),01/07/26 23:00:00,A,PK,REACH,TOTAL,NR,T,ES,2011-01-01,11307.0,,
ESTAT:MIGR_EMI1CTZ(1.0),01/07/26 23:00:00,A,PL,REACH,TOTAL,NR,T,ES,2011-01-01,5092.0,,
ESTAT:MIGR_EMI1CTZ(1.0),01/07/26 23:00:00,A,PM,REACH,TOTAL,NR,T,ES,2011-01-01,0.0,,
ESTAT:MIGR_EMI1CTZ(1.0),01/07/26 23:00:00,A,PN,REACH,TOTAL,NR,T,ES,2011-01-01,0.0,,
ESTAT:MIGR_EMI1CTZ(1.0),01/07/26 23:00:00,A,POL,REACH,TOTAL,NR,T,ES,2011-01-01,4.0,,
ESTAT:MIGR_EMI1CTZ(1.0),01/07/26 23:00:00,A,PS,REACH,TOTAL,NR,T,ES,2011-01-01,0.0,,
ESTAT:MIGR_EMI1CTZ(1.0),01/07/26 23:00:00,A,PT,REACH,TOTAL,NR,T,ES,2011-01-01,9488.0,,
ESTAT:MIGR_EMI1CTZ(1.0),01/07/26 23:00:00,A,PW,REACH,TOTAL,NR,T,ES,2011-01-01,0.0,,
ESTAT:MIGR_EMI1CTZ(1.0),01/07/26 23:00:00,A,PY,REACH,TOTAL,NR,T,ES,2011-01-01,10169.0,,
ESTAT:MIGR_EMI1CTZ(1.0),01/07/26 23:00:00,A,RNC,REACH,TOTAL,NR,T,ES,2011-01-01,0.0,,
ESTAT:MIGR_EMI1CTZ(1.0),01/07/26 23:00:00,A,RO,REACH,TOTAL,NR,T,ES,2011-01-01,42500.0,,
ESTAT:MIGR_EMI1CTZ(1.0),01/07/26 23:00:00,A,RS_ME,REACH,TOTAL,NR,T,ES,2011-01-01,0.0,,
ESTAT:MIGR_EMI1CTZ(1.0),01/07/26 23:00:00,A,RU,REACH,TOTAL,NR,T,ES,2011-01-01,3128.0,,
ESTAT:MIGR_EMI1CTZ(1.0),01/07/26 23:00:00,A,SB,REACH,TOTAL,NR,T,ES,2011-01-01,0.0,,
ESTAT:MIGR_EMI1CTZ(1.0),01/07/26 23:00:00,A,SE,REACH,TOTAL,NR,T,ES,2011-01-01,763.0,,
ESTAT:MIGR_EMI1CTZ(1.0),01/07/26 23:00:00,A,SH,REACH,TOTAL,NR,T,ES,2011-01-01,0.0,,
ESTAT:MIGR_EMI1CTZ(1.0),01/07/26 23:00:00,A,SN,REACH,TOTAL,NR,T,ES,2011-01-01,4547.0,,
ESTAT:MIGR_EMI1CTZ(1.0),01/07/26 23:00:00,A,SR,REACH,TOTAL,NR,T,ES,2011-01-01,4.0,,
ESTAT:MIGR_EMI1CTZ(1.0),01/07/26 23:00:00,A,STLS,REACH,TOTAL,NR,T,ES,2011-01-01,45.0,,
ESTAT:MIGR_EMI1CTZ(1.0),01/07/26 23:00:00,A,TC,REACH,TOTAL,NR,T,ES,2011-01-01,0.0,,
ESTAT:MIGR_EMI1CTZ(1.0),01/07/26 23:00:00,A,TF,REACH,TOTAL,NR,T,ES,2011-01-01,0.0,,
ESTAT:MIGR_EMI1CTZ(1.0),01/07/26 23:00:00,A,TL,REACH,TOTAL,NR,T,ES,2011-01-01,0.0,,
ESTAT:MIGR_EMI1CTZ(1.0),01/07/26 23:00:00,A,TO,REACH,TOTAL,NR,T,ES,2011-01-01,0.0,,
ESTAT:MIGR_EMI1CTZ(1.0),01/07/26 23:00:00,A,TOTAL,REACH,TOTAL,NR,T,ES,2011-01-01,409034.0,,
ESTAT:MIGR_EMI1CTZ(1.0),01/07/26 23:00:00,A,TV,REACH,TOTAL,NR,T,ES,2011-01-01,4.0,,
ESTAT:MIGR_EMI1CTZ(1.0),01/07/26 23:00:00,A,TW,REACH,TOTAL,NR,T,ES,2011-01-01,0.0,,
ESTAT:MIGR_EMI1CTZ(1.0),01/07/26 23:00:00,A,UA,REACH,TOTAL,NR,T,ES,2011-01-01,4168.0,,
ESTAT:MIGR_EMI1CTZ(1.0),01/07/26 23:00:00,A,UK,REACH,TOTAL,NR,T,ES,2011-01-01,8842.0,,
ESTAT:MIGR_EMI1CTZ(1.0),01/07/26 23:00:00,A,UNK,REACH,TOTAL,NR,T,ES,2011-01-01,0.0,,
ESTAT:MIGR_EMI1CTZ(1.0),01/07/26 23:00:00,A,US,REACH,TOTAL,NR,T,ES,2011-01-01,3313.0,,
ESTAT:MIGR_EMI1CTZ(1.0),01/07/26 23:00:00,A,UY,REACH,TOTAL,NR,T,ES,2011-01-01,3025.0,,
ESTAT:MIGR_EMI1CTZ(1.0),01/07/26 23:00:00,A,VE,REACH,TOTAL,NR,T,ES,2011-01-01,4181.0,,
ESTAT:MIGR_EMI1CTZ(1.0),01/07/26 23:00:00,A,VG,REACH,TOTAL,NR,T,ES,2011-01-01,0.0,,
ESTAT:MIGR_EMI1CTZ(1.0),01/07/26 23:00:00,A,VU,REACH,TOTAL,NR,T,ES,2011-01-01,0.0,,
ESTAT:MIGR_EMI1CTZ(1.0),01/07/26 23:00:00,A,WF,REACH,TOTAL,NR,T,ES,2011-01-01,0.0,,
ESTAT:MIGR_EMI1CTZ(1.0),01/07/26 23:00:00,A,WS,REACH,TOTAL,NR,T,ES,2011-01-01,0.0,,
ESTAT:MIGR_EMI1CTZ(1.0),01/07/26 23:00:00,A,XK,REACH,TOTAL,NR,T,ES,2011-01-01,0.0,,
ESTAT:MIGR_EMI1CTZ(1.0),01/07/26 23:00:00,A,YT,REACH,TOTAL,NR,T,ES,2011-01-01,0.0,,
ESTAT:MIGR_EMI1CTZ(1.0),01/07/26 23:00:00,A,AFR,REACH,TOTAL,NR,T,ES,2012-01-01,72923.0,,
ESTAT:MIGR_EMI1CTZ(1.0),01/07/26 23:00:00,A,AFR_C,REACH,TOTAL,NR,T,ES,2012-01-01,2575.0,,
ESTAT:MIGR_EMI1CTZ(1.0),01/07/26 23:00:00,A,AFR_E,REACH,TOTAL,NR,T,ES,2012-01-01,161.0,,
ESTAT:MIGR_EMI1CTZ(1.0),01/07/26 23:00:00,A,AFR_N,REACH,TOTAL,NR,T,ES,2012-01-01,50860.0,,
ESTAT:MIGR_EMI1CTZ(1.0),01/07/26 23:00:00,A,AFR_S,REACH,TOTAL,NR,T,ES,2012-01-01,47.0,,
ESTAT:MIGR_EMI1CTZ(1.0),01/07/26 23:00:00,A,AFR_W,REACH,TOTAL,NR,T,ES,2012-01-01,19280.0,,
ESTAT:MIGR_EMI1CTZ(1.0),01/07/26 23:00:00,A,AI,REACH,TOTAL,NR,T,ES,2012-01-01,0.0,,
ESTAT:MIGR_EMI1CTZ(1.0),01/07/26 23:00:00,A,AME,REACH,TOTAL,NR,T,ES,2012-01-01,131840.0,,
ESTAT:MIGR_EMI1CTZ(1.0),01/07/26 23:00:00,A,AME_C,REACH,TOTAL,NR,T,ES,2012-01-01,8503.0,,
ESTAT:MIGR_EMI1CTZ(1.0),01/07/26 23:00:00,A,AME_N,REACH,TOTAL,NR,T,ES,2012-01-01,2978.0,,
ESTAT:MIGR_EMI1CTZ(1.0),01/07/26 23:00:00,A,AME_S,REACH,TOTAL,NR,T,ES,2012-01-01,112576.0,,
ESTAT:MIGR_EMI1CTZ(1.0),01/07/26 23:00:00,A,AN,REACH,TOTAL,NR,T,ES,2012-01-01,0.0,,
ESTAT:MIGR_EMI1CTZ(1.0),01/07/26 23:00:00,A,AR,REACH,TOTAL,NR,T,ES,2012-01-01,8099.0,,
ESTAT:MIGR_EMI1CTZ(1.0),01/07/26 23:00:00,A,ASI,REACH,TOTAL,NR,T,ES,2012-01-01,38192.0,,
ESTAT:MIGR_EMI1CTZ(1.0),01/07/26 23:00:00,A,ASI_C,REACH,TOTAL,NR,T,ES,2012-01-01,115.0,,
ESTAT:MIGR_EMI1CTZ(1.0),01/07/26 23:00:00,A,ASI_E,REACH,TOTAL,NR,T,ES,2012-01-01,15031.0,,
ESTAT:MIGR_EMI1CTZ(1.0),01/07/26 23:00:00,A,ASI_S,REACH,TOTAL,NR,T,ES,2012-01-01,19095.0,,
ESTAT:MIGR_EMI1CTZ(1.0),01/07/26 23:00:00,A,ASI_S_E,REACH,TOTAL,NR,T,ES,2012-01-01,1693.0,,
ESTAT:MIGR_EMI1CTZ(1.0),01/07/26 23:00:00,A,ASI_W,REACH,TOTAL,NR,T,ES,2012-01-01,2258.0,,
ESTAT:MIGR_EMI1CTZ(1.0),01/07/26 23:00:00,A,AU,REACH,TOTAL,NR,T,ES,2012-01-01,174.0,,
ESTAT:MIGR_EMI1CTZ(1.0),01/07/26 23:00:00,A,AU_NZ,REACH,TOTAL,NR,T,ES,2012-01-01,214.0,,
ESTAT:MIGR_EMI1CTZ(1.0),01/07/26 23:00:00,A,AW,REACH,TOTAL,NR,T,ES,2012-01-01,0.0,,
ESTAT:MIGR_EMI1CTZ(1.0),01/07/26 23:00:00,A,BD,REACH,TOTAL,NR,T,ES,2012-01-01,2050.0,,
ESTAT:MIGR_EMI1CTZ(1.0),01/07/26 23:00:00,A,BE,REACH,TOTAL,NR,T,ES,2012-01-01,868.0,,
ESTAT:MIGR_EMI1CTZ(1.0),01/07/26 23:00:00,A,BG,REACH,TOTAL,NR,T,ES,2012-01-01,11306.0,,
ESTAT:MIGR_EMI1CTZ(1.0),01/07/26 23:00:00,A,BL,REACH,TOTAL,NR,T,ES,2012-01-01,0.0,,
ESTAT:MIGR_EMI1CTZ(1.0),01/07/26 23:00:00,A,BM,REACH,TOTAL,NR,T,ES,2012-01-01,0.0,,
ESTAT:MIGR_EMI1CTZ(1.0),01/07/26 23:00:00,A,BO,REACH,TOTAL,NR,T,ES,2012-01-01,19029.0,,
ESTAT:MIGR_EMI1CTZ(1.0),01/07/26 23:00:00,A,BR,REACH,TOTAL,NR,T,ES,2012-01-01,13800.0,,
ESTAT:MIGR_EMI1CTZ(1.0),01/07/26 23:00:00,A,CA,REACH,TOTAL,NR,T,ES,2012-01-01,259.0,,
ESTAT:MIGR_EMI1CTZ(1.0),01/07/26 23:00:00,A,CC4_10,REACH,TOTAL,NR,T,ES,2012-01-01,478.0,,
ESTAT:MIGR_EMI1CTZ(1.0),01/07/26 23:00:00,A,CH,REACH,TOTAL,NR,T,ES,2012-01-01,636.0,,
ESTAT:MIGR_EMI1CTZ(1.0),01/07/26 23:00:00,A,CL,REACH,TOTAL,NR,T,ES,2012-01-01,4510.0,,
ESTAT:MIGR_EMI1CTZ(1.0),01/07/26 23:00:00,A,CN,REACH,TOTAL,NR,T,ES,2012-01-01,14096.0,,
ESTAT:MIGR_EMI1CTZ(1.0),01/07/26 23:00:00,A,CO,REACH,TOTAL,NR,T,ES,2012-01-01,16763.0,,
ESTAT:MIGR_EMI1CTZ(1.0),01/07/26 23:00:00,A,CRB,REACH,TOTAL,NR,T,ES,2012-01-01,7783.0,,
ESTAT:MIGR_EMI1CTZ(1.0),01/07/26 23:00:00,A,CU,REACH,TOTAL,NR,T,ES,2012-01-01,2425.0,,
ESTAT:MIGR_EMI1CTZ(1.0),01/07/26 23:00:00,A,CZ_SK,REACH,TOTAL,NR,T,ES,2012-01-01,0.0,,
ESTAT:MIGR_EMI1CTZ(1.0),01/07/26 23:00:00,A,DE,REACH,TOTAL,NR,T,ES,2012-01-01,7289.0,,
ESTAT:MIGR_EMI1CTZ(1.0),01/07/26 23:00:00,A,DK,REACH,TOTAL,NR,T,ES,2012-01-01,480.0,,
ESTAT:MIGR_EMI1CTZ(1.0),01/07/26 23:00:00,A,DO,REACH,TOTAL,NR,T,ES,2012-01-01,5307.0,,
ESTAT:MIGR_EMI1CTZ(1.0),01/07/26 23:00:00,A,DZ,REACH,TOTAL,NR,T,ES,2012-01-01,5873.0,,
ESTAT:MIGR_EMI1CTZ(1.0),01/07/26 23:00:00,A,EC,REACH,TOTAL,NR,T,ES,2012-01-01,21280.0,,
ESTAT:MIGR_EMI1CTZ(1.0),01/07/26 23:00:00,A,EH,REACH,TOTAL,NR,T,ES,2012-01-01,0.0,,
ESTAT:MIGR_EMI1CTZ(1.0),01/07/26 23:00:00,A,ES,REACH,TOTAL,NR,T,ES,2012-01-01,57266.0,,
ESTAT:MIGR_EMI1CTZ(1.0),01/07/26 23:00:00,A,EU15,REACH,TOTAL,NR,T,ES,2012-01-01,107576.0,,
ESTAT:MIGR_EMI1CTZ(1.0),01/07/26 23:00:00,A,EU15_FOR,REACH,TOTAL,NR,T,ES,2012-01-01,50310.0,,
ESTAT:MIGR_EMI1CTZ(1.0),01/07/26 23:00:00,A,EU25,REACH,TOTAL,NR,T,ES,2012-01-01,116192.0,,
ESTAT:MIGR_EMI1CTZ(1.0),01/07/26 23:00:00,A,EU25_FOR,REACH,TOTAL,NR,T,ES,2012-01-01,58926.0,,
ESTAT:MIGR_EMI1CTZ(1.0),01/07/26 23:00:00,A,EU27_2007,REACH,TOTAL,NR,T,ES,2012-01-01,192214.0,,
ESTAT:MIGR_EMI1CTZ(1.0),01/07/26 23:00:00,A,EU27_2007_FOR,REACH,TOTAL,NR,T,ES,2012-01-01,134948.0,,
ESTAT:MIGR_EMI1CTZ(1.0),01/07/26 23:00:00,A,EUR,REACH,TOTAL,NR,T,ES,2012-01-01,203326.0,,
ESTAT:MIGR_EMI1CTZ(1.0),01/07/26 23:00:00,A,EX_SU,REACH,TOTAL,NR,T,ES,2012-01-01,0.0,,
ESTAT:MIGR_EMI1CTZ(1.0),01/07/26 23:00:00,A,EX_YU,REACH,TOTAL,NR,T,ES,2012-01-01,0.0,,
ESTAT:MIGR_EMI1CTZ(1.0),01/07/26 23:00:00,A,FI,REACH,TOTAL,NR,T,ES,2012-01-01,316.0,,
ESTAT:MIGR_EMI1CTZ(1.0),01/07/26 23:00:00,A,FJ,REACH,TOTAL,NR,T,ES,2012-01-01,0.0,,
ESTAT:MIGR_EMI1CTZ(1.0),01/07/26 23:00:00,A,FK,REACH,TOTAL,NR,T,ES,2012-01-01,0.0,,
ESTAT:MIGR_EMI1CTZ(1.0),01/07/26 23:00:00,A,FM,REACH,TOTAL,NR,T,ES,2012-01-01,0.0,,
ESTAT:MIGR_EMI1CTZ(1.0),01/07/26 23:00:00,A,FO,REACH,TOTAL,NR,T,ES,2012-01-01,0.0,,
ESTAT:MIGR_EMI1CTZ(1.0),01/07/26 23:00:00,A,FOR_STLS,REACH,TOTAL,NR,T,ES,2012-01-01,389340.0,,
ESTAT:MIGR_EMI1CTZ(1.0),01/07/26 23:00:00,A,FR,REACH,TOTAL,NR,T,ES,2012-01-01,6908.0,,
ESTAT:MIGR_EMI1CTZ(1.0),01/07/26 23:00:00,A,GG,REACH,TOTAL,NR,T,ES,2012-01-01,0.0,,
ESTAT:MIGR_EMI1CTZ(1.0),01/07/26 23:00:00,A,GH,REACH,TOTAL,NR,T,ES,2012-01-01,2066.0,,
ESTAT:MIGR_EMI1CTZ(1.0),01/07/26 23:00:00,A,GI,REACH,TOTAL,NR,T,ES,2012-01-01,0.0,,
ESTAT:MIGR_EMI1CTZ(1.0),01/07/26 23:00:00,A,GL,REACH,TOTAL,NR,T,ES,2012-01-01,0.0,,
ESTAT:MIGR_EMI1CTZ(1.0),01/07/26 23:00:00,A,GM,REACH,TOTAL,NR,T,ES,2012-01-01,1668.0,,
ESTAT:MIGR_EMI1CTZ(1.0),01/07/26 23:00:00,A,GN,REACH,TOTAL,NR,T,ES,2012-01-01,1267.0,,
ESTAT:MIGR_EMI1CTZ(1.0),01/07/26 23:00:00,A,GQ,REACH,TOTAL,NR,T,ES,2012-01-01,1485.0,,
ESTAT:MIGR_EMI1CTZ(1.0),01/07/26 23:00:00,A,GY,REACH,TOTAL,NR,T,ES,2012-01-01,1.0,,
ESTAT:MIGR_EMI1CTZ(1.0),01/07/26 23:00:00,A,HN,REACH,TOTAL,NR,T,ES,2012-01-01,2457.0,,
ESTAT:MIGR_EMI1CTZ(1.0),01/07/26 23:00:00,A,IE,REACH,TOTAL,NR,T,ES,2012-01-01,658.0,,
ESTAT:MIGR_EMI1CTZ(1.0),01/07/26 23:00:00,A,IM,REACH,TOTAL,NR,T,ES,2012-01-01,0.0,,
ESTAT:MIGR_EMI1CTZ(1.0),01/07/26 23:00:00,A,IN,REACH,TOTAL,NR,T,ES,2012-01-01,3939.0,,
ESTAT:MIGR_EMI1CTZ(1.0),01/07/26 23:00:00,A,IT,REACH,TOTAL,NR,T,ES,2012-01-01,9207.0,,
ESTAT:MIGR_EMI1CTZ(1.0),01/07/26 23:00:00,A,JE,REACH,TOTAL,NR,T,ES,2012-01-01,0.0,,
ESTAT:MIGR_EMI1CTZ(1.0),01/07/26 23:00:00,A,KI,REACH,TOTAL,NR,T,ES,2012-01-01,0.0,,
ESTAT:MIGR_EMI1CTZ(1.0),01/07/26 23:00:00,A,KY,REACH,TOTAL,NR,T,ES,2012-01-01,0.0,,
ESTAT:MIGR_EMI1CTZ(1.0),01/07/26 23:00:00,A,LT,REACH,TOTAL,NR,T,ES,2012-01-01,1394.0,,
ESTAT:MIGR_EMI1CTZ(1.0),01/07/26 23:00:00,A,MA,REACH,TOTAL,NR,T,ES,2012-01-01,44424.0,,
ESTAT:MIGR_EMI1CTZ(1.0),01/07/26 23:00:00,A,MD,REACH,TOTAL,NR,T,ES,2012-01-01,906.0,,
ESTAT:MIGR_EMI1CTZ(1.0),01/07/26 23:00:00,A,MEL,REACH,TOTAL,NR,T,ES,2012-01-01,1.0,,
ESTAT:MIGR_EMI1CTZ(1.0),01/07/26 23:00:00,A,MF,REACH,TOTAL,NR,T,ES,2012-01-01,0.0,,
ESTAT:MIGR_EMI1CTZ(1.0),01/07/26 23:00:00,A,MIC,REACH,TOTAL,NR,T,ES,2012-01-01,0.0,,
ESTAT:MIGR_EMI1CTZ(1.0),01/07/26 23:00:00,A,ML,REACH,TOTAL,NR,T,ES,2012-01-01,2827.0,,
ESTAT:MIGR_EMI1CTZ(1.0),01/07/26 23:00:00,A,MR,REACH,TOTAL,NR,T,ES,2012-01-01,1350.0,,
ESTAT:MIGR_EMI1CTZ(1.0),01/07/26 23:00:00,A,MS,REACH,TOTAL,NR,T,ES,2012-01-01,0.0,,
ESTAT:MIGR_EMI1CTZ(1.0),01/07/26 23:00:00,A,MX,REACH,TOTAL,NR,T,ES,2012-01-01,3359.0,,
ESTAT:MIGR_EMI1CTZ(1.0),01/07/26 23:00:00,A,NAT,REACH,TOTAL,NR,T,ES,2012-01-01,57266.0,,
ESTAT:MIGR_EMI1CTZ(1.0),01/07/26 23:00:00,A,NC,REACH,TOTAL,NR,T,ES,2012-01-01,0.0,,
ESTAT:MIGR_EMI1CTZ(1.0),01/07/26 23:00:00,A,NEU27_2007_FOR_STLS,REACH,TOTAL,NR,T,ES,2012-01-01,254392.0,,
ESTAT:MIGR_EMI1CTZ(1.0),01/07/26 23:00:00,A,NG,REACH,TOTAL,NR,T,ES,2012-01-01,3788.0,,
ESTAT:MIGR_EMI1CTZ(1.0),01/07/26 23:00:00,A,NI,REACH,TOTAL,NR,T,ES,2012-01-01,1290.0,,
ESTAT:MIGR_EMI1CTZ(1.0),01/07/26 23:00:00,A,NL,REACH,TOTAL,NR,T,ES,2012-01-01,2089.0,,
ESTAT:MIGR_EMI1CTZ(1.0),01/07/26 23:00:00,A,NO,REACH,TOTAL,NR,T,ES,2012-01-01,470.0,,
ESTAT:MIGR_EMI1CTZ(1.0),01/07/26 23:00:00,A,NR,REACH,TOTAL,NR,T,ES,2012-01-01,0.0,,
ESTAT:MIGR_EMI1CTZ(1.0),01/07/26 23:00:00,A,NZ,REACH,TOTAL,NR,T,ES,2012-01-01,40.0,,
ESTAT:MIGR_EMI1CTZ(1.0),01/07/26 23:00:00,A,OCE,REACH,TOTAL,NR,T,ES,2012-01-01,216.0,,
ESTAT:MIGR_EMI1CTZ(1.0),01/07/26 23:00:00,A,OTH,REACH,TOTAL,NR,T,ES,2012-01-01,96.0,,
ESTAT:MIGR_EMI1CTZ(1.0),01/07/26 23:00:00,A,PE,REACH,TOTAL,NR,T,ES,2012-01-01,9544.0,,
ESTAT:MIGR_EMI1CTZ(1.0),01/07/26 23:00:00,A,PF,REACH,TOTAL,NR,T,ES,2012-01-01,0.0,,
ESTAT:MIGR_EMI1CTZ(1.0),01/07/26 23:00:00,A,PG,REACH,TOTAL,NR,T,ES,2012-01-01,1.0,,
ESTAT:MIGR_EMI1CTZ(1.0),01/07/26 23:00:00,A,PH,REACH,TOTAL,NR,T,ES,2012-01-01,1460.0,,
ESTAT:MIGR_EMI1CTZ(1.0),01/07/26 23:00:00,A,PK,REACH,TOTAL,NR,T,ES,2012-01-01,12593.0,,
ESTAT:MIGR_EMI1CTZ(1.0),01/07/26 23:00:00,A,PL,REACH,TOTAL,NR,T,ES,2012-01-01,5474.0,,
ESTAT:MIGR_EMI1CTZ(1.0),01/07/26 23:00:00,A,PM,REACH,TOTAL,NR,T,ES,2012-01-01,0.0,,
ESTAT:MIGR_EMI1CTZ(1.0),01/07/26 23:00:00,A,PN,REACH,TOTAL,NR,T,ES,2012-01-01,0.0,,
ESTAT:MIGR_EMI1CTZ(1.0),01/07/26 23:00:00,A,POL,REACH,TOTAL,NR,T,ES,2012-01-01,1.0,,
ESTAT:MIGR_EMI1CTZ(1.0),01/07/26 23:00:00,A,PS,REACH,TOTAL,NR,T,ES,2012-01-01,0.0,,
ESTAT:MIGR_EMI1CTZ(1.0),01/07/26 23:00:00,A,PT,REACH,TOTAL,NR,T,ES,2012-01-01,9631.0,,
ESTAT:MIGR_EMI1CTZ(1.0),01/07/26 23:00:00,A,PW,REACH,TOTAL,NR,T,ES,2012-01-01,0.0,,
ESTAT:MIGR_EMI1CTZ(1.0),01/07/26 23:00:00,A,PY,REACH,TOTAL,NR,T,ES,2012-01-01,12345.0,,
ESTAT:MIGR_EMI1CTZ(1.0),01/07/26 23:00:00,A,RNC,REACH,TOTAL,NR,T,ES,2012-01-01,0.0,,
ESTAT:MIGR_EMI1CTZ(1.0),01/07/26 23:00:00,A,RO,REACH,TOTAL,NR,T,ES,2012-01-01,64716.0,,
ESTAT:MIGR_EMI1CTZ(1.0),01/07/26 23:00:00,A,RS_ME,REACH,TOTAL,NR,T,ES,2012-01-01,0.0,,
ESTAT:MIGR_EMI1CTZ(1.0),01/07/26 23:00:00,A,RU,REACH,TOTAL,NR,T,ES,2012-01-01,3468.0,,
ESTAT:MIGR_EMI1CTZ(1.0),01/07/26 23:00:00,A,SB,REACH,TOTAL,NR,T,ES,2012-01-01,0.0,,
ESTAT:MIGR_EMI1CTZ(1.0),01/07/26 23:00:00,A,SE,REACH,TOTAL,NR,T,ES,2012-01-01,794.0,,
ESTAT:MIGR_EMI1CTZ(1.0),01/07/26 23:00:00,A,SH,REACH,TOTAL,NR,T,ES,2012-01-01,0.0,,
ESTAT:MIGR_EMI1CTZ(1.0),01/07/26 23:00:00,A,SN,REACH,TOTAL,NR,T,ES,2012-01-01,5302.0,,
ESTAT:MIGR_EMI1CTZ(1.0),01/07/26 23:00:00,A,SR,REACH,TOTAL,NR,T,ES,2012-01-01,1.0,,
ESTAT:MIGR_EMI1CTZ(1.0),01/07/26 23:00:00,A,STLS,REACH,TOTAL,NR,T,ES,2012-01-01,13.0,,
ESTAT:MIGR_EMI1CTZ(1.0),01/07/26 23:00:00,A,TC,REACH,TOTAL,NR,T,ES,2012-01-01,0.0,,
ESTAT:MIGR_EMI1CTZ(1.0),01/07/26 23:00:00,A,TF,REACH,TOTAL,NR,T,ES,2012-01-01,0.0,,
ESTAT:MIGR_EMI1CTZ(1.0),01/07/26 23:00:00,A,TL,REACH,TOTAL,NR,T,ES,2012-01-01,0.0,,
ESTAT:MIGR_EMI1CTZ(1.0),01/07/26 23:00:00,A,TO,REACH,TOTAL,NR,T,ES,2012-01-01,1.0,,
ESTAT:MIGR_EMI1CTZ(1.0),01/07/26 23:00:00,A,TOTAL,REACH,TOTAL,NR,T,ES,2012-01-01,446606.0,,
ESTAT:MIGR_EMI1CTZ(1.0),01/07/26 23:00:00,A,TV,REACH,TOTAL,NR,T,ES,2012-01-01,0.0,,
ESTAT:MIGR_EMI1CTZ(1.0),01/07/26 23:00:00,A,TW,REACH,TOTAL,NR,T,ES,2012-01-01,0.0,,
ESTAT:MIGR_EMI1CTZ(1.0),01/07/26 23:00:00,A,UA,REACH,TOTAL,NR,T,ES,2012-01-01,4512.0,,
ESTAT:MIGR_EMI1CTZ(1.0),01/07/26 23:00:00,A,UK,REACH,TOTAL,NR,T,ES,2012-01-01,11407.0,,
ESTAT:MIGR_EMI1CTZ(1.0),01/07/26 23:00:00,A,UNK,REACH,TOTAL,NR,T,ES,2012-01-01,0.0,,
ESTAT:MIGR_EMI1CTZ(1.0),01/07/26 23:00:00,A,US,REACH,TOTAL,NR,T,ES,2012-01-01,2719.0,,
ESTAT:MIGR_EMI1CTZ(1.0),01/07/26 23:00:00,A,UY,REACH,TOTAL,NR,T,ES,2012-01-01,2656.0,,
ESTAT:MIGR_EMI1CTZ(1.0),01/07/26 23:00:00,A,VE,REACH,TOTAL,NR,T,ES,2012-01-01,4548.0,,
ESTAT:MIGR_EMI1CTZ(1.0),01/07/26 23:00:00,A,VG,REACH,TOTAL,NR,T,ES,2012-01-01,0.0,,
ESTAT:MIGR_EMI1CTZ(1.0),01/07/26 23:00:00,A,VU,REACH,TOTAL,NR,T,ES,2012-01-01,0.0,,
ESTAT:MIGR_EMI1CTZ(1.0),01/07/26 23:00:00,A,WF,REACH,TOTAL,NR,T,ES,2012-01-01,0.0,,
ESTAT:MIGR_EMI1CTZ(1.0),01/07/26 23:00:00,A,WS,REACH,TOTAL,NR,T,ES,2012-01-01,0.0,,
ESTAT:MIGR_EMI1CTZ(1.0),01/07/26 23:00:00,A,XK,REACH,TOTAL,NR,T,ES,2012-01-01,0.0,,
ESTAT:MIGR_EMI1CTZ(1.0),01/07/26 23:00:00,A,YT,REACH,TOTAL,NR,T,ES,2012-01-01,0.0,,
ESTAT:MIGR_EMI1CTZ(1.0),01/07/26 23:00:00,A,AFR,REACH,TOTAL,NR,T,ES,2013-01-01,79186.0,,
ESTAT:MIGR_EMI1CTZ(1.0),01/07/26 23:00:00,A,AFR_C,REACH,TOTAL,NR,T,ES,2013-01-01,2995.0,,
ESTAT:MIGR_EMI1CTZ(1.0),01/07/26 23:00:00,A,AFR_E,REACH,TOTAL,NR,T,ES,2013-01-01,182.0,,
ESTAT:MIGR_EMI1CTZ(1.0),01/07/26 23:00:00,A,AFR_N,REACH,TOTAL,NR,T,ES,2013-01-01,54771.0,,
ESTAT:MIGR_EMI1CTZ(1.0),01/07/26 23:00:00,A,AFR_S,REACH,TOTAL,NR,T,ES,2013-01-01,72.0,,
ESTAT:MIGR_EMI1CTZ(1.0),01/07/26 23:00:00,A,AFR_W,REACH,TOTAL,NR,T,ES,2013-01-01,21166.0,,
ESTAT:MIGR_EMI1CTZ(1.0),01/07/26 23:00:00,A,AI,REACH,TOTAL,NR,T,ES,2013-01-01,0.0,,
ESTAT:MIGR_EMI1CTZ(1.0),01/07/26 23:00:00,A,AME,REACH,TOTAL,NR,T,ES,2013-01-01,156436.0,,
ESTAT:MIGR_EMI1CTZ(1.0),01/07/26 23:00:00,A,AME_C,REACH,TOTAL,NR,T,ES,2013-01-01,13048.0,,
ESTAT:MIGR_EMI1CTZ(1.0),01/07/26 23:00:00,A,AME_N,REACH,TOTAL,NR,T,ES,2013-01-01,4916.0,,
ESTAT:MIGR_EMI1CTZ(1.0),01/07/26 23:00:00,A,AME_S,REACH,TOTAL,NR,T,ES,2013-01-01,128273.0,,
ESTAT:MIGR_EMI1CTZ(1.0),01/07/26 23:00:00,A,AN,REACH,TOTAL,NR,T,ES,2013-01-01,0.0,,
ESTAT:MIGR_EMI1CTZ(1.0),01/07/26 23:00:00,A,AR,REACH,TOTAL,NR,T,ES,2013-01-01,9417.0,,
ESTAT:MIGR_EMI1CTZ(1.0),01/07/26 23:00:00,A,ASI,REACH,TOTAL,NR,T,ES,2013-01-01,43293.0,,
ESTAT:MIGR_EMI1CTZ(1.0),01/07/26 23:00:00,A,ASI_C,REACH,TOTAL,NR,T,ES,2013-01-01,204.0,,
ESTAT:MIGR_EMI1CTZ(1.0),01/07/26 23:00:00,A,ASI_E,REACH,TOTAL,NR,T,ES,2013-01-01,16943.0,,
ESTAT:MIGR_EMI1CTZ(1.0),01/07/26 23:00:00,A,ASI_S,REACH,TOTAL,NR,T,ES,2013-01-01,20897.0,,
ESTAT:MIGR_EMI1CTZ(1.0),01/07/26 23:00:00,A,ASI_S_E,REACH,TOTAL,NR,T,ES,2013-01-01,2263.0,,
ESTAT:MIGR_EMI1CTZ(1.0),01/07/26 23:00:00,A,ASI_W,REACH,TOTAL,NR,T,ES,2013-01-01,2986.0,,
ESTAT:MIGR_EMI1CTZ(1.0),01/07/26 23:00:00,A,AU,REACH,TOTAL,NR,T,ES,2013-01-01,213.0,,
ESTAT:MIGR_EMI1CTZ(1.0),01/07/26 23:00:00,A,AU_NZ,REACH,TOTAL,NR,T,ES,2013-01-01,267.0,,
ESTAT:MIGR_EMI1CTZ(1.0),01/07/26 23:00:00,A,AW,REACH,TOTAL,NR,T,ES,2013-01-01,0.0,,
ESTAT:MIGR_EMI1CTZ(1.0),01/07/26 23:00:00,A,BD,REACH,TOTAL,NR,T,ES,2013-01-01,2141.0,,
ESTAT:MIGR_EMI1CTZ(1.0),01/07/26 23:00:00,A,BE,REACH,TOTAL,NR,T,ES,2013-01-01,1532.0,,
ESTAT:MIGR_EMI1CTZ(1.0),01/07/26 23:00:00,A,BG,REACH,TOTAL,NR,T,ES,2013-01-01,12822.0,,
ESTAT:MIGR_EMI1CTZ(1.0),01/07/26 23:00:00,A,BL,REACH,TOTAL,NR,T,ES,2013-01-01,0.0,,
ESTAT:MIGR_EMI1CTZ(1.0),01/07/26 23:00:00,A,BM,REACH,TOTAL,NR,T,ES,2013-01-01,0.0,,
ESTAT:MIGR_EMI1CTZ(1.0),01/07/26 23:00:00,A,BO,REACH,TOTAL,NR,T,ES,2013-01-01,21321.0,,
ESTAT:MIGR_EMI1CTZ(1.0),01/07/26 23:00:00,A,BQ,REACH,TOTAL,NR,T,ES,2013-01-01,0.0,,
ESTAT:MIGR_EMI1CTZ(1.0),01/07/26 23:00:00,A,BR,REACH,TOTAL,NR,T,ES,2013-01-01,14977.0,,
ESTAT:MIGR_EMI1CTZ(1.0),01/07/26 23:00:00,A,CA,REACH,TOTAL,NR,T,ES,2013-01-01,385.0,,
ESTAT:MIGR_EMI1CTZ(1.0),01/07/26 23:00:00,A,CH,REACH,TOTAL,NR,T,ES,2013-01-01,983.0,,
ESTAT:MIGR_EMI1CTZ(1.0),01/07/26 23:00:00,A,CL,REACH,TOTAL,NR,T,ES,2013-01-01,5593.0,,
ESTAT:MIGR_EMI1CTZ(1.0),01/07/26 23:00:00,A,CN,REACH,TOTAL,NR,T,ES,2013-01-01,15422.0,,
ESTAT:MIGR_EMI1CTZ(1.0),01/07/26 23:00:00,A,CO,REACH,TOTAL,NR,T,ES,2013-01-01,19426.0,,
ESTAT:MIGR_EMI1CTZ(1.0),01/07/26 23:00:00,A,CRB,REACH,TOTAL,NR,T,ES,2013-01-01,10199.0,,
ESTAT:MIGR_EMI1CTZ(1.0),01/07/26 23:00:00,A,CU,REACH,TOTAL,NR,T,ES,2013-01-01,3076.0,,
ESTAT:MIGR_EMI1CTZ(1.0),01/07/26 23:00:00,A,CW,REACH,TOTAL,NR,T,ES,2013-01-01,0.0,,
ESTAT:MIGR_EMI1CTZ(1.0),01/07/26 23:00:00,A,CZ_SK,REACH,TOTAL,NR,T,ES,2013-01-01,0.0,,
ESTAT:MIGR_EMI1CTZ(1.0),01/07/26 23:00:00,A,DE,REACH,TOTAL,NR,T,ES,2013-01-01,11266.0,,
ESTAT:MIGR_EMI1CTZ(1.0),01/07/26 23:00:00,A,DK,REACH,TOTAL,NR,T,ES,2013-01-01,618.0,,
ESTAT:MIGR_EMI1CTZ(1.0),01/07/26 23:00:00,A,DO,REACH,TOTAL,NR,T,ES,2013-01-01,7047.0,,
ESTAT:MIGR_EMI1CTZ(1.0),01/07/26 23:00:00,A,DZ,REACH,TOTAL,NR,T,ES,2013-01-01,6670.0,,
ESTAT:MIGR_EMI1CTZ(1.0),01/07/26 23:00:00,A,EC,REACH,TOTAL,NR,T,ES,2013-01-01,23245.0,,
ESTAT:MIGR_EMI1CTZ(1.0),01/07/26 23:00:00,A,EH,REACH,TOTAL,NR,T,ES,2013-01-01,0.0,,
ESTAT:MIGR_EMI1CTZ(1.0),01/07/26 23:00:00,A,ES,REACH,TOTAL,NR,T,ES,2013-01-01,73329.0,,
ESTAT:MIGR_EMI1CTZ(1.0),01/07/26 23:00:00,A,EU28_FOR,REACH,TOTAL,NR,T,ES,2013-01-01,164154.0,,
ESTAT:MIGR_EMI1CTZ(1.0),01/07/26 23:00:00,A,EUR,REACH,TOTAL,NR,T,ES,2013-01-01,252931.0,,
ESTAT:MIGR_EMI1CTZ(1.0),01/07/26 23:00:00,A,EX_SU,REACH,TOTAL,NR,T,ES,2013-01-01,0.0,,
ESTAT:MIGR_EMI1CTZ(1.0),01/07/26 23:00:00,A,EX_YU,REACH,TOTAL,NR,T,ES,2013-01-01,0.0,,
ESTAT:MIGR_EMI1CTZ(1.0),01/07/26 23:00:00,A,FI,REACH,TOTAL,NR,T,ES,2013-01-01,563.0,,
ESTAT:MIGR_EMI1CTZ(1.0),01/07/26 23:00:00,A,FJ,REACH,TOTAL,NR,T,ES,2013-01-01,0.0,,
ESTAT:MIGR_EMI1CTZ(1.0),01/07/26 23:00:00,A,FK,REACH,TOTAL,NR,T,ES,2013-01-01,0.0,,
ESTAT:MIGR_EMI1CTZ(1.0),01/07/26 23:00:00,A,FM,REACH,TOTAL,NR,T,ES,2013-01-01,1.0,,
ESTAT:MIGR_EMI1CTZ(1.0),01/07/26 23:00:00,A,FO,REACH,TOTAL,NR,T,ES,2013-01-01,0.0,,
ESTAT:MIGR_EMI1CTZ(1.0),01/07/26 23:00:00,A,FOR_STLS,REACH,TOTAL,NR,T,ES,2013-01-01,458974.0,,
ESTAT:MIGR_EMI1CTZ(1.0),01/07/26 23:00:00,A,FR,REACH,TOTAL,NR,T,ES,2013-01-01,9053.0,,
ESTAT:MIGR_EMI1CTZ(1.0),01/07/26 23:00:00,A,GG,REACH,TOTAL,NR,T,ES,2013-01-01,0.0,,
ESTAT:MIGR_EMI1CTZ(1.0),01/07/26 23:00:00,A,GH,REACH,TOTAL,NR,T,ES,2013-01-01,2061.0,,
ESTAT:MIGR_EMI1CTZ(1.0),01/07/26 23:00:00,A,GI,REACH,TOTAL,NR,T,ES,2013-01-01,0.0,,
ESTAT:MIGR_EMI1CTZ(1.0),01/07/26 23:00:00,A,GL,REACH,TOTAL,NR,T,ES,2013-01-01,0.0,,
ESTAT:MIGR_EMI1CTZ(1.0),01/07/26 23:00:00,A,GM,REACH,TOTAL,NR,T,ES,2013-01-01,2027.0,,
ESTAT:MIGR_EMI1CTZ(1.0),01/07/26 23:00:00,A,GN,REACH,TOTAL,NR,T,ES,2013-01-01,1420.0,,
ESTAT:MIGR_EMI1CTZ(1.0),01/07/26 23:00:00,A,GQ,REACH,TOTAL,NR,T,ES,2013-01-01,1784.0,,
ESTAT:MIGR_EMI1CTZ(1.0),01/07/26 23:00:00,A,GY,REACH,TOTAL,NR,T,ES,2013-01-01,1.0,,
ESTAT:MIGR_EMI1CTZ(1.0),01/07/26 23:00:00,A,HN,REACH,TOTAL,NR,T,ES,2013-01-01,3817.0,,
ESTAT:MIGR_EMI1CTZ(1.0),01/07/26 23:00:00,A,IE,REACH,TOTAL,NR,T,ES,2013-01-01,918.0,,
ESTAT:MIGR_EMI1CTZ(1.0),01/07/26 23:00:00,A,IM,REACH,TOTAL,NR,T,ES,2013-01-01,0.0,,
ESTAT:MIGR_EMI1CTZ(1.0),01/07/26 23:00:00,A,IN,REACH,TOTAL,NR,T,ES,2013-01-01,4485.0,,
ESTAT:MIGR_EMI1CTZ(1.0),01/07/26 23:00:00,A,IT,REACH,TOTAL,NR,T,ES,2013-01-01,12235.0,,
ESTAT:MIGR_EMI1CTZ(1.0),01/07/26 23:00:00,A,JE,REACH,TOTAL,NR,T,ES,2013-01-01,0.0,,
ESTAT:MIGR_EMI1CTZ(1.0),01/07/26 23:00:00,A,KI,REACH,TOTAL,NR,T,ES,2013-01-01,0.0,,
ESTAT:MIGR_EMI1CTZ(1.0),01/07/26 23:00:00,A,KY,REACH,TOTAL,NR,T,ES,2013-01-01,0.0,,
ESTAT:MIGR_EMI1CTZ(1.0),01/07/26 23:00:00,A,LT,REACH,TOTAL,NR,T,ES,2013-01-01,1554.0,,
ESTAT:MIGR_EMI1CTZ(1.0),01/07/26 23:00:00,A,MA,REACH,TOTAL,NR,T,ES,2013-01-01,47463.0,,
ESTAT:MIGR_EMI1CTZ(1.0),01/07/26 23:00:00,A,MD,REACH,TOTAL,NR,T,ES,2013-01-01,986.0,,
ESTAT:MIGR_EMI1CTZ(1.0),01/07/26 23:00:00,A,MEL,REACH,TOTAL,NR,T,ES,2013-01-01,4.0,,
ESTAT:MIGR_EMI1CTZ(1.0),01/07/26 23:00:00,A,MIC,REACH,TOTAL,NR,T,ES,2013-01-01,1.0,,
ESTAT:MIGR_EMI1CTZ(1.0),01/07/26 23:00:00,A,ML,REACH,TOTAL,NR,T,ES,2013-01-01,3021.0,,
ESTAT:MIGR_EMI1CTZ(1.0),01/07/26 23:00:00,A,MR,REACH,TOTAL,NR,T,ES,2013-01-01,1116.0,,
ESTAT:MIGR_EMI1CTZ(1.0),01/07/26 23:00:00,A,MS,REACH,TOTAL,NR,T,ES,2013-01-01,0.0,,
ESTAT:MIGR_EMI1CTZ(1.0),01/07/26 23:00:00,A,MX,REACH,TOTAL,NR,T,ES,2013-01-01,5110.0,,
ESTAT:MIGR_EMI1CTZ(1.0),01/07/26 23:00:00,A,NAT,REACH,TOTAL,NR,T,ES,2013-01-01,73329.0,,
ESTAT:MIGR_EMI1CTZ(1.0),01/07/26 23:00:00,A,NC,REACH,TOTAL,NR,T,ES,2013-01-01,0.0,,
ESTAT:MIGR_EMI1CTZ(1.0),01/07/26 23:00:00,A,NEU28_FOR,REACH,TOTAL,NR,T,ES,2013-01-01,294795.0,,
ESTAT:MIGR_EMI1CTZ(1.0),01/07/26 23:00:00,A,NG,REACH,TOTAL,NR,T,ES,2013-01-01,4172.0,,
ESTAT:MIGR_EMI1CTZ(1.0),01/07/26 23:00:00,A,NI,REACH,TOTAL,NR,T,ES,2013-01-01,2185.0,,
ESTAT:MIGR_EMI1CTZ(1.0),01/07/26 23:00:00,A,NL,REACH,TOTAL,NR,T,ES,2013-01-01,3326.0,,
ESTAT:MIGR_EMI1CTZ(1.0),01/07/26 23:00:00,A,NO,REACH,TOTAL,NR,T,ES,2013-01-01,1002.0,,
ESTAT:MIGR_EMI1CTZ(1.0),01/07/26 23:00:00,A,NR,REACH,TOTAL,NR,T,ES,2013-01-01,0.0,,
ESTAT:MIGR_EMI1CTZ(1.0),01/07/26 23:00:00,A,NZ,REACH,TOTAL,NR,T,ES,2013-01-01,54.0,,
ESTAT:MIGR_EMI1CTZ(1.0),01/07/26 23:00:00,A,OCE,REACH,TOTAL,NR,T,ES,2013-01-01,272.0,,
ESTAT:MIGR_EMI1CTZ(1.0),01/07/26 23:00:00,A,OTH,REACH,TOTAL,NR,T,ES,2013-01-01,160.0,,
ESTAT:MIGR_EMI1CTZ(1.0),01/07/26 23:00:00,A,PE,REACH,TOTAL,NR,T,ES,2013-01-01,11065.0,,
ESTAT:MIGR_EMI1CTZ(1.0),01/07/26 23:00:00,A,PF,REACH,TOTAL,NR,T,ES,2013-01-01,0.0,,
ESTAT:MIGR_EMI1CTZ(1.0),01/07/26 23:00:00,A,PG,REACH,TOTAL,NR,T,ES,2013-01-01,4.0,,
ESTAT:MIGR_EMI1CTZ(1.0),01/07/26 23:00:00,A,PH,REACH,TOTAL,NR,T,ES,2013-01-01,1946.0,,
ESTAT:MIGR_EMI1CTZ(1.0),01/07/26 23:00:00,A,PK,REACH,TOTAL,NR,T,ES,2013-01-01,13560.0,,
ESTAT:MIGR_EMI1CTZ(1.0),01/07/26 23:00:00,A,PL,REACH,TOTAL,NR,T,ES,2013-01-01,5432.0,,
ESTAT:MIGR_EMI1CTZ(1.0),01/07/26 23:00:00,A,PM,REACH,TOTAL,NR,T,ES,2013-01-01,0.0,,
ESTAT:MIGR_EMI1CTZ(1.0),01/07/26 23:00:00,A,PN,REACH,TOTAL,NR,T,ES,2013-01-01,0.0,,
ESTAT:MIGR_EMI1CTZ(1.0),01/07/26 23:00:00,A,POL,REACH,TOTAL,NR,T,ES,2013-01-01,0.0,,
ESTAT:MIGR_EMI1CTZ(1.0),01/07/26 23:00:00,A,PS,REACH,TOTAL,NR,T,ES,2013-01-01,0.0,,
ESTAT:MIGR_EMI1CTZ(1.0),01/07/26 23:00:00,A,PT,REACH,TOTAL,NR,T,ES,2013-01-01,10952.0,,
ESTAT:MIGR_EMI1CTZ(1.0),01/07/26 23:00:00,A,PW,REACH,TOTAL,NR,T,ES,2013-01-01,0.0,,
ESTAT:MIGR_EMI1CTZ(1.0),01/07/26 23:00:00,A,PY,REACH,TOTAL,NR,T,ES,2013-01-01,14270.0,,
ESTAT:MIGR_EMI1CTZ(1.0),01/07/26 23:00:00,A,RNC,REACH,TOTAL,NR,T,ES,2013-01-01,0.0,,
ESTAT:MIGR_EMI1CTZ(1.0),01/07/26 23:00:00,A,RO,REACH,TOTAL,NR,T,ES,2013-01-01,70679.0,,
ESTAT:MIGR_EMI1CTZ(1.0),01/07/26 23:00:00,A,RS_ME,REACH,TOTAL,NR,T,ES,2013-01-01,0.0,,
ESTAT:MIGR_EMI1CTZ(1.0),01/07/26 23:00:00,A,RU,REACH,TOTAL,NR,T,ES,2013-01-01,5529.0,,
ESTAT:MIGR_EMI1CTZ(1.0),01/07/26 23:00:00,A,SB,REACH,TOTAL,NR,T,ES,2013-01-01,0.0,,
ESTAT:MIGR_EMI1CTZ(1.0),01/07/26 23:00:00,A,SE,REACH,TOTAL,NR,T,ES,2013-01-01,1346.0,,
ESTAT:MIGR_EMI1CTZ(1.0),01/07/26 23:00:00,A,SH,REACH,TOTAL,NR,T,ES,2013-01-01,0.0,,
ESTAT:MIGR_EMI1CTZ(1.0),01/07/26 23:00:00,A,SN,REACH,TOTAL,NR,T,ES,2013-01-01,6181.0,,
ESTAT:MIGR_EMI1CTZ(1.0),01/07/26 23:00:00,A,SR,REACH,TOTAL,NR,T,ES,2013-01-01,1.0,,
ESTAT:MIGR_EMI1CTZ(1.0),01/07/26 23:00:00,A,STLS,REACH,TOTAL,NR,T,ES,2013-01-01,25.0,,
ESTAT:MIGR_EMI1CTZ(1.0),01/07/26 23:00:00,A,SX,REACH,TOTAL,NR,T,ES,2013-01-01,0.0,,
ESTAT:MIGR_EMI1CTZ(1.0),01/07/26 23:00:00,A,TC,REACH,TOTAL,NR,T,ES,2013-01-01,0.0,,
ESTAT:MIGR_EMI1CTZ(1.0),01/07/26 23:00:00,A,TL,REACH,TOTAL,NR,T,ES,2013-01-01,0.0,,
ESTAT:MIGR_EMI1CTZ(1.0),01/07/26 23:00:00,A,TO,REACH,TOTAL,NR,T,ES,2013-01-01,0.0,,
ESTAT:MIGR_EMI1CTZ(1.0),01/07/26 23:00:00,A,TOTAL,REACH,TOTAL,NR,T,ES,2013-01-01,532303.0,,
ESTAT:MIGR_EMI1CTZ(1.0),01/07/26 23:00:00,A,TV,REACH,TOTAL,NR,T,ES,2013-01-01,0.0,,
ESTAT:MIGR_EMI1CTZ(1.0),01/07/26 23:00:00,A,TW,REACH,TOTAL,NR,T,ES,2013-01-01,0.0,,
ESTAT:MIGR_EMI1CTZ(1.0),01/07/26 23:00:00,A,UA,REACH,TOTAL,NR,T,ES,2013-01-01,5449.0,,
ESTAT:MIGR_EMI1CTZ(1.0),01/07/26 23:00:00,A,UK,REACH,TOTAL,NR,T,ES,2013-01-01,18649.0,,
ESTAT:MIGR_EMI1CTZ(1.0),01/07/26 23:00:00,A,UNK,REACH,TOTAL,NR,T,ES,2013-01-01,0.0,,
ESTAT:MIGR_EMI1CTZ(1.0),01/07/26 23:00:00,A,US,REACH,TOTAL,NR,T,ES,2013-01-01,4531.0,,
ESTAT:MIGR_EMI1CTZ(1.0),01/07/26 23:00:00,A,UY,REACH,TOTAL,NR,T,ES,2013-01-01,2824.0,,
ESTAT:MIGR_EMI1CTZ(1.0),01/07/26 23:00:00,A,VE,REACH,TOTAL,NR,T,ES,2013-01-01,6133.0,,
ESTAT:MIGR_EMI1CTZ(1.0),01/07/26 23:00:00,A,VG,REACH,TOTAL,NR,T,ES,2013-01-01,0.0,,
ESTAT:MIGR_EMI1CTZ(1.0),01/07/26 23:00:00,A,VU,REACH,TOTAL,NR,T,ES,2013-01-01,0.0,,
ESTAT:MIGR_EMI1CTZ(1.0),01/07/26 23:00:00,A,WF,REACH,TOTAL,NR,T,ES,2013-01-01,0.0,,
ESTAT:MIGR_EMI1CTZ(1.0),01/07/26 23:00:00,A,WS,REACH,TOTAL,NR,T,ES,2013-01-01,0.0,,
ESTAT:MIGR_EMI1CTZ(1.0),01/07/26 23:00:00,A,XK,REACH,TOTAL,NR,T,ES,2013-01-01,0.0,,
ESTAT:MIGR_EMI1CTZ(1.0),01/07/26 23:00:00,A,YT,REACH,TOTAL,NR,T,ES,2013-01-01,0.0,,
ESTAT:MIGR_EMI1CTZ(1.0),01/07/26 23:00:00,A,AFR,REACH,TOTAL,NR,T,ES,2014-01-01,50861.0,,
ESTAT:MIGR_EMI1CTZ(1.0),01/07/26 23:00:00,A,AFR_C,REACH,TOTAL,NR,T,ES,2014-01-01,1760.0,,
ESTAT:MIGR_EMI1CTZ(1.0),01/07/26 23:00:00,A,AFR_E,REACH,TOTAL,NR,T,ES,2014-01-01,163.0,,
ESTAT:MIGR_EMI1CTZ(1.0),01/07/26 23:00:00,A,AFR_N,REACH,TOTAL,NR,T,ES,2014-01-01,35807.0,,
ESTAT:MIGR_EMI1CTZ(1.0),01/07/26 23:00:00,A,AFR_S,REACH,TOTAL,NR,T,ES,2014-01-01,70.0,,
ESTAT:MIGR_EMI1CTZ(1.0),01/07/26 23:00:00,A,AFR_W,REACH,TOTAL,NR,T,ES,2014-01-01,13061.0,,
ESTAT:MIGR_EMI1CTZ(1.0),01/07/26 23:00:00,A,AI,REACH,TOTAL,NR,T,ES,2014-01-01,0.0,,
ESTAT:MIGR_EMI1CTZ(1.0),01/07/26 23:00:00,A,AME,REACH,TOTAL,NR,T,ES,2014-01-01,85647.0,,
ESTAT:MIGR_EMI1CTZ(1.0),01/07/26 23:00:00,A,AME_C,REACH,TOTAL,NR,T,ES,2014-01-01,7599.0,,
ESTAT:MIGR_EMI1CTZ(1.0),01/07/26 23:00:00,A,AME_N,REACH,TOTAL,NR,T,ES,2014-01-01,3593.0,,
ESTAT:MIGR_EMI1CTZ(1.0),01/07/26 23:00:00,A,AME_S,REACH,TOTAL,NR,T,ES,2014-01-01,67369.0,,
ESTAT:MIGR_EMI1CTZ(1.0),01/07/26 23:00:00,A,AN,REACH,TOTAL,NR,T,ES,2014-01-01,0.0,,
ESTAT:MIGR_EMI1CTZ(1.0),01/07/26 23:00:00,A,AR,REACH,TOTAL,NR,T,ES,2014-01-01,4743.0,,
ESTAT:MIGR_EMI1CTZ(1.0),01/07/26 23:00:00,A,ASI,REACH,TOTAL,NR,T,ES,2014-01-01,27329.0,,
ESTAT:MIGR_EMI1CTZ(1.0),01/07/26 23:00:00,A,ASI_C,REACH,TOTAL,NR,T,ES,2014-01-01,159.0,,
ESTAT:MIGR_EMI1CTZ(1.0),01/07/26 23:00:00,A,ASI_E,REACH,TOTAL,NR,T,ES,2014-01-01,11386.0,,
ESTAT:MIGR_EMI1CTZ(1.0),01/07/26 23:00:00,A,ASI_S,REACH,TOTAL,NR,T,ES,2014-01-01,12466.0,,
ESTAT:MIGR_EMI1CTZ(1.0),01/07/26 23:00:00,A,ASI_S_E,REACH,TOTAL,NR,T,ES,2014-01-01,1512.0,,
ESTAT:MIGR_EMI1CTZ(1.0),01/07/26 23:00:00,A,ASI_W,REACH,TOTAL,NR,T,ES,2014-01-01,1806.0,,
ESTAT:MIGR_EMI1CTZ(1.0),01/07/26 23:00:00,A,AU,REACH,TOTAL,NR,T,ES,2014-01-01,141.0,,
ESTAT:MIGR_EMI1CTZ(1.0),01/07/26 23:00:00,A,AU_NZ,REACH,TOTAL,NR,T,ES,2014-01-01,193.0,,
ESTAT:MIGR_EMI1CTZ(1.0),01/07/26 23:00:00,A,AW,REACH,TOTAL,NR,T,ES,2014-01-01,0.0,,
ESTAT:MIGR_EMI1CTZ(1.0),01/07/26 23:00:00,A,BD,REACH,TOTAL,NR,T,ES,2014-01-01,1399.0,,
ESTAT:MIGR_EMI1CTZ(1.0),01/07/26 23:00:00,A,BE,REACH,TOTAL,NR,T,ES,2014-01-01,1677.0,,
ESTAT:MIGR_EMI1CTZ(1.0),01/07/26 23:00:00,A,BG,REACH,TOTAL,NR,T,ES,2014-01-01,10610.0,,
ESTAT:MIGR_EMI1CTZ(1.0),01/07/26 23:00:00,A,BL,REACH,TOTAL,NR,T,ES,2014-01-01,0.0,,
ESTAT:MIGR_EMI1CTZ(1.0),01/07/26 23:00:00,A,BM,REACH,TOTAL,NR,T,ES,2014-01-01,0.0,,
ESTAT:MIGR_EMI1CTZ(1.0),01/07/26 23:00:00,A,BO,REACH,TOTAL,NR,T,ES,2014-01-01,10661.0,,
ESTAT:MIGR_EMI1CTZ(1.0),01/07/26 23:00:00,A,BQ,REACH,TOTAL,NR,T,ES,2014-01-01,0.0,,
ESTAT:MIGR_EMI1CTZ(1.0),01/07/26 23:00:00,A,BR,REACH,TOTAL,NR,T,ES,2014-01-01,7524.0,,
ESTAT:MIGR_EMI1CTZ(1.0),01/07/26 23:00:00,A,CA,REACH,TOTAL,NR,T,ES,2014-01-01,253.0,,
ESTAT:MIGR_EMI1CTZ(1.0),01/07/26 23:00:00,A,CH,REACH,TOTAL,NR,T,ES,2014-01-01,719.0,,
ESTAT:MIGR_EMI1CTZ(1.0),01/07/26 23:00:00,A,CL,REACH,TOTAL,NR,T,ES,2014-01-01,2737.0,,
ESTAT:MIGR_EMI1CTZ(1.0),01/07/26 23:00:00,A,CN,REACH,TOTAL,NR,T,ES,2014-01-01,10365.0,,
ESTAT:MIGR_EMI1CTZ(1.0),01/07/26 23:00:00,A,CO,REACH,TOTAL,NR,T,ES,2014-01-01,11152.0,,
ESTAT:MIGR_EMI1CTZ(1.0),01/07/26 23:00:00,A,CRB,REACH,TOTAL,NR,T,ES,2014-01-01,7086.0,,
ESTAT:MIGR_EMI1CTZ(1.0),01/07/26 23:00:00,A,CU,REACH,TOTAL,NR,T,ES,2014-01-01,2105.0,,
ESTAT:MIGR_EMI1CTZ(1.0),01/07/26 23:00:00,A,CW,REACH,TOTAL,NR,T,ES,2014-01-01,0.0,,
ESTAT:MIGR_EMI1CTZ(1.0),01/07/26 23:00:00,A,CZ_SK,REACH,TOTAL,NR,T,ES,2014-01-01,0.0,,
ESTAT:MIGR_EMI1CTZ(1.0),01/07/26 23:00:00,A,DE,REACH,TOTAL,NR,T,ES,2014-01-01,9497.0,,
ESTAT:MIGR_EMI1CTZ(1.0),01/07/26 23:00:00,A,DK,REACH,TOTAL,NR,T,ES,2014-01-01,550.0,,
ESTAT:MIGR_EMI1CTZ(1.0),01/07/26 23:00:00,A,DO,REACH,TOTAL,NR,T,ES,2014-01-01,4930.0,,
ESTAT:MIGR_EMI1CTZ(1.0),01/07/26 23:00:00,A,DZ,REACH,TOTAL,NR,T,ES,2014-01-01,4854.0,,
ESTAT:MIGR_EMI1CTZ(1.0),01/07/26 23:00:00,A,EC,REACH,TOTAL,NR,T,ES,2014-01-01,13031.0,,
ESTAT:MIGR_EMI1CTZ(1.0),01/07/26 23:00:00,A,EH,REACH,TOTAL,NR,T,ES,2014-01-01,0.0,,
ESTAT:MIGR_EMI1CTZ(1.0),01/07/26 23:00:00,A,ES,REACH,TOTAL,NR,T,ES,2014-01-01,80441.0,,
ESTAT:MIGR_EMI1CTZ(1.0),01/07/26 23:00:00,A,EU28_FOR,REACH,TOTAL,NR,T,ES,2014-01-01,145594.0,,
ESTAT:MIGR_EMI1CTZ(1.0),01/07/26 23:00:00,A,EUR,REACH,TOTAL,NR,T,ES,2014-01-01,236243.0,,
ESTAT:MIGR_EMI1CTZ(1.0),01/07/26 23:00:00,A,EX_SU,REACH,TOTAL,NR,T,ES,2014-01-01,0.0,,
ESTAT:MIGR_EMI1CTZ(1.0),01/07/26 23:00:00,A,EX_YU,REACH,TOTAL,NR,T,ES,2014-01-01,0.0,,
ESTAT:MIGR_EMI1CTZ(1.0),01/07/26 23:00:00,A,FI,REACH,TOTAL,NR,T,ES,2014-01-01,458.0,,
ESTAT:MIGR_EMI1CTZ(1.0),01/07/26 23:00:00,A,FJ,REACH,TOTAL,NR,T,ES,2014-01-01,0.0,,
ESTAT:MIGR_EMI1CTZ(1.0),01/07/26 23:00:00,A,FK,REACH,TOTAL,NR,T,ES,2014-01-01,0.0,,
ESTAT:MIGR_EMI1CTZ(1.0),01/07/26 23:00:00,A,FM,REACH,TOTAL,NR,T,ES,2014-01-01,1.0,,
ESTAT:MIGR_EMI1CTZ(1.0),01/07/26 23:00:00,A,FO,REACH,TOTAL,NR,T,ES,2014-01-01,0.0,,
ESTAT:MIGR_EMI1CTZ(1.0),01/07/26 23:00:00,A,FOR_STLS,REACH,TOTAL,NR,T,ES,2014-01-01,319989.0,,
ESTAT:MIGR_EMI1CTZ(1.0),01/07/26 23:00:00,A,FR,REACH,TOTAL,NR,T,ES,2014-01-01,8739.0,,
ESTAT:MIGR_EMI1CTZ(1.0),01/07/26 23:00:00,A,GG,REACH,TOTAL,NR,T,ES,2014-01-01,0.0,,
ESTAT:MIGR_EMI1CTZ(1.0),01/07/26 23:00:00,A,GH,REACH,TOTAL,NR,T,ES,2014-01-01,1074.0,,
ESTAT:MIGR_EMI1CTZ(1.0),01/07/26 23:00:00,A,GI,REACH,TOTAL,NR,T,ES,2014-01-01,0.0,,
ESTAT:MIGR_EMI1CTZ(1.0),01/07/26 23:00:00,A,GL,REACH,TOTAL,NR,T,ES,2014-01-01,0.0,,
ESTAT:MIGR_EMI1CTZ(1.0),01/07/26 23:00:00,A,GM,REACH,TOTAL,NR,T,ES,2014-01-01,1391.0,,
ESTAT:MIGR_EMI1CTZ(1.0),01/07/26 23:00:00,A,GN,REACH,TOTAL,NR,T,ES,2014-01-01,779.0,,
ESTAT:MIGR_EMI1CTZ(1.0),01/07/26 23:00:00,A,GQ,REACH,TOTAL,NR,T,ES,2014-01-01,1035.0,,
ESTAT:MIGR_EMI1CTZ(1.0),01/07/26 23:00:00,A,GY,REACH,TOTAL,NR,T,ES,2014-01-01,3.0,,
ESTAT:MIGR_EMI1CTZ(1.0),01/07/26 23:00:00,A,HN,REACH,TOTAL,NR,T,ES,2014-01-01,2299.0,,
ESTAT:MIGR_EMI1CTZ(1.0),01/07/26 23:00:00,A,IE,REACH,TOTAL,NR,T,ES,2014-01-01,1081.0,,
ESTAT:MIGR_EMI1CTZ(1.0),01/07/26 23:00:00,A,IM,REACH,TOTAL,NR,T,ES,2014-01-01,0.0,,
ESTAT:MIGR_EMI1CTZ(1.0),01/07/26 23:00:00,A,IN,REACH,TOTAL,NR,T,ES,2014-01-01,2519.0,,
ESTAT:MIGR_EMI1CTZ(1.0),01/07/26 23:00:00,A,IT,REACH,TOTAL,NR,T,ES,2014-01-01,13038.0,,
ESTAT:MIGR_EMI1CTZ(1.0),01/07/26 23:00:00,A,JE,REACH,TOTAL,NR,T,ES,2014-01-01,0.0,,
ESTAT:MIGR_EMI1CTZ(1.0),01/07/26 23:00:00,A,KI,REACH,TOTAL,NR,T,ES,2014-01-01,0.0,,
ESTAT:MIGR_EMI1CTZ(1.0),01/07/26 23:00:00,A,KY,REACH,TOTAL,NR,T,ES,2014-01-01,0.0,,
ESTAT:MIGR_EMI1CTZ(1.0),01/07/26 23:00:00,A,LT,REACH,TOTAL,NR,T,ES,2014-01-01,1602.0,,
ESTAT:MIGR_EMI1CTZ(1.0),01/07/26 23:00:00,A,MA,REACH,TOTAL,NR,T,ES,2014-01-01,30544.0,,
ESTAT:MIGR_EMI1CTZ(1.0),01/07/26 23:00:00,A,MD,REACH,TOTAL,NR,T,ES,2014-01-01,506.0,,
ESTAT:MIGR_EMI1CTZ(1.0),01/07/26 23:00:00,A,MEL,REACH,TOTAL,NR,T,ES,2014-01-01,0.0,,
ESTAT:MIGR_EMI1CTZ(1.0),01/07/26 23:00:00,A,MIC,REACH,TOTAL,NR,T,ES,2014-01-01,1.0,,
ESTAT:MIGR_EMI1CTZ(1.0),01/07/26 23:00:00,A,ML,REACH,TOTAL,NR,T,ES,2014-01-01,1725.0,,
ESTAT:MIGR_EMI1CTZ(1.0),01/07/26 23:00:00,A,MR,REACH,TOTAL,NR,T,ES,2014-01-01,725.0,,
ESTAT:MIGR_EMI1CTZ(1.0),01/07/26 23:00:00,A,MS,REACH,TOTAL,NR,T,ES,2014-01-01,0.0,,
ESTAT:MIGR_EMI1CTZ(1.0),01/07/26 23:00:00,A,MX,REACH,TOTAL,NR,T,ES,2014-01-01,2855.0,,
ESTAT:MIGR_EMI1CTZ(1.0),01/07/26 23:00:00,A,NAT,REACH,TOTAL,NR,T,ES,2014-01-01,80441.0,,
ESTAT:MIGR_EMI1CTZ(1.0),01/07/26 23:00:00,A,NC,REACH,TOTAL,NR,T,ES,2014-01-01,0.0,,
ESTAT:MIGR_EMI1CTZ(1.0),01/07/26 23:00:00,A,NEU28_FOR,REACH,TOTAL,NR,T,ES,2014-01-01,174384.0,,
ESTAT:MIGR_EMI1CTZ(1.0),01/07/26 23:00:00,A,NG,REACH,TOTAL,NR,T,ES,2014-01-01,2808.0,,
ESTAT:MIGR_EMI1CTZ(1.0),01/07/26 23:00:00,A,NI,REACH,TOTAL,NR,T,ES,2014-01-01,1425.0,,
ESTAT:MIGR_EMI1CTZ(1.0),01/07/26 23:00:00,A,NL,REACH,TOTAL,NR,T,ES,2014-01-01,3058.0,,
ESTAT:MIGR_EMI1CTZ(1.0),01/07/26 23:00:00,A,NO,REACH,TOTAL,NR,T,ES,2014-01-01,1308.0,,
ESTAT:MIGR_EMI1CTZ(1.0),01/07/26 23:00:00,A,NR,REACH,TOTAL,NR,T,ES,2014-01-01,0.0,,
ESTAT:MIGR_EMI1CTZ(1.0),01/07/26 23:00:00,A,NZ,REACH,TOTAL,NR,T,ES,2014-01-01,52.0,,
ESTAT:MIGR_EMI1CTZ(1.0),01/07/26 23:00:00,A,OCE,REACH,TOTAL,NR,T,ES,2014-01-01,194.0,,
ESTAT:MIGR_EMI1CTZ(1.0),01/07/26 23:00:00,A,OTH,REACH,TOTAL,NR,T,ES,2014-01-01,145.0,,
ESTAT:MIGR_EMI1CTZ(1.0),01/07/26 23:00:00,A,PE,REACH,TOTAL,NR,T,ES,2014-01-01,5934.0,,
ESTAT:MIGR_EMI1CTZ(1.0),01/07/26 23:00:00,A,PF,REACH,TOTAL,NR,T,ES,2014-01-01,0.0,,
ESTAT:MIGR_EMI1CTZ(1.0),01/07/26 23:00:00,A,PG,REACH,TOTAL,NR,T,ES,2014-01-01,0.0,,
ESTAT:MIGR_EMI1CTZ(1.0),01/07/26 23:00:00,A,PH,REACH,TOTAL,NR,T,ES,2014-01-01,1315.0,,
ESTAT:MIGR_EMI1CTZ(1.0),01/07/26 23:00:00,A,PK,REACH,TOTAL,NR,T,ES,2014-01-01,7967.0,,
ESTAT:MIGR_EMI1CTZ(1.0),01/07/26 23:00:00,A,PL,REACH,TOTAL,NR,T,ES,2014-01-01,4805.0,,
ESTAT:MIGR_EMI1CTZ(1.0),01/07/26 23:00:00,A,PM,REACH,TOTAL,NR,T,ES,2014-01-01,0.0,,
ESTAT:MIGR_EMI1CTZ(1.0),01/07/26 23:00:00,A,PN,REACH,TOTAL,NR,T,ES,2014-01-01,0.0,,
ESTAT:MIGR_EMI1CTZ(1.0),01/07/26 23:00:00,A,POL,REACH,TOTAL,NR,T,ES,2014-01-01,0.0,,
ESTAT:MIGR_EMI1CTZ(1.0),01/07/26 23:00:00,A,PS,REACH,TOTAL,NR,T,ES,2014-01-01,0.0,,
ESTAT:MIGR_EMI1CTZ(1.0),01/07/26 23:00:00,A,PT,REACH,TOTAL,NR,T,ES,2014-01-01,8875.0,,
ESTAT:MIGR_EMI1CTZ(1.0),01/07/26 23:00:00,A,PW,REACH,TOTAL,NR,T,ES,2014-01-01,0.0,,
ESTAT:MIGR_EMI1CTZ(1.0),01/07/26 23:00:00,A,PY,REACH,TOTAL,NR,T,ES,2014-01-01,6959.0,,
ESTAT:MIGR_EMI1CTZ(1.0),01/07/26 23:00:00,A,RNC,REACH,TOTAL,NR,T,ES,2014-01-01,0.0,,
ESTAT:MIGR_EMI1CTZ(1.0),01/07/26 23:00:00,A,RO,REACH,TOTAL,NR,T,ES,2014-01-01,55968.0,,
ESTAT:MIGR_EMI1CTZ(1.0),01/07/26 23:00:00,A,RS_ME,REACH,TOTAL,NR,T,ES,2014-01-01,0.0,,
ESTAT:MIGR_EMI1CTZ(1.0),01/07/26 23:00:00,A,RU,REACH,TOTAL,NR,T,ES,2014-01-01,3735.0,,
ESTAT:MIGR_EMI1CTZ(1.0),01/07/26 23:00:00,A,SB,REACH,TOTAL,NR,T,ES,2014-01-01,0.0,,
ESTAT:MIGR_EMI1CTZ(1.0),01/07/26 23:00:00,A,SE,REACH,TOTAL,NR,T,ES,2014-01-01,1548.0,,
ESTAT:MIGR_EMI1CTZ(1.0),01/07/26 23:00:00,A,SH,REACH,TOTAL,NR,T,ES,2014-01-01,0.0,,
ESTAT:MIGR_EMI1CTZ(1.0),01/07/26 23:00:00,A,SN,REACH,TOTAL,NR,T,ES,2014-01-01,3829.0,,
ESTAT:MIGR_EMI1CTZ(1.0),01/07/26 23:00:00,A,SR,REACH,TOTAL,NR,T,ES,2014-01-01,1.0,,
ESTAT:MIGR_EMI1CTZ(1.0),01/07/26 23:00:00,A,STLS,REACH,TOTAL,NR,T,ES,2014-01-01,11.0,,
ESTAT:MIGR_EMI1CTZ(1.0),01/07/26 23:00:00,A,SX,REACH,TOTAL,NR,T,ES,2014-01-01,0.0,,
ESTAT:MIGR_EMI1CTZ(1.0),01/07/26 23:00:00,A,TC,REACH,TOTAL,NR,T,ES,2014-01-01,0.0,,
ESTAT:MIGR_EMI1CTZ(1.0),01/07/26 23:00:00,A,TL,REACH,TOTAL,NR,T,ES,2014-01-01,0.0,,
ESTAT:MIGR_EMI1CTZ(1.0),01/07/26 23:00:00,A,TO,REACH,TOTAL,NR,T,ES,2014-01-01,0.0,,
ESTAT:MIGR_EMI1CTZ(1.0),01/07/26 23:00:00,A,TOTAL,REACH,TOTAL,NR,T,ES,2014-01-01,400430.0,,
ESTAT:MIGR_EMI1CTZ(1.0),01/07/26 23:00:00,A,TV,REACH,TOTAL,NR,T,ES,2014-01-01,0.0,,
ESTAT:MIGR_EMI1CTZ(1.0),01/07/26 23:00:00,A,TW,REACH,TOTAL,NR,T,ES,2014-01-01,0.0,,
ESTAT:MIGR_EMI1CTZ(1.0),01/07/26 23:00:00,A,UA,REACH,TOTAL,NR,T,ES,2014-01-01,2890.0,,
ESTAT:MIGR_EMI1CTZ(1.0),01/07/26 23:00:00,A,UK,REACH,TOTAL,NR,T,ES,2014-01-01,20797.0,,
ESTAT:MIGR_EMI1CTZ(1.0),01/07/26 23:00:00,A,UNK,REACH,TOTAL,NR,T,ES,2014-01-01,0.0,,
ESTAT:MIGR_EMI1CTZ(1.0),01/07/26 23:00:00,A,US,REACH,TOTAL,NR,T,ES,2014-01-01,3340.0,,
ESTAT:MIGR_EMI1CTZ(1.0),01/07/26 23:00:00,A,UY,REACH,TOTAL,NR,T,ES,2014-01-01,1525.0,,
ESTAT:MIGR_EMI1CTZ(1.0),01/07/26 23:00:00,A,VE,REACH,TOTAL,NR,T,ES,2014-01-01,3099.0,,
ESTAT:MIGR_EMI1CTZ(1.0),01/07/26 23:00:00,A,VG,REACH,TOTAL,NR,T,ES,2014-01-01,0.0,,
ESTAT:MIGR_EMI1CTZ(1.0),01/07/26 23:00:00,A,VU,REACH,TOTAL,NR,T,ES,2014-01-01,0.0,,
ESTAT:MIGR_EMI1CTZ(1.0),01/07/26 23:00:00,A,WF,REACH,TOTAL,NR,T,ES,2014-01-01,0.0,,
ESTAT:MIGR_EMI1CTZ(1.0),01/07/26 23:00:00,A,WS,REACH,TOTAL,NR,T,ES,2014-01-01,0.0,,
ESTAT:MIGR_EMI1CTZ(1.0),01/07/26 23:00:00,A,XK,REACH,TOTAL,NR,T,ES,2014-01-01,0.0,,
ESTAT:MIGR_EMI1CTZ(1.0),01/07/26 23:00:00,A,AR,REACH,TOTAL,NR,T,ES,2015-01-01,3724.0,,
ESTAT:MIGR_EMI1CTZ(1.0),01/07/26 23:00:00,A,BD,REACH,TOTAL,NR,T,ES,2015-01-01,975.0,,
ESTAT:MIGR_EMI1CTZ(1.0),01/07/26 23:00:00,A,BE,REACH,TOTAL,NR,T,ES,2015-01-01,1392.0,,
ESTAT:MIGR_EMI1CTZ(1.0),01/07/26 23:00:00,A,BG,REACH,TOTAL,NR,T,ES,2015-01-01,9359.0,,
ESTAT:MIGR_EMI1CTZ(1.0),01/07/26 23:00:00,A,BO,REACH,TOTAL,NR,T,ES,2015-01-01,6119.0,,
ESTAT:MIGR_EMI1CTZ(1.0),01/07/26 23:00:00,A,BR,REACH,TOTAL,NR,T,ES,2015-01-01,4890.0,,
ESTAT:MIGR_EMI1CTZ(1.0),01/07/26 23:00:00,A,CH,REACH,TOTAL,NR,T,ES,2015-01-01,601.0,,
ESTAT:MIGR_EMI1CTZ(1.0),01/07/26 23:00:00,A,CL,REACH,TOTAL,NR,T,ES,2015-01-01,1731.0,,
ESTAT:MIGR_EMI1CTZ(1.0),01/07/26 23:00:00,A,CN,REACH,TOTAL,NR,T,ES,2015-01-01,7560.0,,
ESTAT:MIGR_EMI1CTZ(1.0),01/07/26 23:00:00,A,CO,REACH,TOTAL,NR,T,ES,2015-01-01,7273.0,,
ESTAT:MIGR_EMI1CTZ(1.0),01/07/26 23:00:00,A,CU,REACH,TOTAL,NR,T,ES,2015-01-01,1633.0,,
ESTAT:MIGR_EMI1CTZ(1.0),01/07/26 23:00:00,A,DE,REACH,TOTAL,NR,T,ES,2015-01-01,8711.0,,
ESTAT:MIGR_EMI1CTZ(1.0),01/07/26 23:00:00,A,DK,REACH,TOTAL,NR,T,ES,2015-01-01,574.0,,
ESTAT:MIGR_EMI1CTZ(1.0),01/07/26 23:00:00,A,DO,REACH,TOTAL,NR,T,ES,2015-01-01,3422.0,,
ESTAT:MIGR_EMI1CTZ(1.0),01/07/26 23:00:00,A,DZ,REACH,TOTAL,NR,T,ES,2015-01-01,4035.0,,
ESTAT:MIGR_EMI1CTZ(1.0),01/07/26 23:00:00,A,EC,REACH,TOTAL,NR,T,ES,2015-01-01,7750.0,,
ESTAT:MIGR_EMI1CTZ(1.0),01/07/26 23:00:00,A,ES,REACH,TOTAL,NR,T,ES,2015-01-01,94645.0,,
ESTAT:MIGR_EMI1CTZ(1.0),01/07/26 23:00:00,A,EU28_FOR,REACH,TOTAL,NR,T,ES,2015-01-01,124472.0,,
ESTAT:MIGR_EMI1CTZ(1.0),01/07/26 23:00:00,A,FI,REACH,TOTAL,NR,T,ES,2015-01-01,526.0,,
ESTAT:MIGR_EMI1CTZ(1.0),01/07/26 23:00:00,A,FOR_STLS,REACH,TOTAL,NR,T,ES,2015-01-01,249230.0,,
ESTAT:MIGR_EMI1CTZ(1.0),01/07/26 23:00:00,A,FR,REACH,TOTAL,NR,T,ES,2015-01-01,6847.0,,
ESTAT:MIGR_EMI1CTZ(1.0),01/07/26 23:00:00,A,GH,REACH,TOTAL,NR,T,ES,2015-01-01,985.0,,
ESTAT:MIGR_EMI1CTZ(1.0),01/07/26 23:00:00,A,GM,REACH,TOTAL,NR,T,ES,2015-01-01,966.0,,
ESTAT:MIGR_EMI1CTZ(1.0),01/07/26 23:00:00,A,GN,REACH,TOTAL,NR,T,ES,2015-01-01,611.0,,
ESTAT:MIGR_EMI1CTZ(1.0),01/07/26 23:00:00,A,GQ,REACH,TOTAL,NR,T,ES,2015-01-01,673.0,,
ESTAT:MIGR_EMI1CTZ(1.0),01/07/26 23:00:00,A,HN,REACH,TOTAL,NR,T,ES,2015-01-01,1548.0,,
ESTAT:MIGR_EMI1CTZ(1.0),01/07/26 23:00:00,A,IE,REACH,TOTAL,NR,T,ES,2015-01-01,1053.0,,
ESTAT:MIGR_EMI1CTZ(1.0),01/07/26 23:00:00,A,IN,REACH,TOTAL,NR,T,ES,2015-01-01,2007.0,,
ESTAT:MIGR_EMI1CTZ(1.0),01/07/26 23:00:00,A,IT,REACH,TOTAL,NR,T,ES,2015-01-01,9862.0,,
ESTAT:MIGR_EMI1CTZ(1.0),01/07/26 23:00:00,A,LT,REACH,TOTAL,NR,T,ES,2015-01-01,1313.0,,
ESTAT:MIGR_EMI1CTZ(1.0),01/07/26 23:00:00,A,MA,REACH,TOTAL,NR,T,ES,2015-01-01,23538.0,,
ESTAT:MIGR_EMI1CTZ(1.0),01/07/26 23:00:00,A,MD,REACH,TOTAL,NR,T,ES,2015-01-01,365.0,,
ESTAT:MIGR_EMI1CTZ(1.0),01/07/26 23:00:00,A,ML,REACH,TOTAL,NR,T,ES,2015-01-01,1273.0,,
ESTAT:MIGR_EMI1CTZ(1.0),01/07/26 23:00:00,A,MR,REACH,TOTAL,NR,T,ES,2015-01-01,724.0,,
ESTAT:MIGR_EMI1CTZ(1.0),01/07/26 23:00:00,A,MX,REACH,TOTAL,NR,T,ES,2015-01-01,2027.0,,
ESTAT:MIGR_EMI1CTZ(1.0),01/07/26 23:00:00,A,NAT,REACH,TOTAL,NR,T,ES,2015-01-01,94645.0,,
ESTAT:MIGR_EMI1CTZ(1.0),01/07/26 23:00:00,A,NEU28_FOR,REACH,TOTAL,NR,T,ES,2015-01-01,124744.0,,
ESTAT:MIGR_EMI1CTZ(1.0),01/07/26 23:00:00,A,NG,REACH,TOTAL,NR,T,ES,2015-01-01,2074.0,,
ESTAT:MIGR_EMI1CTZ(1.0),01/07/26 23:00:00,A,NI,REACH,TOTAL,NR,T,ES,2015-01-01,999.0,,
ESTAT:MIGR_EMI1CTZ(1.0),01/07/26 23:00:00,A,NL,REACH,TOTAL,NR,T,ES,2015-01-01,2672.0,,
ESTAT:MIGR_EMI1CTZ(1.0),01/07/26 23:00:00,A,NO,REACH,TOTAL,NR,T,ES,2015-01-01,796.0,,
ESTAT:MIGR_EMI1CTZ(1.0),01/07/26 23:00:00,A,OTH,REACH,TOTAL,NR,T,ES,2015-01-01,69.0,,
ESTAT:MIGR_EMI1CTZ(1.0),01/07/26 23:00:00,A,PE,REACH,TOTAL,NR,T,ES,2015-01-01,3477.0,,
ESTAT:MIGR_EMI1CTZ(1.0),01/07/26 23:00:00,A,PH,REACH,TOTAL,NR,T,ES,2015-01-01,900.0,,
ESTAT:MIGR_EMI1CTZ(1.0),01/07/26 23:00:00,A,PK,REACH,TOTAL,NR,T,ES,2015-01-01,6098.0,,
ESTAT:MIGR_EMI1CTZ(1.0),01/07/26 23:00:00,A,PL,REACH,TOTAL,NR,T,ES,2015-01-01,4010.0,,
ESTAT:MIGR_EMI1CTZ(1.0),01/07/26 23:00:00,A,PT,REACH,TOTAL,NR,T,ES,2015-01-01,6609.0,,
ESTAT:MIGR_EMI1CTZ(1.0),01/07/26 23:00:00,A,PY,REACH,TOTAL,NR,T,ES,2015-01-01,4022.0,,
ESTAT:MIGR_EMI1CTZ(1.0),01/07/26 23:00:00,A,RO,REACH,TOTAL,NR,T,ES,2015-01-01,49124.0,,
ESTAT:MIGR_EMI1CTZ(1.0),01/07/26 23:00:00,A,RU,REACH,TOTAL,NR,T,ES,2015-01-01,3254.0,,
ESTAT:MIGR_EMI1CTZ(1.0),01/07/26 23:00:00,A,SE,REACH,TOTAL,NR,T,ES,2015-01-01,1309.0,,
ESTAT:MIGR_EMI1CTZ(1.0),01/07/26 23:00:00,A,SN,REACH,TOTAL,NR,T,ES,2015-01-01,2964.0,,
ESTAT:MIGR_EMI1CTZ(1.0),01/07/26 23:00:00,A,STLS,REACH,TOTAL,NR,T,ES,2015-01-01,14.0,,
ESTAT:MIGR_EMI1CTZ(1.0),01/07/26 23:00:00,A,TOTAL,REACH,TOTAL,NR,T,ES,2015-01-01,343875.0,,
ESTAT:MIGR_EMI1CTZ(1.0),01/07/26 23:00:00,A,UA,REACH,TOTAL,NR,T,ES,2015-01-01,2156.0,,
ESTAT:MIGR_EMI1CTZ(1.0),01/07/26 23:00:00,A,UK,REACH,TOTAL,NR,T,ES,2015-01-01,18452.0,,
ESTAT:MIGR_EMI1CTZ(1.0),01/07/26 23:00:00,A,UNK,REACH,TOTAL,NR,T,ES,2015-01-01,0.0,,
ESTAT:MIGR_EMI1CTZ(1.0),01/07/26 23:00:00,A,US,REACH,TOTAL,NR,T,ES,2015-01-01,2937.0,,
ESTAT:MIGR_EMI1CTZ(1.0),01/07/26 23:00:00,A,UY,REACH,TOTAL,NR,T,ES,2015-01-01,923.0,,
ESTAT:MIGR_EMI1CTZ(1.0),01/07/26 23:00:00,A,VE,REACH,TOTAL,NR,T,ES,2015-01-01,2482.0,,
ESTAT:MIGR_EMI1CTZ(1.0),01/07/26 23:00:00,A,AFR,REACH,TOTAL,NR,T,ES,2016-01-01,36837.0,,
ESTAT:MIGR_EMI1CTZ(1.0),01/07/26 23:00:00,A,AFR_C,REACH,TOTAL,NR,T,ES,2016-01-01,805.0,,
ESTAT:MIGR_EMI1CTZ(1.0),01/07/26 23:00:00,A,AFR_N,REACH,TOTAL,NR,T,ES,2016-01-01,27452.0,,
ESTAT:MIGR_EMI1CTZ(1.0),01/07/26 23:00:00,A,AFR_W,REACH,TOTAL,NR,T,ES,2016-01-01,8580.0,,
ESTAT:MIGR_EMI1CTZ(1.0),01/07/26 23:00:00,A,AME,REACH,TOTAL,NR,T,ES,2016-01-01,47548.0,,
ESTAT:MIGR_EMI1CTZ(1.0),01/07/26 23:00:00,A,AME_C,REACH,TOTAL,NR,T,ES,2016-01-01,4629.0,,
ESTAT:MIGR_EMI1CTZ(1.0),01/07/26 23:00:00,A,AME_N,REACH,TOTAL,NR,T,ES,2016-01-01,3386.0,,
ESTAT:MIGR_EMI1CTZ(1.0),01/07/26 23:00:00,A,AME_S,REACH,TOTAL,NR,T,ES,2016-01-01,34843.0,,
ESTAT:MIGR_EMI1CTZ(1.0),01/07/26 23:00:00,A,AR,REACH,TOTAL,NR,T,ES,2016-01-01,2786.0,,
ESTAT:MIGR_EMI1CTZ(1.0),01/07/26 23:00:00,A,ASI,REACH,TOTAL,NR,T,ES,2016-01-01,16280.0,,
ESTAT:MIGR_EMI1CTZ(1.0),01/07/26 23:00:00,A,ASI_E,REACH,TOTAL,NR,T,ES,2016-01-01,7291.0,,
ESTAT:MIGR_EMI1CTZ(1.0),01/07/26 23:00:00,A,ASI_S,REACH,TOTAL,NR,T,ES,2016-01-01,8058.0,,
ESTAT:MIGR_EMI1CTZ(1.0),01/07/26 23:00:00,A,ASI_S_E,REACH,TOTAL,NR,T,ES,2016-01-01,931.0,,
ESTAT:MIGR_EMI1CTZ(1.0),01/07/26 23:00:00,A,BD,REACH,TOTAL,NR,T,ES,2016-01-01,830.0,,
ESTAT:MIGR_EMI1CTZ(1.0),01/07/26 23:00:00,A,BE,REACH,TOTAL,NR,T,ES,2016-01-01,1440.0,,
ESTAT:MIGR_EMI1CTZ(1.0),01/07/26 23:00:00,A,BG,REACH,TOTAL,NR,T,ES,2016-01-01,8515.0,,
ESTAT:MIGR_EMI1CTZ(1.0),01/07/26 23:00:00,A,BO,REACH,TOTAL,NR,T,ES,2016-01-01,4395.0,,
ESTAT:MIGR_EMI1CTZ(1.0),01/07/26 23:00:00,A,BR,REACH,TOTAL,NR,T,ES,2016-01-01,4271.0,,
ESTAT:MIGR_EMI1CTZ(1.0),01/07/26 23:00:00,A,CH,REACH,TOTAL,NR,T,ES,2016-01-01,597.0,,
ESTAT:MIGR_EMI1CTZ(1.0),01/07/26 23:00:00,A,CL,REACH,TOTAL,NR,T,ES,2016-01-01,1564.0,,
ESTAT:MIGR_EMI1CTZ(1.0),01/07/26 23:00:00,A,CN,REACH,TOTAL,NR,T,ES,2016-01-01,7291.0,,
ESTAT:MIGR_EMI1CTZ(1.0),01/07/26 23:00:00,A,CO,REACH,TOTAL,NR,T,ES,2016-01-01,6274.0,,
ESTAT:MIGR_EMI1CTZ(1.0),01/07/26 23:00:00,A,CRB,REACH,TOTAL,NR,T,ES,2016-01-01,4690.0,,
ESTAT:MIGR_EMI1CTZ(1.0),01/07/26 23:00:00,A,CU,REACH,TOTAL,NR,T,ES,2016-01-01,1544.0,,
ESTAT:MIGR_EMI1CTZ(1.0),01/07/26 23:00:00,A,DE,REACH,TOTAL,NR,T,ES,2016-01-01,7345.0,,
ESTAT:MIGR_EMI1CTZ(1.0),01/07/26 23:00:00,A,DK,REACH,TOTAL,NR,T,ES,2016-01-01,731.0,,
ESTAT:MIGR_EMI1CTZ(1.0),01/07/26 23:00:00,A,DO,REACH,TOTAL,NR,T,ES,2016-01-01,3146.0,,
ESTAT:MIGR_EMI1CTZ(1.0),01/07/26 23:00:00,A,DZ,REACH,TOTAL,NR,T,ES,2016-01-01,4088.0,,
ESTAT:MIGR_EMI1CTZ(1.0),01/07/26 23:00:00,A,EC,REACH,TOTAL,NR,T,ES,2016-01-01,6235.0,,
ESTAT:MIGR_EMI1CTZ(1.0),01/07/26 23:00:00,A,ES,REACH,TOTAL,NR,T,ES,2016-01-01,89825.0,,
ESTAT:MIGR_EMI1CTZ(1.0),01/07/26 23:00:00,A,EU28_FOR,REACH,TOTAL,NR,T,ES,2016-01-01,120132.0,,
ESTAT:MIGR_EMI1CTZ(1.0),01/07/26 23:00:00,A,EUR,REACH,TOTAL,NR,T,ES,2016-01-01,216099.0,,
ESTAT:MIGR_EMI1CTZ(1.0),01/07/26 23:00:00,A,FI,REACH,TOTAL,NR,T,ES,2016-01-01,926.0,,
ESTAT:MIGR_EMI1CTZ(1.0),01/07/26 23:00:00,A,FOR_STLS,REACH,TOTAL,NR,T,ES,2016-01-01,237500.0,,
ESTAT:MIGR_EMI1CTZ(1.0),01/07/26 23:00:00,A,FR,REACH,TOTAL,NR,T,ES,2016-01-01,6695.0,,
ESTAT:MIGR_EMI1CTZ(1.0),01/07/26 23:00:00,A,GH,REACH,TOTAL,NR,T,ES,2016-01-01,786.0,,
ESTAT:MIGR_EMI1CTZ(1.0),01/07/26 23:00:00,A,GM,REACH,TOTAL,NR,T,ES,2016-01-01,819.0,,
ESTAT:MIGR_EMI1CTZ(1.0),01/07/26 23:00:00,A,GN,REACH,TOTAL,NR,T,ES,2016-01-01,587.0,,
ESTAT:MIGR_EMI1CTZ(1.0),01/07/26 23:00:00,A,GQ,REACH,TOTAL,NR,T,ES,2016-01-01,805.0,,
ESTAT:MIGR_EMI1CTZ(1.0),01/07/26 23:00:00,A,HN,REACH,TOTAL,NR,T,ES,2016-01-01,1604.0,,
ESTAT:MIGR_EMI1CTZ(1.0),01/07/26 23:00:00,A,IE,REACH,TOTAL,NR,T,ES,2016-01-01,1279.0,,
ESTAT:MIGR_EMI1CTZ(1.0),01/07/26 23:00:00,A,IN,REACH,TOTAL,NR,T,ES,2016-01-01,2010.0,,
ESTAT:MIGR_EMI1CTZ(1.0),01/07/26 23:00:00,A,IT,REACH,TOTAL,NR,T,ES,2016-01-01,9436.0,,
ESTAT:MIGR_EMI1CTZ(1.0),01/07/26 23:00:00,A,LT,REACH,TOTAL,NR,T,ES,2016-01-01,1071.0,,
ESTAT:MIGR_EMI1CTZ(1.0),01/07/26 23:00:00,A,MA,REACH,TOTAL,NR,T,ES,2016-01-01,23364.0,,
ESTAT:MIGR_EMI1CTZ(1.0),01/07/26 23:00:00,A,MD,REACH,TOTAL,NR,T,ES,2016-01-01,447.0,,
ESTAT:MIGR_EMI1CTZ(1.0),01/07/26 23:00:00,A,ML,REACH,TOTAL,NR,T,ES,2016-01-01,1220.0,,
ESTAT:MIGR_EMI1CTZ(1.0),01/07/26 23:00:00,A,MR,REACH,TOTAL,NR,T,ES,2016-01-01,480.0,,
ESTAT:MIGR_EMI1CTZ(1.0),01/07/26 23:00:00,A,MX,REACH,TOTAL,NR,T,ES,2016-01-01,1927.0,,
ESTAT:MIGR_EMI1CTZ(1.0),01/07/26 23:00:00,A,NAT,REACH,TOTAL,NR,T,ES,2016-01-01,89825.0,,
ESTAT:MIGR_EMI1CTZ(1.0),01/07/26 23:00:00,A,NEU28_FOR,REACH,TOTAL,NR,T,ES,2016-01-01,117352.0,,
ESTAT:MIGR_EMI1CTZ(1.0),01/07/26 23:00:00,A,NG,REACH,TOTAL,NR,T,ES,2016-01-01,1938.0,,
ESTAT:MIGR_EMI1CTZ(1.0),01/07/26 23:00:00,A,NI,REACH,TOTAL,NR,T,ES,2016-01-01,1098.0,,
ESTAT:MIGR_EMI1CTZ(1.0),01/07/26 23:00:00,A,NL,REACH,TOTAL,NR,T,ES,2016-01-01,2702.0,,
ESTAT:MIGR_EMI1CTZ(1.0),01/07/26 23:00:00,A,NO,REACH,TOTAL,NR,T,ES,2016-01-01,1455.0,,
ESTAT:MIGR_EMI1CTZ(1.0),01/07/26 23:00:00,A,OTH,REACH,TOTAL,NR,T,ES,2016-01-01,87.0,,
ESTAT:MIGR_EMI1CTZ(1.0),01/07/26 23:00:00,A,PE,REACH,TOTAL,NR,T,ES,2016-01-01,2974.0,,
ESTAT:MIGR_EMI1CTZ(1.0),01/07/26 23:00:00,A,PH,REACH,TOTAL,NR,T,ES,2016-01-01,931.0,,
ESTAT:MIGR_EMI1CTZ(1.0),01/07/26 23:00:00,A,PK,REACH,TOTAL,NR,T,ES,2016-01-01,5218.0,,
ESTAT:MIGR_EMI1CTZ(1.0),01/07/26 23:00:00,A,PL,REACH,TOTAL,NR,T,ES,2016-01-01,3371.0,,
ESTAT:MIGR_EMI1CTZ(1.0),01/07/26 23:00:00,A,PT,REACH,TOTAL,NR,T,ES,2016-01-01,6249.0,,
ESTAT:MIGR_EMI1CTZ(1.0),01/07/26 23:00:00,A,PY,REACH,TOTAL,NR,T,ES,2016-01-01,3314.0,,
ESTAT:MIGR_EMI1CTZ(1.0),01/07/26 23:00:00,A,RO,REACH,TOTAL,NR,T,ES,2016-01-01,46327.0,,
ESTAT:MIGR_EMI1CTZ(1.0),01/07/26 23:00:00,A,RU,REACH,TOTAL,NR,T,ES,2016-01-01,3847.0,,
ESTAT:MIGR_EMI1CTZ(1.0),01/07/26 23:00:00,A,SE,REACH,TOTAL,NR,T,ES,2016-01-01,1632.0,,
ESTAT:MIGR_EMI1CTZ(1.0),01/07/26 23:00:00,A,SN,REACH,TOTAL,NR,T,ES,2016-01-01,2750.0,,
ESTAT:MIGR_EMI1CTZ(1.0),01/07/26 23:00:00,A,STLS,REACH,TOTAL,NR,T,ES,2016-01-01,16.0,,
ESTAT:MIGR_EMI1CTZ(1.0),01/07/26 23:00:00,A,TOTAL,REACH,TOTAL,NR,T,ES,2016-01-01,327325.0,,
ESTAT:MIGR_EMI1CTZ(1.0),01/07/26 23:00:00,A,TW,REACH,TOTAL,NR,T,ES,2016-01-01,0.0,,
ESTAT:MIGR_EMI1CTZ(1.0),01/07/26 23:00:00,A,UA,REACH,TOTAL,NR,T,ES,2016-01-01,2588.0,,
ESTAT:MIGR_EMI1CTZ(1.0),01/07/26 23:00:00,A,UK,REACH,TOTAL,NR,T,ES,2016-01-01,19621.0,,
ESTAT:MIGR_EMI1CTZ(1.0),01/07/26 23:00:00,A,UNK,REACH,TOTAL,NR,T,ES,2016-01-01,0.0,,
ESTAT:MIGR_EMI1CTZ(1.0),01/07/26 23:00:00,A,US,REACH,TOTAL,NR,T,ES,2016-01-01,3386.0,,
ESTAT:MIGR_EMI1CTZ(1.0),01/07/26 23:00:00,A,UY,REACH,TOTAL,NR,T,ES,2016-01-01,737.0,,
ESTAT:MIGR_EMI1CTZ(1.0),01/07/26 23:00:00,A,VE,REACH,TOTAL,NR,T,ES,2016-01-01,2293.0,,
ESTAT:MIGR_EMI1CTZ(1.0),01/07/26 23:00:00,A,AR,REACH,TOTAL,NR,T,ES,2017-01-01,4188.0,,
ESTAT:MIGR_EMI1CTZ(1.0),01/07/26 23:00:00,A,BD,REACH,TOTAL,NR,T,ES,2017-01-01,666.0,,
ESTAT:MIGR_EMI1CTZ(1.0),01/07/26 23:00:00,A,BE,REACH,TOTAL,NR,T,ES,2017-01-01,2104.0,,
ESTAT:MIGR_EMI1CTZ(1.0),01/07/26 23:00:00,A,BG,REACH,TOTAL,NR,T,ES,2017-01-01,8878.0,,
ESTAT:MIGR_EMI1CTZ(1.0),01/07/26 23:00:00,A,BO,REACH,TOTAL,NR,T,ES,2017-01-01,4732.0,,
ESTAT:MIGR_EMI1CTZ(1.0),01/07/26 23:00:00,A,BR,REACH,TOTAL,NR,T,ES,2017-01-01,5858.0,,
ESTAT:MIGR_EMI1CTZ(1.0),01/07/26 23:00:00,A,CH,REACH,TOTAL,NR,T,ES,2017-01-01,963.0,,
ESTAT:MIGR_EMI1CTZ(1.0),01/07/26 23:00:00,A,CL,REACH,TOTAL,NR,T,ES,2017-01-01,2198.0,,
ESTAT:MIGR_EMI1CTZ(1.0),01/07/26 23:00:00,A,CN,REACH,TOTAL,NR,T,ES,2017-01-01,7614.0,,
ESTAT:MIGR_EMI1CTZ(1.0),01/07/26 23:00:00,A,CO,REACH,TOTAL,NR,T,ES,2017-01-01,7946.0,,
ESTAT:MIGR_EMI1CTZ(1.0),01/07/26 23:00:00,A,CU,REACH,TOTAL,NR,T,ES,2017-01-01,1978.0,,
ESTAT:MIGR_EMI1CTZ(1.0),01/07/26 23:00:00,A,DE,REACH,TOTAL,NR,T,ES,2017-01-01,10444.0,,
ESTAT:MIGR_EMI1CTZ(1.0),01/07/26 23:00:00,A,DK,REACH,TOTAL,NR,T,ES,2017-01-01,1121.0,,
ESTAT:MIGR_EMI1CTZ(1.0),01/07/26 23:00:00,A,DO,REACH,TOTAL,NR,T,ES,2017-01-01,3102.0,,
ESTAT:MIGR_EMI1CTZ(1.0),01/07/26 23:00:00,A,DZ,REACH,TOTAL,NR,T,ES,2017-01-01,4467.0,,
ESTAT:MIGR_EMI1CTZ(1.0),01/07/26 23:00:00,A,EC,REACH,TOTAL,NR,T,ES,2017-01-01,8176.0,,
ESTAT:MIGR_EMI1CTZ(1.0),01/07/26 23:00:00,A,ES,REACH,TOTAL,NR,T,ES,2017-01-01,86827.0,,
ESTAT:MIGR_EMI1CTZ(1.0),01/07/26 23:00:00,A,EU28_FOR,REACH,TOTAL,NR,T,ES,2017-01-01,144790.0,,
ESTAT:MIGR_EMI1CTZ(1.0),01/07/26 23:00:00,A,FI,REACH,TOTAL,NR,T,ES,2017-01-01,959.0,,
ESTAT:MIGR_EMI1CTZ(1.0),01/07/26 23:00:00,A,FOR_STLS,REACH,TOTAL,NR,T,ES,2017-01-01,282033.0,,
ESTAT:MIGR_EMI1CTZ(1.0),01/07/26 23:00:00,A,FR,REACH,TOTAL,NR,T,ES,2017-01-01,8221.0,,
ESTAT:MIGR_EMI1CTZ(1.0),01/07/26 23:00:00,A,GH,REACH,TOTAL,NR,T,ES,2017-01-01,931.0,,
ESTAT:MIGR_EMI1CTZ(1.0),01/07/26 23:00:00,A,GM,REACH,TOTAL,NR,T,ES,2017-01-01,979.0,,
ESTAT:MIGR_EMI1CTZ(1.0),01/07/26 23:00:00,A,GN,REACH,TOTAL,NR,T,ES,2017-01-01,807.0,,
ESTAT:MIGR_EMI1CTZ(1.0),01/07/26 23:00:00,A,GQ,REACH,TOTAL,NR,T,ES,2017-01-01,1247.0,,
ESTAT:MIGR_EMI1CTZ(1.0),01/07/26 23:00:00,A,HN,REACH,TOTAL,NR,T,ES,2017-01-01,1741.0,,
ESTAT:MIGR_EMI1CTZ(1.0),01/07/26 23:00:00,A,IE,REACH,TOTAL,NR,T,ES,2017-01-01,1574.0,,
ESTAT:MIGR_EMI1CTZ(1.0),01/07/26 23:00:00,A,IN,REACH,TOTAL,NR,T,ES,2017-01-01,2084.0,,
ESTAT:MIGR_EMI1CTZ(1.0),01/07/26 23:00:00,A,IT,REACH,TOTAL,NR,T,ES,2017-01-01,11342.0,,
ESTAT:MIGR_EMI1CTZ(1.0),01/07/26 23:00:00,A,LT,REACH,TOTAL,NR,T,ES,2017-01-01,1467.0,,
ESTAT:MIGR_EMI1CTZ(1.0),01/07/26 23:00:00,A,MA,REACH,TOTAL,NR,T,ES,2017-01-01,21982.0,,
ESTAT:MIGR_EMI1CTZ(1.0),01/07/26 23:00:00,A,MD,REACH,TOTAL,NR,T,ES,2017-01-01,541.0,,
ESTAT:MIGR_EMI1CTZ(1.0),01/07/26 23:00:00,A,ML,REACH,TOTAL,NR,T,ES,2017-01-01,1346.0,,
ESTAT:MIGR_EMI1CTZ(1.0),01/07/26 23:00:00,A,MR,REACH,TOTAL,NR,T,ES,2017-01-01,771.0,,
ESTAT:MIGR_EMI1CTZ(1.0),01/07/26 23:00:00,A,MX,REACH,TOTAL,NR,T,ES,2017-01-01,2845.0,,
ESTAT:MIGR_EMI1CTZ(1.0),01/07/26 23:00:00,A,NAT,REACH,TOTAL,NR,T,ES,2017-01-01,86827.0,,
ESTAT:MIGR_EMI1CTZ(1.0),01/07/26 23:00:00,A,NEU28_FOR,REACH,TOTAL,NR,T,ES,2017-01-01,137199.0,,
ESTAT:MIGR_EMI1CTZ(1.0),01/07/26 23:00:00,A,NG,REACH,TOTAL,NR,T,ES,2017-01-01,2121.0,,
ESTAT:MIGR_EMI1CTZ(1.0),01/07/26 23:00:00,A,NI,REACH,TOTAL,NR,T,ES,2017-01-01,1441.0,,
ESTAT:MIGR_EMI1CTZ(1.0),01/07/26 23:00:00,A,NL,REACH,TOTAL,NR,T,ES,2017-01-01,3609.0,,
ESTAT:MIGR_EMI1CTZ(1.0),01/07/26 23:00:00,A,NO,REACH,TOTAL,NR,T,ES,2017-01-01,2177.0,,
ESTAT:MIGR_EMI1CTZ(1.0),01/07/26 23:00:00,A,OTH,REACH,TOTAL,NR,T,ES,2017-01-01,198.0,,
ESTAT:MIGR_EMI1CTZ(1.0),01/07/26 23:00:00,A,PE,REACH,TOTAL,NR,T,ES,2017-01-01,3746.0,,
ESTAT:MIGR_EMI1CTZ(1.0),01/07/26 23:00:00,A,PH,REACH,TOTAL,NR,T,ES,2017-01-01,937.0,,
ESTAT:MIGR_EMI1CTZ(1.0),01/07/26 23:00:00,A,PK,REACH,TOTAL,NR,T,ES,2017-01-01,4523.0,,
ESTAT:MIGR_EMI1CTZ(1.0),01/07/26 23:00:00,A,PL,REACH,TOTAL,NR,T,ES,2017-01-01,4536.0,,
ESTAT:MIGR_EMI1CTZ(1.0),01/07/26 23:00:00,A,PT,REACH,TOTAL,NR,T,ES,2017-01-01,8181.0,,
ESTAT:MIGR_EMI1CTZ(1.0),01/07/26 23:00:00,A,PY,REACH,TOTAL,NR,T,ES,2017-01-01,3358.0,,
ESTAT:MIGR_EMI1CTZ(1.0),01/07/26 23:00:00,A,RO,REACH,TOTAL,NR,T,ES,2017-01-01,48205.0,,
ESTAT:MIGR_EMI1CTZ(1.0),01/07/26 23:00:00,A,RU,REACH,TOTAL,NR,T,ES,2017-01-01,5084.0,,
ESTAT:MIGR_EMI1CTZ(1.0),01/07/26 23:00:00,A,SE,REACH,TOTAL,NR,T,ES,2017-01-01,1988.0,,
ESTAT:MIGR_EMI1CTZ(1.0),01/07/26 23:00:00,A,SN,REACH,TOTAL,NR,T,ES,2017-01-01,2702.0,,
ESTAT:MIGR_EMI1CTZ(1.0),01/07/26 23:00:00,A,STLS,REACH,TOTAL,NR,T,ES,2017-01-01,44.0,,
ESTAT:MIGR_EMI1CTZ(1.0),01/07/26 23:00:00,A,TOTAL,REACH,TOTAL,NR,T,ES,2017-01-01,368860.0,,
ESTAT:MIGR_EMI1CTZ(1.0),01/07/26 23:00:00,A,TW,REACH,TOTAL,NR,T,ES,2017-01-01,0.0,,
ESTAT:MIGR_EMI1CTZ(1.0),01/07/26 23:00:00,A,UA,REACH,TOTAL,NR,T,ES,2017-01-01,3565.0,,
ESTAT:MIGR_EMI1CTZ(1.0),01/07/26 23:00:00,A,UK,REACH,TOTAL,NR,T,ES,2017-01-01,27658.0,,
ESTAT:MIGR_EMI1CTZ(1.0),01/07/26 23:00:00,A,UNK,REACH,TOTAL,NR,T,ES,2017-01-01,0.0,,
ESTAT:MIGR_EMI1CTZ(1.0),01/07/26 23:00:00,A,US,REACH,TOTAL,NR,T,ES,2017-01-01,4584.0,,
ESTAT:MIGR_EMI1CTZ(1.0),01/07/26 23:00:00,A,UY,REACH,TOTAL,NR,T,ES,2017-01-01,1212.0,,
ESTAT:MIGR_EMI1CTZ(1.0),01/07/26 23:00:00,A,VE,REACH,TOTAL,NR,T,ES,2017-01-01,3057.0,,
ESTAT:MIGR_EMI1CTZ(1.0),01/07/26 23:00:00,A,AR,REACH,TOTAL,NR,T,ES,2018-01-01,3381.0,,
ESTAT:MIGR_EMI1CTZ(1.0),01/07/26 23:00:00,A,BD,REACH,TOTAL,NR,T,ES,2018-01-01,580.0,,
ESTAT:MIGR_EMI1CTZ(1.0),01/07/26 23:00:00,A,BE,REACH,TOTAL,NR,T,ES,2018-01-01,1575.0,,
ESTAT:MIGR_EMI1CTZ(1.0),01/07/26 23:00:00,A,BG,REACH,TOTAL,NR,T,ES,2018-01-01,7309.0,,
ESTAT:MIGR_EMI1CTZ(1.0),01/07/26 23:00:00,A,BO,REACH,TOTAL,NR,T,ES,2018-01-01,3594.0,,
ESTAT:MIGR_EMI1CTZ(1.0),01/07/26 23:00:00,A,BR,REACH,TOTAL,NR,T,ES,2018-01-01,5098.0,,
ESTAT:MIGR_EMI1CTZ(1.0),01/07/26 23:00:00,A,CH,REACH,TOTAL,NR,T,ES,2018-01-01,779.0,,
ESTAT:MIGR_EMI1CTZ(1.0),01/07/26 23:00:00,A,CL,REACH,TOTAL,NR,T,ES,2018-01-01,1918.0,,
ESTAT:MIGR_EMI1CTZ(1.0),01/07/26 23:00:00,A,CN,REACH,TOTAL,NR,T,ES,2018-01-01,6751.0,,
ESTAT:MIGR_EMI1CTZ(1.0),01/07/26 23:00:00,A,CO,REACH,TOTAL,NR,T,ES,2018-01-01,7782.0,,
ESTAT:MIGR_EMI1CTZ(1.0),01/07/26 23:00:00,A,CU,REACH,TOTAL,NR,T,ES,2018-01-01,1733.0,,
ESTAT:MIGR_EMI1CTZ(1.0),01/07/26 23:00:00,A,DE,REACH,TOTAL,NR,T,ES,2018-01-01,8806.0,,
ESTAT:MIGR_EMI1CTZ(1.0),01/07/26 23:00:00,A,DK,REACH,TOTAL,NR,T,ES,2018-01-01,798.0,,
ESTAT:MIGR_EMI1CTZ(1.0),01/07/26 23:00:00,A,DO,REACH,TOTAL,NR,T,ES,2018-01-01,2497.0,,
ESTAT:MIGR_EMI1CTZ(1.0),01/07/26 23:00:00,A,DZ,REACH,TOTAL,NR,T,ES,2018-01-01,3740.0,,
ESTAT:MIGR_EMI1CTZ(1.0),01/07/26 23:00:00,A,EC,REACH,TOTAL,NR,T,ES,2018-01-01,6640.0,,
ESTAT:MIGR_EMI1CTZ(1.0),01/07/26 23:00:00,A,ES,REACH,TOTAL,NR,T,ES,2018-01-01,79260.0,,
ESTAT:MIGR_EMI1CTZ(1.0),01/07/26 23:00:00,A,EU28_FOR,REACH,TOTAL,NR,T,ES,2018-01-01,111801.0,,
ESTAT:MIGR_EMI1CTZ(1.0),01/07/26 23:00:00,A,FI,REACH,TOTAL,NR,T,ES,2018-01-01,858.0,,
ESTAT:MIGR_EMI1CTZ(1.0),01/07/26 23:00:00,A,FOR_STLS,REACH,TOTAL,NR,T,ES,2018-01-01,230266.0,,
ESTAT:MIGR_EMI1CTZ(1.0),01/07/26 23:00:00,A,FR,REACH,TOTAL,NR,T,ES,2018-01-01,6316.0,,
ESTAT:MIGR_EMI1CTZ(1.0),01/07/26 23:00:00,A,GH,REACH,TOTAL,NR,T,ES,2018-01-01,779.0,,
ESTAT:MIGR_EMI1CTZ(1.0),01/07/26 23:00:00,A,GM,REACH,TOTAL,NR,T,ES,2018-01-01,771.0,,
ESTAT:MIGR_EMI1CTZ(1.0),01/07/26 23:00:00,A,GN,REACH,TOTAL,NR,T,ES,2018-01-01,641.0,,
ESTAT:MIGR_EMI1CTZ(1.0),01/07/26 23:00:00,A,GQ,REACH,TOTAL,NR,T,ES,2018-01-01,1229.0,,
ESTAT:MIGR_EMI1CTZ(1.0),01/07/26 23:00:00,A,HN,REACH,TOTAL,NR,T,ES,2018-01-01,1843.0,,
ESTAT:MIGR_EMI1CTZ(1.0),01/07/26 23:00:00,A,IE,REACH,TOTAL,NR,T,ES,2018-01-01,1357.0,,
ESTAT:MIGR_EMI1CTZ(1.0),01/07/26 23:00:00,A,IN,REACH,TOTAL,NR,T,ES,2018-01-01,1695.0,,
ESTAT:MIGR_EMI1CTZ(1.0),01/07/26 23:00:00,A,IT,REACH,TOTAL,NR,T,ES,2018-01-01,9124.0,,
ESTAT:MIGR_EMI1CTZ(1.0),01/07/26 23:00:00,A,LT,REACH,TOTAL,NR,T,ES,2018-01-01,1059.0,,
ESTAT:MIGR_EMI1CTZ(1.0),01/07/26 23:00:00,A,MA,REACH,TOTAL,NR,T,ES,2018-01-01,19766.0,,
ESTAT:MIGR_EMI1CTZ(1.0),01/07/26 23:00:00,A,MD,REACH,TOTAL,NR,T,ES,2018-01-01,524.0,,
ESTAT:MIGR_EMI1CTZ(1.0),01/07/26 23:00:00,A,ML,REACH,TOTAL,NR,T,ES,2018-01-01,1007.0,,
ESTAT:MIGR_EMI1CTZ(1.0),01/07/26 23:00:00,A,MR,REACH,TOTAL,NR,T,ES,2018-01-01,581.0,,
ESTAT:MIGR_EMI1CTZ(1.0),01/07/26 23:00:00,A,MX,REACH,TOTAL,NR,T,ES,2018-01-01,2568.0,,
ESTAT:MIGR_EMI1CTZ(1.0),01/07/26 23:00:00,A,NAT,REACH,TOTAL,NR,T,ES,2018-01-01,79260.0,,
ESTAT:MIGR_EMI1CTZ(1.0),01/07/26 23:00:00,A,NEU28_FOR,REACH,TOTAL,NR,T,ES,2018-01-01,118400.0,,
ESTAT:MIGR_EMI1CTZ(1.0),01/07/26 23:00:00,A,NG,REACH,TOTAL,NR,T,ES,2018-01-01,1756.0,,
ESTAT:MIGR_EMI1CTZ(1.0),01/07/26 23:00:00,A,NI,REACH,TOTAL,NR,T,ES,2018-01-01,926.0,,
ESTAT:MIGR_EMI1CTZ(1.0),01/07/26 23:00:00,A,NL,REACH,TOTAL,NR,T,ES,2018-01-01,2602.0,,
ESTAT:MIGR_EMI1CTZ(1.0),01/07/26 23:00:00,A,NO,REACH,TOTAL,NR,T,ES,2018-01-01,1206.0,,
ESTAT:MIGR_EMI1CTZ(1.0),01/07/26 23:00:00,A,OTH,REACH,TOTAL,NR,T,ES,2018-01-01,179.0,,
ESTAT:MIGR_EMI1CTZ(1.0),01/07/26 23:00:00,A,PE,REACH,TOTAL,NR,T,ES,2018-01-01,3238.0,,
ESTAT:MIGR_EMI1CTZ(1.0),01/07/26 23:00:00,A,PH,REACH,TOTAL,NR,T,ES,2018-01-01,783.0,,
ESTAT:MIGR_EMI1CTZ(1.0),01/07/26 23:00:00,A,PK,REACH,TOTAL,NR,T,ES,2018-01-01,3489.0,,
ESTAT:MIGR_EMI1CTZ(1.0),01/07/26 23:00:00,A,PL,REACH,TOTAL,NR,T,ES,2018-01-01,3106.0,,
ESTAT:MIGR_EMI1CTZ(1.0),01/07/26 23:00:00,A,PT,REACH,TOTAL,NR,T,ES,2018-01-01,5876.0,,
ESTAT:MIGR_EMI1CTZ(1.0),01/07/26 23:00:00,A,PY,REACH,TOTAL,NR,T,ES,2018-01-01,3243.0,,
ESTAT:MIGR_EMI1CTZ(1.0),01/07/26 23:00:00,A,RO,REACH,TOTAL,NR,T,ES,2018-01-01,38464.0,,
ESTAT:MIGR_EMI1CTZ(1.0),01/07/26 23:00:00,A,RU,REACH,TOTAL,NR,T,ES,2018-01-01,4277.0,,
ESTAT:MIGR_EMI1CTZ(1.0),01/07/26 23:00:00,A,SE,REACH,TOTAL,NR,T,ES,2018-01-01,1347.0,,
ESTAT:MIGR_EMI1CTZ(1.0),01/07/26 23:00:00,A,SN,REACH,TOTAL,NR,T,ES,2018-01-01,2307.0,,
ESTAT:MIGR_EMI1CTZ(1.0),01/07/26 23:00:00,A,STLS,REACH,TOTAL,NR,T,ES,2018-01-01,65.0,,
ESTAT:MIGR_EMI1CTZ(1.0),01/07/26 23:00:00,A,TOTAL,REACH,TOTAL,NR,T,ES,2018-01-01,309526.0,,
ESTAT:MIGR_EMI1CTZ(1.0),01/07/26 23:00:00,A,TW,REACH,TOTAL,NR,T,ES,2018-01-01,0.0,,
ESTAT:MIGR_EMI1CTZ(1.0),01/07/26 23:00:00,A,UA,REACH,TOTAL,NR,T,ES,2018-01-01,3186.0,,
ESTAT:MIGR_EMI1CTZ(1.0),01/07/26 23:00:00,A,UK,REACH,TOTAL,NR,T,ES,2018-01-01,20015.0,,
ESTAT:MIGR_EMI1CTZ(1.0),01/07/26 23:00:00,A,UNK,REACH,TOTAL,NR,T,ES,2018-01-01,0.0,,
ESTAT:MIGR_EMI1CTZ(1.0),01/07/26 23:00:00,A,US,REACH,TOTAL,NR,T,ES,2018-01-01,4080.0,,
ESTAT:MIGR_EMI1CTZ(1.0),01/07/26 23:00:00,A,UY,REACH,TOTAL,NR,T,ES,2018-01-01,907.0,,
ESTAT:MIGR_EMI1CTZ(1.0),01/07/26 23:00:00,A,VE,REACH,TOTAL,NR,T,ES,2018-01-01,2804.0,,
ESTAT:MIGR_EMI1CTZ(1.0),01/07/26 23:00:00,A,AR,REACH,TOTAL,NR,T,ES,2019-01-01,3530.0,,
ESTAT:MIGR_EMI1CTZ(1.0),01/07/26 23:00:00,A,BD,REACH,TOTAL,NR,T,ES,2019-01-01,868.0,,
ESTAT:MIGR_EMI1CTZ(1.0),01/07/26 23:00:00,A,BE,REACH,TOTAL,NR,T,ES,2019-01-01,1564.0,,
ESTAT:MIGR_EMI1CTZ(1.0),01/07/26 23:00:00,A,BG,REACH,TOTAL,NR,T,ES,2019-01-01,6223.0,,
ESTAT:MIGR_EMI1CTZ(1.0),01/07/26 23:00:00,A,BO,REACH,TOTAL,NR,T,ES,2019-01-01,2972.0,,
ESTAT:MIGR_EMI1CTZ(1.0),01/07/26 23:00:00,A,BR,REACH,TOTAL,NR,T,ES,2019-01-01,5223.0,,
ESTAT:MIGR_EMI1CTZ(1.0),01/07/26 23:00:00,A,CH,REACH,TOTAL,NR,T,ES,2019-01-01,747.0,,
ESTAT:MIGR_EMI1CTZ(1.0),01/07/26 23:00:00,A,CL,REACH,TOTAL,NR,T,ES,2019-01-01,2019.0,,
ESTAT:MIGR_EMI1CTZ(1.0),01/07/26 23:00:00,A,CN,REACH,TOTAL,NR,T,ES,2019-01-01,7317.0,,
ESTAT:MIGR_EMI1CTZ(1.0),01/07/26 23:00:00,A,CO,REACH,TOTAL,NR,T,ES,2019-01-01,8632.0,,
ESTAT:MIGR_EMI1CTZ(1.0),01/07/26 23:00:00,A,CU,REACH,TOTAL,NR,T,ES,2019-01-01,1671.0,,
ESTAT:MIGR_EMI1CTZ(1.0),01/07/26 23:00:00,A,DE,REACH,TOTAL,NR,T,ES,2019-01-01,7802.0,,
ESTAT:MIGR_EMI1CTZ(1.0),01/07/26 23:00:00,A,DK,REACH,TOTAL,NR,T,ES,2019-01-01,685.0,,
ESTAT:MIGR_EMI1CTZ(1.0),01/07/26 23:00:00,A,DO,REACH,TOTAL,NR,T,ES,2019-01-01,2621.0,,
ESTAT:MIGR_EMI1CTZ(1.0),01/07/26 23:00:00,A,DZ,REACH,TOTAL,NR,T,ES,2019-01-01,3232.0,,
ESTAT:MIGR_EMI1CTZ(1.0),01/07/26 23:00:00,A,EC,REACH,TOTAL,NR,T,ES,2019-01-01,5404.0,,
ESTAT:MIGR_EMI1CTZ(1.0),01/07/26 23:00:00,A,ES,REACH,TOTAL,NR,T,ES,2019-01-01,76092.0,,
ESTAT:MIGR_EMI1CTZ(1.0),01/07/26 23:00:00,A,EU28_FOR,REACH,TOTAL,NR,T,ES,2019-01-01,99138.0,,
ESTAT:MIGR_EMI1CTZ(1.0),01/07/26 23:00:00,A,FI,REACH,TOTAL,NR,T,ES,2019-01-01,815.0,,
ESTAT:MIGR_EMI1CTZ(1.0),01/07/26 23:00:00,A,FOR_STLS,REACH,TOTAL,NR,T,ES,2019-01-01,220156.0,,
ESTAT:MIGR_EMI1CTZ(1.0),01/07/26 23:00:00,A,FR,REACH,TOTAL,NR,T,ES,2019-01-01,6416.0,,
ESTAT:MIGR_EMI1CTZ(1.0),01/07/26 23:00:00,A,GH,REACH,TOTAL,NR,T,ES,2019-01-01,666.0,,
ESTAT:MIGR_EMI1CTZ(1.0),01/07/26 23:00:00,A,GM,REACH,TOTAL,NR,T,ES,2019-01-01,736.0,,
ESTAT:MIGR_EMI1CTZ(1.0),01/07/26 23:00:00,A,GN,REACH,TOTAL,NR,T,ES,2019-01-01,539.0,,
ESTAT:MIGR_EMI1CTZ(1.0),01/07/26 23:00:00,A,GQ,REACH,TOTAL,NR,T,ES,2019-01-01,1064.0,,
ESTAT:MIGR_EMI1CTZ(1.0),01/07/26 23:00:00,A,HN,REACH,TOTAL,NR,T,ES,2019-01-01,2766.0,,
ESTAT:MIGR_EMI1CTZ(1.0),01/07/26 23:00:00,A,IE,REACH,TOTAL,NR,T,ES,2019-01-01,990.0,,
ESTAT:MIGR_EMI1CTZ(1.0),01/07/26 23:00:00,A,IN,REACH,TOTAL,NR,T,ES,2019-01-01,2013.0,,
ESTAT:MIGR_EMI1CTZ(1.0),01/07/26 23:00:00,A,IT,REACH,TOTAL,NR,T,ES,2019-01-01,9554.0,,
ESTAT:MIGR_EMI1CTZ(1.0),01/07/26 23:00:00,A,LT,REACH,TOTAL,NR,T,ES,2019-01-01,804.0,,
ESTAT:MIGR_EMI1CTZ(1.0),01/07/26 23:00:00,A,MA,REACH,TOTAL,NR,T,ES,2019-01-01,17731.0,,
ESTAT:MIGR_EMI1CTZ(1.0),01/07/26 23:00:00,A,MD,REACH,TOTAL,NR,T,ES,2019-01-01,495.0,,
ESTAT:MIGR_EMI1CTZ(1.0),01/07/26 23:00:00,A,ML,REACH,TOTAL,NR,T,ES,2019-01-01,1020.0,,
ESTAT:MIGR_EMI1CTZ(1.0),01/07/26 23:00:00,A,MR,REACH,TOTAL,NR,T,ES,2019-01-01,414.0,,
ESTAT:MIGR_EMI1CTZ(1.0),01/07/26 23:00:00,A,MX,REACH,TOTAL,NR,T,ES,2019-01-01,2447.0,,
ESTAT:MIGR_EMI1CTZ(1.0),01/07/26 23:00:00,A,NAT,REACH,TOTAL,NR,T,ES,2019-01-01,76092.0,,
ESTAT:MIGR_EMI1CTZ(1.0),01/07/26 23:00:00,A,NEU28_FOR,REACH,TOTAL,NR,T,ES,2019-01-01,120964.0,,
ESTAT:MIGR_EMI1CTZ(1.0),01/07/26 23:00:00,A,NG,REACH,TOTAL,NR,T,ES,2019-01-01,1383.0,,
ESTAT:MIGR_EMI1CTZ(1.0),01/07/26 23:00:00,A,NI,REACH,TOTAL,NR,T,ES,2019-01-01,1051.0,,
ESTAT:MIGR_EMI1CTZ(1.0),01/07/26 23:00:00,A,NL,REACH,TOTAL,NR,T,ES,2019-01-01,2665.0,,
ESTAT:MIGR_EMI1CTZ(1.0),01/07/26 23:00:00,A,NO,REACH,TOTAL,NR,T,ES,2019-01-01,1758.0,,
ESTAT:MIGR_EMI1CTZ(1.0),01/07/26 23:00:00,A,OTH,REACH,TOTAL,NR,T,ES,2019-01-01,242.0,,
ESTAT:MIGR_EMI1CTZ(1.0),01/07/26 23:00:00,A,PE,REACH,TOTAL,NR,T,ES,2019-01-01,4255.0,,
ESTAT:MIGR_EMI1CTZ(1.0),01/07/26 23:00:00,A,PH,REACH,TOTAL,NR,T,ES,2019-01-01,1088.0,,
ESTAT:MIGR_EMI1CTZ(1.0),01/07/26 23:00:00,A,PK,REACH,TOTAL,NR,T,ES,2019-01-01,3724.0,,
ESTAT:MIGR_EMI1CTZ(1.0),01/07/26 23:00:00,A,PL,REACH,TOTAL,NR,T,ES,2019-01-01,3122.0,,
ESTAT:MIGR_EMI1CTZ(1.0),01/07/26 23:00:00,A,PT,REACH,TOTAL,NR,T,ES,2019-01-01,5239.0,,
ESTAT:MIGR_EMI1CTZ(1.0),01/07/26 23:00:00,A,PY,REACH,TOTAL,NR,T,ES,2019-01-01,3076.0,,
ESTAT:MIGR_EMI1CTZ(1.0),01/07/26 23:00:00,A,RO,REACH,TOTAL,NR,T,ES,2019-01-01,35839.0,,
ESTAT:MIGR_EMI1CTZ(1.0),01/07/26 23:00:00,A,RU,REACH,TOTAL,NR,T,ES,2019-01-01,4202.0,,
ESTAT:MIGR_EMI1CTZ(1.0),01/07/26 23:00:00,A,SE,REACH,TOTAL,NR,T,ES,2019-01-01,1405.0,,
ESTAT:MIGR_EMI1CTZ(1.0),01/07/26 23:00:00,A,SN,REACH,TOTAL,NR,T,ES,2019-01-01,2203.0,,
ESTAT:MIGR_EMI1CTZ(1.0),01/07/26 23:00:00,A,STLS,REACH,TOTAL,NR,T,ES,2019-01-01,54.0,,
ESTAT:MIGR_EMI1CTZ(1.0),01/07/26 23:00:00,A,TOTAL,REACH,TOTAL,NR,T,ES,2019-01-01,296248.0,,
ESTAT:MIGR_EMI1CTZ(1.0),01/07/26 23:00:00,A,TW,REACH,TOTAL,NR,T,ES,2019-01-01,0.0,,
ESTAT:MIGR_EMI1CTZ(1.0),01/07/26 23:00:00,A,UA,REACH,TOTAL,NR,T,ES,2019-01-01,3099.0,,
ESTAT:MIGR_EMI1CTZ(1.0),01/07/26 23:00:00,A,UK,REACH,TOTAL,NR,T,ES,2019-01-01,13019.0,,
ESTAT:MIGR_EMI1CTZ(1.0),01/07/26 23:00:00,A,UNK,REACH,TOTAL,NR,T,ES,2019-01-01,0.0,,
ESTAT:MIGR_EMI1CTZ(1.0),01/07/26 23:00:00,A,US,REACH,TOTAL,NR,T,ES,2019-01-01,4507.0,,
ESTAT:MIGR_EMI1CTZ(1.0),01/07/26 23:00:00,A,UY,REACH,TOTAL,NR,T,ES,2019-01-01,950.0,,
ESTAT:MIGR_EMI1CTZ(1.0),01/07/26 23:00:00,A,VE,REACH,TOTAL,NR,T,ES,2019-01-01,3066.0,,
ESTAT:MIGR_EMI1CTZ(1.0),01/07/26 23:00:00,A,AR,REACH,TOTAL,NR,T,ES,2020-01-01,2753.0,,
ESTAT:MIGR_EMI1CTZ(1.0),01/07/26 23:00:00,A,BD,REACH,TOTAL,NR,T,ES,2020-01-01,536.0,,
ESTAT:MIGR_EMI1CTZ(1.0),01/07/26 23:00:00,A,BE,REACH,TOTAL,NR,T,ES,2020-01-01,1342.0,,
ESTAT:MIGR_EMI1CTZ(1.0),01/07/26 23:00:00,A,BG,REACH,TOTAL,NR,T,ES,2020-01-01,5074.0,,
ESTAT:MIGR_EMI1CTZ(1.0),01/07/26 23:00:00,A,BO,REACH,TOTAL,NR,T,ES,2020-01-01,2010.0,,
ESTAT:MIGR_EMI1CTZ(1.0),01/07/26 23:00:00,A,BR,REACH,TOTAL,NR,T,ES,2020-01-01,4433.0,,
ESTAT:MIGR_EMI1CTZ(1.0),01/07/26 23:00:00,A,CH,REACH,TOTAL,NR,T,ES,2020-01-01,679.0,,
ESTAT:MIGR_EMI1CTZ(1.0),01/07/26 23:00:00,A,CL,REACH,TOTAL,NR,T,ES,2020-01-01,1349.0,,
ESTAT:MIGR_EMI1CTZ(1.0),01/07/26 23:00:00,A,CN,REACH,TOTAL,NR,T,ES,2020-01-01,5916.0,,
ESTAT:MIGR_EMI1CTZ(1.0),01/07/26 23:00:00,A,CO,REACH,TOTAL,NR,T,ES,2020-01-01,7672.0,,
ESTAT:MIGR_EMI1CTZ(1.0),01/07/26 23:00:00,A,CU,REACH,TOTAL,NR,T,ES,2020-01-01,1383.0,,
ESTAT:MIGR_EMI1CTZ(1.0),01/07/26 23:00:00,A,DE,REACH,TOTAL,NR,T,ES,2020-01-01,6165.0,,
ESTAT:MIGR_EMI1CTZ(1.0),01/07/26 23:00:00,A,DK,REACH,TOTAL,NR,T,ES,2020-01-01,581.0,,
ESTAT:MIGR_EMI1CTZ(1.0),01/07/26 23:00:00,A,DO,REACH,TOTAL,NR,T,ES,2020-01-01,1898.0,,
ESTAT:MIGR_EMI1CTZ(1.0),01/07/26 23:00:00,A,DZ,REACH,TOTAL,NR,T,ES,2020-01-01,3631.0,,
ESTAT:MIGR_EMI1CTZ(1.0),01/07/26 23:00:00,A,EC,REACH,TOTAL,NR,T,ES,2020-01-01,3710.0,,
ESTAT:MIGR_EMI1CTZ(1.0),01/07/26 23:00:00,A,ES,REACH,TOTAL,NR,T,ES,2020-01-01,65429.0,,
ESTAT:MIGR_EMI1CTZ(1.0),01/07/26 23:00:00,A,EU27_2020_FOR,REACH,TOTAL,NR,T,ES,2020-01-01,68793.0,,
ESTAT:MIGR_EMI1CTZ(1.0),01/07/26 23:00:00,A,FI,REACH,TOTAL,NR,T,ES,2020-01-01,709.0,,
ESTAT:MIGR_EMI1CTZ(1.0),01/07/26 23:00:00,A,FOR_STLS,REACH,TOTAL,NR,T,ES,2020-01-01,183132.0,,
ESTAT:MIGR_EMI1CTZ(1.0),01/07/26 23:00:00,A,FR,REACH,TOTAL,NR,T,ES,2020-01-01,5306.0,,
ESTAT:MIGR_EMI1CTZ(1.0),01/07/26 23:00:00,A,GH,REACH,TOTAL,NR,T,ES,2020-01-01,670.0,,
ESTAT:MIGR_EMI1CTZ(1.0),01/07/26 23:00:00,A,GM,REACH,TOTAL,NR,T,ES,2020-01-01,673.0,,
ESTAT:MIGR_EMI1CTZ(1.0),01/07/26 23:00:00,A,GN,REACH,TOTAL,NR,T,ES,2020-01-01,485.0,,
ESTAT:MIGR_EMI1CTZ(1.0),01/07/26 23:00:00,A,GQ,REACH,TOTAL,NR,T,ES,2020-01-01,828.0,,
ESTAT:MIGR_EMI1CTZ(1.0),01/07/26 23:00:00,A,HN,REACH,TOTAL,NR,T,ES,2020-01-01,2499.0,,
ESTAT:MIGR_EMI1CTZ(1.0),01/07/26 23:00:00,A,IE,REACH,TOTAL,NR,T,ES,2020-01-01,1020.0,,
ESTAT:MIGR_EMI1CTZ(1.0),01/07/26 23:00:00,A,IN,REACH,TOTAL,NR,T,ES,2020-01-01,1489.0,,
ESTAT:MIGR_EMI1CTZ(1.0),01/07/26 23:00:00,A,IT,REACH,TOTAL,NR,T,ES,2020-01-01,9096.0,,
ESTAT:MIGR_EMI1CTZ(1.0),01/07/26 23:00:00,A,LT,REACH,TOTAL,NR,T,ES,2020-01-01,679.0,,
ESTAT:MIGR_EMI1CTZ(1.0),01/07/26 23:00:00,A,MA,REACH,TOTAL,NR,T,ES,2020-01-01,17186.0,,
ESTAT:MIGR_EMI1CTZ(1.0),01/07/26 23:00:00,A,MD,REACH,TOTAL,NR,T,ES,2020-01-01,380.0,,
ESTAT:MIGR_EMI1CTZ(1.0),01/07/26 23:00:00,A,ML,REACH,TOTAL,NR,T,ES,2020-01-01,785.0,,
ESTAT:MIGR_EMI1CTZ(1.0),01/07/26 23:00:00,A,MR,REACH,TOTAL,NR,T,ES,2020-01-01,361.0,,
ESTAT:MIGR_EMI1CTZ(1.0),01/07/26 23:00:00,A,MX,REACH,TOTAL,NR,T,ES,2020-01-01,1861.0,,
ESTAT:MIGR_EMI1CTZ(1.0),01/07/26 23:00:00,A,NAT,REACH,TOTAL,NR,T,ES,2020-01-01,65429.0,,
ESTAT:MIGR_EMI1CTZ(1.0),01/07/26 23:00:00,A,NEU27_2020_FOR,REACH,TOTAL,NR,T,ES,2020-01-01,114271.0,,
ESTAT:MIGR_EMI1CTZ(1.0),01/07/26 23:00:00,A,NG,REACH,TOTAL,NR,T,ES,2020-01-01,1188.0,,
ESTAT:MIGR_EMI1CTZ(1.0),01/07/26 23:00:00,A,NI,REACH,TOTAL,NR,T,ES,2020-01-01,1186.0,,
ESTAT:MIGR_EMI1CTZ(1.0),01/07/26 23:00:00,A,NL,REACH,TOTAL,NR,T,ES,2020-01-01,2326.0,,
ESTAT:MIGR_EMI1CTZ(1.0),01/07/26 23:00:00,A,NO,REACH,TOTAL,NR,T,ES,2020-01-01,1185.0,,
ESTAT:MIGR_EMI1CTZ(1.0),01/07/26 23:00:00,A,PE,REACH,TOTAL,NR,T,ES,2020-01-01,3480.0,,
ESTAT:MIGR_EMI1CTZ(1.0),01/07/26 23:00:00,A,PH,REACH,TOTAL,NR,T,ES,2020-01-01,620.0,,
ESTAT:MIGR_EMI1CTZ(1.0),01/07/26 23:00:00,A,PK,REACH,TOTAL,NR,T,ES,2020-01-01,2518.0,,
ESTAT:MIGR_EMI1CTZ(1.0),01/07/26 23:00:00,A,PL,REACH,TOTAL,NR,T,ES,2020-01-01,2087.0,,
ESTAT:MIGR_EMI1CTZ(1.0),01/07/26 23:00:00,A,PT,REACH,TOTAL,NR,T,ES,2020-01-01,4451.0,,
ESTAT:MIGR_EMI1CTZ(1.0),01/07/26 23:00:00,A,PY,REACH,TOTAL,NR,T,ES,2020-01-01,2200.0,,
ESTAT:MIGR_EMI1CTZ(1.0),01/07/26 23:00:00,A,RO,REACH,TOTAL,NR,T,ES,2020-01-01,26164.0,,
ESTAT:MIGR_EMI1CTZ(1.0),01/07/26 23:00:00,A,RU,REACH,TOTAL,NR,T,ES,2020-01-01,3595.0,,
ESTAT:MIGR_EMI1CTZ(1.0),01/07/26 23:00:00,A,SE,REACH,TOTAL,NR,T,ES,2020-01-01,1161.0,,
ESTAT:MIGR_EMI1CTZ(1.0),01/07/26 23:00:00,A,SN,REACH,TOTAL,NR,T,ES,2020-01-01,1952.0,,
ESTAT:MIGR_EMI1CTZ(1.0),01/07/26 23:00:00,A,STLS,REACH,TOTAL,NR,T,ES,2020-01-01,68.0,,
ESTAT:MIGR_EMI1CTZ(1.0),01/07/26 23:00:00,A,TOTAL,REACH,TOTAL,NR,T,ES,2020-01-01,248561.0,,
ESTAT:MIGR_EMI1CTZ(1.0),01/07/26 23:00:00,A,TW,REACH,TOTAL,NR,T,ES,2020-01-01,0.0,,
ESTAT:MIGR_EMI1CTZ(1.0),01/07/26 23:00:00,A,UA,REACH,TOTAL,NR,T,ES,2020-01-01,2738.0,,
ESTAT:MIGR_EMI1CTZ(1.0),01/07/26 23:00:00,A,UK,REACH,TOTAL,NR,T,ES,2020-01-01,13315.0,,
ESTAT:MIGR_EMI1CTZ(1.0),01/07/26 23:00:00,A,UNK,REACH,TOTAL,NR,T,ES,2020-01-01,0.0,,
ESTAT:MIGR_EMI1CTZ(1.0),01/07/26 23:00:00,A,US,REACH,TOTAL,NR,T,ES,2020-01-01,3596.0,,
ESTAT:MIGR_EMI1CTZ(1.0),01/07/26 23:00:00,A,UY,REACH,TOTAL,NR,T,ES,2020-01-01,777.0,,
ESTAT:MIGR_EMI1CTZ(1.0),01/07/26 23:00:00,A,VE,REACH,TOTAL,NR,T,ES,2020-01-01,2954.0,,
ESTAT:MIGR_EMI1CTZ(1.0),01/07/26 23:00:00,A,AR,REACH,TOTAL,NR,T,ES,2021-01-01,9204.0,b,
ESTAT:MIGR_EMI1CTZ(1.0),01/07/26 23:00:00,A,BD,REACH,TOTAL,NR,T,ES,2021-01-01,2429.0,b,
ESTAT:MIGR_EMI1CTZ(1.0),01/07/26 23:00:00,A,BE,REACH,TOTAL,NR,T,ES,2021-01-01,3406.0,b,
ESTAT:MIGR_EMI1CTZ(1.0),01/07/26 23:00:00,A,BG,REACH,TOTAL,NR,T,ES,2021-01-01,13056.0,b,
ESTAT:MIGR_EMI1CTZ(1.0),01/07/26 23:00:00,A,BO,REACH,TOTAL,NR,T,ES,2021-01-01,5719.0,b,
ESTAT:MIGR_EMI1CTZ(1.0),01/07/26 23:00:00,A,BR,REACH,TOTAL,NR,T,ES,2021-01-01,13607.0,b,
ESTAT:MIGR_EMI1CTZ(1.0),01/07/26 23:00:00,A,CC8_22_FOR,REACH,TOTAL,NR,T,ES,2021-01-01,12262.0,b,
ESTAT:MIGR_EMI1CTZ(1.0),01/07/26 23:00:00,A,CH,REACH,TOTAL,NR,T,ES,2021-01-01,1498.0,b,
ESTAT:MIGR_EMI1CTZ(1.0),01/07/26 23:00:00,A,CL,REACH,TOTAL,NR,T,ES,2021-01-01,3838.0,b,
ESTAT:MIGR_EMI1CTZ(1.0),01/07/26 23:00:00,A,CN,REACH,TOTAL,NR,T,ES,2021-01-01,20416.0,b,
ESTAT:MIGR_EMI1CTZ(1.0),01/07/26 23:00:00,A,CO,REACH,TOTAL,NR,T,ES,2021-01-01,30297.0,b,
ESTAT:MIGR_EMI1CTZ(1.0),01/07/26 23:00:00,A,CU,REACH,TOTAL,NR,T,ES,2021-01-01,4175.0,b,
ESTAT:MIGR_EMI1CTZ(1.0),01/07/26 23:00:00,A,DE,REACH,TOTAL,NR,T,ES,2021-01-01,13083.0,b,
ESTAT:MIGR_EMI1CTZ(1.0),01/07/26 23:00:00,A,DK,REACH,TOTAL,NR,T,ES,2021-01-01,1325.0,b,
ESTAT:MIGR_EMI1CTZ(1.0),01/07/26 23:00:00,A,DO,REACH,TOTAL,NR,T,ES,2021-01-01,5760.0,b,
ESTAT:MIGR_EMI1CTZ(1.0),01/07/26 23:00:00,A,DZ,REACH,TOTAL,NR,T,ES,2021-01-01,8606.0,b,
ESTAT:MIGR_EMI1CTZ(1.0),01/07/26 23:00:00,A,EC,REACH,TOTAL,NR,T,ES,2021-01-01,9254.0,b,
ESTAT:MIGR_EMI1CTZ(1.0),01/07/26 23:00:00,A,ES,REACH,TOTAL,NR,T,ES,2021-01-01,155533.0,b,
ESTAT:MIGR_EMI1CTZ(1.0),01/07/26 23:00:00,A,EU27_2020_FOR,REACH,TOTAL,NR,T,ES,2021-01-01,179680.0,b,
ESTAT:MIGR_EMI1CTZ(1.0),01/07/26 23:00:00,A,FI,REACH,TOTAL,NR,T,ES,2021-01-01,1260.0,b,
ESTAT:MIGR_EMI1CTZ(1.0),01/07/26 23:00:00,A,FOR_STLS,REACH,TOTAL,NR,T,ES,2021-01-01,541333.0,b,
ESTAT:MIGR_EMI1CTZ(1.0),01/07/26 23:00:00,A,FR,REACH,TOTAL,NR,T,ES,2021-01-01,14493.0,b,
ESTAT:MIGR_EMI1CTZ(1.0),01/07/26 23:00:00,A,GH,REACH,TOTAL,NR,T,ES,2021-01-01,2021.0,b,
ESTAT:MIGR_EMI1CTZ(1.0),01/07/26 23:00:00,A,GM,REACH,TOTAL,NR,T,ES,2021-01-01,2106.0,b,
ESTAT:MIGR_EMI1CTZ(1.0),01/07/26 23:00:00,A,GN,REACH,TOTAL,NR,T,ES,2021-01-01,1611.0,b,
ESTAT:MIGR_EMI1CTZ(1.0),01/07/26 23:00:00,A,GQ,REACH,TOTAL,NR,T,ES,2021-01-01,1746.0,b,
ESTAT:MIGR_EMI1CTZ(1.0),01/07/26 23:00:00,A,HN,REACH,TOTAL,NR,T,ES,2021-01-01,10652.0,b,
ESTAT:MIGR_EMI1CTZ(1.0),01/07/26 23:00:00,A,IE,REACH,TOTAL,NR,T,ES,2021-01-01,2044.0,b,
ESTAT:MIGR_EMI1CTZ(1.0),01/07/26 23:00:00,A,IN,REACH,TOTAL,NR,T,ES,2021-01-01,5841.0,b,
ESTAT:MIGR_EMI1CTZ(1.0),01/07/26 23:00:00,A,IT,REACH,TOTAL,NR,T,ES,2021-01-01,27661.0,b,
ESTAT:MIGR_EMI1CTZ(1.0),01/07/26 23:00:00,A,LT,REACH,TOTAL,NR,T,ES,2021-01-01,1843.0,b,
ESTAT:MIGR_EMI1CTZ(1.0),01/07/26 23:00:00,A,MA,REACH,TOTAL,NR,T,ES,2021-01-01,65717.0,b,
ESTAT:MIGR_EMI1CTZ(1.0),01/07/26 23:00:00,A,MD,REACH,TOTAL,NR,T,ES,2021-01-01,1313.0,b,
ESTAT:MIGR_EMI1CTZ(1.0),01/07/26 23:00:00,A,ML,REACH,TOTAL,NR,T,ES,2021-01-01,2840.0,b,
ESTAT:MIGR_EMI1CTZ(1.0),01/07/26 23:00:00,A,MR,REACH,TOTAL,NR,T,ES,2021-01-01,958.0,b,
ESTAT:MIGR_EMI1CTZ(1.0),01/07/26 23:00:00,A,MX,REACH,TOTAL,NR,T,ES,2021-01-01,4544.0,b,
ESTAT:MIGR_EMI1CTZ(1.0),01/07/26 23:00:00,A,NAT,REACH,TOTAL,NR,T,ES,2021-01-01,155533.0,b,
ESTAT:MIGR_EMI1CTZ(1.0),01/07/26 23:00:00,A,NEU27_2020_FOR,REACH,TOTAL,NR,T,ES,2021-01-01,361371.0,b,
ESTAT:MIGR_EMI1CTZ(1.0),01/07/26 23:00:00,A,NG,REACH,TOTAL,NR,T,ES,2021-01-01,3175.0,b,
ESTAT:MIGR_EMI1CTZ(1.0),01/07/26 23:00:00,A,NI,REACH,TOTAL,NR,T,ES,2021-01-01,6594.0,b,
ESTAT:MIGR_EMI1CTZ(1.0),01/07/26 23:00:00,A,NL,REACH,TOTAL,NR,T,ES,2021-01-01,5211.0,b,
ESTAT:MIGR_EMI1CTZ(1.0),01/07/26 23:00:00,A,NO,REACH,TOTAL,NR,T,ES,2021-01-01,1819.0,b,
ESTAT:MIGR_EMI1CTZ(1.0),01/07/26 23:00:00,A,OTH,REACH,TOTAL,NR,T,ES,2021-01-01,254.0,b,
ESTAT:MIGR_EMI1CTZ(1.0),01/07/26 23:00:00,A,PE,REACH,TOTAL,NR,T,ES,2021-01-01,11721.0,b,
ESTAT:MIGR_EMI1CTZ(1.0),01/07/26 23:00:00,A,PH,REACH,TOTAL,NR,T,ES,2021-01-01,2316.0,b,
ESTAT:MIGR_EMI1CTZ(1.0),01/07/26 23:00:00,A,PK,REACH,TOTAL,NR,T,ES,2021-01-01,10878.0,b,
ESTAT:MIGR_EMI1CTZ(1.0),01/07/26 23:00:00,A,PL,REACH,TOTAL,NR,T,ES,2021-01-01,5753.0,b,
ESTAT:MIGR_EMI1CTZ(1.0),01/07/26 23:00:00,A,PT,REACH,TOTAL,NR,T,ES,2021-01-01,10287.0,b,
ESTAT:MIGR_EMI1CTZ(1.0),01/07/26 23:00:00,A,PY,REACH,TOTAL,NR,T,ES,2021-01-01,7934.0,b,
ESTAT:MIGR_EMI1CTZ(1.0),01/07/26 23:00:00,A,RO,REACH,TOTAL,NR,T,ES,2021-01-01,70575.0,b,
ESTAT:MIGR_EMI1CTZ(1.0),01/07/26 23:00:00,A,RU,REACH,TOTAL,NR,T,ES,2021-01-01,9190.0,b,
ESTAT:MIGR_EMI1CTZ(1.0),01/07/26 23:00:00,A,SE,REACH,TOTAL,NR,T,ES,2021-01-01,2899.0,b,
ESTAT:MIGR_EMI1CTZ(1.0),01/07/26 23:00:00,A,SN,REACH,TOTAL,NR,T,ES,2021-01-01,6799.0,b,
ESTAT:MIGR_EMI1CTZ(1.0),01/07/26 23:00:00,A,STLS,REACH,TOTAL,NR,T,ES,2021-01-01,282.0,b,
ESTAT:MIGR_EMI1CTZ(1.0),01/07/26 23:00:00,A,TOTAL,REACH,TOTAL,NR,T,ES,2021-01-01,696866.0,b,
ESTAT:MIGR_EMI1CTZ(1.0),01/07/26 23:00:00,A,UA,REACH,TOTAL,NR,T,ES,2021-01-01,8431.0,b,
ESTAT:MIGR_EMI1CTZ(1.0),01/07/26 23:00:00,A,UK,REACH,TOTAL,NR,T,ES,2021-01-01,25724.0,b,
ESTAT:MIGR_EMI1CTZ(1.0),01/07/26 23:00:00,A,UNK,REACH,TOTAL,NR,T,ES,2021-01-01,0.0,b,
ESTAT:MIGR_EMI1CTZ(1.0),01/07/26 23:00:00,A,US,REACH,TOTAL,NR,T,ES,2021-01-01,8134.0,b,
ESTAT:MIGR_EMI1CTZ(1.0),01/07/26 23:00:00,A,UY,REACH,TOTAL,NR,T,ES,2021-01-01,2550.0,b,
ESTAT:MIGR_EMI1CTZ(1.0),01/07/26 23:00:00,A,VE,REACH,TOTAL,NR,T,ES,2021-01-01,13913.0,b,
ESTAT:MIGR_EMI1CTZ(1.0),01/07/26 23:00:00,A,AR,REACH,TOTAL,NR,T,ES,2022-01-01,5868.0,,
ESTAT:MIGR_EMI1CTZ(1.0),01/07/26 23:00:00,A,BD,REACH,TOTAL,NR,T,ES,2022-01-01,1212.0,,
ESTAT:MIGR_EMI1CTZ(1.0),01/07/26 23:00:00,A,BE,REACH,TOTAL,NR,T,ES,2022-01-01,3125.0,,
ESTAT:MIGR_EMI1CTZ(1.0),01/07/26 23:00:00,A,BG,REACH,TOTAL,NR,T,ES,2022-01-01,11228.0,,
ESTAT:MIGR_EMI1CTZ(1.0),01/07/26 23:00:00,A,BO,REACH,TOTAL,NR,T,ES,2022-01-01,3877.0,,
ESTAT:MIGR_EMI1CTZ(1.0),01/07/26 23:00:00,A,BR,REACH,TOTAL,NR,T,ES,2022-01-01,7655.0,,
ESTAT:MIGR_EMI1CTZ(1.0),01/07/26 23:00:00,A,CC8_22_FOR,REACH,TOTAL,NR,T,ES,2022-01-01,8373.0,,
ESTAT:MIGR_EMI1CTZ(1.0),01/07/26 23:00:00,A,CH,REACH,TOTAL,NR,T,ES,2022-01-01,1341.0,,
ESTAT:MIGR_EMI1CTZ(1.0),01/07/26 23:00:00,A,CL,REACH,TOTAL,NR,T,ES,2022-01-01,2162.0,,
ESTAT:MIGR_EMI1CTZ(1.0),01/07/26 23:00:00,A,CN,REACH,TOTAL,NR,T,ES,2022-01-01,12398.0,,
ESTAT:MIGR_EMI1CTZ(1.0),01/07/26 23:00:00,A,CO,REACH,TOTAL,NR,T,ES,2022-01-01,19607.0,,
ESTAT:MIGR_EMI1CTZ(1.0),01/07/26 23:00:00,A,CU,REACH,TOTAL,NR,T,ES,2022-01-01,3097.0,,
ESTAT:MIGR_EMI1CTZ(1.0),01/07/26 23:00:00,A,DE,REACH,TOTAL,NR,T,ES,2022-01-01,11238.0,,
ESTAT:MIGR_EMI1CTZ(1.0),01/07/26 23:00:00,A,DK,REACH,TOTAL,NR,T,ES,2022-01-01,973.0,,
ESTAT:MIGR_EMI1CTZ(1.0),01/07/26 23:00:00,A,DO,REACH,TOTAL,NR,T,ES,2022-01-01,3832.0,,
ESTAT:MIGR_EMI1CTZ(1.0),01/07/26 23:00:00,A,DZ,REACH,TOTAL,NR,T,ES,2022-01-01,4939.0,,
ESTAT:MIGR_EMI1CTZ(1.0),01/07/26 23:00:00,A,EC,REACH,TOTAL,NR,T,ES,2022-01-01,6132.0,,
ESTAT:MIGR_EMI1CTZ(1.0),01/07/26 23:00:00,A,ES,REACH,TOTAL,NR,T,ES,2022-01-01,141124.0,,
ESTAT:MIGR_EMI1CTZ(1.0),01/07/26 23:00:00,A,EU27_2020_FOR,REACH,TOTAL,NR,T,ES,2022-01-01,150744.0,,
ESTAT:MIGR_EMI1CTZ(1.0),01/07/26 23:00:00,A,FI,REACH,TOTAL,NR,T,ES,2022-01-01,974.0,,
ESTAT:MIGR_EMI1CTZ(1.0),01/07/26 23:00:00,A,FOR_STLS,REACH,TOTAL,NR,T,ES,2022-01-01,390765.0,,
ESTAT:MIGR_EMI1CTZ(1.0),01/07/26 23:00:00,A,FR,REACH,TOTAL,NR,T,ES,2022-01-01,12081.0,,
ESTAT:MIGR_EMI1CTZ(1.0),01/07/26 23:00:00,A,GH,REACH,TOTAL,NR,T,ES,2022-01-01,1424.0,,
ESTAT:MIGR_EMI1CTZ(1.0),01/07/26 23:00:00,A,GM,REACH,TOTAL,NR,T,ES,2022-01-01,1611.0,,
ESTAT:MIGR_EMI1CTZ(1.0),01/07/26 23:00:00,A,GN,REACH,TOTAL,NR,T,ES,2022-01-01,1069.0,,
ESTAT:MIGR_EMI1CTZ(1.0),01/07/26 23:00:00,A,GQ,REACH,TOTAL,NR,T,ES,2022-01-01,908.0,,
ESTAT:MIGR_EMI1CTZ(1.0),01/07/26 23:00:00,A,HN,REACH,TOTAL,NR,T,ES,2022-01-01,6852.0,,
ESTAT:MIGR_EMI1CTZ(1.0),01/07/26 23:00:00,A,IE,REACH,TOTAL,NR,T,ES,2022-01-01,1744.0,,
ESTAT:MIGR_EMI1CTZ(1.0),01/07/26 23:00:00,A,IN,REACH,TOTAL,NR,T,ES,2022-01-01,3649.0,,
ESTAT:MIGR_EMI1CTZ(1.0),01/07/26 23:00:00,A,IT,REACH,TOTAL,NR,T,ES,2022-01-01,22771.0,,
ESTAT:MIGR_EMI1CTZ(1.0),01/07/26 23:00:00,A,LT,REACH,TOTAL,NR,T,ES,2022-01-01,1473.0,,
ESTAT:MIGR_EMI1CTZ(1.0),01/07/26 23:00:00,A,MA,REACH,TOTAL,NR,T,ES,2022-01-01,42851.0,,
ESTAT:MIGR_EMI1CTZ(1.0),01/07/26 23:00:00,A,MD,REACH,TOTAL,NR,T,ES,2022-01-01,1000.0,,
ESTAT:MIGR_EMI1CTZ(1.0),01/07/26 23:00:00,A,ML,REACH,TOTAL,NR,T,ES,2022-01-01,2336.0,,
ESTAT:MIGR_EMI1CTZ(1.0),01/07/26 23:00:00,A,MR,REACH,TOTAL,NR,T,ES,2022-01-01,631.0,,
ESTAT:MIGR_EMI1CTZ(1.0),01/07/26 23:00:00,A,MX,REACH,TOTAL,NR,T,ES,2022-01-01,2340.0,,
ESTAT:MIGR_EMI1CTZ(1.0),01/07/26 23:00:00,A,NAT,REACH,TOTAL,NR,T,ES,2022-01-01,141124.0,,
ESTAT:MIGR_EMI1CTZ(1.0),01/07/26 23:00:00,A,NEU27_2020_FOR,REACH,TOTAL,NR,T,ES,2022-01-01,239762.0,,
ESTAT:MIGR_EMI1CTZ(1.0),01/07/26 23:00:00,A,NG,REACH,TOTAL,NR,T,ES,2022-01-01,2406.0,,
ESTAT:MIGR_EMI1CTZ(1.0),01/07/26 23:00:00,A,NI,REACH,TOTAL,NR,T,ES,2022-01-01,5302.0,,
ESTAT:MIGR_EMI1CTZ(1.0),01/07/26 23:00:00,A,NL,REACH,TOTAL,NR,T,ES,2022-01-01,4433.0,,
ESTAT:MIGR_EMI1CTZ(1.0),01/07/26 23:00:00,A,NO,REACH,TOTAL,NR,T,ES,2022-01-01,1670.0,,
ESTAT:MIGR_EMI1CTZ(1.0),01/07/26 23:00:00,A,OTH,REACH,TOTAL,NR,T,ES,2022-01-01,157.0,,
ESTAT:MIGR_EMI1CTZ(1.0),01/07/26 23:00:00,A,PE,REACH,TOTAL,NR,T,ES,2022-01-01,7282.0,,
ESTAT:MIGR_EMI1CTZ(1.0),01/07/26 23:00:00,A,PH,REACH,TOTAL,NR,T,ES,2022-01-01,2023.0,,
ESTAT:MIGR_EMI1CTZ(1.0),01/07/26 23:00:00,A,PK,REACH,TOTAL,NR,T,ES,2022-01-01,6685.0,,
ESTAT:MIGR_EMI1CTZ(1.0),01/07/26 23:00:00,A,PL,REACH,TOTAL,NR,T,ES,2022-01-01,4747.0,,
ESTAT:MIGR_EMI1CTZ(1.0),01/07/26 23:00:00,A,PT,REACH,TOTAL,NR,T,ES,2022-01-01,8961.0,,
ESTAT:MIGR_EMI1CTZ(1.0),01/07/26 23:00:00,A,PY,REACH,TOTAL,NR,T,ES,2022-01-01,4643.0,,
ESTAT:MIGR_EMI1CTZ(1.0),01/07/26 23:00:00,A,RO,REACH,TOTAL,NR,T,ES,2022-01-01,59298.0,,
ESTAT:MIGR_EMI1CTZ(1.0),01/07/26 23:00:00,A,RU,REACH,TOTAL,NR,T,ES,2022-01-01,4731.0,,
ESTAT:MIGR_EMI1CTZ(1.0),01/07/26 23:00:00,A,SE,REACH,TOTAL,NR,T,ES,2022-01-01,2093.0,,
ESTAT:MIGR_EMI1CTZ(1.0),01/07/26 23:00:00,A,SN,REACH,TOTAL,NR,T,ES,2022-01-01,5061.0,,
ESTAT:MIGR_EMI1CTZ(1.0),01/07/26 23:00:00,A,STLS,REACH,TOTAL,NR,T,ES,2022-01-01,259.0,,
ESTAT:MIGR_EMI1CTZ(1.0),01/07/26 23:00:00,A,TOTAL,REACH,TOTAL,NR,T,ES,2022-01-01,531889.0,,
ESTAT:MIGR_EMI1CTZ(1.0),01/07/26 23:00:00,A,UA,REACH,TOTAL,NR,T,ES,2022-01-01,5643.0,,
ESTAT:MIGR_EMI1CTZ(1.0),01/07/26 23:00:00,A,UK,REACH,TOTAL,NR,T,ES,2022-01-01,22730.0,,
ESTAT:MIGR_EMI1CTZ(1.0),01/07/26 23:00:00,A,UNK,REACH,TOTAL,NR,T,ES,2022-01-01,0.0,,
ESTAT:MIGR_EMI1CTZ(1.0),01/07/26 23:00:00,A,US,REACH,TOTAL,NR,T,ES,2022-01-01,4921.0,,
ESTAT:MIGR_EMI1CTZ(1.0),01/07/26 23:00:00,A,UY,REACH,TOTAL,NR,T,ES,2022-01-01,1684.0,,
ESTAT:MIGR_EMI1CTZ(1.0),01/07/26 23:00:00,A,VE,REACH,TOTAL,NR,T,ES,2022-01-01,10388.0,,
ESTAT:MIGR_EMI1CTZ(1.0),01/07/26 23:00:00,A,AR,REACH,TOTAL,NR,T,ES,2023-01-01,8707.0,,
ESTAT:MIGR_EMI1CTZ(1.0),01/07/26 23:00:00,A,BD,REACH,TOTAL,NR,T,ES,2023-01-01,1197.0,,
ESTAT:MIGR_EMI1CTZ(1.0),01/07/26 23:00:00,A,BE,REACH,TOTAL,NR,T,ES,2023-01-01,4225.0,,
ESTAT:MIGR_EMI1CTZ(1.0),01/07/26 23:00:00,A,BG,REACH,TOTAL,NR,T,ES,2023-01-01,10605.0,,
ESTAT:MIGR_EMI1CTZ(1.0),01/07/26 23:00:00,A,BO,REACH,TOTAL,NR,T,ES,2023-01-01,4017.0,,
ESTAT:MIGR_EMI1CTZ(1.0),01/07/26 23:00:00,A,BR,REACH,TOTAL,NR,T,ES,2023-01-01,9505.0,,
ESTAT:MIGR_EMI1CTZ(1.0),01/07/26 23:00:00,A,CC9_23_FOR,REACH,TOTAL,NR,T,ES,2023-01-01,21014.0,,
ESTAT:MIGR_EMI1CTZ(1.0),01/07/26 23:00:00,A,CH,REACH,TOTAL,NR,T,ES,2023-01-01,1675.0,,
ESTAT:MIGR_EMI1CTZ(1.0),01/07/26 23:00:00,A,CL,REACH,TOTAL,NR,T,ES,2023-01-01,3398.0,,
ESTAT:MIGR_EMI1CTZ(1.0),01/07/26 23:00:00,A,CN,REACH,TOTAL,NR,T,ES,2023-01-01,14551.0,,
ESTAT:MIGR_EMI1CTZ(1.0),01/07/26 23:00:00,A,CO,REACH,TOTAL,NR,T,ES,2023-01-01,29230.0,,
ESTAT:MIGR_EMI1CTZ(1.0),01/07/26 23:00:00,A,CU,REACH,TOTAL,NR,T,ES,2023-01-01,3877.0,,
ESTAT:MIGR_EMI1CTZ(1.0),01/07/26 23:00:00,A,DE,REACH,TOTAL,NR,T,ES,2023-01-01,14825.0,,
ESTAT:MIGR_EMI1CTZ(1.0),01/07/26 23:00:00,A,DK,REACH,TOTAL,NR,T,ES,2023-01-01,1394.0,,
ESTAT:MIGR_EMI1CTZ(1.0),01/07/26 23:00:00,A,DO,REACH,TOTAL,NR,T,ES,2023-01-01,4351.0,,
ESTAT:MIGR_EMI1CTZ(1.0),01/07/26 23:00:00,A,DZ,REACH,TOTAL,NR,T,ES,2023-01-01,5994.0,,
ESTAT:MIGR_EMI1CTZ(1.0),01/07/26 23:00:00,A,EC,REACH,TOTAL,NR,T,ES,2023-01-01,6517.0,,
ESTAT:MIGR_EMI1CTZ(1.0),01/07/26 23:00:00,A,ES,REACH,TOTAL,NR,T,ES,2023-01-01,126901.0,,
ESTAT:MIGR_EMI1CTZ(1.0),01/07/26 23:00:00,A,EU27_2020_FOR,REACH,TOTAL,NR,T,ES,2023-01-01,160700.0,,
ESTAT:MIGR_EMI1CTZ(1.0),01/07/26 23:00:00,A,FI,REACH,TOTAL,NR,T,ES,2023-01-01,1460.0,,
ESTAT:MIGR_EMI1CTZ(1.0),01/07/26 23:00:00,A,FOR_STLS,REACH,TOTAL,NR,T,ES,2023-01-01,481794.0,,
ESTAT:MIGR_EMI1CTZ(1.0),01/07/26 23:00:00,A,FR,REACH,TOTAL,NR,T,ES,2023-01-01,13415.0,,
ESTAT:MIGR_EMI1CTZ(1.0),01/07/26 23:00:00,A,GH,REACH,TOTAL,NR,T,ES,2023-01-01,1812.0,,
ESTAT:MIGR_EMI1CTZ(1.0),01/07/26 23:00:00,A,GM,REACH,TOTAL,NR,T,ES,2023-01-01,2274.0,,
ESTAT:MIGR_EMI1CTZ(1.0),01/07/26 23:00:00,A,GN,REACH,TOTAL,NR,T,ES,2023-01-01,1254.0,,
ESTAT:MIGR_EMI1CTZ(1.0),01/07/26 23:00:00,A,GQ,REACH,TOTAL,NR,T,ES,2023-01-01,1144.0,,
ESTAT:MIGR_EMI1CTZ(1.0),01/07/26 23:00:00,A,HN,REACH,TOTAL,NR,T,ES,2023-01-01,8961.0,,
ESTAT:MIGR_EMI1CTZ(1.0),01/07/26 23:00:00,A,IE,REACH,TOTAL,NR,T,ES,2023-01-01,2659.0,,
ESTAT:MIGR_EMI1CTZ(1.0),01/07/26 23:00:00,A,IN,REACH,TOTAL,NR,T,ES,2023-01-01,4851.0,,
ESTAT:MIGR_EMI1CTZ(1.0),01/07/26 23:00:00,A,IT,REACH,TOTAL,NR,T,ES,2023-01-01,25669.0,,
ESTAT:MIGR_EMI1CTZ(1.0),01/07/26 23:00:00,A,LT,REACH,TOTAL,NR,T,ES,2023-01-01,1590.0,,
ESTAT:MIGR_EMI1CTZ(1.0),01/07/26 23:00:00,A,MA,REACH,TOTAL,NR,T,ES,2023-01-01,52650.0,,
ESTAT:MIGR_EMI1CTZ(1.0),01/07/26 23:00:00,A,MD,REACH,TOTAL,NR,T,ES,2023-01-01,1198.0,,
ESTAT:MIGR_EMI1CTZ(1.0),01/07/26 23:00:00,A,ML,REACH,TOTAL,NR,T,ES,2023-01-01,3296.0,,
ESTAT:MIGR_EMI1CTZ(1.0),01/07/26 23:00:00,A,MR,REACH,TOTAL,NR,T,ES,2023-01-01,1107.0,,
ESTAT:MIGR_EMI1CTZ(1.0),01/07/26 23:00:00,A,MX,REACH,TOTAL,NR,T,ES,2023-01-01,3929.0,,
ESTAT:MIGR_EMI1CTZ(1.0),01/07/26 23:00:00,A,NAT,REACH,TOTAL,NR,T,ES,2023-01-01,126901.0,,
ESTAT:MIGR_EMI1CTZ(1.0),01/07/26 23:00:00,A,NEU27_2020_FOR,REACH,TOTAL,NR,T,ES,2023-01-01,320756.0,,
ESTAT:MIGR_EMI1CTZ(1.0),01/07/26 23:00:00,A,NG,REACH,TOTAL,NR,T,ES,2023-01-01,2499.0,,
ESTAT:MIGR_EMI1CTZ(1.0),01/07/26 23:00:00,A,NI,REACH,TOTAL,NR,T,ES,2023-01-01,6320.0,,
ESTAT:MIGR_EMI1CTZ(1.0),01/07/26 23:00:00,A,NL,REACH,TOTAL,NR,T,ES,2023-01-01,6203.0,,
ESTAT:MIGR_EMI1CTZ(1.0),01/07/26 23:00:00,A,NO,REACH,TOTAL,NR,T,ES,2023-01-01,2231.0,,
ESTAT:MIGR_EMI1CTZ(1.0),01/07/26 23:00:00,A,OTH,REACH,TOTAL,NR,T,ES,2023-01-01,210.0,,
ESTAT:MIGR_EMI1CTZ(1.0),01/07/26 23:00:00,A,PE,REACH,TOTAL,NR,T,ES,2023-01-01,11404.0,,
ESTAT:MIGR_EMI1CTZ(1.0),01/07/26 23:00:00,A,PH,REACH,TOTAL,NR,T,ES,2023-01-01,2164.0,,
ESTAT:MIGR_EMI1CTZ(1.0),01/07/26 23:00:00,A,PK,REACH,TOTAL,NR,T,ES,2023-01-01,8693.0,,
ESTAT:MIGR_EMI1CTZ(1.0),01/07/26 23:00:00,A,PL,REACH,TOTAL,NR,T,ES,2023-01-01,4729.0,,
ESTAT:MIGR_EMI1CTZ(1.0),01/07/26 23:00:00,A,PT,REACH,TOTAL,NR,T,ES,2023-01-01,8656.0,,
ESTAT:MIGR_EMI1CTZ(1.0),01/07/26 23:00:00,A,PY,REACH,TOTAL,NR,T,ES,2023-01-01,6223.0,,
ESTAT:MIGR_EMI1CTZ(1.0),01/07/26 23:00:00,A,RO,REACH,TOTAL,NR,T,ES,2023-01-01,55411.0,,
ESTAT:MIGR_EMI1CTZ(1.0),01/07/26 23:00:00,A,RU,REACH,TOTAL,NR,T,ES,2023-01-01,7394.0,,
ESTAT:MIGR_EMI1CTZ(1.0),01/07/26 23:00:00,A,SE,REACH,TOTAL,NR,T,ES,2023-01-01,3285.0,,
ESTAT:MIGR_EMI1CTZ(1.0),01/07/26 23:00:00,A,SN,REACH,TOTAL,NR,T,ES,2023-01-01,7017.0,,
ESTAT:MIGR_EMI1CTZ(1.0),01/07/26 23:00:00,A,STLS,REACH,TOTAL,NR,T,ES,2023-01-01,338.0,,
ESTAT:MIGR_EMI1CTZ(1.0),01/07/26 23:00:00,A,TOTAL,REACH,TOTAL,NR,T,ES,2023-01-01,608695.0,,
ESTAT:MIGR_EMI1CTZ(1.0),01/07/26 23:00:00,A,UA,REACH,TOTAL,NR,T,ES,2023-01-01,15210.0,,
ESTAT:MIGR_EMI1CTZ(1.0),01/07/26 23:00:00,A,UK,REACH,TOTAL,NR,T,ES,2023-01-01,26594.0,,
ESTAT:MIGR_EMI1CTZ(1.0),01/07/26 23:00:00,A,UNK,REACH,TOTAL,NR,T,ES,2023-01-01,0.0,,
ESTAT:MIGR_EMI1CTZ(1.0),01/07/26 23:00:00,A,US,REACH,TOTAL,NR,T,ES,2023-01-01,8247.0,,
ESTAT:MIGR_EMI1CTZ(1.0),01/07/26 23:00:00,A,UY,REACH,TOTAL,NR,T,ES,2023-01-01,1975.0,,
ESTAT:MIGR_EMI1CTZ(1.0),01/07/26 23:00:00,A,VE,REACH,TOTAL,NR,T,ES,2023-01-01,14332.0,,
ESTAT:MIGR_EMI1CTZ(1.0),01/07/26 23:00:00,A,AR,REACH,TOTAL,NR,T,ES,2024-01-01,10729.0,,
ESTAT:MIGR_EMI1CTZ(1.0),01/07/26 23:00:00,A,BD,REACH,TOTAL,NR,T,ES,2024-01-01,1390.0,,
ESTAT:MIGR_EMI1CTZ(1.0),01/07/26 23:00:00,A,BE,REACH,TOTAL,NR,T,ES,2024-01-01,3430.0,,
ESTAT:MIGR_EMI1CTZ(1.0),01/07/26 23:00:00,A,BG,REACH,TOTAL,NR,T,ES,2024-01-01,9870.0,,
ESTAT:MIGR_EMI1CTZ(1.0),01/07/26 23:00:00,A,BO,REACH,TOTAL,NR,T,ES,2024-01-01,3760.0,,
ESTAT:MIGR_EMI1CTZ(1.0),01/07/26 23:00:00,A,BR,REACH,TOTAL,NR,T,ES,2024-01-01,10728.0,,
ESTAT:MIGR_EMI1CTZ(1.0),01/07/26 23:00:00,A,CC9_23_FOR,REACH,TOTAL,NR,T,ES,2024-01-01,43260.0,,
ESTAT:MIGR_EMI1CTZ(1.0),01/07/26 23:00:00,A,CH,REACH,TOTAL,NR,T,ES,2024-01-01,1567.0,,
ESTAT:MIGR_EMI1CTZ(1.0),01/07/26 23:00:00,A,CL,REACH,TOTAL,NR,T,ES,2024-01-01,3780.0,,
ESTAT:MIGR_EMI1CTZ(1.0),01/07/26 23:00:00,A,CN,REACH,TOTAL,NR,T,ES,2024-01-01,13605.0,,
ESTAT:MIGR_EMI1CTZ(1.0),01/07/26 23:00:00,A,CO,REACH,TOTAL,NR,T,ES,2024-01-01,45543.0,,
ESTAT:MIGR_EMI1CTZ(1.0),01/07/26 23:00:00,A,CU,REACH,TOTAL,NR,T,ES,2024-01-01,4318.0,,
ESTAT:MIGR_EMI1CTZ(1.0),01/07/26 23:00:00,A,DE,REACH,TOTAL,NR,T,ES,2024-01-01,12598.0,,
ESTAT:MIGR_EMI1CTZ(1.0),01/07/26 23:00:00,A,DK,REACH,TOTAL,NR,T,ES,2024-01-01,1142.0,,
ESTAT:MIGR_EMI1CTZ(1.0),01/07/26 23:00:00,A,DO,REACH,TOTAL,NR,T,ES,2024-01-01,4653.0,,
ESTAT:MIGR_EMI1CTZ(1.0),01/07/26 23:00:00,A,DZ,REACH,TOTAL,NR,T,ES,2024-01-01,6401.0,,
ESTAT:MIGR_EMI1CTZ(1.0),01/07/26 23:00:00,A,EC,REACH,TOTAL,NR,T,ES,2024-01-01,7046.0,,
ESTAT:MIGR_EMI1CTZ(1.0),01/07/26 23:00:00,A,ES,REACH,TOTAL,NR,T,ES,2024-01-01,137719.0,,
ESTAT:MIGR_EMI1CTZ(1.0),01/07/26 23:00:00,A,EU27_2020_FOR,REACH,TOTAL,NR,T,ES,2024-01-01,149982.0,,
ESTAT:MIGR_EMI1CTZ(1.0),01/07/26 23:00:00,A,FI,REACH,TOTAL,NR,T,ES,2024-01-01,1430.0,,
ESTAT:MIGR_EMI1CTZ(1.0),01/07/26 23:00:00,A,FOR_STLS,REACH,TOTAL,NR,T,ES,2024-01-01,524575.0,,
ESTAT:MIGR_EMI1CTZ(1.0),01/07/26 23:00:00,A,FR,REACH,TOTAL,NR,T,ES,2024-01-01,12699.0,,
ESTAT:MIGR_EMI1CTZ(1.0),01/07/26 23:00:00,A,GH,REACH,TOTAL,NR,T,ES,2024-01-01,1720.0,,
ESTAT:MIGR_EMI1CTZ(1.0),01/07/26 23:00:00,A,GM,REACH,TOTAL,NR,T,ES,2024-01-01,2229.0,,
ESTAT:MIGR_EMI1CTZ(1.0),01/07/26 23:00:00,A,GN,REACH,TOTAL,NR,T,ES,2024-01-01,1140.0,,
ESTAT:MIGR_EMI1CTZ(1.0),01/07/26 23:00:00,A,GQ,REACH,TOTAL,NR,T,ES,2024-01-01,1254.0,,
ESTAT:MIGR_EMI1CTZ(1.0),01/07/26 23:00:00,A,HN,REACH,TOTAL,NR,T,ES,2024-01-01,10119.0,,
ESTAT:MIGR_EMI1CTZ(1.0),01/07/26 23:00:00,A,IE,REACH,TOTAL,NR,T,ES,2024-01-01,2302.0,,
ESTAT:MIGR_EMI1CTZ(1.0),01/07/26 23:00:00,A,IN,REACH,TOTAL,NR,T,ES,2024-01-01,5105.0,,
ESTAT:MIGR_EMI1CTZ(1.0),01/07/26 23:00:00,A,IT,REACH,TOTAL,NR,T,ES,2024-01-01,26465.0,,
ESTAT:MIGR_EMI1CTZ(1.0),01/07/26 23:00:00,A,LT,REACH,TOTAL,NR,T,ES,2024-01-01,1564.0,,
ESTAT:MIGR_EMI1CTZ(1.0),01/07/26 23:00:00,A,MA,REACH,TOTAL,NR,T,ES,2024-01-01,54869.0,,
ESTAT:MIGR_EMI1CTZ(1.0),01/07/26 23:00:00,A,MD,REACH,TOTAL,NR,T,ES,2024-01-01,1159.0,,
ESTAT:MIGR_EMI1CTZ(1.0),01/07/26 23:00:00,A,ML,REACH,TOTAL,NR,T,ES,2024-01-01,2887.0,,
ESTAT:MIGR_EMI1CTZ(1.0),01/07/26 23:00:00,A,MR,REACH,TOTAL,NR,T,ES,2024-01-01,1003.0,,
ESTAT:MIGR_EMI1CTZ(1.0),01/07/26 23:00:00,A,MX,REACH,TOTAL,NR,T,ES,2024-01-01,4173.0,,
ESTAT:MIGR_EMI1CTZ(1.0),01/07/26 23:00:00,A,NAT,REACH,TOTAL,NR,T,ES,2024-01-01,137719.0,,
ESTAT:MIGR_EMI1CTZ(1.0),01/07/26 23:00:00,A,NEU27_2020_FOR,REACH,TOTAL,NR,T,ES,2024-01-01,374260.0,,
ESTAT:MIGR_EMI1CTZ(1.0),01/07/26 23:00:00,A,NG,REACH,TOTAL,NR,T,ES,2024-01-01,2318.0,,
ESTAT:MIGR_EMI1CTZ(1.0),01/07/26 23:00:00,A,NI,REACH,TOTAL,NR,T,ES,2024-01-01,6421.0,,
ESTAT:MIGR_EMI1CTZ(1.0),01/07/26 23:00:00,A,NL,REACH,TOTAL,NR,T,ES,2024-01-01,5325.0,,
ESTAT:MIGR_EMI1CTZ(1.0),01/07/26 23:00:00,A,NO,REACH,TOTAL,NR,T,ES,2024-01-01,1611.0,,
ESTAT:MIGR_EMI1CTZ(1.0),01/07/26 23:00:00,A,OTH,REACH,TOTAL,NR,T,ES,2024-01-01,230.0,,
ESTAT:MIGR_EMI1CTZ(1.0),01/07/26 23:00:00,A,PE,REACH,TOTAL,NR,T,ES,2024-01-01,18633.0,,
ESTAT:MIGR_EMI1CTZ(1.0),01/07/26 23:00:00,A,PH,REACH,TOTAL,NR,T,ES,2024-01-01,2159.0,,
ESTAT:MIGR_EMI1CTZ(1.0),01/07/26 23:00:00,A,PK,REACH,TOTAL,NR,T,ES,2024-01-01,8153.0,,
ESTAT:MIGR_EMI1CTZ(1.0),01/07/26 23:00:00,A,PL,REACH,TOTAL,NR,T,ES,2024-01-01,5002.0,,
ESTAT:MIGR_EMI1CTZ(1.0),01/07/26 23:00:00,A,PT,REACH,TOTAL,NR,T,ES,2024-01-01,8271.0,,
ESTAT:MIGR_EMI1CTZ(1.0),01/07/26 23:00:00,A,PY,REACH,TOTAL,NR,T,ES,2024-01-01,8183.0,,
ESTAT:MIGR_EMI1CTZ(1.0),01/07/26 23:00:00,A,RO,REACH,TOTAL,NR,T,ES,2024-01-01,50220.0,,
ESTAT:MIGR_EMI1CTZ(1.0),01/07/26 23:00:00,A,RU,REACH,TOTAL,NR,T,ES,2024-01-01,8788.0,,
ESTAT:MIGR_EMI1CTZ(1.0),01/07/26 23:00:00,A,SE,REACH,TOTAL,NR,T,ES,2024-01-01,2940.0,,
ESTAT:MIGR_EMI1CTZ(1.0),01/07/26 23:00:00,A,SN,REACH,TOTAL,NR,T,ES,2024-01-01,6687.0,,
ESTAT:MIGR_EMI1CTZ(1.0),01/07/26 23:00:00,A,STLS,REACH,TOTAL,NR,T,ES,2024-01-01,333.0,,
ESTAT:MIGR_EMI1CTZ(1.0),01/07/26 23:00:00,A,TOTAL,REACH,TOTAL,NR,T,ES,2024-01-01,662294.0,,
ESTAT:MIGR_EMI1CTZ(1.0),01/07/26 23:00:00,A,UA,REACH,TOTAL,NR,T,ES,2024-01-01,37416.0,,
ESTAT:MIGR_EMI1CTZ(1.0),01/07/26 23:00:00,A,UK,REACH,TOTAL,NR,T,ES,2024-01-01,20870.0,,
ESTAT:MIGR_EMI1CTZ(1.0),01/07/26 23:00:00,A,UNK,REACH,TOTAL,NR,T,ES,2024-01-01,0.0,,
ESTAT:MIGR_EMI1CTZ(1.0),01/07/26 23:00:00,A,US,REACH,TOTAL,NR,T,ES,2024-01-01,8111.0,,
ESTAT:MIGR_EMI1CTZ(1.0),01/07/26 23:00:00,A,UY,REACH,TOTAL,NR,T,ES,2024-01-01,2005.0,,
ESTAT:MIGR_EMI1CTZ(1.0),01/07/26 23:00:00,A,VE,REACH,TOTAL,NR,T,ES,2024-01-01,17192.0,,
ESTAT:MIGR_EMI1CTZ(1.0),01/07/26 23:00:00,A,AFR,COMPLET,TOTAL,NR,T,ES,2010-01-01,62739.0,,
ESTAT:MIGR_EMI1CTZ(1.0),01/07/26 23:00:00,A,AFR_C,COMPLET,TOTAL,NR,T,ES,2010-01-01,2854.0,,
ESTAT:MIGR_EMI1CTZ(1.0),01/07/26 23:00:00,A,AFR_E,COMPLET,TOTAL,NR,T,ES,2010-01-01,256.0,,
ESTAT:MIGR_EMI1CTZ(1.0),01/07/26 23:00:00,A,AFR_N,COMPLET,TOTAL,NR,T,ES,2010-01-01,43052.0,,
ESTAT:MIGR_EMI1CTZ(1.0),01/07/26 23:00:00,A,AFR_S,COMPLET,TOTAL,NR,T,ES,2010-01-01,63.0,,
ESTAT:MIGR_EMI1CTZ(1.0),01/07/26 23:00:00,A,AFR_W,COMPLET,TOTAL,NR,T,ES,2010-01-01,16514.0,,
ESTAT:MIGR_EMI1CTZ(1.0),01/07/26 23:00:00,A,AI,COMPLET,TOTAL,NR,T,ES,2010-01-01,0.0,,
ESTAT:MIGR_EMI1CTZ(1.0),01/07/26 23:00:00,A,AME,COMPLET,TOTAL,NR,T,ES,2010-01-01,125504.0,,
ESTAT:MIGR_EMI1CTZ(1.0),01/07/26 23:00:00,A,AME_C,COMPLET,TOTAL,NR,T,ES,2010-01-01,6650.0,,
ESTAT:MIGR_EMI1CTZ(1.0),01/07/26 23:00:00,A,AME_N,COMPLET,TOTAL,NR,T,ES,2010-01-01,3175.0,,
ESTAT:MIGR_EMI1CTZ(1.0),01/07/26 23:00:00,A,AME_S,COMPLET,TOTAL,NR,T,ES,2010-01-01,109528.0,,
ESTAT:MIGR_EMI1CTZ(1.0),01/07/26 23:00:00,A,AN,COMPLET,TOTAL,NR,T,ES,2010-01-01,0.0,,
ESTAT:MIGR_EMI1CTZ(1.0),01/07/26 23:00:00,A,AR,COMPLET,TOTAL,NR,T,ES,2010-01-01,9888.0,,
ESTAT:MIGR_EMI1CTZ(1.0),01/07/26 23:00:00,A,ASI,COMPLET,TOTAL,NR,T,ES,2010-01-01,27798.0,,
ESTAT:MIGR_EMI1CTZ(1.0),01/07/26 23:00:00,A,ASI_C,COMPLET,TOTAL,NR,T,ES,2010-01-01,123.0,,
ESTAT:MIGR_EMI1CTZ(1.0),01/07/26 23:00:00,A,ASI_E,COMPLET,TOTAL,NR,T,ES,2010-01-01,11305.0,,
ESTAT:MIGR_EMI1CTZ(1.0),01/07/26 23:00:00,A,ASI_S,COMPLET,TOTAL,NR,T,ES,2010-01-01,12518.0,,
ESTAT:MIGR_EMI1CTZ(1.0),01/07/26 23:00:00,A,ASI_S_E,COMPLET,TOTAL,NR,T,ES,2010-01-01,1386.0,,
ESTAT:MIGR_EMI1CTZ(1.0),01/07/26 23:00:00,A,ASI_W,COMPLET,TOTAL,NR,T,ES,2010-01-01,2466.0,,
ESTAT:MIGR_EMI1CTZ(1.0),01/07/26 23:00:00,A,AU,COMPLET,TOTAL,NR,T,ES,2010-01-01,211.0,,
ESTAT:MIGR_EMI1CTZ(1.0),01/07/26 23:00:00,A,AU_NZ,COMPLET,TOTAL,NR,T,ES,2010-01-01,277.0,,
ESTAT:MIGR_EMI1CTZ(1.0),01/07/26 23:00:00,A,AW,COMPLET,TOTAL,NR,T,ES,2010-01-01,0.0,,
ESTAT:MIGR_EMI1CTZ(1.0),01/07/26 23:00:00,A,BD,COMPLET,TOTAL,NR,T,ES,2010-01-01,1071.0,,
ESTAT:MIGR_EMI1CTZ(1.0),01/07/26 23:00:00,A,BE,COMPLET,TOTAL,NR,T,ES,2010-01-01,1450.0,,
ESTAT:MIGR_EMI1CTZ(1.0),01/07/26 23:00:00,A,BG,COMPLET,TOTAL,NR,T,ES,2010-01-01,11377.0,,
ESTAT:MIGR_EMI1CTZ(1.0),01/07/26 23:00:00,A,BL,COMPLET,TOTAL,NR,T,ES,2010-01-01,0.0,,
ESTAT:MIGR_EMI1CTZ(1.0),01/07/26 23:00:00,A,BM,COMPLET,TOTAL,NR,T,ES,2010-01-01,0.0,,
ESTAT:MIGR_EMI1CTZ(1.0),01/07/26 23:00:00,A,BO,COMPLET,TOTAL,NR,T,ES,2010-01-01,19726.0,,
ESTAT:MIGR_EMI1CTZ(1.0),01/07/26 23:00:00,A,BR,COMPLET,TOTAL,NR,T,ES,2010-01-01,15584.0,,
ESTAT:MIGR_EMI1CTZ(1.0),01/07/26 23:00:00,A,CA,COMPLET,TOTAL,NR,T,ES,2010-01-01,327.0,,
ESTAT:MIGR_EMI1CTZ(1.0),01/07/26 23:00:00,A,CC4_10,COMPLET,TOTAL,NR,T,ES,2010-01-01,536.0,,
ESTAT:MIGR_EMI1CTZ(1.0),01/07/26 23:00:00,A,CH,COMPLET,TOTAL,NR,T,ES,2010-01-01,801.0,,
ESTAT:MIGR_EMI1CTZ(1.0),01/07/26 23:00:00,A,CL,COMPLET,TOTAL,NR,T,ES,2010-01-01,4538.0,,
ESTAT:MIGR_EMI1CTZ(1.0),01/07/26 23:00:00,A,CN,COMPLET,TOTAL,NR,T,ES,2010-01-01,10441.0,,
ESTAT:MIGR_EMI1CTZ(1.0),01/07/26 23:00:00,A,CO,COMPLET,TOTAL,NR,T,ES,2010-01-01,14635.0,,
ESTAT:MIGR_EMI1CTZ(1.0),01/07/26 23:00:00,A,CRB,COMPLET,TOTAL,NR,T,ES,2010-01-01,6151.0,,
ESTAT:MIGR_EMI1CTZ(1.0),01/07/26 23:00:00,A,CU,COMPLET,TOTAL,NR,T,ES,2010-01-01,2275.0,,
ESTAT:MIGR_EMI1CTZ(1.0),01/07/26 23:00:00,A,CZ_SK,COMPLET,TOTAL,NR,T,ES,2010-01-01,0.0,,
ESTAT:MIGR_EMI1CTZ(1.0),01/07/26 23:00:00,A,DE,COMPLET,TOTAL,NR,T,ES,2010-01-01,8930.0,,
ESTAT:MIGR_EMI1CTZ(1.0),01/07/26 23:00:00,A,DK,COMPLET,TOTAL,NR,T,ES,2010-01-01,526.0,,
ESTAT:MIGR_EMI1CTZ(1.0),01/07/26 23:00:00,A,DO,COMPLET,TOTAL,NR,T,ES,2010-01-01,3827.0,,
ESTAT:MIGR_EMI1CTZ(1.0),01/07/26 23:00:00,A,DZ,COMPLET,TOTAL,NR,T,ES,2010-01-01,4876.0,,
ESTAT:MIGR_EMI1CTZ(1.0),01/07/26 23:00:00,A,EC,COMPLET,TOTAL,NR,T,ES,2010-01-01,21113.0,,
ESTAT:MIGR_EMI1CTZ(1.0),01/07/26 23:00:00,A,EH,COMPLET,TOTAL,NR,T,ES,2010-01-01,0.0,,
ESTAT:MIGR_EMI1CTZ(1.0),01/07/26 23:00:00,A,ES,COMPLET,TOTAL,NR,T,ES,2010-01-01,40157.0,,
ESTAT:MIGR_EMI1CTZ(1.0),01/07/26 23:00:00,A,EU15,COMPLET,TOTAL,NR,T,ES,2010-01-01,103597.0,,
ESTAT:MIGR_EMI1CTZ(1.0),01/07/26 23:00:00,A,EU15_FOR,COMPLET,TOTAL,NR,T,ES,2010-01-01,63440.0,,
ESTAT:MIGR_EMI1CTZ(1.0),01/07/26 23:00:00,A,EU25,COMPLET,TOTAL,NR,T,ES,2010-01-01,114537.0,,
ESTAT:MIGR_EMI1CTZ(1.0),01/07/26 23:00:00,A,EU25_FOR,COMPLET,TOTAL,NR,T,ES,2010-01-01,74380.0,,
ESTAT:MIGR_EMI1CTZ(1.0),01/07/26 23:00:00,A,EU27_2007,COMPLET,TOTAL,NR,T,ES,2010-01-01,175708.0,,
ESTAT:MIGR_EMI1CTZ(1.0),01/07/26 23:00:00,A,EU27_2007_FOR,COMPLET,TOTAL,NR,T,ES,2010-01-01,135551.0,,
ESTAT:MIGR_EMI1CTZ(1.0),01/07/26 23:00:00,A,EUR,COMPLET,TOTAL,NR,T,ES,2010-01-01,186936.0,,
ESTAT:MIGR_EMI1CTZ(1.0),01/07/26 23:00:00,A,EX_SU,COMPLET,TOTAL,NR,T,ES,2010-01-01,0.0,,
ESTAT:MIGR_EMI1CTZ(1.0),01/07/26 23:00:00,A,EX_YU,COMPLET,TOTAL,NR,T,ES,2010-01-01,0.0,,
ESTAT:MIGR_EMI1CTZ(1.0),01/07/26 23:00:00,A,FI,COMPLET,TOTAL,NR,T,ES,2010-01-01,317.0,,
ESTAT:MIGR_EMI1CTZ(1.0),01/07/26 23:00:00,A,FJ,COMPLET,TOTAL,NR,T,ES,2010-01-01,3.0,,
ESTAT:MIGR_EMI1CTZ(1.0),01/07/26 23:00:00,A,FK,COMPLET,TOTAL,NR,T,ES,2010-01-01,0.0,,
ESTAT:MIGR_EMI1CTZ(1.0),01/07/26 23:00:00,A,FM,COMPLET,TOTAL,NR,T,ES,2010-01-01,2.0,,
ESTAT:MIGR_EMI1CTZ(1.0),01/07/26 23:00:00,A,FO,COMPLET,TOTAL,NR,T,ES,2010-01-01,0.0,,
ESTAT:MIGR_EMI1CTZ(1.0),01/07/26 23:00:00,A,FOR_STLS,COMPLET,TOTAL,NR,T,ES,2010-01-01,363220.0,,
ESTAT:MIGR_EMI1CTZ(1.0),01/07/26 23:00:00,A,FR,COMPLET,TOTAL,NR,T,ES,2010-01-01,10235.0,,
ESTAT:MIGR_EMI1CTZ(1.0),01/07/26 23:00:00,A,GG,COMPLET,TOTAL,NR,T,ES,2010-01-01,0.0,,
ESTAT:MIGR_EMI1CTZ(1.0),01/07/26 23:00:00,A,GH,COMPLET,TOTAL,NR,T,ES,2010-01-01,1614.0,,
ESTAT:MIGR_EMI1CTZ(1.0),01/07/26 23:00:00,A,GI,COMPLET,TOTAL,NR,T,ES,2010-01-01,0.0,,
ESTAT:MIGR_EMI1CTZ(1.0),01/07/26 23:00:00,A,GL,COMPLET,TOTAL,NR,T,ES,2010-01-01,0.0,,
ESTAT:MIGR_EMI1CTZ(1.0),01/07/26 23:00:00,A,GM,COMPLET,TOTAL,NR,T,ES,2010-01-01,1573.0,,
ESTAT:MIGR_EMI1CTZ(1.0),01/07/26 23:00:00,A,GN,COMPLET,TOTAL,NR,T,ES,2010-01-01,1210.0,,
ESTAT:MIGR_EMI1CTZ(1.0),01/07/26 23:00:00,A,GQ,COMPLET,TOTAL,NR,T,ES,2010-01-01,1862.0,,
ESTAT:MIGR_EMI1CTZ(1.0),01/07/26 23:00:00,A,GY,COMPLET,TOTAL,NR,T,ES,2010-01-01,1.0,,
ESTAT:MIGR_EMI1CTZ(1.0),01/07/26 23:00:00,A,HN,COMPLET,TOTAL,NR,T,ES,2010-01-01,1718.0,,
ESTAT:MIGR_EMI1CTZ(1.0),01/07/26 23:00:00,A,IE,COMPLET,TOTAL,NR,T,ES,2010-01-01,892.0,,
ESTAT:MIGR_EMI1CTZ(1.0),01/07/26 23:00:00,A,IM,COMPLET,TOTAL,NR,T,ES,2010-01-01,0.0,,
ESTAT:MIGR_EMI1CTZ(1.0),01/07/26 23:00:00,A,IN,COMPLET,TOTAL,NR,T,ES,2010-01-01,3014.0,,
ESTAT:MIGR_EMI1CTZ(1.0),01/07/26 23:00:00,A,IT,COMPLET,TOTAL,NR,T,ES,2010-01-01,11711.0,,
ESTAT:MIGR_EMI1CTZ(1.0),01/07/26 23:00:00,A,JE,COMPLET,TOTAL,NR,T,ES,2010-01-01,0.0,,
ESTAT:MIGR_EMI1CTZ(1.0),01/07/26 23:00:00,A,KI,COMPLET,TOTAL,NR,T,ES,2010-01-01,0.0,,
ESTAT:MIGR_EMI1CTZ(1.0),01/07/26 23:00:00,A,KY,COMPLET,TOTAL,NR,T,ES,2010-01-01,0.0,,
ESTAT:MIGR_EMI1CTZ(1.0),01/07/26 23:00:00,A,LT,COMPLET,TOTAL,NR,T,ES,2010-01-01,1538.0,,
ESTAT:MIGR_EMI1CTZ(1.0),01/07/26 23:00:00,A,MA,COMPLET,TOTAL,NR,T,ES,2010-01-01,37664.0,,
ESTAT:MIGR_EMI1CTZ(1.0),01/07/26 23:00:00,A,MD,COMPLET,TOTAL,NR,T,ES,2010-01-01,992.0,,
ESTAT:MIGR_EMI1CTZ(1.0),01/07/26 23:00:00,A,MEL,COMPLET,TOTAL,NR,T,ES,2010-01-01,3.0,,
ESTAT:MIGR_EMI1CTZ(1.0),01/07/26 23:00:00,A,MF,COMPLET,TOTAL,NR,T,ES,2010-01-01,0.0,,
ESTAT:MIGR_EMI1CTZ(1.0),01/07/26 23:00:00,A,MIC,COMPLET,TOTAL,NR,T,ES,2010-01-01,3.0,,
ESTAT:MIGR_EMI1CTZ(1.0),01/07/26 23:00:00,A,ML,COMPLET,TOTAL,NR,T,ES,2010-01-01,2278.0,,
ESTAT:MIGR_EMI1CTZ(1.0),01/07/26 23:00:00,A,MR,COMPLET,TOTAL,NR,T,ES,2010-01-01,1116.0,,
ESTAT:MIGR_EMI1CTZ(1.0),01/07/26 23:00:00,A,MS,COMPLET,TOTAL,NR,T,ES,2010-01-01,0.0,,
ESTAT:MIGR_EMI1CTZ(1.0),01/07/26 23:00:00,A,MX,COMPLET,TOTAL,NR,T,ES,2010-01-01,3006.0,,
ESTAT:MIGR_EMI1CTZ(1.0),01/07/26 23:00:00,A,NAT,COMPLET,TOTAL,NR,T,ES,2010-01-01,40157.0,,
ESTAT:MIGR_EMI1CTZ(1.0),01/07/26 23:00:00,A,NC,COMPLET,TOTAL,NR,T,ES,2010-01-01,0.0,,
ESTAT:MIGR_EMI1CTZ(1.0),01/07/26 23:00:00,A,NEU27_2007_FOR_STLS,COMPLET,TOTAL,NR,T,ES,2010-01-01,227669.0,,
ESTAT:MIGR_EMI1CTZ(1.0),01/07/26 23:00:00,A,NG,COMPLET,TOTAL,NR,T,ES,2010-01-01,3554.0,,
ESTAT:MIGR_EMI1CTZ(1.0),01/07/26 23:00:00,A,NI,COMPLET,TOTAL,NR,T,ES,2010-01-01,714.0,,
ESTAT:MIGR_EMI1CTZ(1.0),01/07/26 23:00:00,A,NL,COMPLET,TOTAL,NR,T,ES,2010-01-01,2964.0,,
ESTAT:MIGR_EMI1CTZ(1.0),01/07/26 23:00:00,A,NO,COMPLET,TOTAL,NR,T,ES,2010-01-01,562.0,,
ESTAT:MIGR_EMI1CTZ(1.0),01/07/26 23:00:00,A,NR,COMPLET,TOTAL,NR,T,ES,2010-01-01,0.0,,
ESTAT:MIGR_EMI1CTZ(1.0),01/07/26 23:00:00,A,NZ,COMPLET,TOTAL,NR,T,ES,2010-01-01,66.0,,
ESTAT:MIGR_EMI1CTZ(1.0),01/07/26 23:00:00,A,OCE,COMPLET,TOTAL,NR,T,ES,2010-01-01,284.0,,
ESTAT:MIGR_EMI1CTZ(1.0),01/07/26 23:00:00,A,OTH,COMPLET,TOTAL,NR,T,ES,2010-01-01,74.0,,
ESTAT:MIGR_EMI1CTZ(1.0),01/07/26 23:00:00,A,PE,COMPLET,TOTAL,NR,T,ES,2010-01-01,8382.0,,
ESTAT:MIGR_EMI1CTZ(1.0),01/07/26 23:00:00,A,PF,COMPLET,TOTAL,NR,T,ES,2010-01-01,0.0,,
ESTAT:MIGR_EMI1CTZ(1.0),01/07/26 23:00:00,A,PG,COMPLET,TOTAL,NR,T,ES,2010-01-01,0.0,,
ESTAT:MIGR_EMI1CTZ(1.0),01/07/26 23:00:00,A,PH,COMPLET,TOTAL,NR,T,ES,2010-01-01,1152.0,,
ESTAT:MIGR_EMI1CTZ(1.0),01/07/26 23:00:00,A,PK,COMPLET,TOTAL,NR,T,ES,2010-01-01,7922.0,,
ESTAT:MIGR_EMI1CTZ(1.0),01/07/26 23:00:00,A,PL,COMPLET,TOTAL,NR,T,ES,2010-01-01,6962.0,,
ESTAT:MIGR_EMI1CTZ(1.0),01/07/26 23:00:00,A,PM,COMPLET,TOTAL,NR,T,ES,2010-01-01,0.0,,
ESTAT:MIGR_EMI1CTZ(1.0),01/07/26 23:00:00,A,PN,COMPLET,TOTAL,NR,T,ES,2010-01-01,0.0,,
ESTAT:MIGR_EMI1CTZ(1.0),01/07/26 23:00:00,A,POL,COMPLET,TOTAL,NR,T,ES,2010-01-01,1.0,,
ESTAT:MIGR_EMI1CTZ(1.0),01/07/26 23:00:00,A,PS,COMPLET,TOTAL,NR,T,ES,2010-01-01,0.0,,
ESTAT:MIGR_EMI1CTZ(1.0),01/07/26 23:00:00,A,PT,COMPLET,TOTAL,NR,T,ES,2010-01-01,12590.0,,
ESTAT:MIGR_EMI1CTZ(1.0),01/07/26 23:00:00,A,PW,COMPLET,TOTAL,NR,T,ES,2010-01-01,0.0,,
ESTAT:MIGR_EMI1CTZ(1.0),01/07/26 23:00:00,A,PY,COMPLET,TOTAL,NR,T,ES,2010-01-01,8108.0,,
ESTAT:MIGR_EMI1CTZ(1.0),01/07/26 23:00:00,A,RNC,COMPLET,TOTAL,NR,T,ES,2010-01-01,0.0,,
ESTAT:MIGR_EMI1CTZ(1.0),01/07/26 23:00:00,A,RO,COMPLET,TOTAL,NR,T,ES,2010-01-01,49794.0,,
ESTAT:MIGR_EMI1CTZ(1.0),01/07/26 23:00:00,A,RS_ME,COMPLET,TOTAL,NR,T,ES,2010-01-01,0.0,,
ESTAT:MIGR_EMI1CTZ(1.0),01/07/26 23:00:00,A,RU,COMPLET,TOTAL,NR,T,ES,2010-01-01,3133.0,,
ESTAT:MIGR_EMI1CTZ(1.0),01/07/26 23:00:00,A,SB,COMPLET,TOTAL,NR,T,ES,2010-01-01,0.0,,
ESTAT:MIGR_EMI1CTZ(1.0),01/07/26 23:00:00,A,SE,COMPLET,TOTAL,NR,T,ES,2010-01-01,1176.0,,
ESTAT:MIGR_EMI1CTZ(1.0),01/07/26 23:00:00,A,SH,COMPLET,TOTAL,NR,T,ES,2010-01-01,0.0,,
ESTAT:MIGR_EMI1CTZ(1.0),01/07/26 23:00:00,A,SN,COMPLET,TOTAL,NR,T,ES,2010-01-01,3950.0,,
ESTAT:MIGR_EMI1CTZ(1.0),01/07/26 23:00:00,A,SR,COMPLET,TOTAL,NR,T,ES,2010-01-01,6.0,,
ESTAT:MIGR_EMI1CTZ(1.0),01/07/26 23:00:00,A,STLS,COMPLET,TOTAL,NR,T,ES,2010-01-01,42.0,,
ESTAT:MIGR_EMI1CTZ(1.0),01/07/26 23:00:00,A,TC,COMPLET,TOTAL,NR,T,ES,2010-01-01,0.0,,
ESTAT:MIGR_EMI1CTZ(1.0),01/07/26 23:00:00,A,TF,COMPLET,TOTAL,NR,T,ES,2010-01-01,0.0,,
ESTAT:MIGR_EMI1CTZ(1.0),01/07/26 23:00:00,A,TL,COMPLET,TOTAL,NR,T,ES,2010-01-01,0.0,,
ESTAT:MIGR_EMI1CTZ(1.0),01/07/26 23:00:00,A,TO,COMPLET,TOTAL,NR,T,ES,2010-01-01,1.0,,
ESTAT:MIGR_EMI1CTZ(1.0),01/07/26 23:00:00,A,TOTAL,COMPLET,TOTAL,NR,T,ES,2010-01-01,403377.0,,
ESTAT:MIGR_EMI1CTZ(1.0),01/07/26 23:00:00,A,TV,COMPLET,TOTAL,NR,T,ES,2010-01-01,0.0,,
ESTAT:MIGR_EMI1CTZ(1.0),01/07/26 23:00:00,A,TW,COMPLET,TOTAL,NR,T,ES,2010-01-01,0.0,,
ESTAT:MIGR_EMI1CTZ(1.0),01/07/26 23:00:00,A,UA,COMPLET,TOTAL,NR,T,ES,2010-01-01,4255.0,,
ESTAT:MIGR_EMI1CTZ(1.0),01/07/26 23:00:00,A,UK,COMPLET,TOTAL,NR,T,ES,2010-01-01,11518.0,,
ESTAT:MIGR_EMI1CTZ(1.0),01/07/26 23:00:00,A,UNK,COMPLET,TOTAL,NR,T,ES,2010-01-01,0.0,,
ESTAT:MIGR_EMI1CTZ(1.0),01/07/26 23:00:00,A,US,COMPLET,TOTAL,NR,T,ES,2010-01-01,2848.0,,
ESTAT:MIGR_EMI1CTZ(1.0),01/07/26 23:00:00,A,UY,COMPLET,TOTAL,NR,T,ES,2010-01-01,3415.0,,
ESTAT:MIGR_EMI1CTZ(1.0),01/07/26 23:00:00,A,VE,COMPLET,TOTAL,NR,T,ES,2010-01-01,4132.0,,
ESTAT:MIGR_EMI1CTZ(1.0),01/07/26 23:00:00,A,VG,COMPLET,TOTAL,NR,T,ES,2010-01-01,0.0,,
ESTAT:MIGR_EMI1CTZ(1.0),01/07/26 23:00:00,A,VU,COMPLET,TOTAL,NR,T,ES,2010-01-01,0.0,,
ESTAT:MIGR_EMI1CTZ(1.0),01/07/26 23:00:00,A,WF,COMPLET,TOTAL,NR,T,ES,2010-01-01,0.0,,
ESTAT:MIGR_EMI1CTZ(1.0),01/07/26 23:00:00,A,WS,COMPLET,TOTAL,NR,T,ES,2010-01-01,0.0,,
ESTAT:MIGR_EMI1CTZ(1.0),01/07/26 23:00:00,A,XK,COMPLET,TOTAL,NR,T,ES,2010-01-01,0.0,,
ESTAT:MIGR_EMI1CTZ(1.0),01/07/26 23:00:00,A,YT,COMPLET,TOTAL,NR,T,ES,2010-01-01,0.0,,
ESTAT:MIGR_EMI1CTZ(1.0),01/07/26 23:00:00,A,AFR,COMPLET,TOTAL,NR,T,ES,2011-01-01,71712.0,,
ESTAT:MIGR_EMI1CTZ(1.0),01/07/26 23:00:00,A,AFR_C,COMPLET,TOTAL,NR,T,ES,2011-01-01,3167.0,,
ESTAT:MIGR_EMI1CTZ(1.0),01/07/26 23:00:00,A,AFR_E,COMPLET,TOTAL,NR,T,ES,2011-01-01,305.0,,
ESTAT:MIGR_EMI1CTZ(1.0),01/07/26 23:00:00,A,AFR_N,COMPLET,TOTAL,NR,T,ES,2011-01-01,48633.0,,
ESTAT:MIGR_EMI1CTZ(1.0),01/07/26 23:00:00,A,AFR_S,COMPLET,TOTAL,NR,T,ES,2011-01-01,73.0,,
ESTAT:MIGR_EMI1CTZ(1.0),01/07/26 23:00:00,A,AFR_W,COMPLET,TOTAL,NR,T,ES,2011-01-01,19534.0,,
ESTAT:MIGR_EMI1CTZ(1.0),01/07/26 23:00:00,A,AI,COMPLET,TOTAL,NR,T,ES,2011-01-01,0.0,,
ESTAT:MIGR_EMI1CTZ(1.0),01/07/26 23:00:00,A,AME,COMPLET,TOTAL,NR,T,ES,2011-01-01,127656.0,,
ESTAT:MIGR_EMI1CTZ(1.0),01/07/26 23:00:00,A,AME_C,COMPLET,TOTAL,NR,T,ES,2011-01-01,7413.0,,
ESTAT:MIGR_EMI1CTZ(1.0),01/07/26 23:00:00,A,AME_N,COMPLET,TOTAL,NR,T,ES,2011-01-01,3702.0,,
ESTAT:MIGR_EMI1CTZ(1.0),01/07/26 23:00:00,A,AME_S,COMPLET,TOTAL,NR,T,ES,2011-01-01,109875.0,,
ESTAT:MIGR_EMI1CTZ(1.0),01/07/26 23:00:00,A,AN,COMPLET,TOTAL,NR,T,ES,2011-01-01,0.0,,
ESTAT:MIGR_EMI1CTZ(1.0),01/07/26 23:00:00,A,AR,COMPLET,TOTAL,NR,T,ES,2011-01-01,9046.0,,
ESTAT:MIGR_EMI1CTZ(1.0),01/07/26 23:00:00,A,ASI,COMPLET,TOTAL,NR,T,ES,2011-01-01,36148.0,,
ESTAT:MIGR_EMI1CTZ(1.0),01/07/26 23:00:00,A,ASI_C,COMPLET,TOTAL,NR,T,ES,2011-01-01,158.0,,
ESTAT:MIGR_EMI1CTZ(1.0),01/07/26 23:00:00,A,ASI_E,COMPLET,TOTAL,NR,T,ES,2011-01-01,14353.0,,
ESTAT:MIGR_EMI1CTZ(1.0),01/07/26 23:00:00,A,ASI_S,COMPLET,TOTAL,NR,T,ES,2011-01-01,17331.0,,
ESTAT:MIGR_EMI1CTZ(1.0),01/07/26 23:00:00,A,ASI_S_E,COMPLET,TOTAL,NR,T,ES,2011-01-01,1703.0,,
ESTAT:MIGR_EMI1CTZ(1.0),01/07/26 23:00:00,A,ASI_W,COMPLET,TOTAL,NR,T,ES,2011-01-01,2603.0,,
ESTAT:MIGR_EMI1CTZ(1.0),01/07/26 23:00:00,A,AU,COMPLET,TOTAL,NR,T,ES,2011-01-01,213.0,,
ESTAT:MIGR_EMI1CTZ(1.0),01/07/26 23:00:00,A,AU_NZ,COMPLET,TOTAL,NR,T,ES,2011-01-01,293.0,,
ESTAT:MIGR_EMI1CTZ(1.0),01/07/26 23:00:00,A,AW,COMPLET,TOTAL,NR,T,ES,2011-01-01,0.0,,
ESTAT:MIGR_EMI1CTZ(1.0),01/07/26 23:00:00,A,BD,COMPLET,TOTAL,NR,T,ES,2011-01-01,1652.0,,
ESTAT:MIGR_EMI1CTZ(1.0),01/07/26 23:00:00,A,BE,COMPLET,TOTAL,NR,T,ES,2011-01-01,1221.0,,
ESTAT:MIGR_EMI1CTZ(1.0),01/07/26 23:00:00,A,BG,COMPLET,TOTAL,NR,T,ES,2011-01-01,8546.0,,
ESTAT:MIGR_EMI1CTZ(1.0),01/07/26 23:00:00,A,BL,COMPLET,TOTAL,NR,T,ES,2011-01-01,0.0,,
ESTAT:MIGR_EMI1CTZ(1.0),01/07/26 23:00:00,A,BM,COMPLET,TOTAL,NR,T,ES,2011-01-01,0.0,,
ESTAT:MIGR_EMI1CTZ(1.0),01/07/26 23:00:00,A,BO,COMPLET,TOTAL,NR,T,ES,2011-01-01,18507.0,,
ESTAT:MIGR_EMI1CTZ(1.0),01/07/26 23:00:00,A,BR,COMPLET,TOTAL,NR,T,ES,2011-01-01,14568.0,,
ESTAT:MIGR_EMI1CTZ(1.0),01/07/26 23:00:00,A,CA,COMPLET,TOTAL,NR,T,ES,2011-01-01,389.0,,
ESTAT:MIGR_EMI1CTZ(1.0),01/07/26 23:00:00,A,CC4_10,COMPLET,TOTAL,NR,T,ES,2011-01-01,670.0,,
ESTAT:MIGR_EMI1CTZ(1.0),01/07/26 23:00:00,A,CH,COMPLET,TOTAL,NR,T,ES,2011-01-01,615.0,,
ESTAT:MIGR_EMI1CTZ(1.0),01/07/26 23:00:00,A,CL,COMPLET,TOTAL,NR,T,ES,2011-01-01,4412.0,,
ESTAT:MIGR_EMI1CTZ(1.0),01/07/26 23:00:00,A,CN,COMPLET,TOTAL,NR,T,ES,2011-01-01,13368.0,,
ESTAT:MIGR_EMI1CTZ(1.0),01/07/26 23:00:00,A,CO,COMPLET,TOTAL,NR,T,ES,2011-01-01,15788.0,,
ESTAT:MIGR_EMI1CTZ(1.0),01/07/26 23:00:00,A,CRB,COMPLET,TOTAL,NR,T,ES,2011-01-01,6666.0,,
ESTAT:MIGR_EMI1CTZ(1.0),01/07/26 23:00:00,A,CU,COMPLET,TOTAL,NR,T,ES,2011-01-01,2088.0,,
ESTAT:MIGR_EMI1CTZ(1.0),01/07/26 23:00:00,A,CZ_SK,COMPLET,TOTAL,NR,T,ES,2011-01-01,0.0,,
ESTAT:MIGR_EMI1CTZ(1.0),01/07/26 23:00:00,A,DE,COMPLET,TOTAL,NR,T,ES,2011-01-01,6998.0,,
ESTAT:MIGR_EMI1CTZ(1.0),01/07/26 23:00:00,A,DK,COMPLET,TOTAL,NR,T,ES,2011-01-01,384.0,,
ESTAT:MIGR_EMI1CTZ(1.0),01/07/26 23:00:00,A,DO,COMPLET,TOTAL,NR,T,ES,2011-01-01,4496.0,,
ESTAT:MIGR_EMI1CTZ(1.0),01/07/26 23:00:00,A,DZ,COMPLET,TOTAL,NR,T,ES,2011-01-01,5715.0,,
ESTAT:MIGR_EMI1CTZ(1.0),01/07/26 23:00:00,A,EC,COMPLET,TOTAL,NR,T,ES,2011-01-01,21097.0,,
ESTAT:MIGR_EMI1CTZ(1.0),01/07/26 23:00:00,A,EH,COMPLET,TOTAL,NR,T,ES,2011-01-01,0.0,,
ESTAT:MIGR_EMI1CTZ(1.0),01/07/26 23:00:00,A,ES,COMPLET,TOTAL,NR,T,ES,2011-01-01,55473.0,,
ESTAT:MIGR_EMI1CTZ(1.0),01/07/26 23:00:00,A,EU15,COMPLET,TOTAL,NR,T,ES,2011-01-01,102984.0,,
ESTAT:MIGR_EMI1CTZ(1.0),01/07/26 23:00:00,A,EU15_FOR,COMPLET,TOTAL,NR,T,ES,2011-01-01,47511.0,,
ESTAT:MIGR_EMI1CTZ(1.0),01/07/26 23:00:00,A,EU25,COMPLET,TOTAL,NR,T,ES,2011-01-01,111180.0,,
ESTAT:MIGR_EMI1CTZ(1.0),01/07/26 23:00:00,A,EU25_FOR,COMPLET,TOTAL,NR,T,ES,2011-01-01,55707.0,,
ESTAT:MIGR_EMI1CTZ(1.0),01/07/26 23:00:00,A,EU27_2007,COMPLET,TOTAL,NR,T,ES,2011-01-01,162226.0,,
ESTAT:MIGR_EMI1CTZ(1.0),01/07/26 23:00:00,A,EU27_2007_FOR,COMPLET,TOTAL,NR,T,ES,2011-01-01,106753.0,,
ESTAT:MIGR_EMI1CTZ(1.0),01/07/26 23:00:00,A,EUR,COMPLET,TOTAL,NR,T,ES,2011-01-01,173055.0,,
ESTAT:MIGR_EMI1CTZ(1.0),01/07/26 23:00:00,A,EX_SU,COMPLET,TOTAL,NR,T,ES,2011-01-01,0.0,,
ESTAT:MIGR_EMI1CTZ(1.0),01/07/26 23:00:00,A,EX_YU,COMPLET,TOTAL,NR,T,ES,2011-01-01,0.0,,
ESTAT:MIGR_EMI1CTZ(1.0),01/07/26 23:00:00,A,FI,COMPLET,TOTAL,NR,T,ES,2011-01-01,269.0,,
ESTAT:MIGR_EMI1CTZ(1.0),01/07/26 23:00:00,A,FJ,COMPLET,TOTAL,NR,T,ES,2011-01-01,0.0,,
ESTAT:MIGR_EMI1CTZ(1.0),01/07/26 23:00:00,A,FK,COMPLET,TOTAL,NR,T,ES,2011-01-01,0.0,,
ESTAT:MIGR_EMI1CTZ(1.0),01/07/26 23:00:00,A,FM,COMPLET,TOTAL,NR,T,ES,2011-01-01,1.0,,
ESTAT:MIGR_EMI1CTZ(1.0),01/07/26 23:00:00,A,FO,COMPLET,TOTAL,NR,T,ES,2011-01-01,0.0,,
ESTAT:MIGR_EMI1CTZ(1.0),01/07/26 23:00:00,A,FOR_STLS,COMPLET,TOTAL,NR,T,ES,2011-01-01,353561.0,,
ESTAT:MIGR_EMI1CTZ(1.0),01/07/26 23:00:00,A,FR,COMPLET,TOTAL,NR,T,ES,2011-01-01,6809.0,,
ESTAT:MIGR_EMI1CTZ(1.0),01/07/26 23:00:00,A,GG,COMPLET,TOTAL,NR,T,ES,2011-01-01,0.0,,
ESTAT:MIGR_EMI1CTZ(1.0),01/07/26 23:00:00,A,GH,COMPLET,TOTAL,NR,T,ES,2011-01-01,2106.0,,
ESTAT:MIGR_EMI1CTZ(1.0),01/07/26 23:00:00,A,GI,COMPLET,TOTAL,NR,T,ES,2011-01-01,0.0,,
ESTAT:MIGR_EMI1CTZ(1.0),01/07/26 23:00:00,A,GL,COMPLET,TOTAL,NR,T,ES,2011-01-01,0.0,,
ESTAT:MIGR_EMI1CTZ(1.0),01/07/26 23:00:00,A,GM,COMPLET,TOTAL,NR,T,ES,2011-01-01,1846.0,,
ESTAT:MIGR_EMI1CTZ(1.0),01/07/26 23:00:00,A,GN,COMPLET,TOTAL,NR,T,ES,2011-01-01,1511.0,,
ESTAT:MIGR_EMI1CTZ(1.0),01/07/26 23:00:00,A,GQ,COMPLET,TOTAL,NR,T,ES,2011-01-01,1908.0,,
ESTAT:MIGR_EMI1CTZ(1.0),01/07/26 23:00:00,A,GY,COMPLET,TOTAL,NR,T,ES,2011-01-01,3.0,,
ESTAT:MIGR_EMI1CTZ(1.0),01/07/26 23:00:00,A,HN,COMPLET,TOTAL,NR,T,ES,2011-01-01,1897.0,,
ESTAT:MIGR_EMI1CTZ(1.0),01/07/26 23:00:00,A,IE,COMPLET,TOTAL,NR,T,ES,2011-01-01,615.0,,
ESTAT:MIGR_EMI1CTZ(1.0),01/07/26 23:00:00,A,IM,COMPLET,TOTAL,NR,T,ES,2011-01-01,0.0,,
ESTAT:MIGR_EMI1CTZ(1.0),01/07/26 23:00:00,A,IN,COMPLET,TOTAL,NR,T,ES,2011-01-01,3650.0,,
ESTAT:MIGR_EMI1CTZ(1.0),01/07/26 23:00:00,A,IT,COMPLET,TOTAL,NR,T,ES,2011-01-01,8841.0,,
ESTAT:MIGR_EMI1CTZ(1.0),01/07/26 23:00:00,A,JE,COMPLET,TOTAL,NR,T,ES,2011-01-01,0.0,,
ESTAT:MIGR_EMI1CTZ(1.0),01/07/26 23:00:00,A,KI,COMPLET,TOTAL,NR,T,ES,2011-01-01,0.0,,
ESTAT:MIGR_EMI1CTZ(1.0),01/07/26 23:00:00,A,KY,COMPLET,TOTAL,NR,T,ES,2011-01-01,0.0,,
ESTAT:MIGR_EMI1CTZ(1.0),01/07/26 23:00:00,A,LT,COMPLET,TOTAL,NR,T,ES,2011-01-01,1268.0,,
ESTAT:MIGR_EMI1CTZ(1.0),01/07/26 23:00:00,A,MA,COMPLET,TOTAL,NR,T,ES,2011-01-01,42234.0,,
ESTAT:MIGR_EMI1CTZ(1.0),01/07/26 23:00:00,A,MD,COMPLET,TOTAL,NR,T,ES,2011-01-01,985.0,,
ESTAT:MIGR_EMI1CTZ(1.0),01/07/26 23:00:00,A,MEL,COMPLET,TOTAL,NR,T,ES,2011-01-01,2.0,,
ESTAT:MIGR_EMI1CTZ(1.0),01/07/26 23:00:00,A,MF,COMPLET,TOTAL,NR,T,ES,2011-01-01,0.0,,
ESTAT:MIGR_EMI1CTZ(1.0),01/07/26 23:00:00,A,MIC,COMPLET,TOTAL,NR,T,ES,2011-01-01,7.0,,
ESTAT:MIGR_EMI1CTZ(1.0),01/07/26 23:00:00,A,ML,COMPLET,TOTAL,NR,T,ES,2011-01-01,2994.0,,
ESTAT:MIGR_EMI1CTZ(1.0),01/07/26 23:00:00,A,MR,COMPLET,TOTAL,NR,T,ES,2011-01-01,1307.0,,
ESTAT:MIGR_EMI1CTZ(1.0),01/07/26 23:00:00,A,MS,COMPLET,TOTAL,NR,T,ES,2011-01-01,0.0,,
ESTAT:MIGR_EMI1CTZ(1.0),01/07/26 23:00:00,A,MX,COMPLET,TOTAL,NR,T,ES,2011-01-01,3178.0,,
ESTAT:MIGR_EMI1CTZ(1.0),01/07/26 23:00:00,A,NAT,COMPLET,TOTAL,NR,T,ES,2011-01-01,55473.0,,
ESTAT:MIGR_EMI1CTZ(1.0),01/07/26 23:00:00,A,NC,COMPLET,TOTAL,NR,T,ES,2011-01-01,0.0,,
ESTAT:MIGR_EMI1CTZ(1.0),01/07/26 23:00:00,A,NEU27_2007_FOR_STLS,COMPLET,TOTAL,NR,T,ES,2011-01-01,246808.0,,
ESTAT:MIGR_EMI1CTZ(1.0),01/07/26 23:00:00,A,NG,COMPLET,TOTAL,NR,T,ES,2011-01-01,3943.0,,
ESTAT:MIGR_EMI1CTZ(1.0),01/07/26 23:00:00,A,NI,COMPLET,TOTAL,NR,T,ES,2011-01-01,932.0,,
ESTAT:MIGR_EMI1CTZ(1.0),01/07/26 23:00:00,A,NL,COMPLET,TOTAL,NR,T,ES,2011-01-01,2415.0,,
ESTAT:MIGR_EMI1CTZ(1.0),01/07/26 23:00:00,A,NO,COMPLET,TOTAL,NR,T,ES,2011-01-01,424.0,,
ESTAT:MIGR_EMI1CTZ(1.0),01/07/26 23:00:00,A,NR,COMPLET,TOTAL,NR,T,ES,2011-01-01,6.0,,
ESTAT:MIGR_EMI1CTZ(1.0),01/07/26 23:00:00,A,NZ,COMPLET,TOTAL,NR,T,ES,2011-01-01,80.0,,
ESTAT:MIGR_EMI1CTZ(1.0),01/07/26 23:00:00,A,OCE,COMPLET,TOTAL,NR,T,ES,2011-01-01,306.0,,
ESTAT:MIGR_EMI1CTZ(1.0),01/07/26 23:00:00,A,OTH,COMPLET,TOTAL,NR,T,ES,2011-01-01,112.0,,
ESTAT:MIGR_EMI1CTZ(1.0),01/07/26 23:00:00,A,PE,COMPLET,TOTAL,NR,T,ES,2011-01-01,9075.0,,
ESTAT:MIGR_EMI1CTZ(1.0),01/07/26 23:00:00,A,PF,COMPLET,TOTAL,NR,T,ES,2011-01-01,0.0,,
ESTAT:MIGR_EMI1CTZ(1.0),01/07/26 23:00:00,A,PG,COMPLET,TOTAL,NR,T,ES,2011-01-01,2.0,,
ESTAT:MIGR_EMI1CTZ(1.0),01/07/26 23:00:00,A,PH,COMPLET,TOTAL,NR,T,ES,2011-01-01,1426.0,,
ESTAT:MIGR_EMI1CTZ(1.0),01/07/26 23:00:00,A,PK,COMPLET,TOTAL,NR,T,ES,2011-01-01,11307.0,,
ESTAT:MIGR_EMI1CTZ(1.0),01/07/26 23:00:00,A,PL,COMPLET,TOTAL,NR,T,ES,2011-01-01,5092.0,,
ESTAT:MIGR_EMI1CTZ(1.0),01/07/26 23:00:00,A,PM,COMPLET,TOTAL,NR,T,ES,2011-01-01,0.0,,
ESTAT:MIGR_EMI1CTZ(1.0),01/07/26 23:00:00,A,PN,COMPLET,TOTAL,NR,T,ES,2011-01-01,0.0,,
ESTAT:MIGR_EMI1CTZ(1.0),01/07/26 23:00:00,A,POL,COMPLET,TOTAL,NR,T,ES,2011-01-01,4.0,,
ESTAT:MIGR_EMI1CTZ(1.0),01/07/26 23:00:00,A,PS,COMPLET,TOTAL,NR,T,ES,2011-01-01,0.0,,
ESTAT:MIGR_EMI1CTZ(1.0),01/07/26 23:00:00,A,PT,COMPLET,TOTAL,NR,T,ES,2011-01-01,9488.0,,
ESTAT:MIGR_EMI1CTZ(1.0),01/07/26 23:00:00,A,PW,COMPLET,TOTAL,NR,T,ES,2011-01-01,0.0,,
ESTAT:MIGR_EMI1CTZ(1.0),01/07/26 23:00:00,A,PY,COMPLET,TOTAL,NR,T,ES,2011-01-01,10169.0,,
ESTAT:MIGR_EMI1CTZ(1.0),01/07/26 23:00:00,A,RNC,COMPLET,TOTAL,NR,T,ES,2011-01-01,0.0,,
ESTAT:MIGR_EMI1CTZ(1.0),01/07/26 23:00:00,A,RO,COMPLET,TOTAL,NR,T,ES,2011-01-01,42500.0,,
ESTAT:MIGR_EMI1CTZ(1.0),01/07/26 23:00:00,A,RS_ME,COMPLET,TOTAL,NR,T,ES,2011-01-01,0.0,,
ESTAT:MIGR_EMI1CTZ(1.0),01/07/26 23:00:00,A,RU,COMPLET,TOTAL,NR,T,ES,2011-01-01,3128.0,,
ESTAT:MIGR_EMI1CTZ(1.0),01/07/26 23:00:00,A,SB,COMPLET,TOTAL,NR,T,ES,2011-01-01,0.0,,
ESTAT:MIGR_EMI1CTZ(1.0),01/07/26 23:00:00,A,SE,COMPLET,TOTAL,NR,T,ES,2011-01-01,763.0,,
ESTAT:MIGR_EMI1CTZ(1.0),01/07/26 23:00:00,A,SH,COMPLET,TOTAL,NR,T,ES,2011-01-01,0.0,,
ESTAT:MIGR_EMI1CTZ(1.0),01/07/26 23:00:00,A,SN,COMPLET,TOTAL,NR,T,ES,2011-01-01,4547.0,,
ESTAT:MIGR_EMI1CTZ(1.0),01/07/26 23:00:00,A,SR,COMPLET,TOTAL,NR,T,ES,2011-01-01,4.0,,
ESTAT:MIGR_EMI1CTZ(1.0),01/07/26 23:00:00,A,STLS,COMPLET,TOTAL,NR,T,ES,2011-01-01,45.0,,
ESTAT:MIGR_EMI1CTZ(1.0),01/07/26 23:00:00,A,TC,COMPLET,TOTAL,NR,T,ES,2011-01-01,0.0,,
ESTAT:MIGR_EMI1CTZ(1.0),01/07/26 23:00:00,A,TF,COMPLET,TOTAL,NR,T,ES,2011-01-01,0.0,,
ESTAT:MIGR_EMI1CTZ(1.0),01/07/26 23:00:00,A,TL,COMPLET,TOTAL,NR,T,ES,2011-01-01,0.0,,
ESTAT:MIGR_EMI1CTZ(1.0),01/07/26 23:00:00,A,TO,COMPLET,TOTAL,NR,T,ES,2011-01-01,0.0,,
ESTAT:MIGR_EMI1CTZ(1.0),01/07/26 23:00:00,A,TOTAL,COMPLET,TOTAL,NR,T,ES,2011-01-01,409034.0,,
ESTAT:MIGR_EMI1CTZ(1.0),01/07/26 23:00:00,A,TV,COMPLET,TOTAL,NR,T,ES,2011-01-01,4.0,,
ESTAT:MIGR_EMI1CTZ(1.0),01/07/26 23:00:00,A,TW,COMPLET,TOTAL,NR,T,ES,2011-01-01,0.0,,
ESTAT:MIGR_EMI1CTZ(1.0),01/07/26 23:00:00,A,UA,COMPLET,TOTAL,NR,T,ES,2011-01-01,4168.0,,
ESTAT:MIGR_EMI1CTZ(1.0),01/07/26 23:00:00,A,UK,COMPLET,TOTAL,NR,T,ES,2011-01-01,8842.0,,
ESTAT:MIGR_EMI1CTZ(1.0),01/07/26 23:00:00,A,UNK,COMPLET,TOTAL,NR,T,ES,2011-01-01,0.0,,
ESTAT:MIGR_EMI1CTZ(1.0),01/07/26 23:00:00,A,US,COMPLET,TOTAL,NR,T,ES,2011-01-01,3313.0,,
ESTAT:MIGR_EMI1CTZ(1.0),01/07/26 23:00:00,A,UY,COMPLET,TOTAL,NR,T,ES,2011-01-01,3025.0,,
ESTAT:MIGR_EMI1CTZ(1.0),01/07/26 23:00:00,A,VE,COMPLET,TOTAL,NR,T,ES,2011-01-01,4181.0,,
ESTAT:MIGR_EMI1CTZ(1.0),01/07/26 23:00:00,A,VG,COMPLET,TOTAL,NR,T,ES,2011-01-01,0.0,,
ESTAT:MIGR_EMI1CTZ(1.0),01/07/26 23:00:00,A,VU,COMPLET,TOTAL,NR,T,ES,2011-01-01,0.0,,
ESTAT:MIGR_EMI1CTZ(1.0),01/07/26 23:00:00,A,WF,COMPLET,TOTAL,NR,T,ES,2011-01-01,0.0,,
ESTAT:MIGR_EMI1CTZ(1.0),01/07/26 23:00:00,A,WS,COMPLET,TOTAL,NR,T,ES,2011-01-01,0.0,,
ESTAT:MIGR_EMI1CTZ(1.0),01/07/26 23:00:00,A,XK,COMPLET,TOTAL,NR,T,ES,2011-01-01,0.0,,
ESTAT:MIGR_EMI1CTZ(1.0),01/07/26 23:00:00,A,YT,COMPLET,TOTAL,NR,T,ES,2011-01-01,0.0,,
ESTAT:MIGR_EMI1CTZ(1.0),01/07/26 23:00:00,A,AFR,COMPLET,TOTAL,NR,T,ES,2012-01-01,72923.0,,
ESTAT:MIGR_EMI1CTZ(1.0),01/07/26 23:00:00,A,AFR_C,COMPLET,TOTAL,NR,T,ES,2012-01-01,2575.0,,
ESTAT:MIGR_EMI1CTZ(1.0),01/07/26 23:00:00,A,AFR_E,COMPLET,TOTAL,NR,T,ES,2012-01-01,161.0,,
ESTAT:MIGR_EMI1CTZ(1.0),01/07/26 23:00:00,A,AFR_N,COMPLET,TOTAL,NR,T,ES,2012-01-01,50860.0,,
ESTAT:MIGR_EMI1CTZ(1.0),01/07/26 23:00:00,A,AFR_S,COMPLET,TOTAL,NR,T,ES,2012-01-01,47.0,,
ESTAT:MIGR_EMI1CTZ(1.0),01/07/26 23:00:00,A,AFR_W,COMPLET,TOTAL,NR,T,ES,2012-01-01,19280.0,,
ESTAT:MIGR_EMI1CTZ(1.0),01/07/26 23:00:00,A,AI,COMPLET,TOTAL,NR,T,ES,2012-01-01,0.0,,
ESTAT:MIGR_EMI1CTZ(1.0),01/07/26 23:00:00,A,AME,COMPLET,TOTAL,NR,T,ES,2012-01-01,131840.0,,
ESTAT:MIGR_EMI1CTZ(1.0),01/07/26 23:00:00,A,AME_C,COMPLET,TOTAL,NR,T,ES,2012-01-01,8503.0,,
ESTAT:MIGR_EMI1CTZ(1.0),01/07/26 23:00:00,A,AME_N,COMPLET,TOTAL,NR,T,ES,2012-01-01,2978.0,,
ESTAT:MIGR_EMI1CTZ(1.0),01/07/26 23:00:00,A,AME_S,COMPLET,TOTAL,NR,T,ES,2012-01-01,112576.0,,
ESTAT:MIGR_EMI1CTZ(1.0),01/07/26 23:00:00,A,AN,COMPLET,TOTAL,NR,T,ES,2012-01-01,0.0,,
ESTAT:MIGR_EMI1CTZ(1.0),01/07/26 23:00:00,A,AR,COMPLET,TOTAL,NR,T,ES,2012-01-01,8099.0,,
ESTAT:MIGR_EMI1CTZ(1.0),01/07/26 23:00:00,A,ASI,COMPLET,TOTAL,NR,T,ES,2012-01-01,38192.0,,
ESTAT:MIGR_EMI1CTZ(1.0),01/07/26 23:00:00,A,ASI_C,COMPLET,TOTAL,NR,T,ES,2012-01-01,115.0,,
ESTAT:MIGR_EMI1CTZ(1.0),01/07/26 23:00:00,A,ASI_E,COMPLET,TOTAL,NR,T,ES,2012-01-01,15031.0,,
ESTAT:MIGR_EMI1CTZ(1.0),01/07/26 23:00:00,A,ASI_S,COMPLET,TOTAL,NR,T,ES,2012-01-01,19095.0,,
ESTAT:MIGR_EMI1CTZ(1.0),01/07/26 23:00:00,A,ASI_S_E,COMPLET,TOTAL,NR,T,ES,2012-01-01,1693.0,,
ESTAT:MIGR_EMI1CTZ(1.0),01/07/26 23:00:00,A,ASI_W,COMPLET,TOTAL,NR,T,ES,2012-01-01,2258.0,,
ESTAT:MIGR_EMI1CTZ(1.0),01/07/26 23:00:00,A,AU,COMPLET,TOTAL,NR,T,ES,2012-01-01,174.0,,
ESTAT:MIGR_EMI1CTZ(1.0),01/07/26 23:00:00,A,AU_NZ,COMPLET,TOTAL,NR,T,ES,2012-01-01,214.0,,
ESTAT:MIGR_EMI1CTZ(1.0),01/07/26 23:00:00,A,AW,COMPLET,TOTAL,NR,T,ES,2012-01-01,0.0,,
ESTAT:MIGR_EMI1CTZ(1.0),01/07/26 23:00:00,A,BD,COMPLET,TOTAL,NR,T,ES,2012-01-01,2050.0,,
ESTAT:MIGR_EMI1CTZ(1.0),01/07/26 23:00:00,A,BE,COMPLET,TOTAL,NR,T,ES,2012-01-01,868.0,,
ESTAT:MIGR_EMI1CTZ(1.0),01/07/26 23:00:00,A,BG,COMPLET,TOTAL,NR,T,ES,2012-01-01,11306.0,,
ESTAT:MIGR_EMI1CTZ(1.0),01/07/26 23:00:00,A,BL,COMPLET,TOTAL,NR,T,ES,2012-01-01,0.0,,
ESTAT:MIGR_EMI1CTZ(1.0),01/07/26 23:00:00,A,BM,COMPLET,TOTAL,NR,T,ES,2012-01-01,0.0,,
ESTAT:MIGR_EMI1CTZ(1.0),01/07/26 23:00:00,A,BO,COMPLET,TOTAL,NR,T,ES,2012-01-01,19029.0,,
ESTAT:MIGR_EMI1CTZ(1.0),01/07/26 23:00:00,A,BR,COMPLET,TOTAL,NR,T,ES,2012-01-01,13800.0,,
ESTAT:MIGR_EMI1CTZ(1.0),01/07/26 23:00:00,A,CA,COMPLET,TOTAL,NR,T,ES,2012-01-01,259.0,,
ESTAT:MIGR_EMI1CTZ(1.0),01/07/26 23:00:00,A,CC4_10,COMPLET,TOTAL,NR,T,ES,2012-01-01,478.0,,
ESTAT:MIGR_EMI1CTZ(1.0),01/07/26 23:00:00,A,CH,COMPLET,TOTAL,NR,T,ES,2012-01-01,636.0,,
ESTAT:MIGR_EMI1CTZ(1.0),01/07/26 23:00:00,A,CL,COMPLET,TOTAL,NR,T,ES,2012-01-01,4510.0,,
ESTAT:MIGR_EMI1CTZ(1.0),01/07/26 23:00:00,A,CN,COMPLET,TOTAL,NR,T,ES,2012-01-01,14096.0,,
ESTAT:MIGR_EMI1CTZ(1.0),01/07/26 23:00:00,A,CO,COMPLET,TOTAL,NR,T,ES,2012-01-01,16763.0,,
ESTAT:MIGR_EMI1CTZ(1.0),01/07/26 23:00:00,A,CRB,COMPLET,TOTAL,NR,T,ES,2012-01-01,7783.0,,
ESTAT:MIGR_EMI1CTZ(1.0),01/07/26 23:00:00,A,CU,COMPLET,TOTAL,NR,T,ES,2012-01-01,2425.0,,
ESTAT:MIGR_EMI1CTZ(1.0),01/07/26 23:00:00,A,CZ_SK,COMPLET,TOTAL,NR,T,ES,2012-01-01,0.0,,
ESTAT:MIGR_EMI1CTZ(1.0),01/07/26 23:00:00,A,DE,COMPLET,TOTAL,NR,T,ES,2012-01-01,7289.0,,
ESTAT:MIGR_EMI1CTZ(1.0),01/07/26 23:00:00,A,DK,COMPLET,TOTAL,NR,T,ES,2012-01-01,480.0,,
ESTAT:MIGR_EMI1CTZ(1.0),01/07/26 23:00:00,A,DO,COMPLET,TOTAL,NR,T,ES,2012-01-01,5307.0,,
ESTAT:MIGR_EMI1CTZ(1.0),01/07/26 23:00:00,A,DZ,COMPLET,TOTAL,NR,T,ES,2012-01-01,5873.0,,
ESTAT:MIGR_EMI1CTZ(1.0),01/07/26 23:00:00,A,EC,COMPLET,TOTAL,NR,T,ES,2012-01-01,21280.0,,
ESTAT:MIGR_EMI1CTZ(1.0),01/07/26 23:00:00,A,EH,COMPLET,TOTAL,NR,T,ES,2012-01-01,0.0,,
ESTAT:MIGR_EMI1CTZ(1.0),01/07/26 23:00:00,A,ES,COMPLET,TOTAL,NR,T,ES,2012-01-01,57266.0,,
ESTAT:MIGR_EMI1CTZ(1.0),01/07/26 23:00:00,A,EU15,COMPLET,TOTAL,NR,T,ES,2012-01-01,107576.0,,
ESTAT:MIGR_EMI1CTZ(1.0),01/07/26 23:00:00,A,EU15_FOR,COMPLET,TOTAL,NR,T,ES,2012-01-01,50310.0,,
ESTAT:MIGR_EMI1CTZ(1.0),01/07/26 23:00:00,A,EU25,COMPLET,TOTAL,NR,T,ES,2012-01-01,116192.0,,
ESTAT:MIGR_EMI1CTZ(1.0),01/07/26 23:00:00,A,EU25_FOR,COMPLET,TOTAL,NR,T,ES,2012-01-01,58926.0,,
ESTAT:MIGR_EMI1CTZ(1.0),01/07/26 23:00:00,A,EU27_2007,COMPLET,TOTAL,NR,T,ES,2012-01-01,192214.0,,
ESTAT:MIGR_EMI1CTZ(1.0),01/07/26 23:00:00,A,EU27_2007_FOR,COMPLET,TOTAL,NR,T,ES,2012-01-01,134948.0,,
ESTAT:MIGR_EMI1CTZ(1.0),01/07/26 23:00:00,A,EUR,COMPLET,TOTAL,NR,T,ES,2012-01-01,203326.0,,
ESTAT:MIGR_EMI1CTZ(1.0),01/07/26 23:00:00,A,EX_SU,COMPLET,TOTAL,NR,T,ES,2012-01-01,0.0,,
ESTAT:MIGR_EMI1CTZ(1.0),01/07/26 23:00:00,A,EX_YU,COMPLET,TOTAL,NR,T,ES,2012-01-01,0.0,,
ESTAT:MIGR_EMI1CTZ(1.0),01/07/26 23:00:00,A,FI,COMPLET,TOTAL,NR,T,ES,2012-01-01,316.0,,
ESTAT:MIGR_EMI1CTZ(1.0),01/07/26 23:00:00,A,FJ,COMPLET,TOTAL,NR,T,ES,2012-01-01,0.0,,
ESTAT:MIGR_EMI1CTZ(1.0),01/07/26 23:00:00,A,FK,COMPLET,TOTAL,NR,T,ES,2012-01-01,0.0,,
ESTAT:MIGR_EMI1CTZ(1.0),01/07/26 23:00:00,A,FM,COMPLET,TOTAL,NR,T,ES,2012-01-01,0.0,,
ESTAT:MIGR_EMI1CTZ(1.0),01/07/26 23:00:00,A,FO,COMPLET,TOTAL,NR,T,ES,2012-01-01,0.0,,
ESTAT:MIGR_EMI1CTZ(1.0),01/07/26 23:00:00,A,FOR_STLS,COMPLET,TOTAL,NR,T,ES,2012-01-01,389340.0,,
ESTAT:MIGR_EMI1CTZ(1.0),01/07/26 23:00:00,A,FR,COMPLET,TOTAL,NR,T,ES,2012-01-01,6908.0,,
ESTAT:MIGR_EMI1CTZ(1.0),01/07/26 23:00:00,A,GG,COMPLET,TOTAL,NR,T,ES,2012-01-01,0.0,,
ESTAT:MIGR_EMI1CTZ(1.0),01/07/26 23:00:00,A,GH,COMPLET,TOTAL,NR,T,ES,2012-01-01,2066.0,,
ESTAT:MIGR_EMI1CTZ(1.0),01/07/26 23:00:00,A,GI,COMPLET,TOTAL,NR,T,ES,2012-01-01,0.0,,
ESTAT:MIGR_EMI1CTZ(1.0),01/07/26 23:00:00,A,GL,COMPLET,TOTAL,NR,T,ES,2012-01-01,0.0,,
ESTAT:MIGR_EMI1CTZ(1.0),01/07/26 23:00:00,A,GM,COMPLET,TOTAL,NR,T,ES,2012-01-01,1668.0,,
ESTAT:MIGR_EMI1CTZ(1.0),01/07/26 23:00:00,A,GN,COMPLET,TOTAL,NR,T,ES,2012-01-01,1267.0,,
ESTAT:MIGR_EMI1CTZ(1.0),01/07/26 23:00:00,A,GQ,COMPLET,TOTAL,NR,T,ES,2012-01-01,1485.0,,
ESTAT:MIGR_EMI1CTZ(1.0),01/07/26 23:00:00,A,GY,COMPLET,TOTAL,NR,T,ES,2012-01-01,1.0,,
ESTAT:MIGR_EMI1CTZ(1.0),01/07/26 23:00:00,A,HN,COMPLET,TOTAL,NR,T,ES,2012-01-01,2457.0,,
ESTAT:MIGR_EMI1CTZ(1.0),01/07/26 23:00:00,A,IE,COMPLET,TOTAL,NR,T,ES,2012-01-01,658.0,,
ESTAT:MIGR_EMI1CTZ(1.0),01/07/26 23:00:00,A,IM,COMPLET,TOTAL,NR,T,ES,2012-01-01,0.0,,
ESTAT:MIGR_EMI1CTZ(1.0),01/07/26 23:00:00,A,IN,COMPLET,TOTAL,NR,T,ES,2012-01-01,3939.0,,
ESTAT:MIGR_EMI1CTZ(1.0),01/07/26 23:00:00,A,IT,COMPLET,TOTAL,NR,T,ES,2012-01-01,9207.0,,
ESTAT:MIGR_EMI1CTZ(1.0),01/07/26 23:00:00,A,JE,COMPLET,TOTAL,NR,T,ES,2012-01-01,0.0,,
ESTAT:MIGR_EMI1CTZ(1.0),01/07/26 23:00:00,A,KI,COMPLET,TOTAL,NR,T,ES,2012-01-01,0.0,,
ESTAT:MIGR_EMI1CTZ(1.0),01/07/26 23:00:00,A,KY,COMPLET,TOTAL,NR,T,ES,2012-01-01,0.0,,
ESTAT:MIGR_EMI1CTZ(1.0),01/07/26 23:00:00,A,LT,COMPLET,TOTAL,NR,T,ES,2012-01-01,1394.0,,
ESTAT:MIGR_EMI1CTZ(1.0),01/07/26 23:00:00,A,MA,COMPLET,TOTAL,NR,T,ES,2012-01-01,44424.0,,
ESTAT:MIGR_EMI1CTZ(1.0),01/07/26 23:00:00,A,MD,COMPLET,TOTAL,NR,T,ES,2012-01-01,906.0,,
ESTAT:MIGR_EMI1CTZ(1.0),01/07/26 23:00:00,A,MEL,COMPLET,TOTAL,NR,T,ES,2012-01-01,1.0,,
ESTAT:MIGR_EMI1CTZ(1.0),01/07/26 23:00:00,A,MF,COMPLET,TOTAL,NR,T,ES,2012-01-01,0.0,,
ESTAT:MIGR_EMI1CTZ(1.0),01/07/26 23:00:00,A,MIC,COMPLET,TOTAL,NR,T,ES,2012-01-01,0.0,,
ESTAT:MIGR_EMI1CTZ(1.0),01/07/26 23:00:00,A,ML,COMPLET,TOTAL,NR,T,ES,2012-01-01,2827.0,,
ESTAT:MIGR_EMI1CTZ(1.0),01/07/26 23:00:00,A,MR,COMPLET,TOTAL,NR,T,ES,2012-01-01,1350.0,,
ESTAT:MIGR_EMI1CTZ(1.0),01/07/26 23:00:00,A,MS,COMPLET,TOTAL,NR,T,ES,2012-01-01,0.0,,
ESTAT:MIGR_EMI1CTZ(1.0),01/07/26 23:00:00,A,MX,COMPLET,TOTAL,NR,T,ES,2012-01-01,3359.0,,
ESTAT:MIGR_EMI1CTZ(1.0),01/07/26 23:00:00,A,NAT,COMPLET,TOTAL,NR,T,ES,2012-01-01,57266.0,,
ESTAT:MIGR_EMI1CTZ(1.0),01/07/26 23:00:00,A,NC,COMPLET,TOTAL,NR,T,ES,2012-01-01,0.0,,
ESTAT:MIGR_EMI1CTZ(1.0),01/07/26 23:00:00,A,NEU27_2007_FOR_STLS,COMPLET,TOTAL,NR,T,ES,2012-01-01,254392.0,,
ESTAT:MIGR_EMI1CTZ(1.0),01/07/26 23:00:00,A,NG,COMPLET,TOTAL,NR,T,ES,2012-01-01,3788.0,,
ESTAT:MIGR_EMI1CTZ(1.0),01/07/26 23:00:00,A,NI,COMPLET,TOTAL,NR,T,ES,2012-01-01,1290.0,,
ESTAT:MIGR_EMI1CTZ(1.0),01/07/26 23:00:00,A,NL,COMPLET,TOTAL,NR,T,ES,2012-01-01,2089.0,,
ESTAT:MIGR_EMI1CTZ(1.0),01/07/26 23:00:00,A,NO,COMPLET,TOTAL,NR,T,ES,2012-01-01,470.0,,
ESTAT:MIGR_EMI1CTZ(1.0),01/07/26 23:00:00,A,NR,COMPLET,TOTAL,NR,T,ES,2012-01-01,0.0,,
ESTAT:MIGR_EMI1CTZ(1.0),01/07/26 23:00:00,A,NZ,COMPLET,TOTAL,NR,T,ES,2012-01-01,40.0,,
ESTAT:MIGR_EMI1CTZ(1.0),01/07/26 23:00:00,A,OCE,COMPLET,TOTAL,NR,T,ES,2012-01-01,216.0,,
ESTAT:MIGR_EMI1CTZ(1.0),01/07/26 23:00:00,A,OTH,COMPLET,TOTAL,NR,T,ES,2012-01-01,96.0,,
ESTAT:MIGR_EMI1CTZ(1.0),01/07/26 23:00:00,A,PE,COMPLET,TOTAL,NR,T,ES,2012-01-01,9544.0,,
ESTAT:MIGR_EMI1CTZ(1.0),01/07/26 23:00:00,A,PF,COMPLET,TOTAL,NR,T,ES,2012-01-01,0.0,,
ESTAT:MIGR_EMI1CTZ(1.0),01/07/26 23:00:00,A,PG,COMPLET,TOTAL,NR,T,ES,2012-01-01,1.0,,
ESTAT:MIGR_EMI1CTZ(1.0),01/07/26 23:00:00,A,PH,COMPLET,TOTAL,NR,T,ES,2012-01-01,1460.0,,
ESTAT:MIGR_EMI1CTZ(1.0),01/07/26 23:00:00,A,PK,COMPLET,TOTAL,NR,T,ES,2012-01-01,12593.0,,
ESTAT:MIGR_EMI1CTZ(1.0),01/07/26 23:00:00,A,PL,COMPLET,TOTAL,NR,T,ES,2012-01-01,5474.0,,
ESTAT:MIGR_EMI1CTZ(1.0),01/07/26 23:00:00,A,PM,COMPLET,TOTAL,NR,T,ES,2012-01-01,0.0,,
ESTAT:MIGR_EMI1CTZ(1.0),01/07/26 23:00:00,A,PN,COMPLET,TOTAL,NR,T,ES,2012-01-01,0.0,,
ESTAT:MIGR_EMI1CTZ(1.0),01/07/26 23:00:00,A,POL,COMPLET,TOTAL,NR,T,ES,2012-01-01,1.0,,
ESTAT:MIGR_EMI1CTZ(1.0),01/07/26 23:00:00,A,PS,COMPLET,TOTAL,NR,T,ES,2012-01-01,0.0,,
ESTAT:MIGR_EMI1CTZ(1.0),01/07/26 23:00:00,A,PT,COMPLET,TOTAL,NR,T,ES,2012-01-01,9631.0,,
ESTAT:MIGR_EMI1CTZ(1.0),01/07/26 23:00:00,A,PW,COMPLET,TOTAL,NR,T,ES,2012-01-01,0.0,,
ESTAT:MIGR_EMI1CTZ(1.0),01/07/26 23:00:00,A,PY,COMPLET,TOTAL,NR,T,ES,2012-01-01,12345.0,,
ESTAT:MIGR_EMI1CTZ(1.0),01/07/26 23:00:00,A,RNC,COMPLET,TOTAL,NR,T,ES,2012-01-01,0.0,,
ESTAT:MIGR_EMI1CTZ(1.0),01/07/26 23:00:00,A,RO,COMPLET,TOTAL,NR,T,ES,2012-01-01,64716.0,,
ESTAT:MIGR_EMI1CTZ(1.0),01/07/26 23:00:00,A,RS_ME,COMPLET,TOTAL,NR,T,ES,2012-01-01,0.0,,
ESTAT:MIGR_EMI1CTZ(1.0),01/07/26 23:00:00,A,RU,COMPLET,TOTAL,NR,T,ES,2012-01-01,3468.0,,
ESTAT:MIGR_EMI1CTZ(1.0),01/07/26 23:00:00,A,SB,COMPLET,TOTAL,NR,T,ES,2012-01-01,0.0,,
ESTAT:MIGR_EMI1CTZ(1.0),01/07/26 23:00:00,A,SE,COMPLET,TOTAL,NR,T,ES,2012-01-01,794.0,,
ESTAT:MIGR_EMI1CTZ(1.0),01/07/26 23:00:00,A,SH,COMPLET,TOTAL,NR,T,ES,2012-01-01,0.0,,
ESTAT:MIGR_EMI1CTZ(1.0),01/07/26 23:00:00,A,SN,COMPLET,TOTAL,NR,T,ES,2012-01-01,5302.0,,
ESTAT:MIGR_EMI1CTZ(1.0),01/07/26 23:00:00,A,SR,COMPLET,TOTAL,NR,T,ES,2012-01-01,1.0,,
ESTAT:MIGR_EMI1CTZ(1.0),01/07/26 23:00:00,A,STLS,COMPLET,TOTAL,NR,T,ES,2012-01-01,13.0,,
ESTAT:MIGR_EMI1CTZ(1.0),01/07/26 23:00:00,A,TC,COMPLET,TOTAL,NR,T,ES,2012-01-01,0.0,,
ESTAT:MIGR_EMI1CTZ(1.0),01/07/26 23:00:00,A,TF,COMPLET,TOTAL,NR,T,ES,2012-01-01,0.0,,
ESTAT:MIGR_EMI1CTZ(1.0),01/07/26 23:00:00,A,TL,COMPLET,TOTAL,NR,T,ES,2012-01-01,0.0,,
ESTAT:MIGR_EMI1CTZ(1.0),01/07/26 23:00:00,A,TO,COMPLET,TOTAL,NR,T,ES,2012-01-01,1.0,,
ESTAT:MIGR_EMI1CTZ(1.0),01/07/26 23:00:00,A,TOTAL,COMPLET,TOTAL,NR,T,ES,2012-01-01,446606.0,,
ESTAT:MIGR_EMI1CTZ(1.0),01/07/26 23:00:00,A,TV,COMPLET,TOTAL,NR,T,ES,2012-01-01,0.0,,
ESTAT:MIGR_EMI1CTZ(1.0),01/07/26 23:00:00,A,TW,COMPLET,TOTAL,NR,T,ES,2012-01-01,0.0,,
ESTAT:MIGR_EMI1CTZ(1.0),01/07/26 23:00:00,A,UA,COMPLET,TOTAL,NR,T,ES,2012-01-01,4512.0,,
ESTAT:MIGR_EMI1CTZ(1.0),01/07/26 23:00:00,A,UK,COMPLET,TOTAL,NR,T,ES,2012-01-01,11407.0,,
ESTAT:MIGR_EMI1CTZ(1.0),01/07/26 23:00:00,A,UNK,COMPLET,TOTAL,NR,T,ES,2012-01-01,0.0,,
ESTAT:MIGR_EMI1CTZ(1.0),01/07/26 23:00:00,A,US,COMPLET,TOTAL,NR,T,ES,2012-01-01,2719.0,,
ESTAT:MIGR_EMI1CTZ(1.0),01/07/26 23:00:00,A,UY,COMPLET,TOTAL,NR,T,ES,2012-01-01,2656.0,,
ESTAT:MIGR_EMI1CTZ(1.0),01/07/26 23:00:00,A,VE,COMPLET,TOTAL,NR,T,ES,2012-01-01,4548.0,,
ESTAT:MIGR_EMI1CTZ(1.0),01/07/26 23:00:00,A,VG,COMPLET,TOTAL,NR,T,ES,2012-01-01,0.0,,
ESTAT:MIGR_EMI1CTZ(1.0),01/07/26 23:00:00,A,VU,COMPLET,TOTAL,NR,T,ES,2012-01-01,0.0,,
ESTAT:MIGR_EMI1CTZ(1.0),01/07/26 23:00:00,A,WF,COMPLET,TOTAL,NR,T,ES,2012-01-01,0.0,,
ESTAT:MIGR_EMI1CTZ(1.0),01/07/26 23:00:00,A,WS,COMPLET,TOTAL,NR,T,ES,2012-01-01,0.0,,
ESTAT:MIGR_EMI1CTZ(1.0),01/07/26 23:00:00,A,XK,COMPLET,TOTAL,NR,T,ES,2012-01-01,0.0,,
ESTAT:MIGR_EMI1CTZ(1.0),01/07/26 23:00:00,A,YT,COMPLET,TOTAL,NR,T,ES,2012-01-01,0.0,,
ESTAT:MIGR_EMI1CTZ(1.0),01/07/26 23:00:00,A,AFR,COMPLET,TOTAL,NR,T,ES,2013-01-01,79186.0,,
ESTAT:MIGR_EMI1CTZ(1.0),01/07/26 23:00:00,A,AFR_C,COMPLET,TOTAL,NR,T,ES,2013-01-01,2995.0,,
ESTAT:MIGR_EMI1CTZ(1.0),01/07/26 23:00:00,A,AFR_E,COMPLET,TOTAL,NR,T,ES,2013-01-01,182.0,,
ESTAT:MIGR_EMI1CTZ(1.0),01/07/26 23:00:00,A,AFR_N,COMPLET,TOTAL,NR,T,ES,2013-01-01,54771.0,,
ESTAT:MIGR_EMI1CTZ(1.0),01/07/26 23:00:00,A,AFR_S,COMPLET,TOTAL,NR,T,ES,2013-01-01,72.0,,
ESTAT:MIGR_EMI1CTZ(1.0),01/07/26 23:00:00,A,AFR_W,COMPLET,TOTAL,NR,T,ES,2013-01-01,21166.0,,
ESTAT:MIGR_EMI1CTZ(1.0),01/07/26 23:00:00,A,AI,COMPLET,TOTAL,NR,T,ES,2013-01-01,0.0,,
ESTAT:MIGR_EMI1CTZ(1.0),01/07/26 23:00:00,A,AME,COMPLET,TOTAL,NR,T,ES,2013-01-01,156436.0,,
ESTAT:MIGR_EMI1CTZ(1.0),01/07/26 23:00:00,A,AME_C,COMPLET,TOTAL,NR,T,ES,2013-01-01,13048.0,,
ESTAT:MIGR_EMI1CTZ(1.0),01/07/26 23:00:00,A,AME_N,COMPLET,TOTAL,NR,T,ES,2013-01-01,4916.0,,
ESTAT:MIGR_EMI1CTZ(1.0),01/07/26 23:00:00,A,AME_S,COMPLET,TOTAL,NR,T,ES,2013-01-01,128273.0,,
ESTAT:MIGR_EMI1CTZ(1.0),01/07/26 23:00:00,A,AN,COMPLET,TOTAL,NR,T,ES,2013-01-01,0.0,,
ESTAT:MIGR_EMI1CTZ(1.0),01/07/26 23:00:00,A,AR,COMPLET,TOTAL,NR,T,ES,2013-01-01,9417.0,,
ESTAT:MIGR_EMI1CTZ(1.0),01/07/26 23:00:00,A,ASI,COMPLET,TOTAL,NR,T,ES,2013-01-01,43293.0,,
ESTAT:MIGR_EMI1CTZ(1.0),01/07/26 23:00:00,A,ASI_C,COMPLET,TOTAL,NR,T,ES,2013-01-01,204.0,,
ESTAT:MIGR_EMI1CTZ(1.0),01/07/26 23:00:00,A,ASI_E,COMPLET,TOTAL,NR,T,ES,2013-01-01,16943.0,,
ESTAT:MIGR_EMI1CTZ(1.0),01/07/26 23:00:00,A,ASI_S,COMPLET,TOTAL,NR,T,ES,2013-01-01,20897.0,,
ESTAT:MIGR_EMI1CTZ(1.0),01/07/26 23:00:00,A,ASI_S_E,COMPLET,TOTAL,NR,T,ES,2013-01-01,2263.0,,
ESTAT:MIGR_EMI1CTZ(1.0),01/07/26 23:00:00,A,ASI_W,COMPLET,TOTAL,NR,T,ES,2013-01-01,2986.0,,
ESTAT:MIGR_EMI1CTZ(1.0),01/07/26 23:00:00,A,AU,COMPLET,TOTAL,NR,T,ES,2013-01-01,213.0,,
ESTAT:MIGR_EMI1CTZ(1.0),01/07/26 23:00:00,A,AU_NZ,COMPLET,TOTAL,NR,T,ES,2013-01-01,267.0,,
ESTAT:MIGR_EMI1CTZ(1.0),01/07/26 23:00:00,A,AW,COMPLET,TOTAL,NR,T,ES,2013-01-01,0.0,,
ESTAT:MIGR_EMI1CTZ(1.0),01/07/26 23:00:00,A,BD,COMPLET,TOTAL,NR,T,ES,2013-01-01,2141.0,,
ESTAT:MIGR_EMI1CTZ(1.0),01/07/26 23:00:00,A,BE,COMPLET,TOTAL,NR,T,ES,2013-01-01,1532.0,,
ESTAT:MIGR_EMI1CTZ(1.0),01/07/26 23:00:00,A,BG,COMPLET,TOTAL,NR,T,ES,2013-01-01,12822.0,,
ESTAT:MIGR_EMI1CTZ(1.0),01/07/26 23:00:00,A,BL,COMPLET,TOTAL,NR,T,ES,2013-01-01,0.0,,
ESTAT:MIGR_EMI1CTZ(1.0),01/07/26 23:00:00,A,BM,COMPLET,TOTAL,NR,T,ES,2013-01-01,0.0,,
ESTAT:MIGR_EMI1CTZ(1.0),01/07/26 23:00:00,A,BO,COMPLET,TOTAL,NR,T,ES,2013-01-01,21321.0,,
ESTAT:MIGR_EMI1CTZ(1.0),01/07/26 23:00:00,A,BQ,COMPLET,TOTAL,NR,T,ES,2013-01-01,0.0,,
ESTAT:MIGR_EMI1CTZ(1.0),01/07/26 23:00:00,A,BR,COMPLET,TOTAL,NR,T,ES,2013-01-01,14977.0,,
ESTAT:MIGR_EMI1CTZ(1.0),01/07/26 23:00:00,A,CA,COMPLET,TOTAL,NR,T,ES,2013-01-01,385.0,,
ESTAT:MIGR_EMI1CTZ(1.0),01/07/26 23:00:00,A,CH,COMPLET,TOTAL,NR,T,ES,2013-01-01,983.0,,
ESTAT:MIGR_EMI1CTZ(1.0),01/07/26 23:00:00,A,CL,COMPLET,TOTAL,NR,T,ES,2013-01-01,5593.0,,
ESTAT:MIGR_EMI1CTZ(1.0),01/07/26 23:00:00,A,CN,COMPLET,TOTAL,NR,T,ES,2013-01-01,15422.0,,
ESTAT:MIGR_EMI1CTZ(1.0),01/07/26 23:00:00,A,CO,COMPLET,TOTAL,NR,T,ES,2013-01-01,19426.0,,
ESTAT:MIGR_EMI1CTZ(1.0),01/07/26 23:00:00,A,CRB,COMPLET,TOTAL,NR,T,ES,2013-01-01,10199.0,,
ESTAT:MIGR_EMI1CTZ(1.0),01/07/26 23:00:00,A,CU,COMPLET,TOTAL,NR,T,ES,2013-01-01,3076.0,,
ESTAT:MIGR_EMI1CTZ(1.0),01/07/26 23:00:00,A,CW,COMPLET,TOTAL,NR,T,ES,2013-01-01,0.0,,
ESTAT:MIGR_EMI1CTZ(1.0),01/07/26 23:00:00,A,CZ_SK,COMPLET,TOTAL,NR,T,ES,2013-01-01,0.0,,
ESTAT:MIGR_EMI1CTZ(1.0),01/07/26 23:00:00,A,DE,COMPLET,TOTAL,NR,T,ES,2013-01-01,11266.0,,
ESTAT:MIGR_EMI1CTZ(1.0),01/07/26 23:00:00,A,DK,COMPLET,TOTAL,NR,T,ES,2013-01-01,618.0,,
ESTAT:MIGR_EMI1CTZ(1.0),01/07/26 23:00:00,A,DO,COMPLET,TOTAL,NR,T,ES,2013-01-01,7047.0,,
ESTAT:MIGR_EMI1CTZ(1.0),01/07/26 23:00:00,A,DZ,COMPLET,TOTAL,NR,T,ES,2013-01-01,6670.0,,
ESTAT:MIGR_EMI1CTZ(1.0),01/07/26 23:00:00,A,EC,COMPLET,TOTAL,NR,T,ES,2013-01-01,23245.0,,
ESTAT:MIGR_EMI1CTZ(1.0),01/07/26 23:00:00,A,EH,COMPLET,TOTAL,NR,T,ES,2013-01-01,0.0,,
ESTAT:MIGR_EMI1CTZ(1.0),01/07/26 23:00:00,A,ES,COMPLET,TOTAL,NR,T,ES,2013-01-01,73329.0,,
ESTAT:MIGR_EMI1CTZ(1.0),01/07/26 23:00:00,A,EU28_FOR,COMPLET,TOTAL,NR,T,ES,2013-01-01,164154.0,,
ESTAT:MIGR_EMI1CTZ(1.0),01/07/26 23:00:00,A,EUR,COMPLET,TOTAL,NR,T,ES,2013-01-01,252931.0,,
ESTAT:MIGR_EMI1CTZ(1.0),01/07/26 23:00:00,A,EX_SU,COMPLET,TOTAL,NR,T,ES,2013-01-01,0.0,,
ESTAT:MIGR_EMI1CTZ(1.0),01/07/26 23:00:00,A,EX_YU,COMPLET,TOTAL,NR,T,ES,2013-01-01,0.0,,
ESTAT:MIGR_EMI1CTZ(1.0),01/07/26 23:00:00,A,FI,COMPLET,TOTAL,NR,T,ES,2013-01-01,563.0,,
ESTAT:MIGR_EMI1CTZ(1.0),01/07/26 23:00:00,A,FJ,COMPLET,TOTAL,NR,T,ES,2013-01-01,0.0,,
ESTAT:MIGR_EMI1CTZ(1.0),01/07/26 23:00:00,A,FK,COMPLET,TOTAL,NR,T,ES,2013-01-01,0.0,,
ESTAT:MIGR_EMI1CTZ(1.0),01/07/26 23:00:00,A,FM,COMPLET,TOTAL,NR,T,ES,2013-01-01,1.0,,
ESTAT:MIGR_EMI1CTZ(1.0),01/07/26 23:00:00,A,FO,COMPLET,TOTAL,NR,T,ES,2013-01-01,0.0,,
ESTAT:MIGR_EMI1CTZ(1.0),01/07/26 23:00:00,A,FOR_STLS,COMPLET,TOTAL,NR,T,ES,2013-01-01,458974.0,,
ESTAT:MIGR_EMI1CTZ(1.0),01/07/26 23:00:00,A,FR,COMPLET,TOTAL,NR,T,ES,2013-01-01,9053.0,,
ESTAT:MIGR_EMI1CTZ(1.0),01/07/26 23:00:00,A,GG,COMPLET,TOTAL,NR,T,ES,2013-01-01,0.0,,
ESTAT:MIGR_EMI1CTZ(1.0),01/07/26 23:00:00,A,GH,COMPLET,TOTAL,NR,T,ES,2013-01-01,2061.0,,
ESTAT:MIGR_EMI1CTZ(1.0),01/07/26 23:00:00,A,GI,COMPLET,TOTAL,NR,T,ES,2013-01-01,0.0,,
ESTAT:MIGR_EMI1CTZ(1.0),01/07/26 23:00:00,A,GL,COMPLET,TOTAL,NR,T,ES,2013-01-01,0.0,,
ESTAT:MIGR_EMI1CTZ(1.0),01/07/26 23:00:00,A,GM,COMPLET,TOTAL,NR,T,ES,2013-01-01,2027.0,,
ESTAT:MIGR_EMI1CTZ(1.0),01/07/26 23:00:00,A,GN,COMPLET,TOTAL,NR,T,ES,2013-01-01,1420.0,,
ESTAT:MIGR_EMI1CTZ(1.0),01/07/26 23:00:00,A,GQ,COMPLET,TOTAL,NR,T,ES,2013-01-01,1784.0,,
ESTAT:MIGR_EMI1CTZ(1.0),01/07/26 23:00:00,A,GY,COMPLET,TOTAL,NR,T,ES,2013-01-01,1.0,,
ESTAT:MIGR_EMI1CTZ(1.0),01/07/26 23:00:00,A,HN,COMPLET,TOTAL,NR,T,ES,2013-01-01,3817.0,,
ESTAT:MIGR_EMI1CTZ(1.0),01/07/26 23:00:00,A,IE,COMPLET,TOTAL,NR,T,ES,2013-01-01,918.0,,
ESTAT:MIGR_EMI1CTZ(1.0),01/07/26 23:00:00,A,IM,COMPLET,TOTAL,NR,T,ES,2013-01-01,0.0,,
ESTAT:MIGR_EMI1CTZ(1.0),01/07/26 23:00:00,A,IN,COMPLET,TOTAL,NR,T,ES,2013-01-01,4485.0,,
ESTAT:MIGR_EMI1CTZ(1.0),01/07/26 23:00:00,A,IT,COMPLET,TOTAL,NR,T,ES,2013-01-01,12235.0,,
ESTAT:MIGR_EMI1CTZ(1.0),01/07/26 23:00:00,A,JE,COMPLET,TOTAL,NR,T,ES,2013-01-01,0.0,,
ESTAT:MIGR_EMI1CTZ(1.0),01/07/26 23:00:00,A,KI,COMPLET,TOTAL,NR,T,ES,2013-01-01,0.0,,
ESTAT:MIGR_EMI1CTZ(1.0),01/07/26 23:00:00,A,KY,COMPLET,TOTAL,NR,T,ES,2013-01-01,0.0,,
ESTAT:MIGR_EMI1CTZ(1.0),01/07/26 23:00:00,A,LT,COMPLET,TOTAL,NR,T,ES,2013-01-01,1554.0,,
ESTAT:MIGR_EMI1CTZ(1.0),01/07/26 23:00:00,A,MA,COMPLET,TOTAL,NR,T,ES,2013-01-01,47463.0,,
ESTAT:MIGR_EMI1CTZ(1.0),01/07/26 23:00:00,A,MD,COMPLET,TOTAL,NR,T,ES,2013-01-01,986.0,,
ESTAT:MIGR_EMI1CTZ(1.0),01/07/26 23:00:00,A,MEL,COMPLET,TOTAL,NR,T,ES,2013-01-01,4.0,,
ESTAT:MIGR_EMI1CTZ(1.0),01/07/26 23:00:00,A,MIC,COMPLET,TOTAL,NR,T,ES,2013-01-01,1.0,,
ESTAT:MIGR_EMI1CTZ(1.0),01/07/26 23:00:00,A,ML,COMPLET,TOTAL,NR,T,ES,2013-01-01,3021.0,,
ESTAT:MIGR_EMI1CTZ(1.0),01/07/26 23:00:00,A,MR,COMPLET,TOTAL,NR,T,ES,2013-01-01,1116.0,,
ESTAT:MIGR_EMI1CTZ(1.0),01/07/26 23:00:00,A,MS,COMPLET,TOTAL,NR,T,ES,2013-01-01,0.0,,
ESTAT:MIGR_EMI1CTZ(1.0),01/07/26 23:00:00,A,MX,COMPLET,TOTAL,NR,T,ES,2013-01-01,5110.0,,
ESTAT:MIGR_EMI1CTZ(1.0),01/07/26 23:00:00,A,NAT,COMPLET,TOTAL,NR,T,ES,2013-01-01,73329.0,,
ESTAT:MIGR_EMI1CTZ(1.0),01/07/26 23:00:00,A,NC,COMPLET,TOTAL,NR,T,ES,2013-01-01,0.0,,
ESTAT:MIGR_EMI1CTZ(1.0),01/07/26 23:00:00,A,NEU28_FOR,COMPLET,TOTAL,NR,T,ES,2013-01-01,294795.0,,
ESTAT:MIGR_EMI1CTZ(1.0),01/07/26 23:00:00,A,NG,COMPLET,TOTAL,NR,T,ES,2013-01-01,4172.0,,
ESTAT:MIGR_EMI1CTZ(1.0),01/07/26 23:00:00,A,NI,COMPLET,TOTAL,NR,T,ES,2013-01-01,2185.0,,
ESTAT:MIGR_EMI1CTZ(1.0),01/07/26 23:00:00,A,NL,COMPLET,TOTAL,NR,T,ES,2013-01-01,3326.0,,
ESTAT:MIGR_EMI1CTZ(1.0),01/07/26 23:00:00,A,NO,COMPLET,TOTAL,NR,T,ES,2013-01-01,1002.0,,
ESTAT:MIGR_EMI1CTZ(1.0),01/07/26 23:00:00,A,NR,COMPLET,TOTAL,NR,T,ES,2013-01-01,0.0,,
ESTAT:MIGR_EMI1CTZ(1.0),01/07/26 23:00:00,A,NZ,COMPLET,TOTAL,NR,T,ES,2013-01-01,54.0,,
ESTAT:MIGR_EMI1CTZ(1.0),01/07/26 23:00:00,A,OCE,COMPLET,TOTAL,NR,T,ES,2013-01-01,272.0,,
ESTAT:MIGR_EMI1CTZ(1.0),01/07/26 23:00:00,A,OTH,COMPLET,TOTAL,NR,T,ES,2013-01-01,160.0,,
ESTAT:MIGR_EMI1CTZ(1.0),01/07/26 23:00:00,A,PE,COMPLET,TOTAL,NR,T,ES,2013-01-01,11065.0,,
ESTAT:MIGR_EMI1CTZ(1.0),01/07/26 23:00:00,A,PF,COMPLET,TOTAL,NR,T,ES,2013-01-01,0.0,,
ESTAT:MIGR_EMI1CTZ(1.0),01/07/26 23:00:00,A,PG,COMPLET,TOTAL,NR,T,ES,2013-01-01,4.0,,
ESTAT:MIGR_EMI1CTZ(1.0),01/07/26 23:00:00,A,PH,COMPLET,TOTAL,NR,T,ES,2013-01-01,1946.0,,
ESTAT:MIGR_EMI1CTZ(1.0),01/07/26 23:00:00,A,PK,COMPLET,TOTAL,NR,T,ES,2013-01-01,13560.0,,
ESTAT:MIGR_EMI1CTZ(1.0),01/07/26 23:00:00,A,PL,COMPLET,TOTAL,NR,T,ES,2013-01-01,5432.0,,
ESTAT:MIGR_EMI1CTZ(1.0),01/07/26 23:00:00,A,PM,COMPLET,TOTAL,NR,T,ES,2013-01-01,0.0,,
ESTAT:MIGR_EMI1CTZ(1.0),01/07/26 23:00:00,A,PN,COMPLET,TOTAL,NR,T,ES,2013-01-01,0.0,,
ESTAT:MIGR_EMI1CTZ(1.0),01/07/26 23:00:00,A,POL,COMPLET,TOTAL,NR,T,ES,2013-01-01,0.0,,
ESTAT:MIGR_EMI1CTZ(1.0),01/07/26 23:00:00,A,PS,COMPLET,TOTAL,NR,T,ES,2013-01-01,0.0,,
ESTAT:MIGR_EMI1CTZ(1.0),01/07/26 23:00:00,A,PT,COMPLET,TOTAL,NR,T,ES,2013-01-01,10952.0,,
ESTAT:MIGR_EMI1CTZ(1.0),01/07/26 23:00:00,A,PW,COMPLET,TOTAL,NR,T,ES,2013-01-01,0.0,,
ESTAT:MIGR_EMI1CTZ(1.0),01/07/26 23:00:00,A,PY,COMPLET,TOTAL,NR,T,ES,2013-01-01,14270.0,,
ESTAT:MIGR_EMI1CTZ(1.0),01/07/26 23:00:00,A,RNC,COMPLET,TOTAL,NR,T,ES,2013-01-01,0.0,,
ESTAT:MIGR_EMI1CTZ(1.0),01/07/26 23:00:00,A,RO,COMPLET,TOTAL,NR,T,ES,2013-01-01,70679.0,,
ESTAT:MIGR_EMI1CTZ(1.0),01/07/26 23:00:00,A,RS_ME,COMPLET,TOTAL,NR,T,ES,2013-01-01,0.0,,
ESTAT:MIGR_EMI1CTZ(1.0),01/07/26 23:00:00,A,RU,COMPLET,TOTAL,NR,T,ES,2013-01-01,5529.0,,
ESTAT:MIGR_EMI1CTZ(1.0),01/07/26 23:00:00,A,SB,COMPLET,TOTAL,NR,T,ES,2013-01-01,0.0,,
ESTAT:MIGR_EMI1CTZ(1.0),01/07/26 23:00:00,A,SE,COMPLET,TOTAL,NR,T,ES,2013-01-01,1346.0,,
ESTAT:MIGR_EMI1CTZ(1.0),01/07/26 23:00:00,A,SH,COMPLET,TOTAL,NR,T,ES,2013-01-01,0.0,,
ESTAT:MIGR_EMI1CTZ(1.0),01/07/26 23:00:00,A,SN,COMPLET,TOTAL,NR,T,ES,2013-01-01,6181.0,,
ESTAT:MIGR_EMI1CTZ(1.0),01/07/26 23:00:00,A,SR,COMPLET,TOTAL,NR,T,ES,2013-01-01,1.0,,
ESTAT:MIGR_EMI1CTZ(1.0),01/07/26 23:00:00,A,STLS,COMPLET,TOTAL,NR,T,ES,2013-01-01,25.0,,
ESTAT:MIGR_EMI1CTZ(1.0),01/07/26 23:00:00,A,SX,COMPLET,TOTAL,NR,T,ES,2013-01-01,0.0,,
ESTAT:MIGR_EMI1CTZ(1.0),01/07/26 23:00:00,A,TC,COMPLET,TOTAL,NR,T,ES,2013-01-01,0.0,,
ESTAT:MIGR_EMI1CTZ(1.0),01/07/26 23:00:00,A,TL,COMPLET,TOTAL,NR,T,ES,2013-01-01,0.0,,
ESTAT:MIGR_EMI1CTZ(1.0),01/07/26 23:00:00,A,TO,COMPLET,TOTAL,NR,T,ES,2013-01-01,0.0,,
ESTAT:MIGR_EMI1CTZ(1.0),01/07/26 23:00:00,A,TOTAL,COMPLET,TOTAL,NR,T,ES,2013-01-01,532303.0,,
ESTAT:MIGR_EMI1CTZ(1.0),01/07/26 23:00:00,A,TV,COMPLET,TOTAL,NR,T,ES,2013-01-01,0.0,,
ESTAT:MIGR_EMI1CTZ(1.0),01/07/26 23:00:00,A,TW,COMPLET,TOTAL,NR,T,ES,2013-01-01,0.0,,
ESTAT:MIGR_EMI1CTZ(1.0),01/07/26 23:00:00,A,UA,COMPLET,TOTAL,NR,T,ES,2013-01-01,5449.0,,
ESTAT:MIGR_EMI1CTZ(1.0),01/07/26 23:00:00,A,UK,COMPLET,TOTAL,NR,T,ES,2013-01-01,18649.0,,
ESTAT:MIGR_EMI1CTZ(1.0),01/07/26 23:00:00,A,UNK,COMPLET,TOTAL,NR,T,ES,2013-01-01,0.0,,
ESTAT:MIGR_EMI1CTZ(1.0),01/07/26 23:00:00,A,US,COMPLET,TOTAL,NR,T,ES,2013-01-01,4531.0,,
ESTAT:MIGR_EMI1CTZ(1.0),01/07/26 23:00:00,A,UY,COMPLET,TOTAL,NR,T,ES,2013-01-01,2824.0,,
ESTAT:MIGR_EMI1CTZ(1.0),01/07/26 23:00:00,A,VE,COMPLET,TOTAL,NR,T,ES,2013-01-01,6133.0,,
ESTAT:MIGR_EMI1CTZ(1.0),01/07/26 23:00:00,A,VG,COMPLET,TOTAL,NR,T,ES,2013-01-01,0.0,,
ESTAT:MIGR_EMI1CTZ(1.0),01/07/26 23:00:00,A,VU,COMPLET,TOTAL,NR,T,ES,2013-01-01,0.0,,
ESTAT:MIGR_EMI1CTZ(1.0),01/07/26 23:00:00,A,WF,COMPLET,TOTAL,NR,T,ES,2013-01-01,0.0,,
ESTAT:MIGR_EMI1CTZ(1.0),01/07/26 23:00:00,A,WS,COMPLET,TOTAL,NR,T,ES,2013-01-01,0.0,,
ESTAT:MIGR_EMI1CTZ(1.0),01/07/26 23:00:00,A,XK,COMPLET,TOTAL,NR,T,ES,2013-01-01,0.0,,
ESTAT:MIGR_EMI1CTZ(1.0),01/07/26 23:00:00,A,YT,COMPLET,TOTAL,NR,T,ES,2013-01-01,0.0,,
ESTAT:MIGR_EMI1CTZ(1.0),01/07/26 23:00:00,A,AFR,COMPLET,TOTAL,NR,T,ES,2014-01-01,50861.0,,
ESTAT:MIGR_EMI1CTZ(1.0),01/07/26 23:00:00,A,AFR_C,COMPLET,TOTAL,NR,T,ES,2014-01-01,1760.0,,
ESTAT:MIGR_EMI1CTZ(1.0),01/07/26 23:00:00,A,AFR_E,COMPLET,TOTAL,NR,T,ES,2014-01-01,163.0,,
ESTAT:MIGR_EMI1CTZ(1.0),01/07/26 23:00:00,A,AFR_N,COMPLET,TOTAL,NR,T,ES,2014-01-01,35807.0,,
ESTAT:MIGR_EMI1CTZ(1.0),01/07/26 23:00:00,A,AFR_S,COMPLET,TOTAL,NR,T,ES,2014-01-01,70.0,,
ESTAT:MIGR_EMI1CTZ(1.0),01/07/26 23:00:00,A,AFR_W,COMPLET,TOTAL,NR,T,ES,2014-01-01,13061.0,,
ESTAT:MIGR_EMI1CTZ(1.0),01/07/26 23:00:00,A,AI,COMPLET,TOTAL,NR,T,ES,2014-01-01,0.0,,
ESTAT:MIGR_EMI1CTZ(1.0),01/07/26 23:00:00,A,AME,COMPLET,TOTAL,NR,T,ES,2014-01-01,85647.0,,
ESTAT:MIGR_EMI1CTZ(1.0),01/07/26 23:00:00,A,AME_C,COMPLET,TOTAL,NR,T,ES,2014-01-01,7599.0,,
ESTAT:MIGR_EMI1CTZ(1.0),01/07/26 23:00:00,A,AME_N,COMPLET,TOTAL,NR,T,ES,2014-01-01,3593.0,,
ESTAT:MIGR_EMI1CTZ(1.0),01/07/26 23:00:00,A,AME_S,COMPLET,TOTAL,NR,T,ES,2014-01-01,67369.0,,
ESTAT:MIGR_EMI1CTZ(1.0),01/07/26 23:00:00,A,AN,COMPLET,TOTAL,NR,T,ES,2014-01-01,0.0,,
ESTAT:MIGR_EMI1CTZ(1.0),01/07/26 23:00:00,A,AR,COMPLET,TOTAL,NR,T,ES,2014-01-01,4743.0,,
ESTAT:MIGR_EMI1CTZ(1.0),01/07/26 23:00:00,A,ASI,COMPLET,TOTAL,NR,T,ES,2014-01-01,27329.0,,
ESTAT:MIGR_EMI1CTZ(1.0),01/07/26 23:00:00,A,ASI_C,COMPLET,TOTAL,NR,T,ES,2014-01-01,159.0,,
ESTAT:MIGR_EMI1CTZ(1.0),01/07/26 23:00:00,A,ASI_E,COMPLET,TOTAL,NR,T,ES,2014-01-01,11386.0,,
ESTAT:MIGR_EMI1CTZ(1.0),01/07/26 23:00:00,A,ASI_S,COMPLET,TOTAL,NR,T,ES,2014-01-01,12466.0,,
ESTAT:MIGR_EMI1CTZ(1.0),01/07/26 23:00:00,A,ASI_S_E,COMPLET,TOTAL,NR,T,ES,2014-01-01,1512.0,,
ESTAT:MIGR_EMI1CTZ(1.0),01/07/26 23:00:00,A,ASI_W,COMPLET,TOTAL,NR,T,ES,2014-01-01,1806.0,,
ESTAT:MIGR_EMI1CTZ(1.0),01/07/26 23:00:00,A,AU,COMPLET,TOTAL,NR,T,ES,2014-01-01,141.0,,
ESTAT:MIGR_EMI1CTZ(1.0),01/07/26 23:00:00,A,AU_NZ,COMPLET,TOTAL,NR,T,ES,2014-01-01,193.0,,
ESTAT:MIGR_EMI1CTZ(1.0),01/07/26 23:00:00,A,AW,COMPLET,TOTAL,NR,T,ES,2014-01-01,0.0,,
ESTAT:MIGR_EMI1CTZ(1.0),01/07/26 23:00:00,A,BD,COMPLET,TOTAL,NR,T,ES,2014-01-01,1399.0,,
ESTAT:MIGR_EMI1CTZ(1.0),01/07/26 23:00:00,A,BE,COMPLET,TOTAL,NR,T,ES,2014-01-01,1677.0,,
ESTAT:MIGR_EMI1CTZ(1.0),01/07/26 23:00:00,A,BG,COMPLET,TOTAL,NR,T,ES,2014-01-01,10610.0,,
ESTAT:MIGR_EMI1CTZ(1.0),01/07/26 23:00:00,A,BL,COMPLET,TOTAL,NR,T,ES,2014-01-01,0.0,,
ESTAT:MIGR_EMI1CTZ(1.0),01/07/26 23:00:00,A,BM,COMPLET,TOTAL,NR,T,ES,2014-01-01,0.0,,
ESTAT:MIGR_EMI1CTZ(1.0),01/07/26 23:00:00,A,BO,COMPLET,TOTAL,NR,T,ES,2014-01-01,10661.0,,
ESTAT:MIGR_EMI1CTZ(1.0),01/07/26 23:00:00,A,BQ,COMPLET,TOTAL,NR,T,ES,2014-01-01,0.0,,
ESTAT:MIGR_EMI1CTZ(1.0),01/07/26 23:00:00,A,BR,COMPLET,TOTAL,NR,T,ES,2014-01-01,7524.0,,
ESTAT:MIGR_EMI1CTZ(1.0),01/07/26 23:00:00,A,CA,COMPLET,TOTAL,NR,T,ES,2014-01-01,253.0,,
ESTAT:MIGR_EMI1CTZ(1.0),01/07/26 23:00:00,A,CH,COMPLET,TOTAL,NR,T,ES,2014-01-01,719.0,,
ESTAT:MIGR_EMI1CTZ(1.0),01/07/26 23:00:00,A,CL,COMPLET,TOTAL,NR,T,ES,2014-01-01,2737.0,,
ESTAT:MIGR_EMI1CTZ(1.0),01/07/26 23:00:00,A,CN,COMPLET,TOTAL,NR,T,ES,2014-01-01,10365.0,,
ESTAT:MIGR_EMI1CTZ(1.0),01/07/26 23:00:00,A,CO,COMPLET,TOTAL,NR,T,ES,2014-01-01,11152.0,,
ESTAT:MIGR_EMI1CTZ(1.0),01/07/26 23:00:00,A,CRB,COMPLET,TOTAL,NR,T,ES,2014-01-01,7086.0,,
ESTAT:MIGR_EMI1CTZ(1.0),01/07/26 23:00:00,A,CU,COMPLET,TOTAL,NR,T,ES,2014-01-01,2105.0,,
ESTAT:MIGR_EMI1CTZ(1.0),01/07/26 23:00:00,A,CW,COMPLET,TOTAL,NR,T,ES,2014-01-01,0.0,,
ESTAT:MIGR_EMI1CTZ(1.0),01/07/26 23:00:00,A,CZ_SK,COMPLET,TOTAL,NR,T,ES,2014-01-01,0.0,,
ESTAT:MIGR_EMI1CTZ(1.0),01/07/26 23:00:00,A,DE,COMPLET,TOTAL,NR,T,ES,2014-01-01,9497.0,,
ESTAT:MIGR_EMI1CTZ(1.0),01/07/26 23:00:00,A,DK,COMPLET,TOTAL,NR,T,ES,2014-01-01,550.0,,
ESTAT:MIGR_EMI1CTZ(1.0),01/07/26 23:00:00,A,DO,COMPLET,TOTAL,NR,T,ES,2014-01-01,4930.0,,
ESTAT:MIGR_EMI1CTZ(1.0),01/07/26 23:00:00,A,DZ,COMPLET,TOTAL,NR,T,ES,2014-01-01,4854.0,,
ESTAT:MIGR_EMI1CTZ(1.0),01/07/26 23:00:00,A,EC,COMPLET,TOTAL,NR,T,ES,2014-01-01,13031.0,,
ESTAT:MIGR_EMI1CTZ(1.0),01/07/26 23:00:00,A,EH,COMPLET,TOTAL,NR,T,ES,2014-01-01,0.0,,
ESTAT:MIGR_EMI1CTZ(1.0),01/07/26 23:00:00,A,ES,COMPLET,TOTAL,NR,T,ES,2014-01-01,80441.0,,
ESTAT:MIGR_EMI1CTZ(1.0),01/07/26 23:00:00,A,EU28_FOR,COMPLET,TOTAL,NR,T,ES,2014-01-01,145594.0,,
ESTAT:MIGR_EMI1CTZ(1.0),01/07/26 23:00:00,A,EUR,COMPLET,TOTAL,NR,T,ES,2014-01-01,236243.0,,
ESTAT:MIGR_EMI1CTZ(1.0),01/07/26 23:00:00,A,EX_SU,COMPLET,TOTAL,NR,T,ES,2014-01-01,0.0,,
ESTAT:MIGR_EMI1CTZ(1.0),01/07/26 23:00:00,A,EX_YU,COMPLET,TOTAL,NR,T,ES,2014-01-01,0.0,,
ESTAT:MIGR_EMI1CTZ(1.0),01/07/26 23:00:00,A,FI,COMPLET,TOTAL,NR,T,ES,2014-01-01,458.0,,
ESTAT:MIGR_EMI1CTZ(1.0),01/07/26 23:00:00,A,FJ,COMPLET,TOTAL,NR,T,ES,2014-01-01,0.0,,
ESTAT:MIGR_EMI1CTZ(1.0),01/07/26 23:00:00,A,FK,COMPLET,TOTAL,NR,T,ES,2014-01-01,0.0,,
ESTAT:MIGR_EMI1CTZ(1.0),01/07/26 23:00:00,A,FM,COMPLET,TOTAL,NR,T,ES,2014-01-01,1.0,,
ESTAT:MIGR_EMI1CTZ(1.0),01/07/26 23:00:00,A,FO,COMPLET,TOTAL,NR,T,ES,2014-01-01,0.0,,
ESTAT:MIGR_EMI1CTZ(1.0),01/07/26 23:00:00,A,FOR_STLS,COMPLET,TOTAL,NR,T,ES,2014-01-01,319989.0,,
ESTAT:MIGR_EMI1CTZ(1.0),01/07/26 23:00:00,A,FR,COMPLET,TOTAL,NR,T,ES,2014-01-01,8739.0,,
ESTAT:MIGR_EMI1CTZ(1.0),01/07/26 23:00:00,A,GG,COMPLET,TOTAL,NR,T,ES,2014-01-01,0.0,,
ESTAT:MIGR_EMI1CTZ(1.0),01/07/26 23:00:00,A,GH,COMPLET,TOTAL,NR,T,ES,2014-01-01,1074.0,,
ESTAT:MIGR_EMI1CTZ(1.0),01/07/26 23:00:00,A,GI,COMPLET,TOTAL,NR,T,ES,2014-01-01,0.0,,
ESTAT:MIGR_EMI1CTZ(1.0),01/07/26 23:00:00,A,GL,COMPLET,TOTAL,NR,T,ES,2014-01-01,0.0,,
ESTAT:MIGR_EMI1CTZ(1.0),01/07/26 23:00:00,A,GM,COMPLET,TOTAL,NR,T,ES,2014-01-01,1391.0,,
ESTAT:MIGR_EMI1CTZ(1.0),01/07/26 23:00:00,A,GN,COMPLET,TOTAL,NR,T,ES,2014-01-01,779.0,,
ESTAT:MIGR_EMI1CTZ(1.0),01/07/26 23:00:00,A,GQ,COMPLET,TOTAL,NR,T,ES,2014-01-01,1035.0,,
ESTAT:MIGR_EMI1CTZ(1.0),01/07/26 23:00:00,A,GY,COMPLET,TOTAL,NR,T,ES,2014-01-01,3.0,,
ESTAT:MIGR_EMI1CTZ(1.0),01/07/26 23:00:00,A,HN,COMPLET,TOTAL,NR,T,ES,2014-01-01,2299.0,,
ESTAT:MIGR_EMI1CTZ(1.0),01/07/26 23:00:00,A,IE,COMPLET,TOTAL,NR,T,ES,2014-01-01,1081.0,,
ESTAT:MIGR_EMI1CTZ(1.0),01/07/26 23:00:00,A,IM,COMPLET,TOTAL,NR,T,ES,2014-01-01,0.0,,
ESTAT:MIGR_EMI1CTZ(1.0),01/07/26 23:00:00,A,IN,COMPLET,TOTAL,NR,T,ES,2014-01-01,2519.0,,
ESTAT:MIGR_EMI1CTZ(1.0),01/07/26 23:00:00,A,IT,COMPLET,TOTAL,NR,T,ES,2014-01-01,13038.0,,
ESTAT:MIGR_EMI1CTZ(1.0),01/07/26 23:00:00,A,JE,COMPLET,TOTAL,NR,T,ES,2014-01-01,0.0,,
ESTAT:MIGR_EMI1CTZ(1.0),01/07/26 23:00:00,A,KI,COMPLET,TOTAL,NR,T,ES,2014-01-01,0.0,,
ESTAT:MIGR_EMI1CTZ(1.0),01/07/26 23:00:00,A,KY,COMPLET,TOTAL,NR,T,ES,2014-01-01,0.0,,
ESTAT:MIGR_EMI1CTZ(1.0),01/07/26 23:00:00,A,LT,COMPLET,TOTAL,NR,T,ES,2014-01-01,1602.0,,
ESTAT:MIGR_EMI1CTZ(1.0),01/07/26 23:00:00,A,MA,COMPLET,TOTAL,NR,T,ES,2014-01-01,30544.0,,
ESTAT:MIGR_EMI1CTZ(1.0),01/07/26 23:00:00,A,MD,COMPLET,TOTAL,NR,T,ES,2014-01-01,506.0,,
ESTAT:MIGR_EMI1CTZ(1.0),01/07/26 23:00:00,A,MEL,COMPLET,TOTAL,NR,T,ES,2014-01-01,0.0,,
ESTAT:MIGR_EMI1CTZ(1.0),01/07/26 23:00:00,A,MIC,COMPLET,TOTAL,NR,T,ES,2014-01-01,1.0,,
ESTAT:MIGR_EMI1CTZ(1.0),01/07/26 23:00:00,A,ML,COMPLET,TOTAL,NR,T,ES,2014-01-01,1725.0,,
ESTAT:MIGR_EMI1CTZ(1.0),01/07/26 23:00:00,A,MR,COMPLET,TOTAL,NR,T,ES,2014-01-01,725.0,,
ESTAT:MIGR_EMI1CTZ(1.0),01/07/26 23:00:00,A,MS,COMPLET,TOTAL,NR,T,ES,2014-01-01,0.0,,
ESTAT:MIGR_EMI1CTZ(1.0),01/07/26 23:00:00,A,MX,COMPLET,TOTAL,NR,T,ES,2014-01-01,2855.0,,
ESTAT:MIGR_EMI1CTZ(1.0),01/07/26 23:00:00,A,NAT,COMPLET,TOTAL,NR,T,ES,2014-01-01,80441.0,,
ESTAT:MIGR_EMI1CTZ(1.0),01/07/26 23:00:00,A,NC,COMPLET,TOTAL,NR,T,ES,2014-01-01,0.0,,
ESTAT:MIGR_EMI1CTZ(1.0),01/07/26 23:00:00,A,NEU28_FOR,COMPLET,TOTAL,NR,T,ES,2014-01-01,174384.0,,
ESTAT:MIGR_EMI1CTZ(1.0),01/07/26 23:00:00,A,NG,COMPLET,TOTAL,NR,T,ES,2014-01-01,2808.0,,
ESTAT:MIGR_EMI1CTZ(1.0),01/07/26 23:00:00,A,NI,COMPLET,TOTAL,NR,T,ES,2014-01-01,1425.0,,
ESTAT:MIGR_EMI1CTZ(1.0),01/07/26 23:00:00,A,NL,COMPLET,TOTAL,NR,T,ES,2014-01-01,3058.0,,
ESTAT:MIGR_EMI1CTZ(1.0),01/07/26 23:00:00,A,NO,COMPLET,TOTAL,NR,T,ES,2014-01-01,1308.0,,
ESTAT:MIGR_EMI1CTZ(1.0),01/07/26 23:00:00,A,NR,COMPLET,TOTAL,NR,T,ES,2014-01-01,0.0,,
ESTAT:MIGR_EMI1CTZ(1.0),01/07/26 23:00:00,A,NZ,COMPLET,TOTAL,NR,T,ES,2014-01-01,52.0,,
ESTAT:MIGR_EMI1CTZ(1.0),01/07/26 23:00:00,A,OCE,COMPLET,TOTAL,NR,T,ES,2014-01-01,194.0,,
ESTAT:MIGR_EMI1CTZ(1.0),01/07/26 23:00:00,A,OTH,COMPLET,TOTAL,NR,T,ES,2014-01-01,145.0,,
ESTAT:MIGR_EMI1CTZ(1.0),01/07/26 23:00:00,A,PE,COMPLET,TOTAL,NR,T,ES,2014-01-01,5934.0,,
ESTAT:MIGR_EMI1CTZ(1.0),01/07/26 23:00:00,A,PF,COMPLET,TOTAL,NR,T,ES,2014-01-01,0.0,,
ESTAT:MIGR_EMI1CTZ(1.0),01/07/26 23:00:00,A,PG,COMPLET,TOTAL,NR,T,ES,2014-01-01,0.0,,
ESTAT:MIGR_EMI1CTZ(1.0),01/07/26 23:00:00,A,PH,COMPLET,TOTAL,NR,T,ES,2014-01-01,1315.0,,
ESTAT:MIGR_EMI1CTZ(1.0),01/07/26 23:00:00,A,PK,COMPLET,TOTAL,NR,T,ES,2014-01-01,7967.0,,
ESTAT:MIGR_EMI1CTZ(1.0),01/07/26 23:00:00,A,PL,COMPLET,TOTAL,NR,T,ES,2014-01-01,4805.0,,
ESTAT:MIGR_EMI1CTZ(1.0),01/07/26 23:00:00,A,PM,COMPLET,TOTAL,NR,T,ES,2014-01-01,0.0,,
ESTAT:MIGR_EMI1CTZ(1.0),01/07/26 23:00:00,A,PN,COMPLET,TOTAL,NR,T,ES,2014-01-01,0.0,,
ESTAT:MIGR_EMI1CTZ(1.0),01/07/26 23:00:00,A,POL,COMPLET,TOTAL,NR,T,ES,2014-01-01,0.0,,
ESTAT:MIGR_EMI1CTZ(1.0),01/07/26 23:00:00,A,PS,COMPLET,TOTAL,NR,T,ES,2014-01-01,0.0,,
ESTAT:MIGR_EMI1CTZ(1.0),01/07/26 23:00:00,A,PT,COMPLET,TOTAL,NR,T,ES,2014-01-01,8875.0,,
ESTAT:MIGR_EMI1CTZ(1.0),01/07/26 23:00:00,A,PW,COMPLET,TOTAL,NR,T,ES,2014-01-01,0.0,,
ESTAT:MIGR_EMI1CTZ(1.0),01/07/26 23:00:00,A,PY,COMPLET,TOTAL,NR,T,ES,2014-01-01,6959.0,,
ESTAT:MIGR_EMI1CTZ(1.0),01/07/26 23:00:00,A,RNC,COMPLET,TOTAL,NR,T,ES,2014-01-01,0.0,,
ESTAT:MIGR_EMI1CTZ(1.0),01/07/26 23:00:00,A,RO,COMPLET,TOTAL,NR,T,ES,2014-01-01,55968.0,,
ESTAT:MIGR_EMI1CTZ(1.0),01/07/26 23:00:00,A,RS_ME,COMPLET,TOTAL,NR,T,ES,2014-01-01,0.0,,
ESTAT:MIGR_EMI1CTZ(1.0),01/07/26 23:00:00,A,RU,COMPLET,TOTAL,NR,T,ES,2014-01-01,3735.0,,
ESTAT:MIGR_EMI1CTZ(1.0),01/07/26 23:00:00,A,SB,COMPLET,TOTAL,NR,T,ES,2014-01-01,0.0,,
ESTAT:MIGR_EMI1CTZ(1.0),01/07/26 23:00:00,A,SE,COMPLET,TOTAL,NR,T,ES,2014-01-01,1548.0,,
ESTAT:MIGR_EMI1CTZ(1.0),01/07/26 23:00:00,A,SH,COMPLET,TOTAL,NR,T,ES,2014-01-01,0.0,,
ESTAT:MIGR_EMI1CTZ(1.0),01/07/26 23:00:00,A,SN,COMPLET,TOTAL,NR,T,ES,2014-01-01,3829.0,,
ESTAT:MIGR_EMI1CTZ(1.0),01/07/26 23:00:00,A,SR,COMPLET,TOTAL,NR,T,ES,2014-01-01,1.0,,
ESTAT:MIGR_EMI1CTZ(1.0),01/07/26 23:00:00,A,STLS,COMPLET,TOTAL,NR,T,ES,2014-01-01,11.0,,
ESTAT:MIGR_EMI1CTZ(1.0),01/07/26 23:00:00,A,SX,COMPLET,TOTAL,NR,T,ES,2014-01-01,0.0,,
ESTAT:MIGR_EMI1CTZ(1.0),01/07/26 23:00:00,A,TC,COMPLET,TOTAL,NR,T,ES,2014-01-01,0.0,,
ESTAT:MIGR_EMI1CTZ(1.0),01/07/26 23:00:00,A,TL,COMPLET,TOTAL,NR,T,ES,2014-01-01,0.0,,
ESTAT:MIGR_EMI1CTZ(1.0),01/07/26 23:00:00,A,TO,COMPLET,TOTAL,NR,T,ES,2014-01-01,0.0,,
ESTAT:MIGR_EMI1CTZ(1.0),01/07/26 23:00:00,A,TOTAL,COMPLET,TOTAL,NR,T,ES,2014-01-01,400430.0,,
ESTAT:MIGR_EMI1CTZ(1.0),01/07/26 23:00:00,A,TV,COMPLET,TOTAL,NR,T,ES,2014-01-01,0.0,,
ESTAT:MIGR_EMI1CTZ(1.0),01/07/26 23:00:00,A,TW,COMPLET,TOTAL,NR,T,ES,2014-01-01,0.0,,
ESTAT:MIGR_EMI1CTZ(1.0),01/07/26 23:00:00,A,UA,COMPLET,TOTAL,NR,T,ES,2014-01-01,2890.0,,
ESTAT:MIGR_EMI1CTZ(1.0),01/07/26 23:00:00,A,UK,COMPLET,TOTAL,NR,T,ES,2014-01-01,20797.0,,
ESTAT:MIGR_EMI1CTZ(1.0),01/07/26 23:00:00,A,UNK,COMPLET,TOTAL,NR,T,ES,2014-01-01,0.0,,
ESTAT:MIGR_EMI1CTZ(1.0),01/07/26 23:00:00,A,US,COMPLET,TOTAL,NR,T,ES,2014-01-01,3340.0,,
ESTAT:MIGR_EMI1CTZ(1.0),01/07/26 23:00:00,A,UY,COMPLET,TOTAL,NR,T,ES,2014-01-01,1525.0,,
ESTAT:MIGR_EMI1CTZ(1.0),01/07/26 23:00:00,A,VE,COMPLET,TOTAL,NR,T,ES,2014-01-01,3099.0,,
ESTAT:MIGR_EMI1CTZ(1.0),01/07/26 23:00:00,A,VG,COMPLET,TOTAL,NR,T,ES,2014-01-01,0.0,,
ESTAT:MIGR_EMI1CTZ(1.0),01/07/26 23:00:00,A,VU,COMPLET,TOTAL,NR,T,ES,2014-01-01,0.0,,
ESTAT:MIGR_EMI1CTZ(1.0),01/07/26 23:00:00,A,WF,COMPLET,TOTAL,NR,T,ES,2014-01-01,0.0,,
ESTAT:MIGR_EMI1CTZ(1.0),01/07/26 23:00:00,A,WS,COMPLET,TOTAL,NR,T,ES,2014-01-01,0.0,,
ESTAT:MIGR_EMI1CTZ(1.0),01/07/26 23:00:00,A,XK,COMPLET,TOTAL,NR,T,ES,2014-01-01,0.0,,
ESTAT:MIGR_EMI1CTZ(1.0),01/07/26 23:00:00,A,AR,COMPLET,TOTAL,NR,T,ES,2015-01-01,3724.0,,
ESTAT:MIGR_EMI1CTZ(1.0),01/07/26 23:00:00,A,BD,COMPLET,TOTAL,NR,T,ES,2015-01-01,975.0,,
ESTAT:MIGR_EMI1CTZ(1.0),01/07/26 23:00:00,A,BE,COMPLET,TOTAL,NR,T,ES,2015-01-01,1392.0,,
ESTAT:MIGR_EMI1CTZ(1.0),01/07/26 23:00:00,A,BG,COMPLET,TOTAL,NR,T,ES,2015-01-01,9359.0,,
ESTAT:MIGR_EMI1CTZ(1.0),01/07/26 23:00:00,A,BO,COMPLET,TOTAL,NR,T,ES,2015-01-01,6119.0,,
ESTAT:MIGR_EMI1CTZ(1.0),01/07/26 23:00:00,A,BR,COMPLET,TOTAL,NR,T,ES,2015-01-01,4890.0,,
ESTAT:MIGR_EMI1CTZ(1.0),01/07/26 23:00:00,A,CH,COMPLET,TOTAL,NR,T,ES,2015-01-01,601.0,,
ESTAT:MIGR_EMI1CTZ(1.0),01/07/26 23:00:00,A,CL,COMPLET,TOTAL,NR,T,ES,2015-01-01,1731.0,,
ESTAT:MIGR_EMI1CTZ(1.0),01/07/26 23:00:00,A,CN,COMPLET,TOTAL,NR,T,ES,2015-01-01,7560.0,,
ESTAT:MIGR_EMI1CTZ(1.0),01/07/26 23:00:00,A,CO,COMPLET,TOTAL,NR,T,ES,2015-01-01,7273.0,,
ESTAT:MIGR_EMI1CTZ(1.0),01/07/26 23:00:00,A,CU,COMPLET,TOTAL,NR,T,ES,2015-01-01,1633.0,,
ESTAT:MIGR_EMI1CTZ(1.0),01/07/26 23:00:00,A,DE,COMPLET,TOTAL,NR,T,ES,2015-01-01,8711.0,,
ESTAT:MIGR_EMI1CTZ(1.0),01/07/26 23:00:00,A,DK,COMPLET,TOTAL,NR,T,ES,2015-01-01,574.0,,
ESTAT:MIGR_EMI1CTZ(1.0),01/07/26 23:00:00,A,DO,COMPLET,TOTAL,NR,T,ES,2015-01-01,3422.0,,
ESTAT:MIGR_EMI1CTZ(1.0),01/07/26 23:00:00,A,DZ,COMPLET,TOTAL,NR,T,ES,2015-01-01,4035.0,,
ESTAT:MIGR_EMI1CTZ(1.0),01/07/26 23:00:00,A,EC,COMPLET,TOTAL,NR,T,ES,2015-01-01,7750.0,,
ESTAT:MIGR_EMI1CTZ(1.0),01/07/26 23:00:00,A,ES,COMPLET,TOTAL,NR,T,ES,2015-01-01,94645.0,,
ESTAT:MIGR_EMI1CTZ(1.0),01/07/26 23:00:00,A,EU28_FOR,COMPLET,TOTAL,NR,T,ES,2015-01-01,124472.0,,
ESTAT:MIGR_EMI1CTZ(1.0),01/07/26 23:00:00,A,FI,COMPLET,TOTAL,NR,T,ES,2015-01-01,526.0,,
ESTAT:MIGR_EMI1CTZ(1.0),01/07/26 23:00:00,A,FOR_STLS,COMPLET,TOTAL,NR,T,ES,2015-01-01,249230.0,,
ESTAT:MIGR_EMI1CTZ(1.0),01/07/26 23:00:00,A,FR,COMPLET,TOTAL,NR,T,ES,2015-01-01,6847.0,,
ESTAT:MIGR_EMI1CTZ(1.0),01/07/26 23:00:00,A,GH,COMPLET,TOTAL,NR,T,ES,2015-01-01,985.0,,
ESTAT:MIGR_EMI1CTZ(1.0),01/07/26 23:00:00,A,GM,COMPLET,TOTAL,NR,T,ES,2015-01-01,966.0,,
ESTAT:MIGR_EMI1CTZ(1.0),01/07/26 23:00:00,A,GN,COMPLET,TOTAL,NR,T,ES,2015-01-01,611.0,,
ESTAT:MIGR_EMI1CTZ(1.0),01/07/26 23:00:00,A,GQ,COMPLET,TOTAL,NR,T,ES,2015-01-01,673.0,,
ESTAT:MIGR_EMI1CTZ(1.0),01/07/26 23:00:00,A,HN,COMPLET,TOTAL,NR,T,ES,2015-01-01,1548.0,,
ESTAT:MIGR_EMI1CTZ(1.0),01/07/26 23:00:00,A,IE,COMPLET,TOTAL,NR,T,ES,2015-01-01,1053.0,,
ESTAT:MIGR_EMI1CTZ(1.0),01/07/26 23:00:00,A,IN,COMPLET,TOTAL,NR,T,ES,2015-01-01,2007.0,,
ESTAT:MIGR_EMI1CTZ(1.0),01/07/26 23:00:00,A,IT,COMPLET,TOTAL,NR,T,ES,2015-01-01,9862.0,,
ESTAT:MIGR_EMI1CTZ(1.0),01/07/26 23:00:00,A,LT,COMPLET,TOTAL,NR,T,ES,2015-01-01,1313.0,,
ESTAT:MIGR_EMI1CTZ(1.0),01/07/26 23:00:00,A,MA,COMPLET,TOTAL,NR,T,ES,2015-01-01,23538.0,,
ESTAT:MIGR_EMI1CTZ(1.0),01/07/26 23:00:00,A,MD,COMPLET,TOTAL,NR,T,ES,2015-01-01,365.0,,
ESTAT:MIGR_EMI1CTZ(1.0),01/07/26 23:00:00,A,ML,COMPLET,TOTAL,NR,T,ES,2015-01-01,1273.0,,
ESTAT:MIGR_EMI1CTZ(1.0),01/07/26 23:00:00,A,MR,COMPLET,TOTAL,NR,T,ES,2015-01-01,724.0,,
ESTAT:MIGR_EMI1CTZ(1.0),01/07/26 23:00:00,A,MX,COMPLET,TOTAL,NR,T,ES,2015-01-01,2027.0,,
ESTAT:MIGR_EMI1CTZ(1.0),01/07/26 23:00:00,A,NAT,COMPLET,TOTAL,NR,T,ES,2015-01-01,94645.0,,
ESTAT:MIGR_EMI1CTZ(1.0),01/07/26 23:00:00,A,NEU28_FOR,COMPLET,TOTAL,NR,T,ES,2015-01-01,124744.0,,
ESTAT:MIGR_EMI1CTZ(1.0),01/07/26 23:00:00,A,NG,COMPLET,TOTAL,NR,T,ES,2015-01-01,2074.0,,
ESTAT:MIGR_EMI1CTZ(1.0),01/07/26 23:00:00,A,NI,COMPLET,TOTAL,NR,T,ES,2015-01-01,999.0,,
ESTAT:MIGR_EMI1CTZ(1.0),01/07/26 23:00:00,A,NL,COMPLET,TOTAL,NR,T,ES,2015-01-01,2672.0,,
ESTAT:MIGR_EMI1CTZ(1.0),01/07/26 23:00:00,A,NO,COMPLET,TOTAL,NR,T,ES,2015-01-01,796.0,,
ESTAT:MIGR_EMI1CTZ(1.0),01/07/26 23:00:00,A,OTH,COMPLET,TOTAL,NR,T,ES,2015-01-01,69.0,,
ESTAT:MIGR_EMI1CTZ(1.0),01/07/26 23:00:00,A,PE,COMPLET,TOTAL,NR,T,ES,2015-01-01,3477.0,,
ESTAT:MIGR_EMI1CTZ(1.0),01/07/26 23:00:00,A,PH,COMPLET,TOTAL,NR,T,ES,2015-01-01,900.0,,
ESTAT:MIGR_EMI1CTZ(1.0),01/07/26 23:00:00,A,PK,COMPLET,TOTAL,NR,T,ES,2015-01-01,6098.0,,
ESTAT:MIGR_EMI1CTZ(1.0),01/07/26 23:00:00,A,PL,COMPLET,TOTAL,NR,T,ES,2015-01-01,4010.0,,
ESTAT:MIGR_EMI1CTZ(1.0),01/07/26 23:00:00,A,PT,COMPLET,TOTAL,NR,T,ES,2015-01-01,6609.0,,
ESTAT:MIGR_EMI1CTZ(1.0),01/07/26 23:00:00,A,PY,COMPLET,TOTAL,NR,T,ES,2015-01-01,4022.0,,
ESTAT:MIGR_EMI1CTZ(1.0),01/07/26 23:00:00,A,RO,COMPLET,TOTAL,NR,T,ES,2015-01-01,49124.0,,
ESTAT:MIGR_EMI1CTZ(1.0),01/07/26 23:00:00,A,RU,COMPLET,TOTAL,NR,T,ES,2015-01-01,3254.0,,
ESTAT:MIGR_EMI1CTZ(1.0),01/07/26 23:00:00,A,SE,COMPLET,TOTAL,NR,T,ES,2015-01-01,1309.0,,
ESTAT:MIGR_EMI1CTZ(1.0),01/07/26 23:00:00,A,SN,COMPLET,TOTAL,NR,T,ES,2015-01-01,2964.0,,
ESTAT:MIGR_EMI1CTZ(1.0),01/07/26 23:00:00,A,STLS,COMPLET,TOTAL,NR,T,ES,2015-01-01,14.0,,
ESTAT:MIGR_EMI1CTZ(1.0),01/07/26 23:00:00,A,TOTAL,COMPLET,TOTAL,NR,T,ES,2015-01-01,343875.0,,
ESTAT:MIGR_EMI1CTZ(1.0),01/07/26 23:00:00,A,UA,COMPLET,TOTAL,NR,T,ES,2015-01-01,2156.0,,
ESTAT:MIGR_EMI1CTZ(1.0),01/07/26 23:00:00,A,UK,COMPLET,TOTAL,NR,T,ES,2015-01-01,18452.0,,
ESTAT:MIGR_EMI1CTZ(1.0),01/07/26 23:00:00,A,UNK,COMPLET,TOTAL,NR,T,ES,2015-01-01,0.0,,
ESTAT:MIGR_EMI1CTZ(1.0),01/07/26 23:00:00,A,US,COMPLET,TOTAL,NR,T,ES,2015-01-01,2937.0,,
ESTAT:MIGR_EMI1CTZ(1.0),01/07/26 23:00:00,A,UY,COMPLET,TOTAL,NR,T,ES,2015-01-01,923.0,,
ESTAT:MIGR_EMI1CTZ(1.0),01/07/26 23:00:00,A,VE,COMPLET,TOTAL,NR,T,ES,2015-01-01,2482.0,,
ESTAT:MIGR_EMI1CTZ(1.0),01/07/26 23:00:00,A,AR,COMPLET,TOTAL,NR,T,ES,2016-01-01,2786.0,,
ESTAT:MIGR_EMI1CTZ(1.0),01/07/26 23:00:00,A,BD,COMPLET,TOTAL,NR,T,ES,2016-01-01,830.0,,
ESTAT:MIGR_EMI1CTZ(1.0),01/07/26 23:00:00,A,BE,COMPLET,TOTAL,NR,T,ES,2016-01-01,1440.0,,
ESTAT:MIGR_EMI1CTZ(1.0),01/07/26 23:00:00,A,BG,COMPLET,TOTAL,NR,T,ES,2016-01-01,8515.0,,
ESTAT:MIGR_EMI1CTZ(1.0),01/07/26 23:00:00,A,BO,COMPLET,TOTAL,NR,T,ES,2016-01-01,4395.0,,
ESTAT:MIGR_EMI1CTZ(1.0),01/07/26 23:00:00,A,BR,COMPLET,TOTAL,NR,T,ES,2016-01-01,4271.0,,
ESTAT:MIGR_EMI1CTZ(1.0),01/07/26 23:00:00,A,CH,COMPLET,TOTAL,NR,T,ES,2016-01-01,597.0,,
ESTAT:MIGR_EMI1CTZ(1.0),01/07/26 23:00:00,A,CL,COMPLET,TOTAL,NR,T,ES,2016-01-01,1564.0,,
ESTAT:MIGR_EMI1CTZ(1.0),01/07/26 23:00:00,A,CN,COMPLET,TOTAL,NR,T,ES,2016-01-01,7291.0,,
ESTAT:MIGR_EMI1CTZ(1.0),01/07/26 23:00:00,A,CO,COMPLET,TOTAL,NR,T,ES,2016-01-01,6274.0,,
ESTAT:MIGR_EMI1CTZ(1.0),01/07/26 23:00:00,A,CU,COMPLET,TOTAL,NR,T,ES,2016-01-01,1544.0,,
ESTAT:MIGR_EMI1CTZ(1.0),01/07/26 23:00:00,A,DE,COMPLET,TOTAL,NR,T,ES,2016-01-01,7345.0,,
ESTAT:MIGR_EMI1CTZ(1.0),01/07/26 23:00:00,A,DK,COMPLET,TOTAL,NR,T,ES,2016-01-01,731.0,,
ESTAT:MIGR_EMI1CTZ(1.0),01/07/26 23:00:00,A,DO,COMPLET,TOTAL,NR,T,ES,2016-01-01,3146.0,,
ESTAT:MIGR_EMI1CTZ(1.0),01/07/26 23:00:00,A,DZ,COMPLET,TOTAL,NR,T,ES,2016-01-01,4088.0,,
ESTAT:MIGR_EMI1CTZ(1.0),01/07/26 23:00:00,A,EC,COMPLET,TOTAL,NR,T,ES,2016-01-01,6235.0,,
ESTAT:MIGR_EMI1CTZ(1.0),01/07/26 23:00:00,A,ES,COMPLET,TOTAL,NR,T,ES,2016-01-01,89825.0,,
ESTAT:MIGR_EMI1CTZ(1.0),01/07/26 23:00:00,A,EU28_FOR,COMPLET,TOTAL,NR,T,ES,2016-01-01,120132.0,,
ESTAT:MIGR_EMI1CTZ(1.0),01/07/26 23:00:00,A,FI,COMPLET,TOTAL,NR,T,ES,2016-01-01,926.0,,
ESTAT:MIGR_EMI1CTZ(1.0),01/07/26 23:00:00,A,FOR_STLS,COMPLET,TOTAL,NR,T,ES,2016-01-01,237500.0,,
ESTAT:MIGR_EMI1CTZ(1.0),01/07/26 23:00:00,A,FR,COMPLET,TOTAL,NR,T,ES,2016-01-01,6695.0,,
ESTAT:MIGR_EMI1CTZ(1.0),01/07/26 23:00:00,A,GH,COMPLET,TOTAL,NR,T,ES,2016-01-01,786.0,,
ESTAT:MIGR_EMI1CTZ(1.0),01/07/26 23:00:00,A,GM,COMPLET,TOTAL,NR,T,ES,2016-01-01,819.0,,
ESTAT:MIGR_EMI1CTZ(1.0),01/07/26 23:00:00,A,GN,COMPLET,TOTAL,NR,T,ES,2016-01-01,587.0,,
ESTAT:MIGR_EMI1CTZ(1.0),01/07/26 23:00:00,A,GQ,COMPLET,TOTAL,NR,T,ES,2016-01-01,805.0,,
ESTAT:MIGR_EMI1CTZ(1.0),01/07/26 23:00:00,A,HN,COMPLET,TOTAL,NR,T,ES,2016-01-01,1604.0,,
ESTAT:MIGR_EMI1CTZ(1.0),01/07/26 23:00:00,A,IE,COMPLET,TOTAL,NR,T,ES,2016-01-01,1279.0,,
ESTAT:MIGR_EMI1CTZ(1.0),01/07/26 23:00:00,A,IN,COMPLET,TOTAL,NR,T,ES,2016-01-01,2010.0,,
ESTAT:MIGR_EMI1CTZ(1.0),01/07/26 23:00:00,A,IT,COMPLET,TOTAL,NR,T,ES,2016-01-01,9436.0,,
ESTAT:MIGR_EMI1CTZ(1.0),01/07/26 23:00:00,A,LT,COMPLET,TOTAL,NR,T,ES,2016-01-01,1071.0,,
ESTAT:MIGR_EMI1CTZ(1.0),01/07/26 23:00:00,A,MA,COMPLET,TOTAL,NR,T,ES,2016-01-01,23364.0,,
ESTAT:MIGR_EMI1CTZ(1.0),01/07/26 23:00:00,A,MD,COMPLET,TOTAL,NR,T,ES,2016-01-01,447.0,,
ESTAT:MIGR_EMI1CTZ(1.0),01/07/26 23:00:00,A,ML,COMPLET,TOTAL,NR,T,ES,2016-01-01,1220.0,,
ESTAT:MIGR_EMI1CTZ(1.0),01/07/26 23:00:00,A,MR,COMPLET,TOTAL,NR,T,ES,2016-01-01,480.0,,
ESTAT:MIGR_EMI1CTZ(1.0),01/07/26 23:00:00,A,MX,COMPLET,TOTAL,NR,T,ES,2016-01-01,1927.0,,
ESTAT:MIGR_EMI1CTZ(1.0),01/07/26 23:00:00,A,NAT,COMPLET,TOTAL,NR,T,ES,2016-01-01,89825.0,,
ESTAT:MIGR_EMI1CTZ(1.0),01/07/26 23:00:00,A,NEU28_FOR,COMPLET,TOTAL,NR,T,ES,2016-01-01,117352.0,,
ESTAT:MIGR_EMI1CTZ(1.0),01/07/26 23:00:00,A,NG,COMPLET,TOTAL,NR,T,ES,2016-01-01,1938.0,,
ESTAT:MIGR_EMI1CTZ(1.0),01/07/26 23:00:00,A,NI,COMPLET,TOTAL,NR,T,ES,2016-01-01,1098.0,,
ESTAT:MIGR_EMI1CTZ(1.0),01/07/26 23:00:00,A,NL,COMPLET,TOTAL,NR,T,ES,2016-01-01,2702.0,,
ESTAT:MIGR_EMI1CTZ(1.0),01/07/26 23:00:00,A,NO,COMPLET,TOTAL,NR,T,ES,2016-01-01,1455.0,,
ESTAT:MIGR_EMI1CTZ(1.0),01/07/26 23:00:00,A,OTH,COMPLET,TOTAL,NR,T,ES,2016-01-01,87.0,,
ESTAT:MIGR_EMI1CTZ(1.0),01/07/26 23:00:00,A,PE,COMPLET,TOTAL,NR,T,ES,2016-01-01,2974.0,,
ESTAT:MIGR_EMI1CTZ(1.0),01/07/26 23:00:00,A,PH,COMPLET,TOTAL,NR,T,ES,2016-01-01,931.0,,
ESTAT:MIGR_EMI1CTZ(1.0),01/07/26 23:00:00,A,PK,COMPLET,TOTAL,NR,T,ES,2016-01-01,5218.0,,
ESTAT:MIGR_EMI1CTZ(1.0),01/07/26 23:00:00,A,PL,COMPLET,TOTAL,NR,T,ES,2016-01-01,3371.0,,
ESTAT:MIGR_EMI1CTZ(1.0),01/07/26 23:00:00,A,PT,COMPLET,TOTAL,NR,T,ES,2016-01-01,6249.0,,
ESTAT:MIGR_EMI1CTZ(1.0),01/07/26 23:00:00,A,PY,COMPLET,TOTAL,NR,T,ES,2016-01-01,3314.0,,
ESTAT:MIGR_EMI1CTZ(1.0),01/07/26 23:00:00,A,RO,COMPLET,TOTAL,NR,T,ES,2016-01-01,46327.0,,
ESTAT:MIGR_EMI1CTZ(1.0),01/07/26 23:00:00,A,RU,COMPLET,TOTAL,NR,T,ES,2016-01-01,3847.0,,
ESTAT:MIGR_EMI1CTZ(1.0),01/07/26 23:00:00,A,SE,COMPLET,TOTAL,NR,T,ES,2016-01-01,1632.0,,
ESTAT:MIGR_EMI1CTZ(1.0),01/07/26 23:00:00,A,SN,COMPLET,TOTAL,NR,T,ES,2016-01-01,2750.0,,
ESTAT:MIGR_EMI1CTZ(1.0),01/07/26 23:00:00,A,STLS,COMPLET,TOTAL,NR,T,ES,2016-01-01,16.0,,
ESTAT:MIGR_EMI1CTZ(1.0),01/07/26 23:00:00,A,TOTAL,COMPLET,TOTAL,NR,T,ES,2016-01-01,327325.0,,
ESTAT:MIGR_EMI1CTZ(1.0),01/07/26 23:00:00,A,TW,COMPLET,TOTAL,NR,T,ES,2016-01-01,0.0,,
ESTAT:MIGR_EMI1CTZ(1.0),01/07/26 23:00:00,A,UA,COMPLET,TOTAL,NR,T,ES,2016-01-01,2588.0,,
ESTAT:MIGR_EMI1CTZ(1.0),01/07/26 23:00:00,A,UK,COMPLET,TOTAL,NR,T,ES,2016-01-01,19621.0,,
ESTAT:MIGR_EMI1CTZ(1.0),01/07/26 23:00:00,A,UNK,COMPLET,TOTAL,NR,T,ES,2016-01-01,0.0,,
ESTAT:MIGR_EMI1CTZ(1.0),01/07/26 23:00:00,A,US,COMPLET,TOTAL,NR,T,ES,2016-01-01,3386.0,,
ESTAT:MIGR_EMI1CTZ(1.0),01/07/26 23:00:00,A,UY,COMPLET,TOTAL,NR,T,ES,2016-01-01,737.0,,
ESTAT:MIGR_EMI1CTZ(1.0),01/07/26 23:00:00,A,VE,COMPLET,TOTAL,NR,T,ES,2016-01-01,2293.0,,
ESTAT:MIGR_EMI1CTZ(1.0),01/07/26 23:00:00,A,AR,COMPLET,TOTAL,NR,T,ES,2017-01-01,4188.0,,
ESTAT:MIGR_EMI1CTZ(1.0),01/07/26 23:00:00,A,BD,COMPLET,TOTAL,NR,T,ES,2017-01-01,666.0,,
ESTAT:MIGR_EMI1CTZ(1.0),01/07/26 23:00:00,A,BE,COMPLET,TOTAL,NR,T,ES,2017-01-01,2104.0,,
ESTAT:MIGR_EMI1CTZ(1.0),01/07/26 23:00:00,A,BG,COMPLET,TOTAL,NR,T,ES,2017-01-01,8878.0,,
ESTAT:MIGR_EMI1CTZ(1.0),01/07/26 23:00:00,A,BO,COMPLET,TOTAL,NR,T,ES,2017-01-01,4732.0,,
ESTAT:MIGR_EMI1CTZ(1.0),01/07/26 23:00:00,A,BR,COMPLET,TOTAL,NR,T,ES,2017-01-01,5858.0,,
ESTAT:MIGR_EMI1CTZ(1.0),01/07/26 23:00:00,A,CH,COMPLET,TOTAL,NR,T,ES,2017-01-01,963.0,,
ESTAT:MIGR_EMI1CTZ(1.0),01/07/26 23:00:00,A,CL,COMPLET,TOTAL,NR,T,ES,2017-01-01,2198.0,,
ESTAT:MIGR_EMI1CTZ(1.0),01/07/26 23:00:00,A,CN,COMPLET,TOTAL,NR,T,ES,2017-01-01,7614.0,,
ESTAT:MIGR_EMI1CTZ(1.0),01/07/26 23:00:00,A,CO,COMPLET,TOTAL,NR,T,ES,2017-01-01,7946.0,,
ESTAT:MIGR_EMI1CTZ(1.0),01/07/26 23:00:00,A,CU,COMPLET,TOTAL,NR,T,ES,2017-01-01,1978.0,,
ESTAT:MIGR_EMI1CTZ(1.0),01/07/26 23:00:00,A,DE,COMPLET,TOTAL,NR,T,ES,2017-01-01,10444.0,,
ESTAT:MIGR_EMI1CTZ(1.0),01/07/26 23:00:00,A,DK,COMPLET,TOTAL,NR,T,ES,2017-01-01,1121.0,,
ESTAT:MIGR_EMI1CTZ(1.0),01/07/26 23:00:00,A,DO,COMPLET,TOTAL,NR,T,ES,2017-01-01,3102.0,,
ESTAT:MIGR_EMI1CTZ(1.0),01/07/26 23:00:00,A,DZ,COMPLET,TOTAL,NR,T,ES,2017-01-01,4467.0,,
ESTAT:MIGR_EMI1CTZ(1.0),01/07/26 23:00:00,A,EC,COMPLET,TOTAL,NR,T,ES,2017-01-01,8176.0,,
ESTAT:MIGR_EMI1CTZ(1.0),01/07/26 23:00:00,A,ES,COMPLET,TOTAL,NR,T,ES,2017-01-01,86827.0,,
ESTAT:MIGR_EMI1CTZ(1.0),01/07/26 23:00:00,A,EU28_FOR,COMPLET,TOTAL,NR,T,ES,2017-01-01,144790.0,,
ESTAT:MIGR_EMI1CTZ(1.0),01/07/26 23:00:00,A,FI,COMPLET,TOTAL,NR,T,ES,2017-01-01,959.0,,
ESTAT:MIGR_EMI1CTZ(1.0),01/07/26 23:00:00,A,FOR_STLS,COMPLET,TOTAL,NR,T,ES,2017-01-01,282033.0,,
ESTAT:MIGR_EMI1CTZ(1.0),01/07/26 23:00:00,A,FR,COMPLET,TOTAL,NR,T,ES,2017-01-01,8221.0,,
ESTAT:MIGR_EMI1CTZ(1.0),01/07/26 23:00:00,A,GH,COMPLET,TOTAL,NR,T,ES,2017-01-01,931.0,,
ESTAT:MIGR_EMI1CTZ(1.0),01/07/26 23:00:00,A,GM,COMPLET,TOTAL,NR,T,ES,2017-01-01,979.0,,
ESTAT:MIGR_EMI1CTZ(1.0),01/07/26 23:00:00,A,GN,COMPLET,TOTAL,NR,T,ES,2017-01-01,807.0,,
ESTAT:MIGR_EMI1CTZ(1.0),01/07/26 23:00:00,A,GQ,COMPLET,TOTAL,NR,T,ES,2017-01-01,1247.0,,
ESTAT:MIGR_EMI1CTZ(1.0),01/07/26 23:00:00,A,HN,COMPLET,TOTAL,NR,T,ES,2017-01-01,1741.0,,
ESTAT:MIGR_EMI1CTZ(1.0),01/07/26 23:00:00,A,IE,COMPLET,TOTAL,NR,T,ES,2017-01-01,1574.0,,
ESTAT:MIGR_EMI1CTZ(1.0),01/07/26 23:00:00,A,IN,COMPLET,TOTAL,NR,T,ES,2017-01-01,2084.0,,
ESTAT:MIGR_EMI1CTZ(1.0),01/07/26 23:00:00,A,IT,COMPLET,TOTAL,NR,T,ES,2017-01-01,11342.0,,
ESTAT:MIGR_EMI1CTZ(1.0),01/07/26 23:00:00,A,LT,COMPLET,TOTAL,NR,T,ES,2017-01-01,1467.0,,
ESTAT:MIGR_EMI1CTZ(1.0),01/07/26 23:00:00,A,MA,COMPLET,TOTAL,NR,T,ES,2017-01-01,21982.0,,
ESTAT:MIGR_EMI1CTZ(1.0),01/07/26 23:00:00,A,MD,COMPLET,TOTAL,NR,T,ES,2017-01-01,541.0,,
ESTAT:MIGR_EMI1CTZ(1.0),01/07/26 23:00:00,A,ML,COMPLET,TOTAL,NR,T,ES,2017-01-01,1346.0,,
ESTAT:MIGR_EMI1CTZ(1.0),01/07/26 23:00:00,A,MR,COMPLET,TOTAL,NR,T,ES,2017-01-01,771.0,,
ESTAT:MIGR_EMI1CTZ(1.0),01/07/26 23:00:00,A,MX,COMPLET,TOTAL,NR,T,ES,2017-01-01,2845.0,,
ESTAT:MIGR_EMI1CTZ(1.0),01/07/26 23:00:00,A,NAT,COMPLET,TOTAL,NR,T,ES,2017-01-01,86827.0,,
ESTAT:MIGR_EMI1CTZ(1.0),01/07/26 23:00:00,A,NEU28_FOR,COMPLET,TOTAL,NR,T,ES,2017-01-01,137199.0,,
ESTAT:MIGR_EMI1CTZ(1.0),01/07/26 23:00:00,A,NG,COMPLET,TOTAL,NR,T,ES,2017-01-01,2121.0,,
ESTAT:MIGR_EMI1CTZ(1.0),01/07/26 23:00:00,A,NI,COMPLET,TOTAL,NR,T,ES,2017-01-01,1441.0,,
ESTAT:MIGR_EMI1CTZ(1.0),01/07/26 23:00:00,A,NL,COMPLET,TOTAL,NR,T,ES,2017-01-01,3609.0,,
ESTAT:MIGR_EMI1CTZ(1.0),01/07/26 23:00:00,A,NO,COMPLET,TOTAL,NR,T,ES,2017-01-01,2177.0,,
ESTAT:MIGR_EMI1CTZ(1.0),01/07/26 23:00:00,A,OTH,COMPLET,TOTAL,NR,T,ES,2017-01-01,198.0,,
ESTAT:MIGR_EMI1CTZ(1.0),01/07/26 23:00:00,A,PE,COMPLET,TOTAL,NR,T,ES,2017-01-01,3746.0,,
ESTAT:MIGR_EMI1CTZ(1.0),01/07/26 23:00:00,A,PH,COMPLET,TOTAL,NR,T,ES,2017-01-01,937.0,,
ESTAT:MIGR_EMI1CTZ(1.0),01/07/26 23:00:00,A,PK,COMPLET,TOTAL,NR,T,ES,2017-01-01,4523.0,,
ESTAT:MIGR_EMI1CTZ(1.0),01/07/26 23:00:00,A,PL,COMPLET,TOTAL,NR,T,ES,2017-01-01,4536.0,,
ESTAT:MIGR_EMI1CTZ(1.0),01/07/26 23:00:00,A,PT,COMPLET,TOTAL,NR,T,ES,2017-01-01,8181.0,,
ESTAT:MIGR_EMI1CTZ(1.0),01/07/26 23:00:00,A,PY,COMPLET,TOTAL,NR,T,ES,2017-01-01,3358.0,,
ESTAT:MIGR_EMI1CTZ(1.0),01/07/26 23:00:00,A,RO,COMPLET,TOTAL,NR,T,ES,2017-01-01,48205.0,,
ESTAT:MIGR_EMI1CTZ(1.0),01/07/26 23:00:00,A,RU,COMPLET,TOTAL,NR,T,ES,2017-01-01,5084.0,,
ESTAT:MIGR_EMI1CTZ(1.0),01/07/26 23:00:00,A,SE,COMPLET,TOTAL,NR,T,ES,2017-01-01,1988.0,,
ESTAT:MIGR_EMI1CTZ(1.0),01/07/26 23:00:00,A,SN,COMPLET,TOTAL,NR,T,ES,2017-01-01,2702.0,,
ESTAT:MIGR_EMI1CTZ(1.0),01/07/26 23:00:00,A,STLS,COMPLET,TOTAL,NR,T,ES,2017-01-01,44.0,,
ESTAT:MIGR_EMI1CTZ(1.0),01/07/26 23:00:00,A,TOTAL,COMPLET,TOTAL,NR,T,ES,2017-01-01,368860.0,,
ESTAT:MIGR_EMI1CTZ(1.0),01/07/26 23:00:00,A,TW,COMPLET,TOTAL,NR,T,ES,2017-01-01,0.0,,
ESTAT:MIGR_EMI1CTZ(1.0),01/07/26 23:00:00,A,UA,COMPLET,TOTAL,NR,T,ES,2017-01-01,3565.0,,
ESTAT:MIGR_EMI1CTZ(1.0),01/07/26 23:00:00,A,UK,COMPLET,TOTAL,NR,T,ES,2017-01-01,27658.0,,
ESTAT:MIGR_EMI1CTZ(1.0),01/07/26 23:00:00,A,UNK,COMPLET,TOTAL,NR,T,ES,2017-01-01,0.0,,
ESTAT:MIGR_EMI1CTZ(1.0),01/07/26 23:00:00,A,US,COMPLET,TOTAL,NR,T,ES,2017-01-01,4584.0,,
ESTAT:MIGR_EMI1CTZ(1.0),01/07/26 23:00:00,A,UY,COMPLET,TOTAL,NR,T,ES,2017-01-01,1212.0,,
ESTAT:MIGR_EMI1CTZ(1.0),01/07/26 23:00:00,A,VE,COMPLET,TOTAL,NR,T,ES,2017-01-01,3057.0,,
ESTAT:MIGR_EMI1CTZ(1.0),01/07/26 23:00:00,A,AR,COMPLET,TOTAL,NR,T,ES,2018-01-01,3381.0,,
ESTAT:MIGR_EMI1CTZ(1.0),01/07/26 23:00:00,A,BD,COMPLET,TOTAL,NR,T,ES,2018-01-01,580.0,,
ESTAT:MIGR_EMI1CTZ(1.0),01/07/26 23:00:00,A,BE,COMPLET,TOTAL,NR,T,ES,2018-01-01,1575.0,,
ESTAT:MIGR_EMI1CTZ(1.0),01/07/26 23:00:00,A,BG,COMPLET,TOTAL,NR,T,ES,2018-01-01,7309.0,,
ESTAT:MIGR_EMI1CTZ(1.0),01/07/26 23:00:00,A,BO,COMPLET,TOTAL,NR,T,ES,2018-01-01,3594.0,,
ESTAT:MIGR_EMI1CTZ(1.0),01/07/26 23:00:00,A,BR,COMPLET,TOTAL,NR,T,ES,2018-01-01,5098.0,,
ESTAT:MIGR_EMI1CTZ(1.0),01/07/26 23:00:00,A,CH,COMPLET,TOTAL,NR,T,ES,2018-01-01,779.0,,
ESTAT:MIGR_EMI1CTZ(1.0),01/07/26 23:00:00,A,CL,COMPLET,TOTAL,NR,T,ES,2018-01-01,1918.0,,
ESTAT:MIGR_EMI1CTZ(1.0),01/07/26 23:00:00,A,CN,COMPLET,TOTAL,NR,T,ES,2018-01-01,6751.0,,
ESTAT:MIGR_EMI1CTZ(1.0),01/07/26 23:00:00,A,CO,COMPLET,TOTAL,NR,T,ES,2018-01-01,7782.0,,
ESTAT:MIGR_EMI1CTZ(1.0),01/07/26 23:00:00,A,CU,COMPLET,TOTAL,NR,T,ES,2018-01-01,1733.0,,
ESTAT:MIGR_EMI1CTZ(1.0),01/07/26 23:00:00,A,DE,COMPLET,TOTAL,NR,T,ES,2018-01-01,8806.0,,
ESTAT:MIGR_EMI1CTZ(1.0),01/07/26 23:00:00,A,DK,COMPLET,TOTAL,NR,T,ES,2018-01-01,798.0,,
ESTAT:MIGR_EMI1CTZ(1.0),01/07/26 23:00:00,A,DO,COMPLET,TOTAL,NR,T,ES,2018-01-01,2497.0,,
ESTAT:MIGR_EMI1CTZ(1.0),01/07/26 23:00:00,A,DZ,COMPLET,TOTAL,NR,T,ES,2018-01-01,3740.0,,
ESTAT:MIGR_EMI1CTZ(1.0),01/07/26 23:00:00,A,EC,COMPLET,TOTAL,NR,T,ES,2018-01-01,6640.0,,
ESTAT:MIGR_EMI1CTZ(1.0),01/07/26 23:00:00,A,ES,COMPLET,TOTAL,NR,T,ES,2018-01-01,79260.0,,
ESTAT:MIGR_EMI1CTZ(1.0),01/07/26 23:00:00,A,EU28_FOR,COMPLET,TOTAL,NR,T,ES,2018-01-01,111801.0,,
ESTAT:MIGR_EMI1CTZ(1.0),01/07/26 23:00:00,A,FI,COMPLET,TOTAL,NR,T,ES,2018-01-01,858.0,,
ESTAT:MIGR_EMI1CTZ(1.0),01/07/26 23:00:00,A,FOR_STLS,COMPLET,TOTAL,NR,T,ES,2018-01-01,230266.0,,
ESTAT:MIGR_EMI1CTZ(1.0),01/07/26 23:00:00,A,FR,COMPLET,TOTAL,NR,T,ES,2018-01-01,6316.0,,
ESTAT:MIGR_EMI1CTZ(1.0),01/07/26 23:00:00,A,GH,COMPLET,TOTAL,NR,T,ES,2018-01-01,779.0,,
ESTAT:MIGR_EMI1CTZ(1.0),01/07/26 23:00:00,A,GM,COMPLET,TOTAL,NR,T,ES,2018-01-01,771.0,,
ESTAT:MIGR_EMI1CTZ(1.0),01/07/26 23:00:00,A,GN,COMPLET,TOTAL,NR,T,ES,2018-01-01,641.0,,
ESTAT:MIGR_EMI1CTZ(1.0),01/07/26 23:00:00,A,GQ,COMPLET,TOTAL,NR,T,ES,2018-01-01,1229.0,,
ESTAT:MIGR_EMI1CTZ(1.0),01/07/26 23:00:00,A,HN,COMPLET,TOTAL,NR,T,ES,2018-01-01,1843.0,,
ESTAT:MIGR_EMI1CTZ(1.0),01/07/26 23:00:00,A,IE,COMPLET,TOTAL,NR,T,ES,2018-01-01,1357.0,,
ESTAT:MIGR_EMI1CTZ(1.0),01/07/26 23:00:00,A,IN,COMPLET,TOTAL,NR,T,ES,2018-01-01,1695.0,,
ESTAT:MIGR_EMI1CTZ(1.0),01/07/26 23:00:00,A,IT,COMPLET,TOTAL,NR,T,ES,2018-01-01,9124.0,,
ESTAT:MIGR_EMI1CTZ(1.0),01/07/26 23:00:00,A,LT,COMPLET,TOTAL,NR,T,ES,2018-01-01,1059.0,,
ESTAT:MIGR_EMI1CTZ(1.0),01/07/26 23:00:00,A,MA,COMPLET,TOTAL,NR,T,ES,2018-01-01,19766.0,,
ESTAT:MIGR_EMI1CTZ(1.0),01/07/26 23:00:00,A,MD,COMPLET,TOTAL,NR,T,ES,2018-01-01,524.0,,
ESTAT:MIGR_EMI1CTZ(1.0),01/07/26 23:00:00,A,ML,COMPLET,TOTAL,NR,T,ES,2018-01-01,1007.0,,
ESTAT:MIGR_EMI1CTZ(1.0),01/07/26 23:00:00,A,MR,COMPLET,TOTAL,NR,T,ES,2018-01-01,581.0,,
ESTAT:MIGR_EMI1CTZ(1.0),01/07/26 23:00:00,A,MX,COMPLET,TOTAL,NR,T,ES,2018-01-01,2568.0,,
ESTAT:MIGR_EMI1CTZ(1.0),01/07/26 23:00:00,A,NAT,COMPLET,TOTAL,NR,T,ES,2018-01-01,79260.0,,
ESTAT:MIGR_EMI1CTZ(1.0),01/07/26 23:00:00,A,NEU28_FOR,COMPLET,TOTAL,NR,T,ES,2018-01-01,118400.0,,
ESTAT:MIGR_EMI1CTZ(1.0),01/07/26 23:00:00,A,NG,COMPLET,TOTAL,NR,T,ES,2018-01-01,1756.0,,
ESTAT:MIGR_EMI1CTZ(1.0),01/07/26 23:00:00,A,NI,COMPLET,TOTAL,NR,T,ES,2018-01-01,926.0,,
ESTAT:MIGR_EMI1CTZ(1.0),01/07/26 23:00:00,A,NL,COMPLET,TOTAL,NR,T,ES,2018-01-01,2602.0,,
ESTAT:MIGR_EMI1CTZ(1.0),01/07/26 23:00:00,A,NO,COMPLET,TOTAL,NR,T,ES,2018-01-01,1206.0,,
ESTAT:MIGR_EMI1CTZ(1.0),01/07/26 23:00:00,A,OTH,COMPLET,TOTAL,NR,T,ES,2018-01-01,179.0,,
ESTAT:MIGR_EMI1CTZ(1.0),01/07/26 23:00:00,A,PE,COMPLET,TOTAL,NR,T,ES,2018-01-01,3238.0,,
ESTAT:MIGR_EMI1CTZ(1.0),01/07/26 23:00:00,A,PH,COMPLET,TOTAL,NR,T,ES,2018-01-01,783.0,,
ESTAT:MIGR_EMI1CTZ(1.0),01/07/26 23:00:00,A,PK,COMPLET,TOTAL,NR,T,ES,2018-01-01,3489.0,,
ESTAT:MIGR_EMI1CTZ(1.0),01/07/26 23:00:00,A,PL,COMPLET,TOTAL,NR,T,ES,2018-01-01,3106.0,,
ESTAT:MIGR_EMI1CTZ(1.0),01/07/26 23:00:00,A,PT,COMPLET,TOTAL,NR,T,ES,2018-01-01,5876.0,,
ESTAT:MIGR_EMI1CTZ(1.0),01/07/26 23:00:00,A,PY,COMPLET,TOTAL,NR,T,ES,2018-01-01,3243.0,,
ESTAT:MIGR_EMI1CTZ(1.0),01/07/26 23:00:00,A,RO,COMPLET,TOTAL,NR,T,ES,2018-01-01,38464.0,,
ESTAT:MIGR_EMI1CTZ(1.0),01/07/26 23:00:00,A,RU,COMPLET,TOTAL,NR,T,ES,2018-01-01,4277.0,,
ESTAT:MIGR_EMI1CTZ(1.0),01/07/26 23:00:00,A,SE,COMPLET,TOTAL,NR,T,ES,2018-01-01,1347.0,,
ESTAT:MIGR_EMI1CTZ(1.0),01/07/26 23:00:00,A,SN,COMPLET,TOTAL,NR,T,ES,2018-01-01,2307.0,,
ESTAT:MIGR_EMI1CTZ(1.0),01/07/26 23:00:00,A,STLS,COMPLET,TOTAL,NR,T,ES,2018-01-01,65.0,,
ESTAT:MIGR_EMI1CTZ(1.0),01/07/26 23:00:00,A,TOTAL,COMPLET,TOTAL,NR,T,ES,2018-01-01,309526.0,,
ESTAT:MIGR_EMI1CTZ(1.0),01/07/26 23:00:00,A,TW,COMPLET,TOTAL,NR,T,ES,2018-01-01,0.0,,
ESTAT:MIGR_EMI1CTZ(1.0),01/07/26 23:00:00,A,UA,COMPLET,TOTAL,NR,T,ES,2018-01-01,3186.0,,
ESTAT:MIGR_EMI1CTZ(1.0),01/07/26 23:00:00,A,UK,COMPLET,TOTAL,NR,T,ES,2018-01-01,20015.0,,
ESTAT:MIGR_EMI1CTZ(1.0),01/07/26 23:00:00,A,UNK,COMPLET,TOTAL,NR,T,ES,2018-01-01,0.0,,
ESTAT:MIGR_EMI1CTZ(1.0),01/07/26 23:00:00,A,US,COMPLET,TOTAL,NR,T,ES,2018-01-01,4080.0,,
ESTAT:MIGR_EMI1CTZ(1.0),01/07/26 23:00:00,A,UY,COMPLET,TOTAL,NR,T,ES,2018-01-01,907.0,,
ESTAT:MIGR_EMI1CTZ(1.0),01/07/26 23:00:00,A,VE,COMPLET,TOTAL,NR,T,ES,2018-01-01,2804.0,,
ESTAT:MIGR_EMI1CTZ(1.0),01/07/26 23:00:00,A,AR,COMPLET,TOTAL,NR,T,ES,2019-01-01,3530.0,,
ESTAT:MIGR_EMI1CTZ(1.0),01/07/26 23:00:00,A,BD,COMPLET,TOTAL,NR,T,ES,2019-01-01,868.0,,
ESTAT:MIGR_EMI1CTZ(1.0),01/07/26 23:00:00,A,BE,COMPLET,TOTAL,NR,T,ES,2019-01-01,1564.0,,
ESTAT:MIGR_EMI1CTZ(1.0),01/07/26 23:00:00,A,BG,COMPLET,TOTAL,NR,T,ES,2019-01-01,6223.0,,
ESTAT:MIGR_EMI1CTZ(1.0),01/07/26 23:00:00,A,BO,COMPLET,TOTAL,NR,T,ES,2019-01-01,2972.0,,
ESTAT:MIGR_EMI1CTZ(1.0),01/07/26 23:00:00,A,BR,COMPLET,TOTAL,NR,T,ES,2019-01-01,5223.0,,
ESTAT:MIGR_EMI1CTZ(1.0),01/07/26 23:00:00,A,CH,COMPLET,TOTAL,NR,T,ES,2019-01-01,747.0,,
ESTAT:MIGR_EMI1CTZ(1.0),01/07/26 23:00:00,A,CL,COMPLET,TOTAL,NR,T,ES,2019-01-01,2019.0,,
ESTAT:MIGR_EMI1CTZ(1.0),01/07/26 23:00:00,A,CN,COMPLET,TOTAL,NR,T,ES,2019-01-01,7317.0,,
ESTAT:MIGR_EMI1CTZ(1.0),01/07/26 23:00:00,A,CO,COMPLET,TOTAL,NR,T,ES,2019-01-01,8632.0,,
ESTAT:MIGR_EMI1CTZ(1.0),01/07/26 23:00:00,A,CU,COMPLET,TOTAL,NR,T,ES,2019-01-01,1671.0,,
ESTAT:MIGR_EMI1CTZ(1.0),01/07/26 23:00:00,A,DE,COMPLET,TOTAL,NR,T,ES,2019-01-01,7802.0,,
ESTAT:MIGR_EMI1CTZ(1.0),01/07/26 23:00:00,A,DK,COMPLET,TOTAL,NR,T,ES,2019-01-01,685.0,,
ESTAT:MIGR_EMI1CTZ(1.0),01/07/26 23:00:00,A,DO,COMPLET,TOTAL,NR,T,ES,2019-01-01,2621.0,,
ESTAT:MIGR_EMI1CTZ(1.0),01/07/26 23:00:00,A,DZ,COMPLET,TOTAL,NR,T,ES,2019-01-01,3232.0,,
ESTAT:MIGR_EMI1CTZ(1.0),01/07/26 23:00:00,A,EC,COMPLET,TOTAL,NR,T,ES,2019-01-01,5404.0,,
ESTAT:MIGR_EMI1CTZ(1.0),01/07/26 23:00:00,A,ES,COMPLET,TOTAL,NR,T,ES,2019-01-01,76092.0,,
ESTAT:MIGR_EMI1CTZ(1.0),01/07/26 23:00:00,A,EU28_FOR,COMPLET,TOTAL,NR,T,ES,2019-01-01,99138.0,,
ESTAT:MIGR_EMI1CTZ(1.0),01/07/26 23:00:00,A,FI,COMPLET,TOTAL,NR,T,ES,2019-01-01,815.0,,
ESTAT:MIGR_EMI1CTZ(1.0),01/07/26 23:00:00,A,FOR_STLS,COMPLET,TOTAL,NR,T,ES,2019-01-01,220156.0,,
ESTAT:MIGR_EMI1CTZ(1.0),01/07/26 23:00:00,A,FR,COMPLET,TOTAL,NR,T,ES,2019-01-01,6416.0,,
ESTAT:MIGR_EMI1CTZ(1.0),01/07/26 23:00:00,A,GH,COMPLET,TOTAL,NR,T,ES,2019-01-01,666.0,,
ESTAT:MIGR_EMI1CTZ(1.0),01/07/26 23:00:00,A,GM,COMPLET,TOTAL,NR,T,ES,2019-01-01,736.0,,
ESTAT:MIGR_EMI1CTZ(1.0),01/07/26 23:00:00,A,GN,COMPLET,TOTAL,NR,T,ES,2019-01-01,539.0,,
ESTAT:MIGR_EMI1CTZ(1.0),01/07/26 23:00:00,A,GQ,COMPLET,TOTAL,NR,T,ES,2019-01-01,1064.0,,
ESTAT:MIGR_EMI1CTZ(1.0),01/07/26 23:00:00,A,HN,COMPLET,TOTAL,NR,T,ES,2019-01-01,2766.0,,
ESTAT:MIGR_EMI1CTZ(1.0),01/07/26 23:00:00,A,IE,COMPLET,TOTAL,NR,T,ES,2019-01-01,990.0,,
ESTAT:MIGR_EMI1CTZ(1.0),01/07/26 23:00:00,A,IN,COMPLET,TOTAL,NR,T,ES,2019-01-01,2013.0,,
ESTAT:MIGR_EMI1CTZ(1.0),01/07/26 23:00:00,A,IT,COMPLET,TOTAL,NR,T,ES,2019-01-01,9554.0,,
ESTAT:MIGR_EMI1CTZ(1.0),01/07/26 23:00:00,A,LT,COMPLET,TOTAL,NR,T,ES,2019-01-01,804.0,,
ESTAT:MIGR_EMI1CTZ(1.0),01/07/26 23:00:00,A,MA,COMPLET,TOTAL,NR,T,ES,2019-01-01,17731.0,,
ESTAT:MIGR_EMI1CTZ(1.0),01/07/26 23:00:00,A,MD,COMPLET,TOTAL,NR,T,ES,2019-01-01,495.0,,
ESTAT:MIGR_EMI1CTZ(1.0),01/07/26 23:00:00,A,ML,COMPLET,TOTAL,NR,T,ES,2019-01-01,1020.0,,
ESTAT:MIGR_EMI1CTZ(1.0),01/07/26 23:00:00,A,MR,COMPLET,TOTAL,NR,T,ES,2019-01-01,414.0,,
ESTAT:MIGR_EMI1CTZ(1.0),01/07/26 23:00:00,A,MX,COMPLET,TOTAL,NR,T,ES,2019-01-01,2447.0,,
ESTAT:MIGR_EMI1CTZ(1.0),01/07/26 23:00:00,A,NAT,COMPLET,TOTAL,NR,T,ES,2019-01-01,76092.0,,
ESTAT:MIGR_EMI1CTZ(1.0),01/07/26 23:00:00,A,NEU28_FOR,COMPLET,TOTAL,NR,T,ES,2019-01-01,120964.0,,
ESTAT:MIGR_EMI1CTZ(1.0),01/07/26 23:00:00,A,NG,COMPLET,TOTAL,NR,T,ES,2019-01-01,1383.0,,
ESTAT:MIGR_EMI1CTZ(1.0),01/07/26 23:00:00,A,NI,COMPLET,TOTAL,NR,T,ES,2019-01-01,1051.0,,
ESTAT:MIGR_EMI1CTZ(1.0),01/07/26 23:00:00,A,NL,COMPLET,TOTAL,NR,T,ES,2019-01-01,2665.0,,
ESTAT:MIGR_EMI1CTZ(1.0),01/07/26 23:00:00,A,NO,COMPLET,TOTAL,NR,T,ES,2019-01-01,1758.0,,
ESTAT:MIGR_EMI1CTZ(1.0),01/07/26 23:00:00,A,OTH,COMPLET,TOTAL,NR,T,ES,2019-01-01,242.0,,
ESTAT:MIGR_EMI1CTZ(1.0),01/07/26 23:00:00,A,PE,COMPLET,TOTAL,NR,T,ES,2019-01-01,4255.0,,
ESTAT:MIGR_EMI1CTZ(1.0),01/07/26 23:00:00,A,PH,COMPLET,TOTAL,NR,T,ES,2019-01-01,1088.0,,
ESTAT:MIGR_EMI1CTZ(1.0),01/07/26 23:00:00,A,PK,COMPLET,TOTAL,NR,T,ES,2019-01-01,3724.0,,
ESTAT:MIGR_EMI1CTZ(1.0),01/07/26 23:00:00,A,PL,COMPLET,TOTAL,NR,T,ES,2019-01-01,3122.0,,
ESTAT:MIGR_EMI1CTZ(1.0),01/07/26 23:00:00,A,PT,COMPLET,TOTAL,NR,T,ES,2019-01-01,5239.0,,
ESTAT:MIGR_EMI1CTZ(1.0),01/07/26 23:00:00,A,PY,COMPLET,TOTAL,NR,T,ES,2019-01-01,3076.0,,
ESTAT:MIGR_EMI1CTZ(1.0),01/07/26 23:00:00,A,RO,COMPLET,TOTAL,NR,T,ES,2019-01-01,35839.0,,
ESTAT:MIGR_EMI1CTZ(1.0),01/07/26 23:00:00,A,RU,COMPLET,TOTAL,NR,T,ES,2019-01-01,4202.0,,
ESTAT:MIGR_EMI1CTZ(1.0),01/07/26 23:00:00,A,SE,COMPLET,TOTAL,NR,T,ES,2019-01-01,1405.0,,
ESTAT:MIGR_EMI1CTZ(1.0),01/07/26 23:00:00,A,SN,COMPLET,TOTAL,NR,T,ES,2019-01-01,2203.0,,
ESTAT:MIGR_EMI1CTZ(1.0),01/07/26 23:00:00,A,STLS,COMPLET,TOTAL,NR,T,ES,2019-01-01,54.0,,
ESTAT:MIGR_EMI1CTZ(1.0),01/07/26 23:00:00,A,TOTAL,COMPLET,TOTAL,NR,T,ES,2019-01-01,296248.0,,
ESTAT:MIGR_EMI1CTZ(1.0),01/07/26 23:00:00,A,TW,COMPLET,TOTAL,NR,T,ES,2019-01-01,0.0,,
ESTAT:MIGR_EMI1CTZ(1.0),01/07/26 23:00:00,A,UA,COMPLET,TOTAL,NR,T,ES,2019-01-01,3099.0,,
ESTAT:MIGR_EMI1CTZ(1.0),01/07/26 23:00:00,A,UK,COMPLET,TOTAL,NR,T,ES,2019-01-01,13019.0,,
ESTAT:MIGR_EMI1CTZ(1.0),01/07/26 23:00:00,A,UNK,COMPLET,TOTAL,NR,T,ES,2019-01-01,0.0,,
ESTAT:MIGR_EMI1CTZ(1.0),01/07/26 23:00:00,A,US,COMPLET,TOTAL,NR,T,ES,2019-01-01,4507.0,,
ESTAT:MIGR_EMI1CTZ(1.0),01/07/26 23:00:00,A,UY,COMPLET,TOTAL,NR,T,ES,2019-01-01,950.0,,
ESTAT:MIGR_EMI1CTZ(1.0),01/07/26 23:00:00,A,VE,COMPLET,TOTAL,NR,T,ES,2019-01-01,3066.0,,
ESTAT:MIGR_EMI1CTZ(1.0),01/07/26 23:00:00,A,AR,COMPLET,TOTAL,NR,T,ES,2020-01-01,2753.0,,
ESTAT:MIGR_EMI1CTZ(1.0),01/07/26 23:00:00,A,BD,COMPLET,TOTAL,NR,T,ES,2020-01-01,536.0,,
ESTAT:MIGR_EMI1CTZ(1.0),01/07/26 23:00:00,A,BE,COMPLET,TOTAL,NR,T,ES,2020-01-01,1342.0,,
ESTAT:MIGR_EMI1CTZ(1.0),01/07/26 23:00:00,A,BG,COMPLET,TOTAL,NR,T,ES,2020-01-01,5074.0,,
ESTAT:MIGR_EMI1CTZ(1.0),01/07/26 23:00:00,A,BO,COMPLET,TOTAL,NR,T,ES,2020-01-01,2010.0,,
ESTAT:MIGR_EMI1CTZ(1.0),01/07/26 23:00:00,A,BR,COMPLET,TOTAL,NR,T,ES,2020-01-01,4433.0,,
ESTAT:MIGR_EMI1CTZ(1.0),01/07/26 23:00:00,A,CH,COMPLET,TOTAL,NR,T,ES,2020-01-01,679.0,,
ESTAT:MIGR_EMI1CTZ(1.0),01/07/26 23:00:00,A,CL,COMPLET,TOTAL,NR,T,ES,2020-01-01,1349.0,,
ESTAT:MIGR_EMI1CTZ(1.0),01/07/26 23:00:00,A,CN,COMPLET,TOTAL,NR,T,ES,2020-01-01,5916.0,,
ESTAT:MIGR_EMI1CTZ(1.0),01/07/26 23:00:00,A,CO,COMPLET,TOTAL,NR,T,ES,2020-01-01,7672.0,,
ESTAT:MIGR_EMI1CTZ(1.0),01/07/26 23:00:00,A,CU,COMPLET,TOTAL,NR,T,ES,2020-01-01,1383.0,,
ESTAT:MIGR_EMI1CTZ(1.0),01/07/26 23:00:00,A,DE,COMPLET,TOTAL,NR,T,ES,2020-01-01,6165.0,,
ESTAT:MIGR_EMI1CTZ(1.0),01/07/26 23:00:00,A,DK,COMPLET,TOTAL,NR,T,ES,2020-01-01,581.0,,
ESTAT:MIGR_EMI1CTZ(1.0),01/07/26 23:00:00,A,DO,COMPLET,TOTAL,NR,T,ES,2020-01-01,1898.0,,
ESTAT:MIGR_EMI1CTZ(1.0),01/07/26 23:00:00,A,DZ,COMPLET,TOTAL,NR,T,ES,2020-01-01,3631.0,,
ESTAT:MIGR_EMI1CTZ(1.0),01/07/26 23:00:00,A,EC,COMPLET,TOTAL,NR,T,ES,2020-01-01,3710.0,,
ESTAT:MIGR_EMI1CTZ(1.0),01/07/26 23:00:00,A,ES,COMPLET,TOTAL,NR,T,ES,2020-01-01,65429.0,,
ESTAT:MIGR_EMI1CTZ(1.0),01/07/26 23:00:00,A,EU27_2020_FOR,COMPLET,TOTAL,NR,T,ES,2020-01-01,68793.0,,
ESTAT:MIGR_EMI1CTZ(1.0),01/07/26 23:00:00,A,FI,COMPLET,TOTAL,NR,T,ES,2020-01-01,709.0,,
ESTAT:MIGR_EMI1CTZ(1.0),01/07/26 23:00:00,A,FOR_STLS,COMPLET,TOTAL,NR,T,ES,2020-01-01,183132.0,,
ESTAT:MIGR_EMI1CTZ(1.0),01/07/26 23:00:00,A,FR,COMPLET,TOTAL,NR,T,ES,2020-01-01,5306.0,,
ESTAT:MIGR_EMI1CTZ(1.0),01/07/26 23:00:00,A,GH,COMPLET,TOTAL,NR,T,ES,2020-01-01,670.0,,
ESTAT:MIGR_EMI1CTZ(1.0),01/07/26 23:00:00,A,GM,COMPLET,TOTAL,NR,T,ES,2020-01-01,673.0,,
ESTAT:MIGR_EMI1CTZ(1.0),01/07/26 23:00:00,A,GN,COMPLET,TOTAL,NR,T,ES,2020-01-01,485.0,,
ESTAT:MIGR_EMI1CTZ(1.0),01/07/26 23:00:00,A,GQ,COMPLET,TOTAL,NR,T,ES,2020-01-01,828.0,,
ESTAT:MIGR_EMI1CTZ(1.0),01/07/26 23:00:00,A,HN,COMPLET,TOTAL,NR,T,ES,2020-01-01,2499.0,,
ESTAT:MIGR_EMI1CTZ(1.0),01/07/26 23:00:00,A,IE,COMPLET,TOTAL,NR,T,ES,2020-01-01,1020.0,,
ESTAT:MIGR_EMI1CTZ(1.0),01/07/26 23:00:00,A,IN,COMPLET,TOTAL,NR,T,ES,2020-01-01,1489.0,,
ESTAT:MIGR_EMI1CTZ(1.0),01/07/26 23:00:00,A,IT,COMPLET,TOTAL,NR,T,ES,2020-01-01,9096.0,,
ESTAT:MIGR_EMI1CTZ(1.0),01/07/26 23:00:00,A,LT,COMPLET,TOTAL,NR,T,ES,2020-01-01,679.0,,
ESTAT:MIGR_EMI1CTZ(1.0),01/07/26 23:00:00,A,MA,COMPLET,TOTAL,NR,T,ES,2020-01-01,17186.0,,
ESTAT:MIGR_EMI1CTZ(1.0),01/07/26 23:00:00,A,MD,COMPLET,TOTAL,NR,T,ES,2020-01-01,380.0,,
ESTAT:MIGR_EMI1CTZ(1.0),01/07/26 23:00:00,A,ML,COMPLET,TOTAL,NR,T,ES,2020-01-01,785.0,,
ESTAT:MIGR_EMI1CTZ(1.0),01/07/26 23:00:00,A,MR,COMPLET,TOTAL,NR,T,ES,2020-01-01,361.0,,
ESTAT:MIGR_EMI1CTZ(1.0),01/07/26 23:00:00,A,MX,COMPLET,TOTAL,NR,T,ES,2020-01-01,1861.0,,
ESTAT:MIGR_EMI1CTZ(1.0),01/07/26 23:00:00,A,NAT,COMPLET,TOTAL,NR,T,ES,2020-01-01,65429.0,,
ESTAT:MIGR_EMI1CTZ(1.0),01/07/26 23:00:00,A,NEU27_2020_FOR,COMPLET,TOTAL,NR,T,ES,2020-01-01,114271.0,,
ESTAT:MIGR_EMI1CTZ(1.0),01/07/26 23:00:00,A,NG,COMPLET,TOTAL,NR,T,ES,2020-01-01,1188.0,,
ESTAT:MIGR_EMI1CTZ(1.0),01/07/26 23:00:00,A,NI,COMPLET,TOTAL,NR,T,ES,2020-01-01,1186.0,,
ESTAT:MIGR_EMI1CTZ(1.0),01/07/26 23:00:00,A,NL,COMPLET,TOTAL,NR,T,ES,2020-01-01,2326.0,,
ESTAT:MIGR_EMI1CTZ(1.0),01/07/26 23:00:00,A,NO,COMPLET,TOTAL,NR,T,ES,2020-01-01,1185.0,,
ESTAT:MIGR_EMI1CTZ(1.0),01/07/26 23:00:00,A,PE,COMPLET,TOTAL,NR,T,ES,2020-01-01,3480.0,,
ESTAT:MIGR_EMI1CTZ(1.0),01/07/26 23:00:00,A,PH,COMPLET,TOTAL,NR,T,ES,2020-01-01,620.0,,
ESTAT:MIGR_EMI1CTZ(1.0),01/07/26 23:00:00,A,PK,COMPLET,TOTAL,NR,T,ES,2020-01-01,2518.0,,
ESTAT:MIGR_EMI1CTZ(1.0),01/07/26 23:00:00,A,PL,COMPLET,TOTAL,NR,T,ES,2020-01-01,2087.0,,
ESTAT:MIGR_EMI1CTZ(1.0),01/07/26 23:00:00,A,PT,COMPLET,TOTAL,NR,T,ES,2020-01-01,4451.0,,
ESTAT:MIGR_EMI1CTZ(1.0),01/07/26 23:00:00,A,PY,COMPLET,TOTAL,NR,T,ES,2020-01-01,2200.0,,
ESTAT:MIGR_EMI1CTZ(1.0),01/07/26 23:00:00,A,RO,COMPLET,TOTAL,NR,T,ES,2020-01-01,26164.0,,
ESTAT:MIGR_EMI1CTZ(1.0),01/07/26 23:00:00,A,RU,COMPLET,TOTAL,NR,T,ES,2020-01-01,3595.0,,
ESTAT:MIGR_EMI1CTZ(1.0),01/07/26 23:00:00,A,SE,COMPLET,TOTAL,NR,T,ES,2020-01-01,1161.0,,
ESTAT:MIGR_EMI1CTZ(1.0),01/07/26 23:00:00,A,SN,COMPLET,TOTAL,NR,T,ES,2020-01-01,1952.0,,
ESTAT:MIGR_EMI1CTZ(1.0),01/07/26 23:00:00,A,STLS,COMPLET,TOTAL,NR,T,ES,2020-01-01,68.0,,
ESTAT:MIGR_EMI1CTZ(1.0),01/07/26 23:00:00,A,TOTAL,COMPLET,TOTAL,NR,T,ES,2020-01-01,248561.0,,
ESTAT:MIGR_EMI1CTZ(1.0),01/07/26 23:00:00,A,TW,COMPLET,TOTAL,NR,T,ES,2020-01-01,0.0,,
ESTAT:MIGR_EMI1CTZ(1.0),01/07/26 23:00:00,A,UA,COMPLET,TOTAL,NR,T,ES,2020-01-01,2738.0,,
ESTAT:MIGR_EMI1CTZ(1.0),01/07/26 23:00:00,A,UK,COMPLET,TOTAL,NR,T,ES,2020-01-01,13315.0,,
ESTAT:MIGR_EMI1CTZ(1.0),01/07/26 23:00:00,A,UNK,COMPLET,TOTAL,NR,T,ES,2020-01-01,0.0,,
ESTAT:MIGR_EMI1CTZ(1.0),01/07/26 23:00:00,A,US,COMPLET,TOTAL,NR,T,ES,2020-01-01,3596.0,,
ESTAT:MIGR_EMI1CTZ(1.0),01/07/26 23:00:00,A,UY,COMPLET,TOTAL,NR,T,ES,2020-01-01,777.0,,
ESTAT:MIGR_EMI1CTZ(1.0),01/07/26 23:00:00,A,VE,COMPLET,TOTAL,NR,T,ES,2020-01-01,2954.0,,
ESTAT:MIGR_EMI1CTZ(1.0),01/07/26 23:00:00,A,AR,COMPLET,TOTAL,NR,T,ES,2021-01-01,9204.0,b,
ESTAT:MIGR_EMI1CTZ(1.0),01/07/26 23:00:00,A,BD,COMPLET,TOTAL,NR,T,ES,2021-01-01,2429.0,b,
ESTAT:MIGR_EMI1CTZ(1.0),01/07/26 23:00:00,A,BE,COMPLET,TOTAL,NR,T,ES,2021-01-01,3406.0,b,
ESTAT:MIGR_EMI1CTZ(1.0),01/07/26 23:00:00,A,BG,COMPLET,TOTAL,NR,T,ES,2021-01-01,13056.0,b,
ESTAT:MIGR_EMI1CTZ(1.0),01/07/26 23:00:00,A,BO,COMPLET,TOTAL,NR,T,ES,2021-01-01,5719.0,b,
ESTAT:MIGR_EMI1CTZ(1.0),01/07/26 23:00:00,A,BR,COMPLET,TOTAL,NR,T,ES,2021-01-01,13607.0,b,
ESTAT:MIGR_EMI1CTZ(1.0),01/07/26 23:00:00,A,CC8_22_FOR,COMPLET,TOTAL,NR,T,ES,2021-01-01,12262.0,b,
ESTAT:MIGR_EMI1CTZ(1.0),01/07/26 23:00:00,A,CH,COMPLET,TOTAL,NR,T,ES,2021-01-01,1498.0,b,
ESTAT:MIGR_EMI1CTZ(1.0),01/07/26 23:00:00,A,CL,COMPLET,TOTAL,NR,T,ES,2021-01-01,3838.0,b,
ESTAT:MIGR_EMI1CTZ(1.0),01/07/26 23:00:00,A,CN,COMPLET,TOTAL,NR,T,ES,2021-01-01,20416.0,b,
ESTAT:MIGR_EMI1CTZ(1.0),01/07/26 23:00:00,A,CO,COMPLET,TOTAL,NR,T,ES,2021-01-01,30297.0,b,
ESTAT:MIGR_EMI1CTZ(1.0),01/07/26 23:00:00,A,CU,COMPLET,TOTAL,NR,T,ES,2021-01-01,4175.0,b,
ESTAT:MIGR_EMI1CTZ(1.0),01/07/26 23:00:00,A,DE,COMPLET,TOTAL,NR,T,ES,2021-01-01,13083.0,b,
ESTAT:MIGR_EMI1CTZ(1.0),01/07/26 23:00:00,A,DK,COMPLET,TOTAL,NR,T,ES,2021-01-01,1325.0,b,
ESTAT:MIGR_EMI1CTZ(1.0),01/07/26 23:00:00,A,DO,COMPLET,TOTAL,NR,T,ES,2021-01-01,5760.0,b,
ESTAT:MIGR_EMI1CTZ(1.0),01/07/26 23:00:00,A,DZ,COMPLET,TOTAL,NR,T,ES,2021-01-01,8606.0,b,
ESTAT:MIGR_EMI1CTZ(1.0),01/07/26 23:00:00,A,EC,COMPLET,TOTAL,NR,T,ES,2021-01-01,9254.0,b,
ESTAT:MIGR_EMI1CTZ(1.0),01/07/26 23:00:00,A,ES,COMPLET,TOTAL,NR,T,ES,2021-01-01,155533.0,b,
ESTAT:MIGR_EMI1CTZ(1.0),01/07/26 23:00:00,A,EU27_2020_FOR,COMPLET,TOTAL,NR,T,ES,2021-01-01,179680.0,b,
ESTAT:MIGR_EMI1CTZ(1.0),01/07/26 23:00:00,A,FI,COMPLET,TOTAL,NR,T,ES,2021-01-01,1260.0,b,
ESTAT:MIGR_EMI1CTZ(1.0),01/07/26 23:00:00,A,FOR_STLS,COMPLET,TOTAL,NR,T,ES,2021-01-01,541333.0,b,
ESTAT:MIGR_EMI1CTZ(1.0),01/07/26 23:00:00,A,FR,COMPLET,TOTAL,NR,T,ES,2021-01-01,14493.0,b,
ESTAT:MIGR_EMI1CTZ(1.0),01/07/26 23:00:00,A,GH,COMPLET,TOTAL,NR,T,ES,2021-01-01,2021.0,b,
ESTAT:MIGR_EMI1CTZ(1.0),01/07/26 23:00:00,A,GM,COMPLET,TOTAL,NR,T,ES,2021-01-01,2106.0,b,
ESTAT:MIGR_EMI1CTZ(1.0),01/07/26 23:00:00,A,GN,COMPLET,TOTAL,NR,T,ES,2021-01-01,1611.0,b,
ESTAT:MIGR_EMI1CTZ(1.0),01/07/26 23:00:00,A,GQ,COMPLET,TOTAL,NR,T,ES,2021-01-01,1746.0,b,
ESTAT:MIGR_EMI1CTZ(1.0),01/07/26 23:00:00,A,HN,COMPLET,TOTAL,NR,T,ES,2021-01-01,10652.0,b,
ESTAT:MIGR_EMI1CTZ(1.0),01/07/26 23:00:00,A,IE,COMPLET,TOTAL,NR,T,ES,2021-01-01,2044.0,b,
ESTAT:MIGR_EMI1CTZ(1.0),01/07/26 23:00:00,A,IN,COMPLET,TOTAL,NR,T,ES,2021-01-01,5841.0,b,
ESTAT:MIGR_EMI1CTZ(1.0),01/07/26 23:00:00,A,IT,COMPLET,TOTAL,NR,T,ES,2021-01-01,27661.0,b,
ESTAT:MIGR_EMI1CTZ(1.0),01/07/26 23:00:00,A,LT,COMPLET,TOTAL,NR,T,ES,2021-01-01,1843.0,b,
ESTAT:MIGR_EMI1CTZ(1.0),01/07/26 23:00:00,A,MA,COMPLET,TOTAL,NR,T,ES,2021-01-01,65717.0,b,
ESTAT:MIGR_EMI1CTZ(1.0),01/07/26 23:00:00,A,MD,COMPLET,TOTAL,NR,T,ES,2021-01-01,1313.0,b,
ESTAT:MIGR_EMI1CTZ(1.0),01/07/26 23:00:00,A,ML,COMPLET,TOTAL,NR,T,ES,2021-01-01,2840.0,b,
ESTAT:MIGR_EMI1CTZ(1.0),01/07/26 23:00:00,A,MR,COMPLET,TOTAL,NR,T,ES,2021-01-01,958.0,b,
ESTAT:MIGR_EMI1CTZ(1.0),01/07/26 23:00:00,A,MX,COMPLET,TOTAL,NR,T,ES,2021-01-01,4544.0,b,
ESTAT:MIGR_EMI1CTZ(1.0),01/07/26 23:00:00,A,NAT,COMPLET,TOTAL,NR,T,ES,2021-01-01,155533.0,b,
ESTAT:MIGR_EMI1CTZ(1.0),01/07/26 23:00:00,A,NEU27_2020_FOR,COMPLET,TOTAL,NR,T,ES,2021-01-01,361371.0,b,
ESTAT:MIGR_EMI1CTZ(1.0),01/07/26 23:00:00,A,NG,COMPLET,TOTAL,NR,T,ES,2021-01-01,3175.0,b,
ESTAT:MIGR_EMI1CTZ(1.0),01/07/26 23:00:00,A,NI,COMPLET,TOTAL,NR,T,ES,2021-01-01,6594.0,b,
ESTAT:MIGR_EMI1CTZ(1.0),01/07/26 23:00:00,A,NL,COMPLET,TOTAL,NR,T,ES,2021-01-01,5211.0,b,
ESTAT:MIGR_EMI1CTZ(1.0),01/07/26 23:00:00,A,NO,COMPLET,TOTAL,NR,T,ES,2021-01-01,1819.0,b,
ESTAT:MIGR_EMI1CTZ(1.0),01/07/26 23:00:00,A,OTH,COMPLET,TOTAL,NR,T,ES,2021-01-01,254.0,b,
ESTAT:MIGR_EMI1CTZ(1.0),01/07/26 23:00:00,A,PE,COMPLET,TOTAL,NR,T,ES,2021-01-01,11721.0,b,
ESTAT:MIGR_EMI1CTZ(1.0),01/07/26 23:00:00,A,PH,COMPLET,TOTAL,NR,T,ES,2021-01-01,2316.0,b,
ESTAT:MIGR_EMI1CTZ(1.0),01/07/26 23:00:00,A,PK,COMPLET,TOTAL,NR,T,ES,2021-01-01,10878.0,b,
ESTAT:MIGR_EMI1CTZ(1.0),01/07/26 23:00:00,A,PL,COMPLET,TOTAL,NR,T,ES,2021-01-01,5753.0,b,
ESTAT:MIGR_EMI1CTZ(1.0),01/07/26 23:00:00,A,PT,COMPLET,TOTAL,NR,T,ES,2021-01-01,10287.0,b,
ESTAT:MIGR_EMI1CTZ(1.0),01/07/26 23:00:00,A,PY,COMPLET,TOTAL,NR,T,ES,2021-01-01,7934.0,b,
ESTAT:MIGR_EMI1CTZ(1.0),01/07/26 23:00:00,A,RO,COMPLET,TOTAL,NR,T,ES,2021-01-01,70575.0,b,
ESTAT:MIGR_EMI1CTZ(1.0),01/07/26 23:00:00,A,RU,COMPLET,TOTAL,NR,T,ES,2021-01-01,9190.0,b,
ESTAT:MIGR_EMI1CTZ(1.0),01/07/26 23:00:00,A,SE,COMPLET,TOTAL,NR,T,ES,2021-01-01,2899.0,b,
ESTAT:MIGR_EMI1CTZ(1.0),01/07/26 23:00:00,A,SN,COMPLET,TOTAL,NR,T,ES,2021-01-01,6799.0,b,
ESTAT:MIGR_EMI1CTZ(1.0),01/07/26 23:00:00,A,STLS,COMPLET,TOTAL,NR,T,ES,2021-01-01,282.0,b,
ESTAT:MIGR_EMI1CTZ(1.0),01/07/26 23:00:00,A,TOTAL,COMPLET,TOTAL,NR,T,ES,2021-01-01,696866.0,b,
ESTAT:MIGR_EMI1CTZ(1.0),01/07/26 23:00:00,A,UA,COMPLET,TOTAL,NR,T,ES,2021-01-01,8431.0,b,
ESTAT:MIGR_EMI1CTZ(1.0),01/07/26 23:00:00,A,UK,COMPLET,TOTAL,NR,T,ES,2021-01-01,25724.0,b,
ESTAT:MIGR_EMI1CTZ(1.0),01/07/26 23:00:00,A,UNK,COMPLET,TOTAL,NR,T,ES,2021-01-01,0.0,b,
ESTAT:MIGR_EMI1CTZ(1.0),01/07/26 23:00:00,A,US,COMPLET,TOTAL,NR,T,ES,2021-01-01,8134.0,b,
ESTAT:MIGR_EMI1CTZ(1.0),01/07/26 23:00:00,A,UY,COMPLET,TOTAL,NR,T,ES,2021-01-01,2550.0,b,
ESTAT:MIGR_EMI1CTZ(1.0),01/07/26 23:00:00,A,VE,COMPLET,TOTAL,NR,T,ES,2021-01-01,13913.0,b,
ESTAT:MIGR_EMI1CTZ(1.0),01/07/26 23:00:00,A,AR,COMPLET,TOTAL,NR,T,ES,2022-01-01,5868.0,,
ESTAT:MIGR_EMI1CTZ(1.0),01/07/26 23:00:00,A,BD,COMPLET,TOTAL,NR,T,ES,2022-01-01,1212.0,,
ESTAT:MIGR_EMI1CTZ(1.0),01/07/26 23:00:00,A,BE,COMPLET,TOTAL,NR,T,ES,2022-01-01,3125.0,,
ESTAT:MIGR_EMI1CTZ(1.0),01/07/26 23:00:00,A,BG,COMPLET,TOTAL,NR,T,ES,2022-01-01,11228.0,,
ESTAT:MIGR_EMI1CTZ(1.0),01/07/26 23:00:00,A,BO,COMPLET,TOTAL,NR,T,ES,2022-01-01,3877.0,,
ESTAT:MIGR_EMI1CTZ(1.0),01/07/26 23:00:00,A,BR,COMPLET,TOTAL,NR,T,ES,2022-01-01,7655.0,,
ESTAT:MIGR_EMI1CTZ(1.0),01/07/26 23:00:00,A,CC8_22_FOR,COMPLET,TOTAL,NR,T,ES,2022-01-01,8373.0,,
ESTAT:MIGR_EMI1CTZ(1.0),01/07/26 23:00:00,A,CH,COMPLET,TOTAL,NR,T,ES,2022-01-01,1341.0,,
ESTAT:MIGR_EMI1CTZ(1.0),01/07/26 23:00:00,A,CL,COMPLET,TOTAL,NR,T,ES,2022-01-01,2162.0,,
ESTAT:MIGR_EMI1CTZ(1.0),01/07/26 23:00:00,A,CN,COMPLET,TOTAL,NR,T,ES,2022-01-01,12398.0,,
ESTAT:MIGR_EMI1CTZ(1.0),01/07/26 23:00:00,A,CO,COMPLET,TOTAL,NR,T,ES,2022-01-01,19607.0,,
ESTAT:MIGR_EMI1CTZ(1.0),01/07/26 23:00:00,A,CU,COMPLET,TOTAL,NR,T,ES,2022-01-01,3097.0,,
ESTAT:MIGR_EMI1CTZ(1.0),01/07/26 23:00:00,A,DE,COMPLET,TOTAL,NR,T,ES,2022-01-01,11238.0,,
ESTAT:MIGR_EMI1CTZ(1.0),01/07/26 23:00:00,A,DK,COMPLET,TOTAL,NR,T,ES,2022-01-01,973.0,,
ESTAT:MIGR_EMI1CTZ(1.0),01/07/26 23:00:00,A,DO,COMPLET,TOTAL,NR,T,ES,2022-01-01,3832.0,,
ESTAT:MIGR_EMI1CTZ(1.0),01/07/26 23:00:00,A,DZ,COMPLET,TOTAL,NR,T,ES,2022-01-01,4939.0,,
ESTAT:MIGR_EMI1CTZ(1.0),01/07/26 23:00:00,A,EC,COMPLET,TOTAL,NR,T,ES,2022-01-01,6132.0,,
ESTAT:MIGR_EMI1CTZ(1.0),01/07/26 23:00:00,A,ES,COMPLET,TOTAL,NR,T,ES,2022-01-01,141124.0,,
ESTAT:MIGR_EMI1CTZ(1.0),01/07/26 23:00:00,A,EU27_2020_FOR,COMPLET,TOTAL,NR,T,ES,2022-01-01,150744.0,,
ESTAT:MIGR_EMI1CTZ(1.0),01/07/26 23:00:00,A,FI,COMPLET,TOTAL,NR,T,ES,2022-01-01,974.0,,
ESTAT:MIGR_EMI1CTZ(1.0),01/07/26 23:00:00,A,FOR_STLS,COMPLET,TOTAL,NR,T,ES,2022-01-01,390765.0,,
ESTAT:MIGR_EMI1CTZ(1.0),01/07/26 23:00:00,A,FR,COMPLET,TOTAL,NR,T,ES,2022-01-01,12081.0,,
ESTAT:MIGR_EMI1CTZ(1.0),01/07/26 23:00:00,A,GH,COMPLET,TOTAL,NR,T,ES,2022-01-01,1424.0,,
ESTAT:MIGR_EMI1CTZ(1.0),01/07/26 23:00:00,A,GM,COMPLET,TOTAL,NR,T,ES,2022-01-01,1611.0,,
ESTAT:MIGR_EMI1CTZ(1.0),01/07/26 23:00:00,A,GN,COMPLET,TOTAL,NR,T,ES,2022-01-01,1069.0,,
ESTAT:MIGR_EMI1CTZ(1.0),01/07/26 23:00:00,A,GQ,COMPLET,TOTAL,NR,T,ES,2022-01-01,908.0,,
ESTAT:MIGR_EMI1CTZ(1.0),01/07/26 23:00:00,A,HN,COMPLET,TOTAL,NR,T,ES,2022-01-01,6852.0,,
ESTAT:MIGR_EMI1CTZ(1.0),01/07/26 23:00:00,A,IE,COMPLET,TOTAL,NR,T,ES,2022-01-01,1744.0,,
ESTAT:MIGR_EMI1CTZ(1.0),01/07/26 23:00:00,A,IN,COMPLET,TOTAL,NR,T,ES,2022-01-01,3649.0,,
ESTAT:MIGR_EMI1CTZ(1.0),01/07/26 23:00:00,A,IT,COMPLET,TOTAL,NR,T,ES,2022-01-01,22771.0,,
ESTAT:MIGR_EMI1CTZ(1.0),01/07/26 23:00:00,A,LT,COMPLET,TOTAL,NR,T,ES,2022-01-01,1473.0,,
ESTAT:MIGR_EMI1CTZ(1.0),01/07/26 23:00:00,A,MA,COMPLET,TOTAL,NR,T,ES,2022-01-01,42851.0,,
ESTAT:MIGR_EMI1CTZ(1.0),01/07/26 23:00:00,A,MD,COMPLET,TOTAL,NR,T,ES,2022-01-01,1000.0,,
ESTAT:MIGR_EMI1CTZ(1.0),01/07/26 23:00:00,A,ML,COMPLET,TOTAL,NR,T,ES,2022-01-01,2336.0,,
ESTAT:MIGR_EMI1CTZ(1.0),01/07/26 23:00:00,A,MR,COMPLET,TOTAL,NR,T,ES,2022-01-01,631.0,,
ESTAT:MIGR_EMI1CTZ(1.0),01/07/26 23:00:00,A,MX,COMPLET,TOTAL,NR,T,ES,2022-01-01,2340.0,,
ESTAT:MIGR_EMI1CTZ(1.0),01/07/26 23:00:00,A,NAT,COMPLET,TOTAL,NR,T,ES,2022-01-01,141124.0,,
ESTAT:MIGR_EMI1CTZ(1.0),01/07/26 23:00:00,A,NEU27_2020_FOR,COMPLET,TOTAL,NR,T,ES,2022-01-01,239762.0,,
ESTAT:MIGR_EMI1CTZ(1.0),01/07/26 23:00:00,A,NG,COMPLET,TOTAL,NR,T,ES,2022-01-01,2406.0,,
ESTAT:MIGR_EMI1CTZ(1.0),01/07/26 23:00:00,A,NI,COMPLET,TOTAL,NR,T,ES,2022-01-01,5302.0,,
ESTAT:MIGR_EMI1CTZ(1.0),01/07/26 23:00:00,A,NL,COMPLET,TOTAL,NR,T,ES,2022-01-01,4433.0,,
ESTAT:MIGR_EMI1CTZ(1.0),01/07/26 23:00:00,A,NO,COMPLET,TOTAL,NR,T,ES,2022-01-01,1670.0,,
ESTAT:MIGR_EMI1CTZ(1.0),01/07/26 23:00:00,A,OTH,COMPLET,TOTAL,NR,T,ES,2022-01-01,157.0,,
ESTAT:MIGR_EMI1CTZ(1.0),01/07/26 23:00:00,A,PE,COMPLET,TOTAL,NR,T,ES,2022-01-01,7282.0,,
ESTAT:MIGR_EMI1CTZ(1.0),01/07/26 23:00:00,A,PH,COMPLET,TOTAL,NR,T,ES,2022-01-01,2023.0,,
ESTAT:MIGR_EMI1CTZ(1.0),01/07/26 23:00:00,A,PK,COMPLET,TOTAL,NR,T,ES,2022-01-01,6685.0,,
ESTAT:MIGR_EMI1CTZ(1.0),01/07/26 23:00:00,A,PL,COMPLET,TOTAL,NR,T,ES,2022-01-01,4747.0,,
ESTAT:MIGR_EMI1CTZ(1.0),01/07/26 23:00:00,A,PT,COMPLET,TOTAL,NR,T,ES,2022-01-01,8961.0,,
ESTAT:MIGR_EMI1CTZ(1.0),01/07/26 23:00:00,A,PY,COMPLET,TOTAL,NR,T,ES,2022-01-01,4643.0,,
ESTAT:MIGR_EMI1CTZ(1.0),01/07/26 23:00:00,A,RO,COMPLET,TOTAL,NR,T,ES,2022-01-01,59298.0,,
ESTAT:MIGR_EMI1CTZ(1.0),01/07/26 23:00:00,A,RU,COMPLET,TOTAL,NR,T,ES,2022-01-01,4731.0,,
ESTAT:MIGR_EMI1CTZ(1.0),01/07/26 23:00:00,A,SE,COMPLET,TOTAL,NR,T,ES,2022-01-01,2093.0,,
ESTAT:MIGR_EMI1CTZ(1.0),01/07/26 23:00:00,A,SN,COMPLET,TOTAL,NR,T,ES,2022-01-01,5061.0,,
ESTAT:MIGR_EMI1CTZ(1.0),01/07/26 23:00:00,A,STLS,COMPLET,TOTAL,NR,T,ES,2022-01-01,259.0,,
ESTAT:MIGR_EMI1CTZ(1.0),01/07/26 23:00:00,A,TOTAL,COMPLET,TOTAL,NR,T,ES,2022-01-01,531889.0,,
ESTAT:MIGR_EMI1CTZ(1.0),01/07/26 23:00:00,A,UA,COMPLET,TOTAL,NR,T,ES,2022-01-01,5643.0,,
ESTAT:MIGR_EMI1CTZ(1.0),01/07/26 23:00:00,A,UK,COMPLET,TOTAL,NR,T,ES,2022-01-01,22730.0,,
ESTAT:MIGR_EMI1CTZ(1.0),01/07/26 23:00:00,A,UNK,COMPLET,TOTAL,NR,T,ES,2022-01-01,0.0,,
ESTAT:MIGR_EMI1CTZ(1.0),01/07/26 23:00:00,A,US,COMPLET,TOTAL,NR,T,ES,2022-01-01,4921.0,,
ESTAT:MIGR_EMI1CTZ(1.0),01/07/26 23:00:00,A,UY,COMPLET,TOTAL,NR,T,ES,2022-01-01,1684.0,,
ESTAT:MIGR_EMI1CTZ(1.0),01/07/26 23:00:00,A,VE,COMPLET,TOTAL,NR,T,ES,2022-01-01,10388.0,,
ESTAT:MIGR_EMI1CTZ(1.0),01/07/26 23:00:00,A,AR,COMPLET,TOTAL,NR,T,ES,2023-01-01,8707.0,,
ESTAT:MIGR_EMI1CTZ(1.0),01/07/26 23:00:00,A,BD,COMPLET,TOTAL,NR,T,ES,2023-01-01,1197.0,,
ESTAT:MIGR_EMI1CTZ(1.0),01/07/26 23:00:00,A,BE,COMPLET,TOTAL,NR,T,ES,2023-01-01,4225.0,,
ESTAT:MIGR_EMI1CTZ(1.0),01/07/26 23:00:00,A,BG,COMPLET,TOTAL,NR,T,ES,2023-01-01,10605.0,,
ESTAT:MIGR_EMI1CTZ(1.0),01/07/26 23:00:00,A,BO,COMPLET,TOTAL,NR,T,ES,2023-01-01,4017.0,,
ESTAT:MIGR_EMI1CTZ(1.0),01/07/26 23:00:00,A,BR,COMPLET,TOTAL,NR,T,ES,2023-01-01,9505.0,,
ESTAT:MIGR_EMI1CTZ(1.0),01/07/26 23:00:00,A,CC9_23_FOR,COMPLET,TOTAL,NR,T,ES,2023-01-01,21014.0,,
ESTAT:MIGR_EMI1CTZ(1.0),01/07/26 23:00:00,A,CH,COMPLET,TOTAL,NR,T,ES,2023-01-01,1675.0,,
ESTAT:MIGR_EMI1CTZ(1.0),01/07/26 23:00:00,A,CL,COMPLET,TOTAL,NR,T,ES,2023-01-01,3398.0,,
ESTAT:MIGR_EMI1CTZ(1.0),01/07/26 23:00:00,A,CN,COMPLET,TOTAL,NR,T,ES,2023-01-01,14551.0,,
ESTAT:MIGR_EMI1CTZ(1.0),01/07/26 23:00:00,A,CO,COMPLET,TOTAL,NR,T,ES,2023-01-01,29230.0,,
ESTAT:MIGR_EMI1CTZ(1.0),01/07/26 23:00:00,A,CU,COMPLET,TOTAL,NR,T,ES,2023-01-01,3877.0,,
ESTAT:MIGR_EMI1CTZ(1.0),01/07/26 23:00:00,A,DE,COMPLET,TOTAL,NR,T,ES,2023-01-01,14825.0,,
ESTAT:MIGR_EMI1CTZ(1.0),01/07/26 23:00:00,A,DK,COMPLET,TOTAL,NR,T,ES,2023-01-01,1394.0,,
ESTAT:MIGR_EMI1CTZ(1.0),01/07/26 23:00:00,A,DO,COMPLET,TOTAL,NR,T,ES,2023-01-01,4351.0,,
ESTAT:MIGR_EMI1CTZ(1.0),01/07/26 23:00:00,A,DZ,COMPLET,TOTAL,NR,T,ES,2023-01-01,5994.0,,
ESTAT:MIGR_EMI1CTZ(1.0),01/07/26 23:00:00,A,EC,COMPLET,TOTAL,NR,T,ES,2023-01-01,6517.0,,
ESTAT:MIGR_EMI1CTZ(1.0),01/07/26 23:00:00,A,ES,COMPLET,TOTAL,NR,T,ES,2023-01-01,126901.0,,
ESTAT:MIGR_EMI1CTZ(1.0),01/07/26 23:00:00,A,EU27_2020_FOR,COMPLET,TOTAL,NR,T,ES,2023-01-01,160700.0,,
ESTAT:MIGR_EMI1CTZ(1.0),01/07/26 23:00:00,A,FI,COMPLET,TOTAL,NR,T,ES,2023-01-01,1460.0,,
ESTAT:MIGR_EMI1CTZ(1.0),01/07/26 23:00:00,A,FOR_STLS,COMPLET,TOTAL,NR,T,ES,2023-01-01,481794.0,,
ESTAT:MIGR_EMI1CTZ(1.0),01/07/26 23:00:00,A,FR,COMPLET,TOTAL,NR,T,ES,2023-01-01,13415.0,,
ESTAT:MIGR_EMI1CTZ(1.0),01/07/26 23:00:00,A,GH,COMPLET,TOTAL,NR,T,ES,2023-01-01,1812.0,,
ESTAT:MIGR_EMI1CTZ(1.0),01/07/26 23:00:00,A,GM,COMPLET,TOTAL,NR,T,ES,2023-01-01,2274.0,,
ESTAT:MIGR_EMI1CTZ(1.0),01/07/26 23:00:00,A,GN,COMPLET,TOTAL,NR,T,ES,2023-01-01,1254.0,,
ESTAT:MIGR_EMI1CTZ(1.0),01/07/26 23:00:00,A,GQ,COMPLET,TOTAL,NR,T,ES,2023-01-01,1144.0,,
ESTAT:MIGR_EMI1CTZ(1.0),01/07/26 23:00:00,A,HN,COMPLET,TOTAL,NR,T,ES,2023-01-01,8961.0,,
ESTAT:MIGR_EMI1CTZ(1.0),01/07/26 23:00:00,A,IE,COMPLET,TOTAL,NR,T,ES,2023-01-01,2659.0,,
ESTAT:MIGR_EMI1CTZ(1.0),01/07/26 23:00:00,A,IN,COMPLET,TOTAL,NR,T,ES,2023-01-01,4851.0,,
ESTAT:MIGR_EMI1CTZ(1.0),01/07/26 23:00:00,A,IT,COMPLET,TOTAL,NR,T,ES,2023-01-01,25669.0,,
ESTAT:MIGR_EMI1CTZ(1.0),01/07/26 23:00:00,A,LT,COMPLET,TOTAL,NR,T,ES,2023-01-01,1590.0,,
ESTAT:MIGR_EMI1CTZ(1.0),01/07/26 23:00:00,A,MA,COMPLET,TOTAL,NR,T,ES,2023-01-01,52650.0,,
ESTAT:MIGR_EMI1CTZ(1.0),01/07/26 23:00:00,A,MD,COMPLET,TOTAL,NR,T,ES,2023-01-01,1198.0,,
ESTAT:MIGR_EMI1CTZ(1.0),01/07/26 23:00:00,A,ML,COMPLET,TOTAL,NR,T,ES,2023-01-01,3296.0,,
ESTAT:MIGR_EMI1CTZ(1.0),01/07/26 23:00:00,A,MR,COMPLET,TOTAL,NR,T,ES,2023-01-01,1107.0,,
ESTAT:MIGR_EMI1CTZ(1.0),01/07/26 23:00:00,A,MX,COMPLET,TOTAL,NR,T,ES,2023-01-01,3929.0,,
ESTAT:MIGR_EMI1CTZ(1.0),01/07/26 23:00:00,A,NAT,COMPLET,TOTAL,NR,T,ES,2023-01-01,126901.0,,
ESTAT:MIGR_EMI1CTZ(1.0),01/07/26 23:00:00,A,NEU27_2020_FOR,COMPLET,TOTAL,NR,T,ES,2023-01-01,320756.0,,
ESTAT:MIGR_EMI1CTZ(1.0),01/07/26 23:00:00,A,NG,COMPLET,TOTAL,NR,T,ES,2023-01-01,2499.0,,
ESTAT:MIGR_EMI1CTZ(1.0),01/07/26 23:00:00,A,NI,COMPLET,TOTAL,NR,T,ES,2023-01-01,6320.0,,
ESTAT:MIGR_EMI1CTZ(1.0),01/07/26 23:00:00,A,NL,COMPLET,TOTAL,NR,T,ES,2023-01-01,6203.0,,
ESTAT:MIGR_EMI1CTZ(1.0),01/07/26 23:00:00,A,NO,COMPLET,TOTAL,NR,T,ES,2023-01-01,2231.0,,
ESTAT:MIGR_EMI1CTZ(1.0),01/07/26 23:00:00,A,OTH,COMPLET,TOTAL,NR,T,ES,2023-01-01,210.0,,
ESTAT:MIGR_EMI1CTZ(1.0),01/07/26 23:00:00,A,PE,COMPLET,TOTAL,NR,T,ES,2023-01-01,11404.0,,
ESTAT:MIGR_EMI1CTZ(1.0),01/07/26 23:00:00,A,PH,COMPLET,TOTAL,NR,T,ES,2023-01-01,2164.0,,
ESTAT:MIGR_EMI1CTZ(1.0),01/07/26 23:00:00,A,PK,COMPLET,TOTAL,NR,T,ES,2023-01-01,8693.0,,
ESTAT:MIGR_EMI1CTZ(1.0),01/07/26 23:00:00,A,PL,COMPLET,TOTAL,NR,T,ES,2023-01-01,4729.0,,
ESTAT:MIGR_EMI1CTZ(1.0),01/07/26 23:00:00,A,PT,COMPLET,TOTAL,NR,T,ES,2023-01-01,8656.0,,
ESTAT:MIGR_EMI1CTZ(1.0),01/07/26 23:00:00,A,PY,COMPLET,TOTAL,NR,T,ES,2023-01-01,6223.0,,
ESTAT:MIGR_EMI1CTZ(1.0),01/07/26 23:00:00,A,RO,COMPLET,TOTAL,NR,T,ES,2023-01-01,55411.0,,
ESTAT:MIGR_EMI1CTZ(1.0),01/07/26 23:00:00,A,RU,COMPLET,TOTAL,NR,T,ES,2023-01-01,7394.0,,
ESTAT:MIGR_EMI1CTZ(1.0),01/07/26 23:00:00,A,SE,COMPLET,TOTAL,NR,T,ES,2023-01-01,3285.0,,
ESTAT:MIGR_EMI1CTZ(1.0),01/07/26 23:00:00,A,SN,COMPLET,TOTAL,NR,T,ES,2023-01-01,7017.0,,
ESTAT:MIGR_EMI1CTZ(1.0),01/07/26 23:00:00,A,STLS,COMPLET,TOTAL,NR,T,ES,2023-01-01,338.0,,
ESTAT:MIGR_EMI1CTZ(1.0),01/07/26 23:00:00,A,TOTAL,COMPLET,TOTAL,NR,T,ES,2023-01-01,608695.0,,
ESTAT:MIGR_EMI1CTZ(1.0),01/07/26 23:00:00,A,UA,COMPLET,TOTAL,NR,T,ES,2023-01-01,15210.0,,
ESTAT:MIGR_EMI1CTZ(1.0),01/07/26 23:00:00,A,UK,COMPLET,TOTAL,NR,T,ES,2023-01-01,26594.0,,
ESTAT:MIGR_EMI1CTZ(1.0),01/07/26 23:00:00,A,UNK,COMPLET,TOTAL,NR,T,ES,2023-01-01,0.0,,
ESTAT:MIGR_EMI1CTZ(1.0),01/07/26 23:00:00,A,US,COMPLET,TOTAL,NR,T,ES,2023-01-01,8247.0,,
ESTAT:MIGR_EMI1CTZ(1.0),01/07/26 23:00:00,A,UY,COMPLET,TOTAL,NR,T,ES,2023-01-01,1975.0,,
ESTAT:MIGR_EMI1CTZ(1.0),01/07/26 23:00:00,A,VE,COMPLET,TOTAL,NR,T,ES,2023-01-01,14332.0,,
ESTAT:MIGR_EMI1CTZ(1.0),01/07/26 23:00:00,A,AR,COMPLET,TOTAL,NR,T,ES,2024-01-01,10729.0,,
ESTAT:MIGR_EMI1CTZ(1.0),01/07/26 23:00:00,A,BD,COMPLET,TOTAL,NR,T,ES,2024-01-01,1390.0,,
ESTAT:MIGR_EMI1CTZ(1.0),01/07/26 23:00:00,A,BE,COMPLET,TOTAL,NR,T,ES,2024-01-01,3430.0,,
ESTAT:MIGR_EMI1CTZ(1.0),01/07/26 23:00:00,A,BG,COMPLET,TOTAL,NR,T,ES,2024-01-01,9870.0,,
ESTAT:MIGR_EMI1CTZ(1.0),01/07/26 23:00:00,A,BO,COMPLET,TOTAL,NR,T,ES,2024-01-01,3760.0,,
ESTAT:MIGR_EMI1CTZ(1.0),01/07/26 23:00:00,A,BR,COMPLET,TOTAL,NR,T,ES,2024-01-01,10728.0,,
ESTAT:MIGR_EMI1CTZ(1.0),01/07/26 23:00:00,A,CC9_23_FOR,COMPLET,TOTAL,NR,T,ES,2024-01-01,43260.0,,
ESTAT:MIGR_EMI1CTZ(1.0),01/07/26 23:00:00,A,CH,COMPLET,TOTAL,NR,T,ES,2024-01-01,1567.0,,
ESTAT:MIGR_EMI1CTZ(1.0),01/07/26 23:00:00,A,CL,COMPLET,TOTAL,NR,T,ES,2024-01-01,3780.0,,
ESTAT:MIGR_EMI1CTZ(1.0),01/07/26 23:00:00,A,CN,COMPLET,TOTAL,NR,T,ES,2024-01-01,13605.0,,
ESTAT:MIGR_EMI1CTZ(1.0),01/07/26 23:00:00,A,CO,COMPLET,TOTAL,NR,T,ES,2024-01-01,45543.0,,
ESTAT:MIGR_EMI1CTZ(1.0),01/07/26 23:00:00,A,CU,COMPLET,TOTAL,NR,T,ES,2024-01-01,4318.0,,
ESTAT:MIGR_EMI1CTZ(1.0),01/07/26 23:00:00,A,DE,COMPLET,TOTAL,NR,T,ES,2024-01-01,12598.0,,
ESTAT:MIGR_EMI1CTZ(1.0),01/07/26 23:00:00,A,DK,COMPLET,TOTAL,NR,T,ES,2024-01-01,1142.0,,
ESTAT:MIGR_EMI1CTZ(1.0),01/07/26 23:00:00,A,DO,COMPLET,TOTAL,NR,T,ES,2024-01-01,4653.0,,
ESTAT:MIGR_EMI1CTZ(1.0),01/07/26 23:00:00,A,DZ,COMPLET,TOTAL,NR,T,ES,2024-01-01,6401.0,,
ESTAT:MIGR_EMI1CTZ(1.0),01/07/26 23:00:00,A,EC,COMPLET,TOTAL,NR,T,ES,2024-01-01,7046.0,,
ESTAT:MIGR_EMI1CTZ(1.0),01/07/26 23:00:00,A,ES,COMPLET,TOTAL,NR,T,ES,2024-01-01,137719.0,,
ESTAT:MIGR_EMI1CTZ(1.0),01/07/26 23:00:00,A,EU27_2020_FOR,COMPLET,TOTAL,NR,T,ES,2024-01-01,149982.0,,
ESTAT:MIGR_EMI1CTZ(1.0),01/07/26 23:00:00,A,FI,COMPLET,TOTAL,NR,T,ES,2024-01-01,1430.0,,
ESTAT:MIGR_EMI1CTZ(1.0),01/07/26 23:00:00,A,FOR_STLS,COMPLET,TOTAL,NR,T,ES,2024-01-01,524575.0,,
ESTAT:MIGR_EMI1CTZ(1.0),01/07/26 23:00:00,A,FR,COMPLET,TOTAL,NR,T,ES,2024-01-01,12699.0,,
ESTAT:MIGR_EMI1CTZ(1.0),01/07/26 23:00:00,A,GH,COMPLET,TOTAL,NR,T,ES,2024-01-01,1720.0,,
ESTAT:MIGR_EMI1CTZ(1.0),01/07/26 23:00:00,A,GM,COMPLET,TOTAL,NR,T,ES,2024-01-01,2229.0,,
ESTAT:MIGR_EMI1CTZ(1.0),01/07/26 23:00:00,A,GN,COMPLET,TOTAL,NR,T,ES,2024-01-01,1140.0,,
ESTAT:MIGR_EMI1CTZ(1.0),01/07/26 23:00:00,A,GQ,COMPLET,TOTAL,NR,T,ES,2024-01-01,1254.0,,
ESTAT:MIGR_EMI1CTZ(1.0),01/07/26 23:00:00,A,HN,COMPLET,TOTAL,NR,T,ES,2024-01-01,10119.0,,
ESTAT:MIGR_EMI1CTZ(1.0),01/07/26 23:00:00,A,IE,COMPLET,TOTAL,NR,T,ES,2024-01-01,2302.0,,
ESTAT:MIGR_EMI1CTZ(1.0),01/07/26 23:00:00,A,IN,COMPLET,TOTAL,NR,T,ES,2024-01-01,5105.0,,
ESTAT:MIGR_EMI1CTZ(1.0),01/07/26 23:00:00,A,IT,COMPLET,TOTAL,NR,T,ES,2024-01-01,26465.0,,
ESTAT:MIGR_EMI1CTZ(1.0),01/07/26 23:00:00,A,LT,COMPLET,TOTAL,NR,T,ES,2024-01-01,1564.0,,
ESTAT:MIGR_EMI1CTZ(1.0),01/07/26 23:00:00,A,MA,COMPLET,TOTAL,NR,T,ES,2024-01-01,54869.0,,
ESTAT:MIGR_EMI1CTZ(1.0),01/07/26 23:00:00,A,MD,COMPLET,TOTAL,NR,T,ES,2024-01-01,1159.0,,
ESTAT:MIGR_EMI1CTZ(1.0),01/07/26 23:00:00,A,ML,COMPLET,TOTAL,NR,T,ES,2024-01-01,2887.0,,
ESTAT:MIGR_EMI1CTZ(1.0),01/07/26 23:00:00,A,MR,COMPLET,TOTAL,NR,T,ES,2024-01-01,1003.0,,
ESTAT:MIGR_EMI1CTZ(1.0),01/07/26 23:00:00,A,MX,COMPLET,TOTAL,NR,T,ES,2024-01-01,4173.0,,
ESTAT:MIGR_EMI1CTZ(1.0),01/07/26 23:00:00,A,NAT,COMPLET,TOTAL,NR,T,ES,2024-01-01,137719.0,,
ESTAT:MIGR_EMI1CTZ(1.0),01/07/26 23:00:00,A,NEU27_2020_FOR,COMPLET,TOTAL,NR,T,ES,2024-01-01,374260.0,,
ESTAT:MIGR_EMI1CTZ(1.0),01/07/26 23:00:00,A,NG,COMPLET,TOTAL,NR,T,ES,2024-01-01,2318.0,,
ESTAT:MIGR_EMI1CTZ(1.0),01/07/26 23:00:00,A,NI,COMPLET,TOTAL,NR,T,ES,2024-01-01,6421.0,,
ESTAT:MIGR_EMI1CTZ(1.0),01/07/26 23:00:00,A,NL,COMPLET,TOTAL,NR,T,ES,2024-01-01,5325.0,,
ESTAT:MIGR_EMI1CTZ(1.0),01/07/26 23:00:00,A,NO,COMPLET,TOTAL,NR,T,ES,2024-01-01,1611.0,,
ESTAT:MIGR_EMI1CTZ(1.0),01/07/26 23:00:00,A,OTH,COMPLET,TOTAL,NR,T,ES,2024-01-01,230.0,,
ESTAT:MIGR_EMI1CTZ(1.0),01/07/26 23:00:00,A,PE,COMPLET,TOTAL,NR,T,ES,2024-01-01,18633.0,,
ESTAT:MIGR_EMI1CTZ(1.0),01/07/26 23:00:00,A,PH,COMPLET,TOTAL,NR,T,ES,2024-01-01,2159.0,,
ESTAT:MIGR_EMI1CTZ(1.0),01/07/26 23:00:00,A,PK,COMPLET,TOTAL,NR,T,ES,2024-01-01,8153.0,,
ESTAT:MIGR_EMI1CTZ(1.0),01/07/26 23:00:00,A,PL,COMPLET,TOTAL,NR,T,ES,2024-01-01,5002.0,,
ESTAT:MIGR_EMI1CTZ(1.0),01/07/26 23:00:00,A,PT,COMPLET,TOTAL,NR,T,ES,2024-01-01,8271.0,,
ESTAT:MIGR_EMI1CTZ(1.0),01/07/26 23:00:00,A,PY,COMPLET,TOTAL,NR,T,ES,2024-01-01,8183.0,,
ESTAT:MIGR_EMI1CTZ(1.0),01/07/26 23:00:00,A,RO,COMPLET,TOTAL,NR,T,ES,2024-01-01,50220.0,,
ESTAT:MIGR_EMI1CTZ(1.0),01/07/26 23:00:00,A,RU,COMPLET,TOTAL,NR,T,ES,2024-01-01,8788.0,,
ESTAT:MIGR_EMI1CTZ(1.0),01/07/26 23:00:00,A,SE,COMPLET,TOTAL,NR,T,ES,2024-01-01,2940.0,,
ESTAT:MIGR_EMI1CTZ(1.0),01/07/26 23:00:00,A,SN,COMPLET,TOTAL,NR,T,ES,2024-01-01,6687.0,,
ESTAT:MIGR_EMI1CTZ(1.0),01/07/26 23:00:00,A,STLS,COMPLET,TOTAL,NR,T,ES,2024-01-01,333.0,,
ESTAT:MIGR_EMI1CTZ(1.0),01/07/26 23:00:00,A,TOTAL,COMPLET,TOTAL,NR,T,ES,2024-01-01,662294.0,,
ESTAT:MIGR_EMI1CTZ(1.0),01/07/26 23:00:00,A,UA,COMPLET,TOTAL,NR,T,ES,2024-01-01,37416.0,,
ESTAT:MIGR_EMI1CTZ(1.0),01/07/26 23:00:00,A,UK,COMPLET,TOTAL,NR,T,ES,2024-01-01,20870.0,,
ESTAT:MIGR_EMI1CTZ(1.0),01/07/26 23:00:00,A,UNK,COMPLET,TOTAL,NR,T,ES,2024-01-01,0.0,,
ESTAT:MIGR_EMI1CTZ(1.0),01/07/26 23:00:00,A,US,COMPLET,TOTAL,NR,T,ES,2024-01-01,8111.0,,
ESTAT:MIGR_EMI1CTZ(1.0),01/07/26 23:00:00,A,UY,COMPLET,TOTAL,NR,T,ES,2024-01-01,2005.0,,
ESTAT:MIGR_EMI1CTZ(1.0),01/07/26 23:00:00,A,VE,COMPLET,TOTAL,NR,T,ES,2024-01-01,17192.0,,
ESTAT:MIGR_EMI1CTZ(1.0),01/07/26 23:00:00,A,AD,REACH,TOTAL,NR,T,IT,2010-01-01,0.0,,
ESTAT:MIGR_EMI1CTZ(1.0),01/07/26 23:00:00,A,AE,REACH,TOTAL,NR,T,IT,2010-01-01,0.0,,
ESTAT:MIGR_EMI1CTZ(1.0),01/07/26 23:00:00,A,AF,REACH,TOTAL,NR,T,IT,2010-01-01,13.0,,
ESTAT:MIGR_EMI1CTZ(1.0),01/07/26 23:00:00,A,AFR,REACH,TOTAL,NR,T,IT,2010-01-01,4425.0,,
ESTAT:MIGR_EMI1CTZ(1.0),01/07/26 23:00:00,A,AFR_C,REACH,TOTAL,NR,T,IT,2010-01-01,115.0,,
ESTAT:MIGR_EMI1CTZ(1.0),01/07/26 23:00:00,A,AFR_E,REACH,TOTAL,NR,T,IT,2010-01-01,178.0,,
ESTAT:MIGR_EMI1CTZ(1.0),01/07/26 23:00:00,A,AFR_N,REACH,TOTAL,NR,T,IT,2010-01-01,3211.0,,
ESTAT:MIGR_EMI1CTZ(1.0),01/07/26 23:00:00,A,AFR_S,REACH,TOTAL,NR,T,IT,2010-01-01,8.0,,
ESTAT:MIGR_EMI1CTZ(1.0),01/07/26 23:00:00,A,AFR_W,REACH,TOTAL,NR,T,IT,2010-01-01,913.0,,
ESTAT:MIGR_EMI1CTZ(1.0),01/07/26 23:00:00,A,AG,REACH,TOTAL,NR,T,IT,2010-01-01,0.0,,
ESTAT:MIGR_EMI1CTZ(1.0),01/07/26 23:00:00,A,AI,REACH,TOTAL,NR,T,IT,2010-01-01,0.0,,
ESTAT:MIGR_EMI1CTZ(1.0),01/07/26 23:00:00,A,AL,REACH,TOTAL,NR,T,IT,2010-01-01,1495.0,,
ESTAT:MIGR_EMI1CTZ(1.0),01/07/26 23:00:00,A,AM,REACH,TOTAL,NR,T,IT,2010-01-01,8.0,,
ESTAT:MIGR_EMI1CTZ(1.0),01/07/26 23:00:00,A,AME,REACH,TOTAL,NR,T,IT,2010-01-01,2863.0,,
ESTAT:MIGR_EMI1CTZ(1.0),01/07/26 23:00:00,A,AME_C,REACH,TOTAL,NR,T,IT,2010-01-01,123.0,,
ESTAT:MIGR_EMI1CTZ(1.0),01/07/26 23:00:00,A,AME_N,REACH,TOTAL,NR,T,IT,2010-01-01,476.0,,
ESTAT:MIGR_EMI1CTZ(1.0),01/07/26 23:00:00,A,AME_S,REACH,TOTAL,NR,T,IT,2010-01-01,1988.0,,
ESTAT:MIGR_EMI1CTZ(1.0),01/07/26 23:00:00,A,AN,REACH,TOTAL,NR,T,IT,2010-01-01,0.0,,
ESTAT:MIGR_EMI1CTZ(1.0),01/07/26 23:00:00,A,AO,REACH,TOTAL,NR,T,IT,2010-01-01,35.0,,
ESTAT:MIGR_EMI1CTZ(1.0),01/07/26 23:00:00,A,AR,REACH,TOTAL,NR,T,IT,2010-01-01,179.0,,
ESTAT:MIGR_EMI1CTZ(1.0),01/07/26 23:00:00,A,ASI,REACH,TOTAL,NR,T,IT,2010-01-01,5569.0,,
ESTAT:MIGR_EMI1CTZ(1.0),01/07/26 23:00:00,A,ASI_C,REACH,TOTAL,NR,T,IT,2010-01-01,44.0,,
ESTAT:MIGR_EMI1CTZ(1.0),01/07/26 23:00:00,A,ASI_E,REACH,TOTAL,NR,T,IT,2010-01-01,1827.0,,
ESTAT:MIGR_EMI1CTZ(1.0),01/07/26 23:00:00,A,ASI_S,REACH,TOTAL,NR,T,IT,2010-01-01,3101.0,,
ESTAT:MIGR_EMI1CTZ(1.0),01/07/26 23:00:00,A,ASI_S_E,REACH,TOTAL,NR,T,IT,2010-01-01,414.0,,
ESTAT:MIGR_EMI1CTZ(1.0),01/07/26 23:00:00,A,ASI_W,REACH,TOTAL,NR,T,IT,2010-01-01,183.0,,
ESTAT:MIGR_EMI1CTZ(1.0),01/07/26 23:00:00,A,AT,REACH,TOTAL,NR,T,IT,2010-01-01,190.0,,
ESTAT:MIGR_EMI1CTZ(1.0),01/07/26 23:00:00,A,AU,REACH,TOTAL,NR,T,IT,2010-01-01,65.0,,
ESTAT:MIGR_EMI1CTZ(1.0),01/07/26 23:00:00,A,AU_NZ,REACH,TOTAL,NR,T,IT,2010-01-01,79.0,,
ESTAT:MIGR_EMI1CTZ(1.0),01/07/26 23:00:00,A,AW,REACH,TOTAL,NR,T,IT,2010-01-01,0.0,,
ESTAT:MIGR_EMI1CTZ(1.0),01/07/26 23:00:00,A,AZ,REACH,TOTAL,NR,T,IT,2010-01-01,3.0,,
ESTAT:MIGR_EMI1CTZ(1.0),01/07/26 23:00:00,A,BA,REACH,TOTAL,NR,T,IT,2010-01-01,215.0,,
ESTAT:MIGR_EMI1CTZ(1.0),01/07/26 23:00:00,A,BB,REACH,TOTAL,NR,T,IT,2010-01-01,0.0,,
ESTAT:MIGR_EMI1CTZ(1.0),01/07/26 23:00:00,A,BD,REACH,TOTAL,NR,T,IT,2010-01-01,1039.0,,
ESTAT:MIGR_EMI1CTZ(1.0),01/07/26 23:00:00,A,BE,REACH,TOTAL,NR,T,IT,2010-01-01,166.0,,
ESTAT:MIGR_EMI1CTZ(1.0),01/07/26 23:00:00,A,BF,REACH,TOTAL,NR,T,IT,2010-01-01,62.0,,
ESTAT:MIGR_EMI1CTZ(1.0),01/07/26 23:00:00,A,BG,REACH,TOTAL,NR,T,IT,2010-01-01,448.0,,
ESTAT:MIGR_EMI1CTZ(1.0),01/07/26 23:00:00,A,BH,REACH,TOTAL,NR,T,IT,2010-01-01,0.0,,
ESTAT:MIGR_EMI1CTZ(1.0),01/07/26 23:00:00,A,BI,REACH,TOTAL,NR,T,IT,2010-01-01,6.0,,
ESTAT:MIGR_EMI1CTZ(1.0),01/07/26 23:00:00,A,BJ,REACH,TOTAL,NR,T,IT,2010-01-01,32.0,,
ESTAT:MIGR_EMI1CTZ(1.0),01/07/26 23:00:00,A,BL,REACH,TOTAL,NR,T,IT,2010-01-01,0.0,,
ESTAT:MIGR_EMI1CTZ(1.0),01/07/26 23:00:00,A,BM,REACH,TOTAL,NR,T,IT,2010-01-01,0.0,,
ESTAT:MIGR_EMI1CTZ(1.0),01/07/26 23:00:00,A,BN,REACH,TOTAL,NR,T,IT,2010-01-01,0.0,,
ESTAT:MIGR_EMI1CTZ(1.0),01/07/26 23:00:00,A,BO,REACH,TOTAL,NR,T,IT,2010-01-01,77.0,,
ESTAT:MIGR_EMI1CTZ(1.0),01/07/26 23:00:00,A,BR,REACH,TOTAL,NR,T,IT,2010-01-01,670.0,,
ESTAT:MIGR_EMI1CTZ(1.0),01/07/26 23:00:00,A,BS,REACH,TOTAL,NR,T,IT,2010-01-01,2.0,,
ESTAT:MIGR_EMI1CTZ(1.0),01/07/26 23:00:00,A,BT,REACH,TOTAL,NR,T,IT,2010-01-01,0.0,,
ESTAT:MIGR_EMI1CTZ(1.0),01/07/26 23:00:00,A,BW,REACH,TOTAL,NR,T,IT,2010-01-01,0.0,,
ESTAT:MIGR_EMI1CTZ(1.0),01/07/26 23:00:00,A,BY,REACH,TOTAL,NR,T,IT,2010-01-01,46.0,,
ESTAT:MIGR_EMI1CTZ(1.0),01/07/26 23:00:00,A,BZ,REACH,TOTAL,NR,T,IT,2010-01-01,0.0,,
ESTAT:MIGR_EMI1CTZ(1.0),01/07/26 23:00:00,A,CA,REACH,TOTAL,NR,T,IT,2010-01-01,52.0,,
ESTAT:MIGR_EMI1CTZ(1.0),01/07/26 23:00:00,A,CD,REACH,TOTAL,NR,T,IT,2010-01-01,11.0,,
ESTAT:MIGR_EMI1CTZ(1.0),01/07/26 23:00:00,A,CF,REACH,TOTAL,NR,T,IT,2010-01-01,4.0,,
ESTAT:MIGR_EMI1CTZ(1.0),01/07/26 23:00:00,A,CG,REACH,TOTAL,NR,T,IT,2010-01-01,14.0,,
ESTAT:MIGR_EMI1CTZ(1.0),01/07/26 23:00:00,A,CH,REACH,TOTAL,NR,T,IT,2010-01-01,293.0,,
ESTAT:MIGR_EMI1CTZ(1.0),01/07/26 23:00:00,A,CI,REACH,TOTAL,NR,T,IT,2010-01-01,86.0,,
ESTAT:MIGR_EMI1CTZ(1.0),01/07/26 23:00:00,A,CL,REACH,TOTAL,NR,T,IT,2010-01-01,31.0,,
ESTAT:MIGR_EMI1CTZ(1.0),01/07/26 23:00:00,A,CM,REACH,TOTAL,NR,T,IT,2010-01-01,48.0,,
ESTAT:MIGR_EMI1CTZ(1.0),01/07/26 23:00:00,A,CN,REACH,TOTAL,NR,T,IT,2010-01-01,1517.0,,
ESTAT:MIGR_EMI1CTZ(1.0),01/07/26 23:00:00,A,CO,REACH,TOTAL,NR,T,IT,2010-01-01,145.0,,
ESTAT:MIGR_EMI1CTZ(1.0),01/07/26 23:00:00,A,CR,REACH,TOTAL,NR,T,IT,2010-01-01,8.0,,
ESTAT:MIGR_EMI1CTZ(1.0),01/07/26 23:00:00,A,CRB,REACH,TOTAL,NR,T,IT,2010-01-01,276.0,,
ESTAT:MIGR_EMI1CTZ(1.0),01/07/26 23:00:00,A,CU,REACH,TOTAL,NR,T,IT,2010-01-01,120.0,,
ESTAT:MIGR_EMI1CTZ(1.0),01/07/26 23:00:00,A,CV,REACH,TOTAL,NR,T,IT,2010-01-01,8.0,,
ESTAT:MIGR_EMI1CTZ(1.0),01/07/26 23:00:00,A,CY,REACH,TOTAL,NR,T,IT,2010-01-01,2.0,,
ESTAT:MIGR_EMI1CTZ(1.0),01/07/26 23:00:00,A,CZ,REACH,TOTAL,NR,T,IT,2010-01-01,108.0,,
ESTAT:MIGR_EMI1CTZ(1.0),01/07/26 23:00:00,A,CZ_SK,REACH,TOTAL,NR,T,IT,2010-01-01,0.0,,
ESTAT:MIGR_EMI1CTZ(1.0),01/07/26 23:00:00,A,DE,REACH,TOTAL,NR,T,IT,2010-01-01,1142.0,,
ESTAT:MIGR_EMI1CTZ(1.0),01/07/26 23:00:00,A,DJ,REACH,TOTAL,NR,T,IT,2010-01-01,0.0,,
ESTAT:MIGR_EMI1CTZ(1.0),01/07/26 23:00:00,A,DK,REACH,TOTAL,NR,T,IT,2010-01-01,83.0,,
ESTAT:MIGR_EMI1CTZ(1.0),01/07/26 23:00:00,A,DM,REACH,TOTAL,NR,T,IT,2010-01-01,4.0,,
ESTAT:MIGR_EMI1CTZ(1.0),01/07/26 23:00:00,A,DO,REACH,TOTAL,NR,T,IT,2010-01-01,144.0,,
ESTAT:MIGR_EMI1CTZ(1.0),01/07/26 23:00:00,A,DZ,REACH,TOTAL,NR,T,IT,2010-01-01,152.0,,
ESTAT:MIGR_EMI1CTZ(1.0),01/07/26 23:00:00,A,EC,REACH,TOTAL,NR,T,IT,2010-01-01,434.0,,
ESTAT:MIGR_EMI1CTZ(1.0),01/07/26 23:00:00,A,EE,REACH,TOTAL,NR,T,IT,2010-01-01,6.0,,
ESTAT:MIGR_EMI1CTZ(1.0),01/07/26 23:00:00,A,EG,REACH,TOTAL,NR,T,IT,2010-01-01,333.0,,
ESTAT:MIGR_EMI1CTZ(1.0),01/07/26 23:00:00,A,EH,REACH,TOTAL,NR,T,IT,2010-01-01,0.0,,
ESTAT:MIGR_EMI1CTZ(1.0),01/07/26 23:00:00,A,EL,REACH,TOTAL,NR,T,IT,2010-01-01,78.0,,
ESTAT:MIGR_EMI1CTZ(1.0),01/07/26 23:00:00,A,ER,REACH,TOTAL,NR,T,IT,2010-01-01,36.0,,
ESTAT:MIGR_EMI1CTZ(1.0),01/07/26 23:00:00,A,ES,REACH,TOTAL,NR,T,IT,2010-01-01,331.0,,
ESTAT:MIGR_EMI1CTZ(1.0),01/07/26 23:00:00,A,ET,REACH,TOTAL,NR,T,IT,2010-01-01,33.0,,
ESTAT:MIGR_EMI1CTZ(1.0),01/07/26 23:00:00,A,EU15,REACH,TOTAL,NR,T,IT,2010-01-01,49999.0,,
ESTAT:MIGR_EMI1CTZ(1.0),01/07/26 23:00:00,A,EU15_FOR,REACH,TOTAL,NR,T,IT,2010-01-01,4045.0,,
ESTAT:MIGR_EMI1CTZ(1.0),01/07/26 23:00:00,A,EU25,REACH,TOTAL,NR,T,IT,2010-01-01,52190.0,,
ESTAT:MIGR_EMI1CTZ(1.0),01/07/26 23:00:00,A,EU25_FOR,REACH,TOTAL,NR,T,IT,2010-01-01,6236.0,,
ESTAT:MIGR_EMI1CTZ(1.0),01/07/26 23:00:00,A,EU27_2007,REACH,TOTAL,NR,T,IT,2010-01-01,60126.0,,
ESTAT:MIGR_EMI1CTZ(1.0),01/07/26 23:00:00,A,EU27_2007_FOR,REACH,TOTAL,NR,T,IT,2010-01-01,14172.0,,
ESTAT:MIGR_EMI1CTZ(1.0),01/07/26 23:00:00,A,EUR,REACH,TOTAL,NR,T,IT,2010-01-01,65826.0,,
ESTAT:MIGR_EMI1CTZ(1.0),01/07/26 23:00:00,A,EX_SU,REACH,TOTAL,NR,T,IT,2010-01-01,0.0,,
ESTAT:MIGR_EMI1CTZ(1.0),01/07/26 23:00:00,A,EX_YU,REACH,TOTAL,NR,T,IT,2010-01-01,0.0,,
ESTAT:MIGR_EMI1CTZ(1.0),01/07/26 23:00:00,A,FI,REACH,TOTAL,NR,T,IT,2010-01-01,63.0,,
ESTAT:MIGR_EMI1CTZ(1.0),01/07/26 23:00:00,A,FJ,REACH,TOTAL,NR,T,IT,2010-01-01,3.0,,
ESTAT:MIGR_EMI1CTZ(1.0),01/07/26 23:00:00,A,FK,REACH,TOTAL,NR,T,IT,2010-01-01,0.0,,
ESTAT:MIGR_EMI1CTZ(1.0),01/07/26 23:00:00,A,FM,REACH,TOTAL,NR,T,IT,2010-01-01,0.0,,
ESTAT:MIGR_EMI1CTZ(1.0),01/07/26 23:00:00,A,FO,REACH,TOTAL,NR,T,IT,2010-01-01,0.0,,
ESTAT:MIGR_EMI1CTZ(1.0),01/07/26 23:00:00,A,FOR_STLS,REACH,TOTAL,NR,T,IT,2010-01-01,32817.0,,
ESTAT:MIGR_EMI1CTZ(1.0),01/07/26 23:00:00,A,FR,REACH,TOTAL,NR,T,IT,2010-01-01,781.0,,
ESTAT:MIGR_EMI1CTZ(1.0),01/07/26 23:00:00,A,GA,REACH,TOTAL,NR,T,IT,2010-01-01,1.0,,
ESTAT:MIGR_EMI1CTZ(1.0),01/07/26 23:00:00,A,GD,REACH,TOTAL,NR,T,IT,2010-01-01,0.0,,
ESTAT:MIGR_EMI1CTZ(1.0),01/07/26 23:00:00,A,GE,REACH,TOTAL,NR,T,IT,2010-01-01,31.0,,
ESTAT:MIGR_EMI1CTZ(1.0),01/07/26 23:00:00,A,GG,REACH,TOTAL,NR,T,IT,2010-01-01,0.0,,
ESTAT:MIGR_EMI1CTZ(1.0),01/07/26 23:00:00,A,GH,REACH,TOTAL,NR,T,IT,2010-01-01,253.0,,
ESTAT:MIGR_EMI1CTZ(1.0),01/07/26 23:00:00,A,GI,REACH,TOTAL,NR,T,IT,2010-01-01,0.0,,
ESTAT:MIGR_EMI1CTZ(1.0),01/07/26 23:00:00,A,GL,REACH,TOTAL,NR,T,IT,2010-01-01,0.0,,
ESTAT:MIGR_EMI1CTZ(1.0),01/07/26 23:00:00,A,GM,REACH,TOTAL,NR,T,IT,2010-01-01,2.0,,
ESTAT:MIGR_EMI1CTZ(1.0),01/07/26 23:00:00,A,GN,REACH,TOTAL,NR,T,IT,2010-01-01,12.0,,
ESTAT:MIGR_EMI1CTZ(1.0),01/07/26 23:00:00,A,GQ,REACH,TOTAL,NR,T,IT,2010-01-01,0.0,,
ESTAT:MIGR_EMI1CTZ(1.0),01/07/26 23:00:00,A,GT,REACH,TOTAL,NR,T,IT,2010-01-01,7.0,,
ESTAT:MIGR_EMI1CTZ(1.0),01/07/26 23:00:00,A,GW,REACH,TOTAL,NR,T,IT,2010-01-01,2.0,,
ESTAT:MIGR_EMI1CTZ(1.0),01/07/26 23:00:00,A,GY,REACH,TOTAL,NR,T,IT,2010-01-01,0.0,,
ESTAT:MIGR_EMI1CTZ(1.0),01/07/26 23:00:00,A,HN,REACH,TOTAL,NR,T,IT,2010-01-01,12.0,,
ESTAT:MIGR_EMI1CTZ(1.0),01/07/26 23:00:00,A,HR,REACH,TOTAL,NR,T,IT,2010-01-01,257.0,,
ESTAT:MIGR_EMI1CTZ(1.0),01/07/26 23:00:00,A,HT,REACH,TOTAL,NR,T,IT,2010-01-01,1.0,,
ESTAT:MIGR_EMI1CTZ(1.0),01/07/26 23:00:00,A,HU,REACH,TOTAL,NR,T,IT,2010-01-01,189.0,,
ESTAT:MIGR_EMI1CTZ(1.0),01/07/26 23:00:00,A,ID,REACH,TOTAL,NR,T,IT,2010-01-01,30.0,,
ESTAT:MIGR_EMI1CTZ(1.0),01/07/26 23:00:00,A,IE,REACH,TOTAL,NR,T,IT,2010-01-01,62.0,,
ESTAT:MIGR_EMI1CTZ(1.0),01/07/26 23:00:00,A,IL,REACH,TOTAL,NR,T,IT,2010-01-01,32.0,,
ESTAT:MIGR_EMI1CTZ(1.0),01/07/26 23:00:00,A,IM,REACH,TOTAL,NR,T,IT,2010-01-01,0.0,,
ESTAT:MIGR_EMI1CTZ(1.0),01/07/26 23:00:00,A,IN,REACH,TOTAL,NR,T,IT,2010-01-01,1011.0,,
ESTAT:MIGR_EMI1CTZ(1.0),01/07/26 23:00:00,A,IQ,REACH,TOTAL,NR,T,IT,2010-01-01,26.0,,
ESTAT:MIGR_EMI1CTZ(1.0),01/07/26 23:00:00,A,IR,REACH,TOTAL,NR,T,IT,2010-01-01,12.0,,
ESTAT:MIGR_EMI1CTZ(1.0),01/07/26 23:00:00,A,IS,REACH,TOTAL,NR,T,IT,2010-01-01,9.0,,
ESTAT:MIGR_EMI1CTZ(1.0),01/07/26 23:00:00,A,IT,REACH,TOTAL,NR,T,IT,2010-01-01,45954.0,,
ESTAT:MIGR_EMI1CTZ(1.0),01/07/26 23:00:00,A,JE,REACH,TOTAL,NR,T,IT,2010-01-01,0.0,,
ESTAT:MIGR_EMI1CTZ(1.0),01/07/26 23:00:00,A,JM,REACH,TOTAL,NR,T,IT,2010-01-01,5.0,,
ESTAT:MIGR_EMI1CTZ(1.0),01/07/26 23:00:00,A,JO,REACH,TOTAL,NR,T,IT,2010-01-01,4.0,,
ESTAT:MIGR_EMI1CTZ(1.0),01/07/26 23:00:00,A,JP,REACH,TOTAL,NR,T,IT,2010-01-01,240.0,,
ESTAT:MIGR_EMI1CTZ(1.0),01/07/26 23:00:00,A,KE,REACH,TOTAL,NR,T,IT,2010-01-01,24.0,,
ESTAT:MIGR_EMI1CTZ(1.0),01/07/26 23:00:00,A,KG,REACH,TOTAL,NR,T,IT,2010-01-01,1.0,,
ESTAT:MIGR_EMI1CTZ(1.0),01/07/26 23:00:00,A,KH,REACH,TOTAL,NR,T,IT,2010-01-01,0.0,,
ESTAT:MIGR_EMI1CTZ(1.0),01/07/26 23:00:00,A,KI,REACH,TOTAL,NR,T,IT,2010-01-01,0.0,,
ESTAT:MIGR_EMI1CTZ(1.0),01/07/26 23:00:00,A,KM,REACH,TOTAL,NR,T,IT,2010-01-01,0.0,,
ESTAT:MIGR_EMI1CTZ(1.0),01/07/26 23:00:00,A,KN,REACH,TOTAL,NR,T,IT,2010-01-01,0.0,,
ESTAT:MIGR_EMI1CTZ(1.0),01/07/26 23:00:00,A,KP,REACH,TOTAL,NR,T,IT,2010-01-01,2.0,,
ESTAT:MIGR_EMI1CTZ(1.0),01/07/26 23:00:00,A,KR,REACH,TOTAL,NR,T,IT,2010-01-01,62.0,,
ESTAT:MIGR_EMI1CTZ(1.0),01/07/26 23:00:00,A,KW,REACH,TOTAL,NR,T,IT,2010-01-01,1.0,,
ESTAT:MIGR_EMI1CTZ(1.0),01/07/26 23:00:00,A,KY,REACH,TOTAL,NR,T,IT,2010-01-01,0.0,,
ESTAT:MIGR_EMI1CTZ(1.0),01/07/26 23:00:00,A,KZ,REACH,TOTAL,NR,T,IT,2010-01-01,29.0,,
ESTAT:MIGR_EMI1CTZ(1.0),01/07/26 23:00:00,A,LA,REACH,TOTAL,NR,T,IT,2010-01-01,0.0,,
ESTAT:MIGR_EMI1CTZ(1.0),01/07/26 23:00:00,A,LB,REACH,TOTAL,NR,T,IT,2010-01-01,40.0,,
ESTAT:MIGR_EMI1CTZ(1.0),01/07/26 23:00:00,A,LC,REACH,TOTAL,NR,T,IT,2010-01-01,0.0,,
ESTAT:MIGR_EMI1CTZ(1.0),01/07/26 23:00:00,A,LI,REACH,TOTAL,NR,T,IT,2010-01-01,2.0,,
ESTAT:MIGR_EMI1CTZ(1.0),01/07/26 23:00:00,A,LK,REACH,TOTAL,NR,T,IT,2010-01-01,442.0,,
ESTAT:MIGR_EMI1CTZ(1.0),01/07/26 23:00:00,A,LR,REACH,TOTAL,NR,T,IT,2010-01-01,4.0,,
ESTAT:MIGR_EMI1CTZ(1.0),01/07/26 23:00:00,A,LS,REACH,TOTAL,NR,T,IT,2010-01-01,1.0,,
ESTAT:MIGR_EMI1CTZ(1.0),01/07/26 23:00:00,A,LT,REACH,TOTAL,NR,T,IT,2010-01-01,47.0,,
ESTAT:MIGR_EMI1CTZ(1.0),01/07/26 23:00:00,A,LU,REACH,TOTAL,NR,T,IT,2010-01-01,13.0,,
ESTAT:MIGR_EMI1CTZ(1.0),01/07/26 23:00:00,A,LV,REACH,TOTAL,NR,T,IT,2010-01-01,19.0,,
ESTAT:MIGR_EMI1CTZ(1.0),01/07/26 23:00:00,A,LY,REACH,TOTAL,NR,T,IT,2010-01-01,4.0,,
ESTAT:MIGR_EMI1CTZ(1.0),01/07/26 23:00:00,A,MA,REACH,TOTAL,NR,T,IT,2010-01-01,2179.0,,
ESTAT:MIGR_EMI1CTZ(1.0),01/07/26 23:00:00,A,MC,REACH,TOTAL,NR,T,IT,2010-01-01,1.0,,
ESTAT:MIGR_EMI1CTZ(1.0),01/07/26 23:00:00,A,MD,REACH,TOTAL,NR,T,IT,2010-01-01,822.0,,
ESTAT:MIGR_EMI1CTZ(1.0),01/07/26 23:00:00,A,ME,REACH,TOTAL,NR,T,IT,2010-01-01,1.0,,
ESTAT:MIGR_EMI1CTZ(1.0),01/07/26 23:00:00,A,MEL,REACH,TOTAL,NR,T,IT,2010-01-01,3.0,,
ESTAT:MIGR_EMI1CTZ(1.0),01/07/26 23:00:00,A,MF,REACH,TOTAL,NR,T,IT,2010-01-01,0.0,,
ESTAT:MIGR_EMI1CTZ(1.0),01/07/26 23:00:00,A,MG,REACH,TOTAL,NR,T,IT,2010-01-01,17.0,,
ESTAT:MIGR_EMI1CTZ(1.0),01/07/26 23:00:00,A,MH,REACH,TOTAL,NR,T,IT,2010-01-01,0.0,,
ESTAT:MIGR_EMI1CTZ(1.0),01/07/26 23:00:00,A,MIC,REACH,TOTAL,NR,T,IT,2010-01-01,0.0,,
ESTAT:MIGR_EMI1CTZ(1.0),01/07/26 23:00:00,A,MK,REACH,TOTAL,NR,T,IT,2010-01-01,552.0,,
ESTAT:MIGR_EMI1CTZ(1.0),01/07/26 23:00:00,A,ML,REACH,TOTAL,NR,T,IT,2010-01-01,1.0,,
ESTAT:MIGR_EMI1CTZ(1.0),01/07/26 23:00:00,A,MM,REACH,TOTAL,NR,T,IT,2010-01-01,0.0,,
ESTAT:MIGR_EMI1CTZ(1.0),01/07/26 23:00:00,A,MN,REACH,TOTAL,NR,T,IT,2010-01-01,1.0,,
ESTAT:MIGR_EMI1CTZ(1.0),01/07/26 23:00:00,A,MR,REACH,TOTAL,NR,T,IT,2010-01-01,2.0,,
ESTAT:MIGR_EMI1CTZ(1.0),01/07/26 23:00:00,A,MS,REACH,TOTAL,NR,T,IT,2010-01-01,0.0,,
ESTAT:MIGR_EMI1CTZ(1.0),01/07/26 23:00:00,A,MT,REACH,TOTAL,NR,T,IT,2010-01-01,10.0,,
ESTAT:MIGR_EMI1CTZ(1.0),01/07/26 23:00:00,A,MU,REACH,TOTAL,NR,T,IT,2010-01-01,13.0,,
ESTAT:MIGR_EMI1CTZ(1.0),01/07/26 23:00:00,A,MV,REACH,TOTAL,NR,T,IT,2010-01-01,0.0,,
ESTAT:MIGR_EMI1CTZ(1.0),01/07/26 23:00:00,A,MW,REACH,TOTAL,NR,T,IT,2010-01-01,0.0,,
ESTAT:MIGR_EMI1CTZ(1.0),01/07/26 23:00:00,A,MX,REACH,TOTAL,NR,T,IT,2010-01-01,73.0,,
ESTAT:MIGR_EMI1CTZ(1.0),01/07/26 23:00:00,A,MY,REACH,TOTAL,NR,T,IT,2010-01-01,17.0,,
ESTAT:MIGR_EMI1CTZ(1.0),01/07/26 23:00:00,A,MZ,REACH,TOTAL,NR,T,IT,2010-01-01,2.0,,
ESTAT:MIGR_EMI1CTZ(1.0),01/07/26 23:00:00,A,NA,REACH,TOTAL,NR,T,IT,2010-01-01,0.0,,
ESTAT:MIGR_EMI1CTZ(1.0),01/07/26 23:00:00,A,NAT,REACH,TOTAL,NR,T,IT,2010-01-01,45954.0,,
ESTAT:MIGR_EMI1CTZ(1.0),01/07/26 23:00:00,A,NC,REACH,TOTAL,NR,T,IT,2010-01-01,0.0,,
ESTAT:MIGR_EMI1CTZ(1.0),01/07/26 23:00:00,A,NE,REACH,TOTAL,NR,T,IT,2010-01-01,3.0,,
ESTAT:MIGR_EMI1CTZ(1.0),01/07/26 23:00:00,A,NEU27_2007_FOR_STLS,REACH,TOTAL,NR,T,IT,2010-01-01,18645.0,,
ESTAT:MIGR_EMI1CTZ(1.0),01/07/26 23:00:00,A,NG,REACH,TOTAL,NR,T,IT,2010-01-01,191.0,,
ESTAT:MIGR_EMI1CTZ(1.0),01/07/26 23:00:00,A,NI,REACH,TOTAL,NR,T,IT,2010-01-01,5.0,,
ESTAT:MIGR_EMI1CTZ(1.0),01/07/26 23:00:00,A,NL,REACH,TOTAL,NR,T,IT,2010-01-01,280.0,,
ESTAT:MIGR_EMI1CTZ(1.0),01/07/26 23:00:00,A,NO,REACH,TOTAL,NR,T,IT,2010-01-01,25.0,,
ESTAT:MIGR_EMI1CTZ(1.0),01/07/26 23:00:00,A,NP,REACH,TOTAL,NR,T,IT,2010-01-01,0.0,,
ESTAT:MIGR_EMI1CTZ(1.0),01/07/26 23:00:00,A,NR,REACH,TOTAL,NR,T,IT,2010-01-01,0.0,,
ESTAT:MIGR_EMI1CTZ(1.0),01/07/26 23:00:00,A,NZ,REACH,TOTAL,NR,T,IT,2010-01-01,14.0,,
ESTAT:MIGR_EMI1CTZ(1.0),01/07/26 23:00:00,A,OCE,REACH,TOTAL,NR,T,IT,2010-01-01,83.0,,
ESTAT:MIGR_EMI1CTZ(1.0),01/07/26 23:00:00,A,OM,REACH,TOTAL,NR,T,IT,2010-01-01,0.0,,
ESTAT:MIGR_EMI1CTZ(1.0),01/07/26 23:00:00,A,OTH,REACH,TOTAL,NR,T,IT,2010-01-01,0.0,,
ESTAT:MIGR_EMI1CTZ(1.0),01/07/26 23:00:00,A,PA,REACH,TOTAL,NR,T,IT,2010-01-01,10.0,,
ESTAT:MIGR_EMI1CTZ(1.0),01/07/26 23:00:00,A,PE,REACH,TOTAL,NR,T,IT,2010-01-01,353.0,,
ESTAT:MIGR_EMI1CTZ(1.0),01/07/26 23:00:00,A,PF,REACH,TOTAL,NR,T,IT,2010-01-01,0.0,,
ESTAT:MIGR_EMI1CTZ(1.0),01/07/26 23:00:00,A,PG,REACH,TOTAL,NR,T,IT,2010-01-01,0.0,,
ESTAT:MIGR_EMI1CTZ(1.0),01/07/26 23:00:00,A,PH,REACH,TOTAL,NR,T,IT,2010-01-01,298.0,,
ESTAT:MIGR_EMI1CTZ(1.0),01/07/26 23:00:00,A,PK,REACH,TOTAL,NR,T,IT,2010-01-01,584.0,,
ESTAT:MIGR_EMI1CTZ(1.0),01/07/26 23:00:00,A,PL,REACH,TOTAL,NR,T,IT,2010-01-01,1429.0,,
ESTAT:MIGR_EMI1CTZ(1.0),01/07/26 23:00:00,A,PM,REACH,TOTAL,NR,T,IT,2010-01-01,1.0,,
ESTAT:MIGR_EMI1CTZ(1.0),01/07/26 23:00:00,A,PN,REACH,TOTAL,NR,T,IT,2010-01-01,0.0,,
ESTAT:MIGR_EMI1CTZ(1.0),01/07/26 23:00:00,A,POL,REACH,TOTAL,NR,T,IT,2010-01-01,1.0,,
ESTAT:MIGR_EMI1CTZ(1.0),01/07/26 23:00:00,A,PS,REACH,TOTAL,NR,T,IT,2010-01-01,2.0,,
ESTAT:MIGR_EMI1CTZ(1.0),01/07/26 23:00:00,A,PT,REACH,TOTAL,NR,T,IT,2010-01-01,121.0,,
ESTAT:MIGR_EMI1CTZ(1.0),01/07/26 23:00:00,A,PW,REACH,TOTAL,NR,T,IT,2010-01-01,0.0,,
ESTAT:MIGR_EMI1CTZ(1.0),01/07/26 23:00:00,A,PY,REACH,TOTAL,NR,T,IT,2010-01-01,7.0,,
ESTAT:MIGR_EMI1CTZ(1.0),01/07/26 23:00:00,A,QA,REACH,TOTAL,NR,T,IT,2010-01-01,0.0,,
ESTAT:MIGR_EMI1CTZ(1.0),01/07/26 23:00:00,A,RNC,REACH,TOTAL,NR,T,IT,2010-01-01,0.0,,
ESTAT:MIGR_EMI1CTZ(1.0),01/07/26 23:00:00,A,RO,REACH,TOTAL,NR,T,IT,2010-01-01,7488.0,,
ESTAT:MIGR_EMI1CTZ(1.0),01/07/26 23:00:00,A,RS,REACH,TOTAL,NR,T,IT,2010-01-01,515.0,,
ESTAT:MIGR_EMI1CTZ(1.0),01/07/26 23:00:00,A,RS_ME,REACH,TOTAL,NR,T,IT,2010-01-01,0.0,,
ESTAT:MIGR_EMI1CTZ(1.0),01/07/26 23:00:00,A,RU,REACH,TOTAL,NR,T,IT,2010-01-01,152.0,,
ESTAT:MIGR_EMI1CTZ(1.0),01/07/26 23:00:00,A,RW,REACH,TOTAL,NR,T,IT,2010-01-01,2.0,,
ESTAT:MIGR_EMI1CTZ(1.0),01/07/26 23:00:00,A,SA,REACH,TOTAL,NR,T,IT,2010-01-01,7.0,,
ESTAT:MIGR_EMI1CTZ(1.0),01/07/26 23:00:00,A,SB,REACH,TOTAL,NR,T,IT,2010-01-01,0.0,,
ESTAT:MIGR_EMI1CTZ(1.0),01/07/26 23:00:00,A,SC,REACH,TOTAL,NR,T,IT,2010-01-01,6.0,,
ESTAT:MIGR_EMI1CTZ(1.0),01/07/26 23:00:00,A,SD,REACH,TOTAL,NR,T,IT,2010-01-01,11.0,,
ESTAT:MIGR_EMI1CTZ(1.0),01/07/26 23:00:00,A,SE,REACH,TOTAL,NR,T,IT,2010-01-01,127.0,,
ESTAT:MIGR_EMI1CTZ(1.0),01/07/26 23:00:00,A,SG,REACH,TOTAL,NR,T,IT,2010-01-01,4.0,,
ESTAT:MIGR_EMI1CTZ(1.0),01/07/26 23:00:00,A,SH,REACH,TOTAL,NR,T,IT,2010-01-01,0.0,,
ESTAT:MIGR_EMI1CTZ(1.0),01/07/26 23:00:00,A,SI,REACH,TOTAL,NR,T,IT,2010-01-01,100.0,,
ESTAT:MIGR_EMI1CTZ(1.0),01/07/26 23:00:00,A,SK,REACH,TOTAL,NR,T,IT,2010-01-01,281.0,,
ESTAT:MIGR_EMI1CTZ(1.0),01/07/26 23:00:00,A,SL,REACH,TOTAL,NR,T,IT,2010-01-01,4.0,,
ESTAT:MIGR_EMI1CTZ(1.0),01/07/26 23:00:00,A,SM,REACH,TOTAL,NR,T,IT,2010-01-01,4.0,,
ESTAT:MIGR_EMI1CTZ(1.0),01/07/26 23:00:00,A,SN,REACH,TOTAL,NR,T,IT,2010-01-01,234.0,,
ESTAT:MIGR_EMI1CTZ(1.0),01/07/26 23:00:00,A,SO,REACH,TOTAL,NR,T,IT,2010-01-01,26.0,,
ESTAT:MIGR_EMI1CTZ(1.0),01/07/26 23:00:00,A,SR,REACH,TOTAL,NR,T,IT,2010-01-01,0.0,,
ESTAT:MIGR_EMI1CTZ(1.0),01/07/26 23:00:00,A,ST,REACH,TOTAL,NR,T,IT,2010-01-01,2.0,,
ESTAT:MIGR_EMI1CTZ(1.0),01/07/26 23:00:00,A,STLS,REACH,TOTAL,NR,T,IT,2010-01-01,5.0,,
ESTAT:MIGR_EMI1CTZ(1.0),01/07/26 23:00:00,A,SV,REACH,TOTAL,NR,T,IT,2010-01-01,8.0,,
ESTAT:MIGR_EMI1CTZ(1.0),01/07/26 23:00:00,A,SY,REACH,TOTAL,NR,T,IT,2010-01-01,27.0,,
ESTAT:MIGR_EMI1CTZ(1.0),01/07/26 23:00:00,A,SZ,REACH,TOTAL,NR,T,IT,2010-01-01,0.0,,
ESTAT:MIGR_EMI1CTZ(1.0),01/07/26 23:00:00,A,TC,REACH,TOTAL,NR,T,IT,2010-01-01,0.0,,
ESTAT:MIGR_EMI1CTZ(1.0),01/07/26 23:00:00,A,TD,REACH,TOTAL,NR,T,IT,2010-01-01,0.0,,
ESTAT:MIGR_EMI1CTZ(1.0),01/07/26 23:00:00,A,TF,REACH,TOTAL,NR,T,IT,2010-01-01,0.0,,
ESTAT:MIGR_EMI1CTZ(1.0),01/07/26 23:00:00,A,TG,REACH,TOTAL,NR,T,IT,2010-01-01,17.0,,
ESTAT:MIGR_EMI1CTZ(1.0),01/07/26 23:00:00,A,TH,REACH,TOTAL,NR,T,IT,2010-01-01,58.0,,
ESTAT:MIGR_EMI1CTZ(1.0),01/07/26 23:00:00,A,TJ,REACH,TOTAL,NR,T,IT,2010-01-01,0.0,,
ESTAT:MIGR_EMI1CTZ(1.0),01/07/26 23:00:00,A,TL,REACH,TOTAL,NR,T,IT,2010-01-01,0.0,,
ESTAT:MIGR_EMI1CTZ(1.0),01/07/26 23:00:00,A,TM,REACH,TOTAL,NR,T,IT,2010-01-01,1.0,,
ESTAT:MIGR_EMI1CTZ(1.0),01/07/26 23:00:00,A,TN,REACH,TOTAL,NR,T,IT,2010-01-01,532.0,,
ESTAT:MIGR_EMI1CTZ(1.0),01/07/26 23:00:00,A,TO,REACH,TOTAL,NR,T,IT,2010-01-01,0.0,,
ESTAT:MIGR_EMI1CTZ(1.0),01/07/26 23:00:00,A,TOTAL,REACH,TOTAL,NR,T,IT,2010-01-01,78771.0,,
ESTAT:MIGR_EMI1CTZ(1.0),01/07/26 23:00:00,A,TR,REACH,TOTAL,NR,T,IT,2010-01-01,100.0,,
ESTAT:MIGR_EMI1CTZ(1.0),01/07/26 23:00:00,A,TT,REACH,TOTAL,NR,T,IT,2010-01-01,0.0,,
ESTAT:MIGR_EMI1CTZ(1.0),01/07/26 23:00:00,A,TV,REACH,TOTAL,NR,T,IT,2010-01-01,0.0,,
ESTAT:MIGR_EMI1CTZ(1.0),01/07/26 23:00:00,A,TW,REACH,TOTAL,NR,T,IT,2010-01-01,5.0,,
ESTAT:MIGR_EMI1CTZ(1.0),01/07/26 23:00:00,A,TZ,REACH,TOTAL,NR,T,IT,2010-01-01,10.0,,
ESTAT:MIGR_EMI1CTZ(1.0),01/07/26 23:00:00,A,UA,REACH,TOTAL,NR,T,IT,2010-01-01,1211.0,,
ESTAT:MIGR_EMI1CTZ(1.0),01/07/26 23:00:00,A,UG,REACH,TOTAL,NR,T,IT,2010-01-01,3.0,,
ESTAT:MIGR_EMI1CTZ(1.0),01/07/26 23:00:00,A,UK,REACH,TOTAL,NR,T,IT,2010-01-01,608.0,,
ESTAT:MIGR_EMI1CTZ(1.0),01/07/26 23:00:00,A,UNK,REACH,TOTAL,NR,T,IT,2010-01-01,0.0,,
ESTAT:MIGR_EMI1CTZ(1.0),01/07/26 23:00:00,A,US,REACH,TOTAL,NR,T,IT,2010-01-01,423.0,,
ESTAT:MIGR_EMI1CTZ(1.0),01/07/26 23:00:00,A,UY,REACH,TOTAL,NR,T,IT,2010-01-01,22.0,,
ESTAT:MIGR_EMI1CTZ(1.0),01/07/26 23:00:00,A,UZ,REACH,TOTAL,NR,T,IT,2010-01-01,13.0,,
ESTAT:MIGR_EMI1CTZ(1.0),01/07/26 23:00:00,A,VA,REACH,TOTAL,NR,T,IT,2010-01-01,0.0,,
ESTAT:MIGR_EMI1CTZ(1.0),01/07/26 23:00:00,A,VC,REACH,TOTAL,NR,T,IT,2010-01-01,0.0,,
ESTAT:MIGR_EMI1CTZ(1.0),01/07/26 23:00:00,A,VE,REACH,TOTAL,NR,T,IT,2010-01-01,70.0,,
ESTAT:MIGR_EMI1CTZ(1.0),01/07/26 23:00:00,A,VG,REACH,TOTAL,NR,T,IT,2010-01-01,0.0,,
ESTAT:MIGR_EMI1CTZ(1.0),01/07/26 23:00:00,A,VN,REACH,TOTAL,NR,T,IT,2010-01-01,7.0,,
ESTAT:MIGR_EMI1CTZ(1.0),01/07/26 23:00:00,A,VU,REACH,TOTAL,NR,T,IT,2010-01-01,0.0,,
ESTAT:MIGR_EMI1CTZ(1.0),01/07/26 23:00:00,A,WF,REACH,TOTAL,NR,T,IT,2010-01-01,1.0,,
ESTAT:MIGR_EMI1CTZ(1.0),01/07/26 23:00:00,A,WS,REACH,TOTAL,NR,T,IT,2010-01-01,0.0,,
ESTAT:MIGR_EMI1CTZ(1.0),01/07/26 23:00:00,A,XK,REACH,TOTAL,NR,T,IT,2010-01-01,0.0,,
ESTAT:MIGR_EMI1CTZ(1.0),01/07/26 23:00:00,A,YE,REACH,TOTAL,NR,T,IT,2010-01-01,2.0,,
ESTAT:MIGR_EMI1CTZ(1.0),01/07/26 23:00:00,A,YT,REACH,TOTAL,NR,T,IT,2010-01-01,0.0,,
ESTAT:MIGR_EMI1CTZ(1.0),01/07/26 23:00:00,A,ZA,REACH,TOTAL,NR,T,IT,2010-01-01,7.0,,
ESTAT:MIGR_EMI1CTZ(1.0),01/07/26 23:00:00,A,ZM,REACH,TOTAL,NR,T,IT,2010-01-01,0.0,,
ESTAT:MIGR_EMI1CTZ(1.0),01/07/26 23:00:00,A,ZW,REACH,TOTAL,NR,T,IT,2010-01-01,0.0,,
ESTAT:MIGR_EMI1CTZ(1.0),01/07/26 23:00:00,A,AD,REACH,TOTAL,NR,T,IT,2011-01-01,0.0,,
ESTAT:MIGR_EMI1CTZ(1.0),01/07/26 23:00:00,A,AE,REACH,TOTAL,NR,T,IT,2011-01-01,0.0,,
ESTAT:MIGR_EMI1CTZ(1.0),01/07/26 23:00:00,A,AF,REACH,TOTAL,NR,T,IT,2011-01-01,14.0,,
ESTAT:MIGR_EMI1CTZ(1.0),01/07/26 23:00:00,A,AFR,REACH,TOTAL,NR,T,IT,2011-01-01,3955.0,,
ESTAT:MIGR_EMI1CTZ(1.0),01/07/26 23:00:00,A,AFR_C,REACH,TOTAL,NR,T,IT,2011-01-01,118.0,,
ESTAT:MIGR_EMI1CTZ(1.0),01/07/26 23:00:00,A,AFR_E,REACH,TOTAL,NR,T,IT,2011-01-01,167.0,,
ESTAT:MIGR_EMI1CTZ(1.0),01/07/26 23:00:00,A,AFR_N,REACH,TOTAL,NR,T,IT,2011-01-01,2812.0,,
ESTAT:MIGR_EMI1CTZ(1.0),01/07/26 23:00:00,A,AFR_S,REACH,TOTAL,NR,T,IT,2011-01-01,10.0,,
ESTAT:MIGR_EMI1CTZ(1.0),01/07/26 23:00:00,A,AFR_W,REACH,TOTAL,NR,T,IT,2011-01-01,848.0,,
ESTAT:MIGR_EMI1CTZ(1.0),01/07/26 23:00:00,A,AG,REACH,TOTAL,NR,T,IT,2011-01-01,0.0,,
ESTAT:MIGR_EMI1CTZ(1.0),01/07/26 23:00:00,A,AI,REACH,TOTAL,NR,T,IT,2011-01-01,0.0,,
ESTAT:MIGR_EMI1CTZ(1.0),01/07/26 23:00:00,A,AL,REACH,TOTAL,NR,T,IT,2011-01-01,1525.0,,
ESTAT:MIGR_EMI1CTZ(1.0),01/07/26 23:00:00,A,AM,REACH,TOTAL,NR,T,IT,2011-01-01,7.0,,
ESTAT:MIGR_EMI1CTZ(1.0),01/07/26 23:00:00,A,AME,REACH,TOTAL,NR,T,IT,2011-01-01,2879.0,,
ESTAT:MIGR_EMI1CTZ(1.0),01/07/26 23:00:00,A,AME_C,REACH,TOTAL,NR,T,IT,2011-01-01,97.0,,
ESTAT:MIGR_EMI1CTZ(1.0),01/07/26 23:00:00,A,AME_N,REACH,TOTAL,NR,T,IT,2011-01-01,477.0,,
ESTAT:MIGR_EMI1CTZ(1.0),01/07/26 23:00:00,A,AME_S,REACH,TOTAL,NR,T,IT,2011-01-01,2031.0,,
ESTAT:MIGR_EMI1CTZ(1.0),01/07/26 23:00:00,A,AN,REACH,TOTAL,NR,T,IT,2011-01-01,0.0,,
ESTAT:MIGR_EMI1CTZ(1.0),01/07/26 23:00:00,A,AO,REACH,TOTAL,NR,T,IT,2011-01-01,7.0,,
ESTAT:MIGR_EMI1CTZ(1.0),01/07/26 23:00:00,A,AR,REACH,TOTAL,NR,T,IT,2011-01-01,184.0,,
ESTAT:MIGR_EMI1CTZ(1.0),01/07/26 23:00:00,A,ASI,REACH,TOTAL,NR,T,IT,2011-01-01,5534.0,,
ESTAT:MIGR_EMI1CTZ(1.0),01/07/26 23:00:00,A,ASI_C,REACH,TOTAL,NR,T,IT,2011-01-01,96.0,,
ESTAT:MIGR_EMI1CTZ(1.0),01/07/26 23:00:00,A,ASI_E,REACH,TOTAL,NR,T,IT,2011-01-01,2019.0,,
ESTAT:MIGR_EMI1CTZ(1.0),01/07/26 23:00:00,A,ASI_S,REACH,TOTAL,NR,T,IT,2011-01-01,2865.0,,
ESTAT:MIGR_EMI1CTZ(1.0),01/07/26 23:00:00,A,ASI_S_E,REACH,TOTAL,NR,T,IT,2011-01-01,388.0,,
ESTAT:MIGR_EMI1CTZ(1.0),01/07/26 23:00:00,A,ASI_W,REACH,TOTAL,NR,T,IT,2011-01-01,166.0,,
ESTAT:MIGR_EMI1CTZ(1.0),01/07/26 23:00:00,A,AT,REACH,TOTAL,NR,T,IT,2011-01-01,183.0,,
ESTAT:MIGR_EMI1CTZ(1.0),01/07/26 23:00:00,A,AU,REACH,TOTAL,NR,T,IT,2011-01-01,56.0,,
ESTAT:MIGR_EMI1CTZ(1.0),01/07/26 23:00:00,A,AU_NZ,REACH,TOTAL,NR,T,IT,2011-01-01,81.0,,
ESTAT:MIGR_EMI1CTZ(1.0),01/07/26 23:00:00,A,AW,REACH,TOTAL,NR,T,IT,2011-01-01,0.0,,
ESTAT:MIGR_EMI1CTZ(1.0),01/07/26 23:00:00,A,AZ,REACH,TOTAL,NR,T,IT,2011-01-01,1.0,,
ESTAT:MIGR_EMI1CTZ(1.0),01/07/26 23:00:00,A,BA,REACH,TOTAL,NR,T,IT,2011-01-01,193.0,,
ESTAT:MIGR_EMI1CTZ(1.0),01/07/26 23:00:00,A,BB,REACH,TOTAL,NR,T,IT,2011-01-01,0.0,,
ESTAT:MIGR_EMI1CTZ(1.0),01/07/26 23:00:00,A,BD,REACH,TOTAL,NR,T,IT,2011-01-01,680.0,,
ESTAT:MIGR_EMI1CTZ(1.0),01/07/26 23:00:00,A,BE,REACH,TOTAL,NR,T,IT,2011-01-01,186.0,,
ESTAT:MIGR_EMI1CTZ(1.0),01/07/26 23:00:00,A,BF,REACH,TOTAL,NR,T,IT,2011-01-01,40.0,,
ESTAT:MIGR_EMI1CTZ(1.0),01/07/26 23:00:00,A,BG,REACH,TOTAL,NR,T,IT,2011-01-01,401.0,,
ESTAT:MIGR_EMI1CTZ(1.0),01/07/26 23:00:00,A,BH,REACH,TOTAL,NR,T,IT,2011-01-01,2.0,,
ESTAT:MIGR_EMI1CTZ(1.0),01/07/26 23:00:00,A,BI,REACH,TOTAL,NR,T,IT,2011-01-01,2.0,,
ESTAT:MIGR_EMI1CTZ(1.0),01/07/26 23:00:00,A,BJ,REACH,TOTAL,NR,T,IT,2011-01-01,12.0,,
ESTAT:MIGR_EMI1CTZ(1.0),01/07/26 23:00:00,A,BL,REACH,TOTAL,NR,T,IT,2011-01-01,0.0,,
ESTAT:MIGR_EMI1CTZ(1.0),01/07/26 23:00:00,A,BM,REACH,TOTAL,NR,T,IT,2011-01-01,0.0,,
ESTAT:MIGR_EMI1CTZ(1.0),01/07/26 23:00:00,A,BN,REACH,TOTAL,NR,T,IT,2011-01-01,0.0,,
ESTAT:MIGR_EMI1CTZ(1.0),01/07/26 23:00:00,A,BO,REACH,TOTAL,NR,T,IT,2011-01-01,103.0,,
ESTAT:MIGR_EMI1CTZ(1.0),01/07/26 23:00:00,A,BR,REACH,TOTAL,NR,T,IT,2011-01-01,620.0,,
ESTAT:MIGR_EMI1CTZ(1.0),01/07/26 23:00:00,A,BS,REACH,TOTAL,NR,T,IT,2011-01-01,2.0,,
ESTAT:MIGR_EMI1CTZ(1.0),01/07/26 23:00:00,A,BT,REACH,TOTAL,NR,T,IT,2011-01-01,0.0,,
ESTAT:MIGR_EMI1CTZ(1.0),01/07/26 23:00:00,A,BW,REACH,TOTAL,NR,T,IT,2011-01-01,0.0,,
ESTAT:MIGR_EMI1CTZ(1.0),01/07/26 23:00:00,A,BY,REACH,TOTAL,NR,T,IT,2011-01-01,41.0,,
ESTAT:MIGR_EMI1CTZ(1.0),01/07/26 23:00:00,A,BZ,REACH,TOTAL,NR,T,IT,2011-01-01,0.0,,
ESTAT:MIGR_EMI1CTZ(1.0),01/07/26 23:00:00,A,CA,REACH,TOTAL,NR,T,IT,2011-01-01,58.0,,
ESTAT:MIGR_EMI1CTZ(1.0),01/07/26 23:00:00,A,CC4_10,REACH,TOTAL,NR,T,IT,2011-01-01,816.0,,
ESTAT:MIGR_EMI1CTZ(1.0),01/07/26 23:00:00,A,CD,REACH,TOTAL,NR,T,IT,2011-01-01,19.0,,
ESTAT:MIGR_EMI1CTZ(1.0),01/07/26 23:00:00,A,CF,REACH,TOTAL,NR,T,IT,2011-01-01,3.0,,
ESTAT:MIGR_EMI1CTZ(1.0),01/07/26 23:00:00,A,CG,REACH,TOTAL,NR,T,IT,2011-01-01,26.0,,
ESTAT:MIGR_EMI1CTZ(1.0),01/07/26 23:00:00,A,CH,REACH,TOTAL,NR,T,IT,2011-01-01,247.0,,
ESTAT:MIGR_EMI1CTZ(1.0),01/07/26 23:00:00,A,CI,REACH,TOTAL,NR,T,IT,2011-01-01,119.0,,
ESTAT:MIGR_EMI1CTZ(1.0),01/07/26 23:00:00,A,CL,REACH,TOTAL,NR,T,IT,2011-01-01,37.0,,
ESTAT:MIGR_EMI1CTZ(1.0),01/07/26 23:00:00,A,CM,REACH,TOTAL,NR,T,IT,2011-01-01,62.0,,
ESTAT:MIGR_EMI1CTZ(1.0),01/07/26 23:00:00,A,CN,REACH,TOTAL,NR,T,IT,2011-01-01,1672.0,,
ESTAT:MIGR_EMI1CTZ(1.0),01/07/26 23:00:00,A,CO,REACH,TOTAL,NR,T,IT,2011-01-01,182.0,,
ESTAT:MIGR_EMI1CTZ(1.0),01/07/26 23:00:00,A,CR,REACH,TOTAL,NR,T,IT,2011-01-01,12.0,,
ESTAT:MIGR_EMI1CTZ(1.0),01/07/26 23:00:00,A,CRB,REACH,TOTAL,NR,T,IT,2011-01-01,274.0,,
ESTAT:MIGR_EMI1CTZ(1.0),01/07/26 23:00:00,A,CU,REACH,TOTAL,NR,T,IT,2011-01-01,113.0,,
ESTAT:MIGR_EMI1CTZ(1.0),01/07/26 23:00:00,A,CV,REACH,TOTAL,NR,T,IT,2011-01-01,12.0,,
ESTAT:MIGR_EMI1CTZ(1.0),01/07/26 23:00:00,A,CY,REACH,TOTAL,NR,T,IT,2011-01-01,2.0,,
ESTAT:MIGR_EMI1CTZ(1.0),01/07/26 23:00:00,A,CZ,REACH,TOTAL,NR,T,IT,2011-01-01,107.0,,
ESTAT:MIGR_EMI1CTZ(1.0),01/07/26 23:00:00,A,CZ_SK,REACH,TOTAL,NR,T,IT,2011-01-01,0.0,,
ESTAT:MIGR_EMI1CTZ(1.0),01/07/26 23:00:00,A,DE,REACH,TOTAL,NR,T,IT,2011-01-01,1249.0,,
ESTAT:MIGR_EMI1CTZ(1.0),01/07/26 23:00:00,A,DJ,REACH,TOTAL,NR,T,IT,2011-01-01,0.0,,
ESTAT:MIGR_EMI1CTZ(1.0),01/07/26 23:00:00,A,DK,REACH,TOTAL,NR,T,IT,2011-01-01,80.0,,
ESTAT:MIGR_EMI1CTZ(1.0),01/07/26 23:00:00,A,DM,REACH,TOTAL,NR,T,IT,2011-01-01,5.0,,
ESTAT:MIGR_EMI1CTZ(1.0),01/07/26 23:00:00,A,DO,REACH,TOTAL,NR,T,IT,2011-01-01,150.0,,
ESTAT:MIGR_EMI1CTZ(1.0),01/07/26 23:00:00,A,DZ,REACH,TOTAL,NR,T,IT,2011-01-01,165.0,,
ESTAT:MIGR_EMI1CTZ(1.0),01/07/26 23:00:00,A,EC,REACH,TOTAL,NR,T,IT,2011-01-01,411.0,,
ESTAT:MIGR_EMI1CTZ(1.0),01/07/26 23:00:00,A,EE,REACH,TOTAL,NR,T,IT,2011-01-01,11.0,,
ESTAT:MIGR_EMI1CTZ(1.0),01/07/26 23:00:00,A,EG,REACH,TOTAL,NR,T,IT,2011-01-01,304.0,,
ESTAT:MIGR_EMI1CTZ(1.0),01/07/26 23:00:00,A,EH,REACH,TOTAL,NR,T,IT,2011-01-01,0.0,,
ESTAT:MIGR_EMI1CTZ(1.0),01/07/26 23:00:00,A,EL,REACH,TOTAL,NR,T,IT,2011-01-01,64.0,,
ESTAT:MIGR_EMI1CTZ(1.0),01/07/26 23:00:00,A,ER,REACH,TOTAL,NR,T,IT,2011-01-01,35.0,,
ESTAT:MIGR_EMI1CTZ(1.0),01/07/26 23:00:00,A,ES,REACH,TOTAL,NR,T,IT,2011-01-01,316.0,,
ESTAT:MIGR_EMI1CTZ(1.0),01/07/26 23:00:00,A,ET,REACH,TOTAL,NR,T,IT,2011-01-01,18.0,,
ESTAT:MIGR_EMI1CTZ(1.0),01/07/26 23:00:00,A,EU15,REACH,TOTAL,NR,T,IT,2011-01-01,54142.0,,
ESTAT:MIGR_EMI1CTZ(1.0),01/07/26 23:00:00,A,EU15_FOR,REACH,TOTAL,NR,T,IT,2011-01-01,4085.0,,
ESTAT:MIGR_EMI1CTZ(1.0),01/07/26 23:00:00,A,EU25,REACH,TOTAL,NR,T,IT,2011-01-01,56359.0,,
ESTAT:MIGR_EMI1CTZ(1.0),01/07/26 23:00:00,A,EU25_FOR,REACH,TOTAL,NR,T,IT,2011-01-01,6302.0,,
ESTAT:MIGR_EMI1CTZ(1.0),01/07/26 23:00:00,A,EU27_2007,REACH,TOTAL,NR,T,IT,2011-01-01,64453.0,,
ESTAT:MIGR_EMI1CTZ(1.0),01/07/26 23:00:00,A,EU27_2007_FOR,REACH,TOTAL,NR,T,IT,2011-01-01,14396.0,,
ESTAT:MIGR_EMI1CTZ(1.0),01/07/26 23:00:00,A,EUR,REACH,TOTAL,NR,T,IT,2011-01-01,69882.0,,
ESTAT:MIGR_EMI1CTZ(1.0),01/07/26 23:00:00,A,EX_SU,REACH,TOTAL,NR,T,IT,2011-01-01,0.0,,
ESTAT:MIGR_EMI1CTZ(1.0),01/07/26 23:00:00,A,EX_YU,REACH,TOTAL,NR,T,IT,2011-01-01,0.0,,
ESTAT:MIGR_EMI1CTZ(1.0),01/07/26 23:00:00,A,FI,REACH,TOTAL,NR,T,IT,2011-01-01,63.0,,
ESTAT:MIGR_EMI1CTZ(1.0),01/07/26 23:00:00,A,FJ,REACH,TOTAL,NR,T,IT,2011-01-01,1.0,,
ESTAT:MIGR_EMI1CTZ(1.0),01/07/26 23:00:00,A,FK,REACH,TOTAL,NR,T,IT,2011-01-01,0.0,,
ESTAT:MIGR_EMI1CTZ(1.0),01/07/26 23:00:00,A,FM,REACH,TOTAL,NR,T,IT,2011-01-01,0.0,,
ESTAT:MIGR_EMI1CTZ(1.0),01/07/26 23:00:00,A,FO,REACH,TOTAL,NR,T,IT,2011-01-01,0.0,,
ESTAT:MIGR_EMI1CTZ(1.0),01/07/26 23:00:00,A,FOR_STLS,REACH,TOTAL,NR,T,IT,2011-01-01,32404.0,,
ESTAT:MIGR_EMI1CTZ(1.0),01/07/26 23:00:00,A,FR,REACH,TOTAL,NR,T,IT,2011-01-01,786.0,,
ESTAT:MIGR_EMI1CTZ(1.0),01/07/26 23:00:00,A,GA,REACH,TOTAL,NR,T,IT,2011-01-01,1.0,,
ESTAT:MIGR_EMI1CTZ(1.0),01/07/26 23:00:00,A,GD,REACH,TOTAL,NR,T,IT,2011-01-01,0.0,,
ESTAT:MIGR_EMI1CTZ(1.0),01/07/26 23:00:00,A,GE,REACH,TOTAL,NR,T,IT,2011-01-01,36.0,,
ESTAT:MIGR_EMI1CTZ(1.0),01/07/26 23:00:00,A,GG,REACH,TOTAL,NR,T,IT,2011-01-01,0.0,,
ESTAT:MIGR_EMI1CTZ(1.0),01/07/26 23:00:00,A,GH,REACH,TOTAL,NR,T,IT,2011-01-01,208.0,,
ESTAT:MIGR_EMI1CTZ(1.0),01/07/26 23:00:00,A,GI,REACH,TOTAL,NR,T,IT,2011-01-01,0.0,,
ESTAT:MIGR_EMI1CTZ(1.0),01/07/26 23:00:00,A,GL,REACH,TOTAL,NR,T,IT,2011-01-01,0.0,,
ESTAT:MIGR_EMI1CTZ(1.0),01/07/26 23:00:00,A,GM,REACH,TOTAL,NR,T,IT,2011-01-01,2.0,,
ESTAT:MIGR_EMI1CTZ(1.0),01/07/26 23:00:00,A,GN,REACH,TOTAL,NR,T,IT,2011-01-01,11.0,,
ESTAT:MIGR_EMI1CTZ(1.0),01/07/26 23:00:00,A,GQ,REACH,TOTAL,NR,T,IT,2011-01-01,0.0,,
ESTAT:MIGR_EMI1CTZ(1.0),01/07/26 23:00:00,A,GT,REACH,TOTAL,NR,T,IT,2011-01-01,1.0,,
ESTAT:MIGR_EMI1CTZ(1.0),01/07/26 23:00:00,A,GW,REACH,TOTAL,NR,T,IT,2011-01-01,1.0,,
ESTAT:MIGR_EMI1CTZ(1.0),01/07/26 23:00:00,A,GY,REACH,TOTAL,NR,T,IT,2011-01-01,0.0,,
ESTAT:MIGR_EMI1CTZ(1.0),01/07/26 23:00:00,A,HN,REACH,TOTAL,NR,T,IT,2011-01-01,7.0,,
ESTAT:MIGR_EMI1CTZ(1.0),01/07/26 23:00:00,A,HR,REACH,TOTAL,NR,T,IT,2011-01-01,213.0,,
ESTAT:MIGR_EMI1CTZ(1.0),01/07/26 23:00:00,A,HT,REACH,TOTAL,NR,T,IT,2011-01-01,4.0,,
ESTAT:MIGR_EMI1CTZ(1.0),01/07/26 23:00:00,A,HU,REACH,TOTAL,NR,T,IT,2011-01-01,202.0,,
ESTAT:MIGR_EMI1CTZ(1.0),01/07/26 23:00:00,A,ID,REACH,TOTAL,NR,T,IT,2011-01-01,26.0,,
ESTAT:MIGR_EMI1CTZ(1.0),01/07/26 23:00:00,A,IE,REACH,TOTAL,NR,T,IT,2011-01-01,56.0,,
ESTAT:MIGR_EMI1CTZ(1.0),01/07/26 23:00:00,A,IL,REACH,TOTAL,NR,T,IT,2011-01-01,24.0,,
ESTAT:MIGR_EMI1CTZ(1.0),01/07/26 23:00:00,A,IM,REACH,TOTAL,NR,T,IT,2011-01-01,0.0,,
ESTAT:MIGR_EMI1CTZ(1.0),01/07/26 23:00:00,A,IN,REACH,TOTAL,NR,T,IT,2011-01-01,1058.0,,
ESTAT:MIGR_EMI1CTZ(1.0),01/07/26 23:00:00,A,IQ,REACH,TOTAL,NR,T,IT,2011-01-01,4.0,,
ESTAT:MIGR_EMI1CTZ(1.0),01/07/26 23:00:00,A,IR,REACH,TOTAL,NR,T,IT,2011-01-01,31.0,,
ESTAT:MIGR_EMI1CTZ(1.0),01/07/26 23:00:00,A,IS,REACH,TOTAL,NR,T,IT,2011-01-01,11.0,,
ESTAT:MIGR_EMI1CTZ(1.0),01/07/26 23:00:00,A,IT,REACH,TOTAL,NR,T,IT,2011-01-01,50057.0,,
ESTAT:MIGR_EMI1CTZ(1.0),01/07/26 23:00:00,A,JE,REACH,TOTAL,NR,T,IT,2011-01-01,0.0,,
ESTAT:MIGR_EMI1CTZ(1.0),01/07/26 23:00:00,A,JM,REACH,TOTAL,NR,T,IT,2011-01-01,0.0,,
ESTAT:MIGR_EMI1CTZ(1.0),01/07/26 23:00:00,A,JO,REACH,TOTAL,NR,T,IT,2011-01-01,12.0,,
ESTAT:MIGR_EMI1CTZ(1.0),01/07/26 23:00:00,A,JP,REACH,TOTAL,NR,T,IT,2011-01-01,247.0,,
ESTAT:MIGR_EMI1CTZ(1.0),01/07/26 23:00:00,A,KE,REACH,TOTAL,NR,T,IT,2011-01-01,24.0,,
ESTAT:MIGR_EMI1CTZ(1.0),01/07/26 23:00:00,A,KG,REACH,TOTAL,NR,T,IT,2011-01-01,0.0,,
ESTAT:MIGR_EMI1CTZ(1.0),01/07/26 23:00:00,A,KH,REACH,TOTAL,NR,T,IT,2011-01-01,2.0,,
ESTAT:MIGR_EMI1CTZ(1.0),01/07/26 23:00:00,A,KI,REACH,TOTAL,NR,T,IT,2011-01-01,0.0,,
ESTAT:MIGR_EMI1CTZ(1.0),01/07/26 23:00:00,A,KM,REACH,TOTAL,NR,T,IT,2011-01-01,1.0,,
ESTAT:MIGR_EMI1CTZ(1.0),01/07/26 23:00:00,A,KN,REACH,TOTAL,NR,T,IT,2011-01-01,0.0,,
ESTAT:MIGR_EMI1CTZ(1.0),01/07/26 23:00:00,A,KP,REACH,TOTAL,NR,T,IT,2011-01-01,1.0,,
ESTAT:MIGR_EMI1CTZ(1.0),01/07/26 23:00:00,A,KR,REACH,TOTAL,NR,T,IT,2011-01-01,85.0,,
ESTAT:MIGR_EMI1CTZ(1.0),01/07/26 23:00:00,A,KW,REACH,TOTAL,NR,T,IT,2011-01-01,0.0,,
ESTAT:MIGR_EMI1CTZ(1.0),01/07/26 23:00:00,A,KY,REACH,TOTAL,NR,T,IT,2011-01-01,0.0,,
ESTAT:MIGR_EMI1CTZ(1.0),01/07/26 23:00:00,A,KZ,REACH,TOTAL,NR,T,IT,2011-01-01,87.0,,
ESTAT:MIGR_EMI1CTZ(1.0),01/07/26 23:00:00,A,LA,REACH,TOTAL,NR,T,IT,2011-01-01,1.0,,
ESTAT:MIGR_EMI1CTZ(1.0),01/07/26 23:00:00,A,LB,REACH,TOTAL,NR,T,IT,2011-01-01,38.0,,
ESTAT:MIGR_EMI1CTZ(1.0),01/07/26 23:00:00,A,LC,REACH,TOTAL,NR,T,IT,2011-01-01,0.0,,
ESTAT:MIGR_EMI1CTZ(1.0),01/07/26 23:00:00,A,LI,REACH,TOTAL,NR,T,IT,2011-01-01,1.0,,
ESTAT:MIGR_EMI1CTZ(1.0),01/07/26 23:00:00,A,LK,REACH,TOTAL,NR,T,IT,2011-01-01,497.0,,
ESTAT:MIGR_EMI1CTZ(1.0),01/07/26 23:00:00,A,LR,REACH,TOTAL,NR,T,IT,2011-01-01,2.0,,
ESTAT:MIGR_EMI1CTZ(1.0),01/07/26 23:00:00,A,LS,REACH,TOTAL,NR,T,IT,2011-01-01,1.0,,
ESTAT:MIGR_EMI1CTZ(1.0),01/07/26 23:00:00,A,LT,REACH,TOTAL,NR,T,IT,2011-01-01,44.0,,
ESTAT:MIGR_EMI1CTZ(1.0),01/07/26 23:00:00,A,LU,REACH,TOTAL,NR,T,IT,2011-01-01,13.0,,
ESTAT:MIGR_EMI1CTZ(1.0),01/07/26 23:00:00,A,LV,REACH,TOTAL,NR,T,IT,2011-01-01,19.0,,
ESTAT:MIGR_EMI1CTZ(1.0),01/07/26 23:00:00,A,LY,REACH,TOTAL,NR,T,IT,2011-01-01,9.0,,
ESTAT:MIGR_EMI1CTZ(1.0),01/07/26 23:00:00,A,MA,REACH,TOTAL,NR,T,IT,2011-01-01,1761.0,,
ESTAT:MIGR_EMI1CTZ(1.0),01/07/26 23:00:00,A,MC,REACH,TOTAL,NR,T,IT,2011-01-01,0.0,,
ESTAT:MIGR_EMI1CTZ(1.0),01/07/26 23:00:00,A,MD,REACH,TOTAL,NR,T,IT,2011-01-01,806.0,,
ESTAT:MIGR_EMI1CTZ(1.0),01/07/26 23:00:00,A,ME,REACH,TOTAL,NR,T,IT,2011-01-01,8.0,,
ESTAT:MIGR_EMI1CTZ(1.0),01/07/26 23:00:00,A,MEL,REACH,TOTAL,NR,T,IT,2011-01-01,3.0,,
ESTAT:MIGR_EMI1CTZ(1.0),01/07/26 23:00:00,A,MF,REACH,TOTAL,NR,T,IT,2011-01-01,0.0,,
ESTAT:MIGR_EMI1CTZ(1.0),01/07/26 23:00:00,A,MG,REACH,TOTAL,NR,T,IT,2011-01-01,10.0,,
ESTAT:MIGR_EMI1CTZ(1.0),01/07/26 23:00:00,A,MH,REACH,TOTAL,NR,T,IT,2011-01-01,0.0,,
ESTAT:MIGR_EMI1CTZ(1.0),01/07/26 23:00:00,A,MIC,REACH,TOTAL,NR,T,IT,2011-01-01,0.0,,
ESTAT:MIGR_EMI1CTZ(1.0),01/07/26 23:00:00,A,MK,REACH,TOTAL,NR,T,IT,2011-01-01,471.0,,
ESTAT:MIGR_EMI1CTZ(1.0),01/07/26 23:00:00,A,ML,REACH,TOTAL,NR,T,IT,2011-01-01,10.0,,
ESTAT:MIGR_EMI1CTZ(1.0),01/07/26 23:00:00,A,MM,REACH,TOTAL,NR,T,IT,2011-01-01,9.0,,
ESTAT:MIGR_EMI1CTZ(1.0),01/07/26 23:00:00,A,MN,REACH,TOTAL,NR,T,IT,2011-01-01,0.0,,
ESTAT:MIGR_EMI1CTZ(1.0),01/07/26 23:00:00,A,MR,REACH,TOTAL,NR,T,IT,2011-01-01,1.0,,
ESTAT:MIGR_EMI1CTZ(1.0),01/07/26 23:00:00,A,MS,REACH,TOTAL,NR,T,IT,2011-01-01,0.0,,
ESTAT:MIGR_EMI1CTZ(1.0),01/07/26 23:00:00,A,MT,REACH,TOTAL,NR,T,IT,2011-01-01,11.0,,
ESTAT:MIGR_EMI1CTZ(1.0),01/07/26 23:00:00,A,MU,REACH,TOTAL,NR,T,IT,2011-01-01,19.0,,
ESTAT:MIGR_EMI1CTZ(1.0),01/07/26 23:00:00,A,MV,REACH,TOTAL,NR,T,IT,2011-01-01,0.0,,
ESTAT:MIGR_EMI1CTZ(1.0),01/07/26 23:00:00,A,MW,REACH,TOTAL,NR,T,IT,2011-01-01,1.0,,
ESTAT:MIGR_EMI1CTZ(1.0),01/07/26 23:00:00,A,MX,REACH,TOTAL,NR,T,IT,2011-01-01,53.0,,
ESTAT:MIGR_EMI1CTZ(1.0),01/07/26 23:00:00,A,MY,REACH,TOTAL,NR,T,IT,2011-01-01,4.0,,
ESTAT:MIGR_EMI1CTZ(1.0),01/07/26 23:00:00,A,MZ,REACH,TOTAL,NR,T,IT,2011-01-01,0.0,,
ESTAT:MIGR_EMI1CTZ(1.0),01/07/26 23:00:00,A,NA,REACH,TOTAL,NR,T,IT,2011-01-01,0.0,,
ESTAT:MIGR_EMI1CTZ(1.0),01/07/26 23:00:00,A,NAT,REACH,TOTAL,NR,T,IT,2011-01-01,50057.0,,
ESTAT:MIGR_EMI1CTZ(1.0),01/07/26 23:00:00,A,NC,REACH,TOTAL,NR,T,IT,2011-01-01,0.0,,
ESTAT:MIGR_EMI1CTZ(1.0),01/07/26 23:00:00,A,NE,REACH,TOTAL,NR,T,IT,2011-01-01,3.0,,
ESTAT:MIGR_EMI1CTZ(1.0),01/07/26 23:00:00,A,NEU27_2007_FOR_STLS,REACH,TOTAL,NR,T,IT,2011-01-01,18008.0,,
ESTAT:MIGR_EMI1CTZ(1.0),01/07/26 23:00:00,A,NG,REACH,TOTAL,NR,T,IT,2011-01-01,162.0,,
ESTAT:MIGR_EMI1CTZ(1.0),01/07/26 23:00:00,A,NI,REACH,TOTAL,NR,T,IT,2011-01-01,8.0,,
ESTAT:MIGR_EMI1CTZ(1.0),01/07/26 23:00:00,A,NL,REACH,TOTAL,NR,T,IT,2011-01-01,285.0,,
ESTAT:MIGR_EMI1CTZ(1.0),01/07/26 23:00:00,A,NO,REACH,TOTAL,NR,T,IT,2011-01-01,27.0,,
ESTAT:MIGR_EMI1CTZ(1.0),01/07/26 23:00:00,A,NP,REACH,TOTAL,NR,T,IT,2011-01-01,8.0,,
ESTAT:MIGR_EMI1CTZ(1.0),01/07/26 23:00:00,A,NR,REACH,TOTAL,NR,T,IT,2011-01-01,0.0,,
ESTAT:MIGR_EMI1CTZ(1.0),01/07/26 23:00:00,A,NZ,REACH,TOTAL,NR,T,IT,2011-01-01,25.0,,
ESTAT:MIGR_EMI1CTZ(1.0),01/07/26 23:00:00,A,OCE,REACH,TOTAL,NR,T,IT,2011-01-01,84.0,,
ESTAT:MIGR_EMI1CTZ(1.0),01/07/26 23:00:00,A,OM,REACH,TOTAL,NR,T,IT,2011-01-01,0.0,,
ESTAT:MIGR_EMI1CTZ(1.0),01/07/26 23:00:00,A,OTH,REACH,TOTAL,NR,T,IT,2011-01-01,123.0,,
ESTAT:MIGR_EMI1CTZ(1.0),01/07/26 23:00:00,A,PA,REACH,TOTAL,NR,T,IT,2011-01-01,2.0,,
ESTAT:MIGR_EMI1CTZ(1.0),01/07/26 23:00:00,A,PE,REACH,TOTAL,NR,T,IT,2011-01-01,390.0,,
ESTAT:MIGR_EMI1CTZ(1.0),01/07/26 23:00:00,A,PF,REACH,TOTAL,NR,T,IT,2011-01-01,0.0,,
ESTAT:MIGR_EMI1CTZ(1.0),01/07/26 23:00:00,A,PG,REACH,TOTAL,NR,T,IT,2011-01-01,2.0,,
ESTAT:MIGR_EMI1CTZ(1.0),01/07/26 23:00:00,A,PH,REACH,TOTAL,NR,T,IT,2011-01-01,289.0,,
ESTAT:MIGR_EMI1CTZ(1.0),01/07/26 23:00:00,A,PK,REACH,TOTAL,NR,T,IT,2011-01-01,577.0,,
ESTAT:MIGR_EMI1CTZ(1.0),01/07/26 23:00:00,A,PL,REACH,TOTAL,NR,T,IT,2011-01-01,1433.0,,
ESTAT:MIGR_EMI1CTZ(1.0),01/07/26 23:00:00,A,PM,REACH,TOTAL,NR,T,IT,2011-01-01,0.0,,
ESTAT:MIGR_EMI1CTZ(1.0),01/07/26 23:00:00,A,PN,REACH,TOTAL,NR,T,IT,2011-01-01,0.0,,
ESTAT:MIGR_EMI1CTZ(1.0),01/07/26 23:00:00,A,POL,REACH,TOTAL,NR,T,IT,2011-01-01,0.0,,
ESTAT:MIGR_EMI1CTZ(1.0),01/07/26 23:00:00,A,PS,REACH,TOTAL,NR,T,IT,2011-01-01,2.0,,
ESTAT:MIGR_EMI1CTZ(1.0),01/07/26 23:00:00,A,PT,REACH,TOTAL,NR,T,IT,2011-01-01,119.0,,
ESTAT:MIGR_EMI1CTZ(1.0),01/07/26 23:00:00,A,PW,REACH,TOTAL,NR,T,IT,2011-01-01,0.0,,
ESTAT:MIGR_EMI1CTZ(1.0),01/07/26 23:00:00,A,PY,REACH,TOTAL,NR,T,IT,2011-01-01,12.0,,
ESTAT:MIGR_EMI1CTZ(1.0),01/07/26 23:00:00,A,QA,REACH,TOTAL,NR,T,IT,2011-01-01,0.0,,
ESTAT:MIGR_EMI1CTZ(1.0),01/07/26 23:00:00,A,RNC,REACH,TOTAL,NR,T,IT,2011-01-01,0.0,,
ESTAT:MIGR_EMI1CTZ(1.0),01/07/26 23:00:00,A,RO,REACH,TOTAL,NR,T,IT,2011-01-01,7693.0,,
ESTAT:MIGR_EMI1CTZ(1.0),01/07/26 23:00:00,A,RS,REACH,TOTAL,NR,T,IT,2011-01-01,372.0,,
ESTAT:MIGR_EMI1CTZ(1.0),01/07/26 23:00:00,A,RS_ME,REACH,TOTAL,NR,T,IT,2011-01-01,0.0,,
ESTAT:MIGR_EMI1CTZ(1.0),01/07/26 23:00:00,A,RU,REACH,TOTAL,NR,T,IT,2011-01-01,168.0,,
ESTAT:MIGR_EMI1CTZ(1.0),01/07/26 23:00:00,A,RW,REACH,TOTAL,NR,T,IT,2011-01-01,3.0,,
ESTAT:MIGR_EMI1CTZ(1.0),01/07/26 23:00:00,A,SA,REACH,TOTAL,NR,T,IT,2011-01-01,1.0,,
ESTAT:MIGR_EMI1CTZ(1.0),01/07/26 23:00:00,A,SB,REACH,TOTAL,NR,T,IT,2011-01-01,0.0,,
ESTAT:MIGR_EMI1CTZ(1.0),01/07/26 23:00:00,A,SC,REACH,TOTAL,NR,T,IT,2011-01-01,1.0,,
ESTAT:MIGR_EMI1CTZ(1.0),01/07/26 23:00:00,A,SD,REACH,TOTAL,NR,T,IT,2011-01-01,2.0,,
ESTAT:MIGR_EMI1CTZ(1.0),01/07/26 23:00:00,A,SE,REACH,TOTAL,NR,T,IT,2011-01-01,109.0,,
ESTAT:MIGR_EMI1CTZ(1.0),01/07/26 23:00:00,A,SG,REACH,TOTAL,NR,T,IT,2011-01-01,10.0,,
ESTAT:MIGR_EMI1CTZ(1.0),01/07/26 23:00:00,A,SH,REACH,TOTAL,NR,T,IT,2011-01-01,0.0,,
ESTAT:MIGR_EMI1CTZ(1.0),01/07/26 23:00:00,A,SI,REACH,TOTAL,NR,T,IT,2011-01-01,90.0,,
ESTAT:MIGR_EMI1CTZ(1.0),01/07/26 23:00:00,A,SK,REACH,TOTAL,NR,T,IT,2011-01-01,298.0,,
ESTAT:MIGR_EMI1CTZ(1.0),01/07/26 23:00:00,A,SL,REACH,TOTAL,NR,T,IT,2011-01-01,2.0,,
ESTAT:MIGR_EMI1CTZ(1.0),01/07/26 23:00:00,A,SM,REACH,TOTAL,NR,T,IT,2011-01-01,7.0,,
ESTAT:MIGR_EMI1CTZ(1.0),01/07/26 23:00:00,A,SN,REACH,TOTAL,NR,T,IT,2011-01-01,246.0,,
ESTAT:MIGR_EMI1CTZ(1.0),01/07/26 23:00:00,A,SO,REACH,TOTAL,NR,T,IT,2011-01-01,34.0,,
ESTAT:MIGR_EMI1CTZ(1.0),01/07/26 23:00:00,A,SR,REACH,TOTAL,NR,T,IT,2011-01-01,0.0,,
ESTAT:MIGR_EMI1CTZ(1.0),01/07/26 23:00:00,A,SS,REACH,TOTAL,NR,T,IT,2011-01-01,0.0,,
ESTAT:MIGR_EMI1CTZ(1.0),01/07/26 23:00:00,A,ST,REACH,TOTAL,NR,T,IT,2011-01-01,0.0,,
ESTAT:MIGR_EMI1CTZ(1.0),01/07/26 23:00:00,A,STLS,REACH,TOTAL,NR,T,IT,2011-01-01,4.0,,
ESTAT:MIGR_EMI1CTZ(1.0),01/07/26 23:00:00,A,SV,REACH,TOTAL,NR,T,IT,2011-01-01,14.0,,
ESTAT:MIGR_EMI1CTZ(1.0),01/07/26 23:00:00,A,SY,REACH,TOTAL,NR,T,IT,2011-01-01,39.0,,
ESTAT:MIGR_EMI1CTZ(1.0),01/07/26 23:00:00,A,SZ,REACH,TOTAL,NR,T,IT,2011-01-01,0.0,,
ESTAT:MIGR_EMI1CTZ(1.0),01/07/26 23:00:00,A,TC,REACH,TOTAL,NR,T,IT,2011-01-01,0.0,,
ESTAT:MIGR_EMI1CTZ(1.0),01/07/26 23:00:00,A,TD,REACH,TOTAL,NR,T,IT,2011-01-01,0.0,,
ESTAT:MIGR_EMI1CTZ(1.0),01/07/26 23:00:00,A,TF,REACH,TOTAL,NR,T,IT,2011-01-01,0.0,,
ESTAT:MIGR_EMI1CTZ(1.0),01/07/26 23:00:00,A,TG,REACH,TOTAL,NR,T,IT,2011-01-01,17.0,,
ESTAT:MIGR_EMI1CTZ(1.0),01/07/26 23:00:00,A,TH,REACH,TOTAL,NR,T,IT,2011-01-01,37.0,,
ESTAT:MIGR_EMI1CTZ(1.0),01/07/26 23:00:00,A,TJ,REACH,TOTAL,NR,T,IT,2011-01-01,0.0,,
ESTAT:MIGR_EMI1CTZ(1.0),01/07/26 23:00:00,A,TL,REACH,TOTAL,NR,T,IT,2011-01-01,0.0,,
ESTAT:MIGR_EMI1CTZ(1.0),01/07/26 23:00:00,A,TM,REACH,TOTAL,NR,T,IT,2011-01-01,4.0,,
ESTAT:MIGR_EMI1CTZ(1.0),01/07/26 23:00:00,A,TN,REACH,TOTAL,NR,T,IT,2011-01-01,571.0,,
ESTAT:MIGR_EMI1CTZ(1.0),01/07/26 23:00:00,A,TO,REACH,TOTAL,NR,T,IT,2011-01-01,0.0,,
ESTAT:MIGR_EMI1CTZ(1.0),01/07/26 23:00:00,A,TOTAL,REACH,TOTAL,NR,T,IT,2011-01-01,82461.0,,
ESTAT:MIGR_EMI1CTZ(1.0),01/07/26 23:00:00,A,TR,REACH,TOTAL,NR,T,IT,2011-01-01,124.0,,
ESTAT:MIGR_EMI1CTZ(1.0),01/07/26 23:00:00,A,TT,REACH,TOTAL,NR,T,IT,2011-01-01,0.0,,
ESTAT:MIGR_EMI1CTZ(1.0),01/07/26 23:00:00,A,TV,REACH,TOTAL,NR,T,IT,2011-01-01,0.0,,
ESTAT:MIGR_EMI1CTZ(1.0),01/07/26 23:00:00,A,TW,REACH,TOTAL,NR,T,IT,2011-01-01,14.0,,
ESTAT:MIGR_EMI1CTZ(1.0),01/07/26 23:00:00,A,TZ,REACH,TOTAL,NR,T,IT,2011-01-01,11.0,,
ESTAT:MIGR_EMI1CTZ(1.0),01/07/26 23:00:00,A,UA,REACH,TOTAL,NR,T,IT,2011-01-01,1212.0,,
ESTAT:MIGR_EMI1CTZ(1.0),01/07/26 23:00:00,A,UG,REACH,TOTAL,NR,T,IT,2011-01-01,3.0,,
ESTAT:MIGR_EMI1CTZ(1.0),01/07/26 23:00:00,A,UK,REACH,TOTAL,NR,T,IT,2011-01-01,576.0,,
ESTAT:MIGR_EMI1CTZ(1.0),01/07/26 23:00:00,A,UNK,REACH,TOTAL,NR,T,IT,2011-01-01,0.0,,
ESTAT:MIGR_EMI1CTZ(1.0),01/07/26 23:00:00,A,US,REACH,TOTAL,NR,T,IT,2011-01-01,419.0,,
ESTAT:MIGR_EMI1CTZ(1.0),01/07/26 23:00:00,A,UY,REACH,TOTAL,NR,T,IT,2011-01-01,15.0,,
ESTAT:MIGR_EMI1CTZ(1.0),01/07/26 23:00:00,A,UZ,REACH,TOTAL,NR,T,IT,2011-01-01,5.0,,
ESTAT:MIGR_EMI1CTZ(1.0),01/07/26 23:00:00,A,VA,REACH,TOTAL,NR,T,IT,2011-01-01,3.0,,
ESTAT:MIGR_EMI1CTZ(1.0),01/07/26 23:00:00,A,VC,REACH,TOTAL,NR,T,IT,2011-01-01,0.0,,
ESTAT:MIGR_EMI1CTZ(1.0),01/07/26 23:00:00,A,VE,REACH,TOTAL,NR,T,IT,2011-01-01,77.0,,
ESTAT:MIGR_EMI1CTZ(1.0),01/07/26 23:00:00,A,VG,REACH,TOTAL,NR,T,IT,2011-01-01,0.0,,
ESTAT:MIGR_EMI1CTZ(1.0),01/07/26 23:00:00,A,VN,REACH,TOTAL,NR,T,IT,2011-01-01,10.0,,
ESTAT:MIGR_EMI1CTZ(1.0),01/07/26 23:00:00,A,VU,REACH,TOTAL,NR,T,IT,2011-01-01,0.0,,
ESTAT:MIGR_EMI1CTZ(1.0),01/07/26 23:00:00,A,WF,REACH,TOTAL,NR,T,IT,2011-01-01,0.0,,
ESTAT:MIGR_EMI1CTZ(1.0),01/07/26 23:00:00,A,WS,REACH,TOTAL,NR,T,IT,2011-01-01,0.0,,
ESTAT:MIGR_EMI1CTZ(1.0),01/07/26 23:00:00,A,XK,REACH,TOTAL,NR,T,IT,2011-01-01,0.0,,
ESTAT:MIGR_EMI1CTZ(1.0),01/07/26 23:00:00,A,YE,REACH,TOTAL,NR,T,IT,2011-01-01,0.0,,
ESTAT:MIGR_EMI1CTZ(1.0),01/07/26 23:00:00,A,YT,REACH,TOTAL,NR,T,IT,2011-01-01,0.0,,
ESTAT:MIGR_EMI1CTZ(1.0),01/07/26 23:00:00,A,ZA,REACH,TOTAL,NR,T,IT,2011-01-01,9.0,,
ESTAT:MIGR_EMI1CTZ(1.0),01/07/26 23:00:00,A,ZM,REACH,TOTAL,NR,T,IT,2011-01-01,4.0,,
ESTAT:MIGR_EMI1CTZ(1.0),01/07/26 23:00:00,A,ZW,REACH,TOTAL,NR,T,IT,2011-01-01,1.0,,
ESTAT:MIGR_EMI1CTZ(1.0),01/07/26 23:00:00,A,AD,REACH,TOTAL,NR,T,IT,2012-01-01,2.0,,
ESTAT:MIGR_EMI1CTZ(1.0),01/07/26 23:00:00,A,AE,REACH,TOTAL,NR,T,IT,2012-01-01,0.0,,
ESTAT:MIGR_EMI1CTZ(1.0),01/07/26 23:00:00,A,AF,REACH,TOTAL,NR,T,IT,2012-01-01,8.0,,
ESTAT:MIGR_EMI1CTZ(1.0),01/07/26 23:00:00,A,AFR,REACH,TOTAL,NR,T,IT,2012-01-01,4719.0,,
ESTAT:MIGR_EMI1CTZ(1.0),01/07/26 23:00:00,A,AFR_C,REACH,TOTAL,NR,T,IT,2012-01-01,127.0,,
ESTAT:MIGR_EMI1CTZ(1.0),01/07/26 23:00:00,A,AFR_E,REACH,TOTAL,NR,T,IT,2012-01-01,240.0,,
ESTAT:MIGR_EMI1CTZ(1.0),01/07/26 23:00:00,A,AFR_N,REACH,TOTAL,NR,T,IT,2012-01-01,3259.0,,
ESTAT:MIGR_EMI1CTZ(1.0),01/07/26 23:00:00,A,AFR_S,REACH,TOTAL,NR,T,IT,2012-01-01,9.0,,
ESTAT:MIGR_EMI1CTZ(1.0),01/07/26 23:00:00,A,AFR_W,REACH,TOTAL,NR,T,IT,2012-01-01,1084.0,,
ESTAT:MIGR_EMI1CTZ(1.0),01/07/26 23:00:00,A,AG,REACH,TOTAL,NR,T,IT,2012-01-01,0.0,,
ESTAT:MIGR_EMI1CTZ(1.0),01/07/26 23:00:00,A,AI,REACH,TOTAL,NR,T,IT,2012-01-01,0.0,,
ESTAT:MIGR_EMI1CTZ(1.0),01/07/26 23:00:00,A,AL,REACH,TOTAL,NR,T,IT,2012-01-01,1794.0,,
ESTAT:MIGR_EMI1CTZ(1.0),01/07/26 23:00:00,A,AM,REACH,TOTAL,NR,T,IT,2012-01-01,11.0,,
ESTAT:MIGR_EMI1CTZ(1.0),01/07/26 23:00:00,A,AME,REACH,TOTAL,NR,T,IT,2012-01-01,3244.0,,
ESTAT:MIGR_EMI1CTZ(1.0),01/07/26 23:00:00,A,AME_C,REACH,TOTAL,NR,T,IT,2012-01-01,104.0,,
ESTAT:MIGR_EMI1CTZ(1.0),01/07/26 23:00:00,A,AME_N,REACH,TOTAL,NR,T,IT,2012-01-01,478.0,,
ESTAT:MIGR_EMI1CTZ(1.0),01/07/26 23:00:00,A,AME_S,REACH,TOTAL,NR,T,IT,2012-01-01,2352.0,,
ESTAT:MIGR_EMI1CTZ(1.0),01/07/26 23:00:00,A,AN,REACH,TOTAL,NR,T,IT,2012-01-01,0.0,,
ESTAT:MIGR_EMI1CTZ(1.0),01/07/26 23:00:00,A,AO,REACH,TOTAL,NR,T,IT,2012-01-01,11.0,,
ESTAT:MIGR_EMI1CTZ(1.0),01/07/26 23:00:00,A,AR,REACH,TOTAL,NR,T,IT,2012-01-01,171.0,,
ESTAT:MIGR_EMI1CTZ(1.0),01/07/26 23:00:00,A,ASI,REACH,TOTAL,NR,T,IT,2012-01-01,6276.0,,
ESTAT:MIGR_EMI1CTZ(1.0),01/07/26 23:00:00,A,ASI_C,REACH,TOTAL,NR,T,IT,2012-01-01,45.0,,
ESTAT:MIGR_EMI1CTZ(1.0),01/07/26 23:00:00,A,ASI_E,REACH,TOTAL,NR,T,IT,2012-01-01,2142.0,,
ESTAT:MIGR_EMI1CTZ(1.0),01/07/26 23:00:00,A,ASI_S,REACH,TOTAL,NR,T,IT,2012-01-01,3311.0,,
ESTAT:MIGR_EMI1CTZ(1.0),01/07/26 23:00:00,A,ASI_S_E,REACH,TOTAL,NR,T,IT,2012-01-01,579.0,,
ESTAT:MIGR_EMI1CTZ(1.0),01/07/26 23:00:00,A,ASI_W,REACH,TOTAL,NR,T,IT,2012-01-01,199.0,,
ESTAT:MIGR_EMI1CTZ(1.0),01/07/26 23:00:00,A,AT,REACH,TOTAL,NR,T,IT,2012-01-01,185.0,,
ESTAT:MIGR_EMI1CTZ(1.0),01/07/26 23:00:00,A,AU,REACH,TOTAL,NR,T,IT,2012-01-01,55.0,,
ESTAT:MIGR_EMI1CTZ(1.0),01/07/26 23:00:00,A,AU_NZ,REACH,TOTAL,NR,T,IT,2012-01-01,74.0,,
ESTAT:MIGR_EMI1CTZ(1.0),01/07/26 23:00:00,A,AW,REACH,TOTAL,NR,T,IT,2012-01-01,0.0,,
ESTAT:MIGR_EMI1CTZ(1.0),01/07/26 23:00:00,A,AZ,REACH,TOTAL,NR,T,IT,2012-01-01,2.0,,
ESTAT:MIGR_EMI1CTZ(1.0),01/07/26 23:00:00,A,BA,REACH,TOTAL,NR,T,IT,2012-01-01,272.0,,
ESTAT:MIGR_EMI1CTZ(1.0),01/07/26 23:00:00,A,BB,REACH,TOTAL,NR,T,IT,2012-01-01,0.0,,
ESTAT:MIGR_EMI1CTZ(1.0),01/07/26 23:00:00,A,BD,REACH,TOTAL,NR,T,IT,2012-01-01,770.0,,
ESTAT:MIGR_EMI1CTZ(1.0),01/07/26 23:00:00,A,BE,REACH,TOTAL,NR,T,IT,2012-01-01,153.0,,
ESTAT:MIGR_EMI1CTZ(1.0),01/07/26 23:00:00,A,BF,REACH,TOTAL,NR,T,IT,2012-01-01,64.0,,
ESTAT:MIGR_EMI1CTZ(1.0),01/07/26 23:00:00,A,BG,REACH,TOTAL,NR,T,IT,2012-01-01,539.0,,
ESTAT:MIGR_EMI1CTZ(1.0),01/07/26 23:00:00,A,BH,REACH,TOTAL,NR,T,IT,2012-01-01,0.0,,
ESTAT:MIGR_EMI1CTZ(1.0),01/07/26 23:00:00,A,BI,REACH,TOTAL,NR,T,IT,2012-01-01,11.0,,
ESTAT:MIGR_EMI1CTZ(1.0),01/07/26 23:00:00,A,BJ,REACH,TOTAL,NR,T,IT,2012-01-01,19.0,,
ESTAT:MIGR_EMI1CTZ(1.0),01/07/26 23:00:00,A,BL,REACH,TOTAL,NR,T,IT,2012-01-01,0.0,,
ESTAT:MIGR_EMI1CTZ(1.0),01/07/26 23:00:00,A,BM,REACH,TOTAL,NR,T,IT,2012-01-01,0.0,,
ESTAT:MIGR_EMI1CTZ(1.0),01/07/26 23:00:00,A,BN,REACH,TOTAL,NR,T,IT,2012-01-01,0.0,,
ESTAT:MIGR_EMI1CTZ(1.0),01/07/26 23:00:00,A,BO,REACH,TOTAL,NR,T,IT,2012-01-01,112.0,,
ESTAT:MIGR_EMI1CTZ(1.0),01/07/26 23:00:00,A,BR,REACH,TOTAL,NR,T,IT,2012-01-01,753.0,,
ESTAT:MIGR_EMI1CTZ(1.0),01/07/26 23:00:00,A,BS,REACH,TOTAL,NR,T,IT,2012-01-01,0.0,,
ESTAT:MIGR_EMI1CTZ(1.0),01/07/26 23:00:00,A,BT,REACH,TOTAL,NR,T,IT,2012-01-01,0.0,,
ESTAT:MIGR_EMI1CTZ(1.0),01/07/26 23:00:00,A,BW,REACH,TOTAL,NR,T,IT,2012-01-01,0.0,,
ESTAT:MIGR_EMI1CTZ(1.0),01/07/26 23:00:00,A,BY,REACH,TOTAL,NR,T,IT,2012-01-01,64.0,,
ESTAT:MIGR_EMI1CTZ(1.0),01/07/26 23:00:00,A,BZ,REACH,TOTAL,NR,T,IT,2012-01-01,0.0,,
ESTAT:MIGR_EMI1CTZ(1.0),01/07/26 23:00:00,A,CA,REACH,TOTAL,NR,T,IT,2012-01-01,87.0,,
ESTAT:MIGR_EMI1CTZ(1.0),01/07/26 23:00:00,A,CC4_10,REACH,TOTAL,NR,T,IT,2012-01-01,1204.0,,
ESTAT:MIGR_EMI1CTZ(1.0),01/07/26 23:00:00,A,CD,REACH,TOTAL,NR,T,IT,2012-01-01,23.0,,
ESTAT:MIGR_EMI1CTZ(1.0),01/07/26 23:00:00,A,CF,REACH,TOTAL,NR,T,IT,2012-01-01,1.0,,
ESTAT:MIGR_EMI1CTZ(1.0),01/07/26 23:00:00,A,CG,REACH,TOTAL,NR,T,IT,2012-01-01,33.0,,
ESTAT:MIGR_EMI1CTZ(1.0),01/07/26 23:00:00,A,CH,REACH,TOTAL,NR,T,IT,2012-01-01,253.0,,
ESTAT:MIGR_EMI1CTZ(1.0),01/07/26 23:00:00,A,CI,REACH,TOTAL,NR,T,IT,2012-01-01,114.0,,
ESTAT:MIGR_EMI1CTZ(1.0),01/07/26 23:00:00,A,CL,REACH,TOTAL,NR,T,IT,2012-01-01,40.0,,
ESTAT:MIGR_EMI1CTZ(1.0),01/07/26 23:00:00,A,CM,REACH,TOTAL,NR,T,IT,2012-01-01,58.0,,
ESTAT:MIGR_EMI1CTZ(1.0),01/07/26 23:00:00,A,CN,REACH,TOTAL,NR,T,IT,2012-01-01,1773.0,,
ESTAT:MIGR_EMI1CTZ(1.0),01/07/26 23:00:00,A,CO,REACH,TOTAL,NR,T,IT,2012-01-01,214.0,,
ESTAT:MIGR_EMI1CTZ(1.0),01/07/26 23:00:00,A,CR,REACH,TOTAL,NR,T,IT,2012-01-01,6.0,,
ESTAT:MIGR_EMI1CTZ(1.0),01/07/26 23:00:00,A,CRB,REACH,TOTAL,NR,T,IT,2012-01-01,310.0,,
ESTAT:MIGR_EMI1CTZ(1.0),01/07/26 23:00:00,A,CU,REACH,TOTAL,NR,T,IT,2012-01-01,116.0,,
ESTAT:MIGR_EMI1CTZ(1.0),01/07/26 23:00:00,A,CV,REACH,TOTAL,NR,T,IT,2012-01-01,14.0,,
ESTAT:MIGR_EMI1CTZ(1.0),01/07/26 23:00:00,A,CY,REACH,TOTAL,NR,T,IT,2012-01-01,1.0,,
ESTAT:MIGR_EMI1CTZ(1.0),01/07/26 23:00:00,A,CZ,REACH,TOTAL,NR,T,IT,2012-01-01,151.0,,
ESTAT:MIGR_EMI1CTZ(1.0),01/07/26 23:00:00,A,CZ_SK,REACH,TOTAL,NR,T,IT,2012-01-01,0.0,,
ESTAT:MIGR_EMI1CTZ(1.0),01/07/26 23:00:00,A,DE,REACH,TOTAL,NR,T,IT,2012-01-01,1330.0,,
ESTAT:MIGR_EMI1CTZ(1.0),01/07/26 23:00:00,A,DJ,REACH,TOTAL,NR,T,IT,2012-01-01,0.0,,
ESTAT:MIGR_EMI1CTZ(1.0),01/07/26 23:00:00,A,DK,REACH,TOTAL,NR,T,IT,2012-01-01,88.0,,
ESTAT:MIGR_EMI1CTZ(1.0),01/07/26 23:00:00,A,DM,REACH,TOTAL,NR,T,IT,2012-01-01,7.0,,
ESTAT:MIGR_EMI1CTZ(1.0),01/07/26 23:00:00,A,DO,REACH,TOTAL,NR,T,IT,2012-01-01,184.0,,
ESTAT:MIGR_EMI1CTZ(1.0),01/07/26 23:00:00,A,DZ,REACH,TOTAL,NR,T,IT,2012-01-01,140.0,,
ESTAT:MIGR_EMI1CTZ(1.0),01/07/26 23:00:00,A,EC,REACH,TOTAL,NR,T,IT,2012-01-01,537.0,,
ESTAT:MIGR_EMI1CTZ(1.0),01/07/26 23:00:00,A,EE,REACH,TOTAL,NR,T,IT,2012-01-01,21.0,,
ESTAT:MIGR_EMI1CTZ(1.0),01/07/26 23:00:00,A,EG,REACH,TOTAL,NR,T,IT,2012-01-01,449.0,,
ESTAT:MIGR_EMI1CTZ(1.0),01/07/26 23:00:00,A,EH,REACH,TOTAL,NR,T,IT,2012-01-01,0.0,,
ESTAT:MIGR_EMI1CTZ(1.0),01/07/26 23:00:00,A,EL,REACH,TOTAL,NR,T,IT,2012-01-01,86.0,,
ESTAT:MIGR_EMI1CTZ(1.0),01/07/26 23:00:00,A,ER,REACH,TOTAL,NR,T,IT,2012-01-01,63.0,,
ESTAT:MIGR_EMI1CTZ(1.0),01/07/26 23:00:00,A,ES,REACH,TOTAL,NR,T,IT,2012-01-01,340.0,,
ESTAT:MIGR_EMI1CTZ(1.0),01/07/26 23:00:00,A,ET,REACH,TOTAL,NR,T,IT,2012-01-01,53.0,,
ESTAT:MIGR_EMI1CTZ(1.0),01/07/26 23:00:00,A,EU15,REACH,TOTAL,NR,T,IT,2012-01-01,72436.0,,
ESTAT:MIGR_EMI1CTZ(1.0),01/07/26 23:00:00,A,EU15_FOR,REACH,TOTAL,NR,T,IT,2012-01-01,4438.0,,
ESTAT:MIGR_EMI1CTZ(1.0),01/07/26 23:00:00,A,EU25,REACH,TOTAL,NR,T,IT,2012-01-01,74795.0,,
ESTAT:MIGR_EMI1CTZ(1.0),01/07/26 23:00:00,A,EU25_FOR,REACH,TOTAL,NR,T,IT,2012-01-01,6797.0,,
ESTAT:MIGR_EMI1CTZ(1.0),01/07/26 23:00:00,A,EU27_2007,REACH,TOTAL,NR,T,IT,2012-01-01,84465.0,,
ESTAT:MIGR_EMI1CTZ(1.0),01/07/26 23:00:00,A,EU27_2007_FOR,REACH,TOTAL,NR,T,IT,2012-01-01,16467.0,,
ESTAT:MIGR_EMI1CTZ(1.0),01/07/26 23:00:00,A,EUR,REACH,TOTAL,NR,T,IT,2012-01-01,91545.0,,
ESTAT:MIGR_EMI1CTZ(1.0),01/07/26 23:00:00,A,EX_SU,REACH,TOTAL,NR,T,IT,2012-01-01,0.0,,
ESTAT:MIGR_EMI1CTZ(1.0),01/07/26 23:00:00,A,EX_YU,REACH,TOTAL,NR,T,IT,2012-01-01,0.0,,
ESTAT:MIGR_EMI1CTZ(1.0),01/07/26 23:00:00,A,FI,REACH,TOTAL,NR,T,IT,2012-01-01,77.0,,
ESTAT:MIGR_EMI1CTZ(1.0),01/07/26 23:00:00,A,FJ,REACH,TOTAL,NR,T,IT,2012-01-01,0.0,,
ESTAT:MIGR_EMI1CTZ(1.0),01/07/26 23:00:00,A,FK,REACH,TOTAL,NR,T,IT,2012-01-01,0.0,,
ESTAT:MIGR_EMI1CTZ(1.0),01/07/26 23:00:00,A,FM,REACH,TOTAL,NR,T,IT,2012-01-01,0.0,,
ESTAT:MIGR_EMI1CTZ(1.0),01/07/26 23:00:00,A,FO,REACH,TOTAL,NR,T,IT,2012-01-01,0.0,,
ESTAT:MIGR_EMI1CTZ(1.0),01/07/26 23:00:00,A,FOR_STLS,REACH,TOTAL,NR,T,IT,2012-01-01,38218.0,,
ESTAT:MIGR_EMI1CTZ(1.0),01/07/26 23:00:00,A,FR,REACH,TOTAL,NR,T,IT,2012-01-01,798.0,,
ESTAT:MIGR_EMI1CTZ(1.0),01/07/26 23:00:00,A,GA,REACH,TOTAL,NR,T,IT,2012-01-01,0.0,,
ESTAT:MIGR_EMI1CTZ(1.0),01/07/26 23:00:00,A,GD,REACH,TOTAL,NR,T,IT,2012-01-01,0.0,,
ESTAT:MIGR_EMI1CTZ(1.0),01/07/26 23:00:00,A,GE,REACH,TOTAL,NR,T,IT,2012-01-01,68.0,,
ESTAT:MIGR_EMI1CTZ(1.0),01/07/26 23:00:00,A,GG,REACH,TOTAL,NR,T,IT,2012-01-01,0.0,,
ESTAT:MIGR_EMI1CTZ(1.0),01/07/26 23:00:00,A,GH,REACH,TOTAL,NR,T,IT,2012-01-01,210.0,,
ESTAT:MIGR_EMI1CTZ(1.0),01/07/26 23:00:00,A,GI,REACH,TOTAL,NR,T,IT,2012-01-01,0.0,,
ESTAT:MIGR_EMI1CTZ(1.0),01/07/26 23:00:00,A,GL,REACH,TOTAL,NR,T,IT,2012-01-01,0.0,,
ESTAT:MIGR_EMI1CTZ(1.0),01/07/26 23:00:00,A,GM,REACH,TOTAL,NR,T,IT,2012-01-01,3.0,,
ESTAT:MIGR_EMI1CTZ(1.0),01/07/26 23:00:00,A,GN,REACH,TOTAL,NR,T,IT,2012-01-01,21.0,,
ESTAT:MIGR_EMI1CTZ(1.0),01/07/26 23:00:00,A,GQ,REACH,TOTAL,NR,T,IT,2012-01-01,0.0,,
ESTAT:MIGR_EMI1CTZ(1.0),01/07/26 23:00:00,A,GT,REACH,TOTAL,NR,T,IT,2012-01-01,4.0,,
ESTAT:MIGR_EMI1CTZ(1.0),01/07/26 23:00:00,A,GW,REACH,TOTAL,NR,T,IT,2012-01-01,5.0,,
ESTAT:MIGR_EMI1CTZ(1.0),01/07/26 23:00:00,A,GY,REACH,TOTAL,NR,T,IT,2012-01-01,0.0,,
ESTAT:MIGR_EMI1CTZ(1.0),01/07/26 23:00:00,A,HN,REACH,TOTAL,NR,T,IT,2012-01-01,7.0,,
ESTAT:MIGR_EMI1CTZ(1.0),01/07/26 23:00:00,A,HR,REACH,TOTAL,NR,T,IT,2012-01-01,350.0,,
ESTAT:MIGR_EMI1CTZ(1.0),01/07/26 23:00:00,A,HT,REACH,TOTAL,NR,T,IT,2012-01-01,2.0,,
ESTAT:MIGR_EMI1CTZ(1.0),01/07/26 23:00:00,A,HU,REACH,TOTAL,NR,T,IT,2012-01-01,204.0,,
ESTAT:MIGR_EMI1CTZ(1.0),01/07/26 23:00:00,A,ID,REACH,TOTAL,NR,T,IT,2012-01-01,44.0,,
ESTAT:MIGR_EMI1CTZ(1.0),01/07/26 23:00:00,A,IE,REACH,TOTAL,NR,T,IT,2012-01-01,77.0,,
ESTAT:MIGR_EMI1CTZ(1.0),01/07/26 23:00:00,A,IL,REACH,TOTAL,NR,T,IT,2012-01-01,26.0,,
ESTAT:MIGR_EMI1CTZ(1.0),01/07/26 23:00:00,A,IM,REACH,TOTAL,NR,T,IT,2012-01-01,0.0,,
ESTAT:MIGR_EMI1CTZ(1.0),01/07/26 23:00:00,A,IN,REACH,TOTAL,NR,T,IT,2012-01-01,1285.0,,
ESTAT:MIGR_EMI1CTZ(1.0),01/07/26 23:00:00,A,IQ,REACH,TOTAL,NR,T,IT,2012-01-01,20.0,,
ESTAT:MIGR_EMI1CTZ(1.0),01/07/26 23:00:00,A,IR,REACH,TOTAL,NR,T,IT,2012-01-01,40.0,,
ESTAT:MIGR_EMI1CTZ(1.0),01/07/26 23:00:00,A,IS,REACH,TOTAL,NR,T,IT,2012-01-01,10.0,,
ESTAT:MIGR_EMI1CTZ(1.0),01/07/26 23:00:00,A,IT,REACH,TOTAL,NR,T,IT,2012-01-01,67998.0,,
ESTAT:MIGR_EMI1CTZ(1.0),01/07/26 23:00:00,A,JE,REACH,TOTAL,NR,T,IT,2012-01-01,0.0,,
ESTAT:MIGR_EMI1CTZ(1.0),01/07/26 23:00:00,A,JM,REACH,TOTAL,NR,T,IT,2012-01-01,1.0,,
ESTAT:MIGR_EMI1CTZ(1.0),01/07/26 23:00:00,A,JO,REACH,TOTAL,NR,T,IT,2012-01-01,18.0,,
ESTAT:MIGR_EMI1CTZ(1.0),01/07/26 23:00:00,A,JP,REACH,TOTAL,NR,T,IT,2012-01-01,258.0,,
ESTAT:MIGR_EMI1CTZ(1.0),01/07/26 23:00:00,A,KE,REACH,TOTAL,NR,T,IT,2012-01-01,26.0,,
ESTAT:MIGR_EMI1CTZ(1.0),01/07/26 23:00:00,A,KG,REACH,TOTAL,NR,T,IT,2012-01-01,11.0,,
ESTAT:MIGR_EMI1CTZ(1.0),01/07/26 23:00:00,A,KH,REACH,TOTAL,NR,T,IT,2012-01-01,1.0,,
ESTAT:MIGR_EMI1CTZ(1.0),01/07/26 23:00:00,A,KI,REACH,TOTAL,NR,T,IT,2012-01-01,0.0,,
ESTAT:MIGR_EMI1CTZ(1.0),01/07/26 23:00:00,A,KM,REACH,TOTAL,NR,T,IT,2012-01-01,0.0,,
ESTAT:MIGR_EMI1CTZ(1.0),01/07/26 23:00:00,A,KN,REACH,TOTAL,NR,T,IT,2012-01-01,0.0,,
ESTAT:MIGR_EMI1CTZ(1.0),01/07/26 23:00:00,A,KP,REACH,TOTAL,NR,T,IT,2012-01-01,29.0,,
ESTAT:MIGR_EMI1CTZ(1.0),01/07/26 23:00:00,A,KR,REACH,TOTAL,NR,T,IT,2012-01-01,67.0,,
ESTAT:MIGR_EMI1CTZ(1.0),01/07/26 23:00:00,A,KW,REACH,TOTAL,NR,T,IT,2012-01-01,0.0,,
ESTAT:MIGR_EMI1CTZ(1.0),01/07/26 23:00:00,A,KY,REACH,TOTAL,NR,T,IT,2012-01-01,0.0,,
ESTAT:MIGR_EMI1CTZ(1.0),01/07/26 23:00:00,A,KZ,REACH,TOTAL,NR,T,IT,2012-01-01,19.0,,
ESTAT:MIGR_EMI1CTZ(1.0),01/07/26 23:00:00,A,LA,REACH,TOTAL,NR,T,IT,2012-01-01,0.0,,
ESTAT:MIGR_EMI1CTZ(1.0),01/07/26 23:00:00,A,LB,REACH,TOTAL,NR,T,IT,2012-01-01,27.0,,
ESTAT:MIGR_EMI1CTZ(1.0),01/07/26 23:00:00,A,LC,REACH,TOTAL,NR,T,IT,2012-01-01,0.0,,
ESTAT:MIGR_EMI1CTZ(1.0),01/07/26 23:00:00,A,LI,REACH,TOTAL,NR,T,IT,2012-01-01,0.0,,
ESTAT:MIGR_EMI1CTZ(1.0),01/07/26 23:00:00,A,LK,REACH,TOTAL,NR,T,IT,2012-01-01,596.0,,
ESTAT:MIGR_EMI1CTZ(1.0),01/07/26 23:00:00,A,LR,REACH,TOTAL,NR,T,IT,2012-01-01,14.0,,
ESTAT:MIGR_EMI1CTZ(1.0),01/07/26 23:00:00,A,LS,REACH,TOTAL,NR,T,IT,2012-01-01,0.0,,
ESTAT:MIGR_EMI1CTZ(1.0),01/07/26 23:00:00,A,LT,REACH,TOTAL,NR,T,IT,2012-01-01,63.0,,
ESTAT:MIGR_EMI1CTZ(1.0),01/07/26 23:00:00,A,LU,REACH,TOTAL,NR,T,IT,2012-01-01,9.0,,
ESTAT:MIGR_EMI1CTZ(1.0),01/07/26 23:00:00,A,LV,REACH,TOTAL,NR,T,IT,2012-01-01,32.0,,
ESTAT:MIGR_EMI1CTZ(1.0),01/07/26 23:00:00,A,LY,REACH,TOTAL,NR,T,IT,2012-01-01,20.0,,
ESTAT:MIGR_EMI1CTZ(1.0),01/07/26 23:00:00,A,MA,REACH,TOTAL,NR,T,IT,2012-01-01,1960.0,,
ESTAT:MIGR_EMI1CTZ(1.0),01/07/26 23:00:00,A,MC,REACH,TOTAL,NR,T,IT,2012-01-01,1.0,,
ESTAT:MIGR_EMI1CTZ(1.0),01/07/26 23:00:00,A,MD,REACH,TOTAL,NR,T,IT,2012-01-01,1090.0,,
ESTAT:MIGR_EMI1CTZ(1.0),01/07/26 23:00:00,A,ME,REACH,TOTAL,NR,T,IT,2012-01-01,10.0,,
ESTAT:MIGR_EMI1CTZ(1.0),01/07/26 23:00:00,A,MEL,REACH,TOTAL,NR,T,IT,2012-01-01,1.0,,
ESTAT:MIGR_EMI1CTZ(1.0),01/07/26 23:00:00,A,MF,REACH,TOTAL,NR,T,IT,2012-01-01,0.0,,
ESTAT:MIGR_EMI1CTZ(1.0),01/07/26 23:00:00,A,MG,REACH,TOTAL,NR,T,IT,2012-01-01,10.0,,
ESTAT:MIGR_EMI1CTZ(1.0),01/07/26 23:00:00,A,MH,REACH,TOTAL,NR,T,IT,2012-01-01,0.0,,
ESTAT:MIGR_EMI1CTZ(1.0),01/07/26 23:00:00,A,MIC,REACH,TOTAL,NR,T,IT,2012-01-01,0.0,,
ESTAT:MIGR_EMI1CTZ(1.0),01/07/26 23:00:00,A,MK,REACH,TOTAL,NR,T,IT,2012-01-01,649.0,,
ESTAT:MIGR_EMI1CTZ(1.0),01/07/26 23:00:00,A,ML,REACH,TOTAL,NR,T,IT,2012-01-01,9.0,,
ESTAT:MIGR_EMI1CTZ(1.0),01/07/26 23:00:00,A,MM,REACH,TOTAL,NR,T,IT,2012-01-01,3.0,,
ESTAT:MIGR_EMI1CTZ(1.0),01/07/26 23:00:00,A,MN,REACH,TOTAL,NR,T,IT,2012-01-01,1.0,,
ESTAT:MIGR_EMI1CTZ(1.0),01/07/26 23:00:00,A,MR,REACH,TOTAL,NR,T,IT,2012-01-01,2.0,,
ESTAT:MIGR_EMI1CTZ(1.0),01/07/26 23:00:00,A,MS,REACH,TOTAL,NR,T,IT,2012-01-01,0.0,,
ESTAT:MIGR_EMI1CTZ(1.0),01/07/26 23:00:00,A,MT,REACH,TOTAL,NR,T,IT,2012-01-01,8.0,,
ESTAT:MIGR_EMI1CTZ(1.0),01/07/26 23:00:00,A,MU,REACH,TOTAL,NR,T,IT,2012-01-01,21.0,,
ESTAT:MIGR_EMI1CTZ(1.0),01/07/26 23:00:00,A,MV,REACH,TOTAL,NR,T,IT,2012-01-01,0.0,,
ESTAT:MIGR_EMI1CTZ(1.0),01/07/26 23:00:00,A,MW,REACH,TOTAL,NR,T,IT,2012-01-01,1.0,,
ESTAT:MIGR_EMI1CTZ(1.0),01/07/26 23:00:00,A,MX,REACH,TOTAL,NR,T,IT,2012-01-01,58.0,,
ESTAT:MIGR_EMI1CTZ(1.0),01/07/26 23:00:00,A,MY,REACH,TOTAL,NR,T,IT,2012-01-01,13.0,,
ESTAT:MIGR_EMI1CTZ(1.0),01/07/26 23:00:00,A,MZ,REACH,TOTAL,NR,T,IT,2012-01-01,3.0,,
ESTAT:MIGR_EMI1CTZ(1.0),01/07/26 23:00:00,A,NA,REACH,TOTAL,NR,T,IT,2012-01-01,1.0,,
ESTAT:MIGR_EMI1CTZ(1.0),01/07/26 23:00:00,A,NAT,REACH,TOTAL,NR,T,IT,2012-01-01,67998.0,,
ESTAT:MIGR_EMI1CTZ(1.0),01/07/26 23:00:00,A,NC,REACH,TOTAL,NR,T,IT,2012-01-01,0.0,,
ESTAT:MIGR_EMI1CTZ(1.0),01/07/26 23:00:00,A,NE,REACH,TOTAL,NR,T,IT,2012-01-01,2.0,,
ESTAT:MIGR_EMI1CTZ(1.0),01/07/26 23:00:00,A,NEU27_2007_FOR_STLS,REACH,TOTAL,NR,T,IT,2012-01-01,21751.0,,
ESTAT:MIGR_EMI1CTZ(1.0),01/07/26 23:00:00,A,NG,REACH,TOTAL,NR,T,IT,2012-01-01,188.0,,
ESTAT:MIGR_EMI1CTZ(1.0),01/07/26 23:00:00,A,NI,REACH,TOTAL,NR,T,IT,2012-01-01,5.0,,
ESTAT:MIGR_EMI1CTZ(1.0),01/07/26 23:00:00,A,NL,REACH,TOTAL,NR,T,IT,2012-01-01,277.0,,
ESTAT:MIGR_EMI1CTZ(1.0),01/07/26 23:00:00,A,NO,REACH,TOTAL,NR,T,IT,2012-01-01,21.0,,
ESTAT:MIGR_EMI1CTZ(1.0),01/07/26 23:00:00,A,NP,REACH,TOTAL,NR,T,IT,2012-01-01,14.0,,
ESTAT:MIGR_EMI1CTZ(1.0),01/07/26 23:00:00,A,NR,REACH,TOTAL,NR,T,IT,2012-01-01,0.0,,
ESTAT:MIGR_EMI1CTZ(1.0),01/07/26 23:00:00,A,NZ,REACH,TOTAL,NR,T,IT,2012-01-01,19.0,,
ESTAT:MIGR_EMI1CTZ(1.0),01/07/26 23:00:00,A,OCE,REACH,TOTAL,NR,T,IT,2012-01-01,75.0,,
ESTAT:MIGR_EMI1CTZ(1.0),01/07/26 23:00:00,A,OM,REACH,TOTAL,NR,T,IT,2012-01-01,0.0,,
ESTAT:MIGR_EMI1CTZ(1.0),01/07/26 23:00:00,A,OTH,REACH,TOTAL,NR,T,IT,2012-01-01,352.0,,
ESTAT:MIGR_EMI1CTZ(1.0),01/07/26 23:00:00,A,PA,REACH,TOTAL,NR,T,IT,2012-01-01,4.0,,
ESTAT:MIGR_EMI1CTZ(1.0),01/07/26 23:00:00,A,PE,REACH,TOTAL,NR,T,IT,2012-01-01,430.0,,
ESTAT:MIGR_EMI1CTZ(1.0),01/07/26 23:00:00,A,PF,REACH,TOTAL,NR,T,IT,2012-01-01,0.0,,
ESTAT:MIGR_EMI1CTZ(1.0),01/07/26 23:00:00,A,PG,REACH,TOTAL,NR,T,IT,2012-01-01,1.0,,
ESTAT:MIGR_EMI1CTZ(1.0),01/07/26 23:00:00,A,PH,REACH,TOTAL,NR,T,IT,2012-01-01,439.0,,
ESTAT:MIGR_EMI1CTZ(1.0),01/07/26 23:00:00,A,PK,REACH,TOTAL,NR,T,IT,2012-01-01,598.0,,
ESTAT:MIGR_EMI1CTZ(1.0),01/07/26 23:00:00,A,PL,REACH,TOTAL,NR,T,IT,2012-01-01,1417.0,,
ESTAT:MIGR_EMI1CTZ(1.0),01/07/26 23:00:00,A,PM,REACH,TOTAL,NR,T,IT,2012-01-01,0.0,,
ESTAT:MIGR_EMI1CTZ(1.0),01/07/26 23:00:00,A,PN,REACH,TOTAL,NR,T,IT,2012-01-01,0.0,,
ESTAT:MIGR_EMI1CTZ(1.0),01/07/26 23:00:00,A,POL,REACH,TOTAL,NR,T,IT,2012-01-01,0.0,,
ESTAT:MIGR_EMI1CTZ(1.0),01/07/26 23:00:00,A,PS,REACH,TOTAL,NR,T,IT,2012-01-01,0.0,,
ESTAT:MIGR_EMI1CTZ(1.0),01/07/26 23:00:00,A,PT,REACH,TOTAL,NR,T,IT,2012-01-01,118.0,,
ESTAT:MIGR_EMI1CTZ(1.0),01/07/26 23:00:00,A,PW,REACH,TOTAL,NR,T,IT,2012-01-01,0.0,,
ESTAT:MIGR_EMI1CTZ(1.0),01/07/26 23:00:00,A,PY,REACH,TOTAL,NR,T,IT,2012-01-01,24.0,,
ESTAT:MIGR_EMI1CTZ(1.0),01/07/26 23:00:00,A,QA,REACH,TOTAL,NR,T,IT,2012-01-01,0.0,,
ESTAT:MIGR_EMI1CTZ(1.0),01/07/26 23:00:00,A,RNC,REACH,TOTAL,NR,T,IT,2012-01-01,0.0,,
ESTAT:MIGR_EMI1CTZ(1.0),01/07/26 23:00:00,A,RO,REACH,TOTAL,NR,T,IT,2012-01-01,9131.0,,
ESTAT:MIGR_EMI1CTZ(1.0),01/07/26 23:00:00,A,RS,REACH,TOTAL,NR,T,IT,2012-01-01,675.0,,
ESTAT:MIGR_EMI1CTZ(1.0),01/07/26 23:00:00,A,RS_ME,REACH,TOTAL,NR,T,IT,2012-01-01,0.0,,
ESTAT:MIGR_EMI1CTZ(1.0),01/07/26 23:00:00,A,RU,REACH,TOTAL,NR,T,IT,2012-01-01,243.0,,
ESTAT:MIGR_EMI1CTZ(1.0),01/07/26 23:00:00,A,RW,REACH,TOTAL,NR,T,IT,2012-01-01,1.0,,
ESTAT:MIGR_EMI1CTZ(1.0),01/07/26 23:00:00,A,SA,REACH,TOTAL,NR,T,IT,2012-01-01,1.0,,
ESTAT:MIGR_EMI1CTZ(1.0),01/07/26 23:00:00,A,SB,REACH,TOTAL,NR,T,IT,2012-01-01,0.0,,
ESTAT:MIGR_EMI1CTZ(1.0),01/07/26 23:00:00,A,SC,REACH,TOTAL,NR,T,IT,2012-01-01,1.0,,
ESTAT:MIGR_EMI1CTZ(1.0),01/07/26 23:00:00,A,SD,REACH,TOTAL,NR,T,IT,2012-01-01,14.0,,
ESTAT:MIGR_EMI1CTZ(1.0),01/07/26 23:00:00,A,SE,REACH,TOTAL,NR,T,IT,2012-01-01,114.0,,
ESTAT:MIGR_EMI1CTZ(1.0),01/07/26 23:00:00,A,SG,REACH,TOTAL,NR,T,IT,2012-01-01,11.0,,
ESTAT:MIGR_EMI1CTZ(1.0),01/07/26 23:00:00,A,SH,REACH,TOTAL,NR,T,IT,2012-01-01,0.0,,
ESTAT:MIGR_EMI1CTZ(1.0),01/07/26 23:00:00,A,SI,REACH,TOTAL,NR,T,IT,2012-01-01,153.0,,
ESTAT:MIGR_EMI1CTZ(1.0),01/07/26 23:00:00,A,SK,REACH,TOTAL,NR,T,IT,2012-01-01,309.0,,
ESTAT:MIGR_EMI1CTZ(1.0),01/07/26 23:00:00,A,SL,REACH,TOTAL,NR,T,IT,2012-01-01,5.0,,
ESTAT:MIGR_EMI1CTZ(1.0),01/07/26 23:00:00,A,SM,REACH,TOTAL,NR,T,IT,2012-01-01,11.0,,
ESTAT:MIGR_EMI1CTZ(1.0),01/07/26 23:00:00,A,SN,REACH,TOTAL,NR,T,IT,2012-01-01,397.0,,
ESTAT:MIGR_EMI1CTZ(1.0),01/07/26 23:00:00,A,SO,REACH,TOTAL,NR,T,IT,2012-01-01,34.0,,
ESTAT:MIGR_EMI1CTZ(1.0),01/07/26 23:00:00,A,SR,REACH,TOTAL,NR,T,IT,2012-01-01,0.0,,
ESTAT:MIGR_EMI1CTZ(1.0),01/07/26 23:00:00,A,SS,REACH,TOTAL,NR,T,IT,2012-01-01,0.0,,
ESTAT:MIGR_EMI1CTZ(1.0),01/07/26 23:00:00,A,ST,REACH,TOTAL,NR,T,IT,2012-01-01,1.0,,
ESTAT:MIGR_EMI1CTZ(1.0),01/07/26 23:00:00,A,STLS,REACH,TOTAL,NR,T,IT,2012-01-01,5.0,,
ESTAT:MIGR_EMI1CTZ(1.0),01/07/26 23:00:00,A,SV,REACH,TOTAL,NR,T,IT,2012-01-01,20.0,,
ESTAT:MIGR_EMI1CTZ(1.0),01/07/26 23:00:00,A,SY,REACH,TOTAL,NR,T,IT,2012-01-01,21.0,,
ESTAT:MIGR_EMI1CTZ(1.0),01/07/26 23:00:00,A,SZ,REACH,TOTAL,NR,T,IT,2012-01-01,0.0,,
ESTAT:MIGR_EMI1CTZ(1.0),01/07/26 23:00:00,A,TC,REACH,TOTAL,NR,T,IT,2012-01-01,0.0,,
ESTAT:MIGR_EMI1CTZ(1.0),01/07/26 23:00:00,A,TD,REACH,TOTAL,NR,T,IT,2012-01-01,0.0,,
ESTAT:MIGR_EMI1CTZ(1.0),01/07/26 23:00:00,A,TF,REACH,TOTAL,NR,T,IT,2012-01-01,0.0,,
ESTAT:MIGR_EMI1CTZ(1.0),01/07/26 23:00:00,A,TG,REACH,TOTAL,NR,T,IT,2012-01-01,17.0,,
ESTAT:MIGR_EMI1CTZ(1.0),01/07/26 23:00:00,A,TH,REACH,TOTAL,NR,T,IT,2012-01-01,58.0,,
ESTAT:MIGR_EMI1CTZ(1.0),01/07/26 23:00:00,A,TJ,REACH,TOTAL,NR,T,IT,2012-01-01,0.0,,
ESTAT:MIGR_EMI1CTZ(1.0),01/07/26 23:00:00,A,TL,REACH,TOTAL,NR,T,IT,2012-01-01,1.0,,
ESTAT:MIGR_EMI1CTZ(1.0),01/07/26 23:00:00,A,TM,REACH,TOTAL,NR,T,IT,2012-01-01,0.0,,
ESTAT:MIGR_EMI1CTZ(1.0),01/07/26 23:00:00,A,TN,REACH,TOTAL,NR,T,IT,2012-01-01,676.0,,
ESTAT:MIGR_EMI1CTZ(1.0),01/07/26 23:00:00,A,TO,REACH,TOTAL,NR,T,IT,2012-01-01,0.0,,
ESTAT:MIGR_EMI1CTZ(1.0),01/07/26 23:00:00,A,TOTAL,REACH,TOTAL,NR,T,IT,2012-01-01,106216.0,,
ESTAT:MIGR_EMI1CTZ(1.0),01/07/26 23:00:00,A,TR,REACH,TOTAL,NR,T,IT,2012-01-01,195.0,,
ESTAT:MIGR_EMI1CTZ(1.0),01/07/26 23:00:00,A,TT,REACH,TOTAL,NR,T,IT,2012-01-01,0.0,,
ESTAT:MIGR_EMI1CTZ(1.0),01/07/26 23:00:00,A,TV,REACH,TOTAL,NR,T,IT,2012-01-01,0.0,,
ESTAT:MIGR_EMI1CTZ(1.0),01/07/26 23:00:00,A,TW,REACH,TOTAL,NR,T,IT,2012-01-01,14.0,,
ESTAT:MIGR_EMI1CTZ(1.0),01/07/26 23:00:00,A,TZ,REACH,TOTAL,NR,T,IT,2012-01-01,15.0,,
ESTAT:MIGR_EMI1CTZ(1.0),01/07/26 23:00:00,A,UA,REACH,TOTAL,NR,T,IT,2012-01-01,1440.0,,
ESTAT:MIGR_EMI1CTZ(1.0),01/07/26 23:00:00,A,UG,REACH,TOTAL,NR,T,IT,2012-01-01,1.0,,
ESTAT:MIGR_EMI1CTZ(1.0),01/07/26 23:00:00,A,UK,REACH,TOTAL,NR,T,IT,2012-01-01,786.0,,
ESTAT:MIGR_EMI1CTZ(1.0),01/07/26 23:00:00,A,UNK,REACH,TOTAL,NR,T,IT,2012-01-01,0.0,,
ESTAT:MIGR_EMI1CTZ(1.0),01/07/26 23:00:00,A,US,REACH,TOTAL,NR,T,IT,2012-01-01,391.0,,
ESTAT:MIGR_EMI1CTZ(1.0),01/07/26 23:00:00,A,UY,REACH,TOTAL,NR,T,IT,2012-01-01,15.0,,
ESTAT:MIGR_EMI1CTZ(1.0),01/07/26 23:00:00,A,UZ,REACH,TOTAL,NR,T,IT,2012-01-01,15.0,,
ESTAT:MIGR_EMI1CTZ(1.0),01/07/26 23:00:00,A,VA,REACH,TOTAL,NR,T,IT,2012-01-01,0.0,,
ESTAT:MIGR_EMI1CTZ(1.0),01/07/26 23:00:00,A,VC,REACH,TOTAL,NR,T,IT,2012-01-01,0.0,,
ESTAT:MIGR_EMI1CTZ(1.0),01/07/26 23:00:00,A,VE,REACH,TOTAL,NR,T,IT,2012-01-01,56.0,,
ESTAT:MIGR_EMI1CTZ(1.0),01/07/26 23:00:00,A,VG,REACH,TOTAL,NR,T,IT,2012-01-01,0.0,,
ESTAT:MIGR_EMI1CTZ(1.0),01/07/26 23:00:00,A,VN,REACH,TOTAL,NR,T,IT,2012-01-01,9.0,,
ESTAT:MIGR_EMI1CTZ(1.0),01/07/26 23:00:00,A,VU,REACH,TOTAL,NR,T,IT,2012-01-01,0.0,,
ESTAT:MIGR_EMI1CTZ(1.0),01/07/26 23:00:00,A,WF,REACH,TOTAL,NR,T,IT,2012-01-01,0.0,,
ESTAT:MIGR_EMI1CTZ(1.0),01/07/26 23:00:00,A,WS,REACH,TOTAL,NR,T,IT,2012-01-01,0.0,,
ESTAT:MIGR_EMI1CTZ(1.0),01/07/26 23:00:00,A,XK,REACH,TOTAL,NR,T,IT,2012-01-01,0.0,,
ESTAT:MIGR_EMI1CTZ(1.0),01/07/26 23:00:00,A,YE,REACH,TOTAL,NR,T,IT,2012-01-01,5.0,,
ESTAT:MIGR_EMI1CTZ(1.0),01/07/26 23:00:00,A,YT,REACH,TOTAL,NR,T,IT,2012-01-01,0.0,,
ESTAT:MIGR_EMI1CTZ(1.0),01/07/26 23:00:00,A,ZA,REACH,TOTAL,NR,T,IT,2012-01-01,8.0,,
ESTAT:MIGR_EMI1CTZ(1.0),01/07/26 23:00:00,A,ZM,REACH,TOTAL,NR,T,IT,2012-01-01,0.0,,
ESTAT:MIGR_EMI1CTZ(1.0),01/07/26 23:00:00,A,ZW,REACH,TOTAL,NR,T,IT,2012-01-01,0.0,,
ESTAT:MIGR_EMI1CTZ(1.0),01/07/26 23:00:00,A,AD,REACH,TOTAL,NR,T,IT,2013-01-01,4.0,,
ESTAT:MIGR_EMI1CTZ(1.0),01/07/26 23:00:00,A,AE,REACH,TOTAL,NR,T,IT,2013-01-01,0.0,,
ESTAT:MIGR_EMI1CTZ(1.0),01/07/26 23:00:00,A,AF,REACH,TOTAL,NR,T,IT,2013-01-01,19.0,,
ESTAT:MIGR_EMI1CTZ(1.0),01/07/26 23:00:00,A,AFR,REACH,TOTAL,NR,T,IT,2013-01-01,5231.0,,
ESTAT:MIGR_EMI1CTZ(1.0),01/07/26 23:00:00,A,AFR_C,REACH,TOTAL,NR,T,IT,2013-01-01,135.0,,
ESTAT:MIGR_EMI1CTZ(1.0),01/07/26 23:00:00,A,AFR_E,REACH,TOTAL,NR,T,IT,2013-01-01,223.0,,
ESTAT:MIGR_EMI1CTZ(1.0),01/07/26 23:00:00,A,AFR_N,REACH,TOTAL,NR,T,IT,2013-01-01,3616.0,,
ESTAT:MIGR_EMI1CTZ(1.0),01/07/26 23:00:00,A,AFR_S,REACH,TOTAL,NR,T,IT,2013-01-01,13.0,,
ESTAT:MIGR_EMI1CTZ(1.0),01/07/26 23:00:00,A,AFR_W,REACH,TOTAL,NR,T,IT,2013-01-01,1244.0,,
ESTAT:MIGR_EMI1CTZ(1.0),01/07/26 23:00:00,A,AG,REACH,TOTAL,NR,T,IT,2013-01-01,0.0,,
ESTAT:MIGR_EMI1CTZ(1.0),01/07/26 23:00:00,A,AI,REACH,TOTAL,NR,T,IT,2013-01-01,0.0,,
ESTAT:MIGR_EMI1CTZ(1.0),01/07/26 23:00:00,A,AL,REACH,TOTAL,NR,T,IT,2013-01-01,2296.0,,
ESTAT:MIGR_EMI1CTZ(1.0),01/07/26 23:00:00,A,AM,REACH,TOTAL,NR,T,IT,2013-01-01,5.0,,
ESTAT:MIGR_EMI1CTZ(1.0),01/07/26 23:00:00,A,AME,REACH,TOTAL,NR,T,IT,2013-01-01,3812.0,,
ESTAT:MIGR_EMI1CTZ(1.0),01/07/26 23:00:00,A,AME_C,REACH,TOTAL,NR,T,IT,2013-01-01,107.0,,
ESTAT:MIGR_EMI1CTZ(1.0),01/07/26 23:00:00,A,AME_N,REACH,TOTAL,NR,T,IT,2013-01-01,557.0,,
ESTAT:MIGR_EMI1CTZ(1.0),01/07/26 23:00:00,A,AME_S,REACH,TOTAL,NR,T,IT,2013-01-01,2733.0,,
ESTAT:MIGR_EMI1CTZ(1.0),01/07/26 23:00:00,A,AN,REACH,TOTAL,NR,T,IT,2013-01-01,0.0,,
ESTAT:MIGR_EMI1CTZ(1.0),01/07/26 23:00:00,A,AO,REACH,TOTAL,NR,T,IT,2013-01-01,22.0,,
ESTAT:MIGR_EMI1CTZ(1.0),01/07/26 23:00:00,A,AR,REACH,TOTAL,NR,T,IT,2013-01-01,157.0,,
ESTAT:MIGR_EMI1CTZ(1.0),01/07/26 23:00:00,A,ASI,REACH,TOTAL,NR,T,IT,2013-01-01,6893.0,,
ESTAT:MIGR_EMI1CTZ(1.0),01/07/26 23:00:00,A,ASI_C,REACH,TOTAL,NR,T,IT,2013-01-01,45.0,,
ESTAT:MIGR_EMI1CTZ(1.0),01/07/26 23:00:00,A,ASI_E,REACH,TOTAL,NR,T,IT,2013-01-01,2330.0,,
ESTAT:MIGR_EMI1CTZ(1.0),01/07/26 23:00:00,A,ASI_S,REACH,TOTAL,NR,T,IT,2013-01-01,3759.0,,
ESTAT:MIGR_EMI1CTZ(1.0),01/07/26 23:00:00,A,ASI_S_E,REACH,TOTAL,NR,T,IT,2013-01-01,531.0,,
ESTAT:MIGR_EMI1CTZ(1.0),01/07/26 23:00:00,A,ASI_W,REACH,TOTAL,NR,T,IT,2013-01-01,228.0,,
ESTAT:MIGR_EMI1CTZ(1.0),01/07/26 23:00:00,A,AT,REACH,TOTAL,NR,T,IT,2013-01-01,179.0,,
ESTAT:MIGR_EMI1CTZ(1.0),01/07/26 23:00:00,A,AU,REACH,TOTAL,NR,T,IT,2013-01-01,72.0,,
ESTAT:MIGR_EMI1CTZ(1.0),01/07/26 23:00:00,A,AU_NZ,REACH,TOTAL,NR,T,IT,2013-01-01,85.0,,
ESTAT:MIGR_EMI1CTZ(1.0),01/07/26 23:00:00,A,AW,REACH,TOTAL,NR,T,IT,2013-01-01,0.0,,
ESTAT:MIGR_EMI1CTZ(1.0),01/07/26 23:00:00,A,AZ,REACH,TOTAL,NR,T,IT,2013-01-01,4.0,,
ESTAT:MIGR_EMI1CTZ(1.0),01/07/26 23:00:00,A,BA,REACH,TOTAL,NR,T,IT,2013-01-01,272.0,,
ESTAT:MIGR_EMI1CTZ(1.0),01/07/26 23:00:00,A,BB,REACH,TOTAL,NR,T,IT,2013-01-01,0.0,,
ESTAT:MIGR_EMI1CTZ(1.0),01/07/26 23:00:00,A,BD,REACH,TOTAL,NR,T,IT,2013-01-01,739.0,,
ESTAT:MIGR_EMI1CTZ(1.0),01/07/26 23:00:00,A,BE,REACH,TOTAL,NR,T,IT,2013-01-01,158.0,,
ESTAT:MIGR_EMI1CTZ(1.0),01/07/26 23:00:00,A,BF,REACH,TOTAL,NR,T,IT,2013-01-01,56.0,,
ESTAT:MIGR_EMI1CTZ(1.0),01/07/26 23:00:00,A,BG,REACH,TOTAL,NR,T,IT,2013-01-01,728.0,,
ESTAT:MIGR_EMI1CTZ(1.0),01/07/26 23:00:00,A,BH,REACH,TOTAL,NR,T,IT,2013-01-01,1.0,,
ESTAT:MIGR_EMI1CTZ(1.0),01/07/26 23:00:00,A,BI,REACH,TOTAL,NR,T,IT,2013-01-01,7.0,,
ESTAT:MIGR_EMI1CTZ(1.0),01/07/26 23:00:00,A,BJ,REACH,TOTAL,NR,T,IT,2013-01-01,13.0,,
ESTAT:MIGR_EMI1CTZ(1.0),01/07/26 23:00:00,A,BL,REACH,TOTAL,NR,T,IT,2013-01-01,0.0,,
ESTAT:MIGR_EMI1CTZ(1.0),01/07/26 23:00:00,A,BM,REACH,TOTAL,NR,T,IT,2013-01-01,0.0,,
ESTAT:MIGR_EMI1CTZ(1.0),01/07/26 23:00:00,A,BN,REACH,TOTAL,NR,T,IT,2013-01-01,0.0,,
ESTAT:MIGR_EMI1CTZ(1.0),01/07/26 23:00:00,A,BO,REACH,TOTAL,NR,T,IT,2013-01-01,98.0,,
ESTAT:MIGR_EMI1CTZ(1.0),01/07/26 23:00:00,A,BQ,REACH,TOTAL,NR,T,IT,2013-01-01,0.0,,
ESTAT:MIGR_EMI1CTZ(1.0),01/07/26 23:00:00,A,BR,REACH,TOTAL,NR,T,IT,2013-01-01,724.0,,
ESTAT:MIGR_EMI1CTZ(1.0),01/07/26 23:00:00,A,BS,REACH,TOTAL,NR,T,IT,2013-01-01,0.0,,
ESTAT:MIGR_EMI1CTZ(1.0),01/07/26 23:00:00,A,BT,REACH,TOTAL,NR,T,IT,2013-01-01,2.0,,
ESTAT:MIGR_EMI1CTZ(1.0),01/07/26 23:00:00,A,BW,REACH,TOTAL,NR,T,IT,2013-01-01,0.0,,
ESTAT:MIGR_EMI1CTZ(1.0),01/07/26 23:00:00,A,BY,REACH,TOTAL,NR,T,IT,2013-01-01,68.0,,
ESTAT:MIGR_EMI1CTZ(1.0),01/07/26 23:00:00,A,BZ,REACH,TOTAL,NR,T,IT,2013-01-01,0.0,,
ESTAT:MIGR_EMI1CTZ(1.0),01/07/26 23:00:00,A,CA,REACH,TOTAL,NR,T,IT,2013-01-01,52.0,,
ESTAT:MIGR_EMI1CTZ(1.0),01/07/26 23:00:00,A,CD,REACH,TOTAL,NR,T,IT,2013-01-01,5.0,,
ESTAT:MIGR_EMI1CTZ(1.0),01/07/26 23:00:00,A,CF,REACH,TOTAL,NR,T,IT,2013-01-01,6.0,,
ESTAT:MIGR_EMI1CTZ(1.0),01/07/26 23:00:00,A,CG,REACH,TOTAL,NR,T,IT,2013-01-01,15.0,,
ESTAT:MIGR_EMI1CTZ(1.0),01/07/26 23:00:00,A,CH,REACH,TOTAL,NR,T,IT,2013-01-01,277.0,,
ESTAT:MIGR_EMI1CTZ(1.0),01/07/26 23:00:00,A,CI,REACH,TOTAL,NR,T,IT,2013-01-01,177.0,,
ESTAT:MIGR_EMI1CTZ(1.0),01/07/26 23:00:00,A,CL,REACH,TOTAL,NR,T,IT,2013-01-01,55.0,,
ESTAT:MIGR_EMI1CTZ(1.0),01/07/26 23:00:00,A,CM,REACH,TOTAL,NR,T,IT,2013-01-01,76.0,,
ESTAT:MIGR_EMI1CTZ(1.0),01/07/26 23:00:00,A,CN,REACH,TOTAL,NR,T,IT,2013-01-01,1943.0,,
ESTAT:MIGR_EMI1CTZ(1.0),01/07/26 23:00:00,A,CO,REACH,TOTAL,NR,T,IT,2013-01-01,182.0,,
ESTAT:MIGR_EMI1CTZ(1.0),01/07/26 23:00:00,A,CR,REACH,TOTAL,NR,T,IT,2013-01-01,4.0,,
ESTAT:MIGR_EMI1CTZ(1.0),01/07/26 23:00:00,A,CRB,REACH,TOTAL,NR,T,IT,2013-01-01,415.0,,
ESTAT:MIGR_EMI1CTZ(1.0),01/07/26 23:00:00,A,CU,REACH,TOTAL,NR,T,IT,2013-01-01,197.0,,
ESTAT:MIGR_EMI1CTZ(1.0),01/07/26 23:00:00,A,CV,REACH,TOTAL,NR,T,IT,2013-01-01,9.0,,
ESTAT:MIGR_EMI1CTZ(1.0),01/07/26 23:00:00,A,CW,REACH,TOTAL,NR,T,IT,2013-01-01,0.0,,
ESTAT:MIGR_EMI1CTZ(1.0),01/07/26 23:00:00,A,CY,REACH,TOTAL,NR,T,IT,2013-01-01,1.0,,
ESTAT:MIGR_EMI1CTZ(1.0),01/07/26 23:00:00,A,CZ,REACH,TOTAL,NR,T,IT,2013-01-01,123.0,,
ESTAT:MIGR_EMI1CTZ(1.0),01/07/26 23:00:00,A,CZ_SK,REACH,TOTAL,NR,T,IT,2013-01-01,0.0,,
ESTAT:MIGR_EMI1CTZ(1.0),01/07/26 23:00:00,A,DE,REACH,TOTAL,NR,T,IT,2013-01-01,1291.0,,
ESTAT:MIGR_EMI1CTZ(1.0),01/07/26 23:00:00,A,DJ,REACH,TOTAL,NR,T,IT,2013-01-01,0.0,,
ESTAT:MIGR_EMI1CTZ(1.0),01/07/26 23:00:00,A,DK,REACH,TOTAL,NR,T,IT,2013-01-01,69.0,,
ESTAT:MIGR_EMI1CTZ(1.0),01/07/26 23:00:00,A,DM,REACH,TOTAL,NR,T,IT,2013-01-01,8.0,,
ESTAT:MIGR_EMI1CTZ(1.0),01/07/26 23:00:00,A,DO,REACH,TOTAL,NR,T,IT,2013-01-01,204.0,,
ESTAT:MIGR_EMI1CTZ(1.0),01/07/26 23:00:00,A,DZ,REACH,TOTAL,NR,T,IT,2013-01-01,159.0,,
ESTAT:MIGR_EMI1CTZ(1.0),01/07/26 23:00:00,A,EC,REACH,TOTAL,NR,T,IT,2013-01-01,777.0,,
ESTAT:MIGR_EMI1CTZ(1.0),01/07/26 23:00:00,A,EE,REACH,TOTAL,NR,T,IT,2013-01-01,14.0,,
ESTAT:MIGR_EMI1CTZ(1.0),01/07/26 23:00:00,A,EG,REACH,TOTAL,NR,T,IT,2013-01-01,360.0,,
ESTAT:MIGR_EMI1CTZ(1.0),01/07/26 23:00:00,A,EH,REACH,TOTAL,NR,T,IT,2013-01-01,0.0,,
ESTAT:MIGR_EMI1CTZ(1.0),01/07/26 23:00:00,A,EL,REACH,TOTAL,NR,T,IT,2013-01-01,105.0,,
ESTAT:MIGR_EMI1CTZ(1.0),01/07/26 23:00:00,A,ER,REACH,TOTAL,NR,T,IT,2013-01-01,25.0,,
ESTAT:MIGR_EMI1CTZ(1.0),01/07/26 23:00:00,A,ES,REACH,TOTAL,NR,T,IT,2013-01-01,446.0,,
ESTAT:MIGR_EMI1CTZ(1.0),01/07/26 23:00:00,A,ET,REACH,TOTAL,NR,T,IT,2013-01-01,43.0,,
ESTAT:MIGR_EMI1CTZ(1.0),01/07/26 23:00:00,A,EU28_FOR,REACH,TOTAL,NR,T,IT,2013-01-01,19035.0,,
ESTAT:MIGR_EMI1CTZ(1.0),01/07/26 23:00:00,A,EUR,REACH,TOTAL,NR,T,IT,2013-01-01,109713.0,,
ESTAT:MIGR_EMI1CTZ(1.0),01/07/26 23:00:00,A,EX_SU,REACH,TOTAL,NR,T,IT,2013-01-01,0.0,,
ESTAT:MIGR_EMI1CTZ(1.0),01/07/26 23:00:00,A,EX_YU,REACH,TOTAL,NR,T,IT,2013-01-01,0.0,,
ESTAT:MIGR_EMI1CTZ(1.0),01/07/26 23:00:00,A,FI,REACH,TOTAL,NR,T,IT,2013-01-01,61.0,,
ESTAT:MIGR_EMI1CTZ(1.0),01/07/26 23:00:00,A,FJ,REACH,TOTAL,NR,T,IT,2013-01-01,0.0,,
ESTAT:MIGR_EMI1CTZ(1.0),01/07/26 23:00:00,A,FK,REACH,TOTAL,NR,T,IT,2013-01-01,0.0,,
ESTAT:MIGR_EMI1CTZ(1.0),01/07/26 23:00:00,A,FM,REACH,TOTAL,NR,T,IT,2013-01-01,0.0,,
ESTAT:MIGR_EMI1CTZ(1.0),01/07/26 23:00:00,A,FO,REACH,TOTAL,NR,T,IT,2013-01-01,0.0,,
ESTAT:MIGR_EMI1CTZ(1.0),01/07/26 23:00:00,A,FOR_STLS,REACH,TOTAL,NR,T,IT,2013-01-01,43640.0,,
ESTAT:MIGR_EMI1CTZ(1.0),01/07/26 23:00:00,A,FR,REACH,TOTAL,NR,T,IT,2013-01-01,830.0,,
ESTAT:MIGR_EMI1CTZ(1.0),01/07/26 23:00:00,A,GA,REACH,TOTAL,NR,T,IT,2013-01-01,0.0,,
ESTAT:MIGR_EMI1CTZ(1.0),01/07/26 23:00:00,A,GD,REACH,TOTAL,NR,T,IT,2013-01-01,0.0,,
ESTAT:MIGR_EMI1CTZ(1.0),01/07/26 23:00:00,A,GE,REACH,TOTAL,NR,T,IT,2013-01-01,65.0,,
ESTAT:MIGR_EMI1CTZ(1.0),01/07/26 23:00:00,A,GG,REACH,TOTAL,NR,T,IT,2013-01-01,0.0,,
ESTAT:MIGR_EMI1CTZ(1.0),01/07/26 23:00:00,A,GH,REACH,TOTAL,NR,T,IT,2013-01-01,233.0,,
ESTAT:MIGR_EMI1CTZ(1.0),01/07/26 23:00:00,A,GI,REACH,TOTAL,NR,T,IT,2013-01-01,0.0,,
ESTAT:MIGR_EMI1CTZ(1.0),01/07/26 23:00:00,A,GL,REACH,TOTAL,NR,T,IT,2013-01-01,0.0,,
ESTAT:MIGR_EMI1CTZ(1.0),01/07/26 23:00:00,A,GM,REACH,TOTAL,NR,T,IT,2013-01-01,6.0,,
ESTAT:MIGR_EMI1CTZ(1.0),01/07/26 23:00:00,A,GN,REACH,TOTAL,NR,T,IT,2013-01-01,16.0,,
ESTAT:MIGR_EMI1CTZ(1.0),01/07/26 23:00:00,A,GQ,REACH,TOTAL,NR,T,IT,2013-01-01,0.0,,
ESTAT:MIGR_EMI1CTZ(1.0),01/07/26 23:00:00,A,GT,REACH,TOTAL,NR,T,IT,2013-01-01,8.0,,
ESTAT:MIGR_EMI1CTZ(1.0),01/07/26 23:00:00,A,GW,REACH,TOTAL,NR,T,IT,2013-01-01,1.0,,
ESTAT:MIGR_EMI1CTZ(1.0),01/07/26 23:00:00,A,GY,REACH,TOTAL,NR,T,IT,2013-01-01,1.0,,
ESTAT:MIGR_EMI1CTZ(1.0),01/07/26 23:00:00,A,HN,REACH,TOTAL,NR,T,IT,2013-01-01,6.0,,
ESTAT:MIGR_EMI1CTZ(1.0),01/07/26 23:00:00,A,HR,REACH,TOTAL,NR,T,IT,2013-01-01,261.0,,
ESTAT:MIGR_EMI1CTZ(1.0),01/07/26 23:00:00,A,HT,REACH,TOTAL,NR,T,IT,2013-01-01,2.0,,
ESTAT:MIGR_EMI1CTZ(1.0),01/07/26 23:00:00,A,HU,REACH,TOTAL,NR,T,IT,2013-01-01,285.0,,
ESTAT:MIGR_EMI1CTZ(1.0),01/07/26 23:00:00,A,ID,REACH,TOTAL,NR,T,IT,2013-01-01,22.0,,
ESTAT:MIGR_EMI1CTZ(1.0),01/07/26 23:00:00,A,IE,REACH,TOTAL,NR,T,IT,2013-01-01,61.0,,
ESTAT:MIGR_EMI1CTZ(1.0),01/07/26 23:00:00,A,IL,REACH,TOTAL,NR,T,IT,2013-01-01,37.0,,
ESTAT:MIGR_EMI1CTZ(1.0),01/07/26 23:00:00,A,IM,REACH,TOTAL,NR,T,IT,2013-01-01,0.0,,
ESTAT:MIGR_EMI1CTZ(1.0),01/07/26 23:00:00,A,IN,REACH,TOTAL,NR,T,IT,2013-01-01,1485.0,,
ESTAT:MIGR_EMI1CTZ(1.0),01/07/26 23:00:00,A,IQ,REACH,TOTAL,NR,T,IT,2013-01-01,5.0,,
ESTAT:MIGR_EMI1CTZ(1.0),01/07/26 23:00:00,A,IR,REACH,TOTAL,NR,T,IT,2013-01-01,29.0,,
ESTAT:MIGR_EMI1CTZ(1.0),01/07/26 23:00:00,A,IS,REACH,TOTAL,NR,T,IT,2013-01-01,5.0,,
ESTAT:MIGR_EMI1CTZ(1.0),01/07/26 23:00:00,A,IT,REACH,TOTAL,NR,T,IT,2013-01-01,82095.0,,
ESTAT:MIGR_EMI1CTZ(1.0),01/07/26 23:00:00,A,JE,REACH,TOTAL,NR,T,IT,2013-01-01,0.0,,
ESTAT:MIGR_EMI1CTZ(1.0),01/07/26 23:00:00,A,JM,REACH,TOTAL,NR,T,IT,2013-01-01,1.0,,
ESTAT:MIGR_EMI1CTZ(1.0),01/07/26 23:00:00,A,JO,REACH,TOTAL,NR,T,IT,2013-01-01,12.0,,
ESTAT:MIGR_EMI1CTZ(1.0),01/07/26 23:00:00,A,JP,REACH,TOTAL,NR,T,IT,2013-01-01,256.0,,
ESTAT:MIGR_EMI1CTZ(1.0),01/07/26 23:00:00,A,KE,REACH,TOTAL,NR,T,IT,2013-01-01,20.0,,
ESTAT:MIGR_EMI1CTZ(1.0),01/07/26 23:00:00,A,KG,REACH,TOTAL,NR,T,IT,2013-01-01,5.0,,
ESTAT:MIGR_EMI1CTZ(1.0),01/07/26 23:00:00,A,KH,REACH,TOTAL,NR,T,IT,2013-01-01,2.0,,
ESTAT:MIGR_EMI1CTZ(1.0),01/07/26 23:00:00,A,KI,REACH,TOTAL,NR,T,IT,2013-01-01,0.0,,
ESTAT:MIGR_EMI1CTZ(1.0),01/07/26 23:00:00,A,KM,REACH,TOTAL,NR,T,IT,2013-01-01,0.0,,
ESTAT:MIGR_EMI1CTZ(1.0),01/07/26 23:00:00,A,KN,REACH,TOTAL,NR,T,IT,2013-01-01,2.0,,
ESTAT:MIGR_EMI1CTZ(1.0),01/07/26 23:00:00,A,KP,REACH,TOTAL,NR,T,IT,2013-01-01,8.0,,
ESTAT:MIGR_EMI1CTZ(1.0),01/07/26 23:00:00,A,KR,REACH,TOTAL,NR,T,IT,2013-01-01,97.0,,
ESTAT:MIGR_EMI1CTZ(1.0),01/07/26 23:00:00,A,KW,REACH,TOTAL,NR,T,IT,2013-01-01,2.0,,
ESTAT:MIGR_EMI1CTZ(1.0),01/07/26 23:00:00,A,KY,REACH,TOTAL,NR,T,IT,2013-01-01,0.0,,
ESTAT:MIGR_EMI1CTZ(1.0),01/07/26 23:00:00,A,KZ,REACH,TOTAL,NR,T,IT,2013-01-01,18.0,,
ESTAT:MIGR_EMI1CTZ(1.0),01/07/26 23:00:00,A,LA,REACH,TOTAL,NR,T,IT,2013-01-01,1.0,,
ESTAT:MIGR_EMI1CTZ(1.0),01/07/26 23:00:00,A,LB,REACH,TOTAL,NR,T,IT,2013-01-01,26.0,,
ESTAT:MIGR_EMI1CTZ(1.0),01/07/26 23:00:00,A,LC,REACH,TOTAL,NR,T,IT,2013-01-01,0.0,,
ESTAT:MIGR_EMI1CTZ(1.0),01/07/26 23:00:00,A,LI,REACH,TOTAL,NR,T,IT,2013-01-01,0.0,,
ESTAT:MIGR_EMI1CTZ(1.0),01/07/26 23:00:00,A,LK,REACH,TOTAL,NR,T,IT,2013-01-01,692.0,,
ESTAT:MIGR_EMI1CTZ(1.0),01/07/26 23:00:00,A,LR,REACH,TOTAL,NR,T,IT,2013-01-01,2.0,,
ESTAT:MIGR_EMI1CTZ(1.0),01/07/26 23:00:00,A,LS,REACH,TOTAL,NR,T,IT,2013-01-01,0.0,,
ESTAT:MIGR_EMI1CTZ(1.0),01/07/26 23:00:00,A,LT,REACH,TOTAL,NR,T,IT,2013-01-01,67.0,,
ESTAT:MIGR_EMI1CTZ(1.0),01/07/26 23:00:00,A,LU,REACH,TOTAL,NR,T,IT,2013-01-01,9.0,,
ESTAT:MIGR_EMI1CTZ(1.0),01/07/26 23:00:00,A,LV,REACH,TOTAL,NR,T,IT,2013-01-01,34.0,,
ESTAT:MIGR_EMI1CTZ(1.0),01/07/26 23:00:00,A,LY,REACH,TOTAL,NR,T,IT,2013-01-01,12.0,,
ESTAT:MIGR_EMI1CTZ(1.0),01/07/26 23:00:00,A,MA,REACH,TOTAL,NR,T,IT,2013-01-01,2418.0,,
ESTAT:MIGR_EMI1CTZ(1.0),01/07/26 23:00:00,A,MC,REACH,TOTAL,NR,T,IT,2013-01-01,6.0,,
ESTAT:MIGR_EMI1CTZ(1.0),01/07/26 23:00:00,A,MD,REACH,TOTAL,NR,T,IT,2013-01-01,1585.0,,
ESTAT:MIGR_EMI1CTZ(1.0),01/07/26 23:00:00,A,ME,REACH,TOTAL,NR,T,IT,2013-01-01,18.0,,
ESTAT:MIGR_EMI1CTZ(1.0),01/07/26 23:00:00,A,MEL,REACH,TOTAL,NR,T,IT,2013-01-01,0.0,,
ESTAT:MIGR_EMI1CTZ(1.0),01/07/26 23:00:00,A,MG,REACH,TOTAL,NR,T,IT,2013-01-01,10.0,,
ESTAT:MIGR_EMI1CTZ(1.0),01/07/26 23:00:00,A,MH,REACH,TOTAL,NR,T,IT,2013-01-01,0.0,,
ESTAT:MIGR_EMI1CTZ(1.0),01/07/26 23:00:00,A,MIC,REACH,TOTAL,NR,T,IT,2013-01-01,0.0,,
ESTAT:MIGR_EMI1CTZ(1.0),01/07/26 23:00:00,A,MK,REACH,TOTAL,NR,T,IT,2013-01-01,821.0,,
ESTAT:MIGR_EMI1CTZ(1.0),01/07/26 23:00:00,A,ML,REACH,TOTAL,NR,T,IT,2013-01-01,23.0,,
ESTAT:MIGR_EMI1CTZ(1.0),01/07/26 23:00:00,A,MM,REACH,TOTAL,NR,T,IT,2013-01-01,1.0,,
ESTAT:MIGR_EMI1CTZ(1.0),01/07/26 23:00:00,A,MN,REACH,TOTAL,NR,T,IT,2013-01-01,5.0,,
ESTAT:MIGR_EMI1CTZ(1.0),01/07/26 23:00:00,A,MR,REACH,TOTAL,NR,T,IT,2013-01-01,3.0,,
ESTAT:MIGR_EMI1CTZ(1.0),01/07/26 23:00:00,A,MS,REACH,TOTAL,NR,T,IT,2013-01-01,0.0,,
ESTAT:MIGR_EMI1CTZ(1.0),01/07/26 23:00:00,A,MT,REACH,TOTAL,NR,T,IT,2013-01-01,18.0,,
ESTAT:MIGR_EMI1CTZ(1.0),01/07/26 23:00:00,A,MU,REACH,TOTAL,NR,T,IT,2013-01-01,40.0,,
ESTAT:MIGR_EMI1CTZ(1.0),01/07/26 23:00:00,A,MV,REACH,TOTAL,NR,T,IT,2013-01-01,0.0,,
ESTAT:MIGR_EMI1CTZ(1.0),01/07/26 23:00:00,A,MW,REACH,TOTAL,NR,T,IT,2013-01-01,0.0,,
ESTAT:MIGR_EMI1CTZ(1.0),01/07/26 23:00:00,A,MX,REACH,TOTAL,NR,T,IT,2013-01-01,66.0,,
ESTAT:MIGR_EMI1CTZ(1.0),01/07/26 23:00:00,A,MY,REACH,TOTAL,NR,T,IT,2013-01-01,8.0,,
ESTAT:MIGR_EMI1CTZ(1.0),01/07/26 23:00:00,A,MZ,REACH,TOTAL,NR,T,IT,2013-01-01,3.0,,
ESTAT:MIGR_EMI1CTZ(1.0),01/07/26 23:00:00,A,NA,REACH,TOTAL,NR,T,IT,2013-01-01,1.0,,
ESTAT:MIGR_EMI1CTZ(1.0),01/07/26 23:00:00,A,NAT,REACH,TOTAL,NR,T,IT,2013-01-01,82095.0,,
ESTAT:MIGR_EMI1CTZ(1.0),01/07/26 23:00:00,A,NC,REACH,TOTAL,NR,T,IT,2013-01-01,0.0,,
ESTAT:MIGR_EMI1CTZ(1.0),01/07/26 23:00:00,A,NE,REACH,TOTAL,NR,T,IT,2013-01-01,15.0,,
ESTAT:MIGR_EMI1CTZ(1.0),01/07/26 23:00:00,A,NEU28_FOR,REACH,TOTAL,NR,T,IT,2013-01-01,24604.0,,
ESTAT:MIGR_EMI1CTZ(1.0),01/07/26 23:00:00,A,NG,REACH,TOTAL,NR,T,IT,2013-01-01,229.0,,
ESTAT:MIGR_EMI1CTZ(1.0),01/07/26 23:00:00,A,NI,REACH,TOTAL,NR,T,IT,2013-01-01,5.0,,
ESTAT:MIGR_EMI1CTZ(1.0),01/07/26 23:00:00,A,NL,REACH,TOTAL,NR,T,IT,2013-01-01,313.0,,
ESTAT:MIGR_EMI1CTZ(1.0),01/07/26 23:00:00,A,NO,REACH,TOTAL,NR,T,IT,2013-01-01,17.0,,
ESTAT:MIGR_EMI1CTZ(1.0),01/07/26 23:00:00,A,NP,REACH,TOTAL,NR,T,IT,2013-01-01,8.0,,
ESTAT:MIGR_EMI1CTZ(1.0),01/07/26 23:00:00,A,NR,REACH,TOTAL,NR,T,IT,2013-01-01,0.0,,
ESTAT:MIGR_EMI1CTZ(1.0),01/07/26 23:00:00,A,NZ,REACH,TOTAL,NR,T,IT,2013-01-01,13.0,,
ESTAT:MIGR_EMI1CTZ(1.0),01/07/26 23:00:00,A,OCE,REACH,TOTAL,NR,T,IT,2013-01-01,85.0,,
ESTAT:MIGR_EMI1CTZ(1.0),01/07/26 23:00:00,A,OM,REACH,TOTAL,NR,T,IT,2013-01-01,8.0,,
ESTAT:MIGR_EMI1CTZ(1.0),01/07/26 23:00:00,A,OTH,REACH,TOTAL,NR,T,IT,2013-01-01,0.0,,
ESTAT:MIGR_EMI1CTZ(1.0),01/07/26 23:00:00,A,PA,REACH,TOTAL,NR,T,IT,2013-01-01,3.0,,
ESTAT:MIGR_EMI1CTZ(1.0),01/07/26 23:00:00,A,PE,REACH,TOTAL,NR,T,IT,2013-01-01,631.0,,
ESTAT:MIGR_EMI1CTZ(1.0),01/07/26 23:00:00,A,PF,REACH,TOTAL,NR,T,IT,2013-01-01,0.0,,
ESTAT:MIGR_EMI1CTZ(1.0),01/07/26 23:00:00,A,PG,REACH,TOTAL,NR,T,IT,2013-01-01,0.0,,
ESTAT:MIGR_EMI1CTZ(1.0),01/07/26 23:00:00,A,PH,REACH,TOTAL,NR,T,IT,2013-01-01,401.0,,
ESTAT:MIGR_EMI1CTZ(1.0),01/07/26 23:00:00,A,PK,REACH,TOTAL,NR,T,IT,2013-01-01,785.0,,
ESTAT:MIGR_EMI1CTZ(1.0),01/07/26 23:00:00,A,PL,REACH,TOTAL,NR,T,IT,2013-01-01,1628.0,,
ESTAT:MIGR_EMI1CTZ(1.0),01/07/26 23:00:00,A,PM,REACH,TOTAL,NR,T,IT,2013-01-01,0.0,,
ESTAT:MIGR_EMI1CTZ(1.0),01/07/26 23:00:00,A,PN,REACH,TOTAL,NR,T,IT,2013-01-01,0.0,,
ESTAT:MIGR_EMI1CTZ(1.0),01/07/26 23:00:00,A,POL,REACH,TOTAL,NR,T,IT,2013-01-01,0.0,,
ESTAT:MIGR_EMI1CTZ(1.0),01/07/26 23:00:00,A,PS,REACH,TOTAL,NR,T,IT,2013-01-01,2.0,,
ESTAT:MIGR_EMI1CTZ(1.0),01/07/26 23:00:00,A,PT,REACH,TOTAL,NR,T,IT,2013-01-01,104.0,,
ESTAT:MIGR_EMI1CTZ(1.0),01/07/26 23:00:00,A,PW,REACH,TOTAL,NR,T,IT,2013-01-01,0.0,,
ESTAT:MIGR_EMI1CTZ(1.0),01/07/26 23:00:00,A,PY,REACH,TOTAL,NR,T,IT,2013-01-01,17.0,,
ESTAT:MIGR_EMI1CTZ(1.0),01/07/26 23:00:00,A,QA,REACH,TOTAL,NR,T,IT,2013-01-01,4.0,,
ESTAT:MIGR_EMI1CTZ(1.0),01/07/26 23:00:00,A,RNC,REACH,TOTAL,NR,T,IT,2013-01-01,0.0,,
ESTAT:MIGR_EMI1CTZ(1.0),01/07/26 23:00:00,A,RO,REACH,TOTAL,NR,T,IT,2013-01-01,11014.0,,
ESTAT:MIGR_EMI1CTZ(1.0),01/07/26 23:00:00,A,RS,REACH,TOTAL,NR,T,IT,2013-01-01,319.0,,
ESTAT:MIGR_EMI1CTZ(1.0),01/07/26 23:00:00,A,RS_ME,REACH,TOTAL,NR,T,IT,2013-01-01,0.0,,
ESTAT:MIGR_EMI1CTZ(1.0),01/07/26 23:00:00,A,RU,REACH,TOTAL,NR,T,IT,2013-01-01,387.0,,
ESTAT:MIGR_EMI1CTZ(1.0),01/07/26 23:00:00,A,RW,REACH,TOTAL,NR,T,IT,2013-01-01,2.0,,
ESTAT:MIGR_EMI1CTZ(1.0),01/07/26 23:00:00,A,SA,REACH,TOTAL,NR,T,IT,2013-01-01,5.0,,
ESTAT:MIGR_EMI1CTZ(1.0),01/07/26 23:00:00,A,SB,REACH,TOTAL,NR,T,IT,2013-01-01,0.0,,
ESTAT:MIGR_EMI1CTZ(1.0),01/07/26 23:00:00,A,SC,REACH,TOTAL,NR,T,IT,2013-01-01,12.0,,
ESTAT:MIGR_EMI1CTZ(1.0),01/07/26 23:00:00,A,SD,REACH,TOTAL,NR,T,IT,2013-01-01,12.0,,
ESTAT:MIGR_EMI1CTZ(1.0),01/07/26 23:00:00,A,SE,REACH,TOTAL,NR,T,IT,2013-01-01,139.0,,
ESTAT:MIGR_EMI1CTZ(1.0),01/07/26 23:00:00,A,SG,REACH,TOTAL,NR,T,IT,2013-01-01,7.0,,
ESTAT:MIGR_EMI1CTZ(1.0),01/07/26 23:00:00,A,SH,REACH,TOTAL,NR,T,IT,2013-01-01,0.0,,
ESTAT:MIGR_EMI1CTZ(1.0),01/07/26 23:00:00,A,SI,REACH,TOTAL,NR,T,IT,2013-01-01,42.0,,
ESTAT:MIGR_EMI1CTZ(1.0),01/07/26 23:00:00,A,SK,REACH,TOTAL,NR,T,IT,2013-01-01,314.0,,
ESTAT:MIGR_EMI1CTZ(1.0),01/07/26 23:00:00,A,SL,REACH,TOTAL,NR,T,IT,2013-01-01,6.0,,
ESTAT:MIGR_EMI1CTZ(1.0),01/07/26 23:00:00,A,SM,REACH,TOTAL,NR,T,IT,2013-01-01,6.0,,
ESTAT:MIGR_EMI1CTZ(1.0),01/07/26 23:00:00,A,SN,REACH,TOTAL,NR,T,IT,2013-01-01,434.0,,
ESTAT:MIGR_EMI1CTZ(1.0),01/07/26 23:00:00,A,SO,REACH,TOTAL,NR,T,IT,2013-01-01,33.0,,
ESTAT:MIGR_EMI1CTZ(1.0),01/07/26 23:00:00,A,SR,REACH,TOTAL,NR,T,IT,2013-01-01,2.0,,
ESTAT:MIGR_EMI1CTZ(1.0),01/07/26 23:00:00,A,SS,REACH,TOTAL,NR,T,IT,2013-01-01,0.0,,
ESTAT:MIGR_EMI1CTZ(1.0),01/07/26 23:00:00,A,ST,REACH,TOTAL,NR,T,IT,2013-01-01,0.0,,
ESTAT:MIGR_EMI1CTZ(1.0),01/07/26 23:00:00,A,STLS,REACH,TOTAL,NR,T,IT,2013-01-01,1.0,,
ESTAT:MIGR_EMI1CTZ(1.0),01/07/26 23:00:00,A,SV,REACH,TOTAL,NR,T,IT,2013-01-01,15.0,,
ESTAT:MIGR_EMI1CTZ(1.0),01/07/26 23:00:00,A,SX,REACH,TOTAL,NR,T,IT,2013-01-01,0.0,,
ESTAT:MIGR_EMI1CTZ(1.0),01/07/26 23:00:00,A,SY,REACH,TOTAL,NR,T,IT,2013-01-01,52.0,,
ESTAT:MIGR_EMI1CTZ(1.0),01/07/26 23:00:00,A,SZ,REACH,TOTAL,NR,T,IT,2013-01-01,0.0,,
ESTAT:MIGR_EMI1CTZ(1.0),01/07/26 23:00:00,A,TC,REACH,TOTAL,NR,T,IT,2013-01-01,0.0,,
ESTAT:MIGR_EMI1CTZ(1.0),01/07/26 23:00:00,A,TD,REACH,TOTAL,NR,T,IT,2013-01-01,11.0,,
ESTAT:MIGR_EMI1CTZ(1.0),01/07/26 23:00:00,A,TG,REACH,TOTAL,NR,T,IT,2013-01-01,21.0,,
ESTAT:MIGR_EMI1CTZ(1.0),01/07/26 23:00:00,A,TH,REACH,TOTAL,NR,T,IT,2013-01-01,77.0,,
ESTAT:MIGR_EMI1CTZ(1.0),01/07/26 23:00:00,A,TJ,REACH,TOTAL,NR,T,IT,2013-01-01,3.0,,
ESTAT:MIGR_EMI1CTZ(1.0),01/07/26 23:00:00,A,TL,REACH,TOTAL,NR,T,IT,2013-01-01,0.0,,
ESTAT:MIGR_EMI1CTZ(1.0),01/07/26 23:00:00,A,TM,REACH,TOTAL,NR,T,IT,2013-01-01,3.0,,
ESTAT:MIGR_EMI1CTZ(1.0),01/07/26 23:00:00,A,TN,REACH,TOTAL,NR,T,IT,2013-01-01,655.0,,
ESTAT:MIGR_EMI1CTZ(1.0),01/07/26 23:00:00,A,TO,REACH,TOTAL,NR,T,IT,2013-01-01,0.0,,
ESTAT:MIGR_EMI1CTZ(1.0),01/07/26 23:00:00,A,TOTAL,REACH,TOTAL,NR,T,IT,2013-01-01,125735.0,,
ESTAT:MIGR_EMI1CTZ(1.0),01/07/26 23:00:00,A,TR,REACH,TOTAL,NR,T,IT,2013-01-01,224.0,,
ESTAT:MIGR_EMI1CTZ(1.0),01/07/26 23:00:00,A,TT,REACH,TOTAL,NR,T,IT,2013-01-01,1.0,,
ESTAT:MIGR_EMI1CTZ(1.0),01/07/26 23:00:00,A,TV,REACH,TOTAL,NR,T,IT,2013-01-01,0.0,,
ESTAT:MIGR_EMI1CTZ(1.0),01/07/26 23:00:00,A,TW,REACH,TOTAL,NR,T,IT,2013-01-01,21.0,,
ESTAT:MIGR_EMI1CTZ(1.0),01/07/26 23:00:00,A,TZ,REACH,TOTAL,NR,T,IT,2013-01-01,13.0,,
ESTAT:MIGR_EMI1CTZ(1.0),01/07/26 23:00:00,A,UA,REACH,TOTAL,NR,T,IT,2013-01-01,1698.0,,
ESTAT:MIGR_EMI1CTZ(1.0),01/07/26 23:00:00,A,UG,REACH,TOTAL,NR,T,IT,2013-01-01,7.0,,
ESTAT:MIGR_EMI1CTZ(1.0),01/07/26 23:00:00,A,UK,REACH,TOTAL,NR,T,IT,2013-01-01,741.0,,
ESTAT:MIGR_EMI1CTZ(1.0),01/07/26 23:00:00,A,UNK,REACH,TOTAL,NR,T,IT,2013-01-01,0.0,,
ESTAT:MIGR_EMI1CTZ(1.0),01/07/26 23:00:00,A,US,REACH,TOTAL,NR,T,IT,2013-01-01,505.0,,
ESTAT:MIGR_EMI1CTZ(1.0),01/07/26 23:00:00,A,UY,REACH,TOTAL,NR,T,IT,2013-01-01,20.0,,
ESTAT:MIGR_EMI1CTZ(1.0),01/07/26 23:00:00,A,UZ,REACH,TOTAL,NR,T,IT,2013-01-01,16.0,,
ESTAT:MIGR_EMI1CTZ(1.0),01/07/26 23:00:00,A,VA,REACH,TOTAL,NR,T,IT,2013-01-01,0.0,,
ESTAT:MIGR_EMI1CTZ(1.0),01/07/26 23:00:00,A,VC,REACH,TOTAL,NR,T,IT,2013-01-01,0.0,,
ESTAT:MIGR_EMI1CTZ(1.0),01/07/26 23:00:00,A,VE,REACH,TOTAL,NR,T,IT,2013-01-01,69.0,,
ESTAT:MIGR_EMI1CTZ(1.0),01/07/26 23:00:00,A,VG,REACH,TOTAL,NR,T,IT,2013-01-01,0.0,,
ESTAT:MIGR_EMI1CTZ(1.0),01/07/26 23:00:00,A,VN,REACH,TOTAL,NR,T,IT,2013-01-01,12.0,,
ESTAT:MIGR_EMI1CTZ(1.0),01/07/26 23:00:00,A,VU,REACH,TOTAL,NR,T,IT,2013-01-01,0.0,,
ESTAT:MIGR_EMI1CTZ(1.0),01/07/26 23:00:00,A,WF,REACH,TOTAL,NR,T,IT,2013-01-01,0.0,,
ESTAT:MIGR_EMI1CTZ(1.0),01/07/26 23:00:00,A,WS,REACH,TOTAL,NR,T,IT,2013-01-01,0.0,,
ESTAT:MIGR_EMI1CTZ(1.0),01/07/26 23:00:00,A,XK,REACH,TOTAL,NR,T,IT,2013-01-01,580.0,,
ESTAT:MIGR_EMI1CTZ(1.0),01/07/26 23:00:00,A,YE,REACH,TOTAL,NR,T,IT,2013-01-01,0.0,,
ESTAT:MIGR_EMI1CTZ(1.0),01/07/26 23:00:00,A,YT,REACH,TOTAL,NR,T,IT,2013-01-01,0.0,,
ESTAT:MIGR_EMI1CTZ(1.0),01/07/26 23:00:00,A,ZA,REACH,TOTAL,NR,T,IT,2013-01-01,12.0,,
ESTAT:MIGR_EMI1CTZ(1.0),01/07/26 23:00:00,A,ZM,REACH,TOTAL,NR,T,IT,2013-01-01,7.0,,
ESTAT:MIGR_EMI1CTZ(1.0),01/07/26 23:00:00,A,ZW,REACH,TOTAL,NR,T,IT,2013-01-01,1.0,,
ESTAT:MIGR_EMI1CTZ(1.0),01/07/26 23:00:00,A,AD,REACH,TOTAL,NR,T,IT,2014-01-01,0.0,,
ESTAT:MIGR_EMI1CTZ(1.0),01/07/26 23:00:00,A,AE,REACH,TOTAL,NR,T,IT,2014-01-01,1.0,,
ESTAT:MIGR_EMI1CTZ(1.0),01/07/26 23:00:00,A,AF,REACH,TOTAL,NR,T,IT,2014-01-01,43.0,,
ESTAT:MIGR_EMI1CTZ(1.0),01/07/26 23:00:00,A,AFR,REACH,TOTAL,NR,T,IT,2014-01-01,5828.0,,
ESTAT:MIGR_EMI1CTZ(1.0),01/07/26 23:00:00,A,AFR_C,REACH,TOTAL,NR,T,IT,2014-01-01,134.0,,
ESTAT:MIGR_EMI1CTZ(1.0),01/07/26 23:00:00,A,AFR_E,REACH,TOTAL,NR,T,IT,2014-01-01,290.0,,
ESTAT:MIGR_EMI1CTZ(1.0),01/07/26 23:00:00,A,AFR_N,REACH,TOTAL,NR,T,IT,2014-01-01,4024.0,,
ESTAT:MIGR_EMI1CTZ(1.0),01/07/26 23:00:00,A,AFR_S,REACH,TOTAL,NR,T,IT,2014-01-01,25.0,,
ESTAT:MIGR_EMI1CTZ(1.0),01/07/26 23:00:00,A,AFR_W,REACH,TOTAL,NR,T,IT,2014-01-01,1355.0,,
ESTAT:MIGR_EMI1CTZ(1.0),01/07/26 23:00:00,A,AG,REACH,TOTAL,NR,T,IT,2014-01-01,0.0,,
ESTAT:MIGR_EMI1CTZ(1.0),01/07/26 23:00:00,A,AI,REACH,TOTAL,NR,T,IT,2014-01-01,0.0,,
ESTAT:MIGR_EMI1CTZ(1.0),01/07/26 23:00:00,A,AL,REACH,TOTAL,NR,T,IT,2014-01-01,2114.0,,
ESTAT:MIGR_EMI1CTZ(1.0),01/07/26 23:00:00,A,AM,REACH,TOTAL,NR,T,IT,2014-01-01,13.0,,
ESTAT:MIGR_EMI1CTZ(1.0),01/07/26 23:00:00,A,AME,REACH,TOTAL,NR,T,IT,2014-01-01,3873.0,,
ESTAT:MIGR_EMI1CTZ(1.0),01/07/26 23:00:00,A,AME_C,REACH,TOTAL,NR,T,IT,2014-01-01,169.0,,
ESTAT:MIGR_EMI1CTZ(1.0),01/07/26 23:00:00,A,AME_N,REACH,TOTAL,NR,T,IT,2014-01-01,591.0,,
ESTAT:MIGR_EMI1CTZ(1.0),01/07/26 23:00:00,A,AME_S,REACH,TOTAL,NR,T,IT,2014-01-01,2658.0,,
ESTAT:MIGR_EMI1CTZ(1.0),01/07/26 23:00:00,A,AN,REACH,TOTAL,NR,T,IT,2014-01-01,0.0,,
ESTAT:MIGR_EMI1CTZ(1.0),01/07/26 23:00:00,A,AO,REACH,TOTAL,NR,T,IT,2014-01-01,12.0,,
ESTAT:MIGR_EMI1CTZ(1.0),01/07/26 23:00:00,A,AR,REACH,TOTAL,NR,T,IT,2014-01-01,129.0,,
ESTAT:MIGR_EMI1CTZ(1.0),01/07/26 23:00:00,A,ASI,REACH,TOTAL,NR,T,IT,2014-01-01,7293.0,,
ESTAT:MIGR_EMI1CTZ(1.0),01/07/26 23:00:00,A,ASI_C,REACH,TOTAL,NR,T,IT,2014-01-01,57.0,,
ESTAT:MIGR_EMI1CTZ(1.0),01/07/26 23:00:00,A,ASI_E,REACH,TOTAL,NR,T,IT,2014-01-01,2357.0,,
ESTAT:MIGR_EMI1CTZ(1.0),01/07/26 23:00:00,A,ASI_S,REACH,TOTAL,NR,T,IT,2014-01-01,3990.0,,
ESTAT:MIGR_EMI1CTZ(1.0),01/07/26 23:00:00,A,ASI_S_E,REACH,TOTAL,NR,T,IT,2014-01-01,567.0,,
ESTAT:MIGR_EMI1CTZ(1.0),01/07/26 23:00:00,A,ASI_W,REACH,TOTAL,NR,T,IT,2014-01-01,322.0,,
ESTAT:MIGR_EMI1CTZ(1.0),01/07/26 23:00:00,A,AT,REACH,TOTAL,NR,T,IT,2014-01-01,203.0,,
ESTAT:MIGR_EMI1CTZ(1.0),01/07/26 23:00:00,A,AU,REACH,TOTAL,NR,T,IT,2014-01-01,54.0,,
ESTAT:MIGR_EMI1CTZ(1.0),01/07/26 23:00:00,A,AU_NZ,REACH,TOTAL,NR,T,IT,2014-01-01,74.0,,
ESTAT:MIGR_EMI1CTZ(1.0),01/07/26 23:00:00,A,AW,REACH,TOTAL,NR,T,IT,2014-01-01,0.0,,
ESTAT:MIGR_EMI1CTZ(1.0),01/07/26 23:00:00,A,AZ,REACH,TOTAL,NR,T,IT,2014-01-01,5.0,,
ESTAT:MIGR_EMI1CTZ(1.0),01/07/26 23:00:00,A,BA,REACH,TOTAL,NR,T,IT,2014-01-01,251.0,,
ESTAT:MIGR_EMI1CTZ(1.0),01/07/26 23:00:00,A,BB,REACH,TOTAL,NR,T,IT,2014-01-01,0.0,,
ESTAT:MIGR_EMI1CTZ(1.0),01/07/26 23:00:00,A,BD,REACH,TOTAL,NR,T,IT,2014-01-01,754.0,,
ESTAT:MIGR_EMI1CTZ(1.0),01/07/26 23:00:00,A,BE,REACH,TOTAL,NR,T,IT,2014-01-01,186.0,,
ESTAT:MIGR_EMI1CTZ(1.0),01/07/26 23:00:00,A,BF,REACH,TOTAL,NR,T,IT,2014-01-01,55.0,,
ESTAT:MIGR_EMI1CTZ(1.0),01/07/26 23:00:00,A,BG,REACH,TOTAL,NR,T,IT,2014-01-01,770.0,,
ESTAT:MIGR_EMI1CTZ(1.0),01/07/26 23:00:00,A,BH,REACH,TOTAL,NR,T,IT,2014-01-01,0.0,,
ESTAT:MIGR_EMI1CTZ(1.0),01/07/26 23:00:00,A,BI,REACH,TOTAL,NR,T,IT,2014-01-01,9.0,,
ESTAT:MIGR_EMI1CTZ(1.0),01/07/26 23:00:00,A,BJ,REACH,TOTAL,NR,T,IT,2014-01-01,20.0,,
ESTAT:MIGR_EMI1CTZ(1.0),01/07/26 23:00:00,A,BL,REACH,TOTAL,NR,T,IT,2014-01-01,0.0,,
ESTAT:MIGR_EMI1CTZ(1.0),01/07/26 23:00:00,A,BM,REACH,TOTAL,NR,T,IT,2014-01-01,0.0,,
ESTAT:MIGR_EMI1CTZ(1.0),01/07/26 23:00:00,A,BN,REACH,TOTAL,NR,T,IT,2014-01-01,0.0,,
ESTAT:MIGR_EMI1CTZ(1.0),01/07/26 23:00:00,A,BO,REACH,TOTAL,NR,T,IT,2014-01-01,117.0,,
ESTAT:MIGR_EMI1CTZ(1.0),01/07/26 23:00:00,A,BQ,REACH,TOTAL,NR,T,IT,2014-01-01,0.0,,
ESTAT:MIGR_EMI1CTZ(1.0),01/07/26 23:00:00,A,BR,REACH,TOTAL,NR,T,IT,2014-01-01,632.0,,
ESTAT:MIGR_EMI1CTZ(1.0),01/07/26 23:00:00,A,BS,REACH,TOTAL,NR,T,IT,2014-01-01,0.0,,
ESTAT:MIGR_EMI1CTZ(1.0),01/07/26 23:00:00,A,BT,REACH,TOTAL,NR,T,IT,2014-01-01,0.0,,
ESTAT:MIGR_EMI1CTZ(1.0),01/07/26 23:00:00,A,BW,REACH,TOTAL,NR,T,IT,2014-01-01,0.0,,
ESTAT:MIGR_EMI1CTZ(1.0),01/07/26 23:00:00,A,BY,REACH,TOTAL,NR,T,IT,2014-01-01,71.0,,
ESTAT:MIGR_EMI1CTZ(1.0),01/07/26 23:00:00,A,BZ,REACH,TOTAL,NR,T,IT,2014-01-01,2.0,,
ESTAT:MIGR_EMI1CTZ(1.0),01/07/26 23:00:00,A,CA,REACH,TOTAL,NR,T,IT,2014-01-01,60.0,,
ESTAT:MIGR_EMI1CTZ(1.0),01/07/26 23:00:00,A,CD,REACH,TOTAL,NR,T,IT,2014-01-01,22.0,,
ESTAT:MIGR_EMI1CTZ(1.0),01/07/26 23:00:00,A,CF,REACH,TOTAL,NR,T,IT,2014-01-01,1.0,,
ESTAT:MIGR_EMI1CTZ(1.0),01/07/26 23:00:00,A,CG,REACH,TOTAL,NR,T,IT,2014-01-01,31.0,,
ESTAT:MIGR_EMI1CTZ(1.0),01/07/26 23:00:00,A,CH,REACH,TOTAL,NR,T,IT,2014-01-01,270.0,,
ESTAT:MIGR_EMI1CTZ(1.0),01/07/26 23:00:00,A,CI,REACH,TOTAL,NR,T,IT,2014-01-01,210.0,,
ESTAT:MIGR_EMI1CTZ(1.0),01/07/26 23:00:00,A,CL,REACH,TOTAL,NR,T,IT,2014-01-01,50.0,,
ESTAT:MIGR_EMI1CTZ(1.0),01/07/26 23:00:00,A,CM,REACH,TOTAL,NR,T,IT,2014-01-01,68.0,,
ESTAT:MIGR_EMI1CTZ(1.0),01/07/26 23:00:00,A,CN,REACH,TOTAL,NR,T,IT,2014-01-01,1987.0,,
ESTAT:MIGR_EMI1CTZ(1.0),01/07/26 23:00:00,A,CO,REACH,TOTAL,NR,T,IT,2014-01-01,221.0,,
ESTAT:MIGR_EMI1CTZ(1.0),01/07/26 23:00:00,A,CR,REACH,TOTAL,NR,T,IT,2014-01-01,6.0,,
ESTAT:MIGR_EMI1CTZ(1.0),01/07/26 23:00:00,A,CRB,REACH,TOTAL,NR,T,IT,2014-01-01,455.0,,
ESTAT:MIGR_EMI1CTZ(1.0),01/07/26 23:00:00,A,CU,REACH,TOTAL,NR,T,IT,2014-01-01,209.0,,
ESTAT:MIGR_EMI1CTZ(1.0),01/07/26 23:00:00,A,CV,REACH,TOTAL,NR,T,IT,2014-01-01,11.0,,
ESTAT:MIGR_EMI1CTZ(1.0),01/07/26 23:00:00,A,CW,REACH,TOTAL,NR,T,IT,2014-01-01,0.0,,
ESTAT:MIGR_EMI1CTZ(1.0),01/07/26 23:00:00,A,CY,REACH,TOTAL,NR,T,IT,2014-01-01,2.0,,
ESTAT:MIGR_EMI1CTZ(1.0),01/07/26 23:00:00,A,CZ,REACH,TOTAL,NR,T,IT,2014-01-01,133.0,,
ESTAT:MIGR_EMI1CTZ(1.0),01/07/26 23:00:00,A,CZ_SK,REACH,TOTAL,NR,T,IT,2014-01-01,0.0,,
ESTAT:MIGR_EMI1CTZ(1.0),01/07/26 23:00:00,A,DE,REACH,TOTAL,NR,T,IT,2014-01-01,1234.0,,
ESTAT:MIGR_EMI1CTZ(1.0),01/07/26 23:00:00,A,DJ,REACH,TOTAL,NR,T,IT,2014-01-01,0.0,,
ESTAT:MIGR_EMI1CTZ(1.0),01/07/26 23:00:00,A,DK,REACH,TOTAL,NR,T,IT,2014-01-01,62.0,,
ESTAT:MIGR_EMI1CTZ(1.0),01/07/26 23:00:00,A,DM,REACH,TOTAL,NR,T,IT,2014-01-01,12.0,,
ESTAT:MIGR_EMI1CTZ(1.0),01/07/26 23:00:00,A,DO,REACH,TOTAL,NR,T,IT,2014-01-01,229.0,,
ESTAT:MIGR_EMI1CTZ(1.0),01/07/26 23:00:00,A,DZ,REACH,TOTAL,NR,T,IT,2014-01-01,136.0,,
ESTAT:MIGR_EMI1CTZ(1.0),01/07/26 23:00:00,A,EC,REACH,TOTAL,NR,T,IT,2014-01-01,744.0,,
ESTAT:MIGR_EMI1CTZ(1.0),01/07/26 23:00:00,A,EE,REACH,TOTAL,NR,T,IT,2014-01-01,15.0,,
ESTAT:MIGR_EMI1CTZ(1.0),01/07/26 23:00:00,A,EG,REACH,TOTAL,NR,T,IT,2014-01-01,434.0,,
ESTAT:MIGR_EMI1CTZ(1.0),01/07/26 23:00:00,A,EH,REACH,TOTAL,NR,T,IT,2014-01-01,0.0,,
ESTAT:MIGR_EMI1CTZ(1.0),01/07/26 23:00:00,A,EL,REACH,TOTAL,NR,T,IT,2014-01-01,127.0,,
ESTAT:MIGR_EMI1CTZ(1.0),01/07/26 23:00:00,A,ER,REACH,TOTAL,NR,T,IT,2014-01-01,43.0,,
ESTAT:MIGR_EMI1CTZ(1.0),01/07/26 23:00:00,A,ES,REACH,TOTAL,NR,T,IT,2014-01-01,541.0,,
ESTAT:MIGR_EMI1CTZ(1.0),01/07/26 23:00:00,A,ET,REACH,TOTAL,NR,T,IT,2014-01-01,54.0,,
ESTAT:MIGR_EMI1CTZ(1.0),01/07/26 23:00:00,A,EU28_FOR,REACH,TOTAL,NR,T,IT,2014-01-01,22020.0,,
ESTAT:MIGR_EMI1CTZ(1.0),01/07/26 23:00:00,A,EUR,REACH,TOTAL,NR,T,IT,2014-01-01,119255.0,,
ESTAT:MIGR_EMI1CTZ(1.0),01/07/26 23:00:00,A,EX_SU,REACH,TOTAL,NR,T,IT,2014-01-01,0.0,,
ESTAT:MIGR_EMI1CTZ(1.0),01/07/26 23:00:00,A,EX_YU,REACH,TOTAL,NR,T,IT,2014-01-01,0.0,,
ESTAT:MIGR_EMI1CTZ(1.0),01/07/26 23:00:00,A,FI,REACH,TOTAL,NR,T,IT,2014-01-01,50.0,,
ESTAT:MIGR_EMI1CTZ(1.0),01/07/26 23:00:00,A,FJ,REACH,TOTAL,NR,T,IT,2014-01-01,2.0,,
ESTAT:MIGR_EMI1CTZ(1.0),01/07/26 23:00:00,A,FK,REACH,TOTAL,NR,T,IT,2014-01-01,0.0,,
ESTAT:MIGR_EMI1CTZ(1.0),01/07/26 23:00:00,A,FM,REACH,TOTAL,NR,T,IT,2014-01-01,0.0,,
ESTAT:MIGR_EMI1CTZ(1.0),01/07/26 23:00:00,A,FO,REACH,TOTAL,NR,T,IT,2014-01-01,0.0,,
ESTAT:MIGR_EMI1CTZ(1.0),01/07/26 23:00:00,A,FOR_STLS,REACH,TOTAL,NR,T,IT,2014-01-01,47469.0,,
ESTAT:MIGR_EMI1CTZ(1.0),01/07/26 23:00:00,A,FR,REACH,TOTAL,NR,T,IT,2014-01-01,1005.0,,
ESTAT:MIGR_EMI1CTZ(1.0),01/07/26 23:00:00,A,GA,REACH,TOTAL,NR,T,IT,2014-01-01,0.0,,
ESTAT:MIGR_EMI1CTZ(1.0),01/07/26 23:00:00,A,GD,REACH,TOTAL,NR,T,IT,2014-01-01,0.0,,
ESTAT:MIGR_EMI1CTZ(1.0),01/07/26 23:00:00,A,GE,REACH,TOTAL,NR,T,IT,2014-01-01,131.0,,
ESTAT:MIGR_EMI1CTZ(1.0),01/07/26 23:00:00,A,GG,REACH,TOTAL,NR,T,IT,2014-01-01,0.0,,
ESTAT:MIGR_EMI1CTZ(1.0),01/07/26 23:00:00,A,GH,REACH,TOTAL,NR,T,IT,2014-01-01,253.0,,
ESTAT:MIGR_EMI1CTZ(1.0),01/07/26 23:00:00,A,GI,REACH,TOTAL,NR,T,IT,2014-01-01,0.0,,
ESTAT:MIGR_EMI1CTZ(1.0),01/07/26 23:00:00,A,GL,REACH,TOTAL,NR,T,IT,2014-01-01,0.0,,
ESTAT:MIGR_EMI1CTZ(1.0),01/07/26 23:00:00,A,GM,REACH,TOTAL,NR,T,IT,2014-01-01,9.0,,
ESTAT:MIGR_EMI1CTZ(1.0),01/07/26 23:00:00,A,GN,REACH,TOTAL,NR,T,IT,2014-01-01,19.0,,
ESTAT:MIGR_EMI1CTZ(1.0),01/07/26 23:00:00,A,GQ,REACH,TOTAL,NR,T,IT,2014-01-01,0.0,,
ESTAT:MIGR_EMI1CTZ(1.0),01/07/26 23:00:00,A,GT,REACH,TOTAL,NR,T,IT,2014-01-01,8.0,,
ESTAT:MIGR_EMI1CTZ(1.0),01/07/26 23:00:00,A,GW,REACH,TOTAL,NR,T,IT,2014-01-01,6.0,,
ESTAT:MIGR_EMI1CTZ(1.0),01/07/26 23:00:00,A,GY,REACH,TOTAL,NR,T,IT,2014-01-01,0.0,,
ESTAT:MIGR_EMI1CTZ(1.0),01/07/26 23:00:00,A,HN,REACH,TOTAL,NR,T,IT,2014-01-01,14.0,,
ESTAT:MIGR_EMI1CTZ(1.0),01/07/26 23:00:00,A,HR,REACH,TOTAL,NR,T,IT,2014-01-01,351.0,,
ESTAT:MIGR_EMI1CTZ(1.0),01/07/26 23:00:00,A,HT,REACH,TOTAL,NR,T,IT,2014-01-01,3.0,,
ESTAT:MIGR_EMI1CTZ(1.0),01/07/26 23:00:00,A,HU,REACH,TOTAL,NR,T,IT,2014-01-01,295.0,,
ESTAT:MIGR_EMI1CTZ(1.0),01/07/26 23:00:00,A,ID,REACH,TOTAL,NR,T,IT,2014-01-01,30.0,,
ESTAT:MIGR_EMI1CTZ(1.0),01/07/26 23:00:00,A,IE,REACH,TOTAL,NR,T,IT,2014-01-01,73.0,,
ESTAT:MIGR_EMI1CTZ(1.0),01/07/26 23:00:00,A,IL,REACH,TOTAL,NR,T,IT,2014-01-01,41.0,,
ESTAT:MIGR_EMI1CTZ(1.0),01/07/26 23:00:00,A,IM,REACH,TOTAL,NR,T,IT,2014-01-01,0.0,,
ESTAT:MIGR_EMI1CTZ(1.0),01/07/26 23:00:00,A,IN,REACH,TOTAL,NR,T,IT,2014-01-01,1666.0,,
ESTAT:MIGR_EMI1CTZ(1.0),01/07/26 23:00:00,A,IQ,REACH,TOTAL,NR,T,IT,2014-01-01,22.0,,
ESTAT:MIGR_EMI1CTZ(1.0),01/07/26 23:00:00,A,IR,REACH,TOTAL,NR,T,IT,2014-01-01,58.0,,
ESTAT:MIGR_EMI1CTZ(1.0),01/07/26 23:00:00,A,IS,REACH,TOTAL,NR,T,IT,2014-01-01,10.0,,
ESTAT:MIGR_EMI1CTZ(1.0),01/07/26 23:00:00,A,IT,REACH,TOTAL,NR,T,IT,2014-01-01,88859.0,,
ESTAT:MIGR_EMI1CTZ(1.0),01/07/26 23:00:00,A,JE,REACH,TOTAL,NR,T,IT,2014-01-01,0.0,,
ESTAT:MIGR_EMI1CTZ(1.0),01/07/26 23:00:00,A,JM,REACH,TOTAL,NR,T,IT,2014-01-01,2.0,,
ESTAT:MIGR_EMI1CTZ(1.0),01/07/26 23:00:00,A,JO,REACH,TOTAL,NR,T,IT,2014-01-01,4.0,,
ESTAT:MIGR_EMI1CTZ(1.0),01/07/26 23:00:00,A,JP,REACH,TOTAL,NR,T,IT,2014-01-01,261.0,,
ESTAT:MIGR_EMI1CTZ(1.0),01/07/26 23:00:00,A,KE,REACH,TOTAL,NR,T,IT,2014-01-01,32.0,,
ESTAT:MIGR_EMI1CTZ(1.0),01/07/26 23:00:00,A,KG,REACH,TOTAL,NR,T,IT,2014-01-01,5.0,,
ESTAT:MIGR_EMI1CTZ(1.0),01/07/26 23:00:00,A,KH,REACH,TOTAL,NR,T,IT,2014-01-01,2.0,,
ESTAT:MIGR_EMI1CTZ(1.0),01/07/26 23:00:00,A,KI,REACH,TOTAL,NR,T,IT,2014-01-01,0.0,,
ESTAT:MIGR_EMI1CTZ(1.0),01/07/26 23:00:00,A,KM,REACH,TOTAL,NR,T,IT,2014-01-01,1.0,,
ESTAT:MIGR_EMI1CTZ(1.0),01/07/26 23:00:00,A,KN,REACH,TOTAL,NR,T,IT,2014-01-01,0.0,,
ESTAT:MIGR_EMI1CTZ(1.0),01/07/26 23:00:00,A,KP,REACH,TOTAL,NR,T,IT,2014-01-01,0.0,,
ESTAT:MIGR_EMI1CTZ(1.0),01/07/26 23:00:00,A,KR,REACH,TOTAL,NR,T,IT,2014-01-01,94.0,,
ESTAT:MIGR_EMI1CTZ(1.0),01/07/26 23:00:00,A,KW,REACH,TOTAL,NR,T,IT,2014-01-01,1.0,,
ESTAT:MIGR_EMI1CTZ(1.0),01/07/26 23:00:00,A,KY,REACH,TOTAL,NR,T,IT,2014-01-01,0.0,,
ESTAT:MIGR_EMI1CTZ(1.0),01/07/26 23:00:00,A,KZ,REACH,TOTAL,NR,T,IT,2014-01-01,41.0,,
ESTAT:MIGR_EMI1CTZ(1.0),01/07/26 23:00:00,A,LA,REACH,TOTAL,NR,T,IT,2014-01-01,1.0,,
ESTAT:MIGR_EMI1CTZ(1.0),01/07/26 23:00:00,A,LB,REACH,TOTAL,NR,T,IT,2014-01-01,34.0,,
ESTAT:MIGR_EMI1CTZ(1.0),01/07/26 23:00:00,A,LC,REACH,TOTAL,NR,T,IT,2014-01-01,0.0,,
ESTAT:MIGR_EMI1CTZ(1.0),01/07/26 23:00:00,A,LI,REACH,TOTAL,NR,T,IT,2014-01-01,1.0,,
ESTAT:MIGR_EMI1CTZ(1.0),01/07/26 23:00:00,A,LK,REACH,TOTAL,NR,T,IT,2014-01-01,588.0,,
ESTAT:MIGR_EMI1CTZ(1.0),01/07/26 23:00:00,A,LR,REACH,TOTAL,NR,T,IT,2014-01-01,5.0,,
ESTAT:MIGR_EMI1CTZ(1.0),01/07/26 23:00:00,A,LS,REACH,TOTAL,NR,T,IT,2014-01-01,0.0,,
ESTAT:MIGR_EMI1CTZ(1.0),01/07/26 23:00:00,A,LT,REACH,TOTAL,NR,T,IT,2014-01-01,72.0,,
ESTAT:MIGR_EMI1CTZ(1.0),01/07/26 23:00:00,A,LU,REACH,TOTAL,NR,T,IT,2014-01-01,13.0,,
ESTAT:MIGR_EMI1CTZ(1.0),01/07/26 23:00:00,A,LV,REACH,TOTAL,NR,T,IT,2014-01-01,43.0,,
ESTAT:MIGR_EMI1CTZ(1.0),01/07/26 23:00:00,A,LY,REACH,TOTAL,NR,T,IT,2014-01-01,12.0,,
ESTAT:MIGR_EMI1CTZ(1.0),01/07/26 23:00:00,A,MA,REACH,TOTAL,NR,T,IT,2014-01-01,2726.0,,
ESTAT:MIGR_EMI1CTZ(1.0),01/07/26 23:00:00,A,MC,REACH,TOTAL,NR,T,IT,2014-01-01,0.0,,
ESTAT:MIGR_EMI1CTZ(1.0),01/07/26 23:00:00,A,MD,REACH,TOTAL,NR,T,IT,2014-01-01,1477.0,,
ESTAT:MIGR_EMI1CTZ(1.0),01/07/26 23:00:00,A,ME,REACH,TOTAL,NR,T,IT,2014-01-01,59.0,,
ESTAT:MIGR_EMI1CTZ(1.0),01/07/26 23:00:00,A,MEL,REACH,TOTAL,NR,T,IT,2014-01-01,2.0,,
ESTAT:MIGR_EMI1CTZ(1.0),01/07/26 23:00:00,A,MG,REACH,TOTAL,NR,T,IT,2014-01-01,9.0,,
ESTAT:MIGR_EMI1CTZ(1.0),01/07/26 23:00:00,A,MH,REACH,TOTAL,NR,T,IT,2014-01-01,2.0,,
ESTAT:MIGR_EMI1CTZ(1.0),01/07/26 23:00:00,A,MIC,REACH,TOTAL,NR,T,IT,2014-01-01,2.0,,
ESTAT:MIGR_EMI1CTZ(1.0),01/07/26 23:00:00,A,MK,REACH,TOTAL,NR,T,IT,2014-01-01,876.0,,
ESTAT:MIGR_EMI1CTZ(1.0),01/07/26 23:00:00,A,ML,REACH,TOTAL,NR,T,IT,2014-01-01,28.0,,
ESTAT:MIGR_EMI1CTZ(1.0),01/07/26 23:00:00,A,MM,REACH,TOTAL,NR,T,IT,2014-01-01,4.0,,
ESTAT:MIGR_EMI1CTZ(1.0),01/07/26 23:00:00,A,MN,REACH,TOTAL,NR,T,IT,2014-01-01,4.0,,
ESTAT:MIGR_EMI1CTZ(1.0),01/07/26 23:00:00,A,MR,REACH,TOTAL,NR,T,IT,2014-01-01,8.0,,
ESTAT:MIGR_EMI1CTZ(1.0),01/07/26 23:00:00,A,MS,REACH,TOTAL,NR,T,IT,2014-01-01,0.0,,
ESTAT:MIGR_EMI1CTZ(1.0),01/07/26 23:00:00,A,MT,REACH,TOTAL,NR,T,IT,2014-01-01,16.0,,
ESTAT:MIGR_EMI1CTZ(1.0),01/07/26 23:00:00,A,MU,REACH,TOTAL,NR,T,IT,2014-01-01,33.0,,
ESTAT:MIGR_EMI1CTZ(1.0),01/07/26 23:00:00,A,MV,REACH,TOTAL,NR,T,IT,2014-01-01,0.0,,
ESTAT:MIGR_EMI1CTZ(1.0),01/07/26 23:00:00,A,MW,REACH,TOTAL,NR,T,IT,2014-01-01,0.0,,
ESTAT:MIGR_EMI1CTZ(1.0),01/07/26 23:00:00,A,MX,REACH,TOTAL,NR,T,IT,2014-01-01,102.0,,
ESTAT:MIGR_EMI1CTZ(1.0),01/07/26 23:00:00,A,MY,REACH,TOTAL,NR,T,IT,2014-01-01,14.0,,
ESTAT:MIGR_EMI1CTZ(1.0),01/07/26 23:00:00,A,MZ,REACH,TOTAL,NR,T,IT,2014-01-01,4.0,,
ESTAT:MIGR_EMI1CTZ(1.0),01/07/26 23:00:00,A,NA,REACH,TOTAL,NR,T,IT,2014-01-01,3.0,,
ESTAT:MIGR_EMI1CTZ(1.0),01/07/26 23:00:00,A,NAT,REACH,TOTAL,NR,T,IT,2014-01-01,88859.0,,
ESTAT:MIGR_EMI1CTZ(1.0),01/07/26 23:00:00,A,NC,REACH,TOTAL,NR,T,IT,2014-01-01,0.0,,
ESTAT:MIGR_EMI1CTZ(1.0),01/07/26 23:00:00,A,NE,REACH,TOTAL,NR,T,IT,2014-01-01,12.0,,
ESTAT:MIGR_EMI1CTZ(1.0),01/07/26 23:00:00,A,NEU28_FOR,REACH,TOTAL,NR,T,IT,2014-01-01,25448.0,,
ESTAT:MIGR_EMI1CTZ(1.0),01/07/26 23:00:00,A,NG,REACH,TOTAL,NR,T,IT,2014-01-01,198.0,,
ESTAT:MIGR_EMI1CTZ(1.0),01/07/26 23:00:00,A,NI,REACH,TOTAL,NR,T,IT,2014-01-01,8.0,,
ESTAT:MIGR_EMI1CTZ(1.0),01/07/26 23:00:00,A,NL,REACH,TOTAL,NR,T,IT,2014-01-01,285.0,,
ESTAT:MIGR_EMI1CTZ(1.0),01/07/26 23:00:00,A,NO,REACH,TOTAL,NR,T,IT,2014-01-01,33.0,,
ESTAT:MIGR_EMI1CTZ(1.0),01/07/26 23:00:00,A,NP,REACH,TOTAL,NR,T,IT,2014-01-01,12.0,,
ESTAT:MIGR_EMI1CTZ(1.0),01/07/26 23:00:00,A,NR,REACH,TOTAL,NR,T,IT,2014-01-01,0.0,,
ESTAT:MIGR_EMI1CTZ(1.0),01/07/26 23:00:00,A,NZ,REACH,TOTAL,NR,T,IT,2014-01-01,20.0,,
ESTAT:MIGR_EMI1CTZ(1.0),01/07/26 23:00:00,A,OCE,REACH,TOTAL,NR,T,IT,2014-01-01,78.0,,
ESTAT:MIGR_EMI1CTZ(1.0),01/07/26 23:00:00,A,OM,REACH,TOTAL,NR,T,IT,2014-01-01,1.0,,
ESTAT:MIGR_EMI1CTZ(1.0),01/07/26 23:00:00,A,OTH,REACH,TOTAL,NR,T,IT,2014-01-01,0.0,,
ESTAT:MIGR_EMI1CTZ(1.0),01/07/26 23:00:00,A,PA,REACH,TOTAL,NR,T,IT,2014-01-01,2.0,,
ESTAT:MIGR_EMI1CTZ(1.0),01/07/26 23:00:00,A,PE,REACH,TOTAL,NR,T,IT,2014-01-01,690.0,,
ESTAT:MIGR_EMI1CTZ(1.0),01/07/26 23:00:00,A,PF,REACH,TOTAL,NR,T,IT,2014-01-01,0.0,,
ESTAT:MIGR_EMI1CTZ(1.0),01/07/26 23:00:00,A,PG,REACH,TOTAL,NR,T,IT,2014-01-01,0.0,,
ESTAT:MIGR_EMI1CTZ(1.0),01/07/26 23:00:00,A,PH,REACH,TOTAL,NR,T,IT,2014-01-01,408.0,,
ESTAT:MIGR_EMI1CTZ(1.0),01/07/26 23:00:00,A,PK,REACH,TOTAL,NR,T,IT,2014-01-01,869.0,,
ESTAT:MIGR_EMI1CTZ(1.0),01/07/26 23:00:00,A,PL,REACH,TOTAL,NR,T,IT,2014-01-01,1667.0,,
ESTAT:MIGR_EMI1CTZ(1.0),01/07/26 23:00:00,A,PM,REACH,TOTAL,NR,T,IT,2014-01-01,0.0,,
ESTAT:MIGR_EMI1CTZ(1.0),01/07/26 23:00:00,A,PN,REACH,TOTAL,NR,T,IT,2014-01-01,0.0,,
ESTAT:MIGR_EMI1CTZ(1.0),01/07/26 23:00:00,A,POL,REACH,TOTAL,NR,T,IT,2014-01-01,0.0,,
ESTAT:MIGR_EMI1CTZ(1.0),01/07/26 23:00:00,A,PS,REACH,TOTAL,NR,T,IT,2014-01-01,11.0,,
ESTAT:MIGR_EMI1CTZ(1.0),01/07/26 23:00:00,A,PT,REACH,TOTAL,NR,T,IT,2014-01-01,133.0,,
ESTAT:MIGR_EMI1CTZ(1.0),01/07/26 23:00:00,A,PW,REACH,TOTAL,NR,T,IT,2014-01-01,0.0,,
ESTAT:MIGR_EMI1CTZ(1.0),01/07/26 23:00:00,A,PY,REACH,TOTAL,NR,T,IT,2014-01-01,16.0,,
ESTAT:MIGR_EMI1CTZ(1.0),01/07/26 23:00:00,A,QA,REACH,TOTAL,NR,T,IT,2014-01-01,0.0,,
ESTAT:MIGR_EMI1CTZ(1.0),01/07/26 23:00:00,A,RNC,REACH,TOTAL,NR,T,IT,2014-01-01,1.0,,
ESTAT:MIGR_EMI1CTZ(1.0),01/07/26 23:00:00,A,RO,REACH,TOTAL,NR,T,IT,2014-01-01,13518.0,,
ESTAT:MIGR_EMI1CTZ(1.0),01/07/26 23:00:00,A,RS,REACH,TOTAL,NR,T,IT,2014-01-01,317.0,,
ESTAT:MIGR_EMI1CTZ(1.0),01/07/26 23:00:00,A,RS_ME,REACH,TOTAL,NR,T,IT,2014-01-01,0.0,,
ESTAT:MIGR_EMI1CTZ(1.0),01/07/26 23:00:00,A,RU,REACH,TOTAL,NR,T,IT,2014-01-01,337.0,,
ESTAT:MIGR_EMI1CTZ(1.0),01/07/26 23:00:00,A,RW,REACH,TOTAL,NR,T,IT,2014-01-01,4.0,,
ESTAT:MIGR_EMI1CTZ(1.0),01/07/26 23:00:00,A,SA,REACH,TOTAL,NR,T,IT,2014-01-01,2.0,,
ESTAT:MIGR_EMI1CTZ(1.0),01/07/26 23:00:00,A,SB,REACH,TOTAL,NR,T,IT,2014-01-01,0.0,,
ESTAT:MIGR_EMI1CTZ(1.0),01/07/26 23:00:00,A,SC,REACH,TOTAL,NR,T,IT,2014-01-01,4.0,,
ESTAT:MIGR_EMI1CTZ(1.0),01/07/26 23:00:00,A,SD,REACH,TOTAL,NR,T,IT,2014-01-01,11.0,,
ESTAT:MIGR_EMI1CTZ(1.0),01/07/26 23:00:00,A,SE,REACH,TOTAL,NR,T,IT,2014-01-01,126.0,,
ESTAT:MIGR_EMI1CTZ(1.0),01/07/26 23:00:00,A,SG,REACH,TOTAL,NR,T,IT,2014-01-01,9.0,,
ESTAT:MIGR_EMI1CTZ(1.0),01/07/26 23:00:00,A,SH,REACH,TOTAL,NR,T,IT,2014-01-01,0.0,,
ESTAT:MIGR_EMI1CTZ(1.0),01/07/26 23:00:00,A,SI,REACH,TOTAL,NR,T,IT,2014-01-01,84.0,,
ESTAT:MIGR_EMI1CTZ(1.0),01/07/26 23:00:00,A,SK,REACH,TOTAL,NR,T,IT,2014-01-01,289.0,,
ESTAT:MIGR_EMI1CTZ(1.0),01/07/26 23:00:00,A,SL,REACH,TOTAL,NR,T,IT,2014-01-01,1.0,,
ESTAT:MIGR_EMI1CTZ(1.0),01/07/26 23:00:00,A,SM,REACH,TOTAL,NR,T,IT,2014-01-01,13.0,,
ESTAT:MIGR_EMI1CTZ(1.0),01/07/26 23:00:00,A,SN,REACH,TOTAL,NR,T,IT,2014-01-01,495.0,,
ESTAT:MIGR_EMI1CTZ(1.0),01/07/26 23:00:00,A,SO,REACH,TOTAL,NR,T,IT,2014-01-01,77.0,,
ESTAT:MIGR_EMI1CTZ(1.0),01/07/26 23:00:00,A,SR,REACH,TOTAL,NR,T,IT,2014-01-01,0.0,,
ESTAT:MIGR_EMI1CTZ(1.0),01/07/26 23:00:00,A,SS,REACH,TOTAL,NR,T,IT,2014-01-01,0.0,,
ESTAT:MIGR_EMI1CTZ(1.0),01/07/26 23:00:00,A,ST,REACH,TOTAL,NR,T,IT,2014-01-01,0.0,,
ESTAT:MIGR_EMI1CTZ(1.0),01/07/26 23:00:00,A,STLS,REACH,TOTAL,NR,T,IT,2014-01-01,1.0,,
ESTAT:MIGR_EMI1CTZ(1.0),01/07/26 23:00:00,A,SV,REACH,TOTAL,NR,T,IT,2014-01-01,27.0,,
ESTAT:MIGR_EMI1CTZ(1.0),01/07/26 23:00:00,A,SX,REACH,TOTAL,NR,T,IT,2014-01-01,0.0,,
ESTAT:MIGR_EMI1CTZ(1.0),01/07/26 23:00:00,A,SY,REACH,TOTAL,NR,T,IT,2014-01-01,56.0,,
ESTAT:MIGR_EMI1CTZ(1.0),01/07/26 23:00:00,A,SZ,REACH,TOTAL,NR,T,IT,2014-01-01,1.0,,
ESTAT:MIGR_EMI1CTZ(1.0),01/07/26 23:00:00,A,TC,REACH,TOTAL,NR,T,IT,2014-01-01,0.0,,
ESTAT:MIGR_EMI1CTZ(1.0),01/07/26 23:00:00,A,TD,REACH,TOTAL,NR,T,IT,2014-01-01,0.0,,
ESTAT:MIGR_EMI1CTZ(1.0),01/07/26 23:00:00,A,TG,REACH,TOTAL,NR,T,IT,2014-01-01,25.0,,
ESTAT:MIGR_EMI1CTZ(1.0),01/07/26 23:00:00,A,TH,REACH,TOTAL,NR,T,IT,2014-01-01,85.0,,
ESTAT:MIGR_EMI1CTZ(1.0),01/07/26 23:00:00,A,TJ,REACH,TOTAL,NR,T,IT,2014-01-01,0.0,,
ESTAT:MIGR_EMI1CTZ(1.0),01/07/26 23:00:00,A,TL,REACH,TOTAL,NR,T,IT,2014-01-01,0.0,,
ESTAT:MIGR_EMI1CTZ(1.0),01/07/26 23:00:00,A,TM,REACH,TOTAL,NR,T,IT,2014-01-01,0.0,,
ESTAT:MIGR_EMI1CTZ(1.0),01/07/26 23:00:00,A,TN,REACH,TOTAL,NR,T,IT,2014-01-01,705.0,,
ESTAT:MIGR_EMI1CTZ(1.0),01/07/26 23:00:00,A,TO,REACH,TOTAL,NR,T,IT,2014-01-01,0.0,,
ESTAT:MIGR_EMI1CTZ(1.0),01/07/26 23:00:00,A,TOTAL,REACH,TOTAL,NR,T,IT,2014-01-01,136328.0,,
ESTAT:MIGR_EMI1CTZ(1.0),01/07/26 23:00:00,A,TR,REACH,TOTAL,NR,T,IT,2014-01-01,203.0,,
ESTAT:MIGR_EMI1CTZ(1.0),01/07/26 23:00:00,A,TT,REACH,TOTAL,NR,T,IT,2014-01-01,0.0,,
ESTAT:MIGR_EMI1CTZ(1.0),01/07/26 23:00:00,A,TV,REACH,TOTAL,NR,T,IT,2014-01-01,0.0,,
ESTAT:MIGR_EMI1CTZ(1.0),01/07/26 23:00:00,A,TW,REACH,TOTAL,NR,T,IT,2014-01-01,11.0,,
ESTAT:MIGR_EMI1CTZ(1.0),01/07/26 23:00:00,A,TZ,REACH,TOTAL,NR,T,IT,2014-01-01,14.0,,
ESTAT:MIGR_EMI1CTZ(1.0),01/07/26 23:00:00,A,UA,REACH,TOTAL,NR,T,IT,2014-01-01,1763.0,,
ESTAT:MIGR_EMI1CTZ(1.0),01/07/26 23:00:00,A,UG,REACH,TOTAL,NR,T,IT,2014-01-01,5.0,,
ESTAT:MIGR_EMI1CTZ(1.0),01/07/26 23:00:00,A,UK,REACH,TOTAL,NR,T,IT,2014-01-01,727.0,,
ESTAT:MIGR_EMI1CTZ(1.0),01/07/26 23:00:00,A,UNK,REACH,TOTAL,NR,T,IT,2014-01-01,0.0,,
ESTAT:MIGR_EMI1CTZ(1.0),01/07/26 23:00:00,A,US,REACH,TOTAL,NR,T,IT,2014-01-01,531.0,,
ESTAT:MIGR_EMI1CTZ(1.0),01/07/26 23:00:00,A,UY,REACH,TOTAL,NR,T,IT,2014-01-01,9.0,,
ESTAT:MIGR_EMI1CTZ(1.0),01/07/26 23:00:00,A,UZ,REACH,TOTAL,NR,T,IT,2014-01-01,11.0,,
ESTAT:MIGR_EMI1CTZ(1.0),01/07/26 23:00:00,A,VA,REACH,TOTAL,NR,T,IT,2014-01-01,0.0,,
ESTAT:MIGR_EMI1CTZ(1.0),01/07/26 23:00:00,A,VC,REACH,TOTAL,NR,T,IT,2014-01-01,0.0,,
ESTAT:MIGR_EMI1CTZ(1.0),01/07/26 23:00:00,A,VE,REACH,TOTAL,NR,T,IT,2014-01-01,50.0,,
ESTAT:MIGR_EMI1CTZ(1.0),01/07/26 23:00:00,A,VG,REACH,TOTAL,NR,T,IT,2014-01-01,0.0,,
ESTAT:MIGR_EMI1CTZ(1.0),01/07/26 23:00:00,A,VN,REACH,TOTAL,NR,T,IT,2014-01-01,14.0,,
ESTAT:MIGR_EMI1CTZ(1.0),01/07/26 23:00:00,A,VU,REACH,TOTAL,NR,T,IT,2014-01-01,0.0,,
ESTAT:MIGR_EMI1CTZ(1.0),01/07/26 23:00:00,A,WF,REACH,TOTAL,NR,T,IT,2014-01-01,0.0,,
ESTAT:MIGR_EMI1CTZ(1.0),01/07/26 23:00:00,A,WS,REACH,TOTAL,NR,T,IT,2014-01-01,0.0,,
ESTAT:MIGR_EMI1CTZ(1.0),01/07/26 23:00:00,A,XK,REACH,TOTAL,NR,T,IT,2014-01-01,580.0,,
ESTAT:MIGR_EMI1CTZ(1.0),01/07/26 23:00:00,A,YE,REACH,TOTAL,NR,T,IT,2014-01-01,0.0,,
ESTAT:MIGR_EMI1CTZ(1.0),01/07/26 23:00:00,A,ZA,REACH,TOTAL,NR,T,IT,2014-01-01,21.0,,
ESTAT:MIGR_EMI1CTZ(1.0),01/07/26 23:00:00,A,ZM,REACH,TOTAL,NR,T,IT,2014-01-01,1.0,,
ESTAT:MIGR_EMI1CTZ(1.0),01/07/26 23:00:00,A,ZW,REACH,TOTAL,NR,T,IT,2014-01-01,0.0,,
ESTAT:MIGR_EMI1CTZ(1.0),01/07/26 23:00:00,A,AD,REACH,TOTAL,NR,T,IT,2015-01-01,0.0,,
ESTAT:MIGR_EMI1CTZ(1.0),01/07/26 23:00:00,A,AE,REACH,TOTAL,NR,T,IT,2015-01-01,3.0,,
ESTAT:MIGR_EMI1CTZ(1.0),01/07/26 23:00:00,A,AF,REACH,TOTAL,NR,T,IT,2015-01-01,79.0,,
ESTAT:MIGR_EMI1CTZ(1.0),01/07/26 23:00:00,A,AFR,REACH,TOTAL,NR,T,IT,2015-01-01,5693.0,,
ESTAT:MIGR_EMI1CTZ(1.0),01/07/26 23:00:00,A,AFR_C,REACH,TOTAL,NR,T,IT,2015-01-01,127.0,,
ESTAT:MIGR_EMI1CTZ(1.0),01/07/26 23:00:00,A,AFR_E,REACH,TOTAL,NR,T,IT,2015-01-01,306.0,,
ESTAT:MIGR_EMI1CTZ(1.0),01/07/26 23:00:00,A,AFR_N,REACH,TOTAL,NR,T,IT,2015-01-01,3811.0,,
ESTAT:MIGR_EMI1CTZ(1.0),01/07/26 23:00:00,A,AFR_S,REACH,TOTAL,NR,T,IT,2015-01-01,58.0,,
ESTAT:MIGR_EMI1CTZ(1.0),01/07/26 23:00:00,A,AFR_W,REACH,TOTAL,NR,T,IT,2015-01-01,1391.0,,
ESTAT:MIGR_EMI1CTZ(1.0),01/07/26 23:00:00,A,AG,REACH,TOTAL,NR,T,IT,2015-01-01,0.0,,
ESTAT:MIGR_EMI1CTZ(1.0),01/07/26 23:00:00,A,AI,REACH,TOTAL,NR,T,IT,2015-01-01,0.0,,
ESTAT:MIGR_EMI1CTZ(1.0),01/07/26 23:00:00,A,AL,REACH,TOTAL,NR,T,IT,2015-01-01,1959.0,,
ESTAT:MIGR_EMI1CTZ(1.0),01/07/26 23:00:00,A,AM,REACH,TOTAL,NR,T,IT,2015-01-01,7.0,,
ESTAT:MIGR_EMI1CTZ(1.0),01/07/26 23:00:00,A,AME,REACH,TOTAL,NR,T,IT,2015-01-01,3432.0,,
ESTAT:MIGR_EMI1CTZ(1.0),01/07/26 23:00:00,A,AME_C,REACH,TOTAL,NR,T,IT,2015-01-01,158.0,,
ESTAT:MIGR_EMI1CTZ(1.0),01/07/26 23:00:00,A,AME_N,REACH,TOTAL,NR,T,IT,2015-01-01,598.0,,
ESTAT:MIGR_EMI1CTZ(1.0),01/07/26 23:00:00,A,AME_S,REACH,TOTAL,NR,T,IT,2015-01-01,2231.0,,
ESTAT:MIGR_EMI1CTZ(1.0),01/07/26 23:00:00,A,AN,REACH,TOTAL,NR,T,IT,2015-01-01,0.0,,
ESTAT:MIGR_EMI1CTZ(1.0),01/07/26 23:00:00,A,AO,REACH,TOTAL,NR,T,IT,2015-01-01,8.0,,
ESTAT:MIGR_EMI1CTZ(1.0),01/07/26 23:00:00,A,AR,REACH,TOTAL,NR,T,IT,2015-01-01,137.0,,
ESTAT:MIGR_EMI1CTZ(1.0),01/07/26 23:00:00,A,ASI,REACH,TOTAL,NR,T,IT,2015-01-01,6784.0,,
ESTAT:MIGR_EMI1CTZ(1.0),01/07/26 23:00:00,A,ASI_C,REACH,TOTAL,NR,T,IT,2015-01-01,55.0,,
ESTAT:MIGR_EMI1CTZ(1.0),01/07/26 23:00:00,A,ASI_E,REACH,TOTAL,NR,T,IT,2015-01-01,2160.0,,
ESTAT:MIGR_EMI1CTZ(1.0),01/07/26 23:00:00,A,ASI_S,REACH,TOTAL,NR,T,IT,2015-01-01,3616.0,,
ESTAT:MIGR_EMI1CTZ(1.0),01/07/26 23:00:00,A,ASI_S_E,REACH,TOTAL,NR,T,IT,2015-01-01,610.0,,
ESTAT:MIGR_EMI1CTZ(1.0),01/07/26 23:00:00,A,ASI_W,REACH,TOTAL,NR,T,IT,2015-01-01,343.0,,
ESTAT:MIGR_EMI1CTZ(1.0),01/07/26 23:00:00,A,AT,REACH,TOTAL,NR,T,IT,2015-01-01,153.0,,
ESTAT:MIGR_EMI1CTZ(1.0),01/07/26 23:00:00,A,AU,REACH,TOTAL,NR,T,IT,2015-01-01,82.0,,
ESTAT:MIGR_EMI1CTZ(1.0),01/07/26 23:00:00,A,AU_NZ,REACH,TOTAL,NR,T,IT,2015-01-01,96.0,,
ESTAT:MIGR_EMI1CTZ(1.0),01/07/26 23:00:00,A,AW,REACH,TOTAL,NR,T,IT,2015-01-01,0.0,,
ESTAT:MIGR_EMI1CTZ(1.0),01/07/26 23:00:00,A,AZ,REACH,TOTAL,NR,T,IT,2015-01-01,1.0,,
ESTAT:MIGR_EMI1CTZ(1.0),01/07/26 23:00:00,A,BA,REACH,TOTAL,NR,T,IT,2015-01-01,249.0,,
ESTAT:MIGR_EMI1CTZ(1.0),01/07/26 23:00:00,A,BB,REACH,TOTAL,NR,T,IT,2015-01-01,1.0,,
ESTAT:MIGR_EMI1CTZ(1.0),01/07/26 23:00:00,A,BD,REACH,TOTAL,NR,T,IT,2015-01-01,556.0,,
ESTAT:MIGR_EMI1CTZ(1.0),01/07/26 23:00:00,A,BE,REACH,TOTAL,NR,T,IT,2015-01-01,161.0,,
ESTAT:MIGR_EMI1CTZ(1.0),01/07/26 23:00:00,A,BF,REACH,TOTAL,NR,T,IT,2015-01-01,56.0,,
ESTAT:MIGR_EMI1CTZ(1.0),01/07/26 23:00:00,A,BG,REACH,TOTAL,NR,T,IT,2015-01-01,723.0,,
ESTAT:MIGR_EMI1CTZ(1.0),01/07/26 23:00:00,A,BH,REACH,TOTAL,NR,T,IT,2015-01-01,0.0,,
ESTAT:MIGR_EMI1CTZ(1.0),01/07/26 23:00:00,A,BI,REACH,TOTAL,NR,T,IT,2015-01-01,8.0,,
ESTAT:MIGR_EMI1CTZ(1.0),01/07/26 23:00:00,A,BJ,REACH,TOTAL,NR,T,IT,2015-01-01,19.0,,
ESTAT:MIGR_EMI1CTZ(1.0),01/07/26 23:00:00,A,BL,REACH,TOTAL,NR,T,IT,2015-01-01,0.0,,
ESTAT:MIGR_EMI1CTZ(1.0),01/07/26 23:00:00,A,BM,REACH,TOTAL,NR,T,IT,2015-01-01,0.0,,
ESTAT:MIGR_EMI1CTZ(1.0),01/07/26 23:00:00,A,BN,REACH,TOTAL,NR,T,IT,2015-01-01,1.0,,
ESTAT:MIGR_EMI1CTZ(1.0),01/07/26 23:00:00,A,BO,REACH,TOTAL,NR,T,IT,2015-01-01,127.0,,
ESTAT:MIGR_EMI1CTZ(1.0),01/07/26 23:00:00,A,BQ,REACH,TOTAL,NR,T,IT,2015-01-01,0.0,,
ESTAT:MIGR_EMI1CTZ(1.0),01/07/26 23:00:00,A,BR,REACH,TOTAL,NR,T,IT,2015-01-01,501.0,,
ESTAT:MIGR_EMI1CTZ(1.0),01/07/26 23:00:00,A,BS,REACH,TOTAL,NR,T,IT,2015-01-01,1.0,,
ESTAT:MIGR_EMI1CTZ(1.0),01/07/26 23:00:00,A,BT,REACH,TOTAL,NR,T,IT,2015-01-01,0.0,,
ESTAT:MIGR_EMI1CTZ(1.0),01/07/26 23:00:00,A,BW,REACH,TOTAL,NR,T,IT,2015-01-01,0.0,,
ESTAT:MIGR_EMI1CTZ(1.0),01/07/26 23:00:00,A,BY,REACH,TOTAL,NR,T,IT,2015-01-01,70.0,,
ESTAT:MIGR_EMI1CTZ(1.0),01/07/26 23:00:00,A,BZ,REACH,TOTAL,NR,T,IT,2015-01-01,0.0,,
ESTAT:MIGR_EMI1CTZ(1.0),01/07/26 23:00:00,A,CA,REACH,TOTAL,NR,T,IT,2015-01-01,64.0,,
ESTAT:MIGR_EMI1CTZ(1.0),01/07/26 23:00:00,A,CD,REACH,TOTAL,NR,T,IT,2015-01-01,13.0,,
ESTAT:MIGR_EMI1CTZ(1.0),01/07/26 23:00:00,A,CF,REACH,TOTAL,NR,T,IT,2015-01-01,1.0,,
ESTAT:MIGR_EMI1CTZ(1.0),01/07/26 23:00:00,A,CG,REACH,TOTAL,NR,T,IT,2015-01-01,31.0,,
ESTAT:MIGR_EMI1CTZ(1.0),01/07/26 23:00:00,A,CH,REACH,TOTAL,NR,T,IT,2015-01-01,270.0,,
ESTAT:MIGR_EMI1CTZ(1.0),01/07/26 23:00:00,A,CI,REACH,TOTAL,NR,T,IT,2015-01-01,165.0,,
ESTAT:MIGR_EMI1CTZ(1.0),01/07/26 23:00:00,A,CL,REACH,TOTAL,NR,T,IT,2015-01-01,40.0,,
ESTAT:MIGR_EMI1CTZ(1.0),01/07/26 23:00:00,A,CM,REACH,TOTAL,NR,T,IT,2015-01-01,68.0,,
ESTAT:MIGR_EMI1CTZ(1.0),01/07/26 23:00:00,A,CN,REACH,TOTAL,NR,T,IT,2015-01-01,1799.0,,
ESTAT:MIGR_EMI1CTZ(1.0),01/07/26 23:00:00,A,CO,REACH,TOTAL,NR,T,IT,2015-01-01,185.0,,
ESTAT:MIGR_EMI1CTZ(1.0),01/07/26 23:00:00,A,CR,REACH,TOTAL,NR,T,IT,2015-01-01,3.0,,
ESTAT:MIGR_EMI1CTZ(1.0),01/07/26 23:00:00,A,CRB,REACH,TOTAL,NR,T,IT,2015-01-01,445.0,,
ESTAT:MIGR_EMI1CTZ(1.0),01/07/26 23:00:00,A,CU,REACH,TOTAL,NR,T,IT,2015-01-01,236.0,,
ESTAT:MIGR_EMI1CTZ(1.0),01/07/26 23:00:00,A,CV,REACH,TOTAL,NR,T,IT,2015-01-01,6.0,,
ESTAT:MIGR_EMI1CTZ(1.0),01/07/26 23:00:00,A,CW,REACH,TOTAL,NR,T,IT,2015-01-01,0.0,,
ESTAT:MIGR_EMI1CTZ(1.0),01/07/26 23:00:00,A,CY,REACH,TOTAL,NR,T,IT,2015-01-01,6.0,,
ESTAT:MIGR_EMI1CTZ(1.0),01/07/26 23:00:00,A,CZ,REACH,TOTAL,NR,T,IT,2015-01-01,122.0,,
ESTAT:MIGR_EMI1CTZ(1.0),01/07/26 23:00:00,A,CZ_SK,REACH,TOTAL,NR,T,IT,2015-01-01,0.0,,
ESTAT:MIGR_EMI1CTZ(1.0),01/07/26 23:00:00,A,DE,REACH,TOTAL,NR,T,IT,2015-01-01,1188.0,,
ESTAT:MIGR_EMI1CTZ(1.0),01/07/26 23:00:00,A,DJ,REACH,TOTAL,NR,T,IT,2015-01-01,0.0,,
ESTAT:MIGR_EMI1CTZ(1.0),01/07/26 23:00:00,A,DK,REACH,TOTAL,NR,T,IT,2015-01-01,66.0,,
ESTAT:MIGR_EMI1CTZ(1.0),01/07/26 23:00:00,A,DM,REACH,TOTAL,NR,T,IT,2015-01-01,5.0,,
ESTAT:MIGR_EMI1CTZ(1.0),01/07/26 23:00:00,A,DO,REACH,TOTAL,NR,T,IT,2015-01-01,192.0,,
ESTAT:MIGR_EMI1CTZ(1.0),01/07/26 23:00:00,A,DZ,REACH,TOTAL,NR,T,IT,2015-01-01,181.0,,
ESTAT:MIGR_EMI1CTZ(1.0),01/07/26 23:00:00,A,EC,REACH,TOTAL,NR,T,IT,2015-01-01,599.0,,
ESTAT:MIGR_EMI1CTZ(1.0),01/07/26 23:00:00,A,EE,REACH,TOTAL,NR,T,IT,2015-01-01,23.0,,
ESTAT:MIGR_EMI1CTZ(1.0),01/07/26 23:00:00,A,EG,REACH,TOTAL,NR,T,IT,2015-01-01,446.0,,
ESTAT:MIGR_EMI1CTZ(1.0),01/07/26 23:00:00,A,EH,REACH,TOTAL,NR,T,IT,2015-01-01,0.0,,
ESTAT:MIGR_EMI1CTZ(1.0),01/07/26 23:00:00,A,EL,REACH,TOTAL,NR,T,IT,2015-01-01,125.0,,
ESTAT:MIGR_EMI1CTZ(1.0),01/07/26 23:00:00,A,ER,REACH,TOTAL,NR,T,IT,2015-01-01,52.0,,
ESTAT:MIGR_EMI1CTZ(1.0),01/07/26 23:00:00,A,ES,REACH,TOTAL,NR,T,IT,2015-01-01,479.0,,
ESTAT:MIGR_EMI1CTZ(1.0),01/07/26 23:00:00,A,ET,REACH,TOTAL,NR,T,IT,2015-01-01,42.0,,
ESTAT:MIGR_EMI1CTZ(1.0),01/07/26 23:00:00,A,EU28_FOR,REACH,TOTAL,NR,T,IT,2015-01-01,20874.0,,
ESTAT:MIGR_EMI1CTZ(1.0),01/07/26 23:00:00,A,EUR,REACH,TOTAL,NR,T,IT,2015-01-01,130942.0,,
ESTAT:MIGR_EMI1CTZ(1.0),01/07/26 23:00:00,A,EX_SU,REACH,TOTAL,NR,T,IT,2015-01-01,0.0,,
ESTAT:MIGR_EMI1CTZ(1.0),01/07/26 23:00:00,A,EX_YU,REACH,TOTAL,NR,T,IT,2015-01-01,0.0,,
ESTAT:MIGR_EMI1CTZ(1.0),01/07/26 23:00:00,A,FI,REACH,TOTAL,NR,T,IT,2015-01-01,59.0,,
ESTAT:MIGR_EMI1CTZ(1.0),01/07/26 23:00:00,A,FJ,REACH,TOTAL,NR,T,IT,2015-01-01,0.0,,
ESTAT:MIGR_EMI1CTZ(1.0),01/07/26 23:00:00,A,FK,REACH,TOTAL,NR,T,IT,2015-01-01,0.0,,
ESTAT:MIGR_EMI1CTZ(1.0),01/07/26 23:00:00,A,FM,REACH,TOTAL,NR,T,IT,2015-01-01,0.0,,
ESTAT:MIGR_EMI1CTZ(1.0),01/07/26 23:00:00,A,FO,REACH,TOTAL,NR,T,IT,2015-01-01,0.0,,
ESTAT:MIGR_EMI1CTZ(1.0),01/07/26 23:00:00,A,FOR_STLS,REACH,TOTAL,NR,T,IT,2015-01-01,44696.0,,
ESTAT:MIGR_EMI1CTZ(1.0),01/07/26 23:00:00,A,FR,REACH,TOTAL,NR,T,IT,2015-01-01,869.0,,
ESTAT:MIGR_EMI1CTZ(1.0),01/07/26 23:00:00,A,GA,REACH,TOTAL,NR,T,IT,2015-01-01,2.0,,
ESTAT:MIGR_EMI1CTZ(1.0),01/07/26 23:00:00,A,GD,REACH,TOTAL,NR,T,IT,2015-01-01,0.0,,
ESTAT:MIGR_EMI1CTZ(1.0),01/07/26 23:00:00,A,GE,REACH,TOTAL,NR,T,IT,2015-01-01,145.0,,
ESTAT:MIGR_EMI1CTZ(1.0),01/07/26 23:00:00,A,GG,REACH,TOTAL,NR,T,IT,2015-01-01,0.0,,
ESTAT:MIGR_EMI1CTZ(1.0),01/07/26 23:00:00,A,GH,REACH,TOTAL,NR,T,IT,2015-01-01,245.0,,
ESTAT:MIGR_EMI1CTZ(1.0),01/07/26 23:00:00,A,GI,REACH,TOTAL,NR,T,IT,2015-01-01,0.0,,
ESTAT:MIGR_EMI1CTZ(1.0),01/07/26 23:00:00,A,GL,REACH,TOTAL,NR,T,IT,2015-01-01,0.0,,
ESTAT:MIGR_EMI1CTZ(1.0),01/07/26 23:00:00,A,GM,REACH,TOTAL,NR,T,IT,2015-01-01,28.0,,
ESTAT:MIGR_EMI1CTZ(1.0),01/07/26 23:00:00,A,GN,REACH,TOTAL,NR,T,IT,2015-01-01,33.0,,
ESTAT:MIGR_EMI1CTZ(1.0),01/07/26 23:00:00,A,GQ,REACH,TOTAL,NR,T,IT,2015-01-01,1.0,,
ESTAT:MIGR_EMI1CTZ(1.0),01/07/26 23:00:00,A,GT,REACH,TOTAL,NR,T,IT,2015-01-01,7.0,,
ESTAT:MIGR_EMI1CTZ(1.0),01/07/26 23:00:00,A,GW,REACH,TOTAL,NR,T,IT,2015-01-01,8.0,,
ESTAT:MIGR_EMI1CTZ(1.0),01/07/26 23:00:00,A,GY,REACH,TOTAL,NR,T,IT,2015-01-01,0.0,,
ESTAT:MIGR_EMI1CTZ(1.0),01/07/26 23:00:00,A,HN,REACH,TOTAL,NR,T,IT,2015-01-01,7.0,,
ESTAT:MIGR_EMI1CTZ(1.0),01/07/26 23:00:00,A,HR,REACH,TOTAL,NR,T,IT,2015-01-01,369.0,,
ESTAT:MIGR_EMI1CTZ(1.0),01/07/26 23:00:00,A,HT,REACH,TOTAL,NR,T,IT,2015-01-01,7.0,,
ESTAT:MIGR_EMI1CTZ(1.0),01/07/26 23:00:00,A,HU,REACH,TOTAL,NR,T,IT,2015-01-01,230.0,,
ESTAT:MIGR_EMI1CTZ(1.0),01/07/26 23:00:00,A,ID,REACH,TOTAL,NR,T,IT,2015-01-01,37.0,,
ESTAT:MIGR_EMI1CTZ(1.0),01/07/26 23:00:00,A,IE,REACH,TOTAL,NR,T,IT,2015-01-01,50.0,,
ESTAT:MIGR_EMI1CTZ(1.0),01/07/26 23:00:00,A,IL,REACH,TOTAL,NR,T,IT,2015-01-01,26.0,,
ESTAT:MIGR_EMI1CTZ(1.0),01/07/26 23:00:00,A,IM,REACH,TOTAL,NR,T,IT,2015-01-01,0.0,,
ESTAT:MIGR_EMI1CTZ(1.0),01/07/26 23:00:00,A,IN,REACH,TOTAL,NR,T,IT,2015-01-01,1491.0,,
ESTAT:MIGR_EMI1CTZ(1.0),01/07/26 23:00:00,A,IQ,REACH,TOTAL,NR,T,IT,2015-01-01,47.0,,
ESTAT:MIGR_EMI1CTZ(1.0),01/07/26 23:00:00,A,IR,REACH,TOTAL,NR,T,IT,2015-01-01,61.0,,
ESTAT:MIGR_EMI1CTZ(1.0),01/07/26 23:00:00,A,IS,REACH,TOTAL,NR,T,IT,2015-01-01,5.0,,
ESTAT:MIGR_EMI1CTZ(1.0),01/07/26 23:00:00,A,IT,REACH,TOTAL,NR,T,IT,2015-01-01,102259.0,,
ESTAT:MIGR_EMI1CTZ(1.0),01/07/26 23:00:00,A,JE,REACH,TOTAL,NR,T,IT,2015-01-01,0.0,,
ESTAT:MIGR_EMI1CTZ(1.0),01/07/26 23:00:00,A,JM,REACH,TOTAL,NR,T,IT,2015-01-01,2.0,,
ESTAT:MIGR_EMI1CTZ(1.0),01/07/26 23:00:00,A,JO,REACH,TOTAL,NR,T,IT,2015-01-01,12.0,,
ESTAT:MIGR_EMI1CTZ(1.0),01/07/26 23:00:00,A,JP,REACH,TOTAL,NR,T,IT,2015-01-01,267.0,,
ESTAT:MIGR_EMI1CTZ(1.0),01/07/26 23:00:00,A,KE,REACH,TOTAL,NR,T,IT,2015-01-01,23.0,,
ESTAT:MIGR_EMI1CTZ(1.0),01/07/26 23:00:00,A,KG,REACH,TOTAL,NR,T,IT,2015-01-01,6.0,,
ESTAT:MIGR_EMI1CTZ(1.0),01/07/26 23:00:00,A,KH,REACH,TOTAL,NR,T,IT,2015-01-01,5.0,,
ESTAT:MIGR_EMI1CTZ(1.0),01/07/26 23:00:00,A,KI,REACH,TOTAL,NR,T,IT,2015-01-01,0.0,,
ESTAT:MIGR_EMI1CTZ(1.0),01/07/26 23:00:00,A,KM,REACH,TOTAL,NR,T,IT,2015-01-01,0.0,,
ESTAT:MIGR_EMI1CTZ(1.0),01/07/26 23:00:00,A,KN,REACH,TOTAL,NR,T,IT,2015-01-01,0.0,,
ESTAT:MIGR_EMI1CTZ(1.0),01/07/26 23:00:00,A,KP,REACH,TOTAL,NR,T,IT,2015-01-01,0.0,,
ESTAT:MIGR_EMI1CTZ(1.0),01/07/26 23:00:00,A,KR,REACH,TOTAL,NR,T,IT,2015-01-01,85.0,,
ESTAT:MIGR_EMI1CTZ(1.0),01/07/26 23:00:00,A,KW,REACH,TOTAL,NR,T,IT,2015-01-01,1.0,,
ESTAT:MIGR_EMI1CTZ(1.0),01/07/26 23:00:00,A,KY,REACH,TOTAL,NR,T,IT,2015-01-01,0.0,,
ESTAT:MIGR_EMI1CTZ(1.0),01/07/26 23:00:00,A,KZ,REACH,TOTAL,NR,T,IT,2015-01-01,30.0,,
ESTAT:MIGR_EMI1CTZ(1.0),01/07/26 23:00:00,A,LA,REACH,TOTAL,NR,T,IT,2015-01-01,1.0,,
ESTAT:MIGR_EMI1CTZ(1.0),01/07/26 23:00:00,A,LB,REACH,TOTAL,NR,T,IT,2015-01-01,36.0,,
ESTAT:MIGR_EMI1CTZ(1.0),01/07/26 23:00:00,A,LC,REACH,TOTAL,NR,T,IT,2015-01-01,0.0,,
ESTAT:MIGR_EMI1CTZ(1.0),01/07/26 23:00:00,A,LI,REACH,TOTAL,NR,T,IT,2015-01-01,0.0,,
ESTAT:MIGR_EMI1CTZ(1.0),01/07/26 23:00:00,A,LK,REACH,TOTAL,NR,T,IT,2015-01-01,554.0,,
ESTAT:MIGR_EMI1CTZ(1.0),01/07/26 23:00:00,A,LR,REACH,TOTAL,NR,T,IT,2015-01-01,6.0,,
ESTAT:MIGR_EMI1CTZ(1.0),01/07/26 23:00:00,A,LS,REACH,TOTAL,NR,T,IT,2015-01-01,0.0,,
ESTAT:MIGR_EMI1CTZ(1.0),01/07/26 23:00:00,A,LT,REACH,TOTAL,NR,T,IT,2015-01-01,84.0,,
ESTAT:MIGR_EMI1CTZ(1.0),01/07/26 23:00:00,A,LU,REACH,TOTAL,NR,T,IT,2015-01-01,10.0,,
ESTAT:MIGR_EMI1CTZ(1.0),01/07/26 23:00:00,A,LV,REACH,TOTAL,NR,T,IT,2015-01-01,39.0,,
ESTAT:MIGR_EMI1CTZ(1.0),01/07/26 23:00:00,A,LY,REACH,TOTAL,NR,T,IT,2015-01-01,24.0,,
ESTAT:MIGR_EMI1CTZ(1.0),01/07/26 23:00:00,A,MA,REACH,TOTAL,NR,T,IT,2015-01-01,2536.0,,
ESTAT:MIGR_EMI1CTZ(1.0),01/07/26 23:00:00,A,MC,REACH,TOTAL,NR,T,IT,2015-01-01,1.0,,
ESTAT:MIGR_EMI1CTZ(1.0),01/07/26 23:00:00,A,MD,REACH,TOTAL,NR,T,IT,2015-01-01,1237.0,,
ESTAT:MIGR_EMI1CTZ(1.0),01/07/26 23:00:00,A,ME,REACH,TOTAL,NR,T,IT,2015-01-01,24.0,,
ESTAT:MIGR_EMI1CTZ(1.0),01/07/26 23:00:00,A,MEL,REACH,TOTAL,NR,T,IT,2015-01-01,0.0,,
ESTAT:MIGR_EMI1CTZ(1.0),01/07/26 23:00:00,A,MG,REACH,TOTAL,NR,T,IT,2015-01-01,13.0,,
ESTAT:MIGR_EMI1CTZ(1.0),01/07/26 23:00:00,A,MH,REACH,TOTAL,NR,T,IT,2015-01-01,0.0,,
ESTAT:MIGR_EMI1CTZ(1.0),01/07/26 23:00:00,A,MIC,REACH,TOTAL,NR,T,IT,2015-01-01,0.0,,
ESTAT:MIGR_EMI1CTZ(1.0),01/07/26 23:00:00,A,MK,REACH,TOTAL,NR,T,IT,2015-01-01,824.0,,
ESTAT:MIGR_EMI1CTZ(1.0),01/07/26 23:00:00,A,ML,REACH,TOTAL,NR,T,IT,2015-01-01,51.0,,
ESTAT:MIGR_EMI1CTZ(1.0),01/07/26 23:00:00,A,MM,REACH,TOTAL,NR,T,IT,2015-01-01,1.0,,
ESTAT:MIGR_EMI1CTZ(1.0),01/07/26 23:00:00,A,MN,REACH,TOTAL,NR,T,IT,2015-01-01,1.0,,
ESTAT:MIGR_EMI1CTZ(1.0),01/07/26 23:00:00,A,MR,REACH,TOTAL,NR,T,IT,2015-01-01,3.0,,
ESTAT:MIGR_EMI1CTZ(1.0),01/07/26 23:00:00,A,MS,REACH,TOTAL,NR,T,IT,2015-01-01,0.0,,
ESTAT:MIGR_EMI1CTZ(1.0),01/07/26 23:00:00,A,MT,REACH,TOTAL,NR,T,IT,2015-01-01,27.0,,
ESTAT:MIGR_EMI1CTZ(1.0),01/07/26 23:00:00,A,MU,REACH,TOTAL,NR,T,IT,2015-01-01,26.0,,
ESTAT:MIGR_EMI1CTZ(1.0),01/07/26 23:00:00,A,MV,REACH,TOTAL,NR,T,IT,2015-01-01,1.0,,
ESTAT:MIGR_EMI1CTZ(1.0),01/07/26 23:00:00,A,MW,REACH,TOTAL,NR,T,IT,2015-01-01,2.0,,
ESTAT:MIGR_EMI1CTZ(1.0),01/07/26 23:00:00,A,MX,REACH,TOTAL,NR,T,IT,2015-01-01,101.0,,
ESTAT:MIGR_EMI1CTZ(1.0),01/07/26 23:00:00,A,MY,REACH,TOTAL,NR,T,IT,2015-01-01,8.0,,
ESTAT:MIGR_EMI1CTZ(1.0),01/07/26 23:00:00,A,MZ,REACH,TOTAL,NR,T,IT,2015-01-01,8.0,,
ESTAT:MIGR_EMI1CTZ(1.0),01/07/26 23:00:00,A,NA,REACH,TOTAL,NR,T,IT,2015-01-01,0.0,,
ESTAT:MIGR_EMI1CTZ(1.0),01/07/26 23:00:00,A,NAT,REACH,TOTAL,NR,T,IT,2015-01-01,102259.0,,
ESTAT:MIGR_EMI1CTZ(1.0),01/07/26 23:00:00,A,NC,REACH,TOTAL,NR,T,IT,2015-01-01,0.0,,
ESTAT:MIGR_EMI1CTZ(1.0),01/07/26 23:00:00,A,NE,REACH,TOTAL,NR,T,IT,2015-01-01,4.0,,
ESTAT:MIGR_EMI1CTZ(1.0),01/07/26 23:00:00,A,NEU28_FOR,REACH,TOTAL,NR,T,IT,2015-01-01,23814.0,,
ESTAT:MIGR_EMI1CTZ(1.0),01/07/26 23:00:00,A,NG,REACH,TOTAL,NR,T,IT,2015-01-01,281.0,,
ESTAT:MIGR_EMI1CTZ(1.0),01/07/26 23:00:00,A,NI,REACH,TOTAL,NR,T,IT,2015-01-01,3.0,,
ESTAT:MIGR_EMI1CTZ(1.0),01/07/26 23:00:00,A,NL,REACH,TOTAL,NR,T,IT,2015-01-01,263.0,,
ESTAT:MIGR_EMI1CTZ(1.0),01/07/26 23:00:00,A,NO,REACH,TOTAL,NR,T,IT,2015-01-01,45.0,,
ESTAT:MIGR_EMI1CTZ(1.0),01/07/26 23:00:00,A,NP,REACH,TOTAL,NR,T,IT,2015-01-01,15.0,,
ESTAT:MIGR_EMI1CTZ(1.0),01/07/26 23:00:00,A,NR,REACH,TOTAL,NR,T,IT,2015-01-01,0.0,,
ESTAT:MIGR_EMI1CTZ(1.0),01/07/26 23:00:00,A,NZ,REACH,TOTAL,NR,T,IT,2015-01-01,14.0,,
ESTAT:MIGR_EMI1CTZ(1.0),01/07/26 23:00:00,A,OCE,REACH,TOTAL,NR,T,IT,2015-01-01,96.0,,
ESTAT:MIGR_EMI1CTZ(1.0),01/07/26 23:00:00,A,OM,REACH,TOTAL,NR,T,IT,2015-01-01,0.0,,
ESTAT:MIGR_EMI1CTZ(1.0),01/07/26 23:00:00,A,OTH,REACH,TOTAL,NR,T,IT,2015-01-01,0.0,,
ESTAT:MIGR_EMI1CTZ(1.0),01/07/26 23:00:00,A,PA,REACH,TOTAL,NR,T,IT,2015-01-01,8.0,,
ESTAT:MIGR_EMI1CTZ(1.0),01/07/26 23:00:00,A,PE,REACH,TOTAL,NR,T,IT,2015-01-01,541.0,,
ESTAT:MIGR_EMI1CTZ(1.0),01/07/26 23:00:00,A,PF,REACH,TOTAL,NR,T,IT,2015-01-01,0.0,,
ESTAT:MIGR_EMI1CTZ(1.0),01/07/26 23:00:00,A,PG,REACH,TOTAL,NR,T,IT,2015-01-01,0.0,,
ESTAT:MIGR_EMI1CTZ(1.0),01/07/26 23:00:00,A,PH,REACH,TOTAL,NR,T,IT,2015-01-01,455.0,,
ESTAT:MIGR_EMI1CTZ(1.0),01/07/26 23:00:00,A,PK,REACH,TOTAL,NR,T,IT,2015-01-01,859.0,,
ESTAT:MIGR_EMI1CTZ(1.0),01/07/26 23:00:00,A,PL,REACH,TOTAL,NR,T,IT,2015-01-01,1575.0,,
ESTAT:MIGR_EMI1CTZ(1.0),01/07/26 23:00:00,A,PM,REACH,TOTAL,NR,T,IT,2015-01-01,0.0,,
ESTAT:MIGR_EMI1CTZ(1.0),01/07/26 23:00:00,A,PN,REACH,TOTAL,NR,T,IT,2015-01-01,0.0,,
ESTAT:MIGR_EMI1CTZ(1.0),01/07/26 23:00:00,A,POL,REACH,TOTAL,NR,T,IT,2015-01-01,0.0,,
ESTAT:MIGR_EMI1CTZ(1.0),01/07/26 23:00:00,A,PS,REACH,TOTAL,NR,T,IT,2015-01-01,12.0,,
ESTAT:MIGR_EMI1CTZ(1.0),01/07/26 23:00:00,A,PT,REACH,TOTAL,NR,T,IT,2015-01-01,121.0,,
ESTAT:MIGR_EMI1CTZ(1.0),01/07/26 23:00:00,A,PW,REACH,TOTAL,NR,T,IT,2015-01-01,0.0,,
ESTAT:MIGR_EMI1CTZ(1.0),01/07/26 23:00:00,A,PY,REACH,TOTAL,NR,T,IT,2015-01-01,9.0,,
ESTAT:MIGR_EMI1CTZ(1.0),01/07/26 23:00:00,A,QA,REACH,TOTAL,NR,T,IT,2015-01-01,0.0,,
ESTAT:MIGR_EMI1CTZ(1.0),01/07/26 23:00:00,A,RNC,REACH,TOTAL,NR,T,IT,2015-01-01,0.0,,
ESTAT:MIGR_EMI1CTZ(1.0),01/07/26 23:00:00,A,RO,REACH,TOTAL,NR,T,IT,2015-01-01,12914.0,,
ESTAT:MIGR_EMI1CTZ(1.0),01/07/26 23:00:00,A,RS,REACH,TOTAL,NR,T,IT,2015-01-01,308.0,,
ESTAT:MIGR_EMI1CTZ(1.0),01/07/26 23:00:00,A,RS_ME,REACH,TOTAL,NR,T,IT,2015-01-01,0.0,,
ESTAT:MIGR_EMI1CTZ(1.0),01/07/26 23:00:00,A,RU,REACH,TOTAL,NR,T,IT,2015-01-01,328.0,,
ESTAT:MIGR_EMI1CTZ(1.0),01/07/26 23:00:00,A,RW,REACH,TOTAL,NR,T,IT,2015-01-01,4.0,,
ESTAT:MIGR_EMI1CTZ(1.0),01/07/26 23:00:00,A,SA,REACH,TOTAL,NR,T,IT,2015-01-01,4.0,,
ESTAT:MIGR_EMI1CTZ(1.0),01/07/26 23:00:00,A,SB,REACH,TOTAL,NR,T,IT,2015-01-01,0.0,,
ESTAT:MIGR_EMI1CTZ(1.0),01/07/26 23:00:00,A,SC,REACH,TOTAL,NR,T,IT,2015-01-01,1.0,,
ESTAT:MIGR_EMI1CTZ(1.0),01/07/26 23:00:00,A,SD,REACH,TOTAL,NR,T,IT,2015-01-01,13.0,,
ESTAT:MIGR_EMI1CTZ(1.0),01/07/26 23:00:00,A,SE,REACH,TOTAL,NR,T,IT,2015-01-01,120.0,,
ESTAT:MIGR_EMI1CTZ(1.0),01/07/26 23:00:00,A,SG,REACH,TOTAL,NR,T,IT,2015-01-01,8.0,,
ESTAT:MIGR_EMI1CTZ(1.0),01/07/26 23:00:00,A,SH,REACH,TOTAL,NR,T,IT,2015-01-01,0.0,,
ESTAT:MIGR_EMI1CTZ(1.0),01/07/26 23:00:00,A,SI,REACH,TOTAL,NR,T,IT,2015-01-01,89.0,,
ESTAT:MIGR_EMI1CTZ(1.0),01/07/26 23:00:00,A,SK,REACH,TOTAL,NR,T,IT,2015-01-01,275.0,,
ESTAT:MIGR_EMI1CTZ(1.0),01/07/26 23:00:00,A,SL,REACH,TOTAL,NR,T,IT,2015-01-01,6.0,,
ESTAT:MIGR_EMI1CTZ(1.0),01/07/26 23:00:00,A,SM,REACH,TOTAL,NR,T,IT,2015-01-01,16.0,,
ESTAT:MIGR_EMI1CTZ(1.0),01/07/26 23:00:00,A,SN,REACH,TOTAL,NR,T,IT,2015-01-01,455.0,,
ESTAT:MIGR_EMI1CTZ(1.0),01/07/26 23:00:00,A,SO,REACH,TOTAL,NR,T,IT,2015-01-01,98.0,,
ESTAT:MIGR_EMI1CTZ(1.0),01/07/26 23:00:00,A,SR,REACH,TOTAL,NR,T,IT,2015-01-01,0.0,,
ESTAT:MIGR_EMI1CTZ(1.0),01/07/26 23:00:00,A,SS,REACH,TOTAL,NR,T,IT,2015-01-01,0.0,,
ESTAT:MIGR_EMI1CTZ(1.0),01/07/26 23:00:00,A,ST,REACH,TOTAL,NR,T,IT,2015-01-01,0.0,,
ESTAT:MIGR_EMI1CTZ(1.0),01/07/26 23:00:00,A,STLS,REACH,TOTAL,NR,T,IT,2015-01-01,8.0,,
ESTAT:MIGR_EMI1CTZ(1.0),01/07/26 23:00:00,A,SV,REACH,TOTAL,NR,T,IT,2015-01-01,29.0,,
ESTAT:MIGR_EMI1CTZ(1.0),01/07/26 23:00:00,A,SX,REACH,TOTAL,NR,T,IT,2015-01-01,0.0,,
ESTAT:MIGR_EMI1CTZ(1.0),01/07/26 23:00:00,A,SY,REACH,TOTAL,NR,T,IT,2015-01-01,49.0,,
ESTAT:MIGR_EMI1CTZ(1.0),01/07/26 23:00:00,A,SZ,REACH,TOTAL,NR,T,IT,2015-01-01,0.0,,
ESTAT:MIGR_EMI1CTZ(1.0),01/07/26 23:00:00,A,TC,REACH,TOTAL,NR,T,IT,2015-01-01,0.0,,
ESTAT:MIGR_EMI1CTZ(1.0),01/07/26 23:00:00,A,TD,REACH,TOTAL,NR,T,IT,2015-01-01,3.0,,
ESTAT:MIGR_EMI1CTZ(1.0),01/07/26 23:00:00,A,TG,REACH,TOTAL,NR,T,IT,2015-01-01,25.0,,
ESTAT:MIGR_EMI1CTZ(1.0),01/07/26 23:00:00,A,TH,REACH,TOTAL,NR,T,IT,2015-01-01,78.0,,
ESTAT:MIGR_EMI1CTZ(1.0),01/07/26 23:00:00,A,TJ,REACH,TOTAL,NR,T,IT,2015-01-01,0.0,,
ESTAT:MIGR_EMI1CTZ(1.0),01/07/26 23:00:00,A,TL,REACH,TOTAL,NR,T,IT,2015-01-01,2.0,,
ESTAT:MIGR_EMI1CTZ(1.0),01/07/26 23:00:00,A,TM,REACH,TOTAL,NR,T,IT,2015-01-01,1.0,,
ESTAT:MIGR_EMI1CTZ(1.0),01/07/26 23:00:00,A,TN,REACH,TOTAL,NR,T,IT,2015-01-01,611.0,,
ESTAT:MIGR_EMI1CTZ(1.0),01/07/26 23:00:00,A,TO,REACH,TOTAL,NR,T,IT,2015-01-01,0.0,,
ESTAT:MIGR_EMI1CTZ(1.0),01/07/26 23:00:00,A,TOTAL,REACH,TOTAL,NR,T,IT,2015-01-01,146955.0,,
ESTAT:MIGR_EMI1CTZ(1.0),01/07/26 23:00:00,A,TR,REACH,TOTAL,NR,T,IT,2015-01-01,206.0,,
ESTAT:MIGR_EMI1CTZ(1.0),01/07/26 23:00:00,A,TT,REACH,TOTAL,NR,T,IT,2015-01-01,1.0,,
ESTAT:MIGR_EMI1CTZ(1.0),01/07/26 23:00:00,A,TV,REACH,TOTAL,NR,T,IT,2015-01-01,0.0,,
ESTAT:MIGR_EMI1CTZ(1.0),01/07/26 23:00:00,A,TW,REACH,TOTAL,NR,T,IT,2015-01-01,8.0,,
ESTAT:MIGR_EMI1CTZ(1.0),01/07/26 23:00:00,A,TZ,REACH,TOTAL,NR,T,IT,2015-01-01,19.0,,
ESTAT:MIGR_EMI1CTZ(1.0),01/07/26 23:00:00,A,UA,REACH,TOTAL,NR,T,IT,2015-01-01,1656.0,,
ESTAT:MIGR_EMI1CTZ(1.0),01/07/26 23:00:00,A,UG,REACH,TOTAL,NR,T,IT,2015-01-01,6.0,,
ESTAT:MIGR_EMI1CTZ(1.0),01/07/26 23:00:00,A,UK,REACH,TOTAL,NR,T,IT,2015-01-01,734.0,,
ESTAT:MIGR_EMI1CTZ(1.0),01/07/26 23:00:00,A,UNK,REACH,TOTAL,NR,T,IT,2015-01-01,0.0,,
ESTAT:MIGR_EMI1CTZ(1.0),01/07/26 23:00:00,A,US,REACH,TOTAL,NR,T,IT,2015-01-01,534.0,,
ESTAT:MIGR_EMI1CTZ(1.0),01/07/26 23:00:00,A,UY,REACH,TOTAL,NR,T,IT,2015-01-01,15.0,,
ESTAT:MIGR_EMI1CTZ(1.0),01/07/26 23:00:00,A,UZ,REACH,TOTAL,NR,T,IT,2015-01-01,18.0,,
ESTAT:MIGR_EMI1CTZ(1.0),01/07/26 23:00:00,A,VA,REACH,TOTAL,NR,T,IT,2015-01-01,0.0,,
ESTAT:MIGR_EMI1CTZ(1.0),01/07/26 23:00:00,A,VC,REACH,TOTAL,NR,T,IT,2015-01-01,0.0,,
ESTAT:MIGR_EMI1CTZ(1.0),01/07/26 23:00:00,A,VE,REACH,TOTAL,NR,T,IT,2015-01-01,77.0,,
ESTAT:MIGR_EMI1CTZ(1.0),01/07/26 23:00:00,A,VG,REACH,TOTAL,NR,T,IT,2015-01-01,0.0,,
ESTAT:MIGR_EMI1CTZ(1.0),01/07/26 23:00:00,A,VN,REACH,TOTAL,NR,T,IT,2015-01-01,14.0,,
ESTAT:MIGR_EMI1CTZ(1.0),01/07/26 23:00:00,A,VU,REACH,TOTAL,NR,T,IT,2015-01-01,0.0,,
ESTAT:MIGR_EMI1CTZ(1.0),01/07/26 23:00:00,A,WF,REACH,TOTAL,NR,T,IT,2015-01-01,0.0,,
ESTAT:MIGR_EMI1CTZ(1.0),01/07/26 23:00:00,A,WS,REACH,TOTAL,NR,T,IT,2015-01-01,0.0,,
ESTAT:MIGR_EMI1CTZ(1.0),01/07/26 23:00:00,A,XK,REACH,TOTAL,NR,T,IT,2015-01-01,611.0,,
ESTAT:MIGR_EMI1CTZ(1.0),01/07/26 23:00:00,A,YE,REACH,TOTAL,NR,T,IT,2015-01-01,0.0,,
ESTAT:MIGR_EMI1CTZ(1.0),01/07/26 23:00:00,A,ZA,REACH,TOTAL,NR,T,IT,2015-01-01,58.0,,
ESTAT:MIGR_EMI1CTZ(1.0),01/07/26 23:00:00,A,ZM,REACH,TOTAL,NR,T,IT,2015-01-01,3.0,,
ESTAT:MIGR_EMI1CTZ(1.0),01/07/26 23:00:00,A,ZW,REACH,TOTAL,NR,T,IT,2015-01-01,1.0,,
ESTAT:MIGR_EMI1CTZ(1.0),01/07/26 23:00:00,A,AD,REACH,TOTAL,NR,T,IT,2016-01-01,0.0,,
ESTAT:MIGR_EMI1CTZ(1.0),01/07/26 23:00:00,A,AE,REACH,TOTAL,NR,T,IT,2016-01-01,0.0,,
ESTAT:MIGR_EMI1CTZ(1.0),01/07/26 23:00:00,A,AF,REACH,TOTAL,NR,T,IT,2016-01-01,69.0,,
ESTAT:MIGR_EMI1CTZ(1.0),01/07/26 23:00:00,A,AFR,REACH,TOTAL,NR,T,IT,2016-01-01,5465.0,,
ESTAT:MIGR_EMI1CTZ(1.0),01/07/26 23:00:00,A,AFR_C,REACH,TOTAL,NR,T,IT,2016-01-01,145.0,,
ESTAT:MIGR_EMI1CTZ(1.0),01/07/26 23:00:00,A,AFR_E,REACH,TOTAL,NR,T,IT,2016-01-01,271.0,,
ESTAT:MIGR_EMI1CTZ(1.0),01/07/26 23:00:00,A,AFR_N,REACH,TOTAL,NR,T,IT,2016-01-01,3409.0,,
ESTAT:MIGR_EMI1CTZ(1.0),01/07/26 23:00:00,A,AFR_S,REACH,TOTAL,NR,T,IT,2016-01-01,10.0,,
ESTAT:MIGR_EMI1CTZ(1.0),01/07/26 23:00:00,A,AFR_W,REACH,TOTAL,NR,T,IT,2016-01-01,1630.0,,
ESTAT:MIGR_EMI1CTZ(1.0),01/07/26 23:00:00,A,AG,REACH,TOTAL,NR,T,IT,2016-01-01,0.0,,
ESTAT:MIGR_EMI1CTZ(1.0),01/07/26 23:00:00,A,AI,REACH,TOTAL,NR,T,IT,2016-01-01,0.0,,
ESTAT:MIGR_EMI1CTZ(1.0),01/07/26 23:00:00,A,AL,REACH,TOTAL,NR,T,IT,2016-01-01,1697.0,,
ESTAT:MIGR_EMI1CTZ(1.0),01/07/26 23:00:00,A,AM,REACH,TOTAL,NR,T,IT,2016-01-01,13.0,,
ESTAT:MIGR_EMI1CTZ(1.0),01/07/26 23:00:00,A,AME,REACH,TOTAL,NR,T,IT,2016-01-01,2996.0,,
ESTAT:MIGR_EMI1CTZ(1.0),01/07/26 23:00:00,A,AME_C,REACH,TOTAL,NR,T,IT,2016-01-01,208.0,,
ESTAT:MIGR_EMI1CTZ(1.0),01/07/26 23:00:00,A,AME_N,REACH,TOTAL,NR,T,IT,2016-01-01,540.0,,
ESTAT:MIGR_EMI1CTZ(1.0),01/07/26 23:00:00,A,AME_S,REACH,TOTAL,NR,T,IT,2016-01-01,1822.0,,
ESTAT:MIGR_EMI1CTZ(1.0),01/07/26 23:00:00,A,AN,REACH,TOTAL,NR,T,IT,2016-01-01,0.0,,
ESTAT:MIGR_EMI1CTZ(1.0),01/07/26 23:00:00,A,AO,REACH,TOTAL,NR,T,IT,2016-01-01,10.0,,
ESTAT:MIGR_EMI1CTZ(1.0),01/07/26 23:00:00,A,AR,REACH,TOTAL,NR,T,IT,2016-01-01,113.0,,
ESTAT:MIGR_EMI1CTZ(1.0),01/07/26 23:00:00,A,ASI,REACH,TOTAL,NR,T,IT,2016-01-01,7103.0,,
ESTAT:MIGR_EMI1CTZ(1.0),01/07/26 23:00:00,A,ASI_C,REACH,TOTAL,NR,T,IT,2016-01-01,81.0,,
ESTAT:MIGR_EMI1CTZ(1.0),01/07/26 23:00:00,A,ASI_E,REACH,TOTAL,NR,T,IT,2016-01-01,2344.0,,
ESTAT:MIGR_EMI1CTZ(1.0),01/07/26 23:00:00,A,ASI_S,REACH,TOTAL,NR,T,IT,2016-01-01,3818.0,,
ESTAT:MIGR_EMI1CTZ(1.0),01/07/26 23:00:00,A,ASI_S_E,REACH,TOTAL,NR,T,IT,2016-01-01,548.0,,
ESTAT:MIGR_EMI1CTZ(1.0),01/07/26 23:00:00,A,ASI_W,REACH,TOTAL,NR,T,IT,2016-01-01,312.0,,
ESTAT:MIGR_EMI1CTZ(1.0),01/07/26 23:00:00,A,AT,REACH,TOTAL,NR,T,IT,2016-01-01,135.0,,
ESTAT:MIGR_EMI1CTZ(1.0),01/07/26 23:00:00,A,AU,REACH,TOTAL,NR,T,IT,2016-01-01,57.0,,
ESTAT:MIGR_EMI1CTZ(1.0),01/07/26 23:00:00,A,AU_NZ,REACH,TOTAL,NR,T,IT,2016-01-01,77.0,,
ESTAT:MIGR_EMI1CTZ(1.0),01/07/26 23:00:00,A,AW,REACH,TOTAL,NR,T,IT,2016-01-01,0.0,,
ESTAT:MIGR_EMI1CTZ(1.0),01/07/26 23:00:00,A,AZ,REACH,TOTAL,NR,T,IT,2016-01-01,5.0,,
ESTAT:MIGR_EMI1CTZ(1.0),01/07/26 23:00:00,A,BA,REACH,TOTAL,NR,T,IT,2016-01-01,250.0,,
ESTAT:MIGR_EMI1CTZ(1.0),01/07/26 23:00:00,A,BB,REACH,TOTAL,NR,T,IT,2016-01-01,0.0,,
ESTAT:MIGR_EMI1CTZ(1.0),01/07/26 23:00:00,A,BD,REACH,TOTAL,NR,T,IT,2016-01-01,672.0,,
ESTAT:MIGR_EMI1CTZ(1.0),01/07/26 23:00:00,A,BE,REACH,TOTAL,NR,T,IT,2016-01-01,139.0,,
ESTAT:MIGR_EMI1CTZ(1.0),01/07/26 23:00:00,A,BF,REACH,TOTAL,NR,T,IT,2016-01-01,78.0,,
ESTAT:MIGR_EMI1CTZ(1.0),01/07/26 23:00:00,A,BG,REACH,TOTAL,NR,T,IT,2016-01-01,745.0,,
ESTAT:MIGR_EMI1CTZ(1.0),01/07/26 23:00:00,A,BH,REACH,TOTAL,NR,T,IT,2016-01-01,0.0,,
ESTAT:MIGR_EMI1CTZ(1.0),01/07/26 23:00:00,A,BI,REACH,TOTAL,NR,T,IT,2016-01-01,3.0,,
ESTAT:MIGR_EMI1CTZ(1.0),01/07/26 23:00:00,A,BJ,REACH,TOTAL,NR,T,IT,2016-01-01,8.0,,
ESTAT:MIGR_EMI1CTZ(1.0),01/07/26 23:00:00,A,BL,REACH,TOTAL,NR,T,IT,2016-01-01,0.0,,
ESTAT:MIGR_EMI1CTZ(1.0),01/07/26 23:00:00,A,BM,REACH,TOTAL,NR,T,IT,2016-01-01,0.0,,
ESTAT:MIGR_EMI1CTZ(1.0),01/07/26 23:00:00,A,BN,REACH,TOTAL,NR,T,IT,2016-01-01,0.0,,
ESTAT:MIGR_EMI1CTZ(1.0),01/07/26 23:00:00,A,BO,REACH,TOTAL,NR,T,IT,2016-01-01,89.0,,
ESTAT:MIGR_EMI1CTZ(1.0),01/07/26 23:00:00,A,BQ,REACH,TOTAL,NR,T,IT,2016-01-01,0.0,,
ESTAT:MIGR_EMI1CTZ(1.0),01/07/26 23:00:00,A,BR,REACH,TOTAL,NR,T,IT,2016-01-01,514.0,,
ESTAT:MIGR_EMI1CTZ(1.0),01/07/26 23:00:00,A,BS,REACH,TOTAL,NR,T,IT,2016-01-01,2.0,,
ESTAT:MIGR_EMI1CTZ(1.0),01/07/26 23:00:00,A,BT,REACH,TOTAL,NR,T,IT,2016-01-01,0.0,,
ESTAT:MIGR_EMI1CTZ(1.0),01/07/26 23:00:00,A,BW,REACH,TOTAL,NR,T,IT,2016-01-01,0.0,,
ESTAT:MIGR_EMI1CTZ(1.0),01/07/26 23:00:00,A,BY,REACH,TOTAL,NR,T,IT,2016-01-01,59.0,,
ESTAT:MIGR_EMI1CTZ(1.0),01/07/26 23:00:00,A,BZ,REACH,TOTAL,NR,T,IT,2016-01-01,1.0,,
ESTAT:MIGR_EMI1CTZ(1.0),01/07/26 23:00:00,A,CA,REACH,TOTAL,NR,T,IT,2016-01-01,42.0,,
ESTAT:MIGR_EMI1CTZ(1.0),01/07/26 23:00:00,A,CD,REACH,TOTAL,NR,T,IT,2016-01-01,26.0,,
ESTAT:MIGR_EMI1CTZ(1.0),01/07/26 23:00:00,A,CF,REACH,TOTAL,NR,T,IT,2016-01-01,1.0,,
ESTAT:MIGR_EMI1CTZ(1.0),01/07/26 23:00:00,A,CG,REACH,TOTAL,NR,T,IT,2016-01-01,38.0,,
ESTAT:MIGR_EMI1CTZ(1.0),01/07/26 23:00:00,A,CH,REACH,TOTAL,NR,T,IT,2016-01-01,226.0,,
ESTAT:MIGR_EMI1CTZ(1.0),01/07/26 23:00:00,A,CI,REACH,TOTAL,NR,T,IT,2016-01-01,191.0,,
ESTAT:MIGR_EMI1CTZ(1.0),01/07/26 23:00:00,A,CL,REACH,TOTAL,NR,T,IT,2016-01-01,39.0,,
ESTAT:MIGR_EMI1CTZ(1.0),01/07/26 23:00:00,A,CM,REACH,TOTAL,NR,T,IT,2016-01-01,55.0,,
ESTAT:MIGR_EMI1CTZ(1.0),01/07/26 23:00:00,A,CN,REACH,TOTAL,NR,T,IT,2016-01-01,1971.0,,
ESTAT:MIGR_EMI1CTZ(1.0),01/07/26 23:00:00,A,CO,REACH,TOTAL,NR,T,IT,2016-01-01,179.0,,
ESTAT:MIGR_EMI1CTZ(1.0),01/07/26 23:00:00,A,CR,REACH,TOTAL,NR,T,IT,2016-01-01,6.0,,
ESTAT:MIGR_EMI1CTZ(1.0),01/07/26 23:00:00,A,CRB,REACH,TOTAL,NR,T,IT,2016-01-01,426.0,,
ESTAT:MIGR_EMI1CTZ(1.0),01/07/26 23:00:00,A,CU,REACH,TOTAL,NR,T,IT,2016-01-01,225.0,,
ESTAT:MIGR_EMI1CTZ(1.0),01/07/26 23:00:00,A,CV,REACH,TOTAL,NR,T,IT,2016-01-01,14.0,,
ESTAT:MIGR_EMI1CTZ(1.0),01/07/26 23:00:00,A,CW,REACH,TOTAL,NR,T,IT,2016-01-01,0.0,,
ESTAT:MIGR_EMI1CTZ(1.0),01/07/26 23:00:00,A,CY,REACH,TOTAL,NR,T,IT,2016-01-01,5.0,,
ESTAT:MIGR_EMI1CTZ(1.0),01/07/26 23:00:00,A,CZ,REACH,TOTAL,NR,T,IT,2016-01-01,130.0,,
ESTAT:MIGR_EMI1CTZ(1.0),01/07/26 23:00:00,A,CZ_SK,REACH,TOTAL,NR,T,IT,2016-01-01,0.0,,
ESTAT:MIGR_EMI1CTZ(1.0),01/07/26 23:00:00,A,DE,REACH,TOTAL,NR,T,IT,2016-01-01,1051.0,,
ESTAT:MIGR_EMI1CTZ(1.0),01/07/26 23:00:00,A,DJ,REACH,TOTAL,NR,T,IT,2016-01-01,5.0,,
ESTAT:MIGR_EMI1CTZ(1.0),01/07/26 23:00:00,A,DK,REACH,TOTAL,NR,T,IT,2016-01-01,74.0,,
ESTAT:MIGR_EMI1CTZ(1.0),01/07/26 23:00:00,A,DM,REACH,TOTAL,NR,T,IT,2016-01-01,13.0,,
ESTAT:MIGR_EMI1CTZ(1.0),01/07/26 23:00:00,A,DO,REACH,TOTAL,NR,T,IT,2016-01-01,182.0,,
ESTAT:MIGR_EMI1CTZ(1.0),01/07/26 23:00:00,A,DZ,REACH,TOTAL,NR,T,IT,2016-01-01,144.0,,
ESTAT:MIGR_EMI1CTZ(1.0),01/07/26 23:00:00,A,EC,REACH,TOTAL,NR,T,IT,2016-01-01,349.0,,
ESTAT:MIGR_EMI1CTZ(1.0),01/07/26 23:00:00,A,EE,REACH,TOTAL,NR,T,IT,2016-01-01,13.0,,
ESTAT:MIGR_EMI1CTZ(1.0),01/07/26 23:00:00,A,EG,REACH,TOTAL,NR,T,IT,2016-01-01,436.0,,
ESTAT:MIGR_EMI1CTZ(1.0),01/07/26 23:00:00,A,EH,REACH,TOTAL,NR,T,IT,2016-01-01,0.0,,
ESTAT:MIGR_EMI1CTZ(1.0),01/07/26 23:00:00,A,EL,REACH,TOTAL,NR,T,IT,2016-01-01,114.0,,
ESTAT:MIGR_EMI1CTZ(1.0),01/07/26 23:00:00,A,ER,REACH,TOTAL,NR,T,IT,2016-01-01,54.0,,
ESTAT:MIGR_EMI1CTZ(1.0),01/07/26 23:00:00,A,ES,REACH,TOTAL,NR,T,IT,2016-01-01,561.0,,
ESTAT:MIGR_EMI1CTZ(1.0),01/07/26 23:00:00,A,ET,REACH,TOTAL,NR,T,IT,2016-01-01,34.0,,
ESTAT:MIGR_EMI1CTZ(1.0),01/07/26 23:00:00,A,EU28_FOR,REACH,TOTAL,NR,T,IT,2016-01-01,20136.0,,
ESTAT:MIGR_EMI1CTZ(1.0),01/07/26 23:00:00,A,EUR,REACH,TOTAL,NR,T,IT,2016-01-01,141416.0,,
ESTAT:MIGR_EMI1CTZ(1.0),01/07/26 23:00:00,A,EX_SU,REACH,TOTAL,NR,T,IT,2016-01-01,0.0,,
ESTAT:MIGR_EMI1CTZ(1.0),01/07/26 23:00:00,A,EX_YU,REACH,TOTAL,NR,T,IT,2016-01-01,0.0,,
ESTAT:MIGR_EMI1CTZ(1.0),01/07/26 23:00:00,A,FI,REACH,TOTAL,NR,T,IT,2016-01-01,66.0,,
ESTAT:MIGR_EMI1CTZ(1.0),01/07/26 23:00:00,A,FJ,REACH,TOTAL,NR,T,IT,2016-01-01,0.0,,
ESTAT:MIGR_EMI1CTZ(1.0),01/07/26 23:00:00,A,FK,REACH,TOTAL,NR,T,IT,2016-01-01,0.0,,
ESTAT:MIGR_EMI1CTZ(1.0),01/07/26 23:00:00,A,FM,REACH,TOTAL,NR,T,IT,2016-01-01,0.0,,
ESTAT:MIGR_EMI1CTZ(1.0),01/07/26 23:00:00,A,FO,REACH,TOTAL,NR,T,IT,2016-01-01,0.0,,
ESTAT:MIGR_EMI1CTZ(1.0),01/07/26 23:00:00,A,FOR_STLS,REACH,TOTAL,NR,T,IT,2016-01-01,42553.0,,
ESTAT:MIGR_EMI1CTZ(1.0),01/07/26 23:00:00,A,FR,REACH,TOTAL,NR,T,IT,2016-01-01,716.0,,
ESTAT:MIGR_EMI1CTZ(1.0),01/07/26 23:00:00,A,GA,REACH,TOTAL,NR,T,IT,2016-01-01,3.0,,
ESTAT:MIGR_EMI1CTZ(1.0),01/07/26 23:00:00,A,GD,REACH,TOTAL,NR,T,IT,2016-01-01,0.0,,
ESTAT:MIGR_EMI1CTZ(1.0),01/07/26 23:00:00,A,GE,REACH,TOTAL,NR,T,IT,2016-01-01,135.0,,
ESTAT:MIGR_EMI1CTZ(1.0),01/07/26 23:00:00,A,GG,REACH,TOTAL,NR,T,IT,2016-01-01,0.0,,
ESTAT:MIGR_EMI1CTZ(1.0),01/07/26 23:00:00,A,GH,REACH,TOTAL,NR,T,IT,2016-01-01,251.0,,
ESTAT:MIGR_EMI1CTZ(1.0),01/07/26 23:00:00,A,GI,REACH,TOTAL,NR,T,IT,2016-01-01,0.0,,
ESTAT:MIGR_EMI1CTZ(1.0),01/07/26 23:00:00,A,GL,REACH,TOTAL,NR,T,IT,2016-01-01,0.0,,
ESTAT:MIGR_EMI1CTZ(1.0),01/07/26 23:00:00,A,GM,REACH,TOTAL,NR,T,IT,2016-01-01,72.0,,
ESTAT:MIGR_EMI1CTZ(1.0),01/07/26 23:00:00,A,GN,REACH,TOTAL,NR,T,IT,2016-01-01,51.0,,
ESTAT:MIGR_EMI1CTZ(1.0),01/07/26 23:00:00,A,GQ,REACH,TOTAL,NR,T,IT,2016-01-01,2.0,,
ESTAT:MIGR_EMI1CTZ(1.0),01/07/26 23:00:00,A,GT,REACH,TOTAL,NR,T,IT,2016-01-01,11.0,,
ESTAT:MIGR_EMI1CTZ(1.0),01/07/26 23:00:00,A,GW,REACH,TOTAL,NR,T,IT,2016-01-01,0.0,,
ESTAT:MIGR_EMI1CTZ(1.0),01/07/26 23:00:00,A,GY,REACH,TOTAL,NR,T,IT,2016-01-01,0.0,,
ESTAT:MIGR_EMI1CTZ(1.0),01/07/26 23:00:00,A,HN,REACH,TOTAL,NR,T,IT,2016-01-01,10.0,,
ESTAT:MIGR_EMI1CTZ(1.0),01/07/26 23:00:00,A,HR,REACH,TOTAL,NR,T,IT,2016-01-01,310.0,,
ESTAT:MIGR_EMI1CTZ(1.0),01/07/26 23:00:00,A,HT,REACH,TOTAL,NR,T,IT,2016-01-01,2.0,,
ESTAT:MIGR_EMI1CTZ(1.0),01/07/26 23:00:00,A,HU,REACH,TOTAL,NR,T,IT,2016-01-01,267.0,,
ESTAT:MIGR_EMI1CTZ(1.0),01/07/26 23:00:00,A,ID,REACH,TOTAL,NR,T,IT,2016-01-01,38.0,,
ESTAT:MIGR_EMI1CTZ(1.0),01/07/26 23:00:00,A,IE,REACH,TOTAL,NR,T,IT,2016-01-01,60.0,,
ESTAT:MIGR_EMI1CTZ(1.0),01/07/26 23:00:00,A,IL,REACH,TOTAL,NR,T,IT,2016-01-01,15.0,,
ESTAT:MIGR_EMI1CTZ(1.0),01/07/26 23:00:00,A,IM,REACH,TOTAL,NR,T,IT,2016-01-01,0.0,,
ESTAT:MIGR_EMI1CTZ(1.0),01/07/26 23:00:00,A,IN,REACH,TOTAL,NR,T,IT,2016-01-01,1486.0,,
ESTAT:MIGR_EMI1CTZ(1.0),01/07/26 23:00:00,A,IQ,REACH,TOTAL,NR,T,IT,2016-01-01,28.0,,
ESTAT:MIGR_EMI1CTZ(1.0),01/07/26 23:00:00,A,IR,REACH,TOTAL,NR,T,IT,2016-01-01,58.0,,
ESTAT:MIGR_EMI1CTZ(1.0),01/07/26 23:00:00,A,IS,REACH,TOTAL,NR,T,IT,2016-01-01,6.0,,
ESTAT:MIGR_EMI1CTZ(1.0),01/07/26 23:00:00,A,IT,REACH,TOTAL,NR,T,IT,2016-01-01,114512.0,,
ESTAT:MIGR_EMI1CTZ(1.0),01/07/26 23:00:00,A,JE,REACH,TOTAL,NR,T,IT,2016-01-01,0.0,,
ESTAT:MIGR_EMI1CTZ(1.0),01/07/26 23:00:00,A,JM,REACH,TOTAL,NR,T,IT,2016-01-01,2.0,,
ESTAT:MIGR_EMI1CTZ(1.0),01/07/26 23:00:00,A,JO,REACH,TOTAL,NR,T,IT,2016-01-01,21.0,,
ESTAT:MIGR_EMI1CTZ(1.0),01/07/26 23:00:00,A,JP,REACH,TOTAL,NR,T,IT,2016-01-01,272.0,,
ESTAT:MIGR_EMI1CTZ(1.0),01/07/26 23:00:00,A,KE,REACH,TOTAL,NR,T,IT,2016-01-01,26.0,,
ESTAT:MIGR_EMI1CTZ(1.0),01/07/26 23:00:00,A,KG,REACH,TOTAL,NR,T,IT,2016-01-01,7.0,,
ESTAT:MIGR_EMI1CTZ(1.0),01/07/26 23:00:00,A,KH,REACH,TOTAL,NR,T,IT,2016-01-01,1.0,,
ESTAT:MIGR_EMI1CTZ(1.0),01/07/26 23:00:00,A,KI,REACH,TOTAL,NR,T,IT,2016-01-01,1.0,,
ESTAT:MIGR_EMI1CTZ(1.0),01/07/26 23:00:00,A,KM,REACH,TOTAL,NR,T,IT,2016-01-01,0.0,,
ESTAT:MIGR_EMI1CTZ(1.0),01/07/26 23:00:00,A,KN,REACH,TOTAL,NR,T,IT,2016-01-01,0.0,,
ESTAT:MIGR_EMI1CTZ(1.0),01/07/26 23:00:00,A,KP,REACH,TOTAL,NR,T,IT,2016-01-01,2.0,,
ESTAT:MIGR_EMI1CTZ(1.0),01/07/26 23:00:00,A,KR,REACH,TOTAL,NR,T,IT,2016-01-01,88.0,,
ESTAT:MIGR_EMI1CTZ(1.0),01/07/26 23:00:00,A,KW,REACH,TOTAL,NR,T,IT,2016-01-01,2.0,,
ESTAT:MIGR_EMI1CTZ(1.0),01/07/26 23:00:00,A,KY,REACH,TOTAL,NR,T,IT,2016-01-01,0.0,,
ESTAT:MIGR_EMI1CTZ(1.0),01/07/26 23:00:00,A,KZ,REACH,TOTAL,NR,T,IT,2016-01-01,50.0,,
ESTAT:MIGR_EMI1CTZ(1.0),01/07/26 23:00:00,A,LA,REACH,TOTAL,NR,T,IT,2016-01-01,0.0,,
ESTAT:MIGR_EMI1CTZ(1.0),01/07/26 23:00:00,A,LB,REACH,TOTAL,NR,T,IT,2016-01-01,28.0,,
ESTAT:MIGR_EMI1CTZ(1.0),01/07/26 23:00:00,A,LC,REACH,TOTAL,NR,T,IT,2016-01-01,0.0,,
ESTAT:MIGR_EMI1CTZ(1.0),01/07/26 23:00:00,A,LI,REACH,TOTAL,NR,T,IT,2016-01-01,0.0,,
ESTAT:MIGR_EMI1CTZ(1.0),01/07/26 23:00:00,A,LK,REACH,TOTAL,NR,T,IT,2016-01-01,555.0,,
ESTAT:MIGR_EMI1CTZ(1.0),01/07/26 23:00:00,A,LR,REACH,TOTAL,NR,T,IT,2016-01-01,6.0,,
ESTAT:MIGR_EMI1CTZ(1.0),01/07/26 23:00:00,A,LS,REACH,TOTAL,NR,T,IT,2016-01-01,0.0,,
ESTAT:MIGR_EMI1CTZ(1.0),01/07/26 23:00:00,A,LT,REACH,TOTAL,NR,T,IT,2016-01-01,67.0,,
ESTAT:MIGR_EMI1CTZ(1.0),01/07/26 23:00:00,A,LU,REACH,TOTAL,NR,T,IT,2016-01-01,8.0,,
ESTAT:MIGR_EMI1CTZ(1.0),01/07/26 23:00:00,A,LV,REACH,TOTAL,NR,T,IT,2016-01-01,30.0,,
ESTAT:MIGR_EMI1CTZ(1.0),01/07/26 23:00:00,A,LY,REACH,TOTAL,NR,T,IT,2016-01-01,31.0,,
ESTAT:MIGR_EMI1CTZ(1.0),01/07/26 23:00:00,A,MA,REACH,TOTAL,NR,T,IT,2016-01-01,2225.0,,
ESTAT:MIGR_EMI1CTZ(1.0),01/07/26 23:00:00,A,MC,REACH,TOTAL,NR,T,IT,2016-01-01,0.0,,
ESTAT:MIGR_EMI1CTZ(1.0),01/07/26 23:00:00,A,MD,REACH,TOTAL,NR,T,IT,2016-01-01,917.0,,
ESTAT:MIGR_EMI1CTZ(1.0),01/07/26 23:00:00,A,ME,REACH,TOTAL,NR,T,IT,2016-01-01,21.0,,
ESTAT:MIGR_EMI1CTZ(1.0),01/07/26 23:00:00,A,MEL,REACH,TOTAL,NR,T,IT,2016-01-01,1.0,,
ESTAT:MIGR_EMI1CTZ(1.0),01/07/26 23:00:00,A,MG,REACH,TOTAL,NR,T,IT,2016-01-01,15.0,,
ESTAT:MIGR_EMI1CTZ(1.0),01/07/26 23:00:00,A,MH,REACH,TOTAL,NR,T,IT,2016-01-01,0.0,,
ESTAT:MIGR_EMI1CTZ(1.0),01/07/26 23:00:00,A,MIC,REACH,TOTAL,NR,T,IT,2016-01-01,1.0,,
ESTAT:MIGR_EMI1CTZ(1.0),01/07/26 23:00:00,A,MK,REACH,TOTAL,NR,T,IT,2016-01-01,666.0,,
ESTAT:MIGR_EMI1CTZ(1.0),01/07/26 23:00:00,A,ML,REACH,TOTAL,NR,T,IT,2016-01-01,84.0,,
ESTAT:MIGR_EMI1CTZ(1.0),01/07/26 23:00:00,A,MM,REACH,TOTAL,NR,T,IT,2016-01-01,15.0,,
ESTAT:MIGR_EMI1CTZ(1.0),01/07/26 23:00:00,A,MN,REACH,TOTAL,NR,T,IT,2016-01-01,3.0,,
ESTAT:MIGR_EMI1CTZ(1.0),01/07/26 23:00:00,A,MR,REACH,TOTAL,NR,T,IT,2016-01-01,1.0,,
ESTAT:MIGR_EMI1CTZ(1.0),01/07/26 23:00:00,A,MS,REACH,TOTAL,NR,T,IT,2016-01-01,0.0,,
ESTAT:MIGR_EMI1CTZ(1.0),01/07/26 23:00:00,A,MT,REACH,TOTAL,NR,T,IT,2016-01-01,15.0,,
ESTAT:MIGR_EMI1CTZ(1.0),01/07/26 23:00:00,A,MU,REACH,TOTAL,NR,T,IT,2016-01-01,27.0,,
ESTAT:MIGR_EMI1CTZ(1.0),01/07/26 23:00:00,A,MV,REACH,TOTAL,NR,T,IT,2016-01-01,0.0,,
ESTAT:MIGR_EMI1CTZ(1.0),01/07/26 23:00:00,A,MW,REACH,TOTAL,NR,T,IT,2016-01-01,0.0,,
ESTAT:MIGR_EMI1CTZ(1.0),01/07/26 23:00:00,A,MX,REACH,TOTAL,NR,T,IT,2016-01-01,153.0,,
ESTAT:MIGR_EMI1CTZ(1.0),01/07/26 23:00:00,A,MY,REACH,TOTAL,NR,T,IT,2016-01-01,14.0,,
ESTAT:MIGR_EMI1CTZ(1.0),01/07/26 23:00:00,A,MZ,REACH,TOTAL,NR,T,IT,2016-01-01,15.0,,
ESTAT:MIGR_EMI1CTZ(1.0),01/07/26 23:00:00,A,NA,REACH,TOTAL,NR,T,IT,2016-01-01,0.0,,
ESTAT:MIGR_EMI1CTZ(1.0),01/07/26 23:00:00,A,NAT,REACH,TOTAL,NR,T,IT,2016-01-01,114512.0,,
ESTAT:MIGR_EMI1CTZ(1.0),01/07/26 23:00:00,A,NC,REACH,TOTAL,NR,T,IT,2016-01-01,0.0,,
ESTAT:MIGR_EMI1CTZ(1.0),01/07/26 23:00:00,A,NE,REACH,TOTAL,NR,T,IT,2016-01-01,0.0,,
ESTAT:MIGR_EMI1CTZ(1.0),01/07/26 23:00:00,A,NEU28_FOR,REACH,TOTAL,NR,T,IT,2016-01-01,22411.0,,
ESTAT:MIGR_EMI1CTZ(1.0),01/07/26 23:00:00,A,NG,REACH,TOTAL,NR,T,IT,2016-01-01,356.0,,
ESTAT:MIGR_EMI1CTZ(1.0),01/07/26 23:00:00,A,NI,REACH,TOTAL,NR,T,IT,2016-01-01,4.0,,
ESTAT:MIGR_EMI1CTZ(1.0),01/07/26 23:00:00,A,NL,REACH,TOTAL,NR,T,IT,2016-01-01,249.0,,
ESTAT:MIGR_EMI1CTZ(1.0),01/07/26 23:00:00,A,NO,REACH,TOTAL,NR,T,IT,2016-01-01,31.0,,
ESTAT:MIGR_EMI1CTZ(1.0),01/07/26 23:00:00,A,NP,REACH,TOTAL,NR,T,IT,2016-01-01,13.0,,
ESTAT:MIGR_EMI1CTZ(1.0),01/07/26 23:00:00,A,NR,REACH,TOTAL,NR,T,IT,2016-01-01,0.0,,
ESTAT:MIGR_EMI1CTZ(1.0),01/07/26 23:00:00,A,NZ,REACH,TOTAL,NR,T,IT,2016-01-01,20.0,,
ESTAT:MIGR_EMI1CTZ(1.0),01/07/26 23:00:00,A,OCE,REACH,TOTAL,NR,T,IT,2016-01-01,79.0,,
ESTAT:MIGR_EMI1CTZ(1.0),01/07/26 23:00:00,A,OM,REACH,TOTAL,NR,T,IT,2016-01-01,0.0,,
ESTAT:MIGR_EMI1CTZ(1.0),01/07/26 23:00:00,A,OTH,REACH,TOTAL,NR,T,IT,2016-01-01,0.0,,
ESTAT:MIGR_EMI1CTZ(1.0),01/07/26 23:00:00,A,PA,REACH,TOTAL,NR,T,IT,2016-01-01,4.0,,
ESTAT:MIGR_EMI1CTZ(1.0),01/07/26 23:00:00,A,PE,REACH,TOTAL,NR,T,IT,2016-01-01,435.0,,
ESTAT:MIGR_EMI1CTZ(1.0),01/07/26 23:00:00,A,PF,REACH,TOTAL,NR,T,IT,2016-01-01,0.0,,
ESTAT:MIGR_EMI1CTZ(1.0),01/07/26 23:00:00,A,PG,REACH,TOTAL,NR,T,IT,2016-01-01,1.0,,
ESTAT:MIGR_EMI1CTZ(1.0),01/07/26 23:00:00,A,PH,REACH,TOTAL,NR,T,IT,2016-01-01,393.0,,
ESTAT:MIGR_EMI1CTZ(1.0),01/07/26 23:00:00,A,PK,REACH,TOTAL,NR,T,IT,2016-01-01,965.0,,
ESTAT:MIGR_EMI1CTZ(1.0),01/07/26 23:00:00,A,PL,REACH,TOTAL,NR,T,IT,2016-01-01,1493.0,,
ESTAT:MIGR_EMI1CTZ(1.0),01/07/26 23:00:00,A,PM,REACH,TOTAL,NR,T,IT,2016-01-01,0.0,,
ESTAT:MIGR_EMI1CTZ(1.0),01/07/26 23:00:00,A,PN,REACH,TOTAL,NR,T,IT,2016-01-01,0.0,,
ESTAT:MIGR_EMI1CTZ(1.0),01/07/26 23:00:00,A,POL,REACH,TOTAL,NR,T,IT,2016-01-01,0.0,,
ESTAT:MIGR_EMI1CTZ(1.0),01/07/26 23:00:00,A,PS,REACH,TOTAL,NR,T,IT,2016-01-01,11.0,,
ESTAT:MIGR_EMI1CTZ(1.0),01/07/26 23:00:00,A,PT,REACH,TOTAL,NR,T,IT,2016-01-01,120.0,,
ESTAT:MIGR_EMI1CTZ(1.0),01/07/26 23:00:00,A,PW,REACH,TOTAL,NR,T,IT,2016-01-01,0.0,,
ESTAT:MIGR_EMI1CTZ(1.0),01/07/26 23:00:00,A,PY,REACH,TOTAL,NR,T,IT,2016-01-01,18.0,,
ESTAT:MIGR_EMI1CTZ(1.0),01/07/26 23:00:00,A,QA,REACH,TOTAL,NR,T,IT,2016-01-01,0.0,,
ESTAT:MIGR_EMI1CTZ(1.0),01/07/26 23:00:00,A,RNC,REACH,TOTAL,NR,T,IT,2016-01-01,0.0,,
ESTAT:MIGR_EMI1CTZ(1.0),01/07/26 23:00:00,A,RO,REACH,TOTAL,NR,T,IT,2016-01-01,12624.0,,
ESTAT:MIGR_EMI1CTZ(1.0),01/07/26 23:00:00,A,RS,REACH,TOTAL,NR,T,IT,2016-01-01,282.0,,
ESTAT:MIGR_EMI1CTZ(1.0),01/07/26 23:00:00,A,RS_ME,REACH,TOTAL,NR,T,IT,2016-01-01,0.0,,
ESTAT:MIGR_EMI1CTZ(1.0),01/07/26 23:00:00,A,RU,REACH,TOTAL,NR,T,IT,2016-01-01,343.0,,
ESTAT:MIGR_EMI1CTZ(1.0),01/07/26 23:00:00,A,RW,REACH,TOTAL,NR,T,IT,2016-01-01,6.0,,
ESTAT:MIGR_EMI1CTZ(1.0),01/07/26 23:00:00,A,SA,REACH,TOTAL,NR,T,IT,2016-01-01,10.0,,
ESTAT:MIGR_EMI1CTZ(1.0),01/07/26 23:00:00,A,SB,REACH,TOTAL,NR,T,IT,2016-01-01,0.0,,
ESTAT:MIGR_EMI1CTZ(1.0),01/07/26 23:00:00,A,SC,REACH,TOTAL,NR,T,IT,2016-01-01,3.0,,
ESTAT:MIGR_EMI1CTZ(1.0),01/07/26 23:00:00,A,SD,REACH,TOTAL,NR,T,IT,2016-01-01,7.0,,
ESTAT:MIGR_EMI1CTZ(1.0),01/07/26 23:00:00,A,SE,REACH,TOTAL,NR,T,IT,2016-01-01,91.0,,
ESTAT:MIGR_EMI1CTZ(1.0),01/07/26 23:00:00,A,SG,REACH,TOTAL,NR,T,IT,2016-01-01,7.0,,
ESTAT:MIGR_EMI1CTZ(1.0),01/07/26 23:00:00,A,SH,REACH,TOTAL,NR,T,IT,2016-01-01,0.0,,
ESTAT:MIGR_EMI1CTZ(1.0),01/07/26 23:00:00,A,SI,REACH,TOTAL,NR,T,IT,2016-01-01,111.0,,
ESTAT:MIGR_EMI1CTZ(1.0),01/07/26 23:00:00,A,SK,REACH,TOTAL,NR,T,IT,2016-01-01,277.0,,
ESTAT:MIGR_EMI1CTZ(1.0),01/07/26 23:00:00,A,SL,REACH,TOTAL,NR,T,IT,2016-01-01,6.0,,
ESTAT:MIGR_EMI1CTZ(1.0),01/07/26 23:00:00,A,SM,REACH,TOTAL,NR,T,IT,2016-01-01,6.0,,
ESTAT:MIGR_EMI1CTZ(1.0),01/07/26 23:00:00,A,SN,REACH,TOTAL,NR,T,IT,2016-01-01,491.0,,
ESTAT:MIGR_EMI1CTZ(1.0),01/07/26 23:00:00,A,SO,REACH,TOTAL,NR,T,IT,2016-01-01,57.0,,
ESTAT:MIGR_EMI1CTZ(1.0),01/07/26 23:00:00,A,SR,REACH,TOTAL,NR,T,IT,2016-01-01,0.0,,
ESTAT:MIGR_EMI1CTZ(1.0),01/07/26 23:00:00,A,SS,REACH,TOTAL,NR,T,IT,2016-01-01,2.0,,
ESTAT:MIGR_EMI1CTZ(1.0),01/07/26 23:00:00,A,ST,REACH,TOTAL,NR,T,IT,2016-01-01,0.0,,
ESTAT:MIGR_EMI1CTZ(1.0),01/07/26 23:00:00,A,STLS,REACH,TOTAL,NR,T,IT,2016-01-01,6.0,,
ESTAT:MIGR_EMI1CTZ(1.0),01/07/26 23:00:00,A,SV,REACH,TOTAL,NR,T,IT,2016-01-01,19.0,,
ESTAT:MIGR_EMI1CTZ(1.0),01/07/26 23:00:00,A,SX,REACH,TOTAL,NR,T,IT,2016-01-01,0.0,,
ESTAT:MIGR_EMI1CTZ(1.0),01/07/26 23:00:00,A,SY,REACH,TOTAL,NR,T,IT,2016-01-01,42.0,,
ESTAT:MIGR_EMI1CTZ(1.0),01/07/26 23:00:00,A,SZ,REACH,TOTAL,NR,T,IT,2016-01-01,0.0,,
ESTAT:MIGR_EMI1CTZ(1.0),01/07/26 23:00:00,A,TC,REACH,TOTAL,NR,T,IT,2016-01-01,0.0,,
ESTAT:MIGR_EMI1CTZ(1.0),01/07/26 23:00:00,A,TD,REACH,TOTAL,NR,T,IT,2016-01-01,10.0,,
ESTAT:MIGR_EMI1CTZ(1.0),01/07/26 23:00:00,A,TG,REACH,TOTAL,NR,T,IT,2016-01-01,21.0,,
ESTAT:MIGR_EMI1CTZ(1.0),01/07/26 23:00:00,A,TH,REACH,TOTAL,NR,T,IT,2016-01-01,59.0,,
ESTAT:MIGR_EMI1CTZ(1.0),01/07/26 23:00:00,A,TJ,REACH,TOTAL,NR,T,IT,2016-01-01,0.0,,
ESTAT:MIGR_EMI1CTZ(1.0),01/07/26 23:00:00,A,TL,REACH,TOTAL,NR,T,IT,2016-01-01,0.0,,
ESTAT:MIGR_EMI1CTZ(1.0),01/07/26 23:00:00,A,TM,REACH,TOTAL,NR,T,IT,2016-01-01,9.0,,
ESTAT:MIGR_EMI1CTZ(1.0),01/07/26 23:00:00,A,TN,REACH,TOTAL,NR,T,IT,2016-01-01,564.0,,
ESTAT:MIGR_EMI1CTZ(1.0),01/07/26 23:00:00,A,TO,REACH,TOTAL,NR,T,IT,2016-01-01,0.0,,
ESTAT:MIGR_EMI1CTZ(1.0),01/07/26 23:00:00,A,TOTAL,REACH,TOTAL,NR,T,IT,2016-01-01,157065.0,,
ESTAT:MIGR_EMI1CTZ(1.0),01/07/26 23:00:00,A,TR,REACH,TOTAL,NR,T,IT,2016-01-01,222.0,,
ESTAT:MIGR_EMI1CTZ(1.0),01/07/26 23:00:00,A,TT,REACH,TOTAL,NR,T,IT,2016-01-01,0.0,,
ESTAT:MIGR_EMI1CTZ(1.0),01/07/26 23:00:00,A,TV,REACH,TOTAL,NR,T,IT,2016-01-01,0.0,,
ESTAT:MIGR_EMI1CTZ(1.0),01/07/26 23:00:00,A,TW,REACH,TOTAL,NR,T,IT,2016-01-01,8.0,,
ESTAT:MIGR_EMI1CTZ(1.0),01/07/26 23:00:00,A,TZ,REACH,TOTAL,NR,T,IT,2016-01-01,17.0,,
ESTAT:MIGR_EMI1CTZ(1.0),01/07/26 23:00:00,A,UA,REACH,TOTAL,NR,T,IT,2016-01-01,1508.0,,
ESTAT:MIGR_EMI1CTZ(1.0),01/07/26 23:00:00,A,UG,REACH,TOTAL,NR,T,IT,2016-01-01,8.0,,
ESTAT:MIGR_EMI1CTZ(1.0),01/07/26 23:00:00,A,UK,REACH,TOTAL,NR,T,IT,2016-01-01,665.0,,
ESTAT:MIGR_EMI1CTZ(1.0),01/07/26 23:00:00,A,UNK,REACH,TOTAL,NR,T,IT,2016-01-01,0.0,,
ESTAT:MIGR_EMI1CTZ(1.0),01/07/26 23:00:00,A,US,REACH,TOTAL,NR,T,IT,2016-01-01,498.0,,
ESTAT:MIGR_EMI1CTZ(1.0),01/07/26 23:00:00,A,UY,REACH,TOTAL,NR,T,IT,2016-01-01,15.0,,
ESTAT:MIGR_EMI1CTZ(1.0),01/07/26 23:00:00,A,UZ,REACH,TOTAL,NR,T,IT,2016-01-01,15.0,,
ESTAT:MIGR_EMI1CTZ(1.0),01/07/26 23:00:00,A,VA,REACH,TOTAL,NR,T,IT,2016-01-01,0.0,,
ESTAT:MIGR_EMI1CTZ(1.0),01/07/26 23:00:00,A,VC,REACH,TOTAL,NR,T,IT,2016-01-01,0.0,,
ESTAT:MIGR_EMI1CTZ(1.0),01/07/26 23:00:00,A,VE,REACH,TOTAL,NR,T,IT,2016-01-01,71.0,,
ESTAT:MIGR_EMI1CTZ(1.0),01/07/26 23:00:00,A,VG,REACH,TOTAL,NR,T,IT,2016-01-01,0.0,,
ESTAT:MIGR_EMI1CTZ(1.0),01/07/26 23:00:00,A,VN,REACH,TOTAL,NR,T,IT,2016-01-01,21.0,,
ESTAT:MIGR_EMI1CTZ(1.0),01/07/26 23:00:00,A,VU,REACH,TOTAL,NR,T,IT,2016-01-01,0.0,,
ESTAT:MIGR_EMI1CTZ(1.0),01/07/26 23:00:00,A,WF,REACH,TOTAL,NR,T,IT,2016-01-01,0.0,,
ESTAT:MIGR_EMI1CTZ(1.0),01/07/26 23:00:00,A,WS,REACH,TOTAL,NR,T,IT,2016-01-01,0.0,,
ESTAT:MIGR_EMI1CTZ(1.0),01/07/26 23:00:00,A,XK,REACH,TOTAL,NR,T,IT,2016-01-01,534.0,,
ESTAT:MIGR_EMI1CTZ(1.0),01/07/26 23:00:00,A,YE,REACH,TOTAL,NR,T,IT,2016-01-01,2.0,,
ESTAT:MIGR_EMI1CTZ(1.0),01/07/26 23:00:00,A,ZA,REACH,TOTAL,NR,T,IT,2016-01-01,10.0,,
ESTAT:MIGR_EMI1CTZ(1.0),01/07/26 23:00:00,A,ZM,REACH,TOTAL,NR,T,IT,2016-01-01,1.0,,
ESTAT:MIGR_EMI1CTZ(1.0),01/07/26 23:00:00,A,ZW,REACH,TOTAL,NR,T,IT,2016-01-01,0.0,,
ESTAT:MIGR_EMI1CTZ(1.0),01/07/26 23:00:00,A,AD,REACH,TOTAL,NR,T,IT,2017-01-01,0.0,,
ESTAT:MIGR_EMI1CTZ(1.0),01/07/26 23:00:00,A,AE,REACH,TOTAL,NR,T,IT,2017-01-01,2.0,,
ESTAT:MIGR_EMI1CTZ(1.0),01/07/26 23:00:00,A,AF,REACH,TOTAL,NR,T,IT,2017-01-01,125.0,,
ESTAT:MIGR_EMI1CTZ(1.0),01/07/26 23:00:00,A,AFR,REACH,TOTAL,NR,T,IT,2017-01-01,5208.0,,
ESTAT:MIGR_EMI1CTZ(1.0),01/07/26 23:00:00,A,AFR_C,REACH,TOTAL,NR,T,IT,2017-01-01,144.0,,
ESTAT:MIGR_EMI1CTZ(1.0),01/07/26 23:00:00,A,AFR_E,REACH,TOTAL,NR,T,IT,2017-01-01,273.0,,
ESTAT:MIGR_EMI1CTZ(1.0),01/07/26 23:00:00,A,AFR_N,REACH,TOTAL,NR,T,IT,2017-01-01,3209.0,,
ESTAT:MIGR_EMI1CTZ(1.0),01/07/26 23:00:00,A,AFR_S,REACH,TOTAL,NR,T,IT,2017-01-01,16.0,,
ESTAT:MIGR_EMI1CTZ(1.0),01/07/26 23:00:00,A,AFR_W,REACH,TOTAL,NR,T,IT,2017-01-01,1566.0,,
ESTAT:MIGR_EMI1CTZ(1.0),01/07/26 23:00:00,A,AG,REACH,TOTAL,NR,T,IT,2017-01-01,0.0,,
ESTAT:MIGR_EMI1CTZ(1.0),01/07/26 23:00:00,A,AI,REACH,TOTAL,NR,T,IT,2017-01-01,0.0,,
ESTAT:MIGR_EMI1CTZ(1.0),01/07/26 23:00:00,A,AL,REACH,TOTAL,NR,T,IT,2017-01-01,1564.0,,
ESTAT:MIGR_EMI1CTZ(1.0),01/07/26 23:00:00,A,AM,REACH,TOTAL,NR,T,IT,2017-01-01,13.0,,
ESTAT:MIGR_EMI1CTZ(1.0),01/07/26 23:00:00,A,AME,REACH,TOTAL,NR,T,IT,2017-01-01,2694.0,,
ESTAT:MIGR_EMI1CTZ(1.0),01/07/26 23:00:00,A,AME_C,REACH,TOTAL,NR,T,IT,2017-01-01,110.0,,
ESTAT:MIGR_EMI1CTZ(1.0),01/07/26 23:00:00,A,AME_N,REACH,TOTAL,NR,T,IT,2017-01-01,560.0,,
ESTAT:MIGR_EMI1CTZ(1.0),01/07/26 23:00:00,A,AME_S,REACH,TOTAL,NR,T,IT,2017-01-01,1628.0,,
ESTAT:MIGR_EMI1CTZ(1.0),01/07/26 23:00:00,A,AN,REACH,TOTAL,NR,T,IT,2017-01-01,0.0,,
ESTAT:MIGR_EMI1CTZ(1.0),01/07/26 23:00:00,A,AO,REACH,TOTAL,NR,T,IT,2017-01-01,12.0,,
ESTAT:MIGR_EMI1CTZ(1.0),01/07/26 23:00:00,A,AR,REACH,TOTAL,NR,T,IT,2017-01-01,114.0,,
ESTAT:MIGR_EMI1CTZ(1.0),01/07/26 23:00:00,A,ASI,REACH,TOTAL,NR,T,IT,2017-01-01,6911.0,,
ESTAT:MIGR_EMI1CTZ(1.0),01/07/26 23:00:00,A,ASI_C,REACH,TOTAL,NR,T,IT,2017-01-01,69.0,,
ESTAT:MIGR_EMI1CTZ(1.0),01/07/26 23:00:00,A,ASI_E,REACH,TOTAL,NR,T,IT,2017-01-01,2257.0,,
ESTAT:MIGR_EMI1CTZ(1.0),01/07/26 23:00:00,A,ASI_S,REACH,TOTAL,NR,T,IT,2017-01-01,3682.0,,
ESTAT:MIGR_EMI1CTZ(1.0),01/07/26 23:00:00,A,ASI_S_E,REACH,TOTAL,NR,T,IT,2017-01-01,534.0,,
ESTAT:MIGR_EMI1CTZ(1.0),01/07/26 23:00:00,A,ASI_W,REACH,TOTAL,NR,T,IT,2017-01-01,369.0,,
ESTAT:MIGR_EMI1CTZ(1.0),01/07/26 23:00:00,A,AT,REACH,TOTAL,NR,T,IT,2017-01-01,147.0,,
ESTAT:MIGR_EMI1CTZ(1.0),01/07/26 23:00:00,A,AU,REACH,TOTAL,NR,T,IT,2017-01-01,81.0,,
ESTAT:MIGR_EMI1CTZ(1.0),01/07/26 23:00:00,A,AU_NZ,REACH,TOTAL,NR,T,IT,2017-01-01,87.0,,
ESTAT:MIGR_EMI1CTZ(1.0),01/07/26 23:00:00,A,AW,REACH,TOTAL,NR,T,IT,2017-01-01,0.0,,
ESTAT:MIGR_EMI1CTZ(1.0),01/07/26 23:00:00,A,AZ,REACH,TOTAL,NR,T,IT,2017-01-01,4.0,,
ESTAT:MIGR_EMI1CTZ(1.0),01/07/26 23:00:00,A,BA,REACH,TOTAL,NR,T,IT,2017-01-01,161.0,,
ESTAT:MIGR_EMI1CTZ(1.0),01/07/26 23:00:00,A,BB,REACH,TOTAL,NR,T,IT,2017-01-01,0.0,,
ESTAT:MIGR_EMI1CTZ(1.0),01/07/26 23:00:00,A,BD,REACH,TOTAL,NR,T,IT,2017-01-01,605.0,,
ESTAT:MIGR_EMI1CTZ(1.0),01/07/26 23:00:00,A,BE,REACH,TOTAL,NR,T,IT,2017-01-01,157.0,,
ESTAT:MIGR_EMI1CTZ(1.0),01/07/26 23:00:00,A,BF,REACH,TOTAL,NR,T,IT,2017-01-01,55.0,,
ESTAT:MIGR_EMI1CTZ(1.0),01/07/26 23:00:00,A,BG,REACH,TOTAL,NR,T,IT,2017-01-01,827.0,,
ESTAT:MIGR_EMI1CTZ(1.0),01/07/26 23:00:00,A,BH,REACH,TOTAL,NR,T,IT,2017-01-01,0.0,,
ESTAT:MIGR_EMI1CTZ(1.0),01/07/26 23:00:00,A,BI,REACH,TOTAL,NR,T,IT,2017-01-01,2.0,,
ESTAT:MIGR_EMI1CTZ(1.0),01/07/26 23:00:00,A,BJ,REACH,TOTAL,NR,T,IT,2017-01-01,14.0,,
ESTAT:MIGR_EMI1CTZ(1.0),01/07/26 23:00:00,A,BL,REACH,TOTAL,NR,T,IT,2017-01-01,0.0,,
ESTAT:MIGR_EMI1CTZ(1.0),01/07/26 23:00:00,A,BM,REACH,TOTAL,NR,T,IT,2017-01-01,0.0,,
ESTAT:MIGR_EMI1CTZ(1.0),01/07/26 23:00:00,A,BN,REACH,TOTAL,NR,T,IT,2017-01-01,0.0,,
ESTAT:MIGR_EMI1CTZ(1.0),01/07/26 23:00:00,A,BO,REACH,TOTAL,NR,T,IT,2017-01-01,65.0,,
ESTAT:MIGR_EMI1CTZ(1.0),01/07/26 23:00:00,A,BQ,REACH,TOTAL,NR,T,IT,2017-01-01,0.0,,
ESTAT:MIGR_EMI1CTZ(1.0),01/07/26 23:00:00,A,BR,REACH,TOTAL,NR,T,IT,2017-01-01,562.0,,
ESTAT:MIGR_EMI1CTZ(1.0),01/07/26 23:00:00,A,BS,REACH,TOTAL,NR,T,IT,2017-01-01,3.0,,
ESTAT:MIGR_EMI1CTZ(1.0),01/07/26 23:00:00,A,BT,REACH,TOTAL,NR,T,IT,2017-01-01,0.0,,
ESTAT:MIGR_EMI1CTZ(1.0),01/07/26 23:00:00,A,BW,REACH,TOTAL,NR,T,IT,2017-01-01,1.0,,
ESTAT:MIGR_EMI1CTZ(1.0),01/07/26 23:00:00,A,BY,REACH,TOTAL,NR,T,IT,2017-01-01,68.0,,
ESTAT:MIGR_EMI1CTZ(1.0),01/07/26 23:00:00,A,BZ,REACH,TOTAL,NR,T,IT,2017-01-01,1.0,,
ESTAT:MIGR_EMI1CTZ(1.0),01/07/26 23:00:00,A,CA,REACH,TOTAL,NR,T,IT,2017-01-01,55.0,,
ESTAT:MIGR_EMI1CTZ(1.0),01/07/26 23:00:00,A,CD,REACH,TOTAL,NR,T,IT,2017-01-01,23.0,,
ESTAT:MIGR_EMI1CTZ(1.0),01/07/26 23:00:00,A,CF,REACH,TOTAL,NR,T,IT,2017-01-01,3.0,,
ESTAT:MIGR_EMI1CTZ(1.0),01/07/26 23:00:00,A,CG,REACH,TOTAL,NR,T,IT,2017-01-01,17.0,,
ESTAT:MIGR_EMI1CTZ(1.0),01/07/26 23:00:00,A,CH,REACH,TOTAL,NR,T,IT,2017-01-01,213.0,,
ESTAT:MIGR_EMI1CTZ(1.0),01/07/26 23:00:00,A,CI,REACH,TOTAL,NR,T,IT,2017-01-01,156.0,,
ESTAT:MIGR_EMI1CTZ(1.0),01/07/26 23:00:00,A,CL,REACH,TOTAL,NR,T,IT,2017-01-01,41.0,,
ESTAT:MIGR_EMI1CTZ(1.0),01/07/26 23:00:00,A,CM,REACH,TOTAL,NR,T,IT,2017-01-01,88.0,,
ESTAT:MIGR_EMI1CTZ(1.0),01/07/26 23:00:00,A,CN,REACH,TOTAL,NR,T,IT,2017-01-01,1920.0,,
ESTAT:MIGR_EMI1CTZ(1.0),01/07/26 23:00:00,A,CO,REACH,TOTAL,NR,T,IT,2017-01-01,153.0,,
ESTAT:MIGR_EMI1CTZ(1.0),01/07/26 23:00:00,A,CR,REACH,TOTAL,NR,T,IT,2017-01-01,8.0,,
ESTAT:MIGR_EMI1CTZ(1.0),01/07/26 23:00:00,A,CRB,REACH,TOTAL,NR,T,IT,2017-01-01,396.0,,
ESTAT:MIGR_EMI1CTZ(1.0),01/07/26 23:00:00,A,CU,REACH,TOTAL,NR,T,IT,2017-01-01,204.0,,
ESTAT:MIGR_EMI1CTZ(1.0),01/07/26 23:00:00,A,CV,REACH,TOTAL,NR,T,IT,2017-01-01,10.0,,
ESTAT:MIGR_EMI1CTZ(1.0),01/07/26 23:00:00,A,CW,REACH,TOTAL,NR,T,IT,2017-01-01,0.0,,
ESTAT:MIGR_EMI1CTZ(1.0),01/07/26 23:00:00,A,CY,REACH,TOTAL,NR,T,IT,2017-01-01,6.0,,
ESTAT:MIGR_EMI1CTZ(1.0),01/07/26 23:00:00,A,CZ,REACH,TOTAL,NR,T,IT,2017-01-01,126.0,,
ESTAT:MIGR_EMI1CTZ(1.0),01/07/26 23:00:00,A,CZ_SK,REACH,TOTAL,NR,T,IT,2017-01-01,0.0,,
ESTAT:MIGR_EMI1CTZ(1.0),01/07/26 23:00:00,A,DE,REACH,TOTAL,NR,T,IT,2017-01-01,975.0,,
ESTAT:MIGR_EMI1CTZ(1.0),01/07/26 23:00:00,A,DJ,REACH,TOTAL,NR,T,IT,2017-01-01,0.0,,
ESTAT:MIGR_EMI1CTZ(1.0),01/07/26 23:00:00,A,DK,REACH,TOTAL,NR,T,IT,2017-01-01,67.0,,
ESTAT:MIGR_EMI1CTZ(1.0),01/07/26 23:00:00,A,DM,REACH,TOTAL,NR,T,IT,2017-01-01,4.0,,
ESTAT:MIGR_EMI1CTZ(1.0),01/07/26 23:00:00,A,DO,REACH,TOTAL,NR,T,IT,2017-01-01,181.0,,
ESTAT:MIGR_EMI1CTZ(1.0),01/07/26 23:00:00,A,DZ,REACH,TOTAL,NR,T,IT,2017-01-01,108.0,,
ESTAT:MIGR_EMI1CTZ(1.0),01/07/26 23:00:00,A,EC,REACH,TOTAL,NR,T,IT,2017-01-01,240.0,,
ESTAT:MIGR_EMI1CTZ(1.0),01/07/26 23:00:00,A,EE,REACH,TOTAL,NR,T,IT,2017-01-01,8.0,,
ESTAT:MIGR_EMI1CTZ(1.0),01/07/26 23:00:00,A,EG,REACH,TOTAL,NR,T,IT,2017-01-01,375.0,,
ESTAT:MIGR_EMI1CTZ(1.0),01/07/26 23:00:00,A,EH,REACH,TOTAL,NR,T,IT,2017-01-01,0.0,,
ESTAT:MIGR_EMI1CTZ(1.0),01/07/26 23:00:00,A,EL,REACH,TOTAL,NR,T,IT,2017-01-01,99.0,,
ESTAT:MIGR_EMI1CTZ(1.0),01/07/26 23:00:00,A,ER,REACH,TOTAL,NR,T,IT,2017-01-01,56.0,,
ESTAT:MIGR_EMI1CTZ(1.0),01/07/26 23:00:00,A,ES,REACH,TOTAL,NR,T,IT,2017-01-01,528.0,,
ESTAT:MIGR_EMI1CTZ(1.0),01/07/26 23:00:00,A,ET,REACH,TOTAL,NR,T,IT,2017-01-01,30.0,,
ESTAT:MIGR_EMI1CTZ(1.0),01/07/26 23:00:00,A,EU28_FOR,REACH,TOTAL,NR,T,IT,2017-01-01,19575.0,,
ESTAT:MIGR_EMI1CTZ(1.0),01/07/26 23:00:00,A,EUR,REACH,TOTAL,NR,T,IT,2017-01-01,140206.0,,
ESTAT:MIGR_EMI1CTZ(1.0),01/07/26 23:00:00,A,EX_SU,REACH,TOTAL,NR,T,IT,2017-01-01,0.0,,
ESTAT:MIGR_EMI1CTZ(1.0),01/07/26 23:00:00,A,EX_YU,REACH,TOTAL,NR,T,IT,2017-01-01,0.0,,
ESTAT:MIGR_EMI1CTZ(1.0),01/07/26 23:00:00,A,FI,REACH,TOTAL,NR,T,IT,2017-01-01,46.0,,
ESTAT:MIGR_EMI1CTZ(1.0),01/07/26 23:00:00,A,FJ,REACH,TOTAL,NR,T,IT,2017-01-01,0.0,,
ESTAT:MIGR_EMI1CTZ(1.0),01/07/26 23:00:00,A,FK,REACH,TOTAL,NR,T,IT,2017-01-01,0.0,,
ESTAT:MIGR_EMI1CTZ(1.0),01/07/26 23:00:00,A,FM,REACH,TOTAL,NR,T,IT,2017-01-01,0.0,,
ESTAT:MIGR_EMI1CTZ(1.0),01/07/26 23:00:00,A,FO,REACH,TOTAL,NR,T,IT,2017-01-01,0.0,,
ESTAT:MIGR_EMI1CTZ(1.0),01/07/26 23:00:00,A,FOR_STLS,REACH,TOTAL,NR,T,IT,2017-01-01,40551.0,,
ESTAT:MIGR_EMI1CTZ(1.0),01/07/26 23:00:00,A,FR,REACH,TOTAL,NR,T,IT,2017-01-01,722.0,,
ESTAT:MIGR_EMI1CTZ(1.0),01/07/26 23:00:00,A,GA,REACH,TOTAL,NR,T,IT,2017-01-01,0.0,,
ESTAT:MIGR_EMI1CTZ(1.0),01/07/26 23:00:00,A,GD,REACH,TOTAL,NR,T,IT,2017-01-01,1.0,,
ESTAT:MIGR_EMI1CTZ(1.0),01/07/26 23:00:00,A,GE,REACH,TOTAL,NR,T,IT,2017-01-01,152.0,,
ESTAT:MIGR_EMI1CTZ(1.0),01/07/26 23:00:00,A,GG,REACH,TOTAL,NR,T,IT,2017-01-01,0.0,,
ESTAT:MIGR_EMI1CTZ(1.0),01/07/26 23:00:00,A,GH,REACH,TOTAL,NR,T,IT,2017-01-01,236.0,,
ESTAT:MIGR_EMI1CTZ(1.0),01/07/26 23:00:00,A,GI,REACH,TOTAL,NR,T,IT,2017-01-01,0.0,,
ESTAT:MIGR_EMI1CTZ(1.0),01/07/26 23:00:00,A,GL,REACH,TOTAL,NR,T,IT,2017-01-01,0.0,,
ESTAT:MIGR_EMI1CTZ(1.0),01/07/26 23:00:00,A,GM,REACH,TOTAL,NR,T,IT,2017-01-01,96.0,,
ESTAT:MIGR_EMI1CTZ(1.0),01/07/26 23:00:00,A,GN,REACH,TOTAL,NR,T,IT,2017-01-01,67.0,,
ESTAT:MIGR_EMI1CTZ(1.0),01/07/26 23:00:00,A,GQ,REACH,TOTAL,NR,T,IT,2017-01-01,0.0,,
ESTAT:MIGR_EMI1CTZ(1.0),01/07/26 23:00:00,A,GT,REACH,TOTAL,NR,T,IT,2017-01-01,5.0,,
ESTAT:MIGR_EMI1CTZ(1.0),01/07/26 23:00:00,A,GW,REACH,TOTAL,NR,T,IT,2017-01-01,11.0,,
ESTAT:MIGR_EMI1CTZ(1.0),01/07/26 23:00:00,A,GY,REACH,TOTAL,NR,T,IT,2017-01-01,0.0,,
ESTAT:MIGR_EMI1CTZ(1.0),01/07/26 23:00:00,A,HN,REACH,TOTAL,NR,T,IT,2017-01-01,10.0,,
ESTAT:MIGR_EMI1CTZ(1.0),01/07/26 23:00:00,A,HR,REACH,TOTAL,NR,T,IT,2017-01-01,308.0,,
ESTAT:MIGR_EMI1CTZ(1.0),01/07/26 23:00:00,A,HT,REACH,TOTAL,NR,T,IT,2017-01-01,2.0,,
ESTAT:MIGR_EMI1CTZ(1.0),01/07/26 23:00:00,A,HU,REACH,TOTAL,NR,T,IT,2017-01-01,239.0,,
ESTAT:MIGR_EMI1CTZ(1.0),01/07/26 23:00:00,A,ID,REACH,TOTAL,NR,T,IT,2017-01-01,43.0,,
ESTAT:MIGR_EMI1CTZ(1.0),01/07/26 23:00:00,A,IE,REACH,TOTAL,NR,T,IT,2017-01-01,72.0,,
ESTAT:MIGR_EMI1CTZ(1.0),01/07/26 23:00:00,A,IL,REACH,TOTAL,NR,T,IT,2017-01-01,26.0,,
ESTAT:MIGR_EMI1CTZ(1.0),01/07/26 23:00:00,A,IM,REACH,TOTAL,NR,T,IT,2017-01-01,0.0,,
ESTAT:MIGR_EMI1CTZ(1.0),01/07/26 23:00:00,A,IN,REACH,TOTAL,NR,T,IT,2017-01-01,1450.0,,
ESTAT:MIGR_EMI1CTZ(1.0),01/07/26 23:00:00,A,IQ,REACH,TOTAL,NR,T,IT,2017-01-01,44.0,,
ESTAT:MIGR_EMI1CTZ(1.0),01/07/26 23:00:00,A,IR,REACH,TOTAL,NR,T,IT,2017-01-01,62.0,,
ESTAT:MIGR_EMI1CTZ(1.0),01/07/26 23:00:00,A,IS,REACH,TOTAL,NR,T,IT,2017-01-01,3.0,,
ESTAT:MIGR_EMI1CTZ(1.0),01/07/26 23:00:00,A,IT,REACH,TOTAL,NR,T,IT,2017-01-01,114559.0,,
ESTAT:MIGR_EMI1CTZ(1.0),01/07/26 23:00:00,A,JE,REACH,TOTAL,NR,T,IT,2017-01-01,0.0,,
ESTAT:MIGR_EMI1CTZ(1.0),01/07/26 23:00:00,A,JM,REACH,TOTAL,NR,T,IT,2017-01-01,0.0,,
ESTAT:MIGR_EMI1CTZ(1.0),01/07/26 23:00:00,A,JO,REACH,TOTAL,NR,T,IT,2017-01-01,16.0,,
ESTAT:MIGR_EMI1CTZ(1.0),01/07/26 23:00:00,A,JP,REACH,TOTAL,NR,T,IT,2017-01-01,258.0,,
ESTAT:MIGR_EMI1CTZ(1.0),01/07/26 23:00:00,A,KE,REACH,TOTAL,NR,T,IT,2017-01-01,30.0,,
ESTAT:MIGR_EMI1CTZ(1.0),01/07/26 23:00:00,A,KG,REACH,TOTAL,NR,T,IT,2017-01-01,18.0,,
ESTAT:MIGR_EMI1CTZ(1.0),01/07/26 23:00:00,A,KH,REACH,TOTAL,NR,T,IT,2017-01-01,1.0,,
ESTAT:MIGR_EMI1CTZ(1.0),01/07/26 23:00:00,A,KI,REACH,TOTAL,NR,T,IT,2017-01-01,0.0,,
ESTAT:MIGR_EMI1CTZ(1.0),01/07/26 23:00:00,A,KM,REACH,TOTAL,NR,T,IT,2017-01-01,0.0,,
ESTAT:MIGR_EMI1CTZ(1.0),01/07/26 23:00:00,A,KN,REACH,TOTAL,NR,T,IT,2017-01-01,0.0,,
ESTAT:MIGR_EMI1CTZ(1.0),01/07/26 23:00:00,A,KP,REACH,TOTAL,NR,T,IT,2017-01-01,0.0,,
ESTAT:MIGR_EMI1CTZ(1.0),01/07/26 23:00:00,A,KR,REACH,TOTAL,NR,T,IT,2017-01-01,57.0,,
ESTAT:MIGR_EMI1CTZ(1.0),01/07/26 23:00:00,A,KW,REACH,TOTAL,NR,T,IT,2017-01-01,1.0,,
ESTAT:MIGR_EMI1CTZ(1.0),01/07/26 23:00:00,A,KY,REACH,TOTAL,NR,T,IT,2017-01-01,0.0,,
ESTAT:MIGR_EMI1CTZ(1.0),01/07/26 23:00:00,A,KZ,REACH,TOTAL,NR,T,IT,2017-01-01,44.0,,
ESTAT:MIGR_EMI1CTZ(1.0),01/07/26 23:00:00,A,LA,REACH,TOTAL,NR,T,IT,2017-01-01,0.0,,
ESTAT:MIGR_EMI1CTZ(1.0),01/07/26 23:00:00,A,LB,REACH,TOTAL,NR,T,IT,2017-01-01,20.0,,
ESTAT:MIGR_EMI1CTZ(1.0),01/07/26 23:00:00,A,LC,REACH,TOTAL,NR,T,IT,2017-01-01,0.0,,
ESTAT:MIGR_EMI1CTZ(1.0),01/07/26 23:00:00,A,LI,REACH,TOTAL,NR,T,IT,2017-01-01,10.0,,
ESTAT:MIGR_EMI1CTZ(1.0),01/07/26 23:00:00,A,LK,REACH,TOTAL,NR,T,IT,2017-01-01,509.0,,
ESTAT:MIGR_EMI1CTZ(1.0),01/07/26 23:00:00,A,LR,REACH,TOTAL,NR,T,IT,2017-01-01,2.0,,
ESTAT:MIGR_EMI1CTZ(1.0),01/07/26 23:00:00,A,LS,REACH,TOTAL,NR,T,IT,2017-01-01,0.0,,
ESTAT:MIGR_EMI1CTZ(1.0),01/07/26 23:00:00,A,LT,REACH,TOTAL,NR,T,IT,2017-01-01,58.0,,
ESTAT:MIGR_EMI1CTZ(1.0),01/07/26 23:00:00,A,LU,REACH,TOTAL,NR,T,IT,2017-01-01,6.0,,
ESTAT:MIGR_EMI1CTZ(1.0),01/07/26 23:00:00,A,LV,REACH,TOTAL,NR,T,IT,2017-01-01,28.0,,
ESTAT:MIGR_EMI1CTZ(1.0),01/07/26 23:00:00,A,LY,REACH,TOTAL,NR,T,IT,2017-01-01,15.0,,
ESTAT:MIGR_EMI1CTZ(1.0),01/07/26 23:00:00,A,MA,REACH,TOTAL,NR,T,IT,2017-01-01,2232.0,,
ESTAT:MIGR_EMI1CTZ(1.0),01/07/26 23:00:00,A,MC,REACH,TOTAL,NR,T,IT,2017-01-01,0.0,,
ESTAT:MIGR_EMI1CTZ(1.0),01/07/26 23:00:00,A,MD,REACH,TOTAL,NR,T,IT,2017-01-01,723.0,,
ESTAT:MIGR_EMI1CTZ(1.0),01/07/26 23:00:00,A,ME,REACH,TOTAL,NR,T,IT,2017-01-01,14.0,,
ESTAT:MIGR_EMI1CTZ(1.0),01/07/26 23:00:00,A,MEL,REACH,TOTAL,NR,T,IT,2017-01-01,0.0,,
ESTAT:MIGR_EMI1CTZ(1.0),01/07/26 23:00:00,A,MG,REACH,TOTAL,NR,T,IT,2017-01-01,24.0,,
ESTAT:MIGR_EMI1CTZ(1.0),01/07/26 23:00:00,A,MH,REACH,TOTAL,NR,T,IT,2017-01-01,0.0,,
ESTAT:MIGR_EMI1CTZ(1.0),01/07/26 23:00:00,A,MIC,REACH,TOTAL,NR,T,IT,2017-01-01,0.0,,
ESTAT:MIGR_EMI1CTZ(1.0),01/07/26 23:00:00,A,MK,REACH,TOTAL,NR,T,IT,2017-01-01,541.0,,
ESTAT:MIGR_EMI1CTZ(1.0),01/07/26 23:00:00,A,ML,REACH,TOTAL,NR,T,IT,2017-01-01,82.0,,
ESTAT:MIGR_EMI1CTZ(1.0),01/07/26 23:00:00,A,MM,REACH,TOTAL,NR,T,IT,2017-01-01,7.0,,
ESTAT:MIGR_EMI1CTZ(1.0),01/07/26 23:00:00,A,MN,REACH,TOTAL,NR,T,IT,2017-01-01,4.0,,
ESTAT:MIGR_EMI1CTZ(1.0),01/07/26 23:00:00,A,MR,REACH,TOTAL,NR,T,IT,2017-01-01,3.0,,
ESTAT:MIGR_EMI1CTZ(1.0),01/07/26 23:00:00,A,MS,REACH,TOTAL,NR,T,IT,2017-01-01,0.0,,
ESTAT:MIGR_EMI1CTZ(1.0),01/07/26 23:00:00,A,MT,REACH,TOTAL,NR,T,IT,2017-01-01,15.0,,
ESTAT:MIGR_EMI1CTZ(1.0),01/07/26 23:00:00,A,MU,REACH,TOTAL,NR,T,IT,2017-01-01,27.0,,
ESTAT:MIGR_EMI1CTZ(1.0),01/07/26 23:00:00,A,MV,REACH,TOTAL,NR,T,IT,2017-01-01,0.0,,
ESTAT:MIGR_EMI1CTZ(1.0),01/07/26 23:00:00,A,MW,REACH,TOTAL,NR,T,IT,2017-01-01,1.0,,
ESTAT:MIGR_EMI1CTZ(1.0),01/07/26 23:00:00,A,MX,REACH,TOTAL,NR,T,IT,2017-01-01,61.0,,
ESTAT:MIGR_EMI1CTZ(1.0),01/07/26 23:00:00,A,MY,REACH,TOTAL,NR,T,IT,2017-01-01,20.0,,
ESTAT:MIGR_EMI1CTZ(1.0),01/07/26 23:00:00,A,MZ,REACH,TOTAL,NR,T,IT,2017-01-01,6.0,,
ESTAT:MIGR_EMI1CTZ(1.0),01/07/26 23:00:00,A,NA,REACH,TOTAL,NR,T,IT,2017-01-01,0.0,,
ESTAT:MIGR_EMI1CTZ(1.0),01/07/26 23:00:00,A,NAT,REACH,TOTAL,NR,T,IT,2017-01-01,114559.0,,
ESTAT:MIGR_EMI1CTZ(1.0),01/07/26 23:00:00,A,NC,REACH,TOTAL,NR,T,IT,2017-01-01,0.0,,
ESTAT:MIGR_EMI1CTZ(1.0),01/07/26 23:00:00,A,NE,REACH,TOTAL,NR,T,IT,2017-01-01,9.0,,
ESTAT:MIGR_EMI1CTZ(1.0),01/07/26 23:00:00,A,NEU28_FOR,REACH,TOTAL,NR,T,IT,2017-01-01,20974.0,,
ESTAT:MIGR_EMI1CTZ(1.0),01/07/26 23:00:00,A,NG,REACH,TOTAL,NR,T,IT,2017-01-01,350.0,,
ESTAT:MIGR_EMI1CTZ(1.0),01/07/26 23:00:00,A,NI,REACH,TOTAL,NR,T,IT,2017-01-01,4.0,,
ESTAT:MIGR_EMI1CTZ(1.0),01/07/26 23:00:00,A,NL,REACH,TOTAL,NR,T,IT,2017-01-01,318.0,,
ESTAT:MIGR_EMI1CTZ(1.0),01/07/26 23:00:00,A,NO,REACH,TOTAL,NR,T,IT,2017-01-01,31.0,,
ESTAT:MIGR_EMI1CTZ(1.0),01/07/26 23:00:00,A,NP,REACH,TOTAL,NR,T,IT,2017-01-01,21.0,,
ESTAT:MIGR_EMI1CTZ(1.0),01/07/26 23:00:00,A,NR,REACH,TOTAL,NR,T,IT,2017-01-01,0.0,,
ESTAT:MIGR_EMI1CTZ(1.0),01/07/26 23:00:00,A,NZ,REACH,TOTAL,NR,T,IT,2017-01-01,6.0,,
ESTAT:MIGR_EMI1CTZ(1.0),01/07/26 23:00:00,A,OCE,REACH,TOTAL,NR,T,IT,2017-01-01,89.0,,
ESTAT:MIGR_EMI1CTZ(1.0),01/07/26 23:00:00,A,OM,REACH,TOTAL,NR,T,IT,2017-01-01,15.0,,
ESTAT:MIGR_EMI1CTZ(1.0),01/07/26 23:00:00,A,OTH,REACH,TOTAL,NR,T,IT,2017-01-01,0.0,,
ESTAT:MIGR_EMI1CTZ(1.0),01/07/26 23:00:00,A,PA,REACH,TOTAL,NR,T,IT,2017-01-01,6.0,,
ESTAT:MIGR_EMI1CTZ(1.0),01/07/26 23:00:00,A,PE,REACH,TOTAL,NR,T,IT,2017-01-01,363.0,,
ESTAT:MIGR_EMI1CTZ(1.0),01/07/26 23:00:00,A,PF,REACH,TOTAL,NR,T,IT,2017-01-01,0.0,,
ESTAT:MIGR_EMI1CTZ(1.0),01/07/26 23:00:00,A,PG,REACH,TOTAL,NR,T,IT,2017-01-01,0.0,,
ESTAT:MIGR_EMI1CTZ(1.0),01/07/26 23:00:00,A,PH,REACH,TOTAL,NR,T,IT,2017-01-01,390.0,,
ESTAT:MIGR_EMI1CTZ(1.0),01/07/26 23:00:00,A,PK,REACH,TOTAL,NR,T,IT,2017-01-01,910.0,,
ESTAT:MIGR_EMI1CTZ(1.0),01/07/26 23:00:00,A,PL,REACH,TOTAL,NR,T,IT,2017-01-01,1467.0,,
ESTAT:MIGR_EMI1CTZ(1.0),01/07/26 23:00:00,A,PM,REACH,TOTAL,NR,T,IT,2017-01-01,0.0,,
ESTAT:MIGR_EMI1CTZ(1.0),01/07/26 23:00:00,A,PN,REACH,TOTAL,NR,T,IT,2017-01-01,0.0,,
ESTAT:MIGR_EMI1CTZ(1.0),01/07/26 23:00:00,A,POL,REACH,TOTAL,NR,T,IT,2017-01-01,2.0,,
ESTAT:MIGR_EMI1CTZ(1.0),01/07/26 23:00:00,A,PS,REACH,TOTAL,NR,T,IT,2017-01-01,7.0,,
ESTAT:MIGR_EMI1CTZ(1.0),01/07/26 23:00:00,A,PT,REACH,TOTAL,NR,T,IT,2017-01-01,127.0,,
ESTAT:MIGR_EMI1CTZ(1.0),01/07/26 23:00:00,A,PW,REACH,TOTAL,NR,T,IT,2017-01-01,0.0,,
ESTAT:MIGR_EMI1CTZ(1.0),01/07/26 23:00:00,A,PY,REACH,TOTAL,NR,T,IT,2017-01-01,12.0,,
ESTAT:MIGR_EMI1CTZ(1.0),01/07/26 23:00:00,A,QA,REACH,TOTAL,NR,T,IT,2017-01-01,0.0,,
ESTAT:MIGR_EMI1CTZ(1.0),01/07/26 23:00:00,A,RNC,REACH,TOTAL,NR,T,IT,2017-01-01,0.0,,
ESTAT:MIGR_EMI1CTZ(1.0),01/07/26 23:00:00,A,RO,REACH,TOTAL,NR,T,IT,2017-01-01,12220.0,,
ESTAT:MIGR_EMI1CTZ(1.0),01/07/26 23:00:00,A,RS,REACH,TOTAL,NR,T,IT,2017-01-01,234.0,,
ESTAT:MIGR_EMI1CTZ(1.0),01/07/26 23:00:00,A,RS_ME,REACH,TOTAL,NR,T,IT,2017-01-01,0.0,,
ESTAT:MIGR_EMI1CTZ(1.0),01/07/26 23:00:00,A,RU,REACH,TOTAL,NR,T,IT,2017-01-01,307.0,,
ESTAT:MIGR_EMI1CTZ(1.0),01/07/26 23:00:00,A,RW,REACH,TOTAL,NR,T,IT,2017-01-01,1.0,,
ESTAT:MIGR_EMI1CTZ(1.0),01/07/26 23:00:00,A,SA,REACH,TOTAL,NR,T,IT,2017-01-01,6.0,,
ESTAT:MIGR_EMI1CTZ(1.0),01/07/26 23:00:00,A,SB,REACH,TOTAL,NR,T,IT,2017-01-01,0.0,,
ESTAT:MIGR_EMI1CTZ(1.0),01/07/26 23:00:00,A,SC,REACH,TOTAL,NR,T,IT,2017-01-01,1.0,,
ESTAT:MIGR_EMI1CTZ(1.0),01/07/26 23:00:00,A,SD,REACH,TOTAL,NR,T,IT,2017-01-01,7.0,,
ESTAT:MIGR_EMI1CTZ(1.0),01/07/26 23:00:00,A,SE,REACH,TOTAL,NR,T,IT,2017-01-01,83.0,,
ESTAT:MIGR_EMI1CTZ(1.0),01/07/26 23:00:00,A,SG,REACH,TOTAL,NR,T,IT,2017-01-01,4.0,,
ESTAT:MIGR_EMI1CTZ(1.0),01/07/26 23:00:00,A,SH,REACH,TOTAL,NR,T,IT,2017-01-01,0.0,,
ESTAT:MIGR_EMI1CTZ(1.0),01/07/26 23:00:00,A,SI,REACH,TOTAL,NR,T,IT,2017-01-01,81.0,,
ESTAT:MIGR_EMI1CTZ(1.0),01/07/26 23:00:00,A,SK,REACH,TOTAL,NR,T,IT,2017-01-01,283.0,,
ESTAT:MIGR_EMI1CTZ(1.0),01/07/26 23:00:00,A,SL,REACH,TOTAL,NR,T,IT,2017-01-01,5.0,,
ESTAT:MIGR_EMI1CTZ(1.0),01/07/26 23:00:00,A,SM,REACH,TOTAL,NR,T,IT,2017-01-01,11.0,,
ESTAT:MIGR_EMI1CTZ(1.0),01/07/26 23:00:00,A,SN,REACH,TOTAL,NR,T,IT,2017-01-01,441.0,,
ESTAT:MIGR_EMI1CTZ(1.0),01/07/26 23:00:00,A,SO,REACH,TOTAL,NR,T,IT,2017-01-01,72.0,,
ESTAT:MIGR_EMI1CTZ(1.0),01/07/26 23:00:00,A,SR,REACH,TOTAL,NR,T,IT,2017-01-01,0.0,,
ESTAT:MIGR_EMI1CTZ(1.0),01/07/26 23:00:00,A,SS,REACH,TOTAL,NR,T,IT,2017-01-01,1.0,,
ESTAT:MIGR_EMI1CTZ(1.0),01/07/26 23:00:00,A,ST,REACH,TOTAL,NR,T,IT,2017-01-01,0.0,,
ESTAT:MIGR_EMI1CTZ(1.0),01/07/26 23:00:00,A,STLS,REACH,TOTAL,NR,T,IT,2017-01-01,2.0,,
ESTAT:MIGR_EMI1CTZ(1.0),01/07/26 23:00:00,A,SV,REACH,TOTAL,NR,T,IT,2017-01-01,15.0,,
ESTAT:MIGR_EMI1CTZ(1.0),01/07/26 23:00:00,A,SX,REACH,TOTAL,NR,T,IT,2017-01-01,0.0,,
ESTAT:MIGR_EMI1CTZ(1.0),01/07/26 23:00:00,A,SY,REACH,TOTAL,NR,T,IT,2017-01-01,63.0,,
ESTAT:MIGR_EMI1CTZ(1.0),01/07/26 23:00:00,A,SZ,REACH,TOTAL,NR,T,IT,2017-01-01,1.0,,
ESTAT:MIGR_EMI1CTZ(1.0),01/07/26 23:00:00,A,TC,REACH,TOTAL,NR,T,IT,2017-01-01,0.0,,
ESTAT:MIGR_EMI1CTZ(1.0),01/07/26 23:00:00,A,TD,REACH,TOTAL,NR,T,IT,2017-01-01,1.0,,
ESTAT:MIGR_EMI1CTZ(1.0),01/07/26 23:00:00,A,TG,REACH,TOTAL,NR,T,IT,2017-01-01,29.0,,
ESTAT:MIGR_EMI1CTZ(1.0),01/07/26 23:00:00,A,TH,REACH,TOTAL,NR,T,IT,2017-01-01,57.0,,
ESTAT:MIGR_EMI1CTZ(1.0),01/07/26 23:00:00,A,TJ,REACH,TOTAL,NR,T,IT,2017-01-01,0.0,,
ESTAT:MIGR_EMI1CTZ(1.0),01/07/26 23:00:00,A,TL,REACH,TOTAL,NR,T,IT,2017-01-01,0.0,,
ESTAT:MIGR_EMI1CTZ(1.0),01/07/26 23:00:00,A,TM,REACH,TOTAL,NR,T,IT,2017-01-01,0.0,,
ESTAT:MIGR_EMI1CTZ(1.0),01/07/26 23:00:00,A,TN,REACH,TOTAL,NR,T,IT,2017-01-01,471.0,,
ESTAT:MIGR_EMI1CTZ(1.0),01/07/26 23:00:00,A,TO,REACH,TOTAL,NR,T,IT,2017-01-01,0.0,,
ESTAT:MIGR_EMI1CTZ(1.0),01/07/26 23:00:00,A,TOTAL,REACH,TOTAL,NR,T,IT,2017-01-01,155110.0,,
ESTAT:MIGR_EMI1CTZ(1.0),01/07/26 23:00:00,A,TR,REACH,TOTAL,NR,T,IT,2017-01-01,153.0,,
ESTAT:MIGR_EMI1CTZ(1.0),01/07/26 23:00:00,A,TT,REACH,TOTAL,NR,T,IT,2017-01-01,1.0,,
ESTAT:MIGR_EMI1CTZ(1.0),01/07/26 23:00:00,A,TV,REACH,TOTAL,NR,T,IT,2017-01-01,0.0,,
ESTAT:MIGR_EMI1CTZ(1.0),01/07/26 23:00:00,A,TW,REACH,TOTAL,NR,T,IT,2017-01-01,18.0,,
ESTAT:MIGR_EMI1CTZ(1.0),01/07/26 23:00:00,A,TZ,REACH,TOTAL,NR,T,IT,2017-01-01,14.0,,
ESTAT:MIGR_EMI1CTZ(1.0),01/07/26 23:00:00,A,UA,REACH,TOTAL,NR,T,IT,2017-01-01,1556.0,,
ESTAT:MIGR_EMI1CTZ(1.0),01/07/26 23:00:00,A,UG,REACH,TOTAL,NR,T,IT,2017-01-01,8.0,,
ESTAT:MIGR_EMI1CTZ(1.0),01/07/26 23:00:00,A,UK,REACH,TOTAL,NR,T,IT,2017-01-01,562.0,,
ESTAT:MIGR_EMI1CTZ(1.0),01/07/26 23:00:00,A,UNK,REACH,TOTAL,NR,T,IT,2017-01-01,0.0,,
ESTAT:MIGR_EMI1CTZ(1.0),01/07/26 23:00:00,A,US,REACH,TOTAL,NR,T,IT,2017-01-01,505.0,,
ESTAT:MIGR_EMI1CTZ(1.0),01/07/26 23:00:00,A,UY,REACH,TOTAL,NR,T,IT,2017-01-01,12.0,,
ESTAT:MIGR_EMI1CTZ(1.0),01/07/26 23:00:00,A,UZ,REACH,TOTAL,NR,T,IT,2017-01-01,7.0,,
ESTAT:MIGR_EMI1CTZ(1.0),01/07/26 23:00:00,A,VA,REACH,TOTAL,NR,T,IT,2017-01-01,0.0,,
ESTAT:MIGR_EMI1CTZ(1.0),01/07/26 23:00:00,A,VC,REACH,TOTAL,NR,T,IT,2017-01-01,0.0,,
ESTAT:MIGR_EMI1CTZ(1.0),01/07/26 23:00:00,A,VE,REACH,TOTAL,NR,T,IT,2017-01-01,66.0,,
ESTAT:MIGR_EMI1CTZ(1.0),01/07/26 23:00:00,A,VG,REACH,TOTAL,NR,T,IT,2017-01-01,0.0,,
ESTAT:MIGR_EMI1CTZ(1.0),01/07/26 23:00:00,A,VN,REACH,TOTAL,NR,T,IT,2017-01-01,12.0,,
ESTAT:MIGR_EMI1CTZ(1.0),01/07/26 23:00:00,A,VU,REACH,TOTAL,NR,T,IT,2017-01-01,0.0,,
ESTAT:MIGR_EMI1CTZ(1.0),01/07/26 23:00:00,A,WF,REACH,TOTAL,NR,T,IT,2017-01-01,0.0,,
ESTAT:MIGR_EMI1CTZ(1.0),01/07/26 23:00:00,A,WS,REACH,TOTAL,NR,T,IT,2017-01-01,2.0,,
ESTAT:MIGR_EMI1CTZ(1.0),01/07/26 23:00:00,A,XK,REACH,TOTAL,NR,T,IT,2017-01-01,483.0,,
ESTAT:MIGR_EMI1CTZ(1.0),01/07/26 23:00:00,A,YE,REACH,TOTAL,NR,T,IT,2017-01-01,0.0,,
ESTAT:MIGR_EMI1CTZ(1.0),01/07/26 23:00:00,A,ZA,REACH,TOTAL,NR,T,IT,2017-01-01,14.0,,
ESTAT:MIGR_EMI1CTZ(1.0),01/07/26 23:00:00,A,ZM,REACH,TOTAL,NR,T,IT,2017-01-01,1.0,,
ESTAT:MIGR_EMI1CTZ(1.0),01/07/26 23:00:00,A,ZW,REACH,TOTAL,NR,T,IT,2017-01-01,0.0,,
ESTAT:MIGR_EMI1CTZ(1.0),01/07/26 23:00:00,A,AD,REACH,TOTAL,NR,T,IT,2018-01-01,0.0,,
ESTAT:MIGR_EMI1CTZ(1.0),01/07/26 23:00:00,A,AE,REACH,TOTAL,NR,T,IT,2018-01-01,0.0,,
ESTAT:MIGR_EMI1CTZ(1.0),01/07/26 23:00:00,A,AF,REACH,TOTAL,NR,T,IT,2018-01-01,72.0,,
ESTAT:MIGR_EMI1CTZ(1.0),01/07/26 23:00:00,A,AFR,REACH,TOTAL,NR,T,IT,2018-01-01,4753.0,,
ESTAT:MIGR_EMI1CTZ(1.0),01/07/26 23:00:00,A,AFR_C,REACH,TOTAL,NR,T,IT,2018-01-01,118.0,,
ESTAT:MIGR_EMI1CTZ(1.0),01/07/26 23:00:00,A,AFR_E,REACH,TOTAL,NR,T,IT,2018-01-01,241.0,,
ESTAT:MIGR_EMI1CTZ(1.0),01/07/26 23:00:00,A,AFR_N,REACH,TOTAL,NR,T,IT,2018-01-01,2999.0,,
ESTAT:MIGR_EMI1CTZ(1.0),01/07/26 23:00:00,A,AFR_S,REACH,TOTAL,NR,T,IT,2018-01-01,14.0,,
ESTAT:MIGR_EMI1CTZ(1.0),01/07/26 23:00:00,A,AFR_W,REACH,TOTAL,NR,T,IT,2018-01-01,1381.0,,
ESTAT:MIGR_EMI1CTZ(1.0),01/07/26 23:00:00,A,AG,REACH,TOTAL,NR,T,IT,2018-01-01,0.0,,
ESTAT:MIGR_EMI1CTZ(1.0),01/07/26 23:00:00,A,AI,REACH,TOTAL,NR,T,IT,2018-01-01,0.0,,
ESTAT:MIGR_EMI1CTZ(1.0),01/07/26 23:00:00,A,AL,REACH,TOTAL,NR,T,IT,2018-01-01,1416.0,,
ESTAT:MIGR_EMI1CTZ(1.0),01/07/26 23:00:00,A,AM,REACH,TOTAL,NR,T,IT,2018-01-01,15.0,,
ESTAT:MIGR_EMI1CTZ(1.0),01/07/26 23:00:00,A,AME,REACH,TOTAL,NR,T,IT,2018-01-01,2459.0,,
ESTAT:MIGR_EMI1CTZ(1.0),01/07/26 23:00:00,A,AME_C,REACH,TOTAL,NR,T,IT,2018-01-01,154.0,,
ESTAT:MIGR_EMI1CTZ(1.0),01/07/26 23:00:00,A,AME_N,REACH,TOTAL,NR,T,IT,2018-01-01,480.0,,
ESTAT:MIGR_EMI1CTZ(1.0),01/07/26 23:00:00,A,AME_S,REACH,TOTAL,NR,T,IT,2018-01-01,1473.0,,
ESTAT:MIGR_EMI1CTZ(1.0),01/07/26 23:00:00,A,AN,REACH,TOTAL,NR,T,IT,2018-01-01,0.0,,
ESTAT:MIGR_EMI1CTZ(1.0),01/07/26 23:00:00,A,AO,REACH,TOTAL,NR,T,IT,2018-01-01,13.0,,
ESTAT:MIGR_EMI1CTZ(1.0),01/07/26 23:00:00,A,AR,REACH,TOTAL,NR,T,IT,2018-01-01,105.0,,
ESTAT:MIGR_EMI1CTZ(1.0),01/07/26 23:00:00,A,ASI,REACH,TOTAL,NR,T,IT,2018-01-01,6419.0,,
ESTAT:MIGR_EMI1CTZ(1.0),01/07/26 23:00:00,A,ASI_C,REACH,TOTAL,NR,T,IT,2018-01-01,54.0,,
ESTAT:MIGR_EMI1CTZ(1.0),01/07/26 23:00:00,A,ASI_E,REACH,TOTAL,NR,T,IT,2018-01-01,2062.0,,
ESTAT:MIGR_EMI1CTZ(1.0),01/07/26 23:00:00,A,ASI_S,REACH,TOTAL,NR,T,IT,2018-01-01,3444.0,,
ESTAT:MIGR_EMI1CTZ(1.0),01/07/26 23:00:00,A,ASI_S_E,REACH,TOTAL,NR,T,IT,2018-01-01,469.0,,
ESTAT:MIGR_EMI1CTZ(1.0),01/07/26 23:00:00,A,ASI_W,REACH,TOTAL,NR,T,IT,2018-01-01,390.0,,
ESTAT:MIGR_EMI1CTZ(1.0),01/07/26 23:00:00,A,AT,REACH,TOTAL,NR,T,IT,2018-01-01,190.0,,
ESTAT:MIGR_EMI1CTZ(1.0),01/07/26 23:00:00,A,AU,REACH,TOTAL,NR,T,IT,2018-01-01,45.0,,
ESTAT:MIGR_EMI1CTZ(1.0),01/07/26 23:00:00,A,AU_NZ,REACH,TOTAL,NR,T,IT,2018-01-01,56.0,,
ESTAT:MIGR_EMI1CTZ(1.0),01/07/26 23:00:00,A,AW,REACH,TOTAL,NR,T,IT,2018-01-01,0.0,,
ESTAT:MIGR_EMI1CTZ(1.0),01/07/26 23:00:00,A,AZ,REACH,TOTAL,NR,T,IT,2018-01-01,5.0,,
ESTAT:MIGR_EMI1CTZ(1.0),01/07/26 23:00:00,A,BA,REACH,TOTAL,NR,T,IT,2018-01-01,160.0,,
ESTAT:MIGR_EMI1CTZ(1.0),01/07/26 23:00:00,A,BB,REACH,TOTAL,NR,T,IT,2018-01-01,0.0,,
ESTAT:MIGR_EMI1CTZ(1.0),01/07/26 23:00:00,A,BD,REACH,TOTAL,NR,T,IT,2018-01-01,674.0,,
ESTAT:MIGR_EMI1CTZ(1.0),01/07/26 23:00:00,A,BE,REACH,TOTAL,NR,T,IT,2018-01-01,129.0,,
ESTAT:MIGR_EMI1CTZ(1.0),01/07/26 23:00:00,A,BF,REACH,TOTAL,NR,T,IT,2018-01-01,65.0,,
ESTAT:MIGR_EMI1CTZ(1.0),01/07/26 23:00:00,A,BG,REACH,TOTAL,NR,T,IT,2018-01-01,844.0,,
ESTAT:MIGR_EMI1CTZ(1.0),01/07/26 23:00:00,A,BH,REACH,TOTAL,NR,T,IT,2018-01-01,0.0,,
ESTAT:MIGR_EMI1CTZ(1.0),01/07/26 23:00:00,A,BI,REACH,TOTAL,NR,T,IT,2018-01-01,9.0,,
ESTAT:MIGR_EMI1CTZ(1.0),01/07/26 23:00:00,A,BJ,REACH,TOTAL,NR,T,IT,2018-01-01,13.0,,
ESTAT:MIGR_EMI1CTZ(1.0),01/07/26 23:00:00,A,BL,REACH,TOTAL,NR,T,IT,2018-01-01,0.0,,
ESTAT:MIGR_EMI1CTZ(1.0),01/07/26 23:00:00,A,BM,REACH,TOTAL,NR,T,IT,2018-01-01,0.0,,
ESTAT:MIGR_EMI1CTZ(1.0),01/07/26 23:00:00,A,BN,REACH,TOTAL,NR,T,IT,2018-01-01,1.0,,
ESTAT:MIGR_EMI1CTZ(1.0),01/07/26 23:00:00,A,BO,REACH,TOTAL,NR,T,IT,2018-01-01,43.0,,
ESTAT:MIGR_EMI1CTZ(1.0),01/07/26 23:00:00,A,BQ,REACH,TOTAL,NR,T,IT,2018-01-01,0.0,,
ESTAT:MIGR_EMI1CTZ(1.0),01/07/26 23:00:00,A,BR,REACH,TOTAL,NR,T,IT,2018-01-01,524.0,,
ESTAT:MIGR_EMI1CTZ(1.0),01/07/26 23:00:00,A,BS,REACH,TOTAL,NR,T,IT,2018-01-01,0.0,,
ESTAT:MIGR_EMI1CTZ(1.0),01/07/26 23:00:00,A,BT,REACH,TOTAL,NR,T,IT,2018-01-01,0.0,,
ESTAT:MIGR_EMI1CTZ(1.0),01/07/26 23:00:00,A,BW,REACH,TOTAL,NR,T,IT,2018-01-01,0.0,,
ESTAT:MIGR_EMI1CTZ(1.0),01/07/26 23:00:00,A,BY,REACH,TOTAL,NR,T,IT,2018-01-01,39.0,,
ESTAT:MIGR_EMI1CTZ(1.0),01/07/26 23:00:00,A,BZ,REACH,TOTAL,NR,T,IT,2018-01-01,0.0,,
ESTAT:MIGR_EMI1CTZ(1.0),01/07/26 23:00:00,A,CA,REACH,TOTAL,NR,T,IT,2018-01-01,48.0,,
ESTAT:MIGR_EMI1CTZ(1.0),01/07/26 23:00:00,A,CD,REACH,TOTAL,NR,T,IT,2018-01-01,12.0,,
ESTAT:MIGR_EMI1CTZ(1.0),01/07/26 23:00:00,A,CF,REACH,TOTAL,NR,T,IT,2018-01-01,1.0,,
ESTAT:MIGR_EMI1CTZ(1.0),01/07/26 23:00:00,A,CG,REACH,TOTAL,NR,T,IT,2018-01-01,17.0,,
ESTAT:MIGR_EMI1CTZ(1.0),01/07/26 23:00:00,A,CH,REACH,TOTAL,NR,T,IT,2018-01-01,189.0,,
ESTAT:MIGR_EMI1CTZ(1.0),01/07/26 23:00:00,A,CI,REACH,TOTAL,NR,T,IT,2018-01-01,131.0,,
ESTAT:MIGR_EMI1CTZ(1.0),01/07/26 23:00:00,A,CL,REACH,TOTAL,NR,T,IT,2018-01-01,27.0,,
ESTAT:MIGR_EMI1CTZ(1.0),01/07/26 23:00:00,A,CM,REACH,TOTAL,NR,T,IT,2018-01-01,67.0,,
ESTAT:MIGR_EMI1CTZ(1.0),01/07/26 23:00:00,A,CN,REACH,TOTAL,NR,T,IT,2018-01-01,1681.0,,
ESTAT:MIGR_EMI1CTZ(1.0),01/07/26 23:00:00,A,CO,REACH,TOTAL,NR,T,IT,2018-01-01,147.0,,
ESTAT:MIGR_EMI1CTZ(1.0),01/07/26 23:00:00,A,CR,REACH,TOTAL,NR,T,IT,2018-01-01,7.0,,
ESTAT:MIGR_EMI1CTZ(1.0),01/07/26 23:00:00,A,CRB,REACH,TOTAL,NR,T,IT,2018-01-01,352.0,,
ESTAT:MIGR_EMI1CTZ(1.0),01/07/26 23:00:00,A,CU,REACH,TOTAL,NR,T,IT,2018-01-01,180.0,,
ESTAT:MIGR_EMI1CTZ(1.0),01/07/26 23:00:00,A,CV,REACH,TOTAL,NR,T,IT,2018-01-01,10.0,,
ESTAT:MIGR_EMI1CTZ(1.0),01/07/26 23:00:00,A,CW,REACH,TOTAL,NR,T,IT,2018-01-01,0.0,,
ESTAT:MIGR_EMI1CTZ(1.0),01/07/26 23:00:00,A,CY,REACH,TOTAL,NR,T,IT,2018-01-01,3.0,,
ESTAT:MIGR_EMI1CTZ(1.0),01/07/26 23:00:00,A,CZ,REACH,TOTAL,NR,T,IT,2018-01-01,115.0,,
ESTAT:MIGR_EMI1CTZ(1.0),01/07/26 23:00:00,A,CZ_SK,REACH,TOTAL,NR,T,IT,2018-01-01,0.0,,
ESTAT:MIGR_EMI1CTZ(1.0),01/07/26 23:00:00,A,DE,REACH,TOTAL,NR,T,IT,2018-01-01,891.0,,
ESTAT:MIGR_EMI1CTZ(1.0),01/07/26 23:00:00,A,DJ,REACH,TOTAL,NR,T,IT,2018-01-01,0.0,,
ESTAT:MIGR_EMI1CTZ(1.0),01/07/26 23:00:00,A,DK,REACH,TOTAL,NR,T,IT,2018-01-01,45.0,,
ESTAT:MIGR_EMI1CTZ(1.0),01/07/26 23:00:00,A,DM,REACH,TOTAL,NR,T,IT,2018-01-01,10.0,,
ESTAT:MIGR_EMI1CTZ(1.0),01/07/26 23:00:00,A,DO,REACH,TOTAL,NR,T,IT,2018-01-01,157.0,,
ESTAT:MIGR_EMI1CTZ(1.0),01/07/26 23:00:00,A,DZ,REACH,TOTAL,NR,T,IT,2018-01-01,113.0,,
ESTAT:MIGR_EMI1CTZ(1.0),01/07/26 23:00:00,A,EC,REACH,TOTAL,NR,T,IT,2018-01-01,227.0,,
ESTAT:MIGR_EMI1CTZ(1.0),01/07/26 23:00:00,A,EE,REACH,TOTAL,NR,T,IT,2018-01-01,20.0,,
ESTAT:MIGR_EMI1CTZ(1.0),01/07/26 23:00:00,A,EG,REACH,TOTAL,NR,T,IT,2018-01-01,359.0,,
ESTAT:MIGR_EMI1CTZ(1.0),01/07/26 23:00:00,A,EH,REACH,TOTAL,NR,T,IT,2018-01-01,0.0,,
ESTAT:MIGR_EMI1CTZ(1.0),01/07/26 23:00:00,A,EL,REACH,TOTAL,NR,T,IT,2018-01-01,142.0,,
ESTAT:MIGR_EMI1CTZ(1.0),01/07/26 23:00:00,A,ER,REACH,TOTAL,NR,T,IT,2018-01-01,58.0,,
ESTAT:MIGR_EMI1CTZ(1.0),01/07/26 23:00:00,A,ES,REACH,TOTAL,NR,T,IT,2018-01-01,505.0,,
ESTAT:MIGR_EMI1CTZ(1.0),01/07/26 23:00:00,A,ET,REACH,TOTAL,NR,T,IT,2018-01-01,37.0,,
ESTAT:MIGR_EMI1CTZ(1.0),01/07/26 23:00:00,A,EU28_FOR,REACH,TOTAL,NR,T,IT,2018-01-01,20686.0,,
ESTAT:MIGR_EMI1CTZ(1.0),01/07/26 23:00:00,A,EUR,REACH,TOTAL,NR,T,IT,2018-01-01,143258.0,,
ESTAT:MIGR_EMI1CTZ(1.0),01/07/26 23:00:00,A,EX_SU,REACH,TOTAL,NR,T,IT,2018-01-01,0.0,,
ESTAT:MIGR_EMI1CTZ(1.0),01/07/26 23:00:00,A,EX_YU,REACH,TOTAL,NR,T,IT,2018-01-01,0.0,,
ESTAT:MIGR_EMI1CTZ(1.0),01/07/26 23:00:00,A,FI,REACH,TOTAL,NR,T,IT,2018-01-01,66.0,,
ESTAT:MIGR_EMI1CTZ(1.0),01/07/26 23:00:00,A,FJ,REACH,TOTAL,NR,T,IT,2018-01-01,0.0,,
ESTAT:MIGR_EMI1CTZ(1.0),01/07/26 23:00:00,A,FK,REACH,TOTAL,NR,T,IT,2018-01-01,0.0,,
ESTAT:MIGR_EMI1CTZ(1.0),01/07/26 23:00:00,A,FM,REACH,TOTAL,NR,T,IT,2018-01-01,2.0,,
ESTAT:MIGR_EMI1CTZ(1.0),01/07/26 23:00:00,A,FO,REACH,TOTAL,NR,T,IT,2018-01-01,0.0,,
ESTAT:MIGR_EMI1CTZ(1.0),01/07/26 23:00:00,A,FOR_STLS,REACH,TOTAL,NR,T,IT,2018-01-01,40228.0,,
ESTAT:MIGR_EMI1CTZ(1.0),01/07/26 23:00:00,A,FR,REACH,TOTAL,NR,T,IT,2018-01-01,740.0,,
ESTAT:MIGR_EMI1CTZ(1.0),01/07/26 23:00:00,A,GA,REACH,TOTAL,NR,T,IT,2018-01-01,1.0,,
ESTAT:MIGR_EMI1CTZ(1.0),01/07/26 23:00:00,A,GD,REACH,TOTAL,NR,T,IT,2018-01-01,0.0,,
ESTAT:MIGR_EMI1CTZ(1.0),01/07/26 23:00:00,A,GE,REACH,TOTAL,NR,T,IT,2018-01-01,113.0,,
ESTAT:MIGR_EMI1CTZ(1.0),01/07/26 23:00:00,A,GG,REACH,TOTAL,NR,T,IT,2018-01-01,0.0,,
ESTAT:MIGR_EMI1CTZ(1.0),01/07/26 23:00:00,A,GH,REACH,TOTAL,NR,T,IT,2018-01-01,228.0,,
ESTAT:MIGR_EMI1CTZ(1.0),01/07/26 23:00:00,A,GI,REACH,TOTAL,NR,T,IT,2018-01-01,0.0,,
ESTAT:MIGR_EMI1CTZ(1.0),01/07/26 23:00:00,A,GL,REACH,TOTAL,NR,T,IT,2018-01-01,0.0,,
ESTAT:MIGR_EMI1CTZ(1.0),01/07/26 23:00:00,A,GM,REACH,TOTAL,NR,T,IT,2018-01-01,66.0,,
ESTAT:MIGR_EMI1CTZ(1.0),01/07/26 23:00:00,A,GN,REACH,TOTAL,NR,T,IT,2018-01-01,57.0,,
ESTAT:MIGR_EMI1CTZ(1.0),01/07/26 23:00:00,A,GQ,REACH,TOTAL,NR,T,IT,2018-01-01,2.0,,
ESTAT:MIGR_EMI1CTZ(1.0),01/07/26 23:00:00,A,GT,REACH,TOTAL,NR,T,IT,2018-01-01,6.0,,
ESTAT:MIGR_EMI1CTZ(1.0),01/07/26 23:00:00,A,GW,REACH,TOTAL,NR,T,IT,2018-01-01,7.0,,
ESTAT:MIGR_EMI1CTZ(1.0),01/07/26 23:00:00,A,GY,REACH,TOTAL,NR,T,IT,2018-01-01,0.0,,
ESTAT:MIGR_EMI1CTZ(1.0),01/07/26 23:00:00,A,HN,REACH,TOTAL,NR,T,IT,2018-01-01,4.0,,
ESTAT:MIGR_EMI1CTZ(1.0),01/07/26 23:00:00,A,HR,REACH,TOTAL,NR,T,IT,2018-01-01,338.0,,
ESTAT:MIGR_EMI1CTZ(1.0),01/07/26 23:00:00,A,HT,REACH,TOTAL,NR,T,IT,2018-01-01,2.0,,
ESTAT:MIGR_EMI1CTZ(1.0),01/07/26 23:00:00,A,HU,REACH,TOTAL,NR,T,IT,2018-01-01,255.0,,
ESTAT:MIGR_EMI1CTZ(1.0),01/07/26 23:00:00,A,ID,REACH,TOTAL,NR,T,IT,2018-01-01,40.0,,
ESTAT:MIGR_EMI1CTZ(1.0),01/07/26 23:00:00,A,IE,REACH,TOTAL,NR,T,IT,2018-01-01,52.0,,
ESTAT:MIGR_EMI1CTZ(1.0),01/07/26 23:00:00,A,IL,REACH,TOTAL,NR,T,IT,2018-01-01,23.0,,
ESTAT:MIGR_EMI1CTZ(1.0),01/07/26 23:00:00,A,IM,REACH,TOTAL,NR,T,IT,2018-01-01,0.0,,
ESTAT:MIGR_EMI1CTZ(1.0),01/07/26 23:00:00,A,IN,REACH,TOTAL,NR,T,IT,2018-01-01,1362.0,,
ESTAT:MIGR_EMI1CTZ(1.0),01/07/26 23:00:00,A,IQ,REACH,TOTAL,NR,T,IT,2018-01-01,55.0,,
ESTAT:MIGR_EMI1CTZ(1.0),01/07/26 23:00:00,A,IR,REACH,TOTAL,NR,T,IT,2018-01-01,54.0,,
ESTAT:MIGR_EMI1CTZ(1.0),01/07/26 23:00:00,A,IS,REACH,TOTAL,NR,T,IT,2018-01-01,4.0,,
ESTAT:MIGR_EMI1CTZ(1.0),01/07/26 23:00:00,A,IT,REACH,TOTAL,NR,T,IT,2018-01-01,116732.0,,
ESTAT:MIGR_EMI1CTZ(1.0),01/07/26 23:00:00,A,JE,REACH,TOTAL,NR,T,IT,2018-01-01,0.0,,
ESTAT:MIGR_EMI1CTZ(1.0),01/07/26 23:00:00,A,JM,REACH,TOTAL,NR,T,IT,2018-01-01,2.0,,
ESTAT:MIGR_EMI1CTZ(1.0),01/07/26 23:00:00,A,JO,REACH,TOTAL,NR,T,IT,2018-01-01,13.0,,
ESTAT:MIGR_EMI1CTZ(1.0),01/07/26 23:00:00,A,JP,REACH,TOTAL,NR,T,IT,2018-01-01,290.0,,
ESTAT:MIGR_EMI1CTZ(1.0),01/07/26 23:00:00,A,KE,REACH,TOTAL,NR,T,IT,2018-01-01,28.0,,
ESTAT:MIGR_EMI1CTZ(1.0),01/07/26 23:00:00,A,KG,REACH,TOTAL,NR,T,IT,2018-01-01,7.0,,
ESTAT:MIGR_EMI1CTZ(1.0),01/07/26 23:00:00,A,KH,REACH,TOTAL,NR,T,IT,2018-01-01,3.0,,
ESTAT:MIGR_EMI1CTZ(1.0),01/07/26 23:00:00,A,KI,REACH,TOTAL,NR,T,IT,2018-01-01,0.0,,
ESTAT:MIGR_EMI1CTZ(1.0),01/07/26 23:00:00,A,KM,REACH,TOTAL,NR,T,IT,2018-01-01,0.0,,
ESTAT:MIGR_EMI1CTZ(1.0),01/07/26 23:00:00,A,KN,REACH,TOTAL,NR,T,IT,2018-01-01,0.0,,
ESTAT:MIGR_EMI1CTZ(1.0),01/07/26 23:00:00,A,KP,REACH,TOTAL,NR,T,IT,2018-01-01,0.0,,
ESTAT:MIGR_EMI1CTZ(1.0),01/07/26 23:00:00,A,KR,REACH,TOTAL,NR,T,IT,2018-01-01,72.0,,
ESTAT:MIGR_EMI1CTZ(1.0),01/07/26 23:00:00,A,KW,REACH,TOTAL,NR,T,IT,2018-01-01,3.0,,
ESTAT:MIGR_EMI1CTZ(1.0),01/07/26 23:00:00,A,KY,REACH,TOTAL,NR,T,IT,2018-01-01,0.0,,
ESTAT:MIGR_EMI1CTZ(1.0),01/07/26 23:00:00,A,KZ,REACH,TOTAL,NR,T,IT,2018-01-01,39.0,,
ESTAT:MIGR_EMI1CTZ(1.0),01/07/26 23:00:00,A,LA,REACH,TOTAL,NR,T,IT,2018-01-01,0.0,,
ESTAT:MIGR_EMI1CTZ(1.0),01/07/26 23:00:00,A,LB,REACH,TOTAL,NR,T,IT,2018-01-01,25.0,,
ESTAT:MIGR_EMI1CTZ(1.0),01/07/26 23:00:00,A,LC,REACH,TOTAL,NR,T,IT,2018-01-01,0.0,,
ESTAT:MIGR_EMI1CTZ(1.0),01/07/26 23:00:00,A,LI,REACH,TOTAL,NR,T,IT,2018-01-01,2.0,,
ESTAT:MIGR_EMI1CTZ(1.0),01/07/26 23:00:00,A,LK,REACH,TOTAL,NR,T,IT,2018-01-01,452.0,,
ESTAT:MIGR_EMI1CTZ(1.0),01/07/26 23:00:00,A,LR,REACH,TOTAL,NR,T,IT,2018-01-01,9.0,,
ESTAT:MIGR_EMI1CTZ(1.0),01/07/26 23:00:00,A,LS,REACH,TOTAL,NR,T,IT,2018-01-01,0.0,,
ESTAT:MIGR_EMI1CTZ(1.0),01/07/26 23:00:00,A,LT,REACH,TOTAL,NR,T,IT,2018-01-01,75.0,,
ESTAT:MIGR_EMI1CTZ(1.0),01/07/26 23:00:00,A,LU,REACH,TOTAL,NR,T,IT,2018-01-01,5.0,,
ESTAT:MIGR_EMI1CTZ(1.0),01/07/26 23:00:00,A,LV,REACH,TOTAL,NR,T,IT,2018-01-01,32.0,,
ESTAT:MIGR_EMI1CTZ(1.0),01/07/26 23:00:00,A,LY,REACH,TOTAL,NR,T,IT,2018-01-01,22.0,,
ESTAT:MIGR_EMI1CTZ(1.0),01/07/26 23:00:00,A,MA,REACH,TOTAL,NR,T,IT,2018-01-01,2018.0,,
ESTAT:MIGR_EMI1CTZ(1.0),01/07/26 23:00:00,A,MC,REACH,TOTAL,NR,T,IT,2018-01-01,0.0,,
ESTAT:MIGR_EMI1CTZ(1.0),01/07/26 23:00:00,A,MD,REACH,TOTAL,NR,T,IT,2018-01-01,666.0,,
ESTAT:MIGR_EMI1CTZ(1.0),01/07/26 23:00:00,A,ME,REACH,TOTAL,NR,T,IT,2018-01-01,9.0,,
ESTAT:MIGR_EMI1CTZ(1.0),01/07/26 23:00:00,A,MEL,REACH,TOTAL,NR,T,IT,2018-01-01,4.0,,
ESTAT:MIGR_EMI1CTZ(1.0),01/07/26 23:00:00,A,MG,REACH,TOTAL,NR,T,IT,2018-01-01,6.0,,
ESTAT:MIGR_EMI1CTZ(1.0),01/07/26 23:00:00,A,MH,REACH,TOTAL,NR,T,IT,2018-01-01,0.0,,
ESTAT:MIGR_EMI1CTZ(1.0),01/07/26 23:00:00,A,MIC,REACH,TOTAL,NR,T,IT,2018-01-01,2.0,,
ESTAT:MIGR_EMI1CTZ(1.0),01/07/26 23:00:00,A,MK,REACH,TOTAL,NR,T,IT,2018-01-01,578.0,,
ESTAT:MIGR_EMI1CTZ(1.0),01/07/26 23:00:00,A,ML,REACH,TOTAL,NR,T,IT,2018-01-01,59.0,,
ESTAT:MIGR_EMI1CTZ(1.0),01/07/26 23:00:00,A,MM,REACH,TOTAL,NR,T,IT,2018-01-01,0.0,,
ESTAT:MIGR_EMI1CTZ(1.0),01/07/26 23:00:00,A,MN,REACH,TOTAL,NR,T,IT,2018-01-01,0.0,,
ESTAT:MIGR_EMI1CTZ(1.0),01/07/26 23:00:00,A,MR,REACH,TOTAL,NR,T,IT,2018-01-01,1.0,,
ESTAT:MIGR_EMI1CTZ(1.0),01/07/26 23:00:00,A,MS,REACH,TOTAL,NR,T,IT,2018-01-01,0.0,,
ESTAT:MIGR_EMI1CTZ(1.0),01/07/26 23:00:00,A,MT,REACH,TOTAL,NR,T,IT,2018-01-01,7.0,,
ESTAT:MIGR_EMI1CTZ(1.0),01/07/26 23:00:00,A,MU,REACH,TOTAL,NR,T,IT,2018-01-01,23.0,,
ESTAT:MIGR_EMI1CTZ(1.0),01/07/26 23:00:00,A,MV,REACH,TOTAL,NR,T,IT,2018-01-01,1.0,,
ESTAT:MIGR_EMI1CTZ(1.0),01/07/26 23:00:00,A,MW,REACH,TOTAL,NR,T,IT,2018-01-01,2.0,,
ESTAT:MIGR_EMI1CTZ(1.0),01/07/26 23:00:00,A,MX,REACH,TOTAL,NR,T,IT,2018-01-01,111.0,,
ESTAT:MIGR_EMI1CTZ(1.0),01/07/26 23:00:00,A,MY,REACH,TOTAL,NR,T,IT,2018-01-01,8.0,,
ESTAT:MIGR_EMI1CTZ(1.0),01/07/26 23:00:00,A,MZ,REACH,TOTAL,NR,T,IT,2018-01-01,3.0,,
ESTAT:MIGR_EMI1CTZ(1.0),01/07/26 23:00:00,A,NA,REACH,TOTAL,NR,T,IT,2018-01-01,0.0,,
ESTAT:MIGR_EMI1CTZ(1.0),01/07/26 23:00:00,A,NAT,REACH,TOTAL,NR,T,IT,2018-01-01,116732.0,,
ESTAT:MIGR_EMI1CTZ(1.0),01/07/26 23:00:00,A,NC,REACH,TOTAL,NR,T,IT,2018-01-01,0.0,,
ESTAT:MIGR_EMI1CTZ(1.0),01/07/26 23:00:00,A,NE,REACH,TOTAL,NR,T,IT,2018-01-01,6.0,,
ESTAT:MIGR_EMI1CTZ(1.0),01/07/26 23:00:00,A,NEU28_FOR,REACH,TOTAL,NR,T,IT,2018-01-01,19535.0,,
ESTAT:MIGR_EMI1CTZ(1.0),01/07/26 23:00:00,A,NG,REACH,TOTAL,NR,T,IT,2018-01-01,311.0,,
ESTAT:MIGR_EMI1CTZ(1.0),01/07/26 23:00:00,A,NI,REACH,TOTAL,NR,T,IT,2018-01-01,0.0,,
ESTAT:MIGR_EMI1CTZ(1.0),01/07/26 23:00:00,A,NL,REACH,TOTAL,NR,T,IT,2018-01-01,302.0,,
ESTAT:MIGR_EMI1CTZ(1.0),01/07/26 23:00:00,A,NO,REACH,TOTAL,NR,T,IT,2018-01-01,26.0,,
ESTAT:MIGR_EMI1CTZ(1.0),01/07/26 23:00:00,A,NP,REACH,TOTAL,NR,T,IT,2018-01-01,13.0,,
ESTAT:MIGR_EMI1CTZ(1.0),01/07/26 23:00:00,A,NR,REACH,TOTAL,NR,T,IT,2018-01-01,0.0,,
ESTAT:MIGR_EMI1CTZ(1.0),01/07/26 23:00:00,A,NZ,REACH,TOTAL,NR,T,IT,2018-01-01,11.0,,
ESTAT:MIGR_EMI1CTZ(1.0),01/07/26 23:00:00,A,OCE,REACH,TOTAL,NR,T,IT,2018-01-01,64.0,,
ESTAT:MIGR_EMI1CTZ(1.0),01/07/26 23:00:00,A,OM,REACH,TOTAL,NR,T,IT,2018-01-01,4.0,,
ESTAT:MIGR_EMI1CTZ(1.0),01/07/26 23:00:00,A,OTH,REACH,TOTAL,NR,T,IT,2018-01-01,0.0,,
ESTAT:MIGR_EMI1CTZ(1.0),01/07/26 23:00:00,A,PA,REACH,TOTAL,NR,T,IT,2018-01-01,1.0,,
ESTAT:MIGR_EMI1CTZ(1.0),01/07/26 23:00:00,A,PE,REACH,TOTAL,NR,T,IT,2018-01-01,297.0,,
ESTAT:MIGR_EMI1CTZ(1.0),01/07/26 23:00:00,A,PF,REACH,TOTAL,NR,T,IT,2018-01-01,0.0,,
ESTAT:MIGR_EMI1CTZ(1.0),01/07/26 23:00:00,A,PG,REACH,TOTAL,NR,T,IT,2018-01-01,4.0,,
ESTAT:MIGR_EMI1CTZ(1.0),01/07/26 23:00:00,A,PH,REACH,TOTAL,NR,T,IT,2018-01-01,344.0,,
ESTAT:MIGR_EMI1CTZ(1.0),01/07/26 23:00:00,A,PK,REACH,TOTAL,NR,T,IT,2018-01-01,816.0,,
ESTAT:MIGR_EMI1CTZ(1.0),01/07/26 23:00:00,A,PL,REACH,TOTAL,NR,T,IT,2018-01-01,1537.0,,
ESTAT:MIGR_EMI1CTZ(1.0),01/07/26 23:00:00,A,PM,REACH,TOTAL,NR,T,IT,2018-01-01,0.0,,
ESTAT:MIGR_EMI1CTZ(1.0),01/07/26 23:00:00,A,PN,REACH,TOTAL,NR,T,IT,2018-01-01,0.0,,
ESTAT:MIGR_EMI1CTZ(1.0),01/07/26 23:00:00,A,POL,REACH,TOTAL,NR,T,IT,2018-01-01,2.0,,
ESTAT:MIGR_EMI1CTZ(1.0),01/07/26 23:00:00,A,PS,REACH,TOTAL,NR,T,IT,2018-01-01,6.0,,
ESTAT:MIGR_EMI1CTZ(1.0),01/07/26 23:00:00,A,PT,REACH,TOTAL,NR,T,IT,2018-01-01,160.0,,
ESTAT:MIGR_EMI1CTZ(1.0),01/07/26 23:00:00,A,PW,REACH,TOTAL,NR,T,IT,2018-01-01,0.0,,
ESTAT:MIGR_EMI1CTZ(1.0),01/07/26 23:00:00,A,PY,REACH,TOTAL,NR,T,IT,2018-01-01,15.0,,
ESTAT:MIGR_EMI1CTZ(1.0),01/07/26 23:00:00,A,QA,REACH,TOTAL,NR,T,IT,2018-01-01,0.0,,
ESTAT:MIGR_EMI1CTZ(1.0),01/07/26 23:00:00,A,RNC,REACH,TOTAL,NR,T,IT,2018-01-01,0.0,,
ESTAT:MIGR_EMI1CTZ(1.0),01/07/26 23:00:00,A,RO,REACH,TOTAL,NR,T,IT,2018-01-01,13172.0,,
ESTAT:MIGR_EMI1CTZ(1.0),01/07/26 23:00:00,A,RS,REACH,TOTAL,NR,T,IT,2018-01-01,268.0,,
ESTAT:MIGR_EMI1CTZ(1.0),01/07/26 23:00:00,A,RS_ME,REACH,TOTAL,NR,T,IT,2018-01-01,0.0,,
ESTAT:MIGR_EMI1CTZ(1.0),01/07/26 23:00:00,A,RU,REACH,TOTAL,NR,T,IT,2018-01-01,286.0,,
ESTAT:MIGR_EMI1CTZ(1.0),01/07/26 23:00:00,A,RW,REACH,TOTAL,NR,T,IT,2018-01-01,9.0,,
ESTAT:MIGR_EMI1CTZ(1.0),01/07/26 23:00:00,A,SA,REACH,TOTAL,NR,T,IT,2018-01-01,5.0,,
ESTAT:MIGR_EMI1CTZ(1.0),01/07/26 23:00:00,A,SB,REACH,TOTAL,NR,T,IT,2018-01-01,0.0,,
ESTAT:MIGR_EMI1CTZ(1.0),01/07/26 23:00:00,A,SC,REACH,TOTAL,NR,T,IT,2018-01-01,0.0,,
ESTAT:MIGR_EMI1CTZ(1.0),01/07/26 23:00:00,A,SD,REACH,TOTAL,NR,T,IT,2018-01-01,7.0,,
ESTAT:MIGR_EMI1CTZ(1.0),01/07/26 23:00:00,A,SE,REACH,TOTAL,NR,T,IT,2018-01-01,104.0,,
ESTAT:MIGR_EMI1CTZ(1.0),01/07/26 23:00:00,A,SG,REACH,TOTAL,NR,T,IT,2018-01-01,6.0,,
ESTAT:MIGR_EMI1CTZ(1.0),01/07/26 23:00:00,A,SH,REACH,TOTAL,NR,T,IT,2018-01-01,0.0,,
ESTAT:MIGR_EMI1CTZ(1.0),01/07/26 23:00:00,A,SI,REACH,TOTAL,NR,T,IT,2018-01-01,95.0,,
ESTAT:MIGR_EMI1CTZ(1.0),01/07/26 23:00:00,A,SK,REACH,TOTAL,NR,T,IT,2018-01-01,294.0,,
ESTAT:MIGR_EMI1CTZ(1.0),01/07/26 23:00:00,A,SL,REACH,TOTAL,NR,T,IT,2018-01-01,5.0,,
ESTAT:MIGR_EMI1CTZ(1.0),01/07/26 23:00:00,A,SM,REACH,TOTAL,NR,T,IT,2018-01-01,7.0,,
ESTAT:MIGR_EMI1CTZ(1.0),01/07/26 23:00:00,A,SN,REACH,TOTAL,NR,T,IT,2018-01-01,394.0,,
ESTAT:MIGR_EMI1CTZ(1.0),01/07/26 23:00:00,A,SO,REACH,TOTAL,NR,T,IT,2018-01-01,41.0,,
ESTAT:MIGR_EMI1CTZ(1.0),01/07/26 23:00:00,A,SR,REACH,TOTAL,NR,T,IT,2018-01-01,1.0,,
ESTAT:MIGR_EMI1CTZ(1.0),01/07/26 23:00:00,A,SS,REACH,TOTAL,NR,T,IT,2018-01-01,0.0,,
ESTAT:MIGR_EMI1CTZ(1.0),01/07/26 23:00:00,A,ST,REACH,TOTAL,NR,T,IT,2018-01-01,0.0,,
ESTAT:MIGR_EMI1CTZ(1.0),01/07/26 23:00:00,A,STLS,REACH,TOTAL,NR,T,IT,2018-01-01,7.0,,
ESTAT:MIGR_EMI1CTZ(1.0),01/07/26 23:00:00,A,SV,REACH,TOTAL,NR,T,IT,2018-01-01,25.0,,
ESTAT:MIGR_EMI1CTZ(1.0),01/07/26 23:00:00,A,SX,REACH,TOTAL,NR,T,IT,2018-01-01,0.0,,
ESTAT:MIGR_EMI1CTZ(1.0),01/07/26 23:00:00,A,SY,REACH,TOTAL,NR,T,IT,2018-01-01,121.0,,
ESTAT:MIGR_EMI1CTZ(1.0),01/07/26 23:00:00,A,SZ,REACH,TOTAL,NR,T,IT,2018-01-01,3.0,,
ESTAT:MIGR_EMI1CTZ(1.0),01/07/26 23:00:00,A,TC,REACH,TOTAL,NR,T,IT,2018-01-01,0.0,,
ESTAT:MIGR_EMI1CTZ(1.0),01/07/26 23:00:00,A,TD,REACH,TOTAL,NR,T,IT,2018-01-01,5.0,,
ESTAT:MIGR_EMI1CTZ(1.0),01/07/26 23:00:00,A,TG,REACH,TOTAL,NR,T,IT,2018-01-01,19.0,,
ESTAT:MIGR_EMI1CTZ(1.0),01/07/26 23:00:00,A,TH,REACH,TOTAL,NR,T,IT,2018-01-01,55.0,,
ESTAT:MIGR_EMI1CTZ(1.0),01/07/26 23:00:00,A,TJ,REACH,TOTAL,NR,T,IT,2018-01-01,1.0,,
ESTAT:MIGR_EMI1CTZ(1.0),01/07/26 23:00:00,A,TL,REACH,TOTAL,NR,T,IT,2018-01-01,1.0,,
ESTAT:MIGR_EMI1CTZ(1.0),01/07/26 23:00:00,A,TM,REACH,TOTAL,NR,T,IT,2018-01-01,0.0,,
ESTAT:MIGR_EMI1CTZ(1.0),01/07/26 23:00:00,A,TN,REACH,TOTAL,NR,T,IT,2018-01-01,480.0,,
ESTAT:MIGR_EMI1CTZ(1.0),01/07/26 23:00:00,A,TO,REACH,TOTAL,NR,T,IT,2018-01-01,2.0,,
ESTAT:MIGR_EMI1CTZ(1.0),01/07/26 23:00:00,A,TOTAL,REACH,TOTAL,NR,T,IT,2018-01-01,156960.0,,
ESTAT:MIGR_EMI1CTZ(1.0),01/07/26 23:00:00,A,TR,REACH,TOTAL,NR,T,IT,2018-01-01,209.0,,
ESTAT:MIGR_EMI1CTZ(1.0),01/07/26 23:00:00,A,TT,REACH,TOTAL,NR,T,IT,2018-01-01,0.0,,
ESTAT:MIGR_EMI1CTZ(1.0),01/07/26 23:00:00,A,TV,REACH,TOTAL,NR,T,IT,2018-01-01,0.0,,
ESTAT:MIGR_EMI1CTZ(1.0),01/07/26 23:00:00,A,TW,REACH,TOTAL,NR,T,IT,2018-01-01,19.0,,
ESTAT:MIGR_EMI1CTZ(1.0),01/07/26 23:00:00,A,TZ,REACH,TOTAL,NR,T,IT,2018-01-01,20.0,,
ESTAT:MIGR_EMI1CTZ(1.0),01/07/26 23:00:00,A,UA,REACH,TOTAL,NR,T,IT,2018-01-01,1568.0,,
ESTAT:MIGR_EMI1CTZ(1.0),01/07/26 23:00:00,A,UG,REACH,TOTAL,NR,T,IT,2018-01-01,1.0,,
ESTAT:MIGR_EMI1CTZ(1.0),01/07/26 23:00:00,A,UK,REACH,TOTAL,NR,T,IT,2018-01-01,568.0,,
ESTAT:MIGR_EMI1CTZ(1.0),01/07/26 23:00:00,A,UNK,REACH,TOTAL,NR,T,IT,2018-01-01,0.0,,
ESTAT:MIGR_EMI1CTZ(1.0),01/07/26 23:00:00,A,US,REACH,TOTAL,NR,T,IT,2018-01-01,432.0,,
ESTAT:MIGR_EMI1CTZ(1.0),01/07/26 23:00:00,A,UY,REACH,TOTAL,NR,T,IT,2018-01-01,7.0,,
ESTAT:MIGR_EMI1CTZ(1.0),01/07/26 23:00:00,A,UZ,REACH,TOTAL,NR,T,IT,2018-01-01,7.0,,
ESTAT:MIGR_EMI1CTZ(1.0),01/07/26 23:00:00,A,VA,REACH,TOTAL,NR,T,IT,2018-01-01,0.0,,
ESTAT:MIGR_EMI1CTZ(1.0),01/07/26 23:00:00,A,VC,REACH,TOTAL,NR,T,IT,2018-01-01,1.0,,
ESTAT:MIGR_EMI1CTZ(1.0),01/07/26 23:00:00,A,VE,REACH,TOTAL,NR,T,IT,2018-01-01,80.0,,
ESTAT:MIGR_EMI1CTZ(1.0),01/07/26 23:00:00,A,VG,REACH,TOTAL,NR,T,IT,2018-01-01,0.0,,
ESTAT:MIGR_EMI1CTZ(1.0),01/07/26 23:00:00,A,VN,REACH,TOTAL,NR,T,IT,2018-01-01,11.0,,
ESTAT:MIGR_EMI1CTZ(1.0),01/07/26 23:00:00,A,VU,REACH,TOTAL,NR,T,IT,2018-01-01,0.0,,
ESTAT:MIGR_EMI1CTZ(1.0),01/07/26 23:00:00,A,WF,REACH,TOTAL,NR,T,IT,2018-01-01,0.0,,
ESTAT:MIGR_EMI1CTZ(1.0),01/07/26 23:00:00,A,WS,REACH,TOTAL,NR,T,IT,2018-01-01,0.0,,
ESTAT:MIGR_EMI1CTZ(1.0),01/07/26 23:00:00,A,XK,REACH,TOTAL,NR,T,IT,2018-01-01,413.0,,
ESTAT:MIGR_EMI1CTZ(1.0),01/07/26 23:00:00,A,YE,REACH,TOTAL,NR,T,IT,2018-01-01,2.0,,
ESTAT:MIGR_EMI1CTZ(1.0),01/07/26 23:00:00,A,ZA,REACH,TOTAL,NR,T,IT,2018-01-01,11.0,,
ESTAT:MIGR_EMI1CTZ(1.0),01/07/26 23:00:00,A,ZM,REACH,TOTAL,NR,T,IT,2018-01-01,3.0,,
ESTAT:MIGR_EMI1CTZ(1.0),01/07/26 23:00:00,A,ZW,REACH,TOTAL,NR,T,IT,2018-01-01,1.0,,
ESTAT:MIGR_EMI1CTZ(1.0),01/07/26 23:00:00,A,AD,REACH,TOTAL,NR,T,IT,2019-01-01,0.0,,
ESTAT:MIGR_EMI1CTZ(1.0),01/07/26 23:00:00,A,AE,REACH,TOTAL,NR,T,IT,2019-01-01,1.0,,
ESTAT:MIGR_EMI1CTZ(1.0),01/07/26 23:00:00,A,AF,REACH,TOTAL,NR,T,IT,2019-01-01,141.0,,
ESTAT:MIGR_EMI1CTZ(1.0),01/07/26 23:00:00,A,AFR,REACH,TOTAL,NR,T,IT,2019-01-01,10633.0,,
ESTAT:MIGR_EMI1CTZ(1.0),01/07/26 23:00:00,A,AFR_C,REACH,TOTAL,NR,T,IT,2019-01-01,312.0,,
ESTAT:MIGR_EMI1CTZ(1.0),01/07/26 23:00:00,A,AFR_E,REACH,TOTAL,NR,T,IT,2019-01-01,392.0,,
ESTAT:MIGR_EMI1CTZ(1.0),01/07/26 23:00:00,A,AFR_N,REACH,TOTAL,NR,T,IT,2019-01-01,4974.0,,
ESTAT:MIGR_EMI1CTZ(1.0),01/07/26 23:00:00,A,AFR_S,REACH,TOTAL,NR,T,IT,2019-01-01,11.0,,
ESTAT:MIGR_EMI1CTZ(1.0),01/07/26 23:00:00,A,AFR_W,REACH,TOTAL,NR,T,IT,2019-01-01,4944.0,,
ESTAT:MIGR_EMI1CTZ(1.0),01/07/26 23:00:00,A,AG,REACH,TOTAL,NR,T,IT,2019-01-01,0.0,,
ESTAT:MIGR_EMI1CTZ(1.0),01/07/26 23:00:00,A,AI,REACH,TOTAL,NR,T,IT,2019-01-01,0.0,,
ESTAT:MIGR_EMI1CTZ(1.0),01/07/26 23:00:00,A,AL,REACH,TOTAL,NR,T,IT,2019-01-01,1757.0,,
ESTAT:MIGR_EMI1CTZ(1.0),01/07/26 23:00:00,A,AM,REACH,TOTAL,NR,T,IT,2019-01-01,17.0,,
ESTAT:MIGR_EMI1CTZ(1.0),01/07/26 23:00:00,A,AME,REACH,TOTAL,NR,T,IT,2019-01-01,2941.0,,
ESTAT:MIGR_EMI1CTZ(1.0),01/07/26 23:00:00,A,AME_C,REACH,TOTAL,NR,T,IT,2019-01-01,143.0,,
ESTAT:MIGR_EMI1CTZ(1.0),01/07/26 23:00:00,A,AME_N,REACH,TOTAL,NR,T,IT,2019-01-01,383.0,,
ESTAT:MIGR_EMI1CTZ(1.0),01/07/26 23:00:00,A,AME_S,REACH,TOTAL,NR,T,IT,2019-01-01,1998.0,,
ESTAT:MIGR_EMI1CTZ(1.0),01/07/26 23:00:00,A,AN,REACH,TOTAL,NR,T,IT,2019-01-01,0.0,,
ESTAT:MIGR_EMI1CTZ(1.0),01/07/26 23:00:00,A,AO,REACH,TOTAL,NR,T,IT,2019-01-01,25.0,,
ESTAT:MIGR_EMI1CTZ(1.0),01/07/26 23:00:00,A,AR,REACH,TOTAL,NR,T,IT,2019-01-01,138.0,,
ESTAT:MIGR_EMI1CTZ(1.0),01/07/26 23:00:00,A,ASI,REACH,TOTAL,NR,T,IT,2019-01-01,8844.0,,
ESTAT:MIGR_EMI1CTZ(1.0),01/07/26 23:00:00,A,ASI_C,REACH,TOTAL,NR,T,IT,2019-01-01,57.0,,
ESTAT:MIGR_EMI1CTZ(1.0),01/07/26 23:00:00,A,ASI_E,REACH,TOTAL,NR,T,IT,2019-01-01,2528.0,,
ESTAT:MIGR_EMI1CTZ(1.0),01/07/26 23:00:00,A,ASI_S,REACH,TOTAL,NR,T,IT,2019-01-01,5059.0,,
ESTAT:MIGR_EMI1CTZ(1.0),01/07/26 23:00:00,A,ASI_S_E,REACH,TOTAL,NR,T,IT,2019-01-01,668.0,,
ESTAT:MIGR_EMI1CTZ(1.0),01/07/26 23:00:00,A,ASI_W,REACH,TOTAL,NR,T,IT,2019-01-01,532.0,,
ESTAT:MIGR_EMI1CTZ(1.0),01/07/26 23:00:00,A,AT,REACH,TOTAL,NR,T,IT,2019-01-01,177.0,,
ESTAT:MIGR_EMI1CTZ(1.0),01/07/26 23:00:00,A,AU,REACH,TOTAL,NR,T,IT,2019-01-01,51.0,,
ESTAT:MIGR_EMI1CTZ(1.0),01/07/26 23:00:00,A,AU_NZ,REACH,TOTAL,NR,T,IT,2019-01-01,57.0,,
ESTAT:MIGR_EMI1CTZ(1.0),01/07/26 23:00:00,A,AW,REACH,TOTAL,NR,T,IT,2019-01-01,0.0,,
ESTAT:MIGR_EMI1CTZ(1.0),01/07/26 23:00:00,A,AZ,REACH,TOTAL,NR,T,IT,2019-01-01,7.0,,
ESTAT:MIGR_EMI1CTZ(1.0),01/07/26 23:00:00,A,BA,REACH,TOTAL,NR,T,IT,2019-01-01,198.0,,
ESTAT:MIGR_EMI1CTZ(1.0),01/07/26 23:00:00,A,BB,REACH,TOTAL,NR,T,IT,2019-01-01,0.0,,
ESTAT:MIGR_EMI1CTZ(1.0),01/07/26 23:00:00,A,BD,REACH,TOTAL,NR,T,IT,2019-01-01,1234.0,,
ESTAT:MIGR_EMI1CTZ(1.0),01/07/26 23:00:00,A,BE,REACH,TOTAL,NR,T,IT,2019-01-01,111.0,,
ESTAT:MIGR_EMI1CTZ(1.0),01/07/26 23:00:00,A,BF,REACH,TOTAL,NR,T,IT,2019-01-01,119.0,,
ESTAT:MIGR_EMI1CTZ(1.0),01/07/26 23:00:00,A,BG,REACH,TOTAL,NR,T,IT,2019-01-01,1172.0,,
ESTAT:MIGR_EMI1CTZ(1.0),01/07/26 23:00:00,A,BH,REACH,TOTAL,NR,T,IT,2019-01-01,0.0,,
ESTAT:MIGR_EMI1CTZ(1.0),01/07/26 23:00:00,A,BI,REACH,TOTAL,NR,T,IT,2019-01-01,6.0,,
ESTAT:MIGR_EMI1CTZ(1.0),01/07/26 23:00:00,A,BJ,REACH,TOTAL,NR,T,IT,2019-01-01,39.0,,
ESTAT:MIGR_EMI1CTZ(1.0),01/07/26 23:00:00,A,BL,REACH,TOTAL,NR,T,IT,2019-01-01,0.0,,
ESTAT:MIGR_EMI1CTZ(1.0),01/07/26 23:00:00,A,BM,REACH,TOTAL,NR,T,IT,2019-01-01,0.0,,
ESTAT:MIGR_EMI1CTZ(1.0),01/07/26 23:00:00,A,BN,REACH,TOTAL,NR,T,IT,2019-01-01,0.0,,
ESTAT:MIGR_EMI1CTZ(1.0),01/07/26 23:00:00,A,BO,REACH,TOTAL,NR,T,IT,2019-01-01,83.0,,
ESTAT:MIGR_EMI1CTZ(1.0),01/07/26 23:00:00,A,BQ,REACH,TOTAL,NR,T,IT,2019-01-01,0.0,,
ESTAT:MIGR_EMI1CTZ(1.0),01/07/26 23:00:00,A,BR,REACH,TOTAL,NR,T,IT,2019-01-01,816.0,,
ESTAT:MIGR_EMI1CTZ(1.0),01/07/26 23:00:00,A,BS,REACH,TOTAL,NR,T,IT,2019-01-01,0.0,,
ESTAT:MIGR_EMI1CTZ(1.0),01/07/26 23:00:00,A,BT,REACH,TOTAL,NR,T,IT,2019-01-01,1.0,,
ESTAT:MIGR_EMI1CTZ(1.0),01/07/26 23:00:00,A,BW,REACH,TOTAL,NR,T,IT,2019-01-01,1.0,,
ESTAT:MIGR_EMI1CTZ(1.0),01/07/26 23:00:00,A,BY,REACH,TOTAL,NR,T,IT,2019-01-01,68.0,,
ESTAT:MIGR_EMI1CTZ(1.0),01/07/26 23:00:00,A,BZ,REACH,TOTAL,NR,T,IT,2019-01-01,0.0,,
ESTAT:MIGR_EMI1CTZ(1.0),01/07/26 23:00:00,A,CA,REACH,TOTAL,NR,T,IT,2019-01-01,49.0,,
ESTAT:MIGR_EMI1CTZ(1.0),01/07/26 23:00:00,A,CD,REACH,TOTAL,NR,T,IT,2019-01-01,35.0,,
ESTAT:MIGR_EMI1CTZ(1.0),01/07/26 23:00:00,A,CF,REACH,TOTAL,NR,T,IT,2019-01-01,3.0,,
ESTAT:MIGR_EMI1CTZ(1.0),01/07/26 23:00:00,A,CG,REACH,TOTAL,NR,T,IT,2019-01-01,56.0,,
ESTAT:MIGR_EMI1CTZ(1.0),01/07/26 23:00:00,A,CH,REACH,TOTAL,NR,T,IT,2019-01-01,184.0,,
ESTAT:MIGR_EMI1CTZ(1.0),01/07/26 23:00:00,A,CI,REACH,TOTAL,NR,T,IT,2019-01-01,492.0,,
ESTAT:MIGR_EMI1CTZ(1.0),01/07/26 23:00:00,A,CL,REACH,TOTAL,NR,T,IT,2019-01-01,38.0,,
ESTAT:MIGR_EMI1CTZ(1.0),01/07/26 23:00:00,A,CM,REACH,TOTAL,NR,T,IT,2019-01-01,179.0,,
ESTAT:MIGR_EMI1CTZ(1.0),01/07/26 23:00:00,A,CN,REACH,TOTAL,NR,T,IT,2019-01-01,2215.0,,
ESTAT:MIGR_EMI1CTZ(1.0),01/07/26 23:00:00,A,CO,REACH,TOTAL,NR,T,IT,2019-01-01,156.0,,
ESTAT:MIGR_EMI1CTZ(1.0),01/07/26 23:00:00,A,CR,REACH,TOTAL,NR,T,IT,2019-01-01,10.0,,
ESTAT:MIGR_EMI1CTZ(1.0),01/07/26 23:00:00,A,CRB,REACH,TOTAL,NR,T,IT,2019-01-01,417.0,,
ESTAT:MIGR_EMI1CTZ(1.0),01/07/26 23:00:00,A,CU,REACH,TOTAL,NR,T,IT,2019-01-01,214.0,,
ESTAT:MIGR_EMI1CTZ(1.0),01/07/26 23:00:00,A,CV,REACH,TOTAL,NR,T,IT,2019-01-01,13.0,,
ESTAT:MIGR_EMI1CTZ(1.0),01/07/26 23:00:00,A,CW,REACH,TOTAL,NR,T,IT,2019-01-01,0.0,,
ESTAT:MIGR_EMI1CTZ(1.0),01/07/26 23:00:00,A,CY,REACH,TOTAL,NR,T,IT,2019-01-01,2.0,,
ESTAT:MIGR_EMI1CTZ(1.0),01/07/26 23:00:00,A,CZ,REACH,TOTAL,NR,T,IT,2019-01-01,164.0,,
ESTAT:MIGR_EMI1CTZ(1.0),01/07/26 23:00:00,A,CZ_SK,REACH,TOTAL,NR,T,IT,2019-01-01,0.0,,
ESTAT:MIGR_EMI1CTZ(1.0),01/07/26 23:00:00,A,DE,REACH,TOTAL,NR,T,IT,2019-01-01,1215.0,,
ESTAT:MIGR_EMI1CTZ(1.0),01/07/26 23:00:00,A,DJ,REACH,TOTAL,NR,T,IT,2019-01-01,0.0,,
ESTAT:MIGR_EMI1CTZ(1.0),01/07/26 23:00:00,A,DK,REACH,TOTAL,NR,T,IT,2019-01-01,44.0,,
ESTAT:MIGR_EMI1CTZ(1.0),01/07/26 23:00:00,A,DM,REACH,TOTAL,NR,T,IT,2019-01-01,8.0,,
ESTAT:MIGR_EMI1CTZ(1.0),01/07/26 23:00:00,A,DO,REACH,TOTAL,NR,T,IT,2019-01-01,193.0,,
ESTAT:MIGR_EMI1CTZ(1.0),01/07/26 23:00:00,A,DZ,REACH,TOTAL,NR,T,IT,2019-01-01,127.0,,
ESTAT:MIGR_EMI1CTZ(1.0),01/07/26 23:00:00,A,EC,REACH,TOTAL,NR,T,IT,2019-01-01,300.0,,
ESTAT:MIGR_EMI1CTZ(1.0),01/07/26 23:00:00,A,EE,REACH,TOTAL,NR,T,IT,2019-01-01,30.0,,
ESTAT:MIGR_EMI1CTZ(1.0),01/07/26 23:00:00,A,EG,REACH,TOTAL,NR,T,IT,2019-01-01,1242.0,,
ESTAT:MIGR_EMI1CTZ(1.0),01/07/26 23:00:00,A,EH,REACH,TOTAL,NR,T,IT,2019-01-01,0.0,,
ESTAT:MIGR_EMI1CTZ(1.0),01/07/26 23:00:00,A,EL,REACH,TOTAL,NR,T,IT,2019-01-01,118.0,,
ESTAT:MIGR_EMI1CTZ(1.0),01/07/26 23:00:00,A,ER,REACH,TOTAL,NR,T,IT,2019-01-01,68.0,,
ESTAT:MIGR_EMI1CTZ(1.0),01/07/26 23:00:00,A,ES,REACH,TOTAL,NR,T,IT,2019-01-01,494.0,,
ESTAT:MIGR_EMI1CTZ(1.0),01/07/26 23:00:00,A,ET,REACH,TOTAL,NR,T,IT,2019-01-01,62.0,,
ESTAT:MIGR_EMI1CTZ(1.0),01/07/26 23:00:00,A,EU28_FOR,REACH,TOTAL,NR,T,IT,2019-01-01,27111.0,,
ESTAT:MIGR_EMI1CTZ(1.0),01/07/26 23:00:00,A,EUR,REACH,TOTAL,NR,T,IT,2019-01-01,157022.0,,
ESTAT:MIGR_EMI1CTZ(1.0),01/07/26 23:00:00,A,EX_SU,REACH,TOTAL,NR,T,IT,2019-01-01,0.0,,
ESTAT:MIGR_EMI1CTZ(1.0),01/07/26 23:00:00,A,EX_YU,REACH,TOTAL,NR,T,IT,2019-01-01,0.0,,
ESTAT:MIGR_EMI1CTZ(1.0),01/07/26 23:00:00,A,FI,REACH,TOTAL,NR,T,IT,2019-01-01,65.0,,
ESTAT:MIGR_EMI1CTZ(1.0),01/07/26 23:00:00,A,FJ,REACH,TOTAL,NR,T,IT,2019-01-01,0.0,,
ESTAT:MIGR_EMI1CTZ(1.0),01/07/26 23:00:00,A,FK,REACH,TOTAL,NR,T,IT,2019-01-01,0.0,,
ESTAT:MIGR_EMI1CTZ(1.0),01/07/26 23:00:00,A,FM,REACH,TOTAL,NR,T,IT,2019-01-01,0.0,,
ESTAT:MIGR_EMI1CTZ(1.0),01/07/26 23:00:00,A,FO,REACH,TOTAL,NR,T,IT,2019-01-01,0.0,,
ESTAT:MIGR_EMI1CTZ(1.0),01/07/26 23:00:00,A,FOR_STLS,REACH,TOTAL,NR,T,IT,2019-01-01,57485.0,,
ESTAT:MIGR_EMI1CTZ(1.0),01/07/26 23:00:00,A,FR,REACH,TOTAL,NR,T,IT,2019-01-01,634.0,,
ESTAT:MIGR_EMI1CTZ(1.0),01/07/26 23:00:00,A,GA,REACH,TOTAL,NR,T,IT,2019-01-01,2.0,,
ESTAT:MIGR_EMI1CTZ(1.0),01/07/26 23:00:00,A,GD,REACH,TOTAL,NR,T,IT,2019-01-01,0.0,,
ESTAT:MIGR_EMI1CTZ(1.0),01/07/26 23:00:00,A,GE,REACH,TOTAL,NR,T,IT,2019-01-01,143.0,,
ESTAT:MIGR_EMI1CTZ(1.0),01/07/26 23:00:00,A,GG,REACH,TOTAL,NR,T,IT,2019-01-01,0.0,,
ESTAT:MIGR_EMI1CTZ(1.0),01/07/26 23:00:00,A,GH,REACH,TOTAL,NR,T,IT,2019-01-01,528.0,,
ESTAT:MIGR_EMI1CTZ(1.0),01/07/26 23:00:00,A,GI,REACH,TOTAL,NR,T,IT,2019-01-01,0.0,,
ESTAT:MIGR_EMI1CTZ(1.0),01/07/26 23:00:00,A,GL,REACH,TOTAL,NR,T,IT,2019-01-01,0.0,,
ESTAT:MIGR_EMI1CTZ(1.0),01/07/26 23:00:00,A,GM,REACH,TOTAL,NR,T,IT,2019-01-01,406.0,,
ESTAT:MIGR_EMI1CTZ(1.0),01/07/26 23:00:00,A,GN,REACH,TOTAL,NR,T,IT,2019-01-01,261.0,,
ESTAT:MIGR_EMI1CTZ(1.0),01/07/26 23:00:00,A,GQ,REACH,TOTAL,NR,T,IT,2019-01-01,1.0,,
ESTAT:MIGR_EMI1CTZ(1.0),01/07/26 23:00:00,A,GT,REACH,TOTAL,NR,T,IT,2019-01-01,10.0,,
ESTAT:MIGR_EMI1CTZ(1.0),01/07/26 23:00:00,A,GW,REACH,TOTAL,NR,T,IT,2019-01-01,47.0,,
ESTAT:MIGR_EMI1CTZ(1.0),01/07/26 23:00:00,A,GY,REACH,TOTAL,NR,T,IT,2019-01-01,0.0,,
ESTAT:MIGR_EMI1CTZ(1.0),01/07/26 23:00:00,A,HN,REACH,TOTAL,NR,T,IT,2019-01-01,5.0,,
ESTAT:MIGR_EMI1CTZ(1.0),01/07/26 23:00:00,A,HR,REACH,TOTAL,NR,T,IT,2019-01-01,502.0,,
ESTAT:MIGR_EMI1CTZ(1.0),01/07/26 23:00:00,A,HT,REACH,TOTAL,NR,T,IT,2019-01-01,1.0,,
ESTAT:MIGR_EMI1CTZ(1.0),01/07/26 23:00:00,A,HU,REACH,TOTAL,NR,T,IT,2019-01-01,335.0,,
ESTAT:MIGR_EMI1CTZ(1.0),01/07/26 23:00:00,A,ID,REACH,TOTAL,NR,T,IT,2019-01-01,43.0,,
ESTAT:MIGR_EMI1CTZ(1.0),01/07/26 23:00:00,A,IE,REACH,TOTAL,NR,T,IT,2019-01-01,54.0,,
ESTAT:MIGR_EMI1CTZ(1.0),01/07/26 23:00:00,A,IL,REACH,TOTAL,NR,T,IT,2019-01-01,27.0,,
ESTAT:MIGR_EMI1CTZ(1.0),01/07/26 23:00:00,A,IM,REACH,TOTAL,NR,T,IT,2019-01-01,0.0,,
ESTAT:MIGR_EMI1CTZ(1.0),01/07/26 23:00:00,A,IN,REACH,TOTAL,NR,T,IT,2019-01-01,1733.0,,
ESTAT:MIGR_EMI1CTZ(1.0),01/07/26 23:00:00,A,IQ,REACH,TOTAL,NR,T,IT,2019-01-01,152.0,,
ESTAT:MIGR_EMI1CTZ(1.0),01/07/26 23:00:00,A,IR,REACH,TOTAL,NR,T,IT,2019-01-01,73.0,,
ESTAT:MIGR_EMI1CTZ(1.0),01/07/26 23:00:00,A,IS,REACH,TOTAL,NR,T,IT,2019-01-01,6.0,,
ESTAT:MIGR_EMI1CTZ(1.0),01/07/26 23:00:00,A,IT,REACH,TOTAL,NR,T,IT,2019-01-01,122020.0,,
ESTAT:MIGR_EMI1CTZ(1.0),01/07/26 23:00:00,A,JE,REACH,TOTAL,NR,T,IT,2019-01-01,0.0,,
ESTAT:MIGR_EMI1CTZ(1.0),01/07/26 23:00:00,A,JM,REACH,TOTAL,NR,T,IT,2019-01-01,1.0,,
ESTAT:MIGR_EMI1CTZ(1.0),01/07/26 23:00:00,A,JO,REACH,TOTAL,NR,T,IT,2019-01-01,16.0,,
ESTAT:MIGR_EMI1CTZ(1.0),01/07/26 23:00:00,A,JP,REACH,TOTAL,NR,T,IT,2019-01-01,206.0,,
ESTAT:MIGR_EMI1CTZ(1.0),01/07/26 23:00:00,A,KE,REACH,TOTAL,NR,T,IT,2019-01-01,19.0,,
ESTAT:MIGR_EMI1CTZ(1.0),01/07/26 23:00:00,A,KG,REACH,TOTAL,NR,T,IT,2019-01-01,18.0,,
ESTAT:MIGR_EMI1CTZ(1.0),01/07/26 23:00:00,A,KH,REACH,TOTAL,NR,T,IT,2019-01-01,1.0,,
ESTAT:MIGR_EMI1CTZ(1.0),01/07/26 23:00:00,A,KI,REACH,TOTAL,NR,T,IT,2019-01-01,0.0,,
ESTAT:MIGR_EMI1CTZ(1.0),01/07/26 23:00:00,A,KM,REACH,TOTAL,NR,T,IT,2019-01-01,1.0,,
ESTAT:MIGR_EMI1CTZ(1.0),01/07/26 23:00:00,A,KN,REACH,TOTAL,NR,T,IT,2019-01-01,0.0,,
ESTAT:MIGR_EMI1CTZ(1.0),01/07/26 23:00:00,A,KP,REACH,TOTAL,NR,T,IT,2019-01-01,3.0,,
ESTAT:MIGR_EMI1CTZ(1.0),01/07/26 23:00:00,A,KR,REACH,TOTAL,NR,T,IT,2019-01-01,83.0,,
ESTAT:MIGR_EMI1CTZ(1.0),01/07/26 23:00:00,A,KW,REACH,TOTAL,NR,T,IT,2019-01-01,6.0,,
ESTAT:MIGR_EMI1CTZ(1.0),01/07/26 23:00:00,A,KY,REACH,TOTAL,NR,T,IT,2019-01-01,0.0,,
ESTAT:MIGR_EMI1CTZ(1.0),01/07/26 23:00:00,A,KZ,REACH,TOTAL,NR,T,IT,2019-01-01,22.0,,
ESTAT:MIGR_EMI1CTZ(1.0),01/07/26 23:00:00,A,LA,REACH,TOTAL,NR,T,IT,2019-01-01,0.0,,
ESTAT:MIGR_EMI1CTZ(1.0),01/07/26 23:00:00,A,LB,REACH,TOTAL,NR,T,IT,2019-01-01,35.0,,
ESTAT:MIGR_EMI1CTZ(1.0),01/07/26 23:00:00,A,LC,REACH,TOTAL,NR,T,IT,2019-01-01,0.0,,
ESTAT:MIGR_EMI1CTZ(1.0),01/07/26 23:00:00,A,LI,REACH,TOTAL,NR,T,IT,2019-01-01,3.0,,
ESTAT:MIGR_EMI1CTZ(1.0),01/07/26 23:00:00,A,LK,REACH,TOTAL,NR,T,IT,2019-01-01,476.0,,
ESTAT:MIGR_EMI1CTZ(1.0),01/07/26 23:00:00,A,LR,REACH,TOTAL,NR,T,IT,2019-01-01,26.0,,
ESTAT:MIGR_EMI1CTZ(1.0),01/07/26 23:00:00,A,LS,REACH,TOTAL,NR,T,IT,2019-01-01,0.0,,
ESTAT:MIGR_EMI1CTZ(1.0),01/07/26 23:00:00,A,LT,REACH,TOTAL,NR,T,IT,2019-01-01,97.0,,
ESTAT:MIGR_EMI1CTZ(1.0),01/07/26 23:00:00,A,LU,REACH,TOTAL,NR,T,IT,2019-01-01,6.0,,
ESTAT:MIGR_EMI1CTZ(1.0),01/07/26 23:00:00,A,LV,REACH,TOTAL,NR,T,IT,2019-01-01,36.0,,
ESTAT:MIGR_EMI1CTZ(1.0),01/07/26 23:00:00,A,LY,REACH,TOTAL,NR,T,IT,2019-01-01,38.0,,
ESTAT:MIGR_EMI1CTZ(1.0),01/07/26 23:00:00,A,MA,REACH,TOTAL,NR,T,IT,2019-01-01,2849.0,,
ESTAT:MIGR_EMI1CTZ(1.0),01/07/26 23:00:00,A,MC,REACH,TOTAL,NR,T,IT,2019-01-01,0.0,,
ESTAT:MIGR_EMI1CTZ(1.0),01/07/26 23:00:00,A,MD,REACH,TOTAL,NR,T,IT,2019-01-01,947.0,,
ESTAT:MIGR_EMI1CTZ(1.0),01/07/26 23:00:00,A,ME,REACH,TOTAL,NR,T,IT,2019-01-01,33.0,,
ESTAT:MIGR_EMI1CTZ(1.0),01/07/26 23:00:00,A,MEL,REACH,TOTAL,NR,T,IT,2019-01-01,3.0,,
ESTAT:MIGR_EMI1CTZ(1.0),01/07/26 23:00:00,A,MG,REACH,TOTAL,NR,T,IT,2019-01-01,19.0,,
ESTAT:MIGR_EMI1CTZ(1.0),01/07/26 23:00:00,A,MH,REACH,TOTAL,NR,T,IT,2019-01-01,0.0,,
ESTAT:MIGR_EMI1CTZ(1.0),01/07/26 23:00:00,A,MIC,REACH,TOTAL,NR,T,IT,2019-01-01,0.0,,
ESTAT:MIGR_EMI1CTZ(1.0),01/07/26 23:00:00,A,MK,REACH,TOTAL,NR,T,IT,2019-01-01,732.0,,
ESTAT:MIGR_EMI1CTZ(1.0),01/07/26 23:00:00,A,ML,REACH,TOTAL,NR,T,IT,2019-01-01,465.0,,
ESTAT:MIGR_EMI1CTZ(1.0),01/07/26 23:00:00,A,MM,REACH,TOTAL,NR,T,IT,2019-01-01,6.0,,
ESTAT:MIGR_EMI1CTZ(1.0),01/07/26 23:00:00,A,MN,REACH,TOTAL,NR,T,IT,2019-01-01,1.0,,
ESTAT:MIGR_EMI1CTZ(1.0),01/07/26 23:00:00,A,MR,REACH,TOTAL,NR,T,IT,2019-01-01,17.0,,
ESTAT:MIGR_EMI1CTZ(1.0),01/07/26 23:00:00,A,MS,REACH,TOTAL,NR,T,IT,2019-01-01,0.0,,
ESTAT:MIGR_EMI1CTZ(1.0),01/07/26 23:00:00,A,MT,REACH,TOTAL,NR,T,IT,2019-01-01,13.0,,
ESTAT:MIGR_EMI1CTZ(1.0),01/07/26 23:00:00,A,MU,REACH,TOTAL,NR,T,IT,2019-01-01,30.0,,
ESTAT:MIGR_EMI1CTZ(1.0),01/07/26 23:00:00,A,MV,REACH,TOTAL,NR,T,IT,2019-01-01,0.0,,
ESTAT:MIGR_EMI1CTZ(1.0),01/07/26 23:00:00,A,MW,REACH,TOTAL,NR,T,IT,2019-01-01,0.0,,
ESTAT:MIGR_EMI1CTZ(1.0),01/07/26 23:00:00,A,MX,REACH,TOTAL,NR,T,IT,2019-01-01,75.0,,
ESTAT:MIGR_EMI1CTZ(1.0),01/07/26 23:00:00,A,MY,REACH,TOTAL,NR,T,IT,2019-01-01,9.0,,
ESTAT:MIGR_EMI1CTZ(1.0),01/07/26 23:00:00,A,MZ,REACH,TOTAL,NR,T,IT,2019-01-01,7.0,,
ESTAT:MIGR_EMI1CTZ(1.0),01/07/26 23:00:00,A,NA,REACH,TOTAL,NR,T,IT,2019-01-01,2.0,,
ESTAT:MIGR_EMI1CTZ(1.0),01/07/26 23:00:00,A,NAT,REACH,TOTAL,NR,T,IT,2019-01-01,122020.0,,
ESTAT:MIGR_EMI1CTZ(1.0),01/07/26 23:00:00,A,NC,REACH,TOTAL,NR,T,IT,2019-01-01,0.0,,
ESTAT:MIGR_EMI1CTZ(1.0),01/07/26 23:00:00,A,NE,REACH,TOTAL,NR,T,IT,2019-01-01,37.0,,
ESTAT:MIGR_EMI1CTZ(1.0),01/07/26 23:00:00,A,NEU28_FOR,REACH,TOTAL,NR,T,IT,2019-01-01,30369.0,,
ESTAT:MIGR_EMI1CTZ(1.0),01/07/26 23:00:00,A,NG,REACH,TOTAL,NR,T,IT,2019-01-01,1481.0,,
ESTAT:MIGR_EMI1CTZ(1.0),01/07/26 23:00:00,A,NI,REACH,TOTAL,NR,T,IT,2019-01-01,5.0,,
ESTAT:MIGR_EMI1CTZ(1.0),01/07/26 23:00:00,A,NL,REACH,TOTAL,NR,T,IT,2019-01-01,212.0,,
ESTAT:MIGR_EMI1CTZ(1.0),01/07/26 23:00:00,A,NO,REACH,TOTAL,NR,T,IT,2019-01-01,22.0,,
ESTAT:MIGR_EMI1CTZ(1.0),01/07/26 23:00:00,A,NP,REACH,TOTAL,NR,T,IT,2019-01-01,28.0,,
ESTAT:MIGR_EMI1CTZ(1.0),01/07/26 23:00:00,A,NR,REACH,TOTAL,NR,T,IT,2019-01-01,0.0,,
ESTAT:MIGR_EMI1CTZ(1.0),01/07/26 23:00:00,A,NZ,REACH,TOTAL,NR,T,IT,2019-01-01,6.0,,
ESTAT:MIGR_EMI1CTZ(1.0),01/07/26 23:00:00,A,OCE,REACH,TOTAL,NR,T,IT,2019-01-01,60.0,,
ESTAT:MIGR_EMI1CTZ(1.0),01/07/26 23:00:00,A,OM,REACH,TOTAL,NR,T,IT,2019-01-01,1.0,,
ESTAT:MIGR_EMI1CTZ(1.0),01/07/26 23:00:00,A,OTH,REACH,TOTAL,NR,T,IT,2019-01-01,0.0,,
ESTAT:MIGR_EMI1CTZ(1.0),01/07/26 23:00:00,A,PA,REACH,TOTAL,NR,T,IT,2019-01-01,3.0,,
ESTAT:MIGR_EMI1CTZ(1.0),01/07/26 23:00:00,A,PE,REACH,TOTAL,NR,T,IT,2019-01-01,338.0,,
ESTAT:MIGR_EMI1CTZ(1.0),01/07/26 23:00:00,A,PF,REACH,TOTAL,NR,T,IT,2019-01-01,0.0,,
ESTAT:MIGR_EMI1CTZ(1.0),01/07/26 23:00:00,A,PG,REACH,TOTAL,NR,T,IT,2019-01-01,2.0,,
ESTAT:MIGR_EMI1CTZ(1.0),01/07/26 23:00:00,A,PH,REACH,TOTAL,NR,T,IT,2019-01-01,520.0,,
ESTAT:MIGR_EMI1CTZ(1.0),01/07/26 23:00:00,A,PK,REACH,TOTAL,NR,T,IT,2019-01-01,1373.0,,
ESTAT:MIGR_EMI1CTZ(1.0),01/07/26 23:00:00,A,PL,REACH,TOTAL,NR,T,IT,2019-01-01,1730.0,,
ESTAT:MIGR_EMI1CTZ(1.0),01/07/26 23:00:00,A,PM,REACH,TOTAL,NR,T,IT,2019-01-01,0.0,,
ESTAT:MIGR_EMI1CTZ(1.0),01/07/26 23:00:00,A,PN,REACH,TOTAL,NR,T,IT,2019-01-01,0.0,,
ESTAT:MIGR_EMI1CTZ(1.0),01/07/26 23:00:00,A,POL,REACH,TOTAL,NR,T,IT,2019-01-01,0.0,,
ESTAT:MIGR_EMI1CTZ(1.0),01/07/26 23:00:00,A,PS,REACH,TOTAL,NR,T,IT,2019-01-01,22.0,,
ESTAT:MIGR_EMI1CTZ(1.0),01/07/26 23:00:00,A,PT,REACH,TOTAL,NR,T,IT,2019-01-01,148.0,,
ESTAT:MIGR_EMI1CTZ(1.0),01/07/26 23:00:00,A,PW,REACH,TOTAL,NR,T,IT,2019-01-01,0.0,,
ESTAT:MIGR_EMI1CTZ(1.0),01/07/26 23:00:00,A,PY,REACH,TOTAL,NR,T,IT,2019-01-01,14.0,,
ESTAT:MIGR_EMI1CTZ(1.0),01/07/26 23:00:00,A,QA,REACH,TOTAL,NR,T,IT,2019-01-01,0.0,,
ESTAT:MIGR_EMI1CTZ(1.0),01/07/26 23:00:00,A,RNC,REACH,TOTAL,NR,T,IT,2019-01-01,0.0,,
ESTAT:MIGR_EMI1CTZ(1.0),01/07/26 23:00:00,A,RO,REACH,TOTAL,NR,T,IT,2019-01-01,18581.0,,
ESTAT:MIGR_EMI1CTZ(1.0),01/07/26 23:00:00,A,RS,REACH,TOTAL,NR,T,IT,2019-01-01,445.0,,
ESTAT:MIGR_EMI1CTZ(1.0),01/07/26 23:00:00,A,RS_ME,REACH,TOTAL,NR,T,IT,2019-01-01,0.0,,
ESTAT:MIGR_EMI1CTZ(1.0),01/07/26 23:00:00,A,RU,REACH,TOTAL,NR,T,IT,2019-01-01,531.0,,
ESTAT:MIGR_EMI1CTZ(1.0),01/07/26 23:00:00,A,RW,REACH,TOTAL,NR,T,IT,2019-01-01,5.0,,
ESTAT:MIGR_EMI1CTZ(1.0),01/07/26 23:00:00,A,SA,REACH,TOTAL,NR,T,IT,2019-01-01,2.0,,
ESTAT:MIGR_EMI1CTZ(1.0),01/07/26 23:00:00,A,SB,REACH,TOTAL,NR,T,IT,2019-01-01,1.0,,
ESTAT:MIGR_EMI1CTZ(1.0),01/07/26 23:00:00,A,SC,REACH,TOTAL,NR,T,IT,2019-01-01,2.0,,
ESTAT:MIGR_EMI1CTZ(1.0),01/07/26 23:00:00,A,SD,REACH,TOTAL,NR,T,IT,2019-01-01,34.0,,
ESTAT:MIGR_EMI1CTZ(1.0),01/07/26 23:00:00,A,SE,REACH,TOTAL,NR,T,IT,2019-01-01,58.0,,
ESTAT:MIGR_EMI1CTZ(1.0),01/07/26 23:00:00,A,SG,REACH,TOTAL,NR,T,IT,2019-01-01,4.0,,
ESTAT:MIGR_EMI1CTZ(1.0),01/07/26 23:00:00,A,SH,REACH,TOTAL,NR,T,IT,2019-01-01,0.0,,
ESTAT:MIGR_EMI1CTZ(1.0),01/07/26 23:00:00,A,SI,REACH,TOTAL,NR,T,IT,2019-01-01,188.0,,
ESTAT:MIGR_EMI1CTZ(1.0),01/07/26 23:00:00,A,SK,REACH,TOTAL,NR,T,IT,2019-01-01,394.0,,
ESTAT:MIGR_EMI1CTZ(1.0),01/07/26 23:00:00,A,SL,REACH,TOTAL,NR,T,IT,2019-01-01,29.0,,
ESTAT:MIGR_EMI1CTZ(1.0),01/07/26 23:00:00,A,SM,REACH,TOTAL,NR,T,IT,2019-01-01,2.0,,
ESTAT:MIGR_EMI1CTZ(1.0),01/07/26 23:00:00,A,SN,REACH,TOTAL,NR,T,IT,2019-01-01,920.0,,
ESTAT:MIGR_EMI1CTZ(1.0),01/07/26 23:00:00,A,SO,REACH,TOTAL,NR,T,IT,2019-01-01,136.0,,
ESTAT:MIGR_EMI1CTZ(1.0),01/07/26 23:00:00,A,SR,REACH,TOTAL,NR,T,IT,2019-01-01,0.0,,
ESTAT:MIGR_EMI1CTZ(1.0),01/07/26 23:00:00,A,SS,REACH,TOTAL,NR,T,IT,2019-01-01,1.0,,
ESTAT:MIGR_EMI1CTZ(1.0),01/07/26 23:00:00,A,ST,REACH,TOTAL,NR,T,IT,2019-01-01,1.0,,
ESTAT:MIGR_EMI1CTZ(1.0),01/07/26 23:00:00,A,STLS,REACH,TOTAL,NR,T,IT,2019-01-01,5.0,,
ESTAT:MIGR_EMI1CTZ(1.0),01/07/26 23:00:00,A,SV,REACH,TOTAL,NR,T,IT,2019-01-01,35.0,,
ESTAT:MIGR_EMI1CTZ(1.0),01/07/26 23:00:00,A,SX,REACH,TOTAL,NR,T,IT,2019-01-01,0.0,,
ESTAT:MIGR_EMI1CTZ(1.0),01/07/26 23:00:00,A,SY,REACH,TOTAL,NR,T,IT,2019-01-01,99.0,,
ESTAT:MIGR_EMI1CTZ(1.0),01/07/26 23:00:00,A,SZ,REACH,TOTAL,NR,T,IT,2019-01-01,1.0,,
ESTAT:MIGR_EMI1CTZ(1.0),01/07/26 23:00:00,A,TC,REACH,TOTAL,NR,T,IT,2019-01-01,0.0,,
ESTAT:MIGR_EMI1CTZ(1.0),01/07/26 23:00:00,A,TD,REACH,TOTAL,NR,T,IT,2019-01-01,10.0,,
ESTAT:MIGR_EMI1CTZ(1.0),01/07/26 23:00:00,A,TG,REACH,TOTAL,NR,T,IT,2019-01-01,64.0,,
ESTAT:MIGR_EMI1CTZ(1.0),01/07/26 23:00:00,A,TH,REACH,TOTAL,NR,T,IT,2019-01-01,70.0,,
ESTAT:MIGR_EMI1CTZ(1.0),01/07/26 23:00:00,A,TJ,REACH,TOTAL,NR,T,IT,2019-01-01,1.0,,
ESTAT:MIGR_EMI1CTZ(1.0),01/07/26 23:00:00,A,TL,REACH,TOTAL,NR,T,IT,2019-01-01,0.0,,
ESTAT:MIGR_EMI1CTZ(1.0),01/07/26 23:00:00,A,TM,REACH,TOTAL,NR,T,IT,2019-01-01,4.0,,
ESTAT:MIGR_EMI1CTZ(1.0),01/07/26 23:00:00,A,TN,REACH,TOTAL,NR,T,IT,2019-01-01,683.0,,
ESTAT:MIGR_EMI1CTZ(1.0),01/07/26 23:00:00,A,TO,REACH,TOTAL,NR,T,IT,2019-01-01,0.0,,
ESTAT:MIGR_EMI1CTZ(1.0),01/07/26 23:00:00,A,TOTAL,REACH,TOTAL,NR,T,IT,2019-01-01,179505.0,,
ESTAT:MIGR_EMI1CTZ(1.0),01/07/26 23:00:00,A,TR,REACH,TOTAL,NR,T,IT,2019-01-01,199.0,,
ESTAT:MIGR_EMI1CTZ(1.0),01/07/26 23:00:00,A,TT,REACH,TOTAL,NR,T,IT,2019-01-01,0.0,,
ESTAT:MIGR_EMI1CTZ(1.0),01/07/26 23:00:00,A,TV,REACH,TOTAL,NR,T,IT,2019-01-01,0.0,,
ESTAT:MIGR_EMI1CTZ(1.0),01/07/26 23:00:00,A,TW,REACH,TOTAL,NR,T,IT,2019-01-01,20.0,,
ESTAT:MIGR_EMI1CTZ(1.0),01/07/26 23:00:00,A,TZ,REACH,TOTAL,NR,T,IT,2019-01-01,25.0,,
ESTAT:MIGR_EMI1CTZ(1.0),01/07/26 23:00:00,A,UA,REACH,TOTAL,NR,T,IT,2019-01-01,2154.0,,
ESTAT:MIGR_EMI1CTZ(1.0),01/07/26 23:00:00,A,UG,REACH,TOTAL,NR,T,IT,2019-01-01,8.0,,
ESTAT:MIGR_EMI1CTZ(1.0),01/07/26 23:00:00,A,UK,REACH,TOTAL,NR,T,IT,2019-01-01,531.0,,
ESTAT:MIGR_EMI1CTZ(1.0),01/07/26 23:00:00,A,UNK,REACH,TOTAL,NR,T,IT,2019-01-01,0.0,,
ESTAT:MIGR_EMI1CTZ(1.0),01/07/26 23:00:00,A,US,REACH,TOTAL,NR,T,IT,2019-01-01,334.0,,
ESTAT:MIGR_EMI1CTZ(1.0),01/07/26 23:00:00,A,UY,REACH,TOTAL,NR,T,IT,2019-01-01,9.0,,
ESTAT:MIGR_EMI1CTZ(1.0),01/07/26 23:00:00,A,UZ,REACH,TOTAL,NR,T,IT,2019-01-01,12.0,,
ESTAT:MIGR_EMI1CTZ(1.0),01/07/26 23:00:00,A,VA,REACH,TOTAL,NR,T,IT,2019-01-01,0.0,,
ESTAT:MIGR_EMI1CTZ(1.0),01/07/26 23:00:00,A,VC,REACH,TOTAL,NR,T,IT,2019-01-01,0.0,,
ESTAT:MIGR_EMI1CTZ(1.0),01/07/26 23:00:00,A,VE,REACH,TOTAL,NR,T,IT,2019-01-01,106.0,,
ESTAT:MIGR_EMI1CTZ(1.0),01/07/26 23:00:00,A,VG,REACH,TOTAL,NR,T,IT,2019-01-01,0.0,,
ESTAT:MIGR_EMI1CTZ(1.0),01/07/26 23:00:00,A,VN,REACH,TOTAL,NR,T,IT,2019-01-01,15.0,,
ESTAT:MIGR_EMI1CTZ(1.0),01/07/26 23:00:00,A,VU,REACH,TOTAL,NR,T,IT,2019-01-01,0.0,,
ESTAT:MIGR_EMI1CTZ(1.0),01/07/26 23:00:00,A,WF,REACH,TOTAL,NR,T,IT,2019-01-01,0.0,,
ESTAT:MIGR_EMI1CTZ(1.0),01/07/26 23:00:00,A,WS,REACH,TOTAL,NR,T,IT,2019-01-01,0.0,,
ESTAT:MIGR_EMI1CTZ(1.0),01/07/26 23:00:00,A,XK,REACH,TOTAL,NR,T,IT,2019-01-01,610.0,,
ESTAT:MIGR_EMI1CTZ(1.0),01/07/26 23:00:00,A,YE,REACH,TOTAL,NR,T,IT,2019-01-01,4.0,,
ESTAT:MIGR_EMI1CTZ(1.0),01/07/26 23:00:00,A,ZA,REACH,TOTAL,NR,T,IT,2019-01-01,7.0,,
ESTAT:MIGR_EMI1CTZ(1.0),01/07/26 23:00:00,A,ZM,REACH,TOTAL,NR,T,IT,2019-01-01,3.0,,
ESTAT:MIGR_EMI1CTZ(1.0),01/07/26 23:00:00,A,ZW,REACH,TOTAL,NR,T,IT,2019-01-01,1.0,,
ESTAT:MIGR_EMI1CTZ(1.0),01/07/26 23:00:00,A,AD,REACH,TOTAL,NR,T,IT,2020-01-01,1.0,,
ESTAT:MIGR_EMI1CTZ(1.0),01/07/26 23:00:00,A,AE,REACH,TOTAL,NR,T,IT,2020-01-01,1.0,,
ESTAT:MIGR_EMI1CTZ(1.0),01/07/26 23:00:00,A,AF,REACH,TOTAL,NR,T,IT,2020-01-01,99.0,,
ESTAT:MIGR_EMI1CTZ(1.0),01/07/26 23:00:00,A,AFR,REACH,TOTAL,NR,T,IT,2020-01-01,6155.0,,
ESTAT:MIGR_EMI1CTZ(1.0),01/07/26 23:00:00,A,AFR_C,REACH,TOTAL,NR,T,IT,2020-01-01,175.0,,
ESTAT:MIGR_EMI1CTZ(1.0),01/07/26 23:00:00,A,AFR_E,REACH,TOTAL,NR,T,IT,2020-01-01,230.0,,
ESTAT:MIGR_EMI1CTZ(1.0),01/07/26 23:00:00,A,AFR_N,REACH,TOTAL,NR,T,IT,2020-01-01,2751.0,,
ESTAT:MIGR_EMI1CTZ(1.0),01/07/26 23:00:00,A,AFR_S,REACH,TOTAL,NR,T,IT,2020-01-01,8.0,,
ESTAT:MIGR_EMI1CTZ(1.0),01/07/26 23:00:00,A,AFR_W,REACH,TOTAL,NR,T,IT,2020-01-01,2991.0,,
ESTAT:MIGR_EMI1CTZ(1.0),01/07/26 23:00:00,A,AG,REACH,TOTAL,NR,T,IT,2020-01-01,0.0,,
ESTAT:MIGR_EMI1CTZ(1.0),01/07/26 23:00:00,A,AL,REACH,TOTAL,NR,T,IT,2020-01-01,1289.0,,
ESTAT:MIGR_EMI1CTZ(1.0),01/07/26 23:00:00,A,AM,REACH,TOTAL,NR,T,IT,2020-01-01,12.0,,
ESTAT:MIGR_EMI1CTZ(1.0),01/07/26 23:00:00,A,AME,REACH,TOTAL,NR,T,IT,2020-01-01,2958.0,,
ESTAT:MIGR_EMI1CTZ(1.0),01/07/26 23:00:00,A,AME_C,REACH,TOTAL,NR,T,IT,2020-01-01,100.0,,
ESTAT:MIGR_EMI1CTZ(1.0),01/07/26 23:00:00,A,AME_N,REACH,TOTAL,NR,T,IT,2020-01-01,415.0,,
ESTAT:MIGR_EMI1CTZ(1.0),01/07/26 23:00:00,A,AME_S,REACH,TOTAL,NR,T,IT,2020-01-01,2146.0,,
ESTAT:MIGR_EMI1CTZ(1.0),01/07/26 23:00:00,A,AO,REACH,TOTAL,NR,T,IT,2020-01-01,19.0,,
ESTAT:MIGR_EMI1CTZ(1.0),01/07/26 23:00:00,A,AR,REACH,TOTAL,NR,T,IT,2020-01-01,175.0,,
ESTAT:MIGR_EMI1CTZ(1.0),01/07/26 23:00:00,A,ASI,REACH,TOTAL,NR,T,IT,2020-01-01,6176.0,,
ESTAT:MIGR_EMI1CTZ(1.0),01/07/26 23:00:00,A,ASI_C,REACH,TOTAL,NR,T,IT,2020-01-01,63.0,,
ESTAT:MIGR_EMI1CTZ(1.0),01/07/26 23:00:00,A,ASI_E,REACH,TOTAL,NR,T,IT,2020-01-01,1420.0,,
ESTAT:MIGR_EMI1CTZ(1.0),01/07/26 23:00:00,A,ASI_S,REACH,TOTAL,NR,T,IT,2020-01-01,3999.0,,
ESTAT:MIGR_EMI1CTZ(1.0),01/07/26 23:00:00,A,ASI_S_E,REACH,TOTAL,NR,T,IT,2020-01-01,362.0,,
ESTAT:MIGR_EMI1CTZ(1.0),01/07/26 23:00:00,A,ASI_W,REACH,TOTAL,NR,T,IT,2020-01-01,332.0,,
ESTAT:MIGR_EMI1CTZ(1.0),01/07/26 23:00:00,A,AT,REACH,TOTAL,NR,T,IT,2020-01-01,121.0,,
ESTAT:MIGR_EMI1CTZ(1.0),01/07/26 23:00:00,A,AU,REACH,TOTAL,NR,T,IT,2020-01-01,44.0,,
ESTAT:MIGR_EMI1CTZ(1.0),01/07/26 23:00:00,A,AU_NZ,REACH,TOTAL,NR,T,IT,2020-01-01,50.0,,
ESTAT:MIGR_EMI1CTZ(1.0),01/07/26 23:00:00,A,AZ,REACH,TOTAL,NR,T,IT,2020-01-01,4.0,,
ESTAT:MIGR_EMI1CTZ(1.0),01/07/26 23:00:00,A,BA,REACH,TOTAL,NR,T,IT,2020-01-01,131.0,,
ESTAT:MIGR_EMI1CTZ(1.0),01/07/26 23:00:00,A,BB,REACH,TOTAL,NR,T,IT,2020-01-01,0.0,,
ESTAT:MIGR_EMI1CTZ(1.0),01/07/26 23:00:00,A,BD,REACH,TOTAL,NR,T,IT,2020-01-01,1000.0,,
ESTAT:MIGR_EMI1CTZ(1.0),01/07/26 23:00:00,A,BE,REACH,TOTAL,NR,T,IT,2020-01-01,131.0,,
ESTAT:MIGR_EMI1CTZ(1.0),01/07/26 23:00:00,A,BF,REACH,TOTAL,NR,T,IT,2020-01-01,72.0,,
ESTAT:MIGR_EMI1CTZ(1.0),01/07/26 23:00:00,A,BG,REACH,TOTAL,NR,T,IT,2020-01-01,709.0,,
ESTAT:MIGR_EMI1CTZ(1.0),01/07/26 23:00:00,A,BH,REACH,TOTAL,NR,T,IT,2020-01-01,0.0,,
ESTAT:MIGR_EMI1CTZ(1.0),01/07/26 23:00:00,A,BI,REACH,TOTAL,NR,T,IT,2020-01-01,2.0,,
ESTAT:MIGR_EMI1CTZ(1.0),01/07/26 23:00:00,A,BJ,REACH,TOTAL,NR,T,IT,2020-01-01,16.0,,
ESTAT:MIGR_EMI1CTZ(1.0),01/07/26 23:00:00,A,BN,REACH,TOTAL,NR,T,IT,2020-01-01,0.0,,
ESTAT:MIGR_EMI1CTZ(1.0),01/07/26 23:00:00,A,BO,REACH,TOTAL,NR,T,IT,2020-01-01,26.0,,
ESTAT:MIGR_EMI1CTZ(1.0),01/07/26 23:00:00,A,BR,REACH,TOTAL,NR,T,IT,2020-01-01,1335.0,,
ESTAT:MIGR_EMI1CTZ(1.0),01/07/26 23:00:00,A,BS,REACH,TOTAL,NR,T,IT,2020-01-01,0.0,,
ESTAT:MIGR_EMI1CTZ(1.0),01/07/26 23:00:00,A,BT,REACH,TOTAL,NR,T,IT,2020-01-01,0.0,,
ESTAT:MIGR_EMI1CTZ(1.0),01/07/26 23:00:00,A,BW,REACH,TOTAL,NR,T,IT,2020-01-01,1.0,,
ESTAT:MIGR_EMI1CTZ(1.0),01/07/26 23:00:00,A,BY,REACH,TOTAL,NR,T,IT,2020-01-01,49.0,,
ESTAT:MIGR_EMI1CTZ(1.0),01/07/26 23:00:00,A,BZ,REACH,TOTAL,NR,T,IT,2020-01-01,0.0,,
ESTAT:MIGR_EMI1CTZ(1.0),01/07/26 23:00:00,A,CA,REACH,TOTAL,NR,T,IT,2020-01-01,47.0,,
ESTAT:MIGR_EMI1CTZ(1.0),01/07/26 23:00:00,A,CD,REACH,TOTAL,NR,T,IT,2020-01-01,20.0,,
ESTAT:MIGR_EMI1CTZ(1.0),01/07/26 23:00:00,A,CF,REACH,TOTAL,NR,T,IT,2020-01-01,1.0,,
ESTAT:MIGR_EMI1CTZ(1.0),01/07/26 23:00:00,A,CG,REACH,TOTAL,NR,T,IT,2020-01-01,39.0,,
ESTAT:MIGR_EMI1CTZ(1.0),01/07/26 23:00:00,A,CH,REACH,TOTAL,NR,T,IT,2020-01-01,151.0,,
ESTAT:MIGR_EMI1CTZ(1.0),01/07/26 23:00:00,A,CI,REACH,TOTAL,NR,T,IT,2020-01-01,260.0,,
ESTAT:MIGR_EMI1CTZ(1.0),01/07/26 23:00:00,A,CL,REACH,TOTAL,NR,T,IT,2020-01-01,31.0,,
ESTAT:MIGR_EMI1CTZ(1.0),01/07/26 23:00:00,A,CM,REACH,TOTAL,NR,T,IT,2020-01-01,92.0,,
ESTAT:MIGR_EMI1CTZ(1.0),01/07/26 23:00:00,A,CN,REACH,TOTAL,NR,T,IT,2020-01-01,1106.0,,
ESTAT:MIGR_EMI1CTZ(1.0),01/07/26 23:00:00,A,CO,REACH,TOTAL,NR,T,IT,2020-01-01,115.0,,
ESTAT:MIGR_EMI1CTZ(1.0),01/07/26 23:00:00,A,CR,REACH,TOTAL,NR,T,IT,2020-01-01,6.0,,
ESTAT:MIGR_EMI1CTZ(1.0),01/07/26 23:00:00,A,CRB,REACH,TOTAL,NR,T,IT,2020-01-01,297.0,,
ESTAT:MIGR_EMI1CTZ(1.0),01/07/26 23:00:00,A,CU,REACH,TOTAL,NR,T,IT,2020-01-01,130.0,,
ESTAT:MIGR_EMI1CTZ(1.0),01/07/26 23:00:00,A,CV,REACH,TOTAL,NR,T,IT,2020-01-01,7.0,,
ESTAT:MIGR_EMI1CTZ(1.0),01/07/26 23:00:00,A,CY,REACH,TOTAL,NR,T,IT,2020-01-01,10.0,,
ESTAT:MIGR_EMI1CTZ(1.0),01/07/26 23:00:00,A,CZ,REACH,TOTAL,NR,T,IT,2020-01-01,79.0,,
ESTAT:MIGR_EMI1CTZ(1.0),01/07/26 23:00:00,A,CZ_SK,REACH,TOTAL,NR,T,IT,2020-01-01,0.0,,
ESTAT:MIGR_EMI1CTZ(1.0),01/07/26 23:00:00,A,DE,REACH,TOTAL,NR,T,IT,2020-01-01,774.0,,
ESTAT:MIGR_EMI1CTZ(1.0),01/07/26 23:00:00,A,DJ,REACH,TOTAL,NR,T,IT,2020-01-01,0.0,,
ESTAT:MIGR_EMI1CTZ(1.0),01/07/26 23:00:00,A,DK,REACH,TOTAL,NR,T,IT,2020-01-01,46.0,,
ESTAT:MIGR_EMI1CTZ(1.0),01/07/26 23:00:00,A,DM,REACH,TOTAL,NR,T,IT,2020-01-01,9.0,,
ESTAT:MIGR_EMI1CTZ(1.0),01/07/26 23:00:00,A,DO,REACH,TOTAL,NR,T,IT,2020-01-01,155.0,,
ESTAT:MIGR_EMI1CTZ(1.0),01/07/26 23:00:00,A,DZ,REACH,TOTAL,NR,T,IT,2020-01-01,80.0,,
ESTAT:MIGR_EMI1CTZ(1.0),01/07/26 23:00:00,A,EC,REACH,TOTAL,NR,T,IT,2020-01-01,148.0,,
ESTAT:MIGR_EMI1CTZ(1.0),01/07/26 23:00:00,A,EE,REACH,TOTAL,NR,T,IT,2020-01-01,13.0,,
ESTAT:MIGR_EMI1CTZ(1.0),01/07/26 23:00:00,A,EG,REACH,TOTAL,NR,T,IT,2020-01-01,439.0,,
ESTAT:MIGR_EMI1CTZ(1.0),01/07/26 23:00:00,A,EH,REACH,TOTAL,NR,T,IT,2020-01-01,0.0,,
ESTAT:MIGR_EMI1CTZ(1.0),01/07/26 23:00:00,A,EL,REACH,TOTAL,NR,T,IT,2020-01-01,114.0,,
ESTAT:MIGR_EMI1CTZ(1.0),01/07/26 23:00:00,A,ER,REACH,TOTAL,NR,T,IT,2020-01-01,40.0,,
ESTAT:MIGR_EMI1CTZ(1.0),01/07/26 23:00:00,A,ES,REACH,TOTAL,NR,T,IT,2020-01-01,431.0,,
ESTAT:MIGR_EMI1CTZ(1.0),01/07/26 23:00:00,A,ET,REACH,TOTAL,NR,T,IT,2020-01-01,46.0,,
ESTAT:MIGR_EMI1CTZ(1.0),01/07/26 23:00:00,A,EU27_2020_FOR,REACH,TOTAL,NR,T,IT,2020-01-01,17127.0,,
ESTAT:MIGR_EMI1CTZ(1.0),01/07/26 23:00:00,A,EUR,REACH,TOTAL,NR,T,IT,2020-01-01,144539.0,,
ESTAT:MIGR_EMI1CTZ(1.0),01/07/26 23:00:00,A,EX_SU,REACH,TOTAL,NR,T,IT,2020-01-01,0.0,,
ESTAT:MIGR_EMI1CTZ(1.0),01/07/26 23:00:00,A,EX_YU,REACH,TOTAL,NR,T,IT,2020-01-01,0.0,,
ESTAT:MIGR_EMI1CTZ(1.0),01/07/26 23:00:00,A,FI,REACH,TOTAL,NR,T,IT,2020-01-01,36.0,,
ESTAT:MIGR_EMI1CTZ(1.0),01/07/26 23:00:00,A,FJ,REACH,TOTAL,NR,T,IT,2020-01-01,0.0,,
ESTAT:MIGR_EMI1CTZ(1.0),01/07/26 23:00:00,A,FM,REACH,TOTAL,NR,T,IT,2020-01-01,0.0,,
ESTAT:MIGR_EMI1CTZ(1.0),01/07/26 23:00:00,A,FOR_STLS,REACH,TOTAL,NR,T,IT,2020-01-01,38934.0,,
ESTAT:MIGR_EMI1CTZ(1.0),01/07/26 23:00:00,A,FR,REACH,TOTAL,NR,T,IT,2020-01-01,588.0,,
ESTAT:MIGR_EMI1CTZ(1.0),01/07/26 23:00:00,A,GA,REACH,TOTAL,NR,T,IT,2020-01-01,2.0,,
ESTAT:MIGR_EMI1CTZ(1.0),01/07/26 23:00:00,A,GD,REACH,TOTAL,NR,T,IT,2020-01-01,0.0,,
ESTAT:MIGR_EMI1CTZ(1.0),01/07/26 23:00:00,A,GE,REACH,TOTAL,NR,T,IT,2020-01-01,115.0,,
ESTAT:MIGR_EMI1CTZ(1.0),01/07/26 23:00:00,A,GH,REACH,TOTAL,NR,T,IT,2020-01-01,341.0,,
ESTAT:MIGR_EMI1CTZ(1.0),01/07/26 23:00:00,A,GM,REACH,TOTAL,NR,T,IT,2020-01-01,242.0,,
ESTAT:MIGR_EMI1CTZ(1.0),01/07/26 23:00:00,A,GN,REACH,TOTAL,NR,T,IT,2020-01-01,154.0,,
ESTAT:MIGR_EMI1CTZ(1.0),01/07/26 23:00:00,A,GQ,REACH,TOTAL,NR,T,IT,2020-01-01,0.0,,
ESTAT:MIGR_EMI1CTZ(1.0),01/07/26 23:00:00,A,GT,REACH,TOTAL,NR,T,IT,2020-01-01,6.0,,
ESTAT:MIGR_EMI1CTZ(1.0),01/07/26 23:00:00,A,GW,REACH,TOTAL,NR,T,IT,2020-01-01,36.0,,
ESTAT:MIGR_EMI1CTZ(1.0),01/07/26 23:00:00,A,GY,REACH,TOTAL,NR,T,IT,2020-01-01,1.0,,
ESTAT:MIGR_EMI1CTZ(1.0),01/07/26 23:00:00,A,HN,REACH,TOTAL,NR,T,IT,2020-01-01,16.0,,
ESTAT:MIGR_EMI1CTZ(1.0),01/07/26 23:00:00,A,HR,REACH,TOTAL,NR,T,IT,2020-01-01,272.0,,
ESTAT:MIGR_EMI1CTZ(1.0),01/07/26 23:00:00,A,HT,REACH,TOTAL,NR,T,IT,2020-01-01,1.0,,
ESTAT:MIGR_EMI1CTZ(1.0),01/07/26 23:00:00,A,HU,REACH,TOTAL,NR,T,IT,2020-01-01,179.0,,
ESTAT:MIGR_EMI1CTZ(1.0),01/07/26 23:00:00,A,ID,REACH,TOTAL,NR,T,IT,2020-01-01,28.0,,
ESTAT:MIGR_EMI1CTZ(1.0),01/07/26 23:00:00,A,IE,REACH,TOTAL,NR,T,IT,2020-01-01,43.0,,
ESTAT:MIGR_EMI1CTZ(1.0),01/07/26 23:00:00,A,IL,REACH,TOTAL,NR,T,IT,2020-01-01,13.0,,
ESTAT:MIGR_EMI1CTZ(1.0),01/07/26 23:00:00,A,IM,REACH,TOTAL,NR,T,IT,2020-01-01,0.0,,
ESTAT:MIGR_EMI1CTZ(1.0),01/07/26 23:00:00,A,IN,REACH,TOTAL,NR,T,IT,2020-01-01,1294.0,,
ESTAT:MIGR_EMI1CTZ(1.0),01/07/26 23:00:00,A,IQ,REACH,TOTAL,NR,T,IT,2020-01-01,84.0,,
ESTAT:MIGR_EMI1CTZ(1.0),01/07/26 23:00:00,A,IR,REACH,TOTAL,NR,T,IT,2020-01-01,68.0,,
ESTAT:MIGR_EMI1CTZ(1.0),01/07/26 23:00:00,A,IS,REACH,TOTAL,NR,T,IT,2020-01-01,6.0,,
ESTAT:MIGR_EMI1CTZ(1.0),01/07/26 23:00:00,A,IT,REACH,TOTAL,NR,T,IT,2020-01-01,120950.0,,
ESTAT:MIGR_EMI1CTZ(1.0),01/07/26 23:00:00,A,JE,REACH,TOTAL,NR,T,IT,2020-01-01,0.0,,
ESTAT:MIGR_EMI1CTZ(1.0),01/07/26 23:00:00,A,JM,REACH,TOTAL,NR,T,IT,2020-01-01,1.0,,
ESTAT:MIGR_EMI1CTZ(1.0),01/07/26 23:00:00,A,JO,REACH,TOTAL,NR,T,IT,2020-01-01,13.0,,
ESTAT:MIGR_EMI1CTZ(1.0),01/07/26 23:00:00,A,JP,REACH,TOTAL,NR,T,IT,2020-01-01,219.0,,
ESTAT:MIGR_EMI1CTZ(1.0),01/07/26 23:00:00,A,KE,REACH,TOTAL,NR,T,IT,2020-01-01,12.0,,
ESTAT:MIGR_EMI1CTZ(1.0),01/07/26 23:00:00,A,KG,REACH,TOTAL,NR,T,IT,2020-01-01,10.0,,
ESTAT:MIGR_EMI1CTZ(1.0),01/07/26 23:00:00,A,KH,REACH,TOTAL,NR,T,IT,2020-01-01,2.0,,
ESTAT:MIGR_EMI1CTZ(1.0),01/07/26 23:00:00,A,KI,REACH,TOTAL,NR,T,IT,2020-01-01,0.0,,
ESTAT:MIGR_EMI1CTZ(1.0),01/07/26 23:00:00,A,KM,REACH,TOTAL,NR,T,IT,2020-01-01,0.0,,
ESTAT:MIGR_EMI1CTZ(1.0),01/07/26 23:00:00,A,KN,REACH,TOTAL,NR,T,IT,2020-01-01,0.0,,
ESTAT:MIGR_EMI1CTZ(1.0),01/07/26 23:00:00,A,KP,REACH,TOTAL,NR,T,IT,2020-01-01,0.0,,
ESTAT:MIGR_EMI1CTZ(1.0),01/07/26 23:00:00,A,KR,REACH,TOTAL,NR,T,IT,2020-01-01,80.0,,
ESTAT:MIGR_EMI1CTZ(1.0),01/07/26 23:00:00,A,KW,REACH,TOTAL,NR,T,IT,2020-01-01,0.0,,
ESTAT:MIGR_EMI1CTZ(1.0),01/07/26 23:00:00,A,KZ,REACH,TOTAL,NR,T,IT,2020-01-01,41.0,,
ESTAT:MIGR_EMI1CTZ(1.0),01/07/26 23:00:00,A,LA,REACH,TOTAL,NR,T,IT,2020-01-01,0.0,,
ESTAT:MIGR_EMI1CTZ(1.0),01/07/26 23:00:00,A,LB,REACH,TOTAL,NR,T,IT,2020-01-01,25.0,,
ESTAT:MIGR_EMI1CTZ(1.0),01/07/26 23:00:00,A,LC,REACH,TOTAL,NR,T,IT,2020-01-01,0.0,,
ESTAT:MIGR_EMI1CTZ(1.0),01/07/26 23:00:00,A,LI,REACH,TOTAL,NR,T,IT,2020-01-01,2.0,,
ESTAT:MIGR_EMI1CTZ(1.0),01/07/26 23:00:00,A,LK,REACH,TOTAL,NR,T,IT,2020-01-01,328.0,,
ESTAT:MIGR_EMI1CTZ(1.0),01/07/26 23:00:00,A,LR,REACH,TOTAL,NR,T,IT,2020-01-01,7.0,,
ESTAT:MIGR_EMI1CTZ(1.0),01/07/26 23:00:00,A,LS,REACH,TOTAL,NR,T,IT,2020-01-01,0.0,,
ESTAT:MIGR_EMI1CTZ(1.0),01/07/26 23:00:00,A,LT,REACH,TOTAL,NR,T,IT,2020-01-01,57.0,,
ESTAT:MIGR_EMI1CTZ(1.0),01/07/26 23:00:00,A,LU,REACH,TOTAL,NR,T,IT,2020-01-01,8.0,,
ESTAT:MIGR_EMI1CTZ(1.0),01/07/26 23:00:00,A,LV,REACH,TOTAL,NR,T,IT,2020-01-01,25.0,,
ESTAT:MIGR_EMI1CTZ(1.0),01/07/26 23:00:00,A,LY,REACH,TOTAL,NR,T,IT,2020-01-01,25.0,,
ESTAT:MIGR_EMI1CTZ(1.0),01/07/26 23:00:00,A,MA,REACH,TOTAL,NR,T,IT,2020-01-01,1832.0,,
ESTAT:MIGR_EMI1CTZ(1.0),01/07/26 23:00:00,A,MC,REACH,TOTAL,NR,T,IT,2020-01-01,0.0,,
ESTAT:MIGR_EMI1CTZ(1.0),01/07/26 23:00:00,A,MD,REACH,TOTAL,NR,T,IT,2020-01-01,767.0,,
ESTAT:MIGR_EMI1CTZ(1.0),01/07/26 23:00:00,A,ME,REACH,TOTAL,NR,T,IT,2020-01-01,8.0,,
ESTAT:MIGR_EMI1CTZ(1.0),01/07/26 23:00:00,A,MEL,REACH,TOTAL,NR,T,IT,2020-01-01,0.0,,
ESTAT:MIGR_EMI1CTZ(1.0),01/07/26 23:00:00,A,MG,REACH,TOTAL,NR,T,IT,2020-01-01,9.0,,
ESTAT:MIGR_EMI1CTZ(1.0),01/07/26 23:00:00,A,MH,REACH,TOTAL,NR,T,IT,2020-01-01,0.0,,
ESTAT:MIGR_EMI1CTZ(1.0),01/07/26 23:00:00,A,MIC,REACH,TOTAL,NR,T,IT,2020-01-01,0.0,,
ESTAT:MIGR_EMI1CTZ(1.0),01/07/26 23:00:00,A,MK,REACH,TOTAL,NR,T,IT,2020-01-01,447.0,,
ESTAT:MIGR_EMI1CTZ(1.0),01/07/26 23:00:00,A,ML,REACH,TOTAL,NR,T,IT,2020-01-01,296.0,,
ESTAT:MIGR_EMI1CTZ(1.0),01/07/26 23:00:00,A,MM,REACH,TOTAL,NR,T,IT,2020-01-01,26.0,,
ESTAT:MIGR_EMI1CTZ(1.0),01/07/26 23:00:00,A,MN,REACH,TOTAL,NR,T,IT,2020-01-01,4.0,,
ESTAT:MIGR_EMI1CTZ(1.0),01/07/26 23:00:00,A,MR,REACH,TOTAL,NR,T,IT,2020-01-01,3.0,,
ESTAT:MIGR_EMI1CTZ(1.0),01/07/26 23:00:00,A,MT,REACH,TOTAL,NR,T,IT,2020-01-01,13.0,,
ESTAT:MIGR_EMI1CTZ(1.0),01/07/26 23:00:00,A,MU,REACH,TOTAL,NR,T,IT,2020-01-01,12.0,,
ESTAT:MIGR_EMI1CTZ(1.0),01/07/26 23:00:00,A,MV,REACH,TOTAL,NR,T,IT,2020-01-01,1.0,,
ESTAT:MIGR_EMI1CTZ(1.0),01/07/26 23:00:00,A,MW,REACH,TOTAL,NR,T,IT,2020-01-01,2.0,,
ESTAT:MIGR_EMI1CTZ(1.0),01/07/26 23:00:00,A,MX,REACH,TOTAL,NR,T,IT,2020-01-01,48.0,,
ESTAT:MIGR_EMI1CTZ(1.0),01/07/26 23:00:00,A,MY,REACH,TOTAL,NR,T,IT,2020-01-01,7.0,,
ESTAT:MIGR_EMI1CTZ(1.0),01/07/26 23:00:00,A,MZ,REACH,TOTAL,NR,T,IT,2020-01-01,4.0,,
ESTAT:MIGR_EMI1CTZ(1.0),01/07/26 23:00:00,A,NA,REACH,TOTAL,NR,T,IT,2020-01-01,1.0,,
ESTAT:MIGR_EMI1CTZ(1.0),01/07/26 23:00:00,A,NAT,REACH,TOTAL,NR,T,IT,2020-01-01,120950.0,,
ESTAT:MIGR_EMI1CTZ(1.0),01/07/26 23:00:00,A,NE,REACH,TOTAL,NR,T,IT,2020-01-01,17.0,,
ESTAT:MIGR_EMI1CTZ(1.0),01/07/26 23:00:00,A,NEU27_2020_FOR,REACH,TOTAL,NR,T,IT,2020-01-01,21803.0,,
ESTAT:MIGR_EMI1CTZ(1.0),01/07/26 23:00:00,A,NG,REACH,TOTAL,NR,T,IT,2020-01-01,905.0,,
ESTAT:MIGR_EMI1CTZ(1.0),01/07/26 23:00:00,A,NI,REACH,TOTAL,NR,T,IT,2020-01-01,1.0,,
ESTAT:MIGR_EMI1CTZ(1.0),01/07/26 23:00:00,A,NL,REACH,TOTAL,NR,T,IT,2020-01-01,216.0,,
ESTAT:MIGR_EMI1CTZ(1.0),01/07/26 23:00:00,A,NO,REACH,TOTAL,NR,T,IT,2020-01-01,24.0,,
ESTAT:MIGR_EMI1CTZ(1.0),01/07/26 23:00:00,A,NP,REACH,TOTAL,NR,T,IT,2020-01-01,12.0,,
ESTAT:MIGR_EMI1CTZ(1.0),01/07/26 23:00:00,A,NR,REACH,TOTAL,NR,T,IT,2020-01-01,0.0,,
ESTAT:MIGR_EMI1CTZ(1.0),01/07/26 23:00:00,A,NZ,REACH,TOTAL,NR,T,IT,2020-01-01,6.0,,
ESTAT:MIGR_EMI1CTZ(1.0),01/07/26 23:00:00,A,OCE,REACH,TOTAL,NR,T,IT,2020-01-01,52.0,,
ESTAT:MIGR_EMI1CTZ(1.0),01/07/26 23:00:00,A,OM,REACH,TOTAL,NR,T,IT,2020-01-01,0.0,,
ESTAT:MIGR_EMI1CTZ(1.0),01/07/26 23:00:00,A,PA,REACH,TOTAL,NR,T,IT,2020-01-01,2.0,,
ESTAT:MIGR_EMI1CTZ(1.0),01/07/26 23:00:00,A,PE,REACH,TOTAL,NR,T,IT,2020-01-01,205.0,,
ESTAT:MIGR_EMI1CTZ(1.0),01/07/26 23:00:00,A,PG,REACH,TOTAL,NR,T,IT,2020-01-01,0.0,,
ESTAT:MIGR_EMI1CTZ(1.0),01/07/26 23:00:00,A,PH,REACH,TOTAL,NR,T,IT,2020-01-01,237.0,,
ESTAT:MIGR_EMI1CTZ(1.0),01/07/26 23:00:00,A,PK,REACH,TOTAL,NR,T,IT,2020-01-01,1197.0,,
ESTAT:MIGR_EMI1CTZ(1.0),01/07/26 23:00:00,A,PL,REACH,TOTAL,NR,T,IT,2020-01-01,1088.0,,
ESTAT:MIGR_EMI1CTZ(1.0),01/07/26 23:00:00,A,POL,REACH,TOTAL,NR,T,IT,2020-01-01,2.0,,
ESTAT:MIGR_EMI1CTZ(1.0),01/07/26 23:00:00,A,PS,REACH,TOTAL,NR,T,IT,2020-01-01,6.0,,
ESTAT:MIGR_EMI1CTZ(1.0),01/07/26 23:00:00,A,PT,REACH,TOTAL,NR,T,IT,2020-01-01,107.0,,
ESTAT:MIGR_EMI1CTZ(1.0),01/07/26 23:00:00,A,PW,REACH,TOTAL,NR,T,IT,2020-01-01,0.0,,
ESTAT:MIGR_EMI1CTZ(1.0),01/07/26 23:00:00,A,PY,REACH,TOTAL,NR,T,IT,2020-01-01,10.0,,
ESTAT:MIGR_EMI1CTZ(1.0),01/07/26 23:00:00,A,QA,REACH,TOTAL,NR,T,IT,2020-01-01,0.0,,
ESTAT:MIGR_EMI1CTZ(1.0),01/07/26 23:00:00,A,RNC,REACH,TOTAL,NR,T,IT,2020-01-01,0.0,,
ESTAT:MIGR_EMI1CTZ(1.0),01/07/26 23:00:00,A,RO,REACH,TOTAL,NR,T,IT,2020-01-01,11753.0,,
ESTAT:MIGR_EMI1CTZ(1.0),01/07/26 23:00:00,A,RS,REACH,TOTAL,NR,T,IT,2020-01-01,202.0,,
ESTAT:MIGR_EMI1CTZ(1.0),01/07/26 23:00:00,A,RS_ME,REACH,TOTAL,NR,T,IT,2020-01-01,0.0,,
ESTAT:MIGR_EMI1CTZ(1.0),01/07/26 23:00:00,A,RU,REACH,TOTAL,NR,T,IT,2020-01-01,295.0,,
ESTAT:MIGR_EMI1CTZ(1.0),01/07/26 23:00:00,A,RW,REACH,TOTAL,NR,T,IT,2020-01-01,2.0,,
ESTAT:MIGR_EMI1CTZ(1.0),01/07/26 23:00:00,A,SA,REACH,TOTAL,NR,T,IT,2020-01-01,1.0,,
ESTAT:MIGR_EMI1CTZ(1.0),01/07/26 23:00:00,A,SB,REACH,TOTAL,NR,T,IT,2020-01-01,0.0,,
ESTAT:MIGR_EMI1CTZ(1.0),01/07/26 23:00:00,A,SC,REACH,TOTAL,NR,T,IT,2020-01-01,0.0,,
ESTAT:MIGR_EMI1CTZ(1.0),01/07/26 23:00:00,A,SD,REACH,TOTAL,NR,T,IT,2020-01-01,25.0,,
ESTAT:MIGR_EMI1CTZ(1.0),01/07/26 23:00:00,A,SE,REACH,TOTAL,NR,T,IT,2020-01-01,88.0,,
ESTAT:MIGR_EMI1CTZ(1.0),01/07/26 23:00:00,A,SG,REACH,TOTAL,NR,T,IT,2020-01-01,1.0,,
ESTAT:MIGR_EMI1CTZ(1.0),01/07/26 23:00:00,A,SI,REACH,TOTAL,NR,T,IT,2020-01-01,59.0,,
ESTAT:MIGR_EMI1CTZ(1.0),01/07/26 23:00:00,A,SK,REACH,TOTAL,NR,T,IT,2020-01-01,167.0,,
ESTAT:MIGR_EMI1CTZ(1.0),01/07/26 23:00:00,A,SL,REACH,TOTAL,NR,T,IT,2020-01-01,15.0,,
ESTAT:MIGR_EMI1CTZ(1.0),01/07/26 23:00:00,A,SM,REACH,TOTAL,NR,T,IT,2020-01-01,5.0,,
ESTAT:MIGR_EMI1CTZ(1.0),01/07/26 23:00:00,A,SN,REACH,TOTAL,NR,T,IT,2020-01-01,574.0,,
ESTAT:MIGR_EMI1CTZ(1.0),01/07/26 23:00:00,A,SO,REACH,TOTAL,NR,T,IT,2020-01-01,89.0,,
ESTAT:MIGR_EMI1CTZ(1.0),01/07/26 23:00:00,A,SR,REACH,TOTAL,NR,T,IT,2020-01-01,0.0,,
ESTAT:MIGR_EMI1CTZ(1.0),01/07/26 23:00:00,A,SS,REACH,TOTAL,NR,T,IT,2020-01-01,1.0,,
ESTAT:MIGR_EMI1CTZ(1.0),01/07/26 23:00:00,A,ST,REACH,TOTAL,NR,T,IT,2020-01-01,0.0,,
ESTAT:MIGR_EMI1CTZ(1.0),01/07/26 23:00:00,A,STLS,REACH,TOTAL,NR,T,IT,2020-01-01,4.0,,
ESTAT:MIGR_EMI1CTZ(1.0),01/07/26 23:00:00,A,SV,REACH,TOTAL,NR,T,IT,2020-01-01,21.0,,
ESTAT:MIGR_EMI1CTZ(1.0),01/07/26 23:00:00,A,SY,REACH,TOTAL,NR,T,IT,2020-01-01,57.0,,
ESTAT:MIGR_EMI1CTZ(1.0),01/07/26 23:00:00,A,SZ,REACH,TOTAL,NR,T,IT,2020-01-01,0.0,,
ESTAT:MIGR_EMI1CTZ(1.0),01/07/26 23:00:00,A,TD,REACH,TOTAL,NR,T,IT,2020-01-01,2.0,,
ESTAT:MIGR_EMI1CTZ(1.0),01/07/26 23:00:00,A,TG,REACH,TOTAL,NR,T,IT,2020-01-01,46.0,,
ESTAT:MIGR_EMI1CTZ(1.0),01/07/26 23:00:00,A,TH,REACH,TOTAL,NR,T,IT,2020-01-01,42.0,,
ESTAT:MIGR_EMI1CTZ(1.0),01/07/26 23:00:00,A,TJ,REACH,TOTAL,NR,T,IT,2020-01-01,0.0,,
ESTAT:MIGR_EMI1CTZ(1.0),01/07/26 23:00:00,A,TL,REACH,TOTAL,NR,T,IT,2020-01-01,0.0,,
ESTAT:MIGR_EMI1CTZ(1.0),01/07/26 23:00:00,A,TM,REACH,TOTAL,NR,T,IT,2020-01-01,1.0,,
ESTAT:MIGR_EMI1CTZ(1.0),01/07/26 23:00:00,A,TN,REACH,TOTAL,NR,T,IT,2020-01-01,349.0,,
ESTAT:MIGR_EMI1CTZ(1.0),01/07/26 23:00:00,A,TO,REACH,TOTAL,NR,T,IT,2020-01-01,1.0,,
ESTAT:MIGR_EMI1CTZ(1.0),01/07/26 23:00:00,A,TOTAL,REACH,TOTAL,NR,T,IT,2020-01-01,159884.0,,
ESTAT:MIGR_EMI1CTZ(1.0),01/07/26 23:00:00,A,TR,REACH,TOTAL,NR,T,IT,2020-01-01,168.0,,
ESTAT:MIGR_EMI1CTZ(1.0),01/07/26 23:00:00,A,TT,REACH,TOTAL,NR,T,IT,2020-01-01,1.0,,
ESTAT:MIGR_EMI1CTZ(1.0),01/07/26 23:00:00,A,TV,REACH,TOTAL,NR,T,IT,2020-01-01,0.0,,
ESTAT:MIGR_EMI1CTZ(1.0),01/07/26 23:00:00,A,TW,REACH,TOTAL,NR,T,IT,2020-01-01,11.0,,
ESTAT:MIGR_EMI1CTZ(1.0),01/07/26 23:00:00,A,TZ,REACH,TOTAL,NR,T,IT,2020-01-01,11.0,,
ESTAT:MIGR_EMI1CTZ(1.0),01/07/26 23:00:00,A,UA,REACH,TOTAL,NR,T,IT,2020-01-01,1999.0,,
ESTAT:MIGR_EMI1CTZ(1.0),01/07/26 23:00:00,A,UG,REACH,TOTAL,NR,T,IT,2020-01-01,1.0,,
ESTAT:MIGR_EMI1CTZ(1.0),01/07/26 23:00:00,A,UK,REACH,TOTAL,NR,T,IT,2020-01-01,514.0,,
ESTAT:MIGR_EMI1CTZ(1.0),01/07/26 23:00:00,A,UNK,REACH,TOTAL,NR,T,IT,2020-01-01,0.0,,
ESTAT:MIGR_EMI1CTZ(1.0),01/07/26 23:00:00,A,US,REACH,TOTAL,NR,T,IT,2020-01-01,368.0,,
ESTAT:MIGR_EMI1CTZ(1.0),01/07/26 23:00:00,A,UY,REACH,TOTAL,NR,T,IT,2020-01-01,7.0,,
ESTAT:MIGR_EMI1CTZ(1.0),01/07/26 23:00:00,A,UZ,REACH,TOTAL,NR,T,IT,2020-01-01,11.0,,
ESTAT:MIGR_EMI1CTZ(1.0),01/07/26 23:00:00,A,VA,REACH,TOTAL,NR,T,IT,2020-01-01,0.0,,
ESTAT:MIGR_EMI1CTZ(1.0),01/07/26 23:00:00,A,VC,REACH,TOTAL,NR,T,IT,2020-01-01,0.0,,
ESTAT:MIGR_EMI1CTZ(1.0),01/07/26 23:00:00,A,VE,REACH,TOTAL,NR,T,IT,2020-01-01,93.0,,
ESTAT:MIGR_EMI1CTZ(1.0),01/07/26 23:00:00,A,VN,REACH,TOTAL,NR,T,IT,2020-01-01,19.0,,
ESTAT:MIGR_EMI1CTZ(1.0),01/07/26 23:00:00,A,VU,REACH,TOTAL,NR,T,IT,2020-01-01,0.0,,
ESTAT:MIGR_EMI1CTZ(1.0),01/07/26 23:00:00,A,WS,REACH,TOTAL,NR,T,IT,2020-01-01,1.0,,
ESTAT:MIGR_EMI1CTZ(1.0),01/07/26 23:00:00,A,XK,REACH,TOTAL,NR,T,IT,2020-01-01,404.0,,
ESTAT:MIGR_EMI1CTZ(1.0),01/07/26 23:00:00,A,YE,REACH,TOTAL,NR,T,IT,2020-01-01,1.0,,
ESTAT:MIGR_EMI1CTZ(1.0),01/07/26 23:00:00,A,ZA,REACH,TOTAL,NR,T,IT,2020-01-01,6.0,,
ESTAT:MIGR_EMI1CTZ(1.0),01/07/26 23:00:00,A,ZM,REACH,TOTAL,NR,T,IT,2020-01-01,0.0,,
ESTAT:MIGR_EMI1CTZ(1.0),01/07/26 23:00:00,A,ZW,REACH,TOTAL,NR,T,IT,2020-01-01,0.0,,
ESTAT:MIGR_EMI1CTZ(1.0),01/07/26 23:00:00,A,AD,REACH,TOTAL,NR,T,IT,2021-01-01,1.0,,
ESTAT:MIGR_EMI1CTZ(1.0),01/07/26 23:00:00,A,AE,REACH,TOTAL,NR,T,IT,2021-01-01,4.0,,
ESTAT:MIGR_EMI1CTZ(1.0),01/07/26 23:00:00,A,AF,REACH,TOTAL,NR,T,IT,2021-01-01,247.0,,
ESTAT:MIGR_EMI1CTZ(1.0),01/07/26 23:00:00,A,AFR,REACH,TOTAL,NR,T,IT,2021-01-01,13432.0,,
ESTAT:MIGR_EMI1CTZ(1.0),01/07/26 23:00:00,A,AFR_C,REACH,TOTAL,NR,T,IT,2021-01-01,317.0,,
ESTAT:MIGR_EMI1CTZ(1.0),01/07/26 23:00:00,A,AFR_E,REACH,TOTAL,NR,T,IT,2021-01-01,563.0,,
ESTAT:MIGR_EMI1CTZ(1.0),01/07/26 23:00:00,A,AFR_N,REACH,TOTAL,NR,T,IT,2021-01-01,4735.0,,
ESTAT:MIGR_EMI1CTZ(1.0),01/07/26 23:00:00,A,AFR_S,REACH,TOTAL,NR,T,IT,2021-01-01,21.0,,
ESTAT:MIGR_EMI1CTZ(1.0),01/07/26 23:00:00,A,AFR_W,REACH,TOTAL,NR,T,IT,2021-01-01,7796.0,,
ESTAT:MIGR_EMI1CTZ(1.0),01/07/26 23:00:00,A,AG,REACH,TOTAL,NR,T,IT,2021-01-01,0.0,,
ESTAT:MIGR_EMI1CTZ(1.0),01/07/26 23:00:00,A,AL,REACH,TOTAL,NR,T,IT,2021-01-01,2026.0,,
ESTAT:MIGR_EMI1CTZ(1.0),01/07/26 23:00:00,A,AM,REACH,TOTAL,NR,T,IT,2021-01-01,18.0,,
ESTAT:MIGR_EMI1CTZ(1.0),01/07/26 23:00:00,A,AME,REACH,TOTAL,NR,T,IT,2021-01-01,4896.0,,
ESTAT:MIGR_EMI1CTZ(1.0),01/07/26 23:00:00,A,AME_C,REACH,TOTAL,NR,T,IT,2021-01-01,209.0,,
ESTAT:MIGR_EMI1CTZ(1.0),01/07/26 23:00:00,A,AME_N,REACH,TOTAL,NR,T,IT,2021-01-01,604.0,,
ESTAT:MIGR_EMI1CTZ(1.0),01/07/26 23:00:00,A,AME_S,REACH,TOTAL,NR,T,IT,2021-01-01,3562.0,,
ESTAT:MIGR_EMI1CTZ(1.0),01/07/26 23:00:00,A,AO,REACH,TOTAL,NR,T,IT,2021-01-01,10.0,,
ESTAT:MIGR_EMI1CTZ(1.0),01/07/26 23:00:00,A,AR,REACH,TOTAL,NR,T,IT,2021-01-01,473.0,,
ESTAT:MIGR_EMI1CTZ(1.0),01/07/26 23:00:00,A,ASI,REACH,TOTAL,NR,T,IT,2021-01-01,11758.0,,
ESTAT:MIGR_EMI1CTZ(1.0),01/07/26 23:00:00,A,ASI_C,REACH,TOTAL,NR,T,IT,2021-01-01,61.0,,
ESTAT:MIGR_EMI1CTZ(1.0),01/07/26 23:00:00,A,ASI_E,REACH,TOTAL,NR,T,IT,2021-01-01,2312.0,,
ESTAT:MIGR_EMI1CTZ(1.0),01/07/26 23:00:00,A,ASI_S,REACH,TOTAL,NR,T,IT,2021-01-01,7970.0,,
ESTAT:MIGR_EMI1CTZ(1.0),01/07/26 23:00:00,A,ASI_S_E,REACH,TOTAL,NR,T,IT,2021-01-01,744.0,,
ESTAT:MIGR_EMI1CTZ(1.0),01/07/26 23:00:00,A,ASI_W,REACH,TOTAL,NR,T,IT,2021-01-01,671.0,,
ESTAT:MIGR_EMI1CTZ(1.0),01/07/26 23:00:00,A,AT,REACH,TOTAL,NR,T,IT,2021-01-01,133.0,,
ESTAT:MIGR_EMI1CTZ(1.0),01/07/26 23:00:00,A,AU,REACH,TOTAL,NR,T,IT,2021-01-01,80.0,,
ESTAT:MIGR_EMI1CTZ(1.0),01/07/26 23:00:00,A,AU_NZ,REACH,TOTAL,NR,T,IT,2021-01-01,95.0,,
ESTAT:MIGR_EMI1CTZ(1.0),01/07/26 23:00:00,A,AZ,REACH,TOTAL,NR,T,IT,2021-01-01,6.0,,
ESTAT:MIGR_EMI1CTZ(1.0),01/07/26 23:00:00,A,BA,REACH,TOTAL,NR,T,IT,2021-01-01,190.0,,
ESTAT:MIGR_EMI1CTZ(1.0),01/07/26 23:00:00,A,BB,REACH,TOTAL,NR,T,IT,2021-01-01,0.0,,
ESTAT:MIGR_EMI1CTZ(1.0),01/07/26 23:00:00,A,BD,REACH,TOTAL,NR,T,IT,2021-01-01,2099.0,,
ESTAT:MIGR_EMI1CTZ(1.0),01/07/26 23:00:00,A,BE,REACH,TOTAL,NR,T,IT,2021-01-01,201.0,,
ESTAT:MIGR_EMI1CTZ(1.0),01/07/26 23:00:00,A,BF,REACH,TOTAL,NR,T,IT,2021-01-01,176.0,,
ESTAT:MIGR_EMI1CTZ(1.0),01/07/26 23:00:00,A,BG,REACH,TOTAL,NR,T,IT,2021-01-01,1015.0,,
ESTAT:MIGR_EMI1CTZ(1.0),01/07/26 23:00:00,A,BH,REACH,TOTAL,NR,T,IT,2021-01-01,0.0,,
ESTAT:MIGR_EMI1CTZ(1.0),01/07/26 23:00:00,A,BI,REACH,TOTAL,NR,T,IT,2021-01-01,9.0,,
ESTAT:MIGR_EMI1CTZ(1.0),01/07/26 23:00:00,A,BJ,REACH,TOTAL,NR,T,IT,2021-01-01,37.0,,
ESTAT:MIGR_EMI1CTZ(1.0),01/07/26 23:00:00,A,BN,REACH,TOTAL,NR,T,IT,2021-01-01,0.0,,
ESTAT:MIGR_EMI1CTZ(1.0),01/07/26 23:00:00,A,BO,REACH,TOTAL,NR,T,IT,2021-01-01,54.0,,
ESTAT:MIGR_EMI1CTZ(1.0),01/07/26 23:00:00,A,BR,REACH,TOTAL,NR,T,IT,2021-01-01,1896.0,,
ESTAT:MIGR_EMI1CTZ(1.0),01/07/26 23:00:00,A,BS,REACH,TOTAL,NR,T,IT,2021-01-01,4.0,,
ESTAT:MIGR_EMI1CTZ(1.0),01/07/26 23:00:00,A,BT,REACH,TOTAL,NR,T,IT,2021-01-01,0.0,,
ESTAT:MIGR_EMI1CTZ(1.0),01/07/26 23:00:00,A,BW,REACH,TOTAL,NR,T,IT,2021-01-01,1.0,,
ESTAT:MIGR_EMI1CTZ(1.0),01/07/26 23:00:00,A,BY,REACH,TOTAL,NR,T,IT,2021-01-01,82.0,,
ESTAT:MIGR_EMI1CTZ(1.0),01/07/26 23:00:00,A,BZ,REACH,TOTAL,NR,T,IT,2021-01-01,0.0,,
ESTAT:MIGR_EMI1CTZ(1.0),01/07/26 23:00:00,A,CA,REACH,TOTAL,NR,T,IT,2021-01-01,81.0,,
ESTAT:MIGR_EMI1CTZ(1.0),01/07/26 23:00:00,A,CD,REACH,TOTAL,NR,T,IT,2021-01-01,41.0,,
ESTAT:MIGR_EMI1CTZ(1.0),01/07/26 23:00:00,A,CF,REACH,TOTAL,NR,T,IT,2021-01-01,8.0,,
ESTAT:MIGR_EMI1CTZ(1.0),01/07/26 23:00:00,A,CG,REACH,TOTAL,NR,T,IT,2021-01-01,45.0,,
ESTAT:MIGR_EMI1CTZ(1.0),01/07/26 23:00:00,A,CH,REACH,TOTAL,NR,T,IT,2021-01-01,321.0,,
ESTAT:MIGR_EMI1CTZ(1.0),01/07/26 23:00:00,A,CI,REACH,TOTAL,NR,T,IT,2021-01-01,655.0,,
ESTAT:MIGR_EMI1CTZ(1.0),01/07/26 23:00:00,A,CL,REACH,TOTAL,NR,T,IT,2021-01-01,54.0,,
ESTAT:MIGR_EMI1CTZ(1.0),01/07/26 23:00:00,A,CM,REACH,TOTAL,NR,T,IT,2021-01-01,196.0,,
ESTAT:MIGR_EMI1CTZ(1.0),01/07/26 23:00:00,A,CN,REACH,TOTAL,NR,T,IT,2021-01-01,1942.0,,
ESTAT:MIGR_EMI1CTZ(1.0),01/07/26 23:00:00,A,CO,REACH,TOTAL,NR,T,IT,2021-01-01,182.0,,
ESTAT:MIGR_EMI1CTZ(1.0),01/07/26 23:00:00,A,CR,REACH,TOTAL,NR,T,IT,2021-01-01,15.0,,
ESTAT:MIGR_EMI1CTZ(1.0),01/07/26 23:00:00,A,CRB,REACH,TOTAL,NR,T,IT,2021-01-01,521.0,,
ESTAT:MIGR_EMI1CTZ(1.0),01/07/26 23:00:00,A,CU,REACH,TOTAL,NR,T,IT,2021-01-01,231.0,,
ESTAT:MIGR_EMI1CTZ(1.0),01/07/26 23:00:00,A,CV,REACH,TOTAL,NR,T,IT,2021-01-01,33.0,,
ESTAT:MIGR_EMI1CTZ(1.0),01/07/26 23:00:00,A,CY,REACH,TOTAL,NR,T,IT,2021-01-01,6.0,,
ESTAT:MIGR_EMI1CTZ(1.0),01/07/26 23:00:00,A,CZ,REACH,TOTAL,NR,T,IT,2021-01-01,130.0,,
ESTAT:MIGR_EMI1CTZ(1.0),01/07/26 23:00:00,A,CZ_SK,REACH,TOTAL,NR,T,IT,2021-01-01,0.0,,
ESTAT:MIGR_EMI1CTZ(1.0),01/07/26 23:00:00,A,DE,REACH,TOTAL,NR,T,IT,2021-01-01,1103.0,,
ESTAT:MIGR_EMI1CTZ(1.0),01/07/26 23:00:00,A,DJ,REACH,TOTAL,NR,T,IT,2021-01-01,0.0,,
ESTAT:MIGR_EMI1CTZ(1.0),01/07/26 23:00:00,A,DK,REACH,TOTAL,NR,T,IT,2021-01-01,80.0,,
ESTAT:MIGR_EMI1CTZ(1.0),01/07/26 23:00:00,A,DM,REACH,TOTAL,NR,T,IT,2021-01-01,13.0,,
ESTAT:MIGR_EMI1CTZ(1.0),01/07/26 23:00:00,A,DO,REACH,TOTAL,NR,T,IT,2021-01-01,269.0,,
ESTAT:MIGR_EMI1CTZ(1.0),01/07/26 23:00:00,A,DZ,REACH,TOTAL,NR,T,IT,2021-01-01,119.0,,
ESTAT:MIGR_EMI1CTZ(1.0),01/07/26 23:00:00,A,EC,REACH,TOTAL,NR,T,IT,2021-01-01,260.0,,
ESTAT:MIGR_EMI1CTZ(1.0),01/07/26 23:00:00,A,EE,REACH,TOTAL,NR,T,IT,2021-01-01,31.0,,
ESTAT:MIGR_EMI1CTZ(1.0),01/07/26 23:00:00,A,EG,REACH,TOTAL,NR,T,IT,2021-01-01,1243.0,,
ESTAT:MIGR_EMI1CTZ(1.0),01/07/26 23:00:00,A,EH,REACH,TOTAL,NR,T,IT,2021-01-01,0.0,,
ESTAT:MIGR_EMI1CTZ(1.0),01/07/26 23:00:00,A,EL,REACH,TOTAL,NR,T,IT,2021-01-01,149.0,,
ESTAT:MIGR_EMI1CTZ(1.0),01/07/26 23:00:00,A,ER,REACH,TOTAL,NR,T,IT,2021-01-01,84.0,,
ESTAT:MIGR_EMI1CTZ(1.0),01/07/26 23:00:00,A,ES,REACH,TOTAL,NR,T,IT,2021-01-01,643.0,,
ESTAT:MIGR_EMI1CTZ(1.0),01/07/26 23:00:00,A,ET,REACH,TOTAL,NR,T,IT,2021-01-01,133.0,,
ESTAT:MIGR_EMI1CTZ(1.0),01/07/26 23:00:00,A,EU27_2020_FOR,REACH,TOTAL,NR,T,IT,2021-01-01,23823.0,,
ESTAT:MIGR_EMI1CTZ(1.0),01/07/26 23:00:00,A,EUR,REACH,TOTAL,NR,T,IT,2021-01-01,128110.0,,
ESTAT:MIGR_EMI1CTZ(1.0),01/07/26 23:00:00,A,EX_SU,REACH,TOTAL,NR,T,IT,2021-01-01,0.0,,
ESTAT:MIGR_EMI1CTZ(1.0),01/07/26 23:00:00,A,EX_YU,REACH,TOTAL,NR,T,IT,2021-01-01,0.0,,
ESTAT:MIGR_EMI1CTZ(1.0),01/07/26 23:00:00,A,FI,REACH,TOTAL,NR,T,IT,2021-01-01,70.0,,
ESTAT:MIGR_EMI1CTZ(1.0),01/07/26 23:00:00,A,FJ,REACH,TOTAL,NR,T,IT,2021-01-01,0.0,,
ESTAT:MIGR_EMI1CTZ(1.0),01/07/26 23:00:00,A,FM,REACH,TOTAL,NR,T,IT,2021-01-01,0.0,,
ESTAT:MIGR_EMI1CTZ(1.0),01/07/26 23:00:00,A,FOR_STLS,REACH,TOTAL,NR,T,IT,2021-01-01,64093.0,,
ESTAT:MIGR_EMI1CTZ(1.0),01/07/26 23:00:00,A,FR,REACH,TOTAL,NR,T,IT,2021-01-01,1054.0,,
ESTAT:MIGR_EMI1CTZ(1.0),01/07/26 23:00:00,A,GA,REACH,TOTAL,NR,T,IT,2021-01-01,6.0,,
ESTAT:MIGR_EMI1CTZ(1.0),01/07/26 23:00:00,A,GD,REACH,TOTAL,NR,T,IT,2021-01-01,0.0,,
ESTAT:MIGR_EMI1CTZ(1.0),01/07/26 23:00:00,A,GE,REACH,TOTAL,NR,T,IT,2021-01-01,231.0,,
ESTAT:MIGR_EMI1CTZ(1.0),01/07/26 23:00:00,A,GH,REACH,TOTAL,NR,T,IT,2021-01-01,699.0,,
ESTAT:MIGR_EMI1CTZ(1.0),01/07/26 23:00:00,A,GM,REACH,TOTAL,NR,T,IT,2021-01-01,672.0,,
ESTAT:MIGR_EMI1CTZ(1.0),01/07/26 23:00:00,A,GN,REACH,TOTAL,NR,T,IT,2021-01-01,429.0,,
ESTAT:MIGR_EMI1CTZ(1.0),01/07/26 23:00:00,A,GQ,REACH,TOTAL,NR,T,IT,2021-01-01,0.0,,
ESTAT:MIGR_EMI1CTZ(1.0),01/07/26 23:00:00,A,GT,REACH,TOTAL,NR,T,IT,2021-01-01,11.0,,
ESTAT:MIGR_EMI1CTZ(1.0),01/07/26 23:00:00,A,GW,REACH,TOTAL,NR,T,IT,2021-01-01,102.0,,
ESTAT:MIGR_EMI1CTZ(1.0),01/07/26 23:00:00,A,GY,REACH,TOTAL,NR,T,IT,2021-01-01,0.0,,
ESTAT:MIGR_EMI1CTZ(1.0),01/07/26 23:00:00,A,HN,REACH,TOTAL,NR,T,IT,2021-01-01,18.0,,
ESTAT:MIGR_EMI1CTZ(1.0),01/07/26 23:00:00,A,HR,REACH,TOTAL,NR,T,IT,2021-01-01,416.0,,
ESTAT:MIGR_EMI1CTZ(1.0),01/07/26 23:00:00,A,HT,REACH,TOTAL,NR,T,IT,2021-01-01,1.0,,
ESTAT:MIGR_EMI1CTZ(1.0),01/07/26 23:00:00,A,HU,REACH,TOTAL,NR,T,IT,2021-01-01,214.0,,
ESTAT:MIGR_EMI1CTZ(1.0),01/07/26 23:00:00,A,ID,REACH,TOTAL,NR,T,IT,2021-01-01,41.0,,
ESTAT:MIGR_EMI1CTZ(1.0),01/07/26 23:00:00,A,IE,REACH,TOTAL,NR,T,IT,2021-01-01,78.0,,
ESTAT:MIGR_EMI1CTZ(1.0),01/07/26 23:00:00,A,IL,REACH,TOTAL,NR,T,IT,2021-01-01,31.0,,
ESTAT:MIGR_EMI1CTZ(1.0),01/07/26 23:00:00,A,IM,REACH,TOTAL,NR,T,IT,2021-01-01,0.0,,
ESTAT:MIGR_EMI1CTZ(1.0),01/07/26 23:00:00,A,IN,REACH,TOTAL,NR,T,IT,2021-01-01,2407.0,,
ESTAT:MIGR_EMI1CTZ(1.0),01/07/26 23:00:00,A,IQ,REACH,TOTAL,NR,T,IT,2021-01-01,174.0,,
ESTAT:MIGR_EMI1CTZ(1.0),01/07/26 23:00:00,A,IR,REACH,TOTAL,NR,T,IT,2021-01-01,94.0,,
ESTAT:MIGR_EMI1CTZ(1.0),01/07/26 23:00:00,A,IS,REACH,TOTAL,NR,T,IT,2021-01-01,4.0,,
ESTAT:MIGR_EMI1CTZ(1.0),01/07/26 23:00:00,A,IT,REACH,TOTAL,NR,T,IT,2021-01-01,94219.0,,
ESTAT:MIGR_EMI1CTZ(1.0),01/07/26 23:00:00,A,JE,REACH,TOTAL,NR,T,IT,2021-01-01,0.0,,
ESTAT:MIGR_EMI1CTZ(1.0),01/07/26 23:00:00,A,JM,REACH,TOTAL,NR,T,IT,2021-01-01,2.0,,
ESTAT:MIGR_EMI1CTZ(1.0),01/07/26 23:00:00,A,JO,REACH,TOTAL,NR,T,IT,2021-01-01,26.0,,
ESTAT:MIGR_EMI1CTZ(1.0),01/07/26 23:00:00,A,JP,REACH,TOTAL,NR,T,IT,2021-01-01,248.0,,
ESTAT:MIGR_EMI1CTZ(1.0),01/07/26 23:00:00,A,KE,REACH,TOTAL,NR,T,IT,2021-01-01,36.0,,
ESTAT:MIGR_EMI1CTZ(1.0),01/07/26 23:00:00,A,KG,REACH,TOTAL,NR,T,IT,2021-01-01,21.0,,
ESTAT:MIGR_EMI1CTZ(1.0),01/07/26 23:00:00,A,KH,REACH,TOTAL,NR,T,IT,2021-01-01,1.0,,
ESTAT:MIGR_EMI1CTZ(1.0),01/07/26 23:00:00,A,KI,REACH,TOTAL,NR,T,IT,2021-01-01,0.0,,
ESTAT:MIGR_EMI1CTZ(1.0),01/07/26 23:00:00,A,KM,REACH,TOTAL,NR,T,IT,2021-01-01,2.0,,
ESTAT:MIGR_EMI1CTZ(1.0),01/07/26 23:00:00,A,KN,REACH,TOTAL,NR,T,IT,2021-01-01,0.0,,
ESTAT:MIGR_EMI1CTZ(1.0),01/07/26 23:00:00,A,KP,REACH,TOTAL,NR,T,IT,2021-01-01,5.0,,
ESTAT:MIGR_EMI1CTZ(1.0),01/07/26 23:00:00,A,KR,REACH,TOTAL,NR,T,IT,2021-01-01,97.0,,
ESTAT:MIGR_EMI1CTZ(1.0),01/07/26 23:00:00,A,KW,REACH,TOTAL,NR,T,IT,2021-01-01,8.0,,
ESTAT:MIGR_EMI1CTZ(1.0),01/07/26 23:00:00,A,KZ,REACH,TOTAL,NR,T,IT,2021-01-01,31.0,,
ESTAT:MIGR_EMI1CTZ(1.0),01/07/26 23:00:00,A,LA,REACH,TOTAL,NR,T,IT,2021-01-01,0.0,,
ESTAT:MIGR_EMI1CTZ(1.0),01/07/26 23:00:00,A,LB,REACH,TOTAL,NR,T,IT,2021-01-01,50.0,,
ESTAT:MIGR_EMI1CTZ(1.0),01/07/26 23:00:00,A,LC,REACH,TOTAL,NR,T,IT,2021-01-01,0.0,,
ESTAT:MIGR_EMI1CTZ(1.0),01/07/26 23:00:00,A,LI,REACH,TOTAL,NR,T,IT,2021-01-01,0.0,,
ESTAT:MIGR_EMI1CTZ(1.0),01/07/26 23:00:00,A,LK,REACH,TOTAL,NR,T,IT,2021-01-01,621.0,,
ESTAT:MIGR_EMI1CTZ(1.0),01/07/26 23:00:00,A,LR,REACH,TOTAL,NR,T,IT,2021-01-01,18.0,,
ESTAT:MIGR_EMI1CTZ(1.0),01/07/26 23:00:00,A,LS,REACH,TOTAL,NR,T,IT,2021-01-01,0.0,,
ESTAT:MIGR_EMI1CTZ(1.0),01/07/26 23:00:00,A,LT,REACH,TOTAL,NR,T,IT,2021-01-01,71.0,,
ESTAT:MIGR_EMI1CTZ(1.0),01/07/26 23:00:00,A,LU,REACH,TOTAL,NR,T,IT,2021-01-01,8.0,,
ESTAT:MIGR_EMI1CTZ(1.0),01/07/26 23:00:00,A,LV,REACH,TOTAL,NR,T,IT,2021-01-01,28.0,,
ESTAT:MIGR_EMI1CTZ(1.0),01/07/26 23:00:00,A,LY,REACH,TOTAL,NR,T,IT,2021-01-01,54.0,,
ESTAT:MIGR_EMI1CTZ(1.0),01/07/26 23:00:00,A,MA,REACH,TOTAL,NR,T,IT,2021-01-01,2685.0,,
ESTAT:MIGR_EMI1CTZ(1.0),01/07/26 23:00:00,A,MC,REACH,TOTAL,NR,T,IT,2021-01-01,5.0,,
ESTAT:MIGR_EMI1CTZ(1.0),01/07/26 23:00:00,A,MD,REACH,TOTAL,NR,T,IT,2021-01-01,1099.0,,
ESTAT:MIGR_EMI1CTZ(1.0),01/07/26 23:00:00,A,ME,REACH,TOTAL,NR,T,IT,2021-01-01,10.0,,
ESTAT:MIGR_EMI1CTZ(1.0),01/07/26 23:00:00,A,MEL,REACH,TOTAL,NR,T,IT,2021-01-01,1.0,,
ESTAT:MIGR_EMI1CTZ(1.0),01/07/26 23:00:00,A,MG,REACH,TOTAL,NR,T,IT,2021-01-01,22.0,,
ESTAT:MIGR_EMI1CTZ(1.0),01/07/26 23:00:00,A,MH,REACH,TOTAL,NR,T,IT,2021-01-01,0.0,,
ESTAT:MIGR_EMI1CTZ(1.0),01/07/26 23:00:00,A,MIC,REACH,TOTAL,NR,T,IT,2021-01-01,0.0,,
ESTAT:MIGR_EMI1CTZ(1.0),01/07/26 23:00:00,A,MK,REACH,TOTAL,NR,T,IT,2021-01-01,548.0,,
ESTAT:MIGR_EMI1CTZ(1.0),01/07/26 23:00:00,A,ML,REACH,TOTAL,NR,T,IT,2021-01-01,988.0,,
ESTAT:MIGR_EMI1CTZ(1.0),01/07/26 23:00:00,A,MM,REACH,TOTAL,NR,T,IT,2021-01-01,1.0,,
ESTAT:MIGR_EMI1CTZ(1.0),01/07/26 23:00:00,A,MN,REACH,TOTAL,NR,T,IT,2021-01-01,1.0,,
ESTAT:MIGR_EMI1CTZ(1.0),01/07/26 23:00:00,A,MR,REACH,TOTAL,NR,T,IT,2021-01-01,12.0,,
ESTAT:MIGR_EMI1CTZ(1.0),01/07/26 23:00:00,A,MT,REACH,TOTAL,NR,T,IT,2021-01-01,14.0,,
ESTAT:MIGR_EMI1CTZ(1.0),01/07/26 23:00:00,A,MU,REACH,TOTAL,NR,T,IT,2021-01-01,36.0,,
ESTAT:MIGR_EMI1CTZ(1.0),01/07/26 23:00:00,A,MV,REACH,TOTAL,NR,T,IT,2021-01-01,0.0,,
ESTAT:MIGR_EMI1CTZ(1.0),01/07/26 23:00:00,A,MW,REACH,TOTAL,NR,T,IT,2021-01-01,0.0,,
ESTAT:MIGR_EMI1CTZ(1.0),01/07/26 23:00:00,A,MX,REACH,TOTAL,NR,T,IT,2021-01-01,87.0,,
ESTAT:MIGR_EMI1CTZ(1.0),01/07/26 23:00:00,A,MY,REACH,TOTAL,NR,T,IT,2021-01-01,28.0,,
ESTAT:MIGR_EMI1CTZ(1.0),01/07/26 23:00:00,A,MZ,REACH,TOTAL,NR,T,IT,2021-01-01,7.0,,
ESTAT:MIGR_EMI1CTZ(1.0),01/07/26 23:00:00,A,NA,REACH,TOTAL,NR,T,IT,2021-01-01,4.0,,
ESTAT:MIGR_EMI1CTZ(1.0),01/07/26 23:00:00,A,NAT,REACH,TOTAL,NR,T,IT,2021-01-01,94219.0,,
ESTAT:MIGR_EMI1CTZ(1.0),01/07/26 23:00:00,A,NE,REACH,TOTAL,NR,T,IT,2021-01-01,49.0,,
ESTAT:MIGR_EMI1CTZ(1.0),01/07/26 23:00:00,A,NEU27_2020_FOR,REACH,TOTAL,NR,T,IT,2021-01-01,40251.0,,
ESTAT:MIGR_EMI1CTZ(1.0),01/07/26 23:00:00,A,NG,REACH,TOTAL,NR,T,IT,2021-01-01,2354.0,,
ESTAT:MIGR_EMI1CTZ(1.0),01/07/26 23:00:00,A,NI,REACH,TOTAL,NR,T,IT,2021-01-01,8.0,,
ESTAT:MIGR_EMI1CTZ(1.0),01/07/26 23:00:00,A,NL,REACH,TOTAL,NR,T,IT,2021-01-01,255.0,,
ESTAT:MIGR_EMI1CTZ(1.0),01/07/26 23:00:00,A,NO,REACH,TOTAL,NR,T,IT,2021-01-01,25.0,,
ESTAT:MIGR_EMI1CTZ(1.0),01/07/26 23:00:00,A,NP,REACH,TOTAL,NR,T,IT,2021-01-01,23.0,,
ESTAT:MIGR_EMI1CTZ(1.0),01/07/26 23:00:00,A,NR,REACH,TOTAL,NR,T,IT,2021-01-01,0.0,,
ESTAT:MIGR_EMI1CTZ(1.0),01/07/26 23:00:00,A,NZ,REACH,TOTAL,NR,T,IT,2021-01-01,15.0,,
ESTAT:MIGR_EMI1CTZ(1.0),01/07/26 23:00:00,A,OCE,REACH,TOTAL,NR,T,IT,2021-01-01,97.0,,
ESTAT:MIGR_EMI1CTZ(1.0),01/07/26 23:00:00,A,OM,REACH,TOTAL,NR,T,IT,2021-01-01,1.0,,
ESTAT:MIGR_EMI1CTZ(1.0),01/07/26 23:00:00,A,PA,REACH,TOTAL,NR,T,IT,2021-01-01,4.0,,
ESTAT:MIGR_EMI1CTZ(1.0),01/07/26 23:00:00,A,PE,REACH,TOTAL,NR,T,IT,2021-01-01,378.0,,
ESTAT:MIGR_EMI1CTZ(1.0),01/07/26 23:00:00,A,PG,REACH,TOTAL,NR,T,IT,2021-01-01,1.0,,
ESTAT:MIGR_EMI1CTZ(1.0),01/07/26 23:00:00,A,PH,REACH,TOTAL,NR,T,IT,2021-01-01,566.0,,
ESTAT:MIGR_EMI1CTZ(1.0),01/07/26 23:00:00,A,PK,REACH,TOTAL,NR,T,IT,2021-01-01,2479.0,,
ESTAT:MIGR_EMI1CTZ(1.0),01/07/26 23:00:00,A,PL,REACH,TOTAL,NR,T,IT,2021-01-01,1360.0,,
ESTAT:MIGR_EMI1CTZ(1.0),01/07/26 23:00:00,A,POL,REACH,TOTAL,NR,T,IT,2021-01-01,1.0,,
ESTAT:MIGR_EMI1CTZ(1.0),01/07/26 23:00:00,A,PS,REACH,TOTAL,NR,T,IT,2021-01-01,8.0,,
ESTAT:MIGR_EMI1CTZ(1.0),01/07/26 23:00:00,A,PT,REACH,TOTAL,NR,T,IT,2021-01-01,165.0,,
ESTAT:MIGR_EMI1CTZ(1.0),01/07/26 23:00:00,A,PW,REACH,TOTAL,NR,T,IT,2021-01-01,0.0,,
ESTAT:MIGR_EMI1CTZ(1.0),01/07/26 23:00:00,A,PY,REACH,TOTAL,NR,T,IT,2021-01-01,10.0,,
ESTAT:MIGR_EMI1CTZ(1.0),01/07/26 23:00:00,A,QA,REACH,TOTAL,NR,T,IT,2021-01-01,0.0,,
ESTAT:MIGR_EMI1CTZ(1.0),01/07/26 23:00:00,A,RNC,REACH,TOTAL,NR,T,IT,2021-01-01,0.0,,
ESTAT:MIGR_EMI1CTZ(1.0),01/07/26 23:00:00,A,RO,REACH,TOTAL,NR,T,IT,2021-01-01,16181.0,,
ESTAT:MIGR_EMI1CTZ(1.0),01/07/26 23:00:00,A,RS,REACH,TOTAL,NR,T,IT,2021-01-01,308.0,,
ESTAT:MIGR_EMI1CTZ(1.0),01/07/26 23:00:00,A,RS_ME,REACH,TOTAL,NR,T,IT,2021-01-01,0.0,,
ESTAT:MIGR_EMI1CTZ(1.0),01/07/26 23:00:00,A,RU,REACH,TOTAL,NR,T,IT,2021-01-01,474.0,,
ESTAT:MIGR_EMI1CTZ(1.0),01/07/26 23:00:00,A,RW,REACH,TOTAL,NR,T,IT,2021-01-01,2.0,,
ESTAT:MIGR_EMI1CTZ(1.0),01/07/26 23:00:00,A,SA,REACH,TOTAL,NR,T,IT,2021-01-01,0.0,,
ESTAT:MIGR_EMI1CTZ(1.0),01/07/26 23:00:00,A,SB,REACH,TOTAL,NR,T,IT,2021-01-01,0.0,,
ESTAT:MIGR_EMI1CTZ(1.0),01/07/26 23:00:00,A,SC,REACH,TOTAL,NR,T,IT,2021-01-01,1.0,,
ESTAT:MIGR_EMI1CTZ(1.0),01/07/26 23:00:00,A,SD,REACH,TOTAL,NR,T,IT,2021-01-01,42.0,,
ESTAT:MIGR_EMI1CTZ(1.0),01/07/26 23:00:00,A,SE,REACH,TOTAL,NR,T,IT,2021-01-01,122.0,,
ESTAT:MIGR_EMI1CTZ(1.0),01/07/26 23:00:00,A,SG,REACH,TOTAL,NR,T,IT,2021-01-01,9.0,,
ESTAT:MIGR_EMI1CTZ(1.0),01/07/26 23:00:00,A,SI,REACH,TOTAL,NR,T,IT,2021-01-01,87.0,,
ESTAT:MIGR_EMI1CTZ(1.0),01/07/26 23:00:00,A,SK,REACH,TOTAL,NR,T,IT,2021-01-01,209.0,,
ESTAT:MIGR_EMI1CTZ(1.0),01/07/26 23:00:00,A,SL,REACH,TOTAL,NR,T,IT,2021-01-01,61.0,,
ESTAT:MIGR_EMI1CTZ(1.0),01/07/26 23:00:00,A,SM,REACH,TOTAL,NR,T,IT,2021-01-01,11.0,,
ESTAT:MIGR_EMI1CTZ(1.0),01/07/26 23:00:00,A,SN,REACH,TOTAL,NR,T,IT,2021-01-01,1435.0,,
ESTAT:MIGR_EMI1CTZ(1.0),01/07/26 23:00:00,A,SO,REACH,TOTAL,NR,T,IT,2021-01-01,205.0,,
ESTAT:MIGR_EMI1CTZ(1.0),01/07/26 23:00:00,A,SR,REACH,TOTAL,NR,T,IT,2021-01-01,0.0,,
ESTAT:MIGR_EMI1CTZ(1.0),01/07/26 23:00:00,A,SS,REACH,TOTAL,NR,T,IT,2021-01-01,2.0,,
ESTAT:MIGR_EMI1CTZ(1.0),01/07/26 23:00:00,A,ST,REACH,TOTAL,NR,T,IT,2021-01-01,0.0,,
ESTAT:MIGR_EMI1CTZ(1.0),01/07/26 23:00:00,A,STLS,REACH,TOTAL,NR,T,IT,2021-01-01,19.0,,
ESTAT:MIGR_EMI1CTZ(1.0),01/07/26 23:00:00,A,SV,REACH,TOTAL,NR,T,IT,2021-01-01,66.0,,
ESTAT:MIGR_EMI1CTZ(1.0),01/07/26 23:00:00,A,SY,REACH,TOTAL,NR,T,IT,2021-01-01,108.0,,
ESTAT:MIGR_EMI1CTZ(1.0),01/07/26 23:00:00,A,SZ,REACH,TOTAL,NR,T,IT,2021-01-01,0.0,,
ESTAT:MIGR_EMI1CTZ(1.0),01/07/26 23:00:00,A,TD,REACH,TOTAL,NR,T,IT,2021-01-01,11.0,,
ESTAT:MIGR_EMI1CTZ(1.0),01/07/26 23:00:00,A,TG,REACH,TOTAL,NR,T,IT,2021-01-01,76.0,,
ESTAT:MIGR_EMI1CTZ(1.0),01/07/26 23:00:00,A,TH,REACH,TOTAL,NR,T,IT,2021-01-01,52.0,,
ESTAT:MIGR_EMI1CTZ(1.0),01/07/26 23:00:00,A,TJ,REACH,TOTAL,NR,T,IT,2021-01-01,0.0,,
ESTAT:MIGR_EMI1CTZ(1.0),01/07/26 23:00:00,A,TL,REACH,TOTAL,NR,T,IT,2021-01-01,6.0,,
ESTAT:MIGR_EMI1CTZ(1.0),01/07/26 23:00:00,A,TM,REACH,TOTAL,NR,T,IT,2021-01-01,2.0,,
ESTAT:MIGR_EMI1CTZ(1.0),01/07/26 23:00:00,A,TN,REACH,TOTAL,NR,T,IT,2021-01-01,590.0,,
ESTAT:MIGR_EMI1CTZ(1.0),01/07/26 23:00:00,A,TO,REACH,TOTAL,NR,T,IT,2021-01-01,0.0,,
ESTAT:MIGR_EMI1CTZ(1.0),01/07/26 23:00:00,A,TOTAL,REACH,TOTAL,NR,T,IT,2021-01-01,158312.0,,
ESTAT:MIGR_EMI1CTZ(1.0),01/07/26 23:00:00,A,TR,REACH,TOTAL,NR,T,IT,2021-01-01,249.0,,
ESTAT:MIGR_EMI1CTZ(1.0),01/07/26 23:00:00,A,TT,REACH,TOTAL,NR,T,IT,2021-01-01,1.0,,
ESTAT:MIGR_EMI1CTZ(1.0),01/07/26 23:00:00,A,TV,REACH,TOTAL,NR,T,IT,2021-01-01,0.0,,
ESTAT:MIGR_EMI1CTZ(1.0),01/07/26 23:00:00,A,TW,REACH,TOTAL,NR,T,IT,2021-01-01,19.0,,
ESTAT:MIGR_EMI1CTZ(1.0),01/07/26 23:00:00,A,TZ,REACH,TOTAL,NR,T,IT,2021-01-01,14.0,,
ESTAT:MIGR_EMI1CTZ(1.0),01/07/26 23:00:00,A,UA,REACH,TOTAL,NR,T,IT,2021-01-01,3338.0,,
ESTAT:MIGR_EMI1CTZ(1.0),01/07/26 23:00:00,A,UG,REACH,TOTAL,NR,T,IT,2021-01-01,9.0,,
ESTAT:MIGR_EMI1CTZ(1.0),01/07/26 23:00:00,A,UK,REACH,TOTAL,NR,T,IT,2021-01-01,881.0,,
ESTAT:MIGR_EMI1CTZ(1.0),01/07/26 23:00:00,A,UNK,REACH,TOTAL,NR,T,IT,2021-01-01,0.0,,
ESTAT:MIGR_EMI1CTZ(1.0),01/07/26 23:00:00,A,US,REACH,TOTAL,NR,T,IT,2021-01-01,523.0,,
ESTAT:MIGR_EMI1CTZ(1.0),01/07/26 23:00:00,A,UY,REACH,TOTAL,NR,T,IT,2021-01-01,27.0,,
ESTAT:MIGR_EMI1CTZ(1.0),01/07/26 23:00:00,A,UZ,REACH,TOTAL,NR,T,IT,2021-01-01,7.0,,
ESTAT:MIGR_EMI1CTZ(1.0),01/07/26 23:00:00,A,VA,REACH,TOTAL,NR,T,IT,2021-01-01,1.0,,
ESTAT:MIGR_EMI1CTZ(1.0),01/07/26 23:00:00,A,VC,REACH,TOTAL,NR,T,IT,2021-01-01,0.0,,
ESTAT:MIGR_EMI1CTZ(1.0),01/07/26 23:00:00,A,VE,REACH,TOTAL,NR,T,IT,2021-01-01,228.0,,
ESTAT:MIGR_EMI1CTZ(1.0),01/07/26 23:00:00,A,VN,REACH,TOTAL,NR,T,IT,2021-01-01,40.0,,
ESTAT:MIGR_EMI1CTZ(1.0),01/07/26 23:00:00,A,VU,REACH,TOTAL,NR,T,IT,2021-01-01,0.0,,
ESTAT:MIGR_EMI1CTZ(1.0),01/07/26 23:00:00,A,WS,REACH,TOTAL,NR,T,IT,2021-01-01,1.0,,
ESTAT:MIGR_EMI1CTZ(1.0),01/07/26 23:00:00,A,XK,REACH,TOTAL,NR,T,IT,2021-01-01,495.0,,
ESTAT:MIGR_EMI1CTZ(1.0),01/07/26 23:00:00,A,YE,REACH,TOTAL,NR,T,IT,2021-01-01,6.0,,
ESTAT:MIGR_EMI1CTZ(1.0),01/07/26 23:00:00,A,ZA,REACH,TOTAL,NR,T,IT,2021-01-01,16.0,,
ESTAT:MIGR_EMI1CTZ(1.0),01/07/26 23:00:00,A,ZM,REACH,TOTAL,NR,T,IT,2021-01-01,1.0,,
ESTAT:MIGR_EMI1CTZ(1.0),01/07/26 23:00:00,A,ZW,REACH,TOTAL,NR,T,IT,2021-01-01,2.0,,
ESTAT:MIGR_EMI1CTZ(1.0),01/07/26 23:00:00,A,AD,REACH,TOTAL,NR,T,IT,2022-01-01,0.0,,
ESTAT:MIGR_EMI1CTZ(1.0),01/07/26 23:00:00,A,AE,REACH,TOTAL,NR,T,IT,2022-01-01,0.0,,
ESTAT:MIGR_EMI1CTZ(1.0),01/07/26 23:00:00,A,AF,REACH,TOTAL,NR,T,IT,2022-01-01,387.0,,
ESTAT:MIGR_EMI1CTZ(1.0),01/07/26 23:00:00,A,AFR,REACH,TOTAL,NR,T,IT,2022-01-01,10013.0,,
ESTAT:MIGR_EMI1CTZ(1.0),01/07/26 23:00:00,A,AFR_C,REACH,TOTAL,NR,T,IT,2022-01-01,223.0,,
ESTAT:MIGR_EMI1CTZ(1.0),01/07/26 23:00:00,A,AFR_E,REACH,TOTAL,NR,T,IT,2022-01-01,516.0,,
ESTAT:MIGR_EMI1CTZ(1.0),01/07/26 23:00:00,A,AFR_N,REACH,TOTAL,NR,T,IT,2022-01-01,3778.0,,
ESTAT:MIGR_EMI1CTZ(1.0),01/07/26 23:00:00,A,AFR_S,REACH,TOTAL,NR,T,IT,2022-01-01,14.0,,
ESTAT:MIGR_EMI1CTZ(1.0),01/07/26 23:00:00,A,AFR_W,REACH,TOTAL,NR,T,IT,2022-01-01,5482.0,,
ESTAT:MIGR_EMI1CTZ(1.0),01/07/26 23:00:00,A,AG,REACH,TOTAL,NR,T,IT,2022-01-01,0.0,,
ESTAT:MIGR_EMI1CTZ(1.0),01/07/26 23:00:00,A,AL,REACH,TOTAL,NR,T,IT,2022-01-01,1833.0,,
ESTAT:MIGR_EMI1CTZ(1.0),01/07/26 23:00:00,A,AM,REACH,TOTAL,NR,T,IT,2022-01-01,36.0,,
ESTAT:MIGR_EMI1CTZ(1.0),01/07/26 23:00:00,A,AME,REACH,TOTAL,NR,T,IT,2022-01-01,2843.0,,
ESTAT:MIGR_EMI1CTZ(1.0),01/07/26 23:00:00,A,AME_C,REACH,TOTAL,NR,T,IT,2022-01-01,198.0,,
ESTAT:MIGR_EMI1CTZ(1.0),01/07/26 23:00:00,A,AME_N,REACH,TOTAL,NR,T,IT,2022-01-01,448.0,,
ESTAT:MIGR_EMI1CTZ(1.0),01/07/26 23:00:00,A,AME_S,REACH,TOTAL,NR,T,IT,2022-01-01,1794.0,,
ESTAT:MIGR_EMI1CTZ(1.0),01/07/26 23:00:00,A,AO,REACH,TOTAL,NR,T,IT,2022-01-01,10.0,,
ESTAT:MIGR_EMI1CTZ(1.0),01/07/26 23:00:00,A,AR,REACH,TOTAL,NR,T,IT,2022-01-01,265.0,,
ESTAT:MIGR_EMI1CTZ(1.0),01/07/26 23:00:00,A,ASI,REACH,TOTAL,NR,T,IT,2022-01-01,9658.0,,
ESTAT:MIGR_EMI1CTZ(1.0),01/07/26 23:00:00,A,ASI_C,REACH,TOTAL,NR,T,IT,2022-01-01,54.0,,
ESTAT:MIGR_EMI1CTZ(1.0),01/07/26 23:00:00,A,ASI_E,REACH,TOTAL,NR,T,IT,2022-01-01,1807.0,,
ESTAT:MIGR_EMI1CTZ(1.0),01/07/26 23:00:00,A,ASI_S,REACH,TOTAL,NR,T,IT,2022-01-01,6393.0,,
ESTAT:MIGR_EMI1CTZ(1.0),01/07/26 23:00:00,A,ASI_S_E,REACH,TOTAL,NR,T,IT,2022-01-01,633.0,,
ESTAT:MIGR_EMI1CTZ(1.0),01/07/26 23:00:00,A,ASI_W,REACH,TOTAL,NR,T,IT,2022-01-01,771.0,,
ESTAT:MIGR_EMI1CTZ(1.0),01/07/26 23:00:00,A,AT,REACH,TOTAL,NR,T,IT,2022-01-01,122.0,,
ESTAT:MIGR_EMI1CTZ(1.0),01/07/26 23:00:00,A,AU,REACH,TOTAL,NR,T,IT,2022-01-01,37.0,,
ESTAT:MIGR_EMI1CTZ(1.0),01/07/26 23:00:00,A,AU_NZ,REACH,TOTAL,NR,T,IT,2022-01-01,45.0,,
ESTAT:MIGR_EMI1CTZ(1.0),01/07/26 23:00:00,A,AZ,REACH,TOTAL,NR,T,IT,2022-01-01,13.0,,
ESTAT:MIGR_EMI1CTZ(1.0),01/07/26 23:00:00,A,BA,REACH,TOTAL,NR,T,IT,2022-01-01,166.0,,
ESTAT:MIGR_EMI1CTZ(1.0),01/07/26 23:00:00,A,BB,REACH,TOTAL,NR,T,IT,2022-01-01,0.0,,
ESTAT:MIGR_EMI1CTZ(1.0),01/07/26 23:00:00,A,BD,REACH,TOTAL,NR,T,IT,2022-01-01,1587.0,,
ESTAT:MIGR_EMI1CTZ(1.0),01/07/26 23:00:00,A,BE,REACH,TOTAL,NR,T,IT,2022-01-01,126.0,,
ESTAT:MIGR_EMI1CTZ(1.0),01/07/26 23:00:00,A,BF,REACH,TOTAL,NR,T,IT,2022-01-01,179.0,,
ESTAT:MIGR_EMI1CTZ(1.0),01/07/26 23:00:00,A,BG,REACH,TOTAL,NR,T,IT,2022-01-01,756.0,,
ESTAT:MIGR_EMI1CTZ(1.0),01/07/26 23:00:00,A,BH,REACH,TOTAL,NR,T,IT,2022-01-01,0.0,,
ESTAT:MIGR_EMI1CTZ(1.0),01/07/26 23:00:00,A,BI,REACH,TOTAL,NR,T,IT,2022-01-01,5.0,,
ESTAT:MIGR_EMI1CTZ(1.0),01/07/26 23:00:00,A,BJ,REACH,TOTAL,NR,T,IT,2022-01-01,17.0,,
ESTAT:MIGR_EMI1CTZ(1.0),01/07/26 23:00:00,A,BN,REACH,TOTAL,NR,T,IT,2022-01-01,0.0,,
ESTAT:MIGR_EMI1CTZ(1.0),01/07/26 23:00:00,A,BO,REACH,TOTAL,NR,T,IT,2022-01-01,34.0,,
ESTAT:MIGR_EMI1CTZ(1.0),01/07/26 23:00:00,A,BR,REACH,TOTAL,NR,T,IT,2022-01-01,686.0,,
ESTAT:MIGR_EMI1CTZ(1.0),01/07/26 23:00:00,A,BS,REACH,TOTAL,NR,T,IT,2022-01-01,0.0,,
ESTAT:MIGR_EMI1CTZ(1.0),01/07/26 23:00:00,A,BT,REACH,TOTAL,NR,T,IT,2022-01-01,0.0,,
ESTAT:MIGR_EMI1CTZ(1.0),01/07/26 23:00:00,A,BW,REACH,TOTAL,NR,T,IT,2022-01-01,0.0,,
ESTAT:MIGR_EMI1CTZ(1.0),01/07/26 23:00:00,A,BY,REACH,TOTAL,NR,T,IT,2022-01-01,76.0,,
ESTAT:MIGR_EMI1CTZ(1.0),01/07/26 23:00:00,A,BZ,REACH,TOTAL,NR,T,IT,2022-01-01,0.0,,
ESTAT:MIGR_EMI1CTZ(1.0),01/07/26 23:00:00,A,CA,REACH,TOTAL,NR,T,IT,2022-01-01,34.0,,
ESTAT:MIGR_EMI1CTZ(1.0),01/07/26 23:00:00,A,CC8_22_FOR,REACH,TOTAL,NR,T,IT,2022-01-01,6794.0,,
ESTAT:MIGR_EMI1CTZ(1.0),01/07/26 23:00:00,A,CD,REACH,TOTAL,NR,T,IT,2022-01-01,31.0,,
ESTAT:MIGR_EMI1CTZ(1.0),01/07/26 23:00:00,A,CF,REACH,TOTAL,NR,T,IT,2022-01-01,2.0,,
ESTAT:MIGR_EMI1CTZ(1.0),01/07/26 23:00:00,A,CG,REACH,TOTAL,NR,T,IT,2022-01-01,34.0,,
ESTAT:MIGR_EMI1CTZ(1.0),01/07/26 23:00:00,A,CH,REACH,TOTAL,NR,T,IT,2022-01-01,199.0,,
ESTAT:MIGR_EMI1CTZ(1.0),01/07/26 23:00:00,A,CI,REACH,TOTAL,NR,T,IT,2022-01-01,471.0,,
ESTAT:MIGR_EMI1CTZ(1.0),01/07/26 23:00:00,A,CL,REACH,TOTAL,NR,T,IT,2022-01-01,33.0,,
ESTAT:MIGR_EMI1CTZ(1.0),01/07/26 23:00:00,A,CM,REACH,TOTAL,NR,T,IT,2022-01-01,133.0,,
ESTAT:MIGR_EMI1CTZ(1.0),01/07/26 23:00:00,A,CN,REACH,TOTAL,NR,T,IT,2022-01-01,1532.0,,
ESTAT:MIGR_EMI1CTZ(1.0),01/07/26 23:00:00,A,CO,REACH,TOTAL,NR,T,IT,2022-01-01,162.0,,
ESTAT:MIGR_EMI1CTZ(1.0),01/07/26 23:00:00,A,CR,REACH,TOTAL,NR,T,IT,2022-01-01,11.0,,
ESTAT:MIGR_EMI1CTZ(1.0),01/07/26 23:00:00,A,CRB,REACH,TOTAL,NR,T,IT,2022-01-01,403.0,,
ESTAT:MIGR_EMI1CTZ(1.0),01/07/26 23:00:00,A,CU,REACH,TOTAL,NR,T,IT,2022-01-01,192.0,,
ESTAT:MIGR_EMI1CTZ(1.0),01/07/26 23:00:00,A,CV,REACH,TOTAL,NR,T,IT,2022-01-01,18.0,,
ESTAT:MIGR_EMI1CTZ(1.0),01/07/26 23:00:00,A,CY,REACH,TOTAL,NR,T,IT,2022-01-01,5.0,,
ESTAT:MIGR_EMI1CTZ(1.0),01/07/26 23:00:00,A,CZ,REACH,TOTAL,NR,T,IT,2022-01-01,87.0,,
ESTAT:MIGR_EMI1CTZ(1.0),01/07/26 23:00:00,A,CZ_SK,REACH,TOTAL,NR,T,IT,2022-01-01,0.0,,
ESTAT:MIGR_EMI1CTZ(1.0),01/07/26 23:00:00,A,DE,REACH,TOTAL,NR,T,IT,2022-01-01,881.0,,
ESTAT:MIGR_EMI1CTZ(1.0),01/07/26 23:00:00,A,DJ,REACH,TOTAL,NR,T,IT,2022-01-01,0.0,,
ESTAT:MIGR_EMI1CTZ(1.0),01/07/26 23:00:00,A,DK,REACH,TOTAL,NR,T,IT,2022-01-01,53.0,,
ESTAT:MIGR_EMI1CTZ(1.0),01/07/26 23:00:00,A,DM,REACH,TOTAL,NR,T,IT,2022-01-01,8.0,,
ESTAT:MIGR_EMI1CTZ(1.0),01/07/26 23:00:00,A,DO,REACH,TOTAL,NR,T,IT,2022-01-01,200.0,,
ESTAT:MIGR_EMI1CTZ(1.0),01/07/26 23:00:00,A,DZ,REACH,TOTAL,NR,T,IT,2022-01-01,80.0,,
ESTAT:MIGR_EMI1CTZ(1.0),01/07/26 23:00:00,A,EC,REACH,TOTAL,NR,T,IT,2022-01-01,179.0,,
ESTAT:MIGR_EMI1CTZ(1.0),01/07/26 23:00:00,A,EE,REACH,TOTAL,NR,T,IT,2022-01-01,26.0,,
ESTAT:MIGR_EMI1CTZ(1.0),01/07/26 23:00:00,A,EG,REACH,TOTAL,NR,T,IT,2022-01-01,1198.0,,
ESTAT:MIGR_EMI1CTZ(1.0),01/07/26 23:00:00,A,EH,REACH,TOTAL,NR,T,IT,2022-01-01,0.0,,
ESTAT:MIGR_EMI1CTZ(1.0),01/07/26 23:00:00,A,EL,REACH,TOTAL,NR,T,IT,2022-01-01,130.0,,
ESTAT:MIGR_EMI1CTZ(1.0),01/07/26 23:00:00,A,ER,REACH,TOTAL,NR,T,IT,2022-01-01,74.0,,
ESTAT:MIGR_EMI1CTZ(1.0),01/07/26 23:00:00,A,ES,REACH,TOTAL,NR,T,IT,2022-01-01,597.0,,
ESTAT:MIGR_EMI1CTZ(1.0),01/07/26 23:00:00,A,ET,REACH,TOTAL,NR,T,IT,2022-01-01,86.0,,
ESTAT:MIGR_EMI1CTZ(1.0),01/07/26 23:00:00,A,EU27_2020_FOR,REACH,TOTAL,NR,T,IT,2022-01-01,19617.0,,
ESTAT:MIGR_EMI1CTZ(1.0),01/07/26 23:00:00,A,EUR,REACH,TOTAL,NR,T,IT,2022-01-01,127622.0,,
ESTAT:MIGR_EMI1CTZ(1.0),01/07/26 23:00:00,A,EX_SU,REACH,TOTAL,NR,T,IT,2022-01-01,0.0,,
ESTAT:MIGR_EMI1CTZ(1.0),01/07/26 23:00:00,A,EX_YU,REACH,TOTAL,NR,T,IT,2022-01-01,0.0,,
ESTAT:MIGR_EMI1CTZ(1.0),01/07/26 23:00:00,A,FI,REACH,TOTAL,NR,T,IT,2022-01-01,101.0,,
ESTAT:MIGR_EMI1CTZ(1.0),01/07/26 23:00:00,A,FJ,REACH,TOTAL,NR,T,IT,2022-01-01,0.0,,
ESTAT:MIGR_EMI1CTZ(1.0),01/07/26 23:00:00,A,FM,REACH,TOTAL,NR,T,IT,2022-01-01,0.0,,
ESTAT:MIGR_EMI1CTZ(1.0),01/07/26 23:00:00,A,FOR_STLS,REACH,TOTAL,NR,T,IT,2022-01-01,50679.0,,
ESTAT:MIGR_EMI1CTZ(1.0),01/07/26 23:00:00,A,FR,REACH,TOTAL,NR,T,IT,2022-01-01,679.0,,
ESTAT:MIGR_EMI1CTZ(1.0),01/07/26 23:00:00,A,GA,REACH,TOTAL,NR,T,IT,2022-01-01,2.0,,
ESTAT:MIGR_EMI1CTZ(1.0),01/07/26 23:00:00,A,GD,REACH,TOTAL,NR,T,IT,2022-01-01,0.0,,
ESTAT:MIGR_EMI1CTZ(1.0),01/07/26 23:00:00,A,GE,REACH,TOTAL,NR,T,IT,2022-01-01,420.0,,
ESTAT:MIGR_EMI1CTZ(1.0),01/07/26 23:00:00,A,GH,REACH,TOTAL,NR,T,IT,2022-01-01,447.0,,
ESTAT:MIGR_EMI1CTZ(1.0),01/07/26 23:00:00,A,GM,REACH,TOTAL,NR,T,IT,2022-01-01,376.0,,
ESTAT:MIGR_EMI1CTZ(1.0),01/07/26 23:00:00,A,GN,REACH,TOTAL,NR,T,IT,2022-01-01,330.0,,
ESTAT:MIGR_EMI1CTZ(1.0),01/07/26 23:00:00,A,GQ,REACH,TOTAL,NR,T,IT,2022-01-01,2.0,,
ESTAT:MIGR_EMI1CTZ(1.0),01/07/26 23:00:00,A,GT,REACH,TOTAL,NR,T,IT,2022-01-01,12.0,,
ESTAT:MIGR_EMI1CTZ(1.0),01/07/26 23:00:00,A,GW,REACH,TOTAL,NR,T,IT,2022-01-01,63.0,,
ESTAT:MIGR_EMI1CTZ(1.0),01/07/26 23:00:00,A,GY,REACH,TOTAL,NR,T,IT,2022-01-01,0.0,,
ESTAT:MIGR_EMI1CTZ(1.0),01/07/26 23:00:00,A,HN,REACH,TOTAL,NR,T,IT,2022-01-01,19.0,,
ESTAT:MIGR_EMI1CTZ(1.0),01/07/26 23:00:00,A,HR,REACH,TOTAL,NR,T,IT,2022-01-01,374.0,,
ESTAT:MIGR_EMI1CTZ(1.0),01/07/26 23:00:00,A,HT,REACH,TOTAL,NR,T,IT,2022-01-01,1.0,,
ESTAT:MIGR_EMI1CTZ(1.0),01/07/26 23:00:00,A,HU,REACH,TOTAL,NR,T,IT,2022-01-01,164.0,,
ESTAT:MIGR_EMI1CTZ(1.0),01/07/26 23:00:00,A,ID,REACH,TOTAL,NR,T,IT,2022-01-01,23.0,,
ESTAT:MIGR_EMI1CTZ(1.0),01/07/26 23:00:00,A,IE,REACH,TOTAL,NR,T,IT,2022-01-01,87.0,,
ESTAT:MIGR_EMI1CTZ(1.0),01/07/26 23:00:00,A,IL,REACH,TOTAL,NR,T,IT,2022-01-01,17.0,,
ESTAT:MIGR_EMI1CTZ(1.0),01/07/26 23:00:00,A,IM,REACH,TOTAL,NR,T,IT,2022-01-01,0.0,,
ESTAT:MIGR_EMI1CTZ(1.0),01/07/26 23:00:00,A,IN,REACH,TOTAL,NR,T,IT,2022-01-01,1747.0,,
ESTAT:MIGR_EMI1CTZ(1.0),01/07/26 23:00:00,A,IQ,REACH,TOTAL,NR,T,IT,2022-01-01,158.0,,
ESTAT:MIGR_EMI1CTZ(1.0),01/07/26 23:00:00,A,IR,REACH,TOTAL,NR,T,IT,2022-01-01,81.0,,
ESTAT:MIGR_EMI1CTZ(1.0),01/07/26 23:00:00,A,IS,REACH,TOTAL,NR,T,IT,2022-01-01,4.0,,
ESTAT:MIGR_EMI1CTZ(1.0),01/07/26 23:00:00,A,IT,REACH,TOTAL,NR,T,IT,2022-01-01,99510.0,,
ESTAT:MIGR_EMI1CTZ(1.0),01/07/26 23:00:00,A,JE,REACH,TOTAL,NR,T,IT,2022-01-01,0.0,,
ESTAT:MIGR_EMI1CTZ(1.0),01/07/26 23:00:00,A,JM,REACH,TOTAL,NR,T,IT,2022-01-01,0.0,,
ESTAT:MIGR_EMI1CTZ(1.0),01/07/26 23:00:00,A,JO,REACH,TOTAL,NR,T,IT,2022-01-01,22.0,,
ESTAT:MIGR_EMI1CTZ(1.0),01/07/26 23:00:00,A,JP,REACH,TOTAL,NR,T,IT,2022-01-01,189.0,,
ESTAT:MIGR_EMI1CTZ(1.0),01/07/26 23:00:00,A,KE,REACH,TOTAL,NR,T,IT,2022-01-01,33.0,,
ESTAT:MIGR_EMI1CTZ(1.0),01/07/26 23:00:00,A,KG,REACH,TOTAL,NR,T,IT,2022-01-01,19.0,,
ESTAT:MIGR_EMI1CTZ(1.0),01/07/26 23:00:00,A,KH,REACH,TOTAL,NR,T,IT,2022-01-01,0.0,,
ESTAT:MIGR_EMI1CTZ(1.0),01/07/26 23:00:00,A,KI,REACH,TOTAL,NR,T,IT,2022-01-01,0.0,,
ESTAT:MIGR_EMI1CTZ(1.0),01/07/26 23:00:00,A,KM,REACH,TOTAL,NR,T,IT,2022-01-01,0.0,,
ESTAT:MIGR_EMI1CTZ(1.0),01/07/26 23:00:00,A,KN,REACH,TOTAL,NR,T,IT,2022-01-01,0.0,,
ESTAT:MIGR_EMI1CTZ(1.0),01/07/26 23:00:00,A,KP,REACH,TOTAL,NR,T,IT,2022-01-01,1.0,,
ESTAT:MIGR_EMI1CTZ(1.0),01/07/26 23:00:00,A,KR,REACH,TOTAL,NR,T,IT,2022-01-01,72.0,,
ESTAT:MIGR_EMI1CTZ(1.0),01/07/26 23:00:00,A,KW,REACH,TOTAL,NR,T,IT,2022-01-01,1.0,,
ESTAT:MIGR_EMI1CTZ(1.0),01/07/26 23:00:00,A,KZ,REACH,TOTAL,NR,T,IT,2022-01-01,29.0,,
ESTAT:MIGR_EMI1CTZ(1.0),01/07/26 23:00:00,A,LA,REACH,TOTAL,NR,T,IT,2022-01-01,0.0,,
ESTAT:MIGR_EMI1CTZ(1.0),01/07/26 23:00:00,A,LB,REACH,TOTAL,NR,T,IT,2022-01-01,27.0,,
ESTAT:MIGR_EMI1CTZ(1.0),01/07/26 23:00:00,A,LC,REACH,TOTAL,NR,T,IT,2022-01-01,1.0,,
ESTAT:MIGR_EMI1CTZ(1.0),01/07/26 23:00:00,A,LI,REACH,TOTAL,NR,T,IT,2022-01-01,0.0,,
ESTAT:MIGR_EMI1CTZ(1.0),01/07/26 23:00:00,A,LK,REACH,TOTAL,NR,T,IT,2022-01-01,392.0,,
ESTAT:MIGR_EMI1CTZ(1.0),01/07/26 23:00:00,A,LR,REACH,TOTAL,NR,T,IT,2022-01-01,22.0,,
ESTAT:MIGR_EMI1CTZ(1.0),01/07/26 23:00:00,A,LS,REACH,TOTAL,NR,T,IT,2022-01-01,0.0,,
ESTAT:MIGR_EMI1CTZ(1.0),01/07/26 23:00:00,A,LT,REACH,TOTAL,NR,T,IT,2022-01-01,70.0,,
ESTAT:MIGR_EMI1CTZ(1.0),01/07/26 23:00:00,A,LU,REACH,TOTAL,NR,T,IT,2022-01-01,10.0,,
ESTAT:MIGR_EMI1CTZ(1.0),01/07/26 23:00:00,A,LV,REACH,TOTAL,NR,T,IT,2022-01-01,43.0,,
ESTAT:MIGR_EMI1CTZ(1.0),01/07/26 23:00:00,A,LY,REACH,TOTAL,NR,T,IT,2022-01-01,30.0,,
ESTAT:MIGR_EMI1CTZ(1.0),01/07/26 23:00:00,A,MA,REACH,TOTAL,NR,T,IT,2022-01-01,1925.0,,
ESTAT:MIGR_EMI1CTZ(1.0),01/07/26 23:00:00,A,MC,REACH,TOTAL,NR,T,IT,2022-01-01,0.0,,
ESTAT:MIGR_EMI1CTZ(1.0),01/07/26 23:00:00,A,MD,REACH,TOTAL,NR,T,IT,2022-01-01,1110.0,,
ESTAT:MIGR_EMI1CTZ(1.0),01/07/26 23:00:00,A,ME,REACH,TOTAL,NR,T,IT,2022-01-01,9.0,,
ESTAT:MIGR_EMI1CTZ(1.0),01/07/26 23:00:00,A,MEL,REACH,TOTAL,NR,T,IT,2022-01-01,0.0,,
ESTAT:MIGR_EMI1CTZ(1.0),01/07/26 23:00:00,A,MG,REACH,TOTAL,NR,T,IT,2022-01-01,13.0,,
ESTAT:MIGR_EMI1CTZ(1.0),01/07/26 23:00:00,A,MH,REACH,TOTAL,NR,T,IT,2022-01-01,0.0,,
ESTAT:MIGR_EMI1CTZ(1.0),01/07/26 23:00:00,A,MIC,REACH,TOTAL,NR,T,IT,2022-01-01,0.0,,
ESTAT:MIGR_EMI1CTZ(1.0),01/07/26 23:00:00,A,MK,REACH,TOTAL,NR,T,IT,2022-01-01,509.0,,
ESTAT:MIGR_EMI1CTZ(1.0),01/07/26 23:00:00,A,ML,REACH,TOTAL,NR,T,IT,2022-01-01,820.0,,
ESTAT:MIGR_EMI1CTZ(1.0),01/07/26 23:00:00,A,MM,REACH,TOTAL,NR,T,IT,2022-01-01,4.0,,
ESTAT:MIGR_EMI1CTZ(1.0),01/07/26 23:00:00,A,MN,REACH,TOTAL,NR,T,IT,2022-01-01,1.0,,
ESTAT:MIGR_EMI1CTZ(1.0),01/07/26 23:00:00,A,MR,REACH,TOTAL,NR,T,IT,2022-01-01,7.0,,
ESTAT:MIGR_EMI1CTZ(1.0),01/07/26 23:00:00,A,MT,REACH,TOTAL,NR,T,IT,2022-01-01,10.0,,
ESTAT:MIGR_EMI1CTZ(1.0),01/07/26 23:00:00,A,MU,REACH,TOTAL,NR,T,IT,2022-01-01,27.0,,
ESTAT:MIGR_EMI1CTZ(1.0),01/07/26 23:00:00,A,MV,REACH,TOTAL,NR,T,IT,2022-01-01,0.0,,
ESTAT:MIGR_EMI1CTZ(1.0),01/07/26 23:00:00,A,MW,REACH,TOTAL,NR,T,IT,2022-01-01,2.0,,
ESTAT:MIGR_EMI1CTZ(1.0),01/07/26 23:00:00,A,MX,REACH,TOTAL,NR,T,IT,2022-01-01,92.0,,
ESTAT:MIGR_EMI1CTZ(1.0),01/07/26 23:00:00,A,MY,REACH,TOTAL,NR,T,IT,2022-01-01,18.0,,
ESTAT:MIGR_EMI1CTZ(1.0),01/07/26 23:00:00,A,MZ,REACH,TOTAL,NR,T,IT,2022-01-01,9.0,,
ESTAT:MIGR_EMI1CTZ(1.0),01/07/26 23:00:00,A,NA,REACH,TOTAL,NR,T,IT,2022-01-01,0.0,,
ESTAT:MIGR_EMI1CTZ(1.0),01/07/26 23:00:00,A,NAT,REACH,TOTAL,NR,T,IT,2022-01-01,99510.0,,
ESTAT:MIGR_EMI1CTZ(1.0),01/07/26 23:00:00,A,NE,REACH,TOTAL,NR,T,IT,2022-01-01,52.0,,
ESTAT:MIGR_EMI1CTZ(1.0),01/07/26 23:00:00,A,NEU27_2020_FOR,REACH,TOTAL,NR,T,IT,2022-01-01,31054.0,,
ESTAT:MIGR_EMI1CTZ(1.0),01/07/26 23:00:00,A,NG,REACH,TOTAL,NR,T,IT,2022-01-01,1509.0,,
ESTAT:MIGR_EMI1CTZ(1.0),01/07/26 23:00:00,A,NI,REACH,TOTAL,NR,T,IT,2022-01-01,7.0,,
ESTAT:MIGR_EMI1CTZ(1.0),01/07/26 23:00:00,A,NL,REACH,TOTAL,NR,T,IT,2022-01-01,244.0,,
ESTAT:MIGR_EMI1CTZ(1.0),01/07/26 23:00:00,A,NO,REACH,TOTAL,NR,T,IT,2022-01-01,22.0,,
ESTAT:MIGR_EMI1CTZ(1.0),01/07/26 23:00:00,A,NP,REACH,TOTAL,NR,T,IT,2022-01-01,22.0,,
ESTAT:MIGR_EMI1CTZ(1.0),01/07/26 23:00:00,A,NR,REACH,TOTAL,NR,T,IT,2022-01-01,0.0,,
ESTAT:MIGR_EMI1CTZ(1.0),01/07/26 23:00:00,A,NZ,REACH,TOTAL,NR,T,IT,2022-01-01,8.0,,
ESTAT:MIGR_EMI1CTZ(1.0),01/07/26 23:00:00,A,OCE,REACH,TOTAL,NR,T,IT,2022-01-01,45.0,,
ESTAT:MIGR_EMI1CTZ(1.0),01/07/26 23:00:00,A,OM,REACH,TOTAL,NR,T,IT,2022-01-01,0.0,,
ESTAT:MIGR_EMI1CTZ(1.0),01/07/26 23:00:00,A,OTH,REACH,TOTAL,NR,T,IT,2022-01-01,0.0,,
ESTAT:MIGR_EMI1CTZ(1.0),01/07/26 23:00:00,A,PA,REACH,TOTAL,NR,T,IT,2022-01-01,1.0,,
ESTAT:MIGR_EMI1CTZ(1.0),01/07/26 23:00:00,A,PE,REACH,TOTAL,NR,T,IT,2022-01-01,306.0,,
ESTAT:MIGR_EMI1CTZ(1.0),01/07/26 23:00:00,A,PG,REACH,TOTAL,NR,T,IT,2022-01-01,0.0,,
ESTAT:MIGR_EMI1CTZ(1.0),01/07/26 23:00:00,A,PH,REACH,TOTAL,NR,T,IT,2022-01-01,504.0,,
ESTAT:MIGR_EMI1CTZ(1.0),01/07/26 23:00:00,A,PK,REACH,TOTAL,NR,T,IT,2022-01-01,2177.0,,
ESTAT:MIGR_EMI1CTZ(1.0),01/07/26 23:00:00,A,PL,REACH,TOTAL,NR,T,IT,2022-01-01,1149.0,,
ESTAT:MIGR_EMI1CTZ(1.0),01/07/26 23:00:00,A,POL,REACH,TOTAL,NR,T,IT,2022-01-01,0.0,,
ESTAT:MIGR_EMI1CTZ(1.0),01/07/26 23:00:00,A,PS,REACH,TOTAL,NR,T,IT,2022-01-01,25.0,,
ESTAT:MIGR_EMI1CTZ(1.0),01/07/26 23:00:00,A,PT,REACH,TOTAL,NR,T,IT,2022-01-01,172.0,,
ESTAT:MIGR_EMI1CTZ(1.0),01/07/26 23:00:00,A,PW,REACH,TOTAL,NR,T,IT,2022-01-01,0.0,,
ESTAT:MIGR_EMI1CTZ(1.0),01/07/26 23:00:00,A,PY,REACH,TOTAL,NR,T,IT,2022-01-01,15.0,,
ESTAT:MIGR_EMI1CTZ(1.0),01/07/26 23:00:00,A,QA,REACH,TOTAL,NR,T,IT,2022-01-01,0.0,,
ESTAT:MIGR_EMI1CTZ(1.0),01/07/26 23:00:00,A,RNC,REACH,TOTAL,NR,T,IT,2022-01-01,0.0,,
ESTAT:MIGR_EMI1CTZ(1.0),01/07/26 23:00:00,A,RO,REACH,TOTAL,NR,T,IT,2022-01-01,13367.0,,
ESTAT:MIGR_EMI1CTZ(1.0),01/07/26 23:00:00,A,RS,REACH,TOTAL,NR,T,IT,2022-01-01,302.0,,
ESTAT:MIGR_EMI1CTZ(1.0),01/07/26 23:00:00,A,RS_ME,REACH,TOTAL,NR,T,IT,2022-01-01,0.0,,
ESTAT:MIGR_EMI1CTZ(1.0),01/07/26 23:00:00,A,RU,REACH,TOTAL,NR,T,IT,2022-01-01,440.0,,
ESTAT:MIGR_EMI1CTZ(1.0),01/07/26 23:00:00,A,RW,REACH,TOTAL,NR,T,IT,2022-01-01,6.0,,
ESTAT:MIGR_EMI1CTZ(1.0),01/07/26 23:00:00,A,SA,REACH,TOTAL,NR,T,IT,2022-01-01,4.0,,
ESTAT:MIGR_EMI1CTZ(1.0),01/07/26 23:00:00,A,SB,REACH,TOTAL,NR,T,IT,2022-01-01,0.0,,
ESTAT:MIGR_EMI1CTZ(1.0),01/07/26 23:00:00,A,SC,REACH,TOTAL,NR,T,IT,2022-01-01,2.0,,
ESTAT:MIGR_EMI1CTZ(1.0),01/07/26 23:00:00,A,SD,REACH,TOTAL,NR,T,IT,2022-01-01,44.0,,
ESTAT:MIGR_EMI1CTZ(1.0),01/07/26 23:00:00,A,SE,REACH,TOTAL,NR,T,IT,2022-01-01,101.0,,
ESTAT:MIGR_EMI1CTZ(1.0),01/07/26 23:00:00,A,SG,REACH,TOTAL,NR,T,IT,2022-01-01,5.0,,
ESTAT:MIGR_EMI1CTZ(1.0),01/07/26 23:00:00,A,SI,REACH,TOTAL,NR,T,IT,2022-01-01,104.0,,
ESTAT:MIGR_EMI1CTZ(1.0),01/07/26 23:00:00,A,SK,REACH,TOTAL,NR,T,IT,2022-01-01,159.0,,
ESTAT:MIGR_EMI1CTZ(1.0),01/07/26 23:00:00,A,SL,REACH,TOTAL,NR,T,IT,2022-01-01,46.0,,
ESTAT:MIGR_EMI1CTZ(1.0),01/07/26 23:00:00,A,SM,REACH,TOTAL,NR,T,IT,2022-01-01,4.0,,
ESTAT:MIGR_EMI1CTZ(1.0),01/07/26 23:00:00,A,SN,REACH,TOTAL,NR,T,IT,2022-01-01,1068.0,,
ESTAT:MIGR_EMI1CTZ(1.0),01/07/26 23:00:00,A,SO,REACH,TOTAL,NR,T,IT,2022-01-01,226.0,,
ESTAT:MIGR_EMI1CTZ(1.0),01/07/26 23:00:00,A,SR,REACH,TOTAL,NR,T,IT,2022-01-01,0.0,,
ESTAT:MIGR_EMI1CTZ(1.0),01/07/26 23:00:00,A,SS,REACH,TOTAL,NR,T,IT,2022-01-01,2.0,,
ESTAT:MIGR_EMI1CTZ(1.0),01/07/26 23:00:00,A,ST,REACH,TOTAL,NR,T,IT,2022-01-01,0.0,,
ESTAT:MIGR_EMI1CTZ(1.0),01/07/26 23:00:00,A,STLS,REACH,TOTAL,NR,T,IT,2022-01-01,8.0,,
ESTAT:MIGR_EMI1CTZ(1.0),01/07/26 23:00:00,A,SV,REACH,TOTAL,NR,T,IT,2022-01-01,56.0,,
ESTAT:MIGR_EMI1CTZ(1.0),01/07/26 23:00:00,A,SY,REACH,TOTAL,NR,T,IT,2022-01-01,45.0,,
ESTAT:MIGR_EMI1CTZ(1.0),01/07/26 23:00:00,A,SZ,REACH,TOTAL,NR,T,IT,2022-01-01,0.0,,
ESTAT:MIGR_EMI1CTZ(1.0),01/07/26 23:00:00,A,TD,REACH,TOTAL,NR,T,IT,2022-01-01,9.0,,
ESTAT:MIGR_EMI1CTZ(1.0),01/07/26 23:00:00,A,TG,REACH,TOTAL,NR,T,IT,2022-01-01,57.0,,
ESTAT:MIGR_EMI1CTZ(1.0),01/07/26 23:00:00,A,TH,REACH,TOTAL,NR,T,IT,2022-01-01,56.0,,
ESTAT:MIGR_EMI1CTZ(1.0),01/07/26 23:00:00,A,TJ,REACH,TOTAL,NR,T,IT,2022-01-01,0.0,,
ESTAT:MIGR_EMI1CTZ(1.0),01/07/26 23:00:00,A,TL,REACH,TOTAL,NR,T,IT,2022-01-01,0.0,,
ESTAT:MIGR_EMI1CTZ(1.0),01/07/26 23:00:00,A,TM,REACH,TOTAL,NR,T,IT,2022-01-01,2.0,,
ESTAT:MIGR_EMI1CTZ(1.0),01/07/26 23:00:00,A,TN,REACH,TOTAL,NR,T,IT,2022-01-01,499.0,,
ESTAT:MIGR_EMI1CTZ(1.0),01/07/26 23:00:00,A,TO,REACH,TOTAL,NR,T,IT,2022-01-01,0.0,,
ESTAT:MIGR_EMI1CTZ(1.0),01/07/26 23:00:00,A,TOTAL,REACH,TOTAL,NR,T,IT,2022-01-01,150189.0,,
ESTAT:MIGR_EMI1CTZ(1.0),01/07/26 23:00:00,A,TR,REACH,TOTAL,NR,T,IT,2022-01-01,197.0,,
ESTAT:MIGR_EMI1CTZ(1.0),01/07/26 23:00:00,A,TT,REACH,TOTAL,NR,T,IT,2022-01-01,1.0,,
ESTAT:MIGR_EMI1CTZ(1.0),01/07/26 23:00:00,A,TV,REACH,TOTAL,NR,T,IT,2022-01-01,0.0,,
ESTAT:MIGR_EMI1CTZ(1.0),01/07/26 23:00:00,A,TW,REACH,TOTAL,NR,T,IT,2022-01-01,12.0,,
ESTAT:MIGR_EMI1CTZ(1.0),01/07/26 23:00:00,A,TZ,REACH,TOTAL,NR,T,IT,2022-01-01,15.0,,
ESTAT:MIGR_EMI1CTZ(1.0),01/07/26 23:00:00,A,UA,REACH,TOTAL,NR,T,IT,2022-01-01,2668.0,,
ESTAT:MIGR_EMI1CTZ(1.0),01/07/26 23:00:00,A,UG,REACH,TOTAL,NR,T,IT,2022-01-01,6.0,,
ESTAT:MIGR_EMI1CTZ(1.0),01/07/26 23:00:00,A,UK,REACH,TOTAL,NR,T,IT,2022-01-01,552.0,,
ESTAT:MIGR_EMI1CTZ(1.0),01/07/26 23:00:00,A,UNK,REACH,TOTAL,NR,T,IT,2022-01-01,0.0,,
ESTAT:MIGR_EMI1CTZ(1.0),01/07/26 23:00:00,A,US,REACH,TOTAL,NR,T,IT,2022-01-01,414.0,,
ESTAT:MIGR_EMI1CTZ(1.0),01/07/26 23:00:00,A,UY,REACH,TOTAL,NR,T,IT,2022-01-01,10.0,,
ESTAT:MIGR_EMI1CTZ(1.0),01/07/26 23:00:00,A,UZ,REACH,TOTAL,NR,T,IT,2022-01-01,4.0,,
ESTAT:MIGR_EMI1CTZ(1.0),01/07/26 23:00:00,A,VA,REACH,TOTAL,NR,T,IT,2022-01-01,0.0,,
ESTAT:MIGR_EMI1CTZ(1.0),01/07/26 23:00:00,A,VC,REACH,TOTAL,NR,T,IT,2022-01-01,0.0,,
ESTAT:MIGR_EMI1CTZ(1.0),01/07/26 23:00:00,A,VE,REACH,TOTAL,NR,T,IT,2022-01-01,104.0,,
ESTAT:MIGR_EMI1CTZ(1.0),01/07/26 23:00:00,A,VN,REACH,TOTAL,NR,T,IT,2022-01-01,23.0,,
ESTAT:MIGR_EMI1CTZ(1.0),01/07/26 23:00:00,A,VU,REACH,TOTAL,NR,T,IT,2022-01-01,0.0,,
ESTAT:MIGR_EMI1CTZ(1.0),01/07/26 23:00:00,A,WS,REACH,TOTAL,NR,T,IT,2022-01-01,0.0,,
ESTAT:MIGR_EMI1CTZ(1.0),01/07/26 23:00:00,A,XK,REACH,TOTAL,NR,T,IT,2022-01-01,404.0,,
ESTAT:MIGR_EMI1CTZ(1.0),01/07/26 23:00:00,A,YE,REACH,TOTAL,NR,T,IT,2022-01-01,3.0,,
ESTAT:MIGR_EMI1CTZ(1.0),01/07/26 23:00:00,A,ZA,REACH,TOTAL,NR,T,IT,2022-01-01,14.0,,
ESTAT:MIGR_EMI1CTZ(1.0),01/07/26 23:00:00,A,ZM,REACH,TOTAL,NR,T,IT,2022-01-01,9.0,,
ESTAT:MIGR_EMI1CTZ(1.0),01/07/26 23:00:00,A,ZW,REACH,TOTAL,NR,T,IT,2022-01-01,3.0,,
ESTAT:MIGR_EMI1CTZ(1.0),01/07/26 23:00:00,A,AD,REACH,TOTAL,NR,T,IT,2023-01-01,1.0,,
ESTAT:MIGR_EMI1CTZ(1.0),01/07/26 23:00:00,A,AE,REACH,TOTAL,NR,T,IT,2023-01-01,1.0,,
ESTAT:MIGR_EMI1CTZ(1.0),01/07/26 23:00:00,A,AF,REACH,TOTAL,NR,T,IT,2023-01-01,361.0,,
ESTAT:MIGR_EMI1CTZ(1.0),01/07/26 23:00:00,A,AFR,REACH,TOTAL,NR,T,IT,2023-01-01,6393.0,,
ESTAT:MIGR_EMI1CTZ(1.0),01/07/26 23:00:00,A,AFR_C,REACH,TOTAL,NR,T,IT,2023-01-01,170.0,,
ESTAT:MIGR_EMI1CTZ(1.0),01/07/26 23:00:00,A,AFR_E,REACH,TOTAL,NR,T,IT,2023-01-01,380.0,,
ESTAT:MIGR_EMI1CTZ(1.0),01/07/26 23:00:00,A,AFR_N,REACH,TOTAL,NR,T,IT,2023-01-01,3151.0,,
ESTAT:MIGR_EMI1CTZ(1.0),01/07/26 23:00:00,A,AFR_S,REACH,TOTAL,NR,T,IT,2023-01-01,17.0,,
ESTAT:MIGR_EMI1CTZ(1.0),01/07/26 23:00:00,A,AFR_W,REACH,TOTAL,NR,T,IT,2023-01-01,2675.0,,
ESTAT:MIGR_EMI1CTZ(1.0),01/07/26 23:00:00,A,AG,REACH,TOTAL,NR,T,IT,2023-01-01,0.0,,
ESTAT:MIGR_EMI1CTZ(1.0),01/07/26 23:00:00,A,AL,REACH,TOTAL,NR,T,IT,2023-01-01,1643.0,,
ESTAT:MIGR_EMI1CTZ(1.0),01/07/26 23:00:00,A,AM,REACH,TOTAL,NR,T,IT,2023-01-01,37.0,,
ESTAT:MIGR_EMI1CTZ(1.0),01/07/26 23:00:00,A,AME,REACH,TOTAL,NR,T,IT,2023-01-01,3186.0,,
ESTAT:MIGR_EMI1CTZ(1.0),01/07/26 23:00:00,A,AME_C,REACH,TOTAL,NR,T,IT,2023-01-01,201.0,,
ESTAT:MIGR_EMI1CTZ(1.0),01/07/26 23:00:00,A,AME_N,REACH,TOTAL,NR,T,IT,2023-01-01,473.0,,
ESTAT:MIGR_EMI1CTZ(1.0),01/07/26 23:00:00,A,AME_S,REACH,TOTAL,NR,T,IT,2023-01-01,2075.0,,
ESTAT:MIGR_EMI1CTZ(1.0),01/07/26 23:00:00,A,AO,REACH,TOTAL,NR,T,IT,2023-01-01,6.0,,
ESTAT:MIGR_EMI1CTZ(1.0),01/07/26 23:00:00,A,AR,REACH,TOTAL,NR,T,IT,2023-01-01,383.0,,
ESTAT:MIGR_EMI1CTZ(1.0),01/07/26 23:00:00,A,ASI,REACH,TOTAL,NR,T,IT,2023-01-01,8347.0,,
ESTAT:MIGR_EMI1CTZ(1.0),01/07/26 23:00:00,A,ASI_C,REACH,TOTAL,NR,T,IT,2023-01-01,130.0,,
ESTAT:MIGR_EMI1CTZ(1.0),01/07/26 23:00:00,A,ASI_E,REACH,TOTAL,NR,T,IT,2023-01-01,1721.0,,
ESTAT:MIGR_EMI1CTZ(1.0),01/07/26 23:00:00,A,ASI_S,REACH,TOTAL,NR,T,IT,2023-01-01,5182.0,,
ESTAT:MIGR_EMI1CTZ(1.0),01/07/26 23:00:00,A,ASI_S_E,REACH,TOTAL,NR,T,IT,2023-01-01,609.0,,
ESTAT:MIGR_EMI1CTZ(1.0),01/07/26 23:00:00,A,ASI_W,REACH,TOTAL,NR,T,IT,2023-01-01,705.0,,
ESTAT:MIGR_EMI1CTZ(1.0),01/07/26 23:00:00,A,AT,REACH,TOTAL,NR,T,IT,2023-01-01,144.0,,
ESTAT:MIGR_EMI1CTZ(1.0),01/07/26 23:00:00,A,AU,REACH,TOTAL,NR,T,IT,2023-01-01,50.0,,
ESTAT:MIGR_EMI1CTZ(1.0),01/07/26 23:00:00,A,AU_NZ,REACH,TOTAL,NR,T,IT,2023-01-01,63.0,,
ESTAT:MIGR_EMI1CTZ(1.0),01/07/26 23:00:00,A,AZ,REACH,TOTAL,NR,T,IT,2023-01-01,11.0,,
ESTAT:MIGR_EMI1CTZ(1.0),01/07/26 23:00:00,A,BA,REACH,TOTAL,NR,T,IT,2023-01-01,156.0,,
ESTAT:MIGR_EMI1CTZ(1.0),01/07/26 23:00:00,A,BB,REACH,TOTAL,NR,T,IT,2023-01-01,0.0,,
ESTAT:MIGR_EMI1CTZ(1.0),01/07/26 23:00:00,A,BD,REACH,TOTAL,NR,T,IT,2023-01-01,1323.0,,
ESTAT:MIGR_EMI1CTZ(1.0),01/07/26 23:00:00,A,BE,REACH,TOTAL,NR,T,IT,2023-01-01,161.0,,
ESTAT:MIGR_EMI1CTZ(1.0),01/07/26 23:00:00,A,BF,REACH,TOTAL,NR,T,IT,2023-01-01,72.0,,
ESTAT:MIGR_EMI1CTZ(1.0),01/07/26 23:00:00,A,BG,REACH,TOTAL,NR,T,IT,2023-01-01,709.0,,
ESTAT:MIGR_EMI1CTZ(1.0),01/07/26 23:00:00,A,BH,REACH,TOTAL,NR,T,IT,2023-01-01,0.0,,
ESTAT:MIGR_EMI1CTZ(1.0),01/07/26 23:00:00,A,BI,REACH,TOTAL,NR,T,IT,2023-01-01,8.0,,
ESTAT:MIGR_EMI1CTZ(1.0),01/07/26 23:00:00,A,BJ,REACH,TOTAL,NR,T,IT,2023-01-01,9.0,,
ESTAT:MIGR_EMI1CTZ(1.0),01/07/26 23:00:00,A,BN,REACH,TOTAL,NR,T,IT,2023-01-01,0.0,,
ESTAT:MIGR_EMI1CTZ(1.0),01/07/26 23:00:00,A,BO,REACH,TOTAL,NR,T,IT,2023-01-01,37.0,,
ESTAT:MIGR_EMI1CTZ(1.0),01/07/26 23:00:00,A,BR,REACH,TOTAL,NR,T,IT,2023-01-01,761.0,,
ESTAT:MIGR_EMI1CTZ(1.0),01/07/26 23:00:00,A,BS,REACH,TOTAL,NR,T,IT,2023-01-01,1.0,,
ESTAT:MIGR_EMI1CTZ(1.0),01/07/26 23:00:00,A,BT,REACH,TOTAL,NR,T,IT,2023-01-01,0.0,,
ESTAT:MIGR_EMI1CTZ(1.0),01/07/26 23:00:00,A,BW,REACH,TOTAL,NR,T,IT,2023-01-01,1.0,,
ESTAT:MIGR_EMI1CTZ(1.0),01/07/26 23:00:00,A,BY,REACH,TOTAL,NR,T,IT,2023-01-01,69.0,,
ESTAT:MIGR_EMI1CTZ(1.0),01/07/26 23:00:00,A,BZ,REACH,TOTAL,NR,T,IT,2023-01-01,0.0,,
ESTAT:MIGR_EMI1CTZ(1.0),01/07/26 23:00:00,A,CA,REACH,TOTAL,NR,T,IT,2023-01-01,46.0,,
ESTAT:MIGR_EMI1CTZ(1.0),01/07/26 23:00:00,A,CC9_23_FOR,REACH,TOTAL,NR,T,IT,2023-01-01,8342.0,,
ESTAT:MIGR_EMI1CTZ(1.0),01/07/26 23:00:00,A,CD,REACH,TOTAL,NR,T,IT,2023-01-01,28.0,,
ESTAT:MIGR_EMI1CTZ(1.0),01/07/26 23:00:00,A,CF,REACH,TOTAL,NR,T,IT,2023-01-01,1.0,,
ESTAT:MIGR_EMI1CTZ(1.0),01/07/26 23:00:00,A,CG,REACH,TOTAL,NR,T,IT,2023-01-01,21.0,,
ESTAT:MIGR_EMI1CTZ(1.0),01/07/26 23:00:00,A,CH,REACH,TOTAL,NR,T,IT,2023-01-01,178.0,,
ESTAT:MIGR_EMI1CTZ(1.0),01/07/26 23:00:00,A,CI,REACH,TOTAL,NR,T,IT,2023-01-01,228.0,,
ESTAT:MIGR_EMI1CTZ(1.0),01/07/26 23:00:00,A,CL,REACH,TOTAL,NR,T,IT,2023-01-01,32.0,,
ESTAT:MIGR_EMI1CTZ(1.0),01/07/26 23:00:00,A,CM,REACH,TOTAL,NR,T,IT,2023-01-01,107.0,,
ESTAT:MIGR_EMI1CTZ(1.0),01/07/26 23:00:00,A,CN,REACH,TOTAL,NR,T,IT,2023-01-01,1454.0,,
ESTAT:MIGR_EMI1CTZ(1.0),01/07/26 23:00:00,A,CO,REACH,TOTAL,NR,T,IT,2023-01-01,156.0,,
ESTAT:MIGR_EMI1CTZ(1.0),01/07/26 23:00:00,A,CR,REACH,TOTAL,NR,T,IT,2023-01-01,10.0,,
ESTAT:MIGR_EMI1CTZ(1.0),01/07/26 23:00:00,A,CRB,REACH,TOTAL,NR,T,IT,2023-01-01,437.0,,
ESTAT:MIGR_EMI1CTZ(1.0),01/07/26 23:00:00,A,CU,REACH,TOTAL,NR,T,IT,2023-01-01,221.0,,
ESTAT:MIGR_EMI1CTZ(1.0),01/07/26 23:00:00,A,CV,REACH,TOTAL,NR,T,IT,2023-01-01,17.0,,
ESTAT:MIGR_EMI1CTZ(1.0),01/07/26 23:00:00,A,CY,REACH,TOTAL,NR,T,IT,2023-01-01,6.0,,
ESTAT:MIGR_EMI1CTZ(1.0),01/07/26 23:00:00,A,CZ,REACH,TOTAL,NR,T,IT,2023-01-01,94.0,,
ESTAT:MIGR_EMI1CTZ(1.0),01/07/26 23:00:00,A,CZ_SK,REACH,TOTAL,NR,T,IT,2023-01-01,0.0,,
ESTAT:MIGR_EMI1CTZ(1.0),01/07/26 23:00:00,A,DE,REACH,TOTAL,NR,T,IT,2023-01-01,841.0,,
ESTAT:MIGR_EMI1CTZ(1.0),01/07/26 23:00:00,A,DJ,REACH,TOTAL,NR,T,IT,2023-01-01,0.0,,
ESTAT:MIGR_EMI1CTZ(1.0),01/07/26 23:00:00,A,DK,REACH,TOTAL,NR,T,IT,2023-01-01,69.0,,
ESTAT:MIGR_EMI1CTZ(1.0),01/07/26 23:00:00,A,DM,REACH,TOTAL,NR,T,IT,2023-01-01,15.0,,
ESTAT:MIGR_EMI1CTZ(1.0),01/07/26 23:00:00,A,DO,REACH,TOTAL,NR,T,IT,2023-01-01,198.0,,
ESTAT:MIGR_EMI1CTZ(1.0),01/07/26 23:00:00,A,DZ,REACH,TOTAL,NR,T,IT,2023-01-01,90.0,,
ESTAT:MIGR_EMI1CTZ(1.0),01/07/26 23:00:00,A,EC,REACH,TOTAL,NR,T,IT,2023-01-01,164.0,,
ESTAT:MIGR_EMI1CTZ(1.0),01/07/26 23:00:00,A,EE,REACH,TOTAL,NR,T,IT,2023-01-01,17.0,,
ESTAT:MIGR_EMI1CTZ(1.0),01/07/26 23:00:00,A,EG,REACH,TOTAL,NR,T,IT,2023-01-01,841.0,,
ESTAT:MIGR_EMI1CTZ(1.0),01/07/26 23:00:00,A,EH,REACH,TOTAL,NR,T,IT,2023-01-01,0.0,,
ESTAT:MIGR_EMI1CTZ(1.0),01/07/26 23:00:00,A,EL,REACH,TOTAL,NR,T,IT,2023-01-01,136.0,,
ESTAT:MIGR_EMI1CTZ(1.0),01/07/26 23:00:00,A,ER,REACH,TOTAL,NR,T,IT,2023-01-01,46.0,,
ESTAT:MIGR_EMI1CTZ(1.0),01/07/26 23:00:00,A,ES,REACH,TOTAL,NR,T,IT,2023-01-01,592.0,,
ESTAT:MIGR_EMI1CTZ(1.0),01/07/26 23:00:00,A,ET,REACH,TOTAL,NR,T,IT,2023-01-01,59.0,,
ESTAT:MIGR_EMI1CTZ(1.0),01/07/26 23:00:00,A,EU27_2020_FOR,REACH,TOTAL,NR,T,IT,2023-01-01,16873.0,,
ESTAT:MIGR_EMI1CTZ(1.0),01/07/26 23:00:00,A,EUR,REACH,TOTAL,NR,T,IT,2023-01-01,140444.0,,
ESTAT:MIGR_EMI1CTZ(1.0),01/07/26 23:00:00,A,EX_SU,REACH,TOTAL,NR,T,IT,2023-01-01,0.0,,
ESTAT:MIGR_EMI1CTZ(1.0),01/07/26 23:00:00,A,EX_YU,REACH,TOTAL,NR,T,IT,2023-01-01,0.0,,
ESTAT:MIGR_EMI1CTZ(1.0),01/07/26 23:00:00,A,FI,REACH,TOTAL,NR,T,IT,2023-01-01,73.0,,
ESTAT:MIGR_EMI1CTZ(1.0),01/07/26 23:00:00,A,FJ,REACH,TOTAL,NR,T,IT,2023-01-01,1.0,,
ESTAT:MIGR_EMI1CTZ(1.0),01/07/26 23:00:00,A,FM,REACH,TOTAL,NR,T,IT,2023-01-01,0.0,,
ESTAT:MIGR_EMI1CTZ(1.0),01/07/26 23:00:00,A,FOR_STLS,REACH,TOTAL,NR,T,IT,2023-01-01,44381.0,,
ESTAT:MIGR_EMI1CTZ(1.0),01/07/26 23:00:00,A,FR,REACH,TOTAL,NR,T,IT,2023-01-01,644.0,,
ESTAT:MIGR_EMI1CTZ(1.0),01/07/26 23:00:00,A,GA,REACH,TOTAL,NR,T,IT,2023-01-01,2.0,,
ESTAT:MIGR_EMI1CTZ(1.0),01/07/26 23:00:00,A,GD,REACH,TOTAL,NR,T,IT,2023-01-01,0.0,,
ESTAT:MIGR_EMI1CTZ(1.0),01/07/26 23:00:00,A,GE,REACH,TOTAL,NR,T,IT,2023-01-01,430.0,,
ESTAT:MIGR_EMI1CTZ(1.0),01/07/26 23:00:00,A,GH,REACH,TOTAL,NR,T,IT,2023-01-01,262.0,,
ESTAT:MIGR_EMI1CTZ(1.0),01/07/26 23:00:00,A,GM,REACH,TOTAL,NR,T,IT,2023-01-01,192.0,,
ESTAT:MIGR_EMI1CTZ(1.0),01/07/26 23:00:00,A,GN,REACH,TOTAL,NR,T,IT,2023-01-01,145.0,,
ESTAT:MIGR_EMI1CTZ(1.0),01/07/26 23:00:00,A,GQ,REACH,TOTAL,NR,T,IT,2023-01-01,0.0,,
ESTAT:MIGR_EMI1CTZ(1.0),01/07/26 23:00:00,A,GT,REACH,TOTAL,NR,T,IT,2023-01-01,4.0,,
ESTAT:MIGR_EMI1CTZ(1.0),01/07/26 23:00:00,A,GW,REACH,TOTAL,NR,T,IT,2023-01-01,28.0,,
ESTAT:MIGR_EMI1CTZ(1.0),01/07/26 23:00:00,A,GY,REACH,TOTAL,NR,T,IT,2023-01-01,0.0,,
ESTAT:MIGR_EMI1CTZ(1.0),01/07/26 23:00:00,A,HN,REACH,TOTAL,NR,T,IT,2023-01-01,20.0,,
ESTAT:MIGR_EMI1CTZ(1.0),01/07/26 23:00:00,A,HR,REACH,TOTAL,NR,T,IT,2023-01-01,386.0,,
ESTAT:MIGR_EMI1CTZ(1.0),01/07/26 23:00:00,A,HT,REACH,TOTAL,NR,T,IT,2023-01-01,1.0,,
ESTAT:MIGR_EMI1CTZ(1.0),01/07/26 23:00:00,A,HU,REACH,TOTAL,NR,T,IT,2023-01-01,172.0,,
ESTAT:MIGR_EMI1CTZ(1.0),01/07/26 23:00:00,A,ID,REACH,TOTAL,NR,T,IT,2023-01-01,42.0,,
ESTAT:MIGR_EMI1CTZ(1.0),01/07/26 23:00:00,A,IE,REACH,TOTAL,NR,T,IT,2023-01-01,99.0,,
ESTAT:MIGR_EMI1CTZ(1.0),01/07/26 23:00:00,A,IL,REACH,TOTAL,NR,T,IT,2023-01-01,31.0,,
ESTAT:MIGR_EMI1CTZ(1.0),01/07/26 23:00:00,A,IM,REACH,TOTAL,NR,T,IT,2023-01-01,0.0,,
ESTAT:MIGR_EMI1CTZ(1.0),01/07/26 23:00:00,A,IN,REACH,TOTAL,NR,T,IT,2023-01-01,1471.0,,
ESTAT:MIGR_EMI1CTZ(1.0),01/07/26 23:00:00,A,IQ,REACH,TOTAL,NR,T,IT,2023-01-01,68.0,,
ESTAT:MIGR_EMI1CTZ(1.0),01/07/26 23:00:00,A,IR,REACH,TOTAL,NR,T,IT,2023-01-01,113.0,,
ESTAT:MIGR_EMI1CTZ(1.0),01/07/26 23:00:00,A,IS,REACH,TOTAL,NR,T,IT,2023-01-01,3.0,,
ESTAT:MIGR_EMI1CTZ(1.0),01/07/26 23:00:00,A,IT,REACH,TOTAL,NR,T,IT,2023-01-01,114057.0,,
ESTAT:MIGR_EMI1CTZ(1.0),01/07/26 23:00:00,A,JE,REACH,TOTAL,NR,T,IT,2023-01-01,0.0,,
ESTAT:MIGR_EMI1CTZ(1.0),01/07/26 23:00:00,A,JM,REACH,TOTAL,NR,T,IT,2023-01-01,1.0,,
ESTAT:MIGR_EMI1CTZ(1.0),01/07/26 23:00:00,A,JO,REACH,TOTAL,NR,T,IT,2023-01-01,15.0,,
ESTAT:MIGR_EMI1CTZ(1.0),01/07/26 23:00:00,A,JP,REACH,TOTAL,NR,T,IT,2023-01-01,161.0,,
ESTAT:MIGR_EMI1CTZ(1.0),01/07/26 23:00:00,A,KE,REACH,TOTAL,NR,T,IT,2023-01-01,31.0,,
ESTAT:MIGR_EMI1CTZ(1.0),01/07/26 23:00:00,A,KG,REACH,TOTAL,NR,T,IT,2023-01-01,52.0,,
ESTAT:MIGR_EMI1CTZ(1.0),01/07/26 23:00:00,A,KH,REACH,TOTAL,NR,T,IT,2023-01-01,1.0,,
ESTAT:MIGR_EMI1CTZ(1.0),01/07/26 23:00:00,A,KI,REACH,TOTAL,NR,T,IT,2023-01-01,0.0,,
ESTAT:MIGR_EMI1CTZ(1.0),01/07/26 23:00:00,A,KM,REACH,TOTAL,NR,T,IT,2023-01-01,0.0,,
ESTAT:MIGR_EMI1CTZ(1.0),01/07/26 23:00:00,A,KN,REACH,TOTAL,NR,T,IT,2023-01-01,0.0,,
ESTAT:MIGR_EMI1CTZ(1.0),01/07/26 23:00:00,A,KP,REACH,TOTAL,NR,T,IT,2023-01-01,2.0,,
ESTAT:MIGR_EMI1CTZ(1.0),01/07/26 23:00:00,A,KR,REACH,TOTAL,NR,T,IT,2023-01-01,95.0,,
ESTAT:MIGR_EMI1CTZ(1.0),01/07/26 23:00:00,A,KW,REACH,TOTAL,NR,T,IT,2023-01-01,7.0,,
ESTAT:MIGR_EMI1CTZ(1.0),01/07/26 23:00:00,A,KZ,REACH,TOTAL,NR,T,IT,2023-01-01,60.0,,
ESTAT:MIGR_EMI1CTZ(1.0),01/07/26 23:00:00,A,LA,REACH,TOTAL,NR,T,IT,2023-01-01,1.0,,
ESTAT:MIGR_EMI1CTZ(1.0),01/07/26 23:00:00,A,LB,REACH,TOTAL,NR,T,IT,2023-01-01,37.0,,
ESTAT:MIGR_EMI1CTZ(1.0),01/07/26 23:00:00,A,LC,REACH,TOTAL,NR,T,IT,2023-01-01,0.0,,
ESTAT:MIGR_EMI1CTZ(1.0),01/07/26 23:00:00,A,LI,REACH,TOTAL,NR,T,IT,2023-01-01,0.0,,
ESTAT:MIGR_EMI1CTZ(1.0),01/07/26 23:00:00,A,LK,REACH,TOTAL,NR,T,IT,2023-01-01,382.0,,
ESTAT:MIGR_EMI1CTZ(1.0),01/07/26 23:00:00,A,LR,REACH,TOTAL,NR,T,IT,2023-01-01,7.0,,
ESTAT:MIGR_EMI1CTZ(1.0),01/07/26 23:00:00,A,LS,REACH,TOTAL,NR,T,IT,2023-01-01,1.0,,
ESTAT:MIGR_EMI1CTZ(1.0),01/07/26 23:00:00,A,LT,REACH,TOTAL,NR,T,IT,2023-01-01,79.0,,
ESTAT:MIGR_EMI1CTZ(1.0),01/07/26 23:00:00,A,LU,REACH,TOTAL,NR,T,IT,2023-01-01,13.0,,
ESTAT:MIGR_EMI1CTZ(1.0),01/07/26 23:00:00,A,LV,REACH,TOTAL,NR,T,IT,2023-01-01,17.0,,
ESTAT:MIGR_EMI1CTZ(1.0),01/07/26 23:00:00,A,LY,REACH,TOTAL,NR,T,IT,2023-01-01,31.0,,
ESTAT:MIGR_EMI1CTZ(1.0),01/07/26 23:00:00,A,MA,REACH,TOTAL,NR,T,IT,2023-01-01,1621.0,,
ESTAT:MIGR_EMI1CTZ(1.0),01/07/26 23:00:00,A,MC,REACH,TOTAL,NR,T,IT,2023-01-01,0.0,,
ESTAT:MIGR_EMI1CTZ(1.0),01/07/26 23:00:00,A,MD,REACH,TOTAL,NR,T,IT,2023-01-01,977.0,,
ESTAT:MIGR_EMI1CTZ(1.0),01/07/26 23:00:00,A,ME,REACH,TOTAL,NR,T,IT,2023-01-01,6.0,,
ESTAT:MIGR_EMI1CTZ(1.0),01/07/26 23:00:00,A,MEL,REACH,TOTAL,NR,T,IT,2023-01-01,1.0,,
ESTAT:MIGR_EMI1CTZ(1.0),01/07/26 23:00:00,A,MG,REACH,TOTAL,NR,T,IT,2023-01-01,16.0,,
ESTAT:MIGR_EMI1CTZ(1.0),01/07/26 23:00:00,A,MH,REACH,TOTAL,NR,T,IT,2023-01-01,0.0,,
ESTAT:MIGR_EMI1CTZ(1.0),01/07/26 23:00:00,A,MIC,REACH,TOTAL,NR,T,IT,2023-01-01,0.0,,
ESTAT:MIGR_EMI1CTZ(1.0),01/07/26 23:00:00,A,MK,REACH,TOTAL,NR,T,IT,2023-01-01,421.0,,
ESTAT:MIGR_EMI1CTZ(1.0),01/07/26 23:00:00,A,ML,REACH,TOTAL,NR,T,IT,2023-01-01,351.0,,
ESTAT:MIGR_EMI1CTZ(1.0),01/07/26 23:00:00,A,MM,REACH,TOTAL,NR,T,IT,2023-01-01,3.0,,
ESTAT:MIGR_EMI1CTZ(1.0),01/07/26 23:00:00,A,MN,REACH,TOTAL,NR,T,IT,2023-01-01,0.0,,
ESTAT:MIGR_EMI1CTZ(1.0),01/07/26 23:00:00,A,MR,REACH,TOTAL,NR,T,IT,2023-01-01,8.0,,
ESTAT:MIGR_EMI1CTZ(1.0),01/07/26 23:00:00,A,MT,REACH,TOTAL,NR,T,IT,2023-01-01,15.0,,
ESTAT:MIGR_EMI1CTZ(1.0),01/07/26 23:00:00,A,MU,REACH,TOTAL,NR,T,IT,2023-01-01,31.0,,
ESTAT:MIGR_EMI1CTZ(1.0),01/07/26 23:00:00,A,MV,REACH,TOTAL,NR,T,IT,2023-01-01,1.0,,
ESTAT:MIGR_EMI1CTZ(1.0),01/07/26 23:00:00,A,MW,REACH,TOTAL,NR,T,IT,2023-01-01,0.0,,
ESTAT:MIGR_EMI1CTZ(1.0),01/07/26 23:00:00,A,MX,REACH,TOTAL,NR,T,IT,2023-01-01,68.0,,
ESTAT:MIGR_EMI1CTZ(1.0),01/07/26 23:00:00,A,MY,REACH,TOTAL,NR,T,IT,2023-01-01,14.0,,
ESTAT:MIGR_EMI1CTZ(1.0),01/07/26 23:00:00,A,MZ,REACH,TOTAL,NR,T,IT,2023-01-01,2.0,,
ESTAT:MIGR_EMI1CTZ(1.0),01/07/26 23:00:00,A,NA,REACH,TOTAL,NR,T,IT,2023-01-01,1.0,,
ESTAT:MIGR_EMI1CTZ(1.0),01/07/26 23:00:00,A,NAT,REACH,TOTAL,NR,T,IT,2023-01-01,114057.0,,
ESTAT:MIGR_EMI1CTZ(1.0),01/07/26 23:00:00,A,NE,REACH,TOTAL,NR,T,IT,2023-01-01,10.0,,
ESTAT:MIGR_EMI1CTZ(1.0),01/07/26 23:00:00,A,NEU27_2020_FOR,REACH,TOTAL,NR,T,IT,2023-01-01,27504.0,,
ESTAT:MIGR_EMI1CTZ(1.0),01/07/26 23:00:00,A,NG,REACH,TOTAL,NR,T,IT,2023-01-01,749.0,,
ESTAT:MIGR_EMI1CTZ(1.0),01/07/26 23:00:00,A,NI,REACH,TOTAL,NR,T,IT,2023-01-01,6.0,,
ESTAT:MIGR_EMI1CTZ(1.0),01/07/26 23:00:00,A,NL,REACH,TOTAL,NR,T,IT,2023-01-01,270.0,,
ESTAT:MIGR_EMI1CTZ(1.0),01/07/26 23:00:00,A,NO,REACH,TOTAL,NR,T,IT,2023-01-01,26.0,,
ESTAT:MIGR_EMI1CTZ(1.0),01/07/26 23:00:00,A,NP,REACH,TOTAL,NR,T,IT,2023-01-01,16.0,,
ESTAT:MIGR_EMI1CTZ(1.0),01/07/26 23:00:00,A,NR,REACH,TOTAL,NR,T,IT,2023-01-01,0.0,,
ESTAT:MIGR_EMI1CTZ(1.0),01/07/26 23:00:00,A,NZ,REACH,TOTAL,NR,T,IT,2023-01-01,13.0,,
ESTAT:MIGR_EMI1CTZ(1.0),01/07/26 23:00:00,A,OCE,REACH,TOTAL,NR,T,IT,2023-01-01,64.0,,
ESTAT:MIGR_EMI1CTZ(1.0),01/07/26 23:00:00,A,OM,REACH,TOTAL,NR,T,IT,2023-01-01,0.0,,
ESTAT:MIGR_EMI1CTZ(1.0),01/07/26 23:00:00,A,OTH,REACH,TOTAL,NR,T,IT,2023-01-01,0.0,,
ESTAT:MIGR_EMI1CTZ(1.0),01/07/26 23:00:00,A,PA,REACH,TOTAL,NR,T,IT,2023-01-01,5.0,,
ESTAT:MIGR_EMI1CTZ(1.0),01/07/26 23:00:00,A,PE,REACH,TOTAL,NR,T,IT,2023-01-01,383.0,,
ESTAT:MIGR_EMI1CTZ(1.0),01/07/26 23:00:00,A,PG,REACH,TOTAL,NR,T,IT,2023-01-01,0.0,,
ESTAT:MIGR_EMI1CTZ(1.0),01/07/26 23:00:00,A,PH,REACH,TOTAL,NR,T,IT,2023-01-01,450.0,,
ESTAT:MIGR_EMI1CTZ(1.0),01/07/26 23:00:00,A,PK,REACH,TOTAL,NR,T,IT,2023-01-01,1515.0,,
ESTAT:MIGR_EMI1CTZ(1.0),01/07/26 23:00:00,A,PL,REACH,TOTAL,NR,T,IT,2023-01-01,922.0,,
ESTAT:MIGR_EMI1CTZ(1.0),01/07/26 23:00:00,A,POL,REACH,TOTAL,NR,T,IT,2023-01-01,0.0,,
ESTAT:MIGR_EMI1CTZ(1.0),01/07/26 23:00:00,A,PS,REACH,TOTAL,NR,T,IT,2023-01-01,15.0,,
ESTAT:MIGR_EMI1CTZ(1.0),01/07/26 23:00:00,A,PT,REACH,TOTAL,NR,T,IT,2023-01-01,129.0,,
ESTAT:MIGR_EMI1CTZ(1.0),01/07/26 23:00:00,A,PW,REACH,TOTAL,NR,T,IT,2023-01-01,0.0,,
ESTAT:MIGR_EMI1CTZ(1.0),01/07/26 23:00:00,A,PY,REACH,TOTAL,NR,T,IT,2023-01-01,10.0,,
ESTAT:MIGR_EMI1CTZ(1.0),01/07/26 23:00:00,A,QA,REACH,TOTAL,NR,T,IT,2023-01-01,0.0,,
ESTAT:MIGR_EMI1CTZ(1.0),01/07/26 23:00:00,A,RNC,REACH,TOTAL,NR,T,IT,2023-01-01,0.0,,
ESTAT:MIGR_EMI1CTZ(1.0),01/07/26 23:00:00,A,RO,REACH,TOTAL,NR,T,IT,2023-01-01,10986.0,,
ESTAT:MIGR_EMI1CTZ(1.0),01/07/26 23:00:00,A,RS,REACH,TOTAL,NR,T,IT,2023-01-01,257.0,,
ESTAT:MIGR_EMI1CTZ(1.0),01/07/26 23:00:00,A,RS_ME,REACH,TOTAL,NR,T,IT,2023-01-01,0.0,,
ESTAT:MIGR_EMI1CTZ(1.0),01/07/26 23:00:00,A,RU,REACH,TOTAL,NR,T,IT,2023-01-01,445.0,,
ESTAT:MIGR_EMI1CTZ(1.0),01/07/26 23:00:00,A,RW,REACH,TOTAL,NR,T,IT,2023-01-01,5.0,,
ESTAT:MIGR_EMI1CTZ(1.0),01/07/26 23:00:00,A,SA,REACH,TOTAL,NR,T,IT,2023-01-01,7.0,,
ESTAT:MIGR_EMI1CTZ(1.0),01/07/26 23:00:00,A,SB,REACH,TOTAL,NR,T,IT,2023-01-01,0.0,,
ESTAT:MIGR_EMI1CTZ(1.0),01/07/26 23:00:00,A,SC,REACH,TOTAL,NR,T,IT,2023-01-01,1.0,,
ESTAT:MIGR_EMI1CTZ(1.0),01/07/26 23:00:00,A,SD,REACH,TOTAL,NR,T,IT,2023-01-01,23.0,,
ESTAT:MIGR_EMI1CTZ(1.0),01/07/26 23:00:00,A,SE,REACH,TOTAL,NR,T,IT,2023-01-01,71.0,,
ESTAT:MIGR_EMI1CTZ(1.0),01/07/26 23:00:00,A,SG,REACH,TOTAL,NR,T,IT,2023-01-01,5.0,,
ESTAT:MIGR_EMI1CTZ(1.0),01/07/26 23:00:00,A,SI,REACH,TOTAL,NR,T,IT,2023-01-01,75.0,,
ESTAT:MIGR_EMI1CTZ(1.0),01/07/26 23:00:00,A,SK,REACH,TOTAL,NR,T,IT,2023-01-01,153.0,,
ESTAT:MIGR_EMI1CTZ(1.0),01/07/26 23:00:00,A,SL,REACH,TOTAL,NR,T,IT,2023-01-01,17.0,,
ESTAT:MIGR_EMI1CTZ(1.0),01/07/26 23:00:00,A,SM,REACH,TOTAL,NR,T,IT,2023-01-01,6.0,,
ESTAT:MIGR_EMI1CTZ(1.0),01/07/26 23:00:00,A,SN,REACH,TOTAL,NR,T,IT,2023-01-01,554.0,,
ESTAT:MIGR_EMI1CTZ(1.0),01/07/26 23:00:00,A,SO,REACH,TOTAL,NR,T,IT,2023-01-01,146.0,,
ESTAT:MIGR_EMI1CTZ(1.0),01/07/26 23:00:00,A,SR,REACH,TOTAL,NR,T,IT,2023-01-01,0.0,,
ESTAT:MIGR_EMI1CTZ(1.0),01/07/26 23:00:00,A,SS,REACH,TOTAL,NR,T,IT,2023-01-01,3.0,,
ESTAT:MIGR_EMI1CTZ(1.0),01/07/26 23:00:00,A,ST,REACH,TOTAL,NR,T,IT,2023-01-01,0.0,,
ESTAT:MIGR_EMI1CTZ(1.0),01/07/26 23:00:00,A,STLS,REACH,TOTAL,NR,T,IT,2023-01-01,4.0,,
ESTAT:MIGR_EMI1CTZ(1.0),01/07/26 23:00:00,A,SV,REACH,TOTAL,NR,T,IT,2023-01-01,88.0,,
ESTAT:MIGR_EMI1CTZ(1.0),01/07/26 23:00:00,A,SY,REACH,TOTAL,NR,T,IT,2023-01-01,44.0,,
ESTAT:MIGR_EMI1CTZ(1.0),01/07/26 23:00:00,A,SZ,REACH,TOTAL,NR,T,IT,2023-01-01,1.0,,
ESTAT:MIGR_EMI1CTZ(1.0),01/07/26 23:00:00,A,TD,REACH,TOTAL,NR,T,IT,2023-01-01,5.0,,
ESTAT:MIGR_EMI1CTZ(1.0),01/07/26 23:00:00,A,TG,REACH,TOTAL,NR,T,IT,2023-01-01,26.0,,
ESTAT:MIGR_EMI1CTZ(1.0),01/07/26 23:00:00,A,TH,REACH,TOTAL,NR,T,IT,2023-01-01,61.0,,
ESTAT:MIGR_EMI1CTZ(1.0),01/07/26 23:00:00,A,TJ,REACH,TOTAL,NR,T,IT,2023-01-01,0.0,,
ESTAT:MIGR_EMI1CTZ(1.0),01/07/26 23:00:00,A,TL,REACH,TOTAL,NR,T,IT,2023-01-01,2.0,,
ESTAT:MIGR_EMI1CTZ(1.0),01/07/26 23:00:00,A,TM,REACH,TOTAL,NR,T,IT,2023-01-01,1.0,,
ESTAT:MIGR_EMI1CTZ(1.0),01/07/26 23:00:00,A,TN,REACH,TOTAL,NR,T,IT,2023-01-01,542.0,,
ESTAT:MIGR_EMI1CTZ(1.0),01/07/26 23:00:00,A,TO,REACH,TOTAL,NR,T,IT,2023-01-01,0.0,,
ESTAT:MIGR_EMI1CTZ(1.0),01/07/26 23:00:00,A,TOTAL,REACH,TOTAL,NR,T,IT,2023-01-01,158438.0,,
ESTAT:MIGR_EMI1CTZ(1.0),01/07/26 23:00:00,A,TR,REACH,TOTAL,NR,T,IT,2023-01-01,174.0,,
ESTAT:MIGR_EMI1CTZ(1.0),01/07/26 23:00:00,A,TT,REACH,TOTAL,NR,T,IT,2023-01-01,0.0,,
ESTAT:MIGR_EMI1CTZ(1.0),01/07/26 23:00:00,A,TV,REACH,TOTAL,NR,T,IT,2023-01-01,0.0,,
ESTAT:MIGR_EMI1CTZ(1.0),01/07/26 23:00:00,A,TW,REACH,TOTAL,NR,T,IT,2023-01-01,9.0,,
ESTAT:MIGR_EMI1CTZ(1.0),01/07/26 23:00:00,A,TZ,REACH,TOTAL,NR,T,IT,2023-01-01,24.0,,
ESTAT:MIGR_EMI1CTZ(1.0),01/07/26 23:00:00,A,UA,REACH,TOTAL,NR,T,IT,2023-01-01,4278.0,,
ESTAT:MIGR_EMI1CTZ(1.0),01/07/26 23:00:00,A,UG,REACH,TOTAL,NR,T,IT,2023-01-01,5.0,,
ESTAT:MIGR_EMI1CTZ(1.0),01/07/26 23:00:00,A,UK,REACH,TOTAL,NR,T,IT,2023-01-01,542.0,,
ESTAT:MIGR_EMI1CTZ(1.0),01/07/26 23:00:00,A,UNK,REACH,TOTAL,NR,T,IT,2023-01-01,0.0,,
ESTAT:MIGR_EMI1CTZ(1.0),01/07/26 23:00:00,A,US,REACH,TOTAL,NR,T,IT,2023-01-01,427.0,,
ESTAT:MIGR_EMI1CTZ(1.0),01/07/26 23:00:00,A,UY,REACH,TOTAL,NR,T,IT,2023-01-01,12.0,,
ESTAT:MIGR_EMI1CTZ(1.0),01/07/26 23:00:00,A,UZ,REACH,TOTAL,NR,T,IT,2023-01-01,17.0,,
ESTAT:MIGR_EMI1CTZ(1.0),01/07/26 23:00:00,A,VA,REACH,TOTAL,NR,T,IT,2023-01-01,0.0,,
ESTAT:MIGR_EMI1CTZ(1.0),01/07/26 23:00:00,A,VC,REACH,TOTAL,NR,T,IT,2023-01-01,0.0,,
ESTAT:MIGR_EMI1CTZ(1.0),01/07/26 23:00:00,A,VE,REACH,TOTAL,NR,T,IT,2023-01-01,137.0,,
ESTAT:MIGR_EMI1CTZ(1.0),01/07/26 23:00:00,A,VN,REACH,TOTAL,NR,T,IT,2023-01-01,30.0,,
ESTAT:MIGR_EMI1CTZ(1.0),01/07/26 23:00:00,A,VU,REACH,TOTAL,NR,T,IT,2023-01-01,0.0,,
ESTAT:MIGR_EMI1CTZ(1.0),01/07/26 23:00:00,A,WS,REACH,TOTAL,NR,T,IT,2023-01-01,0.0,,
ESTAT:MIGR_EMI1CTZ(1.0),01/07/26 23:00:00,A,XK,REACH,TOTAL,NR,T,IT,2023-01-01,332.0,,
ESTAT:MIGR_EMI1CTZ(1.0),01/07/26 23:00:00,A,YE,REACH,TOTAL,NR,T,IT,2023-01-01,2.0,,
ESTAT:MIGR_EMI1CTZ(1.0),01/07/26 23:00:00,A,ZA,REACH,TOTAL,NR,T,IT,2023-01-01,13.0,,
ESTAT:MIGR_EMI1CTZ(1.0),01/07/26 23:00:00,A,ZM,REACH,TOTAL,NR,T,IT,2023-01-01,4.0,,
ESTAT:MIGR_EMI1CTZ(1.0),01/07/26 23:00:00,A,ZW,REACH,TOTAL,NR,T,IT,2023-01-01,2.0,,
ESTAT:MIGR_EMI1CTZ(1.0),01/07/26 23:00:00,A,AD,REACH,TOTAL,NR,T,IT,2024-01-01,0.0,,
ESTAT:MIGR_EMI1CTZ(1.0),01/07/26 23:00:00,A,AE,REACH,TOTAL,NR,T,IT,2024-01-01,0.0,,
ESTAT:MIGR_EMI1CTZ(1.0),01/07/26 23:00:00,A,AF,REACH,TOTAL,NR,T,IT,2024-01-01,384.0,,
ESTAT:MIGR_EMI1CTZ(1.0),01/07/26 23:00:00,A,AFR,REACH,TOTAL,NR,T,IT,2024-01-01,5223.0,,
ESTAT:MIGR_EMI1CTZ(1.0),01/07/26 23:00:00,A,AFR_C,REACH,TOTAL,NR,T,IT,2024-01-01,190.0,,
ESTAT:MIGR_EMI1CTZ(1.0),01/07/26 23:00:00,A,AFR_E,REACH,TOTAL,NR,T,IT,2024-01-01,253.0,,
ESTAT:MIGR_EMI1CTZ(1.0),01/07/26 23:00:00,A,AFR_N,REACH,TOTAL,NR,T,IT,2024-01-01,2968.0,,
ESTAT:MIGR_EMI1CTZ(1.0),01/07/26 23:00:00,A,AFR_S,REACH,TOTAL,NR,T,IT,2024-01-01,21.0,,
ESTAT:MIGR_EMI1CTZ(1.0),01/07/26 23:00:00,A,AFR_W,REACH,TOTAL,NR,T,IT,2024-01-01,1791.0,,
ESTAT:MIGR_EMI1CTZ(1.0),01/07/26 23:00:00,A,AG,REACH,TOTAL,NR,T,IT,2024-01-01,0.0,,
ESTAT:MIGR_EMI1CTZ(1.0),01/07/26 23:00:00,A,AL,REACH,TOTAL,NR,T,IT,2024-01-01,1720.0,,
ESTAT:MIGR_EMI1CTZ(1.0),01/07/26 23:00:00,A,AM,REACH,TOTAL,NR,T,IT,2024-01-01,17.0,,
ESTAT:MIGR_EMI1CTZ(1.0),01/07/26 23:00:00,A,AME,REACH,TOTAL,NR,T,IT,2024-01-01,2839.0,,
ESTAT:MIGR_EMI1CTZ(1.0),01/07/26 23:00:00,A,AME_C,REACH,TOTAL,NR,T,IT,2024-01-01,141.0,,
ESTAT:MIGR_EMI1CTZ(1.0),01/07/26 23:00:00,A,AME_N,REACH,TOTAL,NR,T,IT,2024-01-01,404.0,,
ESTAT:MIGR_EMI1CTZ(1.0),01/07/26 23:00:00,A,AME_S,REACH,TOTAL,NR,T,IT,2024-01-01,1893.0,,
ESTAT:MIGR_EMI1CTZ(1.0),01/07/26 23:00:00,A,AO,REACH,TOTAL,NR,T,IT,2024-01-01,14.0,,
ESTAT:MIGR_EMI1CTZ(1.0),01/07/26 23:00:00,A,AR,REACH,TOTAL,NR,T,IT,2024-01-01,306.0,,
ESTAT:MIGR_EMI1CTZ(1.0),01/07/26 23:00:00,A,ASI,REACH,TOTAL,NR,T,IT,2024-01-01,8669.0,,
ESTAT:MIGR_EMI1CTZ(1.0),01/07/26 23:00:00,A,ASI_C,REACH,TOTAL,NR,T,IT,2024-01-01,48.0,,
ESTAT:MIGR_EMI1CTZ(1.0),01/07/26 23:00:00,A,ASI_E,REACH,TOTAL,NR,T,IT,2024-01-01,2716.0,,
ESTAT:MIGR_EMI1CTZ(1.0),01/07/26 23:00:00,A,ASI_S,REACH,TOTAL,NR,T,IT,2024-01-01,4446.0,,
ESTAT:MIGR_EMI1CTZ(1.0),01/07/26 23:00:00,A,ASI_S_E,REACH,TOTAL,NR,T,IT,2024-01-01,808.0,,
ESTAT:MIGR_EMI1CTZ(1.0),01/07/26 23:00:00,A,ASI_W,REACH,TOTAL,NR,T,IT,2024-01-01,651.0,,
ESTAT:MIGR_EMI1CTZ(1.0),01/07/26 23:00:00,A,AT,REACH,TOTAL,NR,T,IT,2024-01-01,144.0,,
ESTAT:MIGR_EMI1CTZ(1.0),01/07/26 23:00:00,A,AU,REACH,TOTAL,NR,T,IT,2024-01-01,46.0,,
ESTAT:MIGR_EMI1CTZ(1.0),01/07/26 23:00:00,A,AU_NZ,REACH,TOTAL,NR,T,IT,2024-01-01,52.0,,
ESTAT:MIGR_EMI1CTZ(1.0),01/07/26 23:00:00,A,AZ,REACH,TOTAL,NR,T,IT,2024-01-01,8.0,,
ESTAT:MIGR_EMI1CTZ(1.0),01/07/26 23:00:00,A,BA,REACH,TOTAL,NR,T,IT,2024-01-01,202.0,,
ESTAT:MIGR_EMI1CTZ(1.0),01/07/26 23:00:00,A,BB,REACH,TOTAL,NR,T,IT,2024-01-01,0.0,,
ESTAT:MIGR_EMI1CTZ(1.0),01/07/26 23:00:00,A,BD,REACH,TOTAL,NR,T,IT,2024-01-01,826.0,,
ESTAT:MIGR_EMI1CTZ(1.0),01/07/26 23:00:00,A,BE,REACH,TOTAL,NR,T,IT,2024-01-01,152.0,,
ESTAT:MIGR_EMI1CTZ(1.0),01/07/26 23:00:00,A,BF,REACH,TOTAL,NR,T,IT,2024-01-01,91.0,,
ESTAT:MIGR_EMI1CTZ(1.0),01/07/26 23:00:00,A,BG,REACH,TOTAL,NR,T,IT,2024-01-01,877.0,,
ESTAT:MIGR_EMI1CTZ(1.0),01/07/26 23:00:00,A,BH,REACH,TOTAL,NR,T,IT,2024-01-01,0.0,,
ESTAT:MIGR_EMI1CTZ(1.0),01/07/26 23:00:00,A,BI,REACH,TOTAL,NR,T,IT,2024-01-01,17.0,,
ESTAT:MIGR_EMI1CTZ(1.0),01/07/26 23:00:00,A,BJ,REACH,TOTAL,NR,T,IT,2024-01-01,16.0,,
ESTAT:MIGR_EMI1CTZ(1.0),01/07/26 23:00:00,A,BN,REACH,TOTAL,NR,T,IT,2024-01-01,0.0,,
ESTAT:MIGR_EMI1CTZ(1.0),01/07/26 23:00:00,A,BO,REACH,TOTAL,NR,T,IT,2024-01-01,25.0,,
ESTAT:MIGR_EMI1CTZ(1.0),01/07/26 23:00:00,A,BR,REACH,TOTAL,NR,T,IT,2024-01-01,623.0,,
ESTAT:MIGR_EMI1CTZ(1.0),01/07/26 23:00:00,A,BS,REACH,TOTAL,NR,T,IT,2024-01-01,1.0,,
ESTAT:MIGR_EMI1CTZ(1.0),01/07/26 23:00:00,A,BT,REACH,TOTAL,NR,T,IT,2024-01-01,0.0,,
ESTAT:MIGR_EMI1CTZ(1.0),01/07/26 23:00:00,A,BW,REACH,TOTAL,NR,T,IT,2024-01-01,0.0,,
ESTAT:MIGR_EMI1CTZ(1.0),01/07/26 23:00:00,A,BY,REACH,TOTAL,NR,T,IT,2024-01-01,53.0,,
ESTAT:MIGR_EMI1CTZ(1.0),01/07/26 23:00:00,A,BZ,REACH,TOTAL,NR,T,IT,2024-01-01,0.0,,
ESTAT:MIGR_EMI1CTZ(1.0),01/07/26 23:00:00,A,CA,REACH,TOTAL,NR,T,IT,2024-01-01,53.0,,
ESTAT:MIGR_EMI1CTZ(1.0),01/07/26 23:00:00,A,CC9_23_FOR,REACH,TOTAL,NR,T,IT,2024-01-01,8561.0,,
ESTAT:MIGR_EMI1CTZ(1.0),01/07/26 23:00:00,A,CD,REACH,TOTAL,NR,T,IT,2024-01-01,26.0,,
ESTAT:MIGR_EMI1CTZ(1.0),01/07/26 23:00:00,A,CF,REACH,TOTAL,NR,T,IT,2024-01-01,1.0,,
ESTAT:MIGR_EMI1CTZ(1.0),01/07/26 23:00:00,A,CG,REACH,TOTAL,NR,T,IT,2024-01-01,13.0,,
ESTAT:MIGR_EMI1CTZ(1.0),01/07/26 23:00:00,A,CH,REACH,TOTAL,NR,T,IT,2024-01-01,170.0,,
ESTAT:MIGR_EMI1CTZ(1.0),01/07/26 23:00:00,A,CI,REACH,TOTAL,NR,T,IT,2024-01-01,160.0,,
ESTAT:MIGR_EMI1CTZ(1.0),01/07/26 23:00:00,A,CL,REACH,TOTAL,NR,T,IT,2024-01-01,32.0,,
ESTAT:MIGR_EMI1CTZ(1.0),01/07/26 23:00:00,A,CM,REACH,TOTAL,NR,T,IT,2024-01-01,126.0,,
ESTAT:MIGR_EMI1CTZ(1.0),01/07/26 23:00:00,A,CN,REACH,TOTAL,NR,T,IT,2024-01-01,2443.0,,
ESTAT:MIGR_EMI1CTZ(1.0),01/07/26 23:00:00,A,CO,REACH,TOTAL,NR,T,IT,2024-01-01,198.0,,
ESTAT:MIGR_EMI1CTZ(1.0),01/07/26 23:00:00,A,CR,REACH,TOTAL,NR,T,IT,2024-01-01,6.0,,
ESTAT:MIGR_EMI1CTZ(1.0),01/07/26 23:00:00,A,CRB,REACH,TOTAL,NR,T,IT,2024-01-01,401.0,,
ESTAT:MIGR_EMI1CTZ(1.0),01/07/26 23:00:00,A,CU,REACH,TOTAL,NR,T,IT,2024-01-01,192.0,,
ESTAT:MIGR_EMI1CTZ(1.0),01/07/26 23:00:00,A,CV,REACH,TOTAL,NR,T,IT,2024-01-01,7.0,,
ESTAT:MIGR_EMI1CTZ(1.0),01/07/26 23:00:00,A,CY,REACH,TOTAL,NR,T,IT,2024-01-01,12.0,,
ESTAT:MIGR_EMI1CTZ(1.0),01/07/26 23:00:00,A,CZ,REACH,TOTAL,NR,T,IT,2024-01-01,87.0,,
ESTAT:MIGR_EMI1CTZ(1.0),01/07/26 23:00:00,A,CZ_SK,REACH,TOTAL,NR,T,IT,2024-01-01,0.0,,
ESTAT:MIGR_EMI1CTZ(1.0),01/07/26 23:00:00,A,DE,REACH,TOTAL,NR,T,IT,2024-01-01,817.0,,
ESTAT:MIGR_EMI1CTZ(1.0),01/07/26 23:00:00,A,DJ,REACH,TOTAL,NR,T,IT,2024-01-01,0.0,,
ESTAT:MIGR_EMI1CTZ(1.0),01/07/26 23:00:00,A,DK,REACH,TOTAL,NR,T,IT,2024-01-01,43.0,,
ESTAT:MIGR_EMI1CTZ(1.0),01/07/26 23:00:00,A,DM,REACH,TOTAL,NR,T,IT,2024-01-01,9.0,,
ESTAT:MIGR_EMI1CTZ(1.0),01/07/26 23:00:00,A,DO,REACH,TOTAL,NR,T,IT,2024-01-01,191.0,,
ESTAT:MIGR_EMI1CTZ(1.0),01/07/26 23:00:00,A,DZ,REACH,TOTAL,NR,T,IT,2024-01-01,98.0,,
ESTAT:MIGR_EMI1CTZ(1.0),01/07/26 23:00:00,A,EC,REACH,TOTAL,NR,T,IT,2024-01-01,170.0,,
ESTAT:MIGR_EMI1CTZ(1.0),01/07/26 23:00:00,A,EE,REACH,TOTAL,NR,T,IT,2024-01-01,5.0,,
ESTAT:MIGR_EMI1CTZ(1.0),01/07/26 23:00:00,A,EG,REACH,TOTAL,NR,T,IT,2024-01-01,720.0,,
ESTAT:MIGR_EMI1CTZ(1.0),01/07/26 23:00:00,A,EH,REACH,TOTAL,NR,T,IT,2024-01-01,0.0,,
ESTAT:MIGR_EMI1CTZ(1.0),01/07/26 23:00:00,A,EL,REACH,TOTAL,NR,T,IT,2024-01-01,125.0,,
ESTAT:MIGR_EMI1CTZ(1.0),01/07/26 23:00:00,A,ER,REACH,TOTAL,NR,T,IT,2024-01-01,38.0,,
ESTAT:MIGR_EMI1CTZ(1.0),01/07/26 23:00:00,A,ES,REACH,TOTAL,NR,T,IT,2024-01-01,644.0,,
ESTAT:MIGR_EMI1CTZ(1.0),01/07/26 23:00:00,A,ET,REACH,TOTAL,NR,T,IT,2024-01-01,36.0,,
ESTAT:MIGR_EMI1CTZ(1.0),01/07/26 23:00:00,A,EU27_2020_FOR,REACH,TOTAL,NR,T,IT,2024-01-01,21357.0,,
ESTAT:MIGR_EMI1CTZ(1.0),01/07/26 23:00:00,A,EUR,REACH,TOTAL,NR,T,IT,2024-01-01,172118.0,,
ESTAT:MIGR_EMI1CTZ(1.0),01/07/26 23:00:00,A,EX_SU,REACH,TOTAL,NR,T,IT,2024-01-01,0.0,,
ESTAT:MIGR_EMI1CTZ(1.0),01/07/26 23:00:00,A,EX_YU,REACH,TOTAL,NR,T,IT,2024-01-01,0.0,,
ESTAT:MIGR_EMI1CTZ(1.0),01/07/26 23:00:00,A,FI,REACH,TOTAL,NR,T,IT,2024-01-01,45.0,,
ESTAT:MIGR_EMI1CTZ(1.0),01/07/26 23:00:00,A,FJ,REACH,TOTAL,NR,T,IT,2024-01-01,0.0,,
ESTAT:MIGR_EMI1CTZ(1.0),01/07/26 23:00:00,A,FM,REACH,TOTAL,NR,T,IT,2024-01-01,0.0,,
ESTAT:MIGR_EMI1CTZ(1.0),01/07/26 23:00:00,A,FOR_STLS,REACH,TOTAL,NR,T,IT,2024-01-01,47847.0,,
ESTAT:MIGR_EMI1CTZ(1.0),01/07/26 23:00:00,A,FR,REACH,TOTAL,NR,T,IT,2024-01-01,618.0,,
ESTAT:MIGR_EMI1CTZ(1.0),01/07/26 23:00:00,A,GA,REACH,TOTAL,NR,T,IT,2024-01-01,3.0,,
ESTAT:MIGR_EMI1CTZ(1.0),01/07/26 23:00:00,A,GD,REACH,TOTAL,NR,T,IT,2024-01-01,0.0,,
ESTAT:MIGR_EMI1CTZ(1.0),01/07/26 23:00:00,A,GE,REACH,TOTAL,NR,T,IT,2024-01-01,387.0,,
ESTAT:MIGR_EMI1CTZ(1.0),01/07/26 23:00:00,A,GH,REACH,TOTAL,NR,T,IT,2024-01-01,210.0,,
ESTAT:MIGR_EMI1CTZ(1.0),01/07/26 23:00:00,A,GM,REACH,TOTAL,NR,T,IT,2024-01-01,92.0,,
ESTAT:MIGR_EMI1CTZ(1.0),01/07/26 23:00:00,A,GN,REACH,TOTAL,NR,T,IT,2024-01-01,77.0,,
ESTAT:MIGR_EMI1CTZ(1.0),01/07/26 23:00:00,A,GQ,REACH,TOTAL,NR,T,IT,2024-01-01,0.0,,
ESTAT:MIGR_EMI1CTZ(1.0),01/07/26 23:00:00,A,GT,REACH,TOTAL,NR,T,IT,2024-01-01,5.0,,
ESTAT:MIGR_EMI1CTZ(1.0),01/07/26 23:00:00,A,GW,REACH,TOTAL,NR,T,IT,2024-01-01,8.0,,
ESTAT:MIGR_EMI1CTZ(1.0),01/07/26 23:00:00,A,GY,REACH,TOTAL,NR,T,IT,2024-01-01,0.0,,
ESTAT:MIGR_EMI1CTZ(1.0),01/07/26 23:00:00,A,HN,REACH,TOTAL,NR,T,IT,2024-01-01,17.0,,
ESTAT:MIGR_EMI1CTZ(1.0),01/07/26 23:00:00,A,HR,REACH,TOTAL,NR,T,IT,2024-01-01,355.0,,
ESTAT:MIGR_EMI1CTZ(1.0),01/07/26 23:00:00,A,HT,REACH,TOTAL,NR,T,IT,2024-01-01,4.0,,
ESTAT:MIGR_EMI1CTZ(1.0),01/07/26 23:00:00,A,HU,REACH,TOTAL,NR,T,IT,2024-01-01,153.0,,
ESTAT:MIGR_EMI1CTZ(1.0),01/07/26 23:00:00,A,ID,REACH,TOTAL,NR,T,IT,2024-01-01,46.0,,
ESTAT:MIGR_EMI1CTZ(1.0),01/07/26 23:00:00,A,IE,REACH,TOTAL,NR,T,IT,2024-01-01,99.0,,
ESTAT:MIGR_EMI1CTZ(1.0),01/07/26 23:00:00,A,IL,REACH,TOTAL,NR,T,IT,2024-01-01,14.0,,
ESTAT:MIGR_EMI1CTZ(1.0),01/07/26 23:00:00,A,IM,REACH,TOTAL,NR,T,IT,2024-01-01,0.0,,
ESTAT:MIGR_EMI1CTZ(1.0),01/07/26 23:00:00,A,IN,REACH,TOTAL,NR,T,IT,2024-01-01,1462.0,,
ESTAT:MIGR_EMI1CTZ(1.0),01/07/26 23:00:00,A,IQ,REACH,TOTAL,NR,T,IT,2024-01-01,84.0,,
ESTAT:MIGR_EMI1CTZ(1.0),01/07/26 23:00:00,A,IR,REACH,TOTAL,NR,T,IT,2024-01-01,134.0,,
ESTAT:MIGR_EMI1CTZ(1.0),01/07/26 23:00:00,A,IS,REACH,TOTAL,NR,T,IT,2024-01-01,6.0,,
ESTAT:MIGR_EMI1CTZ(1.0),01/07/26 23:00:00,A,IT,REACH,TOTAL,NR,T,IT,2024-01-01,141056.0,,
ESTAT:MIGR_EMI1CTZ(1.0),01/07/26 23:00:00,A,JE,REACH,TOTAL,NR,T,IT,2024-01-01,0.0,,
ESTAT:MIGR_EMI1CTZ(1.0),01/07/26 23:00:00,A,JM,REACH,TOTAL,NR,T,IT,2024-01-01,2.0,,
ESTAT:MIGR_EMI1CTZ(1.0),01/07/26 23:00:00,A,JO,REACH,TOTAL,NR,T,IT,2024-01-01,18.0,,
ESTAT:MIGR_EMI1CTZ(1.0),01/07/26 23:00:00,A,JP,REACH,TOTAL,NR,T,IT,2024-01-01,149.0,,
ESTAT:MIGR_EMI1CTZ(1.0),01/07/26 23:00:00,A,KE,REACH,TOTAL,NR,T,IT,2024-01-01,35.0,,
ESTAT:MIGR_EMI1CTZ(1.0),01/07/26 23:00:00,A,KG,REACH,TOTAL,NR,T,IT,2024-01-01,27.0,,
ESTAT:MIGR_EMI1CTZ(1.0),01/07/26 23:00:00,A,KH,REACH,TOTAL,NR,T,IT,2024-01-01,1.0,,
ESTAT:MIGR_EMI1CTZ(1.0),01/07/26 23:00:00,A,KI,REACH,TOTAL,NR,T,IT,2024-01-01,0.0,,
ESTAT:MIGR_EMI1CTZ(1.0),01/07/26 23:00:00,A,KM,REACH,TOTAL,NR,T,IT,2024-01-01,0.0,,
ESTAT:MIGR_EMI1CTZ(1.0),01/07/26 23:00:00,A,KN,REACH,TOTAL,NR,T,IT,2024-01-01,1.0,,
ESTAT:MIGR_EMI1CTZ(1.0),01/07/26 23:00:00,A,KP,REACH,TOTAL,NR,T,IT,2024-01-01,1.0,,
ESTAT:MIGR_EMI1CTZ(1.0),01/07/26 23:00:00,A,KR,REACH,TOTAL,NR,T,IT,2024-01-01,106.0,,
ESTAT:MIGR_EMI1CTZ(1.0),01/07/26 23:00:00,A,KW,REACH,TOTAL,NR,T,IT,2024-01-01,1.0,,
ESTAT:MIGR_EMI1CTZ(1.0),01/07/26 23:00:00,A,KZ,REACH,TOTAL,NR,T,IT,2024-01-01,16.0,,
ESTAT:MIGR_EMI1CTZ(1.0),01/07/26 23:00:00,A,LA,REACH,TOTAL,NR,T,IT,2024-01-01,1.0,,
ESTAT:MIGR_EMI1CTZ(1.0),01/07/26 23:00:00,A,LB,REACH,TOTAL,NR,T,IT,2024-01-01,22.0,,
ESTAT:MIGR_EMI1CTZ(1.0),01/07/26 23:00:00,A,LC,REACH,TOTAL,NR,T,IT,2024-01-01,0.0,,
ESTAT:MIGR_EMI1CTZ(1.0),01/07/26 23:00:00,A,LI,REACH,TOTAL,NR,T,IT,2024-01-01,1.0,,
ESTAT:MIGR_EMI1CTZ(1.0),01/07/26 23:00:00,A,LK,REACH,TOTAL,NR,T,IT,2024-01-01,405.0,,
ESTAT:MIGR_EMI1CTZ(1.0),01/07/26 23:00:00,A,LR,REACH,TOTAL,NR,T,IT,2024-01-01,4.0,,
ESTAT:MIGR_EMI1CTZ(1.0),01/07/26 23:00:00,A,LS,REACH,TOTAL,NR,T,IT,2024-01-01,0.0,,
ESTAT:MIGR_EMI1CTZ(1.0),01/07/26 23:00:00,A,LT,REACH,TOTAL,NR,T,IT,2024-01-01,61.0,,
ESTAT:MIGR_EMI1CTZ(1.0),01/07/26 23:00:00,A,LU,REACH,TOTAL,NR,T,IT,2024-01-01,9.0,,
ESTAT:MIGR_EMI1CTZ(1.0),01/07/26 23:00:00,A,LV,REACH,TOTAL,NR,T,IT,2024-01-01,50.0,,
ESTAT:MIGR_EMI1CTZ(1.0),01/07/26 23:00:00,A,LY,REACH,TOTAL,NR,T,IT,2024-01-01,19.0,,
ESTAT:MIGR_EMI1CTZ(1.0),01/07/26 23:00:00,A,MA,REACH,TOTAL,NR,T,IT,2024-01-01,1561.0,,
ESTAT:MIGR_EMI1CTZ(1.0),01/07/26 23:00:00,A,MC,REACH,TOTAL,NR,T,IT,2024-01-01,0.0,,
ESTAT:MIGR_EMI1CTZ(1.0),01/07/26 23:00:00,A,MD,REACH,TOTAL,NR,T,IT,2024-01-01,1033.0,,
ESTAT:MIGR_EMI1CTZ(1.0),01/07/26 23:00:00,A,ME,REACH,TOTAL,NR,T,IT,2024-01-01,7.0,,
ESTAT:MIGR_EMI1CTZ(1.0),01/07/26 23:00:00,A,MEL,REACH,TOTAL,NR,T,IT,2024-01-01,1.0,,
ESTAT:MIGR_EMI1CTZ(1.0),01/07/26 23:00:00,A,MG,REACH,TOTAL,NR,T,IT,2024-01-01,12.0,,
ESTAT:MIGR_EMI1CTZ(1.0),01/07/26 23:00:00,A,MH,REACH,TOTAL,NR,T,IT,2024-01-01,0.0,,
ESTAT:MIGR_EMI1CTZ(1.0),01/07/26 23:00:00,A,MIC,REACH,TOTAL,NR,T,IT,2024-01-01,0.0,,
ESTAT:MIGR_EMI1CTZ(1.0),01/07/26 23:00:00,A,MK,REACH,TOTAL,NR,T,IT,2024-01-01,526.0,,
ESTAT:MIGR_EMI1CTZ(1.0),01/07/26 23:00:00,A,ML,REACH,TOTAL,NR,T,IT,2024-01-01,109.0,,
ESTAT:MIGR_EMI1CTZ(1.0),01/07/26 23:00:00,A,MM,REACH,TOTAL,NR,T,IT,2024-01-01,8.0,,
ESTAT:MIGR_EMI1CTZ(1.0),01/07/26 23:00:00,A,MN,REACH,TOTAL,NR,T,IT,2024-01-01,3.0,,
ESTAT:MIGR_EMI1CTZ(1.0),01/07/26 23:00:00,A,MR,REACH,TOTAL,NR,T,IT,2024-01-01,1.0,,
ESTAT:MIGR_EMI1CTZ(1.0),01/07/26 23:00:00,A,MT,REACH,TOTAL,NR,T,IT,2024-01-01,20.0,,
ESTAT:MIGR_EMI1CTZ(1.0),01/07/26 23:00:00,A,MU,REACH,TOTAL,NR,T,IT,2024-01-01,15.0,,
ESTAT:MIGR_EMI1CTZ(1.0),01/07/26 23:00:00,A,MV,REACH,TOTAL,NR,T,IT,2024-01-01,1.0,,
ESTAT:MIGR_EMI1CTZ(1.0),01/07/26 23:00:00,A,MW,REACH,TOTAL,NR,T,IT,2024-01-01,2.0,,
ESTAT:MIGR_EMI1CTZ(1.0),01/07/26 23:00:00,A,MX,REACH,TOTAL,NR,T,IT,2024-01-01,68.0,,
ESTAT:MIGR_EMI1CTZ(1.0),01/07/26 23:00:00,A,MY,REACH,TOTAL,NR,T,IT,2024-01-01,5.0,,
ESTAT:MIGR_EMI1CTZ(1.0),01/07/26 23:00:00,A,MZ,REACH,TOTAL,NR,T,IT,2024-01-01,4.0,,
ESTAT:MIGR_EMI1CTZ(1.0),01/07/26 23:00:00,A,NA,REACH,TOTAL,NR,T,IT,2024-01-01,0.0,,
ESTAT:MIGR_EMI1CTZ(1.0),01/07/26 23:00:00,A,NAT,REACH,TOTAL,NR,T,IT,2024-01-01,141056.0,,
ESTAT:MIGR_EMI1CTZ(1.0),01/07/26 23:00:00,A,NE,REACH,TOTAL,NR,T,IT,2024-01-01,7.0,,
ESTAT:MIGR_EMI1CTZ(1.0),01/07/26 23:00:00,A,NEU27_2020_FOR,REACH,TOTAL,NR,T,IT,2024-01-01,26489.0,,
ESTAT:MIGR_EMI1CTZ(1.0),01/07/26 23:00:00,A,NG,REACH,TOTAL,NR,T,IT,2024-01-01,558.0,,
ESTAT:MIGR_EMI1CTZ(1.0),01/07/26 23:00:00,A,NI,REACH,TOTAL,NR,T,IT,2024-01-01,3.0,,
ESTAT:MIGR_EMI1CTZ(1.0),01/07/26 23:00:00,A,NL,REACH,TOTAL,NR,T,IT,2024-01-01,266.0,,
ESTAT:MIGR_EMI1CTZ(1.0),01/07/26 23:00:00,A,NO,REACH,TOTAL,NR,T,IT,2024-01-01,23.0,,
ESTAT:MIGR_EMI1CTZ(1.0),01/07/26 23:00:00,A,NP,REACH,TOTAL,NR,T,IT,2024-01-01,36.0,,
ESTAT:MIGR_EMI1CTZ(1.0),01/07/26 23:00:00,A,NR,REACH,TOTAL,NR,T,IT,2024-01-01,0.0,,
ESTAT:MIGR_EMI1CTZ(1.0),01/07/26 23:00:00,A,NZ,REACH,TOTAL,NR,T,IT,2024-01-01,6.0,,
ESTAT:MIGR_EMI1CTZ(1.0),01/07/26 23:00:00,A,OCE,REACH,TOTAL,NR,T,IT,2024-01-01,53.0,,
ESTAT:MIGR_EMI1CTZ(1.0),01/07/26 23:00:00,A,OM,REACH,TOTAL,NR,T,IT,2024-01-01,1.0,,
ESTAT:MIGR_EMI1CTZ(1.0),01/07/26 23:00:00,A,OTH,REACH,TOTAL,NR,T,IT,2024-01-01,0.0,,
ESTAT:MIGR_EMI1CTZ(1.0),01/07/26 23:00:00,A,PA,REACH,TOTAL,NR,T,IT,2024-01-01,4.0,,
ESTAT:MIGR_EMI1CTZ(1.0),01/07/26 23:00:00,A,PE,REACH,TOTAL,NR,T,IT,2024-01-01,399.0,,
ESTAT:MIGR_EMI1CTZ(1.0),01/07/26 23:00:00,A,PG,REACH,TOTAL,NR,T,IT,2024-01-01,1.0,,
ESTAT:MIGR_EMI1CTZ(1.0),01/07/26 23:00:00,A,PH,REACH,TOTAL,NR,T,IT,2024-01-01,649.0,,
ESTAT:MIGR_EMI1CTZ(1.0),01/07/26 23:00:00,A,PK,REACH,TOTAL,NR,T,IT,2024-01-01,1198.0,,
ESTAT:MIGR_EMI1CTZ(1.0),01/07/26 23:00:00,A,PL,REACH,TOTAL,NR,T,IT,2024-01-01,980.0,,
ESTAT:MIGR_EMI1CTZ(1.0),01/07/26 23:00:00,A,POL,REACH,TOTAL,NR,T,IT,2024-01-01,0.0,,
ESTAT:MIGR_EMI1CTZ(1.0),01/07/26 23:00:00,A,PS,REACH,TOTAL,NR,T,IT,2024-01-01,14.0,,
ESTAT:MIGR_EMI1CTZ(1.0),01/07/26 23:00:00,A,PT,REACH,TOTAL,NR,T,IT,2024-01-01,166.0,,
ESTAT:MIGR_EMI1CTZ(1.0),01/07/26 23:00:00,A,PW,REACH,TOTAL,NR,T,IT,2024-01-01,0.0,,
ESTAT:MIGR_EMI1CTZ(1.0),01/07/26 23:00:00,A,PY,REACH,TOTAL,NR,T,IT,2024-01-01,18.0,,
ESTAT:MIGR_EMI1CTZ(1.0),01/07/26 23:00:00,A,QA,REACH,TOTAL,NR,T,IT,2024-01-01,0.0,,
ESTAT:MIGR_EMI1CTZ(1.0),01/07/26 23:00:00,A,RNC,REACH,TOTAL,NR,T,IT,2024-01-01,0.0,,
ESTAT:MIGR_EMI1CTZ(1.0),01/07/26 23:00:00,A,RO,REACH,TOTAL,NR,T,IT,2024-01-01,15335.0,,
ESTAT:MIGR_EMI1CTZ(1.0),01/07/26 23:00:00,A,RS,REACH,TOTAL,NR,T,IT,2024-01-01,299.0,,
ESTAT:MIGR_EMI1CTZ(1.0),01/07/26 23:00:00,A,RS_ME,REACH,TOTAL,NR,T,IT,2024-01-01,0.0,,
ESTAT:MIGR_EMI1CTZ(1.0),01/07/26 23:00:00,A,RU,REACH,TOTAL,NR,T,IT,2024-01-01,361.0,,
ESTAT:MIGR_EMI1CTZ(1.0),01/07/26 23:00:00,A,RW,REACH,TOTAL,NR,T,IT,2024-01-01,9.0,,
ESTAT:MIGR_EMI1CTZ(1.0),01/07/26 23:00:00,A,SA,REACH,TOTAL,NR,T,IT,2024-01-01,8.0,,
ESTAT:MIGR_EMI1CTZ(1.0),01/07/26 23:00:00,A,SB,REACH,TOTAL,NR,T,IT,2024-01-01,0.0,,
ESTAT:MIGR_EMI1CTZ(1.0),01/07/26 23:00:00,A,SC,REACH,TOTAL,NR,T,IT,2024-01-01,1.0,,
ESTAT:MIGR_EMI1CTZ(1.0),01/07/26 23:00:00,A,SD,REACH,TOTAL,NR,T,IT,2024-01-01,9.0,,
ESTAT:MIGR_EMI1CTZ(1.0),01/07/26 23:00:00,A,SE,REACH,TOTAL,NR,T,IT,2024-01-01,73.0,,
ESTAT:MIGR_EMI1CTZ(1.0),01/07/26 23:00:00,A,SG,REACH,TOTAL,NR,T,IT,2024-01-01,7.0,,
ESTAT:MIGR_EMI1CTZ(1.0),01/07/26 23:00:00,A,SI,REACH,TOTAL,NR,T,IT,2024-01-01,79.0,,
ESTAT:MIGR_EMI1CTZ(1.0),01/07/26 23:00:00,A,SK,REACH,TOTAL,NR,T,IT,2024-01-01,142.0,,
ESTAT:MIGR_EMI1CTZ(1.0),01/07/26 23:00:00,A,SL,REACH,TOTAL,NR,T,IT,2024-01-01,23.0,,
ESTAT:MIGR_EMI1CTZ(1.0),01/07/26 23:00:00,A,SM,REACH,TOTAL,NR,T,IT,2024-01-01,7.0,,
ESTAT:MIGR_EMI1CTZ(1.0),01/07/26 23:00:00,A,SN,REACH,TOTAL,NR,T,IT,2024-01-01,397.0,,
ESTAT:MIGR_EMI1CTZ(1.0),01/07/26 23:00:00,A,SO,REACH,TOTAL,NR,T,IT,2024-01-01,54.0,,
ESTAT:MIGR_EMI1CTZ(1.0),01/07/26 23:00:00,A,SR,REACH,TOTAL,NR,T,IT,2024-01-01,0.0,,
ESTAT:MIGR_EMI1CTZ(1.0),01/07/26 23:00:00,A,SS,REACH,TOTAL,NR,T,IT,2024-01-01,1.0,,
ESTAT:MIGR_EMI1CTZ(1.0),01/07/26 23:00:00,A,ST,REACH,TOTAL,NR,T,IT,2024-01-01,0.0,,
ESTAT:MIGR_EMI1CTZ(1.0),01/07/26 23:00:00,A,STLS,REACH,TOTAL,NR,T,IT,2024-01-01,1.0,,
ESTAT:MIGR_EMI1CTZ(1.0),01/07/26 23:00:00,A,SV,REACH,TOTAL,NR,T,IT,2024-01-01,38.0,,
ESTAT:MIGR_EMI1CTZ(1.0),01/07/26 23:00:00,A,SY,REACH,TOTAL,NR,T,IT,2024-01-01,76.0,,
ESTAT:MIGR_EMI1CTZ(1.0),01/07/26 23:00:00,A,SZ,REACH,TOTAL,NR,T,IT,2024-01-01,0.0,,
ESTAT:MIGR_EMI1CTZ(1.0),01/07/26 23:00:00,A,TD,REACH,TOTAL,NR,T,IT,2024-01-01,7.0,,
ESTAT:MIGR_EMI1CTZ(1.0),01/07/26 23:00:00,A,TG,REACH,TOTAL,NR,T,IT,2024-01-01,31.0,,
ESTAT:MIGR_EMI1CTZ(1.0),01/07/26 23:00:00,A,TH,REACH,TOTAL,NR,T,IT,2024-01-01,61.0,,
ESTAT:MIGR_EMI1CTZ(1.0),01/07/26 23:00:00,A,TJ,REACH,TOTAL,NR,T,IT,2024-01-01,0.0,,
ESTAT:MIGR_EMI1CTZ(1.0),01/07/26 23:00:00,A,TL,REACH,TOTAL,NR,T,IT,2024-01-01,1.0,,
ESTAT:MIGR_EMI1CTZ(1.0),01/07/26 23:00:00,A,TM,REACH,TOTAL,NR,T,IT,2024-01-01,1.0,,
ESTAT:MIGR_EMI1CTZ(1.0),01/07/26 23:00:00,A,TN,REACH,TOTAL,NR,T,IT,2024-01-01,560.0,,
ESTAT:MIGR_EMI1CTZ(1.0),01/07/26 23:00:00,A,TO,REACH,TOTAL,NR,T,IT,2024-01-01,0.0,,
ESTAT:MIGR_EMI1CTZ(1.0),01/07/26 23:00:00,A,TOTAL,REACH,TOTAL,NR,T,IT,2024-01-01,188903.0,,
ESTAT:MIGR_EMI1CTZ(1.0),01/07/26 23:00:00,A,TR,REACH,TOTAL,NR,T,IT,2024-01-01,256.0,,
ESTAT:MIGR_EMI1CTZ(1.0),01/07/26 23:00:00,A,TT,REACH,TOTAL,NR,T,IT,2024-01-01,1.0,,
ESTAT:MIGR_EMI1CTZ(1.0),01/07/26 23:00:00,A,TV,REACH,TOTAL,NR,T,IT,2024-01-01,0.0,,
ESTAT:MIGR_EMI1CTZ(1.0),01/07/26 23:00:00,A,TW,REACH,TOTAL,NR,T,IT,2024-01-01,14.0,,
ESTAT:MIGR_EMI1CTZ(1.0),01/07/26 23:00:00,A,TZ,REACH,TOTAL,NR,T,IT,2024-01-01,11.0,,
ESTAT:MIGR_EMI1CTZ(1.0),01/07/26 23:00:00,A,UA,REACH,TOTAL,NR,T,IT,2024-01-01,4131.0,,
ESTAT:MIGR_EMI1CTZ(1.0),01/07/26 23:00:00,A,UG,REACH,TOTAL,NR,T,IT,2024-01-01,9.0,,
ESTAT:MIGR_EMI1CTZ(1.0),01/07/26 23:00:00,A,UK,REACH,TOTAL,NR,T,IT,2024-01-01,420.0,,
ESTAT:MIGR_EMI1CTZ(1.0),01/07/26 23:00:00,A,UNK,REACH,TOTAL,NR,T,IT,2024-01-01,0.0,,
ESTAT:MIGR_EMI1CTZ(1.0),01/07/26 23:00:00,A,US,REACH,TOTAL,NR,T,IT,2024-01-01,351.0,,
ESTAT:MIGR_EMI1CTZ(1.0),01/07/26 23:00:00,A,UY,REACH,TOTAL,NR,T,IT,2024-01-01,8.0,,
ESTAT:MIGR_EMI1CTZ(1.0),01/07/26 23:00:00,A,UZ,REACH,TOTAL,NR,T,IT,2024-01-01,4.0,,
ESTAT:MIGR_EMI1CTZ(1.0),01/07/26 23:00:00,A,VA,REACH,TOTAL,NR,T,IT,2024-01-01,0.0,,
ESTAT:MIGR_EMI1CTZ(1.0),01/07/26 23:00:00,A,VC,REACH,TOTAL,NR,T,IT,2024-01-01,0.0,,
ESTAT:MIGR_EMI1CTZ(1.0),01/07/26 23:00:00,A,VE,REACH,TOTAL,NR,T,IT,2024-01-01,114.0,,
ESTAT:MIGR_EMI1CTZ(1.0),01/07/26 23:00:00,A,VN,REACH,TOTAL,NR,T,IT,2024-01-01,29.0,,
ESTAT:MIGR_EMI1CTZ(1.0),01/07/26 23:00:00,A,VU,REACH,TOTAL,NR,T,IT,2024-01-01,0.0,,
ESTAT:MIGR_EMI1CTZ(1.0),01/07/26 23:00:00,A,WS,REACH,TOTAL,NR,T,IT,2024-01-01,0.0,,
ESTAT:MIGR_EMI1CTZ(1.0),01/07/26 23:00:00,A,XK,REACH,TOTAL,NR,T,IT,2024-01-01,490.0,,
ESTAT:MIGR_EMI1CTZ(1.0),01/07/26 23:00:00,A,YE,REACH,TOTAL,NR,T,IT,2024-01-01,1.0,,
ESTAT:MIGR_EMI1CTZ(1.0),01/07/26 23:00:00,A,ZA,REACH,TOTAL,NR,T,IT,2024-01-01,21.0,,
ESTAT:MIGR_EMI1CTZ(1.0),01/07/26 23:00:00,A,ZM,REACH,TOTAL,NR,T,IT,2024-01-01,4.0,,
ESTAT:MIGR_EMI1CTZ(1.0),01/07/26 23:00:00,A,ZW,REACH,TOTAL,NR,T,IT,2024-01-01,6.0,,
ESTAT:MIGR_EMI1CTZ(1.0),01/07/26 23:00:00,A,AD,COMPLET,TOTAL,NR,T,IT,2010-01-01,0.0,,
ESTAT:MIGR_EMI1CTZ(1.0),01/07/26 23:00:00,A,AE,COMPLET,TOTAL,NR,T,IT,2010-01-01,0.0,,
ESTAT:MIGR_EMI1CTZ(1.0),01/07/26 23:00:00,A,AF,COMPLET,TOTAL,NR,T,IT,2010-01-01,13.0,,
ESTAT:MIGR_EMI1CTZ(1.0),01/07/26 23:00:00,A,AFR,COMPLET,TOTAL,NR,T,IT,2010-01-01,4425.0,,
ESTAT:MIGR_EMI1CTZ(1.0),01/07/26 23:00:00,A,AFR_C,COMPLET,TOTAL,NR,T,IT,2010-01-01,115.0,,
ESTAT:MIGR_EMI1CTZ(1.0),01/07/26 23:00:00,A,AFR_E,COMPLET,TOTAL,NR,T,IT,2010-01-01,178.0,,
ESTAT:MIGR_EMI1CTZ(1.0),01/07/26 23:00:00,A,AFR_N,COMPLET,TOTAL,NR,T,IT,2010-01-01,3211.0,,
ESTAT:MIGR_EMI1CTZ(1.0),01/07/26 23:00:00,A,AFR_S,COMPLET,TOTAL,NR,T,IT,2010-01-01,8.0,,
ESTAT:MIGR_EMI1CTZ(1.0),01/07/26 23:00:00,A,AFR_W,COMPLET,TOTAL,NR,T,IT,2010-01-01,913.0,,
ESTAT:MIGR_EMI1CTZ(1.0),01/07/26 23:00:00,A,AG,COMPLET,TOTAL,NR,T,IT,2010-01-01,0.0,,
ESTAT:MIGR_EMI1CTZ(1.0),01/07/26 23:00:00,A,AI,COMPLET,TOTAL,NR,T,IT,2010-01-01,0.0,,
ESTAT:MIGR_EMI1CTZ(1.0),01/07/26 23:00:00,A,AL,COMPLET,TOTAL,NR,T,IT,2010-01-01,1495.0,,
ESTAT:MIGR_EMI1CTZ(1.0),01/07/26 23:00:00,A,AM,COMPLET,TOTAL,NR,T,IT,2010-01-01,8.0,,
ESTAT:MIGR_EMI1CTZ(1.0),01/07/26 23:00:00,A,AME,COMPLET,TOTAL,NR,T,IT,2010-01-01,2863.0,,
ESTAT:MIGR_EMI1CTZ(1.0),01/07/26 23:00:00,A,AME_C,COMPLET,TOTAL,NR,T,IT,2010-01-01,123.0,,
ESTAT:MIGR_EMI1CTZ(1.0),01/07/26 23:00:00,A,AME_N,COMPLET,TOTAL,NR,T,IT,2010-01-01,476.0,,
ESTAT:MIGR_EMI1CTZ(1.0),01/07/26 23:00:00,A,AME_S,COMPLET,TOTAL,NR,T,IT,2010-01-01,1988.0,,
ESTAT:MIGR_EMI1CTZ(1.0),01/07/26 23:00:00,A,AN,COMPLET,TOTAL,NR,T,IT,2010-01-01,0.0,,
ESTAT:MIGR_EMI1CTZ(1.0),01/07/26 23:00:00,A,AO,COMPLET,TOTAL,NR,T,IT,2010-01-01,35.0,,
ESTAT:MIGR_EMI1CTZ(1.0),01/07/26 23:00:00,A,AR,COMPLET,TOTAL,NR,T,IT,2010-01-01,179.0,,
ESTAT:MIGR_EMI1CTZ(1.0),01/07/26 23:00:00,A,ASI,COMPLET,TOTAL,NR,T,IT,2010-01-01,5569.0,,
ESTAT:MIGR_EMI1CTZ(1.0),01/07/26 23:00:00,A,ASI_C,COMPLET,TOTAL,NR,T,IT,2010-01-01,44.0,,
ESTAT:MIGR_EMI1CTZ(1.0),01/07/26 23:00:00,A,ASI_E,COMPLET,TOTAL,NR,T,IT,2010-01-01,1827.0,,
ESTAT:MIGR_EMI1CTZ(1.0),01/07/26 23:00:00,A,ASI_S,COMPLET,TOTAL,NR,T,IT,2010-01-01,3101.0,,
ESTAT:MIGR_EMI1CTZ(1.0),01/07/26 23:00:00,A,ASI_S_E,COMPLET,TOTAL,NR,T,IT,2010-01-01,414.0,,
ESTAT:MIGR_EMI1CTZ(1.0),01/07/26 23:00:00,A,ASI_W,COMPLET,TOTAL,NR,T,IT,2010-01-01,183.0,,
ESTAT:MIGR_EMI1CTZ(1.0),01/07/26 23:00:00,A,AT,COMPLET,TOTAL,NR,T,IT,2010-01-01,190.0,,
ESTAT:MIGR_EMI1CTZ(1.0),01/07/26 23:00:00,A,AU,COMPLET,TOTAL,NR,T,IT,2010-01-01,65.0,,
ESTAT:MIGR_EMI1CTZ(1.0),01/07/26 23:00:00,A,AU_NZ,COMPLET,TOTAL,NR,T,IT,2010-01-01,79.0,,
ESTAT:MIGR_EMI1CTZ(1.0),01/07/26 23:00:00,A,AW,COMPLET,TOTAL,NR,T,IT,2010-01-01,0.0,,
ESTAT:MIGR_EMI1CTZ(1.0),01/07/26 23:00:00,A,AZ,COMPLET,TOTAL,NR,T,IT,2010-01-01,3.0,,
ESTAT:MIGR_EMI1CTZ(1.0),01/07/26 23:00:00,A,BA,COMPLET,TOTAL,NR,T,IT,2010-01-01,215.0,,
ESTAT:MIGR_EMI1CTZ(1.0),01/07/26 23:00:00,A,BB,COMPLET,TOTAL,NR,T,IT,2010-01-01,0.0,,
ESTAT:MIGR_EMI1CTZ(1.0),01/07/26 23:00:00,A,BD,COMPLET,TOTAL,NR,T,IT,2010-01-01,1039.0,,
ESTAT:MIGR_EMI1CTZ(1.0),01/07/26 23:00:00,A,BE,COMPLET,TOTAL,NR,T,IT,2010-01-01,166.0,,
ESTAT:MIGR_EMI1CTZ(1.0),01/07/26 23:00:00,A,BF,COMPLET,TOTAL,NR,T,IT,2010-01-01,62.0,,
ESTAT:MIGR_EMI1CTZ(1.0),01/07/26 23:00:00,A,BG,COMPLET,TOTAL,NR,T,IT,2010-01-01,448.0,,
ESTAT:MIGR_EMI1CTZ(1.0),01/07/26 23:00:00,A,BH,COMPLET,TOTAL,NR,T,IT,2010-01-01,0.0,,
ESTAT:MIGR_EMI1CTZ(1.0),01/07/26 23:00:00,A,BI,COMPLET,TOTAL,NR,T,IT,2010-01-01,6.0,,
ESTAT:MIGR_EMI1CTZ(1.0),01/07/26 23:00:00,A,BJ,COMPLET,TOTAL,NR,T,IT,2010-01-01,32.0,,
ESTAT:MIGR_EMI1CTZ(1.0),01/07/26 23:00:00,A,BL,COMPLET,TOTAL,NR,T,IT,2010-01-01,0.0,,
ESTAT:MIGR_EMI1CTZ(1.0),01/07/26 23:00:00,A,BM,COMPLET,TOTAL,NR,T,IT,2010-01-01,0.0,,
ESTAT:MIGR_EMI1CTZ(1.0),01/07/26 23:00:00,A,BN,COMPLET,TOTAL,NR,T,IT,2010-01-01,0.0,,
ESTAT:MIGR_EMI1CTZ(1.0),01/07/26 23:00:00,A,BO,COMPLET,TOTAL,NR,T,IT,2010-01-01,77.0,,
ESTAT:MIGR_EMI1CTZ(1.0),01/07/26 23:00:00,A,BR,COMPLET,TOTAL,NR,T,IT,2010-01-01,670.0,,
ESTAT:MIGR_EMI1CTZ(1.0),01/07/26 23:00:00,A,BS,COMPLET,TOTAL,NR,T,IT,2010-01-01,2.0,,
ESTAT:MIGR_EMI1CTZ(1.0),01/07/26 23:00:00,A,BT,COMPLET,TOTAL,NR,T,IT,2010-01-01,0.0,,
ESTAT:MIGR_EMI1CTZ(1.0),01/07/26 23:00:00,A,BW,COMPLET,TOTAL,NR,T,IT,2010-01-01,0.0,,
ESTAT:MIGR_EMI1CTZ(1.0),01/07/26 23:00:00,A,BY,COMPLET,TOTAL,NR,T,IT,2010-01-01,46.0,,
ESTAT:MIGR_EMI1CTZ(1.0),01/07/26 23:00:00,A,BZ,COMPLET,TOTAL,NR,T,IT,2010-01-01,0.0,,
ESTAT:MIGR_EMI1CTZ(1.0),01/07/26 23:00:00,A,CA,COMPLET,TOTAL,NR,T,IT,2010-01-01,52.0,,
ESTAT:MIGR_EMI1CTZ(1.0),01/07/26 23:00:00,A,CD,COMPLET,TOTAL,NR,T,IT,2010-01-01,11.0,,
ESTAT:MIGR_EMI1CTZ(1.0),01/07/26 23:00:00,A,CF,COMPLET,TOTAL,NR,T,IT,2010-01-01,4.0,,
ESTAT:MIGR_EMI1CTZ(1.0),01/07/26 23:00:00,A,CG,COMPLET,TOTAL,NR,T,IT,2010-01-01,14.0,,
ESTAT:MIGR_EMI1CTZ(1.0),01/07/26 23:00:00,A,CH,COMPLET,TOTAL,NR,T,IT,2010-01-01,293.0,,
ESTAT:MIGR_EMI1CTZ(1.0),01/07/26 23:00:00,A,CI,COMPLET,TOTAL,NR,T,IT,2010-01-01,86.0,,
ESTAT:MIGR_EMI1CTZ(1.0),01/07/26 23:00:00,A,CL,COMPLET,TOTAL,NR,T,IT,2010-01-01,31.0,,
ESTAT:MIGR_EMI1CTZ(1.0),01/07/26 23:00:00,A,CM,COMPLET,TOTAL,NR,T,IT,2010-01-01,48.0,,
ESTAT:MIGR_EMI1CTZ(1.0),01/07/26 23:00:00,A,CN,COMPLET,TOTAL,NR,T,IT,2010-01-01,1517.0,,
ESTAT:MIGR_EMI1CTZ(1.0),01/07/26 23:00:00,A,CO,COMPLET,TOTAL,NR,T,IT,2010-01-01,145.0,,
ESTAT:MIGR_EMI1CTZ(1.0),01/07/26 23:00:00,A,CR,COMPLET,TOTAL,NR,T,IT,2010-01-01,8.0,,
ESTAT:MIGR_EMI1CTZ(1.0),01/07/26 23:00:00,A,CRB,COMPLET,TOTAL,NR,T,IT,2010-01-01,276.0,,
ESTAT:MIGR_EMI1CTZ(1.0),01/07/26 23:00:00,A,CU,COMPLET,TOTAL,NR,T,IT,2010-01-01,120.0,,
ESTAT:MIGR_EMI1CTZ(1.0),01/07/26 23:00:00,A,CV,COMPLET,TOTAL,NR,T,IT,2010-01-01,8.0,,
ESTAT:MIGR_EMI1CTZ(1.0),01/07/26 23:00:00,A,CY,COMPLET,TOTAL,NR,T,IT,2010-01-01,2.0,,
ESTAT:MIGR_EMI1CTZ(1.0),01/07/26 23:00:00,A,CZ,COMPLET,TOTAL,NR,T,IT,2010-01-01,108.0,,
ESTAT:MIGR_EMI1CTZ(1.0),01/07/26 23:00:00,A,CZ_SK,COMPLET,TOTAL,NR,T,IT,2010-01-01,0.0,,
ESTAT:MIGR_EMI1CTZ(1.0),01/07/26 23:00:00,A,DE,COMPLET,TOTAL,NR,T,IT,2010-01-01,1142.0,,
ESTAT:MIGR_EMI1CTZ(1.0),01/07/26 23:00:00,A,DJ,COMPLET,TOTAL,NR,T,IT,2010-01-01,0.0,,
ESTAT:MIGR_EMI1CTZ(1.0),01/07/26 23:00:00,A,DK,COMPLET,TOTAL,NR,T,IT,2010-01-01,83.0,,
ESTAT:MIGR_EMI1CTZ(1.0),01/07/26 23:00:00,A,DM,COMPLET,TOTAL,NR,T,IT,2010-01-01,4.0,,
ESTAT:MIGR_EMI1CTZ(1.0),01/07/26 23:00:00,A,DO,COMPLET,TOTAL,NR,T,IT,2010-01-01,144.0,,
ESTAT:MIGR_EMI1CTZ(1.0),01/07/26 23:00:00,A,DZ,COMPLET,TOTAL,NR,T,IT,2010-01-01,152.0,,
ESTAT:MIGR_EMI1CTZ(1.0),01/07/26 23:00:00,A,EC,COMPLET,TOTAL,NR,T,IT,2010-01-01,434.0,,
ESTAT:MIGR_EMI1CTZ(1.0),01/07/26 23:00:00,A,EE,COMPLET,TOTAL,NR,T,IT,2010-01-01,6.0,,
ESTAT:MIGR_EMI1CTZ(1.0),01/07/26 23:00:00,A,EG,COMPLET,TOTAL,NR,T,IT,2010-01-01,333.0,,
ESTAT:MIGR_EMI1CTZ(1.0),01/07/26 23:00:00,A,EH,COMPLET,TOTAL,NR,T,IT,2010-01-01,0.0,,
ESTAT:MIGR_EMI1CTZ(1.0),01/07/26 23:00:00,A,EL,COMPLET,TOTAL,NR,T,IT,2010-01-01,78.0,,
ESTAT:MIGR_EMI1CTZ(1.0),01/07/26 23:00:00,A,ER,COMPLET,TOTAL,NR,T,IT,2010-01-01,36.0,,
ESTAT:MIGR_EMI1CTZ(1.0),01/07/26 23:00:00,A,ES,COMPLET,TOTAL,NR,T,IT,2010-01-01,331.0,,
ESTAT:MIGR_EMI1CTZ(1.0),01/07/26 23:00:00,A,ET,COMPLET,TOTAL,NR,T,IT,2010-01-01,33.0,,
ESTAT:MIGR_EMI1CTZ(1.0),01/07/26 23:00:00,A,EU15,COMPLET,TOTAL,NR,T,IT,2010-01-01,49999.0,,
ESTAT:MIGR_EMI1CTZ(1.0),01/07/26 23:00:00,A,EU15_FOR,COMPLET,TOTAL,NR,T,IT,2010-01-01,4045.0,,
ESTAT:MIGR_EMI1CTZ(1.0),01/07/26 23:00:00,A,EU25,COMPLET,TOTAL,NR,T,IT,2010-01-01,52190.0,,
ESTAT:MIGR_EMI1CTZ(1.0),01/07/26 23:00:00,A,EU25_FOR,COMPLET,TOTAL,NR,T,IT,2010-01-01,6236.0,,
ESTAT:MIGR_EMI1CTZ(1.0),01/07/26 23:00:00,A,EU27_2007,COMPLET,TOTAL,NR,T,IT,2010-01-01,60126.0,,
ESTAT:MIGR_EMI1CTZ(1.0),01/07/26 23:00:00,A,EU27_2007_FOR,COMPLET,TOTAL,NR,T,IT,2010-01-01,14172.0,,
ESTAT:MIGR_EMI1CTZ(1.0),01/07/26 23:00:00,A,EUR,COMPLET,TOTAL,NR,T,IT,2010-01-01,65826.0,,
ESTAT:MIGR_EMI1CTZ(1.0),01/07/26 23:00:00,A,EX_SU,COMPLET,TOTAL,NR,T,IT,2010-01-01,0.0,,
ESTAT:MIGR_EMI1CTZ(1.0),01/07/26 23:00:00,A,EX_YU,COMPLET,TOTAL,NR,T,IT,2010-01-01,0.0,,
ESTAT:MIGR_EMI1CTZ(1.0),01/07/26 23:00:00,A,FI,COMPLET,TOTAL,NR,T,IT,2010-01-01,63.0,,
ESTAT:MIGR_EMI1CTZ(1.0),01/07/26 23:00:00,A,FJ,COMPLET,TOTAL,NR,T,IT,2010-01-01,3.0,,
ESTAT:MIGR_EMI1CTZ(1.0),01/07/26 23:00:00,A,FK,COMPLET,TOTAL,NR,T,IT,2010-01-01,0.0,,
ESTAT:MIGR_EMI1CTZ(1.0),01/07/26 23:00:00,A,FM,COMPLET,TOTAL,NR,T,IT,2010-01-01,0.0,,
ESTAT:MIGR_EMI1CTZ(1.0),01/07/26 23:00:00,A,FO,COMPLET,TOTAL,NR,T,IT,2010-01-01,0.0,,
ESTAT:MIGR_EMI1CTZ(1.0),01/07/26 23:00:00,A,FOR_STLS,COMPLET,TOTAL,NR,T,IT,2010-01-01,32817.0,,
ESTAT:MIGR_EMI1CTZ(1.0),01/07/26 23:00:00,A,FR,COMPLET,TOTAL,NR,T,IT,2010-01-01,781.0,,
ESTAT:MIGR_EMI1CTZ(1.0),01/07/26 23:00:00,A,GA,COMPLET,TOTAL,NR,T,IT,2010-01-01,1.0,,
ESTAT:MIGR_EMI1CTZ(1.0),01/07/26 23:00:00,A,GD,COMPLET,TOTAL,NR,T,IT,2010-01-01,0.0,,
ESTAT:MIGR_EMI1CTZ(1.0),01/07/26 23:00:00,A,GE,COMPLET,TOTAL,NR,T,IT,2010-01-01,31.0,,
ESTAT:MIGR_EMI1CTZ(1.0),01/07/26 23:00:00,A,GG,COMPLET,TOTAL,NR,T,IT,2010-01-01,0.0,,
ESTAT:MIGR_EMI1CTZ(1.0),01/07/26 23:00:00,A,GH,COMPLET,TOTAL,NR,T,IT,2010-01-01,253.0,,
ESTAT:MIGR_EMI1CTZ(1.0),01/07/26 23:00:00,A,GI,COMPLET,TOTAL,NR,T,IT,2010-01-01,0.0,,
ESTAT:MIGR_EMI1CTZ(1.0),01/07/26 23:00:00,A,GL,COMPLET,TOTAL,NR,T,IT,2010-01-01,0.0,,
ESTAT:MIGR_EMI1CTZ(1.0),01/07/26 23:00:00,A,GM,COMPLET,TOTAL,NR,T,IT,2010-01-01,2.0,,
ESTAT:MIGR_EMI1CTZ(1.0),01/07/26 23:00:00,A,GN,COMPLET,TOTAL,NR,T,IT,2010-01-01,12.0,,
ESTAT:MIGR_EMI1CTZ(1.0),01/07/26 23:00:00,A,GQ,COMPLET,TOTAL,NR,T,IT,2010-01-01,0.0,,
ESTAT:MIGR_EMI1CTZ(1.0),01/07/26 23:00:00,A,GT,COMPLET,TOTAL,NR,T,IT,2010-01-01,7.0,,
ESTAT:MIGR_EMI1CTZ(1.0),01/07/26 23:00:00,A,GW,COMPLET,TOTAL,NR,T,IT,2010-01-01,2.0,,
ESTAT:MIGR_EMI1CTZ(1.0),01/07/26 23:00:00,A,GY,COMPLET,TOTAL,NR,T,IT,2010-01-01,0.0,,
ESTAT:MIGR_EMI1CTZ(1.0),01/07/26 23:00:00,A,HN,COMPLET,TOTAL,NR,T,IT,2010-01-01,12.0,,
ESTAT:MIGR_EMI1CTZ(1.0),01/07/26 23:00:00,A,HR,COMPLET,TOTAL,NR,T,IT,2010-01-01,257.0,,
ESTAT:MIGR_EMI1CTZ(1.0),01/07/26 23:00:00,A,HT,COMPLET,TOTAL,NR,T,IT,2010-01-01,1.0,,
ESTAT:MIGR_EMI1CTZ(1.0),01/07/26 23:00:00,A,HU,COMPLET,TOTAL,NR,T,IT,2010-01-01,189.0,,
ESTAT:MIGR_EMI1CTZ(1.0),01/07/26 23:00:00,A,ID,COMPLET,TOTAL,NR,T,IT,2010-01-01,30.0,,
ESTAT:MIGR_EMI1CTZ(1.0),01/07/26 23:00:00,A,IE,COMPLET,TOTAL,NR,T,IT,2010-01-01,62.0,,
ESTAT:MIGR_EMI1CTZ(1.0),01/07/26 23:00:00,A,IL,COMPLET,TOTAL,NR,T,IT,2010-01-01,32.0,,
ESTAT:MIGR_EMI1CTZ(1.0),01/07/26 23:00:00,A,IM,COMPLET,TOTAL,NR,T,IT,2010-01-01,0.0,,
ESTAT:MIGR_EMI1CTZ(1.0),01/07/26 23:00:00,A,IN,COMPLET,TOTAL,NR,T,IT,2010-01-01,1011.0,,
ESTAT:MIGR_EMI1CTZ(1.0),01/07/26 23:00:00,A,IQ,COMPLET,TOTAL,NR,T,IT,2010-01-01,26.0,,
ESTAT:MIGR_EMI1CTZ(1.0),01/07/26 23:00:00,A,IR,COMPLET,TOTAL,NR,T,IT,2010-01-01,12.0,,
ESTAT:MIGR_EMI1CTZ(1.0),01/07/26 23:00:00,A,IS,COMPLET,TOTAL,NR,T,IT,2010-01-01,9.0,,
ESTAT:MIGR_EMI1CTZ(1.0),01/07/26 23:00:00,A,IT,COMPLET,TOTAL,NR,T,IT,2010-01-01,45954.0,,
ESTAT:MIGR_EMI1CTZ(1.0),01/07/26 23:00:00,A,JE,COMPLET,TOTAL,NR,T,IT,2010-01-01,0.0,,
ESTAT:MIGR_EMI1CTZ(1.0),01/07/26 23:00:00,A,JM,COMPLET,TOTAL,NR,T,IT,2010-01-01,5.0,,
ESTAT:MIGR_EMI1CTZ(1.0),01/07/26 23:00:00,A,JO,COMPLET,TOTAL,NR,T,IT,2010-01-01,4.0,,
ESTAT:MIGR_EMI1CTZ(1.0),01/07/26 23:00:00,A,JP,COMPLET,TOTAL,NR,T,IT,2010-01-01,240.0,,
ESTAT:MIGR_EMI1CTZ(1.0),01/07/26 23:00:00,A,KE,COMPLET,TOTAL,NR,T,IT,2010-01-01,24.0,,
ESTAT:MIGR_EMI1CTZ(1.0),01/07/26 23:00:00,A,KG,COMPLET,TOTAL,NR,T,IT,2010-01-01,1.0,,
ESTAT:MIGR_EMI1CTZ(1.0),01/07/26 23:00:00,A,KH,COMPLET,TOTAL,NR,T,IT,2010-01-01,0.0,,
ESTAT:MIGR_EMI1CTZ(1.0),01/07/26 23:00:00,A,KI,COMPLET,TOTAL,NR,T,IT,2010-01-01,0.0,,
ESTAT:MIGR_EMI1CTZ(1.0),01/07/26 23:00:00,A,KM,COMPLET,TOTAL,NR,T,IT,2010-01-01,0.0,,
ESTAT:MIGR_EMI1CTZ(1.0),01/07/26 23:00:00,A,KN,COMPLET,TOTAL,NR,T,IT,2010-01-01,0.0,,
ESTAT:MIGR_EMI1CTZ(1.0),01/07/26 23:00:00,A,KP,COMPLET,TOTAL,NR,T,IT,2010-01-01,2.0,,
ESTAT:MIGR_EMI1CTZ(1.0),01/07/26 23:00:00,A,KR,COMPLET,TOTAL,NR,T,IT,2010-01-01,62.0,,
ESTAT:MIGR_EMI1CTZ(1.0),01/07/26 23:00:00,A,KW,COMPLET,TOTAL,NR,T,IT,2010-01-01,1.0,,
ESTAT:MIGR_EMI1CTZ(1.0),01/07/26 23:00:00,A,KY,COMPLET,TOTAL,NR,T,IT,2010-01-01,0.0,,
ESTAT:MIGR_EMI1CTZ(1.0),01/07/26 23:00:00,A,KZ,COMPLET,TOTAL,NR,T,IT,2010-01-01,29.0,,
ESTAT:MIGR_EMI1CTZ(1.0),01/07/26 23:00:00,A,LA,COMPLET,TOTAL,NR,T,IT,2010-01-01,0.0,,
ESTAT:MIGR_EMI1CTZ(1.0),01/07/26 23:00:00,A,LB,COMPLET,TOTAL,NR,T,IT,2010-01-01,40.0,,
ESTAT:MIGR_EMI1CTZ(1.0),01/07/26 23:00:00,A,LC,COMPLET,TOTAL,NR,T,IT,2010-01-01,0.0,,
ESTAT:MIGR_EMI1CTZ(1.0),01/07/26 23:00:00,A,LI,COMPLET,TOTAL,NR,T,IT,2010-01-01,2.0,,
ESTAT:MIGR_EMI1CTZ(1.0),01/07/26 23:00:00,A,LK,COMPLET,TOTAL,NR,T,IT,2010-01-01,442.0,,
ESTAT:MIGR_EMI1CTZ(1.0),01/07/26 23:00:00,A,LR,COMPLET,TOTAL,NR,T,IT,2010-01-01,4.0,,
ESTAT:MIGR_EMI1CTZ(1.0),01/07/26 23:00:00,A,LS,COMPLET,TOTAL,NR,T,IT,2010-01-01,1.0,,
ESTAT:MIGR_EMI1CTZ(1.0),01/07/26 23:00:00,A,LT,COMPLET,TOTAL,NR,T,IT,2010-01-01,47.0,,
ESTAT:MIGR_EMI1CTZ(1.0),01/07/26 23:00:00,A,LU,COMPLET,TOTAL,NR,T,IT,2010-01-01,13.0,,
ESTAT:MIGR_EMI1CTZ(1.0),01/07/26 23:00:00,A,LV,COMPLET,TOTAL,NR,T,IT,2010-01-01,19.0,,
ESTAT:MIGR_EMI1CTZ(1.0),01/07/26 23:00:00,A,LY,COMPLET,TOTAL,NR,T,IT,2010-01-01,4.0,,
ESTAT:MIGR_EMI1CTZ(1.0),01/07/26 23:00:00,A,MA,COMPLET,TOTAL,NR,T,IT,2010-01-01,2179.0,,
ESTAT:MIGR_EMI1CTZ(1.0),01/07/26 23:00:00,A,MC,COMPLET,TOTAL,NR,T,IT,2010-01-01,1.0,,
ESTAT:MIGR_EMI1CTZ(1.0),01/07/26 23:00:00,A,MD,COMPLET,TOTAL,NR,T,IT,2010-01-01,822.0,,
ESTAT:MIGR_EMI1CTZ(1.0),01/07/26 23:00:00,A,ME,COMPLET,TOTAL,NR,T,IT,2010-01-01,1.0,,
ESTAT:MIGR_EMI1CTZ(1.0),01/07/26 23:00:00,A,MEL,COMPLET,TOTAL,NR,T,IT,2010-01-01,3.0,,
ESTAT:MIGR_EMI1CTZ(1.0),01/07/26 23:00:00,A,MF,COMPLET,TOTAL,NR,T,IT,2010-01-01,0.0,,
ESTAT:MIGR_EMI1CTZ(1.0),01/07/26 23:00:00,A,MG,COMPLET,TOTAL,NR,T,IT,2010-01-01,17.0,,
ESTAT:MIGR_EMI1CTZ(1.0),01/07/26 23:00:00,A,MH,COMPLET,TOTAL,NR,T,IT,2010-01-01,0.0,,
ESTAT:MIGR_EMI1CTZ(1.0),01/07/26 23:00:00,A,MIC,COMPLET,TOTAL,NR,T,IT,2010-01-01,0.0,,
ESTAT:MIGR_EMI1CTZ(1.0),01/07/26 23:00:00,A,MK,COMPLET,TOTAL,NR,T,IT,2010-01-01,552.0,,
ESTAT:MIGR_EMI1CTZ(1.0),01/07/26 23:00:00,A,ML,COMPLET,TOTAL,NR,T,IT,2010-01-01,1.0,,
ESTAT:MIGR_EMI1CTZ(1.0),01/07/26 23:00:00,A,MM,COMPLET,TOTAL,NR,T,IT,2010-01-01,0.0,,
ESTAT:MIGR_EMI1CTZ(1.0),01/07/26 23:00:00,A,MN,COMPLET,TOTAL,NR,T,IT,2010-01-01,1.0,,
ESTAT:MIGR_EMI1CTZ(1.0),01/07/26 23:00:00,A,MR,COMPLET,TOTAL,NR,T,IT,2010-01-01,2.0,,
ESTAT:MIGR_EMI1CTZ(1.0),01/07/26 23:00:00,A,MS,COMPLET,TOTAL,NR,T,IT,2010-01-01,0.0,,
ESTAT:MIGR_EMI1CTZ(1.0),01/07/26 23:00:00,A,MT,COMPLET,TOTAL,NR,T,IT,2010-01-01,10.0,,
ESTAT:MIGR_EMI1CTZ(1.0),01/07/26 23:00:00,A,MU,COMPLET,TOTAL,NR,T,IT,2010-01-01,13.0,,
ESTAT:MIGR_EMI1CTZ(1.0),01/07/26 23:00:00,A,MV,COMPLET,TOTAL,NR,T,IT,2010-01-01,0.0,,
ESTAT:MIGR_EMI1CTZ(1.0),01/07/26 23:00:00,A,MW,COMPLET,TOTAL,NR,T,IT,2010-01-01,0.0,,
ESTAT:MIGR_EMI1CTZ(1.0),01/07/26 23:00:00,A,MX,COMPLET,TOTAL,NR,T,IT,2010-01-01,73.0,,
ESTAT:MIGR_EMI1CTZ(1.0),01/07/26 23:00:00,A,MY,COMPLET,TOTAL,NR,T,IT,2010-01-01,17.0,,
ESTAT:MIGR_EMI1CTZ(1.0),01/07/26 23:00:00,A,MZ,COMPLET,TOTAL,NR,T,IT,2010-01-01,2.0,,
ESTAT:MIGR_EMI1CTZ(1.0),01/07/26 23:00:00,A,NA,COMPLET,TOTAL,NR,T,IT,2010-01-01,0.0,,
ESTAT:MIGR_EMI1CTZ(1.0),01/07/26 23:00:00,A,NAT,COMPLET,TOTAL,NR,T,IT,2010-01-01,45954.0,,
ESTAT:MIGR_EMI1CTZ(1.0),01/07/26 23:00:00,A,NC,COMPLET,TOTAL,NR,T,IT,2010-01-01,0.0,,
ESTAT:MIGR_EMI1CTZ(1.0),01/07/26 23:00:00,A,NE,COMPLET,TOTAL,NR,T,IT,2010-01-01,3.0,,
ESTAT:MIGR_EMI1CTZ(1.0),01/07/26 23:00:00,A,NEU27_2007_FOR_STLS,COMPLET,TOTAL,NR,T,IT,2010-01-01,18645.0,,
ESTAT:MIGR_EMI1CTZ(1.0),01/07/26 23:00:00,A,NG,COMPLET,TOTAL,NR,T,IT,2010-01-01,191.0,,
ESTAT:MIGR_EMI1CTZ(1.0),01/07/26 23:00:00,A,NI,COMPLET,TOTAL,NR,T,IT,2010-01-01,5.0,,
ESTAT:MIGR_EMI1CTZ(1.0),01/07/26 23:00:00,A,NL,COMPLET,TOTAL,NR,T,IT,2010-01-01,280.0,,
ESTAT:MIGR_EMI1CTZ(1.0),01/07/26 23:00:00,A,NO,COMPLET,TOTAL,NR,T,IT,2010-01-01,25.0,,
ESTAT:MIGR_EMI1CTZ(1.0),01/07/26 23:00:00,A,NP,COMPLET,TOTAL,NR,T,IT,2010-01-01,0.0,,
ESTAT:MIGR_EMI1CTZ(1.0),01/07/26 23:00:00,A,NR,COMPLET,TOTAL,NR,T,IT,2010-01-01,0.0,,
ESTAT:MIGR_EMI1CTZ(1.0),01/07/26 23:00:00,A,NZ,COMPLET,TOTAL,NR,T,IT,2010-01-01,14.0,,
ESTAT:MIGR_EMI1CTZ(1.0),01/07/26 23:00:00,A,OCE,COMPLET,TOTAL,NR,T,IT,2010-01-01,83.0,,
ESTAT:MIGR_EMI1CTZ(1.0),01/07/26 23:00:00,A,OM,COMPLET,TOTAL,NR,T,IT,2010-01-01,0.0,,
ESTAT:MIGR_EMI1CTZ(1.0),01/07/26 23:00:00,A,OTH,COMPLET,TOTAL,NR,T,IT,2010-01-01,0.0,,
ESTAT:MIGR_EMI1CTZ(1.0),01/07/26 23:00:00,A,PA,COMPLET,TOTAL,NR,T,IT,2010-01-01,10.0,,
ESTAT:MIGR_EMI1CTZ(1.0),01/07/26 23:00:00,A,PE,COMPLET,TOTAL,NR,T,IT,2010-01-01,353.0,,
ESTAT:MIGR_EMI1CTZ(1.0),01/07/26 23:00:00,A,PF,COMPLET,TOTAL,NR,T,IT,2010-01-01,0.0,,
ESTAT:MIGR_EMI1CTZ(1.0),01/07/26 23:00:00,A,PG,COMPLET,TOTAL,NR,T,IT,2010-01-01,0.0,,
ESTAT:MIGR_EMI1CTZ(1.0),01/07/26 23:00:00,A,PH,COMPLET,TOTAL,NR,T,IT,2010-01-01,298.0,,
ESTAT:MIGR_EMI1CTZ(1.0),01/07/26 23:00:00,A,PK,COMPLET,TOTAL,NR,T,IT,2010-01-01,584.0,,
ESTAT:MIGR_EMI1CTZ(1.0),01/07/26 23:00:00,A,PL,COMPLET,TOTAL,NR,T,IT,2010-01-01,1429.0,,
ESTAT:MIGR_EMI1CTZ(1.0),01/07/26 23:00:00,A,PM,COMPLET,TOTAL,NR,T,IT,2010-01-01,1.0,,
ESTAT:MIGR_EMI1CTZ(1.0),01/07/26 23:00:00,A,PN,COMPLET,TOTAL,NR,T,IT,2010-01-01,0.0,,
ESTAT:MIGR_EMI1CTZ(1.0),01/07/26 23:00:00,A,POL,COMPLET,TOTAL,NR,T,IT,2010-01-01,1.0,,
ESTAT:MIGR_EMI1CTZ(1.0),01/07/26 23:00:00,A,PS,COMPLET,TOTAL,NR,T,IT,2010-01-01,2.0,,
ESTAT:MIGR_EMI1CTZ(1.0),01/07/26 23:00:00,A,PT,COMPLET,TOTAL,NR,T,IT,2010-01-01,121.0,,
ESTAT:MIGR_EMI1CTZ(1.0),01/07/26 23:00:00,A,PW,COMPLET,TOTAL,NR,T,IT,2010-01-01,0.0,,
ESTAT:MIGR_EMI1CTZ(1.0),01/07/26 23:00:00,A,PY,COMPLET,TOTAL,NR,T,IT,2010-01-01,7.0,,
ESTAT:MIGR_EMI1CTZ(1.0),01/07/26 23:00:00,A,QA,COMPLET,TOTAL,NR,T,IT,2010-01-01,0.0,,
ESTAT:MIGR_EMI1CTZ(1.0),01/07/26 23:00:00,A,RNC,COMPLET,TOTAL,NR,T,IT,2010-01-01,0.0,,
ESTAT:MIGR_EMI1CTZ(1.0),01/07/26 23:00:00,A,RO,COMPLET,TOTAL,NR,T,IT,2010-01-01,7488.0,,
ESTAT:MIGR_EMI1CTZ(1.0),01/07/26 23:00:00,A,RS,COMPLET,TOTAL,NR,T,IT,2010-01-01,515.0,,
ESTAT:MIGR_EMI1CTZ(1.0),01/07/26 23:00:00,A,RS_ME,COMPLET,TOTAL,NR,T,IT,2010-01-01,0.0,,
ESTAT:MIGR_EMI1CTZ(1.0),01/07/26 23:00:00,A,RU,COMPLET,TOTAL,NR,T,IT,2010-01-01,152.0,,
ESTAT:MIGR_EMI1CTZ(1.0),01/07/26 23:00:00,A,RW,COMPLET,TOTAL,NR,T,IT,2010-01-01,2.0,,
ESTAT:MIGR_EMI1CTZ(1.0),01/07/26 23:00:00,A,SA,COMPLET,TOTAL,NR,T,IT,2010-01-01,7.0,,
ESTAT:MIGR_EMI1CTZ(1.0),01/07/26 23:00:00,A,SB,COMPLET,TOTAL,NR,T,IT,2010-01-01,0.0,,
ESTAT:MIGR_EMI1CTZ(1.0),01/07/26 23:00:00,A,SC,COMPLET,TOTAL,NR,T,IT,2010-01-01,6.0,,
ESTAT:MIGR_EMI1CTZ(1.0),01/07/26 23:00:00,A,SD,COMPLET,TOTAL,NR,T,IT,2010-01-01,11.0,,
ESTAT:MIGR_EMI1CTZ(1.0),01/07/26 23:00:00,A,SE,COMPLET,TOTAL,NR,T,IT,2010-01-01,127.0,,
ESTAT:MIGR_EMI1CTZ(1.0),01/07/26 23:00:00,A,SG,COMPLET,TOTAL,NR,T,IT,2010-01-01,4.0,,
ESTAT:MIGR_EMI1CTZ(1.0),01/07/26 23:00:00,A,SH,COMPLET,TOTAL,NR,T,IT,2010-01-01,0.0,,
ESTAT:MIGR_EMI1CTZ(1.0),01/07/26 23:00:00,A,SI,COMPLET,TOTAL,NR,T,IT,2010-01-01,100.0,,
ESTAT:MIGR_EMI1CTZ(1.0),01/07/26 23:00:00,A,SK,COMPLET,TOTAL,NR,T,IT,2010-01-01,281.0,,
ESTAT:MIGR_EMI1CTZ(1.0),01/07/26 23:00:00,A,SL,COMPLET,TOTAL,NR,T,IT,2010-01-01,4.0,,
ESTAT:MIGR_EMI1CTZ(1.0),01/07/26 23:00:00,A,SM,COMPLET,TOTAL,NR,T,IT,2010-01-01,4.0,,
ESTAT:MIGR_EMI1CTZ(1.0),01/07/26 23:00:00,A,SN,COMPLET,TOTAL,NR,T,IT,2010-01-01,234.0,,
ESTAT:MIGR_EMI1CTZ(1.0),01/07/26 23:00:00,A,SO,COMPLET,TOTAL,NR,T,IT,2010-01-01,26.0,,
ESTAT:MIGR_EMI1CTZ(1.0),01/07/26 23:00:00,A,SR,COMPLET,TOTAL,NR,T,IT,2010-01-01,0.0,,
ESTAT:MIGR_EMI1CTZ(1.0),01/07/26 23:00:00,A,ST,COMPLET,TOTAL,NR,T,IT,2010-01-01,2.0,,
ESTAT:MIGR_EMI1CTZ(1.0),01/07/26 23:00:00,A,STLS,COMPLET,TOTAL,NR,T,IT,2010-01-01,5.0,,
ESTAT:MIGR_EMI1CTZ(1.0),01/07/26 23:00:00,A,SV,COMPLET,TOTAL,NR,T,IT,2010-01-01,8.0,,
ESTAT:MIGR_EMI1CTZ(1.0),01/07/26 23:00:00,A,SY,COMPLET,TOTAL,NR,T,IT,2010-01-01,27.0,,
ESTAT:MIGR_EMI1CTZ(1.0),01/07/26 23:00:00,A,SZ,COMPLET,TOTAL,NR,T,IT,2010-01-01,0.0,,
ESTAT:MIGR_EMI1CTZ(1.0),01/07/26 23:00:00,A,TC,COMPLET,TOTAL,NR,T,IT,2010-01-01,0.0,,
ESTAT:MIGR_EMI1CTZ(1.0),01/07/26 23:00:00,A,TD,COMPLET,TOTAL,NR,T,IT,2010-01-01,0.0,,
ESTAT:MIGR_EMI1CTZ(1.0),01/07/26 23:00:00,A,TF,COMPLET,TOTAL,NR,T,IT,2010-01-01,0.0,,
ESTAT:MIGR_EMI1CTZ(1.0),01/07/26 23:00:00,A,TG,COMPLET,TOTAL,NR,T,IT,2010-01-01,17.0,,
ESTAT:MIGR_EMI1CTZ(1.0),01/07/26 23:00:00,A,TH,COMPLET,TOTAL,NR,T,IT,2010-01-01,58.0,,
ESTAT:MIGR_EMI1CTZ(1.0),01/07/26 23:00:00,A,TJ,COMPLET,TOTAL,NR,T,IT,2010-01-01,0.0,,
ESTAT:MIGR_EMI1CTZ(1.0),01/07/26 23:00:00,A,TL,COMPLET,TOTAL,NR,T,IT,2010-01-01,0.0,,
ESTAT:MIGR_EMI1CTZ(1.0),01/07/26 23:00:00,A,TM,COMPLET,TOTAL,NR,T,IT,2010-01-01,1.0,,
ESTAT:MIGR_EMI1CTZ(1.0),01/07/26 23:00:00,A,TN,COMPLET,TOTAL,NR,T,IT,2010-01-01,532.0,,
ESTAT:MIGR_EMI1CTZ(1.0),01/07/26 23:00:00,A,TO,COMPLET,TOTAL,NR,T,IT,2010-01-01,0.0,,
ESTAT:MIGR_EMI1CTZ(1.0),01/07/26 23:00:00,A,TOTAL,COMPLET,TOTAL,NR,T,IT,2010-01-01,78771.0,,
ESTAT:MIGR_EMI1CTZ(1.0),01/07/26 23:00:00,A,TR,COMPLET,TOTAL,NR,T,IT,2010-01-01,100.0,,
ESTAT:MIGR_EMI1CTZ(1.0),01/07/26 23:00:00,A,TT,COMPLET,TOTAL,NR,T,IT,2010-01-01,0.0,,
ESTAT:MIGR_EMI1CTZ(1.0),01/07/26 23:00:00,A,TV,COMPLET,TOTAL,NR,T,IT,2010-01-01,0.0,,
ESTAT:MIGR_EMI1CTZ(1.0),01/07/26 23:00:00,A,TW,COMPLET,TOTAL,NR,T,IT,2010-01-01,5.0,,
ESTAT:MIGR_EMI1CTZ(1.0),01/07/26 23:00:00,A,TZ,COMPLET,TOTAL,NR,T,IT,2010-01-01,10.0,,
ESTAT:MIGR_EMI1CTZ(1.0),01/07/26 23:00:00,A,UA,COMPLET,TOTAL,NR,T,IT,2010-01-01,1211.0,,
ESTAT:MIGR_EMI1CTZ(1.0),01/07/26 23:00:00,A,UG,COMPLET,TOTAL,NR,T,IT,2010-01-01,3.0,,
ESTAT:MIGR_EMI1CTZ(1.0),01/07/26 23:00:00,A,UK,COMPLET,TOTAL,NR,T,IT,2010-01-01,608.0,,
ESTAT:MIGR_EMI1CTZ(1.0),01/07/26 23:00:00,A,UNK,COMPLET,TOTAL,NR,T,IT,2010-01-01,0.0,,
ESTAT:MIGR_EMI1CTZ(1.0),01/07/26 23:00:00,A,US,COMPLET,TOTAL,NR,T,IT,2010-01-01,423.0,,
ESTAT:MIGR_EMI1CTZ(1.0),01/07/26 23:00:00,A,UY,COMPLET,TOTAL,NR,T,IT,2010-01-01,22.0,,
ESTAT:MIGR_EMI1CTZ(1.0),01/07/26 23:00:00,A,UZ,COMPLET,TOTAL,NR,T,IT,2010-01-01,13.0,,
ESTAT:MIGR_EMI1CTZ(1.0),01/07/26 23:00:00,A,VA,COMPLET,TOTAL,NR,T,IT,2010-01-01,0.0,,
ESTAT:MIGR_EMI1CTZ(1.0),01/07/26 23:00:00,A,VC,COMPLET,TOTAL,NR,T,IT,2010-01-01,0.0,,
ESTAT:MIGR_EMI1CTZ(1.0),01/07/26 23:00:00,A,VE,COMPLET,TOTAL,NR,T,IT,2010-01-01,70.0,,
ESTAT:MIGR_EMI1CTZ(1.0),01/07/26 23:00:00,A,VG,COMPLET,TOTAL,NR,T,IT,2010-01-01,0.0,,
ESTAT:MIGR_EMI1CTZ(1.0),01/07/26 23:00:00,A,VN,COMPLET,TOTAL,NR,T,IT,2010-01-01,7.0,,
ESTAT:MIGR_EMI1CTZ(1.0),01/07/26 23:00:00,A,VU,COMPLET,TOTAL,NR,T,IT,2010-01-01,0.0,,
ESTAT:MIGR_EMI1CTZ(1.0),01/07/26 23:00:00,A,WF,COMPLET,TOTAL,NR,T,IT,2010-01-01,1.0,,
ESTAT:MIGR_EMI1CTZ(1.0),01/07/26 23:00:00,A,WS,COMPLET,TOTAL,NR,T,IT,2010-01-01,0.0,,
ESTAT:MIGR_EMI1CTZ(1.0),01/07/26 23:00:00,A,XK,COMPLET,TOTAL,NR,T,IT,2010-01-01,0.0,,
ESTAT:MIGR_EMI1CTZ(1.0),01/07/26 23:00:00,A,YE,COMPLET,TOTAL,NR,T,IT,2010-01-01,2.0,,
ESTAT:MIGR_EMI1CTZ(1.0),01/07/26 23:00:00,A,YT,COMPLET,TOTAL,NR,T,IT,2010-01-01,0.0,,
ESTAT:MIGR_EMI1CTZ(1.0),01/07/26 23:00:00,A,ZA,COMPLET,TOTAL,NR,T,IT,2010-01-01,7.0,,
ESTAT:MIGR_EMI1CTZ(1.0),01/07/26 23:00:00,A,ZM,COMPLET,TOTAL,NR,T,IT,2010-01-01,0.0,,
ESTAT:MIGR_EMI1CTZ(1.0),01/07/26 23:00:00,A,ZW,COMPLET,TOTAL,NR,T,IT,2010-01-01,0.0,,
ESTAT:MIGR_EMI1CTZ(1.0),01/07/26 23:00:00,A,AD,COMPLET,TOTAL,NR,T,IT,2011-01-01,0.0,,
ESTAT:MIGR_EMI1CTZ(1.0),01/07/26 23:00:00,A,AE,COMPLET,TOTAL,NR,T,IT,2011-01-01,0.0,,
ESTAT:MIGR_EMI1CTZ(1.0),01/07/26 23:00:00,A,AF,COMPLET,TOTAL,NR,T,IT,2011-01-01,14.0,,
ESTAT:MIGR_EMI1CTZ(1.0),01/07/26 23:00:00,A,AFR,COMPLET,TOTAL,NR,T,IT,2011-01-01,3955.0,,
ESTAT:MIGR_EMI1CTZ(1.0),01/07/26 23:00:00,A,AFR_C,COMPLET,TOTAL,NR,T,IT,2011-01-01,118.0,,
ESTAT:MIGR_EMI1CTZ(1.0),01/07/26 23:00:00,A,AFR_E,COMPLET,TOTAL,NR,T,IT,2011-01-01,167.0,,
ESTAT:MIGR_EMI1CTZ(1.0),01/07/26 23:00:00,A,AFR_N,COMPLET,TOTAL,NR,T,IT,2011-01-01,2812.0,,
ESTAT:MIGR_EMI1CTZ(1.0),01/07/26 23:00:00,A,AFR_S,COMPLET,TOTAL,NR,T,IT,2011-01-01,10.0,,
ESTAT:MIGR_EMI1CTZ(1.0),01/07/26 23:00:00,A,AFR_W,COMPLET,TOTAL,NR,T,IT,2011-01-01,848.0,,
ESTAT:MIGR_EMI1CTZ(1.0),01/07/26 23:00:00,A,AG,COMPLET,TOTAL,NR,T,IT,2011-01-01,0.0,,
ESTAT:MIGR_EMI1CTZ(1.0),01/07/26 23:00:00,A,AI,COMPLET,TOTAL,NR,T,IT,2011-01-01,0.0,,
ESTAT:MIGR_EMI1CTZ(1.0),01/07/26 23:00:00,A,AL,COMPLET,TOTAL,NR,T,IT,2011-01-01,1525.0,,
ESTAT:MIGR_EMI1CTZ(1.0),01/07/26 23:00:00,A,AM,COMPLET,TOTAL,NR,T,IT,2011-01-01,7.0,,
ESTAT:MIGR_EMI1CTZ(1.0),01/07/26 23:00:00,A,AME,COMPLET,TOTAL,NR,T,IT,2011-01-01,2879.0,,
ESTAT:MIGR_EMI1CTZ(1.0),01/07/26 23:00:00,A,AME_C,COMPLET,TOTAL,NR,T,IT,2011-01-01,97.0,,
ESTAT:MIGR_EMI1CTZ(1.0),01/07/26 23:00:00,A,AME_N,COMPLET,TOTAL,NR,T,IT,2011-01-01,477.0,,
ESTAT:MIGR_EMI1CTZ(1.0),01/07/26 23:00:00,A,AME_S,COMPLET,TOTAL,NR,T,IT,2011-01-01,2031.0,,
ESTAT:MIGR_EMI1CTZ(1.0),01/07/26 23:00:00,A,AN,COMPLET,TOTAL,NR,T,IT,2011-01-01,0.0,,
ESTAT:MIGR_EMI1CTZ(1.0),01/07/26 23:00:00,A,AO,COMPLET,TOTAL,NR,T,IT,2011-01-01,7.0,,
ESTAT:MIGR_EMI1CTZ(1.0),01/07/26 23:00:00,A,AR,COMPLET,TOTAL,NR,T,IT,2011-01-01,184.0,,
ESTAT:MIGR_EMI1CTZ(1.0),01/07/26 23:00:00,A,ASI,COMPLET,TOTAL,NR,T,IT,2011-01-01,5534.0,,
ESTAT:MIGR_EMI1CTZ(1.0),01/07/26 23:00:00,A,ASI_C,COMPLET,TOTAL,NR,T,IT,2011-01-01,96.0,,
ESTAT:MIGR_EMI1CTZ(1.0),01/07/26 23:00:00,A,ASI_E,COMPLET,TOTAL,NR,T,IT,2011-01-01,2019.0,,
ESTAT:MIGR_EMI1CTZ(1.0),01/07/26 23:00:00,A,ASI_S,COMPLET,TOTAL,NR,T,IT,2011-01-01,2865.0,,
ESTAT:MIGR_EMI1CTZ(1.0),01/07/26 23:00:00,A,ASI_S_E,COMPLET,TOTAL,NR,T,IT,2011-01-01,388.0,,
ESTAT:MIGR_EMI1CTZ(1.0),01/07/26 23:00:00,A,ASI_W,COMPLET,TOTAL,NR,T,IT,2011-01-01,166.0,,
ESTAT:MIGR_EMI1CTZ(1.0),01/07/26 23:00:00,A,AT,COMPLET,TOTAL,NR,T,IT,2011-01-01,183.0,,
ESTAT:MIGR_EMI1CTZ(1.0),01/07/26 23:00:00,A,AU,COMPLET,TOTAL,NR,T,IT,2011-01-01,56.0,,
ESTAT:MIGR_EMI1CTZ(1.0),01/07/26 23:00:00,A,AU_NZ,COMPLET,TOTAL,NR,T,IT,2011-01-01,81.0,,
ESTAT:MIGR_EMI1CTZ(1.0),01/07/26 23:00:00,A,AW,COMPLET,TOTAL,NR,T,IT,2011-01-01,0.0,,
ESTAT:MIGR_EMI1CTZ(1.0),01/07/26 23:00:00,A,AZ,COMPLET,TOTAL,NR,T,IT,2011-01-01,1.0,,
ESTAT:MIGR_EMI1CTZ(1.0),01/07/26 23:00:00,A,BA,COMPLET,TOTAL,NR,T,IT,2011-01-01,193.0,,
ESTAT:MIGR_EMI1CTZ(1.0),01/07/26 23:00:00,A,BB,COMPLET,TOTAL,NR,T,IT,2011-01-01,0.0,,
ESTAT:MIGR_EMI1CTZ(1.0),01/07/26 23:00:00,A,BD,COMPLET,TOTAL,NR,T,IT,2011-01-01,680.0,,
ESTAT:MIGR_EMI1CTZ(1.0),01/07/26 23:00:00,A,BE,COMPLET,TOTAL,NR,T,IT,2011-01-01,186.0,,
ESTAT:MIGR_EMI1CTZ(1.0),01/07/26 23:00:00,A,BF,COMPLET,TOTAL,NR,T,IT,2011-01-01,40.0,,
ESTAT:MIGR_EMI1CTZ(1.0),01/07/26 23:00:00,A,BG,COMPLET,TOTAL,NR,T,IT,2011-01-01,401.0,,
ESTAT:MIGR_EMI1CTZ(1.0),01/07/26 23:00:00,A,BH,COMPLET,TOTAL,NR,T,IT,2011-01-01,2.0,,
ESTAT:MIGR_EMI1CTZ(1.0),01/07/26 23:00:00,A,BI,COMPLET,TOTAL,NR,T,IT,2011-01-01,2.0,,
ESTAT:MIGR_EMI1CTZ(1.0),01/07/26 23:00:00,A,BJ,COMPLET,TOTAL,NR,T,IT,2011-01-01,12.0,,
ESTAT:MIGR_EMI1CTZ(1.0),01/07/26 23:00:00,A,BL,COMPLET,TOTAL,NR,T,IT,2011-01-01,0.0,,
ESTAT:MIGR_EMI1CTZ(1.0),01/07/26 23:00:00,A,BM,COMPLET,TOTAL,NR,T,IT,2011-01-01,0.0,,
ESTAT:MIGR_EMI1CTZ(1.0),01/07/26 23:00:00,A,BN,COMPLET,TOTAL,NR,T,IT,2011-01-01,0.0,,
ESTAT:MIGR_EMI1CTZ(1.0),01/07/26 23:00:00,A,BO,COMPLET,TOTAL,NR,T,IT,2011-01-01,103.0,,
ESTAT:MIGR_EMI1CTZ(1.0),01/07/26 23:00:00,A,BR,COMPLET,TOTAL,NR,T,IT,2011-01-01,620.0,,
ESTAT:MIGR_EMI1CTZ(1.0),01/07/26 23:00:00,A,BS,COMPLET,TOTAL,NR,T,IT,2011-01-01,2.0,,
ESTAT:MIGR_EMI1CTZ(1.0),01/07/26 23:00:00,A,BT,COMPLET,TOTAL,NR,T,IT,2011-01-01,0.0,,
ESTAT:MIGR_EMI1CTZ(1.0),01/07/26 23:00:00,A,BW,COMPLET,TOTAL,NR,T,IT,2011-01-01,0.0,,
ESTAT:MIGR_EMI1CTZ(1.0),01/07/26 23:00:00,A,BY,COMPLET,TOTAL,NR,T,IT,2011-01-01,41.0,,
ESTAT:MIGR_EMI1CTZ(1.0),01/07/26 23:00:00,A,BZ,COMPLET,TOTAL,NR,T,IT,2011-01-01,0.0,,
ESTAT:MIGR_EMI1CTZ(1.0),01/07/26 23:00:00,A,CA,COMPLET,TOTAL,NR,T,IT,2011-01-01,58.0,,
ESTAT:MIGR_EMI1CTZ(1.0),01/07/26 23:00:00,A,CC4_10,COMPLET,TOTAL,NR,T,IT,2011-01-01,816.0,,
ESTAT:MIGR_EMI1CTZ(1.0),01/07/26 23:00:00,A,CD,COMPLET,TOTAL,NR,T,IT,2011-01-01,19.0,,
ESTAT:MIGR_EMI1CTZ(1.0),01/07/26 23:00:00,A,CF,COMPLET,TOTAL,NR,T,IT,2011-01-01,3.0,,
ESTAT:MIGR_EMI1CTZ(1.0),01/07/26 23:00:00,A,CG,COMPLET,TOTAL,NR,T,IT,2011-01-01,26.0,,
ESTAT:MIGR_EMI1CTZ(1.0),01/07/26 23:00:00,A,CH,COMPLET,TOTAL,NR,T,IT,2011-01-01,247.0,,
ESTAT:MIGR_EMI1CTZ(1.0),01/07/26 23:00:00,A,CI,COMPLET,TOTAL,NR,T,IT,2011-01-01,119.0,,
ESTAT:MIGR_EMI1CTZ(1.0),01/07/26 23:00:00,A,CL,COMPLET,TOTAL,NR,T,IT,2011-01-01,37.0,,
ESTAT:MIGR_EMI1CTZ(1.0),01/07/26 23:00:00,A,CM,COMPLET,TOTAL,NR,T,IT,2011-01-01,62.0,,
ESTAT:MIGR_EMI1CTZ(1.0),01/07/26 23:00:00,A,CN,COMPLET,TOTAL,NR,T,IT,2011-01-01,1672.0,,
ESTAT:MIGR_EMI1CTZ(1.0),01/07/26 23:00:00,A,CO,COMPLET,TOTAL,NR,T,IT,2011-01-01,182.0,,
ESTAT:MIGR_EMI1CTZ(1.0),01/07/26 23:00:00,A,CR,COMPLET,TOTAL,NR,T,IT,2011-01-01,12.0,,
ESTAT:MIGR_EMI1CTZ(1.0),01/07/26 23:00:00,A,CRB,COMPLET,TOTAL,NR,T,IT,2011-01-01,274.0,,
ESTAT:MIGR_EMI1CTZ(1.0),01/07/26 23:00:00,A,CU,COMPLET,TOTAL,NR,T,IT,2011-01-01,113.0,,
ESTAT:MIGR_EMI1CTZ(1.0),01/07/26 23:00:00,A,CV,COMPLET,TOTAL,NR,T,IT,2011-01-01,12.0,,
ESTAT:MIGR_EMI1CTZ(1.0),01/07/26 23:00:00,A,CY,COMPLET,TOTAL,NR,T,IT,2011-01-01,2.0,,
ESTAT:MIGR_EMI1CTZ(1.0),01/07/26 23:00:00,A,CZ,COMPLET,TOTAL,NR,T,IT,2011-01-01,107.0,,
ESTAT:MIGR_EMI1CTZ(1.0),01/07/26 23:00:00,A,CZ_SK,COMPLET,TOTAL,NR,T,IT,2011-01-01,0.0,,
ESTAT:MIGR_EMI1CTZ(1.0),01/07/26 23:00:00,A,DE,COMPLET,TOTAL,NR,T,IT,2011-01-01,1249.0,,
ESTAT:MIGR_EMI1CTZ(1.0),01/07/26 23:00:00,A,DJ,COMPLET,TOTAL,NR,T,IT,2011-01-01,0.0,,
ESTAT:MIGR_EMI1CTZ(1.0),01/07/26 23:00:00,A,DK,COMPLET,TOTAL,NR,T,IT,2011-01-01,80.0,,
ESTAT:MIGR_EMI1CTZ(1.0),01/07/26 23:00:00,A,DM,COMPLET,TOTAL,NR,T,IT,2011-01-01,5.0,,
ESTAT:MIGR_EMI1CTZ(1.0),01/07/26 23:00:00,A,DO,COMPLET,TOTAL,NR,T,IT,2011-01-01,150.0,,
ESTAT:MIGR_EMI1CTZ(1.0),01/07/26 23:00:00,A,DZ,COMPLET,TOTAL,NR,T,IT,2011-01-01,165.0,,
ESTAT:MIGR_EMI1CTZ(1.0),01/07/26 23:00:00,A,EC,COMPLET,TOTAL,NR,T,IT,2011-01-01,411.0,,
ESTAT:MIGR_EMI1CTZ(1.0),01/07/26 23:00:00,A,EE,COMPLET,TOTAL,NR,T,IT,2011-01-01,11.0,,
ESTAT:MIGR_EMI1CTZ(1.0),01/07/26 23:00:00,A,EG,COMPLET,TOTAL,NR,T,IT,2011-01-01,304.0,,
ESTAT:MIGR_EMI1CTZ(1.0),01/07/26 23:00:00,A,EH,COMPLET,TOTAL,NR,T,IT,2011-01-01,0.0,,
ESTAT:MIGR_EMI1CTZ(1.0),01/07/26 23:00:00,A,EL,COMPLET,TOTAL,NR,T,IT,2011-01-01,64.0,,
ESTAT:MIGR_EMI1CTZ(1.0),01/07/26 23:00:00,A,ER,COMPLET,TOTAL,NR,T,IT,2011-01-01,35.0,,
ESTAT:MIGR_EMI1CTZ(1.0),01/07/26 23:00:00,A,ES,COMPLET,TOTAL,NR,T,IT,2011-01-01,316.0,,
ESTAT:MIGR_EMI1CTZ(1.0),01/07/26 23:00:00,A,ET,COMPLET,TOTAL,NR,T,IT,2011-01-01,18.0,,
ESTAT:MIGR_EMI1CTZ(1.0),01/07/26 23:00:00,A,EU15,COMPLET,TOTAL,NR,T,IT,2011-01-01,54142.0,,
ESTAT:MIGR_EMI1CTZ(1.0),01/07/26 23:00:00,A,EU15_FOR,COMPLET,TOTAL,NR,T,IT,2011-01-01,4085.0,,
ESTAT:MIGR_EMI1CTZ(1.0),01/07/26 23:00:00,A,EU25,COMPLET,TOTAL,NR,T,IT,2011-01-01,56359.0,,
ESTAT:MIGR_EMI1CTZ(1.0),01/07/26 23:00:00,A,EU25_FOR,COMPLET,TOTAL,NR,T,IT,2011-01-01,6302.0,,
ESTAT:MIGR_EMI1CTZ(1.0),01/07/26 23:00:00,A,EU27_2007,COMPLET,TOTAL,NR,T,IT,2011-01-01,64453.0,,
ESTAT:MIGR_EMI1CTZ(1.0),01/07/26 23:00:00,A,EU27_2007_FOR,COMPLET,TOTAL,NR,T,IT,2011-01-01,14396.0,,
ESTAT:MIGR_EMI1CTZ(1.0),01/07/26 23:00:00,A,EUR,COMPLET,TOTAL,NR,T,IT,2011-01-01,69882.0,,
ESTAT:MIGR_EMI1CTZ(1.0),01/07/26 23:00:00,A,EX_SU,COMPLET,TOTAL,NR,T,IT,2011-01-01,0.0,,
ESTAT:MIGR_EMI1CTZ(1.0),01/07/26 23:00:00,A,EX_YU,COMPLET,TOTAL,NR,T,IT,2011-01-01,0.0,,
ESTAT:MIGR_EMI1CTZ(1.0),01/07/26 23:00:00,A,FI,COMPLET,TOTAL,NR,T,IT,2011-01-01,63.0,,
ESTAT:MIGR_EMI1CTZ(1.0),01/07/26 23:00:00,A,FJ,COMPLET,TOTAL,NR,T,IT,2011-01-01,1.0,,
ESTAT:MIGR_EMI1CTZ(1.0),01/07/26 23:00:00,A,FK,COMPLET,TOTAL,NR,T,IT,2011-01-01,0.0,,
ESTAT:MIGR_EMI1CTZ(1.0),01/07/26 23:00:00,A,FM,COMPLET,TOTAL,NR,T,IT,2011-01-01,0.0,,
ESTAT:MIGR_EMI1CTZ(1.0),01/07/26 23:00:00,A,FO,COMPLET,TOTAL,NR,T,IT,2011-01-01,0.0,,
ESTAT:MIGR_EMI1CTZ(1.0),01/07/26 23:00:00,A,FOR_STLS,COMPLET,TOTAL,NR,T,IT,2011-01-01,32404.0,,
ESTAT:MIGR_EMI1CTZ(1.0),01/07/26 23:00:00,A,FR,COMPLET,TOTAL,NR,T,IT,2011-01-01,786.0,,
ESTAT:MIGR_EMI1CTZ(1.0),01/07/26 23:00:00,A,GA,COMPLET,TOTAL,NR,T,IT,2011-01-01,1.0,,
ESTAT:MIGR_EMI1CTZ(1.0),01/07/26 23:00:00,A,GD,COMPLET,TOTAL,NR,T,IT,2011-01-01,0.0,,
ESTAT:MIGR_EMI1CTZ(1.0),01/07/26 23:00:00,A,GE,COMPLET,TOTAL,NR,T,IT,2011-01-01,36.0,,
ESTAT:MIGR_EMI1CTZ(1.0),01/07/26 23:00:00,A,GG,COMPLET,TOTAL,NR,T,IT,2011-01-01,0.0,,
ESTAT:MIGR_EMI1CTZ(1.0),01/07/26 23:00:00,A,GH,COMPLET,TOTAL,NR,T,IT,2011-01-01,208.0,,
ESTAT:MIGR_EMI1CTZ(1.0),01/07/26 23:00:00,A,GI,COMPLET,TOTAL,NR,T,IT,2011-01-01,0.0,,
ESTAT:MIGR_EMI1CTZ(1.0),01/07/26 23:00:00,A,GL,COMPLET,TOTAL,NR,T,IT,2011-01-01,0.0,,
ESTAT:MIGR_EMI1CTZ(1.0),01/07/26 23:00:00,A,GM,COMPLET,TOTAL,NR,T,IT,2011-01-01,2.0,,
ESTAT:MIGR_EMI1CTZ(1.0),01/07/26 23:00:00,A,GN,COMPLET,TOTAL,NR,T,IT,2011-01-01,11.0,,
ESTAT:MIGR_EMI1CTZ(1.0),01/07/26 23:00:00,A,GQ,COMPLET,TOTAL,NR,T,IT,2011-01-01,0.0,,
ESTAT:MIGR_EMI1CTZ(1.0),01/07/26 23:00:00,A,GT,COMPLET,TOTAL,NR,T,IT,2011-01-01,1.0,,
ESTAT:MIGR_EMI1CTZ(1.0),01/07/26 23:00:00,A,GW,COMPLET,TOTAL,NR,T,IT,2011-01-01,1.0,,
ESTAT:MIGR_EMI1CTZ(1.0),01/07/26 23:00:00,A,GY,COMPLET,TOTAL,NR,T,IT,2011-01-01,0.0,,
ESTAT:MIGR_EMI1CTZ(1.0),01/07/26 23:00:00,A,HN,COMPLET,TOTAL,NR,T,IT,2011-01-01,7.0,,
ESTAT:MIGR_EMI1CTZ(1.0),01/07/26 23:00:00,A,HR,COMPLET,TOTAL,NR,T,IT,2011-01-01,213.0,,
ESTAT:MIGR_EMI1CTZ(1.0),01/07/26 23:00:00,A,HT,COMPLET,TOTAL,NR,T,IT,2011-01-01,4.0,,
ESTAT:MIGR_EMI1CTZ(1.0),01/07/26 23:00:00,A,HU,COMPLET,TOTAL,NR,T,IT,2011-01-01,202.0,,
ESTAT:MIGR_EMI1CTZ(1.0),01/07/26 23:00:00,A,ID,COMPLET,TOTAL,NR,T,IT,2011-01-01,26.0,,
ESTAT:MIGR_EMI1CTZ(1.0),01/07/26 23:00:00,A,IE,COMPLET,TOTAL,NR,T,IT,2011-01-01,56.0,,
ESTAT:MIGR_EMI1CTZ(1.0),01/07/26 23:00:00,A,IL,COMPLET,TOTAL,NR,T,IT,2011-01-01,24.0,,
ESTAT:MIGR_EMI1CTZ(1.0),01/07/26 23:00:00,A,IM,COMPLET,TOTAL,NR,T,IT,2011-01-01,0.0,,
ESTAT:MIGR_EMI1CTZ(1.0),01/07/26 23:00:00,A,IN,COMPLET,TOTAL,NR,T,IT,2011-01-01,1058.0,,
ESTAT:MIGR_EMI1CTZ(1.0),01/07/26 23:00:00,A,IQ,COMPLET,TOTAL,NR,T,IT,2011-01-01,4.0,,
ESTAT:MIGR_EMI1CTZ(1.0),01/07/26 23:00:00,A,IR,COMPLET,TOTAL,NR,T,IT,2011-01-01,31.0,,
ESTAT:MIGR_EMI1CTZ(1.0),01/07/26 23:00:00,A,IS,COMPLET,TOTAL,NR,T,IT,2011-01-01,11.0,,
ESTAT:MIGR_EMI1CTZ(1.0),01/07/26 23:00:00,A,IT,COMPLET,TOTAL,NR,T,IT,2011-01-01,50057.0,,
ESTAT:MIGR_EMI1CTZ(1.0),01/07/26 23:00:00,A,JE,COMPLET,TOTAL,NR,T,IT,2011-01-01,0.0,,
ESTAT:MIGR_EMI1CTZ(1.0),01/07/26 23:00:00,A,JM,COMPLET,TOTAL,NR,T,IT,2011-01-01,0.0,,
ESTAT:MIGR_EMI1CTZ(1.0),01/07/26 23:00:00,A,JO,COMPLET,TOTAL,NR,T,IT,2011-01-01,12.0,,
ESTAT:MIGR_EMI1CTZ(1.0),01/07/26 23:00:00,A,JP,COMPLET,TOTAL,NR,T,IT,2011-01-01,247.0,,
ESTAT:MIGR_EMI1CTZ(1.0),01/07/26 23:00:00,A,KE,COMPLET,TOTAL,NR,T,IT,2011-01-01,24.0,,
ESTAT:MIGR_EMI1CTZ(1.0),01/07/26 23:00:00,A,KG,COMPLET,TOTAL,NR,T,IT,2011-01-01,0.0,,
ESTAT:MIGR_EMI1CTZ(1.0),01/07/26 23:00:00,A,KH,COMPLET,TOTAL,NR,T,IT,2011-01-01,2.0,,
ESTAT:MIGR_EMI1CTZ(1.0),01/07/26 23:00:00,A,KI,COMPLET,TOTAL,NR,T,IT,2011-01-01,0.0,,
ESTAT:MIGR_EMI1CTZ(1.0),01/07/26 23:00:00,A,KM,COMPLET,TOTAL,NR,T,IT,2011-01-01,1.0,,
ESTAT:MIGR_EMI1CTZ(1.0),01/07/26 23:00:00,A,KN,COMPLET,TOTAL,NR,T,IT,2011-01-01,0.0,,
ESTAT:MIGR_EMI1CTZ(1.0),01/07/26 23:00:00,A,KP,COMPLET,TOTAL,NR,T,IT,2011-01-01,1.0,,
ESTAT:MIGR_EMI1CTZ(1.0),01/07/26 23:00:00,A,KR,COMPLET,TOTAL,NR,T,IT,2011-01-01,85.0,,
ESTAT:MIGR_EMI1CTZ(1.0),01/07/26 23:00:00,A,KW,COMPLET,TOTAL,NR,T,IT,2011-01-01,0.0,,
ESTAT:MIGR_EMI1CTZ(1.0),01/07/26 23:00:00,A,KY,COMPLET,TOTAL,NR,T,IT,2011-01-01,0.0,,
ESTAT:MIGR_EMI1CTZ(1.0),01/07/26 23:00:00,A,KZ,COMPLET,TOTAL,NR,T,IT,2011-01-01,87.0,,
ESTAT:MIGR_EMI1CTZ(1.0),01/07/26 23:00:00,A,LA,COMPLET,TOTAL,NR,T,IT,2011-01-01,1.0,,
ESTAT:MIGR_EMI1CTZ(1.0),01/07/26 23:00:00,A,LB,COMPLET,TOTAL,NR,T,IT,2011-01-01,38.0,,
ESTAT:MIGR_EMI1CTZ(1.0),01/07/26 23:00:00,A,LC,COMPLET,TOTAL,NR,T,IT,2011-01-01,0.0,,
ESTAT:MIGR_EMI1CTZ(1.0),01/07/26 23:00:00,A,LI,COMPLET,TOTAL,NR,T,IT,2011-01-01,1.0,,
ESTAT:MIGR_EMI1CTZ(1.0),01/07/26 23:00:00,A,LK,COMPLET,TOTAL,NR,T,IT,2011-01-01,497.0,,
ESTAT:MIGR_EMI1CTZ(1.0),01/07/26 23:00:00,A,LR,COMPLET,TOTAL,NR,T,IT,2011-01-01,2.0,,
ESTAT:MIGR_EMI1CTZ(1.0),01/07/26 23:00:00,A,LS,COMPLET,TOTAL,NR,T,IT,2011-01-01,1.0,,
ESTAT:MIGR_EMI1CTZ(1.0),01/07/26 23:00:00,A,LT,COMPLET,TOTAL,NR,T,IT,2011-01-01,44.0,,
ESTAT:MIGR_EMI1CTZ(1.0),01/07/26 23:00:00,A,LU,COMPLET,TOTAL,NR,T,IT,2011-01-01,13.0,,
ESTAT:MIGR_EMI1CTZ(1.0),01/07/26 23:00:00,A,LV,COMPLET,TOTAL,NR,T,IT,2011-01-01,19.0,,
ESTAT:MIGR_EMI1CTZ(1.0),01/07/26 23:00:00,A,LY,COMPLET,TOTAL,NR,T,IT,2011-01-01,9.0,,
ESTAT:MIGR_EMI1CTZ(1.0),01/07/26 23:00:00,A,MA,COMPLET,TOTAL,NR,T,IT,2011-01-01,1761.0,,
ESTAT:MIGR_EMI1CTZ(1.0),01/07/26 23:00:00,A,MC,COMPLET,TOTAL,NR,T,IT,2011-01-01,0.0,,
ESTAT:MIGR_EMI1CTZ(1.0),01/07/26 23:00:00,A,MD,COMPLET,TOTAL,NR,T,IT,2011-01-01,806.0,,
ESTAT:MIGR_EMI1CTZ(1.0),01/07/26 23:00:00,A,ME,COMPLET,TOTAL,NR,T,IT,2011-01-01,8.0,,
ESTAT:MIGR_EMI1CTZ(1.0),01/07/26 23:00:00,A,MEL,COMPLET,TOTAL,NR,T,IT,2011-01-01,3.0,,
ESTAT:MIGR_EMI1CTZ(1.0),01/07/26 23:00:00,A,MF,COMPLET,TOTAL,NR,T,IT,2011-01-01,0.0,,
ESTAT:MIGR_EMI1CTZ(1.0),01/07/26 23:00:00,A,MG,COMPLET,TOTAL,NR,T,IT,2011-01-01,10.0,,
ESTAT:MIGR_EMI1CTZ(1.0),01/07/26 23:00:00,A,MH,COMPLET,TOTAL,NR,T,IT,2011-01-01,0.0,,
ESTAT:MIGR_EMI1CTZ(1.0),01/07/26 23:00:00,A,MIC,COMPLET,TOTAL,NR,T,IT,2011-01-01,0.0,,
ESTAT:MIGR_EMI1CTZ(1.0),01/07/26 23:00:00,A,MK,COMPLET,TOTAL,NR,T,IT,2011-01-01,471.0,,
ESTAT:MIGR_EMI1CTZ(1.0),01/07/26 23:00:00,A,ML,COMPLET,TOTAL,NR,T,IT,2011-01-01,10.0,,
ESTAT:MIGR_EMI1CTZ(1.0),01/07/26 23:00:00,A,MM,COMPLET,TOTAL,NR,T,IT,2011-01-01,9.0,,
ESTAT:MIGR_EMI1CTZ(1.0),01/07/26 23:00:00,A,MN,COMPLET,TOTAL,NR,T,IT,2011-01-01,0.0,,
ESTAT:MIGR_EMI1CTZ(1.0),01/07/26 23:00:00,A,MR,COMPLET,TOTAL,NR,T,IT,2011-01-01,1.0,,
ESTAT:MIGR_EMI1CTZ(1.0),01/07/26 23:00:00,A,MS,COMPLET,TOTAL,NR,T,IT,2011-01-01,0.0,,
ESTAT:MIGR_EMI1CTZ(1.0),01/07/26 23:00:00,A,MT,COMPLET,TOTAL,NR,T,IT,2011-01-01,11.0,,
ESTAT:MIGR_EMI1CTZ(1.0),01/07/26 23:00:00,A,MU,COMPLET,TOTAL,NR,T,IT,2011-01-01,19.0,,
ESTAT:MIGR_EMI1CTZ(1.0),01/07/26 23:00:00,A,MV,COMPLET,TOTAL,NR,T,IT,2011-01-01,0.0,,
ESTAT:MIGR_EMI1CTZ(1.0),01/07/26 23:00:00,A,MW,COMPLET,TOTAL,NR,T,IT,2011-01-01,1.0,,
ESTAT:MIGR_EMI1CTZ(1.0),01/07/26 23:00:00,A,MX,COMPLET,TOTAL,NR,T,IT,2011-01-01,53.0,,
ESTAT:MIGR_EMI1CTZ(1.0),01/07/26 23:00:00,A,MY,COMPLET,TOTAL,NR,T,IT,2011-01-01,4.0,,
ESTAT:MIGR_EMI1CTZ(1.0),01/07/26 23:00:00,A,MZ,COMPLET,TOTAL,NR,T,IT,2011-01-01,0.0,,
ESTAT:MIGR_EMI1CTZ(1.0),01/07/26 23:00:00,A,NA,COMPLET,TOTAL,NR,T,IT,2011-01-01,0.0,,
ESTAT:MIGR_EMI1CTZ(1.0),01/07/26 23:00:00,A,NAT,COMPLET,TOTAL,NR,T,IT,2011-01-01,50057.0,,
ESTAT:MIGR_EMI1CTZ(1.0),01/07/26 23:00:00,A,NC,COMPLET,TOTAL,NR,T,IT,2011-01-01,0.0,,
ESTAT:MIGR_EMI1CTZ(1.0),01/07/26 23:00:00,A,NE,COMPLET,TOTAL,NR,T,IT,2011-01-01,3.0,,
ESTAT:MIGR_EMI1CTZ(1.0),01/07/26 23:00:00,A,NEU27_2007_FOR_STLS,COMPLET,TOTAL,NR,T,IT,2011-01-01,18008.0,,
ESTAT:MIGR_EMI1CTZ(1.0),01/07/26 23:00:00,A,NG,COMPLET,TOTAL,NR,T,IT,2011-01-01,162.0,,
ESTAT:MIGR_EMI1CTZ(1.0),01/07/26 23:00:00,A,NI,COMPLET,TOTAL,NR,T,IT,2011-01-01,8.0,,
ESTAT:MIGR_EMI1CTZ(1.0),01/07/26 23:00:00,A,NL,COMPLET,TOTAL,NR,T,IT,2011-01-01,285.0,,
ESTAT:MIGR_EMI1CTZ(1.0),01/07/26 23:00:00,A,NO,COMPLET,TOTAL,NR,T,IT,2011-01-01,27.0,,
ESTAT:MIGR_EMI1CTZ(1.0),01/07/26 23:00:00,A,NP,COMPLET,TOTAL,NR,T,IT,2011-01-01,8.0,,
ESTAT:MIGR_EMI1CTZ(1.0),01/07/26 23:00:00,A,NR,COMPLET,TOTAL,NR,T,IT,2011-01-01,0.0,,
ESTAT:MIGR_EMI1CTZ(1.0),01/07/26 23:00:00,A,NZ,COMPLET,TOTAL,NR,T,IT,2011-01-01,25.0,,
ESTAT:MIGR_EMI1CTZ(1.0),01/07/26 23:00:00,A,OCE,COMPLET,TOTAL,NR,T,IT,2011-01-01,84.0,,
ESTAT:MIGR_EMI1CTZ(1.0),01/07/26 23:00:00,A,OM,COMPLET,TOTAL,NR,T,IT,2011-01-01,0.0,,
ESTAT:MIGR_EMI1CTZ(1.0),01/07/26 23:00:00,A,OTH,COMPLET,TOTAL,NR,T,IT,2011-01-01,123.0,,
ESTAT:MIGR_EMI1CTZ(1.0),01/07/26 23:00:00,A,PA,COMPLET,TOTAL,NR,T,IT,2011-01-01,2.0,,
ESTAT:MIGR_EMI1CTZ(1.0),01/07/26 23:00:00,A,PE,COMPLET,TOTAL,NR,T,IT,2011-01-01,390.0,,
ESTAT:MIGR_EMI1CTZ(1.0),01/07/26 23:00:00,A,PF,COMPLET,TOTAL,NR,T,IT,2011-01-01,0.0,,
ESTAT:MIGR_EMI1CTZ(1.0),01/07/26 23:00:00,A,PG,COMPLET,TOTAL,NR,T,IT,2011-01-01,2.0,,
ESTAT:MIGR_EMI1CTZ(1.0),01/07/26 23:00:00,A,PH,COMPLET,TOTAL,NR,T,IT,2011-01-01,289.0,,
ESTAT:MIGR_EMI1CTZ(1.0),01/07/26 23:00:00,A,PK,COMPLET,TOTAL,NR,T,IT,2011-01-01,577.0,,
ESTAT:MIGR_EMI1CTZ(1.0),01/07/26 23:00:00,A,PL,COMPLET,TOTAL,NR,T,IT,2011-01-01,1433.0,,
ESTAT:MIGR_EMI1CTZ(1.0),01/07/26 23:00:00,A,PM,COMPLET,TOTAL,NR,T,IT,2011-01-01,0.0,,
ESTAT:MIGR_EMI1CTZ(1.0),01/07/26 23:00:00,A,PN,COMPLET,TOTAL,NR,T,IT,2011-01-01,0.0,,
ESTAT:MIGR_EMI1CTZ(1.0),01/07/26 23:00:00,A,POL,COMPLET,TOTAL,NR,T,IT,2011-01-01,0.0,,
ESTAT:MIGR_EMI1CTZ(1.0),01/07/26 23:00:00,A,PS,COMPLET,TOTAL,NR,T,IT,2011-01-01,2.0,,
ESTAT:MIGR_EMI1CTZ(1.0),01/07/26 23:00:00,A,PT,COMPLET,TOTAL,NR,T,IT,2011-01-01,119.0,,
ESTAT:MIGR_EMI1CTZ(1.0),01/07/26 23:00:00,A,PW,COMPLET,TOTAL,NR,T,IT,2011-01-01,0.0,,
ESTAT:MIGR_EMI1CTZ(1.0),01/07/26 23:00:00,A,PY,COMPLET,TOTAL,NR,T,IT,2011-01-01,12.0,,
ESTAT:MIGR_EMI1CTZ(1.0),01/07/26 23:00:00,A,QA,COMPLET,TOTAL,NR,T,IT,2011-01-01,0.0,,
ESTAT:MIGR_EMI1CTZ(1.0),01/07/26 23:00:00,A,RNC,COMPLET,TOTAL,NR,T,IT,2011-01-01,0.0,,
ESTAT:MIGR_EMI1CTZ(1.0),01/07/26 23:00:00,A,RO,COMPLET,TOTAL,NR,T,IT,2011-01-01,7693.0,,
ESTAT:MIGR_EMI1CTZ(1.0),01/07/26 23:00:00,A,RS,COMPLET,TOTAL,NR,T,IT,2011-01-01,372.0,,
ESTAT:MIGR_EMI1CTZ(1.0),01/07/26 23:00:00,A,RS_ME,COMPLET,TOTAL,NR,T,IT,2011-01-01,0.0,,
ESTAT:MIGR_EMI1CTZ(1.0),01/07/26 23:00:00,A,RU,COMPLET,TOTAL,NR,T,IT,2011-01-01,168.0,,
ESTAT:MIGR_EMI1CTZ(1.0),01/07/26 23:00:00,A,RW,COMPLET,TOTAL,NR,T,IT,2011-01-01,3.0,,
ESTAT:MIGR_EMI1CTZ(1.0),01/07/26 23:00:00,A,SA,COMPLET,TOTAL,NR,T,IT,2011-01-01,1.0,,
ESTAT:MIGR_EMI1CTZ(1.0),01/07/26 23:00:00,A,SB,COMPLET,TOTAL,NR,T,IT,2011-01-01,0.0,,
ESTAT:MIGR_EMI1CTZ(1.0),01/07/26 23:00:00,A,SC,COMPLET,TOTAL,NR,T,IT,2011-01-01,1.0,,
ESTAT:MIGR_EMI1CTZ(1.0),01/07/26 23:00:00,A,SD,COMPLET,TOTAL,NR,T,IT,2011-01-01,2.0,,
ESTAT:MIGR_EMI1CTZ(1.0),01/07/26 23:00:00,A,SE,COMPLET,TOTAL,NR,T,IT,2011-01-01,109.0,,
ESTAT:MIGR_EMI1CTZ(1.0),01/07/26 23:00:00,A,SG,COMPLET,TOTAL,NR,T,IT,2011-01-01,10.0,,
ESTAT:MIGR_EMI1CTZ(1.0),01/07/26 23:00:00,A,SH,COMPLET,TOTAL,NR,T,IT,2011-01-01,0.0,,
ESTAT:MIGR_EMI1CTZ(1.0),01/07/26 23:00:00,A,SI,COMPLET,TOTAL,NR,T,IT,2011-01-01,90.0,,
ESTAT:MIGR_EMI1CTZ(1.0),01/07/26 23:00:00,A,SK,COMPLET,TOTAL,NR,T,IT,2011-01-01,298.0,,
ESTAT:MIGR_EMI1CTZ(1.0),01/07/26 23:00:00,A,SL,COMPLET,TOTAL,NR,T,IT,2011-01-01,2.0,,
ESTAT:MIGR_EMI1CTZ(1.0),01/07/26 23:00:00,A,SM,COMPLET,TOTAL,NR,T,IT,2011-01-01,7.0,,
ESTAT:MIGR_EMI1CTZ(1.0),01/07/26 23:00:00,A,SN,COMPLET,TOTAL,NR,T,IT,2011-01-01,246.0,,
ESTAT:MIGR_EMI1CTZ(1.0),01/07/26 23:00:00,A,SO,COMPLET,TOTAL,NR,T,IT,2011-01-01,34.0,,
ESTAT:MIGR_EMI1CTZ(1.0),01/07/26 23:00:00,A,SR,COMPLET,TOTAL,NR,T,IT,2011-01-01,0.0,,
ESTAT:MIGR_EMI1CTZ(1.0),01/07/26 23:00:00,A,SS,COMPLET,TOTAL,NR,T,IT,2011-01-01,0.0,,
ESTAT:MIGR_EMI1CTZ(1.0),01/07/26 23:00:00,A,ST,COMPLET,TOTAL,NR,T,IT,2011-01-01,0.0,,
ESTAT:MIGR_EMI1CTZ(1.0),01/07/26 23:00:00,A,STLS,COMPLET,TOTAL,NR,T,IT,2011-01-01,4.0,,
ESTAT:MIGR_EMI1CTZ(1.0),01/07/26 23:00:00,A,SV,COMPLET,TOTAL,NR,T,IT,2011-01-01,14.0,,
ESTAT:MIGR_EMI1CTZ(1.0),01/07/26 23:00:00,A,SY,COMPLET,TOTAL,NR,T,IT,2011-01-01,39.0,,
ESTAT:MIGR_EMI1CTZ(1.0),01/07/26 23:00:00,A,SZ,COMPLET,TOTAL,NR,T,IT,2011-01-01,0.0,,
ESTAT:MIGR_EMI1CTZ(1.0),01/07/26 23:00:00,A,TC,COMPLET,TOTAL,NR,T,IT,2011-01-01,0.0,,
ESTAT:MIGR_EMI1CTZ(1.0),01/07/26 23:00:00,A,TD,COMPLET,TOTAL,NR,T,IT,2011-01-01,0.0,,
ESTAT:MIGR_EMI1CTZ(1.0),01/07/26 23:00:00,A,TF,COMPLET,TOTAL,NR,T,IT,2011-01-01,0.0,,
ESTAT:MIGR_EMI1CTZ(1.0),01/07/26 23:00:00,A,TG,COMPLET,TOTAL,NR,T,IT,2011-01-01,17.0,,
ESTAT:MIGR_EMI1CTZ(1.0),01/07/26 23:00:00,A,TH,COMPLET,TOTAL,NR,T,IT,2011-01-01,37.0,,
ESTAT:MIGR_EMI1CTZ(1.0),01/07/26 23:00:00,A,TJ,COMPLET,TOTAL,NR,T,IT,2011-01-01,0.0,,
ESTAT:MIGR_EMI1CTZ(1.0),01/07/26 23:00:00,A,TL,COMPLET,TOTAL,NR,T,IT,2011-01-01,0.0,,
ESTAT:MIGR_EMI1CTZ(1.0),01/07/26 23:00:00,A,TM,COMPLET,TOTAL,NR,T,IT,2011-01-01,4.0,,
ESTAT:MIGR_EMI1CTZ(1.0),01/07/26 23:00:00,A,TN,COMPLET,TOTAL,NR,T,IT,2011-01-01,571.0,,
ESTAT:MIGR_EMI1CTZ(1.0),01/07/26 23:00:00,A,TO,COMPLET,TOTAL,NR,T,IT,2011-01-01,0.0,,
ESTAT:MIGR_EMI1CTZ(1.0),01/07/26 23:00:00,A,TOTAL,COMPLET,TOTAL,NR,T,IT,2011-01-01,82461.0,,
ESTAT:MIGR_EMI1CTZ(1.0),01/07/26 23:00:00,A,TR,COMPLET,TOTAL,NR,T,IT,2011-01-01,124.0,,
ESTAT:MIGR_EMI1CTZ(1.0),01/07/26 23:00:00,A,TT,COMPLET,TOTAL,NR,T,IT,2011-01-01,0.0,,
ESTAT:MIGR_EMI1CTZ(1.0),01/07/26 23:00:00,A,TV,COMPLET,TOTAL,NR,T,IT,2011-01-01,0.0,,
ESTAT:MIGR_EMI1CTZ(1.0),01/07/26 23:00:00,A,TW,COMPLET,TOTAL,NR,T,IT,2011-01-01,14.0,,
ESTAT:MIGR_EMI1CTZ(1.0),01/07/26 23:00:00,A,TZ,COMPLET,TOTAL,NR,T,IT,2011-01-01,11.0,,
ESTAT:MIGR_EMI1CTZ(1.0),01/07/26 23:00:00,A,UA,COMPLET,TOTAL,NR,T,IT,2011-01-01,1212.0,,
ESTAT:MIGR_EMI1CTZ(1.0),01/07/26 23:00:00,A,UG,COMPLET,TOTAL,NR,T,IT,2011-01-01,3.0,,
ESTAT:MIGR_EMI1CTZ(1.0),01/07/26 23:00:00,A,UK,COMPLET,TOTAL,NR,T,IT,2011-01-01,576.0,,
ESTAT:MIGR_EMI1CTZ(1.0),01/07/26 23:00:00,A,UNK,COMPLET,TOTAL,NR,T,IT,2011-01-01,0.0,,
ESTAT:MIGR_EMI1CTZ(1.0),01/07/26 23:00:00,A,US,COMPLET,TOTAL,NR,T,IT,2011-01-01,419.0,,
ESTAT:MIGR_EMI1CTZ(1.0),01/07/26 23:00:00,A,UY,COMPLET,TOTAL,NR,T,IT,2011-01-01,15.0,,
ESTAT:MIGR_EMI1CTZ(1.0),01/07/26 23:00:00,A,UZ,COMPLET,TOTAL,NR,T,IT,2011-01-01,5.0,,
ESTAT:MIGR_EMI1CTZ(1.0),01/07/26 23:00:00,A,VA,COMPLET,TOTAL,NR,T,IT,2011-01-01,3.0,,
ESTAT:MIGR_EMI1CTZ(1.0),01/07/26 23:00:00,A,VC,COMPLET,TOTAL,NR,T,IT,2011-01-01,0.0,,
ESTAT:MIGR_EMI1CTZ(1.0),01/07/26 23:00:00,A,VE,COMPLET,TOTAL,NR,T,IT,2011-01-01,77.0,,
ESTAT:MIGR_EMI1CTZ(1.0),01/07/26 23:00:00,A,VG,COMPLET,TOTAL,NR,T,IT,2011-01-01,0.0,,
ESTAT:MIGR_EMI1CTZ(1.0),01/07/26 23:00:00,A,VN,COMPLET,TOTAL,NR,T,IT,2011-01-01,10.0,,
ESTAT:MIGR_EMI1CTZ(1.0),01/07/26 23:00:00,A,VU,COMPLET,TOTAL,NR,T,IT,2011-01-01,0.0,,
ESTAT:MIGR_EMI1CTZ(1.0),01/07/26 23:00:00,A,WF,COMPLET,TOTAL,NR,T,IT,2011-01-01,0.0,,
ESTAT:MIGR_EMI1CTZ(1.0),01/07/26 23:00:00,A,WS,COMPLET,TOTAL,NR,T,IT,2011-01-01,0.0,,
ESTAT:MIGR_EMI1CTZ(1.0),01/07/26 23:00:00,A,XK,COMPLET,TOTAL,NR,T,IT,2011-01-01,0.0,,
ESTAT:MIGR_EMI1CTZ(1.0),01/07/26 23:00:00,A,YE,COMPLET,TOTAL,NR,T,IT,2011-01-01,0.0,,
ESTAT:MIGR_EMI1CTZ(1.0),01/07/26 23:00:00,A,YT,COMPLET,TOTAL,NR,T,IT,2011-01-01,0.0,,
ESTAT:MIGR_EMI1CTZ(1.0),01/07/26 23:00:00,A,ZA,COMPLET,TOTAL,NR,T,IT,2011-01-01,9.0,,
ESTAT:MIGR_EMI1CTZ(1.0),01/07/26 23:00:00,A,ZM,COMPLET,TOTAL,NR,T,IT,2011-01-01,4.0,,
ESTAT:MIGR_EMI1CTZ(1.0),01/07/26 23:00:00,A,ZW,COMPLET,TOTAL,NR,T,IT,2011-01-01,1.0,,
ESTAT:MIGR_EMI1CTZ(1.0),01/07/26 23:00:00,A,AD,COMPLET,TOTAL,NR,T,IT,2012-01-01,2.0,,
ESTAT:MIGR_EMI1CTZ(1.0),01/07/26 23:00:00,A,AE,COMPLET,TOTAL,NR,T,IT,2012-01-01,0.0,,
ESTAT:MIGR_EMI1CTZ(1.0),01/07/26 23:00:00,A,AF,COMPLET,TOTAL,NR,T,IT,2012-01-01,8.0,,
ESTAT:MIGR_EMI1CTZ(1.0),01/07/26 23:00:00,A,AFR,COMPLET,TOTAL,NR,T,IT,2012-01-01,4719.0,,
ESTAT:MIGR_EMI1CTZ(1.0),01/07/26 23:00:00,A,AFR_C,COMPLET,TOTAL,NR,T,IT,2012-01-01,127.0,,
ESTAT:MIGR_EMI1CTZ(1.0),01/07/26 23:00:00,A,AFR_E,COMPLET,TOTAL,NR,T,IT,2012-01-01,240.0,,
ESTAT:MIGR_EMI1CTZ(1.0),01/07/26 23:00:00,A,AFR_N,COMPLET,TOTAL,NR,T,IT,2012-01-01,3259.0,,
ESTAT:MIGR_EMI1CTZ(1.0),01/07/26 23:00:00,A,AFR_S,COMPLET,TOTAL,NR,T,IT,2012-01-01,9.0,,
ESTAT:MIGR_EMI1CTZ(1.0),01/07/26 23:00:00,A,AFR_W,COMPLET,TOTAL,NR,T,IT,2012-01-01,1084.0,,
ESTAT:MIGR_EMI1CTZ(1.0),01/07/26 23:00:00,A,AG,COMPLET,TOTAL,NR,T,IT,2012-01-01,0.0,,
ESTAT:MIGR_EMI1CTZ(1.0),01/07/26 23:00:00,A,AI,COMPLET,TOTAL,NR,T,IT,2012-01-01,0.0,,
ESTAT:MIGR_EMI1CTZ(1.0),01/07/26 23:00:00,A,AL,COMPLET,TOTAL,NR,T,IT,2012-01-01,1794.0,,
ESTAT:MIGR_EMI1CTZ(1.0),01/07/26 23:00:00,A,AM,COMPLET,TOTAL,NR,T,IT,2012-01-01,11.0,,
ESTAT:MIGR_EMI1CTZ(1.0),01/07/26 23:00:00,A,AME,COMPLET,TOTAL,NR,T,IT,2012-01-01,3244.0,,
ESTAT:MIGR_EMI1CTZ(1.0),01/07/26 23:00:00,A,AME_C,COMPLET,TOTAL,NR,T,IT,2012-01-01,104.0,,
ESTAT:MIGR_EMI1CTZ(1.0),01/07/26 23:00:00,A,AME_N,COMPLET,TOTAL,NR,T,IT,2012-01-01,478.0,,
ESTAT:MIGR_EMI1CTZ(1.0),01/07/26 23:00:00,A,AME_S,COMPLET,TOTAL,NR,T,IT,2012-01-01,2352.0,,
ESTAT:MIGR_EMI1CTZ(1.0),01/07/26 23:00:00,A,AN,COMPLET,TOTAL,NR,T,IT,2012-01-01,0.0,,
ESTAT:MIGR_EMI1CTZ(1.0),01/07/26 23:00:00,A,AO,COMPLET,TOTAL,NR,T,IT,2012-01-01,11.0,,
ESTAT:MIGR_EMI1CTZ(1.0),01/07/26 23:00:00,A,AR,COMPLET,TOTAL,NR,T,IT,2012-01-01,171.0,,
ESTAT:MIGR_EMI1CTZ(1.0),01/07/26 23:00:00,A,ASI,COMPLET,TOTAL,NR,T,IT,2012-01-01,6276.0,,
ESTAT:MIGR_EMI1CTZ(1.0),01/07/26 23:00:00,A,ASI_C,COMPLET,TOTAL,NR,T,IT,2012-01-01,45.0,,
ESTAT:MIGR_EMI1CTZ(1.0),01/07/26 23:00:00,A,ASI_E,COMPLET,TOTAL,NR,T,IT,2012-01-01,2142.0,,
ESTAT:MIGR_EMI1CTZ(1.0),01/07/26 23:00:00,A,ASI_S,COMPLET,TOTAL,NR,T,IT,2012-01-01,3311.0,,
ESTAT:MIGR_EMI1CTZ(1.0),01/07/26 23:00:00,A,ASI_S_E,COMPLET,TOTAL,NR,T,IT,2012-01-01,579.0,,
ESTAT:MIGR_EMI1CTZ(1.0),01/07/26 23:00:00,A,ASI_W,COMPLET,TOTAL,NR,T,IT,2012-01-01,199.0,,
ESTAT:MIGR_EMI1CTZ(1.0),01/07/26 23:00:00,A,AT,COMPLET,TOTAL,NR,T,IT,2012-01-01,185.0,,
ESTAT:MIGR_EMI1CTZ(1.0),01/07/26 23:00:00,A,AU,COMPLET,TOTAL,NR,T,IT,2012-01-01,55.0,,
ESTAT:MIGR_EMI1CTZ(1.0),01/07/26 23:00:00,A,AU_NZ,COMPLET,TOTAL,NR,T,IT,2012-01-01,74.0,,
ESTAT:MIGR_EMI1CTZ(1.0),01/07/26 23:00:00,A,AW,COMPLET,TOTAL,NR,T,IT,2012-01-01,0.0,,
ESTAT:MIGR_EMI1CTZ(1.0),01/07/26 23:00:00,A,AZ,COMPLET,TOTAL,NR,T,IT,2012-01-01,2.0,,
ESTAT:MIGR_EMI1CTZ(1.0),01/07/26 23:00:00,A,BA,COMPLET,TOTAL,NR,T,IT,2012-01-01,272.0,,
ESTAT:MIGR_EMI1CTZ(1.0),01/07/26 23:00:00,A,BB,COMPLET,TOTAL,NR,T,IT,2012-01-01,0.0,,
ESTAT:MIGR_EMI1CTZ(1.0),01/07/26 23:00:00,A,BD,COMPLET,TOTAL,NR,T,IT,2012-01-01,770.0,,
ESTAT:MIGR_EMI1CTZ(1.0),01/07/26 23:00:00,A,BE,COMPLET,TOTAL,NR,T,IT,2012-01-01,153.0,,
ESTAT:MIGR_EMI1CTZ(1.0),01/07/26 23:00:00,A,BF,COMPLET,TOTAL,NR,T,IT,2012-01-01,64.0,,
ESTAT:MIGR_EMI1CTZ(1.0),01/07/26 23:00:00,A,BG,COMPLET,TOTAL,NR,T,IT,2012-01-01,539.0,,
ESTAT:MIGR_EMI1CTZ(1.0),01/07/26 23:00:00,A,BH,COMPLET,TOTAL,NR,T,IT,2012-01-01,0.0,,
ESTAT:MIGR_EMI1CTZ(1.0),01/07/26 23:00:00,A,BI,COMPLET,TOTAL,NR,T,IT,2012-01-01,11.0,,
ESTAT:MIGR_EMI1CTZ(1.0),01/07/26 23:00:00,A,BJ,COMPLET,TOTAL,NR,T,IT,2012-01-01,19.0,,
ESTAT:MIGR_EMI1CTZ(1.0),01/07/26 23:00:00,A,BL,COMPLET,TOTAL,NR,T,IT,2012-01-01,0.0,,
ESTAT:MIGR_EMI1CTZ(1.0),01/07/26 23:00:00,A,BM,COMPLET,TOTAL,NR,T,IT,2012-01-01,0.0,,
ESTAT:MIGR_EMI1CTZ(1.0),01/07/26 23:00:00,A,BN,COMPLET,TOTAL,NR,T,IT,2012-01-01,0.0,,
ESTAT:MIGR_EMI1CTZ(1.0),01/07/26 23:00:00,A,BO,COMPLET,TOTAL,NR,T,IT,2012-01-01,112.0,,
ESTAT:MIGR_EMI1CTZ(1.0),01/07/26 23:00:00,A,BR,COMPLET,TOTAL,NR,T,IT,2012-01-01,753.0,,
ESTAT:MIGR_EMI1CTZ(1.0),01/07/26 23:00:00,A,BS,COMPLET,TOTAL,NR,T,IT,2012-01-01,0.0,,
ESTAT:MIGR_EMI1CTZ(1.0),01/07/26 23:00:00,A,BT,COMPLET,TOTAL,NR,T,IT,2012-01-01,0.0,,
ESTAT:MIGR_EMI1CTZ(1.0),01/07/26 23:00:00,A,BW,COMPLET,TOTAL,NR,T,IT,2012-01-01,0.0,,
ESTAT:MIGR_EMI1CTZ(1.0),01/07/26 23:00:00,A,BY,COMPLET,TOTAL,NR,T,IT,2012-01-01,64.0,,
ESTAT:MIGR_EMI1CTZ(1.0),01/07/26 23:00:00,A,BZ,COMPLET,TOTAL,NR,T,IT,2012-01-01,0.0,,
ESTAT:MIGR_EMI1CTZ(1.0),01/07/26 23:00:00,A,CA,COMPLET,TOTAL,NR,T,IT,2012-01-01,87.0,,
ESTAT:MIGR_EMI1CTZ(1.0),01/07/26 23:00:00,A,CC4_10,COMPLET,TOTAL,NR,T,IT,2012-01-01,1204.0,,
ESTAT:MIGR_EMI1CTZ(1.0),01/07/26 23:00:00,A,CD,COMPLET,TOTAL,NR,T,IT,2012-01-01,23.0,,
ESTAT:MIGR_EMI1CTZ(1.0),01/07/26 23:00:00,A,CF,COMPLET,TOTAL,NR,T,IT,2012-01-01,1.0,,
ESTAT:MIGR_EMI1CTZ(1.0),01/07/26 23:00:00,A,CG,COMPLET,TOTAL,NR,T,IT,2012-01-01,33.0,,
ESTAT:MIGR_EMI1CTZ(1.0),01/07/26 23:00:00,A,CH,COMPLET,TOTAL,NR,T,IT,2012-01-01,253.0,,
ESTAT:MIGR_EMI1CTZ(1.0),01/07/26 23:00:00,A,CI,COMPLET,TOTAL,NR,T,IT,2012-01-01,114.0,,
ESTAT:MIGR_EMI1CTZ(1.0),01/07/26 23:00:00,A,CL,COMPLET,TOTAL,NR,T,IT,2012-01-01,40.0,,
ESTAT:MIGR_EMI1CTZ(1.0),01/07/26 23:00:00,A,CM,COMPLET,TOTAL,NR,T,IT,2012-01-01,58.0,,
ESTAT:MIGR_EMI1CTZ(1.0),01/07/26 23:00:00,A,CN,COMPLET,TOTAL,NR,T,IT,2012-01-01,1773.0,,
ESTAT:MIGR_EMI1CTZ(1.0),01/07/26 23:00:00,A,CO,COMPLET,TOTAL,NR,T,IT,2012-01-01,214.0,,
ESTAT:MIGR_EMI1CTZ(1.0),01/07/26 23:00:00,A,CR,COMPLET,TOTAL,NR,T,IT,2012-01-01,6.0,,
ESTAT:MIGR_EMI1CTZ(1.0),01/07/26 23:00:00,A,CRB,COMPLET,TOTAL,NR,T,IT,2012-01-01,310.0,,
ESTAT:MIGR_EMI1CTZ(1.0),01/07/26 23:00:00,A,CU,COMPLET,TOTAL,NR,T,IT,2012-01-01,116.0,,
ESTAT:MIGR_EMI1CTZ(1.0),01/07/26 23:00:00,A,CV,COMPLET,TOTAL,NR,T,IT,2012-01-01,14.0,,
ESTAT:MIGR_EMI1CTZ(1.0),01/07/26 23:00:00,A,CY,COMPLET,TOTAL,NR,T,IT,2012-01-01,1.0,,
ESTAT:MIGR_EMI1CTZ(1.0),01/07/26 23:00:00,A,CZ,COMPLET,TOTAL,NR,T,IT,2012-01-01,151.0,,
ESTAT:MIGR_EMI1CTZ(1.0),01/07/26 23:00:00,A,CZ_SK,COMPLET,TOTAL,NR,T,IT,2012-01-01,0.0,,
ESTAT:MIGR_EMI1CTZ(1.0),01/07/26 23:00:00,A,DE,COMPLET,TOTAL,NR,T,IT,2012-01-01,1330.0,,
ESTAT:MIGR_EMI1CTZ(1.0),01/07/26 23:00:00,A,DJ,COMPLET,TOTAL,NR,T,IT,2012-01-01,0.0,,
ESTAT:MIGR_EMI1CTZ(1.0),01/07/26 23:00:00,A,DK,COMPLET,TOTAL,NR,T,IT,2012-01-01,88.0,,
ESTAT:MIGR_EMI1CTZ(1.0),01/07/26 23:00:00,A,DM,COMPLET,TOTAL,NR,T,IT,2012-01-01,7.0,,
ESTAT:MIGR_EMI1CTZ(1.0),01/07/26 23:00:00,A,DO,COMPLET,TOTAL,NR,T,IT,2012-01-01,184.0,,
ESTAT:MIGR_EMI1CTZ(1.0),01/07/26 23:00:00,A,DZ,COMPLET,TOTAL,NR,T,IT,2012-01-01,140.0,,
ESTAT:MIGR_EMI1CTZ(1.0),01/07/26 23:00:00,A,EC,COMPLET,TOTAL,NR,T,IT,2012-01-01,537.0,,
ESTAT:MIGR_EMI1CTZ(1.0),01/07/26 23:00:00,A,EE,COMPLET,TOTAL,NR,T,IT,2012-01-01,21.0,,
ESTAT:MIGR_EMI1CTZ(1.0),01/07/26 23:00:00,A,EG,COMPLET,TOTAL,NR,T,IT,2012-01-01,449.0,,
ESTAT:MIGR_EMI1CTZ(1.0),01/07/26 23:00:00,A,EH,COMPLET,TOTAL,NR,T,IT,2012-01-01,0.0,,
ESTAT:MIGR_EMI1CTZ(1.0),01/07/26 23:00:00,A,EL,COMPLET,TOTAL,NR,T,IT,2012-01-01,86.0,,
ESTAT:MIGR_EMI1CTZ(1.0),01/07/26 23:00:00,A,ER,COMPLET,TOTAL,NR,T,IT,2012-01-01,63.0,,
ESTAT:MIGR_EMI1CTZ(1.0),01/07/26 23:00:00,A,ES,COMPLET,TOTAL,NR,T,IT,2012-01-01,340.0,,
ESTAT:MIGR_EMI1CTZ(1.0),01/07/26 23:00:00,A,ET,COMPLET,TOTAL,NR,T,IT,2012-01-01,53.0,,
ESTAT:MIGR_EMI1CTZ(1.0),01/07/26 23:00:00,A,EU15,COMPLET,TOTAL,NR,T,IT,2012-01-01,72436.0,,
ESTAT:MIGR_EMI1CTZ(1.0),01/07/26 23:00:00,A,EU15_FOR,COMPLET,TOTAL,NR,T,IT,2012-01-01,4438.0,,
ESTAT:MIGR_EMI1CTZ(1.0),01/07/26 23:00:00,A,EU25,COMPLET,TOTAL,NR,T,IT,2012-01-01,74795.0,,
ESTAT:MIGR_EMI1CTZ(1.0),01/07/26 23:00:00,A,EU25_FOR,COMPLET,TOTAL,NR,T,IT,2012-01-01,6797.0,,
ESTAT:MIGR_EMI1CTZ(1.0),01/07/26 23:00:00,A,EU27_2007,COMPLET,TOTAL,NR,T,IT,2012-01-01,84465.0,,
ESTAT:MIGR_EMI1CTZ(1.0),01/07/26 23:00:00,A,EU27_2007_FOR,COMPLET,TOTAL,NR,T,IT,2012-01-01,16467.0,,
ESTAT:MIGR_EMI1CTZ(1.0),01/07/26 23:00:00,A,EUR,COMPLET,TOTAL,NR,T,IT,2012-01-01,91545.0,,
ESTAT:MIGR_EMI1CTZ(1.0),01/07/26 23:00:00,A,EX_SU,COMPLET,TOTAL,NR,T,IT,2012-01-01,0.0,,
ESTAT:MIGR_EMI1CTZ(1.0),01/07/26 23:00:00,A,EX_YU,COMPLET,TOTAL,NR,T,IT,2012-01-01,0.0,,
ESTAT:MIGR_EMI1CTZ(1.0),01/07/26 23:00:00,A,FI,COMPLET,TOTAL,NR,T,IT,2012-01-01,77.0,,
ESTAT:MIGR_EMI1CTZ(1.0),01/07/26 23:00:00,A,FJ,COMPLET,TOTAL,NR,T,IT,2012-01-01,0.0,,
ESTAT:MIGR_EMI1CTZ(1.0),01/07/26 23:00:00,A,FK,COMPLET,TOTAL,NR,T,IT,2012-01-01,0.0,,
ESTAT:MIGR_EMI1CTZ(1.0),01/07/26 23:00:00,A,FM,COMPLET,TOTAL,NR,T,IT,2012-01-01,0.0,,
ESTAT:MIGR_EMI1CTZ(1.0),01/07/26 23:00:00,A,FO,COMPLET,TOTAL,NR,T,IT,2012-01-01,0.0,,
ESTAT:MIGR_EMI1CTZ(1.0),01/07/26 23:00:00,A,FOR_STLS,COMPLET,TOTAL,NR,T,IT,2012-01-01,38218.0,,
ESTAT:MIGR_EMI1CTZ(1.0),01/07/26 23:00:00,A,FR,COMPLET,TOTAL,NR,T,IT,2012-01-01,798.0,,
ESTAT:MIGR_EMI1CTZ(1.0),01/07/26 23:00:00,A,GA,COMPLET,TOTAL,NR,T,IT,2012-01-01,0.0,,
ESTAT:MIGR_EMI1CTZ(1.0),01/07/26 23:00:00,A,GD,COMPLET,TOTAL,NR,T,IT,2012-01-01,0.0,,
ESTAT:MIGR_EMI1CTZ(1.0),01/07/26 23:00:00,A,GE,COMPLET,TOTAL,NR,T,IT,2012-01-01,68.0,,
ESTAT:MIGR_EMI1CTZ(1.0),01/07/26 23:00:00,A,GG,COMPLET,TOTAL,NR,T,IT,2012-01-01,0.0,,
ESTAT:MIGR_EMI1CTZ(1.0),01/07/26 23:00:00,A,GH,COMPLET,TOTAL,NR,T,IT,2012-01-01,210.0,,
ESTAT:MIGR_EMI1CTZ(1.0),01/07/26 23:00:00,A,GI,COMPLET,TOTAL,NR,T,IT,2012-01-01,0.0,,
ESTAT:MIGR_EMI1CTZ(1.0),01/07/26 23:00:00,A,GL,COMPLET,TOTAL,NR,T,IT,2012-01-01,0.0,,
ESTAT:MIGR_EMI1CTZ(1.0),01/07/26 23:00:00,A,GM,COMPLET,TOTAL,NR,T,IT,2012-01-01,3.0,,
ESTAT:MIGR_EMI1CTZ(1.0),01/07/26 23:00:00,A,GN,COMPLET,TOTAL,NR,T,IT,2012-01-01,21.0,,
ESTAT:MIGR_EMI1CTZ(1.0),01/07/26 23:00:00,A,GQ,COMPLET,TOTAL,NR,T,IT,2012-01-01,0.0,,
ESTAT:MIGR_EMI1CTZ(1.0),01/07/26 23:00:00,A,GT,COMPLET,TOTAL,NR,T,IT,2012-01-01,4.0,,
ESTAT:MIGR_EMI1CTZ(1.0),01/07/26 23:00:00,A,GW,COMPLET,TOTAL,NR,T,IT,2012-01-01,5.0,,
ESTAT:MIGR_EMI1CTZ(1.0),01/07/26 23:00:00,A,GY,COMPLET,TOTAL,NR,T,IT,2012-01-01,0.0,,
ESTAT:MIGR_EMI1CTZ(1.0),01/07/26 23:00:00,A,HN,COMPLET,TOTAL,NR,T,IT,2012-01-01,7.0,,
ESTAT:MIGR_EMI1CTZ(1.0),01/07/26 23:00:00,A,HR,COMPLET,TOTAL,NR,T,IT,2012-01-01,350.0,,
ESTAT:MIGR_EMI1CTZ(1.0),01/07/26 23:00:00,A,HT,COMPLET,TOTAL,NR,T,IT,2012-01-01,2.0,,
ESTAT:MIGR_EMI1CTZ(1.0),01/07/26 23:00:00,A,HU,COMPLET,TOTAL,NR,T,IT,2012-01-01,204.0,,
ESTAT:MIGR_EMI1CTZ(1.0),01/07/26 23:00:00,A,ID,COMPLET,TOTAL,NR,T,IT,2012-01-01,44.0,,
ESTAT:MIGR_EMI1CTZ(1.0),01/07/26 23:00:00,A,IE,COMPLET,TOTAL,NR,T,IT,2012-01-01,77.0,,
ESTAT:MIGR_EMI1CTZ(1.0),01/07/26 23:00:00,A,IL,COMPLET,TOTAL,NR,T,IT,2012-01-01,26.0,,
ESTAT:MIGR_EMI1CTZ(1.0),01/07/26 23:00:00,A,IM,COMPLET,TOTAL,NR,T,IT,2012-01-01,0.0,,
ESTAT:MIGR_EMI1CTZ(1.0),01/07/26 23:00:00,A,IN,COMPLET,TOTAL,NR,T,IT,2012-01-01,1285.0,,
ESTAT:MIGR_EMI1CTZ(1.0),01/07/26 23:00:00,A,IQ,COMPLET,TOTAL,NR,T,IT,2012-01-01,20.0,,
ESTAT:MIGR_EMI1CTZ(1.0),01/07/26 23:00:00,A,IR,COMPLET,TOTAL,NR,T,IT,2012-01-01,40.0,,
ESTAT:MIGR_EMI1CTZ(1.0),01/07/26 23:00:00,A,IS,COMPLET,TOTAL,NR,T,IT,2012-01-01,10.0,,
ESTAT:MIGR_EMI1CTZ(1.0),01/07/26 23:00:00,A,IT,COMPLET,TOTAL,NR,T,IT,2012-01-01,67998.0,,
ESTAT:MIGR_EMI1CTZ(1.0),01/07/26 23:00:00,A,JE,COMPLET,TOTAL,NR,T,IT,2012-01-01,0.0,,
ESTAT:MIGR_EMI1CTZ(1.0),01/07/26 23:00:00,A,JM,COMPLET,TOTAL,NR,T,IT,2012-01-01,1.0,,
ESTAT:MIGR_EMI1CTZ(1.0),01/07/26 23:00:00,A,JO,COMPLET,TOTAL,NR,T,IT,2012-01-01,18.0,,
ESTAT:MIGR_EMI1CTZ(1.0),01/07/26 23:00:00,A,JP,COMPLET,TOTAL,NR,T,IT,2012-01-01,258.0,,
ESTAT:MIGR_EMI1CTZ(1.0),01/07/26 23:00:00,A,KE,COMPLET,TOTAL,NR,T,IT,2012-01-01,26.0,,
ESTAT:MIGR_EMI1CTZ(1.0),01/07/26 23:00:00,A,KG,COMPLET,TOTAL,NR,T,IT,2012-01-01,11.0,,
ESTAT:MIGR_EMI1CTZ(1.0),01/07/26 23:00:00,A,KH,COMPLET,TOTAL,NR,T,IT,2012-01-01,1.0,,
ESTAT:MIGR_EMI1CTZ(1.0),01/07/26 23:00:00,A,KI,COMPLET,TOTAL,NR,T,IT,2012-01-01,0.0,,
ESTAT:MIGR_EMI1CTZ(1.0),01/07/26 23:00:00,A,KM,COMPLET,TOTAL,NR,T,IT,2012-01-01,0.0,,
ESTAT:MIGR_EMI1CTZ(1.0),01/07/26 23:00:00,A,KN,COMPLET,TOTAL,NR,T,IT,2012-01-01,0.0,,
ESTAT:MIGR_EMI1CTZ(1.0),01/07/26 23:00:00,A,KP,COMPLET,TOTAL,NR,T,IT,2012-01-01,29.0,,
ESTAT:MIGR_EMI1CTZ(1.0),01/07/26 23:00:00,A,KR,COMPLET,TOTAL,NR,T,IT,2012-01-01,67.0,,
ESTAT:MIGR_EMI1CTZ(1.0),01/07/26 23:00:00,A,KW,COMPLET,TOTAL,NR,T,IT,2012-01-01,0.0,,
ESTAT:MIGR_EMI1CTZ(1.0),01/07/26 23:00:00,A,KY,COMPLET,TOTAL,NR,T,IT,2012-01-01,0.0,,
ESTAT:MIGR_EMI1CTZ(1.0),01/07/26 23:00:00,A,KZ,COMPLET,TOTAL,NR,T,IT,2012-01-01,19.0,,
ESTAT:MIGR_EMI1CTZ(1.0),01/07/26 23:00:00,A,LA,COMPLET,TOTAL,NR,T,IT,2012-01-01,0.0,,
ESTAT:MIGR_EMI1CTZ(1.0),01/07/26 23:00:00,A,LB,COMPLET,TOTAL,NR,T,IT,2012-01-01,27.0,,
ESTAT:MIGR_EMI1CTZ(1.0),01/07/26 23:00:00,A,LC,COMPLET,TOTAL,NR,T,IT,2012-01-01,0.0,,
ESTAT:MIGR_EMI1CTZ(1.0),01/07/26 23:00:00,A,LI,COMPLET,TOTAL,NR,T,IT,2012-01-01,0.0,,
ESTAT:MIGR_EMI1CTZ(1.0),01/07/26 23:00:00,A,LK,COMPLET,TOTAL,NR,T,IT,2012-01-01,596.0,,
ESTAT:MIGR_EMI1CTZ(1.0),01/07/26 23:00:00,A,LR,COMPLET,TOTAL,NR,T,IT,2012-01-01,14.0,,
ESTAT:MIGR_EMI1CTZ(1.0),01/07/26 23:00:00,A,LS,COMPLET,TOTAL,NR,T,IT,2012-01-01,0.0,,
ESTAT:MIGR_EMI1CTZ(1.0),01/07/26 23:00:00,A,LT,COMPLET,TOTAL,NR,T,IT,2012-01-01,63.0,,
ESTAT:MIGR_EMI1CTZ(1.0),01/07/26 23:00:00,A,LU,COMPLET,TOTAL,NR,T,IT,2012-01-01,9.0,,
ESTAT:MIGR_EMI1CTZ(1.0),01/07/26 23:00:00,A,LV,COMPLET,TOTAL,NR,T,IT,2012-01-01,32.0,,
ESTAT:MIGR_EMI1CTZ(1.0),01/07/26 23:00:00,A,LY,COMPLET,TOTAL,NR,T,IT,2012-01-01,20.0,,
ESTAT:MIGR_EMI1CTZ(1.0),01/07/26 23:00:00,A,MA,COMPLET,TOTAL,NR,T,IT,2012-01-01,1960.0,,
ESTAT:MIGR_EMI1CTZ(1.0),01/07/26 23:00:00,A,MC,COMPLET,TOTAL,NR,T,IT,2012-01-01,1.0,,
ESTAT:MIGR_EMI1CTZ(1.0),01/07/26 23:00:00,A,MD,COMPLET,TOTAL,NR,T,IT,2012-01-01,1090.0,,
ESTAT:MIGR_EMI1CTZ(1.0),01/07/26 23:00:00,A,ME,COMPLET,TOTAL,NR,T,IT,2012-01-01,10.0,,
ESTAT:MIGR_EMI1CTZ(1.0),01/07/26 23:00:00,A,MEL,COMPLET,TOTAL,NR,T,IT,2012-01-01,1.0,,
ESTAT:MIGR_EMI1CTZ(1.0),01/07/26 23:00:00,A,MF,COMPLET,TOTAL,NR,T,IT,2012-01-01,0.0,,
ESTAT:MIGR_EMI1CTZ(1.0),01/07/26 23:00:00,A,MG,COMPLET,TOTAL,NR,T,IT,2012-01-01,10.0,,
ESTAT:MIGR_EMI1CTZ(1.0),01/07/26 23:00:00,A,MH,COMPLET,TOTAL,NR,T,IT,2012-01-01,0.0,,
ESTAT:MIGR_EMI1CTZ(1.0),01/07/26 23:00:00,A,MIC,COMPLET,TOTAL,NR,T,IT,2012-01-01,0.0,,
ESTAT:MIGR_EMI1CTZ(1.0),01/07/26 23:00:00,A,MK,COMPLET,TOTAL,NR,T,IT,2012-01-01,649.0,,
ESTAT:MIGR_EMI1CTZ(1.0),01/07/26 23:00:00,A,ML,COMPLET,TOTAL,NR,T,IT,2012-01-01,9.0,,
ESTAT:MIGR_EMI1CTZ(1.0),01/07/26 23:00:00,A,MM,COMPLET,TOTAL,NR,T,IT,2012-01-01,3.0,,
ESTAT:MIGR_EMI1CTZ(1.0),01/07/26 23:00:00,A,MN,COMPLET,TOTAL,NR,T,IT,2012-01-01,1.0,,
ESTAT:MIGR_EMI1CTZ(1.0),01/07/26 23:00:00,A,MR,COMPLET,TOTAL,NR,T,IT,2012-01-01,2.0,,
ESTAT:MIGR_EMI1CTZ(1.0),01/07/26 23:00:00,A,MS,COMPLET,TOTAL,NR,T,IT,2012-01-01,0.0,,
ESTAT:MIGR_EMI1CTZ(1.0),01/07/26 23:00:00,A,MT,COMPLET,TOTAL,NR,T,IT,2012-01-01,8.0,,
ESTAT:MIGR_EMI1CTZ(1.0),01/07/26 23:00:00,A,MU,COMPLET,TOTAL,NR,T,IT,2012-01-01,21.0,,
ESTAT:MIGR_EMI1CTZ(1.0),01/07/26 23:00:00,A,MV,COMPLET,TOTAL,NR,T,IT,2012-01-01,0.0,,
ESTAT:MIGR_EMI1CTZ(1.0),01/07/26 23:00:00,A,MW,COMPLET,TOTAL,NR,T,IT,2012-01-01,1.0,,
ESTAT:MIGR_EMI1CTZ(1.0),01/07/26 23:00:00,A,MX,COMPLET,TOTAL,NR,T,IT,2012-01-01,58.0,,
ESTAT:MIGR_EMI1CTZ(1.0),01/07/26 23:00:00,A,MY,COMPLET,TOTAL,NR,T,IT,2012-01-01,13.0,,
ESTAT:MIGR_EMI1CTZ(1.0),01/07/26 23:00:00,A,MZ,COMPLET,TOTAL,NR,T,IT,2012-01-01,3.0,,
ESTAT:MIGR_EMI1CTZ(1.0),01/07/26 23:00:00,A,NA,COMPLET,TOTAL,NR,T,IT,2012-01-01,1.0,,
ESTAT:MIGR_EMI1CTZ(1.0),01/07/26 23:00:00,A,NAT,COMPLET,TOTAL,NR,T,IT,2012-01-01,67998.0,,
ESTAT:MIGR_EMI1CTZ(1.0),01/07/26 23:00:00,A,NC,COMPLET,TOTAL,NR,T,IT,2012-01-01,0.0,,
ESTAT:MIGR_EMI1CTZ(1.0),01/07/26 23:00:00,A,NE,COMPLET,TOTAL,NR,T,IT,2012-01-01,2.0,,
ESTAT:MIGR_EMI1CTZ(1.0),01/07/26 23:00:00,A,NEU27_2007_FOR_STLS,COMPLET,TOTAL,NR,T,IT,2012-01-01,21751.0,,
ESTAT:MIGR_EMI1CTZ(1.0),01/07/26 23:00:00,A,NG,COMPLET,TOTAL,NR,T,IT,2012-01-01,188.0,,
ESTAT:MIGR_EMI1CTZ(1.0),01/07/26 23:00:00,A,NI,COMPLET,TOTAL,NR,T,IT,2012-01-01,5.0,,
ESTAT:MIGR_EMI1CTZ(1.0),01/07/26 23:00:00,A,NL,COMPLET,TOTAL,NR,T,IT,2012-01-01,277.0,,
ESTAT:MIGR_EMI1CTZ(1.0),01/07/26 23:00:00,A,NO,COMPLET,TOTAL,NR,T,IT,2012-01-01,21.0,,
ESTAT:MIGR_EMI1CTZ(1.0),01/07/26 23:00:00,A,NP,COMPLET,TOTAL,NR,T,IT,2012-01-01,14.0,,
ESTAT:MIGR_EMI1CTZ(1.0),01/07/26 23:00:00,A,NR,COMPLET,TOTAL,NR,T,IT,2012-01-01,0.0,,
ESTAT:MIGR_EMI1CTZ(1.0),01/07/26 23:00:00,A,NZ,COMPLET,TOTAL,NR,T,IT,2012-01-01,19.0,,
ESTAT:MIGR_EMI1CTZ(1.0),01/07/26 23:00:00,A,OCE,COMPLET,TOTAL,NR,T,IT,2012-01-01,75.0,,
ESTAT:MIGR_EMI1CTZ(1.0),01/07/26 23:00:00,A,OM,COMPLET,TOTAL,NR,T,IT,2012-01-01,0.0,,
ESTAT:MIGR_EMI1CTZ(1.0),01/07/26 23:00:00,A,OTH,COMPLET,TOTAL,NR,T,IT,2012-01-01,352.0,,
ESTAT:MIGR_EMI1CTZ(1.0),01/07/26 23:00:00,A,PA,COMPLET,TOTAL,NR,T,IT,2012-01-01,4.0,,
ESTAT:MIGR_EMI1CTZ(1.0),01/07/26 23:00:00,A,PE,COMPLET,TOTAL,NR,T,IT,2012-01-01,430.0,,
ESTAT:MIGR_EMI1CTZ(1.0),01/07/26 23:00:00,A,PF,COMPLET,TOTAL,NR,T,IT,2012-01-01,0.0,,
ESTAT:MIGR_EMI1CTZ(1.0),01/07/26 23:00:00,A,PG,COMPLET,TOTAL,NR,T,IT,2012-01-01,1.0,,
ESTAT:MIGR_EMI1CTZ(1.0),01/07/26 23:00:00,A,PH,COMPLET,TOTAL,NR,T,IT,2012-01-01,439.0,,
ESTAT:MIGR_EMI1CTZ(1.0),01/07/26 23:00:00,A,PK,COMPLET,TOTAL,NR,T,IT,2012-01-01,598.0,,
ESTAT:MIGR_EMI1CTZ(1.0),01/07/26 23:00:00,A,PL,COMPLET,TOTAL,NR,T,IT,2012-01-01,1417.0,,
ESTAT:MIGR_EMI1CTZ(1.0),01/07/26 23:00:00,A,PM,COMPLET,TOTAL,NR,T,IT,2012-01-01,0.0,,
ESTAT:MIGR_EMI1CTZ(1.0),01/07/26 23:00:00,A,PN,COMPLET,TOTAL,NR,T,IT,2012-01-01,0.0,,
ESTAT:MIGR_EMI1CTZ(1.0),01/07/26 23:00:00,A,POL,COMPLET,TOTAL,NR,T,IT,2012-01-01,0.0,,
ESTAT:MIGR_EMI1CTZ(1.0),01/07/26 23:00:00,A,PS,COMPLET,TOTAL,NR,T,IT,2012-01-01,0.0,,
ESTAT:MIGR_EMI1CTZ(1.0),01/07/26 23:00:00,A,PT,COMPLET,TOTAL,NR,T,IT,2012-01-01,118.0,,
ESTAT:MIGR_EMI1CTZ(1.0),01/07/26 23:00:00,A,PW,COMPLET,TOTAL,NR,T,IT,2012-01-01,0.0,,
ESTAT:MIGR_EMI1CTZ(1.0),01/07/26 23:00:00,A,PY,COMPLET,TOTAL,NR,T,IT,2012-01-01,24.0,,
ESTAT:MIGR_EMI1CTZ(1.0),01/07/26 23:00:00,A,QA,COMPLET,TOTAL,NR,T,IT,2012-01-01,0.0,,
ESTAT:MIGR_EMI1CTZ(1.0),01/07/26 23:00:00,A,RNC,COMPLET,TOTAL,NR,T,IT,2012-01-01,0.0,,
ESTAT:MIGR_EMI1CTZ(1.0),01/07/26 23:00:00,A,RO,COMPLET,TOTAL,NR,T,IT,2012-01-01,9131.0,,
ESTAT:MIGR_EMI1CTZ(1.0),01/07/26 23:00:00,A,RS,COMPLET,TOTAL,NR,T,IT,2012-01-01,675.0,,
ESTAT:MIGR_EMI1CTZ(1.0),01/07/26 23:00:00,A,RS_ME,COMPLET,TOTAL,NR,T,IT,2012-01-01,0.0,,
ESTAT:MIGR_EMI1CTZ(1.0),01/07/26 23:00:00,A,RU,COMPLET,TOTAL,NR,T,IT,2012-01-01,243.0,,
ESTAT:MIGR_EMI1CTZ(1.0),01/07/26 23:00:00,A,RW,COMPLET,TOTAL,NR,T,IT,2012-01-01,1.0,,
ESTAT:MIGR_EMI1CTZ(1.0),01/07/26 23:00:00,A,SA,COMPLET,TOTAL,NR,T,IT,2012-01-01,1.0,,
ESTAT:MIGR_EMI1CTZ(1.0),01/07/26 23:00:00,A,SB,COMPLET,TOTAL,NR,T,IT,2012-01-01,0.0,,
ESTAT:MIGR_EMI1CTZ(1.0),01/07/26 23:00:00,A,SC,COMPLET,TOTAL,NR,T,IT,2012-01-01,1.0,,
ESTAT:MIGR_EMI1CTZ(1.0),01/07/26 23:00:00,A,SD,COMPLET,TOTAL,NR,T,IT,2012-01-01,14.0,,
ESTAT:MIGR_EMI1CTZ(1.0),01/07/26 23:00:00,A,SE,COMPLET,TOTAL,NR,T,IT,2012-01-01,114.0,,
ESTAT:MIGR_EMI1CTZ(1.0),01/07/26 23:00:00,A,SG,COMPLET,TOTAL,NR,T,IT,2012-01-01,11.0,,
ESTAT:MIGR_EMI1CTZ(1.0),01/07/26 23:00:00,A,SH,COMPLET,TOTAL,NR,T,IT,2012-01-01,0.0,,
ESTAT:MIGR_EMI1CTZ(1.0),01/07/26 23:00:00,A,SI,COMPLET,TOTAL,NR,T,IT,2012-01-01,153.0,,
ESTAT:MIGR_EMI1CTZ(1.0),01/07/26 23:00:00,A,SK,COMPLET,TOTAL,NR,T,IT,2012-01-01,309.0,,
ESTAT:MIGR_EMI1CTZ(1.0),01/07/26 23:00:00,A,SL,COMPLET,TOTAL,NR,T,IT,2012-01-01,5.0,,
ESTAT:MIGR_EMI1CTZ(1.0),01/07/26 23:00:00,A,SM,COMPLET,TOTAL,NR,T,IT,2012-01-01,11.0,,
ESTAT:MIGR_EMI1CTZ(1.0),01/07/26 23:00:00,A,SN,COMPLET,TOTAL,NR,T,IT,2012-01-01,397.0,,
ESTAT:MIGR_EMI1CTZ(1.0),01/07/26 23:00:00,A,SO,COMPLET,TOTAL,NR,T,IT,2012-01-01,34.0,,
ESTAT:MIGR_EMI1CTZ(1.0),01/07/26 23:00:00,A,SR,COMPLET,TOTAL,NR,T,IT,2012-01-01,0.0,,
ESTAT:MIGR_EMI1CTZ(1.0),01/07/26 23:00:00,A,SS,COMPLET,TOTAL,NR,T,IT,2012-01-01,0.0,,
ESTAT:MIGR_EMI1CTZ(1.0),01/07/26 23:00:00,A,ST,COMPLET,TOTAL,NR,T,IT,2012-01-01,1.0,,
ESTAT:MIGR_EMI1CTZ(1.0),01/07/26 23:00:00,A,STLS,COMPLET,TOTAL,NR,T,IT,2012-01-01,5.0,,
ESTAT:MIGR_EMI1CTZ(1.0),01/07/26 23:00:00,A,SV,COMPLET,TOTAL,NR,T,IT,2012-01-01,20.0,,
ESTAT:MIGR_EMI1CTZ(1.0),01/07/26 23:00:00,A,SY,COMPLET,TOTAL,NR,T,IT,2012-01-01,21.0,,
ESTAT:MIGR_EMI1CTZ(1.0),01/07/26 23:00:00,A,SZ,COMPLET,TOTAL,NR,T,IT,2012-01-01,0.0,,
ESTAT:MIGR_EMI1CTZ(1.0),01/07/26 23:00:00,A,TC,COMPLET,TOTAL,NR,T,IT,2012-01-01,0.0,,
ESTAT:MIGR_EMI1CTZ(1.0),01/07/26 23:00:00,A,TD,COMPLET,TOTAL,NR,T,IT,2012-01-01,0.0,,
ESTAT:MIGR_EMI1CTZ(1.0),01/07/26 23:00:00,A,TF,COMPLET,TOTAL,NR,T,IT,2012-01-01,0.0,,
ESTAT:MIGR_EMI1CTZ(1.0),01/07/26 23:00:00,A,TG,COMPLET,TOTAL,NR,T,IT,2012-01-01,17.0,,
ESTAT:MIGR_EMI1CTZ(1.0),01/07/26 23:00:00,A,TH,COMPLET,TOTAL,NR,T,IT,2012-01-01,58.0,,
ESTAT:MIGR_EMI1CTZ(1.0),01/07/26 23:00:00,A,TJ,COMPLET,TOTAL,NR,T,IT,2012-01-01,0.0,,
ESTAT:MIGR_EMI1CTZ(1.0),01/07/26 23:00:00,A,TL,COMPLET,TOTAL,NR,T,IT,2012-01-01,1.0,,
ESTAT:MIGR_EMI1CTZ(1.0),01/07/26 23:00:00,A,TM,COMPLET,TOTAL,NR,T,IT,2012-01-01,0.0,,
ESTAT:MIGR_EMI1CTZ(1.0),01/07/26 23:00:00,A,TN,COMPLET,TOTAL,NR,T,IT,2012-01-01,676.0,,
ESTAT:MIGR_EMI1CTZ(1.0),01/07/26 23:00:00,A,TO,COMPLET,TOTAL,NR,T,IT,2012-01-01,0.0,,
ESTAT:MIGR_EMI1CTZ(1.0),01/07/26 23:00:00,A,TOTAL,COMPLET,TOTAL,NR,T,IT,2012-01-01,106216.0,,
ESTAT:MIGR_EMI1CTZ(1.0),01/07/26 23:00:00,A,TR,COMPLET,TOTAL,NR,T,IT,2012-01-01,195.0,,
ESTAT:MIGR_EMI1CTZ(1.0),01/07/26 23:00:00,A,TT,COMPLET,TOTAL,NR,T,IT,2012-01-01,0.0,,
ESTAT:MIGR_EMI1CTZ(1.0),01/07/26 23:00:00,A,TV,COMPLET,TOTAL,NR,T,IT,2012-01-01,0.0,,
ESTAT:MIGR_EMI1CTZ(1.0),01/07/26 23:00:00,A,TW,COMPLET,TOTAL,NR,T,IT,2012-01-01,14.0,,
ESTAT:MIGR_EMI1CTZ(1.0),01/07/26 23:00:00,A,TZ,COMPLET,TOTAL,NR,T,IT,2012-01-01,15.0,,
ESTAT:MIGR_EMI1CTZ(1.0),01/07/26 23:00:00,A,UA,COMPLET,TOTAL,NR,T,IT,2012-01-01,1440.0,,
ESTAT:MIGR_EMI1CTZ(1.0),01/07/26 23:00:00,A,UG,COMPLET,TOTAL,NR,T,IT,2012-01-01,1.0,,
ESTAT:MIGR_EMI1CTZ(1.0),01/07/26 23:00:00,A,UK,COMPLET,TOTAL,NR,T,IT,2012-01-01,786.0,,
ESTAT:MIGR_EMI1CTZ(1.0),01/07/26 23:00:00,A,UNK,COMPLET,TOTAL,NR,T,IT,2012-01-01,0.0,,
ESTAT:MIGR_EMI1CTZ(1.0),01/07/26 23:00:00,A,US,COMPLET,TOTAL,NR,T,IT,2012-01-01,391.0,,
ESTAT:MIGR_EMI1CTZ(1.0),01/07/26 23:00:00,A,UY,COMPLET,TOTAL,NR,T,IT,2012-01-01,15.0,,
ESTAT:MIGR_EMI1CTZ(1.0),01/07/26 23:00:00,A,UZ,COMPLET,TOTAL,NR,T,IT,2012-01-01,15.0,,
ESTAT:MIGR_EMI1CTZ(1.0),01/07/26 23:00:00,A,VA,COMPLET,TOTAL,NR,T,IT,2012-01-01,0.0,,
ESTAT:MIGR_EMI1CTZ(1.0),01/07/26 23:00:00,A,VC,COMPLET,TOTAL,NR,T,IT,2012-01-01,0.0,,
ESTAT:MIGR_EMI1CTZ(1.0),01/07/26 23:00:00,A,VE,COMPLET,TOTAL,NR,T,IT,2012-01-01,56.0,,
ESTAT:MIGR_EMI1CTZ(1.0),01/07/26 23:00:00,A,VG,COMPLET,TOTAL,NR,T,IT,2012-01-01,0.0,,
ESTAT:MIGR_EMI1CTZ(1.0),01/07/26 23:00:00,A,VN,COMPLET,TOTAL,NR,T,IT,2012-01-01,9.0,,
ESTAT:MIGR_EMI1CTZ(1.0),01/07/26 23:00:00,A,VU,COMPLET,TOTAL,NR,T,IT,2012-01-01,0.0,,
ESTAT:MIGR_EMI1CTZ(1.0),01/07/26 23:00:00,A,WF,COMPLET,TOTAL,NR,T,IT,2012-01-01,0.0,,
ESTAT:MIGR_EMI1CTZ(1.0),01/07/26 23:00:00,A,WS,COMPLET,TOTAL,NR,T,IT,2012-01-01,0.0,,
ESTAT:MIGR_EMI1CTZ(1.0),01/07/26 23:00:00,A,XK,COMPLET,TOTAL,NR,T,IT,2012-01-01,0.0,,
ESTAT:MIGR_EMI1CTZ(1.0),01/07/26 23:00:00,A,YE,COMPLET,TOTAL,NR,T,IT,2012-01-01,5.0,,
ESTAT:MIGR_EMI1CTZ(1.0),01/07/26 23:00:00,A,YT,COMPLET,TOTAL,NR,T,IT,2012-01-01,0.0,,
ESTAT:MIGR_EMI1CTZ(1.0),01/07/26 23:00:00,A,ZA,COMPLET,TOTAL,NR,T,IT,2012-01-01,8.0,,
ESTAT:MIGR_EMI1CTZ(1.0),01/07/26 23:00:00,A,ZM,COMPLET,TOTAL,NR,T,IT,2012-01-01,0.0,,
ESTAT:MIGR_EMI1CTZ(1.0),01/07/26 23:00:00,A,ZW,COMPLET,TOTAL,NR,T,IT,2012-01-01,0.0,,
ESTAT:MIGR_EMI1CTZ(1.0),01/07/26 23:00:00,A,AD,COMPLET,TOTAL,NR,T,IT,2013-01-01,4.0,,
ESTAT:MIGR_EMI1CTZ(1.0),01/07/26 23:00:00,A,AE,COMPLET,TOTAL,NR,T,IT,2013-01-01,0.0,,
ESTAT:MIGR_EMI1CTZ(1.0),01/07/26 23:00:00,A,AF,COMPLET,TOTAL,NR,T,IT,2013-01-01,19.0,,
ESTAT:MIGR_EMI1CTZ(1.0),01/07/26 23:00:00,A,AFR,COMPLET,TOTAL,NR,T,IT,2013-01-01,5231.0,,
ESTAT:MIGR_EMI1CTZ(1.0),01/07/26 23:00:00,A,AFR_C,COMPLET,TOTAL,NR,T,IT,2013-01-01,135.0,,
ESTAT:MIGR_EMI1CTZ(1.0),01/07/26 23:00:00,A,AFR_E,COMPLET,TOTAL,NR,T,IT,2013-01-01,223.0,,
ESTAT:MIGR_EMI1CTZ(1.0),01/07/26 23:00:00,A,AFR_N,COMPLET,TOTAL,NR,T,IT,2013-01-01,3616.0,,
ESTAT:MIGR_EMI1CTZ(1.0),01/07/26 23:00:00,A,AFR_S,COMPLET,TOTAL,NR,T,IT,2013-01-01,13.0,,
ESTAT:MIGR_EMI1CTZ(1.0),01/07/26 23:00:00,A,AFR_W,COMPLET,TOTAL,NR,T,IT,2013-01-01,1244.0,,
ESTAT:MIGR_EMI1CTZ(1.0),01/07/26 23:00:00,A,AG,COMPLET,TOTAL,NR,T,IT,2013-01-01,0.0,,
ESTAT:MIGR_EMI1CTZ(1.0),01/07/26 23:00:00,A,AI,COMPLET,TOTAL,NR,T,IT,2013-01-01,0.0,,
ESTAT:MIGR_EMI1CTZ(1.0),01/07/26 23:00:00,A,AL,COMPLET,TOTAL,NR,T,IT,2013-01-01,2296.0,,
ESTAT:MIGR_EMI1CTZ(1.0),01/07/26 23:00:00,A,AM,COMPLET,TOTAL,NR,T,IT,2013-01-01,5.0,,
ESTAT:MIGR_EMI1CTZ(1.0),01/07/26 23:00:00,A,AME,COMPLET,TOTAL,NR,T,IT,2013-01-01,3812.0,,
ESTAT:MIGR_EMI1CTZ(1.0),01/07/26 23:00:00,A,AME_C,COMPLET,TOTAL,NR,T,IT,2013-01-01,107.0,,
ESTAT:MIGR_EMI1CTZ(1.0),01/07/26 23:00:00,A,AME_N,COMPLET,TOTAL,NR,T,IT,2013-01-01,557.0,,
ESTAT:MIGR_EMI1CTZ(1.0),01/07/26 23:00:00,A,AME_S,COMPLET,TOTAL,NR,T,IT,2013-01-01,2733.0,,
ESTAT:MIGR_EMI1CTZ(1.0),01/07/26 23:00:00,A,AN,COMPLET,TOTAL,NR,T,IT,2013-01-01,0.0,,
ESTAT:MIGR_EMI1CTZ(1.0),01/07/26 23:00:00,A,AO,COMPLET,TOTAL,NR,T,IT,2013-01-01,22.0,,
ESTAT:MIGR_EMI1CTZ(1.0),01/07/26 23:00:00,A,AR,COMPLET,TOTAL,NR,T,IT,2013-01-01,157.0,,
ESTAT:MIGR_EMI1CTZ(1.0),01/07/26 23:00:00,A,ASI,COMPLET,TOTAL,NR,T,IT,2013-01-01,6893.0,,
ESTAT:MIGR_EMI1CTZ(1.0),01/07/26 23:00:00,A,ASI_C,COMPLET,TOTAL,NR,T,IT,2013-01-01,45.0,,
ESTAT:MIGR_EMI1CTZ(1.0),01/07/26 23:00:00,A,ASI_E,COMPLET,TOTAL,NR,T,IT,2013-01-01,2330.0,,
ESTAT:MIGR_EMI1CTZ(1.0),01/07/26 23:00:00,A,ASI_S,COMPLET,TOTAL,NR,T,IT,2013-01-01,3759.0,,
ESTAT:MIGR_EMI1CTZ(1.0),01/07/26 23:00:00,A,ASI_S_E,COMPLET,TOTAL,NR,T,IT,2013-01-01,531.0,,
ESTAT:MIGR_EMI1CTZ(1.0),01/07/26 23:00:00,A,ASI_W,COMPLET,TOTAL,NR,T,IT,2013-01-01,228.0,,
ESTAT:MIGR_EMI1CTZ(1.0),01/07/26 23:00:00,A,AT,COMPLET,TOTAL,NR,T,IT,2013-01-01,179.0,,
ESTAT:MIGR_EMI1CTZ(1.0),01/07/26 23:00:00,A,AU,COMPLET,TOTAL,NR,T,IT,2013-01-01,72.0,,
ESTAT:MIGR_EMI1CTZ(1.0),01/07/26 23:00:00,A,AU_NZ,COMPLET,TOTAL,NR,T,IT,2013-01-01,85.0,,
ESTAT:MIGR_EMI1CTZ(1.0),01/07/26 23:00:00,A,AW,COMPLET,TOTAL,NR,T,IT,2013-01-01,0.0,,
ESTAT:MIGR_EMI1CTZ(1.0),01/07/26 23:00:00,A,AZ,COMPLET,TOTAL,NR,T,IT,2013-01-01,4.0,,
ESTAT:MIGR_EMI1CTZ(1.0),01/07/26 23:00:00,A,BA,COMPLET,TOTAL,NR,T,IT,2013-01-01,272.0,,
ESTAT:MIGR_EMI1CTZ(1.0),01/07/26 23:00:00,A,BB,COMPLET,TOTAL,NR,T,IT,2013-01-01,0.0,,
ESTAT:MIGR_EMI1CTZ(1.0),01/07/26 23:00:00,A,BD,COMPLET,TOTAL,NR,T,IT,2013-01-01,739.0,,
ESTAT:MIGR_EMI1CTZ(1.0),01/07/26 23:00:00,A,BE,COMPLET,TOTAL,NR,T,IT,2013-01-01,158.0,,
ESTAT:MIGR_EMI1CTZ(1.0),01/07/26 23:00:00,A,BF,COMPLET,TOTAL,NR,T,IT,2013-01-01,56.0,,
ESTAT:MIGR_EMI1CTZ(1.0),01/07/26 23:00:00,A,BG,COMPLET,TOTAL,NR,T,IT,2013-01-01,728.0,,
ESTAT:MIGR_EMI1CTZ(1.0),01/07/26 23:00:00,A,BH,COMPLET,TOTAL,NR,T,IT,2013-01-01,1.0,,
ESTAT:MIGR_EMI1CTZ(1.0),01/07/26 23:00:00,A,BI,COMPLET,TOTAL,NR,T,IT,2013-01-01,7.0,,
ESTAT:MIGR_EMI1CTZ(1.0),01/07/26 23:00:00,A,BJ,COMPLET,TOTAL,NR,T,IT,2013-01-01,13.0,,
ESTAT:MIGR_EMI1CTZ(1.0),01/07/26 23:00:00,A,BL,COMPLET,TOTAL,NR,T,IT,2013-01-01,0.0,,
ESTAT:MIGR_EMI1CTZ(1.0),01/07/26 23:00:00,A,BM,COMPLET,TOTAL,NR,T,IT,2013-01-01,0.0,,
ESTAT:MIGR_EMI1CTZ(1.0),01/07/26 23:00:00,A,BN,COMPLET,TOTAL,NR,T,IT,2013-01-01,0.0,,
ESTAT:MIGR_EMI1CTZ(1.0),01/07/26 23:00:00,A,BO,COMPLET,TOTAL,NR,T,IT,2013-01-01,98.0,,
ESTAT:MIGR_EMI1CTZ(1.0),01/07/26 23:00:00,A,BQ,COMPLET,TOTAL,NR,T,IT,2013-01-01,0.0,,
ESTAT:MIGR_EMI1CTZ(1.0),01/07/26 23:00:00,A,BR,COMPLET,TOTAL,NR,T,IT,2013-01-01,724.0,,
ESTAT:MIGR_EMI1CTZ(1.0),01/07/26 23:00:00,A,BS,COMPLET,TOTAL,NR,T,IT,2013-01-01,0.0,,
ESTAT:MIGR_EMI1CTZ(1.0),01/07/26 23:00:00,A,BT,COMPLET,TOTAL,NR,T,IT,2013-01-01,2.0,,
ESTAT:MIGR_EMI1CTZ(1.0),01/07/26 23:00:00,A,BW,COMPLET,TOTAL,NR,T,IT,2013-01-01,0.0,,
ESTAT:MIGR_EMI1CTZ(1.0),01/07/26 23:00:00,A,BY,COMPLET,TOTAL,NR,T,IT,2013-01-01,68.0,,
ESTAT:MIGR_EMI1CTZ(1.0),01/07/26 23:00:00,A,BZ,COMPLET,TOTAL,NR,T,IT,2013-01-01,0.0,,
ESTAT:MIGR_EMI1CTZ(1.0),01/07/26 23:00:00,A,CA,COMPLET,TOTAL,NR,T,IT,2013-01-01,52.0,,
ESTAT:MIGR_EMI1CTZ(1.0),01/07/26 23:00:00,A,CD,COMPLET,TOTAL,NR,T,IT,2013-01-01,5.0,,
ESTAT:MIGR_EMI1CTZ(1.0),01/07/26 23:00:00,A,CF,COMPLET,TOTAL,NR,T,IT,2013-01-01,6.0,,
ESTAT:MIGR_EMI1CTZ(1.0),01/07/26 23:00:00,A,CG,COMPLET,TOTAL,NR,T,IT,2013-01-01,15.0,,
ESTAT:MIGR_EMI1CTZ(1.0),01/07/26 23:00:00,A,CH,COMPLET,TOTAL,NR,T,IT,2013-01-01,277.0,,
ESTAT:MIGR_EMI1CTZ(1.0),01/07/26 23:00:00,A,CI,COMPLET,TOTAL,NR,T,IT,2013-01-01,177.0,,
ESTAT:MIGR_EMI1CTZ(1.0),01/07/26 23:00:00,A,CL,COMPLET,TOTAL,NR,T,IT,2013-01-01,55.0,,
ESTAT:MIGR_EMI1CTZ(1.0),01/07/26 23:00:00,A,CM,COMPLET,TOTAL,NR,T,IT,2013-01-01,76.0,,
ESTAT:MIGR_EMI1CTZ(1.0),01/07/26 23:00:00,A,CN,COMPLET,TOTAL,NR,T,IT,2013-01-01,1943.0,,
ESTAT:MIGR_EMI1CTZ(1.0),01/07/26 23:00:00,A,CO,COMPLET,TOTAL,NR,T,IT,2013-01-01,182.0,,
ESTAT:MIGR_EMI1CTZ(1.0),01/07/26 23:00:00,A,CR,COMPLET,TOTAL,NR,T,IT,2013-01-01,4.0,,
ESTAT:MIGR_EMI1CTZ(1.0),01/07/26 23:00:00,A,CRB,COMPLET,TOTAL,NR,T,IT,2013-01-01,415.0,,
ESTAT:MIGR_EMI1CTZ(1.0),01/07/26 23:00:00,A,CU,COMPLET,TOTAL,NR,T,IT,2013-01-01,197.0,,
ESTAT:MIGR_EMI1CTZ(1.0),01/07/26 23:00:00,A,CV,COMPLET,TOTAL,NR,T,IT,2013-01-01,9.0,,
ESTAT:MIGR_EMI1CTZ(1.0),01/07/26 23:00:00,A,CW,COMPLET,TOTAL,NR,T,IT,2013-01-01,0.0,,
ESTAT:MIGR_EMI1CTZ(1.0),01/07/26 23:00:00,A,CY,COMPLET,TOTAL,NR,T,IT,2013-01-01,1.0,,
ESTAT:MIGR_EMI1CTZ(1.0),01/07/26 23:00:00,A,CZ,COMPLET,TOTAL,NR,T,IT,2013-01-01,123.0,,
ESTAT:MIGR_EMI1CTZ(1.0),01/07/26 23:00:00,A,CZ_SK,COMPLET,TOTAL,NR,T,IT,2013-01-01,0.0,,
ESTAT:MIGR_EMI1CTZ(1.0),01/07/26 23:00:00,A,DE,COMPLET,TOTAL,NR,T,IT,2013-01-01,1291.0,,
ESTAT:MIGR_EMI1CTZ(1.0),01/07/26 23:00:00,A,DJ,COMPLET,TOTAL,NR,T,IT,2013-01-01,0.0,,
ESTAT:MIGR_EMI1CTZ(1.0),01/07/26 23:00:00,A,DK,COMPLET,TOTAL,NR,T,IT,2013-01-01,69.0,,
ESTAT:MIGR_EMI1CTZ(1.0),01/07/26 23:00:00,A,DM,COMPLET,TOTAL,NR,T,IT,2013-01-01,8.0,,
ESTAT:MIGR_EMI1CTZ(1.0),01/07/26 23:00:00,A,DO,COMPLET,TOTAL,NR,T,IT,2013-01-01,204.0,,
ESTAT:MIGR_EMI1CTZ(1.0),01/07/26 23:00:00,A,DZ,COMPLET,TOTAL,NR,T,IT,2013-01-01,159.0,,
ESTAT:MIGR_EMI1CTZ(1.0),01/07/26 23:00:00,A,EC,COMPLET,TOTAL,NR,T,IT,2013-01-01,777.0,,
ESTAT:MIGR_EMI1CTZ(1.0),01/07/26 23:00:00,A,EE,COMPLET,TOTAL,NR,T,IT,2013-01-01,14.0,,
ESTAT:MIGR_EMI1CTZ(1.0),01/07/26 23:00:00,A,EG,COMPLET,TOTAL,NR,T,IT,2013-01-01,360.0,,
ESTAT:MIGR_EMI1CTZ(1.0),01/07/26 23:00:00,A,EH,COMPLET,TOTAL,NR,T,IT,2013-01-01,0.0,,
ESTAT:MIGR_EMI1CTZ(1.0),01/07/26 23:00:00,A,EL,COMPLET,TOTAL,NR,T,IT,2013-01-01,105.0,,
ESTAT:MIGR_EMI1CTZ(1.0),01/07/26 23:00:00,A,ER,COMPLET,TOTAL,NR,T,IT,2013-01-01,25.0,,
ESTAT:MIGR_EMI1CTZ(1.0),01/07/26 23:00:00,A,ES,COMPLET,TOTAL,NR,T,IT,2013-01-01,446.0,,
ESTAT:MIGR_EMI1CTZ(1.0),01/07/26 23:00:00,A,ET,COMPLET,TOTAL,NR,T,IT,2013-01-01,43.0,,
ESTAT:MIGR_EMI1CTZ(1.0),01/07/26 23:00:00,A,EU28_FOR,COMPLET,TOTAL,NR,T,IT,2013-01-01,19035.0,,
ESTAT:MIGR_EMI1CTZ(1.0),01/07/26 23:00:00,A,EUR,COMPLET,TOTAL,NR,T,IT,2013-01-01,109713.0,,
ESTAT:MIGR_EMI1CTZ(1.0),01/07/26 23:00:00,A,EX_SU,COMPLET,TOTAL,NR,T,IT,2013-01-01,0.0,,
ESTAT:MIGR_EMI1CTZ(1.0),01/07/26 23:00:00,A,EX_YU,COMPLET,TOTAL,NR,T,IT,2013-01-01,0.0,,
ESTAT:MIGR_EMI1CTZ(1.0),01/07/26 23:00:00,A,FI,COMPLET,TOTAL,NR,T,IT,2013-01-01,61.0,,
ESTAT:MIGR_EMI1CTZ(1.0),01/07/26 23:00:00,A,FJ,COMPLET,TOTAL,NR,T,IT,2013-01-01,0.0,,
ESTAT:MIGR_EMI1CTZ(1.0),01/07/26 23:00:00,A,FK,COMPLET,TOTAL,NR,T,IT,2013-01-01,0.0,,
ESTAT:MIGR_EMI1CTZ(1.0),01/07/26 23:00:00,A,FM,COMPLET,TOTAL,NR,T,IT,2013-01-01,0.0,,
ESTAT:MIGR_EMI1CTZ(1.0),01/07/26 23:00:00,A,FO,COMPLET,TOTAL,NR,T,IT,2013-01-01,0.0,,
ESTAT:MIGR_EMI1CTZ(1.0),01/07/26 23:00:00,A,FOR_STLS,COMPLET,TOTAL,NR,T,IT,2013-01-01,43640.0,,
ESTAT:MIGR_EMI1CTZ(1.0),01/07/26 23:00:00,A,FR,COMPLET,TOTAL,NR,T,IT,2013-01-01,830.0,,
ESTAT:MIGR_EMI1CTZ(1.0),01/07/26 23:00:00,A,GA,COMPLET,TOTAL,NR,T,IT,2013-01-01,0.0,,
ESTAT:MIGR_EMI1CTZ(1.0),01/07/26 23:00:00,A,GD,COMPLET,TOTAL,NR,T,IT,2013-01-01,0.0,,
ESTAT:MIGR_EMI1CTZ(1.0),01/07/26 23:00:00,A,GE,COMPLET,TOTAL,NR,T,IT,2013-01-01,65.0,,
ESTAT:MIGR_EMI1CTZ(1.0),01/07/26 23:00:00,A,GG,COMPLET,TOTAL,NR,T,IT,2013-01-01,0.0,,
ESTAT:MIGR_EMI1CTZ(1.0),01/07/26 23:00:00,A,GH,COMPLET,TOTAL,NR,T,IT,2013-01-01,233.0,,
ESTAT:MIGR_EMI1CTZ(1.0),01/07/26 23:00:00,A,GI,COMPLET,TOTAL,NR,T,IT,2013-01-01,0.0,,
ESTAT:MIGR_EMI1CTZ(1.0),01/07/26 23:00:00,A,GL,COMPLET,TOTAL,NR,T,IT,2013-01-01,0.0,,
ESTAT:MIGR_EMI1CTZ(1.0),01/07/26 23:00:00,A,GM,COMPLET,TOTAL,NR,T,IT,2013-01-01,6.0,,
ESTAT:MIGR_EMI1CTZ(1.0),01/07/26 23:00:00,A,GN,COMPLET,TOTAL,NR,T,IT,2013-01-01,16.0,,
ESTAT:MIGR_EMI1CTZ(1.0),01/07/26 23:00:00,A,GQ,COMPLET,TOTAL,NR,T,IT,2013-01-01,0.0,,
ESTAT:MIGR_EMI1CTZ(1.0),01/07/26 23:00:00,A,GT,COMPLET,TOTAL,NR,T,IT,2013-01-01,8.0,,
ESTAT:MIGR_EMI1CTZ(1.0),01/07/26 23:00:00,A,GW,COMPLET,TOTAL,NR,T,IT,2013-01-01,1.0,,
ESTAT:MIGR_EMI1CTZ(1.0),01/07/26 23:00:00,A,GY,COMPLET,TOTAL,NR,T,IT,2013-01-01,1.0,,
ESTAT:MIGR_EMI1CTZ(1.0),01/07/26 23:00:00,A,HN,COMPLET,TOTAL,NR,T,IT,2013-01-01,6.0,,
ESTAT:MIGR_EMI1CTZ(1.0),01/07/26 23:00:00,A,HR,COMPLET,TOTAL,NR,T,IT,2013-01-01,261.0,,
ESTAT:MIGR_EMI1CTZ(1.0),01/07/26 23:00:00,A,HT,COMPLET,TOTAL,NR,T,IT,2013-01-01,2.0,,
ESTAT:MIGR_EMI1CTZ(1.0),01/07/26 23:00:00,A,HU,COMPLET,TOTAL,NR,T,IT,2013-01-01,285.0,,
ESTAT:MIGR_EMI1CTZ(1.0),01/07/26 23:00:00,A,ID,COMPLET,TOTAL,NR,T,IT,2013-01-01,22.0,,
ESTAT:MIGR_EMI1CTZ(1.0),01/07/26 23:00:00,A,IE,COMPLET,TOTAL,NR,T,IT,2013-01-01,61.0,,
ESTAT:MIGR_EMI1CTZ(1.0),01/07/26 23:00:00,A,IL,COMPLET,TOTAL,NR,T,IT,2013-01-01,37.0,,
ESTAT:MIGR_EMI1CTZ(1.0),01/07/26 23:00:00,A,IM,COMPLET,TOTAL,NR,T,IT,2013-01-01,0.0,,
ESTAT:MIGR_EMI1CTZ(1.0),01/07/26 23:00:00,A,IN,COMPLET,TOTAL,NR,T,IT,2013-01-01,1485.0,,
ESTAT:MIGR_EMI1CTZ(1.0),01/07/26 23:00:00,A,IQ,COMPLET,TOTAL,NR,T,IT,2013-01-01,5.0,,
ESTAT:MIGR_EMI1CTZ(1.0),01/07/26 23:00:00,A,IR,COMPLET,TOTAL,NR,T,IT,2013-01-01,29.0,,
ESTAT:MIGR_EMI1CTZ(1.0),01/07/26 23:00:00,A,IS,COMPLET,TOTAL,NR,T,IT,2013-01-01,5.0,,
ESTAT:MIGR_EMI1CTZ(1.0),01/07/26 23:00:00,A,IT,COMPLET,TOTAL,NR,T,IT,2013-01-01,82095.0,,
ESTAT:MIGR_EMI1CTZ(1.0),01/07/26 23:00:00,A,JE,COMPLET,TOTAL,NR,T,IT,2013-01-01,0.0,,
ESTAT:MIGR_EMI1CTZ(1.0),01/07/26 23:00:00,A,JM,COMPLET,TOTAL,NR,T,IT,2013-01-01,1.0,,
ESTAT:MIGR_EMI1CTZ(1.0),01/07/26 23:00:00,A,JO,COMPLET,TOTAL,NR,T,IT,2013-01-01,12.0,,
ESTAT:MIGR_EMI1CTZ(1.0),01/07/26 23:00:00,A,JP,COMPLET,TOTAL,NR,T,IT,2013-01-01,256.0,,
ESTAT:MIGR_EMI1CTZ(1.0),01/07/26 23:00:00,A,KE,COMPLET,TOTAL,NR,T,IT,2013-01-01,20.0,,
ESTAT:MIGR_EMI1CTZ(1.0),01/07/26 23:00:00,A,KG,COMPLET,TOTAL,NR,T,IT,2013-01-01,5.0,,
ESTAT:MIGR_EMI1CTZ(1.0),01/07/26 23:00:00,A,KH,COMPLET,TOTAL,NR,T,IT,2013-01-01,2.0,,
ESTAT:MIGR_EMI1CTZ(1.0),01/07/26 23:00:00,A,KI,COMPLET,TOTAL,NR,T,IT,2013-01-01,0.0,,
ESTAT:MIGR_EMI1CTZ(1.0),01/07/26 23:00:00,A,KM,COMPLET,TOTAL,NR,T,IT,2013-01-01,0.0,,
ESTAT:MIGR_EMI1CTZ(1.0),01/07/26 23:00:00,A,KN,COMPLET,TOTAL,NR,T,IT,2013-01-01,2.0,,
ESTAT:MIGR_EMI1CTZ(1.0),01/07/26 23:00:00,A,KP,COMPLET,TOTAL,NR,T,IT,2013-01-01,8.0,,
ESTAT:MIGR_EMI1CTZ(1.0),01/07/26 23:00:00,A,KR,COMPLET,TOTAL,NR,T,IT,2013-01-01,97.0,,
ESTAT:MIGR_EMI1CTZ(1.0),01/07/26 23:00:00,A,KW,COMPLET,TOTAL,NR,T,IT,2013-01-01,2.0,,
ESTAT:MIGR_EMI1CTZ(1.0),01/07/26 23:00:00,A,KY,COMPLET,TOTAL,NR,T,IT,2013-01-01,0.0,,
ESTAT:MIGR_EMI1CTZ(1.0),01/07/26 23:00:00,A,KZ,COMPLET,TOTAL,NR,T,IT,2013-01-01,18.0,,
ESTAT:MIGR_EMI1CTZ(1.0),01/07/26 23:00:00,A,LA,COMPLET,TOTAL,NR,T,IT,2013-01-01,1.0,,
ESTAT:MIGR_EMI1CTZ(1.0),01/07/26 23:00:00,A,LB,COMPLET,TOTAL,NR,T,IT,2013-01-01,26.0,,
ESTAT:MIGR_EMI1CTZ(1.0),01/07/26 23:00:00,A,LC,COMPLET,TOTAL,NR,T,IT,2013-01-01,0.0,,
ESTAT:MIGR_EMI1CTZ(1.0),01/07/26 23:00:00,A,LI,COMPLET,TOTAL,NR,T,IT,2013-01-01,0.0,,
ESTAT:MIGR_EMI1CTZ(1.0),01/07/26 23:00:00,A,LK,COMPLET,TOTAL,NR,T,IT,2013-01-01,692.0,,
ESTAT:MIGR_EMI1CTZ(1.0),01/07/26 23:00:00,A,LR,COMPLET,TOTAL,NR,T,IT,2013-01-01,2.0,,
ESTAT:MIGR_EMI1CTZ(1.0),01/07/26 23:00:00,A,LS,COMPLET,TOTAL,NR,T,IT,2013-01-01,0.0,,
ESTAT:MIGR_EMI1CTZ(1.0),01/07/26 23:00:00,A,LT,COMPLET,TOTAL,NR,T,IT,2013-01-01,67.0,,
ESTAT:MIGR_EMI1CTZ(1.0),01/07/26 23:00:00,A,LU,COMPLET,TOTAL,NR,T,IT,2013-01-01,9.0,,
ESTAT:MIGR_EMI1CTZ(1.0),01/07/26 23:00:00,A,LV,COMPLET,TOTAL,NR,T,IT,2013-01-01,34.0,,
ESTAT:MIGR_EMI1CTZ(1.0),01/07/26 23:00:00,A,LY,COMPLET,TOTAL,NR,T,IT,2013-01-01,12.0,,
ESTAT:MIGR_EMI1CTZ(1.0),01/07/26 23:00:00,A,MA,COMPLET,TOTAL,NR,T,IT,2013-01-01,2418.0,,
ESTAT:MIGR_EMI1CTZ(1.0),01/07/26 23:00:00,A,MC,COMPLET,TOTAL,NR,T,IT,2013-01-01,6.0,,
ESTAT:MIGR_EMI1CTZ(1.0),01/07/26 23:00:00,A,MD,COMPLET,TOTAL,NR,T,IT,2013-01-01,1585.0,,
ESTAT:MIGR_EMI1CTZ(1.0),01/07/26 23:00:00,A,ME,COMPLET,TOTAL,NR,T,IT,2013-01-01,18.0,,
ESTAT:MIGR_EMI1CTZ(1.0),01/07/26 23:00:00,A,MEL,COMPLET,TOTAL,NR,T,IT,2013-01-01,0.0,,
ESTAT:MIGR_EMI1CTZ(1.0),01/07/26 23:00:00,A,MG,COMPLET,TOTAL,NR,T,IT,2013-01-01,10.0,,
ESTAT:MIGR_EMI1CTZ(1.0),01/07/26 23:00:00,A,MH,COMPLET,TOTAL,NR,T,IT,2013-01-01,0.0,,
ESTAT:MIGR_EMI1CTZ(1.0),01/07/26 23:00:00,A,MIC,COMPLET,TOTAL,NR,T,IT,2013-01-01,0.0,,
ESTAT:MIGR_EMI1CTZ(1.0),01/07/26 23:00:00,A,MK,COMPLET,TOTAL,NR,T,IT,2013-01-01,821.0,,
ESTAT:MIGR_EMI1CTZ(1.0),01/07/26 23:00:00,A,ML,COMPLET,TOTAL,NR,T,IT,2013-01-01,23.0,,
ESTAT:MIGR_EMI1CTZ(1.0),01/07/26 23:00:00,A,MM,COMPLET,TOTAL,NR,T,IT,2013-01-01,1.0,,
ESTAT:MIGR_EMI1CTZ(1.0),01/07/26 23:00:00,A,MN,COMPLET,TOTAL,NR,T,IT,2013-01-01,5.0,,
ESTAT:MIGR_EMI1CTZ(1.0),01/07/26 23:00:00,A,MR,COMPLET,TOTAL,NR,T,IT,2013-01-01,3.0,,
ESTAT:MIGR_EMI1CTZ(1.0),01/07/26 23:00:00,A,MS,COMPLET,TOTAL,NR,T,IT,2013-01-01,0.0,,
ESTAT:MIGR_EMI1CTZ(1.0),01/07/26 23:00:00,A,MT,COMPLET,TOTAL,NR,T,IT,2013-01-01,18.0,,
ESTAT:MIGR_EMI1CTZ(1.0),01/07/26 23:00:00,A,MU,COMPLET,TOTAL,NR,T,IT,2013-01-01,40.0,,
ESTAT:MIGR_EMI1CTZ(1.0),01/07/26 23:00:00,A,MV,COMPLET,TOTAL,NR,T,IT,2013-01-01,0.0,,
ESTAT:MIGR_EMI1CTZ(1.0),01/07/26 23:00:00,A,MW,COMPLET,TOTAL,NR,T,IT,2013-01-01,0.0,,
ESTAT:MIGR_EMI1CTZ(1.0),01/07/26 23:00:00,A,MX,COMPLET,TOTAL,NR,T,IT,2013-01-01,66.0,,
ESTAT:MIGR_EMI1CTZ(1.0),01/07/26 23:00:00,A,MY,COMPLET,TOTAL,NR,T,IT,2013-01-01,8.0,,
ESTAT:MIGR_EMI1CTZ(1.0),01/07/26 23:00:00,A,MZ,COMPLET,TOTAL,NR,T,IT,2013-01-01,3.0,,
ESTAT:MIGR_EMI1CTZ(1.0),01/07/26 23:00:00,A,NA,COMPLET,TOTAL,NR,T,IT,2013-01-01,1.0,,
ESTAT:MIGR_EMI1CTZ(1.0),01/07/26 23:00:00,A,NAT,COMPLET,TOTAL,NR,T,IT,2013-01-01,82095.0,,
ESTAT:MIGR_EMI1CTZ(1.0),01/07/26 23:00:00,A,NC,COMPLET,TOTAL,NR,T,IT,2013-01-01,0.0,,
ESTAT:MIGR_EMI1CTZ(1.0),01/07/26 23:00:00,A,NE,COMPLET,TOTAL,NR,T,IT,2013-01-01,15.0,,
ESTAT:MIGR_EMI1CTZ(1.0),01/07/26 23:00:00,A,NEU28_FOR,COMPLET,TOTAL,NR,T,IT,2013-01-01,24604.0,,
ESTAT:MIGR_EMI1CTZ(1.0),01/07/26 23:00:00,A,NG,COMPLET,TOTAL,NR,T,IT,2013-01-01,229.0,,
ESTAT:MIGR_EMI1CTZ(1.0),01/07/26 23:00:00,A,NI,COMPLET,TOTAL,NR,T,IT,2013-01-01,5.0,,
ESTAT:MIGR_EMI1CTZ(1.0),01/07/26 23:00:00,A,NL,COMPLET,TOTAL,NR,T,IT,2013-01-01,313.0,,
ESTAT:MIGR_EMI1CTZ(1.0),01/07/26 23:00:00,A,NO,COMPLET,TOTAL,NR,T,IT,2013-01-01,17.0,,
ESTAT:MIGR_EMI1CTZ(1.0),01/07/26 23:00:00,A,NP,COMPLET,TOTAL,NR,T,IT,2013-01-01,8.0,,
ESTAT:MIGR_EMI1CTZ(1.0),01/07/26 23:00:00,A,NR,COMPLET,TOTAL,NR,T,IT,2013-01-01,0.0,,
ESTAT:MIGR_EMI1CTZ(1.0),01/07/26 23:00:00,A,NZ,COMPLET,TOTAL,NR,T,IT,2013-01-01,13.0,,
ESTAT:MIGR_EMI1CTZ(1.0),01/07/26 23:00:00,A,OCE,COMPLET,TOTAL,NR,T,IT,2013-01-01,85.0,,
ESTAT:MIGR_EMI1CTZ(1.0),01/07/26 23:00:00,A,OM,COMPLET,TOTAL,NR,T,IT,2013-01-01,8.0,,
ESTAT:MIGR_EMI1CTZ(1.0),01/07/26 23:00:00,A,OTH,COMPLET,TOTAL,NR,T,IT,2013-01-01,0.0,,
ESTAT:MIGR_EMI1CTZ(1.0),01/07/26 23:00:00,A,PA,COMPLET,TOTAL,NR,T,IT,2013-01-01,3.0,,
ESTAT:MIGR_EMI1CTZ(1.0),01/07/26 23:00:00,A,PE,COMPLET,TOTAL,NR,T,IT,2013-01-01,631.0,,
ESTAT:MIGR_EMI1CTZ(1.0),01/07/26 23:00:00,A,PF,COMPLET,TOTAL,NR,T,IT,2013-01-01,0.0,,
ESTAT:MIGR_EMI1CTZ(1.0),01/07/26 23:00:00,A,PG,COMPLET,TOTAL,NR,T,IT,2013-01-01,0.0,,
ESTAT:MIGR_EMI1CTZ(1.0),01/07/26 23:00:00,A,PH,COMPLET,TOTAL,NR,T,IT,2013-01-01,401.0,,
ESTAT:MIGR_EMI1CTZ(1.0),01/07/26 23:00:00,A,PK,COMPLET,TOTAL,NR,T,IT,2013-01-01,785.0,,
ESTAT:MIGR_EMI1CTZ(1.0),01/07/26 23:00:00,A,PL,COMPLET,TOTAL,NR,T,IT,2013-01-01,1628.0,,
ESTAT:MIGR_EMI1CTZ(1.0),01/07/26 23:00:00,A,PM,COMPLET,TOTAL,NR,T,IT,2013-01-01,0.0,,
ESTAT:MIGR_EMI1CTZ(1.0),01/07/26 23:00:00,A,PN,COMPLET,TOTAL,NR,T,IT,2013-01-01,0.0,,
ESTAT:MIGR_EMI1CTZ(1.0),01/07/26 23:00:00,A,POL,COMPLET,TOTAL,NR,T,IT,2013-01-01,0.0,,
ESTAT:MIGR_EMI1CTZ(1.0),01/07/26 23:00:00,A,PS,COMPLET,TOTAL,NR,T,IT,2013-01-01,2.0,,
ESTAT:MIGR_EMI1CTZ(1.0),01/07/26 23:00:00,A,PT,COMPLET,TOTAL,NR,T,IT,2013-01-01,104.0,,
ESTAT:MIGR_EMI1CTZ(1.0),01/07/26 23:00:00,A,PW,COMPLET,TOTAL,NR,T,IT,2013-01-01,0.0,,
ESTAT:MIGR_EMI1CTZ(1.0),01/07/26 23:00:00,A,PY,COMPLET,TOTAL,NR,T,IT,2013-01-01,17.0,,
ESTAT:MIGR_EMI1CTZ(1.0),01/07/26 23:00:00,A,QA,COMPLET,TOTAL,NR,T,IT,2013-01-01,4.0,,
ESTAT:MIGR_EMI1CTZ(1.0),01/07/26 23:00:00,A,RNC,COMPLET,TOTAL,NR,T,IT,2013-01-01,0.0,,
ESTAT:MIGR_EMI1CTZ(1.0),01/07/26 23:00:00,A,RO,COMPLET,TOTAL,NR,T,IT,2013-01-01,11014.0,,
ESTAT:MIGR_EMI1CTZ(1.0),01/07/26 23:00:00,A,RS,COMPLET,TOTAL,NR,T,IT,2013-01-01,319.0,,
ESTAT:MIGR_EMI1CTZ(1.0),01/07/26 23:00:00,A,RS_ME,COMPLET,TOTAL,NR,T,IT,2013-01-01,0.0,,
ESTAT:MIGR_EMI1CTZ(1.0),01/07/26 23:00:00,A,RU,COMPLET,TOTAL,NR,T,IT,2013-01-01,387.0,,
ESTAT:MIGR_EMI1CTZ(1.0),01/07/26 23:00:00,A,RW,COMPLET,TOTAL,NR,T,IT,2013-01-01,2.0,,
ESTAT:MIGR_EMI1CTZ(1.0),01/07/26 23:00:00,A,SA,COMPLET,TOTAL,NR,T,IT,2013-01-01,5.0,,
ESTAT:MIGR_EMI1CTZ(1.0),01/07/26 23:00:00,A,SB,COMPLET,TOTAL,NR,T,IT,2013-01-01,0.0,,
ESTAT:MIGR_EMI1CTZ(1.0),01/07/26 23:00:00,A,SC,COMPLET,TOTAL,NR,T,IT,2013-01-01,12.0,,
ESTAT:MIGR_EMI1CTZ(1.0),01/07/26 23:00:00,A,SD,COMPLET,TOTAL,NR,T,IT,2013-01-01,12.0,,
ESTAT:MIGR_EMI1CTZ(1.0),01/07/26 23:00:00,A,SE,COMPLET,TOTAL,NR,T,IT,2013-01-01,139.0,,
ESTAT:MIGR_EMI1CTZ(1.0),01/07/26 23:00:00,A,SG,COMPLET,TOTAL,NR,T,IT,2013-01-01,7.0,,
ESTAT:MIGR_EMI1CTZ(1.0),01/07/26 23:00:00,A,SH,COMPLET,TOTAL,NR,T,IT,2013-01-01,0.0,,
ESTAT:MIGR_EMI1CTZ(1.0),01/07/26 23:00:00,A,SI,COMPLET,TOTAL,NR,T,IT,2013-01-01,42.0,,
ESTAT:MIGR_EMI1CTZ(1.0),01/07/26 23:00:00,A,SK,COMPLET,TOTAL,NR,T,IT,2013-01-01,314.0,,
ESTAT:MIGR_EMI1CTZ(1.0),01/07/26 23:00:00,A,SL,COMPLET,TOTAL,NR,T,IT,2013-01-01,6.0,,
ESTAT:MIGR_EMI1CTZ(1.0),01/07/26 23:00:00,A,SM,COMPLET,TOTAL,NR,T,IT,2013-01-01,6.0,,
ESTAT:MIGR_EMI1CTZ(1.0),01/07/26 23:00:00,A,SN,COMPLET,TOTAL,NR,T,IT,2013-01-01,434.0,,
ESTAT:MIGR_EMI1CTZ(1.0),01/07/26 23:00:00,A,SO,COMPLET,TOTAL,NR,T,IT,2013-01-01,33.0,,
ESTAT:MIGR_EMI1CTZ(1.0),01/07/26 23:00:00,A,SR,COMPLET,TOTAL,NR,T,IT,2013-01-01,2.0,,
ESTAT:MIGR_EMI1CTZ(1.0),01/07/26 23:00:00,A,SS,COMPLET,TOTAL,NR,T,IT,2013-01-01,0.0,,
ESTAT:MIGR_EMI1CTZ(1.0),01/07/26 23:00:00,A,ST,COMPLET,TOTAL,NR,T,IT,2013-01-01,0.0,,
ESTAT:MIGR_EMI1CTZ(1.0),01/07/26 23:00:00,A,STLS,COMPLET,TOTAL,NR,T,IT,2013-01-01,1.0,,
ESTAT:MIGR_EMI1CTZ(1.0),01/07/26 23:00:00,A,SV,COMPLET,TOTAL,NR,T,IT,2013-01-01,15.0,,
ESTAT:MIGR_EMI1CTZ(1.0),01/07/26 23:00:00,A,SX,COMPLET,TOTAL,NR,T,IT,2013-01-01,0.0,,
ESTAT:MIGR_EMI1CTZ(1.0),01/07/26 23:00:00,A,SY,COMPLET,TOTAL,NR,T,IT,2013-01-01,52.0,,
ESTAT:MIGR_EMI1CTZ(1.0),01/07/26 23:00:00,A,SZ,COMPLET,TOTAL,NR,T,IT,2013-01-01,0.0,,
ESTAT:MIGR_EMI1CTZ(1.0),01/07/26 23:00:00,A,TC,COMPLET,TOTAL,NR,T,IT,2013-01-01,0.0,,
ESTAT:MIGR_EMI1CTZ(1.0),01/07/26 23:00:00,A,TD,COMPLET,TOTAL,NR,T,IT,2013-01-01,11.0,,
ESTAT:MIGR_EMI1CTZ(1.0),01/07/26 23:00:00,A,TG,COMPLET,TOTAL,NR,T,IT,2013-01-01,21.0,,
ESTAT:MIGR_EMI1CTZ(1.0),01/07/26 23:00:00,A,TH,COMPLET,TOTAL,NR,T,IT,2013-01-01,77.0,,
ESTAT:MIGR_EMI1CTZ(1.0),01/07/26 23:00:00,A,TJ,COMPLET,TOTAL,NR,T,IT,2013-01-01,3.0,,
ESTAT:MIGR_EMI1CTZ(1.0),01/07/26 23:00:00,A,TL,COMPLET,TOTAL,NR,T,IT,2013-01-01,0.0,,
ESTAT:MIGR_EMI1CTZ(1.0),01/07/26 23:00:00,A,TM,COMPLET,TOTAL,NR,T,IT,2013-01-01,3.0,,
ESTAT:MIGR_EMI1CTZ(1.0),01/07/26 23:00:00,A,TN,COMPLET,TOTAL,NR,T,IT,2013-01-01,655.0,,
ESTAT:MIGR_EMI1CTZ(1.0),01/07/26 23:00:00,A,TO,COMPLET,TOTAL,NR,T,IT,2013-01-01,0.0,,
ESTAT:MIGR_EMI1CTZ(1.0),01/07/26 23:00:00,A,TOTAL,COMPLET,TOTAL,NR,T,IT,2013-01-01,125735.0,,
ESTAT:MIGR_EMI1CTZ(1.0),01/07/26 23:00:00,A,TR,COMPLET,TOTAL,NR,T,IT,2013-01-01,224.0,,
ESTAT:MIGR_EMI1CTZ(1.0),01/07/26 23:00:00,A,TT,COMPLET,TOTAL,NR,T,IT,2013-01-01,1.0,,
ESTAT:MIGR_EMI1CTZ(1.0),01/07/26 23:00:00,A,TV,COMPLET,TOTAL,NR,T,IT,2013-01-01,0.0,,
ESTAT:MIGR_EMI1CTZ(1.0),01/07/26 23:00:00,A,TW,COMPLET,TOTAL,NR,T,IT,2013-01-01,21.0,,
ESTAT:MIGR_EMI1CTZ(1.0),01/07/26 23:00:00,A,TZ,COMPLET,TOTAL,NR,T,IT,2013-01-01,13.0,,
ESTAT:MIGR_EMI1CTZ(1.0),01/07/26 23:00:00,A,UA,COMPLET,TOTAL,NR,T,IT,2013-01-01,1698.0,,
ESTAT:MIGR_EMI1CTZ(1.0),01/07/26 23:00:00,A,UG,COMPLET,TOTAL,NR,T,IT,2013-01-01,7.0,,
ESTAT:MIGR_EMI1CTZ(1.0),01/07/26 23:00:00,A,UK,COMPLET,TOTAL,NR,T,IT,2013-01-01,741.0,,
ESTAT:MIGR_EMI1CTZ(1.0),01/07/26 23:00:00,A,UNK,COMPLET,TOTAL,NR,T,IT,2013-01-01,0.0,,
ESTAT:MIGR_EMI1CTZ(1.0),01/07/26 23:00:00,A,US,COMPLET,TOTAL,NR,T,IT,2013-01-01,505.0,,
ESTAT:MIGR_EMI1CTZ(1.0),01/07/26 23:00:00,A,UY,COMPLET,TOTAL,NR,T,IT,2013-01-01,20.0,,
ESTAT:MIGR_EMI1CTZ(1.0),01/07/26 23:00:00,A,UZ,COMPLET,TOTAL,NR,T,IT,2013-01-01,16.0,,
ESTAT:MIGR_EMI1CTZ(1.0),01/07/26 23:00:00,A,VA,COMPLET,TOTAL,NR,T,IT,2013-01-01,0.0,,
ESTAT:MIGR_EMI1CTZ(1.0),01/07/26 23:00:00,A,VC,COMPLET,TOTAL,NR,T,IT,2013-01-01,0.0,,
ESTAT:MIGR_EMI1CTZ(1.0),01/07/26 23:00:00,A,VE,COMPLET,TOTAL,NR,T,IT,2013-01-01,69.0,,
ESTAT:MIGR_EMI1CTZ(1.0),01/07/26 23:00:00,A,VG,COMPLET,TOTAL,NR,T,IT,2013-01-01,0.0,,
ESTAT:MIGR_EMI1CTZ(1.0),01/07/26 23:00:00,A,VN,COMPLET,TOTAL,NR,T,IT,2013-01-01,12.0,,
ESTAT:MIGR_EMI1CTZ(1.0),01/07/26 23:00:00,A,VU,COMPLET,TOTAL,NR,T,IT,2013-01-01,0.0,,
ESTAT:MIGR_EMI1CTZ(1.0),01/07/26 23:00:00,A,WF,COMPLET,TOTAL,NR,T,IT,2013-01-01,0.0,,
ESTAT:MIGR_EMI1CTZ(1.0),01/07/26 23:00:00,A,WS,COMPLET,TOTAL,NR,T,IT,2013-01-01,0.0,,
ESTAT:MIGR_EMI1CTZ(1.0),01/07/26 23:00:00,A,XK,COMPLET,TOTAL,NR,T,IT,2013-01-01,580.0,,
ESTAT:MIGR_EMI1CTZ(1.0),01/07/26 23:00:00,A,YE,COMPLET,TOTAL,NR,T,IT,2013-01-01,0.0,,
ESTAT:MIGR_EMI1CTZ(1.0),01/07/26 23:00:00,A,YT,COMPLET,TOTAL,NR,T,IT,2013-01-01,0.0,,
ESTAT:MIGR_EMI1CTZ(1.0),01/07/26 23:00:00,A,ZA,COMPLET,TOTAL,NR,T,IT,2013-01-01,12.0,,
ESTAT:MIGR_EMI1CTZ(1.0),01/07/26 23:00:00,A,ZM,COMPLET,TOTAL,NR,T,IT,2013-01-01,7.0,,
ESTAT:MIGR_EMI1CTZ(1.0),01/07/26 23:00:00,A,ZW,COMPLET,TOTAL,NR,T,IT,2013-01-01,1.0,,
ESTAT:MIGR_EMI1CTZ(1.0),01/07/26 23:00:00,A,AD,COMPLET,TOTAL,NR,T,IT,2014-01-01,0.0,,
ESTAT:MIGR_EMI1CTZ(1.0),01/07/26 23:00:00,A,AE,COMPLET,TOTAL,NR,T,IT,2014-01-01,1.0,,
ESTAT:MIGR_EMI1CTZ(1.0),01/07/26 23:00:00,A,AF,COMPLET,TOTAL,NR,T,IT,2014-01-01,43.0,,
ESTAT:MIGR_EMI1CTZ(1.0),01/07/26 23:00:00,A,AFR,COMPLET,TOTAL,NR,T,IT,2014-01-01,5828.0,,
ESTAT:MIGR_EMI1CTZ(1.0),01/07/26 23:00:00,A,AFR_C,COMPLET,TOTAL,NR,T,IT,2014-01-01,134.0,,
ESTAT:MIGR_EMI1CTZ(1.0),01/07/26 23:00:00,A,AFR_E,COMPLET,TOTAL,NR,T,IT,2014-01-01,290.0,,
ESTAT:MIGR_EMI1CTZ(1.0),01/07/26 23:00:00,A,AFR_N,COMPLET,TOTAL,NR,T,IT,2014-01-01,4024.0,,
ESTAT:MIGR_EMI1CTZ(1.0),01/07/26 23:00:00,A,AFR_S,COMPLET,TOTAL,NR,T,IT,2014-01-01,25.0,,
ESTAT:MIGR_EMI1CTZ(1.0),01/07/26 23:00:00,A,AFR_W,COMPLET,TOTAL,NR,T,IT,2014-01-01,1355.0,,
ESTAT:MIGR_EMI1CTZ(1.0),01/07/26 23:00:00,A,AG,COMPLET,TOTAL,NR,T,IT,2014-01-01,0.0,,
ESTAT:MIGR_EMI1CTZ(1.0),01/07/26 23:00:00,A,AI,COMPLET,TOTAL,NR,T,IT,2014-01-01,0.0,,
ESTAT:MIGR_EMI1CTZ(1.0),01/07/26 23:00:00,A,AL,COMPLET,TOTAL,NR,T,IT,2014-01-01,2114.0,,
ESTAT:MIGR_EMI1CTZ(1.0),01/07/26 23:00:00,A,AM,COMPLET,TOTAL,NR,T,IT,2014-01-01,13.0,,
ESTAT:MIGR_EMI1CTZ(1.0),01/07/26 23:00:00,A,AME,COMPLET,TOTAL,NR,T,IT,2014-01-01,3873.0,,
ESTAT:MIGR_EMI1CTZ(1.0),01/07/26 23:00:00,A,AME_C,COMPLET,TOTAL,NR,T,IT,2014-01-01,169.0,,
ESTAT:MIGR_EMI1CTZ(1.0),01/07/26 23:00:00,A,AME_N,COMPLET,TOTAL,NR,T,IT,2014-01-01,591.0,,
ESTAT:MIGR_EMI1CTZ(1.0),01/07/26 23:00:00,A,AME_S,COMPLET,TOTAL,NR,T,IT,2014-01-01,2658.0,,
ESTAT:MIGR_EMI1CTZ(1.0),01/07/26 23:00:00,A,AN,COMPLET,TOTAL,NR,T,IT,2014-01-01,0.0,,
ESTAT:MIGR_EMI1CTZ(1.0),01/07/26 23:00:00,A,AO,COMPLET,TOTAL,NR,T,IT,2014-01-01,12.0,,
ESTAT:MIGR_EMI1CTZ(1.0),01/07/26 23:00:00,A,AR,COMPLET,TOTAL,NR,T,IT,2014-01-01,129.0,,
ESTAT:MIGR_EMI1CTZ(1.0),01/07/26 23:00:00,A,ASI,COMPLET,TOTAL,NR,T,IT,2014-01-01,7293.0,,
ESTAT:MIGR_EMI1CTZ(1.0),01/07/26 23:00:00,A,ASI_C,COMPLET,TOTAL,NR,T,IT,2014-01-01,57.0,,
ESTAT:MIGR_EMI1CTZ(1.0),01/07/26 23:00:00,A,ASI_E,COMPLET,TOTAL,NR,T,IT,2014-01-01,2357.0,,
ESTAT:MIGR_EMI1CTZ(1.0),01/07/26 23:00:00,A,ASI_S,COMPLET,TOTAL,NR,T,IT,2014-01-01,3990.0,,
ESTAT:MIGR_EMI1CTZ(1.0),01/07/26 23:00:00,A,ASI_S_E,COMPLET,TOTAL,NR,T,IT,2014-01-01,567.0,,
ESTAT:MIGR_EMI1CTZ(1.0),01/07/26 23:00:00,A,ASI_W,COMPLET,TOTAL,NR,T,IT,2014-01-01,322.0,,
ESTAT:MIGR_EMI1CTZ(1.0),01/07/26 23:00:00,A,AT,COMPLET,TOTAL,NR,T,IT,2014-01-01,203.0,,
ESTAT:MIGR_EMI1CTZ(1.0),01/07/26 23:00:00,A,AU,COMPLET,TOTAL,NR,T,IT,2014-01-01,54.0,,
ESTAT:MIGR_EMI1CTZ(1.0),01/07/26 23:00:00,A,AU_NZ,COMPLET,TOTAL,NR,T,IT,2014-01-01,74.0,,
ESTAT:MIGR_EMI1CTZ(1.0),01/07/26 23:00:00,A,AW,COMPLET,TOTAL,NR,T,IT,2014-01-01,0.0,,
ESTAT:MIGR_EMI1CTZ(1.0),01/07/26 23:00:00,A,AZ,COMPLET,TOTAL,NR,T,IT,2014-01-01,5.0,,
ESTAT:MIGR_EMI1CTZ(1.0),01/07/26 23:00:00,A,BA,COMPLET,TOTAL,NR,T,IT,2014-01-01,251.0,,
ESTAT:MIGR_EMI1CTZ(1.0),01/07/26 23:00:00,A,BB,COMPLET,TOTAL,NR,T,IT,2014-01-01,0.0,,
ESTAT:MIGR_EMI1CTZ(1.0),01/07/26 23:00:00,A,BD,COMPLET,TOTAL,NR,T,IT,2014-01-01,754.0,,
ESTAT:MIGR_EMI1CTZ(1.0),01/07/26 23:00:00,A,BE,COMPLET,TOTAL,NR,T,IT,2014-01-01,186.0,,
ESTAT:MIGR_EMI1CTZ(1.0),01/07/26 23:00:00,A,BF,COMPLET,TOTAL,NR,T,IT,2014-01-01,55.0,,
ESTAT:MIGR_EMI1CTZ(1.0),01/07/26 23:00:00,A,BG,COMPLET,TOTAL,NR,T,IT,2014-01-01,770.0,,
ESTAT:MIGR_EMI1CTZ(1.0),01/07/26 23:00:00,A,BH,COMPLET,TOTAL,NR,T,IT,2014-01-01,0.0,,
ESTAT:MIGR_EMI1CTZ(1.0),01/07/26 23:00:00,A,BI,COMPLET,TOTAL,NR,T,IT,2014-01-01,9.0,,
ESTAT:MIGR_EMI1CTZ(1.0),01/07/26 23:00:00,A,BJ,COMPLET,TOTAL,NR,T,IT,2014-01-01,20.0,,
ESTAT:MIGR_EMI1CTZ(1.0),01/07/26 23:00:00,A,BL,COMPLET,TOTAL,NR,T,IT,2014-01-01,0.0,,
ESTAT:MIGR_EMI1CTZ(1.0),01/07/26 23:00:00,A,BM,COMPLET,TOTAL,NR,T,IT,2014-01-01,0.0,,
ESTAT:MIGR_EMI1CTZ(1.0),01/07/26 23:00:00,A,BN,COMPLET,TOTAL,NR,T,IT,2014-01-01,0.0,,
ESTAT:MIGR_EMI1CTZ(1.0),01/07/26 23:00:00,A,BO,COMPLET,TOTAL,NR,T,IT,2014-01-01,117.0,,
ESTAT:MIGR_EMI1CTZ(1.0),01/07/26 23:00:00,A,BQ,COMPLET,TOTAL,NR,T,IT,2014-01-01,0.0,,
ESTAT:MIGR_EMI1CTZ(1.0),01/07/26 23:00:00,A,BR,COMPLET,TOTAL,NR,T,IT,2014-01-01,632.0,,
ESTAT:MIGR_EMI1CTZ(1.0),01/07/26 23:00:00,A,BS,COMPLET,TOTAL,NR,T,IT,2014-01-01,0.0,,
ESTAT:MIGR_EMI1CTZ(1.0),01/07/26 23:00:00,A,BT,COMPLET,TOTAL,NR,T,IT,2014-01-01,0.0,,
ESTAT:MIGR_EMI1CTZ(1.0),01/07/26 23:00:00,A,BW,COMPLET,TOTAL,NR,T,IT,2014-01-01,0.0,,
ESTAT:MIGR_EMI1CTZ(1.0),01/07/26 23:00:00,A,BY,COMPLET,TOTAL,NR,T,IT,2014-01-01,71.0,,
ESTAT:MIGR_EMI1CTZ(1.0),01/07/26 23:00:00,A,BZ,COMPLET,TOTAL,NR,T,IT,2014-01-01,2.0,,
ESTAT:MIGR_EMI1CTZ(1.0),01/07/26 23:00:00,A,CA,COMPLET,TOTAL,NR,T,IT,2014-01-01,60.0,,
ESTAT:MIGR_EMI1CTZ(1.0),01/07/26 23:00:00,A,CD,COMPLET,TOTAL,NR,T,IT,2014-01-01,22.0,,
ESTAT:MIGR_EMI1CTZ(1.0),01/07/26 23:00:00,A,CF,COMPLET,TOTAL,NR,T,IT,2014-01-01,1.0,,
ESTAT:MIGR_EMI1CTZ(1.0),01/07/26 23:00:00,A,CG,COMPLET,TOTAL,NR,T,IT,2014-01-01,31.0,,
ESTAT:MIGR_EMI1CTZ(1.0),01/07/26 23:00:00,A,CH,COMPLET,TOTAL,NR,T,IT,2014-01-01,270.0,,
ESTAT:MIGR_EMI1CTZ(1.0),01/07/26 23:00:00,A,CI,COMPLET,TOTAL,NR,T,IT,2014-01-01,210.0,,
ESTAT:MIGR_EMI1CTZ(1.0),01/07/26 23:00:00,A,CL,COMPLET,TOTAL,NR,T,IT,2014-01-01,50.0,,
ESTAT:MIGR_EMI1CTZ(1.0),01/07/26 23:00:00,A,CM,COMPLET,TOTAL,NR,T,IT,2014-01-01,68.0,,
ESTAT:MIGR_EMI1CTZ(1.0),01/07/26 23:00:00,A,CN,COMPLET,TOTAL,NR,T,IT,2014-01-01,1987.0,,
ESTAT:MIGR_EMI1CTZ(1.0),01/07/26 23:00:00,A,CO,COMPLET,TOTAL,NR,T,IT,2014-01-01,221.0,,
ESTAT:MIGR_EMI1CTZ(1.0),01/07/26 23:00:00,A,CR,COMPLET,TOTAL,NR,T,IT,2014-01-01,6.0,,
ESTAT:MIGR_EMI1CTZ(1.0),01/07/26 23:00:00,A,CRB,COMPLET,TOTAL,NR,T,IT,2014-01-01,455.0,,
ESTAT:MIGR_EMI1CTZ(1.0),01/07/26 23:00:00,A,CU,COMPLET,TOTAL,NR,T,IT,2014-01-01,209.0,,
ESTAT:MIGR_EMI1CTZ(1.0),01/07/26 23:00:00,A,CV,COMPLET,TOTAL,NR,T,IT,2014-01-01,11.0,,
ESTAT:MIGR_EMI1CTZ(1.0),01/07/26 23:00:00,A,CW,COMPLET,TOTAL,NR,T,IT,2014-01-01,0.0,,
ESTAT:MIGR_EMI1CTZ(1.0),01/07/26 23:00:00,A,CY,COMPLET,TOTAL,NR,T,IT,2014-01-01,2.0,,
ESTAT:MIGR_EMI1CTZ(1.0),01/07/26 23:00:00,A,CZ,COMPLET,TOTAL,NR,T,IT,2014-01-01,133.0,,
ESTAT:MIGR_EMI1CTZ(1.0),01/07/26 23:00:00,A,CZ_SK,COMPLET,TOTAL,NR,T,IT,2014-01-01,0.0,,
ESTAT:MIGR_EMI1CTZ(1.0),01/07/26 23:00:00,A,DE,COMPLET,TOTAL,NR,T,IT,2014-01-01,1234.0,,
ESTAT:MIGR_EMI1CTZ(1.0),01/07/26 23:00:00,A,DJ,COMPLET,TOTAL,NR,T,IT,2014-01-01,0.0,,
ESTAT:MIGR_EMI1CTZ(1.0),01/07/26 23:00:00,A,DK,COMPLET,TOTAL,NR,T,IT,2014-01-01,62.0,,
ESTAT:MIGR_EMI1CTZ(1.0),01/07/26 23:00:00,A,DM,COMPLET,TOTAL,NR,T,IT,2014-01-01,12.0,,
ESTAT:MIGR_EMI1CTZ(1.0),01/07/26 23:00:00,A,DO,COMPLET,TOTAL,NR,T,IT,2014-01-01,229.0,,
ESTAT:MIGR_EMI1CTZ(1.0),01/07/26 23:00:00,A,DZ,COMPLET,TOTAL,NR,T,IT,2014-01-01,136.0,,
ESTAT:MIGR_EMI1CTZ(1.0),01/07/26 23:00:00,A,EC,COMPLET,TOTAL,NR,T,IT,2014-01-01,744.0,,
ESTAT:MIGR_EMI1CTZ(1.0),01/07/26 23:00:00,A,EE,COMPLET,TOTAL,NR,T,IT,2014-01-01,15.0,,
ESTAT:MIGR_EMI1CTZ(1.0),01/07/26 23:00:00,A,EG,COMPLET,TOTAL,NR,T,IT,2014-01-01,434.0,,
ESTAT:MIGR_EMI1CTZ(1.0),01/07/26 23:00:00,A,EH,COMPLET,TOTAL,NR,T,IT,2014-01-01,0.0,,
ESTAT:MIGR_EMI1CTZ(1.0),01/07/26 23:00:00,A,EL,COMPLET,TOTAL,NR,T,IT,2014-01-01,127.0,,
ESTAT:MIGR_EMI1CTZ(1.0),01/07/26 23:00:00,A,ER,COMPLET,TOTAL,NR,T,IT,2014-01-01,43.0,,
ESTAT:MIGR_EMI1CTZ(1.0),01/07/26 23:00:00,A,ES,COMPLET,TOTAL,NR,T,IT,2014-01-01,541.0,,
ESTAT:MIGR_EMI1CTZ(1.0),01/07/26 23:00:00,A,ET,COMPLET,TOTAL,NR,T,IT,2014-01-01,54.0,,
ESTAT:MIGR_EMI1CTZ(1.0),01/07/26 23:00:00,A,EU28_FOR,COMPLET,TOTAL,NR,T,IT,2014-01-01,22020.0,,
ESTAT:MIGR_EMI1CTZ(1.0),01/07/26 23:00:00,A,EUR,COMPLET,TOTAL,NR,T,IT,2014-01-01,119255.0,,
ESTAT:MIGR_EMI1CTZ(1.0),01/07/26 23:00:00,A,EX_SU,COMPLET,TOTAL,NR,T,IT,2014-01-01,0.0,,
ESTAT:MIGR_EMI1CTZ(1.0),01/07/26 23:00:00,A,EX_YU,COMPLET,TOTAL,NR,T,IT,2014-01-01,0.0,,
ESTAT:MIGR_EMI1CTZ(1.0),01/07/26 23:00:00,A,FI,COMPLET,TOTAL,NR,T,IT,2014-01-01,50.0,,
ESTAT:MIGR_EMI1CTZ(1.0),01/07/26 23:00:00,A,FJ,COMPLET,TOTAL,NR,T,IT,2014-01-01,2.0,,
ESTAT:MIGR_EMI1CTZ(1.0),01/07/26 23:00:00,A,FK,COMPLET,TOTAL,NR,T,IT,2014-01-01,0.0,,
ESTAT:MIGR_EMI1CTZ(1.0),01/07/26 23:00:00,A,FM,COMPLET,TOTAL,NR,T,IT,2014-01-01,0.0,,
ESTAT:MIGR_EMI1CTZ(1.0),01/07/26 23:00:00,A,FO,COMPLET,TOTAL,NR,T,IT,2014-01-01,0.0,,
ESTAT:MIGR_EMI1CTZ(1.0),01/07/26 23:00:00,A,FOR_STLS,COMPLET,TOTAL,NR,T,IT,2014-01-01,47469.0,,
ESTAT:MIGR_EMI1CTZ(1.0),01/07/26 23:00:00,A,FR,COMPLET,TOTAL,NR,T,IT,2014-01-01,1005.0,,
ESTAT:MIGR_EMI1CTZ(1.0),01/07/26 23:00:00,A,GA,COMPLET,TOTAL,NR,T,IT,2014-01-01,0.0,,
ESTAT:MIGR_EMI1CTZ(1.0),01/07/26 23:00:00,A,GD,COMPLET,TOTAL,NR,T,IT,2014-01-01,0.0,,
ESTAT:MIGR_EMI1CTZ(1.0),01/07/26 23:00:00,A,GE,COMPLET,TOTAL,NR,T,IT,2014-01-01,131.0,,
ESTAT:MIGR_EMI1CTZ(1.0),01/07/26 23:00:00,A,GG,COMPLET,TOTAL,NR,T,IT,2014-01-01,0.0,,
ESTAT:MIGR_EMI1CTZ(1.0),01/07/26 23:00:00,A,GH,COMPLET,TOTAL,NR,T,IT,2014-01-01,253.0,,
ESTAT:MIGR_EMI1CTZ(1.0),01/07/26 23:00:00,A,GI,COMPLET,TOTAL,NR,T,IT,2014-01-01,0.0,,
ESTAT:MIGR_EMI1CTZ(1.0),01/07/26 23:00:00,A,GL,COMPLET,TOTAL,NR,T,IT,2014-01-01,0.0,,
ESTAT:MIGR_EMI1CTZ(1.0),01/07/26 23:00:00,A,GM,COMPLET,TOTAL,NR,T,IT,2014-01-01,9.0,,
ESTAT:MIGR_EMI1CTZ(1.0),01/07/26 23:00:00,A,GN,COMPLET,TOTAL,NR,T,IT,2014-01-01,19.0,,
ESTAT:MIGR_EMI1CTZ(1.0),01/07/26 23:00:00,A,GQ,COMPLET,TOTAL,NR,T,IT,2014-01-01,0.0,,
ESTAT:MIGR_EMI1CTZ(1.0),01/07/26 23:00:00,A,GT,COMPLET,TOTAL,NR,T,IT,2014-01-01,8.0,,
ESTAT:MIGR_EMI1CTZ(1.0),01/07/26 23:00:00,A,GW,COMPLET,TOTAL,NR,T,IT,2014-01-01,6.0,,
ESTAT:MIGR_EMI1CTZ(1.0),01/07/26 23:00:00,A,GY,COMPLET,TOTAL,NR,T,IT,2014-01-01,0.0,,
ESTAT:MIGR_EMI1CTZ(1.0),01/07/26 23:00:00,A,HN,COMPLET,TOTAL,NR,T,IT,2014-01-01,14.0,,
ESTAT:MIGR_EMI1CTZ(1.0),01/07/26 23:00:00,A,HR,COMPLET,TOTAL,NR,T,IT,2014-01-01,351.0,,
ESTAT:MIGR_EMI1CTZ(1.0),01/07/26 23:00:00,A,HT,COMPLET,TOTAL,NR,T,IT,2014-01-01,3.0,,
ESTAT:MIGR_EMI1CTZ(1.0),01/07/26 23:00:00,A,HU,COMPLET,TOTAL,NR,T,IT,2014-01-01,295.0,,
ESTAT:MIGR_EMI1CTZ(1.0),01/07/26 23:00:00,A,ID,COMPLET,TOTAL,NR,T,IT,2014-01-01,30.0,,
ESTAT:MIGR_EMI1CTZ(1.0),01/07/26 23:00:00,A,IE,COMPLET,TOTAL,NR,T,IT,2014-01-01,73.0,,
ESTAT:MIGR_EMI1CTZ(1.0),01/07/26 23:00:00,A,IL,COMPLET,TOTAL,NR,T,IT,2014-01-01,41.0,,
ESTAT:MIGR_EMI1CTZ(1.0),01/07/26 23:00:00,A,IM,COMPLET,TOTAL,NR,T,IT,2014-01-01,0.0,,
ESTAT:MIGR_EMI1CTZ(1.0),01/07/26 23:00:00,A,IN,COMPLET,TOTAL,NR,T,IT,2014-01-01,1666.0,,
ESTAT:MIGR_EMI1CTZ(1.0),01/07/26 23:00:00,A,IQ,COMPLET,TOTAL,NR,T,IT,2014-01-01,22.0,,
ESTAT:MIGR_EMI1CTZ(1.0),01/07/26 23:00:00,A,IR,COMPLET,TOTAL,NR,T,IT,2014-01-01,58.0,,
ESTAT:MIGR_EMI1CTZ(1.0),01/07/26 23:00:00,A,IS,COMPLET,TOTAL,NR,T,IT,2014-01-01,10.0,,
ESTAT:MIGR_EMI1CTZ(1.0),01/07/26 23:00:00,A,IT,COMPLET,TOTAL,NR,T,IT,2014-01-01,88859.0,,
ESTAT:MIGR_EMI1CTZ(1.0),01/07/26 23:00:00,A,JE,COMPLET,TOTAL,NR,T,IT,2014-01-01,0.0,,
ESTAT:MIGR_EMI1CTZ(1.0),01/07/26 23:00:00,A,JM,COMPLET,TOTAL,NR,T,IT,2014-01-01,2.0,,
ESTAT:MIGR_EMI1CTZ(1.0),01/07/26 23:00:00,A,JO,COMPLET,TOTAL,NR,T,IT,2014-01-01,4.0,,
ESTAT:MIGR_EMI1CTZ(1.0),01/07/26 23:00:00,A,JP,COMPLET,TOTAL,NR,T,IT,2014-01-01,261.0,,
ESTAT:MIGR_EMI1CTZ(1.0),01/07/26 23:00:00,A,KE,COMPLET,TOTAL,NR,T,IT,2014-01-01,32.0,,
ESTAT:MIGR_EMI1CTZ(1.0),01/07/26 23:00:00,A,KG,COMPLET,TOTAL,NR,T,IT,2014-01-01,5.0,,
ESTAT:MIGR_EMI1CTZ(1.0),01/07/26 23:00:00,A,KH,COMPLET,TOTAL,NR,T,IT,2014-01-01,2.0,,
ESTAT:MIGR_EMI1CTZ(1.0),01/07/26 23:00:00,A,KI,COMPLET,TOTAL,NR,T,IT,2014-01-01,0.0,,
ESTAT:MIGR_EMI1CTZ(1.0),01/07/26 23:00:00,A,KM,COMPLET,TOTAL,NR,T,IT,2014-01-01,1.0,,
ESTAT:MIGR_EMI1CTZ(1.0),01/07/26 23:00:00,A,KN,COMPLET,TOTAL,NR,T,IT,2014-01-01,0.0,,
ESTAT:MIGR_EMI1CTZ(1.0),01/07/26 23:00:00,A,KP,COMPLET,TOTAL,NR,T,IT,2014-01-01,0.0,,
ESTAT:MIGR_EMI1CTZ(1.0),01/07/26 23:00:00,A,KR,COMPLET,TOTAL,NR,T,IT,2014-01-01,94.0,,
ESTAT:MIGR_EMI1CTZ(1.0),01/07/26 23:00:00,A,KW,COMPLET,TOTAL,NR,T,IT,2014-01-01,1.0,,
ESTAT:MIGR_EMI1CTZ(1.0),01/07/26 23:00:00,A,KY,COMPLET,TOTAL,NR,T,IT,2014-01-01,0.0,,
ESTAT:MIGR_EMI1CTZ(1.0),01/07/26 23:00:00,A,KZ,COMPLET,TOTAL,NR,T,IT,2014-01-01,41.0,,
ESTAT:MIGR_EMI1CTZ(1.0),01/07/26 23:00:00,A,LA,COMPLET,TOTAL,NR,T,IT,2014-01-01,1.0,,
ESTAT:MIGR_EMI1CTZ(1.0),01/07/26 23:00:00,A,LB,COMPLET,TOTAL,NR,T,IT,2014-01-01,34.0,,
ESTAT:MIGR_EMI1CTZ(1.0),01/07/26 23:00:00,A,LC,COMPLET,TOTAL,NR,T,IT,2014-01-01,0.0,,
ESTAT:MIGR_EMI1CTZ(1.0),01/07/26 23:00:00,A,LI,COMPLET,TOTAL,NR,T,IT,2014-01-01,1.0,,
ESTAT:MIGR_EMI1CTZ(1.0),01/07/26 23:00:00,A,LK,COMPLET,TOTAL,NR,T,IT,2014-01-01,588.0,,
ESTAT:MIGR_EMI1CTZ(1.0),01/07/26 23:00:00,A,LR,COMPLET,TOTAL,NR,T,IT,2014-01-01,5.0,,
ESTAT:MIGR_EMI1CTZ(1.0),01/07/26 23:00:00,A,LS,COMPLET,TOTAL,NR,T,IT,2014-01-01,0.0,,
ESTAT:MIGR_EMI1CTZ(1.0),01/07/26 23:00:00,A,LT,COMPLET,TOTAL,NR,T,IT,2014-01-01,72.0,,
ESTAT:MIGR_EMI1CTZ(1.0),01/07/26 23:00:00,A,LU,COMPLET,TOTAL,NR,T,IT,2014-01-01,13.0,,
ESTAT:MIGR_EMI1CTZ(1.0),01/07/26 23:00:00,A,LV,COMPLET,TOTAL,NR,T,IT,2014-01-01,43.0,,
ESTAT:MIGR_EMI1CTZ(1.0),01/07/26 23:00:00,A,LY,COMPLET,TOTAL,NR,T,IT,2014-01-01,12.0,,
ESTAT:MIGR_EMI1CTZ(1.0),01/07/26 23:00:00,A,MA,COMPLET,TOTAL,NR,T,IT,2014-01-01,2726.0,,
ESTAT:MIGR_EMI1CTZ(1.0),01/07/26 23:00:00,A,MC,COMPLET,TOTAL,NR,T,IT,2014-01-01,0.0,,
ESTAT:MIGR_EMI1CTZ(1.0),01/07/26 23:00:00,A,MD,COMPLET,TOTAL,NR,T,IT,2014-01-01,1477.0,,
ESTAT:MIGR_EMI1CTZ(1.0),01/07/26 23:00:00,A,ME,COMPLET,TOTAL,NR,T,IT,2014-01-01,59.0,,
ESTAT:MIGR_EMI1CTZ(1.0),01/07/26 23:00:00,A,MEL,COMPLET,TOTAL,NR,T,IT,2014-01-01,2.0,,
ESTAT:MIGR_EMI1CTZ(1.0),01/07/26 23:00:00,A,MG,COMPLET,TOTAL,NR,T,IT,2014-01-01,9.0,,
ESTAT:MIGR_EMI1CTZ(1.0),01/07/26 23:00:00,A,MH,COMPLET,TOTAL,NR,T,IT,2014-01-01,2.0,,
ESTAT:MIGR_EMI1CTZ(1.0),01/07/26 23:00:00,A,MIC,COMPLET,TOTAL,NR,T,IT,2014-01-01,2.0,,
ESTAT:MIGR_EMI1CTZ(1.0),01/07/26 23:00:00,A,MK,COMPLET,TOTAL,NR,T,IT,2014-01-01,876.0,,
ESTAT:MIGR_EMI1CTZ(1.0),01/07/26 23:00:00,A,ML,COMPLET,TOTAL,NR,T,IT,2014-01-01,28.0,,
ESTAT:MIGR_EMI1CTZ(1.0),01/07/26 23:00:00,A,MM,COMPLET,TOTAL,NR,T,IT,2014-01-01,4.0,,
ESTAT:MIGR_EMI1CTZ(1.0),01/07/26 23:00:00,A,MN,COMPLET,TOTAL,NR,T,IT,2014-01-01,4.0,,
ESTAT:MIGR_EMI1CTZ(1.0),01/07/26 23:00:00,A,MR,COMPLET,TOTAL,NR,T,IT,2014-01-01,8.0,,
ESTAT:MIGR_EMI1CTZ(1.0),01/07/26 23:00:00,A,MS,COMPLET,TOTAL,NR,T,IT,2014-01-01,0.0,,
ESTAT:MIGR_EMI1CTZ(1.0),01/07/26 23:00:00,A,MT,COMPLET,TOTAL,NR,T,IT,2014-01-01,16.0,,
ESTAT:MIGR_EMI1CTZ(1.0),01/07/26 23:00:00,A,MU,COMPLET,TOTAL,NR,T,IT,2014-01-01,33.0,,
ESTAT:MIGR_EMI1CTZ(1.0),01/07/26 23:00:00,A,MV,COMPLET,TOTAL,NR,T,IT,2014-01-01,0.0,,
ESTAT:MIGR_EMI1CTZ(1.0),01/07/26 23:00:00,A,MW,COMPLET,TOTAL,NR,T,IT,2014-01-01,0.0,,
ESTAT:MIGR_EMI1CTZ(1.0),01/07/26 23:00:00,A,MX,COMPLET,TOTAL,NR,T,IT,2014-01-01,102.0,,
ESTAT:MIGR_EMI1CTZ(1.0),01/07/26 23:00:00,A,MY,COMPLET,TOTAL,NR,T,IT,2014-01-01,14.0,,
ESTAT:MIGR_EMI1CTZ(1.0),01/07/26 23:00:00,A,MZ,COMPLET,TOTAL,NR,T,IT,2014-01-01,4.0,,
ESTAT:MIGR_EMI1CTZ(1.0),01/07/26 23:00:00,A,NA,COMPLET,TOTAL,NR,T,IT,2014-01-01,3.0,,
ESTAT:MIGR_EMI1CTZ(1.0),01/07/26 23:00:00,A,NAT,COMPLET,TOTAL,NR,T,IT,2014-01-01,88859.0,,
ESTAT:MIGR_EMI1CTZ(1.0),01/07/26 23:00:00,A,NC,COMPLET,TOTAL,NR,T,IT,2014-01-01,0.0,,
ESTAT:MIGR_EMI1CTZ(1.0),01/07/26 23:00:00,A,NE,COMPLET,TOTAL,NR,T,IT,2014-01-01,12.0,,
ESTAT:MIGR_EMI1CTZ(1.0),01/07/26 23:00:00,A,NEU28_FOR,COMPLET,TOTAL,NR,T,IT,2014-01-01,25448.0,,
ESTAT:MIGR_EMI1CTZ(1.0),01/07/26 23:00:00,A,NG,COMPLET,TOTAL,NR,T,IT,2014-01-01,198.0,,
ESTAT:MIGR_EMI1CTZ(1.0),01/07/26 23:00:00,A,NI,COMPLET,TOTAL,NR,T,IT,2014-01-01,8.0,,
ESTAT:MIGR_EMI1CTZ(1.0),01/07/26 23:00:00,A,NL,COMPLET,TOTAL,NR,T,IT,2014-01-01,285.0,,
ESTAT:MIGR_EMI1CTZ(1.0),01/07/26 23:00:00,A,NO,COMPLET,TOTAL,NR,T,IT,2014-01-01,33.0,,
ESTAT:MIGR_EMI1CTZ(1.0),01/07/26 23:00:00,A,NP,COMPLET,TOTAL,NR,T,IT,2014-01-01,12.0,,
ESTAT:MIGR_EMI1CTZ(1.0),01/07/26 23:00:00,A,NR,COMPLET,TOTAL,NR,T,IT,2014-01-01,0.0,,
ESTAT:MIGR_EMI1CTZ(1.0),01/07/26 23:00:00,A,NZ,COMPLET,TOTAL,NR,T,IT,2014-01-01,20.0,,
ESTAT:MIGR_EMI1CTZ(1.0),01/07/26 23:00:00,A,OCE,COMPLET,TOTAL,NR,T,IT,2014-01-01,78.0,,
ESTAT:MIGR_EMI1CTZ(1.0),01/07/26 23:00:00,A,OM,COMPLET,TOTAL,NR,T,IT,2014-01-01,1.0,,
ESTAT:MIGR_EMI1CTZ(1.0),01/07/26 23:00:00,A,OTH,COMPLET,TOTAL,NR,T,IT,2014-01-01,0.0,,
ESTAT:MIGR_EMI1CTZ(1.0),01/07/26 23:00:00,A,PA,COMPLET,TOTAL,NR,T,IT,2014-01-01,2.0,,
ESTAT:MIGR_EMI1CTZ(1.0),01/07/26 23:00:00,A,PE,COMPLET,TOTAL,NR,T,IT,2014-01-01,690.0,,
ESTAT:MIGR_EMI1CTZ(1.0),01/07/26 23:00:00,A,PF,COMPLET,TOTAL,NR,T,IT,2014-01-01,0.0,,
ESTAT:MIGR_EMI1CTZ(1.0),01/07/26 23:00:00,A,PG,COMPLET,TOTAL,NR,T,IT,2014-01-01,0.0,,
ESTAT:MIGR_EMI1CTZ(1.0),01/07/26 23:00:00,A,PH,COMPLET,TOTAL,NR,T,IT,2014-01-01,408.0,,
ESTAT:MIGR_EMI1CTZ(1.0),01/07/26 23:00:00,A,PK,COMPLET,TOTAL,NR,T,IT,2014-01-01,869.0,,
ESTAT:MIGR_EMI1CTZ(1.0),01/07/26 23:00:00,A,PL,COMPLET,TOTAL,NR,T,IT,2014-01-01,1667.0,,
ESTAT:MIGR_EMI1CTZ(1.0),01/07/26 23:00:00,A,PM,COMPLET,TOTAL,NR,T,IT,2014-01-01,0.0,,
ESTAT:MIGR_EMI1CTZ(1.0),01/07/26 23:00:00,A,PN,COMPLET,TOTAL,NR,T,IT,2014-01-01,0.0,,
ESTAT:MIGR_EMI1CTZ(1.0),01/07/26 23:00:00,A,POL,COMPLET,TOTAL,NR,T,IT,2014-01-01,0.0,,
ESTAT:MIGR_EMI1CTZ(1.0),01/07/26 23:00:00,A,PS,COMPLET,TOTAL,NR,T,IT,2014-01-01,11.0,,
ESTAT:MIGR_EMI1CTZ(1.0),01/07/26 23:00:00,A,PT,COMPLET,TOTAL,NR,T,IT,2014-01-01,133.0,,
ESTAT:MIGR_EMI1CTZ(1.0),01/07/26 23:00:00,A,PW,COMPLET,TOTAL,NR,T,IT,2014-01-01,0.0,,
ESTAT:MIGR_EMI1CTZ(1.0),01/07/26 23:00:00,A,PY,COMPLET,TOTAL,NR,T,IT,2014-01-01,16.0,,
ESTAT:MIGR_EMI1CTZ(1.0),01/07/26 23:00:00,A,QA,COMPLET,TOTAL,NR,T,IT,2014-01-01,0.0,,
ESTAT:MIGR_EMI1CTZ(1.0),01/07/26 23:00:00,A,RNC,COMPLET,TOTAL,NR,T,IT,2014-01-01,1.0,,
ESTAT:MIGR_EMI1CTZ(1.0),01/07/26 23:00:00,A,RO,COMPLET,TOTAL,NR,T,IT,2014-01-01,13518.0,,
ESTAT:MIGR_EMI1CTZ(1.0),01/07/26 23:00:00,A,RS,COMPLET,TOTAL,NR,T,IT,2014-01-01,317.0,,
ESTAT:MIGR_EMI1CTZ(1.0),01/07/26 23:00:00,A,RS_ME,COMPLET,TOTAL,NR,T,IT,2014-01-01,0.0,,
ESTAT:MIGR_EMI1CTZ(1.0),01/07/26 23:00:00,A,RU,COMPLET,TOTAL,NR,T,IT,2014-01-01,337.0,,
ESTAT:MIGR_EMI1CTZ(1.0),01/07/26 23:00:00,A,RW,COMPLET,TOTAL,NR,T,IT,2014-01-01,4.0,,
ESTAT:MIGR_EMI1CTZ(1.0),01/07/26 23:00:00,A,SA,COMPLET,TOTAL,NR,T,IT,2014-01-01,2.0,,
ESTAT:MIGR_EMI1CTZ(1.0),01/07/26 23:00:00,A,SB,COMPLET,TOTAL,NR,T,IT,2014-01-01,0.0,,
ESTAT:MIGR_EMI1CTZ(1.0),01/07/26 23:00:00,A,SC,COMPLET,TOTAL,NR,T,IT,2014-01-01,4.0,,
ESTAT:MIGR_EMI1CTZ(1.0),01/07/26 23:00:00,A,SD,COMPLET,TOTAL,NR,T,IT,2014-01-01,11.0,,
ESTAT:MIGR_EMI1CTZ(1.0),01/07/26 23:00:00,A,SE,COMPLET,TOTAL,NR,T,IT,2014-01-01,126.0,,
ESTAT:MIGR_EMI1CTZ(1.0),01/07/26 23:00:00,A,SG,COMPLET,TOTAL,NR,T,IT,2014-01-01,9.0,,
ESTAT:MIGR_EMI1CTZ(1.0),01/07/26 23:00:00,A,SH,COMPLET,TOTAL,NR,T,IT,2014-01-01,0.0,,
ESTAT:MIGR_EMI1CTZ(1.0),01/07/26 23:00:00,A,SI,COMPLET,TOTAL,NR,T,IT,2014-01-01,84.0,,
ESTAT:MIGR_EMI1CTZ(1.0),01/07/26 23:00:00,A,SK,COMPLET,TOTAL,NR,T,IT,2014-01-01,289.0,,
ESTAT:MIGR_EMI1CTZ(1.0),01/07/26 23:00:00,A,SL,COMPLET,TOTAL,NR,T,IT,2014-01-01,1.0,,
ESTAT:MIGR_EMI1CTZ(1.0),01/07/26 23:00:00,A,SM,COMPLET,TOTAL,NR,T,IT,2014-01-01,13.0,,
ESTAT:MIGR_EMI1CTZ(1.0),01/07/26 23:00:00,A,SN,COMPLET,TOTAL,NR,T,IT,2014-01-01,495.0,,
ESTAT:MIGR_EMI1CTZ(1.0),01/07/26 23:00:00,A,SO,COMPLET,TOTAL,NR,T,IT,2014-01-01,77.0,,
ESTAT:MIGR_EMI1CTZ(1.0),01/07/26 23:00:00,A,SR,COMPLET,TOTAL,NR,T,IT,2014-01-01,0.0,,
ESTAT:MIGR_EMI1CTZ(1.0),01/07/26 23:00:00,A,SS,COMPLET,TOTAL,NR,T,IT,2014-01-01,0.0,,
ESTAT:MIGR_EMI1CTZ(1.0),01/07/26 23:00:00,A,ST,COMPLET,TOTAL,NR,T,IT,2014-01-01,0.0,,
ESTAT:MIGR_EMI1CTZ(1.0),01/07/26 23:00:00,A,STLS,COMPLET,TOTAL,NR,T,IT,2014-01-01,1.0,,
ESTAT:MIGR_EMI1CTZ(1.0),01/07/26 23:00:00,A,SV,COMPLET,TOTAL,NR,T,IT,2014-01-01,27.0,,
ESTAT:MIGR_EMI1CTZ(1.0),01/07/26 23:00:00,A,SX,COMPLET,TOTAL,NR,T,IT,2014-01-01,0.0,,
ESTAT:MIGR_EMI1CTZ(1.0),01/07/26 23:00:00,A,SY,COMPLET,TOTAL,NR,T,IT,2014-01-01,56.0,,
ESTAT:MIGR_EMI1CTZ(1.0),01/07/26 23:00:00,A,SZ,COMPLET,TOTAL,NR,T,IT,2014-01-01,1.0,,
ESTAT:MIGR_EMI1CTZ(1.0),01/07/26 23:00:00,A,TC,COMPLET,TOTAL,NR,T,IT,2014-01-01,0.0,,
ESTAT:MIGR_EMI1CTZ(1.0),01/07/26 23:00:00,A,TD,COMPLET,TOTAL,NR,T,IT,2014-01-01,0.0,,
ESTAT:MIGR_EMI1CTZ(1.0),01/07/26 23:00:00,A,TG,COMPLET,TOTAL,NR,T,IT,2014-01-01,25.0,,
ESTAT:MIGR_EMI1CTZ(1.0),01/07/26 23:00:00,A,TH,COMPLET,TOTAL,NR,T,IT,2014-01-01,85.0,,
ESTAT:MIGR_EMI1CTZ(1.0),01/07/26 23:00:00,A,TJ,COMPLET,TOTAL,NR,T,IT,2014-01-01,0.0,,
ESTAT:MIGR_EMI1CTZ(1.0),01/07/26 23:00:00,A,TL,COMPLET,TOTAL,NR,T,IT,2014-01-01,0.0,,
ESTAT:MIGR_EMI1CTZ(1.0),01/07/26 23:00:00,A,TM,COMPLET,TOTAL,NR,T,IT,2014-01-01,0.0,,
ESTAT:MIGR_EMI1CTZ(1.0),01/07/26 23:00:00,A,TN,COMPLET,TOTAL,NR,T,IT,2014-01-01,705.0,,
ESTAT:MIGR_EMI1CTZ(1.0),01/07/26 23:00:00,A,TO,COMPLET,TOTAL,NR,T,IT,2014-01-01,0.0,,
ESTAT:MIGR_EMI1CTZ(1.0),01/07/26 23:00:00,A,TOTAL,COMPLET,TOTAL,NR,T,IT,2014-01-01,136328.0,,
ESTAT:MIGR_EMI1CTZ(1.0),01/07/26 23:00:00,A,TR,COMPLET,TOTAL,NR,T,IT,2014-01-01,203.0,,
ESTAT:MIGR_EMI1CTZ(1.0),01/07/26 23:00:00,A,TT,COMPLET,TOTAL,NR,T,IT,2014-01-01,0.0,,
ESTAT:MIGR_EMI1CTZ(1.0),01/07/26 23:00:00,A,TV,COMPLET,TOTAL,NR,T,IT,2014-01-01,0.0,,
ESTAT:MIGR_EMI1CTZ(1.0),01/07/26 23:00:00,A,TW,COMPLET,TOTAL,NR,T,IT,2014-01-01,11.0,,
ESTAT:MIGR_EMI1CTZ(1.0),01/07/26 23:00:00,A,TZ,COMPLET,TOTAL,NR,T,IT,2014-01-01,14.0,,
ESTAT:MIGR_EMI1CTZ(1.0),01/07/26 23:00:00,A,UA,COMPLET,TOTAL,NR,T,IT,2014-01-01,1763.0,,
ESTAT:MIGR_EMI1CTZ(1.0),01/07/26 23:00:00,A,UG,COMPLET,TOTAL,NR,T,IT,2014-01-01,5.0,,
ESTAT:MIGR_EMI1CTZ(1.0),01/07/26 23:00:00,A,UK,COMPLET,TOTAL,NR,T,IT,2014-01-01,727.0,,
ESTAT:MIGR_EMI1CTZ(1.0),01/07/26 23:00:00,A,UNK,COMPLET,TOTAL,NR,T,IT,2014-01-01,0.0,,
ESTAT:MIGR_EMI1CTZ(1.0),01/07/26 23:00:00,A,US,COMPLET,TOTAL,NR,T,IT,2014-01-01,531.0,,
ESTAT:MIGR_EMI1CTZ(1.0),01/07/26 23:00:00,A,UY,COMPLET,TOTAL,NR,T,IT,2014-01-01,9.0,,
ESTAT:MIGR_EMI1CTZ(1.0),01/07/26 23:00:00,A,UZ,COMPLET,TOTAL,NR,T,IT,2014-01-01,11.0,,
ESTAT:MIGR_EMI1CTZ(1.0),01/07/26 23:00:00,A,VA,COMPLET,TOTAL,NR,T,IT,2014-01-01,0.0,,
ESTAT:MIGR_EMI1CTZ(1.0),01/07/26 23:00:00,A,VC,COMPLET,TOTAL,NR,T,IT,2014-01-01,0.0,,
ESTAT:MIGR_EMI1CTZ(1.0),01/07/26 23:00:00,A,VE,COMPLET,TOTAL,NR,T,IT,2014-01-01,50.0,,
ESTAT:MIGR_EMI1CTZ(1.0),01/07/26 23:00:00,A,VG,COMPLET,TOTAL,NR,T,IT,2014-01-01,0.0,,
ESTAT:MIGR_EMI1CTZ(1.0),01/07/26 23:00:00,A,VN,COMPLET,TOTAL,NR,T,IT,2014-01-01,14.0,,
ESTAT:MIGR_EMI1CTZ(1.0),01/07/26 23:00:00,A,VU,COMPLET,TOTAL,NR,T,IT,2014-01-01,0.0,,
ESTAT:MIGR_EMI1CTZ(1.0),01/07/26 23:00:00,A,WF,COMPLET,TOTAL,NR,T,IT,2014-01-01,0.0,,
ESTAT:MIGR_EMI1CTZ(1.0),01/07/26 23:00:00,A,WS,COMPLET,TOTAL,NR,T,IT,2014-01-01,0.0,,
ESTAT:MIGR_EMI1CTZ(1.0),01/07/26 23:00:00,A,XK,COMPLET,TOTAL,NR,T,IT,2014-01-01,580.0,,
ESTAT:MIGR_EMI1CTZ(1.0),01/07/26 23:00:00,A,YE,COMPLET,TOTAL,NR,T,IT,2014-01-01,0.0,,
ESTAT:MIGR_EMI1CTZ(1.0),01/07/26 23:00:00,A,ZA,COMPLET,TOTAL,NR,T,IT,2014-01-01,21.0,,
ESTAT:MIGR_EMI1CTZ(1.0),01/07/26 23:00:00,A,ZM,COMPLET,TOTAL,NR,T,IT,2014-01-01,1.0,,
ESTAT:MIGR_EMI1CTZ(1.0),01/07/26 23:00:00,A,ZW,COMPLET,TOTAL,NR,T,IT,2014-01-01,0.0,,
ESTAT:MIGR_EMI1CTZ(1.0),01/07/26 23:00:00,A,AD,COMPLET,TOTAL,NR,T,IT,2015-01-01,0.0,,
ESTAT:MIGR_EMI1CTZ(1.0),01/07/26 23:00:00,A,AE,COMPLET,TOTAL,NR,T,IT,2015-01-01,3.0,,
ESTAT:MIGR_EMI1CTZ(1.0),01/07/26 23:00:00,A,AF,COMPLET,TOTAL,NR,T,IT,2015-01-01,79.0,,
ESTAT:MIGR_EMI1CTZ(1.0),01/07/26 23:00:00,A,AFR,COMPLET,TOTAL,NR,T,IT,2015-01-01,5693.0,,
ESTAT:MIGR_EMI1CTZ(1.0),01/07/26 23:00:00,A,AFR_C,COMPLET,TOTAL,NR,T,IT,2015-01-01,127.0,,
ESTAT:MIGR_EMI1CTZ(1.0),01/07/26 23:00:00,A,AFR_E,COMPLET,TOTAL,NR,T,IT,2015-01-01,306.0,,
ESTAT:MIGR_EMI1CTZ(1.0),01/07/26 23:00:00,A,AFR_N,COMPLET,TOTAL,NR,T,IT,2015-01-01,3811.0,,
ESTAT:MIGR_EMI1CTZ(1.0),01/07/26 23:00:00,A,AFR_S,COMPLET,TOTAL,NR,T,IT,2015-01-01,58.0,,
ESTAT:MIGR_EMI1CTZ(1.0),01/07/26 23:00:00,A,AFR_W,COMPLET,TOTAL,NR,T,IT,2015-01-01,1391.0,,
ESTAT:MIGR_EMI1CTZ(1.0),01/07/26 23:00:00,A,AG,COMPLET,TOTAL,NR,T,IT,2015-01-01,0.0,,
ESTAT:MIGR_EMI1CTZ(1.0),01/07/26 23:00:00,A,AI,COMPLET,TOTAL,NR,T,IT,2015-01-01,0.0,,
ESTAT:MIGR_EMI1CTZ(1.0),01/07/26 23:00:00,A,AL,COMPLET,TOTAL,NR,T,IT,2015-01-01,1959.0,,
ESTAT:MIGR_EMI1CTZ(1.0),01/07/26 23:00:00,A,AM,COMPLET,TOTAL,NR,T,IT,2015-01-01,7.0,,
ESTAT:MIGR_EMI1CTZ(1.0),01/07/26 23:00:00,A,AME,COMPLET,TOTAL,NR,T,IT,2015-01-01,3432.0,,
ESTAT:MIGR_EMI1CTZ(1.0),01/07/26 23:00:00,A,AME_C,COMPLET,TOTAL,NR,T,IT,2015-01-01,158.0,,
ESTAT:MIGR_EMI1CTZ(1.0),01/07/26 23:00:00,A,AME_N,COMPLET,TOTAL,NR,T,IT,2015-01-01,598.0,,
ESTAT:MIGR_EMI1CTZ(1.0),01/07/26 23:00:00,A,AME_S,COMPLET,TOTAL,NR,T,IT,2015-01-01,2231.0,,
ESTAT:MIGR_EMI1CTZ(1.0),01/07/26 23:00:00,A,AN,COMPLET,TOTAL,NR,T,IT,2015-01-01,0.0,,
ESTAT:MIGR_EMI1CTZ(1.0),01/07/26 23:00:00,A,AO,COMPLET,TOTAL,NR,T,IT,2015-01-01,8.0,,
ESTAT:MIGR_EMI1CTZ(1.0),01/07/26 23:00:00,A,AR,COMPLET,TOTAL,NR,T,IT,2015-01-01,137.0,,
ESTAT:MIGR_EMI1CTZ(1.0),01/07/26 23:00:00,A,ASI,COMPLET,TOTAL,NR,T,IT,2015-01-01,6784.0,,
ESTAT:MIGR_EMI1CTZ(1.0),01/07/26 23:00:00,A,ASI_C,COMPLET,TOTAL,NR,T,IT,2015-01-01,55.0,,
ESTAT:MIGR_EMI1CTZ(1.0),01/07/26 23:00:00,A,ASI_E,COMPLET,TOTAL,NR,T,IT,2015-01-01,2160.0,,
ESTAT:MIGR_EMI1CTZ(1.0),01/07/26 23:00:00,A,ASI_S,COMPLET,TOTAL,NR,T,IT,2015-01-01,3616.0,,
ESTAT:MIGR_EMI1CTZ(1.0),01/07/26 23:00:00,A,ASI_S_E,COMPLET,TOTAL,NR,T,IT,2015-01-01,610.0,,
ESTAT:MIGR_EMI1CTZ(1.0),01/07/26 23:00:00,A,ASI_W,COMPLET,TOTAL,NR,T,IT,2015-01-01,343.0,,
ESTAT:MIGR_EMI1CTZ(1.0),01/07/26 23:00:00,A,AT,COMPLET,TOTAL,NR,T,IT,2015-01-01,153.0,,
ESTAT:MIGR_EMI1CTZ(1.0),01/07/26 23:00:00,A,AU,COMPLET,TOTAL,NR,T,IT,2015-01-01,82.0,,
ESTAT:MIGR_EMI1CTZ(1.0),01/07/26 23:00:00,A,AU_NZ,COMPLET,TOTAL,NR,T,IT,2015-01-01,96.0,,
ESTAT:MIGR_EMI1CTZ(1.0),01/07/26 23:00:00,A,AW,COMPLET,TOTAL,NR,T,IT,2015-01-01,0.0,,
ESTAT:MIGR_EMI1CTZ(1.0),01/07/26 23:00:00,A,AZ,COMPLET,TOTAL,NR,T,IT,2015-01-01,1.0,,
ESTAT:MIGR_EMI1CTZ(1.0),01/07/26 23:00:00,A,BA,COMPLET,TOTAL,NR,T,IT,2015-01-01,249.0,,
ESTAT:MIGR_EMI1CTZ(1.0),01/07/26 23:00:00,A,BB,COMPLET,TOTAL,NR,T,IT,2015-01-01,1.0,,
ESTAT:MIGR_EMI1CTZ(1.0),01/07/26 23:00:00,A,BD,COMPLET,TOTAL,NR,T,IT,2015-01-01,556.0,,
ESTAT:MIGR_EMI1CTZ(1.0),01/07/26 23:00:00,A,BE,COMPLET,TOTAL,NR,T,IT,2015-01-01,161.0,,
ESTAT:MIGR_EMI1CTZ(1.0),01/07/26 23:00:00,A,BF,COMPLET,TOTAL,NR,T,IT,2015-01-01,56.0,,
ESTAT:MIGR_EMI1CTZ(1.0),01/07/26 23:00:00,A,BG,COMPLET,TOTAL,NR,T,IT,2015-01-01,723.0,,
ESTAT:MIGR_EMI1CTZ(1.0),01/07/26 23:00:00,A,BH,COMPLET,TOTAL,NR,T,IT,2015-01-01,0.0,,
ESTAT:MIGR_EMI1CTZ(1.0),01/07/26 23:00:00,A,BI,COMPLET,TOTAL,NR,T,IT,2015-01-01,8.0,,
ESTAT:MIGR_EMI1CTZ(1.0),01/07/26 23:00:00,A,BJ,COMPLET,TOTAL,NR,T,IT,2015-01-01,19.0,,
ESTAT:MIGR_EMI1CTZ(1.0),01/07/26 23:00:00,A,BL,COMPLET,TOTAL,NR,T,IT,2015-01-01,0.0,,
ESTAT:MIGR_EMI1CTZ(1.0),01/07/26 23:00:00,A,BM,COMPLET,TOTAL,NR,T,IT,2015-01-01,0.0,,
ESTAT:MIGR_EMI1CTZ(1.0),01/07/26 23:00:00,A,BN,COMPLET,TOTAL,NR,T,IT,2015-01-01,1.0,,
ESTAT:MIGR_EMI1CTZ(1.0),01/07/26 23:00:00,A,BO,COMPLET,TOTAL,NR,T,IT,2015-01-01,127.0,,
ESTAT:MIGR_EMI1CTZ(1.0),01/07/26 23:00:00,A,BQ,COMPLET,TOTAL,NR,T,IT,2015-01-01,0.0,,
ESTAT:MIGR_EMI1CTZ(1.0),01/07/26 23:00:00,A,BR,COMPLET,TOTAL,NR,T,IT,2015-01-01,501.0,,
ESTAT:MIGR_EMI1CTZ(1.0),01/07/26 23:00:00,A,BS,COMPLET,TOTAL,NR,T,IT,2015-01-01,1.0,,
ESTAT:MIGR_EMI1CTZ(1.0),01/07/26 23:00:00,A,BT,COMPLET,TOTAL,NR,T,IT,2015-01-01,0.0,,
ESTAT:MIGR_EMI1CTZ(1.0),01/07/26 23:00:00,A,BW,COMPLET,TOTAL,NR,T,IT,2015-01-01,0.0,,
ESTAT:MIGR_EMI1CTZ(1.0),01/07/26 23:00:00,A,BY,COMPLET,TOTAL,NR,T,IT,2015-01-01,70.0,,
ESTAT:MIGR_EMI1CTZ(1.0),01/07/26 23:00:00,A,BZ,COMPLET,TOTAL,NR,T,IT,2015-01-01,0.0,,
ESTAT:MIGR_EMI1CTZ(1.0),01/07/26 23:00:00,A,CA,COMPLET,TOTAL,NR,T,IT,2015-01-01,64.0,,
ESTAT:MIGR_EMI1CTZ(1.0),01/07/26 23:00:00,A,CD,COMPLET,TOTAL,NR,T,IT,2015-01-01,13.0,,
ESTAT:MIGR_EMI1CTZ(1.0),01/07/26 23:00:00,A,CF,COMPLET,TOTAL,NR,T,IT,2015-01-01,1.0,,
ESTAT:MIGR_EMI1CTZ(1.0),01/07/26 23:00:00,A,CG,COMPLET,TOTAL,NR,T,IT,2015-01-01,31.0,,
ESTAT:MIGR_EMI1CTZ(1.0),01/07/26 23:00:00,A,CH,COMPLET,TOTAL,NR,T,IT,2015-01-01,270.0,,
ESTAT:MIGR_EMI1CTZ(1.0),01/07/26 23:00:00,A,CI,COMPLET,TOTAL,NR,T,IT,2015-01-01,165.0,,
ESTAT:MIGR_EMI1CTZ(1.0),01/07/26 23:00:00,A,CL,COMPLET,TOTAL,NR,T,IT,2015-01-01,40.0,,
ESTAT:MIGR_EMI1CTZ(1.0),01/07/26 23:00:00,A,CM,COMPLET,TOTAL,NR,T,IT,2015-01-01,68.0,,
ESTAT:MIGR_EMI1CTZ(1.0),01/07/26 23:00:00,A,CN,COMPLET,TOTAL,NR,T,IT,2015-01-01,1799.0,,
ESTAT:MIGR_EMI1CTZ(1.0),01/07/26 23:00:00,A,CO,COMPLET,TOTAL,NR,T,IT,2015-01-01,185.0,,
ESTAT:MIGR_EMI1CTZ(1.0),01/07/26 23:00:00,A,CR,COMPLET,TOTAL,NR,T,IT,2015-01-01,3.0,,
ESTAT:MIGR_EMI1CTZ(1.0),01/07/26 23:00:00,A,CRB,COMPLET,TOTAL,NR,T,IT,2015-01-01,445.0,,
ESTAT:MIGR_EMI1CTZ(1.0),01/07/26 23:00:00,A,CU,COMPLET,TOTAL,NR,T,IT,2015-01-01,236.0,,
ESTAT:MIGR_EMI1CTZ(1.0),01/07/26 23:00:00,A,CV,COMPLET,TOTAL,NR,T,IT,2015-01-01,6.0,,
ESTAT:MIGR_EMI1CTZ(1.0),01/07/26 23:00:00,A,CW,COMPLET,TOTAL,NR,T,IT,2015-01-01,0.0,,
ESTAT:MIGR_EMI1CTZ(1.0),01/07/26 23:00:00,A,CY,COMPLET,TOTAL,NR,T,IT,2015-01-01,6.0,,
ESTAT:MIGR_EMI1CTZ(1.0),01/07/26 23:00:00,A,CZ,COMPLET,TOTAL,NR,T,IT,2015-01-01,122.0,,
ESTAT:MIGR_EMI1CTZ(1.0),01/07/26 23:00:00,A,CZ_SK,COMPLET,TOTAL,NR,T,IT,2015-01-01,0.0,,
ESTAT:MIGR_EMI1CTZ(1.0),01/07/26 23:00:00,A,DE,COMPLET,TOTAL,NR,T,IT,2015-01-01,1188.0,,
ESTAT:MIGR_EMI1CTZ(1.0),01/07/26 23:00:00,A,DJ,COMPLET,TOTAL,NR,T,IT,2015-01-01,0.0,,
ESTAT:MIGR_EMI1CTZ(1.0),01/07/26 23:00:00,A,DK,COMPLET,TOTAL,NR,T,IT,2015-01-01,66.0,,
ESTAT:MIGR_EMI1CTZ(1.0),01/07/26 23:00:00,A,DM,COMPLET,TOTAL,NR,T,IT,2015-01-01,5.0,,
ESTAT:MIGR_EMI1CTZ(1.0),01/07/26 23:00:00,A,DO,COMPLET,TOTAL,NR,T,IT,2015-01-01,192.0,,
ESTAT:MIGR_EMI1CTZ(1.0),01/07/26 23:00:00,A,DZ,COMPLET,TOTAL,NR,T,IT,2015-01-01,181.0,,
ESTAT:MIGR_EMI1CTZ(1.0),01/07/26 23:00:00,A,EC,COMPLET,TOTAL,NR,T,IT,2015-01-01,599.0,,
ESTAT:MIGR_EMI1CTZ(1.0),01/07/26 23:00:00,A,EE,COMPLET,TOTAL,NR,T,IT,2015-01-01,23.0,,
ESTAT:MIGR_EMI1CTZ(1.0),01/07/26 23:00:00,A,EG,COMPLET,TOTAL,NR,T,IT,2015-01-01,446.0,,
ESTAT:MIGR_EMI1CTZ(1.0),01/07/26 23:00:00,A,EH,COMPLET,TOTAL,NR,T,IT,2015-01-01,0.0,,
ESTAT:MIGR_EMI1CTZ(1.0),01/07/26 23:00:00,A,EL,COMPLET,TOTAL,NR,T,IT,2015-01-01,125.0,,
ESTAT:MIGR_EMI1CTZ(1.0),01/07/26 23:00:00,A,ER,COMPLET,TOTAL,NR,T,IT,2015-01-01,52.0,,
ESTAT:MIGR_EMI1CTZ(1.0),01/07/26 23:00:00,A,ES,COMPLET,TOTAL,NR,T,IT,2015-01-01,479.0,,
ESTAT:MIGR_EMI1CTZ(1.0),01/07/26 23:00:00,A,ET,COMPLET,TOTAL,NR,T,IT,2015-01-01,42.0,,
ESTAT:MIGR_EMI1CTZ(1.0),01/07/26 23:00:00,A,EU28_FOR,COMPLET,TOTAL,NR,T,IT,2015-01-01,20874.0,,
ESTAT:MIGR_EMI1CTZ(1.0),01/07/26 23:00:00,A,EUR,COMPLET,TOTAL,NR,T,IT,2015-01-01,130942.0,,
ESTAT:MIGR_EMI1CTZ(1.0),01/07/26 23:00:00,A,EX_SU,COMPLET,TOTAL,NR,T,IT,2015-01-01,0.0,,
ESTAT:MIGR_EMI1CTZ(1.0),01/07/26 23:00:00,A,EX_YU,COMPLET,TOTAL,NR,T,IT,2015-01-01,0.0,,
ESTAT:MIGR_EMI1CTZ(1.0),01/07/26 23:00:00,A,FI,COMPLET,TOTAL,NR,T,IT,2015-01-01,59.0,,
ESTAT:MIGR_EMI1CTZ(1.0),01/07/26 23:00:00,A,FJ,COMPLET,TOTAL,NR,T,IT,2015-01-01,0.0,,
ESTAT:MIGR_EMI1CTZ(1.0),01/07/26 23:00:00,A,FK,COMPLET,TOTAL,NR,T,IT,2015-01-01,0.0,,
ESTAT:MIGR_EMI1CTZ(1.0),01/07/26 23:00:00,A,FM,COMPLET,TOTAL,NR,T,IT,2015-01-01,0.0,,
ESTAT:MIGR_EMI1CTZ(1.0),01/07/26 23:00:00,A,FO,COMPLET,TOTAL,NR,T,IT,2015-01-01,0.0,,
ESTAT:MIGR_EMI1CTZ(1.0),01/07/26 23:00:00,A,FOR_STLS,COMPLET,TOTAL,NR,T,IT,2015-01-01,44696.0,,
ESTAT:MIGR_EMI1CTZ(1.0),01/07/26 23:00:00,A,FR,COMPLET,TOTAL,NR,T,IT,2015-01-01,869.0,,
ESTAT:MIGR_EMI1CTZ(1.0),01/07/26 23:00:00,A,GA,COMPLET,TOTAL,NR,T,IT,2015-01-01,2.0,,
ESTAT:MIGR_EMI1CTZ(1.0),01/07/26 23:00:00,A,GD,COMPLET,TOTAL,NR,T,IT,2015-01-01,0.0,,
ESTAT:MIGR_EMI1CTZ(1.0),01/07/26 23:00:00,A,GE,COMPLET,TOTAL,NR,T,IT,2015-01-01,145.0,,
ESTAT:MIGR_EMI1CTZ(1.0),01/07/26 23:00:00,A,GG,COMPLET,TOTAL,NR,T,IT,2015-01-01,0.0,,
ESTAT:MIGR_EMI1CTZ(1.0),01/07/26 23:00:00,A,GH,COMPLET,TOTAL,NR,T,IT,2015-01-01,245.0,,
ESTAT:MIGR_EMI1CTZ(1.0),01/07/26 23:00:00,A,GI,COMPLET,TOTAL,NR,T,IT,2015-01-01,0.0,,
ESTAT:MIGR_EMI1CTZ(1.0),01/07/26 23:00:00,A,GL,COMPLET,TOTAL,NR,T,IT,2015-01-01,0.0,,
ESTAT:MIGR_EMI1CTZ(1.0),01/07/26 23:00:00,A,GM,COMPLET,TOTAL,NR,T,IT,2015-01-01,28.0,,
ESTAT:MIGR_EMI1CTZ(1.0),01/07/26 23:00:00,A,GN,COMPLET,TOTAL,NR,T,IT,2015-01-01,33.0,,
ESTAT:MIGR_EMI1CTZ(1.0),01/07/26 23:00:00,A,GQ,COMPLET,TOTAL,NR,T,IT,2015-01-01,1.0,,
ESTAT:MIGR_EMI1CTZ(1.0),01/07/26 23:00:00,A,GT,COMPLET,TOTAL,NR,T,IT,2015-01-01,7.0,,
ESTAT:MIGR_EMI1CTZ(1.0),01/07/26 23:00:00,A,GW,COMPLET,TOTAL,NR,T,IT,2015-01-01,8.0,,
ESTAT:MIGR_EMI1CTZ(1.0),01/07/26 23:00:00,A,GY,COMPLET,TOTAL,NR,T,IT,2015-01-01,0.0,,
ESTAT:MIGR_EMI1CTZ(1.0),01/07/26 23:00:00,A,HN,COMPLET,TOTAL,NR,T,IT,2015-01-01,7.0,,
ESTAT:MIGR_EMI1CTZ(1.0),01/07/26 23:00:00,A,HR,COMPLET,TOTAL,NR,T,IT,2015-01-01,369.0,,
ESTAT:MIGR_EMI1CTZ(1.0),01/07/26 23:00:00,A,HT,COMPLET,TOTAL,NR,T,IT,2015-01-01,7.0,,
ESTAT:MIGR_EMI1CTZ(1.0),01/07/26 23:00:00,A,HU,COMPLET,TOTAL,NR,T,IT,2015-01-01,230.0,,
ESTAT:MIGR_EMI1CTZ(1.0),01/07/26 23:00:00,A,ID,COMPLET,TOTAL,NR,T,IT,2015-01-01,37.0,,
ESTAT:MIGR_EMI1CTZ(1.0),01/07/26 23:00:00,A,IE,COMPLET,TOTAL,NR,T,IT,2015-01-01,50.0,,
ESTAT:MIGR_EMI1CTZ(1.0),01/07/26 23:00:00,A,IL,COMPLET,TOTAL,NR,T,IT,2015-01-01,26.0,,
ESTAT:MIGR_EMI1CTZ(1.0),01/07/26 23:00:00,A,IM,COMPLET,TOTAL,NR,T,IT,2015-01-01,0.0,,
ESTAT:MIGR_EMI1CTZ(1.0),01/07/26 23:00:00,A,IN,COMPLET,TOTAL,NR,T,IT,2015-01-01,1491.0,,
ESTAT:MIGR_EMI1CTZ(1.0),01/07/26 23:00:00,A,IQ,COMPLET,TOTAL,NR,T,IT,2015-01-01,47.0,,
ESTAT:MIGR_EMI1CTZ(1.0),01/07/26 23:00:00,A,IR,COMPLET,TOTAL,NR,T,IT,2015-01-01,61.0,,
ESTAT:MIGR_EMI1CTZ(1.0),01/07/26 23:00:00,A,IS,COMPLET,TOTAL,NR,T,IT,2015-01-01,5.0,,
ESTAT:MIGR_EMI1CTZ(1.0),01/07/26 23:00:00,A,IT,COMPLET,TOTAL,NR,T,IT,2015-01-01,102259.0,,
ESTAT:MIGR_EMI1CTZ(1.0),01/07/26 23:00:00,A,JE,COMPLET,TOTAL,NR,T,IT,2015-01-01,0.0,,
ESTAT:MIGR_EMI1CTZ(1.0),01/07/26 23:00:00,A,JM,COMPLET,TOTAL,NR,T,IT,2015-01-01,2.0,,
ESTAT:MIGR_EMI1CTZ(1.0),01/07/26 23:00:00,A,JO,COMPLET,TOTAL,NR,T,IT,2015-01-01,12.0,,
ESTAT:MIGR_EMI1CTZ(1.0),01/07/26 23:00:00,A,JP,COMPLET,TOTAL,NR,T,IT,2015-01-01,267.0,,
ESTAT:MIGR_EMI1CTZ(1.0),01/07/26 23:00:00,A,KE,COMPLET,TOTAL,NR,T,IT,2015-01-01,23.0,,
ESTAT:MIGR_EMI1CTZ(1.0),01/07/26 23:00:00,A,KG,COMPLET,TOTAL,NR,T,IT,2015-01-01,6.0,,
ESTAT:MIGR_EMI1CTZ(1.0),01/07/26 23:00:00,A,KH,COMPLET,TOTAL,NR,T,IT,2015-01-01,5.0,,
ESTAT:MIGR_EMI1CTZ(1.0),01/07/26 23:00:00,A,KI,COMPLET,TOTAL,NR,T,IT,2015-01-01,0.0,,
ESTAT:MIGR_EMI1CTZ(1.0),01/07/26 23:00:00,A,KM,COMPLET,TOTAL,NR,T,IT,2015-01-01,0.0,,
ESTAT:MIGR_EMI1CTZ(1.0),01/07/26 23:00:00,A,KN,COMPLET,TOTAL,NR,T,IT,2015-01-01,0.0,,
ESTAT:MIGR_EMI1CTZ(1.0),01/07/26 23:00:00,A,KP,COMPLET,TOTAL,NR,T,IT,2015-01-01,0.0,,
ESTAT:MIGR_EMI1CTZ(1.0),01/07/26 23:00:00,A,KR,COMPLET,TOTAL,NR,T,IT,2015-01-01,85.0,,
ESTAT:MIGR_EMI1CTZ(1.0),01/07/26 23:00:00,A,KW,COMPLET,TOTAL,NR,T,IT,2015-01-01,1.0,,
ESTAT:MIGR_EMI1CTZ(1.0),01/07/26 23:00:00,A,KY,COMPLET,TOTAL,NR,T,IT,2015-01-01,0.0,,
ESTAT:MIGR_EMI1CTZ(1.0),01/07/26 23:00:00,A,KZ,COMPLET,TOTAL,NR,T,IT,2015-01-01,30.0,,
ESTAT:MIGR_EMI1CTZ(1.0),01/07/26 23:00:00,A,LA,COMPLET,TOTAL,NR,T,IT,2015-01-01,1.0,,
ESTAT:MIGR_EMI1CTZ(1.0),01/07/26 23:00:00,A,LB,COMPLET,TOTAL,NR,T,IT,2015-01-01,36.0,,
ESTAT:MIGR_EMI1CTZ(1.0),01/07/26 23:00:00,A,LC,COMPLET,TOTAL,NR,T,IT,2015-01-01,0.0,,
ESTAT:MIGR_EMI1CTZ(1.0),01/07/26 23:00:00,A,LI,COMPLET,TOTAL,NR,T,IT,2015-01-01,0.0,,
ESTAT:MIGR_EMI1CTZ(1.0),01/07/26 23:00:00,A,LK,COMPLET,TOTAL,NR,T,IT,2015-01-01,554.0,,
ESTAT:MIGR_EMI1CTZ(1.0),01/07/26 23:00:00,A,LR,COMPLET,TOTAL,NR,T,IT,2015-01-01,6.0,,
ESTAT:MIGR_EMI1CTZ(1.0),01/07/26 23:00:00,A,LS,COMPLET,TOTAL,NR,T,IT,2015-01-01,0.0,,
ESTAT:MIGR_EMI1CTZ(1.0),01/07/26 23:00:00,A,LT,COMPLET,TOTAL,NR,T,IT,2015-01-01,84.0,,
ESTAT:MIGR_EMI1CTZ(1.0),01/07/26 23:00:00,A,LU,COMPLET,TOTAL,NR,T,IT,2015-01-01,10.0,,
ESTAT:MIGR_EMI1CTZ(1.0),01/07/26 23:00:00,A,LV,COMPLET,TOTAL,NR,T,IT,2015-01-01,39.0,,
ESTAT:MIGR_EMI1CTZ(1.0),01/07/26 23:00:00,A,LY,COMPLET,TOTAL,NR,T,IT,2015-01-01,24.0,,
ESTAT:MIGR_EMI1CTZ(1.0),01/07/26 23:00:00,A,MA,COMPLET,TOTAL,NR,T,IT,2015-01-01,2536.0,,
ESTAT:MIGR_EMI1CTZ(1.0),01/07/26 23:00:00,A,MC,COMPLET,TOTAL,NR,T,IT,2015-01-01,1.0,,
ESTAT:MIGR_EMI1CTZ(1.0),01/07/26 23:00:00,A,MD,COMPLET,TOTAL,NR,T,IT,2015-01-01,1237.0,,
ESTAT:MIGR_EMI1CTZ(1.0),01/07/26 23:00:00,A,ME,COMPLET,TOTAL,NR,T,IT,2015-01-01,24.0,,
ESTAT:MIGR_EMI1CTZ(1.0),01/07/26 23:00:00,A,MEL,COMPLET,TOTAL,NR,T,IT,2015-01-01,0.0,,
ESTAT:MIGR_EMI1CTZ(1.0),01/07/26 23:00:00,A,MG,COMPLET,TOTAL,NR,T,IT,2015-01-01,13.0,,
ESTAT:MIGR_EMI1CTZ(1.0),01/07/26 23:00:00,A,MH,COMPLET,TOTAL,NR,T,IT,2015-01-01,0.0,,
ESTAT:MIGR_EMI1CTZ(1.0),01/07/26 23:00:00,A,MIC,COMPLET,TOTAL,NR,T,IT,2015-01-01,0.0,,
ESTAT:MIGR_EMI1CTZ(1.0),01/07/26 23:00:00,A,MK,COMPLET,TOTAL,NR,T,IT,2015-01-01,824.0,,
ESTAT:MIGR_EMI1CTZ(1.0),01/07/26 23:00:00,A,ML,COMPLET,TOTAL,NR,T,IT,2015-01-01,51.0,,
ESTAT:MIGR_EMI1CTZ(1.0),01/07/26 23:00:00,A,MM,COMPLET,TOTAL,NR,T,IT,2015-01-01,1.0,,
ESTAT:MIGR_EMI1CTZ(1.0),01/07/26 23:00:00,A,MN,COMPLET,TOTAL,NR,T,IT,2015-01-01,1.0,,
ESTAT:MIGR_EMI1CTZ(1.0),01/07/26 23:00:00,A,MR,COMPLET,TOTAL,NR,T,IT,2015-01-01,3.0,,
ESTAT:MIGR_EMI1CTZ(1.0),01/07/26 23:00:00,A,MS,COMPLET,TOTAL,NR,T,IT,2015-01-01,0.0,,
ESTAT:MIGR_EMI1CTZ(1.0),01/07/26 23:00:00,A,MT,COMPLET,TOTAL,NR,T,IT,2015-01-01,27.0,,
ESTAT:MIGR_EMI1CTZ(1.0),01/07/26 23:00:00,A,MU,COMPLET,TOTAL,NR,T,IT,2015-01-01,26.0,,
ESTAT:MIGR_EMI1CTZ(1.0),01/07/26 23:00:00,A,MV,COMPLET,TOTAL,NR,T,IT,2015-01-01,1.0,,
ESTAT:MIGR_EMI1CTZ(1.0),01/07/26 23:00:00,A,MW,COMPLET,TOTAL,NR,T,IT,2015-01-01,2.0,,
ESTAT:MIGR_EMI1CTZ(1.0),01/07/26 23:00:00,A,MX,COMPLET,TOTAL,NR,T,IT,2015-01-01,101.0,,
ESTAT:MIGR_EMI1CTZ(1.0),01/07/26 23:00:00,A,MY,COMPLET,TOTAL,NR,T,IT,2015-01-01,8.0,,
ESTAT:MIGR_EMI1CTZ(1.0),01/07/26 23:00:00,A,MZ,COMPLET,TOTAL,NR,T,IT,2015-01-01,8.0,,
ESTAT:MIGR_EMI1CTZ(1.0),01/07/26 23:00:00,A,NA,COMPLET,TOTAL,NR,T,IT,2015-01-01,0.0,,
ESTAT:MIGR_EMI1CTZ(1.0),01/07/26 23:00:00,A,NAT,COMPLET,TOTAL,NR,T,IT,2015-01-01,102259.0,,
ESTAT:MIGR_EMI1CTZ(1.0),01/07/26 23:00:00,A,NC,COMPLET,TOTAL,NR,T,IT,2015-01-01,0.0,,
ESTAT:MIGR_EMI1CTZ(1.0),01/07/26 23:00:00,A,NE,COMPLET,TOTAL,NR,T,IT,2015-01-01,4.0,,
ESTAT:MIGR_EMI1CTZ(1.0),01/07/26 23:00:00,A,NEU28_FOR,COMPLET,TOTAL,NR,T,IT,2015-01-01,23814.0,,
ESTAT:MIGR_EMI1CTZ(1.0),01/07/26 23:00:00,A,NG,COMPLET,TOTAL,NR,T,IT,2015-01-01,281.0,,
ESTAT:MIGR_EMI1CTZ(1.0),01/07/26 23:00:00,A,NI,COMPLET,TOTAL,NR,T,IT,2015-01-01,3.0,,
ESTAT:MIGR_EMI1CTZ(1.0),01/07/26 23:00:00,A,NL,COMPLET,TOTAL,NR,T,IT,2015-01-01,263.0,,
ESTAT:MIGR_EMI1CTZ(1.0),01/07/26 23:00:00,A,NO,COMPLET,TOTAL,NR,T,IT,2015-01-01,45.0,,
ESTAT:MIGR_EMI1CTZ(1.0),01/07/26 23:00:00,A,NP,COMPLET,TOTAL,NR,T,IT,2015-01-01,15.0,,
ESTAT:MIGR_EMI1CTZ(1.0),01/07/26 23:00:00,A,NR,COMPLET,TOTAL,NR,T,IT,2015-01-01,0.0,,
ESTAT:MIGR_EMI1CTZ(1.0),01/07/26 23:00:00,A,NZ,COMPLET,TOTAL,NR,T,IT,2015-01-01,14.0,,
ESTAT:MIGR_EMI1CTZ(1.0),01/07/26 23:00:00,A,OCE,COMPLET,TOTAL,NR,T,IT,2015-01-01,96.0,,
ESTAT:MIGR_EMI1CTZ(1.0),01/07/26 23:00:00,A,OM,COMPLET,TOTAL,NR,T,IT,2015-01-01,0.0,,
ESTAT:MIGR_EMI1CTZ(1.0),01/07/26 23:00:00,A,OTH,COMPLET,TOTAL,NR,T,IT,2015-01-01,0.0,,
ESTAT:MIGR_EMI1CTZ(1.0),01/07/26 23:00:00,A,PA,COMPLET,TOTAL,NR,T,IT,2015-01-01,8.0,,
ESTAT:MIGR_EMI1CTZ(1.0),01/07/26 23:00:00,A,PE,COMPLET,TOTAL,NR,T,IT,2015-01-01,541.0,,
ESTAT:MIGR_EMI1CTZ(1.0),01/07/26 23:00:00,A,PF,COMPLET,TOTAL,NR,T,IT,2015-01-01,0.0,,
ESTAT:MIGR_EMI1CTZ(1.0),01/07/26 23:00:00,A,PG,COMPLET,TOTAL,NR,T,IT,2015-01-01,0.0,,
ESTAT:MIGR_EMI1CTZ(1.0),01/07/26 23:00:00,A,PH,COMPLET,TOTAL,NR,T,IT,2015-01-01,455.0,,
ESTAT:MIGR_EMI1CTZ(1.0),01/07/26 23:00:00,A,PK,COMPLET,TOTAL,NR,T,IT,2015-01-01,859.0,,
ESTAT:MIGR_EMI1CTZ(1.0),01/07/26 23:00:00,A,PL,COMPLET,TOTAL,NR,T,IT,2015-01-01,1575.0,,
ESTAT:MIGR_EMI1CTZ(1.0),01/07/26 23:00:00,A,PM,COMPLET,TOTAL,NR,T,IT,2015-01-01,0.0,,
ESTAT:MIGR_EMI1CTZ(1.0),01/07/26 23:00:00,A,PN,COMPLET,TOTAL,NR,T,IT,2015-01-01,0.0,,
ESTAT:MIGR_EMI1CTZ(1.0),01/07/26 23:00:00,A,POL,COMPLET,TOTAL,NR,T,IT,2015-01-01,0.0,,
ESTAT:MIGR_EMI1CTZ(1.0),01/07/26 23:00:00,A,PS,COMPLET,TOTAL,NR,T,IT,2015-01-01,12.0,,
ESTAT:MIGR_EMI1CTZ(1.0),01/07/26 23:00:00,A,PT,COMPLET,TOTAL,NR,T,IT,2015-01-01,121.0,,
ESTAT:MIGR_EMI1CTZ(1.0),01/07/26 23:00:00,A,PW,COMPLET,TOTAL,NR,T,IT,2015-01-01,0.0,,
ESTAT:MIGR_EMI1CTZ(1.0),01/07/26 23:00:00,A,PY,COMPLET,TOTAL,NR,T,IT,2015-01-01,9.0,,
ESTAT:MIGR_EMI1CTZ(1.0),01/07/26 23:00:00,A,QA,COMPLET,TOTAL,NR,T,IT,2015-01-01,0.0,,
ESTAT:MIGR_EMI1CTZ(1.0),01/07/26 23:00:00,A,RNC,COMPLET,TOTAL,NR,T,IT,2015-01-01,0.0,,
ESTAT:MIGR_EMI1CTZ(1.0),01/07/26 23:00:00,A,RO,COMPLET,TOTAL,NR,T,IT,2015-01-01,12914.0,,
ESTAT:MIGR_EMI1CTZ(1.0),01/07/26 23:00:00,A,RS,COMPLET,TOTAL,NR,T,IT,2015-01-01,308.0,,
ESTAT:MIGR_EMI1CTZ(1.0),01/07/26 23:00:00,A,RS_ME,COMPLET,TOTAL,NR,T,IT,2015-01-01,0.0,,
ESTAT:MIGR_EMI1CTZ(1.0),01/07/26 23:00:00,A,RU,COMPLET,TOTAL,NR,T,IT,2015-01-01,328.0,,
ESTAT:MIGR_EMI1CTZ(1.0),01/07/26 23:00:00,A,RW,COMPLET,TOTAL,NR,T,IT,2015-01-01,4.0,,
ESTAT:MIGR_EMI1CTZ(1.0),01/07/26 23:00:00,A,SA,COMPLET,TOTAL,NR,T,IT,2015-01-01,4.0,,
ESTAT:MIGR_EMI1CTZ(1.0),01/07/26 23:00:00,A,SB,COMPLET,TOTAL,NR,T,IT,2015-01-01,0.0,,
ESTAT:MIGR_EMI1CTZ(1.0),01/07/26 23:00:00,A,SC,COMPLET,TOTAL,NR,T,IT,2015-01-01,1.0,,
ESTAT:MIGR_EMI1CTZ(1.0),01/07/26 23:00:00,A,SD,COMPLET,TOTAL,NR,T,IT,2015-01-01,13.0,,
ESTAT:MIGR_EMI1CTZ(1.0),01/07/26 23:00:00,A,SE,COMPLET,TOTAL,NR,T,IT,2015-01-01,120.0,,
ESTAT:MIGR_EMI1CTZ(1.0),01/07/26 23:00:00,A,SG,COMPLET,TOTAL,NR,T,IT,2015-01-01,8.0,,
ESTAT:MIGR_EMI1CTZ(1.0),01/07/26 23:00:00,A,SH,COMPLET,TOTAL,NR,T,IT,2015-01-01,0.0,,
ESTAT:MIGR_EMI1CTZ(1.0),01/07/26 23:00:00,A,SI,COMPLET,TOTAL,NR,T,IT,2015-01-01,89.0,,
ESTAT:MIGR_EMI1CTZ(1.0),01/07/26 23:00:00,A,SK,COMPLET,TOTAL,NR,T,IT,2015-01-01,275.0,,
ESTAT:MIGR_EMI1CTZ(1.0),01/07/26 23:00:00,A,SL,COMPLET,TOTAL,NR,T,IT,2015-01-01,6.0,,
ESTAT:MIGR_EMI1CTZ(1.0),01/07/26 23:00:00,A,SM,COMPLET,TOTAL,NR,T,IT,2015-01-01,16.0,,
ESTAT:MIGR_EMI1CTZ(1.0),01/07/26 23:00:00,A,SN,COMPLET,TOTAL,NR,T,IT,2015-01-01,455.0,,
ESTAT:MIGR_EMI1CTZ(1.0),01/07/26 23:00:00,A,SO,COMPLET,TOTAL,NR,T,IT,2015-01-01,98.0,,
ESTAT:MIGR_EMI1CTZ(1.0),01/07/26 23:00:00,A,SR,COMPLET,TOTAL,NR,T,IT,2015-01-01,0.0,,
ESTAT:MIGR_EMI1CTZ(1.0),01/07/26 23:00:00,A,SS,COMPLET,TOTAL,NR,T,IT,2015-01-01,0.0,,
ESTAT:MIGR_EMI1CTZ(1.0),01/07/26 23:00:00,A,ST,COMPLET,TOTAL,NR,T,IT,2015-01-01,0.0,,
ESTAT:MIGR_EMI1CTZ(1.0),01/07/26 23:00:00,A,STLS,COMPLET,TOTAL,NR,T,IT,2015-01-01,8.0,,
ESTAT:MIGR_EMI1CTZ(1.0),01/07/26 23:00:00,A,SV,COMPLET,TOTAL,NR,T,IT,2015-01-01,29.0,,
ESTAT:MIGR_EMI1CTZ(1.0),01/07/26 23:00:00,A,SX,COMPLET,TOTAL,NR,T,IT,2015-01-01,0.0,,
ESTAT:MIGR_EMI1CTZ(1.0),01/07/26 23:00:00,A,SY,COMPLET,TOTAL,NR,T,IT,2015-01-01,49.0,,
ESTAT:MIGR_EMI1CTZ(1.0),01/07/26 23:00:00,A,SZ,COMPLET,TOTAL,NR,T,IT,2015-01-01,0.0,,
ESTAT:MIGR_EMI1CTZ(1.0),01/07/26 23:00:00,A,TC,COMPLET,TOTAL,NR,T,IT,2015-01-01,0.0,,
ESTAT:MIGR_EMI1CTZ(1.0),01/07/26 23:00:00,A,TD,COMPLET,TOTAL,NR,T,IT,2015-01-01,3.0,,
ESTAT:MIGR_EMI1CTZ(1.0),01/07/26 23:00:00,A,TG,COMPLET,TOTAL,NR,T,IT,2015-01-01,25.0,,
ESTAT:MIGR_EMI1CTZ(1.0),01/07/26 23:00:00,A,TH,COMPLET,TOTAL,NR,T,IT,2015-01-01,78.0,,
ESTAT:MIGR_EMI1CTZ(1.0),01/07/26 23:00:00,A,TJ,COMPLET,TOTAL,NR,T,IT,2015-01-01,0.0,,
ESTAT:MIGR_EMI1CTZ(1.0),01/07/26 23:00:00,A,TL,COMPLET,TOTAL,NR,T,IT,2015-01-01,2.0,,
ESTAT:MIGR_EMI1CTZ(1.0),01/07/26 23:00:00,A,TM,COMPLET,TOTAL,NR,T,IT,2015-01-01,1.0,,
ESTAT:MIGR_EMI1CTZ(1.0),01/07/26 23:00:00,A,TN,COMPLET,TOTAL,NR,T,IT,2015-01-01,611.0,,
ESTAT:MIGR_EMI1CTZ(1.0),01/07/26 23:00:00,A,TO,COMPLET,TOTAL,NR,T,IT,2015-01-01,0.0,,
ESTAT:MIGR_EMI1CTZ(1.0),01/07/26 23:00:00,A,TOTAL,COMPLET,TOTAL,NR,T,IT,2015-01-01,146955.0,,
ESTAT:MIGR_EMI1CTZ(1.0),01/07/26 23:00:00,A,TR,COMPLET,TOTAL,NR,T,IT,2015-01-01,206.0,,
ESTAT:MIGR_EMI1CTZ(1.0),01/07/26 23:00:00,A,TT,COMPLET,TOTAL,NR,T,IT,2015-01-01,1.0,,
ESTAT:MIGR_EMI1CTZ(1.0),01/07/26 23:00:00,A,TV,COMPLET,TOTAL,NR,T,IT,2015-01-01,0.0,,
ESTAT:MIGR_EMI1CTZ(1.0),01/07/26 23:00:00,A,TW,COMPLET,TOTAL,NR,T,IT,2015-01-01,8.0,,
ESTAT:MIGR_EMI1CTZ(1.0),01/07/26 23:00:00,A,TZ,COMPLET,TOTAL,NR,T,IT,2015-01-01,19.0,,
ESTAT:MIGR_EMI1CTZ(1.0),01/07/26 23:00:00,A,UA,COMPLET,TOTAL,NR,T,IT,2015-01-01,1656.0,,
ESTAT:MIGR_EMI1CTZ(1.0),01/07/26 23:00:00,A,UG,COMPLET,TOTAL,NR,T,IT,2015-01-01,6.0,,
ESTAT:MIGR_EMI1CTZ(1.0),01/07/26 23:00:00,A,UK,COMPLET,TOTAL,NR,T,IT,2015-01-01,734.0,,
ESTAT:MIGR_EMI1CTZ(1.0),01/07/26 23:00:00,A,UNK,COMPLET,TOTAL,NR,T,IT,2015-01-01,0.0,,
ESTAT:MIGR_EMI1CTZ(1.0),01/07/26 23:00:00,A,US,COMPLET,TOTAL,NR,T,IT,2015-01-01,534.0,,
ESTAT:MIGR_EMI1CTZ(1.0),01/07/26 23:00:00,A,UY,COMPLET,TOTAL,NR,T,IT,2015-01-01,15.0,,
ESTAT:MIGR_EMI1CTZ(1.0),01/07/26 23:00:00,A,UZ,COMPLET,TOTAL,NR,T,IT,2015-01-01,18.0,,
ESTAT:MIGR_EMI1CTZ(1.0),01/07/26 23:00:00,A,VA,COMPLET,TOTAL,NR,T,IT,2015-01-01,0.0,,
ESTAT:MIGR_EMI1CTZ(1.0),01/07/26 23:00:00,A,VC,COMPLET,TOTAL,NR,T,IT,2015-01-01,0.0,,
ESTAT:MIGR_EMI1CTZ(1.0),01/07/26 23:00:00,A,VE,COMPLET,TOTAL,NR,T,IT,2015-01-01,77.0,,
ESTAT:MIGR_EMI1CTZ(1.0),01/07/26 23:00:00,A,VG,COMPLET,TOTAL,NR,T,IT,2015-01-01,0.0,,
ESTAT:MIGR_EMI1CTZ(1.0),01/07/26 23:00:00,A,VN,COMPLET,TOTAL,NR,T,IT,2015-01-01,14.0,,
ESTAT:MIGR_EMI1CTZ(1.0),01/07/26 23:00:00,A,VU,COMPLET,TOTAL,NR,T,IT,2015-01-01,0.0,,
ESTAT:MIGR_EMI1CTZ(1.0),01/07/26 23:00:00,A,WF,COMPLET,TOTAL,NR,T,IT,2015-01-01,0.0,,
ESTAT:MIGR_EMI1CTZ(1.0),01/07/26 23:00:00,A,WS,COMPLET,TOTAL,NR,T,IT,2015-01-01,0.0,,
ESTAT:MIGR_EMI1CTZ(1.0),01/07/26 23:00:00,A,XK,COMPLET,TOTAL,NR,T,IT,2015-01-01,611.0,,
ESTAT:MIGR_EMI1CTZ(1.0),01/07/26 23:00:00,A,YE,COMPLET,TOTAL,NR,T,IT,2015-01-01,0.0,,
ESTAT:MIGR_EMI1CTZ(1.0),01/07/26 23:00:00,A,ZA,COMPLET,TOTAL,NR,T,IT,2015-01-01,58.0,,
ESTAT:MIGR_EMI1CTZ(1.0),01/07/26 23:00:00,A,ZM,COMPLET,TOTAL,NR,T,IT,2015-01-01,3.0,,
ESTAT:MIGR_EMI1CTZ(1.0),01/07/26 23:00:00,A,ZW,COMPLET,TOTAL,NR,T,IT,2015-01-01,1.0,,
ESTAT:MIGR_EMI1CTZ(1.0),01/07/26 23:00:00,A,AD,COMPLET,TOTAL,NR,T,IT,2016-01-01,0.0,,
ESTAT:MIGR_EMI1CTZ(1.0),01/07/26 23:00:00,A,AE,COMPLET,TOTAL,NR,T,IT,2016-01-01,0.0,,
ESTAT:MIGR_EMI1CTZ(1.0),01/07/26 23:00:00,A,AF,COMPLET,TOTAL,NR,T,IT,2016-01-01,69.0,,
ESTAT:MIGR_EMI1CTZ(1.0),01/07/26 23:00:00,A,AFR,COMPLET,TOTAL,NR,T,IT,2016-01-01,5465.0,,
ESTAT:MIGR_EMI1CTZ(1.0),01/07/26 23:00:00,A,AFR_C,COMPLET,TOTAL,NR,T,IT,2016-01-01,145.0,,
ESTAT:MIGR_EMI1CTZ(1.0),01/07/26 23:00:00,A,AFR_E,COMPLET,TOTAL,NR,T,IT,2016-01-01,271.0,,
ESTAT:MIGR_EMI1CTZ(1.0),01/07/26 23:00:00,A,AFR_N,COMPLET,TOTAL,NR,T,IT,2016-01-01,3409.0,,
ESTAT:MIGR_EMI1CTZ(1.0),01/07/26 23:00:00,A,AFR_S,COMPLET,TOTAL,NR,T,IT,2016-01-01,10.0,,
ESTAT:MIGR_EMI1CTZ(1.0),01/07/26 23:00:00,A,AFR_W,COMPLET,TOTAL,NR,T,IT,2016-01-01,1630.0,,
ESTAT:MIGR_EMI1CTZ(1.0),01/07/26 23:00:00,A,AG,COMPLET,TOTAL,NR,T,IT,2016-01-01,0.0,,
ESTAT:MIGR_EMI1CTZ(1.0),01/07/26 23:00:00,A,AI,COMPLET,TOTAL,NR,T,IT,2016-01-01,0.0,,
ESTAT:MIGR_EMI1CTZ(1.0),01/07/26 23:00:00,A,AL,COMPLET,TOTAL,NR,T,IT,2016-01-01,1697.0,,
ESTAT:MIGR_EMI1CTZ(1.0),01/07/26 23:00:00,A,AM,COMPLET,TOTAL,NR,T,IT,2016-01-01,13.0,,
ESTAT:MIGR_EMI1CTZ(1.0),01/07/26 23:00:00,A,AME,COMPLET,TOTAL,NR,T,IT,2016-01-01,2996.0,,
ESTAT:MIGR_EMI1CTZ(1.0),01/07/26 23:00:00,A,AME_C,COMPLET,TOTAL,NR,T,IT,2016-01-01,208.0,,
ESTAT:MIGR_EMI1CTZ(1.0),01/07/26 23:00:00,A,AME_N,COMPLET,TOTAL,NR,T,IT,2016-01-01,540.0,,
ESTAT:MIGR_EMI1CTZ(1.0),01/07/26 23:00:00,A,AME_S,COMPLET,TOTAL,NR,T,IT,2016-01-01,1822.0,,
ESTAT:MIGR_EMI1CTZ(1.0),01/07/26 23:00:00,A,AN,COMPLET,TOTAL,NR,T,IT,2016-01-01,0.0,,
ESTAT:MIGR_EMI1CTZ(1.0),01/07/26 23:00:00,A,AO,COMPLET,TOTAL,NR,T,IT,2016-01-01,10.0,,
ESTAT:MIGR_EMI1CTZ(1.0),01/07/26 23:00:00,A,AR,COMPLET,TOTAL,NR,T,IT,2016-01-01,113.0,,
ESTAT:MIGR_EMI1CTZ(1.0),01/07/26 23:00:00,A,ASI,COMPLET,TOTAL,NR,T,IT,2016-01-01,7103.0,,
ESTAT:MIGR_EMI1CTZ(1.0),01/07/26 23:00:00,A,ASI_C,COMPLET,TOTAL,NR,T,IT,2016-01-01,81.0,,
ESTAT:MIGR_EMI1CTZ(1.0),01/07/26 23:00:00,A,ASI_E,COMPLET,TOTAL,NR,T,IT,2016-01-01,2344.0,,
ESTAT:MIGR_EMI1CTZ(1.0),01/07/26 23:00:00,A,ASI_S,COMPLET,TOTAL,NR,T,IT,2016-01-01,3818.0,,
ESTAT:MIGR_EMI1CTZ(1.0),01/07/26 23:00:00,A,ASI_S_E,COMPLET,TOTAL,NR,T,IT,2016-01-01,548.0,,
ESTAT:MIGR_EMI1CTZ(1.0),01/07/26 23:00:00,A,ASI_W,COMPLET,TOTAL,NR,T,IT,2016-01-01,312.0,,
ESTAT:MIGR_EMI1CTZ(1.0),01/07/26 23:00:00,A,AT,COMPLET,TOTAL,NR,T,IT,2016-01-01,135.0,,
ESTAT:MIGR_EMI1CTZ(1.0),01/07/26 23:00:00,A,AU,COMPLET,TOTAL,NR,T,IT,2016-01-01,57.0,,
ESTAT:MIGR_EMI1CTZ(1.0),01/07/26 23:00:00,A,AU_NZ,COMPLET,TOTAL,NR,T,IT,2016-01-01,77.0,,
ESTAT:MIGR_EMI1CTZ(1.0),01/07/26 23:00:00,A,AW,COMPLET,TOTAL,NR,T,IT,2016-01-01,0.0,,
ESTAT:MIGR_EMI1CTZ(1.0),01/07/26 23:00:00,A,AZ,COMPLET,TOTAL,NR,T,IT,2016-01-01,5.0,,
ESTAT:MIGR_EMI1CTZ(1.0),01/07/26 23:00:00,A,BA,COMPLET,TOTAL,NR,T,IT,2016-01-01,250.0,,
ESTAT:MIGR_EMI1CTZ(1.0),01/07/26 23:00:00,A,BB,COMPLET,TOTAL,NR,T,IT,2016-01-01,0.0,,
ESTAT:MIGR_EMI1CTZ(1.0),01/07/26 23:00:00,A,BD,COMPLET,TOTAL,NR,T,IT,2016-01-01,672.0,,
ESTAT:MIGR_EMI1CTZ(1.0),01/07/26 23:00:00,A,BE,COMPLET,TOTAL,NR,T,IT,2016-01-01,139.0,,
ESTAT:MIGR_EMI1CTZ(1.0),01/07/26 23:00:00,A,BF,COMPLET,TOTAL,NR,T,IT,2016-01-01,78.0,,
ESTAT:MIGR_EMI1CTZ(1.0),01/07/26 23:00:00,A,BG,COMPLET,TOTAL,NR,T,IT,2016-01-01,745.0,,
ESTAT:MIGR_EMI1CTZ(1.0),01/07/26 23:00:00,A,BH,COMPLET,TOTAL,NR,T,IT,2016-01-01,0.0,,
ESTAT:MIGR_EMI1CTZ(1.0),01/07/26 23:00:00,A,BI,COMPLET,TOTAL,NR,T,IT,2016-01-01,3.0,,
ESTAT:MIGR_EMI1CTZ(1.0),01/07/26 23:00:00,A,BJ,COMPLET,TOTAL,NR,T,IT,2016-01-01,8.0,,
ESTAT:MIGR_EMI1CTZ(1.0),01/07/26 23:00:00,A,BL,COMPLET,TOTAL,NR,T,IT,2016-01-01,0.0,,
ESTAT:MIGR_EMI1CTZ(1.0),01/07/26 23:00:00,A,BM,COMPLET,TOTAL,NR,T,IT,2016-01-01,0.0,,
ESTAT:MIGR_EMI1CTZ(1.0),01/07/26 23:00:00,A,BN,COMPLET,TOTAL,NR,T,IT,2016-01-01,0.0,,
ESTAT:MIGR_EMI1CTZ(1.0),01/07/26 23:00:00,A,BO,COMPLET,TOTAL,NR,T,IT,2016-01-01,89.0,,
ESTAT:MIGR_EMI1CTZ(1.0),01/07/26 23:00:00,A,BQ,COMPLET,TOTAL,NR,T,IT,2016-01-01,0.0,,
ESTAT:MIGR_EMI1CTZ(1.0),01/07/26 23:00:00,A,BR,COMPLET,TOTAL,NR,T,IT,2016-01-01,514.0,,
ESTAT:MIGR_EMI1CTZ(1.0),01/07/26 23:00:00,A,BS,COMPLET,TOTAL,NR,T,IT,2016-01-01,2.0,,
ESTAT:MIGR_EMI1CTZ(1.0),01/07/26 23:00:00,A,BT,COMPLET,TOTAL,NR,T,IT,2016-01-01,0.0,,
ESTAT:MIGR_EMI1CTZ(1.0),01/07/26 23:00:00,A,BW,COMPLET,TOTAL,NR,T,IT,2016-01-01,0.0,,
ESTAT:MIGR_EMI1CTZ(1.0),01/07/26 23:00:00,A,BY,COMPLET,TOTAL,NR,T,IT,2016-01-01,59.0,,
ESTAT:MIGR_EMI1CTZ(1.0),01/07/26 23:00:00,A,BZ,COMPLET,TOTAL,NR,T,IT,2016-01-01,1.0,,
ESTAT:MIGR_EMI1CTZ(1.0),01/07/26 23:00:00,A,CA,COMPLET,TOTAL,NR,T,IT,2016-01-01,42.0,,
ESTAT:MIGR_EMI1CTZ(1.0),01/07/26 23:00:00,A,CD,COMPLET,TOTAL,NR,T,IT,2016-01-01,26.0,,
ESTAT:MIGR_EMI1CTZ(1.0),01/07/26 23:00:00,A,CF,COMPLET,TOTAL,NR,T,IT,2016-01-01,1.0,,
ESTAT:MIGR_EMI1CTZ(1.0),01/07/26 23:00:00,A,CG,COMPLET,TOTAL,NR,T,IT,2016-01-01,38.0,,
ESTAT:MIGR_EMI1CTZ(1.0),01/07/26 23:00:00,A,CH,COMPLET,TOTAL,NR,T,IT,2016-01-01,226.0,,
ESTAT:MIGR_EMI1CTZ(1.0),01/07/26 23:00:00,A,CI,COMPLET,TOTAL,NR,T,IT,2016-01-01,191.0,,
ESTAT:MIGR_EMI1CTZ(1.0),01/07/26 23:00:00,A,CL,COMPLET,TOTAL,NR,T,IT,2016-01-01,39.0,,
ESTAT:MIGR_EMI1CTZ(1.0),01/07/26 23:00:00,A,CM,COMPLET,TOTAL,NR,T,IT,2016-01-01,55.0,,
ESTAT:MIGR_EMI1CTZ(1.0),01/07/26 23:00:00,A,CN,COMPLET,TOTAL,NR,T,IT,2016-01-01,1971.0,,
ESTAT:MIGR_EMI1CTZ(1.0),01/07/26 23:00:00,A,CO,COMPLET,TOTAL,NR,T,IT,2016-01-01,179.0,,
ESTAT:MIGR_EMI1CTZ(1.0),01/07/26 23:00:00,A,CR,COMPLET,TOTAL,NR,T,IT,2016-01-01,6.0,,
ESTAT:MIGR_EMI1CTZ(1.0),01/07/26 23:00:00,A,CRB,COMPLET,TOTAL,NR,T,IT,2016-01-01,426.0,,
ESTAT:MIGR_EMI1CTZ(1.0),01/07/26 23:00:00,A,CU,COMPLET,TOTAL,NR,T,IT,2016-01-01,225.0,,
ESTAT:MIGR_EMI1CTZ(1.0),01/07/26 23:00:00,A,CV,COMPLET,TOTAL,NR,T,IT,2016-01-01,14.0,,
ESTAT:MIGR_EMI1CTZ(1.0),01/07/26 23:00:00,A,CW,COMPLET,TOTAL,NR,T,IT,2016-01-01,0.0,,
ESTAT:MIGR_EMI1CTZ(1.0),01/07/26 23:00:00,A,CY,COMPLET,TOTAL,NR,T,IT,2016-01-01,5.0,,
ESTAT:MIGR_EMI1CTZ(1.0),01/07/26 23:00:00,A,CZ,COMPLET,TOTAL,NR,T,IT,2016-01-01,130.0,,
ESTAT:MIGR_EMI1CTZ(1.0),01/07/26 23:00:00,A,CZ_SK,COMPLET,TOTAL,NR,T,IT,2016-01-01,0.0,,
ESTAT:MIGR_EMI1CTZ(1.0),01/07/26 23:00:00,A,DE,COMPLET,TOTAL,NR,T,IT,2016-01-01,1051.0,,
ESTAT:MIGR_EMI1CTZ(1.0),01/07/26 23:00:00,A,DJ,COMPLET,TOTAL,NR,T,IT,2016-01-01,5.0,,
ESTAT:MIGR_EMI1CTZ(1.0),01/07/26 23:00:00,A,DK,COMPLET,TOTAL,NR,T,IT,2016-01-01,74.0,,
ESTAT:MIGR_EMI1CTZ(1.0),01/07/26 23:00:00,A,DM,COMPLET,TOTAL,NR,T,IT,2016-01-01,13.0,,
ESTAT:MIGR_EMI1CTZ(1.0),01/07/26 23:00:00,A,DO,COMPLET,TOTAL,NR,T,IT,2016-01-01,182.0,,
ESTAT:MIGR_EMI1CTZ(1.0),01/07/26 23:00:00,A,DZ,COMPLET,TOTAL,NR,T,IT,2016-01-01,144.0,,
ESTAT:MIGR_EMI1CTZ(1.0),01/07/26 23:00:00,A,EC,COMPLET,TOTAL,NR,T,IT,2016-01-01,349.0,,
ESTAT:MIGR_EMI1CTZ(1.0),01/07/26 23:00:00,A,EE,COMPLET,TOTAL,NR,T,IT,2016-01-01,13.0,,
ESTAT:MIGR_EMI1CTZ(1.0),01/07/26 23:00:00,A,EG,COMPLET,TOTAL,NR,T,IT,2016-01-01,436.0,,
ESTAT:MIGR_EMI1CTZ(1.0),01/07/26 23:00:00,A,EH,COMPLET,TOTAL,NR,T,IT,2016-01-01,0.0,,
ESTAT:MIGR_EMI1CTZ(1.0),01/07/26 23:00:00,A,EL,COMPLET,TOTAL,NR,T,IT,2016-01-01,114.0,,
ESTAT:MIGR_EMI1CTZ(1.0),01/07/26 23:00:00,A,ER,COMPLET,TOTAL,NR,T,IT,2016-01-01,54.0,,
ESTAT:MIGR_EMI1CTZ(1.0),01/07/26 23:00:00,A,ES,COMPLET,TOTAL,NR,T,IT,2016-01-01,561.0,,
ESTAT:MIGR_EMI1CTZ(1.0),01/07/26 23:00:00,A,ET,COMPLET,TOTAL,NR,T,IT,2016-01-01,34.0,,
ESTAT:MIGR_EMI1CTZ(1.0),01/07/26 23:00:00,A,EU28_FOR,COMPLET,TOTAL,NR,T,IT,2016-01-01,20136.0,,
ESTAT:MIGR_EMI1CTZ(1.0),01/07/26 23:00:00,A,EUR,COMPLET,TOTAL,NR,T,IT,2016-01-01,141416.0,,
ESTAT:MIGR_EMI1CTZ(1.0),01/07/26 23:00:00,A,EX_SU,COMPLET,TOTAL,NR,T,IT,2016-01-01,0.0,,
ESTAT:MIGR_EMI1CTZ(1.0),01/07/26 23:00:00,A,EX_YU,COMPLET,TOTAL,NR,T,IT,2016-01-01,0.0,,
ESTAT:MIGR_EMI1CTZ(1.0),01/07/26 23:00:00,A,FI,COMPLET,TOTAL,NR,T,IT,2016-01-01,66.0,,
ESTAT:MIGR_EMI1CTZ(1.0),01/07/26 23:00:00,A,FJ,COMPLET,TOTAL,NR,T,IT,2016-01-01,0.0,,
ESTAT:MIGR_EMI1CTZ(1.0),01/07/26 23:00:00,A,FK,COMPLET,TOTAL,NR,T,IT,2016-01-01,0.0,,
ESTAT:MIGR_EMI1CTZ(1.0),01/07/26 23:00:00,A,FM,COMPLET,TOTAL,NR,T,IT,2016-01-01,0.0,,
ESTAT:MIGR_EMI1CTZ(1.0),01/07/26 23:00:00,A,FO,COMPLET,TOTAL,NR,T,IT,2016-01-01,0.0,,
ESTAT:MIGR_EMI1CTZ(1.0),01/07/26 23:00:00,A,FOR_STLS,COMPLET,TOTAL,NR,T,IT,2016-01-01,42553.0,,
ESTAT:MIGR_EMI1CTZ(1.0),01/07/26 23:00:00,A,FR,COMPLET,TOTAL,NR,T,IT,2016-01-01,716.0,,
ESTAT:MIGR_EMI1CTZ(1.0),01/07/26 23:00:00,A,GA,COMPLET,TOTAL,NR,T,IT,2016-01-01,3.0,,
ESTAT:MIGR_EMI1CTZ(1.0),01/07/26 23:00:00,A,GD,COMPLET,TOTAL,NR,T,IT,2016-01-01,0.0,,
ESTAT:MIGR_EMI1CTZ(1.0),01/07/26 23:00:00,A,GE,COMPLET,TOTAL,NR,T,IT,2016-01-01,135.0,,
ESTAT:MIGR_EMI1CTZ(1.0),01/07/26 23:00:00,A,GG,COMPLET,TOTAL,NR,T,IT,2016-01-01,0.0,,
ESTAT:MIGR_EMI1CTZ(1.0),01/07/26 23:00:00,A,GH,COMPLET,TOTAL,NR,T,IT,2016-01-01,251.0,,
ESTAT:MIGR_EMI1CTZ(1.0),01/07/26 23:00:00,A,GI,COMPLET,TOTAL,NR,T,IT,2016-01-01,0.0,,
ESTAT:MIGR_EMI1CTZ(1.0),01/07/26 23:00:00,A,GL,COMPLET,TOTAL,NR,T,IT,2016-01-01,0.0,,
ESTAT:MIGR_EMI1CTZ(1.0),01/07/26 23:00:00,A,GM,COMPLET,TOTAL,NR,T,IT,2016-01-01,72.0,,
ESTAT:MIGR_EMI1CTZ(1.0),01/07/26 23:00:00,A,GN,COMPLET,TOTAL,NR,T,IT,2016-01-01,51.0,,
ESTAT:MIGR_EMI1CTZ(1.0),01/07/26 23:00:00,A,GQ,COMPLET,TOTAL,NR,T,IT,2016-01-01,2.0,,
ESTAT:MIGR_EMI1CTZ(1.0),01/07/26 23:00:00,A,GT,COMPLET,TOTAL,NR,T,IT,2016-01-01,11.0,,
ESTAT:MIGR_EMI1CTZ(1.0),01/07/26 23:00:00,A,GW,COMPLET,TOTAL,NR,T,IT,2016-01-01,0.0,,
ESTAT:MIGR_EMI1CTZ(1.0),01/07/26 23:00:00,A,GY,COMPLET,TOTAL,NR,T,IT,2016-01-01,0.0,,
ESTAT:MIGR_EMI1CTZ(1.0),01/07/26 23:00:00,A,HN,COMPLET,TOTAL,NR,T,IT,2016-01-01,10.0,,
ESTAT:MIGR_EMI1CTZ(1.0),01/07/26 23:00:00,A,HR,COMPLET,TOTAL,NR,T,IT,2016-01-01,310.0,,
ESTAT:MIGR_EMI1CTZ(1.0),01/07/26 23:00:00,A,HT,COMPLET,TOTAL,NR,T,IT,2016-01-01,2.0,,
ESTAT:MIGR_EMI1CTZ(1.0),01/07/26 23:00:00,A,HU,COMPLET,TOTAL,NR,T,IT,2016-01-01,267.0,,
ESTAT:MIGR_EMI1CTZ(1.0),01/07/26 23:00:00,A,ID,COMPLET,TOTAL,NR,T,IT,2016-01-01,38.0,,
ESTAT:MIGR_EMI1CTZ(1.0),01/07/26 23:00:00,A,IE,COMPLET,TOTAL,NR,T,IT,2016-01-01,60.0,,
ESTAT:MIGR_EMI1CTZ(1.0),01/07/26 23:00:00,A,IL,COMPLET,TOTAL,NR,T,IT,2016-01-01,15.0,,
ESTAT:MIGR_EMI1CTZ(1.0),01/07/26 23:00:00,A,IM,COMPLET,TOTAL,NR,T,IT,2016-01-01,0.0,,
ESTAT:MIGR_EMI1CTZ(1.0),01/07/26 23:00:00,A,IN,COMPLET,TOTAL,NR,T,IT,2016-01-01,1486.0,,
ESTAT:MIGR_EMI1CTZ(1.0),01/07/26 23:00:00,A,IQ,COMPLET,TOTAL,NR,T,IT,2016-01-01,28.0,,
ESTAT:MIGR_EMI1CTZ(1.0),01/07/26 23:00:00,A,IR,COMPLET,TOTAL,NR,T,IT,2016-01-01,58.0,,
ESTAT:MIGR_EMI1CTZ(1.0),01/07/26 23:00:00,A,IS,COMPLET,TOTAL,NR,T,IT,2016-01-01,6.0,,
ESTAT:MIGR_EMI1CTZ(1.0),01/07/26 23:00:00,A,IT,COMPLET,TOTAL,NR,T,IT,2016-01-01,114512.0,,
ESTAT:MIGR_EMI1CTZ(1.0),01/07/26 23:00:00,A,JE,COMPLET,TOTAL,NR,T,IT,2016-01-01,0.0,,
ESTAT:MIGR_EMI1CTZ(1.0),01/07/26 23:00:00,A,JM,COMPLET,TOTAL,NR,T,IT,2016-01-01,2.0,,
ESTAT:MIGR_EMI1CTZ(1.0),01/07/26 23:00:00,A,JO,COMPLET,TOTAL,NR,T,IT,2016-01-01,21.0,,
ESTAT:MIGR_EMI1CTZ(1.0),01/07/26 23:00:00,A,JP,COMPLET,TOTAL,NR,T,IT,2016-01-01,272.0,,
ESTAT:MIGR_EMI1CTZ(1.0),01/07/26 23:00:00,A,KE,COMPLET,TOTAL,NR,T,IT,2016-01-01,26.0,,
ESTAT:MIGR_EMI1CTZ(1.0),01/07/26 23:00:00,A,KG,COMPLET,TOTAL,NR,T,IT,2016-01-01,7.0,,
ESTAT:MIGR_EMI1CTZ(1.0),01/07/26 23:00:00,A,KH,COMPLET,TOTAL,NR,T,IT,2016-01-01,1.0,,
ESTAT:MIGR_EMI1CTZ(1.0),01/07/26 23:00:00,A,KI,COMPLET,TOTAL,NR,T,IT,2016-01-01,1.0,,
ESTAT:MIGR_EMI1CTZ(1.0),01/07/26 23:00:00,A,KM,COMPLET,TOTAL,NR,T,IT,2016-01-01,0.0,,
ESTAT:MIGR_EMI1CTZ(1.0),01/07/26 23:00:00,A,KN,COMPLET,TOTAL,NR,T,IT,2016-01-01,0.0,,
ESTAT:MIGR_EMI1CTZ(1.0),01/07/26 23:00:00,A,KP,COMPLET,TOTAL,NR,T,IT,2016-01-01,2.0,,
ESTAT:MIGR_EMI1CTZ(1.0),01/07/26 23:00:00,A,KR,COMPLET,TOTAL,NR,T,IT,2016-01-01,88.0,,
ESTAT:MIGR_EMI1CTZ(1.0),01/07/26 23:00:00,A,KW,COMPLET,TOTAL,NR,T,IT,2016-01-01,2.0,,
ESTAT:MIGR_EMI1CTZ(1.0),01/07/26 23:00:00,A,KY,COMPLET,TOTAL,NR,T,IT,2016-01-01,0.0,,
ESTAT:MIGR_EMI1CTZ(1.0),01/07/26 23:00:00,A,KZ,COMPLET,TOTAL,NR,T,IT,2016-01-01,50.0,,
ESTAT:MIGR_EMI1CTZ(1.0),01/07/26 23:00:00,A,LA,COMPLET,TOTAL,NR,T,IT,2016-01-01,0.0,,
ESTAT:MIGR_EMI1CTZ(1.0),01/07/26 23:00:00,A,LB,COMPLET,TOTAL,NR,T,IT,2016-01-01,28.0,,
ESTAT:MIGR_EMI1CTZ(1.0),01/07/26 23:00:00,A,LC,COMPLET,TOTAL,NR,T,IT,2016-01-01,0.0,,
ESTAT:MIGR_EMI1CTZ(1.0),01/07/26 23:00:00,A,LI,COMPLET,TOTAL,NR,T,IT,2016-01-01,0.0,,
ESTAT:MIGR_EMI1CTZ(1.0),01/07/26 23:00:00,A,LK,COMPLET,TOTAL,NR,T,IT,2016-01-01,555.0,,
ESTAT:MIGR_EMI1CTZ(1.0),01/07/26 23:00:00,A,LR,COMPLET,TOTAL,NR,T,IT,2016-01-01,6.0,,
ESTAT:MIGR_EMI1CTZ(1.0),01/07/26 23:00:00,A,LS,COMPLET,TOTAL,NR,T,IT,2016-01-01,0.0,,
ESTAT:MIGR_EMI1CTZ(1.0),01/07/26 23:00:00,A,LT,COMPLET,TOTAL,NR,T,IT,2016-01-01,67.0,,
ESTAT:MIGR_EMI1CTZ(1.0),01/07/26 23:00:00,A,LU,COMPLET,TOTAL,NR,T,IT,2016-01-01,8.0,,
ESTAT:MIGR_EMI1CTZ(1.0),01/07/26 23:00:00,A,LV,COMPLET,TOTAL,NR,T,IT,2016-01-01,30.0,,
ESTAT:MIGR_EMI1CTZ(1.0),01/07/26 23:00:00,A,LY,COMPLET,TOTAL,NR,T,IT,2016-01-01,31.0,,
ESTAT:MIGR_EMI1CTZ(1.0),01/07/26 23:00:00,A,MA,COMPLET,TOTAL,NR,T,IT,2016-01-01,2225.0,,
ESTAT:MIGR_EMI1CTZ(1.0),01/07/26 23:00:00,A,MC,COMPLET,TOTAL,NR,T,IT,2016-01-01,0.0,,
ESTAT:MIGR_EMI1CTZ(1.0),01/07/26 23:00:00,A,MD,COMPLET,TOTAL,NR,T,IT,2016-01-01,917.0,,
ESTAT:MIGR_EMI1CTZ(1.0),01/07/26 23:00:00,A,ME,COMPLET,TOTAL,NR,T,IT,2016-01-01,21.0,,
ESTAT:MIGR_EMI1CTZ(1.0),01/07/26 23:00:00,A,MEL,COMPLET,TOTAL,NR,T,IT,2016-01-01,1.0,,
ESTAT:MIGR_EMI1CTZ(1.0),01/07/26 23:00:00,A,MG,COMPLET,TOTAL,NR,T,IT,2016-01-01,15.0,,
ESTAT:MIGR_EMI1CTZ(1.0),01/07/26 23:00:00,A,MH,COMPLET,TOTAL,NR,T,IT,2016-01-01,0.0,,
ESTAT:MIGR_EMI1CTZ(1.0),01/07/26 23:00:00,A,MIC,COMPLET,TOTAL,NR,T,IT,2016-01-01,1.0,,
ESTAT:MIGR_EMI1CTZ(1.0),01/07/26 23:00:00,A,MK,COMPLET,TOTAL,NR,T,IT,2016-01-01,666.0,,
ESTAT:MIGR_EMI1CTZ(1.0),01/07/26 23:00:00,A,ML,COMPLET,TOTAL,NR,T,IT,2016-01-01,84.0,,
ESTAT:MIGR_EMI1CTZ(1.0),01/07/26 23:00:00,A,MM,COMPLET,TOTAL,NR,T,IT,2016-01-01,15.0,,
ESTAT:MIGR_EMI1CTZ(1.0),01/07/26 23:00:00,A,MN,COMPLET,TOTAL,NR,T,IT,2016-01-01,3.0,,
ESTAT:MIGR_EMI1CTZ(1.0),01/07/26 23:00:00,A,MR,COMPLET,TOTAL,NR,T,IT,2016-01-01,1.0,,
ESTAT:MIGR_EMI1CTZ(1.0),01/07/26 23:00:00,A,MS,COMPLET,TOTAL,NR,T,IT,2016-01-01,0.0,,
ESTAT:MIGR_EMI1CTZ(1.0),01/07/26 23:00:00,A,MT,COMPLET,TOTAL,NR,T,IT,2016-01-01,15.0,,
ESTAT:MIGR_EMI1CTZ(1.0),01/07/26 23:00:00,A,MU,COMPLET,TOTAL,NR,T,IT,2016-01-01,27.0,,
ESTAT:MIGR_EMI1CTZ(1.0),01/07/26 23:00:00,A,MV,COMPLET,TOTAL,NR,T,IT,2016-01-01,0.0,,
ESTAT:MIGR_EMI1CTZ(1.0),01/07/26 23:00:00,A,MW,COMPLET,TOTAL,NR,T,IT,2016-01-01,0.0,,
ESTAT:MIGR_EMI1CTZ(1.0),01/07/26 23:00:00,A,MX,COMPLET,TOTAL,NR,T,IT,2016-01-01,153.0,,
ESTAT:MIGR_EMI1CTZ(1.0),01/07/26 23:00:00,A,MY,COMPLET,TOTAL,NR,T,IT,2016-01-01,14.0,,
ESTAT:MIGR_EMI1CTZ(1.0),01/07/26 23:00:00,A,MZ,COMPLET,TOTAL,NR,T,IT,2016-01-01,15.0,,
ESTAT:MIGR_EMI1CTZ(1.0),01/07/26 23:00:00,A,NA,COMPLET,TOTAL,NR,T,IT,2016-01-01,0.0,,
ESTAT:MIGR_EMI1CTZ(1.0),01/07/26 23:00:00,A,NAT,COMPLET,TOTAL,NR,T,IT,2016-01-01,114512.0,,
ESTAT:MIGR_EMI1CTZ(1.0),01/07/26 23:00:00,A,NC,COMPLET,TOTAL,NR,T,IT,2016-01-01,0.0,,
ESTAT:MIGR_EMI1CTZ(1.0),01/07/26 23:00:00,A,NE,COMPLET,TOTAL,NR,T,IT,2016-01-01,0.0,,
ESTAT:MIGR_EMI1CTZ(1.0),01/07/26 23:00:00,A,NEU28_FOR,COMPLET,TOTAL,NR,T,IT,2016-01-01,22411.0,,
ESTAT:MIGR_EMI1CTZ(1.0),01/07/26 23:00:00,A,NG,COMPLET,TOTAL,NR,T,IT,2016-01-01,356.0,,
ESTAT:MIGR_EMI1CTZ(1.0),01/07/26 23:00:00,A,NI,COMPLET,TOTAL,NR,T,IT,2016-01-01,4.0,,
ESTAT:MIGR_EMI1CTZ(1.0),01/07/26 23:00:00,A,NL,COMPLET,TOTAL,NR,T,IT,2016-01-01,249.0,,
ESTAT:MIGR_EMI1CTZ(1.0),01/07/26 23:00:00,A,NO,COMPLET,TOTAL,NR,T,IT,2016-01-01,31.0,,
ESTAT:MIGR_EMI1CTZ(1.0),01/07/26 23:00:00,A,NP,COMPLET,TOTAL,NR,T,IT,2016-01-01,13.0,,
ESTAT:MIGR_EMI1CTZ(1.0),01/07/26 23:00:00,A,NR,COMPLET,TOTAL,NR,T,IT,2016-01-01,0.0,,
ESTAT:MIGR_EMI1CTZ(1.0),01/07/26 23:00:00,A,NZ,COMPLET,TOTAL,NR,T,IT,2016-01-01,20.0,,
ESTAT:MIGR_EMI1CTZ(1.0),01/07/26 23:00:00,A,OCE,COMPLET,TOTAL,NR,T,IT,2016-01-01,79.0,,
ESTAT:MIGR_EMI1CTZ(1.0),01/07/26 23:00:00,A,OM,COMPLET,TOTAL,NR,T,IT,2016-01-01,0.0,,
ESTAT:MIGR_EMI1CTZ(1.0),01/07/26 23:00:00,A,OTH,COMPLET,TOTAL,NR,T,IT,2016-01-01,0.0,,
ESTAT:MIGR_EMI1CTZ(1.0),01/07/26 23:00:00,A,PA,COMPLET,TOTAL,NR,T,IT,2016-01-01,4.0,,
ESTAT:MIGR_EMI1CTZ(1.0),01/07/26 23:00:00,A,PE,COMPLET,TOTAL,NR,T,IT,2016-01-01,435.0,,
ESTAT:MIGR_EMI1CTZ(1.0),01/07/26 23:00:00,A,PF,COMPLET,TOTAL,NR,T,IT,2016-01-01,0.0,,
ESTAT:MIGR_EMI1CTZ(1.0),01/07/26 23:00:00,A,PG,COMPLET,TOTAL,NR,T,IT,2016-01-01,1.0,,
ESTAT:MIGR_EMI1CTZ(1.0),01/07/26 23:00:00,A,PH,COMPLET,TOTAL,NR,T,IT,2016-01-01,393.0,,
ESTAT:MIGR_EMI1CTZ(1.0),01/07/26 23:00:00,A,PK,COMPLET,TOTAL,NR,T,IT,2016-01-01,965.0,,
ESTAT:MIGR_EMI1CTZ(1.0),01/07/26 23:00:00,A,PL,COMPLET,TOTAL,NR,T,IT,2016-01-01,1493.0,,
ESTAT:MIGR_EMI1CTZ(1.0),01/07/26 23:00:00,A,PM,COMPLET,TOTAL,NR,T,IT,2016-01-01,0.0,,
ESTAT:MIGR_EMI1CTZ(1.0),01/07/26 23:00:00,A,PN,COMPLET,TOTAL,NR,T,IT,2016-01-01,0.0,,
ESTAT:MIGR_EMI1CTZ(1.0),01/07/26 23:00:00,A,POL,COMPLET,TOTAL,NR,T,IT,2016-01-01,0.0,,
ESTAT:MIGR_EMI1CTZ(1.0),01/07/26 23:00:00,A,PS,COMPLET,TOTAL,NR,T,IT,2016-01-01,11.0,,
ESTAT:MIGR_EMI1CTZ(1.0),01/07/26 23:00:00,A,PT,COMPLET,TOTAL,NR,T,IT,2016-01-01,120.0,,
ESTAT:MIGR_EMI1CTZ(1.0),01/07/26 23:00:00,A,PW,COMPLET,TOTAL,NR,T,IT,2016-01-01,0.0,,
ESTAT:MIGR_EMI1CTZ(1.0),01/07/26 23:00:00,A,PY,COMPLET,TOTAL,NR,T,IT,2016-01-01,18.0,,
ESTAT:MIGR_EMI1CTZ(1.0),01/07/26 23:00:00,A,QA,COMPLET,TOTAL,NR,T,IT,2016-01-01,0.0,,
ESTAT:MIGR_EMI1CTZ(1.0),01/07/26 23:00:00,A,RNC,COMPLET,TOTAL,NR,T,IT,2016-01-01,0.0,,
ESTAT:MIGR_EMI1CTZ(1.0),01/07/26 23:00:00,A,RO,COMPLET,TOTAL,NR,T,IT,2016-01-01,12624.0,,
ESTAT:MIGR_EMI1CTZ(1.0),01/07/26 23:00:00,A,RS,COMPLET,TOTAL,NR,T,IT,2016-01-01,282.0,,
ESTAT:MIGR_EMI1CTZ(1.0),01/07/26 23:00:00,A,RS_ME,COMPLET,TOTAL,NR,T,IT,2016-01-01,0.0,,
ESTAT:MIGR_EMI1CTZ(1.0),01/07/26 23:00:00,A,RU,COMPLET,TOTAL,NR,T,IT,2016-01-01,343.0,,
ESTAT:MIGR_EMI1CTZ(1.0),01/07/26 23:00:00,A,RW,COMPLET,TOTAL,NR,T,IT,2016-01-01,6.0,,
ESTAT:MIGR_EMI1CTZ(1.0),01/07/26 23:00:00,A,SA,COMPLET,TOTAL,NR,T,IT,2016-01-01,10.0,,
ESTAT:MIGR_EMI1CTZ(1.0),01/07/26 23:00:00,A,SB,COMPLET,TOTAL,NR,T,IT,2016-01-01,0.0,,
ESTAT:MIGR_EMI1CTZ(1.0),01/07/26 23:00:00,A,SC,COMPLET,TOTAL,NR,T,IT,2016-01-01,3.0,,
ESTAT:MIGR_EMI1CTZ(1.0),01/07/26 23:00:00,A,SD,COMPLET,TOTAL,NR,T,IT,2016-01-01,7.0,,
ESTAT:MIGR_EMI1CTZ(1.0),01/07/26 23:00:00,A,SE,COMPLET,TOTAL,NR,T,IT,2016-01-01,91.0,,
ESTAT:MIGR_EMI1CTZ(1.0),01/07/26 23:00:00,A,SG,COMPLET,TOTAL,NR,T,IT,2016-01-01,7.0,,
ESTAT:MIGR_EMI1CTZ(1.0),01/07/26 23:00:00,A,SH,COMPLET,TOTAL,NR,T,IT,2016-01-01,0.0,,
ESTAT:MIGR_EMI1CTZ(1.0),01/07/26 23:00:00,A,SI,COMPLET,TOTAL,NR,T,IT,2016-01-01,111.0,,
ESTAT:MIGR_EMI1CTZ(1.0),01/07/26 23:00:00,A,SK,COMPLET,TOTAL,NR,T,IT,2016-01-01,277.0,,
ESTAT:MIGR_EMI1CTZ(1.0),01/07/26 23:00:00,A,SL,COMPLET,TOTAL,NR,T,IT,2016-01-01,6.0,,
ESTAT:MIGR_EMI1CTZ(1.0),01/07/26 23:00:00,A,SM,COMPLET,TOTAL,NR,T,IT,2016-01-01,6.0,,
ESTAT:MIGR_EMI1CTZ(1.0),01/07/26 23:00:00,A,SN,COMPLET,TOTAL,NR,T,IT,2016-01-01,491.0,,
ESTAT:MIGR_EMI1CTZ(1.0),01/07/26 23:00:00,A,SO,COMPLET,TOTAL,NR,T,IT,2016-01-01,57.0,,
ESTAT:MIGR_EMI1CTZ(1.0),01/07/26 23:00:00,A,SR,COMPLET,TOTAL,NR,T,IT,2016-01-01,0.0,,
ESTAT:MIGR_EMI1CTZ(1.0),01/07/26 23:00:00,A,SS,COMPLET,TOTAL,NR,T,IT,2016-01-01,2.0,,
ESTAT:MIGR_EMI1CTZ(1.0),01/07/26 23:00:00,A,ST,COMPLET,TOTAL,NR,T,IT,2016-01-01,0.0,,
ESTAT:MIGR_EMI1CTZ(1.0),01/07/26 23:00:00,A,STLS,COMPLET,TOTAL,NR,T,IT,2016-01-01,6.0,,
ESTAT:MIGR_EMI1CTZ(1.0),01/07/26 23:00:00,A,SV,COMPLET,TOTAL,NR,T,IT,2016-01-01,19.0,,
ESTAT:MIGR_EMI1CTZ(1.0),01/07/26 23:00:00,A,SX,COMPLET,TOTAL,NR,T,IT,2016-01-01,0.0,,
ESTAT:MIGR_EMI1CTZ(1.0),01/07/26 23:00:00,A,SY,COMPLET,TOTAL,NR,T,IT,2016-01-01,42.0,,
ESTAT:MIGR_EMI1CTZ(1.0),01/07/26 23:00:00,A,SZ,COMPLET,TOTAL,NR,T,IT,2016-01-01,0.0,,
ESTAT:MIGR_EMI1CTZ(1.0),01/07/26 23:00:00,A,TC,COMPLET,TOTAL,NR,T,IT,2016-01-01,0.0,,
ESTAT:MIGR_EMI1CTZ(1.0),01/07/26 23:00:00,A,TD,COMPLET,TOTAL,NR,T,IT,2016-01-01,10.0,,
ESTAT:MIGR_EMI1CTZ(1.0),01/07/26 23:00:00,A,TG,COMPLET,TOTAL,NR,T,IT,2016-01-01,21.0,,
ESTAT:MIGR_EMI1CTZ(1.0),01/07/26 23:00:00,A,TH,COMPLET,TOTAL,NR,T,IT,2016-01-01,59.0,,
ESTAT:MIGR_EMI1CTZ(1.0),01/07/26 23:00:00,A,TJ,COMPLET,TOTAL,NR,T,IT,2016-01-01,0.0,,
ESTAT:MIGR_EMI1CTZ(1.0),01/07/26 23:00:00,A,TL,COMPLET,TOTAL,NR,T,IT,2016-01-01,0.0,,
ESTAT:MIGR_EMI1CTZ(1.0),01/07/26 23:00:00,A,TM,COMPLET,TOTAL,NR,T,IT,2016-01-01,9.0,,
ESTAT:MIGR_EMI1CTZ(1.0),01/07/26 23:00:00,A,TN,COMPLET,TOTAL,NR,T,IT,2016-01-01,564.0,,
ESTAT:MIGR_EMI1CTZ(1.0),01/07/26 23:00:00,A,TO,COMPLET,TOTAL,NR,T,IT,2016-01-01,0.0,,
ESTAT:MIGR_EMI1CTZ(1.0),01/07/26 23:00:00,A,TOTAL,COMPLET,TOTAL,NR,T,IT,2016-01-01,157065.0,,
ESTAT:MIGR_EMI1CTZ(1.0),01/07/26 23:00:00,A,TR,COMPLET,TOTAL,NR,T,IT,2016-01-01,222.0,,
ESTAT:MIGR_EMI1CTZ(1.0),01/07/26 23:00:00,A,TT,COMPLET,TOTAL,NR,T,IT,2016-01-01,0.0,,
ESTAT:MIGR_EMI1CTZ(1.0),01/07/26 23:00:00,A,TV,COMPLET,TOTAL,NR,T,IT,2016-01-01,0.0,,
ESTAT:MIGR_EMI1CTZ(1.0),01/07/26 23:00:00,A,TW,COMPLET,TOTAL,NR,T,IT,2016-01-01,8.0,,
ESTAT:MIGR_EMI1CTZ(1.0),01/07/26 23:00:00,A,TZ,COMPLET,TOTAL,NR,T,IT,2016-01-01,17.0,,
ESTAT:MIGR_EMI1CTZ(1.0),01/07/26 23:00:00,A,UA,COMPLET,TOTAL,NR,T,IT,2016-01-01,1508.0,,
ESTAT:MIGR_EMI1CTZ(1.0),01/07/26 23:00:00,A,UG,COMPLET,TOTAL,NR,T,IT,2016-01-01,8.0,,
ESTAT:MIGR_EMI1CTZ(1.0),01/07/26 23:00:00,A,UK,COMPLET,TOTAL,NR,T,IT,2016-01-01,665.0,,
ESTAT:MIGR_EMI1CTZ(1.0),01/07/26 23:00:00,A,UNK,COMPLET,TOTAL,NR,T,IT,2016-01-01,0.0,,
ESTAT:MIGR_EMI1CTZ(1.0),01/07/26 23:00:00,A,US,COMPLET,TOTAL,NR,T,IT,2016-01-01,498.0,,
ESTAT:MIGR_EMI1CTZ(1.0),01/07/26 23:00:00,A,UY,COMPLET,TOTAL,NR,T,IT,2016-01-01,15.0,,
ESTAT:MIGR_EMI1CTZ(1.0),01/07/26 23:00:00,A,UZ,COMPLET,TOTAL,NR,T,IT,2016-01-01,15.0,,
ESTAT:MIGR_EMI1CTZ(1.0),01/07/26 23:00:00,A,VA,COMPLET,TOTAL,NR,T,IT,2016-01-01,0.0,,
ESTAT:MIGR_EMI1CTZ(1.0),01/07/26 23:00:00,A,VC,COMPLET,TOTAL,NR,T,IT,2016-01-01,0.0,,
ESTAT:MIGR_EMI1CTZ(1.0),01/07/26 23:00:00,A,VE,COMPLET,TOTAL,NR,T,IT,2016-01-01,71.0,,
ESTAT:MIGR_EMI1CTZ(1.0),01/07/26 23:00:00,A,VG,COMPLET,TOTAL,NR,T,IT,2016-01-01,0.0,,
ESTAT:MIGR_EMI1CTZ(1.0),01/07/26 23:00:00,A,VN,COMPLET,TOTAL,NR,T,IT,2016-01-01,21.0,,
ESTAT:MIGR_EMI1CTZ(1.0),01/07/26 23:00:00,A,VU,COMPLET,TOTAL,NR,T,IT,2016-01-01,0.0,,
ESTAT:MIGR_EMI1CTZ(1.0),01/07/26 23:00:00,A,WF,COMPLET,TOTAL,NR,T,IT,2016-01-01,0.0,,
ESTAT:MIGR_EMI1CTZ(1.0),01/07/26 23:00:00,A,WS,COMPLET,TOTAL,NR,T,IT,2016-01-01,0.0,,
ESTAT:MIGR_EMI1CTZ(1.0),01/07/26 23:00:00,A,XK,COMPLET,TOTAL,NR,T,IT,2016-01-01,534.0,,
ESTAT:MIGR_EMI1CTZ(1.0),01/07/26 23:00:00,A,YE,COMPLET,TOTAL,NR,T,IT,2016-01-01,2.0,,
ESTAT:MIGR_EMI1CTZ(1.0),01/07/26 23:00:00,A,ZA,COMPLET,TOTAL,NR,T,IT,2016-01-01,10.0,,
ESTAT:MIGR_EMI1CTZ(1.0),01/07/26 23:00:00,A,ZM,COMPLET,TOTAL,NR,T,IT,2016-01-01,1.0,,
ESTAT:MIGR_EMI1CTZ(1.0),01/07/26 23:00:00,A,ZW,COMPLET,TOTAL,NR,T,IT,2016-01-01,0.0,,
ESTAT:MIGR_EMI1CTZ(1.0),01/07/26 23:00:00,A,AD,COMPLET,TOTAL,NR,T,IT,2017-01-01,0.0,,
ESTAT:MIGR_EMI1CTZ(1.0),01/07/26 23:00:00,A,AE,COMPLET,TOTAL,NR,T,IT,2017-01-01,2.0,,
ESTAT:MIGR_EMI1CTZ(1.0),01/07/26 23:00:00,A,AF,COMPLET,TOTAL,NR,T,IT,2017-01-01,125.0,,
ESTAT:MIGR_EMI1CTZ(1.0),01/07/26 23:00:00,A,AFR,COMPLET,TOTAL,NR,T,IT,2017-01-01,5208.0,,
ESTAT:MIGR_EMI1CTZ(1.0),01/07/26 23:00:00,A,AFR_C,COMPLET,TOTAL,NR,T,IT,2017-01-01,144.0,,
ESTAT:MIGR_EMI1CTZ(1.0),01/07/26 23:00:00,A,AFR_E,COMPLET,TOTAL,NR,T,IT,2017-01-01,273.0,,
ESTAT:MIGR_EMI1CTZ(1.0),01/07/26 23:00:00,A,AFR_N,COMPLET,TOTAL,NR,T,IT,2017-01-01,3209.0,,
ESTAT:MIGR_EMI1CTZ(1.0),01/07/26 23:00:00,A,AFR_S,COMPLET,TOTAL,NR,T,IT,2017-01-01,16.0,,
ESTAT:MIGR_EMI1CTZ(1.0),01/07/26 23:00:00,A,AFR_W,COMPLET,TOTAL,NR,T,IT,2017-01-01,1566.0,,
ESTAT:MIGR_EMI1CTZ(1.0),01/07/26 23:00:00,A,AG,COMPLET,TOTAL,NR,T,IT,2017-01-01,0.0,,
ESTAT:MIGR_EMI1CTZ(1.0),01/07/26 23:00:00,A,AI,COMPLET,TOTAL,NR,T,IT,2017-01-01,0.0,,
ESTAT:MIGR_EMI1CTZ(1.0),01/07/26 23:00:00,A,AL,COMPLET,TOTAL,NR,T,IT,2017-01-01,1564.0,,
ESTAT:MIGR_EMI1CTZ(1.0),01/07/26 23:00:00,A,AM,COMPLET,TOTAL,NR,T,IT,2017-01-01,13.0,,
ESTAT:MIGR_EMI1CTZ(1.0),01/07/26 23:00:00,A,AME,COMPLET,TOTAL,NR,T,IT,2017-01-01,2694.0,,
ESTAT:MIGR_EMI1CTZ(1.0),01/07/26 23:00:00,A,AME_C,COMPLET,TOTAL,NR,T,IT,2017-01-01,110.0,,
ESTAT:MIGR_EMI1CTZ(1.0),01/07/26 23:00:00,A,AME_N,COMPLET,TOTAL,NR,T,IT,2017-01-01,560.0,,
ESTAT:MIGR_EMI1CTZ(1.0),01/07/26 23:00:00,A,AME_S,COMPLET,TOTAL,NR,T,IT,2017-01-01,1628.0,,
ESTAT:MIGR_EMI1CTZ(1.0),01/07/26 23:00:00,A,AN,COMPLET,TOTAL,NR,T,IT,2017-01-01,0.0,,
ESTAT:MIGR_EMI1CTZ(1.0),01/07/26 23:00:00,A,AO,COMPLET,TOTAL,NR,T,IT,2017-01-01,12.0,,
ESTAT:MIGR_EMI1CTZ(1.0),01/07/26 23:00:00,A,AR,COMPLET,TOTAL,NR,T,IT,2017-01-01,114.0,,
ESTAT:MIGR_EMI1CTZ(1.0),01/07/26 23:00:00,A,ASI,COMPLET,TOTAL,NR,T,IT,2017-01-01,6911.0,,
ESTAT:MIGR_EMI1CTZ(1.0),01/07/26 23:00:00,A,ASI_C,COMPLET,TOTAL,NR,T,IT,2017-01-01,69.0,,
ESTAT:MIGR_EMI1CTZ(1.0),01/07/26 23:00:00,A,ASI_E,COMPLET,TOTAL,NR,T,IT,2017-01-01,2257.0,,
ESTAT:MIGR_EMI1CTZ(1.0),01/07/26 23:00:00,A,ASI_S,COMPLET,TOTAL,NR,T,IT,2017-01-01,3682.0,,
ESTAT:MIGR_EMI1CTZ(1.0),01/07/26 23:00:00,A,ASI_S_E,COMPLET,TOTAL,NR,T,IT,2017-01-01,534.0,,
ESTAT:MIGR_EMI1CTZ(1.0),01/07/26 23:00:00,A,ASI_W,COMPLET,TOTAL,NR,T,IT,2017-01-01,369.0,,
ESTAT:MIGR_EMI1CTZ(1.0),01/07/26 23:00:00,A,AT,COMPLET,TOTAL,NR,T,IT,2017-01-01,147.0,,
ESTAT:MIGR_EMI1CTZ(1.0),01/07/26 23:00:00,A,AU,COMPLET,TOTAL,NR,T,IT,2017-01-01,81.0,,
ESTAT:MIGR_EMI1CTZ(1.0),01/07/26 23:00:00,A,AU_NZ,COMPLET,TOTAL,NR,T,IT,2017-01-01,87.0,,
ESTAT:MIGR_EMI1CTZ(1.0),01/07/26 23:00:00,A,AW,COMPLET,TOTAL,NR,T,IT,2017-01-01,0.0,,
ESTAT:MIGR_EMI1CTZ(1.0),01/07/26 23:00:00,A,AZ,COMPLET,TOTAL,NR,T,IT,2017-01-01,4.0,,
ESTAT:MIGR_EMI1CTZ(1.0),01/07/26 23:00:00,A,BA,COMPLET,TOTAL,NR,T,IT,2017-01-01,161.0,,
ESTAT:MIGR_EMI1CTZ(1.0),01/07/26 23:00:00,A,BB,COMPLET,TOTAL,NR,T,IT,2017-01-01,0.0,,
ESTAT:MIGR_EMI1CTZ(1.0),01/07/26 23:00:00,A,BD,COMPLET,TOTAL,NR,T,IT,2017-01-01,605.0,,
ESTAT:MIGR_EMI1CTZ(1.0),01/07/26 23:00:00,A,BE,COMPLET,TOTAL,NR,T,IT,2017-01-01,157.0,,
ESTAT:MIGR_EMI1CTZ(1.0),01/07/26 23:00:00,A,BF,COMPLET,TOTAL,NR,T,IT,2017-01-01,55.0,,
ESTAT:MIGR_EMI1CTZ(1.0),01/07/26 23:00:00,A,BG,COMPLET,TOTAL,NR,T,IT,2017-01-01,827.0,,
ESTAT:MIGR_EMI1CTZ(1.0),01/07/26 23:00:00,A,BH,COMPLET,TOTAL,NR,T,IT,2017-01-01,0.0,,
ESTAT:MIGR_EMI1CTZ(1.0),01/07/26 23:00:00,A,BI,COMPLET,TOTAL,NR,T,IT,2017-01-01,2.0,,
ESTAT:MIGR_EMI1CTZ(1.0),01/07/26 23:00:00,A,BJ,COMPLET,TOTAL,NR,T,IT,2017-01-01,14.0,,
ESTAT:MIGR_EMI1CTZ(1.0),01/07/26 23:00:00,A,BL,COMPLET,TOTAL,NR,T,IT,2017-01-01,0.0,,
ESTAT:MIGR_EMI1CTZ(1.0),01/07/26 23:00:00,A,BM,COMPLET,TOTAL,NR,T,IT,2017-01-01,0.0,,
ESTAT:MIGR_EMI1CTZ(1.0),01/07/26 23:00:00,A,BN,COMPLET,TOTAL,NR,T,IT,2017-01-01,0.0,,
ESTAT:MIGR_EMI1CTZ(1.0),01/07/26 23:00:00,A,BO,COMPLET,TOTAL,NR,T,IT,2017-01-01,65.0,,
ESTAT:MIGR_EMI1CTZ(1.0),01/07/26 23:00:00,A,BQ,COMPLET,TOTAL,NR,T,IT,2017-01-01,0.0,,
ESTAT:MIGR_EMI1CTZ(1.0),01/07/26 23:00:00,A,BR,COMPLET,TOTAL,NR,T,IT,2017-01-01,562.0,,
ESTAT:MIGR_EMI1CTZ(1.0),01/07/26 23:00:00,A,BS,COMPLET,TOTAL,NR,T,IT,2017-01-01,3.0,,
ESTAT:MIGR_EMI1CTZ(1.0),01/07/26 23:00:00,A,BT,COMPLET,TOTAL,NR,T,IT,2017-01-01,0.0,,
ESTAT:MIGR_EMI1CTZ(1.0),01/07/26 23:00:00,A,BW,COMPLET,TOTAL,NR,T,IT,2017-01-01,1.0,,
ESTAT:MIGR_EMI1CTZ(1.0),01/07/26 23:00:00,A,BY,COMPLET,TOTAL,NR,T,IT,2017-01-01,68.0,,
ESTAT:MIGR_EMI1CTZ(1.0),01/07/26 23:00:00,A,BZ,COMPLET,TOTAL,NR,T,IT,2017-01-01,1.0,,
ESTAT:MIGR_EMI1CTZ(1.0),01/07/26 23:00:00,A,CA,COMPLET,TOTAL,NR,T,IT,2017-01-01,55.0,,
ESTAT:MIGR_EMI1CTZ(1.0),01/07/26 23:00:00,A,CD,COMPLET,TOTAL,NR,T,IT,2017-01-01,23.0,,
ESTAT:MIGR_EMI1CTZ(1.0),01/07/26 23:00:00,A,CF,COMPLET,TOTAL,NR,T,IT,2017-01-01,3.0,,
ESTAT:MIGR_EMI1CTZ(1.0),01/07/26 23:00:00,A,CG,COMPLET,TOTAL,NR,T,IT,2017-01-01,17.0,,
ESTAT:MIGR_EMI1CTZ(1.0),01/07/26 23:00:00,A,CH,COMPLET,TOTAL,NR,T,IT,2017-01-01,213.0,,
ESTAT:MIGR_EMI1CTZ(1.0),01/07/26 23:00:00,A,CI,COMPLET,TOTAL,NR,T,IT,2017-01-01,156.0,,
ESTAT:MIGR_EMI1CTZ(1.0),01/07/26 23:00:00,A,CL,COMPLET,TOTAL,NR,T,IT,2017-01-01,41.0,,
ESTAT:MIGR_EMI1CTZ(1.0),01/07/26 23:00:00,A,CM,COMPLET,TOTAL,NR,T,IT,2017-01-01,88.0,,
ESTAT:MIGR_EMI1CTZ(1.0),01/07/26 23:00:00,A,CN,COMPLET,TOTAL,NR,T,IT,2017-01-01,1920.0,,
ESTAT:MIGR_EMI1CTZ(1.0),01/07/26 23:00:00,A,CO,COMPLET,TOTAL,NR,T,IT,2017-01-01,153.0,,
ESTAT:MIGR_EMI1CTZ(1.0),01/07/26 23:00:00,A,CR,COMPLET,TOTAL,NR,T,IT,2017-01-01,8.0,,
ESTAT:MIGR_EMI1CTZ(1.0),01/07/26 23:00:00,A,CRB,COMPLET,TOTAL,NR,T,IT,2017-01-01,396.0,,
ESTAT:MIGR_EMI1CTZ(1.0),01/07/26 23:00:00,A,CU,COMPLET,TOTAL,NR,T,IT,2017-01-01,204.0,,
ESTAT:MIGR_EMI1CTZ(1.0),01/07/26 23:00:00,A,CV,COMPLET,TOTAL,NR,T,IT,2017-01-01,10.0,,
ESTAT:MIGR_EMI1CTZ(1.0),01/07/26 23:00:00,A,CW,COMPLET,TOTAL,NR,T,IT,2017-01-01,0.0,,
ESTAT:MIGR_EMI1CTZ(1.0),01/07/26 23:00:00,A,CY,COMPLET,TOTAL,NR,T,IT,2017-01-01,6.0,,
ESTAT:MIGR_EMI1CTZ(1.0),01/07/26 23:00:00,A,CZ,COMPLET,TOTAL,NR,T,IT,2017-01-01,126.0,,
ESTAT:MIGR_EMI1CTZ(1.0),01/07/26 23:00:00,A,CZ_SK,COMPLET,TOTAL,NR,T,IT,2017-01-01,0.0,,
ESTAT:MIGR_EMI1CTZ(1.0),01/07/26 23:00:00,A,DE,COMPLET,TOTAL,NR,T,IT,2017-01-01,975.0,,
ESTAT:MIGR_EMI1CTZ(1.0),01/07/26 23:00:00,A,DJ,COMPLET,TOTAL,NR,T,IT,2017-01-01,0.0,,
ESTAT:MIGR_EMI1CTZ(1.0),01/07/26 23:00:00,A,DK,COMPLET,TOTAL,NR,T,IT,2017-01-01,67.0,,
ESTAT:MIGR_EMI1CTZ(1.0),01/07/26 23:00:00,A,DM,COMPLET,TOTAL,NR,T,IT,2017-01-01,4.0,,
ESTAT:MIGR_EMI1CTZ(1.0),01/07/26 23:00:00,A,DO,COMPLET,TOTAL,NR,T,IT,2017-01-01,181.0,,
ESTAT:MIGR_EMI1CTZ(1.0),01/07/26 23:00:00,A,DZ,COMPLET,TOTAL,NR,T,IT,2017-01-01,108.0,,
ESTAT:MIGR_EMI1CTZ(1.0),01/07/26 23:00:00,A,EC,COMPLET,TOTAL,NR,T,IT,2017-01-01,240.0,,
ESTAT:MIGR_EMI1CTZ(1.0),01/07/26 23:00:00,A,EE,COMPLET,TOTAL,NR,T,IT,2017-01-01,8.0,,
ESTAT:MIGR_EMI1CTZ(1.0),01/07/26 23:00:00,A,EG,COMPLET,TOTAL,NR,T,IT,2017-01-01,375.0,,
ESTAT:MIGR_EMI1CTZ(1.0),01/07/26 23:00:00,A,EH,COMPLET,TOTAL,NR,T,IT,2017-01-01,0.0,,
ESTAT:MIGR_EMI1CTZ(1.0),01/07/26 23:00:00,A,EL,COMPLET,TOTAL,NR,T,IT,2017-01-01,99.0,,
ESTAT:MIGR_EMI1CTZ(1.0),01/07/26 23:00:00,A,ER,COMPLET,TOTAL,NR,T,IT,2017-01-01,56.0,,
ESTAT:MIGR_EMI1CTZ(1.0),01/07/26 23:00:00,A,ES,COMPLET,TOTAL,NR,T,IT,2017-01-01,528.0,,
ESTAT:MIGR_EMI1CTZ(1.0),01/07/26 23:00:00,A,ET,COMPLET,TOTAL,NR,T,IT,2017-01-01,30.0,,
ESTAT:MIGR_EMI1CTZ(1.0),01/07/26 23:00:00,A,EU28_FOR,COMPLET,TOTAL,NR,T,IT,2017-01-01,19575.0,,
ESTAT:MIGR_EMI1CTZ(1.0),01/07/26 23:00:00,A,EUR,COMPLET,TOTAL,NR,T,IT,2017-01-01,140206.0,,
ESTAT:MIGR_EMI1CTZ(1.0),01/07/26 23:00:00,A,EX_SU,COMPLET,TOTAL,NR,T,IT,2017-01-01,0.0,,
ESTAT:MIGR_EMI1CTZ(1.0),01/07/26 23:00:00,A,EX_YU,COMPLET,TOTAL,NR,T,IT,2017-01-01,0.0,,
ESTAT:MIGR_EMI1CTZ(1.0),01/07/26 23:00:00,A,FI,COMPLET,TOTAL,NR,T,IT,2017-01-01,46.0,,
ESTAT:MIGR_EMI1CTZ(1.0),01/07/26 23:00:00,A,FJ,COMPLET,TOTAL,NR,T,IT,2017-01-01,0.0,,
ESTAT:MIGR_EMI1CTZ(1.0),01/07/26 23:00:00,A,FK,COMPLET,TOTAL,NR,T,IT,2017-01-01,0.0,,
ESTAT:MIGR_EMI1CTZ(1.0),01/07/26 23:00:00,A,FM,COMPLET,TOTAL,NR,T,IT,2017-01-01,0.0,,
ESTAT:MIGR_EMI1CTZ(1.0),01/07/26 23:00:00,A,FO,COMPLET,TOTAL,NR,T,IT,2017-01-01,0.0,,
ESTAT:MIGR_EMI1CTZ(1.0),01/07/26 23:00:00,A,FOR_STLS,COMPLET,TOTAL,NR,T,IT,2017-01-01,40551.0,,
ESTAT:MIGR_EMI1CTZ(1.0),01/07/26 23:00:00,A,FR,COMPLET,TOTAL,NR,T,IT,2017-01-01,722.0,,
ESTAT:MIGR_EMI1CTZ(1.0),01/07/26 23:00:00,A,GA,COMPLET,TOTAL,NR,T,IT,2017-01-01,0.0,,
ESTAT:MIGR_EMI1CTZ(1.0),01/07/26 23:00:00,A,GD,COMPLET,TOTAL,NR,T,IT,2017-01-01,1.0,,
ESTAT:MIGR_EMI1CTZ(1.0),01/07/26 23:00:00,A,GE,COMPLET,TOTAL,NR,T,IT,2017-01-01,152.0,,
ESTAT:MIGR_EMI1CTZ(1.0),01/07/26 23:00:00,A,GG,COMPLET,TOTAL,NR,T,IT,2017-01-01,0.0,,
ESTAT:MIGR_EMI1CTZ(1.0),01/07/26 23:00:00,A,GH,COMPLET,TOTAL,NR,T,IT,2017-01-01,236.0,,
ESTAT:MIGR_EMI1CTZ(1.0),01/07/26 23:00:00,A,GI,COMPLET,TOTAL,NR,T,IT,2017-01-01,0.0,,
ESTAT:MIGR_EMI1CTZ(1.0),01/07/26 23:00:00,A,GL,COMPLET,TOTAL,NR,T,IT,2017-01-01,0.0,,
ESTAT:MIGR_EMI1CTZ(1.0),01/07/26 23:00:00,A,GM,COMPLET,TOTAL,NR,T,IT,2017-01-01,96.0,,
ESTAT:MIGR_EMI1CTZ(1.0),01/07/26 23:00:00,A,GN,COMPLET,TOTAL,NR,T,IT,2017-01-01,67.0,,
ESTAT:MIGR_EMI1CTZ(1.0),01/07/26 23:00:00,A,GQ,COMPLET,TOTAL,NR,T,IT,2017-01-01,0.0,,
ESTAT:MIGR_EMI1CTZ(1.0),01/07/26 23:00:00,A,GT,COMPLET,TOTAL,NR,T,IT,2017-01-01,5.0,,
ESTAT:MIGR_EMI1CTZ(1.0),01/07/26 23:00:00,A,GW,COMPLET,TOTAL,NR,T,IT,2017-01-01,11.0,,
ESTAT:MIGR_EMI1CTZ(1.0),01/07/26 23:00:00,A,GY,COMPLET,TOTAL,NR,T,IT,2017-01-01,0.0,,
ESTAT:MIGR_EMI1CTZ(1.0),01/07/26 23:00:00,A,HN,COMPLET,TOTAL,NR,T,IT,2017-01-01,10.0,,
ESTAT:MIGR_EMI1CTZ(1.0),01/07/26 23:00:00,A,HR,COMPLET,TOTAL,NR,T,IT,2017-01-01,308.0,,
ESTAT:MIGR_EMI1CTZ(1.0),01/07/26 23:00:00,A,HT,COMPLET,TOTAL,NR,T,IT,2017-01-01,2.0,,
ESTAT:MIGR_EMI1CTZ(1.0),01/07/26 23:00:00,A,HU,COMPLET,TOTAL,NR,T,IT,2017-01-01,239.0,,
ESTAT:MIGR_EMI1CTZ(1.0),01/07/26 23:00:00,A,ID,COMPLET,TOTAL,NR,T,IT,2017-01-01,43.0,,
ESTAT:MIGR_EMI1CTZ(1.0),01/07/26 23:00:00,A,IE,COMPLET,TOTAL,NR,T,IT,2017-01-01,72.0,,
ESTAT:MIGR_EMI1CTZ(1.0),01/07/26 23:00:00,A,IL,COMPLET,TOTAL,NR,T,IT,2017-01-01,26.0,,
ESTAT:MIGR_EMI1CTZ(1.0),01/07/26 23:00:00,A,IM,COMPLET,TOTAL,NR,T,IT,2017-01-01,0.0,,
ESTAT:MIGR_EMI1CTZ(1.0),01/07/26 23:00:00,A,IN,COMPLET,TOTAL,NR,T,IT,2017-01-01,1450.0,,
ESTAT:MIGR_EMI1CTZ(1.0),01/07/26 23:00:00,A,IQ,COMPLET,TOTAL,NR,T,IT,2017-01-01,44.0,,
ESTAT:MIGR_EMI1CTZ(1.0),01/07/26 23:00:00,A,IR,COMPLET,TOTAL,NR,T,IT,2017-01-01,62.0,,
ESTAT:MIGR_EMI1CTZ(1.0),01/07/26 23:00:00,A,IS,COMPLET,TOTAL,NR,T,IT,2017-01-01,3.0,,
ESTAT:MIGR_EMI1CTZ(1.0),01/07/26 23:00:00,A,IT,COMPLET,TOTAL,NR,T,IT,2017-01-01,114559.0,,
ESTAT:MIGR_EMI1CTZ(1.0),01/07/26 23:00:00,A,JE,COMPLET,TOTAL,NR,T,IT,2017-01-01,0.0,,
ESTAT:MIGR_EMI1CTZ(1.0),01/07/26 23:00:00,A,JM,COMPLET,TOTAL,NR,T,IT,2017-01-01,0.0,,
ESTAT:MIGR_EMI1CTZ(1.0),01/07/26 23:00:00,A,JO,COMPLET,TOTAL,NR,T,IT,2017-01-01,16.0,,
ESTAT:MIGR_EMI1CTZ(1.0),01/07/26 23:00:00,A,JP,COMPLET,TOTAL,NR,T,IT,2017-01-01,258.0,,
ESTAT:MIGR_EMI1CTZ(1.0),01/07/26 23:00:00,A,KE,COMPLET,TOTAL,NR,T,IT,2017-01-01,30.0,,
ESTAT:MIGR_EMI1CTZ(1.0),01/07/26 23:00:00,A,KG,COMPLET,TOTAL,NR,T,IT,2017-01-01,18.0,,
ESTAT:MIGR_EMI1CTZ(1.0),01/07/26 23:00:00,A,KH,COMPLET,TOTAL,NR,T,IT,2017-01-01,1.0,,
ESTAT:MIGR_EMI1CTZ(1.0),01/07/26 23:00:00,A,KI,COMPLET,TOTAL,NR,T,IT,2017-01-01,0.0,,
ESTAT:MIGR_EMI1CTZ(1.0),01/07/26 23:00:00,A,KM,COMPLET,TOTAL,NR,T,IT,2017-01-01,0.0,,
ESTAT:MIGR_EMI1CTZ(1.0),01/07/26 23:00:00,A,KN,COMPLET,TOTAL,NR,T,IT,2017-01-01,0.0,,
ESTAT:MIGR_EMI1CTZ(1.0),01/07/26 23:00:00,A,KP,COMPLET,TOTAL,NR,T,IT,2017-01-01,0.0,,
ESTAT:MIGR_EMI1CTZ(1.0),01/07/26 23:00:00,A,KR,COMPLET,TOTAL,NR,T,IT,2017-01-01,57.0,,
ESTAT:MIGR_EMI1CTZ(1.0),01/07/26 23:00:00,A,KW,COMPLET,TOTAL,NR,T,IT,2017-01-01,1.0,,
ESTAT:MIGR_EMI1CTZ(1.0),01/07/26 23:00:00,A,KY,COMPLET,TOTAL,NR,T,IT,2017-01-01,0.0,,
ESTAT:MIGR_EMI1CTZ(1.0),01/07/26 23:00:00,A,KZ,COMPLET,TOTAL,NR,T,IT,2017-01-01,44.0,,
ESTAT:MIGR_EMI1CTZ(1.0),01/07/26 23:00:00,A,LA,COMPLET,TOTAL,NR,T,IT,2017-01-01,0.0,,
ESTAT:MIGR_EMI1CTZ(1.0),01/07/26 23:00:00,A,LB,COMPLET,TOTAL,NR,T,IT,2017-01-01,20.0,,
ESTAT:MIGR_EMI1CTZ(1.0),01/07/26 23:00:00,A,LC,COMPLET,TOTAL,NR,T,IT,2017-01-01,0.0,,
ESTAT:MIGR_EMI1CTZ(1.0),01/07/26 23:00:00,A,LI,COMPLET,TOTAL,NR,T,IT,2017-01-01,10.0,,
ESTAT:MIGR_EMI1CTZ(1.0),01/07/26 23:00:00,A,LK,COMPLET,TOTAL,NR,T,IT,2017-01-01,509.0,,
ESTAT:MIGR_EMI1CTZ(1.0),01/07/26 23:00:00,A,LR,COMPLET,TOTAL,NR,T,IT,2017-01-01,2.0,,
ESTAT:MIGR_EMI1CTZ(1.0),01/07/26 23:00:00,A,LS,COMPLET,TOTAL,NR,T,IT,2017-01-01,0.0,,
ESTAT:MIGR_EMI1CTZ(1.0),01/07/26 23:00:00,A,LT,COMPLET,TOTAL,NR,T,IT,2017-01-01,58.0,,
ESTAT:MIGR_EMI1CTZ(1.0),01/07/26 23:00:00,A,LU,COMPLET,TOTAL,NR,T,IT,2017-01-01,6.0,,
ESTAT:MIGR_EMI1CTZ(1.0),01/07/26 23:00:00,A,LV,COMPLET,TOTAL,NR,T,IT,2017-01-01,28.0,,
ESTAT:MIGR_EMI1CTZ(1.0),01/07/26 23:00:00,A,LY,COMPLET,TOTAL,NR,T,IT,2017-01-01,15.0,,
ESTAT:MIGR_EMI1CTZ(1.0),01/07/26 23:00:00,A,MA,COMPLET,TOTAL,NR,T,IT,2017-01-01,2232.0,,
ESTAT:MIGR_EMI1CTZ(1.0),01/07/26 23:00:00,A,MC,COMPLET,TOTAL,NR,T,IT,2017-01-01,0.0,,
ESTAT:MIGR_EMI1CTZ(1.0),01/07/26 23:00:00,A,MD,COMPLET,TOTAL,NR,T,IT,2017-01-01,723.0,,
ESTAT:MIGR_EMI1CTZ(1.0),01/07/26 23:00:00,A,ME,COMPLET,TOTAL,NR,T,IT,2017-01-01,14.0,,
ESTAT:MIGR_EMI1CTZ(1.0),01/07/26 23:00:00,A,MEL,COMPLET,TOTAL,NR,T,IT,2017-01-01,0.0,,
ESTAT:MIGR_EMI1CTZ(1.0),01/07/26 23:00:00,A,MG,COMPLET,TOTAL,NR,T,IT,2017-01-01,24.0,,
ESTAT:MIGR_EMI1CTZ(1.0),01/07/26 23:00:00,A,MH,COMPLET,TOTAL,NR,T,IT,2017-01-01,0.0,,
ESTAT:MIGR_EMI1CTZ(1.0),01/07/26 23:00:00,A,MIC,COMPLET,TOTAL,NR,T,IT,2017-01-01,0.0,,
ESTAT:MIGR_EMI1CTZ(1.0),01/07/26 23:00:00,A,MK,COMPLET,TOTAL,NR,T,IT,2017-01-01,541.0,,
ESTAT:MIGR_EMI1CTZ(1.0),01/07/26 23:00:00,A,ML,COMPLET,TOTAL,NR,T,IT,2017-01-01,82.0,,
ESTAT:MIGR_EMI1CTZ(1.0),01/07/26 23:00:00,A,MM,COMPLET,TOTAL,NR,T,IT,2017-01-01,7.0,,
ESTAT:MIGR_EMI1CTZ(1.0),01/07/26 23:00:00,A,MN,COMPLET,TOTAL,NR,T,IT,2017-01-01,4.0,,
ESTAT:MIGR_EMI1CTZ(1.0),01/07/26 23:00:00,A,MR,COMPLET,TOTAL,NR,T,IT,2017-01-01,3.0,,
ESTAT:MIGR_EMI1CTZ(1.0),01/07/26 23:00:00,A,MS,COMPLET,TOTAL,NR,T,IT,2017-01-01,0.0,,
ESTAT:MIGR_EMI1CTZ(1.0),01/07/26 23:00:00,A,MT,COMPLET,TOTAL,NR,T,IT,2017-01-01,15.0,,
ESTAT:MIGR_EMI1CTZ(1.0),01/07/26 23:00:00,A,MU,COMPLET,TOTAL,NR,T,IT,2017-01-01,27.0,,
ESTAT:MIGR_EMI1CTZ(1.0),01/07/26 23:00:00,A,MV,COMPLET,TOTAL,NR,T,IT,2017-01-01,0.0,,
ESTAT:MIGR_EMI1CTZ(1.0),01/07/26 23:00:00,A,MW,COMPLET,TOTAL,NR,T,IT,2017-01-01,1.0,,
ESTAT:MIGR_EMI1CTZ(1.0),01/07/26 23:00:00,A,MX,COMPLET,TOTAL,NR,T,IT,2017-01-01,61.0,,
ESTAT:MIGR_EMI1CTZ(1.0),01/07/26 23:00:00,A,MY,COMPLET,TOTAL,NR,T,IT,2017-01-01,20.0,,
ESTAT:MIGR_EMI1CTZ(1.0),01/07/26 23:00:00,A,MZ,COMPLET,TOTAL,NR,T,IT,2017-01-01,6.0,,
ESTAT:MIGR_EMI1CTZ(1.0),01/07/26 23:00:00,A,NA,COMPLET,TOTAL,NR,T,IT,2017-01-01,0.0,,
ESTAT:MIGR_EMI1CTZ(1.0),01/07/26 23:00:00,A,NAT,COMPLET,TOTAL,NR,T,IT,2017-01-01,114559.0,,
ESTAT:MIGR_EMI1CTZ(1.0),01/07/26 23:00:00,A,NC,COMPLET,TOTAL,NR,T,IT,2017-01-01,0.0,,
ESTAT:MIGR_EMI1CTZ(1.0),01/07/26 23:00:00,A,NE,COMPLET,TOTAL,NR,T,IT,2017-01-01,9.0,,
ESTAT:MIGR_EMI1CTZ(1.0),01/07/26 23:00:00,A,NEU28_FOR,COMPLET,TOTAL,NR,T,IT,2017-01-01,20974.0,,
ESTAT:MIGR_EMI1CTZ(1.0),01/07/26 23:00:00,A,NG,COMPLET,TOTAL,NR,T,IT,2017-01-01,350.0,,
ESTAT:MIGR_EMI1CTZ(1.0),01/07/26 23:00:00,A,NI,COMPLET,TOTAL,NR,T,IT,2017-01-01,4.0,,
ESTAT:MIGR_EMI1CTZ(1.0),01/07/26 23:00:00,A,NL,COMPLET,TOTAL,NR,T,IT,2017-01-01,318.0,,
ESTAT:MIGR_EMI1CTZ(1.0),01/07/26 23:00:00,A,NO,COMPLET,TOTAL,NR,T,IT,2017-01-01,31.0,,
ESTAT:MIGR_EMI1CTZ(1.0),01/07/26 23:00:00,A,NP,COMPLET,TOTAL,NR,T,IT,2017-01-01,21.0,,
ESTAT:MIGR_EMI1CTZ(1.0),01/07/26 23:00:00,A,NR,COMPLET,TOTAL,NR,T,IT,2017-01-01,0.0,,
ESTAT:MIGR_EMI1CTZ(1.0),01/07/26 23:00:00,A,NZ,COMPLET,TOTAL,NR,T,IT,2017-01-01,6.0,,
ESTAT:MIGR_EMI1CTZ(1.0),01/07/26 23:00:00,A,OCE,COMPLET,TOTAL,NR,T,IT,2017-01-01,89.0,,
ESTAT:MIGR_EMI1CTZ(1.0),01/07/26 23:00:00,A,OM,COMPLET,TOTAL,NR,T,IT,2017-01-01,15.0,,
ESTAT:MIGR_EMI1CTZ(1.0),01/07/26 23:00:00,A,OTH,COMPLET,TOTAL,NR,T,IT,2017-01-01,0.0,,
ESTAT:MIGR_EMI1CTZ(1.0),01/07/26 23:00:00,A,PA,COMPLET,TOTAL,NR,T,IT,2017-01-01,6.0,,
ESTAT:MIGR_EMI1CTZ(1.0),01/07/26 23:00:00,A,PE,COMPLET,TOTAL,NR,T,IT,2017-01-01,363.0,,
ESTAT:MIGR_EMI1CTZ(1.0),01/07/26 23:00:00,A,PF,COMPLET,TOTAL,NR,T,IT,2017-01-01,0.0,,
ESTAT:MIGR_EMI1CTZ(1.0),01/07/26 23:00:00,A,PG,COMPLET,TOTAL,NR,T,IT,2017-01-01,0.0,,
ESTAT:MIGR_EMI1CTZ(1.0),01/07/26 23:00:00,A,PH,COMPLET,TOTAL,NR,T,IT,2017-01-01,390.0,,
ESTAT:MIGR_EMI1CTZ(1.0),01/07/26 23:00:00,A,PK,COMPLET,TOTAL,NR,T,IT,2017-01-01,910.0,,
ESTAT:MIGR_EMI1CTZ(1.0),01/07/26 23:00:00,A,PL,COMPLET,TOTAL,NR,T,IT,2017-01-01,1467.0,,
ESTAT:MIGR_EMI1CTZ(1.0),01/07/26 23:00:00,A,PM,COMPLET,TOTAL,NR,T,IT,2017-01-01,0.0,,
ESTAT:MIGR_EMI1CTZ(1.0),01/07/26 23:00:00,A,PN,COMPLET,TOTAL,NR,T,IT,2017-01-01,0.0,,
ESTAT:MIGR_EMI1CTZ(1.0),01/07/26 23:00:00,A,POL,COMPLET,TOTAL,NR,T,IT,2017-01-01,2.0,,
ESTAT:MIGR_EMI1CTZ(1.0),01/07/26 23:00:00,A,PS,COMPLET,TOTAL,NR,T,IT,2017-01-01,7.0,,
ESTAT:MIGR_EMI1CTZ(1.0),01/07/26 23:00:00,A,PT,COMPLET,TOTAL,NR,T,IT,2017-01-01,127.0,,
ESTAT:MIGR_EMI1CTZ(1.0),01/07/26 23:00:00,A,PW,COMPLET,TOTAL,NR,T,IT,2017-01-01,0.0,,
ESTAT:MIGR_EMI1CTZ(1.0),01/07/26 23:00:00,A,PY,COMPLET,TOTAL,NR,T,IT,2017-01-01,12.0,,
ESTAT:MIGR_EMI1CTZ(1.0),01/07/26 23:00:00,A,QA,COMPLET,TOTAL,NR,T,IT,2017-01-01,0.0,,
ESTAT:MIGR_EMI1CTZ(1.0),01/07/26 23:00:00,A,RNC,COMPLET,TOTAL,NR,T,IT,2017-01-01,0.0,,
ESTAT:MIGR_EMI1CTZ(1.0),01/07/26 23:00:00,A,RO,COMPLET,TOTAL,NR,T,IT,2017-01-01,12220.0,,
ESTAT:MIGR_EMI1CTZ(1.0),01/07/26 23:00:00,A,RS,COMPLET,TOTAL,NR,T,IT,2017-01-01,234.0,,
ESTAT:MIGR_EMI1CTZ(1.0),01/07/26 23:00:00,A,RS_ME,COMPLET,TOTAL,NR,T,IT,2017-01-01,0.0,,
ESTAT:MIGR_EMI1CTZ(1.0),01/07/26 23:00:00,A,RU,COMPLET,TOTAL,NR,T,IT,2017-01-01,307.0,,
ESTAT:MIGR_EMI1CTZ(1.0),01/07/26 23:00:00,A,RW,COMPLET,TOTAL,NR,T,IT,2017-01-01,1.0,,
ESTAT:MIGR_EMI1CTZ(1.0),01/07/26 23:00:00,A,SA,COMPLET,TOTAL,NR,T,IT,2017-01-01,6.0,,
ESTAT:MIGR_EMI1CTZ(1.0),01/07/26 23:00:00,A,SB,COMPLET,TOTAL,NR,T,IT,2017-01-01,0.0,,
ESTAT:MIGR_EMI1CTZ(1.0),01/07/26 23:00:00,A,SC,COMPLET,TOTAL,NR,T,IT,2017-01-01,1.0,,
ESTAT:MIGR_EMI1CTZ(1.0),01/07/26 23:00:00,A,SD,COMPLET,TOTAL,NR,T,IT,2017-01-01,7.0,,
ESTAT:MIGR_EMI1CTZ(1.0),01/07/26 23:00:00,A,SE,COMPLET,TOTAL,NR,T,IT,2017-01-01,83.0,,
ESTAT:MIGR_EMI1CTZ(1.0),01/07/26 23:00:00,A,SG,COMPLET,TOTAL,NR,T,IT,2017-01-01,4.0,,
ESTAT:MIGR_EMI1CTZ(1.0),01/07/26 23:00:00,A,SH,COMPLET,TOTAL,NR,T,IT,2017-01-01,0.0,,
ESTAT:MIGR_EMI1CTZ(1.0),01/07/26 23:00:00,A,SI,COMPLET,TOTAL,NR,T,IT,2017-01-01,81.0,,
ESTAT:MIGR_EMI1CTZ(1.0),01/07/26 23:00:00,A,SK,COMPLET,TOTAL,NR,T,IT,2017-01-01,283.0,,
ESTAT:MIGR_EMI1CTZ(1.0),01/07/26 23:00:00,A,SL,COMPLET,TOTAL,NR,T,IT,2017-01-01,5.0,,
ESTAT:MIGR_EMI1CTZ(1.0),01/07/26 23:00:00,A,SM,COMPLET,TOTAL,NR,T,IT,2017-01-01,11.0,,
ESTAT:MIGR_EMI1CTZ(1.0),01/07/26 23:00:00,A,SN,COMPLET,TOTAL,NR,T,IT,2017-01-01,441.0,,
ESTAT:MIGR_EMI1CTZ(1.0),01/07/26 23:00:00,A,SO,COMPLET,TOTAL,NR,T,IT,2017-01-01,72.0,,
ESTAT:MIGR_EMI1CTZ(1.0),01/07/26 23:00:00,A,SR,COMPLET,TOTAL,NR,T,IT,2017-01-01,0.0,,
ESTAT:MIGR_EMI1CTZ(1.0),01/07/26 23:00:00,A,SS,COMPLET,TOTAL,NR,T,IT,2017-01-01,1.0,,
ESTAT:MIGR_EMI1CTZ(1.0),01/07/26 23:00:00,A,ST,COMPLET,TOTAL,NR,T,IT,2017-01-01,0.0,,
ESTAT:MIGR_EMI1CTZ(1.0),01/07/26 23:00:00,A,STLS,COMPLET,TOTAL,NR,T,IT,2017-01-01,2.0,,
ESTAT:MIGR_EMI1CTZ(1.0),01/07/26 23:00:00,A,SV,COMPLET,TOTAL,NR,T,IT,2017-01-01,15.0,,
ESTAT:MIGR_EMI1CTZ(1.0),01/07/26 23:00:00,A,SX,COMPLET,TOTAL,NR,T,IT,2017-01-01,0.0,,
ESTAT:MIGR_EMI1CTZ(1.0),01/07/26 23:00:00,A,SY,COMPLET,TOTAL,NR,T,IT,2017-01-01,63.0,,
ESTAT:MIGR_EMI1CTZ(1.0),01/07/26 23:00:00,A,SZ,COMPLET,TOTAL,NR,T,IT,2017-01-01,1.0,,
ESTAT:MIGR_EMI1CTZ(1.0),01/07/26 23:00:00,A,TC,COMPLET,TOTAL,NR,T,IT,2017-01-01,0.0,,
ESTAT:MIGR_EMI1CTZ(1.0),01/07/26 23:00:00,A,TD,COMPLET,TOTAL,NR,T,IT,2017-01-01,1.0,,
ESTAT:MIGR_EMI1CTZ(1.0),01/07/26 23:00:00,A,TG,COMPLET,TOTAL,NR,T,IT,2017-01-01,29.0,,
ESTAT:MIGR_EMI1CTZ(1.0),01/07/26 23:00:00,A,TH,COMPLET,TOTAL,NR,T,IT,2017-01-01,57.0,,
ESTAT:MIGR_EMI1CTZ(1.0),01/07/26 23:00:00,A,TJ,COMPLET,TOTAL,NR,T,IT,2017-01-01,0.0,,
ESTAT:MIGR_EMI1CTZ(1.0),01/07/26 23:00:00,A,TL,COMPLET,TOTAL,NR,T,IT,2017-01-01,0.0,,
ESTAT:MIGR_EMI1CTZ(1.0),01/07/26 23:00:00,A,TM,COMPLET,TOTAL,NR,T,IT,2017-01-01,0.0,,
ESTAT:MIGR_EMI1CTZ(1.0),01/07/26 23:00:00,A,TN,COMPLET,TOTAL,NR,T,IT,2017-01-01,471.0,,
ESTAT:MIGR_EMI1CTZ(1.0),01/07/26 23:00:00,A,TO,COMPLET,TOTAL,NR,T,IT,2017-01-01,0.0,,
ESTAT:MIGR_EMI1CTZ(1.0),01/07/26 23:00:00,A,TOTAL,COMPLET,TOTAL,NR,T,IT,2017-01-01,155110.0,,
ESTAT:MIGR_EMI1CTZ(1.0),01/07/26 23:00:00,A,TR,COMPLET,TOTAL,NR,T,IT,2017-01-01,153.0,,
ESTAT:MIGR_EMI1CTZ(1.0),01/07/26 23:00:00,A,TT,COMPLET,TOTAL,NR,T,IT,2017-01-01,1.0,,
ESTAT:MIGR_EMI1CTZ(1.0),01/07/26 23:00:00,A,TV,COMPLET,TOTAL,NR,T,IT,2017-01-01,0.0,,
ESTAT:MIGR_EMI1CTZ(1.0),01/07/26 23:00:00,A,TW,COMPLET,TOTAL,NR,T,IT,2017-01-01,18.0,,
ESTAT:MIGR_EMI1CTZ(1.0),01/07/26 23:00:00,A,TZ,COMPLET,TOTAL,NR,T,IT,2017-01-01,14.0,,
ESTAT:MIGR_EMI1CTZ(1.0),01/07/26 23:00:00,A,UA,COMPLET,TOTAL,NR,T,IT,2017-01-01,1556.0,,
ESTAT:MIGR_EMI1CTZ(1.0),01/07/26 23:00:00,A,UG,COMPLET,TOTAL,NR,T,IT,2017-01-01,8.0,,
ESTAT:MIGR_EMI1CTZ(1.0),01/07/26 23:00:00,A,UK,COMPLET,TOTAL,NR,T,IT,2017-01-01,562.0,,
ESTAT:MIGR_EMI1CTZ(1.0),01/07/26 23:00:00,A,UNK,COMPLET,TOTAL,NR,T,IT,2017-01-01,0.0,,
ESTAT:MIGR_EMI1CTZ(1.0),01/07/26 23:00:00,A,US,COMPLET,TOTAL,NR,T,IT,2017-01-01,505.0,,
ESTAT:MIGR_EMI1CTZ(1.0),01/07/26 23:00:00,A,UY,COMPLET,TOTAL,NR,T,IT,2017-01-01,12.0,,
ESTAT:MIGR_EMI1CTZ(1.0),01/07/26 23:00:00,A,UZ,COMPLET,TOTAL,NR,T,IT,2017-01-01,7.0,,
ESTAT:MIGR_EMI1CTZ(1.0),01/07/26 23:00:00,A,VA,COMPLET,TOTAL,NR,T,IT,2017-01-01,0.0,,
ESTAT:MIGR_EMI1CTZ(1.0),01/07/26 23:00:00,A,VC,COMPLET,TOTAL,NR,T,IT,2017-01-01,0.0,,
ESTAT:MIGR_EMI1CTZ(1.0),01/07/26 23:00:00,A,VE,COMPLET,TOTAL,NR,T,IT,2017-01-01,66.0,,
ESTAT:MIGR_EMI1CTZ(1.0),01/07/26 23:00:00,A,VG,COMPLET,TOTAL,NR,T,IT,2017-01-01,0.0,,
ESTAT:MIGR_EMI1CTZ(1.0),01/07/26 23:00:00,A,VN,COMPLET,TOTAL,NR,T,IT,2017-01-01,12.0,,
ESTAT:MIGR_EMI1CTZ(1.0),01/07/26 23:00:00,A,VU,COMPLET,TOTAL,NR,T,IT,2017-01-01,0.0,,
ESTAT:MIGR_EMI1CTZ(1.0),01/07/26 23:00:00,A,WF,COMPLET,TOTAL,NR,T,IT,2017-01-01,0.0,,
ESTAT:MIGR_EMI1CTZ(1.0),01/07/26 23:00:00,A,WS,COMPLET,TOTAL,NR,T,IT,2017-01-01,2.0,,
ESTAT:MIGR_EMI1CTZ(1.0),01/07/26 23:00:00,A,XK,COMPLET,TOTAL,NR,T,IT,2017-01-01,483.0,,
ESTAT:MIGR_EMI1CTZ(1.0),01/07/26 23:00:00,A,YE,COMPLET,TOTAL,NR,T,IT,2017-01-01,0.0,,
ESTAT:MIGR_EMI1CTZ(1.0),01/07/26 23:00:00,A,ZA,COMPLET,TOTAL,NR,T,IT,2017-01-01,14.0,,
ESTAT:MIGR_EMI1CTZ(1.0),01/07/26 23:00:00,A,ZM,COMPLET,TOTAL,NR,T,IT,2017-01-01,1.0,,
ESTAT:MIGR_EMI1CTZ(1.0),01/07/26 23:00:00,A,ZW,COMPLET,TOTAL,NR,T,IT,2017-01-01,0.0,,
ESTAT:MIGR_EMI1CTZ(1.0),01/07/26 23:00:00,A,AD,COMPLET,TOTAL,NR,T,IT,2018-01-01,0.0,,
ESTAT:MIGR_EMI1CTZ(1.0),01/07/26 23:00:00,A,AE,COMPLET,TOTAL,NR,T,IT,2018-01-01,0.0,,
ESTAT:MIGR_EMI1CTZ(1.0),01/07/26 23:00:00,A,AF,COMPLET,TOTAL,NR,T,IT,2018-01-01,72.0,,
ESTAT:MIGR_EMI1CTZ(1.0),01/07/26 23:00:00,A,AFR,COMPLET,TOTAL,NR,T,IT,2018-01-01,4753.0,,
ESTAT:MIGR_EMI1CTZ(1.0),01/07/26 23:00:00,A,AFR_C,COMPLET,TOTAL,NR,T,IT,2018-01-01,118.0,,
ESTAT:MIGR_EMI1CTZ(1.0),01/07/26 23:00:00,A,AFR_E,COMPLET,TOTAL,NR,T,IT,2018-01-01,241.0,,
ESTAT:MIGR_EMI1CTZ(1.0),01/07/26 23:00:00,A,AFR_N,COMPLET,TOTAL,NR,T,IT,2018-01-01,2999.0,,
ESTAT:MIGR_EMI1CTZ(1.0),01/07/26 23:00:00,A,AFR_S,COMPLET,TOTAL,NR,T,IT,2018-01-01,14.0,,
ESTAT:MIGR_EMI1CTZ(1.0),01/07/26 23:00:00,A,AFR_W,COMPLET,TOTAL,NR,T,IT,2018-01-01,1381.0,,
ESTAT:MIGR_EMI1CTZ(1.0),01/07/26 23:00:00,A,AG,COMPLET,TOTAL,NR,T,IT,2018-01-01,0.0,,
ESTAT:MIGR_EMI1CTZ(1.0),01/07/26 23:00:00,A,AI,COMPLET,TOTAL,NR,T,IT,2018-01-01,0.0,,
ESTAT:MIGR_EMI1CTZ(1.0),01/07/26 23:00:00,A,AL,COMPLET,TOTAL,NR,T,IT,2018-01-01,1416.0,,
ESTAT:MIGR_EMI1CTZ(1.0),01/07/26 23:00:00,A,AM,COMPLET,TOTAL,NR,T,IT,2018-01-01,15.0,,
ESTAT:MIGR_EMI1CTZ(1.0),01/07/26 23:00:00,A,AME,COMPLET,TOTAL,NR,T,IT,2018-01-01,2459.0,,
ESTAT:MIGR_EMI1CTZ(1.0),01/07/26 23:00:00,A,AME_C,COMPLET,TOTAL,NR,T,IT,2018-01-01,154.0,,
ESTAT:MIGR_EMI1CTZ(1.0),01/07/26 23:00:00,A,AME_N,COMPLET,TOTAL,NR,T,IT,2018-01-01,480.0,,
ESTAT:MIGR_EMI1CTZ(1.0),01/07/26 23:00:00,A,AME_S,COMPLET,TOTAL,NR,T,IT,2018-01-01,1473.0,,
ESTAT:MIGR_EMI1CTZ(1.0),01/07/26 23:00:00,A,AN,COMPLET,TOTAL,NR,T,IT,2018-01-01,0.0,,
ESTAT:MIGR_EMI1CTZ(1.0),01/07/26 23:00:00,A,AO,COMPLET,TOTAL,NR,T,IT,2018-01-01,13.0,,
ESTAT:MIGR_EMI1CTZ(1.0),01/07/26 23:00:00,A,AR,COMPLET,TOTAL,NR,T,IT,2018-01-01,105.0,,
ESTAT:MIGR_EMI1CTZ(1.0),01/07/26 23:00:00,A,ASI,COMPLET,TOTAL,NR,T,IT,2018-01-01,6419.0,,
ESTAT:MIGR_EMI1CTZ(1.0),01/07/26 23:00:00,A,ASI_C,COMPLET,TOTAL,NR,T,IT,2018-01-01,54.0,,
ESTAT:MIGR_EMI1CTZ(1.0),01/07/26 23:00:00,A,ASI_E,COMPLET,TOTAL,NR,T,IT,2018-01-01,2062.0,,
ESTAT:MIGR_EMI1CTZ(1.0),01/07/26 23:00:00,A,ASI_S,COMPLET,TOTAL,NR,T,IT,2018-01-01,3444.0,,
ESTAT:MIGR_EMI1CTZ(1.0),01/07/26 23:00:00,A,ASI_S_E,COMPLET,TOTAL,NR,T,IT,2018-01-01,469.0,,
ESTAT:MIGR_EMI1CTZ(1.0),01/07/26 23:00:00,A,ASI_W,COMPLET,TOTAL,NR,T,IT,2018-01-01,390.0,,
ESTAT:MIGR_EMI1CTZ(1.0),01/07/26 23:00:00,A,AT,COMPLET,TOTAL,NR,T,IT,2018-01-01,190.0,,
ESTAT:MIGR_EMI1CTZ(1.0),01/07/26 23:00:00,A,AU,COMPLET,TOTAL,NR,T,IT,2018-01-01,45.0,,
ESTAT:MIGR_EMI1CTZ(1.0),01/07/26 23:00:00,A,AU_NZ,COMPLET,TOTAL,NR,T,IT,2018-01-01,56.0,,
ESTAT:MIGR_EMI1CTZ(1.0),01/07/26 23:00:00,A,AW,COMPLET,TOTAL,NR,T,IT,2018-01-01,0.0,,
ESTAT:MIGR_EMI1CTZ(1.0),01/07/26 23:00:00,A,AZ,COMPLET,TOTAL,NR,T,IT,2018-01-01,5.0,,
ESTAT:MIGR_EMI1CTZ(1.0),01/07/26 23:00:00,A,BA,COMPLET,TOTAL,NR,T,IT,2018-01-01,160.0,,
ESTAT:MIGR_EMI1CTZ(1.0),01/07/26 23:00:00,A,BB,COMPLET,TOTAL,NR,T,IT,2018-01-01,0.0,,
ESTAT:MIGR_EMI1CTZ(1.0),01/07/26 23:00:00,A,BD,COMPLET,TOTAL,NR,T,IT,2018-01-01,674.0,,
ESTAT:MIGR_EMI1CTZ(1.0),01/07/26 23:00:00,A,BE,COMPLET,TOTAL,NR,T,IT,2018-01-01,129.0,,
ESTAT:MIGR_EMI1CTZ(1.0),01/07/26 23:00:00,A,BF,COMPLET,TOTAL,NR,T,IT,2018-01-01,65.0,,
ESTAT:MIGR_EMI1CTZ(1.0),01/07/26 23:00:00,A,BG,COMPLET,TOTAL,NR,T,IT,2018-01-01,844.0,,
ESTAT:MIGR_EMI1CTZ(1.0),01/07/26 23:00:00,A,BH,COMPLET,TOTAL,NR,T,IT,2018-01-01,0.0,,
ESTAT:MIGR_EMI1CTZ(1.0),01/07/26 23:00:00,A,BI,COMPLET,TOTAL,NR,T,IT,2018-01-01,9.0,,
ESTAT:MIGR_EMI1CTZ(1.0),01/07/26 23:00:00,A,BJ,COMPLET,TOTAL,NR,T,IT,2018-01-01,13.0,,
ESTAT:MIGR_EMI1CTZ(1.0),01/07/26 23:00:00,A,BL,COMPLET,TOTAL,NR,T,IT,2018-01-01,0.0,,
ESTAT:MIGR_EMI1CTZ(1.0),01/07/26 23:00:00,A,BM,COMPLET,TOTAL,NR,T,IT,2018-01-01,0.0,,
ESTAT:MIGR_EMI1CTZ(1.0),01/07/26 23:00:00,A,BN,COMPLET,TOTAL,NR,T,IT,2018-01-01,1.0,,
ESTAT:MIGR_EMI1CTZ(1.0),01/07/26 23:00:00,A,BO,COMPLET,TOTAL,NR,T,IT,2018-01-01,43.0,,
ESTAT:MIGR_EMI1CTZ(1.0),01/07/26 23:00:00,A,BQ,COMPLET,TOTAL,NR,T,IT,2018-01-01,0.0,,
ESTAT:MIGR_EMI1CTZ(1.0),01/07/26 23:00:00,A,BR,COMPLET,TOTAL,NR,T,IT,2018-01-01,524.0,,
ESTAT:MIGR_EMI1CTZ(1.0),01/07/26 23:00:00,A,BS,COMPLET,TOTAL,NR,T,IT,2018-01-01,0.0,,
ESTAT:MIGR_EMI1CTZ(1.0),01/07/26 23:00:00,A,BT,COMPLET,TOTAL,NR,T,IT,2018-01-01,0.0,,
ESTAT:MIGR_EMI1CTZ(1.0),01/07/26 23:00:00,A,BW,COMPLET,TOTAL,NR,T,IT,2018-01-01,0.0,,
ESTAT:MIGR_EMI1CTZ(1.0),01/07/26 23:00:00,A,BY,COMPLET,TOTAL,NR,T,IT,2018-01-01,39.0,,
ESTAT:MIGR_EMI1CTZ(1.0),01/07/26 23:00:00,A,BZ,COMPLET,TOTAL,NR,T,IT,2018-01-01,0.0,,
ESTAT:MIGR_EMI1CTZ(1.0),01/07/26 23:00:00,A,CA,COMPLET,TOTAL,NR,T,IT,2018-01-01,48.0,,
ESTAT:MIGR_EMI1CTZ(1.0),01/07/26 23:00:00,A,CD,COMPLET,TOTAL,NR,T,IT,2018-01-01,12.0,,
ESTAT:MIGR_EMI1CTZ(1.0),01/07/26 23:00:00,A,CF,COMPLET,TOTAL,NR,T,IT,2018-01-01,1.0,,
ESTAT:MIGR_EMI1CTZ(1.0),01/07/26 23:00:00,A,CG,COMPLET,TOTAL,NR,T,IT,2018-01-01,17.0,,
ESTAT:MIGR_EMI1CTZ(1.0),01/07/26 23:00:00,A,CH,COMPLET,TOTAL,NR,T,IT,2018-01-01,189.0,,
ESTAT:MIGR_EMI1CTZ(1.0),01/07/26 23:00:00,A,CI,COMPLET,TOTAL,NR,T,IT,2018-01-01,131.0,,
ESTAT:MIGR_EMI1CTZ(1.0),01/07/26 23:00:00,A,CL,COMPLET,TOTAL,NR,T,IT,2018-01-01,27.0,,
ESTAT:MIGR_EMI1CTZ(1.0),01/07/26 23:00:00,A,CM,COMPLET,TOTAL,NR,T,IT,2018-01-01,67.0,,
ESTAT:MIGR_EMI1CTZ(1.0),01/07/26 23:00:00,A,CN,COMPLET,TOTAL,NR,T,IT,2018-01-01,1681.0,,
ESTAT:MIGR_EMI1CTZ(1.0),01/07/26 23:00:00,A,CO,COMPLET,TOTAL,NR,T,IT,2018-01-01,147.0,,
ESTAT:MIGR_EMI1CTZ(1.0),01/07/26 23:00:00,A,CR,COMPLET,TOTAL,NR,T,IT,2018-01-01,7.0,,
ESTAT:MIGR_EMI1CTZ(1.0),01/07/26 23:00:00,A,CRB,COMPLET,TOTAL,NR,T,IT,2018-01-01,352.0,,
ESTAT:MIGR_EMI1CTZ(1.0),01/07/26 23:00:00,A,CU,COMPLET,TOTAL,NR,T,IT,2018-01-01,180.0,,
ESTAT:MIGR_EMI1CTZ(1.0),01/07/26 23:00:00,A,CV,COMPLET,TOTAL,NR,T,IT,2018-01-01,10.0,,
ESTAT:MIGR_EMI1CTZ(1.0),01/07/26 23:00:00,A,CW,COMPLET,TOTAL,NR,T,IT,2018-01-01,0.0,,
ESTAT:MIGR_EMI1CTZ(1.0),01/07/26 23:00:00,A,CY,COMPLET,TOTAL,NR,T,IT,2018-01-01,3.0,,
ESTAT:MIGR_EMI1CTZ(1.0),01/07/26 23:00:00,A,CZ,COMPLET,TOTAL,NR,T,IT,2018-01-01,115.0,,
ESTAT:MIGR_EMI1CTZ(1.0),01/07/26 23:00:00,A,CZ_SK,COMPLET,TOTAL,NR,T,IT,2018-01-01,0.0,,
ESTAT:MIGR_EMI1CTZ(1.0),01/07/26 23:00:00,A,DE,COMPLET,TOTAL,NR,T,IT,2018-01-01,891.0,,
ESTAT:MIGR_EMI1CTZ(1.0),01/07/26 23:00:00,A,DJ,COMPLET,TOTAL,NR,T,IT,2018-01-01,0.0,,
ESTAT:MIGR_EMI1CTZ(1.0),01/07/26 23:00:00,A,DK,COMPLET,TOTAL,NR,T,IT,2018-01-01,45.0,,
ESTAT:MIGR_EMI1CTZ(1.0),01/07/26 23:00:00,A,DM,COMPLET,TOTAL,NR,T,IT,2018-01-01,10.0,,
ESTAT:MIGR_EMI1CTZ(1.0),01/07/26 23:00:00,A,DO,COMPLET,TOTAL,NR,T,IT,2018-01-01,157.0,,
ESTAT:MIGR_EMI1CTZ(1.0),01/07/26 23:00:00,A,DZ,COMPLET,TOTAL,NR,T,IT,2018-01-01,113.0,,
ESTAT:MIGR_EMI1CTZ(1.0),01/07/26 23:00:00,A,EC,COMPLET,TOTAL,NR,T,IT,2018-01-01,227.0,,
ESTAT:MIGR_EMI1CTZ(1.0),01/07/26 23:00:00,A,EE,COMPLET,TOTAL,NR,T,IT,2018-01-01,20.0,,
ESTAT:MIGR_EMI1CTZ(1.0),01/07/26 23:00:00,A,EG,COMPLET,TOTAL,NR,T,IT,2018-01-01,359.0,,
ESTAT:MIGR_EMI1CTZ(1.0),01/07/26 23:00:00,A,EH,COMPLET,TOTAL,NR,T,IT,2018-01-01,0.0,,
ESTAT:MIGR_EMI1CTZ(1.0),01/07/26 23:00:00,A,EL,COMPLET,TOTAL,NR,T,IT,2018-01-01,142.0,,
ESTAT:MIGR_EMI1CTZ(1.0),01/07/26 23:00:00,A,ER,COMPLET,TOTAL,NR,T,IT,2018-01-01,58.0,,
ESTAT:MIGR_EMI1CTZ(1.0),01/07/26 23:00:00,A,ES,COMPLET,TOTAL,NR,T,IT,2018-01-01,505.0,,
ESTAT:MIGR_EMI1CTZ(1.0),01/07/26 23:00:00,A,ET,COMPLET,TOTAL,NR,T,IT,2018-01-01,37.0,,
ESTAT:MIGR_EMI1CTZ(1.0),01/07/26 23:00:00,A,EU28_FOR,COMPLET,TOTAL,NR,T,IT,2018-01-01,20686.0,,
ESTAT:MIGR_EMI1CTZ(1.0),01/07/26 23:00:00,A,EUR,COMPLET,TOTAL,NR,T,IT,2018-01-01,143258.0,,
ESTAT:MIGR_EMI1CTZ(1.0),01/07/26 23:00:00,A,EX_SU,COMPLET,TOTAL,NR,T,IT,2018-01-01,0.0,,
ESTAT:MIGR_EMI1CTZ(1.0),01/07/26 23:00:00,A,EX_YU,COMPLET,TOTAL,NR,T,IT,2018-01-01,0.0,,
ESTAT:MIGR_EMI1CTZ(1.0),01/07/26 23:00:00,A,FI,COMPLET,TOTAL,NR,T,IT,2018-01-01,66.0,,
ESTAT:MIGR_EMI1CTZ(1.0),01/07/26 23:00:00,A,FJ,COMPLET,TOTAL,NR,T,IT,2018-01-01,0.0,,
ESTAT:MIGR_EMI1CTZ(1.0),01/07/26 23:00:00,A,FK,COMPLET,TOTAL,NR,T,IT,2018-01-01,0.0,,
ESTAT:MIGR_EMI1CTZ(1.0),01/07/26 23:00:00,A,FM,COMPLET,TOTAL,NR,T,IT,2018-01-01,2.0,,
ESTAT:MIGR_EMI1CTZ(1.0),01/07/26 23:00:00,A,FO,COMPLET,TOTAL,NR,T,IT,2018-01-01,0.0,,
ESTAT:MIGR_EMI1CTZ(1.0),01/07/26 23:00:00,A,FOR_STLS,COMPLET,TOTAL,NR,T,IT,2018-01-01,40228.0,,
ESTAT:MIGR_EMI1CTZ(1.0),01/07/26 23:00:00,A,FR,COMPLET,TOTAL,NR,T,IT,2018-01-01,740.0,,
ESTAT:MIGR_EMI1CTZ(1.0),01/07/26 23:00:00,A,GA,COMPLET,TOTAL,NR,T,IT,2018-01-01,1.0,,
ESTAT:MIGR_EMI1CTZ(1.0),01/07/26 23:00:00,A,GD,COMPLET,TOTAL,NR,T,IT,2018-01-01,0.0,,
ESTAT:MIGR_EMI1CTZ(1.0),01/07/26 23:00:00,A,GE,COMPLET,TOTAL,NR,T,IT,2018-01-01,113.0,,
ESTAT:MIGR_EMI1CTZ(1.0),01/07/26 23:00:00,A,GG,COMPLET,TOTAL,NR,T,IT,2018-01-01,0.0,,
ESTAT:MIGR_EMI1CTZ(1.0),01/07/26 23:00:00,A,GH,COMPLET,TOTAL,NR,T,IT,2018-01-01,228.0,,
ESTAT:MIGR_EMI1CTZ(1.0),01/07/26 23:00:00,A,GI,COMPLET,TOTAL,NR,T,IT,2018-01-01,0.0,,
ESTAT:MIGR_EMI1CTZ(1.0),01/07/26 23:00:00,A,GL,COMPLET,TOTAL,NR,T,IT,2018-01-01,0.0,,
ESTAT:MIGR_EMI1CTZ(1.0),01/07/26 23:00:00,A,GM,COMPLET,TOTAL,NR,T,IT,2018-01-01,66.0,,
ESTAT:MIGR_EMI1CTZ(1.0),01/07/26 23:00:00,A,GN,COMPLET,TOTAL,NR,T,IT,2018-01-01,57.0,,
ESTAT:MIGR_EMI1CTZ(1.0),01/07/26 23:00:00,A,GQ,COMPLET,TOTAL,NR,T,IT,2018-01-01,2.0,,
ESTAT:MIGR_EMI1CTZ(1.0),01/07/26 23:00:00,A,GT,COMPLET,TOTAL,NR,T,IT,2018-01-01,6.0,,
ESTAT:MIGR_EMI1CTZ(1.0),01/07/26 23:00:00,A,GW,COMPLET,TOTAL,NR,T,IT,2018-01-01,7.0,,
ESTAT:MIGR_EMI1CTZ(1.0),01/07/26 23:00:00,A,GY,COMPLET,TOTAL,NR,T,IT,2018-01-01,0.0,,
ESTAT:MIGR_EMI1CTZ(1.0),01/07/26 23:00:00,A,HN,COMPLET,TOTAL,NR,T,IT,2018-01-01,4.0,,
ESTAT:MIGR_EMI1CTZ(1.0),01/07/26 23:00:00,A,HR,COMPLET,TOTAL,NR,T,IT,2018-01-01,338.0,,
ESTAT:MIGR_EMI1CTZ(1.0),01/07/26 23:00:00,A,HT,COMPLET,TOTAL,NR,T,IT,2018-01-01,2.0,,
ESTAT:MIGR_EMI1CTZ(1.0),01/07/26 23:00:00,A,HU,COMPLET,TOTAL,NR,T,IT,2018-01-01,255.0,,
ESTAT:MIGR_EMI1CTZ(1.0),01/07/26 23:00:00,A,ID,COMPLET,TOTAL,NR,T,IT,2018-01-01,40.0,,
ESTAT:MIGR_EMI1CTZ(1.0),01/07/26 23:00:00,A,IE,COMPLET,TOTAL,NR,T,IT,2018-01-01,52.0,,
ESTAT:MIGR_EMI1CTZ(1.0),01/07/26 23:00:00,A,IL,COMPLET,TOTAL,NR,T,IT,2018-01-01,23.0,,
ESTAT:MIGR_EMI1CTZ(1.0),01/07/26 23:00:00,A,IM,COMPLET,TOTAL,NR,T,IT,2018-01-01,0.0,,
ESTAT:MIGR_EMI1CTZ(1.0),01/07/26 23:00:00,A,IN,COMPLET,TOTAL,NR,T,IT,2018-01-01,1362.0,,
ESTAT:MIGR_EMI1CTZ(1.0),01/07/26 23:00:00,A,IQ,COMPLET,TOTAL,NR,T,IT,2018-01-01,55.0,,
ESTAT:MIGR_EMI1CTZ(1.0),01/07/26 23:00:00,A,IR,COMPLET,TOTAL,NR,T,IT,2018-01-01,54.0,,
ESTAT:MIGR_EMI1CTZ(1.0),01/07/26 23:00:00,A,IS,COMPLET,TOTAL,NR,T,IT,2018-01-01,4.0,,
ESTAT:MIGR_EMI1CTZ(1.0),01/07/26 23:00:00,A,IT,COMPLET,TOTAL,NR,T,IT,2018-01-01,116732.0,,
ESTAT:MIGR_EMI1CTZ(1.0),01/07/26 23:00:00,A,JE,COMPLET,TOTAL,NR,T,IT,2018-01-01,0.0,,
ESTAT:MIGR_EMI1CTZ(1.0),01/07/26 23:00:00,A,JM,COMPLET,TOTAL,NR,T,IT,2018-01-01,2.0,,
ESTAT:MIGR_EMI1CTZ(1.0),01/07/26 23:00:00,A,JO,COMPLET,TOTAL,NR,T,IT,2018-01-01,13.0,,
ESTAT:MIGR_EMI1CTZ(1.0),01/07/26 23:00:00,A,JP,COMPLET,TOTAL,NR,T,IT,2018-01-01,290.0,,
ESTAT:MIGR_EMI1CTZ(1.0),01/07/26 23:00:00,A,KE,COMPLET,TOTAL,NR,T,IT,2018-01-01,28.0,,
ESTAT:MIGR_EMI1CTZ(1.0),01/07/26 23:00:00,A,KG,COMPLET,TOTAL,NR,T,IT,2018-01-01,7.0,,
ESTAT:MIGR_EMI1CTZ(1.0),01/07/26 23:00:00,A,KH,COMPLET,TOTAL,NR,T,IT,2018-01-01,3.0,,
ESTAT:MIGR_EMI1CTZ(1.0),01/07/26 23:00:00,A,KI,COMPLET,TOTAL,NR,T,IT,2018-01-01,0.0,,
ESTAT:MIGR_EMI1CTZ(1.0),01/07/26 23:00:00,A,KM,COMPLET,TOTAL,NR,T,IT,2018-01-01,0.0,,
ESTAT:MIGR_EMI1CTZ(1.0),01/07/26 23:00:00,A,KN,COMPLET,TOTAL,NR,T,IT,2018-01-01,0.0,,
ESTAT:MIGR_EMI1CTZ(1.0),01/07/26 23:00:00,A,KP,COMPLET,TOTAL,NR,T,IT,2018-01-01,0.0,,
ESTAT:MIGR_EMI1CTZ(1.0),01/07/26 23:00:00,A,KR,COMPLET,TOTAL,NR,T,IT,2018-01-01,72.0,,
ESTAT:MIGR_EMI1CTZ(1.0),01/07/26 23:00:00,A,KW,COMPLET,TOTAL,NR,T,IT,2018-01-01,3.0,,
ESTAT:MIGR_EMI1CTZ(1.0),01/07/26 23:00:00,A,KY,COMPLET,TOTAL,NR,T,IT,2018-01-01,0.0,,
ESTAT:MIGR_EMI1CTZ(1.0),01/07/26 23:00:00,A,KZ,COMPLET,TOTAL,NR,T,IT,2018-01-01,39.0,,
ESTAT:MIGR_EMI1CTZ(1.0),01/07/26 23:00:00,A,LA,COMPLET,TOTAL,NR,T,IT,2018-01-01,0.0,,
ESTAT:MIGR_EMI1CTZ(1.0),01/07/26 23:00:00,A,LB,COMPLET,TOTAL,NR,T,IT,2018-01-01,25.0,,
ESTAT:MIGR_EMI1CTZ(1.0),01/07/26 23:00:00,A,LC,COMPLET,TOTAL,NR,T,IT,2018-01-01,0.0,,
ESTAT:MIGR_EMI1CTZ(1.0),01/07/26 23:00:00,A,LI,COMPLET,TOTAL,NR,T,IT,2018-01-01,2.0,,
ESTAT:MIGR_EMI1CTZ(1.0),01/07/26 23:00:00,A,LK,COMPLET,TOTAL,NR,T,IT,2018-01-01,452.0,,
ESTAT:MIGR_EMI1CTZ(1.0),01/07/26 23:00:00,A,LR,COMPLET,TOTAL,NR,T,IT,2018-01-01,9.0,,
ESTAT:MIGR_EMI1CTZ(1.0),01/07/26 23:00:00,A,LS,COMPLET,TOTAL,NR,T,IT,2018-01-01,0.0,,
ESTAT:MIGR_EMI1CTZ(1.0),01/07/26 23:00:00,A,LT,COMPLET,TOTAL,NR,T,IT,2018-01-01,75.0,,
ESTAT:MIGR_EMI1CTZ(1.0),01/07/26 23:00:00,A,LU,COMPLET,TOTAL,NR,T,IT,2018-01-01,5.0,,
ESTAT:MIGR_EMI1CTZ(1.0),01/07/26 23:00:00,A,LV,COMPLET,TOTAL,NR,T,IT,2018-01-01,32.0,,
ESTAT:MIGR_EMI1CTZ(1.0),01/07/26 23:00:00,A,LY,COMPLET,TOTAL,NR,T,IT,2018-01-01,22.0,,
ESTAT:MIGR_EMI1CTZ(1.0),01/07/26 23:00:00,A,MA,COMPLET,TOTAL,NR,T,IT,2018-01-01,2018.0,,
ESTAT:MIGR_EMI1CTZ(1.0),01/07/26 23:00:00,A,MC,COMPLET,TOTAL,NR,T,IT,2018-01-01,0.0,,
ESTAT:MIGR_EMI1CTZ(1.0),01/07/26 23:00:00,A,MD,COMPLET,TOTAL,NR,T,IT,2018-01-01,666.0,,
ESTAT:MIGR_EMI1CTZ(1.0),01/07/26 23:00:00,A,ME,COMPLET,TOTAL,NR,T,IT,2018-01-01,9.0,,
ESTAT:MIGR_EMI1CTZ(1.0),01/07/26 23:00:00,A,MEL,COMPLET,TOTAL,NR,T,IT,2018-01-01,4.0,,
ESTAT:MIGR_EMI1CTZ(1.0),01/07/26 23:00:00,A,MG,COMPLET,TOTAL,NR,T,IT,2018-01-01,6.0,,
ESTAT:MIGR_EMI1CTZ(1.0),01/07/26 23:00:00,A,MH,COMPLET,TOTAL,NR,T,IT,2018-01-01,0.0,,
ESTAT:MIGR_EMI1CTZ(1.0),01/07/26 23:00:00,A,MIC,COMPLET,TOTAL,NR,T,IT,2018-01-01,2.0,,
ESTAT:MIGR_EMI1CTZ(1.0),01/07/26 23:00:00,A,MK,COMPLET,TOTAL,NR,T,IT,2018-01-01,578.0,,
ESTAT:MIGR_EMI1CTZ(1.0),01/07/26 23:00:00,A,ML,COMPLET,TOTAL,NR,T,IT,2018-01-01,59.0,,
ESTAT:MIGR_EMI1CTZ(1.0),01/07/26 23:00:00,A,MM,COMPLET,TOTAL,NR,T,IT,2018-01-01,0.0,,
ESTAT:MIGR_EMI1CTZ(1.0),01/07/26 23:00:00,A,MN,COMPLET,TOTAL,NR,T,IT,2018-01-01,0.0,,
ESTAT:MIGR_EMI1CTZ(1.0),01/07/26 23:00:00,A,MR,COMPLET,TOTAL,NR,T,IT,2018-01-01,1.0,,
ESTAT:MIGR_EMI1CTZ(1.0),01/07/26 23:00:00,A,MS,COMPLET,TOTAL,NR,T,IT,2018-01-01,0.0,,
ESTAT:MIGR_EMI1CTZ(1.0),01/07/26 23:00:00,A,MT,COMPLET,TOTAL,NR,T,IT,2018-01-01,7.0,,
ESTAT:MIGR_EMI1CTZ(1.0),01/07/26 23:00:00,A,MU,COMPLET,TOTAL,NR,T,IT,2018-01-01,23.0,,
ESTAT:MIGR_EMI1CTZ(1.0),01/07/26 23:00:00,A,MV,COMPLET,TOTAL,NR,T,IT,2018-01-01,1.0,,
ESTAT:MIGR_EMI1CTZ(1.0),01/07/26 23:00:00,A,MW,COMPLET,TOTAL,NR,T,IT,2018-01-01,2.0,,
ESTAT:MIGR_EMI1CTZ(1.0),01/07/26 23:00:00,A,MX,COMPLET,TOTAL,NR,T,IT,2018-01-01,111.0,,
ESTAT:MIGR_EMI1CTZ(1.0),01/07/26 23:00:00,A,MY,COMPLET,TOTAL,NR,T,IT,2018-01-01,8.0,,
ESTAT:MIGR_EMI1CTZ(1.0),01/07/26 23:00:00,A,MZ,COMPLET,TOTAL,NR,T,IT,2018-01-01,3.0,,
ESTAT:MIGR_EMI1CTZ(1.0),01/07/26 23:00:00,A,NA,COMPLET,TOTAL,NR,T,IT,2018-01-01,0.0,,
ESTAT:MIGR_EMI1CTZ(1.0),01/07/26 23:00:00,A,NAT,COMPLET,TOTAL,NR,T,IT,2018-01-01,116732.0,,
ESTAT:MIGR_EMI1CTZ(1.0),01/07/26 23:00:00,A,NC,COMPLET,TOTAL,NR,T,IT,2018-01-01,0.0,,
ESTAT:MIGR_EMI1CTZ(1.0),01/07/26 23:00:00,A,NE,COMPLET,TOTAL,NR,T,IT,2018-01-01,6.0,,
ESTAT:MIGR_EMI1CTZ(1.0),01/07/26 23:00:00,A,NEU28_FOR,COMPLET,TOTAL,NR,T,IT,2018-01-01,19535.0,,
ESTAT:MIGR_EMI1CTZ(1.0),01/07/26 23:00:00,A,NG,COMPLET,TOTAL,NR,T,IT,2018-01-01,311.0,,
ESTAT:MIGR_EMI1CTZ(1.0),01/07/26 23:00:00,A,NI,COMPLET,TOTAL,NR,T,IT,2018-01-01,0.0,,
ESTAT:MIGR_EMI1CTZ(1.0),01/07/26 23:00:00,A,NL,COMPLET,TOTAL,NR,T,IT,2018-01-01,302.0,,
ESTAT:MIGR_EMI1CTZ(1.0),01/07/26 23:00:00,A,NO,COMPLET,TOTAL,NR,T,IT,2018-01-01,26.0,,
ESTAT:MIGR_EMI1CTZ(1.0),01/07/26 23:00:00,A,NP,COMPLET,TOTAL,NR,T,IT,2018-01-01,13.0,,
ESTAT:MIGR_EMI1CTZ(1.0),01/07/26 23:00:00,A,NR,COMPLET,TOTAL,NR,T,IT,2018-01-01,0.0,,
ESTAT:MIGR_EMI1CTZ(1.0),01/07/26 23:00:00,A,NZ,COMPLET,TOTAL,NR,T,IT,2018-01-01,11.0,,
ESTAT:MIGR_EMI1CTZ(1.0),01/07/26 23:00:00,A,OCE,COMPLET,TOTAL,NR,T,IT,2018-01-01,64.0,,
ESTAT:MIGR_EMI1CTZ(1.0),01/07/26 23:00:00,A,OM,COMPLET,TOTAL,NR,T,IT,2018-01-01,4.0,,
ESTAT:MIGR_EMI1CTZ(1.0),01/07/26 23:00:00,A,OTH,COMPLET,TOTAL,NR,T,IT,2018-01-01,0.0,,
ESTAT:MIGR_EMI1CTZ(1.0),01/07/26 23:00:00,A,PA,COMPLET,TOTAL,NR,T,IT,2018-01-01,1.0,,
ESTAT:MIGR_EMI1CTZ(1.0),01/07/26 23:00:00,A,PE,COMPLET,TOTAL,NR,T,IT,2018-01-01,297.0,,
ESTAT:MIGR_EMI1CTZ(1.0),01/07/26 23:00:00,A,PF,COMPLET,TOTAL,NR,T,IT,2018-01-01,0.0,,
ESTAT:MIGR_EMI1CTZ(1.0),01/07/26 23:00:00,A,PG,COMPLET,TOTAL,NR,T,IT,2018-01-01,4.0,,
ESTAT:MIGR_EMI1CTZ(1.0),01/07/26 23:00:00,A,PH,COMPLET,TOTAL,NR,T,IT,2018-01-01,344.0,,
ESTAT:MIGR_EMI1CTZ(1.0),01/07/26 23:00:00,A,PK,COMPLET,TOTAL,NR,T,IT,2018-01-01,816.0,,
ESTAT:MIGR_EMI1CTZ(1.0),01/07/26 23:00:00,A,PL,COMPLET,TOTAL,NR,T,IT,2018-01-01,1537.0,,
ESTAT:MIGR_EMI1CTZ(1.0),01/07/26 23:00:00,A,PM,COMPLET,TOTAL,NR,T,IT,2018-01-01,0.0,,
ESTAT:MIGR_EMI1CTZ(1.0),01/07/26 23:00:00,A,PN,COMPLET,TOTAL,NR,T,IT,2018-01-01,0.0,,
ESTAT:MIGR_EMI1CTZ(1.0),01/07/26 23:00:00,A,POL,COMPLET,TOTAL,NR,T,IT,2018-01-01,2.0,,
ESTAT:MIGR_EMI1CTZ(1.0),01/07/26 23:00:00,A,PS,COMPLET,TOTAL,NR,T,IT,2018-01-01,6.0,,
ESTAT:MIGR_EMI1CTZ(1.0),01/07/26 23:00:00,A,PT,COMPLET,TOTAL,NR,T,IT,2018-01-01,160.0,,
ESTAT:MIGR_EMI1CTZ(1.0),01/07/26 23:00:00,A,PW,COMPLET,TOTAL,NR,T,IT,2018-01-01,0.0,,
ESTAT:MIGR_EMI1CTZ(1.0),01/07/26 23:00:00,A,PY,COMPLET,TOTAL,NR,T,IT,2018-01-01,15.0,,
ESTAT:MIGR_EMI1CTZ(1.0),01/07/26 23:00:00,A,QA,COMPLET,TOTAL,NR,T,IT,2018-01-01,0.0,,
ESTAT:MIGR_EMI1CTZ(1.0),01/07/26 23:00:00,A,RNC,COMPLET,TOTAL,NR,T,IT,2018-01-01,0.0,,
ESTAT:MIGR_EMI1CTZ(1.0),01/07/26 23:00:00,A,RO,COMPLET,TOTAL,NR,T,IT,2018-01-01,13172.0,,
ESTAT:MIGR_EMI1CTZ(1.0),01/07/26 23:00:00,A,RS,COMPLET,TOTAL,NR,T,IT,2018-01-01,268.0,,
ESTAT:MIGR_EMI1CTZ(1.0),01/07/26 23:00:00,A,RS_ME,COMPLET,TOTAL,NR,T,IT,2018-01-01,0.0,,
ESTAT:MIGR_EMI1CTZ(1.0),01/07/26 23:00:00,A,RU,COMPLET,TOTAL,NR,T,IT,2018-01-01,286.0,,
ESTAT:MIGR_EMI1CTZ(1.0),01/07/26 23:00:00,A,RW,COMPLET,TOTAL,NR,T,IT,2018-01-01,9.0,,
ESTAT:MIGR_EMI1CTZ(1.0),01/07/26 23:00:00,A,SA,COMPLET,TOTAL,NR,T,IT,2018-01-01,5.0,,
ESTAT:MIGR_EMI1CTZ(1.0),01/07/26 23:00:00,A,SB,COMPLET,TOTAL,NR,T,IT,2018-01-01,0.0,,
ESTAT:MIGR_EMI1CTZ(1.0),01/07/26 23:00:00,A,SC,COMPLET,TOTAL,NR,T,IT,2018-01-01,0.0,,
ESTAT:MIGR_EMI1CTZ(1.0),01/07/26 23:00:00,A,SD,COMPLET,TOTAL,NR,T,IT,2018-01-01,7.0,,
ESTAT:MIGR_EMI1CTZ(1.0),01/07/26 23:00:00,A,SE,COMPLET,TOTAL,NR,T,IT,2018-01-01,104.0,,
ESTAT:MIGR_EMI1CTZ(1.0),01/07/26 23:00:00,A,SG,COMPLET,TOTAL,NR,T,IT,2018-01-01,6.0,,
ESTAT:MIGR_EMI1CTZ(1.0),01/07/26 23:00:00,A,SH,COMPLET,TOTAL,NR,T,IT,2018-01-01,0.0,,
ESTAT:MIGR_EMI1CTZ(1.0),01/07/26 23:00:00,A,SI,COMPLET,TOTAL,NR,T,IT,2018-01-01,95.0,,
ESTAT:MIGR_EMI1CTZ(1.0),01/07/26 23:00:00,A,SK,COMPLET,TOTAL,NR,T,IT,2018-01-01,294.0,,
ESTAT:MIGR_EMI1CTZ(1.0),01/07/26 23:00:00,A,SL,COMPLET,TOTAL,NR,T,IT,2018-01-01,5.0,,
ESTAT:MIGR_EMI1CTZ(1.0),01/07/26 23:00:00,A,SM,COMPLET,TOTAL,NR,T,IT,2018-01-01,7.0,,
ESTAT:MIGR_EMI1CTZ(1.0),01/07/26 23:00:00,A,SN,COMPLET,TOTAL,NR,T,IT,2018-01-01,394.0,,
ESTAT:MIGR_EMI1CTZ(1.0),01/07/26 23:00:00,A,SO,COMPLET,TOTAL,NR,T,IT,2018-01-01,41.0,,
ESTAT:MIGR_EMI1CTZ(1.0),01/07/26 23:00:00,A,SR,COMPLET,TOTAL,NR,T,IT,2018-01-01,1.0,,
ESTAT:MIGR_EMI1CTZ(1.0),01/07/26 23:00:00,A,SS,COMPLET,TOTAL,NR,T,IT,2018-01-01,0.0,,
ESTAT:MIGR_EMI1CTZ(1.0),01/07/26 23:00:00,A,ST,COMPLET,TOTAL,NR,T,IT,2018-01-01,0.0,,
ESTAT:MIGR_EMI1CTZ(1.0),01/07/26 23:00:00,A,STLS,COMPLET,TOTAL,NR,T,IT,2018-01-01,7.0,,
ESTAT:MIGR_EMI1CTZ(1.0),01/07/26 23:00:00,A,SV,COMPLET,TOTAL,NR,T,IT,2018-01-01,25.0,,
ESTAT:MIGR_EMI1CTZ(1.0),01/07/26 23:00:00,A,SX,COMPLET,TOTAL,NR,T,IT,2018-01-01,0.0,,
ESTAT:MIGR_EMI1CTZ(1.0),01/07/26 23:00:00,A,SY,COMPLET,TOTAL,NR,T,IT,2018-01-01,121.0,,
ESTAT:MIGR_EMI1CTZ(1.0),01/07/26 23:00:00,A,SZ,COMPLET,TOTAL,NR,T,IT,2018-01-01,3.0,,
ESTAT:MIGR_EMI1CTZ(1.0),01/07/26 23:00:00,A,TC,COMPLET,TOTAL,NR,T,IT,2018-01-01,0.0,,
ESTAT:MIGR_EMI1CTZ(1.0),01/07/26 23:00:00,A,TD,COMPLET,TOTAL,NR,T,IT,2018-01-01,5.0,,
ESTAT:MIGR_EMI1CTZ(1.0),01/07/26 23:00:00,A,TG,COMPLET,TOTAL,NR,T,IT,2018-01-01,19.0,,
ESTAT:MIGR_EMI1CTZ(1.0),01/07/26 23:00:00,A,TH,COMPLET,TOTAL,NR,T,IT,2018-01-01,55.0,,
ESTAT:MIGR_EMI1CTZ(1.0),01/07/26 23:00:00,A,TJ,COMPLET,TOTAL,NR,T,IT,2018-01-01,1.0,,
ESTAT:MIGR_EMI1CTZ(1.0),01/07/26 23:00:00,A,TL,COMPLET,TOTAL,NR,T,IT,2018-01-01,1.0,,
ESTAT:MIGR_EMI1CTZ(1.0),01/07/26 23:00:00,A,TM,COMPLET,TOTAL,NR,T,IT,2018-01-01,0.0,,
ESTAT:MIGR_EMI1CTZ(1.0),01/07/26 23:00:00,A,TN,COMPLET,TOTAL,NR,T,IT,2018-01-01,480.0,,
ESTAT:MIGR_EMI1CTZ(1.0),01/07/26 23:00:00,A,TO,COMPLET,TOTAL,NR,T,IT,2018-01-01,2.0,,
ESTAT:MIGR_EMI1CTZ(1.0),01/07/26 23:00:00,A,TOTAL,COMPLET,TOTAL,NR,T,IT,2018-01-01,156960.0,,
ESTAT:MIGR_EMI1CTZ(1.0),01/07/26 23:00:00,A,TR,COMPLET,TOTAL,NR,T,IT,2018-01-01,209.0,,
ESTAT:MIGR_EMI1CTZ(1.0),01/07/26 23:00:00,A,TT,COMPLET,TOTAL,NR,T,IT,2018-01-01,0.0,,
ESTAT:MIGR_EMI1CTZ(1.0),01/07/26 23:00:00,A,TV,COMPLET,TOTAL,NR,T,IT,2018-01-01,0.0,,
ESTAT:MIGR_EMI1CTZ(1.0),01/07/26 23:00:00,A,TW,COMPLET,TOTAL,NR,T,IT,2018-01-01,19.0,,
ESTAT:MIGR_EMI1CTZ(1.0),01/07/26 23:00:00,A,TZ,COMPLET,TOTAL,NR,T,IT,2018-01-01,20.0,,
ESTAT:MIGR_EMI1CTZ(1.0),01/07/26 23:00:00,A,UA,COMPLET,TOTAL,NR,T,IT,2018-01-01,1568.0,,
ESTAT:MIGR_EMI1CTZ(1.0),01/07/26 23:00:00,A,UG,COMPLET,TOTAL,NR,T,IT,2018-01-01,1.0,,
ESTAT:MIGR_EMI1CTZ(1.0),01/07/26 23:00:00,A,UK,COMPLET,TOTAL,NR,T,IT,2018-01-01,568.0,,
ESTAT:MIGR_EMI1CTZ(1.0),01/07/26 23:00:00,A,UNK,COMPLET,TOTAL,NR,T,IT,2018-01-01,0.0,,
ESTAT:MIGR_EMI1CTZ(1.0),01/07/26 23:00:00,A,US,COMPLET,TOTAL,NR,T,IT,2018-01-01,432.0,,
ESTAT:MIGR_EMI1CTZ(1.0),01/07/26 23:00:00,A,UY,COMPLET,TOTAL,NR,T,IT,2018-01-01,7.0,,
ESTAT:MIGR_EMI1CTZ(1.0),01/07/26 23:00:00,A,UZ,COMPLET,TOTAL,NR,T,IT,2018-01-01,7.0,,
ESTAT:MIGR_EMI1CTZ(1.0),01/07/26 23:00:00,A,VA,COMPLET,TOTAL,NR,T,IT,2018-01-01,0.0,,
ESTAT:MIGR_EMI1CTZ(1.0),01/07/26 23:00:00,A,VC,COMPLET,TOTAL,NR,T,IT,2018-01-01,1.0,,
ESTAT:MIGR_EMI1CTZ(1.0),01/07/26 23:00:00,A,VE,COMPLET,TOTAL,NR,T,IT,2018-01-01,80.0,,
ESTAT:MIGR_EMI1CTZ(1.0),01/07/26 23:00:00,A,VG,COMPLET,TOTAL,NR,T,IT,2018-01-01,0.0,,
ESTAT:MIGR_EMI1CTZ(1.0),01/07/26 23:00:00,A,VN,COMPLET,TOTAL,NR,T,IT,2018-01-01,11.0,,
ESTAT:MIGR_EMI1CTZ(1.0),01/07/26 23:00:00,A,VU,COMPLET,TOTAL,NR,T,IT,2018-01-01,0.0,,
ESTAT:MIGR_EMI1CTZ(1.0),01/07/26 23:00:00,A,WF,COMPLET,TOTAL,NR,T,IT,2018-01-01,0.0,,
ESTAT:MIGR_EMI1CTZ(1.0),01/07/26 23:00:00,A,WS,COMPLET,TOTAL,NR,T,IT,2018-01-01,0.0,,
ESTAT:MIGR_EMI1CTZ(1.0),01/07/26 23:00:00,A,XK,COMPLET,TOTAL,NR,T,IT,2018-01-01,413.0,,
ESTAT:MIGR_EMI1CTZ(1.0),01/07/26 23:00:00,A,YE,COMPLET,TOTAL,NR,T,IT,2018-01-01,2.0,,
ESTAT:MIGR_EMI1CTZ(1.0),01/07/26 23:00:00,A,ZA,COMPLET,TOTAL,NR,T,IT,2018-01-01,11.0,,
ESTAT:MIGR_EMI1CTZ(1.0),01/07/26 23:00:00,A,ZM,COMPLET,TOTAL,NR,T,IT,2018-01-01,3.0,,
ESTAT:MIGR_EMI1CTZ(1.0),01/07/26 23:00:00,A,ZW,COMPLET,TOTAL,NR,T,IT,2018-01-01,1.0,,
ESTAT:MIGR_EMI1CTZ(1.0),01/07/26 23:00:00,A,AD,COMPLET,TOTAL,NR,T,IT,2019-01-01,0.0,,
ESTAT:MIGR_EMI1CTZ(1.0),01/07/26 23:00:00,A,AE,COMPLET,TOTAL,NR,T,IT,2019-01-01,1.0,,
ESTAT:MIGR_EMI1CTZ(1.0),01/07/26 23:00:00,A,AF,COMPLET,TOTAL,NR,T,IT,2019-01-01,141.0,,
ESTAT:MIGR_EMI1CTZ(1.0),01/07/26 23:00:00,A,AFR,COMPLET,TOTAL,NR,T,IT,2019-01-01,10633.0,,
ESTAT:MIGR_EMI1CTZ(1.0),01/07/26 23:00:00,A,AFR_C,COMPLET,TOTAL,NR,T,IT,2019-01-01,312.0,,
ESTAT:MIGR_EMI1CTZ(1.0),01/07/26 23:00:00,A,AFR_E,COMPLET,TOTAL,NR,T,IT,2019-01-01,392.0,,
ESTAT:MIGR_EMI1CTZ(1.0),01/07/26 23:00:00,A,AFR_N,COMPLET,TOTAL,NR,T,IT,2019-01-01,4974.0,,
ESTAT:MIGR_EMI1CTZ(1.0),01/07/26 23:00:00,A,AFR_S,COMPLET,TOTAL,NR,T,IT,2019-01-01,11.0,,
ESTAT:MIGR_EMI1CTZ(1.0),01/07/26 23:00:00,A,AFR_W,COMPLET,TOTAL,NR,T,IT,2019-01-01,4944.0,,
ESTAT:MIGR_EMI1CTZ(1.0),01/07/26 23:00:00,A,AG,COMPLET,TOTAL,NR,T,IT,2019-01-01,0.0,,
ESTAT:MIGR_EMI1CTZ(1.0),01/07/26 23:00:00,A,AI,COMPLET,TOTAL,NR,T,IT,2019-01-01,0.0,,
ESTAT:MIGR_EMI1CTZ(1.0),01/07/26 23:00:00,A,AL,COMPLET,TOTAL,NR,T,IT,2019-01-01,1757.0,,
ESTAT:MIGR_EMI1CTZ(1.0),01/07/26 23:00:00,A,AM,COMPLET,TOTAL,NR,T,IT,2019-01-01,17.0,,
ESTAT:MIGR_EMI1CTZ(1.0),01/07/26 23:00:00,A,AME,COMPLET,TOTAL,NR,T,IT,2019-01-01,2941.0,,
ESTAT:MIGR_EMI1CTZ(1.0),01/07/26 23:00:00,A,AME_C,COMPLET,TOTAL,NR,T,IT,2019-01-01,143.0,,
ESTAT:MIGR_EMI1CTZ(1.0),01/07/26 23:00:00,A,AME_N,COMPLET,TOTAL,NR,T,IT,2019-01-01,383.0,,
ESTAT:MIGR_EMI1CTZ(1.0),01/07/26 23:00:00,A,AME_S,COMPLET,TOTAL,NR,T,IT,2019-01-01,1998.0,,
ESTAT:MIGR_EMI1CTZ(1.0),01/07/26 23:00:00,A,AN,COMPLET,TOTAL,NR,T,IT,2019-01-01,0.0,,
ESTAT:MIGR_EMI1CTZ(1.0),01/07/26 23:00:00,A,AO,COMPLET,TOTAL,NR,T,IT,2019-01-01,25.0,,
ESTAT:MIGR_EMI1CTZ(1.0),01/07/26 23:00:00,A,AR,COMPLET,TOTAL,NR,T,IT,2019-01-01,138.0,,
ESTAT:MIGR_EMI1CTZ(1.0),01/07/26 23:00:00,A,ASI,COMPLET,TOTAL,NR,T,IT,2019-01-01,8844.0,,
ESTAT:MIGR_EMI1CTZ(1.0),01/07/26 23:00:00,A,ASI_C,COMPLET,TOTAL,NR,T,IT,2019-01-01,57.0,,
ESTAT:MIGR_EMI1CTZ(1.0),01/07/26 23:00:00,A,ASI_E,COMPLET,TOTAL,NR,T,IT,2019-01-01,2528.0,,
ESTAT:MIGR_EMI1CTZ(1.0),01/07/26 23:00:00,A,ASI_S,COMPLET,TOTAL,NR,T,IT,2019-01-01,5059.0,,
ESTAT:MIGR_EMI1CTZ(1.0),01/07/26 23:00:00,A,ASI_S_E,COMPLET,TOTAL,NR,T,IT,2019-01-01,668.0,,
ESTAT:MIGR_EMI1CTZ(1.0),01/07/26 23:00:00,A,ASI_W,COMPLET,TOTAL,NR,T,IT,2019-01-01,532.0,,
ESTAT:MIGR_EMI1CTZ(1.0),01/07/26 23:00:00,A,AT,COMPLET,TOTAL,NR,T,IT,2019-01-01,177.0,,
ESTAT:MIGR_EMI1CTZ(1.0),01/07/26 23:00:00,A,AU,COMPLET,TOTAL,NR,T,IT,2019-01-01,51.0,,
ESTAT:MIGR_EMI1CTZ(1.0),01/07/26 23:00:00,A,AU_NZ,COMPLET,TOTAL,NR,T,IT,2019-01-01,57.0,,
ESTAT:MIGR_EMI1CTZ(1.0),01/07/26 23:00:00,A,AW,COMPLET,TOTAL,NR,T,IT,2019-01-01,0.0,,
ESTAT:MIGR_EMI1CTZ(1.0),01/07/26 23:00:00,A,AZ,COMPLET,TOTAL,NR,T,IT,2019-01-01,7.0,,
ESTAT:MIGR_EMI1CTZ(1.0),01/07/26 23:00:00,A,BA,COMPLET,TOTAL,NR,T,IT,2019-01-01,198.0,,
ESTAT:MIGR_EMI1CTZ(1.0),01/07/26 23:00:00,A,BB,COMPLET,TOTAL,NR,T,IT,2019-01-01,0.0,,
ESTAT:MIGR_EMI1CTZ(1.0),01/07/26 23:00:00,A,BD,COMPLET,TOTAL,NR,T,IT,2019-01-01,1234.0,,
ESTAT:MIGR_EMI1CTZ(1.0),01/07/26 23:00:00,A,BE,COMPLET,TOTAL,NR,T,IT,2019-01-01,111.0,,
ESTAT:MIGR_EMI1CTZ(1.0),01/07/26 23:00:00,A,BF,COMPLET,TOTAL,NR,T,IT,2019-01-01,119.0,,
ESTAT:MIGR_EMI1CTZ(1.0),01/07/26 23:00:00,A,BG,COMPLET,TOTAL,NR,T,IT,2019-01-01,1172.0,,
ESTAT:MIGR_EMI1CTZ(1.0),01/07/26 23:00:00,A,BH,COMPLET,TOTAL,NR,T,IT,2019-01-01,0.0,,
ESTAT:MIGR_EMI1CTZ(1.0),01/07/26 23:00:00,A,BI,COMPLET,TOTAL,NR,T,IT,2019-01-01,6.0,,
ESTAT:MIGR_EMI1CTZ(1.0),01/07/26 23:00:00,A,BJ,COMPLET,TOTAL,NR,T,IT,2019-01-01,39.0,,
ESTAT:MIGR_EMI1CTZ(1.0),01/07/26 23:00:00,A,BL,COMPLET,TOTAL,NR,T,IT,2019-01-01,0.0,,
ESTAT:MIGR_EMI1CTZ(1.0),01/07/26 23:00:00,A,BM,COMPLET,TOTAL,NR,T,IT,2019-01-01,0.0,,
ESTAT:MIGR_EMI1CTZ(1.0),01/07/26 23:00:00,A,BN,COMPLET,TOTAL,NR,T,IT,2019-01-01,0.0,,
ESTAT:MIGR_EMI1CTZ(1.0),01/07/26 23:00:00,A,BO,COMPLET,TOTAL,NR,T,IT,2019-01-01,83.0,,
ESTAT:MIGR_EMI1CTZ(1.0),01/07/26 23:00:00,A,BQ,COMPLET,TOTAL,NR,T,IT,2019-01-01,0.0,,
ESTAT:MIGR_EMI1CTZ(1.0),01/07/26 23:00:00,A,BR,COMPLET,TOTAL,NR,T,IT,2019-01-01,816.0,,
ESTAT:MIGR_EMI1CTZ(1.0),01/07/26 23:00:00,A,BS,COMPLET,TOTAL,NR,T,IT,2019-01-01,0.0,,
ESTAT:MIGR_EMI1CTZ(1.0),01/07/26 23:00:00,A,BT,COMPLET,TOTAL,NR,T,IT,2019-01-01,1.0,,
ESTAT:MIGR_EMI1CTZ(1.0),01/07/26 23:00:00,A,BW,COMPLET,TOTAL,NR,T,IT,2019-01-01,1.0,,
ESTAT:MIGR_EMI1CTZ(1.0),01/07/26 23:00:00,A,BY,COMPLET,TOTAL,NR,T,IT,2019-01-01,68.0,,
ESTAT:MIGR_EMI1CTZ(1.0),01/07/26 23:00:00,A,BZ,COMPLET,TOTAL,NR,T,IT,2019-01-01,0.0,,
ESTAT:MIGR_EMI1CTZ(1.0),01/07/26 23:00:00,A,CA,COMPLET,TOTAL,NR,T,IT,2019-01-01,49.0,,
ESTAT:MIGR_EMI1CTZ(1.0),01/07/26 23:00:00,A,CD,COMPLET,TOTAL,NR,T,IT,2019-01-01,35.0,,
ESTAT:MIGR_EMI1CTZ(1.0),01/07/26 23:00:00,A,CF,COMPLET,TOTAL,NR,T,IT,2019-01-01,3.0,,
ESTAT:MIGR_EMI1CTZ(1.0),01/07/26 23:00:00,A,CG,COMPLET,TOTAL,NR,T,IT,2019-01-01,56.0,,
ESTAT:MIGR_EMI1CTZ(1.0),01/07/26 23:00:00,A,CH,COMPLET,TOTAL,NR,T,IT,2019-01-01,184.0,,
ESTAT:MIGR_EMI1CTZ(1.0),01/07/26 23:00:00,A,CI,COMPLET,TOTAL,NR,T,IT,2019-01-01,492.0,,
ESTAT:MIGR_EMI1CTZ(1.0),01/07/26 23:00:00,A,CL,COMPLET,TOTAL,NR,T,IT,2019-01-01,38.0,,
ESTAT:MIGR_EMI1CTZ(1.0),01/07/26 23:00:00,A,CM,COMPLET,TOTAL,NR,T,IT,2019-01-01,179.0,,
ESTAT:MIGR_EMI1CTZ(1.0),01/07/26 23:00:00,A,CN,COMPLET,TOTAL,NR,T,IT,2019-01-01,2215.0,,
ESTAT:MIGR_EMI1CTZ(1.0),01/07/26 23:00:00,A,CO,COMPLET,TOTAL,NR,T,IT,2019-01-01,156.0,,
ESTAT:MIGR_EMI1CTZ(1.0),01/07/26 23:00:00,A,CR,COMPLET,TOTAL,NR,T,IT,2019-01-01,10.0,,
ESTAT:MIGR_EMI1CTZ(1.0),01/07/26 23:00:00,A,CRB,COMPLET,TOTAL,NR,T,IT,2019-01-01,417.0,,
ESTAT:MIGR_EMI1CTZ(1.0),01/07/26 23:00:00,A,CU,COMPLET,TOTAL,NR,T,IT,2019-01-01,214.0,,
ESTAT:MIGR_EMI1CTZ(1.0),01/07/26 23:00:00,A,CV,COMPLET,TOTAL,NR,T,IT,2019-01-01,13.0,,
ESTAT:MIGR_EMI1CTZ(1.0),01/07/26 23:00:00,A,CW,COMPLET,TOTAL,NR,T,IT,2019-01-01,0.0,,
ESTAT:MIGR_EMI1CTZ(1.0),01/07/26 23:00:00,A,CY,COMPLET,TOTAL,NR,T,IT,2019-01-01,2.0,,
ESTAT:MIGR_EMI1CTZ(1.0),01/07/26 23:00:00,A,CZ,COMPLET,TOTAL,NR,T,IT,2019-01-01,164.0,,
ESTAT:MIGR_EMI1CTZ(1.0),01/07/26 23:00:00,A,CZ_SK,COMPLET,TOTAL,NR,T,IT,2019-01-01,0.0,,
ESTAT:MIGR_EMI1CTZ(1.0),01/07/26 23:00:00,A,DE,COMPLET,TOTAL,NR,T,IT,2019-01-01,1215.0,,
ESTAT:MIGR_EMI1CTZ(1.0),01/07/26 23:00:00,A,DJ,COMPLET,TOTAL,NR,T,IT,2019-01-01,0.0,,
ESTAT:MIGR_EMI1CTZ(1.0),01/07/26 23:00:00,A,DK,COMPLET,TOTAL,NR,T,IT,2019-01-01,44.0,,
ESTAT:MIGR_EMI1CTZ(1.0),01/07/26 23:00:00,A,DM,COMPLET,TOTAL,NR,T,IT,2019-01-01,8.0,,
ESTAT:MIGR_EMI1CTZ(1.0),01/07/26 23:00:00,A,DO,COMPLET,TOTAL,NR,T,IT,2019-01-01,193.0,,
ESTAT:MIGR_EMI1CTZ(1.0),01/07/26 23:00:00,A,DZ,COMPLET,TOTAL,NR,T,IT,2019-01-01,127.0,,
ESTAT:MIGR_EMI1CTZ(1.0),01/07/26 23:00:00,A,EC,COMPLET,TOTAL,NR,T,IT,2019-01-01,300.0,,
ESTAT:MIGR_EMI1CTZ(1.0),01/07/26 23:00:00,A,EE,COMPLET,TOTAL,NR,T,IT,2019-01-01,30.0,,
ESTAT:MIGR_EMI1CTZ(1.0),01/07/26 23:00:00,A,EG,COMPLET,TOTAL,NR,T,IT,2019-01-01,1242.0,,
ESTAT:MIGR_EMI1CTZ(1.0),01/07/26 23:00:00,A,EH,COMPLET,TOTAL,NR,T,IT,2019-01-01,0.0,,
ESTAT:MIGR_EMI1CTZ(1.0),01/07/26 23:00:00,A,EL,COMPLET,TOTAL,NR,T,IT,2019-01-01,118.0,,
ESTAT:MIGR_EMI1CTZ(1.0),01/07/26 23:00:00,A,ER,COMPLET,TOTAL,NR,T,IT,2019-01-01,68.0,,
ESTAT:MIGR_EMI1CTZ(1.0),01/07/26 23:00:00,A,ES,COMPLET,TOTAL,NR,T,IT,2019-01-01,494.0,,
ESTAT:MIGR_EMI1CTZ(1.0),01/07/26 23:00:00,A,ET,COMPLET,TOTAL,NR,T,IT,2019-01-01,62.0,,
ESTAT:MIGR_EMI1CTZ(1.0),01/07/26 23:00:00,A,EU28_FOR,COMPLET,TOTAL,NR,T,IT,2019-01-01,27111.0,,
ESTAT:MIGR_EMI1CTZ(1.0),01/07/26 23:00:00,A,EUR,COMPLET,TOTAL,NR,T,IT,2019-01-01,157022.0,,
ESTAT:MIGR_EMI1CTZ(1.0),01/07/26 23:00:00,A,EX_SU,COMPLET,TOTAL,NR,T,IT,2019-01-01,0.0,,
ESTAT:MIGR_EMI1CTZ(1.0),01/07/26 23:00:00,A,EX_YU,COMPLET,TOTAL,NR,T,IT,2019-01-01,0.0,,
ESTAT:MIGR_EMI1CTZ(1.0),01/07/26 23:00:00,A,FI,COMPLET,TOTAL,NR,T,IT,2019-01-01,65.0,,
ESTAT:MIGR_EMI1CTZ(1.0),01/07/26 23:00:00,A,FJ,COMPLET,TOTAL,NR,T,IT,2019-01-01,0.0,,
ESTAT:MIGR_EMI1CTZ(1.0),01/07/26 23:00:00,A,FK,COMPLET,TOTAL,NR,T,IT,2019-01-01,0.0,,
ESTAT:MIGR_EMI1CTZ(1.0),01/07/26 23:00:00,A,FM,COMPLET,TOTAL,NR,T,IT,2019-01-01,0.0,,
ESTAT:MIGR_EMI1CTZ(1.0),01/07/26 23:00:00,A,FO,COMPLET,TOTAL,NR,T,IT,2019-01-01,0.0,,
ESTAT:MIGR_EMI1CTZ(1.0),01/07/26 23:00:00,A,FOR_STLS,COMPLET,TOTAL,NR,T,IT,2019-01-01,57485.0,,
ESTAT:MIGR_EMI1CTZ(1.0),01/07/26 23:00:00,A,FR,COMPLET,TOTAL,NR,T,IT,2019-01-01,634.0,,
ESTAT:MIGR_EMI1CTZ(1.0),01/07/26 23:00:00,A,GA,COMPLET,TOTAL,NR,T,IT,2019-01-01,2.0,,
ESTAT:MIGR_EMI1CTZ(1.0),01/07/26 23:00:00,A,GD,COMPLET,TOTAL,NR,T,IT,2019-01-01,0.0,,
ESTAT:MIGR_EMI1CTZ(1.0),01/07/26 23:00:00,A,GE,COMPLET,TOTAL,NR,T,IT,2019-01-01,143.0,,
ESTAT:MIGR_EMI1CTZ(1.0),01/07/26 23:00:00,A,GG,COMPLET,TOTAL,NR,T,IT,2019-01-01,0.0,,
ESTAT:MIGR_EMI1CTZ(1.0),01/07/26 23:00:00,A,GH,COMPLET,TOTAL,NR,T,IT,2019-01-01,528.0,,
ESTAT:MIGR_EMI1CTZ(1.0),01/07/26 23:00:00,A,GI,COMPLET,TOTAL,NR,T,IT,2019-01-01,0.0,,
ESTAT:MIGR_EMI1CTZ(1.0),01/07/26 23:00:00,A,GL,COMPLET,TOTAL,NR,T,IT,2019-01-01,0.0,,
ESTAT:MIGR_EMI1CTZ(1.0),01/07/26 23:00:00,A,GM,COMPLET,TOTAL,NR,T,IT,2019-01-01,406.0,,
ESTAT:MIGR_EMI1CTZ(1.0),01/07/26 23:00:00,A,GN,COMPLET,TOTAL,NR,T,IT,2019-01-01,261.0,,
ESTAT:MIGR_EMI1CTZ(1.0),01/07/26 23:00:00,A,GQ,COMPLET,TOTAL,NR,T,IT,2019-01-01,1.0,,
ESTAT:MIGR_EMI1CTZ(1.0),01/07/26 23:00:00,A,GT,COMPLET,TOTAL,NR,T,IT,2019-01-01,10.0,,
ESTAT:MIGR_EMI1CTZ(1.0),01/07/26 23:00:00,A,GW,COMPLET,TOTAL,NR,T,IT,2019-01-01,47.0,,
ESTAT:MIGR_EMI1CTZ(1.0),01/07/26 23:00:00,A,GY,COMPLET,TOTAL,NR,T,IT,2019-01-01,0.0,,
ESTAT:MIGR_EMI1CTZ(1.0),01/07/26 23:00:00,A,HN,COMPLET,TOTAL,NR,T,IT,2019-01-01,5.0,,
ESTAT:MIGR_EMI1CTZ(1.0),01/07/26 23:00:00,A,HR,COMPLET,TOTAL,NR,T,IT,2019-01-01,502.0,,
ESTAT:MIGR_EMI1CTZ(1.0),01/07/26 23:00:00,A,HT,COMPLET,TOTAL,NR,T,IT,2019-01-01,1.0,,
ESTAT:MIGR_EMI1CTZ(1.0),01/07/26 23:00:00,A,HU,COMPLET,TOTAL,NR,T,IT,2019-01-01,335.0,,
ESTAT:MIGR_EMI1CTZ(1.0),01/07/26 23:00:00,A,ID,COMPLET,TOTAL,NR,T,IT,2019-01-01,43.0,,
ESTAT:MIGR_EMI1CTZ(1.0),01/07/26 23:00:00,A,IE,COMPLET,TOTAL,NR,T,IT,2019-01-01,54.0,,
ESTAT:MIGR_EMI1CTZ(1.0),01/07/26 23:00:00,A,IL,COMPLET,TOTAL,NR,T,IT,2019-01-01,27.0,,
ESTAT:MIGR_EMI1CTZ(1.0),01/07/26 23:00:00,A,IM,COMPLET,TOTAL,NR,T,IT,2019-01-01,0.0,,
ESTAT:MIGR_EMI1CTZ(1.0),01/07/26 23:00:00,A,IN,COMPLET,TOTAL,NR,T,IT,2019-01-01,1733.0,,
ESTAT:MIGR_EMI1CTZ(1.0),01/07/26 23:00:00,A,IQ,COMPLET,TOTAL,NR,T,IT,2019-01-01,152.0,,
ESTAT:MIGR_EMI1CTZ(1.0),01/07/26 23:00:00,A,IR,COMPLET,TOTAL,NR,T,IT,2019-01-01,73.0,,
ESTAT:MIGR_EMI1CTZ(1.0),01/07/26 23:00:00,A,IS,COMPLET,TOTAL,NR,T,IT,2019-01-01,6.0,,
ESTAT:MIGR_EMI1CTZ(1.0),01/07/26 23:00:00,A,IT,COMPLET,TOTAL,NR,T,IT,2019-01-01,122020.0,,
ESTAT:MIGR_EMI1CTZ(1.0),01/07/26 23:00:00,A,JE,COMPLET,TOTAL,NR,T,IT,2019-01-01,0.0,,
ESTAT:MIGR_EMI1CTZ(1.0),01/07/26 23:00:00,A,JM,COMPLET,TOTAL,NR,T,IT,2019-01-01,1.0,,
ESTAT:MIGR_EMI1CTZ(1.0),01/07/26 23:00:00,A,JO,COMPLET,TOTAL,NR,T,IT,2019-01-01,16.0,,
ESTAT:MIGR_EMI1CTZ(1.0),01/07/26 23:00:00,A,JP,COMPLET,TOTAL,NR,T,IT,2019-01-01,206.0,,
ESTAT:MIGR_EMI1CTZ(1.0),01/07/26 23:00:00,A,KE,COMPLET,TOTAL,NR,T,IT,2019-01-01,19.0,,
ESTAT:MIGR_EMI1CTZ(1.0),01/07/26 23:00:00,A,KG,COMPLET,TOTAL,NR,T,IT,2019-01-01,18.0,,
ESTAT:MIGR_EMI1CTZ(1.0),01/07/26 23:00:00,A,KH,COMPLET,TOTAL,NR,T,IT,2019-01-01,1.0,,
ESTAT:MIGR_EMI1CTZ(1.0),01/07/26 23:00:00,A,KI,COMPLET,TOTAL,NR,T,IT,2019-01-01,0.0,,
ESTAT:MIGR_EMI1CTZ(1.0),01/07/26 23:00:00,A,KM,COMPLET,TOTAL,NR,T,IT,2019-01-01,1.0,,
ESTAT:MIGR_EMI1CTZ(1.0),01/07/26 23:00:00,A,KN,COMPLET,TOTAL,NR,T,IT,2019-01-01,0.0,,
ESTAT:MIGR_EMI1CTZ(1.0),01/07/26 23:00:00,A,KP,COMPLET,TOTAL,NR,T,IT,2019-01-01,3.0,,
ESTAT:MIGR_EMI1CTZ(1.0),01/07/26 23:00:00,A,KR,COMPLET,TOTAL,NR,T,IT,2019-01-01,83.0,,
ESTAT:MIGR_EMI1CTZ(1.0),01/07/26 23:00:00,A,KW,COMPLET,TOTAL,NR,T,IT,2019-01-01,6.0,,
ESTAT:MIGR_EMI1CTZ(1.0),01/07/26 23:00:00,A,KY,COMPLET,TOTAL,NR,T,IT,2019-01-01,0.0,,
ESTAT:MIGR_EMI1CTZ(1.0),01/07/26 23:00:00,A,KZ,COMPLET,TOTAL,NR,T,IT,2019-01-01,22.0,,
ESTAT:MIGR_EMI1CTZ(1.0),01/07/26 23:00:00,A,LA,COMPLET,TOTAL,NR,T,IT,2019-01-01,0.0,,
ESTAT:MIGR_EMI1CTZ(1.0),01/07/26 23:00:00,A,LB,COMPLET,TOTAL,NR,T,IT,2019-01-01,35.0,,
ESTAT:MIGR_EMI1CTZ(1.0),01/07/26 23:00:00,A,LC,COMPLET,TOTAL,NR,T,IT,2019-01-01,0.0,,
ESTAT:MIGR_EMI1CTZ(1.0),01/07/26 23:00:00,A,LI,COMPLET,TOTAL,NR,T,IT,2019-01-01,3.0,,
ESTAT:MIGR_EMI1CTZ(1.0),01/07/26 23:00:00,A,LK,COMPLET,TOTAL,NR,T,IT,2019-01-01,476.0,,
ESTAT:MIGR_EMI1CTZ(1.0),01/07/26 23:00:00,A,LR,COMPLET,TOTAL,NR,T,IT,2019-01-01,26.0,,
ESTAT:MIGR_EMI1CTZ(1.0),01/07/26 23:00:00,A,LS,COMPLET,TOTAL,NR,T,IT,2019-01-01,0.0,,
ESTAT:MIGR_EMI1CTZ(1.0),01/07/26 23:00:00,A,LT,COMPLET,TOTAL,NR,T,IT,2019-01-01,97.0,,
ESTAT:MIGR_EMI1CTZ(1.0),01/07/26 23:00:00,A,LU,COMPLET,TOTAL,NR,T,IT,2019-01-01,6.0,,
ESTAT:MIGR_EMI1CTZ(1.0),01/07/26 23:00:00,A,LV,COMPLET,TOTAL,NR,T,IT,2019-01-01,36.0,,
ESTAT:MIGR_EMI1CTZ(1.0),01/07/26 23:00:00,A,LY,COMPLET,TOTAL,NR,T,IT,2019-01-01,38.0,,
ESTAT:MIGR_EMI1CTZ(1.0),01/07/26 23:00:00,A,MA,COMPLET,TOTAL,NR,T,IT,2019-01-01,2849.0,,
ESTAT:MIGR_EMI1CTZ(1.0),01/07/26 23:00:00,A,MC,COMPLET,TOTAL,NR,T,IT,2019-01-01,0.0,,
ESTAT:MIGR_EMI1CTZ(1.0),01/07/26 23:00:00,A,MD,COMPLET,TOTAL,NR,T,IT,2019-01-01,947.0,,
ESTAT:MIGR_EMI1CTZ(1.0),01/07/26 23:00:00,A,ME,COMPLET,TOTAL,NR,T,IT,2019-01-01,33.0,,
ESTAT:MIGR_EMI1CTZ(1.0),01/07/26 23:00:00,A,MEL,COMPLET,TOTAL,NR,T,IT,2019-01-01,3.0,,
ESTAT:MIGR_EMI1CTZ(1.0),01/07/26 23:00:00,A,MG,COMPLET,TOTAL,NR,T,IT,2019-01-01,19.0,,
ESTAT:MIGR_EMI1CTZ(1.0),01/07/26 23:00:00,A,MH,COMPLET,TOTAL,NR,T,IT,2019-01-01,0.0,,
ESTAT:MIGR_EMI1CTZ(1.0),01/07/26 23:00:00,A,MIC,COMPLET,TOTAL,NR,T,IT,2019-01-01,0.0,,
ESTAT:MIGR_EMI1CTZ(1.0),01/07/26 23:00:00,A,MK,COMPLET,TOTAL,NR,T,IT,2019-01-01,732.0,,
ESTAT:MIGR_EMI1CTZ(1.0),01/07/26 23:00:00,A,ML,COMPLET,TOTAL,NR,T,IT,2019-01-01,465.0,,
ESTAT:MIGR_EMI1CTZ(1.0),01/07/26 23:00:00,A,MM,COMPLET,TOTAL,NR,T,IT,2019-01-01,6.0,,
ESTAT:MIGR_EMI1CTZ(1.0),01/07/26 23:00:00,A,MN,COMPLET,TOTAL,NR,T,IT,2019-01-01,1.0,,
ESTAT:MIGR_EMI1CTZ(1.0),01/07/26 23:00:00,A,MR,COMPLET,TOTAL,NR,T,IT,2019-01-01,17.0,,
ESTAT:MIGR_EMI1CTZ(1.0),01/07/26 23:00:00,A,MS,COMPLET,TOTAL,NR,T,IT,2019-01-01,0.0,,
ESTAT:MIGR_EMI1CTZ(1.0),01/07/26 23:00:00,A,MT,COMPLET,TOTAL,NR,T,IT,2019-01-01,13.0,,
ESTAT:MIGR_EMI1CTZ(1.0),01/07/26 23:00:00,A,MU,COMPLET,TOTAL,NR,T,IT,2019-01-01,30.0,,
ESTAT:MIGR_EMI1CTZ(1.0),01/07/26 23:00:00,A,MV,COMPLET,TOTAL,NR,T,IT,2019-01-01,0.0,,
ESTAT:MIGR_EMI1CTZ(1.0),01/07/26 23:00:00,A,MW,COMPLET,TOTAL,NR,T,IT,2019-01-01,0.0,,
ESTAT:MIGR_EMI1CTZ(1.0),01/07/26 23:00:00,A,MX,COMPLET,TOTAL,NR,T,IT,2019-01-01,75.0,,
ESTAT:MIGR_EMI1CTZ(1.0),01/07/26 23:00:00,A,MY,COMPLET,TOTAL,NR,T,IT,2019-01-01,9.0,,
ESTAT:MIGR_EMI1CTZ(1.0),01/07/26 23:00:00,A,MZ,COMPLET,TOTAL,NR,T,IT,2019-01-01,7.0,,
ESTAT:MIGR_EMI1CTZ(1.0),01/07/26 23:00:00,A,NA,COMPLET,TOTAL,NR,T,IT,2019-01-01,2.0,,
ESTAT:MIGR_EMI1CTZ(1.0),01/07/26 23:00:00,A,NAT,COMPLET,TOTAL,NR,T,IT,2019-01-01,122020.0,,
ESTAT:MIGR_EMI1CTZ(1.0),01/07/26 23:00:00,A,NC,COMPLET,TOTAL,NR,T,IT,2019-01-01,0.0,,
ESTAT:MIGR_EMI1CTZ(1.0),01/07/26 23:00:00,A,NE,COMPLET,TOTAL,NR,T,IT,2019-01-01,37.0,,
ESTAT:MIGR_EMI1CTZ(1.0),01/07/26 23:00:00,A,NEU28_FOR,COMPLET,TOTAL,NR,T,IT,2019-01-01,30369.0,,
ESTAT:MIGR_EMI1CTZ(1.0),01/07/26 23:00:00,A,NG,COMPLET,TOTAL,NR,T,IT,2019-01-01,1481.0,,
ESTAT:MIGR_EMI1CTZ(1.0),01/07/26 23:00:00,A,NI,COMPLET,TOTAL,NR,T,IT,2019-01-01,5.0,,
ESTAT:MIGR_EMI1CTZ(1.0),01/07/26 23:00:00,A,NL,COMPLET,TOTAL,NR,T,IT,2019-01-01,212.0,,
ESTAT:MIGR_EMI1CTZ(1.0),01/07/26 23:00:00,A,NO,COMPLET,TOTAL,NR,T,IT,2019-01-01,22.0,,
ESTAT:MIGR_EMI1CTZ(1.0),01/07/26 23:00:00,A,NP,COMPLET,TOTAL,NR,T,IT,2019-01-01,28.0,,
ESTAT:MIGR_EMI1CTZ(1.0),01/07/26 23:00:00,A,NR,COMPLET,TOTAL,NR,T,IT,2019-01-01,0.0,,
ESTAT:MIGR_EMI1CTZ(1.0),01/07/26 23:00:00,A,NZ,COMPLET,TOTAL,NR,T,IT,2019-01-01,6.0,,
ESTAT:MIGR_EMI1CTZ(1.0),01/07/26 23:00:00,A,OCE,COMPLET,TOTAL,NR,T,IT,2019-01-01,60.0,,
ESTAT:MIGR_EMI1CTZ(1.0),01/07/26 23:00:00,A,OM,COMPLET,TOTAL,NR,T,IT,2019-01-01,1.0,,
ESTAT:MIGR_EMI1CTZ(1.0),01/07/26 23:00:00,A,OTH,COMPLET,TOTAL,NR,T,IT,2019-01-01,0.0,,
ESTAT:MIGR_EMI1CTZ(1.0),01/07/26 23:00:00,A,PA,COMPLET,TOTAL,NR,T,IT,2019-01-01,3.0,,
ESTAT:MIGR_EMI1CTZ(1.0),01/07/26 23:00:00,A,PE,COMPLET,TOTAL,NR,T,IT,2019-01-01,338.0,,
ESTAT:MIGR_EMI1CTZ(1.0),01/07/26 23:00:00,A,PF,COMPLET,TOTAL,NR,T,IT,2019-01-01,0.0,,
ESTAT:MIGR_EMI1CTZ(1.0),01/07/26 23:00:00,A,PG,COMPLET,TOTAL,NR,T,IT,2019-01-01,2.0,,
ESTAT:MIGR_EMI1CTZ(1.0),01/07/26 23:00:00,A,PH,COMPLET,TOTAL,NR,T,IT,2019-01-01,520.0,,
ESTAT:MIGR_EMI1CTZ(1.0),01/07/26 23:00:00,A,PK,COMPLET,TOTAL,NR,T,IT,2019-01-01,1373.0,,
ESTAT:MIGR_EMI1CTZ(1.0),01/07/26 23:00:00,A,PL,COMPLET,TOTAL,NR,T,IT,2019-01-01,1730.0,,
ESTAT:MIGR_EMI1CTZ(1.0),01/07/26 23:00:00,A,PM,COMPLET,TOTAL,NR,T,IT,2019-01-01,0.0,,
ESTAT:MIGR_EMI1CTZ(1.0),01/07/26 23:00:00,A,PN,COMPLET,TOTAL,NR,T,IT,2019-01-01,0.0,,
ESTAT:MIGR_EMI1CTZ(1.0),01/07/26 23:00:00,A,POL,COMPLET,TOTAL,NR,T,IT,2019-01-01,0.0,,
ESTAT:MIGR_EMI1CTZ(1.0),01/07/26 23:00:00,A,PS,COMPLET,TOTAL,NR,T,IT,2019-01-01,22.0,,
ESTAT:MIGR_EMI1CTZ(1.0),01/07/26 23:00:00,A,PT,COMPLET,TOTAL,NR,T,IT,2019-01-01,148.0,,
ESTAT:MIGR_EMI1CTZ(1.0),01/07/26 23:00:00,A,PW,COMPLET,TOTAL,NR,T,IT,2019-01-01,0.0,,
ESTAT:MIGR_EMI1CTZ(1.0),01/07/26 23:00:00,A,PY,COMPLET,TOTAL,NR,T,IT,2019-01-01,14.0,,
ESTAT:MIGR_EMI1CTZ(1.0),01/07/26 23:00:00,A,QA,COMPLET,TOTAL,NR,T,IT,2019-01-01,0.0,,
ESTAT:MIGR_EMI1CTZ(1.0),01/07/26 23:00:00,A,RNC,COMPLET,TOTAL,NR,T,IT,2019-01-01,0.0,,
ESTAT:MIGR_EMI1CTZ(1.0),01/07/26 23:00:00,A,RO,COMPLET,TOTAL,NR,T,IT,2019-01-01,18581.0,,
ESTAT:MIGR_EMI1CTZ(1.0),01/07/26 23:00:00,A,RS,COMPLET,TOTAL,NR,T,IT,2019-01-01,445.0,,
ESTAT:MIGR_EMI1CTZ(1.0),01/07/26 23:00:00,A,RS_ME,COMPLET,TOTAL,NR,T,IT,2019-01-01,0.0,,
ESTAT:MIGR_EMI1CTZ(1.0),01/07/26 23:00:00,A,RU,COMPLET,TOTAL,NR,T,IT,2019-01-01,531.0,,
ESTAT:MIGR_EMI1CTZ(1.0),01/07/26 23:00:00,A,RW,COMPLET,TOTAL,NR,T,IT,2019-01-01,5.0,,
ESTAT:MIGR_EMI1CTZ(1.0),01/07/26 23:00:00,A,SA,COMPLET,TOTAL,NR,T,IT,2019-01-01,2.0,,
ESTAT:MIGR_EMI1CTZ(1.0),01/07/26 23:00:00,A,SB,COMPLET,TOTAL,NR,T,IT,2019-01-01,1.0,,
ESTAT:MIGR_EMI1CTZ(1.0),01/07/26 23:00:00,A,SC,COMPLET,TOTAL,NR,T,IT,2019-01-01,2.0,,
ESTAT:MIGR_EMI1CTZ(1.0),01/07/26 23:00:00,A,SD,COMPLET,TOTAL,NR,T,IT,2019-01-01,34.0,,
ESTAT:MIGR_EMI1CTZ(1.0),01/07/26 23:00:00,A,SE,COMPLET,TOTAL,NR,T,IT,2019-01-01,58.0,,
ESTAT:MIGR_EMI1CTZ(1.0),01/07/26 23:00:00,A,SG,COMPLET,TOTAL,NR,T,IT,2019-01-01,4.0,,
ESTAT:MIGR_EMI1CTZ(1.0),01/07/26 23:00:00,A,SH,COMPLET,TOTAL,NR,T,IT,2019-01-01,0.0,,
ESTAT:MIGR_EMI1CTZ(1.0),01/07/26 23:00:00,A,SI,COMPLET,TOTAL,NR,T,IT,2019-01-01,188.0,,
ESTAT:MIGR_EMI1CTZ(1.0),01/07/26 23:00:00,A,SK,COMPLET,TOTAL,NR,T,IT,2019-01-01,394.0,,
ESTAT:MIGR_EMI1CTZ(1.0),01/07/26 23:00:00,A,SL,COMPLET,TOTAL,NR,T,IT,2019-01-01,29.0,,
ESTAT:MIGR_EMI1CTZ(1.0),01/07/26 23:00:00,A,SM,COMPLET,TOTAL,NR,T,IT,2019-01-01,2.0,,
ESTAT:MIGR_EMI1CTZ(1.0),01/07/26 23:00:00,A,SN,COMPLET,TOTAL,NR,T,IT,2019-01-01,920.0,,
ESTAT:MIGR_EMI1CTZ(1.0),01/07/26 23:00:00,A,SO,COMPLET,TOTAL,NR,T,IT,2019-01-01,136.0,,
ESTAT:MIGR_EMI1CTZ(1.0),01/07/26 23:00:00,A,SR,COMPLET,TOTAL,NR,T,IT,2019-01-01,0.0,,
ESTAT:MIGR_EMI1CTZ(1.0),01/07/26 23:00:00,A,SS,COMPLET,TOTAL,NR,T,IT,2019-01-01,1.0,,
ESTAT:MIGR_EMI1CTZ(1.0),01/07/26 23:00:00,A,ST,COMPLET,TOTAL,NR,T,IT,2019-01-01,1.0,,
ESTAT:MIGR_EMI1CTZ(1.0),01/07/26 23:00:00,A,STLS,COMPLET,TOTAL,NR,T,IT,2019-01-01,5.0,,
ESTAT:MIGR_EMI1CTZ(1.0),01/07/26 23:00:00,A,SV,COMPLET,TOTAL,NR,T,IT,2019-01-01,35.0,,
ESTAT:MIGR_EMI1CTZ(1.0),01/07/26 23:00:00,A,SX,COMPLET,TOTAL,NR,T,IT,2019-01-01,0.0,,
ESTAT:MIGR_EMI1CTZ(1.0),01/07/26 23:00:00,A,SY,COMPLET,TOTAL,NR,T,IT,2019-01-01,99.0,,
ESTAT:MIGR_EMI1CTZ(1.0),01/07/26 23:00:00,A,SZ,COMPLET,TOTAL,NR,T,IT,2019-01-01,1.0,,
ESTAT:MIGR_EMI1CTZ(1.0),01/07/26 23:00:00,A,TC,COMPLET,TOTAL,NR,T,IT,2019-01-01,0.0,,
ESTAT:MIGR_EMI1CTZ(1.0),01/07/26 23:00:00,A,TD,COMPLET,TOTAL,NR,T,IT,2019-01-01,10.0,,
ESTAT:MIGR_EMI1CTZ(1.0),01/07/26 23:00:00,A,TG,COMPLET,TOTAL,NR,T,IT,2019-01-01,64.0,,
ESTAT:MIGR_EMI1CTZ(1.0),01/07/26 23:00:00,A,TH,COMPLET,TOTAL,NR,T,IT,2019-01-01,70.0,,
ESTAT:MIGR_EMI1CTZ(1.0),01/07/26 23:00:00,A,TJ,COMPLET,TOTAL,NR,T,IT,2019-01-01,1.0,,
ESTAT:MIGR_EMI1CTZ(1.0),01/07/26 23:00:00,A,TL,COMPLET,TOTAL,NR,T,IT,2019-01-01,0.0,,
ESTAT:MIGR_EMI1CTZ(1.0),01/07/26 23:00:00,A,TM,COMPLET,TOTAL,NR,T,IT,2019-01-01,4.0,,
ESTAT:MIGR_EMI1CTZ(1.0),01/07/26 23:00:00,A,TN,COMPLET,TOTAL,NR,T,IT,2019-01-01,683.0,,
ESTAT:MIGR_EMI1CTZ(1.0),01/07/26 23:00:00,A,TO,COMPLET,TOTAL,NR,T,IT,2019-01-01,0.0,,
ESTAT:MIGR_EMI1CTZ(1.0),01/07/26 23:00:00,A,TOTAL,COMPLET,TOTAL,NR,T,IT,2019-01-01,179505.0,,
ESTAT:MIGR_EMI1CTZ(1.0),01/07/26 23:00:00,A,TR,COMPLET,TOTAL,NR,T,IT,2019-01-01,199.0,,
ESTAT:MIGR_EMI1CTZ(1.0),01/07/26 23:00:00,A,TT,COMPLET,TOTAL,NR,T,IT,2019-01-01,0.0,,
ESTAT:MIGR_EMI1CTZ(1.0),01/07/26 23:00:00,A,TV,COMPLET,TOTAL,NR,T,IT,2019-01-01,0.0,,
ESTAT:MIGR_EMI1CTZ(1.0),01/07/26 23:00:00,A,TW,COMPLET,TOTAL,NR,T,IT,2019-01-01,20.0,,
ESTAT:MIGR_EMI1CTZ(1.0),01/07/26 23:00:00,A,TZ,COMPLET,TOTAL,NR,T,IT,2019-01-01,25.0,,
ESTAT:MIGR_EMI1CTZ(1.0),01/07/26 23:00:00,A,UA,COMPLET,TOTAL,NR,T,IT,2019-01-01,2154.0,,
ESTAT:MIGR_EMI1CTZ(1.0),01/07/26 23:00:00,A,UG,COMPLET,TOTAL,NR,T,IT,2019-01-01,8.0,,
ESTAT:MIGR_EMI1CTZ(1.0),01/07/26 23:00:00,A,UK,COMPLET,TOTAL,NR,T,IT,2019-01-01,531.0,,
ESTAT:MIGR_EMI1CTZ(1.0),01/07/26 23:00:00,A,UNK,COMPLET,TOTAL,NR,T,IT,2019-01-01,0.0,,
ESTAT:MIGR_EMI1CTZ(1.0),01/07/26 23:00:00,A,US,COMPLET,TOTAL,NR,T,IT,2019-01-01,334.0,,
ESTAT:MIGR_EMI1CTZ(1.0),01/07/26 23:00:00,A,UY,COMPLET,TOTAL,NR,T,IT,2019-01-01,9.0,,
ESTAT:MIGR_EMI1CTZ(1.0),01/07/26 23:00:00,A,UZ,COMPLET,TOTAL,NR,T,IT,2019-01-01,12.0,,
ESTAT:MIGR_EMI1CTZ(1.0),01/07/26 23:00:00,A,VA,COMPLET,TOTAL,NR,T,IT,2019-01-01,0.0,,
ESTAT:MIGR_EMI1CTZ(1.0),01/07/26 23:00:00,A,VC,COMPLET,TOTAL,NR,T,IT,2019-01-01,0.0,,
ESTAT:MIGR_EMI1CTZ(1.0),01/07/26 23:00:00,A,VE,COMPLET,TOTAL,NR,T,IT,2019-01-01,106.0,,
ESTAT:MIGR_EMI1CTZ(1.0),01/07/26 23:00:00,A,VG,COMPLET,TOTAL,NR,T,IT,2019-01-01,0.0,,
ESTAT:MIGR_EMI1CTZ(1.0),01/07/26 23:00:00,A,VN,COMPLET,TOTAL,NR,T,IT,2019-01-01,15.0,,
ESTAT:MIGR_EMI1CTZ(1.0),01/07/26 23:00:00,A,VU,COMPLET,TOTAL,NR,T,IT,2019-01-01,0.0,,
ESTAT:MIGR_EMI1CTZ(1.0),01/07/26 23:00:00,A,WF,COMPLET,TOTAL,NR,T,IT,2019-01-01,0.0,,
ESTAT:MIGR_EMI1CTZ(1.0),01/07/26 23:00:00,A,WS,COMPLET,TOTAL,NR,T,IT,2019-01-01,0.0,,
ESTAT:MIGR_EMI1CTZ(1.0),01/07/26 23:00:00,A,XK,COMPLET,TOTAL,NR,T,IT,2019-01-01,610.0,,
ESTAT:MIGR_EMI1CTZ(1.0),01/07/26 23:00:00,A,YE,COMPLET,TOTAL,NR,T,IT,2019-01-01,4.0,,
ESTAT:MIGR_EMI1CTZ(1.0),01/07/26 23:00:00,A,ZA,COMPLET,TOTAL,NR,T,IT,2019-01-01,7.0,,
ESTAT:MIGR_EMI1CTZ(1.0),01/07/26 23:00:00,A,ZM,COMPLET,TOTAL,NR,T,IT,2019-01-01,3.0,,
ESTAT:MIGR_EMI1CTZ(1.0),01/07/26 23:00:00,A,ZW,COMPLET,TOTAL,NR,T,IT,2019-01-01,1.0,,
ESTAT:MIGR_EMI1CTZ(1.0),01/07/26 23:00:00,A,AD,COMPLET,TOTAL,NR,T,IT,2020-01-01,1.0,,
ESTAT:MIGR_EMI1CTZ(1.0),01/07/26 23:00:00,A,AE,COMPLET,TOTAL,NR,T,IT,2020-01-01,1.0,,
ESTAT:MIGR_EMI1CTZ(1.0),01/07/26 23:00:00,A,AF,COMPLET,TOTAL,NR,T,IT,2020-01-01,99.0,,
ESTAT:MIGR_EMI1CTZ(1.0),01/07/26 23:00:00,A,AFR,COMPLET,TOTAL,NR,T,IT,2020-01-01,6155.0,,
ESTAT:MIGR_EMI1CTZ(1.0),01/07/26 23:00:00,A,AFR_C,COMPLET,TOTAL,NR,T,IT,2020-01-01,175.0,,
ESTAT:MIGR_EMI1CTZ(1.0),01/07/26 23:00:00,A,AFR_E,COMPLET,TOTAL,NR,T,IT,2020-01-01,230.0,,
ESTAT:MIGR_EMI1CTZ(1.0),01/07/26 23:00:00,A,AFR_N,COMPLET,TOTAL,NR,T,IT,2020-01-01,2751.0,,
ESTAT:MIGR_EMI1CTZ(1.0),01/07/26 23:00:00,A,AFR_S,COMPLET,TOTAL,NR,T,IT,2020-01-01,8.0,,
ESTAT:MIGR_EMI1CTZ(1.0),01/07/26 23:00:00,A,AFR_W,COMPLET,TOTAL,NR,T,IT,2020-01-01,2991.0,,
ESTAT:MIGR_EMI1CTZ(1.0),01/07/26 23:00:00,A,AG,COMPLET,TOTAL,NR,T,IT,2020-01-01,0.0,,
ESTAT:MIGR_EMI1CTZ(1.0),01/07/26 23:00:00,A,AL,COMPLET,TOTAL,NR,T,IT,2020-01-01,1289.0,,
ESTAT:MIGR_EMI1CTZ(1.0),01/07/26 23:00:00,A,AM,COMPLET,TOTAL,NR,T,IT,2020-01-01,12.0,,
ESTAT:MIGR_EMI1CTZ(1.0),01/07/26 23:00:00,A,AME,COMPLET,TOTAL,NR,T,IT,2020-01-01,2958.0,,
ESTAT:MIGR_EMI1CTZ(1.0),01/07/26 23:00:00,A,AME_C,COMPLET,TOTAL,NR,T,IT,2020-01-01,100.0,,
ESTAT:MIGR_EMI1CTZ(1.0),01/07/26 23:00:00,A,AME_N,COMPLET,TOTAL,NR,T,IT,2020-01-01,415.0,,
ESTAT:MIGR_EMI1CTZ(1.0),01/07/26 23:00:00,A,AME_S,COMPLET,TOTAL,NR,T,IT,2020-01-01,2146.0,,
ESTAT:MIGR_EMI1CTZ(1.0),01/07/26 23:00:00,A,AO,COMPLET,TOTAL,NR,T,IT,2020-01-01,19.0,,
ESTAT:MIGR_EMI1CTZ(1.0),01/07/26 23:00:00,A,AR,COMPLET,TOTAL,NR,T,IT,2020-01-01,175.0,,
ESTAT:MIGR_EMI1CTZ(1.0),01/07/26 23:00:00,A,ASI,COMPLET,TOTAL,NR,T,IT,2020-01-01,6176.0,,
ESTAT:MIGR_EMI1CTZ(1.0),01/07/26 23:00:00,A,ASI_C,COMPLET,TOTAL,NR,T,IT,2020-01-01,63.0,,
ESTAT:MIGR_EMI1CTZ(1.0),01/07/26 23:00:00,A,ASI_E,COMPLET,TOTAL,NR,T,IT,2020-01-01,1420.0,,
ESTAT:MIGR_EMI1CTZ(1.0),01/07/26 23:00:00,A,ASI_S,COMPLET,TOTAL,NR,T,IT,2020-01-01,3999.0,,
ESTAT:MIGR_EMI1CTZ(1.0),01/07/26 23:00:00,A,ASI_S_E,COMPLET,TOTAL,NR,T,IT,2020-01-01,362.0,,
ESTAT:MIGR_EMI1CTZ(1.0),01/07/26 23:00:00,A,ASI_W,COMPLET,TOTAL,NR,T,IT,2020-01-01,332.0,,
ESTAT:MIGR_EMI1CTZ(1.0),01/07/26 23:00:00,A,AT,COMPLET,TOTAL,NR,T,IT,2020-01-01,121.0,,
ESTAT:MIGR_EMI1CTZ(1.0),01/07/26 23:00:00,A,AU,COMPLET,TOTAL,NR,T,IT,2020-01-01,44.0,,
ESTAT:MIGR_EMI1CTZ(1.0),01/07/26 23:00:00,A,AU_NZ,COMPLET,TOTAL,NR,T,IT,2020-01-01,50.0,,
ESTAT:MIGR_EMI1CTZ(1.0),01/07/26 23:00:00,A,AZ,COMPLET,TOTAL,NR,T,IT,2020-01-01,4.0,,
ESTAT:MIGR_EMI1CTZ(1.0),01/07/26 23:00:00,A,BA,COMPLET,TOTAL,NR,T,IT,2020-01-01,131.0,,
ESTAT:MIGR_EMI1CTZ(1.0),01/07/26 23:00:00,A,BB,COMPLET,TOTAL,NR,T,IT,2020-01-01,0.0,,
ESTAT:MIGR_EMI1CTZ(1.0),01/07/26 23:00:00,A,BD,COMPLET,TOTAL,NR,T,IT,2020-01-01,1000.0,,
ESTAT:MIGR_EMI1CTZ(1.0),01/07/26 23:00:00,A,BE,COMPLET,TOTAL,NR,T,IT,2020-01-01,131.0,,
ESTAT:MIGR_EMI1CTZ(1.0),01/07/26 23:00:00,A,BF,COMPLET,TOTAL,NR,T,IT,2020-01-01,72.0,,
ESTAT:MIGR_EMI1CTZ(1.0),01/07/26 23:00:00,A,BG,COMPLET,TOTAL,NR,T,IT,2020-01-01,709.0,,
ESTAT:MIGR_EMI1CTZ(1.0),01/07/26 23:00:00,A,BH,COMPLET,TOTAL,NR,T,IT,2020-01-01,0.0,,
ESTAT:MIGR_EMI1CTZ(1.0),01/07/26 23:00:00,A,BI,COMPLET,TOTAL,NR,T,IT,2020-01-01,2.0,,
ESTAT:MIGR_EMI1CTZ(1.0),01/07/26 23:00:00,A,BJ,COMPLET,TOTAL,NR,T,IT,2020-01-01,16.0,,
ESTAT:MIGR_EMI1CTZ(1.0),01/07/26 23:00:00,A,BN,COMPLET,TOTAL,NR,T,IT,2020-01-01,0.0,,
ESTAT:MIGR_EMI1CTZ(1.0),01/07/26 23:00:00,A,BO,COMPLET,TOTAL,NR,T,IT,2020-01-01,26.0,,
ESTAT:MIGR_EMI1CTZ(1.0),01/07/26 23:00:00,A,BR,COMPLET,TOTAL,NR,T,IT,2020-01-01,1335.0,,
ESTAT:MIGR_EMI1CTZ(1.0),01/07/26 23:00:00,A,BS,COMPLET,TOTAL,NR,T,IT,2020-01-01,0.0,,
ESTAT:MIGR_EMI1CTZ(1.0),01/07/26 23:00:00,A,BT,COMPLET,TOTAL,NR,T,IT,2020-01-01,0.0,,
ESTAT:MIGR_EMI1CTZ(1.0),01/07/26 23:00:00,A,BW,COMPLET,TOTAL,NR,T,IT,2020-01-01,1.0,,
ESTAT:MIGR_EMI1CTZ(1.0),01/07/26 23:00:00,A,BY,COMPLET,TOTAL,NR,T,IT,2020-01-01,49.0,,
ESTAT:MIGR_EMI1CTZ(1.0),01/07/26 23:00:00,A,BZ,COMPLET,TOTAL,NR,T,IT,2020-01-01,0.0,,
ESTAT:MIGR_EMI1CTZ(1.0),01/07/26 23:00:00,A,CA,COMPLET,TOTAL,NR,T,IT,2020-01-01,47.0,,
ESTAT:MIGR_EMI1CTZ(1.0),01/07/26 23:00:00,A,CD,COMPLET,TOTAL,NR,T,IT,2020-01-01,20.0,,
ESTAT:MIGR_EMI1CTZ(1.0),01/07/26 23:00:00,A,CF,COMPLET,TOTAL,NR,T,IT,2020-01-01,1.0,,
ESTAT:MIGR_EMI1CTZ(1.0),01/07/26 23:00:00,A,CG,COMPLET,TOTAL,NR,T,IT,2020-01-01,39.0,,
ESTAT:MIGR_EMI1CTZ(1.0),01/07/26 23:00:00,A,CH,COMPLET,TOTAL,NR,T,IT,2020-01-01,151.0,,
ESTAT:MIGR_EMI1CTZ(1.0),01/07/26 23:00:00,A,CI,COMPLET,TOTAL,NR,T,IT,2020-01-01,260.0,,
ESTAT:MIGR_EMI1CTZ(1.0),01/07/26 23:00:00,A,CL,COMPLET,TOTAL,NR,T,IT,2020-01-01,31.0,,
ESTAT:MIGR_EMI1CTZ(1.0),01/07/26 23:00:00,A,CM,COMPLET,TOTAL,NR,T,IT,2020-01-01,92.0,,
ESTAT:MIGR_EMI1CTZ(1.0),01/07/26 23:00:00,A,CN,COMPLET,TOTAL,NR,T,IT,2020-01-01,1106.0,,
ESTAT:MIGR_EMI1CTZ(1.0),01/07/26 23:00:00,A,CO,COMPLET,TOTAL,NR,T,IT,2020-01-01,115.0,,
ESTAT:MIGR_EMI1CTZ(1.0),01/07/26 23:00:00,A,CR,COMPLET,TOTAL,NR,T,IT,2020-01-01,6.0,,
ESTAT:MIGR_EMI1CTZ(1.0),01/07/26 23:00:00,A,CRB,COMPLET,TOTAL,NR,T,IT,2020-01-01,297.0,,
ESTAT:MIGR_EMI1CTZ(1.0),01/07/26 23:00:00,A,CU,COMPLET,TOTAL,NR,T,IT,2020-01-01,130.0,,
ESTAT:MIGR_EMI1CTZ(1.0),01/07/26 23:00:00,A,CV,COMPLET,TOTAL,NR,T,IT,2020-01-01,7.0,,
ESTAT:MIGR_EMI1CTZ(1.0),01/07/26 23:00:00,A,CY,COMPLET,TOTAL,NR,T,IT,2020-01-01,10.0,,
ESTAT:MIGR_EMI1CTZ(1.0),01/07/26 23:00:00,A,CZ,COMPLET,TOTAL,NR,T,IT,2020-01-01,79.0,,
ESTAT:MIGR_EMI1CTZ(1.0),01/07/26 23:00:00,A,CZ_SK,COMPLET,TOTAL,NR,T,IT,2020-01-01,0.0,,
ESTAT:MIGR_EMI1CTZ(1.0),01/07/26 23:00:00,A,DE,COMPLET,TOTAL,NR,T,IT,2020-01-01,774.0,,
ESTAT:MIGR_EMI1CTZ(1.0),01/07/26 23:00:00,A,DJ,COMPLET,TOTAL,NR,T,IT,2020-01-01,0.0,,
ESTAT:MIGR_EMI1CTZ(1.0),01/07/26 23:00:00,A,DK,COMPLET,TOTAL,NR,T,IT,2020-01-01,46.0,,
ESTAT:MIGR_EMI1CTZ(1.0),01/07/26 23:00:00,A,DM,COMPLET,TOTAL,NR,T,IT,2020-01-01,9.0,,
ESTAT:MIGR_EMI1CTZ(1.0),01/07/26 23:00:00,A,DO,COMPLET,TOTAL,NR,T,IT,2020-01-01,155.0,,
ESTAT:MIGR_EMI1CTZ(1.0),01/07/26 23:00:00,A,DZ,COMPLET,TOTAL,NR,T,IT,2020-01-01,80.0,,
ESTAT:MIGR_EMI1CTZ(1.0),01/07/26 23:00:00,A,EC,COMPLET,TOTAL,NR,T,IT,2020-01-01,148.0,,
ESTAT:MIGR_EMI1CTZ(1.0),01/07/26 23:00:00,A,EE,COMPLET,TOTAL,NR,T,IT,2020-01-01,13.0,,
ESTAT:MIGR_EMI1CTZ(1.0),01/07/26 23:00:00,A,EG,COMPLET,TOTAL,NR,T,IT,2020-01-01,439.0,,
ESTAT:MIGR_EMI1CTZ(1.0),01/07/26 23:00:00,A,EH,COMPLET,TOTAL,NR,T,IT,2020-01-01,0.0,,
ESTAT:MIGR_EMI1CTZ(1.0),01/07/26 23:00:00,A,EL,COMPLET,TOTAL,NR,T,IT,2020-01-01,114.0,,
ESTAT:MIGR_EMI1CTZ(1.0),01/07/26 23:00:00,A,ER,COMPLET,TOTAL,NR,T,IT,2020-01-01,40.0,,
ESTAT:MIGR_EMI1CTZ(1.0),01/07/26 23:00:00,A,ES,COMPLET,TOTAL,NR,T,IT,2020-01-01,431.0,,
ESTAT:MIGR_EMI1CTZ(1.0),01/07/26 23:00:00,A,ET,COMPLET,TOTAL,NR,T,IT,2020-01-01,46.0,,
ESTAT:MIGR_EMI1CTZ(1.0),01/07/26 23:00:00,A,EU27_2020_FOR,COMPLET,TOTAL,NR,T,IT,2020-01-01,17127.0,,
ESTAT:MIGR_EMI1CTZ(1.0),01/07/26 23:00:00,A,EUR,COMPLET,TOTAL,NR,T,IT,2020-01-01,144539.0,,
ESTAT:MIGR_EMI1CTZ(1.0),01/07/26 23:00:00,A,EX_SU,COMPLET,TOTAL,NR,T,IT,2020-01-01,0.0,,
ESTAT:MIGR_EMI1CTZ(1.0),01/07/26 23:00:00,A,EX_YU,COMPLET,TOTAL,NR,T,IT,2020-01-01,0.0,,
ESTAT:MIGR_EMI1CTZ(1.0),01/07/26 23:00:00,A,FI,COMPLET,TOTAL,NR,T,IT,2020-01-01,36.0,,
ESTAT:MIGR_EMI1CTZ(1.0),01/07/26 23:00:00,A,FJ,COMPLET,TOTAL,NR,T,IT,2020-01-01,0.0,,
ESTAT:MIGR_EMI1CTZ(1.0),01/07/26 23:00:00,A,FM,COMPLET,TOTAL,NR,T,IT,2020-01-01,0.0,,
ESTAT:MIGR_EMI1CTZ(1.0),01/07/26 23:00:00,A,FOR_STLS,COMPLET,TOTAL,NR,T,IT,2020-01-01,38934.0,,
ESTAT:MIGR_EMI1CTZ(1.0),01/07/26 23:00:00,A,FR,COMPLET,TOTAL,NR,T,IT,2020-01-01,588.0,,
ESTAT:MIGR_EMI1CTZ(1.0),01/07/26 23:00:00,A,GA,COMPLET,TOTAL,NR,T,IT,2020-01-01,2.0,,
ESTAT:MIGR_EMI1CTZ(1.0),01/07/26 23:00:00,A,GD,COMPLET,TOTAL,NR,T,IT,2020-01-01,0.0,,
ESTAT:MIGR_EMI1CTZ(1.0),01/07/26 23:00:00,A,GE,COMPLET,TOTAL,NR,T,IT,2020-01-01,115.0,,
ESTAT:MIGR_EMI1CTZ(1.0),01/07/26 23:00:00,A,GH,COMPLET,TOTAL,NR,T,IT,2020-01-01,341.0,,
ESTAT:MIGR_EMI1CTZ(1.0),01/07/26 23:00:00,A,GM,COMPLET,TOTAL,NR,T,IT,2020-01-01,242.0,,
ESTAT:MIGR_EMI1CTZ(1.0),01/07/26 23:00:00,A,GN,COMPLET,TOTAL,NR,T,IT,2020-01-01,154.0,,
ESTAT:MIGR_EMI1CTZ(1.0),01/07/26 23:00:00,A,GQ,COMPLET,TOTAL,NR,T,IT,2020-01-01,0.0,,
ESTAT:MIGR_EMI1CTZ(1.0),01/07/26 23:00:00,A,GT,COMPLET,TOTAL,NR,T,IT,2020-01-01,6.0,,
ESTAT:MIGR_EMI1CTZ(1.0),01/07/26 23:00:00,A,GW,COMPLET,TOTAL,NR,T,IT,2020-01-01,36.0,,
ESTAT:MIGR_EMI1CTZ(1.0),01/07/26 23:00:00,A,GY,COMPLET,TOTAL,NR,T,IT,2020-01-01,1.0,,
ESTAT:MIGR_EMI1CTZ(1.0),01/07/26 23:00:00,A,HN,COMPLET,TOTAL,NR,T,IT,2020-01-01,16.0,,
ESTAT:MIGR_EMI1CTZ(1.0),01/07/26 23:00:00,A,HR,COMPLET,TOTAL,NR,T,IT,2020-01-01,272.0,,
ESTAT:MIGR_EMI1CTZ(1.0),01/07/26 23:00:00,A,HT,COMPLET,TOTAL,NR,T,IT,2020-01-01,1.0,,
ESTAT:MIGR_EMI1CTZ(1.0),01/07/26 23:00:00,A,HU,COMPLET,TOTAL,NR,T,IT,2020-01-01,179.0,,
ESTAT:MIGR_EMI1CTZ(1.0),01/07/26 23:00:00,A,ID,COMPLET,TOTAL,NR,T,IT,2020-01-01,28.0,,
ESTAT:MIGR_EMI1CTZ(1.0),01/07/26 23:00:00,A,IE,COMPLET,TOTAL,NR,T,IT,2020-01-01,43.0,,
ESTAT:MIGR_EMI1CTZ(1.0),01/07/26 23:00:00,A,IL,COMPLET,TOTAL,NR,T,IT,2020-01-01,13.0,,
ESTAT:MIGR_EMI1CTZ(1.0),01/07/26 23:00:00,A,IM,COMPLET,TOTAL,NR,T,IT,2020-01-01,0.0,,
ESTAT:MIGR_EMI1CTZ(1.0),01/07/26 23:00:00,A,IN,COMPLET,TOTAL,NR,T,IT,2020-01-01,1294.0,,
ESTAT:MIGR_EMI1CTZ(1.0),01/07/26 23:00:00,A,IQ,COMPLET,TOTAL,NR,T,IT,2020-01-01,84.0,,
ESTAT:MIGR_EMI1CTZ(1.0),01/07/26 23:00:00,A,IR,COMPLET,TOTAL,NR,T,IT,2020-01-01,68.0,,
ESTAT:MIGR_EMI1CTZ(1.0),01/07/26 23:00:00,A,IS,COMPLET,TOTAL,NR,T,IT,2020-01-01,6.0,,
ESTAT:MIGR_EMI1CTZ(1.0),01/07/26 23:00:00,A,IT,COMPLET,TOTAL,NR,T,IT,2020-01-01,120950.0,,
ESTAT:MIGR_EMI1CTZ(1.0),01/07/26 23:00:00,A,JE,COMPLET,TOTAL,NR,T,IT,2020-01-01,0.0,,
ESTAT:MIGR_EMI1CTZ(1.0),01/07/26 23:00:00,A,JM,COMPLET,TOTAL,NR,T,IT,2020-01-01,1.0,,
ESTAT:MIGR_EMI1CTZ(1.0),01/07/26 23:00:00,A,JO,COMPLET,TOTAL,NR,T,IT,2020-01-01,13.0,,
ESTAT:MIGR_EMI1CTZ(1.0),01/07/26 23:00:00,A,JP,COMPLET,TOTAL,NR,T,IT,2020-01-01,219.0,,
ESTAT:MIGR_EMI1CTZ(1.0),01/07/26 23:00:00,A,KE,COMPLET,TOTAL,NR,T,IT,2020-01-01,12.0,,
ESTAT:MIGR_EMI1CTZ(1.0),01/07/26 23:00:00,A,KG,COMPLET,TOTAL,NR,T,IT,2020-01-01,10.0,,
ESTAT:MIGR_EMI1CTZ(1.0),01/07/26 23:00:00,A,KH,COMPLET,TOTAL,NR,T,IT,2020-01-01,2.0,,
ESTAT:MIGR_EMI1CTZ(1.0),01/07/26 23:00:00,A,KI,COMPLET,TOTAL,NR,T,IT,2020-01-01,0.0,,
ESTAT:MIGR_EMI1CTZ(1.0),01/07/26 23:00:00,A,KM,COMPLET,TOTAL,NR,T,IT,2020-01-01,0.0,,
ESTAT:MIGR_EMI1CTZ(1.0),01/07/26 23:00:00,A,KN,COMPLET,TOTAL,NR,T,IT,2020-01-01,0.0,,
ESTAT:MIGR_EMI1CTZ(1.0),01/07/26 23:00:00,A,KP,COMPLET,TOTAL,NR,T,IT,2020-01-01,0.0,,
ESTAT:MIGR_EMI1CTZ(1.0),01/07/26 23:00:00,A,KR,COMPLET,TOTAL,NR,T,IT,2020-01-01,80.0,,
ESTAT:MIGR_EMI1CTZ(1.0),01/07/26 23:00:00,A,KW,COMPLET,TOTAL,NR,T,IT,2020-01-01,0.0,,
ESTAT:MIGR_EMI1CTZ(1.0),01/07/26 23:00:00,A,KZ,COMPLET,TOTAL,NR,T,IT,2020-01-01,41.0,,
ESTAT:MIGR_EMI1CTZ(1.0),01/07/26 23:00:00,A,LA,COMPLET,TOTAL,NR,T,IT,2020-01-01,0.0,,
ESTAT:MIGR_EMI1CTZ(1.0),01/07/26 23:00:00,A,LB,COMPLET,TOTAL,NR,T,IT,2020-01-01,25.0,,
ESTAT:MIGR_EMI1CTZ(1.0),01/07/26 23:00:00,A,LC,COMPLET,TOTAL,NR,T,IT,2020-01-01,0.0,,
ESTAT:MIGR_EMI1CTZ(1.0),01/07/26 23:00:00,A,LI,COMPLET,TOTAL,NR,T,IT,2020-01-01,2.0,,
ESTAT:MIGR_EMI1CTZ(1.0),01/07/26 23:00:00,A,LK,COMPLET,TOTAL,NR,T,IT,2020-01-01,328.0,,
ESTAT:MIGR_EMI1CTZ(1.0),01/07/26 23:00:00,A,LR,COMPLET,TOTAL,NR,T,IT,2020-01-01,7.0,,
ESTAT:MIGR_EMI1CTZ(1.0),01/07/26 23:00:00,A,LS,COMPLET,TOTAL,NR,T,IT,2020-01-01,0.0,,
ESTAT:MIGR_EMI1CTZ(1.0),01/07/26 23:00:00,A,LT,COMPLET,TOTAL,NR,T,IT,2020-01-01,57.0,,
ESTAT:MIGR_EMI1CTZ(1.0),01/07/26 23:00:00,A,LU,COMPLET,TOTAL,NR,T,IT,2020-01-01,8.0,,
ESTAT:MIGR_EMI1CTZ(1.0),01/07/26 23:00:00,A,LV,COMPLET,TOTAL,NR,T,IT,2020-01-01,25.0,,
ESTAT:MIGR_EMI1CTZ(1.0),01/07/26 23:00:00,A,LY,COMPLET,TOTAL,NR,T,IT,2020-01-01,25.0,,
ESTAT:MIGR_EMI1CTZ(1.0),01/07/26 23:00:00,A,MA,COMPLET,TOTAL,NR,T,IT,2020-01-01,1832.0,,
ESTAT:MIGR_EMI1CTZ(1.0),01/07/26 23:00:00,A,MC,COMPLET,TOTAL,NR,T,IT,2020-01-01,0.0,,
ESTAT:MIGR_EMI1CTZ(1.0),01/07/26 23:00:00,A,MD,COMPLET,TOTAL,NR,T,IT,2020-01-01,767.0,,
ESTAT:MIGR_EMI1CTZ(1.0),01/07/26 23:00:00,A,ME,COMPLET,TOTAL,NR,T,IT,2020-01-01,8.0,,
ESTAT:MIGR_EMI1CTZ(1.0),01/07/26 23:00:00,A,MEL,COMPLET,TOTAL,NR,T,IT,2020-01-01,0.0,,
ESTAT:MIGR_EMI1CTZ(1.0),01/07/26 23:00:00,A,MG,COMPLET,TOTAL,NR,T,IT,2020-01-01,9.0,,
ESTAT:MIGR_EMI1CTZ(1.0),01/07/26 23:00:00,A,MH,COMPLET,TOTAL,NR,T,IT,2020-01-01,0.0,,
ESTAT:MIGR_EMI1CTZ(1.0),01/07/26 23:00:00,A,MIC,COMPLET,TOTAL,NR,T,IT,2020-01-01,0.0,,
ESTAT:MIGR_EMI1CTZ(1.0),01/07/26 23:00:00,A,MK,COMPLET,TOTAL,NR,T,IT,2020-01-01,447.0,,
ESTAT:MIGR_EMI1CTZ(1.0),01/07/26 23:00:00,A,ML,COMPLET,TOTAL,NR,T,IT,2020-01-01,296.0,,
ESTAT:MIGR_EMI1CTZ(1.0),01/07/26 23:00:00,A,MM,COMPLET,TOTAL,NR,T,IT,2020-01-01,26.0,,
ESTAT:MIGR_EMI1CTZ(1.0),01/07/26 23:00:00,A,MN,COMPLET,TOTAL,NR,T,IT,2020-01-01,4.0,,
ESTAT:MIGR_EMI1CTZ(1.0),01/07/26 23:00:00,A,MR,COMPLET,TOTAL,NR,T,IT,2020-01-01,3.0,,
ESTAT:MIGR_EMI1CTZ(1.0),01/07/26 23:00:00,A,MT,COMPLET,TOTAL,NR,T,IT,2020-01-01,13.0,,
ESTAT:MIGR_EMI1CTZ(1.0),01/07/26 23:00:00,A,MU,COMPLET,TOTAL,NR,T,IT,2020-01-01,12.0,,
ESTAT:MIGR_EMI1CTZ(1.0),01/07/26 23:00:00,A,MV,COMPLET,TOTAL,NR,T,IT,2020-01-01,1.0,,
ESTAT:MIGR_EMI1CTZ(1.0),01/07/26 23:00:00,A,MW,COMPLET,TOTAL,NR,T,IT,2020-01-01,2.0,,
ESTAT:MIGR_EMI1CTZ(1.0),01/07/26 23:00:00,A,MX,COMPLET,TOTAL,NR,T,IT,2020-01-01,48.0,,
ESTAT:MIGR_EMI1CTZ(1.0),01/07/26 23:00:00,A,MY,COMPLET,TOTAL,NR,T,IT,2020-01-01,7.0,,
ESTAT:MIGR_EMI1CTZ(1.0),01/07/26 23:00:00,A,MZ,COMPLET,TOTAL,NR,T,IT,2020-01-01,4.0,,
ESTAT:MIGR_EMI1CTZ(1.0),01/07/26 23:00:00,A,NA,COMPLET,TOTAL,NR,T,IT,2020-01-01,1.0,,
ESTAT:MIGR_EMI1CTZ(1.0),01/07/26 23:00:00,A,NAT,COMPLET,TOTAL,NR,T,IT,2020-01-01,120950.0,,
ESTAT:MIGR_EMI1CTZ(1.0),01/07/26 23:00:00,A,NE,COMPLET,TOTAL,NR,T,IT,2020-01-01,17.0,,
ESTAT:MIGR_EMI1CTZ(1.0),01/07/26 23:00:00,A,NEU27_2020_FOR,COMPLET,TOTAL,NR,T,IT,2020-01-01,21803.0,,
ESTAT:MIGR_EMI1CTZ(1.0),01/07/26 23:00:00,A,NG,COMPLET,TOTAL,NR,T,IT,2020-01-01,905.0,,
ESTAT:MIGR_EMI1CTZ(1.0),01/07/26 23:00:00,A,NI,COMPLET,TOTAL,NR,T,IT,2020-01-01,1.0,,
ESTAT:MIGR_EMI1CTZ(1.0),01/07/26 23:00:00,A,NL,COMPLET,TOTAL,NR,T,IT,2020-01-01,216.0,,
ESTAT:MIGR_EMI1CTZ(1.0),01/07/26 23:00:00,A,NO,COMPLET,TOTAL,NR,T,IT,2020-01-01,24.0,,
ESTAT:MIGR_EMI1CTZ(1.0),01/07/26 23:00:00,A,NP,COMPLET,TOTAL,NR,T,IT,2020-01-01,12.0,,
ESTAT:MIGR_EMI1CTZ(1.0),01/07/26 23:00:00,A,NR,COMPLET,TOTAL,NR,T,IT,2020-01-01,0.0,,
ESTAT:MIGR_EMI1CTZ(1.0),01/07/26 23:00:00,A,NZ,COMPLET,TOTAL,NR,T,IT,2020-01-01,6.0,,
ESTAT:MIGR_EMI1CTZ(1.0),01/07/26 23:00:00,A,OCE,COMPLET,TOTAL,NR,T,IT,2020-01-01,52.0,,
ESTAT:MIGR_EMI1CTZ(1.0),01/07/26 23:00:00,A,OM,COMPLET,TOTAL,NR,T,IT,2020-01-01,0.0,,
ESTAT:MIGR_EMI1CTZ(1.0),01/07/26 23:00:00,A,PA,COMPLET,TOTAL,NR,T,IT,2020-01-01,2.0,,
ESTAT:MIGR_EMI1CTZ(1.0),01/07/26 23:00:00,A,PE,COMPLET,TOTAL,NR,T,IT,2020-01-01,205.0,,
ESTAT:MIGR_EMI1CTZ(1.0),01/07/26 23:00:00,A,PG,COMPLET,TOTAL,NR,T,IT,2020-01-01,0.0,,
ESTAT:MIGR_EMI1CTZ(1.0),01/07/26 23:00:00,A,PH,COMPLET,TOTAL,NR,T,IT,2020-01-01,237.0,,
ESTAT:MIGR_EMI1CTZ(1.0),01/07/26 23:00:00,A,PK,COMPLET,TOTAL,NR,T,IT,2020-01-01,1197.0,,
ESTAT:MIGR_EMI1CTZ(1.0),01/07/26 23:00:00,A,PL,COMPLET,TOTAL,NR,T,IT,2020-01-01,1088.0,,
ESTAT:MIGR_EMI1CTZ(1.0),01/07/26 23:00:00,A,POL,COMPLET,TOTAL,NR,T,IT,2020-01-01,2.0,,
ESTAT:MIGR_EMI1CTZ(1.0),01/07/26 23:00:00,A,PS,COMPLET,TOTAL,NR,T,IT,2020-01-01,6.0,,
ESTAT:MIGR_EMI1CTZ(1.0),01/07/26 23:00:00,A,PT,COMPLET,TOTAL,NR,T,IT,2020-01-01,107.0,,
ESTAT:MIGR_EMI1CTZ(1.0),01/07/26 23:00:00,A,PW,COMPLET,TOTAL,NR,T,IT,2020-01-01,0.0,,
ESTAT:MIGR_EMI1CTZ(1.0),01/07/26 23:00:00,A,PY,COMPLET,TOTAL,NR,T,IT,2020-01-01,10.0,,
ESTAT:MIGR_EMI1CTZ(1.0),01/07/26 23:00:00,A,QA,COMPLET,TOTAL,NR,T,IT,2020-01-01,0.0,,
ESTAT:MIGR_EMI1CTZ(1.0),01/07/26 23:00:00,A,RNC,COMPLET,TOTAL,NR,T,IT,2020-01-01,0.0,,
ESTAT:MIGR_EMI1CTZ(1.0),01/07/26 23:00:00,A,RO,COMPLET,TOTAL,NR,T,IT,2020-01-01,11753.0,,
ESTAT:MIGR_EMI1CTZ(1.0),01/07/26 23:00:00,A,RS,COMPLET,TOTAL,NR,T,IT,2020-01-01,202.0,,
ESTAT:MIGR_EMI1CTZ(1.0),01/07/26 23:00:00,A,RS_ME,COMPLET,TOTAL,NR,T,IT,2020-01-01,0.0,,
ESTAT:MIGR_EMI1CTZ(1.0),01/07/26 23:00:00,A,RU,COMPLET,TOTAL,NR,T,IT,2020-01-01,295.0,,
ESTAT:MIGR_EMI1CTZ(1.0),01/07/26 23:00:00,A,RW,COMPLET,TOTAL,NR,T,IT,2020-01-01,2.0,,
ESTAT:MIGR_EMI1CTZ(1.0),01/07/26 23:00:00,A,SA,COMPLET,TOTAL,NR,T,IT,2020-01-01,1.0,,
ESTAT:MIGR_EMI1CTZ(1.0),01/07/26 23:00:00,A,SB,COMPLET,TOTAL,NR,T,IT,2020-01-01,0.0,,
ESTAT:MIGR_EMI1CTZ(1.0),01/07/26 23:00:00,A,SC,COMPLET,TOTAL,NR,T,IT,2020-01-01,0.0,,
ESTAT:MIGR_EMI1CTZ(1.0),01/07/26 23:00:00,A,SD,COMPLET,TOTAL,NR,T,IT,2020-01-01,25.0,,
ESTAT:MIGR_EMI1CTZ(1.0),01/07/26 23:00:00,A,SE,COMPLET,TOTAL,NR,T,IT,2020-01-01,88.0,,
ESTAT:MIGR_EMI1CTZ(1.0),01/07/26 23:00:00,A,SG,COMPLET,TOTAL,NR,T,IT,2020-01-01,1.0,,
ESTAT:MIGR_EMI1CTZ(1.0),01/07/26 23:00:00,A,SI,COMPLET,TOTAL,NR,T,IT,2020-01-01,59.0,,
ESTAT:MIGR_EMI1CTZ(1.0),01/07/26 23:00:00,A,SK,COMPLET,TOTAL,NR,T,IT,2020-01-01,167.0,,
ESTAT:MIGR_EMI1CTZ(1.0),01/07/26 23:00:00,A,SL,COMPLET,TOTAL,NR,T,IT,2020-01-01,15.0,,
ESTAT:MIGR_EMI1CTZ(1.0),01/07/26 23:00:00,A,SM,COMPLET,TOTAL,NR,T,IT,2020-01-01,5.0,,
ESTAT:MIGR_EMI1CTZ(1.0),01/07/26 23:00:00,A,SN,COMPLET,TOTAL,NR,T,IT,2020-01-01,574.0,,
ESTAT:MIGR_EMI1CTZ(1.0),01/07/26 23:00:00,A,SO,COMPLET,TOTAL,NR,T,IT,2020-01-01,89.0,,
ESTAT:MIGR_EMI1CTZ(1.0),01/07/26 23:00:00,A,SR,COMPLET,TOTAL,NR,T,IT,2020-01-01,0.0,,
ESTAT:MIGR_EMI1CTZ(1.0),01/07/26 23:00:00,A,SS,COMPLET,TOTAL,NR,T,IT,2020-01-01,1.0,,
ESTAT:MIGR_EMI1CTZ(1.0),01/07/26 23:00:00,A,ST,COMPLET,TOTAL,NR,T,IT,2020-01-01,0.0,,
ESTAT:MIGR_EMI1CTZ(1.0),01/07/26 23:00:00,A,STLS,COMPLET,TOTAL,NR,T,IT,2020-01-01,4.0,,
ESTAT:MIGR_EMI1CTZ(1.0),01/07/26 23:00:00,A,SV,COMPLET,TOTAL,NR,T,IT,2020-01-01,21.0,,
ESTAT:MIGR_EMI1CTZ(1.0),01/07/26 23:00:00,A,SY,COMPLET,TOTAL,NR,T,IT,2020-01-01,57.0,,
ESTAT:MIGR_EMI1CTZ(1.0),01/07/26 23:00:00,A,SZ,COMPLET,TOTAL,NR,T,IT,2020-01-01,0.0,,
ESTAT:MIGR_EMI1CTZ(1.0),01/07/26 23:00:00,A,TD,COMPLET,TOTAL,NR,T,IT,2020-01-01,2.0,,
ESTAT:MIGR_EMI1CTZ(1.0),01/07/26 23:00:00,A,TG,COMPLET,TOTAL,NR,T,IT,2020-01-01,46.0,,
ESTAT:MIGR_EMI1CTZ(1.0),01/07/26 23:00:00,A,TH,COMPLET,TOTAL,NR,T,IT,2020-01-01,42.0,,
ESTAT:MIGR_EMI1CTZ(1.0),01/07/26 23:00:00,A,TJ,COMPLET,TOTAL,NR,T,IT,2020-01-01,0.0,,
ESTAT:MIGR_EMI1CTZ(1.0),01/07/26 23:00:00,A,TL,COMPLET,TOTAL,NR,T,IT,2020-01-01,0.0,,
ESTAT:MIGR_EMI1CTZ(1.0),01/07/26 23:00:00,A,TM,COMPLET,TOTAL,NR,T,IT,2020-01-01,1.0,,
ESTAT:MIGR_EMI1CTZ(1.0),01/07/26 23:00:00,A,TN,COMPLET,TOTAL,NR,T,IT,2020-01-01,349.0,,
ESTAT:MIGR_EMI1CTZ(1.0),01/07/26 23:00:00,A,TO,COMPLET,TOTAL,NR,T,IT,2020-01-01,1.0,,
ESTAT:MIGR_EMI1CTZ(1.0),01/07/26 23:00:00,A,TOTAL,COMPLET,TOTAL,NR,T,IT,2020-01-01,159884.0,,
ESTAT:MIGR_EMI1CTZ(1.0),01/07/26 23:00:00,A,TR,COMPLET,TOTAL,NR,T,IT,2020-01-01,168.0,,
ESTAT:MIGR_EMI1CTZ(1.0),01/07/26 23:00:00,A,TT,COMPLET,TOTAL,NR,T,IT,2020-01-01,1.0,,
ESTAT:MIGR_EMI1CTZ(1.0),01/07/26 23:00:00,A,TV,COMPLET,TOTAL,NR,T,IT,2020-01-01,0.0,,
ESTAT:MIGR_EMI1CTZ(1.0),01/07/26 23:00:00,A,TW,COMPLET,TOTAL,NR,T,IT,2020-01-01,11.0,,
ESTAT:MIGR_EMI1CTZ(1.0),01/07/26 23:00:00,A,TZ,COMPLET,TOTAL,NR,T,IT,2020-01-01,11.0,,
ESTAT:MIGR_EMI1CTZ(1.0),01/07/26 23:00:00,A,UA,COMPLET,TOTAL,NR,T,IT,2020-01-01,1999.0,,
ESTAT:MIGR_EMI1CTZ(1.0),01/07/26 23:00:00,A,UG,COMPLET,TOTAL,NR,T,IT,2020-01-01,1.0,,
ESTAT:MIGR_EMI1CTZ(1.0),01/07/26 23:00:00,A,UK,COMPLET,TOTAL,NR,T,IT,2020-01-01,514.0,,
ESTAT:MIGR_EMI1CTZ(1.0),01/07/26 23:00:00,A,UNK,COMPLET,TOTAL,NR,T,IT,2020-01-01,0.0,,
ESTAT:MIGR_EMI1CTZ(1.0),01/07/26 23:00:00,A,US,COMPLET,TOTAL,NR,T,IT,2020-01-01,368.0,,
ESTAT:MIGR_EMI1CTZ(1.0),01/07/26 23:00:00,A,UY,COMPLET,TOTAL,NR,T,IT,2020-01-01,7.0,,
ESTAT:MIGR_EMI1CTZ(1.0),01/07/26 23:00:00,A,UZ,COMPLET,TOTAL,NR,T,IT,2020-01-01,11.0,,
ESTAT:MIGR_EMI1CTZ(1.0),01/07/26 23:00:00,A,VA,COMPLET,TOTAL,NR,T,IT,2020-01-01,0.0,,
ESTAT:MIGR_EMI1CTZ(1.0),01/07/26 23:00:00,A,VC,COMPLET,TOTAL,NR,T,IT,2020-01-01,0.0,,
ESTAT:MIGR_EMI1CTZ(1.0),01/07/26 23:00:00,A,VE,COMPLET,TOTAL,NR,T,IT,2020-01-01,93.0,,
ESTAT:MIGR_EMI1CTZ(1.0),01/07/26 23:00:00,A,VN,COMPLET,TOTAL,NR,T,IT,2020-01-01,19.0,,
ESTAT:MIGR_EMI1CTZ(1.0),01/07/26 23:00:00,A,VU,COMPLET,TOTAL,NR,T,IT,2020-01-01,0.0,,
ESTAT:MIGR_EMI1CTZ(1.0),01/07/26 23:00:00,A,WS,COMPLET,TOTAL,NR,T,IT,2020-01-01,1.0,,
ESTAT:MIGR_EMI1CTZ(1.0),01/07/26 23:00:00,A,XK,COMPLET,TOTAL,NR,T,IT,2020-01-01,404.0,,
ESTAT:MIGR_EMI1CTZ(1.0),01/07/26 23:00:00,A,YE,COMPLET,TOTAL,NR,T,IT,2020-01-01,1.0,,
ESTAT:MIGR_EMI1CTZ(1.0),01/07/26 23:00:00,A,ZA,COMPLET,TOTAL,NR,T,IT,2020-01-01,6.0,,
ESTAT:MIGR_EMI1CTZ(1.0),01/07/26 23:00:00,A,ZM,COMPLET,TOTAL,NR,T,IT,2020-01-01,0.0,,
ESTAT:MIGR_EMI1CTZ(1.0),01/07/26 23:00:00,A,ZW,COMPLET,TOTAL,NR,T,IT,2020-01-01,0.0,,
ESTAT:MIGR_EMI1CTZ(1.0),01/07/26 23:00:00,A,AD,COMPLET,TOTAL,NR,T,IT,2021-01-01,1.0,,
ESTAT:MIGR_EMI1CTZ(1.0),01/07/26 23:00:00,A,AE,COMPLET,TOTAL,NR,T,IT,2021-01-01,4.0,,
ESTAT:MIGR_EMI1CTZ(1.0),01/07/26 23:00:00,A,AF,COMPLET,TOTAL,NR,T,IT,2021-01-01,247.0,,
ESTAT:MIGR_EMI1CTZ(1.0),01/07/26 23:00:00,A,AFR,COMPLET,TOTAL,NR,T,IT,2021-01-01,13432.0,,
ESTAT:MIGR_EMI1CTZ(1.0),01/07/26 23:00:00,A,AFR_C,COMPLET,TOTAL,NR,T,IT,2021-01-01,317.0,,
ESTAT:MIGR_EMI1CTZ(1.0),01/07/26 23:00:00,A,AFR_E,COMPLET,TOTAL,NR,T,IT,2021-01-01,563.0,,
ESTAT:MIGR_EMI1CTZ(1.0),01/07/26 23:00:00,A,AFR_N,COMPLET,TOTAL,NR,T,IT,2021-01-01,4735.0,,
ESTAT:MIGR_EMI1CTZ(1.0),01/07/26 23:00:00,A,AFR_S,COMPLET,TOTAL,NR,T,IT,2021-01-01,21.0,,
ESTAT:MIGR_EMI1CTZ(1.0),01/07/26 23:00:00,A,AFR_W,COMPLET,TOTAL,NR,T,IT,2021-01-01,7796.0,,
ESTAT:MIGR_EMI1CTZ(1.0),01/07/26 23:00:00,A,AG,COMPLET,TOTAL,NR,T,IT,2021-01-01,0.0,,
ESTAT:MIGR_EMI1CTZ(1.0),01/07/26 23:00:00,A,AL,COMPLET,TOTAL,NR,T,IT,2021-01-01,2026.0,,
ESTAT:MIGR_EMI1CTZ(1.0),01/07/26 23:00:00,A,AM,COMPLET,TOTAL,NR,T,IT,2021-01-01,18.0,,
ESTAT:MIGR_EMI1CTZ(1.0),01/07/26 23:00:00,A,AME,COMPLET,TOTAL,NR,T,IT,2021-01-01,4896.0,,
ESTAT:MIGR_EMI1CTZ(1.0),01/07/26 23:00:00,A,AME_C,COMPLET,TOTAL,NR,T,IT,2021-01-01,209.0,,
ESTAT:MIGR_EMI1CTZ(1.0),01/07/26 23:00:00,A,AME_N,COMPLET,TOTAL,NR,T,IT,2021-01-01,604.0,,
ESTAT:MIGR_EMI1CTZ(1.0),01/07/26 23:00:00,A,AME_S,COMPLET,TOTAL,NR,T,IT,2021-01-01,3562.0,,
ESTAT:MIGR_EMI1CTZ(1.0),01/07/26 23:00:00,A,AO,COMPLET,TOTAL,NR,T,IT,2021-01-01,10.0,,
ESTAT:MIGR_EMI1CTZ(1.0),01/07/26 23:00:00,A,AR,COMPLET,TOTAL,NR,T,IT,2021-01-01,473.0,,
ESTAT:MIGR_EMI1CTZ(1.0),01/07/26 23:00:00,A,ASI,COMPLET,TOTAL,NR,T,IT,2021-01-01,11758.0,,
ESTAT:MIGR_EMI1CTZ(1.0),01/07/26 23:00:00,A,ASI_C,COMPLET,TOTAL,NR,T,IT,2021-01-01,61.0,,
ESTAT:MIGR_EMI1CTZ(1.0),01/07/26 23:00:00,A,ASI_E,COMPLET,TOTAL,NR,T,IT,2021-01-01,2312.0,,
ESTAT:MIGR_EMI1CTZ(1.0),01/07/26 23:00:00,A,ASI_S,COMPLET,TOTAL,NR,T,IT,2021-01-01,7970.0,,
ESTAT:MIGR_EMI1CTZ(1.0),01/07/26 23:00:00,A,ASI_S_E,COMPLET,TOTAL,NR,T,IT,2021-01-01,744.0,,
ESTAT:MIGR_EMI1CTZ(1.0),01/07/26 23:00:00,A,ASI_W,COMPLET,TOTAL,NR,T,IT,2021-01-01,671.0,,
ESTAT:MIGR_EMI1CTZ(1.0),01/07/26 23:00:00,A,AT,COMPLET,TOTAL,NR,T,IT,2021-01-01,133.0,,
ESTAT:MIGR_EMI1CTZ(1.0),01/07/26 23:00:00,A,AU,COMPLET,TOTAL,NR,T,IT,2021-01-01,80.0,,
ESTAT:MIGR_EMI1CTZ(1.0),01/07/26 23:00:00,A,AU_NZ,COMPLET,TOTAL,NR,T,IT,2021-01-01,95.0,,
ESTAT:MIGR_EMI1CTZ(1.0),01/07/26 23:00:00,A,AZ,COMPLET,TOTAL,NR,T,IT,2021-01-01,6.0,,
ESTAT:MIGR_EMI1CTZ(1.0),01/07/26 23:00:00,A,BA,COMPLET,TOTAL,NR,T,IT,2021-01-01,190.0,,
ESTAT:MIGR_EMI1CTZ(1.0),01/07/26 23:00:00,A,BB,COMPLET,TOTAL,NR,T,IT,2021-01-01,0.0,,
ESTAT:MIGR_EMI1CTZ(1.0),01/07/26 23:00:00,A,BD,COMPLET,TOTAL,NR,T,IT,2021-01-01,2099.0,,
ESTAT:MIGR_EMI1CTZ(1.0),01/07/26 23:00:00,A,BE,COMPLET,TOTAL,NR,T,IT,2021-01-01,201.0,,
ESTAT:MIGR_EMI1CTZ(1.0),01/07/26 23:00:00,A,BF,COMPLET,TOTAL,NR,T,IT,2021-01-01,176.0,,
ESTAT:MIGR_EMI1CTZ(1.0),01/07/26 23:00:00,A,BG,COMPLET,TOTAL,NR,T,IT,2021-01-01,1015.0,,
ESTAT:MIGR_EMI1CTZ(1.0),01/07/26 23:00:00,A,BH,COMPLET,TOTAL,NR,T,IT,2021-01-01,0.0,,
ESTAT:MIGR_EMI1CTZ(1.0),01/07/26 23:00:00,A,BI,COMPLET,TOTAL,NR,T,IT,2021-01-01,9.0,,
ESTAT:MIGR_EMI1CTZ(1.0),01/07/26 23:00:00,A,BJ,COMPLET,TOTAL,NR,T,IT,2021-01-01,37.0,,
ESTAT:MIGR_EMI1CTZ(1.0),01/07/26 23:00:00,A,BN,COMPLET,TOTAL,NR,T,IT,2021-01-01,0.0,,
ESTAT:MIGR_EMI1CTZ(1.0),01/07/26 23:00:00,A,BO,COMPLET,TOTAL,NR,T,IT,2021-01-01,54.0,,
ESTAT:MIGR_EMI1CTZ(1.0),01/07/26 23:00:00,A,BR,COMPLET,TOTAL,NR,T,IT,2021-01-01,1896.0,,
ESTAT:MIGR_EMI1CTZ(1.0),01/07/26 23:00:00,A,BS,COMPLET,TOTAL,NR,T,IT,2021-01-01,4.0,,
ESTAT:MIGR_EMI1CTZ(1.0),01/07/26 23:00:00,A,BT,COMPLET,TOTAL,NR,T,IT,2021-01-01,0.0,,
ESTAT:MIGR_EMI1CTZ(1.0),01/07/26 23:00:00,A,BW,COMPLET,TOTAL,NR,T,IT,2021-01-01,1.0,,
ESTAT:MIGR_EMI1CTZ(1.0),01/07/26 23:00:00,A,BY,COMPLET,TOTAL,NR,T,IT,2021-01-01,82.0,,
ESTAT:MIGR_EMI1CTZ(1.0),01/07/26 23:00:00,A,BZ,COMPLET,TOTAL,NR,T,IT,2021-01-01,0.0,,
ESTAT:MIGR_EMI1CTZ(1.0),01/07/26 23:00:00,A,CA,COMPLET,TOTAL,NR,T,IT,2021-01-01,81.0,,
ESTAT:MIGR_EMI1CTZ(1.0),01/07/26 23:00:00,A,CD,COMPLET,TOTAL,NR,T,IT,2021-01-01,41.0,,
ESTAT:MIGR_EMI1CTZ(1.0),01/07/26 23:00:00,A,CF,COMPLET,TOTAL,NR,T,IT,2021-01-01,8.0,,
ESTAT:MIGR_EMI1CTZ(1.0),01/07/26 23:00:00,A,CG,COMPLET,TOTAL,NR,T,IT,2021-01-01,45.0,,
ESTAT:MIGR_EMI1CTZ(1.0),01/07/26 23:00:00,A,CH,COMPLET,TOTAL,NR,T,IT,2021-01-01,321.0,,
ESTAT:MIGR_EMI1CTZ(1.0),01/07/26 23:00:00,A,CI,COMPLET,TOTAL,NR,T,IT,2021-01-01,655.0,,
ESTAT:MIGR_EMI1CTZ(1.0),01/07/26 23:00:00,A,CL,COMPLET,TOTAL,NR,T,IT,2021-01-01,54.0,,
ESTAT:MIGR_EMI1CTZ(1.0),01/07/26 23:00:00,A,CM,COMPLET,TOTAL,NR,T,IT,2021-01-01,196.0,,
ESTAT:MIGR_EMI1CTZ(1.0),01/07/26 23:00:00,A,CN,COMPLET,TOTAL,NR,T,IT,2021-01-01,1942.0,,
ESTAT:MIGR_EMI1CTZ(1.0),01/07/26 23:00:00,A,CO,COMPLET,TOTAL,NR,T,IT,2021-01-01,182.0,,
ESTAT:MIGR_EMI1CTZ(1.0),01/07/26 23:00:00,A,CR,COMPLET,TOTAL,NR,T,IT,2021-01-01,15.0,,
ESTAT:MIGR_EMI1CTZ(1.0),01/07/26 23:00:00,A,CRB,COMPLET,TOTAL,NR,T,IT,2021-01-01,521.0,,
ESTAT:MIGR_EMI1CTZ(1.0),01/07/26 23:00:00,A,CU,COMPLET,TOTAL,NR,T,IT,2021-01-01,231.0,,
ESTAT:MIGR_EMI1CTZ(1.0),01/07/26 23:00:00,A,CV,COMPLET,TOTAL,NR,T,IT,2021-01-01,33.0,,
ESTAT:MIGR_EMI1CTZ(1.0),01/07/26 23:00:00,A,CY,COMPLET,TOTAL,NR,T,IT,2021-01-01,6.0,,
ESTAT:MIGR_EMI1CTZ(1.0),01/07/26 23:00:00,A,CZ,COMPLET,TOTAL,NR,T,IT,2021-01-01,130.0,,
ESTAT:MIGR_EMI1CTZ(1.0),01/07/26 23:00:00,A,CZ_SK,COMPLET,TOTAL,NR,T,IT,2021-01-01,0.0,,
ESTAT:MIGR_EMI1CTZ(1.0),01/07/26 23:00:00,A,DE,COMPLET,TOTAL,NR,T,IT,2021-01-01,1103.0,,
ESTAT:MIGR_EMI1CTZ(1.0),01/07/26 23:00:00,A,DJ,COMPLET,TOTAL,NR,T,IT,2021-01-01,0.0,,
ESTAT:MIGR_EMI1CTZ(1.0),01/07/26 23:00:00,A,DK,COMPLET,TOTAL,NR,T,IT,2021-01-01,80.0,,
ESTAT:MIGR_EMI1CTZ(1.0),01/07/26 23:00:00,A,DM,COMPLET,TOTAL,NR,T,IT,2021-01-01,13.0,,
ESTAT:MIGR_EMI1CTZ(1.0),01/07/26 23:00:00,A,DO,COMPLET,TOTAL,NR,T,IT,2021-01-01,269.0,,
ESTAT:MIGR_EMI1CTZ(1.0),01/07/26 23:00:00,A,DZ,COMPLET,TOTAL,NR,T,IT,2021-01-01,119.0,,
ESTAT:MIGR_EMI1CTZ(1.0),01/07/26 23:00:00,A,EC,COMPLET,TOTAL,NR,T,IT,2021-01-01,260.0,,
ESTAT:MIGR_EMI1CTZ(1.0),01/07/26 23:00:00,A,EE,COMPLET,TOTAL,NR,T,IT,2021-01-01,31.0,,
ESTAT:MIGR_EMI1CTZ(1.0),01/07/26 23:00:00,A,EG,COMPLET,TOTAL,NR,T,IT,2021-01-01,1243.0,,
ESTAT:MIGR_EMI1CTZ(1.0),01/07/26 23:00:00,A,EH,COMPLET,TOTAL,NR,T,IT,2021-01-01,0.0,,
ESTAT:MIGR_EMI1CTZ(1.0),01/07/26 23:00:00,A,EL,COMPLET,TOTAL,NR,T,IT,2021-01-01,149.0,,
ESTAT:MIGR_EMI1CTZ(1.0),01/07/26 23:00:00,A,ER,COMPLET,TOTAL,NR,T,IT,2021-01-01,84.0,,
ESTAT:MIGR_EMI1CTZ(1.0),01/07/26 23:00:00,A,ES,COMPLET,TOTAL,NR,T,IT,2021-01-01,643.0,,
ESTAT:MIGR_EMI1CTZ(1.0),01/07/26 23:00:00,A,ET,COMPLET,TOTAL,NR,T,IT,2021-01-01,133.0,,
ESTAT:MIGR_EMI1CTZ(1.0),01/07/26 23:00:00,A,EU27_2020_FOR,COMPLET,TOTAL,NR,T,IT,2021-01-01,23823.0,,
ESTAT:MIGR_EMI1CTZ(1.0),01/07/26 23:00:00,A,EUR,COMPLET,TOTAL,NR,T,IT,2021-01-01,128110.0,,
ESTAT:MIGR_EMI1CTZ(1.0),01/07/26 23:00:00,A,EX_SU,COMPLET,TOTAL,NR,T,IT,2021-01-01,0.0,,
ESTAT:MIGR_EMI1CTZ(1.0),01/07/26 23:00:00,A,EX_YU,COMPLET,TOTAL,NR,T,IT,2021-01-01,0.0,,
ESTAT:MIGR_EMI1CTZ(1.0),01/07/26 23:00:00,A,FI,COMPLET,TOTAL,NR,T,IT,2021-01-01,70.0,,
ESTAT:MIGR_EMI1CTZ(1.0),01/07/26 23:00:00,A,FJ,COMPLET,TOTAL,NR,T,IT,2021-01-01,0.0,,
ESTAT:MIGR_EMI1CTZ(1.0),01/07/26 23:00:00,A,FM,COMPLET,TOTAL,NR,T,IT,2021-01-01,0.0,,
ESTAT:MIGR_EMI1CTZ(1.0),01/07/26 23:00:00,A,FOR_STLS,COMPLET,TOTAL,NR,T,IT,2021-01-01,64093.0,,
ESTAT:MIGR_EMI1CTZ(1.0),01/07/26 23:00:00,A,FR,COMPLET,TOTAL,NR,T,IT,2021-01-01,1054.0,,
ESTAT:MIGR_EMI1CTZ(1.0),01/07/26 23:00:00,A,GA,COMPLET,TOTAL,NR,T,IT,2021-01-01,6.0,,
ESTAT:MIGR_EMI1CTZ(1.0),01/07/26 23:00:00,A,GD,COMPLET,TOTAL,NR,T,IT,2021-01-01,0.0,,
ESTAT:MIGR_EMI1CTZ(1.0),01/07/26 23:00:00,A,GE,COMPLET,TOTAL,NR,T,IT,2021-01-01,231.0,,
ESTAT:MIGR_EMI1CTZ(1.0),01/07/26 23:00:00,A,GH,COMPLET,TOTAL,NR,T,IT,2021-01-01,699.0,,
ESTAT:MIGR_EMI1CTZ(1.0),01/07/26 23:00:00,A,GM,COMPLET,TOTAL,NR,T,IT,2021-01-01,672.0,,
ESTAT:MIGR_EMI1CTZ(1.0),01/07/26 23:00:00,A,GN,COMPLET,TOTAL,NR,T,IT,2021-01-01,429.0,,
ESTAT:MIGR_EMI1CTZ(1.0),01/07/26 23:00:00,A,GQ,COMPLET,TOTAL,NR,T,IT,2021-01-01,0.0,,
ESTAT:MIGR_EMI1CTZ(1.0),01/07/26 23:00:00,A,GT,COMPLET,TOTAL,NR,T,IT,2021-01-01,11.0,,
ESTAT:MIGR_EMI1CTZ(1.0),01/07/26 23:00:00,A,GW,COMPLET,TOTAL,NR,T,IT,2021-01-01,102.0,,
ESTAT:MIGR_EMI1CTZ(1.0),01/07/26 23:00:00,A,GY,COMPLET,TOTAL,NR,T,IT,2021-01-01,0.0,,
ESTAT:MIGR_EMI1CTZ(1.0),01/07/26 23:00:00,A,HN,COMPLET,TOTAL,NR,T,IT,2021-01-01,18.0,,
ESTAT:MIGR_EMI1CTZ(1.0),01/07/26 23:00:00,A,HR,COMPLET,TOTAL,NR,T,IT,2021-01-01,416.0,,
ESTAT:MIGR_EMI1CTZ(1.0),01/07/26 23:00:00,A,HT,COMPLET,TOTAL,NR,T,IT,2021-01-01,1.0,,
ESTAT:MIGR_EMI1CTZ(1.0),01/07/26 23:00:00,A,HU,COMPLET,TOTAL,NR,T,IT,2021-01-01,214.0,,
ESTAT:MIGR_EMI1CTZ(1.0),01/07/26 23:00:00,A,ID,COMPLET,TOTAL,NR,T,IT,2021-01-01,41.0,,
ESTAT:MIGR_EMI1CTZ(1.0),01/07/26 23:00:00,A,IE,COMPLET,TOTAL,NR,T,IT,2021-01-01,78.0,,
ESTAT:MIGR_EMI1CTZ(1.0),01/07/26 23:00:00,A,IL,COMPLET,TOTAL,NR,T,IT,2021-01-01,31.0,,
ESTAT:MIGR_EMI1CTZ(1.0),01/07/26 23:00:00,A,IM,COMPLET,TOTAL,NR,T,IT,2021-01-01,0.0,,
ESTAT:MIGR_EMI1CTZ(1.0),01/07/26 23:00:00,A,IN,COMPLET,TOTAL,NR,T,IT,2021-01-01,2407.0,,
ESTAT:MIGR_EMI1CTZ(1.0),01/07/26 23:00:00,A,IQ,COMPLET,TOTAL,NR,T,IT,2021-01-01,174.0,,
ESTAT:MIGR_EMI1CTZ(1.0),01/07/26 23:00:00,A,IR,COMPLET,TOTAL,NR,T,IT,2021-01-01,94.0,,
ESTAT:MIGR_EMI1CTZ(1.0),01/07/26 23:00:00,A,IS,COMPLET,TOTAL,NR,T,IT,2021-01-01,4.0,,
ESTAT:MIGR_EMI1CTZ(1.0),01/07/26 23:00:00,A,IT,COMPLET,TOTAL,NR,T,IT,2021-01-01,94219.0,,
ESTAT:MIGR_EMI1CTZ(1.0),01/07/26 23:00:00,A,JE,COMPLET,TOTAL,NR,T,IT,2021-01-01,0.0,,
ESTAT:MIGR_EMI1CTZ(1.0),01/07/26 23:00:00,A,JM,COMPLET,TOTAL,NR,T,IT,2021-01-01,2.0,,
ESTAT:MIGR_EMI1CTZ(1.0),01/07/26 23:00:00,A,JO,COMPLET,TOTAL,NR,T,IT,2021-01-01,26.0,,
ESTAT:MIGR_EMI1CTZ(1.0),01/07/26 23:00:00,A,JP,COMPLET,TOTAL,NR,T,IT,2021-01-01,248.0,,
ESTAT:MIGR_EMI1CTZ(1.0),01/07/26 23:00:00,A,KE,COMPLET,TOTAL,NR,T,IT,2021-01-01,36.0,,
ESTAT:MIGR_EMI1CTZ(1.0),01/07/26 23:00:00,A,KG,COMPLET,TOTAL,NR,T,IT,2021-01-01,21.0,,
ESTAT:MIGR_EMI1CTZ(1.0),01/07/26 23:00:00,A,KH,COMPLET,TOTAL,NR,T,IT,2021-01-01,1.0,,
ESTAT:MIGR_EMI1CTZ(1.0),01/07/26 23:00:00,A,KI,COMPLET,TOTAL,NR,T,IT,2021-01-01,0.0,,
ESTAT:MIGR_EMI1CTZ(1.0),01/07/26 23:00:00,A,KM,COMPLET,TOTAL,NR,T,IT,2021-01-01,2.0,,
ESTAT:MIGR_EMI1CTZ(1.0),01/07/26 23:00:00,A,KN,COMPLET,TOTAL,NR,T,IT,2021-01-01,0.0,,
ESTAT:MIGR_EMI1CTZ(1.0),01/07/26 23:00:00,A,KP,COMPLET,TOTAL,NR,T,IT,2021-01-01,5.0,,
ESTAT:MIGR_EMI1CTZ(1.0),01/07/26 23:00:00,A,KR,COMPLET,TOTAL,NR,T,IT,2021-01-01,97.0,,
ESTAT:MIGR_EMI1CTZ(1.0),01/07/26 23:00:00,A,KW,COMPLET,TOTAL,NR,T,IT,2021-01-01,8.0,,
ESTAT:MIGR_EMI1CTZ(1.0),01/07/26 23:00:00,A,KZ,COMPLET,TOTAL,NR,T,IT,2021-01-01,31.0,,
ESTAT:MIGR_EMI1CTZ(1.0),01/07/26 23:00:00,A,LA,COMPLET,TOTAL,NR,T,IT,2021-01-01,0.0,,
ESTAT:MIGR_EMI1CTZ(1.0),01/07/26 23:00:00,A,LB,COMPLET,TOTAL,NR,T,IT,2021-01-01,50.0,,
ESTAT:MIGR_EMI1CTZ(1.0),01/07/26 23:00:00,A,LC,COMPLET,TOTAL,NR,T,IT,2021-01-01,0.0,,
ESTAT:MIGR_EMI1CTZ(1.0),01/07/26 23:00:00,A,LI,COMPLET,TOTAL,NR,T,IT,2021-01-01,0.0,,
ESTAT:MIGR_EMI1CTZ(1.0),01/07/26 23:00:00,A,LK,COMPLET,TOTAL,NR,T,IT,2021-01-01,621.0,,
ESTAT:MIGR_EMI1CTZ(1.0),01/07/26 23:00:00,A,LR,COMPLET,TOTAL,NR,T,IT,2021-01-01,18.0,,
ESTAT:MIGR_EMI1CTZ(1.0),01/07/26 23:00:00,A,LS,COMPLET,TOTAL,NR,T,IT,2021-01-01,0.0,,
ESTAT:MIGR_EMI1CTZ(1.0),01/07/26 23:00:00,A,LT,COMPLET,TOTAL,NR,T,IT,2021-01-01,71.0,,
ESTAT:MIGR_EMI1CTZ(1.0),01/07/26 23:00:00,A,LU,COMPLET,TOTAL,NR,T,IT,2021-01-01,8.0,,
ESTAT:MIGR_EMI1CTZ(1.0),01/07/26 23:00:00,A,LV,COMPLET,TOTAL,NR,T,IT,2021-01-01,28.0,,
ESTAT:MIGR_EMI1CTZ(1.0),01/07/26 23:00:00,A,LY,COMPLET,TOTAL,NR,T,IT,2021-01-01,54.0,,
ESTAT:MIGR_EMI1CTZ(1.0),01/07/26 23:00:00,A,MA,COMPLET,TOTAL,NR,T,IT,2021-01-01,2685.0,,
ESTAT:MIGR_EMI1CTZ(1.0),01/07/26 23:00:00,A,MC,COMPLET,TOTAL,NR,T,IT,2021-01-01,5.0,,
ESTAT:MIGR_EMI1CTZ(1.0),01/07/26 23:00:00,A,MD,COMPLET,TOTAL,NR,T,IT,2021-01-01,1099.0,,
ESTAT:MIGR_EMI1CTZ(1.0),01/07/26 23:00:00,A,ME,COMPLET,TOTAL,NR,T,IT,2021-01-01,10.0,,
ESTAT:MIGR_EMI1CTZ(1.0),01/07/26 23:00:00,A,MEL,COMPLET,TOTAL,NR,T,IT,2021-01-01,1.0,,
ESTAT:MIGR_EMI1CTZ(1.0),01/07/26 23:00:00,A,MG,COMPLET,TOTAL,NR,T,IT,2021-01-01,22.0,,
ESTAT:MIGR_EMI1CTZ(1.0),01/07/26 23:00:00,A,MH,COMPLET,TOTAL,NR,T,IT,2021-01-01,0.0,,
ESTAT:MIGR_EMI1CTZ(1.0),01/07/26 23:00:00,A,MIC,COMPLET,TOTAL,NR,T,IT,2021-01-01,0.0,,
ESTAT:MIGR_EMI1CTZ(1.0),01/07/26 23:00:00,A,MK,COMPLET,TOTAL,NR,T,IT,2021-01-01,548.0,,
ESTAT:MIGR_EMI1CTZ(1.0),01/07/26 23:00:00,A,ML,COMPLET,TOTAL,NR,T,IT,2021-01-01,988.0,,
ESTAT:MIGR_EMI1CTZ(1.0),01/07/26 23:00:00,A,MM,COMPLET,TOTAL,NR,T,IT,2021-01-01,1.0,,
ESTAT:MIGR_EMI1CTZ(1.0),01/07/26 23:00:00,A,MN,COMPLET,TOTAL,NR,T,IT,2021-01-01,1.0,,
ESTAT:MIGR_EMI1CTZ(1.0),01/07/26 23:00:00,A,MR,COMPLET,TOTAL,NR,T,IT,2021-01-01,12.0,,
ESTAT:MIGR_EMI1CTZ(1.0),01/07/26 23:00:00,A,MT,COMPLET,TOTAL,NR,T,IT,2021-01-01,14.0,,
ESTAT:MIGR_EMI1CTZ(1.0),01/07/26 23:00:00,A,MU,COMPLET,TOTAL,NR,T,IT,2021-01-01,36.0,,
ESTAT:MIGR_EMI1CTZ(1.0),01/07/26 23:00:00,A,MV,COMPLET,TOTAL,NR,T,IT,2021-01-01,0.0,,
ESTAT:MIGR_EMI1CTZ(1.0),01/07/26 23:00:00,A,MW,COMPLET,TOTAL,NR,T,IT,2021-01-01,0.0,,
ESTAT:MIGR_EMI1CTZ(1.0),01/07/26 23:00:00,A,MX,COMPLET,TOTAL,NR,T,IT,2021-01-01,87.0,,
ESTAT:MIGR_EMI1CTZ(1.0),01/07/26 23:00:00,A,MY,COMPLET,TOTAL,NR,T,IT,2021-01-01,28.0,,
ESTAT:MIGR_EMI1CTZ(1.0),01/07/26 23:00:00,A,MZ,COMPLET,TOTAL,NR,T,IT,2021-01-01,7.0,,
ESTAT:MIGR_EMI1CTZ(1.0),01/07/26 23:00:00,A,NA,COMPLET,TOTAL,NR,T,IT,2021-01-01,4.0,,
ESTAT:MIGR_EMI1CTZ(1.0),01/07/26 23:00:00,A,NAT,COMPLET,TOTAL,NR,T,IT,2021-01-01,94219.0,,
ESTAT:MIGR_EMI1CTZ(1.0),01/07/26 23:00:00,A,NE,COMPLET,TOTAL,NR,T,IT,2021-01-01,49.0,,
ESTAT:MIGR_EMI1CTZ(1.0),01/07/26 23:00:00,A,NEU27_2020_FOR,COMPLET,TOTAL,NR,T,IT,2021-01-01,40251.0,,
ESTAT:MIGR_EMI1CTZ(1.0),01/07/26 23:00:00,A,NG,COMPLET,TOTAL,NR,T,IT,2021-01-01,2354.0,,
ESTAT:MIGR_EMI1CTZ(1.0),01/07/26 23:00:00,A,NI,COMPLET,TOTAL,NR,T,IT,2021-01-01,8.0,,
ESTAT:MIGR_EMI1CTZ(1.0),01/07/26 23:00:00,A,NL,COMPLET,TOTAL,NR,T,IT,2021-01-01,255.0,,
ESTAT:MIGR_EMI1CTZ(1.0),01/07/26 23:00:00,A,NO,COMPLET,TOTAL,NR,T,IT,2021-01-01,25.0,,
ESTAT:MIGR_EMI1CTZ(1.0),01/07/26 23:00:00,A,NP,COMPLET,TOTAL,NR,T,IT,2021-01-01,23.0,,
ESTAT:MIGR_EMI1CTZ(1.0),01/07/26 23:00:00,A,NR,COMPLET,TOTAL,NR,T,IT,2021-01-01,0.0,,
ESTAT:MIGR_EMI1CTZ(1.0),01/07/26 23:00:00,A,NZ,COMPLET,TOTAL,NR,T,IT,2021-01-01,15.0,,
ESTAT:MIGR_EMI1CTZ(1.0),01/07/26 23:00:00,A,OCE,COMPLET,TOTAL,NR,T,IT,2021-01-01,97.0,,
ESTAT:MIGR_EMI1CTZ(1.0),01/07/26 23:00:00,A,OM,COMPLET,TOTAL,NR,T,IT,2021-01-01,1.0,,
ESTAT:MIGR_EMI1CTZ(1.0),01/07/26 23:00:00,A,PA,COMPLET,TOTAL,NR,T,IT,2021-01-01,4.0,,
ESTAT:MIGR_EMI1CTZ(1.0),01/07/26 23:00:00,A,PE,COMPLET,TOTAL,NR,T,IT,2021-01-01,378.0,,
ESTAT:MIGR_EMI1CTZ(1.0),01/07/26 23:00:00,A,PG,COMPLET,TOTAL,NR,T,IT,2021-01-01,1.0,,
ESTAT:MIGR_EMI1CTZ(1.0),01/07/26 23:00:00,A,PH,COMPLET,TOTAL,NR,T,IT,2021-01-01,566.0,,
ESTAT:MIGR_EMI1CTZ(1.0),01/07/26 23:00:00,A,PK,COMPLET,TOTAL,NR,T,IT,2021-01-01,2479.0,,
ESTAT:MIGR_EMI1CTZ(1.0),01/07/26 23:00:00,A,PL,COMPLET,TOTAL,NR,T,IT,2021-01-01,1360.0,,
ESTAT:MIGR_EMI1CTZ(1.0),01/07/26 23:00:00,A,POL,COMPLET,TOTAL,NR,T,IT,2021-01-01,1.0,,
ESTAT:MIGR_EMI1CTZ(1.0),01/07/26 23:00:00,A,PS,COMPLET,TOTAL,NR,T,IT,2021-01-01,8.0,,
ESTAT:MIGR_EMI1CTZ(1.0),01/07/26 23:00:00,A,PT,COMPLET,TOTAL,NR,T,IT,2021-01-01,165.0,,
ESTAT:MIGR_EMI1CTZ(1.0),01/07/26 23:00:00,A,PW,COMPLET,TOTAL,NR,T,IT,2021-01-01,0.0,,
ESTAT:MIGR_EMI1CTZ(1.0),01/07/26 23:00:00,A,PY,COMPLET,TOTAL,NR,T,IT,2021-01-01,10.0,,
ESTAT:MIGR_EMI1CTZ(1.0),01/07/26 23:00:00,A,QA,COMPLET,TOTAL,NR,T,IT,2021-01-01,0.0,,
ESTAT:MIGR_EMI1CTZ(1.0),01/07/26 23:00:00,A,RNC,COMPLET,TOTAL,NR,T,IT,2021-01-01,0.0,,
ESTAT:MIGR_EMI1CTZ(1.0),01/07/26 23:00:00,A,RO,COMPLET,TOTAL,NR,T,IT,2021-01-01,16181.0,,
ESTAT:MIGR_EMI1CTZ(1.0),01/07/26 23:00:00,A,RS,COMPLET,TOTAL,NR,T,IT,2021-01-01,308.0,,
ESTAT:MIGR_EMI1CTZ(1.0),01/07/26 23:00:00,A,RS_ME,COMPLET,TOTAL,NR,T,IT,2021-01-01,0.0,,
ESTAT:MIGR_EMI1CTZ(1.0),01/07/26 23:00:00,A,RU,COMPLET,TOTAL,NR,T,IT,2021-01-01,474.0,,
ESTAT:MIGR_EMI1CTZ(1.0),01/07/26 23:00:00,A,RW,COMPLET,TOTAL,NR,T,IT,2021-01-01,2.0,,
ESTAT:MIGR_EMI1CTZ(1.0),01/07/26 23:00:00,A,SA,COMPLET,TOTAL,NR,T,IT,2021-01-01,0.0,,
ESTAT:MIGR_EMI1CTZ(1.0),01/07/26 23:00:00,A,SB,COMPLET,TOTAL,NR,T,IT,2021-01-01,0.0,,
ESTAT:MIGR_EMI1CTZ(1.0),01/07/26 23:00:00,A,SC,COMPLET,TOTAL,NR,T,IT,2021-01-01,1.0,,
ESTAT:MIGR_EMI1CTZ(1.0),01/07/26 23:00:00,A,SD,COMPLET,TOTAL,NR,T,IT,2021-01-01,42.0,,
ESTAT:MIGR_EMI1CTZ(1.0),01/07/26 23:00:00,A,SE,COMPLET,TOTAL,NR,T,IT,2021-01-01,122.0,,
ESTAT:MIGR_EMI1CTZ(1.0),01/07/26 23:00:00,A,SG,COMPLET,TOTAL,NR,T,IT,2021-01-01,9.0,,
ESTAT:MIGR_EMI1CTZ(1.0),01/07/26 23:00:00,A,SI,COMPLET,TOTAL,NR,T,IT,2021-01-01,87.0,,
ESTAT:MIGR_EMI1CTZ(1.0),01/07/26 23:00:00,A,SK,COMPLET,TOTAL,NR,T,IT,2021-01-01,209.0,,
ESTAT:MIGR_EMI1CTZ(1.0),01/07/26 23:00:00,A,SL,COMPLET,TOTAL,NR,T,IT,2021-01-01,61.0,,
ESTAT:MIGR_EMI1CTZ(1.0),01/07/26 23:00:00,A,SM,COMPLET,TOTAL,NR,T,IT,2021-01-01,11.0,,
ESTAT:MIGR_EMI1CTZ(1.0),01/07/26 23:00:00,A,SN,COMPLET,TOTAL,NR,T,IT,2021-01-01,1435.0,,
ESTAT:MIGR_EMI1CTZ(1.0),01/07/26 23:00:00,A,SO,COMPLET,TOTAL,NR,T,IT,2021-01-01,205.0,,
ESTAT:MIGR_EMI1CTZ(1.0),01/07/26 23:00:00,A,SR,COMPLET,TOTAL,NR,T,IT,2021-01-01,0.0,,
ESTAT:MIGR_EMI1CTZ(1.0),01/07/26 23:00:00,A,SS,COMPLET,TOTAL,NR,T,IT,2021-01-01,2.0,,
ESTAT:MIGR_EMI1CTZ(1.0),01/07/26 23:00:00,A,ST,COMPLET,TOTAL,NR,T,IT,2021-01-01,0.0,,
ESTAT:MIGR_EMI1CTZ(1.0),01/07/26 23:00:00,A,STLS,COMPLET,TOTAL,NR,T,IT,2021-01-01,19.0,,
ESTAT:MIGR_EMI1CTZ(1.0),01/07/26 23:00:00,A,SV,COMPLET,TOTAL,NR,T,IT,2021-01-01,66.0,,
ESTAT:MIGR_EMI1CTZ(1.0),01/07/26 23:00:00,A,SY,COMPLET,TOTAL,NR,T,IT,2021-01-01,108.0,,
ESTAT:MIGR_EMI1CTZ(1.0),01/07/26 23:00:00,A,SZ,COMPLET,TOTAL,NR,T,IT,2021-01-01,0.0,,
ESTAT:MIGR_EMI1CTZ(1.0),01/07/26 23:00:00,A,TD,COMPLET,TOTAL,NR,T,IT,2021-01-01,11.0,,
ESTAT:MIGR_EMI1CTZ(1.0),01/07/26 23:00:00,A,TG,COMPLET,TOTAL,NR,T,IT,2021-01-01,76.0,,
ESTAT:MIGR_EMI1CTZ(1.0),01/07/26 23:00:00,A,TH,COMPLET,TOTAL,NR,T,IT,2021-01-01,52.0,,
ESTAT:MIGR_EMI1CTZ(1.0),01/07/26 23:00:00,A,TJ,COMPLET,TOTAL,NR,T,IT,2021-01-01,0.0,,
ESTAT:MIGR_EMI1CTZ(1.0),01/07/26 23:00:00,A,TL,COMPLET,TOTAL,NR,T,IT,2021-01-01,6.0,,
ESTAT:MIGR_EMI1CTZ(1.0),01/07/26 23:00:00,A,TM,COMPLET,TOTAL,NR,T,IT,2021-01-01,2.0,,
ESTAT:MIGR_EMI1CTZ(1.0),01/07/26 23:00:00,A,TN,COMPLET,TOTAL,NR,T,IT,2021-01-01,590.0,,
ESTAT:MIGR_EMI1CTZ(1.0),01/07/26 23:00:00,A,TO,COMPLET,TOTAL,NR,T,IT,2021-01-01,0.0,,
ESTAT:MIGR_EMI1CTZ(1.0),01/07/26 23:00:00,A,TOTAL,COMPLET,TOTAL,NR,T,IT,2021-01-01,158312.0,,
ESTAT:MIGR_EMI1CTZ(1.0),01/07/26 23:00:00,A,TR,COMPLET,TOTAL,NR,T,IT,2021-01-01,249.0,,
ESTAT:MIGR_EMI1CTZ(1.0),01/07/26 23:00:00,A,TT,COMPLET,TOTAL,NR,T,IT,2021-01-01,1.0,,
ESTAT:MIGR_EMI1CTZ(1.0),01/07/26 23:00:00,A,TV,COMPLET,TOTAL,NR,T,IT,2021-01-01,0.0,,
ESTAT:MIGR_EMI1CTZ(1.0),01/07/26 23:00:00,A,TW,COMPLET,TOTAL,NR,T,IT,2021-01-01,19.0,,
ESTAT:MIGR_EMI1CTZ(1.0),01/07/26 23:00:00,A,TZ,COMPLET,TOTAL,NR,T,IT,2021-01-01,14.0,,
ESTAT:MIGR_EMI1CTZ(1.0),01/07/26 23:00:00,A,UA,COMPLET,TOTAL,NR,T,IT,2021-01-01,3338.0,,
ESTAT:MIGR_EMI1CTZ(1.0),01/07/26 23:00:00,A,UG,COMPLET,TOTAL,NR,T,IT,2021-01-01,9.0,,
ESTAT:MIGR_EMI1CTZ(1.0),01/07/26 23:00:00,A,UK,COMPLET,TOTAL,NR,T,IT,2021-01-01,881.0,,
ESTAT:MIGR_EMI1CTZ(1.0),01/07/26 23:00:00,A,UNK,COMPLET,TOTAL,NR,T,IT,2021-01-01,0.0,,
ESTAT:MIGR_EMI1CTZ(1.0),01/07/26 23:00:00,A,US,COMPLET,TOTAL,NR,T,IT,2021-01-01,523.0,,
ESTAT:MIGR_EMI1CTZ(1.0),01/07/26 23:00:00,A,UY,COMPLET,TOTAL,NR,T,IT,2021-01-01,27.0,,
ESTAT:MIGR_EMI1CTZ(1.0),01/07/26 23:00:00,A,UZ,COMPLET,TOTAL,NR,T,IT,2021-01-01,7.0,,
ESTAT:MIGR_EMI1CTZ(1.0),01/07/26 23:00:00,A,VA,COMPLET,TOTAL,NR,T,IT,2021-01-01,1.0,,
ESTAT:MIGR_EMI1CTZ(1.0),01/07/26 23:00:00,A,VC,COMPLET,TOTAL,NR,T,IT,2021-01-01,0.0,,
ESTAT:MIGR_EMI1CTZ(1.0),01/07/26 23:00:00,A,VE,COMPLET,TOTAL,NR,T,IT,2021-01-01,228.0,,
ESTAT:MIGR_EMI1CTZ(1.0),01/07/26 23:00:00,A,VN,COMPLET,TOTAL,NR,T,IT,2021-01-01,40.0,,
ESTAT:MIGR_EMI1CTZ(1.0),01/07/26 23:00:00,A,VU,COMPLET,TOTAL,NR,T,IT,2021-01-01,0.0,,
ESTAT:MIGR_EMI1CTZ(1.0),01/07/26 23:00:00,A,WS,COMPLET,TOTAL,NR,T,IT,2021-01-01,1.0,,
ESTAT:MIGR_EMI1CTZ(1.0),01/07/26 23:00:00,A,XK,COMPLET,TOTAL,NR,T,IT,2021-01-01,495.0,,
ESTAT:MIGR_EMI1CTZ(1.0),01/07/26 23:00:00,A,YE,COMPLET,TOTAL,NR,T,IT,2021-01-01,6.0,,
ESTAT:MIGR_EMI1CTZ(1.0),01/07/26 23:00:00,A,ZA,COMPLET,TOTAL,NR,T,IT,2021-01-01,16.0,,
ESTAT:MIGR_EMI1CTZ(1.0),01/07/26 23:00:00,A,ZM,COMPLET,TOTAL,NR,T,IT,2021-01-01,1.0,,
ESTAT:MIGR_EMI1CTZ(1.0),01/07/26 23:00:00,A,ZW,COMPLET,TOTAL,NR,T,IT,2021-01-01,2.0,,
ESTAT:MIGR_EMI1CTZ(1.0),01/07/26 23:00:00,A,AD,COMPLET,TOTAL,NR,T,IT,2022-01-01,0.0,,
ESTAT:MIGR_EMI1CTZ(1.0),01/07/26 23:00:00,A,AE,COMPLET,TOTAL,NR,T,IT,2022-01-01,0.0,,
ESTAT:MIGR_EMI1CTZ(1.0),01/07/26 23:00:00,A,AF,COMPLET,TOTAL,NR,T,IT,2022-01-01,387.0,,
ESTAT:MIGR_EMI1CTZ(1.0),01/07/26 23:00:00,A,AFR,COMPLET,TOTAL,NR,T,IT,2022-01-01,10013.0,,
ESTAT:MIGR_EMI1CTZ(1.0),01/07/26 23:00:00,A,AFR_C,COMPLET,TOTAL,NR,T,IT,2022-01-01,223.0,,
ESTAT:MIGR_EMI1CTZ(1.0),01/07/26 23:00:00,A,AFR_E,COMPLET,TOTAL,NR,T,IT,2022-01-01,516.0,,
ESTAT:MIGR_EMI1CTZ(1.0),01/07/26 23:00:00,A,AFR_N,COMPLET,TOTAL,NR,T,IT,2022-01-01,3778.0,,
ESTAT:MIGR_EMI1CTZ(1.0),01/07/26 23:00:00,A,AFR_S,COMPLET,TOTAL,NR,T,IT,2022-01-01,14.0,,
ESTAT:MIGR_EMI1CTZ(1.0),01/07/26 23:00:00,A,AFR_W,COMPLET,TOTAL,NR,T,IT,2022-01-01,5482.0,,
ESTAT:MIGR_EMI1CTZ(1.0),01/07/26 23:00:00,A,AG,COMPLET,TOTAL,NR,T,IT,2022-01-01,0.0,,
ESTAT:MIGR_EMI1CTZ(1.0),01/07/26 23:00:00,A,AL,COMPLET,TOTAL,NR,T,IT,2022-01-01,1833.0,,
ESTAT:MIGR_EMI1CTZ(1.0),01/07/26 23:00:00,A,AM,COMPLET,TOTAL,NR,T,IT,2022-01-01,36.0,,
ESTAT:MIGR_EMI1CTZ(1.0),01/07/26 23:00:00,A,AME,COMPLET,TOTAL,NR,T,IT,2022-01-01,2843.0,,
ESTAT:MIGR_EMI1CTZ(1.0),01/07/26 23:00:00,A,AME_C,COMPLET,TOTAL,NR,T,IT,2022-01-01,198.0,,
ESTAT:MIGR_EMI1CTZ(1.0),01/07/26 23:00:00,A,AME_N,COMPLET,TOTAL,NR,T,IT,2022-01-01,448.0,,
ESTAT:MIGR_EMI1CTZ(1.0),01/07/26 23:00:00,A,AME_S,COMPLET,TOTAL,NR,T,IT,2022-01-01,1794.0,,
ESTAT:MIGR_EMI1CTZ(1.0),01/07/26 23:00:00,A,AO,COMPLET,TOTAL,NR,T,IT,2022-01-01,10.0,,
ESTAT:MIGR_EMI1CTZ(1.0),01/07/26 23:00:00,A,AR,COMPLET,TOTAL,NR,T,IT,2022-01-01,265.0,,
ESTAT:MIGR_EMI1CTZ(1.0),01/07/26 23:00:00,A,ASI,COMPLET,TOTAL,NR,T,IT,2022-01-01,9658.0,,
ESTAT:MIGR_EMI1CTZ(1.0),01/07/26 23:00:00,A,ASI_C,COMPLET,TOTAL,NR,T,IT,2022-01-01,54.0,,
ESTAT:MIGR_EMI1CTZ(1.0),01/07/26 23:00:00,A,ASI_E,COMPLET,TOTAL,NR,T,IT,2022-01-01,1807.0,,
ESTAT:MIGR_EMI1CTZ(1.0),01/07/26 23:00:00,A,ASI_S,COMPLET,TOTAL,NR,T,IT,2022-01-01,6393.0,,
ESTAT:MIGR_EMI1CTZ(1.0),01/07/26 23:00:00,A,ASI_S_E,COMPLET,TOTAL,NR,T,IT,2022-01-01,633.0,,
ESTAT:MIGR_EMI1CTZ(1.0),01/07/26 23:00:00,A,ASI_W,COMPLET,TOTAL,NR,T,IT,2022-01-01,771.0,,
ESTAT:MIGR_EMI1CTZ(1.0),01/07/26 23:00:00,A,AT,COMPLET,TOTAL,NR,T,IT,2022-01-01,122.0,,
ESTAT:MIGR_EMI1CTZ(1.0),01/07/26 23:00:00,A,AU,COMPLET,TOTAL,NR,T,IT,2022-01-01,37.0,,
ESTAT:MIGR_EMI1CTZ(1.0),01/07/26 23:00:00,A,AU_NZ,COMPLET,TOTAL,NR,T,IT,2022-01-01,45.0,,
ESTAT:MIGR_EMI1CTZ(1.0),01/07/26 23:00:00,A,AZ,COMPLET,TOTAL,NR,T,IT,2022-01-01,13.0,,
ESTAT:MIGR_EMI1CTZ(1.0),01/07/26 23:00:00,A,BA,COMPLET,TOTAL,NR,T,IT,2022-01-01,166.0,,
ESTAT:MIGR_EMI1CTZ(1.0),01/07/26 23:00:00,A,BB,COMPLET,TOTAL,NR,T,IT,2022-01-01,0.0,,
ESTAT:MIGR_EMI1CTZ(1.0),01/07/26 23:00:00,A,BD,COMPLET,TOTAL,NR,T,IT,2022-01-01,1587.0,,
ESTAT:MIGR_EMI1CTZ(1.0),01/07/26 23:00:00,A,BE,COMPLET,TOTAL,NR,T,IT,2022-01-01,126.0,,
ESTAT:MIGR_EMI1CTZ(1.0),01/07/26 23:00:00,A,BF,COMPLET,TOTAL,NR,T,IT,2022-01-01,179.0,,
ESTAT:MIGR_EMI1CTZ(1.0),01/07/26 23:00:00,A,BG,COMPLET,TOTAL,NR,T,IT,2022-01-01,756.0,,
ESTAT:MIGR_EMI1CTZ(1.0),01/07/26 23:00:00,A,BH,COMPLET,TOTAL,NR,T,IT,2022-01-01,0.0,,
ESTAT:MIGR_EMI1CTZ(1.0),01/07/26 23:00:00,A,BI,COMPLET,TOTAL,NR,T,IT,2022-01-01,5.0,,
ESTAT:MIGR_EMI1CTZ(1.0),01/07/26 23:00:00,A,BJ,COMPLET,TOTAL,NR,T,IT,2022-01-01,17.0,,
ESTAT:MIGR_EMI1CTZ(1.0),01/07/26 23:00:00,A,BN,COMPLET,TOTAL,NR,T,IT,2022-01-01,0.0,,
ESTAT:MIGR_EMI1CTZ(1.0),01/07/26 23:00:00,A,BO,COMPLET,TOTAL,NR,T,IT,2022-01-01,34.0,,
ESTAT:MIGR_EMI1CTZ(1.0),01/07/26 23:00:00,A,BR,COMPLET,TOTAL,NR,T,IT,2022-01-01,686.0,,
ESTAT:MIGR_EMI1CTZ(1.0),01/07/26 23:00:00,A,BS,COMPLET,TOTAL,NR,T,IT,2022-01-01,0.0,,
ESTAT:MIGR_EMI1CTZ(1.0),01/07/26 23:00:00,A,BT,COMPLET,TOTAL,NR,T,IT,2022-01-01,0.0,,
ESTAT:MIGR_EMI1CTZ(1.0),01/07/26 23:00:00,A,BW,COMPLET,TOTAL,NR,T,IT,2022-01-01,0.0,,
ESTAT:MIGR_EMI1CTZ(1.0),01/07/26 23:00:00,A,BY,COMPLET,TOTAL,NR,T,IT,2022-01-01,76.0,,
ESTAT:MIGR_EMI1CTZ(1.0),01/07/26 23:00:00,A,BZ,COMPLET,TOTAL,NR,T,IT,2022-01-01,0.0,,
ESTAT:MIGR_EMI1CTZ(1.0),01/07/26 23:00:00,A,CA,COMPLET,TOTAL,NR,T,IT,2022-01-01,34.0,,
ESTAT:MIGR_EMI1CTZ(1.0),01/07/26 23:00:00,A,CC8_22_FOR,COMPLET,TOTAL,NR,T,IT,2022-01-01,6794.0,,
ESTAT:MIGR_EMI1CTZ(1.0),01/07/26 23:00:00,A,CD,COMPLET,TOTAL,NR,T,IT,2022-01-01,31.0,,
ESTAT:MIGR_EMI1CTZ(1.0),01/07/26 23:00:00,A,CF,COMPLET,TOTAL,NR,T,IT,2022-01-01,2.0,,
ESTAT:MIGR_EMI1CTZ(1.0),01/07/26 23:00:00,A,CG,COMPLET,TOTAL,NR,T,IT,2022-01-01,34.0,,
ESTAT:MIGR_EMI1CTZ(1.0),01/07/26 23:00:00,A,CH,COMPLET,TOTAL,NR,T,IT,2022-01-01,199.0,,
ESTAT:MIGR_EMI1CTZ(1.0),01/07/26 23:00:00,A,CI,COMPLET,TOTAL,NR,T,IT,2022-01-01,471.0,,
ESTAT:MIGR_EMI1CTZ(1.0),01/07/26 23:00:00,A,CL,COMPLET,TOTAL,NR,T,IT,2022-01-01,33.0,,
ESTAT:MIGR_EMI1CTZ(1.0),01/07/26 23:00:00,A,CM,COMPLET,TOTAL,NR,T,IT,2022-01-01,133.0,,
ESTAT:MIGR_EMI1CTZ(1.0),01/07/26 23:00:00,A,CN,COMPLET,TOTAL,NR,T,IT,2022-01-01,1532.0,,
ESTAT:MIGR_EMI1CTZ(1.0),01/07/26 23:00:00,A,CO,COMPLET,TOTAL,NR,T,IT,2022-01-01,162.0,,
ESTAT:MIGR_EMI1CTZ(1.0),01/07/26 23:00:00,A,CR,COMPLET,TOTAL,NR,T,IT,2022-01-01,11.0,,
ESTAT:MIGR_EMI1CTZ(1.0),01/07/26 23:00:00,A,CRB,COMPLET,TOTAL,NR,T,IT,2022-01-01,403.0,,
ESTAT:MIGR_EMI1CTZ(1.0),01/07/26 23:00:00,A,CU,COMPLET,TOTAL,NR,T,IT,2022-01-01,192.0,,
ESTAT:MIGR_EMI1CTZ(1.0),01/07/26 23:00:00,A,CV,COMPLET,TOTAL,NR,T,IT,2022-01-01,18.0,,
ESTAT:MIGR_EMI1CTZ(1.0),01/07/26 23:00:00,A,CY,COMPLET,TOTAL,NR,T,IT,2022-01-01,5.0,,
ESTAT:MIGR_EMI1CTZ(1.0),01/07/26 23:00:00,A,CZ,COMPLET,TOTAL,NR,T,IT,2022-01-01,87.0,,
ESTAT:MIGR_EMI1CTZ(1.0),01/07/26 23:00:00,A,CZ_SK,COMPLET,TOTAL,NR,T,IT,2022-01-01,0.0,,
ESTAT:MIGR_EMI1CTZ(1.0),01/07/26 23:00:00,A,DE,COMPLET,TOTAL,NR,T,IT,2022-01-01,881.0,,
ESTAT:MIGR_EMI1CTZ(1.0),01/07/26 23:00:00,A,DJ,COMPLET,TOTAL,NR,T,IT,2022-01-01,0.0,,
ESTAT:MIGR_EMI1CTZ(1.0),01/07/26 23:00:00,A,DK,COMPLET,TOTAL,NR,T,IT,2022-01-01,53.0,,
ESTAT:MIGR_EMI1CTZ(1.0),01/07/26 23:00:00,A,DM,COMPLET,TOTAL,NR,T,IT,2022-01-01,8.0,,
ESTAT:MIGR_EMI1CTZ(1.0),01/07/26 23:00:00,A,DO,COMPLET,TOTAL,NR,T,IT,2022-01-01,200.0,,
ESTAT:MIGR_EMI1CTZ(1.0),01/07/26 23:00:00,A,DZ,COMPLET,TOTAL,NR,T,IT,2022-01-01,80.0,,
ESTAT:MIGR_EMI1CTZ(1.0),01/07/26 23:00:00,A,EC,COMPLET,TOTAL,NR,T,IT,2022-01-01,179.0,,
ESTAT:MIGR_EMI1CTZ(1.0),01/07/26 23:00:00,A,EE,COMPLET,TOTAL,NR,T,IT,2022-01-01,26.0,,
ESTAT:MIGR_EMI1CTZ(1.0),01/07/26 23:00:00,A,EG,COMPLET,TOTAL,NR,T,IT,2022-01-01,1198.0,,
ESTAT:MIGR_EMI1CTZ(1.0),01/07/26 23:00:00,A,EH,COMPLET,TOTAL,NR,T,IT,2022-01-01,0.0,,
ESTAT:MIGR_EMI1CTZ(1.0),01/07/26 23:00:00,A,EL,COMPLET,TOTAL,NR,T,IT,2022-01-01,130.0,,
ESTAT:MIGR_EMI1CTZ(1.0),01/07/26 23:00:00,A,ER,COMPLET,TOTAL,NR,T,IT,2022-01-01,74.0,,
ESTAT:MIGR_EMI1CTZ(1.0),01/07/26 23:00:00,A,ES,COMPLET,TOTAL,NR,T,IT,2022-01-01,597.0,,
ESTAT:MIGR_EMI1CTZ(1.0),01/07/26 23:00:00,A,ET,COMPLET,TOTAL,NR,T,IT,2022-01-01,86.0,,
ESTAT:MIGR_EMI1CTZ(1.0),01/07/26 23:00:00,A,EU27_2020_FOR,COMPLET,TOTAL,NR,T,IT,2022-01-01,19617.0,,
ESTAT:MIGR_EMI1CTZ(1.0),01/07/26 23:00:00,A,EUR,COMPLET,TOTAL,NR,T,IT,2022-01-01,127622.0,,
ESTAT:MIGR_EMI1CTZ(1.0),01/07/26 23:00:00,A,EX_SU,COMPLET,TOTAL,NR,T,IT,2022-01-01,0.0,,
ESTAT:MIGR_EMI1CTZ(1.0),01/07/26 23:00:00,A,EX_YU,COMPLET,TOTAL,NR,T,IT,2022-01-01,0.0,,
ESTAT:MIGR_EMI1CTZ(1.0),01/07/26 23:00:00,A,FI,COMPLET,TOTAL,NR,T,IT,2022-01-01,101.0,,
ESTAT:MIGR_EMI1CTZ(1.0),01/07/26 23:00:00,A,FJ,COMPLET,TOTAL,NR,T,IT,2022-01-01,0.0,,
ESTAT:MIGR_EMI1CTZ(1.0),01/07/26 23:00:00,A,FM,COMPLET,TOTAL,NR,T,IT,2022-01-01,0.0,,
ESTAT:MIGR_EMI1CTZ(1.0),01/07/26 23:00:00,A,FOR_STLS,COMPLET,TOTAL,NR,T,IT,2022-01-01,50679.0,,
ESTAT:MIGR_EMI1CTZ(1.0),01/07/26 23:00:00,A,FR,COMPLET,TOTAL,NR,T,IT,2022-01-01,679.0,,
ESTAT:MIGR_EMI1CTZ(1.0),01/07/26 23:00:00,A,GA,COMPLET,TOTAL,NR,T,IT,2022-01-01,2.0,,
ESTAT:MIGR_EMI1CTZ(1.0),01/07/26 23:00:00,A,GD,COMPLET,TOTAL,NR,T,IT,2022-01-01,0.0,,
ESTAT:MIGR_EMI1CTZ(1.0),01/07/26 23:00:00,A,GE,COMPLET,TOTAL,NR,T,IT,2022-01-01,420.0,,
ESTAT:MIGR_EMI1CTZ(1.0),01/07/26 23:00:00,A,GH,COMPLET,TOTAL,NR,T,IT,2022-01-01,447.0,,
ESTAT:MIGR_EMI1CTZ(1.0),01/07/26 23:00:00,A,GM,COMPLET,TOTAL,NR,T,IT,2022-01-01,376.0,,
ESTAT:MIGR_EMI1CTZ(1.0),01/07/26 23:00:00,A,GN,COMPLET,TOTAL,NR,T,IT,2022-01-01,330.0,,
ESTAT:MIGR_EMI1CTZ(1.0),01/07/26 23:00:00,A,GQ,COMPLET,TOTAL,NR,T,IT,2022-01-01,2.0,,
ESTAT:MIGR_EMI1CTZ(1.0),01/07/26 23:00:00,A,GT,COMPLET,TOTAL,NR,T,IT,2022-01-01,12.0,,
ESTAT:MIGR_EMI1CTZ(1.0),01/07/26 23:00:00,A,GW,COMPLET,TOTAL,NR,T,IT,2022-01-01,63.0,,
ESTAT:MIGR_EMI1CTZ(1.0),01/07/26 23:00:00,A,GY,COMPLET,TOTAL,NR,T,IT,2022-01-01,0.0,,
ESTAT:MIGR_EMI1CTZ(1.0),01/07/26 23:00:00,A,HN,COMPLET,TOTAL,NR,T,IT,2022-01-01,19.0,,
ESTAT:MIGR_EMI1CTZ(1.0),01/07/26 23:00:00,A,HR,COMPLET,TOTAL,NR,T,IT,2022-01-01,374.0,,
ESTAT:MIGR_EMI1CTZ(1.0),01/07/26 23:00:00,A,HT,COMPLET,TOTAL,NR,T,IT,2022-01-01,1.0,,
ESTAT:MIGR_EMI1CTZ(1.0),01/07/26 23:00:00,A,HU,COMPLET,TOTAL,NR,T,IT,2022-01-01,164.0,,
ESTAT:MIGR_EMI1CTZ(1.0),01/07/26 23:00:00,A,ID,COMPLET,TOTAL,NR,T,IT,2022-01-01,23.0,,
ESTAT:MIGR_EMI1CTZ(1.0),01/07/26 23:00:00,A,IE,COMPLET,TOTAL,NR,T,IT,2022-01-01,87.0,,
ESTAT:MIGR_EMI1CTZ(1.0),01/07/26 23:00:00,A,IL,COMPLET,TOTAL,NR,T,IT,2022-01-01,17.0,,
ESTAT:MIGR_EMI1CTZ(1.0),01/07/26 23:00:00,A,IM,COMPLET,TOTAL,NR,T,IT,2022-01-01,0.0,,
ESTAT:MIGR_EMI1CTZ(1.0),01/07/26 23:00:00,A,IN,COMPLET,TOTAL,NR,T,IT,2022-01-01,1747.0,,
ESTAT:MIGR_EMI1CTZ(1.0),01/07/26 23:00:00,A,IQ,COMPLET,TOTAL,NR,T,IT,2022-01-01,158.0,,
ESTAT:MIGR_EMI1CTZ(1.0),01/07/26 23:00:00,A,IR,COMPLET,TOTAL,NR,T,IT,2022-01-01,81.0,,
ESTAT:MIGR_EMI1CTZ(1.0),01/07/26 23:00:00,A,IS,COMPLET,TOTAL,NR,T,IT,2022-01-01,4.0,,
ESTAT:MIGR_EMI1CTZ(1.0),01/07/26 23:00:00,A,IT,COMPLET,TOTAL,NR,T,IT,2022-01-01,99510.0,,
ESTAT:MIGR_EMI1CTZ(1.0),01/07/26 23:00:00,A,JE,COMPLET,TOTAL,NR,T,IT,2022-01-01,0.0,,
ESTAT:MIGR_EMI1CTZ(1.0),01/07/26 23:00:00,A,JM,COMPLET,TOTAL,NR,T,IT,2022-01-01,0.0,,
ESTAT:MIGR_EMI1CTZ(1.0),01/07/26 23:00:00,A,JO,COMPLET,TOTAL,NR,T,IT,2022-01-01,22.0,,
ESTAT:MIGR_EMI1CTZ(1.0),01/07/26 23:00:00,A,JP,COMPLET,TOTAL,NR,T,IT,2022-01-01,189.0,,
ESTAT:MIGR_EMI1CTZ(1.0),01/07/26 23:00:00,A,KE,COMPLET,TOTAL,NR,T,IT,2022-01-01,33.0,,
ESTAT:MIGR_EMI1CTZ(1.0),01/07/26 23:00:00,A,KG,COMPLET,TOTAL,NR,T,IT,2022-01-01,19.0,,
ESTAT:MIGR_EMI1CTZ(1.0),01/07/26 23:00:00,A,KH,COMPLET,TOTAL,NR,T,IT,2022-01-01,0.0,,
ESTAT:MIGR_EMI1CTZ(1.0),01/07/26 23:00:00,A,KI,COMPLET,TOTAL,NR,T,IT,2022-01-01,0.0,,
ESTAT:MIGR_EMI1CTZ(1.0),01/07/26 23:00:00,A,KM,COMPLET,TOTAL,NR,T,IT,2022-01-01,0.0,,
ESTAT:MIGR_EMI1CTZ(1.0),01/07/26 23:00:00,A,KN,COMPLET,TOTAL,NR,T,IT,2022-01-01,0.0,,
ESTAT:MIGR_EMI1CTZ(1.0),01/07/26 23:00:00,A,KP,COMPLET,TOTAL,NR,T,IT,2022-01-01,1.0,,
ESTAT:MIGR_EMI1CTZ(1.0),01/07/26 23:00:00,A,KR,COMPLET,TOTAL,NR,T,IT,2022-01-01,72.0,,
ESTAT:MIGR_EMI1CTZ(1.0),01/07/26 23:00:00,A,KW,COMPLET,TOTAL,NR,T,IT,2022-01-01,1.0,,
ESTAT:MIGR_EMI1CTZ(1.0),01/07/26 23:00:00,A,KZ,COMPLET,TOTAL,NR,T,IT,2022-01-01,29.0,,
ESTAT:MIGR_EMI1CTZ(1.0),01/07/26 23:00:00,A,LA,COMPLET,TOTAL,NR,T,IT,2022-01-01,0.0,,
ESTAT:MIGR_EMI1CTZ(1.0),01/07/26 23:00:00,A,LB,COMPLET,TOTAL,NR,T,IT,2022-01-01,27.0,,
ESTAT:MIGR_EMI1CTZ(1.0),01/07/26 23:00:00,A,LC,COMPLET,TOTAL,NR,T,IT,2022-01-01,1.0,,
ESTAT:MIGR_EMI1CTZ(1.0),01/07/26 23:00:00,A,LI,COMPLET,TOTAL,NR,T,IT,2022-01-01,0.0,,
ESTAT:MIGR_EMI1CTZ(1.0),01/07/26 23:00:00,A,LK,COMPLET,TOTAL,NR,T,IT,2022-01-01,392.0,,
ESTAT:MIGR_EMI1CTZ(1.0),01/07/26 23:00:00,A,LR,COMPLET,TOTAL,NR,T,IT,2022-01-01,22.0,,
ESTAT:MIGR_EMI1CTZ(1.0),01/07/26 23:00:00,A,LS,COMPLET,TOTAL,NR,T,IT,2022-01-01,0.0,,
ESTAT:MIGR_EMI1CTZ(1.0),01/07/26 23:00:00,A,LT,COMPLET,TOTAL,NR,T,IT,2022-01-01,70.0,,
ESTAT:MIGR_EMI1CTZ(1.0),01/07/26 23:00:00,A,LU,COMPLET,TOTAL,NR,T,IT,2022-01-01,10.0,,
ESTAT:MIGR_EMI1CTZ(1.0),01/07/26 23:00:00,A,LV,COMPLET,TOTAL,NR,T,IT,2022-01-01,43.0,,
ESTAT:MIGR_EMI1CTZ(1.0),01/07/26 23:00:00,A,LY,COMPLET,TOTAL,NR,T,IT,2022-01-01,30.0,,
ESTAT:MIGR_EMI1CTZ(1.0),01/07/26 23:00:00,A,MA,COMPLET,TOTAL,NR,T,IT,2022-01-01,1925.0,,
ESTAT:MIGR_EMI1CTZ(1.0),01/07/26 23:00:00,A,MC,COMPLET,TOTAL,NR,T,IT,2022-01-01,0.0,,
ESTAT:MIGR_EMI1CTZ(1.0),01/07/26 23:00:00,A,MD,COMPLET,TOTAL,NR,T,IT,2022-01-01,1110.0,,
ESTAT:MIGR_EMI1CTZ(1.0),01/07/26 23:00:00,A,ME,COMPLET,TOTAL,NR,T,IT,2022-01-01,9.0,,
ESTAT:MIGR_EMI1CTZ(1.0),01/07/26 23:00:00,A,MEL,COMPLET,TOTAL,NR,T,IT,2022-01-01,0.0,,
ESTAT:MIGR_EMI1CTZ(1.0),01/07/26 23:00:00,A,MG,COMPLET,TOTAL,NR,T,IT,2022-01-01,13.0,,
ESTAT:MIGR_EMI1CTZ(1.0),01/07/26 23:00:00,A,MH,COMPLET,TOTAL,NR,T,IT,2022-01-01,0.0,,
ESTAT:MIGR_EMI1CTZ(1.0),01/07/26 23:00:00,A,MIC,COMPLET,TOTAL,NR,T,IT,2022-01-01,0.0,,
ESTAT:MIGR_EMI1CTZ(1.0),01/07/26 23:00:00,A,MK,COMPLET,TOTAL,NR,T,IT,2022-01-01,509.0,,
ESTAT:MIGR_EMI1CTZ(1.0),01/07/26 23:00:00,A,ML,COMPLET,TOTAL,NR,T,IT,2022-01-01,820.0,,
ESTAT:MIGR_EMI1CTZ(1.0),01/07/26 23:00:00,A,MM,COMPLET,TOTAL,NR,T,IT,2022-01-01,4.0,,
ESTAT:MIGR_EMI1CTZ(1.0),01/07/26 23:00:00,A,MN,COMPLET,TOTAL,NR,T,IT,2022-01-01,1.0,,
ESTAT:MIGR_EMI1CTZ(1.0),01/07/26 23:00:00,A,MR,COMPLET,TOTAL,NR,T,IT,2022-01-01,7.0,,
ESTAT:MIGR_EMI1CTZ(1.0),01/07/26 23:00:00,A,MT,COMPLET,TOTAL,NR,T,IT,2022-01-01,10.0,,
ESTAT:MIGR_EMI1CTZ(1.0),01/07/26 23:00:00,A,MU,COMPLET,TOTAL,NR,T,IT,2022-01-01,27.0,,
ESTAT:MIGR_EMI1CTZ(1.0),01/07/26 23:00:00,A,MV,COMPLET,TOTAL,NR,T,IT,2022-01-01,0.0,,
ESTAT:MIGR_EMI1CTZ(1.0),01/07/26 23:00:00,A,MW,COMPLET,TOTAL,NR,T,IT,2022-01-01,2.0,,
ESTAT:MIGR_EMI1CTZ(1.0),01/07/26 23:00:00,A,MX,COMPLET,TOTAL,NR,T,IT,2022-01-01,92.0,,
ESTAT:MIGR_EMI1CTZ(1.0),01/07/26 23:00:00,A,MY,COMPLET,TOTAL,NR,T,IT,2022-01-01,18.0,,
ESTAT:MIGR_EMI1CTZ(1.0),01/07/26 23:00:00,A,MZ,COMPLET,TOTAL,NR,T,IT,2022-01-01,9.0,,
ESTAT:MIGR_EMI1CTZ(1.0),01/07/26 23:00:00,A,NA,COMPLET,TOTAL,NR,T,IT,2022-01-01,0.0,,
ESTAT:MIGR_EMI1CTZ(1.0),01/07/26 23:00:00,A,NAT,COMPLET,TOTAL,NR,T,IT,2022-01-01,99510.0,,
ESTAT:MIGR_EMI1CTZ(1.0),01/07/26 23:00:00,A,NE,COMPLET,TOTAL,NR,T,IT,2022-01-01,52.0,,
ESTAT:MIGR_EMI1CTZ(1.0),01/07/26 23:00:00,A,NEU27_2020_FOR,COMPLET,TOTAL,NR,T,IT,2022-01-01,31054.0,,
ESTAT:MIGR_EMI1CTZ(1.0),01/07/26 23:00:00,A,NG,COMPLET,TOTAL,NR,T,IT,2022-01-01,1509.0,,
ESTAT:MIGR_EMI1CTZ(1.0),01/07/26 23:00:00,A,NI,COMPLET,TOTAL,NR,T,IT,2022-01-01,7.0,,
ESTAT:MIGR_EMI1CTZ(1.0),01/07/26 23:00:00,A,NL,COMPLET,TOTAL,NR,T,IT,2022-01-01,244.0,,
ESTAT:MIGR_EMI1CTZ(1.0),01/07/26 23:00:00,A,NO,COMPLET,TOTAL,NR,T,IT,2022-01-01,22.0,,
ESTAT:MIGR_EMI1CTZ(1.0),01/07/26 23:00:00,A,NP,COMPLET,TOTAL,NR,T,IT,2022-01-01,22.0,,
ESTAT:MIGR_EMI1CTZ(1.0),01/07/26 23:00:00,A,NR,COMPLET,TOTAL,NR,T,IT,2022-01-01,0.0,,
ESTAT:MIGR_EMI1CTZ(1.0),01/07/26 23:00:00,A,NZ,COMPLET,TOTAL,NR,T,IT,2022-01-01,8.0,,
ESTAT:MIGR_EMI1CTZ(1.0),01/07/26 23:00:00,A,OCE,COMPLET,TOTAL,NR,T,IT,2022-01-01,45.0,,
ESTAT:MIGR_EMI1CTZ(1.0),01/07/26 23:00:00,A,OM,COMPLET,TOTAL,NR,T,IT,2022-01-01,0.0,,
ESTAT:MIGR_EMI1CTZ(1.0),01/07/26 23:00:00,A,OTH,COMPLET,TOTAL,NR,T,IT,2022-01-01,0.0,,
ESTAT:MIGR_EMI1CTZ(1.0),01/07/26 23:00:00,A,PA,COMPLET,TOTAL,NR,T,IT,2022-01-01,1.0,,
ESTAT:MIGR_EMI1CTZ(1.0),01/07/26 23:00:00,A,PE,COMPLET,TOTAL,NR,T,IT,2022-01-01,306.0,,
ESTAT:MIGR_EMI1CTZ(1.0),01/07/26 23:00:00,A,PG,COMPLET,TOTAL,NR,T,IT,2022-01-01,0.0,,
ESTAT:MIGR_EMI1CTZ(1.0),01/07/26 23:00:00,A,PH,COMPLET,TOTAL,NR,T,IT,2022-01-01,504.0,,
ESTAT:MIGR_EMI1CTZ(1.0),01/07/26 23:00:00,A,PK,COMPLET,TOTAL,NR,T,IT,2022-01-01,2177.0,,
ESTAT:MIGR_EMI1CTZ(1.0),01/07/26 23:00:00,A,PL,COMPLET,TOTAL,NR,T,IT,2022-01-01,1149.0,,
ESTAT:MIGR_EMI1CTZ(1.0),01/07/26 23:00:00,A,POL,COMPLET,TOTAL,NR,T,IT,2022-01-01,0.0,,
ESTAT:MIGR_EMI1CTZ(1.0),01/07/26 23:00:00,A,PS,COMPLET,TOTAL,NR,T,IT,2022-01-01,25.0,,
ESTAT:MIGR_EMI1CTZ(1.0),01/07/26 23:00:00,A,PT,COMPLET,TOTAL,NR,T,IT,2022-01-01,172.0,,
ESTAT:MIGR_EMI1CTZ(1.0),01/07/26 23:00:00,A,PW,COMPLET,TOTAL,NR,T,IT,2022-01-01,0.0,,
ESTAT:MIGR_EMI1CTZ(1.0),01/07/26 23:00:00,A,PY,COMPLET,TOTAL,NR,T,IT,2022-01-01,15.0,,
ESTAT:MIGR_EMI1CTZ(1.0),01/07/26 23:00:00,A,QA,COMPLET,TOTAL,NR,T,IT,2022-01-01,0.0,,
ESTAT:MIGR_EMI1CTZ(1.0),01/07/26 23:00:00,A,RNC,COMPLET,TOTAL,NR,T,IT,2022-01-01,0.0,,
ESTAT:MIGR_EMI1CTZ(1.0),01/07/26 23:00:00,A,RO,COMPLET,TOTAL,NR,T,IT,2022-01-01,13367.0,,
ESTAT:MIGR_EMI1CTZ(1.0),01/07/26 23:00:00,A,RS,COMPLET,TOTAL,NR,T,IT,2022-01-01,302.0,,
ESTAT:MIGR_EMI1CTZ(1.0),01/07/26 23:00:00,A,RS_ME,COMPLET,TOTAL,NR,T,IT,2022-01-01,0.0,,
ESTAT:MIGR_EMI1CTZ(1.0),01/07/26 23:00:00,A,RU,COMPLET,TOTAL,NR,T,IT,2022-01-01,440.0,,
ESTAT:MIGR_EMI1CTZ(1.0),01/07/26 23:00:00,A,RW,COMPLET,TOTAL,NR,T,IT,2022-01-01,6.0,,
ESTAT:MIGR_EMI1CTZ(1.0),01/07/26 23:00:00,A,SA,COMPLET,TOTAL,NR,T,IT,2022-01-01,4.0,,
ESTAT:MIGR_EMI1CTZ(1.0),01/07/26 23:00:00,A,SB,COMPLET,TOTAL,NR,T,IT,2022-01-01,0.0,,
ESTAT:MIGR_EMI1CTZ(1.0),01/07/26 23:00:00,A,SC,COMPLET,TOTAL,NR,T,IT,2022-01-01,2.0,,
ESTAT:MIGR_EMI1CTZ(1.0),01/07/26 23:00:00,A,SD,COMPLET,TOTAL,NR,T,IT,2022-01-01,44.0,,
ESTAT:MIGR_EMI1CTZ(1.0),01/07/26 23:00:00,A,SE,COMPLET,TOTAL,NR,T,IT,2022-01-01,101.0,,
ESTAT:MIGR_EMI1CTZ(1.0),01/07/26 23:00:00,A,SG,COMPLET,TOTAL,NR,T,IT,2022-01-01,5.0,,
ESTAT:MIGR_EMI1CTZ(1.0),01/07/26 23:00:00,A,SI,COMPLET,TOTAL,NR,T,IT,2022-01-01,104.0,,
ESTAT:MIGR_EMI1CTZ(1.0),01/07/26 23:00:00,A,SK,COMPLET,TOTAL,NR,T,IT,2022-01-01,159.0,,
ESTAT:MIGR_EMI1CTZ(1.0),01/07/26 23:00:00,A,SL,COMPLET,TOTAL,NR,T,IT,2022-01-01,46.0,,
ESTAT:MIGR_EMI1CTZ(1.0),01/07/26 23:00:00,A,SM,COMPLET,TOTAL,NR,T,IT,2022-01-01,4.0,,
ESTAT:MIGR_EMI1CTZ(1.0),01/07/26 23:00:00,A,SN,COMPLET,TOTAL,NR,T,IT,2022-01-01,1068.0,,
ESTAT:MIGR_EMI1CTZ(1.0),01/07/26 23:00:00,A,SO,COMPLET,TOTAL,NR,T,IT,2022-01-01,226.0,,
ESTAT:MIGR_EMI1CTZ(1.0),01/07/26 23:00:00,A,SR,COMPLET,TOTAL,NR,T,IT,2022-01-01,0.0,,
ESTAT:MIGR_EMI1CTZ(1.0),01/07/26 23:00:00,A,SS,COMPLET,TOTAL,NR,T,IT,2022-01-01,2.0,,
ESTAT:MIGR_EMI1CTZ(1.0),01/07/26 23:00:00,A,ST,COMPLET,TOTAL,NR,T,IT,2022-01-01,0.0,,
ESTAT:MIGR_EMI1CTZ(1.0),01/07/26 23:00:00,A,STLS,COMPLET,TOTAL,NR,T,IT,2022-01-01,8.0,,
ESTAT:MIGR_EMI1CTZ(1.0),01/07/26 23:00:00,A,SV,COMPLET,TOTAL,NR,T,IT,2022-01-01,56.0,,
ESTAT:MIGR_EMI1CTZ(1.0),01/07/26 23:00:00,A,SY,COMPLET,TOTAL,NR,T,IT,2022-01-01,45.0,,
ESTAT:MIGR_EMI1CTZ(1.0),01/07/26 23:00:00,A,SZ,COMPLET,TOTAL,NR,T,IT,2022-01-01,0.0,,
ESTAT:MIGR_EMI1CTZ(1.0),01/07/26 23:00:00,A,TD,COMPLET,TOTAL,NR,T,IT,2022-01-01,9.0,,
ESTAT:MIGR_EMI1CTZ(1.0),01/07/26 23:00:00,A,TG,COMPLET,TOTAL,NR,T,IT,2022-01-01,57.0,,
ESTAT:MIGR_EMI1CTZ(1.0),01/07/26 23:00:00,A,TH,COMPLET,TOTAL,NR,T,IT,2022-01-01,56.0,,
ESTAT:MIGR_EMI1CTZ(1.0),01/07/26 23:00:00,A,TJ,COMPLET,TOTAL,NR,T,IT,2022-01-01,0.0,,
ESTAT:MIGR_EMI1CTZ(1.0),01/07/26 23:00:00,A,TL,COMPLET,TOTAL,NR,T,IT,2022-01-01,0.0,,
ESTAT:MIGR_EMI1CTZ(1.0),01/07/26 23:00:00,A,TM,COMPLET,TOTAL,NR,T,IT,2022-01-01,2.0,,
ESTAT:MIGR_EMI1CTZ(1.0),01/07/26 23:00:00,A,TN,COMPLET,TOTAL,NR,T,IT,2022-01-01,499.0,,
ESTAT:MIGR_EMI1CTZ(1.0),01/07/26 23:00:00,A,TO,COMPLET,TOTAL,NR,T,IT,2022-01-01,0.0,,
ESTAT:MIGR_EMI1CTZ(1.0),01/07/26 23:00:00,A,TOTAL,COMPLET,TOTAL,NR,T,IT,2022-01-01,150189.0,,
ESTAT:MIGR_EMI1CTZ(1.0),01/07/26 23:00:00,A,TR,COMPLET,TOTAL,NR,T,IT,2022-01-01,197.0,,
ESTAT:MIGR_EMI1CTZ(1.0),01/07/26 23:00:00,A,TT,COMPLET,TOTAL,NR,T,IT,2022-01-01,1.0,,
ESTAT:MIGR_EMI1CTZ(1.0),01/07/26 23:00:00,A,TV,COMPLET,TOTAL,NR,T,IT,2022-01-01,0.0,,
ESTAT:MIGR_EMI1CTZ(1.0),01/07/26 23:00:00,A,TW,COMPLET,TOTAL,NR,T,IT,2022-01-01,12.0,,
ESTAT:MIGR_EMI1CTZ(1.0),01/07/26 23:00:00,A,TZ,COMPLET,TOTAL,NR,T,IT,2022-01-01,15.0,,
ESTAT:MIGR_EMI1CTZ(1.0),01/07/26 23:00:00,A,UA,COMPLET,TOTAL,NR,T,IT,2022-01-01,2668.0,,
ESTAT:MIGR_EMI1CTZ(1.0),01/07/26 23:00:00,A,UG,COMPLET,TOTAL,NR,T,IT,2022-01-01,6.0,,
ESTAT:MIGR_EMI1CTZ(1.0),01/07/26 23:00:00,A,UK,COMPLET,TOTAL,NR,T,IT,2022-01-01,552.0,,
ESTAT:MIGR_EMI1CTZ(1.0),01/07/26 23:00:00,A,UNK,COMPLET,TOTAL,NR,T,IT,2022-01-01,0.0,,
ESTAT:MIGR_EMI1CTZ(1.0),01/07/26 23:00:00,A,US,COMPLET,TOTAL,NR,T,IT,2022-01-01,414.0,,
ESTAT:MIGR_EMI1CTZ(1.0),01/07/26 23:00:00,A,UY,COMPLET,TOTAL,NR,T,IT,2022-01-01,10.0,,
ESTAT:MIGR_EMI1CTZ(1.0),01/07/26 23:00:00,A,UZ,COMPLET,TOTAL,NR,T,IT,2022-01-01,4.0,,
ESTAT:MIGR_EMI1CTZ(1.0),01/07/26 23:00:00,A,VA,COMPLET,TOTAL,NR,T,IT,2022-01-01,0.0,,
ESTAT:MIGR_EMI1CTZ(1.0),01/07/26 23:00:00,A,VC,COMPLET,TOTAL,NR,T,IT,2022-01-01,0.0,,
ESTAT:MIGR_EMI1CTZ(1.0),01/07/26 23:00:00,A,VE,COMPLET,TOTAL,NR,T,IT,2022-01-01,104.0,,
ESTAT:MIGR_EMI1CTZ(1.0),01/07/26 23:00:00,A,VN,COMPLET,TOTAL,NR,T,IT,2022-01-01,23.0,,
ESTAT:MIGR_EMI1CTZ(1.0),01/07/26 23:00:00,A,VU,COMPLET,TOTAL,NR,T,IT,2022-01-01,0.0,,
ESTAT:MIGR_EMI1CTZ(1.0),01/07/26 23:00:00,A,WS,COMPLET,TOTAL,NR,T,IT,2022-01-01,0.0,,
ESTAT:MIGR_EMI1CTZ(1.0),01/07/26 23:00:00,A,XK,COMPLET,TOTAL,NR,T,IT,2022-01-01,404.0,,
ESTAT:MIGR_EMI1CTZ(1.0),01/07/26 23:00:00,A,YE,COMPLET,TOTAL,NR,T,IT,2022-01-01,3.0,,
ESTAT:MIGR_EMI1CTZ(1.0),01/07/26 23:00:00,A,ZA,COMPLET,TOTAL,NR,T,IT,2022-01-01,14.0,,
ESTAT:MIGR_EMI1CTZ(1.0),01/07/26 23:00:00,A,ZM,COMPLET,TOTAL,NR,T,IT,2022-01-01,9.0,,
ESTAT:MIGR_EMI1CTZ(1.0),01/07/26 23:00:00,A,ZW,COMPLET,TOTAL,NR,T,IT,2022-01-01,3.0,,
ESTAT:MIGR_EMI1CTZ(1.0),01/07/26 23:00:00,A,AD,COMPLET,TOTAL,NR,T,IT,2023-01-01,1.0,,
ESTAT:MIGR_EMI1CTZ(1.0),01/07/26 23:00:00,A,AE,COMPLET,TOTAL,NR,T,IT,2023-01-01,1.0,,
ESTAT:MIGR_EMI1CTZ(1.0),01/07/26 23:00:00,A,AF,COMPLET,TOTAL,NR,T,IT,2023-01-01,361.0,,
ESTAT:MIGR_EMI1CTZ(1.0),01/07/26 23:00:00,A,AFR,COMPLET,TOTAL,NR,T,IT,2023-01-01,6393.0,,
ESTAT:MIGR_EMI1CTZ(1.0),01/07/26 23:00:00,A,AFR_C,COMPLET,TOTAL,NR,T,IT,2023-01-01,170.0,,
ESTAT:MIGR_EMI1CTZ(1.0),01/07/26 23:00:00,A,AFR_E,COMPLET,TOTAL,NR,T,IT,2023-01-01,380.0,,
ESTAT:MIGR_EMI1CTZ(1.0),01/07/26 23:00:00,A,AFR_N,COMPLET,TOTAL,NR,T,IT,2023-01-01,3151.0,,
ESTAT:MIGR_EMI1CTZ(1.0),01/07/26 23:00:00,A,AFR_S,COMPLET,TOTAL,NR,T,IT,2023-01-01,17.0,,
ESTAT:MIGR_EMI1CTZ(1.0),01/07/26 23:00:00,A,AFR_W,COMPLET,TOTAL,NR,T,IT,2023-01-01,2675.0,,
ESTAT:MIGR_EMI1CTZ(1.0),01/07/26 23:00:00,A,AG,COMPLET,TOTAL,NR,T,IT,2023-01-01,0.0,,
ESTAT:MIGR_EMI1CTZ(1.0),01/07/26 23:00:00,A,AL,COMPLET,TOTAL,NR,T,IT,2023-01-01,1643.0,,
ESTAT:MIGR_EMI1CTZ(1.0),01/07/26 23:00:00,A,AM,COMPLET,TOTAL,NR,T,IT,2023-01-01,37.0,,
ESTAT:MIGR_EMI1CTZ(1.0),01/07/26 23:00:00,A,AME,COMPLET,TOTAL,NR,T,IT,2023-01-01,3186.0,,
ESTAT:MIGR_EMI1CTZ(1.0),01/07/26 23:00:00,A,AME_C,COMPLET,TOTAL,NR,T,IT,2023-01-01,201.0,,
ESTAT:MIGR_EMI1CTZ(1.0),01/07/26 23:00:00,A,AME_N,COMPLET,TOTAL,NR,T,IT,2023-01-01,473.0,,
ESTAT:MIGR_EMI1CTZ(1.0),01/07/26 23:00:00,A,AME_S,COMPLET,TOTAL,NR,T,IT,2023-01-01,2075.0,,
ESTAT:MIGR_EMI1CTZ(1.0),01/07/26 23:00:00,A,AO,COMPLET,TOTAL,NR,T,IT,2023-01-01,6.0,,
ESTAT:MIGR_EMI1CTZ(1.0),01/07/26 23:00:00,A,AR,COMPLET,TOTAL,NR,T,IT,2023-01-01,383.0,,
ESTAT:MIGR_EMI1CTZ(1.0),01/07/26 23:00:00,A,ASI,COMPLET,TOTAL,NR,T,IT,2023-01-01,8347.0,,
ESTAT:MIGR_EMI1CTZ(1.0),01/07/26 23:00:00,A,ASI_C,COMPLET,TOTAL,NR,T,IT,2023-01-01,130.0,,
ESTAT:MIGR_EMI1CTZ(1.0),01/07/26 23:00:00,A,ASI_E,COMPLET,TOTAL,NR,T,IT,2023-01-01,1721.0,,
ESTAT:MIGR_EMI1CTZ(1.0),01/07/26 23:00:00,A,ASI_S,COMPLET,TOTAL,NR,T,IT,2023-01-01,5182.0,,
ESTAT:MIGR_EMI1CTZ(1.0),01/07/26 23:00:00,A,ASI_S_E,COMPLET,TOTAL,NR,T,IT,2023-01-01,609.0,,
ESTAT:MIGR_EMI1CTZ(1.0),01/07/26 23:00:00,A,ASI_W,COMPLET,TOTAL,NR,T,IT,2023-01-01,705.0,,
ESTAT:MIGR_EMI1CTZ(1.0),01/07/26 23:00:00,A,AT,COMPLET,TOTAL,NR,T,IT,2023-01-01,144.0,,
ESTAT:MIGR_EMI1CTZ(1.0),01/07/26 23:00:00,A,AU,COMPLET,TOTAL,NR,T,IT,2023-01-01,50.0,,
ESTAT:MIGR_EMI1CTZ(1.0),01/07/26 23:00:00,A,AU_NZ,COMPLET,TOTAL,NR,T,IT,2023-01-01,63.0,,
ESTAT:MIGR_EMI1CTZ(1.0),01/07/26 23:00:00,A,AZ,COMPLET,TOTAL,NR,T,IT,2023-01-01,11.0,,
ESTAT:MIGR_EMI1CTZ(1.0),01/07/26 23:00:00,A,BA,COMPLET,TOTAL,NR,T,IT,2023-01-01,156.0,,
ESTAT:MIGR_EMI1CTZ(1.0),01/07/26 23:00:00,A,BB,COMPLET,TOTAL,NR,T,IT,2023-01-01,0.0,,
ESTAT:MIGR_EMI1CTZ(1.0),01/07/26 23:00:00,A,BD,COMPLET,TOTAL,NR,T,IT,2023-01-01,1323.0,,
ESTAT:MIGR_EMI1CTZ(1.0),01/07/26 23:00:00,A,BE,COMPLET,TOTAL,NR,T,IT,2023-01-01,161.0,,
ESTAT:MIGR_EMI1CTZ(1.0),01/07/26 23:00:00,A,BF,COMPLET,TOTAL,NR,T,IT,2023-01-01,72.0,,
ESTAT:MIGR_EMI1CTZ(1.0),01/07/26 23:00:00,A,BG,COMPLET,TOTAL,NR,T,IT,2023-01-01,709.0,,
ESTAT:MIGR_EMI1CTZ(1.0),01/07/26 23:00:00,A,BH,COMPLET,TOTAL,NR,T,IT,2023-01-01,0.0,,
ESTAT:MIGR_EMI1CTZ(1.0),01/07/26 23:00:00,A,BI,COMPLET,TOTAL,NR,T,IT,2023-01-01,8.0,,
ESTAT:MIGR_EMI1CTZ(1.0),01/07/26 23:00:00,A,BJ,COMPLET,TOTAL,NR,T,IT,2023-01-01,9.0,,
ESTAT:MIGR_EMI1CTZ(1.0),01/07/26 23:00:00,A,BN,COMPLET,TOTAL,NR,T,IT,2023-01-01,0.0,,
ESTAT:MIGR_EMI1CTZ(1.0),01/07/26 23:00:00,A,BO,COMPLET,TOTAL,NR,T,IT,2023-01-01,37.0,,
ESTAT:MIGR_EMI1CTZ(1.0),01/07/26 23:00:00,A,BR,COMPLET,TOTAL,NR,T,IT,2023-01-01,761.0,,
ESTAT:MIGR_EMI1CTZ(1.0),01/07/26 23:00:00,A,BS,COMPLET,TOTAL,NR,T,IT,2023-01-01,1.0,,
ESTAT:MIGR_EMI1CTZ(1.0),01/07/26 23:00:00,A,BT,COMPLET,TOTAL,NR,T,IT,2023-01-01,0.0,,
ESTAT:MIGR_EMI1CTZ(1.0),01/07/26 23:00:00,A,BW,COMPLET,TOTAL,NR,T,IT,2023-01-01,1.0,,
ESTAT:MIGR_EMI1CTZ(1.0),01/07/26 23:00:00,A,BY,COMPLET,TOTAL,NR,T,IT,2023-01-01,69.0,,
ESTAT:MIGR_EMI1CTZ(1.0),01/07/26 23:00:00,A,BZ,COMPLET,TOTAL,NR,T,IT,2023-01-01,0.0,,
ESTAT:MIGR_EMI1CTZ(1.0),01/07/26 23:00:00,A,CA,COMPLET,TOTAL,NR,T,IT,2023-01-01,46.0,,
ESTAT:MIGR_EMI1CTZ(1.0),01/07/26 23:00:00,A,CC9_23_FOR,COMPLET,TOTAL,NR,T,IT,2023-01-01,8342.0,,
ESTAT:MIGR_EMI1CTZ(1.0),01/07/26 23:00:00,A,CD,COMPLET,TOTAL,NR,T,IT,2023-01-01,28.0,,
ESTAT:MIGR_EMI1CTZ(1.0),01/07/26 23:00:00,A,CF,COMPLET,TOTAL,NR,T,IT,2023-01-01,1.0,,
ESTAT:MIGR_EMI1CTZ(1.0),01/07/26 23:00:00,A,CG,COMPLET,TOTAL,NR,T,IT,2023-01-01,21.0,,
ESTAT:MIGR_EMI1CTZ(1.0),01/07/26 23:00:00,A,CH,COMPLET,TOTAL,NR,T,IT,2023-01-01,178.0,,
ESTAT:MIGR_EMI1CTZ(1.0),01/07/26 23:00:00,A,CI,COMPLET,TOTAL,NR,T,IT,2023-01-01,228.0,,
ESTAT:MIGR_EMI1CTZ(1.0),01/07/26 23:00:00,A,CL,COMPLET,TOTAL,NR,T,IT,2023-01-01,32.0,,
ESTAT:MIGR_EMI1CTZ(1.0),01/07/26 23:00:00,A,CM,COMPLET,TOTAL,NR,T,IT,2023-01-01,107.0,,
ESTAT:MIGR_EMI1CTZ(1.0),01/07/26 23:00:00,A,CN,COMPLET,TOTAL,NR,T,IT,2023-01-01,1454.0,,
ESTAT:MIGR_EMI1CTZ(1.0),01/07/26 23:00:00,A,CO,COMPLET,TOTAL,NR,T,IT,2023-01-01,156.0,,
ESTAT:MIGR_EMI1CTZ(1.0),01/07/26 23:00:00,A,CR,COMPLET,TOTAL,NR,T,IT,2023-01-01,10.0,,
ESTAT:MIGR_EMI1CTZ(1.0),01/07/26 23:00:00,A,CRB,COMPLET,TOTAL,NR,T,IT,2023-01-01,437.0,,
ESTAT:MIGR_EMI1CTZ(1.0),01/07/26 23:00:00,A,CU,COMPLET,TOTAL,NR,T,IT,2023-01-01,221.0,,
ESTAT:MIGR_EMI1CTZ(1.0),01/07/26 23:00:00,A,CV,COMPLET,TOTAL,NR,T,IT,2023-01-01,17.0,,
ESTAT:MIGR_EMI1CTZ(1.0),01/07/26 23:00:00,A,CY,COMPLET,TOTAL,NR,T,IT,2023-01-01,6.0,,
ESTAT:MIGR_EMI1CTZ(1.0),01/07/26 23:00:00,A,CZ,COMPLET,TOTAL,NR,T,IT,2023-01-01,94.0,,
ESTAT:MIGR_EMI1CTZ(1.0),01/07/26 23:00:00,A,CZ_SK,COMPLET,TOTAL,NR,T,IT,2023-01-01,0.0,,
ESTAT:MIGR_EMI1CTZ(1.0),01/07/26 23:00:00,A,DE,COMPLET,TOTAL,NR,T,IT,2023-01-01,841.0,,
ESTAT:MIGR_EMI1CTZ(1.0),01/07/26 23:00:00,A,DJ,COMPLET,TOTAL,NR,T,IT,2023-01-01,0.0,,
ESTAT:MIGR_EMI1CTZ(1.0),01/07/26 23:00:00,A,DK,COMPLET,TOTAL,NR,T,IT,2023-01-01,69.0,,
ESTAT:MIGR_EMI1CTZ(1.0),01/07/26 23:00:00,A,DM,COMPLET,TOTAL,NR,T,IT,2023-01-01,15.0,,
ESTAT:MIGR_EMI1CTZ(1.0),01/07/26 23:00:00,A,DO,COMPLET,TOTAL,NR,T,IT,2023-01-01,198.0,,
ESTAT:MIGR_EMI1CTZ(1.0),01/07/26 23:00:00,A,DZ,COMPLET,TOTAL,NR,T,IT,2023-01-01,90.0,,
ESTAT:MIGR_EMI1CTZ(1.0),01/07/26 23:00:00,A,EC,COMPLET,TOTAL,NR,T,IT,2023-01-01,164.0,,
ESTAT:MIGR_EMI1CTZ(1.0),01/07/26 23:00:00,A,EE,COMPLET,TOTAL,NR,T,IT,2023-01-01,17.0,,
ESTAT:MIGR_EMI1CTZ(1.0),01/07/26 23:00:00,A,EG,COMPLET,TOTAL,NR,T,IT,2023-01-01,841.0,,
ESTAT:MIGR_EMI1CTZ(1.0),01/07/26 23:00:00,A,EH,COMPLET,TOTAL,NR,T,IT,2023-01-01,0.0,,
ESTAT:MIGR_EMI1CTZ(1.0),01/07/26 23:00:00,A,EL,COMPLET,TOTAL,NR,T,IT,2023-01-01,136.0,,
ESTAT:MIGR_EMI1CTZ(1.0),01/07/26 23:00:00,A,ER,COMPLET,TOTAL,NR,T,IT,2023-01-01,46.0,,
ESTAT:MIGR_EMI1CTZ(1.0),01/07/26 23:00:00,A,ES,COMPLET,TOTAL,NR,T,IT,2023-01-01,592.0,,
ESTAT:MIGR_EMI1CTZ(1.0),01/07/26 23:00:00,A,ET,COMPLET,TOTAL,NR,T,IT,2023-01-01,59.0,,
ESTAT:MIGR_EMI1CTZ(1.0),01/07/26 23:00:00,A,EU27_2020_FOR,COMPLET,TOTAL,NR,T,IT,2023-01-01,16873.0,,
ESTAT:MIGR_EMI1CTZ(1.0),01/07/26 23:00:00,A,EUR,COMPLET,TOTAL,NR,T,IT,2023-01-01,140444.0,,
ESTAT:MIGR_EMI1CTZ(1.0),01/07/26 23:00:00,A,EX_SU,COMPLET,TOTAL,NR,T,IT,2023-01-01,0.0,,
ESTAT:MIGR_EMI1CTZ(1.0),01/07/26 23:00:00,A,EX_YU,COMPLET,TOTAL,NR,T,IT,2023-01-01,0.0,,
ESTAT:MIGR_EMI1CTZ(1.0),01/07/26 23:00:00,A,FI,COMPLET,TOTAL,NR,T,IT,2023-01-01,73.0,,
ESTAT:MIGR_EMI1CTZ(1.0),01/07/26 23:00:00,A,FJ,COMPLET,TOTAL,NR,T,IT,2023-01-01,1.0,,
ESTAT:MIGR_EMI1CTZ(1.0),01/07/26 23:00:00,A,FM,COMPLET,TOTAL,NR,T,IT,2023-01-01,0.0,,
ESTAT:MIGR_EMI1CTZ(1.0),01/07/26 23:00:00,A,FOR_STLS,COMPLET,TOTAL,NR,T,IT,2023-01-01,44381.0,,
ESTAT:MIGR_EMI1CTZ(1.0),01/07/26 23:00:00,A,FR,COMPLET,TOTAL,NR,T,IT,2023-01-01,644.0,,
ESTAT:MIGR_EMI1CTZ(1.0),01/07/26 23:00:00,A,GA,COMPLET,TOTAL,NR,T,IT,2023-01-01,2.0,,
ESTAT:MIGR_EMI1CTZ(1.0),01/07/26 23:00:00,A,GD,COMPLET,TOTAL,NR,T,IT,2023-01-01,0.0,,
ESTAT:MIGR_EMI1CTZ(1.0),01/07/26 23:00:00,A,GE,COMPLET,TOTAL,NR,T,IT,2023-01-01,430.0,,
ESTAT:MIGR_EMI1CTZ(1.0),01/07/26 23:00:00,A,GH,COMPLET,TOTAL,NR,T,IT,2023-01-01,262.0,,
ESTAT:MIGR_EMI1CTZ(1.0),01/07/26 23:00:00,A,GM,COMPLET,TOTAL,NR,T,IT,2023-01-01,192.0,,
ESTAT:MIGR_EMI1CTZ(1.0),01/07/26 23:00:00,A,GN,COMPLET,TOTAL,NR,T,IT,2023-01-01,145.0,,
ESTAT:MIGR_EMI1CTZ(1.0),01/07/26 23:00:00,A,GQ,COMPLET,TOTAL,NR,T,IT,2023-01-01,0.0,,
ESTAT:MIGR_EMI1CTZ(1.0),01/07/26 23:00:00,A,GT,COMPLET,TOTAL,NR,T,IT,2023-01-01,4.0,,
ESTAT:MIGR_EMI1CTZ(1.0),01/07/26 23:00:00,A,GW,COMPLET,TOTAL,NR,T,IT,2023-01-01,28.0,,
ESTAT:MIGR_EMI1CTZ(1.0),01/07/26 23:00:00,A,GY,COMPLET,TOTAL,NR,T,IT,2023-01-01,0.0,,
ESTAT:MIGR_EMI1CTZ(1.0),01/07/26 23:00:00,A,HN,COMPLET,TOTAL,NR,T,IT,2023-01-01,20.0,,
ESTAT:MIGR_EMI1CTZ(1.0),01/07/26 23:00:00,A,HR,COMPLET,TOTAL,NR,T,IT,2023-01-01,386.0,,
ESTAT:MIGR_EMI1CTZ(1.0),01/07/26 23:00:00,A,HT,COMPLET,TOTAL,NR,T,IT,2023-01-01,1.0,,
ESTAT:MIGR_EMI1CTZ(1.0),01/07/26 23:00:00,A,HU,COMPLET,TOTAL,NR,T,IT,2023-01-01,172.0,,
ESTAT:MIGR_EMI1CTZ(1.0),01/07/26 23:00:00,A,ID,COMPLET,TOTAL,NR,T,IT,2023-01-01,42.0,,
ESTAT:MIGR_EMI1CTZ(1.0),01/07/26 23:00:00,A,IE,COMPLET,TOTAL,NR,T,IT,2023-01-01,99.0,,
ESTAT:MIGR_EMI1CTZ(1.0),01/07/26 23:00:00,A,IL,COMPLET,TOTAL,NR,T,IT,2023-01-01,31.0,,
ESTAT:MIGR_EMI1CTZ(1.0),01/07/26 23:00:00,A,IM,COMPLET,TOTAL,NR,T,IT,2023-01-01,0.0,,
ESTAT:MIGR_EMI1CTZ(1.0),01/07/26 23:00:00,A,IN,COMPLET,TOTAL,NR,T,IT,2023-01-01,1471.0,,
ESTAT:MIGR_EMI1CTZ(1.0),01/07/26 23:00:00,A,IQ,COMPLET,TOTAL,NR,T,IT,2023-01-01,68.0,,
ESTAT:MIGR_EMI1CTZ(1.0),01/07/26 23:00:00,A,IR,COMPLET,TOTAL,NR,T,IT,2023-01-01,113.0,,
ESTAT:MIGR_EMI1CTZ(1.0),01/07/26 23:00:00,A,IS,COMPLET,TOTAL,NR,T,IT,2023-01-01,3.0,,
ESTAT:MIGR_EMI1CTZ(1.0),01/07/26 23:00:00,A,IT,COMPLET,TOTAL,NR,T,IT,2023-01-01,114057.0,,
ESTAT:MIGR_EMI1CTZ(1.0),01/07/26 23:00:00,A,JE,COMPLET,TOTAL,NR,T,IT,2023-01-01,0.0,,
ESTAT:MIGR_EMI1CTZ(1.0),01/07/26 23:00:00,A,JM,COMPLET,TOTAL,NR,T,IT,2023-01-01,1.0,,
ESTAT:MIGR_EMI1CTZ(1.0),01/07/26 23:00:00,A,JO,COMPLET,TOTAL,NR,T,IT,2023-01-01,15.0,,
ESTAT:MIGR_EMI1CTZ(1.0),01/07/26 23:00:00,A,JP,COMPLET,TOTAL,NR,T,IT,2023-01-01,161.0,,
ESTAT:MIGR_EMI1CTZ(1.0),01/07/26 23:00:00,A,KE,COMPLET,TOTAL,NR,T,IT,2023-01-01,31.0,,
ESTAT:MIGR_EMI1CTZ(1.0),01/07/26 23:00:00,A,KG,COMPLET,TOTAL,NR,T,IT,2023-01-01,52.0,,
ESTAT:MIGR_EMI1CTZ(1.0),01/07/26 23:00:00,A,KH,COMPLET,TOTAL,NR,T,IT,2023-01-01,1.0,,
ESTAT:MIGR_EMI1CTZ(1.0),01/07/26 23:00:00,A,KI,COMPLET,TOTAL,NR,T,IT,2023-01-01,0.0,,
ESTAT:MIGR_EMI1CTZ(1.0),01/07/26 23:00:00,A,KM,COMPLET,TOTAL,NR,T,IT,2023-01-01,0.0,,
ESTAT:MIGR_EMI1CTZ(1.0),01/07/26 23:00:00,A,KN,COMPLET,TOTAL,NR,T,IT,2023-01-01,0.0,,
ESTAT:MIGR_EMI1CTZ(1.0),01/07/26 23:00:00,A,KP,COMPLET,TOTAL,NR,T,IT,2023-01-01,2.0,,
ESTAT:MIGR_EMI1CTZ(1.0),01/07/26 23:00:00,A,KR,COMPLET,TOTAL,NR,T,IT,2023-01-01,95.0,,
ESTAT:MIGR_EMI1CTZ(1.0),01/07/26 23:00:00,A,KW,COMPLET,TOTAL,NR,T,IT,2023-01-01,7.0,,
ESTAT:MIGR_EMI1CTZ(1.0),01/07/26 23:00:00,A,KZ,COMPLET,TOTAL,NR,T,IT,2023-01-01,60.0,,
ESTAT:MIGR_EMI1CTZ(1.0),01/07/26 23:00:00,A,LA,COMPLET,TOTAL,NR,T,IT,2023-01-01,1.0,,
ESTAT:MIGR_EMI1CTZ(1.0),01/07/26 23:00:00,A,LB,COMPLET,TOTAL,NR,T,IT,2023-01-01,37.0,,
ESTAT:MIGR_EMI1CTZ(1.0),01/07/26 23:00:00,A,LC,COMPLET,TOTAL,NR,T,IT,2023-01-01,0.0,,
ESTAT:MIGR_EMI1CTZ(1.0),01/07/26 23:00:00,A,LI,COMPLET,TOTAL,NR,T,IT,2023-01-01,0.0,,
ESTAT:MIGR_EMI1CTZ(1.0),01/07/26 23:00:00,A,LK,COMPLET,TOTAL,NR,T,IT,2023-01-01,382.0,,
ESTAT:MIGR_EMI1CTZ(1.0),01/07/26 23:00:00,A,LR,COMPLET,TOTAL,NR,T,IT,2023-01-01,7.0,,
ESTAT:MIGR_EMI1CTZ(1.0),01/07/26 23:00:00,A,LS,COMPLET,TOTAL,NR,T,IT,2023-01-01,1.0,,
ESTAT:MIGR_EMI1CTZ(1.0),01/07/26 23:00:00,A,LT,COMPLET,TOTAL,NR,T,IT,2023-01-01,79.0,,
ESTAT:MIGR_EMI1CTZ(1.0),01/07/26 23:00:00,A,LU,COMPLET,TOTAL,NR,T,IT,2023-01-01,13.0,,
ESTAT:MIGR_EMI1CTZ(1.0),01/07/26 23:00:00,A,LV,COMPLET,TOTAL,NR,T,IT,2023-01-01,17.0,,
ESTAT:MIGR_EMI1CTZ(1.0),01/07/26 23:00:00,A,LY,COMPLET,TOTAL,NR,T,IT,2023-01-01,31.0,,
ESTAT:MIGR_EMI1CTZ(1.0),01/07/26 23:00:00,A,MA,COMPLET,TOTAL,NR,T,IT,2023-01-01,1621.0,,
ESTAT:MIGR_EMI1CTZ(1.0),01/07/26 23:00:00,A,MC,COMPLET,TOTAL,NR,T,IT,2023-01-01,0.0,,
ESTAT:MIGR_EMI1CTZ(1.0),01/07/26 23:00:00,A,MD,COMPLET,TOTAL,NR,T,IT,2023-01-01,977.0,,
ESTAT:MIGR_EMI1CTZ(1.0),01/07/26 23:00:00,A,ME,COMPLET,TOTAL,NR,T,IT,2023-01-01,6.0,,
ESTAT:MIGR_EMI1CTZ(1.0),01/07/26 23:00:00,A,MEL,COMPLET,TOTAL,NR,T,IT,2023-01-01,1.0,,
ESTAT:MIGR_EMI1CTZ(1.0),01/07/26 23:00:00,A,MG,COMPLET,TOTAL,NR,T,IT,2023-01-01,16.0,,
ESTAT:MIGR_EMI1CTZ(1.0),01/07/26 23:00:00,A,MH,COMPLET,TOTAL,NR,T,IT,2023-01-01,0.0,,
ESTAT:MIGR_EMI1CTZ(1.0),01/07/26 23:00:00,A,MIC,COMPLET,TOTAL,NR,T,IT,2023-01-01,0.0,,
ESTAT:MIGR_EMI1CTZ(1.0),01/07/26 23:00:00,A,MK,COMPLET,TOTAL,NR,T,IT,2023-01-01,421.0,,
ESTAT:MIGR_EMI1CTZ(1.0),01/07/26 23:00:00,A,ML,COMPLET,TOTAL,NR,T,IT,2023-01-01,351.0,,
ESTAT:MIGR_EMI1CTZ(1.0),01/07/26 23:00:00,A,MM,COMPLET,TOTAL,NR,T,IT,2023-01-01,3.0,,
ESTAT:MIGR_EMI1CTZ(1.0),01/07/26 23:00:00,A,MN,COMPLET,TOTAL,NR,T,IT,2023-01-01,0.0,,
ESTAT:MIGR_EMI1CTZ(1.0),01/07/26 23:00:00,A,MR,COMPLET,TOTAL,NR,T,IT,2023-01-01,8.0,,
ESTAT:MIGR_EMI1CTZ(1.0),01/07/26 23:00:00,A,MT,COMPLET,TOTAL,NR,T,IT,2023-01-01,15.0,,
ESTAT:MIGR_EMI1CTZ(1.0),01/07/26 23:00:00,A,MU,COMPLET,TOTAL,NR,T,IT,2023-01-01,31.0,,
ESTAT:MIGR_EMI1CTZ(1.0),01/07/26 23:00:00,A,MV,COMPLET,TOTAL,NR,T,IT,2023-01-01,1.0,,
ESTAT:MIGR_EMI1CTZ(1.0),01/07/26 23:00:00,A,MW,COMPLET,TOTAL,NR,T,IT,2023-01-01,0.0,,
ESTAT:MIGR_EMI1CTZ(1.0),01/07/26 23:00:00,A,MX,COMPLET,TOTAL,NR,T,IT,2023-01-01,68.0,,
ESTAT:MIGR_EMI1CTZ(1.0),01/07/26 23:00:00,A,MY,COMPLET,TOTAL,NR,T,IT,2023-01-01,14.0,,
ESTAT:MIGR_EMI1CTZ(1.0),01/07/26 23:00:00,A,MZ,COMPLET,TOTAL,NR,T,IT,2023-01-01,2.0,,
ESTAT:MIGR_EMI1CTZ(1.0),01/07/26 23:00:00,A,NA,COMPLET,TOTAL,NR,T,IT,2023-01-01,1.0,,
ESTAT:MIGR_EMI1CTZ(1.0),01/07/26 23:00:00,A,NAT,COMPLET,TOTAL,NR,T,IT,2023-01-01,114057.0,,
ESTAT:MIGR_EMI1CTZ(1.0),01/07/26 23:00:00,A,NE,COMPLET,TOTAL,NR,T,IT,2023-01-01,10.0,,
ESTAT:MIGR_EMI1CTZ(1.0),01/07/26 23:00:00,A,NEU27_2020_FOR,COMPLET,TOTAL,NR,T,IT,2023-01-01,27504.0,,
ESTAT:MIGR_EMI1CTZ(1.0),01/07/26 23:00:00,A,NG,COMPLET,TOTAL,NR,T,IT,2023-01-01,749.0,,
ESTAT:MIGR_EMI1CTZ(1.0),01/07/26 23:00:00,A,NI,COMPLET,TOTAL,NR,T,IT,2023-01-01,6.0,,
ESTAT:MIGR_EMI1CTZ(1.0),01/07/26 23:00:00,A,NL,COMPLET,TOTAL,NR,T,IT,2023-01-01,270.0,,
ESTAT:MIGR_EMI1CTZ(1.0),01/07/26 23:00:00,A,NO,COMPLET,TOTAL,NR,T,IT,2023-01-01,26.0,,
ESTAT:MIGR_EMI1CTZ(1.0),01/07/26 23:00:00,A,NP,COMPLET,TOTAL,NR,T,IT,2023-01-01,16.0,,
ESTAT:MIGR_EMI1CTZ(1.0),01/07/26 23:00:00,A,NR,COMPLET,TOTAL,NR,T,IT,2023-01-01,0.0,,
ESTAT:MIGR_EMI1CTZ(1.0),01/07/26 23:00:00,A,NZ,COMPLET,TOTAL,NR,T,IT,2023-01-01,13.0,,
ESTAT:MIGR_EMI1CTZ(1.0),01/07/26 23:00:00,A,OCE,COMPLET,TOTAL,NR,T,IT,2023-01-01,64.0,,
ESTAT:MIGR_EMI1CTZ(1.0),01/07/26 23:00:00,A,OM,COMPLET,TOTAL,NR,T,IT,2023-01-01,0.0,,
ESTAT:MIGR_EMI1CTZ(1.0),01/07/26 23:00:00,A,OTH,COMPLET,TOTAL,NR,T,IT,2023-01-01,0.0,,
ESTAT:MIGR_EMI1CTZ(1.0),01/07/26 23:00:00,A,PA,COMPLET,TOTAL,NR,T,IT,2023-01-01,5.0,,
ESTAT:MIGR_EMI1CTZ(1.0),01/07/26 23:00:00,A,PE,COMPLET,TOTAL,NR,T,IT,2023-01-01,383.0,,
ESTAT:MIGR_EMI1CTZ(1.0),01/07/26 23:00:00,A,PG,COMPLET,TOTAL,NR,T,IT,2023-01-01,0.0,,
ESTAT:MIGR_EMI1CTZ(1.0),01/07/26 23:00:00,A,PH,COMPLET,TOTAL,NR,T,IT,2023-01-01,450.0,,
ESTAT:MIGR_EMI1CTZ(1.0),01/07/26 23:00:00,A,PK,COMPLET,TOTAL,NR,T,IT,2023-01-01,1515.0,,
ESTAT:MIGR_EMI1CTZ(1.0),01/07/26 23:00:00,A,PL,COMPLET,TOTAL,NR,T,IT,2023-01-01,922.0,,
ESTAT:MIGR_EMI1CTZ(1.0),01/07/26 23:00:00,A,POL,COMPLET,TOTAL,NR,T,IT,2023-01-01,0.0,,
ESTAT:MIGR_EMI1CTZ(1.0),01/07/26 23:00:00,A,PS,COMPLET,TOTAL,NR,T,IT,2023-01-01,15.0,,
ESTAT:MIGR_EMI1CTZ(1.0),01/07/26 23:00:00,A,PT,COMPLET,TOTAL,NR,T,IT,2023-01-01,129.0,,
ESTAT:MIGR_EMI1CTZ(1.0),01/07/26 23:00:00,A,PW,COMPLET,TOTAL,NR,T,IT,2023-01-01,0.0,,
ESTAT:MIGR_EMI1CTZ(1.0),01/07/26 23:00:00,A,PY,COMPLET,TOTAL,NR,T,IT,2023-01-01,10.0,,
ESTAT:MIGR_EMI1CTZ(1.0),01/07/26 23:00:00,A,QA,COMPLET,TOTAL,NR,T,IT,2023-01-01,0.0,,
ESTAT:MIGR_EMI1CTZ(1.0),01/07/26 23:00:00,A,RNC,COMPLET,TOTAL,NR,T,IT,2023-01-01,0.0,,
ESTAT:MIGR_EMI1CTZ(1.0),01/07/26 23:00:00,A,RO,COMPLET,TOTAL,NR,T,IT,2023-01-01,10986.0,,
ESTAT:MIGR_EMI1CTZ(1.0),01/07/26 23:00:00,A,RS,COMPLET,TOTAL,NR,T,IT,2023-01-01,257.0,,
ESTAT:MIGR_EMI1CTZ(1.0),01/07/26 23:00:00,A,RS_ME,COMPLET,TOTAL,NR,T,IT,2023-01-01,0.0,,
ESTAT:MIGR_EMI1CTZ(1.0),01/07/26 23:00:00,A,RU,COMPLET,TOTAL,NR,T,IT,2023-01-01,445.0,,
ESTAT:MIGR_EMI1CTZ(1.0),01/07/26 23:00:00,A,RW,COMPLET,TOTAL,NR,T,IT,2023-01-01,5.0,,
ESTAT:MIGR_EMI1CTZ(1.0),01/07/26 23:00:00,A,SA,COMPLET,TOTAL,NR,T,IT,2023-01-01,7.0,,
ESTAT:MIGR_EMI1CTZ(1.0),01/07/26 23:00:00,A,SB,COMPLET,TOTAL,NR,T,IT,2023-01-01,0.0,,
ESTAT:MIGR_EMI1CTZ(1.0),01/07/26 23:00:00,A,SC,COMPLET,TOTAL,NR,T,IT,2023-01-01,1.0,,
ESTAT:MIGR_EMI1CTZ(1.0),01/07/26 23:00:00,A,SD,COMPLET,TOTAL,NR,T,IT,2023-01-01,23.0,,
ESTAT:MIGR_EMI1CTZ(1.0),01/07/26 23:00:00,A,SE,COMPLET,TOTAL,NR,T,IT,2023-01-01,71.0,,
ESTAT:MIGR_EMI1CTZ(1.0),01/07/26 23:00:00,A,SG,COMPLET,TOTAL,NR,T,IT,2023-01-01,5.0,,
ESTAT:MIGR_EMI1CTZ(1.0),01/07/26 23:00:00,A,SI,COMPLET,TOTAL,NR,T,IT,2023-01-01,75.0,,
ESTAT:MIGR_EMI1CTZ(1.0),01/07/26 23:00:00,A,SK,COMPLET,TOTAL,NR,T,IT,2023-01-01,153.0,,
ESTAT:MIGR_EMI1CTZ(1.0),01/07/26 23:00:00,A,SL,COMPLET,TOTAL,NR,T,IT,2023-01-01,17.0,,
ESTAT:MIGR_EMI1CTZ(1.0),01/07/26 23:00:00,A,SM,COMPLET,TOTAL,NR,T,IT,2023-01-01,6.0,,
ESTAT:MIGR_EMI1CTZ(1.0),01/07/26 23:00:00,A,SN,COMPLET,TOTAL,NR,T,IT,2023-01-01,554.0,,
ESTAT:MIGR_EMI1CTZ(1.0),01/07/26 23:00:00,A,SO,COMPLET,TOTAL,NR,T,IT,2023-01-01,146.0,,
ESTAT:MIGR_EMI1CTZ(1.0),01/07/26 23:00:00,A,SR,COMPLET,TOTAL,NR,T,IT,2023-01-01,0.0,,
ESTAT:MIGR_EMI1CTZ(1.0),01/07/26 23:00:00,A,SS,COMPLET,TOTAL,NR,T,IT,2023-01-01,3.0,,
ESTAT:MIGR_EMI1CTZ(1.0),01/07/26 23:00:00,A,ST,COMPLET,TOTAL,NR,T,IT,2023-01-01,0.0,,
ESTAT:MIGR_EMI1CTZ(1.0),01/07/26 23:00:00,A,STLS,COMPLET,TOTAL,NR,T,IT,2023-01-01,4.0,,
ESTAT:MIGR_EMI1CTZ(1.0),01/07/26 23:00:00,A,SV,COMPLET,TOTAL,NR,T,IT,2023-01-01,88.0,,
ESTAT:MIGR_EMI1CTZ(1.0),01/07/26 23:00:00,A,SY,COMPLET,TOTAL,NR,T,IT,2023-01-01,44.0,,
ESTAT:MIGR_EMI1CTZ(1.0),01/07/26 23:00:00,A,SZ,COMPLET,TOTAL,NR,T,IT,2023-01-01,1.0,,
ESTAT:MIGR_EMI1CTZ(1.0),01/07/26 23:00:00,A,TD,COMPLET,TOTAL,NR,T,IT,2023-01-01,5.0,,
ESTAT:MIGR_EMI1CTZ(1.0),01/07/26 23:00:00,A,TG,COMPLET,TOTAL,NR,T,IT,2023-01-01,26.0,,
ESTAT:MIGR_EMI1CTZ(1.0),01/07/26 23:00:00,A,TH,COMPLET,TOTAL,NR,T,IT,2023-01-01,61.0,,
ESTAT:MIGR_EMI1CTZ(1.0),01/07/26 23:00:00,A,TJ,COMPLET,TOTAL,NR,T,IT,2023-01-01,0.0,,
ESTAT:MIGR_EMI1CTZ(1.0),01/07/26 23:00:00,A,TL,COMPLET,TOTAL,NR,T,IT,2023-01-01,2.0,,
ESTAT:MIGR_EMI1CTZ(1.0),01/07/26 23:00:00,A,TM,COMPLET,TOTAL,NR,T,IT,2023-01-01,1.0,,
ESTAT:MIGR_EMI1CTZ(1.0),01/07/26 23:00:00,A,TN,COMPLET,TOTAL,NR,T,IT,2023-01-01,542.0,,
ESTAT:MIGR_EMI1CTZ(1.0),01/07/26 23:00:00,A,TO,COMPLET,TOTAL,NR,T,IT,2023-01-01,0.0,,
ESTAT:MIGR_EMI1CTZ(1.0),01/07/26 23:00:00,A,TOTAL,COMPLET,TOTAL,NR,T,IT,2023-01-01,158438.0,,
ESTAT:MIGR_EMI1CTZ(1.0),01/07/26 23:00:00,A,TR,COMPLET,TOTAL,NR,T,IT,2023-01-01,174.0,,
ESTAT:MIGR_EMI1CTZ(1.0),01/07/26 23:00:00,A,TT,COMPLET,TOTAL,NR,T,IT,2023-01-01,0.0,,
ESTAT:MIGR_EMI1CTZ(1.0),01/07/26 23:00:00,A,TV,COMPLET,TOTAL,NR,T,IT,2023-01-01,0.0,,
ESTAT:MIGR_EMI1CTZ(1.0),01/07/26 23:00:00,A,TW,COMPLET,TOTAL,NR,T,IT,2023-01-01,9.0,,
ESTAT:MIGR_EMI1CTZ(1.0),01/07/26 23:00:00,A,TZ,COMPLET,TOTAL,NR,T,IT,2023-01-01,24.0,,
ESTAT:MIGR_EMI1CTZ(1.0),01/07/26 23:00:00,A,UA,COMPLET,TOTAL,NR,T,IT,2023-01-01,4278.0,,
ESTAT:MIGR_EMI1CTZ(1.0),01/07/26 23:00:00,A,UG,COMPLET,TOTAL,NR,T,IT,2023-01-01,5.0,,
ESTAT:MIGR_EMI1CTZ(1.0),01/07/26 23:00:00,A,UK,COMPLET,TOTAL,NR,T,IT,2023-01-01,542.0,,
ESTAT:MIGR_EMI1CTZ(1.0),01/07/26 23:00:00,A,UNK,COMPLET,TOTAL,NR,T,IT,2023-01-01,0.0,,
ESTAT:MIGR_EMI1CTZ(1.0),01/07/26 23:00:00,A,US,COMPLET,TOTAL,NR,T,IT,2023-01-01,427.0,,
ESTAT:MIGR_EMI1CTZ(1.0),01/07/26 23:00:00,A,UY,COMPLET,TOTAL,NR,T,IT,2023-01-01,12.0,,
ESTAT:MIGR_EMI1CTZ(1.0),01/07/26 23:00:00,A,UZ,COMPLET,TOTAL,NR,T,IT,2023-01-01,17.0,,
ESTAT:MIGR_EMI1CTZ(1.0),01/07/26 23:00:00,A,VA,COMPLET,TOTAL,NR,T,IT,2023-01-01,0.0,,
ESTAT:MIGR_EMI1CTZ(1.0),01/07/26 23:00:00,A,VC,COMPLET,TOTAL,NR,T,IT,2023-01-01,0.0,,
ESTAT:MIGR_EMI1CTZ(1.0),01/07/26 23:00:00,A,VE,COMPLET,TOTAL,NR,T,IT,2023-01-01,137.0,,
ESTAT:MIGR_EMI1CTZ(1.0),01/07/26 23:00:00,A,VN,COMPLET,TOTAL,NR,T,IT,2023-01-01,30.0,,
ESTAT:MIGR_EMI1CTZ(1.0),01/07/26 23:00:00,A,VU,COMPLET,TOTAL,NR,T,IT,2023-01-01,0.0,,
ESTAT:MIGR_EMI1CTZ(1.0),01/07/26 23:00:00,A,WS,COMPLET,TOTAL,NR,T,IT,2023-01-01,0.0,,
ESTAT:MIGR_EMI1CTZ(1.0),01/07/26 23:00:00,A,XK,COMPLET,TOTAL,NR,T,IT,2023-01-01,332.0,,
ESTAT:MIGR_EMI1CTZ(1.0),01/07/26 23:00:00,A,YE,COMPLET,TOTAL,NR,T,IT,2023-01-01,2.0,,
ESTAT:MIGR_EMI1CTZ(1.0),01/07/26 23:00:00,A,ZA,COMPLET,TOTAL,NR,T,IT,2023-01-01,13.0,,
ESTAT:MIGR_EMI1CTZ(1.0),01/07/26 23:00:00,A,ZM,COMPLET,TOTAL,NR,T,IT,2023-01-01,4.0,,
ESTAT:MIGR_EMI1CTZ(1.0),01/07/26 23:00:00,A,ZW,COMPLET,TOTAL,NR,T,IT,2023-01-01,2.0,,
ESTAT:MIGR_EMI1CTZ(1.0),01/07/26 23:00:00,A,AD,COMPLET,TOTAL,NR,T,IT,2024-01-01,0.0,,
ESTAT:MIGR_EMI1CTZ(1.0),01/07/26 23:00:00,A,AE,COMPLET,TOTAL,NR,T,IT,2024-01-01,0.0,,
ESTAT:MIGR_EMI1CTZ(1.0),01/07/26 23:00:00,A,AF,COMPLET,TOTAL,NR,T,IT,2024-01-01,384.0,,
ESTAT:MIGR_EMI1CTZ(1.0),01/07/26 23:00:00,A,AFR,COMPLET,TOTAL,NR,T,IT,2024-01-01,5223.0,,
ESTAT:MIGR_EMI1CTZ(1.0),01/07/26 23:00:00,A,AFR_C,COMPLET,TOTAL,NR,T,IT,2024-01-01,190.0,,
ESTAT:MIGR_EMI1CTZ(1.0),01/07/26 23:00:00,A,AFR_E,COMPLET,TOTAL,NR,T,IT,2024-01-01,253.0,,
ESTAT:MIGR_EMI1CTZ(1.0),01/07/26 23:00:00,A,AFR_N,COMPLET,TOTAL,NR,T,IT,2024-01-01,2968.0,,
ESTAT:MIGR_EMI1CTZ(1.0),01/07/26 23:00:00,A,AFR_S,COMPLET,TOTAL,NR,T,IT,2024-01-01,21.0,,
ESTAT:MIGR_EMI1CTZ(1.0),01/07/26 23:00:00,A,AFR_W,COMPLET,TOTAL,NR,T,IT,2024-01-01,1791.0,,
ESTAT:MIGR_EMI1CTZ(1.0),01/07/26 23:00:00,A,AG,COMPLET,TOTAL,NR,T,IT,2024-01-01,0.0,,
ESTAT:MIGR_EMI1CTZ(1.0),01/07/26 23:00:00,A,AL,COMPLET,TOTAL,NR,T,IT,2024-01-01,1720.0,,
ESTAT:MIGR_EMI1CTZ(1.0),01/07/26 23:00:00,A,AM,COMPLET,TOTAL,NR,T,IT,2024-01-01,17.0,,
ESTAT:MIGR_EMI1CTZ(1.0),01/07/26 23:00:00,A,AME,COMPLET,TOTAL,NR,T,IT,2024-01-01,2839.0,,
ESTAT:MIGR_EMI1CTZ(1.0),01/07/26 23:00:00,A,AME_C,COMPLET,TOTAL,NR,T,IT,2024-01-01,141.0,,
ESTAT:MIGR_EMI1CTZ(1.0),01/07/26 23:00:00,A,AME_N,COMPLET,TOTAL,NR,T,IT,2024-01-01,404.0,,
ESTAT:MIGR_EMI1CTZ(1.0),01/07/26 23:00:00,A,AME_S,COMPLET,TOTAL,NR,T,IT,2024-01-01,1893.0,,
ESTAT:MIGR_EMI1CTZ(1.0),01/07/26 23:00:00,A,AO,COMPLET,TOTAL,NR,T,IT,2024-01-01,14.0,,
ESTAT:MIGR_EMI1CTZ(1.0),01/07/26 23:00:00,A,AR,COMPLET,TOTAL,NR,T,IT,2024-01-01,306.0,,
ESTAT:MIGR_EMI1CTZ(1.0),01/07/26 23:00:00,A,ASI,COMPLET,TOTAL,NR,T,IT,2024-01-01,8669.0,,
ESTAT:MIGR_EMI1CTZ(1.0),01/07/26 23:00:00,A,ASI_C,COMPLET,TOTAL,NR,T,IT,2024-01-01,48.0,,
ESTAT:MIGR_EMI1CTZ(1.0),01/07/26 23:00:00,A,ASI_E,COMPLET,TOTAL,NR,T,IT,2024-01-01,2716.0,,
ESTAT:MIGR_EMI1CTZ(1.0),01/07/26 23:00:00,A,ASI_S,COMPLET,TOTAL,NR,T,IT,2024-01-01,4446.0,,
ESTAT:MIGR_EMI1CTZ(1.0),01/07/26 23:00:00,A,ASI_S_E,COMPLET,TOTAL,NR,T,IT,2024-01-01,808.0,,
ESTAT:MIGR_EMI1CTZ(1.0),01/07/26 23:00:00,A,ASI_W,COMPLET,TOTAL,NR,T,IT,2024-01-01,651.0,,
ESTAT:MIGR_EMI1CTZ(1.0),01/07/26 23:00:00,A,AT,COMPLET,TOTAL,NR,T,IT,2024-01-01,144.0,,
ESTAT:MIGR_EMI1CTZ(1.0),01/07/26 23:00:00,A,AU,COMPLET,TOTAL,NR,T,IT,2024-01-01,46.0,,
ESTAT:MIGR_EMI1CTZ(1.0),01/07/26 23:00:00,A,AU_NZ,COMPLET,TOTAL,NR,T,IT,2024-01-01,52.0,,
ESTAT:MIGR_EMI1CTZ(1.0),01/07/26 23:00:00,A,AZ,COMPLET,TOTAL,NR,T,IT,2024-01-01,8.0,,
ESTAT:MIGR_EMI1CTZ(1.0),01/07/26 23:00:00,A,BA,COMPLET,TOTAL,NR,T,IT,2024-01-01,202.0,,
ESTAT:MIGR_EMI1CTZ(1.0),01/07/26 23:00:00,A,BB,COMPLET,TOTAL,NR,T,IT,2024-01-01,0.0,,
ESTAT:MIGR_EMI1CTZ(1.0),01/07/26 23:00:00,A,BD,COMPLET,TOTAL,NR,T,IT,2024-01-01,826.0,,
ESTAT:MIGR_EMI1CTZ(1.0),01/07/26 23:00:00,A,BE,COMPLET,TOTAL,NR,T,IT,2024-01-01,152.0,,
ESTAT:MIGR_EMI1CTZ(1.0),01/07/26 23:00:00,A,BF,COMPLET,TOTAL,NR,T,IT,2024-01-01,91.0,,
ESTAT:MIGR_EMI1CTZ(1.0),01/07/26 23:00:00,A,BG,COMPLET,TOTAL,NR,T,IT,2024-01-01,877.0,,
ESTAT:MIGR_EMI1CTZ(1.0),01/07/26 23:00:00,A,BH,COMPLET,TOTAL,NR,T,IT,2024-01-01,0.0,,
ESTAT:MIGR_EMI1CTZ(1.0),01/07/26 23:00:00,A,BI,COMPLET,TOTAL,NR,T,IT,2024-01-01,17.0,,
ESTAT:MIGR_EMI1CTZ(1.0),01/07/26 23:00:00,A,BJ,COMPLET,TOTAL,NR,T,IT,2024-01-01,16.0,,
ESTAT:MIGR_EMI1CTZ(1.0),01/07/26 23:00:00,A,BN,COMPLET,TOTAL,NR,T,IT,2024-01-01,0.0,,
ESTAT:MIGR_EMI1CTZ(1.0),01/07/26 23:00:00,A,BO,COMPLET,TOTAL,NR,T,IT,2024-01-01,25.0,,
ESTAT:MIGR_EMI1CTZ(1.0),01/07/26 23:00:00,A,BR,COMPLET,TOTAL,NR,T,IT,2024-01-01,623.0,,
ESTAT:MIGR_EMI1CTZ(1.0),01/07/26 23:00:00,A,BS,COMPLET,TOTAL,NR,T,IT,2024-01-01,1.0,,
ESTAT:MIGR_EMI1CTZ(1.0),01/07/26 23:00:00,A,BT,COMPLET,TOTAL,NR,T,IT,2024-01-01,0.0,,
ESTAT:MIGR_EMI1CTZ(1.0),01/07/26 23:00:00,A,BW,COMPLET,TOTAL,NR,T,IT,2024-01-01,0.0,,
ESTAT:MIGR_EMI1CTZ(1.0),01/07/26 23:00:00,A,BY,COMPLET,TOTAL,NR,T,IT,2024-01-01,53.0,,
ESTAT:MIGR_EMI1CTZ(1.0),01/07/26 23:00:00,A,BZ,COMPLET,TOTAL,NR,T,IT,2024-01-01,0.0,,
ESTAT:MIGR_EMI1CTZ(1.0),01/07/26 23:00:00,A,CA,COMPLET,TOTAL,NR,T,IT,2024-01-01,53.0,,
ESTAT:MIGR_EMI1CTZ(1.0),01/07/26 23:00:00,A,CC9_23_FOR,COMPLET,TOTAL,NR,T,IT,2024-01-01,8561.0,,
ESTAT:MIGR_EMI1CTZ(1.0),01/07/26 23:00:00,A,CD,COMPLET,TOTAL,NR,T,IT,2024-01-01,26.0,,
ESTAT:MIGR_EMI1CTZ(1.0),01/07/26 23:00:00,A,CF,COMPLET,TOTAL,NR,T,IT,2024-01-01,1.0,,
ESTAT:MIGR_EMI1CTZ(1.0),01/07/26 23:00:00,A,CG,COMPLET,TOTAL,NR,T,IT,2024-01-01,13.0,,
ESTAT:MIGR_EMI1CTZ(1.0),01/07/26 23:00:00,A,CH,COMPLET,TOTAL,NR,T,IT,2024-01-01,170.0,,
ESTAT:MIGR_EMI1CTZ(1.0),01/07/26 23:00:00,A,CI,COMPLET,TOTAL,NR,T,IT,2024-01-01,160.0,,
ESTAT:MIGR_EMI1CTZ(1.0),01/07/26 23:00:00,A,CL,COMPLET,TOTAL,NR,T,IT,2024-01-01,32.0,,
ESTAT:MIGR_EMI1CTZ(1.0),01/07/26 23:00:00,A,CM,COMPLET,TOTAL,NR,T,IT,2024-01-01,126.0,,
ESTAT:MIGR_EMI1CTZ(1.0),01/07/26 23:00:00,A,CN,COMPLET,TOTAL,NR,T,IT,2024-01-01,2443.0,,
ESTAT:MIGR_EMI1CTZ(1.0),01/07/26 23:00:00,A,CO,COMPLET,TOTAL,NR,T,IT,2024-01-01,198.0,,
ESTAT:MIGR_EMI1CTZ(1.0),01/07/26 23:00:00,A,CR,COMPLET,TOTAL,NR,T,IT,2024-01-01,6.0,,
ESTAT:MIGR_EMI1CTZ(1.0),01/07/26 23:00:00,A,CRB,COMPLET,TOTAL,NR,T,IT,2024-01-01,401.0,,
ESTAT:MIGR_EMI1CTZ(1.0),01/07/26 23:00:00,A,CU,COMPLET,TOTAL,NR,T,IT,2024-01-01,192.0,,
ESTAT:MIGR_EMI1CTZ(1.0),01/07/26 23:00:00,A,CV,COMPLET,TOTAL,NR,T,IT,2024-01-01,7.0,,
ESTAT:MIGR_EMI1CTZ(1.0),01/07/26 23:00:00,A,CY,COMPLET,TOTAL,NR,T,IT,2024-01-01,12.0,,
ESTAT:MIGR_EMI1CTZ(1.0),01/07/26 23:00:00,A,CZ,COMPLET,TOTAL,NR,T,IT,2024-01-01,87.0,,
ESTAT:MIGR_EMI1CTZ(1.0),01/07/26 23:00:00,A,CZ_SK,COMPLET,TOTAL,NR,T,IT,2024-01-01,0.0,,
ESTAT:MIGR_EMI1CTZ(1.0),01/07/26 23:00:00,A,DE,COMPLET,TOTAL,NR,T,IT,2024-01-01,817.0,,
ESTAT:MIGR_EMI1CTZ(1.0),01/07/26 23:00:00,A,DJ,COMPLET,TOTAL,NR,T,IT,2024-01-01,0.0,,
ESTAT:MIGR_EMI1CTZ(1.0),01/07/26 23:00:00,A,DK,COMPLET,TOTAL,NR,T,IT,2024-01-01,43.0,,
ESTAT:MIGR_EMI1CTZ(1.0),01/07/26 23:00:00,A,DM,COMPLET,TOTAL,NR,T,IT,2024-01-01,9.0,,
ESTAT:MIGR_EMI1CTZ(1.0),01/07/26 23:00:00,A,DO,COMPLET,TOTAL,NR,T,IT,2024-01-01,191.0,,
ESTAT:MIGR_EMI1CTZ(1.0),01/07/26 23:00:00,A,DZ,COMPLET,TOTAL,NR,T,IT,2024-01-01,98.0,,
ESTAT:MIGR_EMI1CTZ(1.0),01/07/26 23:00:00,A,EC,COMPLET,TOTAL,NR,T,IT,2024-01-01,170.0,,
ESTAT:MIGR_EMI1CTZ(1.0),01/07/26 23:00:00,A,EE,COMPLET,TOTAL,NR,T,IT,2024-01-01,5.0,,
ESTAT:MIGR_EMI1CTZ(1.0),01/07/26 23:00:00,A,EG,COMPLET,TOTAL,NR,T,IT,2024-01-01,720.0,,
ESTAT:MIGR_EMI1CTZ(1.0),01/07/26 23:00:00,A,EH,COMPLET,TOTAL,NR,T,IT,2024-01-01,0.0,,
ESTAT:MIGR_EMI1CTZ(1.0),01/07/26 23:00:00,A,EL,COMPLET,TOTAL,NR,T,IT,2024-01-01,125.0,,
ESTAT:MIGR_EMI1CTZ(1.0),01/07/26 23:00:00,A,ER,COMPLET,TOTAL,NR,T,IT,2024-01-01,38.0,,
ESTAT:MIGR_EMI1CTZ(1.0),01/07/26 23:00:00,A,ES,COMPLET,TOTAL,NR,T,IT,2024-01-01,644.0,,
ESTAT:MIGR_EMI1CTZ(1.0),01/07/26 23:00:00,A,ET,COMPLET,TOTAL,NR,T,IT,2024-01-01,36.0,,
ESTAT:MIGR_EMI1CTZ(1.0),01/07/26 23:00:00,A,EU27_2020_FOR,COMPLET,TOTAL,NR,T,IT,2024-01-01,21357.0,,
ESTAT:MIGR_EMI1CTZ(1.0),01/07/26 23:00:00,A,EUR,COMPLET,TOTAL,NR,T,IT,2024-01-01,172118.0,,
ESTAT:MIGR_EMI1CTZ(1.0),01/07/26 23:00:00,A,EX_SU,COMPLET,TOTAL,NR,T,IT,2024-01-01,0.0,,
ESTAT:MIGR_EMI1CTZ(1.0),01/07/26 23:00:00,A,EX_YU,COMPLET,TOTAL,NR,T,IT,2024-01-01,0.0,,
ESTAT:MIGR_EMI1CTZ(1.0),01/07/26 23:00:00,A,FI,COMPLET,TOTAL,NR,T,IT,2024-01-01,45.0,,
ESTAT:MIGR_EMI1CTZ(1.0),01/07/26 23:00:00,A,FJ,COMPLET,TOTAL,NR,T,IT,2024-01-01,0.0,,
ESTAT:MIGR_EMI1CTZ(1.0),01/07/26 23:00:00,A,FM,COMPLET,TOTAL,NR,T,IT,2024-01-01,0.0,,
ESTAT:MIGR_EMI1CTZ(1.0),01/07/26 23:00:00,A,FOR_STLS,COMPLET,TOTAL,NR,T,IT,2024-01-01,47847.0,,
ESTAT:MIGR_EMI1CTZ(1.0),01/07/26 23:00:00,A,FR,COMPLET,TOTAL,NR,T,IT,2024-01-01,618.0,,
ESTAT:MIGR_EMI1CTZ(1.0),01/07/26 23:00:00,A,GA,COMPLET,TOTAL,NR,T,IT,2024-01-01,3.0,,
ESTAT:MIGR_EMI1CTZ(1.0),01/07/26 23:00:00,A,GD,COMPLET,TOTAL,NR,T,IT,2024-01-01,0.0,,
ESTAT:MIGR_EMI1CTZ(1.0),01/07/26 23:00:00,A,GE,COMPLET,TOTAL,NR,T,IT,2024-01-01,387.0,,
ESTAT:MIGR_EMI1CTZ(1.0),01/07/26 23:00:00,A,GH,COMPLET,TOTAL,NR,T,IT,2024-01-01,210.0,,
ESTAT:MIGR_EMI1CTZ(1.0),01/07/26 23:00:00,A,GM,COMPLET,TOTAL,NR,T,IT,2024-01-01,92.0,,
ESTAT:MIGR_EMI1CTZ(1.0),01/07/26 23:00:00,A,GN,COMPLET,TOTAL,NR,T,IT,2024-01-01,77.0,,
ESTAT:MIGR_EMI1CTZ(1.0),01/07/26 23:00:00,A,GQ,COMPLET,TOTAL,NR,T,IT,2024-01-01,0.0,,
ESTAT:MIGR_EMI1CTZ(1.0),01/07/26 23:00:00,A,GT,COMPLET,TOTAL,NR,T,IT,2024-01-01,5.0,,
ESTAT:MIGR_EMI1CTZ(1.0),01/07/26 23:00:00,A,GW,COMPLET,TOTAL,NR,T,IT,2024-01-01,8.0,,
ESTAT:MIGR_EMI1CTZ(1.0),01/07/26 23:00:00,A,GY,COMPLET,TOTAL,NR,T,IT,2024-01-01,0.0,,
ESTAT:MIGR_EMI1CTZ(1.0),01/07/26 23:00:00,A,HN,COMPLET,TOTAL,NR,T,IT,2024-01-01,17.0,,
ESTAT:MIGR_EMI1CTZ(1.0),01/07/26 23:00:00,A,HR,COMPLET,TOTAL,NR,T,IT,2024-01-01,355.0,,
ESTAT:MIGR_EMI1CTZ(1.0),01/07/26 23:00:00,A,HT,COMPLET,TOTAL,NR,T,IT,2024-01-01,4.0,,
ESTAT:MIGR_EMI1CTZ(1.0),01/07/26 23:00:00,A,HU,COMPLET,TOTAL,NR,T,IT,2024-01-01,153.0,,
ESTAT:MIGR_EMI1CTZ(1.0),01/07/26 23:00:00,A,ID,COMPLET,TOTAL,NR,T,IT,2024-01-01,46.0,,
ESTAT:MIGR_EMI1CTZ(1.0),01/07/26 23:00:00,A,IE,COMPLET,TOTAL,NR,T,IT,2024-01-01,99.0,,
ESTAT:MIGR_EMI1CTZ(1.0),01/07/26 23:00:00,A,IL,COMPLET,TOTAL,NR,T,IT,2024-01-01,14.0,,
ESTAT:MIGR_EMI1CTZ(1.0),01/07/26 23:00:00,A,IM,COMPLET,TOTAL,NR,T,IT,2024-01-01,0.0,,
ESTAT:MIGR_EMI1CTZ(1.0),01/07/26 23:00:00,A,IN,COMPLET,TOTAL,NR,T,IT,2024-01-01,1462.0,,
ESTAT:MIGR_EMI1CTZ(1.0),01/07/26 23:00:00,A,IQ,COMPLET,TOTAL,NR,T,IT,2024-01-01,84.0,,
ESTAT:MIGR_EMI1CTZ(1.0),01/07/26 23:00:00,A,IR,COMPLET,TOTAL,NR,T,IT,2024-01-01,134.0,,
ESTAT:MIGR_EMI1CTZ(1.0),01/07/26 23:00:00,A,IS,COMPLET,TOTAL,NR,T,IT,2024-01-01,6.0,,
ESTAT:MIGR_EMI1CTZ(1.0),01/07/26 23:00:00,A,IT,COMPLET,TOTAL,NR,T,IT,2024-01-01,141056.0,,
ESTAT:MIGR_EMI1CTZ(1.0),01/07/26 23:00:00,A,JE,COMPLET,TOTAL,NR,T,IT,2024-01-01,0.0,,
ESTAT:MIGR_EMI1CTZ(1.0),01/07/26 23:00:00,A,JM,COMPLET,TOTAL,NR,T,IT,2024-01-01,2.0,,
ESTAT:MIGR_EMI1CTZ(1.0),01/07/26 23:00:00,A,JO,COMPLET,TOTAL,NR,T,IT,2024-01-01,18.0,,
ESTAT:MIGR_EMI1CTZ(1.0),01/07/26 23:00:00,A,JP,COMPLET,TOTAL,NR,T,IT,2024-01-01,149.0,,
ESTAT:MIGR_EMI1CTZ(1.0),01/07/26 23:00:00,A,KE,COMPLET,TOTAL,NR,T,IT,2024-01-01,35.0,,
ESTAT:MIGR_EMI1CTZ(1.0),01/07/26 23:00:00,A,KG,COMPLET,TOTAL,NR,T,IT,2024-01-01,27.0,,
ESTAT:MIGR_EMI1CTZ(1.0),01/07/26 23:00:00,A,KH,COMPLET,TOTAL,NR,T,IT,2024-01-01,1.0,,
ESTAT:MIGR_EMI1CTZ(1.0),01/07/26 23:00:00,A,KI,COMPLET,TOTAL,NR,T,IT,2024-01-01,0.0,,
ESTAT:MIGR_EMI1CTZ(1.0),01/07/26 23:00:00,A,KM,COMPLET,TOTAL,NR,T,IT,2024-01-01,0.0,,
ESTAT:MIGR_EMI1CTZ(1.0),01/07/26 23:00:00,A,KN,COMPLET,TOTAL,NR,T,IT,2024-01-01,1.0,,
ESTAT:MIGR_EMI1CTZ(1.0),01/07/26 23:00:00,A,KP,COMPLET,TOTAL,NR,T,IT,2024-01-01,1.0,,
ESTAT:MIGR_EMI1CTZ(1.0),01/07/26 23:00:00,A,KR,COMPLET,TOTAL,NR,T,IT,2024-01-01,106.0,,
ESTAT:MIGR_EMI1CTZ(1.0),01/07/26 23:00:00,A,KW,COMPLET,TOTAL,NR,T,IT,2024-01-01,1.0,,
ESTAT:MIGR_EMI1CTZ(1.0),01/07/26 23:00:00,A,KZ,COMPLET,TOTAL,NR,T,IT,2024-01-01,16.0,,
ESTAT:MIGR_EMI1CTZ(1.0),01/07/26 23:00:00,A,LA,COMPLET,TOTAL,NR,T,IT,2024-01-01,1.0,,
ESTAT:MIGR_EMI1CTZ(1.0),01/07/26 23:00:00,A,LB,COMPLET,TOTAL,NR,T,IT,2024-01-01,22.0,,
ESTAT:MIGR_EMI1CTZ(1.0),01/07/26 23:00:00,A,LC,COMPLET,TOTAL,NR,T,IT,2024-01-01,0.0,,
ESTAT:MIGR_EMI1CTZ(1.0),01/07/26 23:00:00,A,LI,COMPLET,TOTAL,NR,T,IT,2024-01-01,1.0,,
ESTAT:MIGR_EMI1CTZ(1.0),01/07/26 23:00:00,A,LK,COMPLET,TOTAL,NR,T,IT,2024-01-01,405.0,,
ESTAT:MIGR_EMI1CTZ(1.0),01/07/26 23:00:00,A,LR,COMPLET,TOTAL,NR,T,IT,2024-01-01,4.0,,
ESTAT:MIGR_EMI1CTZ(1.0),01/07/26 23:00:00,A,LS,COMPLET,TOTAL,NR,T,IT,2024-01-01,0.0,,
ESTAT:MIGR_EMI1CTZ(1.0),01/07/26 23:00:00,A,LT,COMPLET,TOTAL,NR,T,IT,2024-01-01,61.0,,
ESTAT:MIGR_EMI1CTZ(1.0),01/07/26 23:00:00,A,LU,COMPLET,TOTAL,NR,T,IT,2024-01-01,9.0,,
ESTAT:MIGR_EMI1CTZ(1.0),01/07/26 23:00:00,A,LV,COMPLET,TOTAL,NR,T,IT,2024-01-01,50.0,,
ESTAT:MIGR_EMI1CTZ(1.0),01/07/26 23:00:00,A,LY,COMPLET,TOTAL,NR,T,IT,2024-01-01,19.0,,
ESTAT:MIGR_EMI1CTZ(1.0),01/07/26 23:00:00,A,MA,COMPLET,TOTAL,NR,T,IT,2024-01-01,1561.0,,
ESTAT:MIGR_EMI1CTZ(1.0),01/07/26 23:00:00,A,MC,COMPLET,TOTAL,NR,T,IT,2024-01-01,0.0,,
ESTAT:MIGR_EMI1CTZ(1.0),01/07/26 23:00:00,A,MD,COMPLET,TOTAL,NR,T,IT,2024-01-01,1033.0,,
ESTAT:MIGR_EMI1CTZ(1.0),01/07/26 23:00:00,A,ME,COMPLET,TOTAL,NR,T,IT,2024-01-01,7.0,,
ESTAT:MIGR_EMI1CTZ(1.0),01/07/26 23:00:00,A,MEL,COMPLET,TOTAL,NR,T,IT,2024-01-01,1.0,,
ESTAT:MIGR_EMI1CTZ(1.0),01/07/26 23:00:00,A,MG,COMPLET,TOTAL,NR,T,IT,2024-01-01,12.0,,
ESTAT:MIGR_EMI1CTZ(1.0),01/07/26 23:00:00,A,MH,COMPLET,TOTAL,NR,T,IT,2024-01-01,0.0,,
ESTAT:MIGR_EMI1CTZ(1.0),01/07/26 23:00:00,A,MIC,COMPLET,TOTAL,NR,T,IT,2024-01-01,0.0,,
ESTAT:MIGR_EMI1CTZ(1.0),01/07/26 23:00:00,A,MK,COMPLET,TOTAL,NR,T,IT,2024-01-01,526.0,,
ESTAT:MIGR_EMI1CTZ(1.0),01/07/26 23:00:00,A,ML,COMPLET,TOTAL,NR,T,IT,2024-01-01,109.0,,
ESTAT:MIGR_EMI1CTZ(1.0),01/07/26 23:00:00,A,MM,COMPLET,TOTAL,NR,T,IT,2024-01-01,8.0,,
ESTAT:MIGR_EMI1CTZ(1.0),01/07/26 23:00:00,A,MN,COMPLET,TOTAL,NR,T,IT,2024-01-01,3.0,,
ESTAT:MIGR_EMI1CTZ(1.0),01/07/26 23:00:00,A,MR,COMPLET,TOTAL,NR,T,IT,2024-01-01,1.0,,
ESTAT:MIGR_EMI1CTZ(1.0),01/07/26 23:00:00,A,MT,COMPLET,TOTAL,NR,T,IT,2024-01-01,20.0,,
ESTAT:MIGR_EMI1CTZ(1.0),01/07/26 23:00:00,A,MU,COMPLET,TOTAL,NR,T,IT,2024-01-01,15.0,,
ESTAT:MIGR_EMI1CTZ(1.0),01/07/26 23:00:00,A,MV,COMPLET,TOTAL,NR,T,IT,2024-01-01,1.0,,
ESTAT:MIGR_EMI1CTZ(1.0),01/07/26 23:00:00,A,MW,COMPLET,TOTAL,NR,T,IT,2024-01-01,2.0,,
ESTAT:MIGR_EMI1CTZ(1.0),01/07/26 23:00:00,A,MX,COMPLET,TOTAL,NR,T,IT,2024-01-01,68.0,,
ESTAT:MIGR_EMI1CTZ(1.0),01/07/26 23:00:00,A,MY,COMPLET,TOTAL,NR,T,IT,2024-01-01,5.0,,
ESTAT:MIGR_EMI1CTZ(1.0),01/07/26 23:00:00,A,MZ,COMPLET,TOTAL,NR,T,IT,2024-01-01,4.0,,
ESTAT:MIGR_EMI1CTZ(1.0),01/07/26 23:00:00,A,NA,COMPLET,TOTAL,NR,T,IT,2024-01-01,0.0,,
ESTAT:MIGR_EMI1CTZ(1.0),01/07/26 23:00:00,A,NAT,COMPLET,TOTAL,NR,T,IT,2024-01-01,141056.0,,
ESTAT:MIGR_EMI1CTZ(1.0),01/07/26 23:00:00,A,NE,COMPLET,TOTAL,NR,T,IT,2024-01-01,7.0,,
ESTAT:MIGR_EMI1CTZ(1.0),01/07/26 23:00:00,A,NEU27_2020_FOR,COMPLET,TOTAL,NR,T,IT,2024-01-01,26489.0,,
ESTAT:MIGR_EMI1CTZ(1.0),01/07/26 23:00:00,A,NG,COMPLET,TOTAL,NR,T,IT,2024-01-01,558.0,,
ESTAT:MIGR_EMI1CTZ(1.0),01/07/26 23:00:00,A,NI,COMPLET,TOTAL,NR,T,IT,2024-01-01,3.0,,
ESTAT:MIGR_EMI1CTZ(1.0),01/07/26 23:00:00,A,NL,COMPLET,TOTAL,NR,T,IT,2024-01-01,266.0,,
ESTAT:MIGR_EMI1CTZ(1.0),01/07/26 23:00:00,A,NO,COMPLET,TOTAL,NR,T,IT,2024-01-01,23.0,,
ESTAT:MIGR_EMI1CTZ(1.0),01/07/26 23:00:00,A,NP,COMPLET,TOTAL,NR,T,IT,2024-01-01,36.0,,
ESTAT:MIGR_EMI1CTZ(1.0),01/07/26 23:00:00,A,NR,COMPLET,TOTAL,NR,T,IT,2024-01-01,0.0,,
ESTAT:MIGR_EMI1CTZ(1.0),01/07/26 23:00:00,A,NZ,COMPLET,TOTAL,NR,T,IT,2024-01-01,6.0,,
ESTAT:MIGR_EMI1CTZ(1.0),01/07/26 23:00:00,A,OCE,COMPLET,TOTAL,NR,T,IT,2024-01-01,53.0,,
ESTAT:MIGR_EMI1CTZ(1.0),01/07/26 23:00:00,A,OM,COMPLET,TOTAL,NR,T,IT,2024-01-01,1.0,,
ESTAT:MIGR_EMI1CTZ(1.0),01/07/26 23:00:00,A,OTH,COMPLET,TOTAL,NR,T,IT,2024-01-01,0.0,,
ESTAT:MIGR_EMI1CTZ(1.0),01/07/26 23:00:00,A,PA,COMPLET,TOTAL,NR,T,IT,2024-01-01,4.0,,
ESTAT:MIGR_EMI1CTZ(1.0),01/07/26 23:00:00,A,PE,COMPLET,TOTAL,NR,T,IT,2024-01-01,399.0,,
ESTAT:MIGR_EMI1CTZ(1.0),01/07/26 23:00:00,A,PG,COMPLET,TOTAL,NR,T,IT,2024-01-01,1.0,,
ESTAT:MIGR_EMI1CTZ(1.0),01/07/26 23:00:00,A,PH,COMPLET,TOTAL,NR,T,IT,2024-01-01,649.0,,
ESTAT:MIGR_EMI1CTZ(1.0),01/07/26 23:00:00,A,PK,COMPLET,TOTAL,NR,T,IT,2024-01-01,1198.0,,
ESTAT:MIGR_EMI1CTZ(1.0),01/07/26 23:00:00,A,PL,COMPLET,TOTAL,NR,T,IT,2024-01-01,980.0,,
ESTAT:MIGR_EMI1CTZ(1.0),01/07/26 23:00:00,A,POL,COMPLET,TOTAL,NR,T,IT,2024-01-01,0.0,,
ESTAT:MIGR_EMI1CTZ(1.0),01/07/26 23:00:00,A,PS,COMPLET,TOTAL,NR,T,IT,2024-01-01,14.0,,
ESTAT:MIGR_EMI1CTZ(1.0),01/07/26 23:00:00,A,PT,COMPLET,TOTAL,NR,T,IT,2024-01-01,166.0,,
ESTAT:MIGR_EMI1CTZ(1.0),01/07/26 23:00:00,A,PW,COMPLET,TOTAL,NR,T,IT,2024-01-01,0.0,,
ESTAT:MIGR_EMI1CTZ(1.0),01/07/26 23:00:00,A,PY,COMPLET,TOTAL,NR,T,IT,2024-01-01,18.0,,
ESTAT:MIGR_EMI1CTZ(1.0),01/07/26 23:00:00,A,QA,COMPLET,TOTAL,NR,T,IT,2024-01-01,0.0,,
ESTAT:MIGR_EMI1CTZ(1.0),01/07/26 23:00:00,A,RNC,COMPLET,TOTAL,NR,T,IT,2024-01-01,0.0,,
ESTAT:MIGR_EMI1CTZ(1.0),01/07/26 23:00:00,A,RO,COMPLET,TOTAL,NR,T,IT,2024-01-01,15335.0,,
ESTAT:MIGR_EMI1CTZ(1.0),01/07/26 23:00:00,A,RS,COMPLET,TOTAL,NR,T,IT,2024-01-01,299.0,,
ESTAT:MIGR_EMI1CTZ(1.0),01/07/26 23:00:00,A,RS_ME,COMPLET,TOTAL,NR,T,IT,2024-01-01,0.0,,
ESTAT:MIGR_EMI1CTZ(1.0),01/07/26 23:00:00,A,RU,COMPLET,TOTAL,NR,T,IT,2024-01-01,361.0,,
ESTAT:MIGR_EMI1CTZ(1.0),01/07/26 23:00:00,A,RW,COMPLET,TOTAL,NR,T,IT,2024-01-01,9.0,,
ESTAT:MIGR_EMI1CTZ(1.0),01/07/26 23:00:00,A,SA,COMPLET,TOTAL,NR,T,IT,2024-01-01,8.0,,
ESTAT:MIGR_EMI1CTZ(1.0),01/07/26 23:00:00,A,SB,COMPLET,TOTAL,NR,T,IT,2024-01-01,0.0,,
ESTAT:MIGR_EMI1CTZ(1.0),01/07/26 23:00:00,A,SC,COMPLET,TOTAL,NR,T,IT,2024-01-01,1.0,,
ESTAT:MIGR_EMI1CTZ(1.0),01/07/26 23:00:00,A,SD,COMPLET,TOTAL,NR,T,IT,2024-01-01,9.0,,
ESTAT:MIGR_EMI1CTZ(1.0),01/07/26 23:00:00,A,SE,COMPLET,TOTAL,NR,T,IT,2024-01-01,73.0,,
ESTAT:MIGR_EMI1CTZ(1.0),01/07/26 23:00:00,A,SG,COMPLET,TOTAL,NR,T,IT,2024-01-01,7.0,,
ESTAT:MIGR_EMI1CTZ(1.0),01/07/26 23:00:00,A,SI,COMPLET,TOTAL,NR,T,IT,2024-01-01,79.0,,
ESTAT:MIGR_EMI1CTZ(1.0),01/07/26 23:00:00,A,SK,COMPLET,TOTAL,NR,T,IT,2024-01-01,142.0,,
ESTAT:MIGR_EMI1CTZ(1.0),01/07/26 23:00:00,A,SL,COMPLET,TOTAL,NR,T,IT,2024-01-01,23.0,,
ESTAT:MIGR_EMI1CTZ(1.0),01/07/26 23:00:00,A,SM,COMPLET,TOTAL,NR,T,IT,2024-01-01,7.0,,
ESTAT:MIGR_EMI1CTZ(1.0),01/07/26 23:00:00,A,SN,COMPLET,TOTAL,NR,T,IT,2024-01-01,397.0,,
ESTAT:MIGR_EMI1CTZ(1.0),01/07/26 23:00:00,A,SO,COMPLET,TOTAL,NR,T,IT,2024-01-01,54.0,,
ESTAT:MIGR_EMI1CTZ(1.0),01/07/26 23:00:00,A,SR,COMPLET,TOTAL,NR,T,IT,2024-01-01,0.0,,
ESTAT:MIGR_EMI1CTZ(1.0),01/07/26 23:00:00,A,SS,COMPLET,TOTAL,NR,T,IT,2024-01-01,1.0,,
ESTAT:MIGR_EMI1CTZ(1.0),01/07/26 23:00:00,A,ST,COMPLET,TOTAL,NR,T,IT,2024-01-01,0.0,,
ESTAT:MIGR_EMI1CTZ(1.0),01/07/26 23:00:00,A,STLS,COMPLET,TOTAL,NR,T,IT,2024-01-01,1.0,,
ESTAT:MIGR_EMI1CTZ(1.0),01/07/26 23:00:00,A,SV,COMPLET,TOTAL,NR,T,IT,2024-01-01,38.0,,
ESTAT:MIGR_EMI1CTZ(1.0),01/07/26 23:00:00,A,SY,COMPLET,TOTAL,NR,T,IT,2024-01-01,76.0,,
ESTAT:MIGR_EMI1CTZ(1.0),01/07/26 23:00:00,A,SZ,COMPLET,TOTAL,NR,T,IT,2024-01-01,0.0,,
ESTAT:MIGR_EMI1CTZ(1.0),01/07/26 23:00:00,A,TD,COMPLET,TOTAL,NR,T,IT,2024-01-01,7.0,,
ESTAT:MIGR_EMI1CTZ(1.0),01/07/26 23:00:00,A,TG,COMPLET,TOTAL,NR,T,IT,2024-01-01,31.0,,
ESTAT:MIGR_EMI1CTZ(1.0),01/07/26 23:00:00,A,TH,COMPLET,TOTAL,NR,T,IT,2024-01-01,61.0,,
ESTAT:MIGR_EMI1CTZ(1.0),01/07/26 23:00:00,A,TJ,COMPLET,TOTAL,NR,T,IT,2024-01-01,0.0,,
ESTAT:MIGR_EMI1CTZ(1.0),01/07/26 23:00:00,A,TL,COMPLET,TOTAL,NR,T,IT,2024-01-01,1.0,,
ESTAT:MIGR_EMI1CTZ(1.0),01/07/26 23:00:00,A,TM,COMPLET,TOTAL,NR,T,IT,2024-01-01,1.0,,
ESTAT:MIGR_EMI1CTZ(1.0),01/07/26 23:00:00,A,TN,COMPLET,TOTAL,NR,T,IT,2024-01-01,560.0,,
ESTAT:MIGR_EMI1CTZ(1.0),01/07/26 23:00:00,A,TO,COMPLET,TOTAL,NR,T,IT,2024-01-01,0.0,,
ESTAT:MIGR_EMI1CTZ(1.0),01/07/26 23:00:00,A,TOTAL,COMPLET,TOTAL,NR,T,IT,2024-01-01,188903.0,,
ESTAT:MIGR_EMI1CTZ(1.0),01/07/26 23:00:00,A,TR,COMPLET,TOTAL,NR,T,IT,2024-01-01,256.0,,
ESTAT:MIGR_EMI1CTZ(1.0),01/07/26 23:00:00,A,TT,COMPLET,TOTAL,NR,T,IT,2024-01-01,1.0,,
ESTAT:MIGR_EMI1CTZ(1.0),01/07/26 23:00:00,A,TV,COMPLET,TOTAL,NR,T,IT,2024-01-01,0.0,,
ESTAT:MIGR_EMI1CTZ(1.0),01/07/26 23:00:00,A,TW,COMPLET,TOTAL,NR,T,IT,2024-01-01,14.0,,
ESTAT:MIGR_EMI1CTZ(1.0),01/07/26 23:00:00,A,TZ,COMPLET,TOTAL,NR,T,IT,2024-01-01,11.0,,
ESTAT:MIGR_EMI1CTZ(1.0),01/07/26 23:00:00,A,UA,COMPLET,TOTAL,NR,T,IT,2024-01-01,4131.0,,
ESTAT:MIGR_EMI1CTZ(1.0),01/07/26 23:00:00,A,UG,COMPLET,TOTAL,NR,T,IT,2024-01-01,9.0,,
ESTAT:MIGR_EMI1CTZ(1.0),01/07/26 23:00:00,A,UK,COMPLET,TOTAL,NR,T,IT,2024-01-01,420.0,,
ESTAT:MIGR_EMI1CTZ(1.0),01/07/26 23:00:00,A,UNK,COMPLET,TOTAL,NR,T,IT,2024-01-01,0.0,,
ESTAT:MIGR_EMI1CTZ(1.0),01/07/26 23:00:00,A,US,COMPLET,TOTAL,NR,T,IT,2024-01-01,351.0,,
ESTAT:MIGR_EMI1CTZ(1.0),01/07/26 23:00:00,A,UY,COMPLET,TOTAL,NR,T,IT,2024-01-01,8.0,,
ESTAT:MIGR_EMI1CTZ(1.0),01/07/26 23:00:00,A,UZ,COMPLET,TOTAL,NR,T,IT,2024-01-01,4.0,,
ESTAT:MIGR_EMI1CTZ(1.0),01/07/26 23:00:00,A,VA,COMPLET,TOTAL,NR,T,IT,2024-01-01,0.0,,
ESTAT:MIGR_EMI1CTZ(1.0),01/07/26 23:00:00,A,VC,COMPLET,TOTAL,NR,T,IT,2024-01-01,0.0,,
ESTAT:MIGR_EMI1CTZ(1.0),01/07/26 23:00:00,A,VE,COMPLET,TOTAL,NR,T,IT,2024-01-01,114.0,,
ESTAT:MIGR_EMI1CTZ(1.0),01/07/26 23:00:00,A,VN,COMPLET,TOTAL,NR,T,IT,2024-01-01,29.0,,
ESTAT:MIGR_EMI1CTZ(1.0),01/07/26 23:00:00,A,VU,COMPLET,TOTAL,NR,T,IT,2024-01-01,0.0,,
ESTAT:MIGR_EMI1CTZ(1.0),01/07/26 23:00:00,A,WS,COMPLET,TOTAL,NR,T,IT,2024-01-01,0.0,,
ESTAT:MIGR_EMI1CTZ(1.0),01/07/26 23:00:00,A,XK,COMPLET,TOTAL,NR,T,IT,2024-01-01,490.0,,
ESTAT:MIGR_EMI1CTZ(1.0),01/07/26 23:00:00,A,YE,COMPLET,TOTAL,NR,T,IT,2024-01-01,1.0,,
ESTAT:MIGR_EMI1CTZ(1.0),01/07/26 23:00:00,A,ZA,COMPLET,TOTAL,NR,T,IT,2024-01-01,21.0,,
ESTAT:MIGR_EMI1CTZ(1.0),01/07/26 23:00:00,A,ZM,COMPLET,TOTAL,NR,T,IT,2024-01-01,4.0,,
ESTAT:MIGR_EMI1CTZ(1.0),01/07/26 23:00:00,A,ZW,COMPLET,TOTAL,NR,T,IT,2024-01-01,6.0,,
