"","anno","Raccordo","indice"
"1",1995,NA,100
"2",1996,NA,103.9
"3",1997,NA,105.7
"4",1998,NA,107.6
"5",1999,NA,109.3
"6",2000,NA,112.1
"7",2001,NA,115.1
"8",2002,NA,117.9
"9",2003,NA,120.8
"10",2004,NA,123.2
"11",2005,NA,125.3
"12",2006,NA,127.8
"13",2007,NA,130
"14",2008,NA,134.2
"15",2009,NA,135.2
"16",2010,NA,137.3
"17",2011,1.373,141.0071
"18",2012,1.373,145.2634
"19",2013,1.373,146.911
"20",2014,1.373,147.1856
"21",2015,1.373,147.0483
"22",2016,1.071,146.9012517
"23",2017,1.071,148.518783
"24",2018,1.071,150.1363143
"25",2019,1.071,150.8715558
"26",2020,1.071,150.4304109
"27",2021,1.071,153.2243286
"28",2022,1.071,165.5763858
"29",2023,1.071,174.5463321
