freq,geo,geo_label,iccs,iccs_label,unit,unit_label,TIME_PERIOD,values
A,AT,Austria,ICCS0101,Intentional homicide,NR,Number,1994,88
A,AT,Austria,ICCS0101,Intentional homicide,NR,Number,1995,78
A,AT,Austria,ICCS0101,Intentional homicide,NR,Number,1996,99
A,AT,Austria,ICCS0101,Intentional homicide,NR,Number,1997,66
A,AT,Austria,ICCS0101,Intentional homicide,NR,Number,1998,77
A,AT,Austria,ICCS0101,Intentional homicide,NR,Number,1999,60
A,AT,Austria,ICCS0101,Intentional homicide,NR,Number,2000,82
A,AT,Austria,ICCS0101,Intentional homicide,NR,Number,2001,70
A,AT,Austria,ICCS0101,Intentional homicide,NR,Number,2002,65
A,AT,Austria,ICCS0101,Intentional homicide,NR,Number,2003,50
A,AT,Austria,ICCS0101,Intentional homicide,NR,Number,2004,59
A,AT,Austria,ICCS0101,Intentional homicide,NR,Number,2005,54
A,AT,Austria,ICCS0101,Intentional homicide,NR,Number,2006,60
A,AT,Austria,ICCS0101,Intentional homicide,NR,Number,2007,45
A,AT,Austria,ICCS02-04,"Acts causing harm or intending to cause harm to the person, injurious acts of a sexual nature and acts against property involving violence or threat against a person",NR,Number,1999,36211
A,AT,Austria,ICCS02-04,"Acts causing harm or intending to cause harm to the person, injurious acts of a sexual nature and acts against property involving violence or threat against a person",NR,Number,2000,39111
A,AT,Austria,ICCS02-04,"Acts causing harm or intending to cause harm to the person, injurious acts of a sexual nature and acts against property involving violence or threat against a person",NR,Number,2001,34383
A,AT,Austria,ICCS02-04,"Acts causing harm or intending to cause harm to the person, injurious acts of a sexual nature and acts against property involving violence or threat against a person",NR,Number,2002,36998
A,AT,Austria,ICCS02-04,"Acts causing harm or intending to cause harm to the person, injurious acts of a sexual nature and acts against property involving violence or threat against a person",NR,Number,2003,40008
A,AT,Austria,ICCS02-04,"Acts causing harm or intending to cause harm to the person, injurious acts of a sexual nature and acts against property involving violence or threat against a person",NR,Number,2004,41044
A,AT,Austria,ICCS02-04,"Acts causing harm or intending to cause harm to the person, injurious acts of a sexual nature and acts against property involving violence or threat against a person",NR,Number,2005,42928
A,AT,Austria,ICCS02-04,"Acts causing harm or intending to cause harm to the person, injurious acts of a sexual nature and acts against property involving violence or threat against a person",NR,Number,2006,43316
A,AT,Austria,ICCS02-04,"Acts causing harm or intending to cause harm to the person, injurious acts of a sexual nature and acts against property involving violence or threat against a person",NR,Number,2007,46217
A,AT,Austria,ICCS0401,Robbery,NR,Number,1997,1991
A,AT,Austria,ICCS0401,Robbery,NR,Number,1998,2234
A,AT,Austria,ICCS0401,Robbery,NR,Number,1999,2283
A,AT,Austria,ICCS0401,Robbery,NR,Number,2000,3034
A,AT,Austria,ICCS0401,Robbery,NR,Number,2001,2824
A,AT,Austria,ICCS0401,Robbery,NR,Number,2002,3638
A,AT,Austria,ICCS0401,Robbery,NR,Number,2003,4434
A,AT,Austria,ICCS0401,Robbery,NR,Number,2004,4798
A,AT,Austria,ICCS0401,Robbery,NR,Number,2005,4770
A,AT,Austria,ICCS0401,Robbery,NR,Number,2006,5095
A,AT,Austria,ICCS0401,Robbery,NR,Number,2007,5036
A,AT,Austria,ICCS05012,Burglary of private residential premises,NR,Number,1994,14160
A,AT,Austria,ICCS05012,Burglary of private residential premises,NR,Number,1995,13721
A,AT,Austria,ICCS05012,Burglary of private residential premises,NR,Number,1996,13849
A,AT,Austria,ICCS05012,Burglary of private residential premises,NR,Number,1997,12826
A,AT,Austria,ICCS05012,Burglary of private residential premises,NR,Number,1998,11811
A,AT,Austria,ICCS05012,Burglary of private residential premises,NR,Number,1999,10111
A,AT,Austria,ICCS05012,Burglary of private residential premises,NR,Number,2000,13262
A,AT,Austria,ICCS05012,Burglary of private residential premises,NR,Number,2001,13008
A,AT,Austria,ICCS05012,Burglary of private residential premises,NR,Number,2002,12674
A,AT,Austria,ICCS05012,Burglary of private residential premises,NR,Number,2003,13429
A,AT,Austria,ICCS05012,Burglary of private residential premises,NR,Number,2004,20276
A,AT,Austria,ICCS05012,Burglary of private residential premises,NR,Number,2005,21227
A,AT,Austria,ICCS05012,Burglary of private residential premises,NR,Number,2006,18945
A,AT,Austria,ICCS05012,Burglary of private residential premises,NR,Number,2007,20040
A,AT,Austria,ICCS050211,Theft of a motorized land vehicle,NR,Number,1995,6095
A,AT,Austria,ICCS050211,Theft of a motorized land vehicle,NR,Number,1996,5791
A,AT,Austria,ICCS050211,Theft of a motorized land vehicle,NR,Number,1997,5950
A,AT,Austria,ICCS050211,Theft of a motorized land vehicle,NR,Number,1998,5771
A,AT,Austria,ICCS050211,Theft of a motorized land vehicle,NR,Number,1999,5679
A,AT,Austria,ICCS050211,Theft of a motorized land vehicle,NR,Number,2000,8601
A,AT,Austria,ICCS050211,Theft of a motorized land vehicle,NR,Number,2001,5740
A,AT,Austria,ICCS050211,Theft of a motorized land vehicle,NR,Number,2002,5489
A,AT,Austria,ICCS050211,Theft of a motorized land vehicle,NR,Number,2003,7720
A,AT,Austria,ICCS050211,Theft of a motorized land vehicle,NR,Number,2004,8156
A,AT,Austria,ICCS050211,Theft of a motorized land vehicle,NR,Number,2005,11089
A,AT,Austria,ICCS050211,Theft of a motorized land vehicle,NR,Number,2006,8959
A,AT,Austria,ICCS050211,Theft of a motorized land vehicle,NR,Number,2007,7802
A,AT,Austria,ICCS0601,Unlawful acts involving controlled drugs or precursors,NR,Number,1995,2058
A,AT,Austria,ICCS0601,Unlawful acts involving controlled drugs or precursors,NR,Number,1996,2209
A,AT,Austria,ICCS0601,Unlawful acts involving controlled drugs or precursors,NR,Number,1997,2656
A,AT,Austria,ICCS0601,Unlawful acts involving controlled drugs or precursors,NR,Number,1998,2594
A,AT,Austria,ICCS0601,Unlawful acts involving controlled drugs or precursors,NR,Number,1999,2514
A,AT,Austria,ICCS0601,Unlawful acts involving controlled drugs or precursors,NR,Number,2000,1503
A,AT,Austria,ICCS0601,Unlawful acts involving controlled drugs or precursors,NR,Number,2001,2399
A,AT,Austria,ICCS0601,Unlawful acts involving controlled drugs or precursors,NR,Number,2002,2320
A,AT,Austria,ICCS0601,Unlawful acts involving controlled drugs or precursors,NR,Number,2003,2506
A,AT,Austria,ICCS0601,Unlawful acts involving controlled drugs or precursors,NR,Number,2004,2443
A,AT,Austria,ICCS0601,Unlawful acts involving controlled drugs or precursors,NR,Number,2005,2337
A,AT,Austria,ICCS0601,Unlawful acts involving controlled drugs or precursors,NR,Number,2006,2377
A,AT,Austria,ICCS0601,Unlawful acts involving controlled drugs or precursors,NR,Number,2007,2473
A,AT,Austria,TOTAL,Total,NR,Number,1993,493786
A,AT,Austria,TOTAL,Total,NR,Number,1994,504568
A,AT,Austria,TOTAL,Total,NR,Number,1995,486433
A,AT,Austria,TOTAL,Total,NR,Number,1996,485450
A,AT,Austria,TOTAL,Total,NR,Number,1997,481549
A,AT,Austria,TOTAL,Total,NR,Number,1998,479859
A,AT,Austria,TOTAL,Total,NR,Number,1999,493246
A,AT,Austria,TOTAL,Total,NR,Number,2000,560306
A,AT,Austria,TOTAL,Total,NR,Number,2001,522710
A,AT,Austria,TOTAL,Total,NR,Number,2002,591584
A,AT,Austria,TOTAL,Total,NR,Number,2003,643286
A,AT,Austria,TOTAL,Total,NR,Number,2004,643648
A,AT,Austria,TOTAL,Total,NR,Number,2005,605272
A,AT,Austria,TOTAL,Total,NR,Number,2006,589495
A,AT,Austria,TOTAL,Total,NR,Number,2007,594240
A,BE,Belgium,ICCS0101,Intentional homicide,NR,Number,2000,216
A,BE,Belgium,ICCS0101,Intentional homicide,NR,Number,2001,282
A,BE,Belgium,ICCS0101,Intentional homicide,NR,Number,2002,320
A,BE,Belgium,ICCS0101,Intentional homicide,NR,Number,2003,229
A,BE,Belgium,ICCS0101,Intentional homicide,NR,Number,2004,267
A,BE,Belgium,ICCS0101,Intentional homicide,NR,Number,2005,221
A,BE,Belgium,ICCS0101,Intentional homicide,NR,Number,2006,223
A,BE,Belgium,ICCS0101,Intentional homicide,NR,Number,2007,211
A,BE,Belgium,ICCS02-04,"Acts causing harm or intending to cause harm to the person, injurious acts of a sexual nature and acts against property involving violence or threat against a person",NR,Number,2000,103770
A,BE,Belgium,ICCS02-04,"Acts causing harm or intending to cause harm to the person, injurious acts of a sexual nature and acts against property involving violence or threat against a person",NR,Number,2001,103017
A,BE,Belgium,ICCS02-04,"Acts causing harm or intending to cause harm to the person, injurious acts of a sexual nature and acts against property involving violence or threat against a person",NR,Number,2002,107974
A,BE,Belgium,ICCS02-04,"Acts causing harm or intending to cause harm to the person, injurious acts of a sexual nature and acts against property involving violence or threat against a person",NR,Number,2003,108573
A,BE,Belgium,ICCS02-04,"Acts causing harm or intending to cause harm to the person, injurious acts of a sexual nature and acts against property involving violence or threat against a person",NR,Number,2004,109175
A,BE,Belgium,ICCS02-04,"Acts causing harm or intending to cause harm to the person, injurious acts of a sexual nature and acts against property involving violence or threat against a person",NR,Number,2005,111451
A,BE,Belgium,ICCS02-04,"Acts causing harm or intending to cause harm to the person, injurious acts of a sexual nature and acts against property involving violence or threat against a person",NR,Number,2006,113952
A,BE,Belgium,ICCS02-04,"Acts causing harm or intending to cause harm to the person, injurious acts of a sexual nature and acts against property involving violence or threat against a person",NR,Number,2007,115645
A,BE,Belgium,ICCS0401,Robbery,NR,Number,2000,28188
A,BE,Belgium,ICCS0401,Robbery,NR,Number,2001,28755
A,BE,Belgium,ICCS0401,Robbery,NR,Number,2002,30288
A,BE,Belgium,ICCS0401,Robbery,NR,Number,2003,27986
A,BE,Belgium,ICCS0401,Robbery,NR,Number,2004,24240
A,BE,Belgium,ICCS0401,Robbery,NR,Number,2005,23995
A,BE,Belgium,ICCS0401,Robbery,NR,Number,2006,22820
A,BE,Belgium,ICCS0401,Robbery,NR,Number,2007,21186
A,BE,Belgium,ICCS05012,Burglary of private residential premises,NR,Number,2000,83315
A,BE,Belgium,ICCS05012,Burglary of private residential premises,NR,Number,2001,77330
A,BE,Belgium,ICCS05012,Burglary of private residential premises,NR,Number,2002,79203
A,BE,Belgium,ICCS05012,Burglary of private residential premises,NR,Number,2003,63994
A,BE,Belgium,ICCS05012,Burglary of private residential premises,NR,Number,2004,57484
A,BE,Belgium,ICCS05012,Burglary of private residential premises,NR,Number,2005,56978
A,BE,Belgium,ICCS05012,Burglary of private residential premises,NR,Number,2006,63615
A,BE,Belgium,ICCS05012,Burglary of private residential premises,NR,Number,2007,62964
A,BE,Belgium,ICCS050211,Theft of a motorized land vehicle,NR,Number,2000,54146
A,BE,Belgium,ICCS050211,Theft of a motorized land vehicle,NR,Number,2001,49822
A,BE,Belgium,ICCS050211,Theft of a motorized land vehicle,NR,Number,2002,45263
A,BE,Belgium,ICCS050211,Theft of a motorized land vehicle,NR,Number,2003,36222
A,BE,Belgium,ICCS050211,Theft of a motorized land vehicle,NR,Number,2004,29878
A,BE,Belgium,ICCS050211,Theft of a motorized land vehicle,NR,Number,2005,26769
A,BE,Belgium,ICCS050211,Theft of a motorized land vehicle,NR,Number,2006,26754
A,BE,Belgium,ICCS050211,Theft of a motorized land vehicle,NR,Number,2007,24884
A,BE,Belgium,ICCS0601,Unlawful acts involving controlled drugs or precursors,NR,Number,2000,11893
A,BE,Belgium,ICCS0601,Unlawful acts involving controlled drugs or precursors,NR,Number,2001,10847
A,BE,Belgium,ICCS0601,Unlawful acts involving controlled drugs or precursors,NR,Number,2002,10862
A,BE,Belgium,ICCS0601,Unlawful acts involving controlled drugs or precursors,NR,Number,2003,10976
A,BE,Belgium,ICCS0601,Unlawful acts involving controlled drugs or precursors,NR,Number,2004,12228
A,BE,Belgium,ICCS0601,Unlawful acts involving controlled drugs or precursors,NR,Number,2005,12874
A,BE,Belgium,ICCS0601,Unlawful acts involving controlled drugs or precursors,NR,Number,2006,13202
A,BE,Belgium,ICCS0601,Unlawful acts involving controlled drugs or precursors,NR,Number,2007,14220
A,BE,Belgium,TOTAL,Total,NR,Number,2000,1002660
A,BE,Belgium,TOTAL,Total,NR,Number,2001,971437
A,BE,Belgium,TOTAL,Total,NR,Number,2002,1012781
A,BE,Belgium,TOTAL,Total,NR,Number,2003,1007783
A,BE,Belgium,TOTAL,Total,NR,Number,2004,1013674
A,BE,Belgium,TOTAL,Total,NR,Number,2005,999396
A,BE,Belgium,TOTAL,Total,NR,Number,2006,1022813
A,BE,Belgium,TOTAL,Total,NR,Number,2007,1034430
A,BG,Bulgaria,ICCS0101,Intentional homicide,NR,Number,1995,461
A,BG,Bulgaria,ICCS0101,Intentional homicide,NR,Number,1996,404
A,BG,Bulgaria,ICCS0101,Intentional homicide,NR,Number,1997,369
A,BG,Bulgaria,ICCS0101,Intentional homicide,NR,Number,1998,381
A,BG,Bulgaria,ICCS0101,Intentional homicide,NR,Number,1999,327
A,BG,Bulgaria,ICCS0101,Intentional homicide,NR,Number,2000,332
A,BG,Bulgaria,ICCS0101,Intentional homicide,NR,Number,2001,308
A,BG,Bulgaria,ICCS0101,Intentional homicide,NR,Number,2002,255
A,BG,Bulgaria,ICCS0101,Intentional homicide,NR,Number,2003,247
A,BG,Bulgaria,ICCS0101,Intentional homicide,NR,Number,2004,240
A,BG,Bulgaria,ICCS0101,Intentional homicide,NR,Number,2005,196
A,BG,Bulgaria,ICCS0101,Intentional homicide,NR,Number,2006,183
A,BG,Bulgaria,ICCS0101,Intentional homicide,NR,Number,2007,169
A,BG,Bulgaria,ICCS02-04,"Acts causing harm or intending to cause harm to the person, injurious acts of a sexual nature and acts against property involving violence or threat against a person",NR,Number,1999,12887
A,BG,Bulgaria,ICCS02-04,"Acts causing harm or intending to cause harm to the person, injurious acts of a sexual nature and acts against property involving violence or threat against a person",NR,Number,2000,11018
A,BG,Bulgaria,ICCS02-04,"Acts causing harm or intending to cause harm to the person, injurious acts of a sexual nature and acts against property involving violence or threat against a person",NR,Number,2001,10950
A,BG,Bulgaria,ICCS02-04,"Acts causing harm or intending to cause harm to the person, injurious acts of a sexual nature and acts against property involving violence or threat against a person",NR,Number,2002,12176
A,BG,Bulgaria,ICCS02-04,"Acts causing harm or intending to cause harm to the person, injurious acts of a sexual nature and acts against property involving violence or threat against a person",NR,Number,2003,12796
A,BG,Bulgaria,ICCS02-04,"Acts causing harm or intending to cause harm to the person, injurious acts of a sexual nature and acts against property involving violence or threat against a person",NR,Number,2004,11284
A,BG,Bulgaria,ICCS02-04,"Acts causing harm or intending to cause harm to the person, injurious acts of a sexual nature and acts against property involving violence or threat against a person",NR,Number,2005,10623
A,BG,Bulgaria,ICCS02-04,"Acts causing harm or intending to cause harm to the person, injurious acts of a sexual nature and acts against property involving violence or threat against a person",NR,Number,2006,8766
A,BG,Bulgaria,ICCS02-04,"Acts causing harm or intending to cause harm to the person, injurious acts of a sexual nature and acts against property involving violence or threat against a person",NR,Number,2007,8696
A,BG,Bulgaria,ICCS0401,Robbery,NR,Number,1995,5737
A,BG,Bulgaria,ICCS0401,Robbery,NR,Number,1996,5623
A,BG,Bulgaria,ICCS0401,Robbery,NR,Number,1997,6481
A,BG,Bulgaria,ICCS0401,Robbery,NR,Number,1998,4494
A,BG,Bulgaria,ICCS0401,Robbery,NR,Number,1999,4044
A,BG,Bulgaria,ICCS0401,Robbery,NR,Number,2000,4266
A,BG,Bulgaria,ICCS0401,Robbery,NR,Number,2001,4069
A,BG,Bulgaria,ICCS0401,Robbery,NR,Number,2002,4665
A,BG,Bulgaria,ICCS0401,Robbery,NR,Number,2003,4933
A,BG,Bulgaria,ICCS0401,Robbery,NR,Number,2004,4131
A,BG,Bulgaria,ICCS0401,Robbery,NR,Number,2005,3754
A,BG,Bulgaria,ICCS0401,Robbery,NR,Number,2006,2875
A,BG,Bulgaria,ICCS0401,Robbery,NR,Number,2007,2996
A,BG,Bulgaria,ICCS05012,Burglary of private residential premises,NR,Number,1995,80671
A,BG,Bulgaria,ICCS05012,Burglary of private residential premises,NR,Number,1996,70126
A,BG,Bulgaria,ICCS05012,Burglary of private residential premises,NR,Number,1997,85356
A,BG,Bulgaria,ICCS05012,Burglary of private residential premises,NR,Number,1998,43830
A,BG,Bulgaria,ICCS05012,Burglary of private residential premises,NR,Number,1999,33004
A,BG,Bulgaria,ICCS05012,Burglary of private residential premises,NR,Number,2000,39455
A,BG,Bulgaria,ICCS05012,Burglary of private residential premises,NR,Number,2001,36269
A,BG,Bulgaria,ICCS05012,Burglary of private residential premises,NR,Number,2002,31639
A,BG,Bulgaria,ICCS05012,Burglary of private residential premises,NR,Number,2003,28210
A,BG,Bulgaria,ICCS05012,Burglary of private residential premises,NR,Number,2004,25565
A,BG,Bulgaria,ICCS05012,Burglary of private residential premises,NR,Number,2005,22379
A,BG,Bulgaria,ICCS05012,Burglary of private residential premises,NR,Number,2006,23460
A,BG,Bulgaria,ICCS05012,Burglary of private residential premises,NR,Number,2007,22208
A,BG,Bulgaria,ICCS050211,Theft of a motorized land vehicle,NR,Number,1995,2451
A,BG,Bulgaria,ICCS050211,Theft of a motorized land vehicle,NR,Number,1996,2413
A,BG,Bulgaria,ICCS050211,Theft of a motorized land vehicle,NR,Number,1997,2433
A,BG,Bulgaria,ICCS050211,Theft of a motorized land vehicle,NR,Number,1998,1758
A,BG,Bulgaria,ICCS050211,Theft of a motorized land vehicle,NR,Number,1999,1507
A,BG,Bulgaria,ICCS050211,Theft of a motorized land vehicle,NR,Number,2000,2422
A,BG,Bulgaria,ICCS050211,Theft of a motorized land vehicle,NR,Number,2001,2076
A,BG,Bulgaria,ICCS050211,Theft of a motorized land vehicle,NR,Number,2002,2196
A,BG,Bulgaria,ICCS050211,Theft of a motorized land vehicle,NR,Number,2003,1488
A,BG,Bulgaria,ICCS050211,Theft of a motorized land vehicle,NR,Number,2004,1268
A,BG,Bulgaria,ICCS050211,Theft of a motorized land vehicle,NR,Number,2005,785
A,BG,Bulgaria,ICCS050211,Theft of a motorized land vehicle,NR,Number,2006,640
A,BG,Bulgaria,ICCS050211,Theft of a motorized land vehicle,NR,Number,2007,448
A,BG,Bulgaria,ICCS0601,Unlawful acts involving controlled drugs or precursors,NR,Number,1999,808
A,BG,Bulgaria,ICCS0601,Unlawful acts involving controlled drugs or precursors,NR,Number,2000,424
A,BG,Bulgaria,ICCS0601,Unlawful acts involving controlled drugs or precursors,NR,Number,2001,1487
A,BG,Bulgaria,ICCS0601,Unlawful acts involving controlled drugs or precursors,NR,Number,2002,1648
A,BG,Bulgaria,ICCS0601,Unlawful acts involving controlled drugs or precursors,NR,Number,2003,2006
A,BG,Bulgaria,ICCS0601,Unlawful acts involving controlled drugs or precursors,NR,Number,2004,2412
A,BG,Bulgaria,ICCS0601,Unlawful acts involving controlled drugs or precursors,NR,Number,2005,2720
A,BG,Bulgaria,ICCS0601,Unlawful acts involving controlled drugs or precursors,NR,Number,2006,2824
A,BG,Bulgaria,ICCS0601,Unlawful acts involving controlled drugs or precursors,NR,Number,2007,2844
A,BG,Bulgaria,TOTAL,Total,NR,Number,1995,196346
A,BG,Bulgaria,TOTAL,Total,NR,Number,1996,184975
A,BG,Bulgaria,TOTAL,Total,NR,Number,1997,228219
A,BG,Bulgaria,TOTAL,Total,NR,Number,1998,163988
A,BG,Bulgaria,TOTAL,Total,NR,Number,1999,145035
A,BG,Bulgaria,TOTAL,Total,NR,Number,2000,148915
A,BG,Bulgaria,TOTAL,Total,NR,Number,2001,147022
A,BG,Bulgaria,TOTAL,Total,NR,Number,2002,146929
A,BG,Bulgaria,TOTAL,Total,NR,Number,2003,143921
A,BG,Bulgaria,TOTAL,Total,NR,Number,2004,142093
A,BG,Bulgaria,TOTAL,Total,NR,Number,2005,137800
A,BG,Bulgaria,TOTAL,Total,NR,Number,2006,136410
A,BG,Bulgaria,TOTAL,Total,NR,Number,2007,134685
A,CH,Switzerland,ICCS0101,Intentional homicide,NR,Number,1994,80
A,CH,Switzerland,ICCS0101,Intentional homicide,NR,Number,1995,82
A,CH,Switzerland,ICCS0101,Intentional homicide,NR,Number,1996,83
A,CH,Switzerland,ICCS0101,Intentional homicide,NR,Number,1997,87
A,CH,Switzerland,ICCS0101,Intentional homicide,NR,Number,1998,76
A,CH,Switzerland,ICCS0101,Intentional homicide,NR,Number,1999,89
A,CH,Switzerland,ICCS0101,Intentional homicide,NR,Number,2000,69
A,CH,Switzerland,ICCS0101,Intentional homicide,NR,Number,2001,86
A,CH,Switzerland,ICCS0101,Intentional homicide,NR,Number,2002,86
A,CH,Switzerland,ICCS0101,Intentional homicide,NR,Number,2003,73
A,CH,Switzerland,ICCS0101,Intentional homicide,NR,Number,2004,79
A,CH,Switzerland,ICCS0101,Intentional homicide,NR,Number,2005,75
A,CH,Switzerland,ICCS0101,Intentional homicide,NR,Number,2006,60
A,CH,Switzerland,ICCS0101,Intentional homicide,NR,Number,2007,51
A,CH,Switzerland,ICCS02-04,"Acts causing harm or intending to cause harm to the person, injurious acts of a sexual nature and acts against property involving violence or threat against a person",NR,Number,1993,6606
A,CH,Switzerland,ICCS02-04,"Acts causing harm or intending to cause harm to the person, injurious acts of a sexual nature and acts against property involving violence or threat against a person",NR,Number,1994,6002
A,CH,Switzerland,ICCS02-04,"Acts causing harm or intending to cause harm to the person, injurious acts of a sexual nature and acts against property involving violence or threat against a person",NR,Number,1995,6042
A,CH,Switzerland,ICCS02-04,"Acts causing harm or intending to cause harm to the person, injurious acts of a sexual nature and acts against property involving violence or threat against a person",NR,Number,1996,6932
A,CH,Switzerland,ICCS02-04,"Acts causing harm or intending to cause harm to the person, injurious acts of a sexual nature and acts against property involving violence or threat against a person",NR,Number,1997,7472
A,CH,Switzerland,ICCS02-04,"Acts causing harm or intending to cause harm to the person, injurious acts of a sexual nature and acts against property involving violence or threat against a person",NR,Number,1998,8015
A,CH,Switzerland,ICCS02-04,"Acts causing harm or intending to cause harm to the person, injurious acts of a sexual nature and acts against property involving violence or threat against a person",NR,Number,1999,8528
A,CH,Switzerland,ICCS02-04,"Acts causing harm or intending to cause harm to the person, injurious acts of a sexual nature and acts against property involving violence or threat against a person",NR,Number,2000,8152
A,CH,Switzerland,ICCS02-04,"Acts causing harm or intending to cause harm to the person, injurious acts of a sexual nature and acts against property involving violence or threat against a person",NR,Number,2001,8653
A,CH,Switzerland,ICCS02-04,"Acts causing harm or intending to cause harm to the person, injurious acts of a sexual nature and acts against property involving violence or threat against a person",NR,Number,2002,9265
A,CH,Switzerland,ICCS02-04,"Acts causing harm or intending to cause harm to the person, injurious acts of a sexual nature and acts against property involving violence or threat against a person",NR,Number,2003,10151
A,CH,Switzerland,ICCS02-04,"Acts causing harm or intending to cause harm to the person, injurious acts of a sexual nature and acts against property involving violence or threat against a person",NR,Number,2004,11917
A,CH,Switzerland,ICCS02-04,"Acts causing harm or intending to cause harm to the person, injurious acts of a sexual nature and acts against property involving violence or threat against a person",NR,Number,2005,11544
A,CH,Switzerland,ICCS02-04,"Acts causing harm or intending to cause harm to the person, injurious acts of a sexual nature and acts against property involving violence or threat against a person",NR,Number,2006,12784
A,CH,Switzerland,ICCS02-04,"Acts causing harm or intending to cause harm to the person, injurious acts of a sexual nature and acts against property involving violence or threat against a person",NR,Number,2007,13537
A,CH,Switzerland,ICCS0401,Robbery,NR,Number,1993,4980
A,CH,Switzerland,ICCS0401,Robbery,NR,Number,1994,3812
A,CH,Switzerland,ICCS0401,Robbery,NR,Number,1995,3315
A,CH,Switzerland,ICCS0401,Robbery,NR,Number,1996,3776
A,CH,Switzerland,ICCS0401,Robbery,NR,Number,1997,4093
A,CH,Switzerland,ICCS0401,Robbery,NR,Number,1998,4273
A,CH,Switzerland,ICCS0401,Robbery,NR,Number,1999,4289
A,CH,Switzerland,ICCS0401,Robbery,NR,Number,2000,3752
A,CH,Switzerland,ICCS0401,Robbery,NR,Number,2001,3822
A,CH,Switzerland,ICCS0401,Robbery,NR,Number,2002,3968
A,CH,Switzerland,ICCS0401,Robbery,NR,Number,2003,4344
A,CH,Switzerland,ICCS0401,Robbery,NR,Number,2004,4749
A,CH,Switzerland,ICCS0401,Robbery,NR,Number,2005,3977
A,CH,Switzerland,ICCS0401,Robbery,NR,Number,2006,4088
A,CH,Switzerland,ICCS0401,Robbery,NR,Number,2007,4481
A,CH,Switzerland,ICCS05012,Burglary of private residential premises,NR,Number,1993,69278
A,CH,Switzerland,ICCS05012,Burglary of private residential premises,NR,Number,1994,66466
A,CH,Switzerland,ICCS05012,Burglary of private residential premises,NR,Number,1995,67044
A,CH,Switzerland,ICCS05012,Burglary of private residential premises,NR,Number,1996,74321
A,CH,Switzerland,ICCS05012,Burglary of private residential premises,NR,Number,1997,82559
A,CH,Switzerland,ICCS05012,Burglary of private residential premises,NR,Number,1998,83416
A,CH,Switzerland,ICCS05012,Burglary of private residential premises,NR,Number,1999,76322
A,CH,Switzerland,ICCS05012,Burglary of private residential premises,NR,Number,2000,60384
A,CH,Switzerland,ICCS05012,Burglary of private residential premises,NR,Number,2001,57375
A,CH,Switzerland,ICCS05012,Burglary of private residential premises,NR,Number,2002,60822
A,CH,Switzerland,ICCS05012,Burglary of private residential premises,NR,Number,2003,68551
A,CH,Switzerland,ICCS05012,Burglary of private residential premises,NR,Number,2004,70370
A,CH,Switzerland,ICCS05012,Burglary of private residential premises,NR,Number,2005,61194
A,CH,Switzerland,ICCS05012,Burglary of private residential premises,NR,Number,2006,56706
A,CH,Switzerland,ICCS05012,Burglary of private residential premises,NR,Number,2007,57493
A,CH,Switzerland,ICCS0601,Unlawful acts involving controlled drugs or precursors,NR,Number,1993,8798
A,CH,Switzerland,ICCS0601,Unlawful acts involving controlled drugs or precursors,NR,Number,1994,7663
A,CH,Switzerland,ICCS0601,Unlawful acts involving controlled drugs or precursors,NR,Number,1995,7685
A,CH,Switzerland,ICCS0601,Unlawful acts involving controlled drugs or precursors,NR,Number,1996,8072
A,CH,Switzerland,ICCS0601,Unlawful acts involving controlled drugs or precursors,NR,Number,1997,7868
A,CH,Switzerland,ICCS0601,Unlawful acts involving controlled drugs or precursors,NR,Number,1998,7896
A,CH,Switzerland,ICCS0601,Unlawful acts involving controlled drugs or precursors,NR,Number,1999,8147
A,CH,Switzerland,ICCS0601,Unlawful acts involving controlled drugs or precursors,NR,Number,2000,7549
A,CH,Switzerland,ICCS0601,Unlawful acts involving controlled drugs or precursors,NR,Number,2001,7416
A,CH,Switzerland,ICCS0601,Unlawful acts involving controlled drugs or precursors,NR,Number,2002,7877
A,CH,Switzerland,ICCS0601,Unlawful acts involving controlled drugs or precursors,NR,Number,2003,7806
A,CH,Switzerland,ICCS0601,Unlawful acts involving controlled drugs or precursors,NR,Number,2004,7803
A,CH,Switzerland,ICCS0601,Unlawful acts involving controlled drugs or precursors,NR,Number,2005,7076
A,CH,Switzerland,ICCS0601,Unlawful acts involving controlled drugs or precursors,NR,Number,2006,6296
A,CH,Switzerland,ICCS0601,Unlawful acts involving controlled drugs or precursors,NR,Number,2007,6297
A,CH,Switzerland,TOTAL,Total,NR,Number,1993,371740
A,CH,Switzerland,TOTAL,Total,NR,Number,1994,358028
A,CH,Switzerland,TOTAL,Total,NR,Number,1995,346634
A,CH,Switzerland,TOTAL,Total,NR,Number,1996,356018
A,CH,Switzerland,TOTAL,Total,NR,Number,1997,382769
A,CH,Switzerland,TOTAL,Total,NR,Number,1998,378045
A,CH,Switzerland,TOTAL,Total,NR,Number,1999,355255
A,CH,Switzerland,TOTAL,Total,NR,Number,2000,317335
A,CH,Switzerland,TOTAL,Total,NR,Number,2001,321713
A,CH,Switzerland,TOTAL,Total,NR,Number,2002,356841
A,CH,Switzerland,TOTAL,Total,NR,Number,2003,379343
A,CH,Switzerland,TOTAL,Total,NR,Number,2004,389415
A,CH,Switzerland,TOTAL,Total,NR,Number,2005,352723
A,CH,Switzerland,TOTAL,Total,NR,Number,2006,335157
A,CH,Switzerland,TOTAL,Total,NR,Number,2007,326232
A,CY,Cyprus,ICCS0101,Intentional homicide,NR,Number,1993,9
A,CY,Cyprus,ICCS0101,Intentional homicide,NR,Number,1994,8
A,CY,Cyprus,ICCS0101,Intentional homicide,NR,Number,1995,10
A,CY,Cyprus,ICCS0101,Intentional homicide,NR,Number,1996,10
A,CY,Cyprus,ICCS0101,Intentional homicide,NR,Number,1997,7
A,CY,Cyprus,ICCS0101,Intentional homicide,NR,Number,1998,7
A,CY,Cyprus,ICCS0101,Intentional homicide,NR,Number,1999,10
A,CY,Cyprus,ICCS0101,Intentional homicide,NR,Number,2000,8
A,CY,Cyprus,ICCS0101,Intentional homicide,NR,Number,2001,7
A,CY,Cyprus,ICCS0101,Intentional homicide,NR,Number,2002,3
A,CY,Cyprus,ICCS0101,Intentional homicide,NR,Number,2003,15
A,CY,Cyprus,ICCS0101,Intentional homicide,NR,Number,2004,15
A,CY,Cyprus,ICCS0101,Intentional homicide,NR,Number,2005,15
A,CY,Cyprus,ICCS0101,Intentional homicide,NR,Number,2006,12
A,CY,Cyprus,ICCS0101,Intentional homicide,NR,Number,2007,11
A,CY,Cyprus,ICCS02-04,"Acts causing harm or intending to cause harm to the person, injurious acts of a sexual nature and acts against property involving violence or threat against a person",NR,Number,1993,149
A,CY,Cyprus,ICCS02-04,"Acts causing harm or intending to cause harm to the person, injurious acts of a sexual nature and acts against property involving violence or threat against a person",NR,Number,1994,170
A,CY,Cyprus,ICCS02-04,"Acts causing harm or intending to cause harm to the person, injurious acts of a sexual nature and acts against property involving violence or threat against a person",NR,Number,1995,198
A,CY,Cyprus,ICCS02-04,"Acts causing harm or intending to cause harm to the person, injurious acts of a sexual nature and acts against property involving violence or threat against a person",NR,Number,1996,180
A,CY,Cyprus,ICCS02-04,"Acts causing harm or intending to cause harm to the person, injurious acts of a sexual nature and acts against property involving violence or threat against a person",NR,Number,1997,186
A,CY,Cyprus,ICCS02-04,"Acts causing harm or intending to cause harm to the person, injurious acts of a sexual nature and acts against property involving violence or threat against a person",NR,Number,1998,176
A,CY,Cyprus,ICCS02-04,"Acts causing harm or intending to cause harm to the person, injurious acts of a sexual nature and acts against property involving violence or threat against a person",NR,Number,1999,197
A,CY,Cyprus,ICCS02-04,"Acts causing harm or intending to cause harm to the person, injurious acts of a sexual nature and acts against property involving violence or threat against a person",NR,Number,2000,185
A,CY,Cyprus,ICCS02-04,"Acts causing harm or intending to cause harm to the person, injurious acts of a sexual nature and acts against property involving violence or threat against a person",NR,Number,2001,200
A,CY,Cyprus,ICCS02-04,"Acts causing harm or intending to cause harm to the person, injurious acts of a sexual nature and acts against property involving violence or threat against a person",NR,Number,2002,203
A,CY,Cyprus,ICCS02-04,"Acts causing harm or intending to cause harm to the person, injurious acts of a sexual nature and acts against property involving violence or threat against a person",NR,Number,2003,294
A,CY,Cyprus,ICCS02-04,"Acts causing harm or intending to cause harm to the person, injurious acts of a sexual nature and acts against property involving violence or threat against a person",NR,Number,2004,383
A,CY,Cyprus,ICCS02-04,"Acts causing harm or intending to cause harm to the person, injurious acts of a sexual nature and acts against property involving violence or threat against a person",NR,Number,2005,325
A,CY,Cyprus,ICCS02-04,"Acts causing harm or intending to cause harm to the person, injurious acts of a sexual nature and acts against property involving violence or threat against a person",NR,Number,2006,319
A,CY,Cyprus,ICCS02-04,"Acts causing harm or intending to cause harm to the person, injurious acts of a sexual nature and acts against property involving violence or threat against a person",NR,Number,2007,301
A,CY,Cyprus,ICCS0401,Robbery,NR,Number,1993,17
A,CY,Cyprus,ICCS0401,Robbery,NR,Number,1994,14
A,CY,Cyprus,ICCS0401,Robbery,NR,Number,1995,22
A,CY,Cyprus,ICCS0401,Robbery,NR,Number,1996,15
A,CY,Cyprus,ICCS0401,Robbery,NR,Number,1997,23
A,CY,Cyprus,ICCS0401,Robbery,NR,Number,1998,29
A,CY,Cyprus,ICCS0401,Robbery,NR,Number,1999,31
A,CY,Cyprus,ICCS0401,Robbery,NR,Number,2000,39
A,CY,Cyprus,ICCS0401,Robbery,NR,Number,2001,39
A,CY,Cyprus,ICCS0401,Robbery,NR,Number,2002,36
A,CY,Cyprus,ICCS0401,Robbery,NR,Number,2003,66
A,CY,Cyprus,ICCS0401,Robbery,NR,Number,2004,100
A,CY,Cyprus,ICCS0401,Robbery,NR,Number,2005,73
A,CY,Cyprus,ICCS0401,Robbery,NR,Number,2006,66
A,CY,Cyprus,ICCS0401,Robbery,NR,Number,2007,69
A,CY,Cyprus,ICCS05012,Burglary of private residential premises,NR,Number,1993,1443
A,CY,Cyprus,ICCS05012,Burglary of private residential premises,NR,Number,1994,1287
A,CY,Cyprus,ICCS05012,Burglary of private residential premises,NR,Number,1995,1002
A,CY,Cyprus,ICCS05012,Burglary of private residential premises,NR,Number,1996,1316
A,CY,Cyprus,ICCS05012,Burglary of private residential premises,NR,Number,1997,1083
A,CY,Cyprus,ICCS05012,Burglary of private residential premises,NR,Number,1998,1347
A,CY,Cyprus,ICCS05012,Burglary of private residential premises,NR,Number,1999,1026
A,CY,Cyprus,ICCS05012,Burglary of private residential premises,NR,Number,2000,1010
A,CY,Cyprus,ICCS05012,Burglary of private residential premises,NR,Number,2001,792
A,CY,Cyprus,ICCS05012,Burglary of private residential premises,NR,Number,2002,1228
A,CY,Cyprus,ICCS05012,Burglary of private residential premises,NR,Number,2003,3159
A,CY,Cyprus,ICCS05012,Burglary of private residential premises,NR,Number,2004,3311
A,CY,Cyprus,ICCS05012,Burglary of private residential premises,NR,Number,2005,2812
A,CY,Cyprus,ICCS05012,Burglary of private residential premises,NR,Number,2006,3084
A,CY,Cyprus,ICCS05012,Burglary of private residential premises,NR,Number,2007,2656
A,CY,Cyprus,ICCS050211,Theft of a motorized land vehicle,NR,Number,1993,587
A,CY,Cyprus,ICCS050211,Theft of a motorized land vehicle,NR,Number,1994,551
A,CY,Cyprus,ICCS050211,Theft of a motorized land vehicle,NR,Number,1995,543
A,CY,Cyprus,ICCS050211,Theft of a motorized land vehicle,NR,Number,1996,1661
A,CY,Cyprus,ICCS050211,Theft of a motorized land vehicle,NR,Number,1997,1548
A,CY,Cyprus,ICCS050211,Theft of a motorized land vehicle,NR,Number,1998,1252
A,CY,Cyprus,ICCS050211,Theft of a motorized land vehicle,NR,Number,1999,959
A,CY,Cyprus,ICCS050211,Theft of a motorized land vehicle,NR,Number,2000,1237
A,CY,Cyprus,ICCS050211,Theft of a motorized land vehicle,NR,Number,2001,1441
A,CY,Cyprus,ICCS050211,Theft of a motorized land vehicle,NR,Number,2002,1206
A,CY,Cyprus,ICCS050211,Theft of a motorized land vehicle,NR,Number,2003,1569
A,CY,Cyprus,ICCS050211,Theft of a motorized land vehicle,NR,Number,2004,1475
A,CY,Cyprus,ICCS050211,Theft of a motorized land vehicle,NR,Number,2005,1610
A,CY,Cyprus,ICCS050211,Theft of a motorized land vehicle,NR,Number,2006,1780
A,CY,Cyprus,ICCS050211,Theft of a motorized land vehicle,NR,Number,2007,2025
A,CY,Cyprus,ICCS0601,Unlawful acts involving controlled drugs or precursors,NR,Number,1993,86
A,CY,Cyprus,ICCS0601,Unlawful acts involving controlled drugs or precursors,NR,Number,1994,135
A,CY,Cyprus,ICCS0601,Unlawful acts involving controlled drugs or precursors,NR,Number,1995,157
A,CY,Cyprus,ICCS0601,Unlawful acts involving controlled drugs or precursors,NR,Number,1996,183
A,CY,Cyprus,ICCS0601,Unlawful acts involving controlled drugs or precursors,NR,Number,1997,240
A,CY,Cyprus,ICCS0601,Unlawful acts involving controlled drugs or precursors,NR,Number,1998,285
A,CY,Cyprus,ICCS0601,Unlawful acts involving controlled drugs or precursors,NR,Number,1999,251
A,CY,Cyprus,ICCS0601,Unlawful acts involving controlled drugs or precursors,NR,Number,2000,289
A,CY,Cyprus,ICCS0601,Unlawful acts involving controlled drugs or precursors,NR,Number,2001,397
A,CY,Cyprus,ICCS0601,Unlawful acts involving controlled drugs or precursors,NR,Number,2002,433
A,CY,Cyprus,ICCS0601,Unlawful acts involving controlled drugs or precursors,NR,Number,2003,475
A,CY,Cyprus,ICCS0601,Unlawful acts involving controlled drugs or precursors,NR,Number,2004,514
A,CY,Cyprus,ICCS0601,Unlawful acts involving controlled drugs or precursors,NR,Number,2005,611
A,CY,Cyprus,ICCS0601,Unlawful acts involving controlled drugs or precursors,NR,Number,2006,653
A,CY,Cyprus,ICCS0601,Unlawful acts involving controlled drugs or precursors,NR,Number,2007,876
A,CY,Cyprus,TOTAL,Total,NR,Number,1993,4300
A,CY,Cyprus,TOTAL,Total,NR,Number,1994,4304
A,CY,Cyprus,TOTAL,Total,NR,Number,1995,4033
A,CY,Cyprus,TOTAL,Total,NR,Number,1996,4529
A,CY,Cyprus,TOTAL,Total,NR,Number,1997,3910
A,CY,Cyprus,TOTAL,Total,NR,Number,1998,4316
A,CY,Cyprus,TOTAL,Total,NR,Number,1999,4212
A,CY,Cyprus,TOTAL,Total,NR,Number,2000,4340
A,CY,Cyprus,TOTAL,Total,NR,Number,2001,4506
A,CY,Cyprus,TOTAL,Total,NR,Number,2002,4758
A,CY,Cyprus,TOTAL,Total,NR,Number,2003,7256
A,CY,Cyprus,TOTAL,Total,NR,Number,2004,7615
A,CY,Cyprus,TOTAL,Total,NR,Number,2005,7212
A,CY,Cyprus,TOTAL,Total,NR,Number,2006,7917
A,CY,Cyprus,TOTAL,Total,NR,Number,2007,7556
A,CZ,Czechia,ICCS0101,Intentional homicide,NR,Number,1994,207
A,CZ,Czechia,ICCS0101,Intentional homicide,NR,Number,1996,181
A,CZ,Czechia,ICCS0101,Intentional homicide,NR,Number,1997,186
A,CZ,Czechia,ICCS0101,Intentional homicide,NR,Number,1998,183
A,CZ,Czechia,ICCS0101,Intentional homicide,NR,Number,1999,175
A,CZ,Czechia,ICCS0101,Intentional homicide,NR,Number,2000,179
A,CZ,Czechia,ICCS0101,Intentional homicide,NR,Number,2001,157
A,CZ,Czechia,ICCS0101,Intentional homicide,NR,Number,2002,147
A,CZ,Czechia,ICCS0101,Intentional homicide,NR,Number,2003,161
A,CZ,Czechia,ICCS0101,Intentional homicide,NR,Number,2004,134
A,CZ,Czechia,ICCS0101,Intentional homicide,NR,Number,2005,108
A,CZ,Czechia,ICCS0101,Intentional homicide,NR,Number,2006,130
A,CZ,Czechia,ICCS0101,Intentional homicide,NR,Number,2007,126
A,CZ,Czechia,ICCS02-04,"Acts causing harm or intending to cause harm to the person, injurious acts of a sexual nature and acts against property involving violence or threat against a person",NR,Number,1993,20263
A,CZ,Czechia,ICCS02-04,"Acts causing harm or intending to cause harm to the person, injurious acts of a sexual nature and acts against property involving violence or threat against a person",NR,Number,1994,20573
A,CZ,Czechia,ICCS02-04,"Acts causing harm or intending to cause harm to the person, injurious acts of a sexual nature and acts against property involving violence or threat against a person",NR,Number,1995,22114
A,CZ,Czechia,ICCS02-04,"Acts causing harm or intending to cause harm to the person, injurious acts of a sexual nature and acts against property involving violence or threat against a person",NR,Number,1996,23212
A,CZ,Czechia,ICCS02-04,"Acts causing harm or intending to cause harm to the person, injurious acts of a sexual nature and acts against property involving violence or threat against a person",NR,Number,1997,23576
A,CZ,Czechia,ICCS02-04,"Acts causing harm or intending to cause harm to the person, injurious acts of a sexual nature and acts against property involving violence or threat against a person",NR,Number,1998,23810
A,CZ,Czechia,ICCS02-04,"Acts causing harm or intending to cause harm to the person, injurious acts of a sexual nature and acts against property involving violence or threat against a person",NR,Number,1999,23581
A,CZ,Czechia,ICCS02-04,"Acts causing harm or intending to cause harm to the person, injurious acts of a sexual nature and acts against property involving violence or threat against a person",NR,Number,2000,22206
A,CZ,Czechia,ICCS02-04,"Acts causing harm or intending to cause harm to the person, injurious acts of a sexual nature and acts against property involving violence or threat against a person",NR,Number,2001,22017
A,CZ,Czechia,ICCS02-04,"Acts causing harm or intending to cause harm to the person, injurious acts of a sexual nature and acts against property involving violence or threat against a person",NR,Number,2002,23956
A,CZ,Czechia,ICCS02-04,"Acts causing harm or intending to cause harm to the person, injurious acts of a sexual nature and acts against property involving violence or threat against a person",NR,Number,2003,22763
A,CZ,Czechia,ICCS02-04,"Acts causing harm or intending to cause harm to the person, injurious acts of a sexual nature and acts against property involving violence or threat against a person",NR,Number,2004,24025
A,CZ,Czechia,ICCS02-04,"Acts causing harm or intending to cause harm to the person, injurious acts of a sexual nature and acts against property involving violence or threat against a person",NR,Number,2005,22079
A,CZ,Czechia,ICCS02-04,"Acts causing harm or intending to cause harm to the person, injurious acts of a sexual nature and acts against property involving violence or threat against a person",NR,Number,2006,19454
A,CZ,Czechia,ICCS02-04,"Acts causing harm or intending to cause harm to the person, injurious acts of a sexual nature and acts against property involving violence or threat against a person",NR,Number,2007,19976
A,CZ,Czechia,ICCS0401,Robbery,NR,Number,1993,4109
A,CZ,Czechia,ICCS0401,Robbery,NR,Number,1994,3826
A,CZ,Czechia,ICCS0401,Robbery,NR,Number,1995,3978
A,CZ,Czechia,ICCS0401,Robbery,NR,Number,1996,4281
A,CZ,Czechia,ICCS0401,Robbery,NR,Number,1997,4751
A,CZ,Czechia,ICCS0401,Robbery,NR,Number,1998,4306
A,CZ,Czechia,ICCS0401,Robbery,NR,Number,1999,4817
A,CZ,Czechia,ICCS0401,Robbery,NR,Number,2000,4644
A,CZ,Czechia,ICCS0401,Robbery,NR,Number,2001,4321
A,CZ,Czechia,ICCS0401,Robbery,NR,Number,2002,5434
A,CZ,Czechia,ICCS0401,Robbery,NR,Number,2003,5443
A,CZ,Czechia,ICCS0401,Robbery,NR,Number,2004,5931
A,CZ,Czechia,ICCS0401,Robbery,NR,Number,2005,5368
A,CZ,Czechia,ICCS0401,Robbery,NR,Number,2006,4613
A,CZ,Czechia,ICCS0401,Robbery,NR,Number,2007,4668
A,CZ,Czechia,ICCS05012,Burglary of private residential premises,NR,Number,1993,17632
A,CZ,Czechia,ICCS05012,Burglary of private residential premises,NR,Number,1994,14804
A,CZ,Czechia,ICCS05012,Burglary of private residential premises,NR,Number,1995,13936
A,CZ,Czechia,ICCS05012,Burglary of private residential premises,NR,Number,1996,13538
A,CZ,Czechia,ICCS05012,Burglary of private residential premises,NR,Number,1997,13068
A,CZ,Czechia,ICCS05012,Burglary of private residential premises,NR,Number,1998,12752
A,CZ,Czechia,ICCS05012,Burglary of private residential premises,NR,Number,1999,12445
A,CZ,Czechia,ICCS05012,Burglary of private residential premises,NR,Number,2000,11294
A,CZ,Czechia,ICCS05012,Burglary of private residential premises,NR,Number,2001,10590
A,CZ,Czechia,ICCS05012,Burglary of private residential premises,NR,Number,2002,11933
A,CZ,Czechia,ICCS05012,Burglary of private residential premises,NR,Number,2003,12164
A,CZ,Czechia,ICCS05012,Burglary of private residential premises,NR,Number,2004,11670
A,CZ,Czechia,ICCS05012,Burglary of private residential premises,NR,Number,2005,10361
A,CZ,Czechia,ICCS05012,Burglary of private residential premises,NR,Number,2006,9603
A,CZ,Czechia,ICCS05012,Burglary of private residential premises,NR,Number,2007,9163
A,CZ,Czechia,ICCS050211,Theft of a motorized land vehicle,NR,Number,1993,28322
A,CZ,Czechia,ICCS050211,Theft of a motorized land vehicle,NR,Number,1994,28101
A,CZ,Czechia,ICCS050211,Theft of a motorized land vehicle,NR,Number,1995,27327
A,CZ,Czechia,ICCS050211,Theft of a motorized land vehicle,NR,Number,1996,29639
A,CZ,Czechia,ICCS050211,Theft of a motorized land vehicle,NR,Number,1997,31331
A,CZ,Czechia,ICCS050211,Theft of a motorized land vehicle,NR,Number,1998,29779
A,CZ,Czechia,ICCS050211,Theft of a motorized land vehicle,NR,Number,1999,28946
A,CZ,Czechia,ICCS050211,Theft of a motorized land vehicle,NR,Number,2000,25539
A,CZ,Czechia,ICCS050211,Theft of a motorized land vehicle,NR,Number,2001,23539
A,CZ,Czechia,ICCS050211,Theft of a motorized land vehicle,NR,Number,2002,26143
A,CZ,Czechia,ICCS050211,Theft of a motorized land vehicle,NR,Number,2003,25331
A,CZ,Czechia,ICCS050211,Theft of a motorized land vehicle,NR,Number,2004,24230
A,CZ,Czechia,ICCS050211,Theft of a motorized land vehicle,NR,Number,2005,23040
A,CZ,Czechia,ICCS050211,Theft of a motorized land vehicle,NR,Number,2006,20996
A,CZ,Czechia,ICCS050211,Theft of a motorized land vehicle,NR,Number,2007,20329
A,CZ,Czechia,ICCS0601,Unlawful acts involving controlled drugs or precursors,NR,Number,2000,4336
A,CZ,Czechia,ICCS0601,Unlawful acts involving controlled drugs or precursors,NR,Number,2001,4052
A,CZ,Czechia,ICCS0601,Unlawful acts involving controlled drugs or precursors,NR,Number,2002,4114
A,CZ,Czechia,ICCS0601,Unlawful acts involving controlled drugs or precursors,NR,Number,2003,3497
A,CZ,Czechia,ICCS0601,Unlawful acts involving controlled drugs or precursors,NR,Number,2004,2803
A,CZ,Czechia,ICCS0601,Unlawful acts involving controlled drugs or precursors,NR,Number,2005,2706
A,CZ,Czechia,ICCS0601,Unlawful acts involving controlled drugs or precursors,NR,Number,2006,2668
A,CZ,Czechia,ICCS0601,Unlawful acts involving controlled drugs or precursors,NR,Number,2007,2639
A,CZ,Czechia,TOTAL,Total,NR,Number,1993,398505
A,CZ,Czechia,TOTAL,Total,NR,Number,1994,372427
A,CZ,Czechia,TOTAL,Total,NR,Number,1995,375630
A,CZ,Czechia,TOTAL,Total,NR,Number,1996,394267
A,CZ,Czechia,TOTAL,Total,NR,Number,1997,403654
A,CZ,Czechia,TOTAL,Total,NR,Number,1998,425930
A,CZ,Czechia,TOTAL,Total,NR,Number,1999,426626
A,CZ,Czechia,TOTAL,Total,NR,Number,2000,391469
A,CZ,Czechia,TOTAL,Total,NR,Number,2001,358577
A,CZ,Czechia,TOTAL,Total,NR,Number,2002,372341
A,CZ,Czechia,TOTAL,Total,NR,Number,2003,357740
A,CZ,Czechia,TOTAL,Total,NR,Number,2004,351629
A,CZ,Czechia,TOTAL,Total,NR,Number,2005,344060
A,CZ,Czechia,TOTAL,Total,NR,Number,2006,336446
A,CZ,Czechia,TOTAL,Total,NR,Number,2007,357391
A,DE,Germany,ICCS0101,Intentional homicide,NR,Number,1993,1250
A,DE,Germany,ICCS0101,Intentional homicide,NR,Number,1994,1343
A,DE,Germany,ICCS0101,Intentional homicide,NR,Number,1995,1406
A,DE,Germany,ICCS0101,Intentional homicide,NR,Number,1996,1382
A,DE,Germany,ICCS0101,Intentional homicide,NR,Number,1997,1265
A,DE,Germany,ICCS0101,Intentional homicide,NR,Number,1998,998
A,DE,Germany,ICCS0101,Intentional homicide,NR,Number,1999,1020
A,DE,Germany,ICCS0101,Intentional homicide,NR,Number,2000,1015
A,DE,Germany,ICCS0101,Intentional homicide,NR,Number,2001,925
A,DE,Germany,ICCS0101,Intentional homicide,NR,Number,2002,955
A,DE,Germany,ICCS0101,Intentional homicide,NR,Number,2003,859
A,DE,Germany,ICCS0101,Intentional homicide,NR,Number,2004,868
A,DE,Germany,ICCS0101,Intentional homicide,NR,Number,2005,869
A,DE,Germany,ICCS0101,Intentional homicide,NR,Number,2006,808
A,DE,Germany,ICCS0101,Intentional homicide,NR,Number,2007,757
A,DE,Germany,ICCS02-04,"Acts causing harm or intending to cause harm to the person, injurious acts of a sexual nature and acts against property involving violence or threat against a person",NR,Number,1993,160680
A,DE,Germany,ICCS02-04,"Acts causing harm or intending to cause harm to the person, injurious acts of a sexual nature and acts against property involving violence or threat against a person",NR,Number,1994,156272
A,DE,Germany,ICCS02-04,"Acts causing harm or intending to cause harm to the person, injurious acts of a sexual nature and acts against property involving violence or threat against a person",NR,Number,1995,170170
A,DE,Germany,ICCS02-04,"Acts causing harm or intending to cause harm to the person, injurious acts of a sexual nature and acts against property involving violence or threat against a person",NR,Number,1996,179455
A,DE,Germany,ICCS02-04,"Acts causing harm or intending to cause harm to the person, injurious acts of a sexual nature and acts against property involving violence or threat against a person",NR,Number,1997,186447
A,DE,Germany,ICCS02-04,"Acts causing harm or intending to cause harm to the person, injurious acts of a sexual nature and acts against property involving violence or threat against a person",NR,Number,1998,186306
A,DE,Germany,ICCS02-04,"Acts causing harm or intending to cause harm to the person, injurious acts of a sexual nature and acts against property involving violence or threat against a person",NR,Number,1999,186655
A,DE,Germany,ICCS02-04,"Acts causing harm or intending to cause harm to the person, injurious acts of a sexual nature and acts against property involving violence or threat against a person",NR,Number,2000,187103
A,DE,Germany,ICCS02-04,"Acts causing harm or intending to cause harm to the person, injurious acts of a sexual nature and acts against property involving violence or threat against a person",NR,Number,2001,188413
A,DE,Germany,ICCS02-04,"Acts causing harm or intending to cause harm to the person, injurious acts of a sexual nature and acts against property involving violence or threat against a person",NR,Number,2002,197492
A,DE,Germany,ICCS02-04,"Acts causing harm or intending to cause harm to the person, injurious acts of a sexual nature and acts against property involving violence or threat against a person",NR,Number,2003,204124
A,DE,Germany,ICCS02-04,"Acts causing harm or intending to cause harm to the person, injurious acts of a sexual nature and acts against property involving violence or threat against a person",NR,Number,2004,211172
A,DE,Germany,ICCS02-04,"Acts causing harm or intending to cause harm to the person, injurious acts of a sexual nature and acts against property involving violence or threat against a person",NR,Number,2005,212832
A,DE,Germany,ICCS02-04,"Acts causing harm or intending to cause harm to the person, injurious acts of a sexual nature and acts against property involving violence or threat against a person",NR,Number,2006,215471
A,DE,Germany,ICCS02-04,"Acts causing harm or intending to cause harm to the person, injurious acts of a sexual nature and acts against property involving violence or threat against a person",NR,Number,2007,217923
A,DE,Germany,ICCS0401,Robbery,NR,Number,1996,67578
A,DE,Germany,ICCS0401,Robbery,NR,Number,1997,69569
A,DE,Germany,ICCS0401,Robbery,NR,Number,1998,64405
A,DE,Germany,ICCS0401,Robbery,NR,Number,1999,61420
A,DE,Germany,ICCS0401,Robbery,NR,Number,2000,59414
A,DE,Germany,ICCS0401,Robbery,NR,Number,2001,57108
A,DE,Germany,ICCS0401,Robbery,NR,Number,2002,58867
A,DE,Germany,ICCS0401,Robbery,NR,Number,2003,59782
A,DE,Germany,ICCS0401,Robbery,NR,Number,2004,59732
A,DE,Germany,ICCS0401,Robbery,NR,Number,2005,54841
A,DE,Germany,ICCS0401,Robbery,NR,Number,2006,53696
A,DE,Germany,ICCS0401,Robbery,NR,Number,2007,52949
A,DE,Germany,ICCS05012,Burglary of private residential premises,NR,Number,1993,227090
A,DE,Germany,ICCS05012,Burglary of private residential premises,NR,Number,1994,210982
A,DE,Germany,ICCS05012,Burglary of private residential premises,NR,Number,1995,211221
A,DE,Germany,ICCS05012,Burglary of private residential premises,NR,Number,1996,195801
A,DE,Germany,ICCS05012,Burglary of private residential premises,NR,Number,1997,182009
A,DE,Germany,ICCS05012,Burglary of private residential premises,NR,Number,1998,166742
A,DE,Germany,ICCS05012,Burglary of private residential premises,NR,Number,1999,149044
A,DE,Germany,ICCS05012,Burglary of private residential premises,NR,Number,2000,140015
A,DE,Germany,ICCS05012,Burglary of private residential premises,NR,Number,2001,133722
A,DE,Germany,ICCS05012,Burglary of private residential premises,NR,Number,2002,130055
A,DE,Germany,ICCS05012,Burglary of private residential premises,NR,Number,2003,123280
A,DE,Germany,ICCS05012,Burglary of private residential premises,NR,Number,2004,124155
A,DE,Germany,ICCS05012,Burglary of private residential premises,NR,Number,2005,109736
A,DE,Germany,ICCS05012,Burglary of private residential premises,NR,Number,2006,106107
A,DE,Germany,ICCS05012,Burglary of private residential premises,NR,Number,2007,109128
A,DE,Germany,ICCS050211,Theft of a motorized land vehicle,NR,Number,1993,276745
A,DE,Germany,ICCS050211,Theft of a motorized land vehicle,NR,Number,1994,272357
A,DE,Germany,ICCS050211,Theft of a motorized land vehicle,NR,Number,1995,262620
A,DE,Germany,ICCS050211,Theft of a motorized land vehicle,NR,Number,1996,225787
A,DE,Germany,ICCS050211,Theft of a motorized land vehicle,NR,Number,1997,190585
A,DE,Germany,ICCS050211,Theft of a motorized land vehicle,NR,Number,1998,162518
A,DE,Germany,ICCS050211,Theft of a motorized land vehicle,NR,Number,1999,140636
A,DE,Germany,ICCS050211,Theft of a motorized land vehicle,NR,Number,2000,127750
A,DE,Germany,ICCS050211,Theft of a motorized land vehicle,NR,Number,2001,121533
A,DE,Germany,ICCS050211,Theft of a motorized land vehicle,NR,Number,2002,116230
A,DE,Germany,ICCS050211,Theft of a motorized land vehicle,NR,Number,2003,109846
A,DE,Germany,ICCS050211,Theft of a motorized land vehicle,NR,Number,2004,107920
A,DE,Germany,ICCS050211,Theft of a motorized land vehicle,NR,Number,2005,96451
A,DE,Germany,ICCS050211,Theft of a motorized land vehicle,NR,Number,2006,90224
A,DE,Germany,ICCS050211,Theft of a motorized land vehicle,NR,Number,2007,92628
A,DE,Germany,ICCS0601,Unlawful acts involving controlled drugs or precursors,NR,Number,1994,45088
A,DE,Germany,ICCS0601,Unlawful acts involving controlled drugs or precursors,NR,Number,1995,54889
A,DE,Germany,ICCS0601,Unlawful acts involving controlled drugs or precursors,NR,Number,1996,65615
A,DE,Germany,ICCS0601,Unlawful acts involving controlled drugs or precursors,NR,Number,1997,69093
A,DE,Germany,ICCS0601,Unlawful acts involving controlled drugs or precursors,NR,Number,1998,68994
A,DE,Germany,ICCS0601,Unlawful acts involving controlled drugs or precursors,NR,Number,1999,73271
A,DE,Germany,ICCS0601,Unlawful acts involving controlled drugs or precursors,NR,Number,2000,76594
A,DE,Germany,ICCS0601,Unlawful acts involving controlled drugs or precursors,NR,Number,2001,79787
A,DE,Germany,ICCS0601,Unlawful acts involving controlled drugs or precursors,NR,Number,2002,76038
A,DE,Germany,ICCS0601,Unlawful acts involving controlled drugs or precursors,NR,Number,2003,73375
A,DE,Germany,ICCS0601,Unlawful acts involving controlled drugs or precursors,NR,Number,2004,75347
A,DE,Germany,ICCS0601,Unlawful acts involving controlled drugs or precursors,NR,Number,2005,72002
A,DE,Germany,ICCS0601,Unlawful acts involving controlled drugs or precursors,NR,Number,2006,64865
A,DE,Germany,ICCS0601,Unlawful acts involving controlled drugs or precursors,NR,Number,2007,64093
A,DE,Germany,TOTAL,Total,NR,Number,1993,6750613
A,DE,Germany,TOTAL,Total,NR,Number,1994,6537748
A,DE,Germany,TOTAL,Total,NR,Number,1995,6668717
A,DE,Germany,TOTAL,Total,NR,Number,1996,6647598
A,DE,Germany,TOTAL,Total,NR,Number,1997,6586165
A,DE,Germany,TOTAL,Total,NR,Number,1998,6456996
A,DE,Germany,TOTAL,Total,NR,Number,1999,6302316
A,DE,Germany,TOTAL,Total,NR,Number,2000,6264723
A,DE,Germany,TOTAL,Total,NR,Number,2001,6363865
A,DE,Germany,TOTAL,Total,NR,Number,2002,6507394
A,DE,Germany,TOTAL,Total,NR,Number,2003,6572135
A,DE,Germany,TOTAL,Total,NR,Number,2004,6633156
A,DE,Germany,TOTAL,Total,NR,Number,2005,6391715
A,DE,Germany,TOTAL,Total,NR,Number,2006,6304223
A,DE,Germany,TOTAL,Total,NR,Number,2007,6284661
A,DK,Denmark,ICCS0101,Intentional homicide,NR,Number,1993,78
A,DK,Denmark,ICCS0101,Intentional homicide,NR,Number,1994,89
A,DK,Denmark,ICCS0101,Intentional homicide,NR,Number,1995,70
A,DK,Denmark,ICCS0101,Intentional homicide,NR,Number,1996,82
A,DK,Denmark,ICCS0101,Intentional homicide,NR,Number,1997,123
A,DK,Denmark,ICCS0101,Intentional homicide,NR,Number,1998,60
A,DK,Denmark,ICCS0101,Intentional homicide,NR,Number,1999,68
A,DK,Denmark,ICCS0101,Intentional homicide,NR,Number,2000,79
A,DK,Denmark,ICCS0101,Intentional homicide,NR,Number,2001,62
A,DK,Denmark,ICCS0101,Intentional homicide,NR,Number,2002,58
A,DK,Denmark,ICCS0101,Intentional homicide,NR,Number,2003,82
A,DK,Denmark,ICCS0101,Intentional homicide,NR,Number,2004,60
A,DK,Denmark,ICCS0101,Intentional homicide,NR,Number,2005,70
A,DK,Denmark,ICCS0101,Intentional homicide,NR,Number,2006,45
A,DK,Denmark,ICCS0101,Intentional homicide,NR,Number,2007,76
A,DK,Denmark,ICCS02-04,"Acts causing harm or intending to cause harm to the person, injurious acts of a sexual nature and acts against property involving violence or threat against a person",NR,Number,1993,15869
A,DK,Denmark,ICCS02-04,"Acts causing harm or intending to cause harm to the person, injurious acts of a sexual nature and acts against property involving violence or threat against a person",NR,Number,1994,16170
A,DK,Denmark,ICCS02-04,"Acts causing harm or intending to cause harm to the person, injurious acts of a sexual nature and acts against property involving violence or threat against a person",NR,Number,1995,14919
A,DK,Denmark,ICCS02-04,"Acts causing harm or intending to cause harm to the person, injurious acts of a sexual nature and acts against property involving violence or threat against a person",NR,Number,1996,14895
A,DK,Denmark,ICCS02-04,"Acts causing harm or intending to cause harm to the person, injurious acts of a sexual nature and acts against property involving violence or threat against a person",NR,Number,1997,15758
A,DK,Denmark,ICCS02-04,"Acts causing harm or intending to cause harm to the person, injurious acts of a sexual nature and acts against property involving violence or threat against a person",NR,Number,1998,15482
A,DK,Denmark,ICCS02-04,"Acts causing harm or intending to cause harm to the person, injurious acts of a sexual nature and acts against property involving violence or threat against a person",NR,Number,1999,16615
A,DK,Denmark,ICCS02-04,"Acts causing harm or intending to cause harm to the person, injurious acts of a sexual nature and acts against property involving violence or threat against a person",NR,Number,2000,17825
A,DK,Denmark,ICCS02-04,"Acts causing harm or intending to cause harm to the person, injurious acts of a sexual nature and acts against property involving violence or threat against a person",NR,Number,2001,18026
A,DK,Denmark,ICCS02-04,"Acts causing harm or intending to cause harm to the person, injurious acts of a sexual nature and acts against property involving violence or threat against a person",NR,Number,2002,18783
A,DK,Denmark,ICCS02-04,"Acts causing harm or intending to cause harm to the person, injurious acts of a sexual nature and acts against property involving violence or threat against a person",NR,Number,2003,19213
A,DK,Denmark,ICCS02-04,"Acts causing harm or intending to cause harm to the person, injurious acts of a sexual nature and acts against property involving violence or threat against a person",NR,Number,2004,19393
A,DK,Denmark,ICCS02-04,"Acts causing harm or intending to cause harm to the person, injurious acts of a sexual nature and acts against property involving violence or threat against a person",NR,Number,2005,19078
A,DK,Denmark,ICCS02-04,"Acts causing harm or intending to cause harm to the person, injurious acts of a sexual nature and acts against property involving violence or threat against a person",NR,Number,2006,19625
A,DK,Denmark,ICCS02-04,"Acts causing harm or intending to cause harm to the person, injurious acts of a sexual nature and acts against property involving violence or threat against a person",NR,Number,2007,20597
A,DK,Denmark,ICCS0401,Robbery,NR,Number,1993,4610
A,DK,Denmark,ICCS0401,Robbery,NR,Number,1994,4171
A,DK,Denmark,ICCS0401,Robbery,NR,Number,1995,4112
A,DK,Denmark,ICCS0401,Robbery,NR,Number,1996,4368
A,DK,Denmark,ICCS0401,Robbery,NR,Number,1997,4861
A,DK,Denmark,ICCS0401,Robbery,NR,Number,1998,5008
A,DK,Denmark,ICCS0401,Robbery,NR,Number,1999,5539
A,DK,Denmark,ICCS0401,Robbery,NR,Number,2000,5915
A,DK,Denmark,ICCS0401,Robbery,NR,Number,2001,5872
A,DK,Denmark,ICCS0401,Robbery,NR,Number,2002,6033
A,DK,Denmark,ICCS0401,Robbery,NR,Number,2003,5884
A,DK,Denmark,ICCS0401,Robbery,NR,Number,2004,5733
A,DK,Denmark,ICCS0401,Robbery,NR,Number,2005,5199
A,DK,Denmark,ICCS0401,Robbery,NR,Number,2006,5048
A,DK,Denmark,ICCS0401,Robbery,NR,Number,2007,5784
A,DK,Denmark,ICCS05012,Burglary of private residential premises,NR,Number,1993,35562
A,DK,Denmark,ICCS05012,Burglary of private residential premises,NR,Number,1994,31864
A,DK,Denmark,ICCS05012,Burglary of private residential premises,NR,Number,1995,32363
A,DK,Denmark,ICCS05012,Burglary of private residential premises,NR,Number,1996,33502
A,DK,Denmark,ICCS05012,Burglary of private residential premises,NR,Number,1997,34648
A,DK,Denmark,ICCS05012,Burglary of private residential premises,NR,Number,1998,31463
A,DK,Denmark,ICCS05012,Burglary of private residential premises,NR,Number,1999,34311
A,DK,Denmark,ICCS05012,Burglary of private residential premises,NR,Number,2000,32846
A,DK,Denmark,ICCS05012,Burglary of private residential premises,NR,Number,2001,32274
A,DK,Denmark,ICCS05012,Burglary of private residential premises,NR,Number,2002,35557
A,DK,Denmark,ICCS05012,Burglary of private residential premises,NR,Number,2003,33879
A,DK,Denmark,ICCS05012,Burglary of private residential premises,NR,Number,2004,32956
A,DK,Denmark,ICCS05012,Burglary of private residential premises,NR,Number,2005,29439
A,DK,Denmark,ICCS05012,Burglary of private residential premises,NR,Number,2006,31204
A,DK,Denmark,ICCS05012,Burglary of private residential premises,NR,Number,2007,36342
A,DK,Denmark,ICCS050211,Theft of a motorized land vehicle,NR,Number,1993,46173
A,DK,Denmark,ICCS050211,Theft of a motorized land vehicle,NR,Number,1994,45743
A,DK,Denmark,ICCS050211,Theft of a motorized land vehicle,NR,Number,1995,46174
A,DK,Denmark,ICCS050211,Theft of a motorized land vehicle,NR,Number,1996,51512
A,DK,Denmark,ICCS050211,Theft of a motorized land vehicle,NR,Number,1997,50220
A,DK,Denmark,ICCS050211,Theft of a motorized land vehicle,NR,Number,1998,46020
A,DK,Denmark,ICCS050211,Theft of a motorized land vehicle,NR,Number,1999,42179
A,DK,Denmark,ICCS050211,Theft of a motorized land vehicle,NR,Number,2000,41740
A,DK,Denmark,ICCS050211,Theft of a motorized land vehicle,NR,Number,2001,37444
A,DK,Denmark,ICCS050211,Theft of a motorized land vehicle,NR,Number,2002,37390
A,DK,Denmark,ICCS050211,Theft of a motorized land vehicle,NR,Number,2003,34037
A,DK,Denmark,ICCS050211,Theft of a motorized land vehicle,NR,Number,2004,31525
A,DK,Denmark,ICCS050211,Theft of a motorized land vehicle,NR,Number,2005,25887
A,DK,Denmark,ICCS050211,Theft of a motorized land vehicle,NR,Number,2006,25183
A,DK,Denmark,ICCS050211,Theft of a motorized land vehicle,NR,Number,2007,25868
A,DK,Denmark,ICCS0601,Unlawful acts involving controlled drugs or precursors,NR,Number,2000,2527
A,DK,Denmark,ICCS0601,Unlawful acts involving controlled drugs or precursors,NR,Number,2001,2553
A,DK,Denmark,ICCS0601,Unlawful acts involving controlled drugs or precursors,NR,Number,2002,2675
A,DK,Denmark,ICCS0601,Unlawful acts involving controlled drugs or precursors,NR,Number,2003,2667
A,DK,Denmark,ICCS0601,Unlawful acts involving controlled drugs or precursors,NR,Number,2004,3158
A,DK,Denmark,ICCS0601,Unlawful acts involving controlled drugs or precursors,NR,Number,2005,2738
A,DK,Denmark,ICCS0601,Unlawful acts involving controlled drugs or precursors,NR,Number,2006,2917
A,DK,Denmark,ICCS0601,Unlawful acts involving controlled drugs or precursors,NR,Number,2007,3258
A,DK,Denmark,TOTAL,Total,NR,Number,1993,546894
A,DK,Denmark,TOTAL,Total,NR,Number,1994,546926
A,DK,Denmark,TOTAL,Total,NR,Number,1995,538963
A,DK,Denmark,TOTAL,Total,NR,Number,1996,528488
A,DK,Denmark,TOTAL,Total,NR,Number,1997,531102
A,DK,Denmark,TOTAL,Total,NR,Number,1998,499167
A,DK,Denmark,TOTAL,Total,NR,Number,1999,494191
A,DK,Denmark,TOTAL,Total,NR,Number,2000,504231
A,DK,Denmark,TOTAL,Total,NR,Number,2001,473290
A,DK,Denmark,TOTAL,Total,NR,Number,2002,491511
A,DK,Denmark,TOTAL,Total,NR,Number,2003,486174
A,DK,Denmark,TOTAL,Total,NR,Number,2004,474419
A,DK,Denmark,TOTAL,Total,NR,Number,2005,432704
A,DK,Denmark,TOTAL,Total,NR,Number,2006,425093
A,DK,Denmark,TOTAL,Total,NR,Number,2007,445271
A,EE,Estonia,ICCS0101,Intentional homicide,NR,Number,1994,302
A,EE,Estonia,ICCS0101,Intentional homicide,NR,Number,1995,246
A,EE,Estonia,ICCS0101,Intentional homicide,NR,Number,1996,214
A,EE,Estonia,ICCS0101,Intentional homicide,NR,Number,1997,178
A,EE,Estonia,ICCS0101,Intentional homicide,NR,Number,1998,196
A,EE,Estonia,ICCS0101,Intentional homicide,NR,Number,1999,157
A,EE,Estonia,ICCS0101,Intentional homicide,NR,Number,2000,143
A,EE,Estonia,ICCS0101,Intentional homicide,NR,Number,2001,137
A,EE,Estonia,ICCS0101,Intentional homicide,NR,Number,2002,142
A,EE,Estonia,ICCS0101,Intentional homicide,NR,Number,2003,147
A,EE,Estonia,ICCS0101,Intentional homicide,NR,Number,2004,91
A,EE,Estonia,ICCS0101,Intentional homicide,NR,Number,2005,113
A,EE,Estonia,ICCS0101,Intentional homicide,NR,Number,2006,91
A,EE,Estonia,ICCS0101,Intentional homicide,NR,Number,2007,93
A,EE,Estonia,ICCS02-04,"Acts causing harm or intending to cause harm to the person, injurious acts of a sexual nature and acts against property involving violence or threat against a person",NR,Number,1993,809
A,EE,Estonia,ICCS02-04,"Acts causing harm or intending to cause harm to the person, injurious acts of a sexual nature and acts against property involving violence or threat against a person",NR,Number,1994,900
A,EE,Estonia,ICCS02-04,"Acts causing harm or intending to cause harm to the person, injurious acts of a sexual nature and acts against property involving violence or threat against a person",NR,Number,1995,813
A,EE,Estonia,ICCS02-04,"Acts causing harm or intending to cause harm to the person, injurious acts of a sexual nature and acts against property involving violence or threat against a person",NR,Number,1996,751
A,EE,Estonia,ICCS02-04,"Acts causing harm or intending to cause harm to the person, injurious acts of a sexual nature and acts against property involving violence or threat against a person",NR,Number,1997,781
A,EE,Estonia,ICCS02-04,"Acts causing harm or intending to cause harm to the person, injurious acts of a sexual nature and acts against property involving violence or threat against a person",NR,Number,1998,710
A,EE,Estonia,ICCS02-04,"Acts causing harm or intending to cause harm to the person, injurious acts of a sexual nature and acts against property involving violence or threat against a person",NR,Number,1999,638
A,EE,Estonia,ICCS02-04,"Acts causing harm or intending to cause harm to the person, injurious acts of a sexual nature and acts against property involving violence or threat against a person",NR,Number,2000,676
A,EE,Estonia,ICCS02-04,"Acts causing harm or intending to cause harm to the person, injurious acts of a sexual nature and acts against property involving violence or threat against a person",NR,Number,2001,643
A,EE,Estonia,ICCS02-04,"Acts causing harm or intending to cause harm to the person, injurious acts of a sexual nature and acts against property involving violence or threat against a person",NR,Number,2003,2411
A,EE,Estonia,ICCS02-04,"Acts causing harm or intending to cause harm to the person, injurious acts of a sexual nature and acts against property involving violence or threat against a person",NR,Number,2004,3287
A,EE,Estonia,ICCS02-04,"Acts causing harm or intending to cause harm to the person, injurious acts of a sexual nature and acts against property involving violence or threat against a person",NR,Number,2005,4755
A,EE,Estonia,ICCS02-04,"Acts causing harm or intending to cause harm to the person, injurious acts of a sexual nature and acts against property involving violence or threat against a person",NR,Number,2006,5154
A,EE,Estonia,ICCS02-04,"Acts causing harm or intending to cause harm to the person, injurious acts of a sexual nature and acts against property involving violence or threat against a person",NR,Number,2007,5834
A,EE,Estonia,ICCS0401,Robbery,NR,Number,1997,3478
A,EE,Estonia,ICCS0401,Robbery,NR,Number,1998,3978
A,EE,Estonia,ICCS0401,Robbery,NR,Number,1999,4918
A,EE,Estonia,ICCS0401,Robbery,NR,Number,2000,4754
A,EE,Estonia,ICCS0401,Robbery,NR,Number,2001,4475
A,EE,Estonia,ICCS0401,Robbery,NR,Number,2003,1885
A,EE,Estonia,ICCS0401,Robbery,NR,Number,2004,1632
A,EE,Estonia,ICCS0401,Robbery,NR,Number,2005,1298
A,EE,Estonia,ICCS0401,Robbery,NR,Number,2006,1005
A,EE,Estonia,ICCS0401,Robbery,NR,Number,2007,887
A,EE,Estonia,ICCS05012,Burglary of private residential premises,NR,Number,1993,7137
A,EE,Estonia,ICCS05012,Burglary of private residential premises,NR,Number,1994,6878
A,EE,Estonia,ICCS05012,Burglary of private residential premises,NR,Number,1995,8175
A,EE,Estonia,ICCS05012,Burglary of private residential premises,NR,Number,1996,6864
A,EE,Estonia,ICCS05012,Burglary of private residential premises,NR,Number,1997,6610
A,EE,Estonia,ICCS05012,Burglary of private residential premises,NR,Number,1998,7026
A,EE,Estonia,ICCS05012,Burglary of private residential premises,NR,Number,1999,7588
A,EE,Estonia,ICCS05012,Burglary of private residential premises,NR,Number,2000,7285
A,EE,Estonia,ICCS05012,Burglary of private residential premises,NR,Number,2001,7652
A,EE,Estonia,ICCS05012,Burglary of private residential premises,NR,Number,2002,7356
A,EE,Estonia,ICCS05012,Burglary of private residential premises,NR,Number,2003,6495
A,EE,Estonia,ICCS05012,Burglary of private residential premises,NR,Number,2004,5752
A,EE,Estonia,ICCS05012,Burglary of private residential premises,NR,Number,2005,4766
A,EE,Estonia,ICCS05012,Burglary of private residential premises,NR,Number,2006,3928
A,EE,Estonia,ICCS05012,Burglary of private residential premises,NR,Number,2007,3096
A,EE,Estonia,ICCS050211,Theft of a motorized land vehicle,NR,Number,1993,2621
A,EE,Estonia,ICCS050211,Theft of a motorized land vehicle,NR,Number,1994,2536
A,EE,Estonia,ICCS050211,Theft of a motorized land vehicle,NR,Number,1995,1955
A,EE,Estonia,ICCS050211,Theft of a motorized land vehicle,NR,Number,1996,1643
A,EE,Estonia,ICCS050211,Theft of a motorized land vehicle,NR,Number,1997,1762
A,EE,Estonia,ICCS050211,Theft of a motorized land vehicle,NR,Number,1998,2106
A,EE,Estonia,ICCS050211,Theft of a motorized land vehicle,NR,Number,1999,2455
A,EE,Estonia,ICCS050211,Theft of a motorized land vehicle,NR,Number,2000,2322
A,EE,Estonia,ICCS050211,Theft of a motorized land vehicle,NR,Number,2001,2818
A,EE,Estonia,ICCS050211,Theft of a motorized land vehicle,NR,Number,2002,2628
A,EE,Estonia,ICCS050211,Theft of a motorized land vehicle,NR,Number,2003,2099
A,EE,Estonia,ICCS050211,Theft of a motorized land vehicle,NR,Number,2004,1840
A,EE,Estonia,ICCS050211,Theft of a motorized land vehicle,NR,Number,2005,1929
A,EE,Estonia,ICCS050211,Theft of a motorized land vehicle,NR,Number,2006,1239
A,EE,Estonia,ICCS050211,Theft of a motorized land vehicle,NR,Number,2007,1007
A,EE,Estonia,ICCS0601,Unlawful acts involving controlled drugs or precursors,NR,Number,1993,8
A,EE,Estonia,ICCS0601,Unlawful acts involving controlled drugs or precursors,NR,Number,1994,8
A,EE,Estonia,ICCS0601,Unlawful acts involving controlled drugs or precursors,NR,Number,1995,12
A,EE,Estonia,ICCS0601,Unlawful acts involving controlled drugs or precursors,NR,Number,1996,30
A,EE,Estonia,ICCS0601,Unlawful acts involving controlled drugs or precursors,NR,Number,1997,30
A,EE,Estonia,ICCS0601,Unlawful acts involving controlled drugs or precursors,NR,Number,1998,117
A,EE,Estonia,ICCS0601,Unlawful acts involving controlled drugs or precursors,NR,Number,1999,180
A,EE,Estonia,ICCS0601,Unlawful acts involving controlled drugs or precursors,NR,Number,2000,306
A,EE,Estonia,ICCS0601,Unlawful acts involving controlled drugs or precursors,NR,Number,2001,628
A,EE,Estonia,ICCS0601,Unlawful acts involving controlled drugs or precursors,NR,Number,2002,632
A,EE,Estonia,ICCS0601,Unlawful acts involving controlled drugs or precursors,NR,Number,2003,604
A,EE,Estonia,ICCS0601,Unlawful acts involving controlled drugs or precursors,NR,Number,2004,494
A,EE,Estonia,ICCS0601,Unlawful acts involving controlled drugs or precursors,NR,Number,2005,686
A,EE,Estonia,ICCS0601,Unlawful acts involving controlled drugs or precursors,NR,Number,2006,981
A,EE,Estonia,ICCS0601,Unlawful acts involving controlled drugs or precursors,NR,Number,2007,1449
A,EE,Estonia,TOTAL,Total,NR,Number,1993,37163
A,EE,Estonia,TOTAL,Total,NR,Number,1994,35739
A,EE,Estonia,TOTAL,Total,NR,Number,1995,39570
A,EE,Estonia,TOTAL,Total,NR,Number,1996,35411
A,EE,Estonia,TOTAL,Total,NR,Number,1997,40972
A,EE,Estonia,TOTAL,Total,NR,Number,1998,45721
A,EE,Estonia,TOTAL,Total,NR,Number,1999,51539
A,EE,Estonia,TOTAL,Total,NR,Number,2000,57799
A,EE,Estonia,TOTAL,Total,NR,Number,2001,58497
A,EE,Estonia,TOTAL,Total,NR,Number,2002,53293
A,EE,Estonia,TOTAL,Total,NR,Number,2003,53595
A,EE,Estonia,TOTAL,Total,NR,Number,2004,53048
A,EE,Estonia,TOTAL,Total,NR,Number,2005,52916
A,EE,Estonia,TOTAL,Total,NR,Number,2006,51834
A,EE,Estonia,TOTAL,Total,NR,Number,2007,50375
A,EL,Greece,ICCS0101,Intentional homicide,NR,Number,1993,150
A,EL,Greece,ICCS0101,Intentional homicide,NR,Number,1994,133
A,EL,Greece,ICCS0101,Intentional homicide,NR,Number,1995,151
A,EL,Greece,ICCS0101,Intentional homicide,NR,Number,1996,169
A,EL,Greece,ICCS0101,Intentional homicide,NR,Number,1997,203
A,EL,Greece,ICCS0101,Intentional homicide,NR,Number,1998,176
A,EL,Greece,ICCS0101,Intentional homicide,NR,Number,1999,155
A,EL,Greece,ICCS0101,Intentional homicide,NR,Number,2000,146
A,EL,Greece,ICCS0101,Intentional homicide,NR,Number,2001,132
A,EL,Greece,ICCS0101,Intentional homicide,NR,Number,2002,94
A,EL,Greece,ICCS0101,Intentional homicide,NR,Number,2003,116
A,EL,Greece,ICCS0101,Intentional homicide,NR,Number,2004,111
A,EL,Greece,ICCS0101,Intentional homicide,NR,Number,2005,132
A,EL,Greece,ICCS0101,Intentional homicide,NR,Number,2006,110
A,EL,Greece,ICCS0101,Intentional homicide,NR,Number,2007,128
A,EL,Greece,ICCS02-04,"Acts causing harm or intending to cause harm to the person, injurious acts of a sexual nature and acts against property involving violence or threat against a person",NR,Number,1993,8317
A,EL,Greece,ICCS02-04,"Acts causing harm or intending to cause harm to the person, injurious acts of a sexual nature and acts against property involving violence or threat against a person",NR,Number,1994,9081
A,EL,Greece,ICCS02-04,"Acts causing harm or intending to cause harm to the person, injurious acts of a sexual nature and acts against property involving violence or threat against a person",NR,Number,1995,8693
A,EL,Greece,ICCS02-04,"Acts causing harm or intending to cause harm to the person, injurious acts of a sexual nature and acts against property involving violence or threat against a person",NR,Number,1996,8149
A,EL,Greece,ICCS02-04,"Acts causing harm or intending to cause harm to the person, injurious acts of a sexual nature and acts against property involving violence or threat against a person",NR,Number,1997,8766
A,EL,Greece,ICCS02-04,"Acts causing harm or intending to cause harm to the person, injurious acts of a sexual nature and acts against property involving violence or threat against a person",NR,Number,1998,9312
A,EL,Greece,ICCS02-04,"Acts causing harm or intending to cause harm to the person, injurious acts of a sexual nature and acts against property involving violence or threat against a person",NR,Number,1999,9097
A,EL,Greece,ICCS02-04,"Acts causing harm or intending to cause harm to the person, injurious acts of a sexual nature and acts against property involving violence or threat against a person",NR,Number,2000,9105
A,EL,Greece,ICCS02-04,"Acts causing harm or intending to cause harm to the person, injurious acts of a sexual nature and acts against property involving violence or threat against a person",NR,Number,2001,9501
A,EL,Greece,ICCS02-04,"Acts causing harm or intending to cause harm to the person, injurious acts of a sexual nature and acts against property involving violence or threat against a person",NR,Number,2002,7507
A,EL,Greece,ICCS02-04,"Acts causing harm or intending to cause harm to the person, injurious acts of a sexual nature and acts against property involving violence or threat against a person",NR,Number,2003,10140
A,EL,Greece,ICCS02-04,"Acts causing harm or intending to cause harm to the person, injurious acts of a sexual nature and acts against property involving violence or threat against a person",NR,Number,2004,10145
A,EL,Greece,ICCS02-04,"Acts causing harm or intending to cause harm to the person, injurious acts of a sexual nature and acts against property involving violence or threat against a person",NR,Number,2005,10271
A,EL,Greece,ICCS02-04,"Acts causing harm or intending to cause harm to the person, injurious acts of a sexual nature and acts against property involving violence or threat against a person",NR,Number,2006,10427
A,EL,Greece,ICCS02-04,"Acts causing harm or intending to cause harm to the person, injurious acts of a sexual nature and acts against property involving violence or threat against a person",NR,Number,2007,10851
A,EL,Greece,ICCS0401,Robbery,NR,Number,1993,1505
A,EL,Greece,ICCS0401,Robbery,NR,Number,1994,1257
A,EL,Greece,ICCS0401,Robbery,NR,Number,1995,1600
A,EL,Greece,ICCS0401,Robbery,NR,Number,1996,1487
A,EL,Greece,ICCS0401,Robbery,NR,Number,1997,1967
A,EL,Greece,ICCS0401,Robbery,NR,Number,1998,2254
A,EL,Greece,ICCS0401,Robbery,NR,Number,1999,2048
A,EL,Greece,ICCS0401,Robbery,NR,Number,2000,1581
A,EL,Greece,ICCS0401,Robbery,NR,Number,2001,1735
A,EL,Greece,ICCS0401,Robbery,NR,Number,2002,1992
A,EL,Greece,ICCS0401,Robbery,NR,Number,2003,2083
A,EL,Greece,ICCS0401,Robbery,NR,Number,2004,2339
A,EL,Greece,ICCS0401,Robbery,NR,Number,2005,2084
A,EL,Greece,ICCS0401,Robbery,NR,Number,2006,2463
A,EL,Greece,ICCS0401,Robbery,NR,Number,2007,2823
A,EL,Greece,ICCS05012,Burglary of private residential premises,NR,Number,1993,32803
A,EL,Greece,ICCS05012,Burglary of private residential premises,NR,Number,1994,34011
A,EL,Greece,ICCS05012,Burglary of private residential premises,NR,Number,1995,42377
A,EL,Greece,ICCS05012,Burglary of private residential premises,NR,Number,1996,42825
A,EL,Greece,ICCS05012,Burglary of private residential premises,NR,Number,1997,44286
A,EL,Greece,ICCS05012,Burglary of private residential premises,NR,Number,1998,43228
A,EL,Greece,ICCS05012,Burglary of private residential premises,NR,Number,1999,36947
A,EL,Greece,ICCS05012,Burglary of private residential premises,NR,Number,2000,31840
A,EL,Greece,ICCS05012,Burglary of private residential premises,NR,Number,2001,31903
A,EL,Greece,ICCS05012,Burglary of private residential premises,NR,Number,2002,31805
A,EL,Greece,ICCS05012,Burglary of private residential premises,NR,Number,2003,31181
A,EL,Greece,ICCS05012,Burglary of private residential premises,NR,Number,2004,26489
A,EL,Greece,ICCS05012,Burglary of private residential premises,NR,Number,2005,37595
A,EL,Greece,ICCS05012,Burglary of private residential premises,NR,Number,2006,42069
A,EL,Greece,ICCS05012,Burglary of private residential premises,NR,Number,2007,49886
A,EL,Greece,ICCS050211,Theft of a motorized land vehicle,NR,Number,1996,5309
A,EL,Greece,ICCS050211,Theft of a motorized land vehicle,NR,Number,1997,6568
A,EL,Greece,ICCS050211,Theft of a motorized land vehicle,NR,Number,1998,7610
A,EL,Greece,ICCS050211,Theft of a motorized land vehicle,NR,Number,1999,7239
A,EL,Greece,ICCS050211,Theft of a motorized land vehicle,NR,Number,2000,5585
A,EL,Greece,ICCS050211,Theft of a motorized land vehicle,NR,Number,2001,5700
A,EL,Greece,ICCS050211,Theft of a motorized land vehicle,NR,Number,2002,5385
A,EL,Greece,ICCS050211,Theft of a motorized land vehicle,NR,Number,2003,5865
A,EL,Greece,ICCS050211,Theft of a motorized land vehicle,NR,Number,2004,5568
A,EL,Greece,ICCS050211,Theft of a motorized land vehicle,NR,Number,2005,17552
A,EL,Greece,ICCS050211,Theft of a motorized land vehicle,NR,Number,2006,20216
A,EL,Greece,ICCS050211,Theft of a motorized land vehicle,NR,Number,2007,22516
A,EL,Greece,ICCS0601,Unlawful acts involving controlled drugs or precursors,NR,Number,1993,1577
A,EL,Greece,ICCS0601,Unlawful acts involving controlled drugs or precursors,NR,Number,1994,1837
A,EL,Greece,ICCS0601,Unlawful acts involving controlled drugs or precursors,NR,Number,1995,2930
A,EL,Greece,ICCS0601,Unlawful acts involving controlled drugs or precursors,NR,Number,1996,4272
A,EL,Greece,ICCS0601,Unlawful acts involving controlled drugs or precursors,NR,Number,1997,5970
A,EL,Greece,ICCS0601,Unlawful acts involving controlled drugs or precursors,NR,Number,1998,6574
A,EL,Greece,ICCS0601,Unlawful acts involving controlled drugs or precursors,NR,Number,1999,6692
A,EL,Greece,ICCS0601,Unlawful acts involving controlled drugs or precursors,NR,Number,2000,7785
A,EL,Greece,ICCS0601,Unlawful acts involving controlled drugs or precursors,NR,Number,2001,9820
A,EL,Greece,ICCS0601,Unlawful acts involving controlled drugs or precursors,NR,Number,2002,10424
A,EL,Greece,ICCS0601,Unlawful acts involving controlled drugs or precursors,NR,Number,2003,10904
A,EL,Greece,ICCS0601,Unlawful acts involving controlled drugs or precursors,NR,Number,2004,8838
A,EL,Greece,ICCS0601,Unlawful acts involving controlled drugs or precursors,NR,Number,2005,10183
A,EL,Greece,ICCS0601,Unlawful acts involving controlled drugs or precursors,NR,Number,2006,9600
A,EL,Greece,ICCS0601,Unlawful acts involving controlled drugs or precursors,NR,Number,2007,9271
A,EL,Greece,TOTAL,Total,NR,Number,1993,358503
A,EL,Greece,TOTAL,Total,NR,Number,1994,303311
A,EL,Greece,TOTAL,Total,NR,Number,1995,329110
A,EL,Greece,TOTAL,Total,NR,Number,1996,349476
A,EL,Greece,TOTAL,Total,NR,Number,1997,377749
A,EL,Greece,TOTAL,Total,NR,Number,1998,385681
A,EL,Greece,TOTAL,Total,NR,Number,1999,373680
A,EL,Greece,TOTAL,Total,NR,Number,2000,369137
A,EL,Greece,TOTAL,Total,NR,Number,2001,439629
A,EL,Greece,TOTAL,Total,NR,Number,2002,441138
A,EL,Greece,TOTAL,Total,NR,Number,2003,441839
A,EL,Greece,TOTAL,Total,NR,Number,2004,405627
A,EL,Greece,TOTAL,Total,NR,Number,2005,455952
A,EL,Greece,TOTAL,Total,NR,Number,2006,463750
A,EL,Greece,TOTAL,Total,NR,Number,2007,423422
A,ES,Spain,ICCS0101,Intentional homicide,NR,Number,1994,429
A,ES,Spain,ICCS0101,Intentional homicide,NR,Number,1995,411
A,ES,Spain,ICCS0101,Intentional homicide,NR,Number,1996,397
A,ES,Spain,ICCS0101,Intentional homicide,NR,Number,1997,463
A,ES,Spain,ICCS0101,Intentional homicide,NR,Number,1998,522
A,ES,Spain,ICCS0101,Intentional homicide,NR,Number,1999,486
A,ES,Spain,ICCS0101,Intentional homicide,NR,Number,2000,553
A,ES,Spain,ICCS0101,Intentional homicide,NR,Number,2001,577
A,ES,Spain,ICCS0101,Intentional homicide,NR,Number,2002,564
A,ES,Spain,ICCS0101,Intentional homicide,NR,Number,2003,587
A,ES,Spain,ICCS0101,Intentional homicide,NR,Number,2004,520
A,ES,Spain,ICCS0101,Intentional homicide,NR,Number,2005,518
A,ES,Spain,ICCS0101,Intentional homicide,NR,Number,2006,476
A,ES,Spain,ICCS0101,Intentional homicide,NR,Number,2007,482
A,ES,Spain,ICCS02-04,"Acts causing harm or intending to cause harm to the person, injurious acts of a sexual nature and acts against property involving violence or threat against a person",NR,Number,1994,107912
A,ES,Spain,ICCS02-04,"Acts causing harm or intending to cause harm to the person, injurious acts of a sexual nature and acts against property involving violence or threat against a person",NR,Number,1995,103039
A,ES,Spain,ICCS02-04,"Acts causing harm or intending to cause harm to the person, injurious acts of a sexual nature and acts against property involving violence or threat against a person",NR,Number,1996,114303
A,ES,Spain,ICCS02-04,"Acts causing harm or intending to cause harm to the person, injurious acts of a sexual nature and acts against property involving violence or threat against a person",NR,Number,1997,118370
A,ES,Spain,ICCS02-04,"Acts causing harm or intending to cause harm to the person, injurious acts of a sexual nature and acts against property involving violence or threat against a person",NR,Number,1998,122005
A,ES,Spain,ICCS02-04,"Acts causing harm or intending to cause harm to the person, injurious acts of a sexual nature and acts against property involving violence or threat against a person",NR,Number,1999,117341
A,ES,Spain,ICCS02-04,"Acts causing harm or intending to cause harm to the person, injurious acts of a sexual nature and acts against property involving violence or threat against a person",NR,Number,2000,109665
A,ES,Spain,ICCS02-04,"Acts causing harm or intending to cause harm to the person, injurious acts of a sexual nature and acts against property involving violence or threat against a person",NR,Number,2001,121094
A,ES,Spain,ICCS02-04,"Acts causing harm or intending to cause harm to the person, injurious acts of a sexual nature and acts against property involving violence or threat against a person",NR,Number,2002,120581
A,ES,Spain,ICCS02-04,"Acts causing harm or intending to cause harm to the person, injurious acts of a sexual nature and acts against property involving violence or threat against a person",NR,Number,2003,109798
A,ES,Spain,ICCS02-04,"Acts causing harm or intending to cause harm to the person, injurious acts of a sexual nature and acts against property involving violence or threat against a person",NR,Number,2004,108820
A,ES,Spain,ICCS02-04,"Acts causing harm or intending to cause harm to the person, injurious acts of a sexual nature and acts against property involving violence or threat against a person",NR,Number,2005,112426
A,ES,Spain,ICCS02-04,"Acts causing harm or intending to cause harm to the person, injurious acts of a sexual nature and acts against property involving violence or threat against a person",NR,Number,2006,114205
A,ES,Spain,ICCS02-04,"Acts causing harm or intending to cause harm to the person, injurious acts of a sexual nature and acts against property involving violence or threat against a person",NR,Number,2007,113473
A,ES,Spain,ICCS0401,Robbery,NR,Number,1995,87255
A,ES,Spain,ICCS0401,Robbery,NR,Number,1996,99282
A,ES,Spain,ICCS0401,Robbery,NR,Number,1997,104788
A,ES,Spain,ICCS0401,Robbery,NR,Number,1998,105528
A,ES,Spain,ICCS0401,Robbery,NR,Number,1999,101842
A,ES,Spain,ICCS0401,Robbery,NR,Number,2000,94831
A,ES,Spain,ICCS0401,Robbery,NR,Number,2001,106491
A,ES,Spain,ICCS0401,Robbery,NR,Number,2002,104380
A,ES,Spain,ICCS0401,Robbery,NR,Number,2003,92980
A,ES,Spain,ICCS0401,Robbery,NR,Number,2004,88413
A,ES,Spain,ICCS0401,Robbery,NR,Number,2005,90104
A,ES,Spain,ICCS0401,Robbery,NR,Number,2006,90591
A,ES,Spain,ICCS0401,Robbery,NR,Number,2007,89884
A,ES,Spain,ICCS05012,Burglary of private residential premises,NR,Number,1995,76610
A,ES,Spain,ICCS05012,Burglary of private residential premises,NR,Number,1996,80808
A,ES,Spain,ICCS05012,Burglary of private residential premises,NR,Number,1997,84430
A,ES,Spain,ICCS05012,Burglary of private residential premises,NR,Number,1998,89428
A,ES,Spain,ICCS05012,Burglary of private residential premises,NR,Number,1999,91553
A,ES,Spain,ICCS05012,Burglary of private residential premises,NR,Number,2000,90518
A,ES,Spain,ICCS05012,Burglary of private residential premises,NR,Number,2001,99066
A,ES,Spain,ICCS05012,Burglary of private residential premises,NR,Number,2002,93751
A,ES,Spain,ICCS05012,Burglary of private residential premises,NR,Number,2003,88128
A,ES,Spain,ICCS05012,Burglary of private residential premises,NR,Number,2004,81552
A,ES,Spain,ICCS05012,Burglary of private residential premises,NR,Number,2005,81495
A,ES,Spain,ICCS05012,Burglary of private residential premises,NR,Number,2006,80981
A,ES,Spain,ICCS05012,Burglary of private residential premises,NR,Number,2007,72723
A,ES,Spain,ICCS050211,Theft of a motorized land vehicle,NR,Number,1994,99769
A,ES,Spain,ICCS050211,Theft of a motorized land vehicle,NR,Number,1995,98848
A,ES,Spain,ICCS050211,Theft of a motorized land vehicle,NR,Number,1996,113924
A,ES,Spain,ICCS050211,Theft of a motorized land vehicle,NR,Number,1997,142047
A,ES,Spain,ICCS050211,Theft of a motorized land vehicle,NR,Number,1998,147620
A,ES,Spain,ICCS050211,Theft of a motorized land vehicle,NR,Number,1999,148881
A,ES,Spain,ICCS050211,Theft of a motorized land vehicle,NR,Number,2000,144509
A,ES,Spain,ICCS050211,Theft of a motorized land vehicle,NR,Number,2001,158898
A,ES,Spain,ICCS050211,Theft of a motorized land vehicle,NR,Number,2002,156232
A,ES,Spain,ICCS050211,Theft of a motorized land vehicle,NR,Number,2003,138829
A,ES,Spain,ICCS050211,Theft of a motorized land vehicle,NR,Number,2004,126902
A,ES,Spain,ICCS050211,Theft of a motorized land vehicle,NR,Number,2005,120946
A,ES,Spain,ICCS050211,Theft of a motorized land vehicle,NR,Number,2006,117663
A,ES,Spain,ICCS050211,Theft of a motorized land vehicle,NR,Number,2007,107786
A,ES,Spain,ICCS0601,Unlawful acts involving controlled drugs or precursors,NR,Number,1994,15608
A,ES,Spain,ICCS0601,Unlawful acts involving controlled drugs or precursors,NR,Number,1995,15119
A,ES,Spain,ICCS0601,Unlawful acts involving controlled drugs or precursors,NR,Number,1996,15308
A,ES,Spain,ICCS0601,Unlawful acts involving controlled drugs or precursors,NR,Number,1997,14419
A,ES,Spain,ICCS0601,Unlawful acts involving controlled drugs or precursors,NR,Number,1998,13985
A,ES,Spain,ICCS0601,Unlawful acts involving controlled drugs or precursors,NR,Number,1999,12708
A,ES,Spain,ICCS0601,Unlawful acts involving controlled drugs or precursors,NR,Number,2000,11496
A,ES,Spain,ICCS0601,Unlawful acts involving controlled drugs or precursors,NR,Number,2001,12160
A,ES,Spain,ICCS0601,Unlawful acts involving controlled drugs or precursors,NR,Number,2002,12133
A,ES,Spain,ICCS0601,Unlawful acts involving controlled drugs or precursors,NR,Number,2003,11742
A,ES,Spain,ICCS0601,Unlawful acts involving controlled drugs or precursors,NR,Number,2004,11947
A,ES,Spain,ICCS0601,Unlawful acts involving controlled drugs or precursors,NR,Number,2005,11968
A,ES,Spain,ICCS0601,Unlawful acts involving controlled drugs or precursors,NR,Number,2006,12711
A,ES,Spain,ICCS0601,Unlawful acts involving controlled drugs or precursors,NR,Number,2007,14098
A,ES,Spain,TOTAL,Total,NR,Number,1993,1544975
A,ES,Spain,TOTAL,Total,NR,Number,1994,1604190
A,ES,Spain,TOTAL,Total,NR,Number,1995,1659026
A,ES,Spain,TOTAL,Total,NR,Number,1996,1770019
A,ES,Spain,TOTAL,Total,NR,Number,1997,1823330
A,ES,Spain,TOTAL,Total,NR,Number,1998,1865572
A,ES,Spain,TOTAL,Total,NR,Number,1999,1895983
A,ES,Spain,TOTAL,Total,NR,Number,2000,1852858
A,ES,Spain,TOTAL,Total,NR,Number,2001,2052492
A,ES,Spain,TOTAL,Total,NR,Number,2002,2183457
A,ES,Spain,TOTAL,Total,NR,Number,2003,2144155
A,ES,Spain,TOTAL,Total,NR,Number,2004,2141295
A,ES,Spain,TOTAL,Total,NR,Number,2005,2230906
A,ES,Spain,TOTAL,Total,NR,Number,2006,2267114
A,ES,Spain,TOTAL,Total,NR,Number,2007,2309859
A,FI,Finland,ICCS0101,Intentional homicide,NR,Number,1993,130
A,FI,Finland,ICCS0101,Intentional homicide,NR,Number,1994,147
A,FI,Finland,ICCS0101,Intentional homicide,NR,Number,1995,146
A,FI,Finland,ICCS0101,Intentional homicide,NR,Number,1996,156
A,FI,Finland,ICCS0101,Intentional homicide,NR,Number,1997,139
A,FI,Finland,ICCS0101,Intentional homicide,NR,Number,1998,113
A,FI,Finland,ICCS0101,Intentional homicide,NR,Number,1999,143
A,FI,Finland,ICCS0101,Intentional homicide,NR,Number,2000,148
A,FI,Finland,ICCS0101,Intentional homicide,NR,Number,2001,156
A,FI,Finland,ICCS0101,Intentional homicide,NR,Number,2002,132
A,FI,Finland,ICCS0101,Intentional homicide,NR,Number,2003,103
A,FI,Finland,ICCS0101,Intentional homicide,NR,Number,2004,144
A,FI,Finland,ICCS0101,Intentional homicide,NR,Number,2005,113
A,FI,Finland,ICCS0101,Intentional homicide,NR,Number,2006,112
A,FI,Finland,ICCS0101,Intentional homicide,NR,Number,2007,128
A,FI,Finland,ICCS02-04,"Acts causing harm or intending to cause harm to the person, injurious acts of a sexual nature and acts against property involving violence or threat against a person",NR,Number,1993,25226
A,FI,Finland,ICCS02-04,"Acts causing harm or intending to cause harm to the person, injurious acts of a sexual nature and acts against property involving violence or threat against a person",NR,Number,1994,26017
A,FI,Finland,ICCS02-04,"Acts causing harm or intending to cause harm to the person, injurious acts of a sexual nature and acts against property involving violence or threat against a person",NR,Number,1995,28218
A,FI,Finland,ICCS02-04,"Acts causing harm or intending to cause harm to the person, injurious acts of a sexual nature and acts against property involving violence or threat against a person",NR,Number,1996,30825
A,FI,Finland,ICCS02-04,"Acts causing harm or intending to cause harm to the person, injurious acts of a sexual nature and acts against property involving violence or threat against a person",NR,Number,1997,31202
A,FI,Finland,ICCS02-04,"Acts causing harm or intending to cause harm to the person, injurious acts of a sexual nature and acts against property involving violence or threat against a person",NR,Number,1998,31726
A,FI,Finland,ICCS02-04,"Acts causing harm or intending to cause harm to the person, injurious acts of a sexual nature and acts against property involving violence or threat against a person",NR,Number,1999,32089
A,FI,Finland,ICCS02-04,"Acts causing harm or intending to cause harm to the person, injurious acts of a sexual nature and acts against property involving violence or threat against a person",NR,Number,2000,34291
A,FI,Finland,ICCS02-04,"Acts causing harm or intending to cause harm to the person, injurious acts of a sexual nature and acts against property involving violence or threat against a person",NR,Number,2001,33355
A,FI,Finland,ICCS02-04,"Acts causing harm or intending to cause harm to the person, injurious acts of a sexual nature and acts against property involving violence or threat against a person",NR,Number,2002,34186
A,FI,Finland,ICCS02-04,"Acts causing harm or intending to cause harm to the person, injurious acts of a sexual nature and acts against property involving violence or threat against a person",NR,Number,2003,35293
A,FI,Finland,ICCS02-04,"Acts causing harm or intending to cause harm to the person, injurious acts of a sexual nature and acts against property involving violence or threat against a person",NR,Number,2004,36450
A,FI,Finland,ICCS02-04,"Acts causing harm or intending to cause harm to the person, injurious acts of a sexual nature and acts against property involving violence or threat against a person",NR,Number,2005,37105
A,FI,Finland,ICCS02-04,"Acts causing harm or intending to cause harm to the person, injurious acts of a sexual nature and acts against property involving violence or threat against a person",NR,Number,2006,38037
A,FI,Finland,ICCS02-04,"Acts causing harm or intending to cause harm to the person, injurious acts of a sexual nature and acts against property involving violence or threat against a person",NR,Number,2007,41664
A,FI,Finland,ICCS0401,Robbery,NR,Number,1997,2016
A,FI,Finland,ICCS0401,Robbery,NR,Number,1998,2092
A,FI,Finland,ICCS0401,Robbery,NR,Number,1999,2277
A,FI,Finland,ICCS0401,Robbery,NR,Number,2000,2600
A,FI,Finland,ICCS0401,Robbery,NR,Number,2001,2157
A,FI,Finland,ICCS0401,Robbery,NR,Number,2002,2120
A,FI,Finland,ICCS0401,Robbery,NR,Number,2003,2045
A,FI,Finland,ICCS0401,Robbery,NR,Number,2004,2017
A,FI,Finland,ICCS0401,Robbery,NR,Number,2005,1814
A,FI,Finland,ICCS0401,Robbery,NR,Number,2006,1700
A,FI,Finland,ICCS0401,Robbery,NR,Number,2007,1784
A,FI,Finland,ICCS05012,Burglary of private residential premises,NR,Number,1993,13194
A,FI,Finland,ICCS05012,Burglary of private residential premises,NR,Number,1994,12829
A,FI,Finland,ICCS05012,Burglary of private residential premises,NR,Number,1995,11512
A,FI,Finland,ICCS05012,Burglary of private residential premises,NR,Number,1996,10311
A,FI,Finland,ICCS05012,Burglary of private residential premises,NR,Number,1997,10436
A,FI,Finland,ICCS05012,Burglary of private residential premises,NR,Number,1998,10291
A,FI,Finland,ICCS05012,Burglary of private residential premises,NR,Number,1999,9763
A,FI,Finland,ICCS05012,Burglary of private residential premises,NR,Number,2000,9264
A,FI,Finland,ICCS05012,Burglary of private residential premises,NR,Number,2001,7957
A,FI,Finland,ICCS05012,Burglary of private residential premises,NR,Number,2002,7406
A,FI,Finland,ICCS05012,Burglary of private residential premises,NR,Number,2003,7373
A,FI,Finland,ICCS05012,Burglary of private residential premises,NR,Number,2004,7901
A,FI,Finland,ICCS05012,Burglary of private residential premises,NR,Number,2005,7281
A,FI,Finland,ICCS05012,Burglary of private residential premises,NR,Number,2006,5923
A,FI,Finland,ICCS05012,Burglary of private residential premises,NR,Number,2007,6532
A,FI,Finland,ICCS050211,Theft of a motorized land vehicle,NR,Number,1993,21059
A,FI,Finland,ICCS050211,Theft of a motorized land vehicle,NR,Number,1994,21043
A,FI,Finland,ICCS050211,Theft of a motorized land vehicle,NR,Number,1995,19772
A,FI,Finland,ICCS050211,Theft of a motorized land vehicle,NR,Number,1996,20261
A,FI,Finland,ICCS050211,Theft of a motorized land vehicle,NR,Number,1997,22015
A,FI,Finland,ICCS050211,Theft of a motorized land vehicle,NR,Number,1998,26404
A,FI,Finland,ICCS050211,Theft of a motorized land vehicle,NR,Number,1999,29611
A,FI,Finland,ICCS050211,Theft of a motorized land vehicle,NR,Number,2000,26391
A,FI,Finland,ICCS050211,Theft of a motorized land vehicle,NR,Number,2001,22583
A,FI,Finland,ICCS050211,Theft of a motorized land vehicle,NR,Number,2002,23115
A,FI,Finland,ICCS050211,Theft of a motorized land vehicle,NR,Number,2003,21922
A,FI,Finland,ICCS050211,Theft of a motorized land vehicle,NR,Number,2004,19326
A,FI,Finland,ICCS050211,Theft of a motorized land vehicle,NR,Number,2005,16791
A,FI,Finland,ICCS050211,Theft of a motorized land vehicle,NR,Number,2006,15276
A,FI,Finland,ICCS050211,Theft of a motorized land vehicle,NR,Number,2007,14827
A,FI,Finland,ICCS0601,Unlawful acts involving controlled drugs or precursors,NR,Number,1994,5936
A,FI,Finland,ICCS0601,Unlawful acts involving controlled drugs or precursors,NR,Number,1995,9052
A,FI,Finland,ICCS0601,Unlawful acts involving controlled drugs or precursors,NR,Number,1996,7868
A,FI,Finland,ICCS0601,Unlawful acts involving controlled drugs or precursors,NR,Number,1997,8323
A,FI,Finland,ICCS0601,Unlawful acts involving controlled drugs or precursors,NR,Number,1998,9461
A,FI,Finland,ICCS0601,Unlawful acts involving controlled drugs or precursors,NR,Number,1999,11674
A,FI,Finland,ICCS0601,Unlawful acts involving controlled drugs or precursors,NR,Number,2000,13445
A,FI,Finland,ICCS0601,Unlawful acts involving controlled drugs or precursors,NR,Number,2001,14869
A,FI,Finland,ICCS0601,Unlawful acts involving controlled drugs or precursors,NR,Number,2002,6617
A,FI,Finland,ICCS0601,Unlawful acts involving controlled drugs or precursors,NR,Number,2003,5974
A,FI,Finland,ICCS0601,Unlawful acts involving controlled drugs or precursors,NR,Number,2004,5269
A,FI,Finland,ICCS0601,Unlawful acts involving controlled drugs or precursors,NR,Number,2005,5177
A,FI,Finland,ICCS0601,Unlawful acts involving controlled drugs or precursors,NR,Number,2006,4837
A,FI,Finland,ICCS0601,Unlawful acts involving controlled drugs or precursors,NR,Number,2007,5115
A,FI,Finland,TOTAL,Total,NR,Number,1993,433783
A,FI,Finland,TOTAL,Total,NR,Number,1994,426371
A,FI,Finland,TOTAL,Total,NR,Number,1995,422246
A,FI,Finland,TOTAL,Total,NR,Number,1996,416181
A,FI,Finland,TOTAL,Total,NR,Number,1997,412188
A,FI,Finland,TOTAL,Total,NR,Number,1998,423794
A,FI,Finland,TOTAL,Total,NR,Number,1999,436552
A,FI,Finland,TOTAL,Total,NR,Number,2000,453056
A,FI,Finland,TOTAL,Total,NR,Number,2001,430343
A,FI,Finland,TOTAL,Total,NR,Number,2002,435009
A,FI,Finland,TOTAL,Total,NR,Number,2003,443481
A,FI,Finland,TOTAL,Total,NR,Number,2004,445465
A,FI,Finland,TOTAL,Total,NR,Number,2005,432302
A,FI,Finland,TOTAL,Total,NR,Number,2006,416131
A,FI,Finland,TOTAL,Total,NR,Number,2007,435824
A,FR,France,ICCS0101,Intentional homicide,NR,Number,1994,1406
A,FR,France,ICCS0101,Intentional homicide,NR,Number,1995,1336
A,FR,France,ICCS0101,Intentional homicide,NR,Number,1996,1171
A,FR,France,ICCS0101,Intentional homicide,NR,Number,1997,963
A,FR,France,ICCS0101,Intentional homicide,NR,Number,1998,961
A,FR,France,ICCS0101,Intentional homicide,NR,Number,1999,953
A,FR,France,ICCS0101,Intentional homicide,NR,Number,2000,1051
A,FR,France,ICCS0101,Intentional homicide,NR,Number,2001,1046
A,FR,France,ICCS0101,Intentional homicide,NR,Number,2002,1119
A,FR,France,ICCS0101,Intentional homicide,NR,Number,2003,987
A,FR,France,ICCS0101,Intentional homicide,NR,Number,2004,990
A,FR,France,ICCS0101,Intentional homicide,NR,Number,2005,976
A,FR,France,ICCS0101,Intentional homicide,NR,Number,2006,879
A,FR,France,ICCS0101,Intentional homicide,NR,Number,2007,826
A,FR,France,ICCS02-04,"Acts causing harm or intending to cause harm to the person, injurious acts of a sexual nature and acts against property involving violence or threat against a person",NR,Number,1993,144368
A,FR,France,ICCS02-04,"Acts causing harm or intending to cause harm to the person, injurious acts of a sexual nature and acts against property involving violence or threat against a person",NR,Number,1994,155869
A,FR,France,ICCS02-04,"Acts causing harm or intending to cause harm to the person, injurious acts of a sexual nature and acts against property involving violence or threat against a person",NR,Number,1995,165381
A,FR,France,ICCS02-04,"Acts causing harm or intending to cause harm to the person, injurious acts of a sexual nature and acts against property involving violence or threat against a person",NR,Number,1996,178363
A,FR,France,ICCS02-04,"Acts causing harm or intending to cause harm to the person, injurious acts of a sexual nature and acts against property involving violence or threat against a person",NR,Number,1997,186006
A,FR,France,ICCS02-04,"Acts causing harm or intending to cause harm to the person, injurious acts of a sexual nature and acts against property involving violence or threat against a person",NR,Number,1998,194873
A,FR,France,ICCS02-04,"Acts causing harm or intending to cause harm to the person, injurious acts of a sexual nature and acts against property involving violence or threat against a person",NR,Number,1999,215698
A,FR,France,ICCS02-04,"Acts causing harm or intending to cause harm to the person, injurious acts of a sexual nature and acts against property involving violence or threat against a person",NR,Number,2000,243166
A,FR,France,ICCS02-04,"Acts causing harm or intending to cause harm to the person, injurious acts of a sexual nature and acts against property involving violence or threat against a person",NR,Number,2001,279324
A,FR,France,ICCS02-04,"Acts causing harm or intending to cause harm to the person, injurious acts of a sexual nature and acts against property involving violence or threat against a person",NR,Number,2002,288927
A,FR,France,ICCS02-04,"Acts causing harm or intending to cause harm to the person, injurious acts of a sexual nature and acts against property involving violence or threat against a person",NR,Number,2003,292658
A,FR,France,ICCS02-04,"Acts causing harm or intending to cause harm to the person, injurious acts of a sexual nature and acts against property involving violence or threat against a person",NR,Number,2004,292088
A,FR,France,ICCS02-04,"Acts causing harm or intending to cause harm to the person, injurious acts of a sexual nature and acts against property involving violence or threat against a person",NR,Number,2005,307501
A,FR,France,ICCS02-04,"Acts causing harm or intending to cause harm to the person, injurious acts of a sexual nature and acts against property involving violence or threat against a person",NR,Number,2006,326065
A,FR,France,ICCS02-04,"Acts causing harm or intending to cause harm to the person, injurious acts of a sexual nature and acts against property involving violence or threat against a person",NR,Number,2007,324765
A,FR,France,ICCS0401,Robbery,NR,Number,1997,80498
A,FR,France,ICCS0401,Robbery,NR,Number,1998,84291
A,FR,France,ICCS0401,Robbery,NR,Number,1999,94947
A,FR,France,ICCS0401,Robbery,NR,Number,2000,109836
A,FR,France,ICCS0401,Robbery,NR,Number,2001,134281
A,FR,France,ICCS0401,Robbery,NR,Number,2002,133137
A,FR,France,ICCS0401,Robbery,NR,Number,2003,125286
A,FR,France,ICCS0401,Robbery,NR,Number,2004,119641
A,FR,France,ICCS0401,Robbery,NR,Number,2005,124600
A,FR,France,ICCS0401,Robbery,NR,Number,2006,127190
A,FR,France,ICCS0401,Robbery,NR,Number,2007,112885
A,FR,France,ICCS05012,Burglary of private residential premises,NR,Number,1993,248002
A,FR,France,ICCS05012,Burglary of private residential premises,NR,Number,1994,246641
A,FR,France,ICCS05012,Burglary of private residential premises,NR,Number,1995,237624
A,FR,France,ICCS05012,Burglary of private residential premises,NR,Number,1996,236272
A,FR,France,ICCS05012,Burglary of private residential premises,NR,Number,1997,213561
A,FR,France,ICCS05012,Burglary of private residential premises,NR,Number,1998,207274
A,FR,France,ICCS05012,Burglary of private residential premises,NR,Number,1999,191102
A,FR,France,ICCS05012,Burglary of private residential premises,NR,Number,2000,186492
A,FR,France,ICCS05012,Burglary of private residential premises,NR,Number,2001,210850
A,FR,France,ICCS05012,Burglary of private residential premises,NR,Number,2002,224223
A,FR,France,ICCS05012,Burglary of private residential premises,NR,Number,2003,216797
A,FR,France,ICCS05012,Burglary of private residential premises,NR,Number,2004,202880
A,FR,France,ICCS05012,Burglary of private residential premises,NR,Number,2005,181503
A,FR,France,ICCS05012,Burglary of private residential premises,NR,Number,2006,177840
A,FR,France,ICCS05012,Burglary of private residential premises,NR,Number,2007,165780
A,FR,France,ICCS050211,Theft of a motorized land vehicle,NR,Number,1994,484179
A,FR,France,ICCS050211,Theft of a motorized land vehicle,NR,Number,1995,453525
A,FR,France,ICCS050211,Theft of a motorized land vehicle,NR,Number,1996,443767
A,FR,France,ICCS050211,Theft of a motorized land vehicle,NR,Number,1997,417360
A,FR,France,ICCS050211,Theft of a motorized land vehicle,NR,Number,1998,415930
A,FR,France,ICCS050211,Theft of a motorized land vehicle,NR,Number,1999,395947
A,FR,France,ICCS050211,Theft of a motorized land vehicle,NR,Number,2000,401057
A,FR,France,ICCS050211,Theft of a motorized land vehicle,NR,Number,2001,418983
A,FR,France,ICCS050211,Theft of a motorized land vehicle,NR,Number,2002,382148
A,FR,France,ICCS050211,Theft of a motorized land vehicle,NR,Number,2003,328678
A,FR,France,ICCS050211,Theft of a motorized land vehicle,NR,Number,2004,285680
A,FR,France,ICCS050211,Theft of a motorized land vehicle,NR,Number,2005,260538
A,FR,France,ICCS050211,Theft of a motorized land vehicle,NR,Number,2006,243153
A,FR,France,ICCS050211,Theft of a motorized land vehicle,NR,Number,2007,224658
A,FR,France,ICCS0601,Unlawful acts involving controlled drugs or precursors,NR,Number,1994,8714
A,FR,France,ICCS0601,Unlawful acts involving controlled drugs or precursors,NR,Number,1995,5661
A,FR,France,ICCS0601,Unlawful acts involving controlled drugs or precursors,NR,Number,1996,5158
A,FR,France,ICCS0601,Unlawful acts involving controlled drugs or precursors,NR,Number,1997,8300
A,FR,France,ICCS0601,Unlawful acts involving controlled drugs or precursors,NR,Number,1998,11908
A,FR,France,ICCS0601,Unlawful acts involving controlled drugs or precursors,NR,Number,1999,12529
A,FR,France,ICCS0601,Unlawful acts involving controlled drugs or precursors,NR,Number,2000,4254
A,FR,France,ICCS0601,Unlawful acts involving controlled drugs or precursors,NR,Number,2001,4047
A,FR,France,ICCS0601,Unlawful acts involving controlled drugs or precursors,NR,Number,2002,5165
A,FR,France,ICCS0601,Unlawful acts involving controlled drugs or precursors,NR,Number,2003,6094
A,FR,France,ICCS0601,Unlawful acts involving controlled drugs or precursors,NR,Number,2004,6296
A,FR,France,ICCS0601,Unlawful acts involving controlled drugs or precursors,NR,Number,2005,6108
A,FR,France,ICCS0601,Unlawful acts involving controlled drugs or precursors,NR,Number,2006,5792
A,FR,France,ICCS0601,Unlawful acts involving controlled drugs or precursors,NR,Number,2007,5797
A,FR,France,TOTAL,Total,NR,Number,1993,3881894
A,FR,France,TOTAL,Total,NR,Number,1994,3919008
A,FR,France,TOTAL,Total,NR,Number,1995,3665320
A,FR,France,TOTAL,Total,NR,Number,1996,3559617
A,FR,France,TOTAL,Total,NR,Number,1997,3493442
A,FR,France,TOTAL,Total,NR,Number,1998,3565525
A,FR,France,TOTAL,Total,NR,Number,1999,3567864
A,FR,France,TOTAL,Total,NR,Number,2000,3771849
A,FR,France,TOTAL,Total,NR,Number,2001,4061792
A,FR,France,TOTAL,Total,NR,Number,2002,4113882
A,FR,France,TOTAL,Total,NR,Number,2003,3974694
A,FR,France,TOTAL,Total,NR,Number,2004,3825442
A,FR,France,TOTAL,Total,NR,Number,2005,3775838
A,FR,France,TOTAL,Total,NR,Number,2006,3725588
A,FR,France,TOTAL,Total,NR,Number,2007,3589293
A,FX,Metropolitan France,ICCS0101,Intentional homicide,NR,Number,1994,1406
A,FX,Metropolitan France,ICCS0101,Intentional homicide,NR,Number,1995,1336
A,FX,Metropolitan France,ICCS0101,Intentional homicide,NR,Number,1996,1171
A,FX,Metropolitan France,ICCS0101,Intentional homicide,NR,Number,1997,963
A,FX,Metropolitan France,ICCS0101,Intentional homicide,NR,Number,1998,961
A,FX,Metropolitan France,ICCS0101,Intentional homicide,NR,Number,1999,953
A,FX,Metropolitan France,ICCS0101,Intentional homicide,NR,Number,2000,1051
A,FX,Metropolitan France,ICCS0101,Intentional homicide,NR,Number,2001,1046
A,FX,Metropolitan France,ICCS0101,Intentional homicide,NR,Number,2002,1119
A,FX,Metropolitan France,ICCS0101,Intentional homicide,NR,Number,2003,987
A,FX,Metropolitan France,ICCS0101,Intentional homicide,NR,Number,2004,990
A,FX,Metropolitan France,ICCS0101,Intentional homicide,NR,Number,2005,976
A,FX,Metropolitan France,ICCS0101,Intentional homicide,NR,Number,2006,879
A,FX,Metropolitan France,ICCS0101,Intentional homicide,NR,Number,2007,826
A,FX,Metropolitan France,ICCS02-04,"Acts causing harm or intending to cause harm to the person, injurious acts of a sexual nature and acts against property involving violence or threat against a person",NR,Number,1993,144368
A,FX,Metropolitan France,ICCS02-04,"Acts causing harm or intending to cause harm to the person, injurious acts of a sexual nature and acts against property involving violence or threat against a person",NR,Number,1994,155869
A,FX,Metropolitan France,ICCS02-04,"Acts causing harm or intending to cause harm to the person, injurious acts of a sexual nature and acts against property involving violence or threat against a person",NR,Number,1995,165381
A,FX,Metropolitan France,ICCS02-04,"Acts causing harm or intending to cause harm to the person, injurious acts of a sexual nature and acts against property involving violence or threat against a person",NR,Number,1996,178363
A,FX,Metropolitan France,ICCS02-04,"Acts causing harm or intending to cause harm to the person, injurious acts of a sexual nature and acts against property involving violence or threat against a person",NR,Number,1997,186006
A,FX,Metropolitan France,ICCS02-04,"Acts causing harm or intending to cause harm to the person, injurious acts of a sexual nature and acts against property involving violence or threat against a person",NR,Number,1998,194873
A,FX,Metropolitan France,ICCS02-04,"Acts causing harm or intending to cause harm to the person, injurious acts of a sexual nature and acts against property involving violence or threat against a person",NR,Number,1999,215698
A,FX,Metropolitan France,ICCS02-04,"Acts causing harm or intending to cause harm to the person, injurious acts of a sexual nature and acts against property involving violence or threat against a person",NR,Number,2000,243166
A,FX,Metropolitan France,ICCS02-04,"Acts causing harm or intending to cause harm to the person, injurious acts of a sexual nature and acts against property involving violence or threat against a person",NR,Number,2001,279324
A,FX,Metropolitan France,ICCS02-04,"Acts causing harm or intending to cause harm to the person, injurious acts of a sexual nature and acts against property involving violence or threat against a person",NR,Number,2002,288927
A,FX,Metropolitan France,ICCS02-04,"Acts causing harm or intending to cause harm to the person, injurious acts of a sexual nature and acts against property involving violence or threat against a person",NR,Number,2003,292658
A,FX,Metropolitan France,ICCS02-04,"Acts causing harm or intending to cause harm to the person, injurious acts of a sexual nature and acts against property involving violence or threat against a person",NR,Number,2004,292088
A,FX,Metropolitan France,ICCS02-04,"Acts causing harm or intending to cause harm to the person, injurious acts of a sexual nature and acts against property involving violence or threat against a person",NR,Number,2005,307501
A,FX,Metropolitan France,ICCS02-04,"Acts causing harm or intending to cause harm to the person, injurious acts of a sexual nature and acts against property involving violence or threat against a person",NR,Number,2006,326065
A,FX,Metropolitan France,ICCS02-04,"Acts causing harm or intending to cause harm to the person, injurious acts of a sexual nature and acts against property involving violence or threat against a person",NR,Number,2007,324765
A,FX,Metropolitan France,ICCS0401,Robbery,NR,Number,1997,80498
A,FX,Metropolitan France,ICCS0401,Robbery,NR,Number,1998,84291
A,FX,Metropolitan France,ICCS0401,Robbery,NR,Number,1999,94947
A,FX,Metropolitan France,ICCS0401,Robbery,NR,Number,2000,109836
A,FX,Metropolitan France,ICCS0401,Robbery,NR,Number,2001,134281
A,FX,Metropolitan France,ICCS0401,Robbery,NR,Number,2002,133137
A,FX,Metropolitan France,ICCS0401,Robbery,NR,Number,2003,125286
A,FX,Metropolitan France,ICCS0401,Robbery,NR,Number,2004,119641
A,FX,Metropolitan France,ICCS0401,Robbery,NR,Number,2005,124600
A,FX,Metropolitan France,ICCS0401,Robbery,NR,Number,2006,127190
A,FX,Metropolitan France,ICCS0401,Robbery,NR,Number,2007,112885
A,FX,Metropolitan France,ICCS05012,Burglary of private residential premises,NR,Number,1993,248002
A,FX,Metropolitan France,ICCS05012,Burglary of private residential premises,NR,Number,1994,246641
A,FX,Metropolitan France,ICCS05012,Burglary of private residential premises,NR,Number,1995,237624
A,FX,Metropolitan France,ICCS05012,Burglary of private residential premises,NR,Number,1996,236272
A,FX,Metropolitan France,ICCS05012,Burglary of private residential premises,NR,Number,1997,213561
A,FX,Metropolitan France,ICCS05012,Burglary of private residential premises,NR,Number,1998,207274
A,FX,Metropolitan France,ICCS05012,Burglary of private residential premises,NR,Number,1999,191102
A,FX,Metropolitan France,ICCS05012,Burglary of private residential premises,NR,Number,2000,186492
A,FX,Metropolitan France,ICCS05012,Burglary of private residential premises,NR,Number,2001,210850
A,FX,Metropolitan France,ICCS05012,Burglary of private residential premises,NR,Number,2002,224223
A,FX,Metropolitan France,ICCS05012,Burglary of private residential premises,NR,Number,2003,216797
A,FX,Metropolitan France,ICCS05012,Burglary of private residential premises,NR,Number,2004,202880
A,FX,Metropolitan France,ICCS05012,Burglary of private residential premises,NR,Number,2005,181503
A,FX,Metropolitan France,ICCS05012,Burglary of private residential premises,NR,Number,2006,177840
A,FX,Metropolitan France,ICCS05012,Burglary of private residential premises,NR,Number,2007,165780
A,FX,Metropolitan France,ICCS050211,Theft of a motorized land vehicle,NR,Number,1994,484179
A,FX,Metropolitan France,ICCS050211,Theft of a motorized land vehicle,NR,Number,1995,453525
A,FX,Metropolitan France,ICCS050211,Theft of a motorized land vehicle,NR,Number,1996,443767
A,FX,Metropolitan France,ICCS050211,Theft of a motorized land vehicle,NR,Number,1997,417360
A,FX,Metropolitan France,ICCS050211,Theft of a motorized land vehicle,NR,Number,1998,415930
A,FX,Metropolitan France,ICCS050211,Theft of a motorized land vehicle,NR,Number,1999,395947
A,FX,Metropolitan France,ICCS050211,Theft of a motorized land vehicle,NR,Number,2000,401057
A,FX,Metropolitan France,ICCS050211,Theft of a motorized land vehicle,NR,Number,2001,418983
A,FX,Metropolitan France,ICCS050211,Theft of a motorized land vehicle,NR,Number,2002,382148
A,FX,Metropolitan France,ICCS050211,Theft of a motorized land vehicle,NR,Number,2003,328678
A,FX,Metropolitan France,ICCS050211,Theft of a motorized land vehicle,NR,Number,2004,285680
A,FX,Metropolitan France,ICCS050211,Theft of a motorized land vehicle,NR,Number,2005,260538
A,FX,Metropolitan France,ICCS050211,Theft of a motorized land vehicle,NR,Number,2006,243153
A,FX,Metropolitan France,ICCS050211,Theft of a motorized land vehicle,NR,Number,2007,224658
A,FX,Metropolitan France,ICCS0601,Unlawful acts involving controlled drugs or precursors,NR,Number,1994,8714
A,FX,Metropolitan France,ICCS0601,Unlawful acts involving controlled drugs or precursors,NR,Number,1995,5661
A,FX,Metropolitan France,ICCS0601,Unlawful acts involving controlled drugs or precursors,NR,Number,1996,5158
A,FX,Metropolitan France,ICCS0601,Unlawful acts involving controlled drugs or precursors,NR,Number,1997,8300
A,FX,Metropolitan France,ICCS0601,Unlawful acts involving controlled drugs or precursors,NR,Number,1998,11908
A,FX,Metropolitan France,ICCS0601,Unlawful acts involving controlled drugs or precursors,NR,Number,1999,12529
A,FX,Metropolitan France,ICCS0601,Unlawful acts involving controlled drugs or precursors,NR,Number,2000,4254
A,FX,Metropolitan France,ICCS0601,Unlawful acts involving controlled drugs or precursors,NR,Number,2001,4047
A,FX,Metropolitan France,ICCS0601,Unlawful acts involving controlled drugs or precursors,NR,Number,2002,5165
A,FX,Metropolitan France,ICCS0601,Unlawful acts involving controlled drugs or precursors,NR,Number,2003,6094
A,FX,Metropolitan France,ICCS0601,Unlawful acts involving controlled drugs or precursors,NR,Number,2004,6296
A,FX,Metropolitan France,ICCS0601,Unlawful acts involving controlled drugs or precursors,NR,Number,2005,6108
A,FX,Metropolitan France,ICCS0601,Unlawful acts involving controlled drugs or precursors,NR,Number,2006,5792
A,FX,Metropolitan France,ICCS0601,Unlawful acts involving controlled drugs or precursors,NR,Number,2007,5797
A,FX,Metropolitan France,TOTAL,Total,NR,Number,1993,3881894
A,FX,Metropolitan France,TOTAL,Total,NR,Number,1994,3919008
A,FX,Metropolitan France,TOTAL,Total,NR,Number,1995,3665320
A,FX,Metropolitan France,TOTAL,Total,NR,Number,1996,3559617
A,FX,Metropolitan France,TOTAL,Total,NR,Number,1997,3493442
A,FX,Metropolitan France,TOTAL,Total,NR,Number,1998,3565525
A,FX,Metropolitan France,TOTAL,Total,NR,Number,1999,3567864
A,FX,Metropolitan France,TOTAL,Total,NR,Number,2000,3771849
A,FX,Metropolitan France,TOTAL,Total,NR,Number,2001,4061792
A,FX,Metropolitan France,TOTAL,Total,NR,Number,2002,4113882
A,FX,Metropolitan France,TOTAL,Total,NR,Number,2003,3974694
A,FX,Metropolitan France,TOTAL,Total,NR,Number,2004,3825442
A,FX,Metropolitan France,TOTAL,Total,NR,Number,2005,3775838
A,FX,Metropolitan France,TOTAL,Total,NR,Number,2006,3725588
A,FX,Metropolitan France,TOTAL,Total,NR,Number,2007,3589293
A,HR,Croatia,ICCS0101,Intentional homicide,NR,Number,1993,243
A,HR,Croatia,ICCS0101,Intentional homicide,NR,Number,1994,161
A,HR,Croatia,ICCS0101,Intentional homicide,NR,Number,1995,188
A,HR,Croatia,ICCS0101,Intentional homicide,NR,Number,1996,133
A,HR,Croatia,ICCS0101,Intentional homicide,NR,Number,1997,137
A,HR,Croatia,ICCS0101,Intentional homicide,NR,Number,1998,131
A,HR,Croatia,ICCS0101,Intentional homicide,NR,Number,1999,121
A,HR,Croatia,ICCS0101,Intentional homicide,NR,Number,2000,111
A,HR,Croatia,ICCS0101,Intentional homicide,NR,Number,2001,86
A,HR,Croatia,ICCS0101,Intentional homicide,NR,Number,2002,88
A,HR,Croatia,ICCS0101,Intentional homicide,NR,Number,2003,76
A,HR,Croatia,ICCS0101,Intentional homicide,NR,Number,2004,89
A,HR,Croatia,ICCS0101,Intentional homicide,NR,Number,2005,76
A,HR,Croatia,ICCS0101,Intentional homicide,NR,Number,2006,75
A,HR,Croatia,ICCS0101,Intentional homicide,NR,Number,2007,66
A,HR,Croatia,ICCS02-04,"Acts causing harm or intending to cause harm to the person, injurious acts of a sexual nature and acts against property involving violence or threat against a person",NR,Number,1998,4401
A,HR,Croatia,ICCS02-04,"Acts causing harm or intending to cause harm to the person, injurious acts of a sexual nature and acts against property involving violence or threat against a person",NR,Number,1999,5373
A,HR,Croatia,ICCS02-04,"Acts causing harm or intending to cause harm to the person, injurious acts of a sexual nature and acts against property involving violence or threat against a person",NR,Number,2000,6211
A,HR,Croatia,ICCS02-04,"Acts causing harm or intending to cause harm to the person, injurious acts of a sexual nature and acts against property involving violence or threat against a person",NR,Number,2001,7584
A,HR,Croatia,ICCS02-04,"Acts causing harm or intending to cause harm to the person, injurious acts of a sexual nature and acts against property involving violence or threat against a person",NR,Number,2002,8802
A,HR,Croatia,ICCS02-04,"Acts causing harm or intending to cause harm to the person, injurious acts of a sexual nature and acts against property involving violence or threat against a person",NR,Number,2003,10032
A,HR,Croatia,ICCS02-04,"Acts causing harm or intending to cause harm to the person, injurious acts of a sexual nature and acts against property involving violence or threat against a person",NR,Number,2004,11292
A,HR,Croatia,ICCS02-04,"Acts causing harm or intending to cause harm to the person, injurious acts of a sexual nature and acts against property involving violence or threat against a person",NR,Number,2005,12405
A,HR,Croatia,ICCS02-04,"Acts causing harm or intending to cause harm to the person, injurious acts of a sexual nature and acts against property involving violence or threat against a person",NR,Number,2006,13235
A,HR,Croatia,ICCS02-04,"Acts causing harm or intending to cause harm to the person, injurious acts of a sexual nature and acts against property involving violence or threat against a person",NR,Number,2007,12966
A,HR,Croatia,ICCS0401,Robbery,NR,Number,1993,644
A,HR,Croatia,ICCS0401,Robbery,NR,Number,1994,414
A,HR,Croatia,ICCS0401,Robbery,NR,Number,1995,464
A,HR,Croatia,ICCS0401,Robbery,NR,Number,1996,521
A,HR,Croatia,ICCS0401,Robbery,NR,Number,1997,593
A,HR,Croatia,ICCS0401,Robbery,NR,Number,1998,728
A,HR,Croatia,ICCS0401,Robbery,NR,Number,1999,667
A,HR,Croatia,ICCS0401,Robbery,NR,Number,2000,802
A,HR,Croatia,ICCS0401,Robbery,NR,Number,2001,801
A,HR,Croatia,ICCS0401,Robbery,NR,Number,2002,1204
A,HR,Croatia,ICCS0401,Robbery,NR,Number,2003,1236
A,HR,Croatia,ICCS0401,Robbery,NR,Number,2004,1622
A,HR,Croatia,ICCS0401,Robbery,NR,Number,2005,1560
A,HR,Croatia,ICCS0401,Robbery,NR,Number,2006,1445
A,HR,Croatia,ICCS0401,Robbery,NR,Number,2007,1272
A,HR,Croatia,ICCS05012,Burglary of private residential premises,NR,Number,2000,2957
A,HR,Croatia,ICCS05012,Burglary of private residential premises,NR,Number,2001,4037
A,HR,Croatia,ICCS05012,Burglary of private residential premises,NR,Number,2002,4174
A,HR,Croatia,ICCS05012,Burglary of private residential premises,NR,Number,2003,4125
A,HR,Croatia,ICCS05012,Burglary of private residential premises,NR,Number,2004,3734
A,HR,Croatia,ICCS05012,Burglary of private residential premises,NR,Number,2005,3396
A,HR,Croatia,ICCS05012,Burglary of private residential premises,NR,Number,2006,2981
A,HR,Croatia,ICCS05012,Burglary of private residential premises,NR,Number,2007,3094
A,HR,Croatia,ICCS050211,Theft of a motorized land vehicle,NR,Number,2000,2055
A,HR,Croatia,ICCS050211,Theft of a motorized land vehicle,NR,Number,2001,2222
A,HR,Croatia,ICCS050211,Theft of a motorized land vehicle,NR,Number,2002,2404
A,HR,Croatia,ICCS050211,Theft of a motorized land vehicle,NR,Number,2003,2338
A,HR,Croatia,ICCS050211,Theft of a motorized land vehicle,NR,Number,2004,2462
A,HR,Croatia,ICCS050211,Theft of a motorized land vehicle,NR,Number,2005,2274
A,HR,Croatia,ICCS050211,Theft of a motorized land vehicle,NR,Number,2006,2033
A,HR,Croatia,ICCS050211,Theft of a motorized land vehicle,NR,Number,2007,2069
A,HR,Croatia,ICCS0601,Unlawful acts involving controlled drugs or precursors,NR,Number,2000,7338
A,HR,Croatia,ICCS0601,Unlawful acts involving controlled drugs or precursors,NR,Number,2001,8609
A,HR,Croatia,ICCS0601,Unlawful acts involving controlled drugs or precursors,NR,Number,2002,8717
A,HR,Croatia,ICCS0601,Unlawful acts involving controlled drugs or precursors,NR,Number,2003,7992
A,HR,Croatia,ICCS0601,Unlawful acts involving controlled drugs or precursors,NR,Number,2004,7529
A,HR,Croatia,ICCS0601,Unlawful acts involving controlled drugs or precursors,NR,Number,2005,8186
A,HR,Croatia,ICCS0601,Unlawful acts involving controlled drugs or precursors,NR,Number,2006,8346
A,HR,Croatia,ICCS0601,Unlawful acts involving controlled drugs or precursors,NR,Number,2007,7952
A,HR,Croatia,TOTAL,Total,NR,Number,1993,77280
A,HR,Croatia,TOTAL,Total,NR,Number,1994,64051
A,HR,Croatia,TOTAL,Total,NR,Number,1995,63015
A,HR,Croatia,TOTAL,Total,NR,Number,1996,58364
A,HR,Croatia,TOTAL,Total,NR,Number,1997,55085
A,HR,Croatia,TOTAL,Total,NR,Number,1998,56015
A,HR,Croatia,TOTAL,Total,NR,Number,1999,58190
A,HR,Croatia,TOTAL,Total,NR,Number,2000,68378
A,HR,Croatia,TOTAL,Total,NR,Number,2001,78351
A,HR,Croatia,TOTAL,Total,NR,Number,2002,77905
A,HR,Croatia,TOTAL,Total,NR,Number,2003,80377
A,HR,Croatia,TOTAL,Total,NR,Number,2004,85416
A,HR,Croatia,TOTAL,Total,NR,Number,2005,79946
A,HR,Croatia,TOTAL,Total,NR,Number,2006,81049
A,HR,Croatia,TOTAL,Total,NR,Number,2007,75857
A,HU,Hungary,ICCS0101,Intentional homicide,NR,Number,1993,298
A,HU,Hungary,ICCS0101,Intentional homicide,NR,Number,1994,313
A,HU,Hungary,ICCS0101,Intentional homicide,NR,Number,1995,296
A,HU,Hungary,ICCS0101,Intentional homicide,NR,Number,1996,271
A,HU,Hungary,ICCS0101,Intentional homicide,NR,Number,1997,289
A,HU,Hungary,ICCS0101,Intentional homicide,NR,Number,1998,289
A,HU,Hungary,ICCS0101,Intentional homicide,NR,Number,1999,253
A,HU,Hungary,ICCS0101,Intentional homicide,NR,Number,2000,205
A,HU,Hungary,ICCS0101,Intentional homicide,NR,Number,2001,254
A,HU,Hungary,ICCS0101,Intentional homicide,NR,Number,2002,203
A,HU,Hungary,ICCS0101,Intentional homicide,NR,Number,2003,228
A,HU,Hungary,ICCS0101,Intentional homicide,NR,Number,2004,209
A,HU,Hungary,ICCS0101,Intentional homicide,NR,Number,2005,164
A,HU,Hungary,ICCS0101,Intentional homicide,NR,Number,2006,175
A,HU,Hungary,ICCS0101,Intentional homicide,NR,Number,2007,137
A,HU,Hungary,ICCS02-04,"Acts causing harm or intending to cause harm to the person, injurious acts of a sexual nature and acts against property involving violence or threat against a person",NR,Number,1993,24574
A,HU,Hungary,ICCS02-04,"Acts causing harm or intending to cause harm to the person, injurious acts of a sexual nature and acts against property involving violence or threat against a person",NR,Number,1994,26035
A,HU,Hungary,ICCS02-04,"Acts causing harm or intending to cause harm to the person, injurious acts of a sexual nature and acts against property involving violence or threat against a person",NR,Number,1995,25773
A,HU,Hungary,ICCS02-04,"Acts causing harm or intending to cause harm to the person, injurious acts of a sexual nature and acts against property involving violence or threat against a person",NR,Number,1996,24784
A,HU,Hungary,ICCS02-04,"Acts causing harm or intending to cause harm to the person, injurious acts of a sexual nature and acts against property involving violence or threat against a person",NR,Number,1997,26987
A,HU,Hungary,ICCS02-04,"Acts causing harm or intending to cause harm to the person, injurious acts of a sexual nature and acts against property involving violence or threat against a person",NR,Number,1998,28414
A,HU,Hungary,ICCS02-04,"Acts causing harm or intending to cause harm to the person, injurious acts of a sexual nature and acts against property involving violence or threat against a person",NR,Number,1999,28277
A,HU,Hungary,ICCS02-04,"Acts causing harm or intending to cause harm to the person, injurious acts of a sexual nature and acts against property involving violence or threat against a person",NR,Number,2000,29145
A,HU,Hungary,ICCS02-04,"Acts causing harm or intending to cause harm to the person, injurious acts of a sexual nature and acts against property involving violence or threat against a person",NR,Number,2001,30820
A,HU,Hungary,ICCS02-04,"Acts causing harm or intending to cause harm to the person, injurious acts of a sexual nature and acts against property involving violence or threat against a person",NR,Number,2002,31221
A,HU,Hungary,ICCS02-04,"Acts causing harm or intending to cause harm to the person, injurious acts of a sexual nature and acts against property involving violence or threat against a person",NR,Number,2003,31484
A,HU,Hungary,ICCS02-04,"Acts causing harm or intending to cause harm to the person, injurious acts of a sexual nature and acts against property involving violence or threat against a person",NR,Number,2004,33364
A,HU,Hungary,ICCS02-04,"Acts causing harm or intending to cause harm to the person, injurious acts of a sexual nature and acts against property involving violence or threat against a person",NR,Number,2005,32760
A,HU,Hungary,ICCS02-04,"Acts causing harm or intending to cause harm to the person, injurious acts of a sexual nature and acts against property involving violence or threat against a person",NR,Number,2006,29728
A,HU,Hungary,ICCS02-04,"Acts causing harm or intending to cause harm to the person, injurious acts of a sexual nature and acts against property involving violence or threat against a person",NR,Number,2007,29645
A,HU,Hungary,ICCS0401,Robbery,NR,Number,1993,2881
A,HU,Hungary,ICCS0401,Robbery,NR,Number,1994,2570
A,HU,Hungary,ICCS0401,Robbery,NR,Number,1995,2657
A,HU,Hungary,ICCS0401,Robbery,NR,Number,1996,2689
A,HU,Hungary,ICCS0401,Robbery,NR,Number,1997,3056
A,HU,Hungary,ICCS0401,Robbery,NR,Number,1998,3056
A,HU,Hungary,ICCS0401,Robbery,NR,Number,1999,3167
A,HU,Hungary,ICCS0401,Robbery,NR,Number,2000,3494
A,HU,Hungary,ICCS0401,Robbery,NR,Number,2001,3319
A,HU,Hungary,ICCS0401,Robbery,NR,Number,2002,3389
A,HU,Hungary,ICCS0401,Robbery,NR,Number,2003,3289
A,HU,Hungary,ICCS0401,Robbery,NR,Number,2004,3227
A,HU,Hungary,ICCS0401,Robbery,NR,Number,2005,2982
A,HU,Hungary,ICCS0401,Robbery,NR,Number,2006,2709
A,HU,Hungary,ICCS0401,Robbery,NR,Number,2007,3119
A,HU,Hungary,ICCS05012,Burglary of private residential premises,NR,Number,1993,17771
A,HU,Hungary,ICCS05012,Burglary of private residential premises,NR,Number,1994,21061
A,HU,Hungary,ICCS05012,Burglary of private residential premises,NR,Number,1995,22372
A,HU,Hungary,ICCS05012,Burglary of private residential premises,NR,Number,1996,30116
A,HU,Hungary,ICCS05012,Burglary of private residential premises,NR,Number,1997,31269
A,HU,Hungary,ICCS05012,Burglary of private residential premises,NR,Number,1998,30525
A,HU,Hungary,ICCS05012,Burglary of private residential premises,NR,Number,1999,29902
A,HU,Hungary,ICCS05012,Burglary of private residential premises,NR,Number,2000,26866
A,HU,Hungary,ICCS05012,Burglary of private residential premises,NR,Number,2001,26194
A,HU,Hungary,ICCS05012,Burglary of private residential premises,NR,Number,2002,22907
A,HU,Hungary,ICCS05012,Burglary of private residential premises,NR,Number,2003,19366
A,HU,Hungary,ICCS05012,Burglary of private residential premises,NR,Number,2004,18671
A,HU,Hungary,ICCS05012,Burglary of private residential premises,NR,Number,2005,17786
A,HU,Hungary,ICCS05012,Burglary of private residential premises,NR,Number,2006,16856
A,HU,Hungary,ICCS05012,Burglary of private residential premises,NR,Number,2007,17415
A,HU,Hungary,ICCS050211,Theft of a motorized land vehicle,NR,Number,1993,13254
A,HU,Hungary,ICCS050211,Theft of a motorized land vehicle,NR,Number,1994,16051
A,HU,Hungary,ICCS050211,Theft of a motorized land vehicle,NR,Number,1995,18391
A,HU,Hungary,ICCS050211,Theft of a motorized land vehicle,NR,Number,1996,24094
A,HU,Hungary,ICCS050211,Theft of a motorized land vehicle,NR,Number,1997,20823
A,HU,Hungary,ICCS050211,Theft of a motorized land vehicle,NR,Number,1998,21011
A,HU,Hungary,ICCS050211,Theft of a motorized land vehicle,NR,Number,1999,16822
A,HU,Hungary,ICCS050211,Theft of a motorized land vehicle,NR,Number,2000,14470
A,HU,Hungary,ICCS050211,Theft of a motorized land vehicle,NR,Number,2001,12585
A,HU,Hungary,ICCS050211,Theft of a motorized land vehicle,NR,Number,2002,11569
A,HU,Hungary,ICCS050211,Theft of a motorized land vehicle,NR,Number,2003,12240
A,HU,Hungary,ICCS050211,Theft of a motorized land vehicle,NR,Number,2004,10969
A,HU,Hungary,ICCS050211,Theft of a motorized land vehicle,NR,Number,2005,10770
A,HU,Hungary,ICCS050211,Theft of a motorized land vehicle,NR,Number,2006,10058
A,HU,Hungary,ICCS050211,Theft of a motorized land vehicle,NR,Number,2007,15017
A,HU,Hungary,ICCS0601,Unlawful acts involving controlled drugs or precursors,NR,Number,1993,230
A,HU,Hungary,ICCS0601,Unlawful acts involving controlled drugs or precursors,NR,Number,1994,259
A,HU,Hungary,ICCS0601,Unlawful acts involving controlled drugs or precursors,NR,Number,1995,438
A,HU,Hungary,ICCS0601,Unlawful acts involving controlled drugs or precursors,NR,Number,1996,451
A,HU,Hungary,ICCS0601,Unlawful acts involving controlled drugs or precursors,NR,Number,1997,957
A,HU,Hungary,ICCS0601,Unlawful acts involving controlled drugs or precursors,NR,Number,1998,2075
A,HU,Hungary,ICCS0601,Unlawful acts involving controlled drugs or precursors,NR,Number,1999,2881
A,HU,Hungary,ICCS0601,Unlawful acts involving controlled drugs or precursors,NR,Number,2000,3454
A,HU,Hungary,ICCS0601,Unlawful acts involving controlled drugs or precursors,NR,Number,2001,4332
A,HU,Hungary,ICCS0601,Unlawful acts involving controlled drugs or precursors,NR,Number,2002,4790
A,HU,Hungary,ICCS0601,Unlawful acts involving controlled drugs or precursors,NR,Number,2003,3387
A,HU,Hungary,ICCS0601,Unlawful acts involving controlled drugs or precursors,NR,Number,2004,6678
A,HU,Hungary,ICCS0601,Unlawful acts involving controlled drugs or precursors,NR,Number,2005,7626
A,HU,Hungary,ICCS0601,Unlawful acts involving controlled drugs or precursors,NR,Number,2006,6740
A,HU,Hungary,ICCS0601,Unlawful acts involving controlled drugs or precursors,NR,Number,2007,4676
A,HU,Hungary,TOTAL,Total,NR,Number,1993,400935
A,HU,Hungary,TOTAL,Total,NR,Number,1994,389451
A,HU,Hungary,TOTAL,Total,NR,Number,1995,502036
A,HU,Hungary,TOTAL,Total,NR,Number,1996,466050
A,HU,Hungary,TOTAL,Total,NR,Number,1997,514403
A,HU,Hungary,TOTAL,Total,NR,Number,1998,600621
A,HU,Hungary,TOTAL,Total,NR,Number,1999,505716
A,HU,Hungary,TOTAL,Total,NR,Number,2000,450673
A,HU,Hungary,TOTAL,Total,NR,Number,2001,465694
A,HU,Hungary,TOTAL,Total,NR,Number,2002,420782
A,HU,Hungary,TOTAL,Total,NR,Number,2003,413343
A,HU,Hungary,TOTAL,Total,NR,Number,2004,418833
A,HU,Hungary,TOTAL,Total,NR,Number,2005,436522
A,HU,Hungary,TOTAL,Total,NR,Number,2006,425941
A,HU,Hungary,TOTAL,Total,NR,Number,2007,426914
A,IE,Ireland,ICCS0101,Intentional homicide,NR,Number,1994,32
A,IE,Ireland,ICCS0101,Intentional homicide,NR,Number,1995,53
A,IE,Ireland,ICCS0101,Intentional homicide,NR,Number,1996,46
A,IE,Ireland,ICCS0101,Intentional homicide,NR,Number,1997,53
A,IE,Ireland,ICCS0101,Intentional homicide,NR,Number,1998,51
A,IE,Ireland,ICCS0101,Intentional homicide,NR,Number,1999,47
A,IE,Ireland,ICCS0101,Intentional homicide,NR,Number,2000,56
A,IE,Ireland,ICCS0101,Intentional homicide,NR,Number,2001,58
A,IE,Ireland,ICCS0101,Intentional homicide,NR,Number,2002,59
A,IE,Ireland,ICCS0101,Intentional homicide,NR,Number,2003,52
A,IE,Ireland,ICCS0101,Intentional homicide,NR,Number,2004,45
A,IE,Ireland,ICCS0101,Intentional homicide,NR,Number,2005,65
A,IE,Ireland,ICCS0101,Intentional homicide,NR,Number,2006,70
A,IE,Ireland,ICCS0101,Intentional homicide,NR,Number,2007,85
A,IE,Ireland,ICCS02-04,"Acts causing harm or intending to cause harm to the person, injurious acts of a sexual nature and acts against property involving violence or threat against a person",NR,Number,1993,5470
A,IE,Ireland,ICCS02-04,"Acts causing harm or intending to cause harm to the person, injurious acts of a sexual nature and acts against property involving violence or threat against a person",NR,Number,1994,5046
A,IE,Ireland,ICCS02-04,"Acts causing harm or intending to cause harm to the person, injurious acts of a sexual nature and acts against property involving violence or threat against a person",NR,Number,1995,5764
A,IE,Ireland,ICCS02-04,"Acts causing harm or intending to cause harm to the person, injurious acts of a sexual nature and acts against property involving violence or threat against a person",NR,Number,1996,6554
A,IE,Ireland,ICCS02-04,"Acts causing harm or intending to cause harm to the person, injurious acts of a sexual nature and acts against property involving violence or threat against a person",NR,Number,1997,5488
A,IE,Ireland,ICCS02-04,"Acts causing harm or intending to cause harm to the person, injurious acts of a sexual nature and acts against property involving violence or threat against a person",NR,Number,1998,4515
A,IE,Ireland,ICCS02-04,"Acts causing harm or intending to cause harm to the person, injurious acts of a sexual nature and acts against property involving violence or threat against a person",NR,Number,2000,5676
A,IE,Ireland,ICCS02-04,"Acts causing harm or intending to cause harm to the person, injurious acts of a sexual nature and acts against property involving violence or threat against a person",NR,Number,2001,8548
A,IE,Ireland,ICCS02-04,"Acts causing harm or intending to cause harm to the person, injurious acts of a sexual nature and acts against property involving violence or threat against a person",NR,Number,2002,11976
A,IE,Ireland,ICCS02-04,"Acts causing harm or intending to cause harm to the person, injurious acts of a sexual nature and acts against property involving violence or threat against a person",NR,Number,2003,9955
A,IE,Ireland,ICCS02-04,"Acts causing harm or intending to cause harm to the person, injurious acts of a sexual nature and acts against property involving violence or threat against a person",NR,Number,2004,9615
A,IE,Ireland,ICCS02-04,"Acts causing harm or intending to cause harm to the person, injurious acts of a sexual nature and acts against property involving violence or threat against a person",NR,Number,2005,9414
A,IE,Ireland,ICCS02-04,"Acts causing harm or intending to cause harm to the person, injurious acts of a sexual nature and acts against property involving violence or threat against a person",NR,Number,2006,9920
A,IE,Ireland,ICCS02-04,"Acts causing harm or intending to cause harm to the person, injurious acts of a sexual nature and acts against property involving violence or threat against a person",NR,Number,2007,10188
A,IE,Ireland,ICCS0401,Robbery,NR,Number,2000,1397
A,IE,Ireland,ICCS0401,Robbery,NR,Number,2001,1744
A,IE,Ireland,ICCS0401,Robbery,NR,Number,2002,1688
A,IE,Ireland,ICCS0401,Robbery,NR,Number,2003,2894
A,IE,Ireland,ICCS0401,Robbery,NR,Number,2004,2702
A,IE,Ireland,ICCS0401,Robbery,NR,Number,2005,2406
A,IE,Ireland,ICCS0401,Robbery,NR,Number,2006,2475
A,IE,Ireland,ICCS0401,Robbery,NR,Number,2007,2151
A,IE,Ireland,ICCS05012,Burglary of private residential premises,NR,Number,1993,18238
A,IE,Ireland,ICCS05012,Burglary of private residential premises,NR,Number,1994,18713
A,IE,Ireland,ICCS05012,Burglary of private residential premises,NR,Number,1995,18506
A,IE,Ireland,ICCS05012,Burglary of private residential premises,NR,Number,1996,17672
A,IE,Ireland,ICCS05012,Burglary of private residential premises,NR,Number,1997,16970
A,IE,Ireland,ICCS05012,Burglary of private residential premises,NR,Number,1998,15840
A,IE,Ireland,ICCS05012,Burglary of private residential premises,NR,Number,1999,14286
A,IE,Ireland,ICCS05012,Burglary of private residential premises,NR,Number,2000,13376
A,IE,Ireland,ICCS05012,Burglary of private residential premises,NR,Number,2001,14877
A,IE,Ireland,ICCS05012,Burglary of private residential premises,NR,Number,2002,15474
A,IE,Ireland,ICCS05012,Burglary of private residential premises,NR,Number,2003,16436
A,IE,Ireland,ICCS05012,Burglary of private residential premises,NR,Number,2004,24913
A,IE,Ireland,ICCS05012,Burglary of private residential premises,NR,Number,2005,26381
A,IE,Ireland,ICCS05012,Burglary of private residential premises,NR,Number,2006,24788
A,IE,Ireland,ICCS05012,Burglary of private residential premises,NR,Number,2007,23603
A,IE,Ireland,ICCS050211,Theft of a motorized land vehicle,NR,Number,1993,13244
A,IE,Ireland,ICCS050211,Theft of a motorized land vehicle,NR,Number,1994,12039
A,IE,Ireland,ICCS050211,Theft of a motorized land vehicle,NR,Number,1995,11754
A,IE,Ireland,ICCS050211,Theft of a motorized land vehicle,NR,Number,1996,13405
A,IE,Ireland,ICCS050211,Theft of a motorized land vehicle,NR,Number,1997,13589
A,IE,Ireland,ICCS050211,Theft of a motorized land vehicle,NR,Number,1998,13793
A,IE,Ireland,ICCS050211,Theft of a motorized land vehicle,NR,Number,1999,14851
A,IE,Ireland,ICCS050211,Theft of a motorized land vehicle,NR,Number,2000,16140
A,IE,Ireland,ICCS050211,Theft of a motorized land vehicle,NR,Number,2001,14710
A,IE,Ireland,ICCS050211,Theft of a motorized land vehicle,NR,Number,2002,14111
A,IE,Ireland,ICCS050211,Theft of a motorized land vehicle,NR,Number,2003,12463
A,IE,Ireland,ICCS050211,Theft of a motorized land vehicle,NR,Number,2004,14369
A,IE,Ireland,ICCS050211,Theft of a motorized land vehicle,NR,Number,2005,14199
A,IE,Ireland,ICCS050211,Theft of a motorized land vehicle,NR,Number,2006,13661
A,IE,Ireland,ICCS050211,Theft of a motorized land vehicle,NR,Number,2007,13531
A,IE,Ireland,ICCS0601,Unlawful acts involving controlled drugs or precursors,NR,Number,2000,1737
A,IE,Ireland,ICCS0601,Unlawful acts involving controlled drugs or precursors,NR,Number,2001,2198
A,IE,Ireland,ICCS0601,Unlawful acts involving controlled drugs or precursors,NR,Number,2002,2632
A,IE,Ireland,ICCS0601,Unlawful acts involving controlled drugs or precursors,NR,Number,2003,2430
A,IE,Ireland,ICCS0601,Unlawful acts involving controlled drugs or precursors,NR,Number,2004,2270
A,IE,Ireland,ICCS0601,Unlawful acts involving controlled drugs or precursors,NR,Number,2005,2745
A,IE,Ireland,ICCS0601,Unlawful acts involving controlled drugs or precursors,NR,Number,2006,3152
A,IE,Ireland,ICCS0601,Unlawful acts involving controlled drugs or precursors,NR,Number,2007,3817
A,IE,Ireland,TOTAL,Total,NR,Number,1993,98979
A,IE,Ireland,TOTAL,Total,NR,Number,1994,101036
A,IE,Ireland,TOTAL,Total,NR,Number,1995,102484
A,IE,Ireland,TOTAL,Total,NR,Number,1996,100785
A,IE,Ireland,TOTAL,Total,NR,Number,1997,90875
A,IE,Ireland,TOTAL,Total,NR,Number,1998,85627
A,IE,Ireland,TOTAL,Total,NR,Number,1999,81274
A,IE,Ireland,TOTAL,Total,NR,Number,2000,73276
A,IE,Ireland,TOTAL,Total,NR,Number,2001,86633
A,IE,Ireland,TOTAL,Total,NR,Number,2002,106415
A,IE,Ireland,TOTAL,Total,NR,Number,2003,103462
A,IE,Ireland,TOTAL,Total,NR,Number,2004,99244
A,IE,Ireland,TOTAL,Total,NR,Number,2005,102206
A,IE,Ireland,TOTAL,Total,NR,Number,2006,103178
A,IS,Iceland,ICCS0101,Intentional homicide,NR,Number,1994,0
A,IS,Iceland,ICCS0101,Intentional homicide,NR,Number,1995,0
A,IS,Iceland,ICCS0101,Intentional homicide,NR,Number,1996,1
A,IS,Iceland,ICCS0101,Intentional homicide,NR,Number,1997,2
A,IS,Iceland,ICCS0101,Intentional homicide,NR,Number,1998,0
A,IS,Iceland,ICCS0101,Intentional homicide,NR,Number,1999,2
A,IS,Iceland,ICCS0101,Intentional homicide,NR,Number,2000,5
A,IS,Iceland,ICCS0101,Intentional homicide,NR,Number,2001,1
A,IS,Iceland,ICCS0101,Intentional homicide,NR,Number,2002,4
A,IS,Iceland,ICCS0101,Intentional homicide,NR,Number,2003,0
A,IS,Iceland,ICCS0101,Intentional homicide,NR,Number,2004,3
A,IS,Iceland,ICCS0101,Intentional homicide,NR,Number,2005,3
A,IS,Iceland,ICCS0101,Intentional homicide,NR,Number,2006,0
A,IS,Iceland,ICCS0101,Intentional homicide,NR,Number,2007,2
A,IS,Iceland,ICCS0401,Robbery,NR,Number,2000,34
A,IS,Iceland,ICCS0401,Robbery,NR,Number,2001,39
A,IS,Iceland,ICCS0401,Robbery,NR,Number,2002,32
A,IS,Iceland,ICCS0401,Robbery,NR,Number,2003,39
A,IS,Iceland,ICCS0401,Robbery,NR,Number,2004,35
A,IS,Iceland,ICCS0401,Robbery,NR,Number,2005,49
A,IS,Iceland,ICCS0401,Robbery,NR,Number,2006,50
A,IS,Iceland,ICCS0401,Robbery,NR,Number,2007,42
A,IS,Iceland,ICCS05012,Burglary of private residential premises,NR,Number,2000,2407
A,IS,Iceland,ICCS05012,Burglary of private residential premises,NR,Number,2001,2857
A,IS,Iceland,ICCS05012,Burglary of private residential premises,NR,Number,2002,3208
A,IS,Iceland,ICCS05012,Burglary of private residential premises,NR,Number,2003,2889
A,IS,Iceland,ICCS05012,Burglary of private residential premises,NR,Number,2004,2769
A,IS,Iceland,ICCS05012,Burglary of private residential premises,NR,Number,2005,2244
A,IS,Iceland,ICCS05012,Burglary of private residential premises,NR,Number,2006,2365
A,IS,Iceland,ICCS05012,Burglary of private residential premises,NR,Number,2007,2277
A,IS,Iceland,ICCS0601,Unlawful acts involving controlled drugs or precursors,NR,Number,2000,103
A,IS,Iceland,ICCS0601,Unlawful acts involving controlled drugs or precursors,NR,Number,2001,117
A,IS,Iceland,ICCS0601,Unlawful acts involving controlled drugs or precursors,NR,Number,2002,121
A,IS,Iceland,ICCS0601,Unlawful acts involving controlled drugs or precursors,NR,Number,2003,149
A,IS,Iceland,ICCS0601,Unlawful acts involving controlled drugs or precursors,NR,Number,2004,165
A,IS,Iceland,ICCS0601,Unlawful acts involving controlled drugs or precursors,NR,Number,2005,95
A,IS,Iceland,ICCS0601,Unlawful acts involving controlled drugs or precursors,NR,Number,2006,92
A,IS,Iceland,ICCS0601,Unlawful acts involving controlled drugs or precursors,NR,Number,2007,104
A,IS,Iceland,TOTAL,Total,NR,Number,2000,18584
A,IS,Iceland,TOTAL,Total,NR,Number,2001,18547
A,IS,Iceland,TOTAL,Total,NR,Number,2002,19938
A,IS,Iceland,TOTAL,Total,NR,Number,2003,17515
A,IS,Iceland,TOTAL,Total,NR,Number,2004,16565
A,IS,Iceland,TOTAL,Total,NR,Number,2005,12028
A,IS,Iceland,TOTAL,Total,NR,Number,2006,13483
A,IS,Iceland,TOTAL,Total,NR,Number,2007,13038
A,IT,Italy,ICCS0101,Intentional homicide,NR,Number,1993,1120
A,IT,Italy,ICCS0101,Intentional homicide,NR,Number,1994,1008
A,IT,Italy,ICCS0101,Intentional homicide,NR,Number,1995,1042
A,IT,Italy,ICCS0101,Intentional homicide,NR,Number,1996,1001
A,IT,Italy,ICCS0101,Intentional homicide,NR,Number,1997,924
A,IT,Italy,ICCS0101,Intentional homicide,NR,Number,1998,918
A,IT,Italy,ICCS0101,Intentional homicide,NR,Number,1999,854
A,IT,Italy,ICCS0101,Intentional homicide,NR,Number,2000,818
A,IT,Italy,ICCS0101,Intentional homicide,NR,Number,2001,765
A,IT,Italy,ICCS0101,Intentional homicide,NR,Number,2002,691
A,IT,Italy,ICCS0101,Intentional homicide,NR,Number,2003,765
A,IT,Italy,ICCS0101,Intentional homicide,NR,Number,2004,767
A,IT,Italy,ICCS0101,Intentional homicide,NR,Number,2005,648
A,IT,Italy,ICCS0101,Intentional homicide,NR,Number,2006,663
A,IT,Italy,ICCS0101,Intentional homicide,NR,Number,2007,685
A,IT,Italy,ICCS02-04,"Acts causing harm or intending to cause harm to the person, injurious acts of a sexual nature and acts against property involving violence or threat against a person",NR,Number,1993,114945
A,IT,Italy,ICCS02-04,"Acts causing harm or intending to cause harm to the person, injurious acts of a sexual nature and acts against property involving violence or threat against a person",NR,Number,1994,107766
A,IT,Italy,ICCS02-04,"Acts causing harm or intending to cause harm to the person, injurious acts of a sexual nature and acts against property involving violence or threat against a person",NR,Number,1995,98837
A,IT,Italy,ICCS02-04,"Acts causing harm or intending to cause harm to the person, injurious acts of a sexual nature and acts against property involving violence or threat against a person",NR,Number,1996,100931
A,IT,Italy,ICCS02-04,"Acts causing harm or intending to cause harm to the person, injurious acts of a sexual nature and acts against property involving violence or threat against a person",NR,Number,1997,103750
A,IT,Italy,ICCS02-04,"Acts causing harm or intending to cause harm to the person, injurious acts of a sexual nature and acts against property involving violence or threat against a person",NR,Number,1998,108935
A,IT,Italy,ICCS02-04,"Acts causing harm or intending to cause harm to the person, injurious acts of a sexual nature and acts against property involving violence or threat against a person",NR,Number,1999,111897
A,IT,Italy,ICCS02-04,"Acts causing harm or intending to cause harm to the person, injurious acts of a sexual nature and acts against property involving violence or threat against a person",NR,Number,2000,106051
A,IT,Italy,ICCS02-04,"Acts causing harm or intending to cause harm to the person, injurious acts of a sexual nature and acts against property involving violence or threat against a person",NR,Number,2001,107032
A,IT,Italy,ICCS02-04,"Acts causing harm or intending to cause harm to the person, injurious acts of a sexual nature and acts against property involving violence or threat against a person",NR,Number,2002,106624
A,IT,Italy,ICCS02-04,"Acts causing harm or intending to cause harm to the person, injurious acts of a sexual nature and acts against property involving violence or threat against a person",NR,Number,2003,111165
A,IT,Italy,ICCS02-04,"Acts causing harm or intending to cause harm to the person, injurious acts of a sexual nature and acts against property involving violence or threat against a person",NR,Number,2004,131764
A,IT,Italy,ICCS02-04,"Acts causing harm or intending to cause harm to the person, injurious acts of a sexual nature and acts against property involving violence or threat against a person",NR,Number,2005,136322
A,IT,Italy,ICCS02-04,"Acts causing harm or intending to cause harm to the person, injurious acts of a sexual nature and acts against property involving violence or threat against a person",NR,Number,2006,145209
A,IT,Italy,ICCS02-04,"Acts causing harm or intending to cause harm to the person, injurious acts of a sexual nature and acts against property involving violence or threat against a person",NR,Number,2007,153997
A,IT,Italy,ICCS0401,Robbery,NR,Number,1993,86306
A,IT,Italy,ICCS0401,Robbery,NR,Number,1994,79145
A,IT,Italy,ICCS0401,Robbery,NR,Number,1995,69535
A,IT,Italy,ICCS0401,Robbery,NR,Number,1996,68571
A,IT,Italy,ICCS0401,Robbery,NR,Number,1997,69993
A,IT,Italy,ICCS0401,Robbery,NR,Number,1998,73289
A,IT,Italy,ICCS0401,Robbery,NR,Number,1999,72836
A,IT,Italy,ICCS0401,Robbery,NR,Number,2000,67424
A,IT,Italy,ICCS0401,Robbery,NR,Number,2001,66671
A,IT,Italy,ICCS0401,Robbery,NR,Number,2002,68248
A,IT,Italy,ICCS0401,Robbery,NR,Number,2003,70625
A,IT,Italy,ICCS0401,Robbery,NR,Number,2004,66643
A,IT,Italy,ICCS0401,Robbery,NR,Number,2005,65724
A,IT,Italy,ICCS0401,Robbery,NR,Number,2006,71762
A,IT,Italy,ICCS0401,Robbery,NR,Number,2007,74130
A,IT,Italy,ICCS05012,Burglary of private residential premises,NR,Number,1993,192141
A,IT,Italy,ICCS05012,Burglary of private residential premises,NR,Number,1994,198401
A,IT,Italy,ICCS05012,Burglary of private residential premises,NR,Number,1995,212477
A,IT,Italy,ICCS05012,Burglary of private residential premises,NR,Number,1996,230258
A,IT,Italy,ICCS05012,Burglary of private residential premises,NR,Number,1997,237445
A,IT,Italy,ICCS05012,Burglary of private residential premises,NR,Number,1998,246804
A,IT,Italy,ICCS05012,Burglary of private residential premises,NR,Number,1999,234252
A,IT,Italy,ICCS05012,Burglary of private residential premises,NR,Number,2000,207317
A,IT,Italy,ICCS05012,Burglary of private residential premises,NR,Number,2001,183496
A,IT,Italy,ICCS05012,Burglary of private residential premises,NR,Number,2002,169430
A,IT,Italy,ICCS05012,Burglary of private residential premises,NR,Number,2003,173097
A,IT,Italy,ICCS05012,Burglary of private residential premises,NR,Number,2004,112112
A,IT,Italy,ICCS05012,Burglary of private residential premises,NR,Number,2005,122250
A,IT,Italy,ICCS05012,Burglary of private residential premises,NR,Number,2006,143726
A,IT,Italy,ICCS05012,Burglary of private residential premises,NR,Number,2007,169367
A,IT,Italy,ICCS050211,Theft of a motorized land vehicle,NR,Number,1993,311256
A,IT,Italy,ICCS050211,Theft of a motorized land vehicle,NR,Number,1994,302490
A,IT,Italy,ICCS050211,Theft of a motorized land vehicle,NR,Number,1995,305438
A,IT,Italy,ICCS050211,Theft of a motorized land vehicle,NR,Number,1996,317897
A,IT,Italy,ICCS050211,Theft of a motorized land vehicle,NR,Number,1997,301233
A,IT,Italy,ICCS050211,Theft of a motorized land vehicle,NR,Number,1998,309113
A,IT,Italy,ICCS050211,Theft of a motorized land vehicle,NR,Number,1999,294726
A,IT,Italy,ICCS050211,Theft of a motorized land vehicle,NR,Number,2000,243890
A,IT,Italy,ICCS050211,Theft of a motorized land vehicle,NR,Number,2001,235946
A,IT,Italy,ICCS050211,Theft of a motorized land vehicle,NR,Number,2002,232564
A,IT,Italy,ICCS050211,Theft of a motorized land vehicle,NR,Number,2003,221543
A,IT,Italy,ICCS050211,Theft of a motorized land vehicle,NR,Number,2004,270129
A,IT,Italy,ICCS050211,Theft of a motorized land vehicle,NR,Number,2005,265975
A,IT,Italy,ICCS050211,Theft of a motorized land vehicle,NR,Number,2006,280167
A,IT,Italy,ICCS050211,Theft of a motorized land vehicle,NR,Number,2007,277549
A,IT,Italy,ICCS0601,Unlawful acts involving controlled drugs or precursors,NR,Number,1993,33310
A,IT,Italy,ICCS0601,Unlawful acts involving controlled drugs or precursors,NR,Number,1994,38290
A,IT,Italy,ICCS0601,Unlawful acts involving controlled drugs or precursors,NR,Number,1995,38269
A,IT,Italy,ICCS0601,Unlawful acts involving controlled drugs or precursors,NR,Number,1996,38954
A,IT,Italy,ICCS0601,Unlawful acts involving controlled drugs or precursors,NR,Number,1997,41420
A,IT,Italy,ICCS0601,Unlawful acts involving controlled drugs or precursors,NR,Number,1998,43014
A,IT,Italy,ICCS0601,Unlawful acts involving controlled drugs or precursors,NR,Number,1999,45038
A,IT,Italy,ICCS0601,Unlawful acts involving controlled drugs or precursors,NR,Number,2000,34800
A,IT,Italy,ICCS0601,Unlawful acts involving controlled drugs or precursors,NR,Number,2001,36045
A,IT,Italy,ICCS0601,Unlawful acts involving controlled drugs or precursors,NR,Number,2002,37965
A,IT,Italy,ICCS0601,Unlawful acts involving controlled drugs or precursors,NR,Number,2003,37288
A,IT,Italy,ICCS0601,Unlawful acts involving controlled drugs or precursors,NR,Number,2004,30053
A,IT,Italy,ICCS0601,Unlawful acts involving controlled drugs or precursors,NR,Number,2005,32059
A,IT,Italy,ICCS0601,Unlawful acts involving controlled drugs or precursors,NR,Number,2006,32306
A,IT,Italy,ICCS0601,Unlawful acts involving controlled drugs or precursors,NR,Number,2007,34439
A,IT,Italy,TOTAL,Total,NR,Number,1993,2259903
A,IT,Italy,TOTAL,Total,NR,Number,1994,2173448
A,IT,Italy,TOTAL,Total,NR,Number,1995,2267488
A,IT,Italy,TOTAL,Total,NR,Number,1996,2422991
A,IT,Italy,TOTAL,Total,NR,Number,1997,2440754
A,IT,Italy,TOTAL,Total,NR,Number,1998,2425748
A,IT,Italy,TOTAL,Total,NR,Number,1999,2373966
A,IT,Italy,TOTAL,Total,NR,Number,2000,2205782
A,IT,Italy,TOTAL,Total,NR,Number,2001,2163826
A,IT,Italy,TOTAL,Total,NR,Number,2002,2231550
A,IT,Italy,TOTAL,Total,NR,Number,2003,2456887
A,IT,Italy,TOTAL,Total,NR,Number,2004,2417716
A,IT,Italy,TOTAL,Total,NR,Number,2005,2579124
A,IT,Italy,TOTAL,Total,NR,Number,2006,2771490
A,IT,Italy,TOTAL,Total,NR,Number,2007,2933146
A,LI,Liechtenstein,ICCS0101,Intentional homicide,NR,Number,1994,0
A,LI,Liechtenstein,ICCS0101,Intentional homicide,NR,Number,1995,0
A,LI,Liechtenstein,ICCS0101,Intentional homicide,NR,Number,1996,0
A,LI,Liechtenstein,ICCS0101,Intentional homicide,NR,Number,1997,0
A,LI,Liechtenstein,ICCS0101,Intentional homicide,NR,Number,1998,0
A,LI,Liechtenstein,ICCS0101,Intentional homicide,NR,Number,1999,1
A,LI,Liechtenstein,ICCS0101,Intentional homicide,NR,Number,2000,0
A,LI,Liechtenstein,ICCS0101,Intentional homicide,NR,Number,2001,0
A,LI,Liechtenstein,ICCS0101,Intentional homicide,NR,Number,2002,0
A,LI,Liechtenstein,ICCS0101,Intentional homicide,NR,Number,2003,0
A,LI,Liechtenstein,ICCS0101,Intentional homicide,NR,Number,2004,1
A,LI,Liechtenstein,ICCS0101,Intentional homicide,NR,Number,2005,0
A,LI,Liechtenstein,ICCS0101,Intentional homicide,NR,Number,2006,0
A,LI,Liechtenstein,ICCS0101,Intentional homicide,NR,Number,2007,0
A,LI,Liechtenstein,ICCS02-04,"Acts causing harm or intending to cause harm to the person, injurious acts of a sexual nature and acts against property involving violence or threat against a person",NR,Number,1996,85
A,LI,Liechtenstein,ICCS02-04,"Acts causing harm or intending to cause harm to the person, injurious acts of a sexual nature and acts against property involving violence or threat against a person",NR,Number,1997,82
A,LI,Liechtenstein,ICCS02-04,"Acts causing harm or intending to cause harm to the person, injurious acts of a sexual nature and acts against property involving violence or threat against a person",NR,Number,1998,87
A,LI,Liechtenstein,ICCS02-04,"Acts causing harm or intending to cause harm to the person, injurious acts of a sexual nature and acts against property involving violence or threat against a person",NR,Number,1999,78
A,LI,Liechtenstein,ICCS02-04,"Acts causing harm or intending to cause harm to the person, injurious acts of a sexual nature and acts against property involving violence or threat against a person",NR,Number,2000,83
A,LI,Liechtenstein,ICCS02-04,"Acts causing harm or intending to cause harm to the person, injurious acts of a sexual nature and acts against property involving violence or threat against a person",NR,Number,2001,85
A,LI,Liechtenstein,ICCS02-04,"Acts causing harm or intending to cause harm to the person, injurious acts of a sexual nature and acts against property involving violence or threat against a person",NR,Number,2002,82
A,LI,Liechtenstein,ICCS02-04,"Acts causing harm or intending to cause harm to the person, injurious acts of a sexual nature and acts against property involving violence or threat against a person",NR,Number,2003,109
A,LI,Liechtenstein,ICCS02-04,"Acts causing harm or intending to cause harm to the person, injurious acts of a sexual nature and acts against property involving violence or threat against a person",NR,Number,2004,96
A,LI,Liechtenstein,ICCS02-04,"Acts causing harm or intending to cause harm to the person, injurious acts of a sexual nature and acts against property involving violence or threat against a person",NR,Number,2005,107
A,LI,Liechtenstein,ICCS02-04,"Acts causing harm or intending to cause harm to the person, injurious acts of a sexual nature and acts against property involving violence or threat against a person",NR,Number,2006,88
A,LI,Liechtenstein,ICCS02-04,"Acts causing harm or intending to cause harm to the person, injurious acts of a sexual nature and acts against property involving violence or threat against a person",NR,Number,2007,86
A,LI,Liechtenstein,ICCS0401,Robbery,NR,Number,1996,4
A,LI,Liechtenstein,ICCS0401,Robbery,NR,Number,1997,7
A,LI,Liechtenstein,ICCS0401,Robbery,NR,Number,1998,7
A,LI,Liechtenstein,ICCS0401,Robbery,NR,Number,1999,7
A,LI,Liechtenstein,ICCS0401,Robbery,NR,Number,2000,2
A,LI,Liechtenstein,ICCS0401,Robbery,NR,Number,2001,1
A,LI,Liechtenstein,ICCS0401,Robbery,NR,Number,2002,1
A,LI,Liechtenstein,ICCS0401,Robbery,NR,Number,2003,3
A,LI,Liechtenstein,ICCS0401,Robbery,NR,Number,2004,2
A,LI,Liechtenstein,ICCS0401,Robbery,NR,Number,2005,1
A,LI,Liechtenstein,ICCS0401,Robbery,NR,Number,2006,4
A,LI,Liechtenstein,ICCS0401,Robbery,NR,Number,2007,5
A,LI,Liechtenstein,ICCS05012,Burglary of private residential premises,NR,Number,1995,142
A,LI,Liechtenstein,ICCS05012,Burglary of private residential premises,NR,Number,1996,203
A,LI,Liechtenstein,ICCS05012,Burglary of private residential premises,NR,Number,1997,95
A,LI,Liechtenstein,ICCS05012,Burglary of private residential premises,NR,Number,1998,92
A,LI,Liechtenstein,ICCS05012,Burglary of private residential premises,NR,Number,1999,74
A,LI,Liechtenstein,ICCS05012,Burglary of private residential premises,NR,Number,2000,95
A,LI,Liechtenstein,ICCS05012,Burglary of private residential premises,NR,Number,2001,72
A,LI,Liechtenstein,ICCS05012,Burglary of private residential premises,NR,Number,2002,87
A,LI,Liechtenstein,ICCS05012,Burglary of private residential premises,NR,Number,2003,123
A,LI,Liechtenstein,ICCS05012,Burglary of private residential premises,NR,Number,2004,121
A,LI,Liechtenstein,ICCS05012,Burglary of private residential premises,NR,Number,2005,97
A,LI,Liechtenstein,ICCS05012,Burglary of private residential premises,NR,Number,2006,120
A,LI,Liechtenstein,ICCS05012,Burglary of private residential premises,NR,Number,2007,102
A,LI,Liechtenstein,ICCS050211,Theft of a motorized land vehicle,NR,Number,1997,6
A,LI,Liechtenstein,ICCS050211,Theft of a motorized land vehicle,NR,Number,1998,7
A,LI,Liechtenstein,ICCS050211,Theft of a motorized land vehicle,NR,Number,1999,17
A,LI,Liechtenstein,ICCS050211,Theft of a motorized land vehicle,NR,Number,2000,6
A,LI,Liechtenstein,ICCS050211,Theft of a motorized land vehicle,NR,Number,2001,8
A,LI,Liechtenstein,ICCS050211,Theft of a motorized land vehicle,NR,Number,2002,7
A,LI,Liechtenstein,ICCS050211,Theft of a motorized land vehicle,NR,Number,2003,14
A,LI,Liechtenstein,ICCS050211,Theft of a motorized land vehicle,NR,Number,2004,16
A,LI,Liechtenstein,ICCS050211,Theft of a motorized land vehicle,NR,Number,2005,10
A,LI,Liechtenstein,ICCS050211,Theft of a motorized land vehicle,NR,Number,2006,7
A,LI,Liechtenstein,ICCS050211,Theft of a motorized land vehicle,NR,Number,2007,7
A,LI,Liechtenstein,ICCS0601,Unlawful acts involving controlled drugs or precursors,NR,Number,1996,214
A,LI,Liechtenstein,ICCS0601,Unlawful acts involving controlled drugs or precursors,NR,Number,1997,107
A,LI,Liechtenstein,ICCS0601,Unlawful acts involving controlled drugs or precursors,NR,Number,1998,179
A,LI,Liechtenstein,ICCS0601,Unlawful acts involving controlled drugs or precursors,NR,Number,1999,274
A,LI,Liechtenstein,ICCS0601,Unlawful acts involving controlled drugs or precursors,NR,Number,2000,269
A,LI,Liechtenstein,ICCS0601,Unlawful acts involving controlled drugs or precursors,NR,Number,2001,387
A,LI,Liechtenstein,ICCS0601,Unlawful acts involving controlled drugs or precursors,NR,Number,2002,447
A,LI,Liechtenstein,ICCS0601,Unlawful acts involving controlled drugs or precursors,NR,Number,2003,364
A,LI,Liechtenstein,ICCS0601,Unlawful acts involving controlled drugs or precursors,NR,Number,2004,459
A,LI,Liechtenstein,ICCS0601,Unlawful acts involving controlled drugs or precursors,NR,Number,2005,435
A,LI,Liechtenstein,ICCS0601,Unlawful acts involving controlled drugs or precursors,NR,Number,2006,285
A,LI,Liechtenstein,ICCS0601,Unlawful acts involving controlled drugs or precursors,NR,Number,2007,225
A,LI,Liechtenstein,TOTAL,Total,NR,Number,1996,1002
A,LI,Liechtenstein,TOTAL,Total,NR,Number,1997,869
A,LI,Liechtenstein,TOTAL,Total,NR,Number,1998,858
A,LI,Liechtenstein,TOTAL,Total,NR,Number,1999,795
A,LI,Liechtenstein,TOTAL,Total,NR,Number,2000,898
A,LI,Liechtenstein,TOTAL,Total,NR,Number,2001,1086
A,LI,Liechtenstein,TOTAL,Total,NR,Number,2002,1002
A,LI,Liechtenstein,TOTAL,Total,NR,Number,2003,1138
A,LI,Liechtenstein,TOTAL,Total,NR,Number,2004,1043
A,LI,Liechtenstein,TOTAL,Total,NR,Number,2005,1059
A,LI,Liechtenstein,TOTAL,Total,NR,Number,2006,1189
A,LI,Liechtenstein,TOTAL,Total,NR,Number,2007,1075
A,LT,Lithuania,ICCS0101,Intentional homicide,NR,Number,1993,498
A,LT,Lithuania,ICCS0101,Intentional homicide,NR,Number,1994,560
A,LT,Lithuania,ICCS0101,Intentional homicide,NR,Number,1995,485
A,LT,Lithuania,ICCS0101,Intentional homicide,NR,Number,1996,389
A,LT,Lithuania,ICCS0101,Intentional homicide,NR,Number,1997,370
A,LT,Lithuania,ICCS0101,Intentional homicide,NR,Number,1998,343
A,LT,Lithuania,ICCS0101,Intentional homicide,NR,Number,1999,334
A,LT,Lithuania,ICCS0101,Intentional homicide,NR,Number,2000,408
A,LT,Lithuania,ICCS0101,Intentional homicide,NR,Number,2001,377
A,LT,Lithuania,ICCS0101,Intentional homicide,NR,Number,2002,316
A,LT,Lithuania,ICCS0101,Intentional homicide,NR,Number,2003,385
A,LT,Lithuania,ICCS0101,Intentional homicide,NR,Number,2004,356
A,LT,Lithuania,ICCS0101,Intentional homicide,NR,Number,2005,404
A,LT,Lithuania,ICCS0101,Intentional homicide,NR,Number,2006,302
A,LT,Lithuania,ICCS0101,Intentional homicide,NR,Number,2007,284
A,LT,Lithuania,ICCS02-04,"Acts causing harm or intending to cause harm to the person, injurious acts of a sexual nature and acts against property involving violence or threat against a person",NR,Number,1993,4743
A,LT,Lithuania,ICCS02-04,"Acts causing harm or intending to cause harm to the person, injurious acts of a sexual nature and acts against property involving violence or threat against a person",NR,Number,1994,5258
A,LT,Lithuania,ICCS02-04,"Acts causing harm or intending to cause harm to the person, injurious acts of a sexual nature and acts against property involving violence or threat against a person",NR,Number,1995,3838
A,LT,Lithuania,ICCS02-04,"Acts causing harm or intending to cause harm to the person, injurious acts of a sexual nature and acts against property involving violence or threat against a person",NR,Number,1996,4405
A,LT,Lithuania,ICCS02-04,"Acts causing harm or intending to cause harm to the person, injurious acts of a sexual nature and acts against property involving violence or threat against a person",NR,Number,1997,4899
A,LT,Lithuania,ICCS02-04,"Acts causing harm or intending to cause harm to the person, injurious acts of a sexual nature and acts against property involving violence or threat against a person",NR,Number,1998,4549
A,LT,Lithuania,ICCS02-04,"Acts causing harm or intending to cause harm to the person, injurious acts of a sexual nature and acts against property involving violence or threat against a person",NR,Number,1999,4339
A,LT,Lithuania,ICCS02-04,"Acts causing harm or intending to cause harm to the person, injurious acts of a sexual nature and acts against property involving violence or threat against a person",NR,Number,2000,5418
A,LT,Lithuania,ICCS02-04,"Acts causing harm or intending to cause harm to the person, injurious acts of a sexual nature and acts against property involving violence or threat against a person",NR,Number,2001,5144
A,LT,Lithuania,ICCS02-04,"Acts causing harm or intending to cause harm to the person, injurious acts of a sexual nature and acts against property involving violence or threat against a person",NR,Number,2002,5492
A,LT,Lithuania,ICCS02-04,"Acts causing harm or intending to cause harm to the person, injurious acts of a sexual nature and acts against property involving violence or threat against a person",NR,Number,2003,6042
A,LT,Lithuania,ICCS02-04,"Acts causing harm or intending to cause harm to the person, injurious acts of a sexual nature and acts against property involving violence or threat against a person",NR,Number,2004,6566
A,LT,Lithuania,ICCS02-04,"Acts causing harm or intending to cause harm to the person, injurious acts of a sexual nature and acts against property involving violence or threat against a person",NR,Number,2005,6561
A,LT,Lithuania,ICCS02-04,"Acts causing harm or intending to cause harm to the person, injurious acts of a sexual nature and acts against property involving violence or threat against a person",NR,Number,2006,5498
A,LT,Lithuania,ICCS02-04,"Acts causing harm or intending to cause harm to the person, injurious acts of a sexual nature and acts against property involving violence or threat against a person",NR,Number,2007,4754
A,LT,Lithuania,ICCS0401,Robbery,NR,Number,1993,3723
A,LT,Lithuania,ICCS0401,Robbery,NR,Number,1994,4217
A,LT,Lithuania,ICCS0401,Robbery,NR,Number,1995,2837
A,LT,Lithuania,ICCS0401,Robbery,NR,Number,1996,3481
A,LT,Lithuania,ICCS0401,Robbery,NR,Number,1997,3971
A,LT,Lithuania,ICCS0401,Robbery,NR,Number,1998,3646
A,LT,Lithuania,ICCS0401,Robbery,NR,Number,1999,3376
A,LT,Lithuania,ICCS0401,Robbery,NR,Number,2000,4374
A,LT,Lithuania,ICCS0401,Robbery,NR,Number,2001,4185
A,LT,Lithuania,ICCS0401,Robbery,NR,Number,2002,4535
A,LT,Lithuania,ICCS0401,Robbery,NR,Number,2003,4919
A,LT,Lithuania,ICCS0401,Robbery,NR,Number,2004,5323
A,LT,Lithuania,ICCS0401,Robbery,NR,Number,2005,5206
A,LT,Lithuania,ICCS0401,Robbery,NR,Number,2006,4343
A,LT,Lithuania,ICCS0401,Robbery,NR,Number,2007,3802
A,LT,Lithuania,ICCS05012,Burglary of private residential premises,NR,Number,1993,6964
A,LT,Lithuania,ICCS05012,Burglary of private residential premises,NR,Number,1994,7414
A,LT,Lithuania,ICCS05012,Burglary of private residential premises,NR,Number,1995,7462
A,LT,Lithuania,ICCS05012,Burglary of private residential premises,NR,Number,1996,8631
A,LT,Lithuania,ICCS05012,Burglary of private residential premises,NR,Number,1997,9424
A,LT,Lithuania,ICCS05012,Burglary of private residential premises,NR,Number,1998,9246
A,LT,Lithuania,ICCS05012,Burglary of private residential premises,NR,Number,1999,9180
A,LT,Lithuania,ICCS05012,Burglary of private residential premises,NR,Number,2000,9203
A,LT,Lithuania,ICCS05012,Burglary of private residential premises,NR,Number,2001,8647
A,LT,Lithuania,ICCS05012,Burglary of private residential premises,NR,Number,2002,6989
A,LT,Lithuania,ICCS05012,Burglary of private residential premises,NR,Number,2003,8573
A,LT,Lithuania,ICCS05012,Burglary of private residential premises,NR,Number,2004,9174
A,LT,Lithuania,ICCS05012,Burglary of private residential premises,NR,Number,2005,7065
A,LT,Lithuania,ICCS05012,Burglary of private residential premises,NR,Number,2006,6637
A,LT,Lithuania,ICCS05012,Burglary of private residential premises,NR,Number,2007,5516
A,LT,Lithuania,ICCS050211,Theft of a motorized land vehicle,NR,Number,1993,3037
A,LT,Lithuania,ICCS050211,Theft of a motorized land vehicle,NR,Number,1994,5068
A,LT,Lithuania,ICCS050211,Theft of a motorized land vehicle,NR,Number,1995,5206
A,LT,Lithuania,ICCS050211,Theft of a motorized land vehicle,NR,Number,1996,4561
A,LT,Lithuania,ICCS050211,Theft of a motorized land vehicle,NR,Number,1997,4485
A,LT,Lithuania,ICCS050211,Theft of a motorized land vehicle,NR,Number,1998,4843
A,LT,Lithuania,ICCS050211,Theft of a motorized land vehicle,NR,Number,1999,4279
A,LT,Lithuania,ICCS050211,Theft of a motorized land vehicle,NR,Number,2000,5991
A,LT,Lithuania,ICCS050211,Theft of a motorized land vehicle,NR,Number,2001,6626
A,LT,Lithuania,ICCS050211,Theft of a motorized land vehicle,NR,Number,2002,6484
A,LT,Lithuania,ICCS050211,Theft of a motorized land vehicle,NR,Number,2003,7022
A,LT,Lithuania,ICCS050211,Theft of a motorized land vehicle,NR,Number,2004,6330
A,LT,Lithuania,ICCS050211,Theft of a motorized land vehicle,NR,Number,2005,4541
A,LT,Lithuania,ICCS050211,Theft of a motorized land vehicle,NR,Number,2006,3460
A,LT,Lithuania,ICCS050211,Theft of a motorized land vehicle,NR,Number,2007,2848
A,LT,Lithuania,ICCS0601,Unlawful acts involving controlled drugs or precursors,NR,Number,1993,25
A,LT,Lithuania,ICCS0601,Unlawful acts involving controlled drugs or precursors,NR,Number,1994,58
A,LT,Lithuania,ICCS0601,Unlawful acts involving controlled drugs or precursors,NR,Number,1995,68
A,LT,Lithuania,ICCS0601,Unlawful acts involving controlled drugs or precursors,NR,Number,1996,93
A,LT,Lithuania,ICCS0601,Unlawful acts involving controlled drugs or precursors,NR,Number,1997,54
A,LT,Lithuania,ICCS0601,Unlawful acts involving controlled drugs or precursors,NR,Number,1998,93
A,LT,Lithuania,ICCS0601,Unlawful acts involving controlled drugs or precursors,NR,Number,1999,58
A,LT,Lithuania,ICCS0601,Unlawful acts involving controlled drugs or precursors,NR,Number,2000,90
A,LT,Lithuania,ICCS0601,Unlawful acts involving controlled drugs or precursors,NR,Number,2001,165
A,LT,Lithuania,ICCS0601,Unlawful acts involving controlled drugs or precursors,NR,Number,2002,213
A,LT,Lithuania,ICCS0601,Unlawful acts involving controlled drugs or precursors,NR,Number,2003,509
A,LT,Lithuania,ICCS0601,Unlawful acts involving controlled drugs or precursors,NR,Number,2004,711
A,LT,Lithuania,ICCS0601,Unlawful acts involving controlled drugs or precursors,NR,Number,2005,999
A,LT,Lithuania,ICCS0601,Unlawful acts involving controlled drugs or precursors,NR,Number,2006,704
A,LT,Lithuania,ICCS0601,Unlawful acts involving controlled drugs or precursors,NR,Number,2007,765
A,LT,Lithuania,TOTAL,Total,NR,Number,1993,60378
A,LT,Lithuania,TOTAL,Total,NR,Number,1994,58364
A,LT,Lithuania,TOTAL,Total,NR,Number,1995,60819
A,LT,Lithuania,TOTAL,Total,NR,Number,1996,68053
A,LT,Lithuania,TOTAL,Total,NR,Number,1997,75816
A,LT,Lithuania,TOTAL,Total,NR,Number,1998,78149
A,LT,Lithuania,TOTAL,Total,NR,Number,1999,77108
A,LT,Lithuania,TOTAL,Total,NR,Number,2000,82370
A,LT,Lithuania,TOTAL,Total,NR,Number,2001,79265
A,LT,Lithuania,TOTAL,Total,NR,Number,2002,72646
A,LT,Lithuania,TOTAL,Total,NR,Number,2003,79072
A,LT,Lithuania,TOTAL,Total,NR,Number,2004,84136
A,LT,Lithuania,TOTAL,Total,NR,Number,2005,82074
A,LT,Lithuania,TOTAL,Total,NR,Number,2006,75474
A,LT,Lithuania,TOTAL,Total,NR,Number,2007,67990
A,LU,Luxembourg,ICCS0101,Intentional homicide,NR,Number,1994,6
A,LU,Luxembourg,ICCS0101,Intentional homicide,NR,Number,1995,2
A,LU,Luxembourg,ICCS0101,Intentional homicide,NR,Number,1996,4
A,LU,Luxembourg,ICCS0101,Intentional homicide,NR,Number,1997,4
A,LU,Luxembourg,ICCS0101,Intentional homicide,NR,Number,1998,4
A,LU,Luxembourg,ICCS0101,Intentional homicide,NR,Number,1999,6
A,LU,Luxembourg,ICCS0101,Intentional homicide,NR,Number,2000,4
A,LU,Luxembourg,ICCS0101,Intentional homicide,NR,Number,2001,6
A,LU,Luxembourg,ICCS0101,Intentional homicide,NR,Number,2002,4
A,LU,Luxembourg,ICCS0101,Intentional homicide,NR,Number,2003,3
A,LU,Luxembourg,ICCS0101,Intentional homicide,NR,Number,2004,2
A,LU,Luxembourg,ICCS0101,Intentional homicide,NR,Number,2005,4
A,LU,Luxembourg,ICCS0101,Intentional homicide,NR,Number,2006,9
A,LU,Luxembourg,ICCS0101,Intentional homicide,NR,Number,2007,7
A,LU,Luxembourg,ICCS02-04,"Acts causing harm or intending to cause harm to the person, injurious acts of a sexual nature and acts against property involving violence or threat against a person",NR,Number,2000,1768
A,LU,Luxembourg,ICCS02-04,"Acts causing harm or intending to cause harm to the person, injurious acts of a sexual nature and acts against property involving violence or threat against a person",NR,Number,2001,1689
A,LU,Luxembourg,ICCS02-04,"Acts causing harm or intending to cause harm to the person, injurious acts of a sexual nature and acts against property involving violence or threat against a person",NR,Number,2002,2069
A,LU,Luxembourg,ICCS02-04,"Acts causing harm or intending to cause harm to the person, injurious acts of a sexual nature and acts against property involving violence or threat against a person",NR,Number,2003,2124
A,LU,Luxembourg,ICCS02-04,"Acts causing harm or intending to cause harm to the person, injurious acts of a sexual nature and acts against property involving violence or threat against a person",NR,Number,2004,2433
A,LU,Luxembourg,ICCS02-04,"Acts causing harm or intending to cause harm to the person, injurious acts of a sexual nature and acts against property involving violence or threat against a person",NR,Number,2005,2367
A,LU,Luxembourg,ICCS02-04,"Acts causing harm or intending to cause harm to the person, injurious acts of a sexual nature and acts against property involving violence or threat against a person",NR,Number,2006,2471
A,LU,Luxembourg,ICCS02-04,"Acts causing harm or intending to cause harm to the person, injurious acts of a sexual nature and acts against property involving violence or threat against a person",NR,Number,2007,3233
A,LU,Luxembourg,ICCS0401,Robbery,NR,Number,1993,254
A,LU,Luxembourg,ICCS0401,Robbery,NR,Number,1994,291
A,LU,Luxembourg,ICCS0401,Robbery,NR,Number,1995,252
A,LU,Luxembourg,ICCS0401,Robbery,NR,Number,1996,260
A,LU,Luxembourg,ICCS0401,Robbery,NR,Number,1997,288
A,LU,Luxembourg,ICCS0401,Robbery,NR,Number,1998,372
A,LU,Luxembourg,ICCS0401,Robbery,NR,Number,1999,352
A,LU,Luxembourg,ICCS0401,Robbery,NR,Number,2000,307
A,LU,Luxembourg,ICCS0401,Robbery,NR,Number,2001,257
A,LU,Luxembourg,ICCS0401,Robbery,NR,Number,2002,367
A,LU,Luxembourg,ICCS0401,Robbery,NR,Number,2003,374
A,LU,Luxembourg,ICCS0401,Robbery,NR,Number,2004,339
A,LU,Luxembourg,ICCS0401,Robbery,NR,Number,2005,351
A,LU,Luxembourg,ICCS0401,Robbery,NR,Number,2006,263
A,LU,Luxembourg,ICCS0401,Robbery,NR,Number,2007,331
A,LU,Luxembourg,ICCS05012,Burglary of private residential premises,NR,Number,1993,2942
A,LU,Luxembourg,ICCS05012,Burglary of private residential premises,NR,Number,1994,3728
A,LU,Luxembourg,ICCS05012,Burglary of private residential premises,NR,Number,1995,3249
A,LU,Luxembourg,ICCS05012,Burglary of private residential premises,NR,Number,1996,3152
A,LU,Luxembourg,ICCS05012,Burglary of private residential premises,NR,Number,1997,2416
A,LU,Luxembourg,ICCS05012,Burglary of private residential premises,NR,Number,1998,2649
A,LU,Luxembourg,ICCS05012,Burglary of private residential premises,NR,Number,1999,2092
A,LU,Luxembourg,ICCS05012,Burglary of private residential premises,NR,Number,2000,2081
A,LU,Luxembourg,ICCS05012,Burglary of private residential premises,NR,Number,2001,1947
A,LU,Luxembourg,ICCS05012,Burglary of private residential premises,NR,Number,2002,1992
A,LU,Luxembourg,ICCS05012,Burglary of private residential premises,NR,Number,2003,2206
A,LU,Luxembourg,ICCS05012,Burglary of private residential premises,NR,Number,2004,2100
A,LU,Luxembourg,ICCS05012,Burglary of private residential premises,NR,Number,2005,1486
A,LU,Luxembourg,ICCS05012,Burglary of private residential premises,NR,Number,2006,1838
A,LU,Luxembourg,ICCS05012,Burglary of private residential premises,NR,Number,2007,2030
A,LU,Luxembourg,ICCS050211,Theft of a motorized land vehicle,NR,Number,1993,1234
A,LU,Luxembourg,ICCS050211,Theft of a motorized land vehicle,NR,Number,1994,898
A,LU,Luxembourg,ICCS050211,Theft of a motorized land vehicle,NR,Number,1995,1196
A,LU,Luxembourg,ICCS050211,Theft of a motorized land vehicle,NR,Number,1996,819
A,LU,Luxembourg,ICCS050211,Theft of a motorized land vehicle,NR,Number,1997,675
A,LU,Luxembourg,ICCS050211,Theft of a motorized land vehicle,NR,Number,1998,655
A,LU,Luxembourg,ICCS050211,Theft of a motorized land vehicle,NR,Number,1999,626
A,LU,Luxembourg,ICCS050211,Theft of a motorized land vehicle,NR,Number,2000,542
A,LU,Luxembourg,ICCS050211,Theft of a motorized land vehicle,NR,Number,2001,496
A,LU,Luxembourg,ICCS050211,Theft of a motorized land vehicle,NR,Number,2002,519
A,LU,Luxembourg,ICCS050211,Theft of a motorized land vehicle,NR,Number,2003,453
A,LU,Luxembourg,ICCS050211,Theft of a motorized land vehicle,NR,Number,2004,526
A,LU,Luxembourg,ICCS050211,Theft of a motorized land vehicle,NR,Number,2005,464
A,LU,Luxembourg,ICCS050211,Theft of a motorized land vehicle,NR,Number,2006,523
A,LU,Luxembourg,ICCS050211,Theft of a motorized land vehicle,NR,Number,2007,454
A,LU,Luxembourg,ICCS0601,Unlawful acts involving controlled drugs or precursors,NR,Number,1993,613
A,LU,Luxembourg,ICCS0601,Unlawful acts involving controlled drugs or precursors,NR,Number,1994,751
A,LU,Luxembourg,ICCS0601,Unlawful acts involving controlled drugs or precursors,NR,Number,1995,764
A,LU,Luxembourg,ICCS0601,Unlawful acts involving controlled drugs or precursors,NR,Number,1996,864
A,LU,Luxembourg,ICCS0601,Unlawful acts involving controlled drugs or precursors,NR,Number,1997,805
A,LU,Luxembourg,ICCS0601,Unlawful acts involving controlled drugs or precursors,NR,Number,1998,825
A,LU,Luxembourg,ICCS0601,Unlawful acts involving controlled drugs or precursors,NR,Number,1999,941
A,LU,Luxembourg,ICCS0601,Unlawful acts involving controlled drugs or precursors,NR,Number,2000,1226
A,LU,Luxembourg,ICCS0601,Unlawful acts involving controlled drugs or precursors,NR,Number,2001,1077
A,LU,Luxembourg,ICCS0601,Unlawful acts involving controlled drugs or precursors,NR,Number,2002,1321
A,LU,Luxembourg,ICCS0601,Unlawful acts involving controlled drugs or precursors,NR,Number,2003,1133
A,LU,Luxembourg,ICCS0601,Unlawful acts involving controlled drugs or precursors,NR,Number,2004,1342
A,LU,Luxembourg,ICCS0601,Unlawful acts involving controlled drugs or precursors,NR,Number,2005,1326
A,LU,Luxembourg,ICCS0601,Unlawful acts involving controlled drugs or precursors,NR,Number,2006,1201
A,LU,Luxembourg,ICCS0601,Unlawful acts involving controlled drugs or precursors,NR,Number,2007,1448
A,LU,Luxembourg,TOTAL,Total,NR,Number,1993,28338
A,LU,Luxembourg,TOTAL,Total,NR,Number,1994,29166
A,LU,Luxembourg,TOTAL,Total,NR,Number,1995,28380
A,LU,Luxembourg,TOTAL,Total,NR,Number,1996,27566
A,LU,Luxembourg,TOTAL,Total,NR,Number,1997,24355
A,LU,Luxembourg,TOTAL,Total,NR,Number,1998,27155
A,LU,Luxembourg,TOTAL,Total,NR,Number,1999,26957
A,LU,Luxembourg,TOTAL,Total,NR,Number,2000,22816
A,LU,Luxembourg,TOTAL,Total,NR,Number,2001,22646
A,LU,Luxembourg,TOTAL,Total,NR,Number,2002,26046
A,LU,Luxembourg,TOTAL,Total,NR,Number,2003,26163
A,LU,Luxembourg,TOTAL,Total,NR,Number,2004,26907
A,LU,Luxembourg,TOTAL,Total,NR,Number,2005,25321
A,LU,Luxembourg,TOTAL,Total,NR,Number,2006,25913
A,LU,Luxembourg,TOTAL,Total,NR,Number,2007,28252
A,LV,Latvia,ICCS0101,Intentional homicide,NR,Number,1995,281
A,LV,Latvia,ICCS0101,Intentional homicide,NR,Number,1996,256
A,LV,Latvia,ICCS0101,Intentional homicide,NR,Number,1997,259
A,LV,Latvia,ICCS0101,Intentional homicide,NR,Number,1998,238
A,LV,Latvia,ICCS0101,Intentional homicide,NR,Number,1999,214
A,LV,Latvia,ICCS0101,Intentional homicide,NR,Number,2000,219
A,LV,Latvia,ICCS0101,Intentional homicide,NR,Number,2001,214
A,LV,Latvia,ICCS0101,Intentional homicide,NR,Number,2002,207
A,LV,Latvia,ICCS0101,Intentional homicide,NR,Number,2003,220
A,LV,Latvia,ICCS0101,Intentional homicide,NR,Number,2004,199
A,LV,Latvia,ICCS0101,Intentional homicide,NR,Number,2005,127
A,LV,Latvia,ICCS0101,Intentional homicide,NR,Number,2006,148
A,LV,Latvia,ICCS0101,Intentional homicide,NR,Number,2007,117
A,LV,Latvia,ICCS02-04,"Acts causing harm or intending to cause harm to the person, injurious acts of a sexual nature and acts against property involving violence or threat against a person",NR,Number,1999,3363
A,LV,Latvia,ICCS02-04,"Acts causing harm or intending to cause harm to the person, injurious acts of a sexual nature and acts against property involving violence or threat against a person",NR,Number,2000,3937
A,LV,Latvia,ICCS02-04,"Acts causing harm or intending to cause harm to the person, injurious acts of a sexual nature and acts against property involving violence or threat against a person",NR,Number,2001,3761
A,LV,Latvia,ICCS02-04,"Acts causing harm or intending to cause harm to the person, injurious acts of a sexual nature and acts against property involving violence or threat against a person",NR,Number,2002,3407
A,LV,Latvia,ICCS02-04,"Acts causing harm or intending to cause harm to the person, injurious acts of a sexual nature and acts against property involving violence or threat against a person",NR,Number,2003,3200
A,LV,Latvia,ICCS02-04,"Acts causing harm or intending to cause harm to the person, injurious acts of a sexual nature and acts against property involving violence or threat against a person",NR,Number,2004,3366
A,LV,Latvia,ICCS02-04,"Acts causing harm or intending to cause harm to the person, injurious acts of a sexual nature and acts against property involving violence or threat against a person",NR,Number,2005,2879
A,LV,Latvia,ICCS02-04,"Acts causing harm or intending to cause harm to the person, injurious acts of a sexual nature and acts against property involving violence or threat against a person",NR,Number,2006,2750
A,LV,Latvia,ICCS02-04,"Acts causing harm or intending to cause harm to the person, injurious acts of a sexual nature and acts against property involving violence or threat against a person",NR,Number,2007,1919
A,LV,Latvia,ICCS0401,Robbery,NR,Number,1999,2619
A,LV,Latvia,ICCS0401,Robbery,NR,Number,2000,3160
A,LV,Latvia,ICCS0401,Robbery,NR,Number,2001,3059
A,LV,Latvia,ICCS0401,Robbery,NR,Number,2002,2664
A,LV,Latvia,ICCS0401,Robbery,NR,Number,2003,2503
A,LV,Latvia,ICCS0401,Robbery,NR,Number,2004,2467
A,LV,Latvia,ICCS0401,Robbery,NR,Number,2005,2163
A,LV,Latvia,ICCS0401,Robbery,NR,Number,2006,2248
A,LV,Latvia,ICCS0401,Robbery,NR,Number,2007,1468
A,LV,Latvia,ICCS05012,Burglary of private residential premises,NR,Number,1999,4706
A,LV,Latvia,ICCS05012,Burglary of private residential premises,NR,Number,2000,5614
A,LV,Latvia,ICCS05012,Burglary of private residential premises,NR,Number,2001,5439
A,LV,Latvia,ICCS05012,Burglary of private residential premises,NR,Number,2002,5177
A,LV,Latvia,ICCS05012,Burglary of private residential premises,NR,Number,2003,5327
A,LV,Latvia,ICCS05012,Burglary of private residential premises,NR,Number,2004,6031
A,LV,Latvia,ICCS05012,Burglary of private residential premises,NR,Number,2005,4310
A,LV,Latvia,ICCS05012,Burglary of private residential premises,NR,Number,2006,4624
A,LV,Latvia,ICCS05012,Burglary of private residential premises,NR,Number,2007,3654
A,LV,Latvia,ICCS050211,Theft of a motorized land vehicle,NR,Number,1995,2774
A,LV,Latvia,ICCS050211,Theft of a motorized land vehicle,NR,Number,1996,2215
A,LV,Latvia,ICCS050211,Theft of a motorized land vehicle,NR,Number,1997,2082
A,LV,Latvia,ICCS050211,Theft of a motorized land vehicle,NR,Number,1998,2493
A,LV,Latvia,ICCS050211,Theft of a motorized land vehicle,NR,Number,1999,3102
A,LV,Latvia,ICCS050211,Theft of a motorized land vehicle,NR,Number,2000,2932
A,LV,Latvia,ICCS050211,Theft of a motorized land vehicle,NR,Number,2001,2769
A,LV,Latvia,ICCS050211,Theft of a motorized land vehicle,NR,Number,2002,2845
A,LV,Latvia,ICCS050211,Theft of a motorized land vehicle,NR,Number,2003,3369
A,LV,Latvia,ICCS050211,Theft of a motorized land vehicle,NR,Number,2004,2960
A,LV,Latvia,ICCS050211,Theft of a motorized land vehicle,NR,Number,2005,2023
A,LV,Latvia,ICCS050211,Theft of a motorized land vehicle,NR,Number,2006,2168
A,LV,Latvia,ICCS050211,Theft of a motorized land vehicle,NR,Number,2007,1729
A,LV,Latvia,ICCS0601,Unlawful acts involving controlled drugs or precursors,NR,Number,1995,271
A,LV,Latvia,ICCS0601,Unlawful acts involving controlled drugs or precursors,NR,Number,1996,361
A,LV,Latvia,ICCS0601,Unlawful acts involving controlled drugs or precursors,NR,Number,1997,428
A,LV,Latvia,ICCS0601,Unlawful acts involving controlled drugs or precursors,NR,Number,1998,389
A,LV,Latvia,ICCS0601,Unlawful acts involving controlled drugs or precursors,NR,Number,1999,511
A,LV,Latvia,ICCS0601,Unlawful acts involving controlled drugs or precursors,NR,Number,2000,655
A,LV,Latvia,ICCS0601,Unlawful acts involving controlled drugs or precursors,NR,Number,2001,830
A,LV,Latvia,ICCS0601,Unlawful acts involving controlled drugs or precursors,NR,Number,2002,629
A,LV,Latvia,ICCS0601,Unlawful acts involving controlled drugs or precursors,NR,Number,2003,997
A,LV,Latvia,ICCS0601,Unlawful acts involving controlled drugs or precursors,NR,Number,2004,1148
A,LV,Latvia,ICCS0601,Unlawful acts involving controlled drugs or precursors,NR,Number,2005,1049
A,LV,Latvia,ICCS0601,Unlawful acts involving controlled drugs or precursors,NR,Number,2006,997
A,LV,Latvia,ICCS0601,Unlawful acts involving controlled drugs or precursors,NR,Number,2007,1434
A,LV,Latvia,TOTAL,Total,NR,Number,1995,39141
A,LV,Latvia,TOTAL,Total,NR,Number,1996,38205
A,LV,Latvia,TOTAL,Total,NR,Number,1997,36865
A,LV,Latvia,TOTAL,Total,NR,Number,1998,36674
A,LV,Latvia,TOTAL,Total,NR,Number,1999,43969
A,LV,Latvia,TOTAL,Total,NR,Number,2000,50199
A,LV,Latvia,TOTAL,Total,NR,Number,2001,51082
A,LV,Latvia,TOTAL,Total,NR,Number,2002,49329
A,LV,Latvia,TOTAL,Total,NR,Number,2003,51773
A,LV,Latvia,TOTAL,Total,NR,Number,2004,62173
A,LV,Latvia,TOTAL,Total,NR,Number,2005,51435
A,LV,Latvia,TOTAL,Total,NR,Number,2006,62328
A,LV,Latvia,TOTAL,Total,NR,Number,2007,55620
A,ME,Montenegro,ICCS0101,Intentional homicide,NR,Number,2002,27
A,ME,Montenegro,ICCS0101,Intentional homicide,NR,Number,2003,20
A,ME,Montenegro,ICCS0101,Intentional homicide,NR,Number,2004,14
A,ME,Montenegro,ICCS0101,Intentional homicide,NR,Number,2005,22
A,ME,Montenegro,ICCS0101,Intentional homicide,NR,Number,2006,25
A,ME,Montenegro,ICCS0101,Intentional homicide,NR,Number,2007,10
A,ME,Montenegro,ICCS02-04,"Acts causing harm or intending to cause harm to the person, injurious acts of a sexual nature and acts against property involving violence or threat against a person",NR,Number,2002,4209
A,ME,Montenegro,ICCS02-04,"Acts causing harm or intending to cause harm to the person, injurious acts of a sexual nature and acts against property involving violence or threat against a person",NR,Number,2003,3940
A,ME,Montenegro,ICCS02-04,"Acts causing harm or intending to cause harm to the person, injurious acts of a sexual nature and acts against property involving violence or threat against a person",NR,Number,2004,4281
A,ME,Montenegro,ICCS02-04,"Acts causing harm or intending to cause harm to the person, injurious acts of a sexual nature and acts against property involving violence or threat against a person",NR,Number,2005,249
A,ME,Montenegro,ICCS02-04,"Acts causing harm or intending to cause harm to the person, injurious acts of a sexual nature and acts against property involving violence or threat against a person",NR,Number,2006,280
A,ME,Montenegro,ICCS02-04,"Acts causing harm or intending to cause harm to the person, injurious acts of a sexual nature and acts against property involving violence or threat against a person",NR,Number,2007,271
A,ME,Montenegro,ICCS0401,Robbery,NR,Number,2002,4173
A,ME,Montenegro,ICCS0401,Robbery,NR,Number,2003,3908
A,ME,Montenegro,ICCS0401,Robbery,NR,Number,2004,4239
A,ME,Montenegro,ICCS0401,Robbery,NR,Number,2005,86
A,ME,Montenegro,ICCS0401,Robbery,NR,Number,2006,80
A,ME,Montenegro,ICCS0401,Robbery,NR,Number,2007,67
A,ME,Montenegro,ICCS050211,Theft of a motorized land vehicle,NR,Number,2002,166
A,ME,Montenegro,ICCS050211,Theft of a motorized land vehicle,NR,Number,2003,78
A,ME,Montenegro,ICCS050211,Theft of a motorized land vehicle,NR,Number,2004,67
A,ME,Montenegro,ICCS050211,Theft of a motorized land vehicle,NR,Number,2005,121
A,ME,Montenegro,ICCS050211,Theft of a motorized land vehicle,NR,Number,2006,98
A,ME,Montenegro,ICCS050211,Theft of a motorized land vehicle,NR,Number,2007,98
A,ME,Montenegro,ICCS0601,Unlawful acts involving controlled drugs or precursors,NR,Number,2002,305
A,ME,Montenegro,ICCS0601,Unlawful acts involving controlled drugs or precursors,NR,Number,2003,299
A,ME,Montenegro,ICCS0601,Unlawful acts involving controlled drugs or precursors,NR,Number,2004,355
A,ME,Montenegro,ICCS0601,Unlawful acts involving controlled drugs or precursors,NR,Number,2005,294
A,ME,Montenegro,ICCS0601,Unlawful acts involving controlled drugs or precursors,NR,Number,2006,438
A,ME,Montenegro,ICCS0601,Unlawful acts involving controlled drugs or precursors,NR,Number,2007,549
A,ME,Montenegro,TOTAL,Total,NR,Number,2001,8463
A,ME,Montenegro,TOTAL,Total,NR,Number,2002,8934
A,ME,Montenegro,TOTAL,Total,NR,Number,2003,8613
A,ME,Montenegro,TOTAL,Total,NR,Number,2004,8227
A,ME,Montenegro,TOTAL,Total,NR,Number,2005,9579
A,ME,Montenegro,TOTAL,Total,NR,Number,2006,9564
A,ME,Montenegro,TOTAL,Total,NR,Number,2007,9258
A,MK,North Macedonia,ICCS0101,Intentional homicide,NR,Number,2000,51
A,MK,North Macedonia,ICCS0101,Intentional homicide,NR,Number,2001,55
A,MK,North Macedonia,ICCS0101,Intentional homicide,NR,Number,2002,60
A,MK,North Macedonia,ICCS0101,Intentional homicide,NR,Number,2003,70
A,MK,North Macedonia,ICCS0101,Intentional homicide,NR,Number,2004,49
A,MK,North Macedonia,ICCS0101,Intentional homicide,NR,Number,2005,49
A,MK,North Macedonia,ICCS0101,Intentional homicide,NR,Number,2006,45
A,MK,North Macedonia,ICCS0101,Intentional homicide,NR,Number,2007,42
A,MK,North Macedonia,ICCS02-04,"Acts causing harm or intending to cause harm to the person, injurious acts of a sexual nature and acts against property involving violence or threat against a person",NR,Number,2000,538
A,MK,North Macedonia,ICCS02-04,"Acts causing harm or intending to cause harm to the person, injurious acts of a sexual nature and acts against property involving violence or threat against a person",NR,Number,2001,493
A,MK,North Macedonia,ICCS02-04,"Acts causing harm or intending to cause harm to the person, injurious acts of a sexual nature and acts against property involving violence or threat against a person",NR,Number,2002,702
A,MK,North Macedonia,ICCS02-04,"Acts causing harm or intending to cause harm to the person, injurious acts of a sexual nature and acts against property involving violence or threat against a person",NR,Number,2003,860
A,MK,North Macedonia,ICCS02-04,"Acts causing harm or intending to cause harm to the person, injurious acts of a sexual nature and acts against property involving violence or threat against a person",NR,Number,2004,1094
A,MK,North Macedonia,ICCS02-04,"Acts causing harm or intending to cause harm to the person, injurious acts of a sexual nature and acts against property involving violence or threat against a person",NR,Number,2005,1133
A,MK,North Macedonia,ICCS02-04,"Acts causing harm or intending to cause harm to the person, injurious acts of a sexual nature and acts against property involving violence or threat against a person",NR,Number,2006,993
A,MK,North Macedonia,ICCS02-04,"Acts causing harm or intending to cause harm to the person, injurious acts of a sexual nature and acts against property involving violence or threat against a person",NR,Number,2007,1037
A,MK,North Macedonia,ICCS0401,Robbery,NR,Number,2000,296
A,MK,North Macedonia,ICCS0401,Robbery,NR,Number,2001,266
A,MK,North Macedonia,ICCS0401,Robbery,NR,Number,2002,463
A,MK,North Macedonia,ICCS0401,Robbery,NR,Number,2003,573
A,MK,North Macedonia,ICCS0401,Robbery,NR,Number,2004,783
A,MK,North Macedonia,ICCS0401,Robbery,NR,Number,2005,709
A,MK,North Macedonia,ICCS0401,Robbery,NR,Number,2006,503
A,MK,North Macedonia,ICCS0401,Robbery,NR,Number,2007,521
A,MK,North Macedonia,ICCS05012,Burglary of private residential premises,NR,Number,2000,981
A,MK,North Macedonia,ICCS05012,Burglary of private residential premises,NR,Number,2001,1036
A,MK,North Macedonia,ICCS05012,Burglary of private residential premises,NR,Number,2002,792
A,MK,North Macedonia,ICCS05012,Burglary of private residential premises,NR,Number,2003,1088
A,MK,North Macedonia,ICCS05012,Burglary of private residential premises,NR,Number,2004,1275
A,MK,North Macedonia,ICCS05012,Burglary of private residential premises,NR,Number,2005,1146
A,MK,North Macedonia,ICCS05012,Burglary of private residential premises,NR,Number,2006,1367
A,MK,North Macedonia,ICCS05012,Burglary of private residential premises,NR,Number,2007,1590
A,MK,North Macedonia,ICCS050211,Theft of a motorized land vehicle,NR,Number,2000,730
A,MK,North Macedonia,ICCS050211,Theft of a motorized land vehicle,NR,Number,2001,511
A,MK,North Macedonia,ICCS050211,Theft of a motorized land vehicle,NR,Number,2002,576
A,MK,North Macedonia,ICCS050211,Theft of a motorized land vehicle,NR,Number,2003,560
A,MK,North Macedonia,ICCS050211,Theft of a motorized land vehicle,NR,Number,2004,827
A,MK,North Macedonia,ICCS050211,Theft of a motorized land vehicle,NR,Number,2005,567
A,MK,North Macedonia,ICCS050211,Theft of a motorized land vehicle,NR,Number,2006,365
A,MK,North Macedonia,ICCS050211,Theft of a motorized land vehicle,NR,Number,2007,413
A,MK,North Macedonia,ICCS0601,Unlawful acts involving controlled drugs or precursors,NR,Number,2000,410
A,MK,North Macedonia,ICCS0601,Unlawful acts involving controlled drugs or precursors,NR,Number,2001,335
A,MK,North Macedonia,ICCS0601,Unlawful acts involving controlled drugs or precursors,NR,Number,2002,273
A,MK,North Macedonia,ICCS0601,Unlawful acts involving controlled drugs or precursors,NR,Number,2003,397
A,MK,North Macedonia,ICCS0601,Unlawful acts involving controlled drugs or precursors,NR,Number,2004,357
A,MK,North Macedonia,ICCS0601,Unlawful acts involving controlled drugs or precursors,NR,Number,2005,390
A,MK,North Macedonia,ICCS0601,Unlawful acts involving controlled drugs or precursors,NR,Number,2006,315
A,MK,North Macedonia,ICCS0601,Unlawful acts involving controlled drugs or precursors,NR,Number,2007,451
A,MK,North Macedonia,TOTAL,Total,NR,Number,2000,19814
A,MK,North Macedonia,TOTAL,Total,NR,Number,2001,17139
A,MK,North Macedonia,TOTAL,Total,NR,Number,2002,18308
A,MK,North Macedonia,TOTAL,Total,NR,Number,2003,22547
A,MK,North Macedonia,TOTAL,Total,NR,Number,2004,22663
A,MK,North Macedonia,TOTAL,Total,NR,Number,2005,22634
A,MK,North Macedonia,TOTAL,Total,NR,Number,2006,22024
A,MK,North Macedonia,TOTAL,Total,NR,Number,2007,26224
A,MT,Malta,ICCS0101,Intentional homicide,NR,Number,1998,5
A,MT,Malta,ICCS0101,Intentional homicide,NR,Number,1999,10
A,MT,Malta,ICCS0101,Intentional homicide,NR,Number,2000,4
A,MT,Malta,ICCS0101,Intentional homicide,NR,Number,2001,5
A,MT,Malta,ICCS0101,Intentional homicide,NR,Number,2002,5
A,MT,Malta,ICCS0101,Intentional homicide,NR,Number,2003,0
A,MT,Malta,ICCS0101,Intentional homicide,NR,Number,2004,7
A,MT,Malta,ICCS0101,Intentional homicide,NR,Number,2005,4
A,MT,Malta,ICCS0101,Intentional homicide,NR,Number,2006,0
A,MT,Malta,ICCS0101,Intentional homicide,NR,Number,2007,4
A,MT,Malta,ICCS02-04,"Acts causing harm or intending to cause harm to the person, injurious acts of a sexual nature and acts against property involving violence or threat against a person",NR,Number,2004,406
A,MT,Malta,ICCS02-04,"Acts causing harm or intending to cause harm to the person, injurious acts of a sexual nature and acts against property involving violence or threat against a person",NR,Number,2005,403
A,MT,Malta,ICCS02-04,"Acts causing harm or intending to cause harm to the person, injurious acts of a sexual nature and acts against property involving violence or threat against a person",NR,Number,2006,390
A,MT,Malta,ICCS02-04,"Acts causing harm or intending to cause harm to the person, injurious acts of a sexual nature and acts against property involving violence or threat against a person",NR,Number,2007,422
A,MT,Malta,ICCS0401,Robbery,NR,Number,1998,318
A,MT,Malta,ICCS0401,Robbery,NR,Number,1999,212
A,MT,Malta,ICCS0401,Robbery,NR,Number,2000,146
A,MT,Malta,ICCS0401,Robbery,NR,Number,2001,160
A,MT,Malta,ICCS0401,Robbery,NR,Number,2002,156
A,MT,Malta,ICCS0401,Robbery,NR,Number,2003,195
A,MT,Malta,ICCS0401,Robbery,NR,Number,2004,265
A,MT,Malta,ICCS0401,Robbery,NR,Number,2005,256
A,MT,Malta,ICCS0401,Robbery,NR,Number,2006,222
A,MT,Malta,ICCS0401,Robbery,NR,Number,2007,200
A,MT,Malta,ICCS05012,Burglary of private residential premises,NR,Number,1999,675
A,MT,Malta,ICCS05012,Burglary of private residential premises,NR,Number,2000,784
A,MT,Malta,ICCS05012,Burglary of private residential premises,NR,Number,2001,618
A,MT,Malta,ICCS05012,Burglary of private residential premises,NR,Number,2002,679
A,MT,Malta,ICCS05012,Burglary of private residential premises,NR,Number,2003,682
A,MT,Malta,ICCS05012,Burglary of private residential premises,NR,Number,2004,782
A,MT,Malta,ICCS05012,Burglary of private residential premises,NR,Number,2005,1113
A,MT,Malta,ICCS05012,Burglary of private residential premises,NR,Number,2006,856
A,MT,Malta,ICCS05012,Burglary of private residential premises,NR,Number,2007,735
A,MT,Malta,ICCS050211,Theft of a motorized land vehicle,NR,Number,1998,1166
A,MT,Malta,ICCS050211,Theft of a motorized land vehicle,NR,Number,1999,1076
A,MT,Malta,ICCS050211,Theft of a motorized land vehicle,NR,Number,2000,1051
A,MT,Malta,ICCS050211,Theft of a motorized land vehicle,NR,Number,2001,848
A,MT,Malta,ICCS050211,Theft of a motorized land vehicle,NR,Number,2002,707
A,MT,Malta,ICCS050211,Theft of a motorized land vehicle,NR,Number,2003,887
A,MT,Malta,ICCS050211,Theft of a motorized land vehicle,NR,Number,2004,798
A,MT,Malta,ICCS050211,Theft of a motorized land vehicle,NR,Number,2005,672
A,MT,Malta,ICCS050211,Theft of a motorized land vehicle,NR,Number,2006,584
A,MT,Malta,ICCS050211,Theft of a motorized land vehicle,NR,Number,2007,388
A,MT,Malta,ICCS0601,Unlawful acts involving controlled drugs or precursors,NR,Number,1997,37
A,MT,Malta,ICCS0601,Unlawful acts involving controlled drugs or precursors,NR,Number,1998,88
A,MT,Malta,ICCS0601,Unlawful acts involving controlled drugs or precursors,NR,Number,1999,100
A,MT,Malta,ICCS0601,Unlawful acts involving controlled drugs or precursors,NR,Number,2004,78
A,MT,Malta,ICCS0601,Unlawful acts involving controlled drugs or precursors,NR,Number,2005,113
A,MT,Malta,ICCS0601,Unlawful acts involving controlled drugs or precursors,NR,Number,2006,123
A,MT,Malta,ICCS0601,Unlawful acts involving controlled drugs or precursors,NR,Number,2007,149
A,MT,Malta,TOTAL,Total,NR,Number,1998,14793
A,MT,Malta,TOTAL,Total,NR,Number,1999,16031
A,MT,Malta,TOTAL,Total,NR,Number,2000,17016
A,MT,Malta,TOTAL,Total,NR,Number,2001,15929
A,MT,Malta,TOTAL,Total,NR,Number,2002,17023
A,MT,Malta,TOTAL,Total,NR,Number,2003,17739
A,MT,Malta,TOTAL,Total,NR,Number,2004,18384
A,MT,Malta,TOTAL,Total,NR,Number,2005,18580
A,MT,Malta,TOTAL,Total,NR,Number,2006,16527
A,MT,Malta,TOTAL,Total,NR,Number,2007,15005
A,NL,Netherlands,ICCS0101,Intentional homicide,NR,Number,1994,276
A,NL,Netherlands,ICCS0101,Intentional homicide,NR,Number,1995,299
A,NL,Netherlands,ICCS0101,Intentional homicide,NR,Number,1996,211
A,NL,Netherlands,ICCS0101,Intentional homicide,NR,Number,1997,208
A,NL,Netherlands,ICCS0101,Intentional homicide,NR,Number,1998,176
A,NL,Netherlands,ICCS0101,Intentional homicide,NR,Number,1999,203
A,NL,Netherlands,ICCS0101,Intentional homicide,NR,Number,2000,180
A,NL,Netherlands,ICCS0101,Intentional homicide,NR,Number,2001,202
A,NL,Netherlands,ICCS0101,Intentional homicide,NR,Number,2002,195
A,NL,Netherlands,ICCS0101,Intentional homicide,NR,Number,2003,202
A,NL,Netherlands,ICCS0101,Intentional homicide,NR,Number,2004,191
A,NL,Netherlands,ICCS0101,Intentional homicide,NR,Number,2005,174
A,NL,Netherlands,ICCS0101,Intentional homicide,NR,Number,2006,128
A,NL,Netherlands,ICCS0101,Intentional homicide,NR,Number,2007,143
A,NL,Netherlands,ICCS02-04,"Acts causing harm or intending to cause harm to the person, injurious acts of a sexual nature and acts against property involving violence or threat against a person",NR,Number,1993,61591
A,NL,Netherlands,ICCS02-04,"Acts causing harm or intending to cause harm to the person, injurious acts of a sexual nature and acts against property involving violence or threat against a person",NR,Number,1994,67077
A,NL,Netherlands,ICCS02-04,"Acts causing harm or intending to cause harm to the person, injurious acts of a sexual nature and acts against property involving violence or threat against a person",NR,Number,1995,65284
A,NL,Netherlands,ICCS02-04,"Acts causing harm or intending to cause harm to the person, injurious acts of a sexual nature and acts against property involving violence or threat against a person",NR,Number,1996,67479
A,NL,Netherlands,ICCS02-04,"Acts causing harm or intending to cause harm to the person, injurious acts of a sexual nature and acts against property involving violence or threat against a person",NR,Number,1997,74691
A,NL,Netherlands,ICCS02-04,"Acts causing harm or intending to cause harm to the person, injurious acts of a sexual nature and acts against property involving violence or threat against a person",NR,Number,1998,76787
A,NL,Netherlands,ICCS02-04,"Acts causing harm or intending to cause harm to the person, injurious acts of a sexual nature and acts against property involving violence or threat against a person",NR,Number,1999,87132
A,NL,Netherlands,ICCS02-04,"Acts causing harm or intending to cause harm to the person, injurious acts of a sexual nature and acts against property involving violence or threat against a person",NR,Number,2000,91738
A,NL,Netherlands,ICCS02-04,"Acts causing harm or intending to cause harm to the person, injurious acts of a sexual nature and acts against property involving violence or threat against a person",NR,Number,2001,101320
A,NL,Netherlands,ICCS02-04,"Acts causing harm or intending to cause harm to the person, injurious acts of a sexual nature and acts against property involving violence or threat against a person",NR,Number,2002,104336
A,NL,Netherlands,ICCS02-04,"Acts causing harm or intending to cause harm to the person, injurious acts of a sexual nature and acts against property involving violence or threat against a person",NR,Number,2003,106410
A,NL,Netherlands,ICCS02-04,"Acts causing harm or intending to cause harm to the person, injurious acts of a sexual nature and acts against property involving violence or threat against a person",NR,Number,2004,109887
A,NL,Netherlands,ICCS02-04,"Acts causing harm or intending to cause harm to the person, injurious acts of a sexual nature and acts against property involving violence or threat against a person",NR,Number,2005,138915
A,NL,Netherlands,ICCS02-04,"Acts causing harm or intending to cause harm to the person, injurious acts of a sexual nature and acts against property involving violence or threat against a person",NR,Number,2006,138215
A,NL,Netherlands,ICCS02-04,"Acts causing harm or intending to cause harm to the person, injurious acts of a sexual nature and acts against property involving violence or threat against a person",NR,Number,2007,138850
A,NL,Netherlands,ICCS0401,Robbery,NR,Number,1993,16341
A,NL,Netherlands,ICCS0401,Robbery,NR,Number,1994,15928
A,NL,Netherlands,ICCS0401,Robbery,NR,Number,1995,15747
A,NL,Netherlands,ICCS0401,Robbery,NR,Number,1996,15156
A,NL,Netherlands,ICCS0401,Robbery,NR,Number,1997,14186
A,NL,Netherlands,ICCS0401,Robbery,NR,Number,1998,14498
A,NL,Netherlands,ICCS0401,Robbery,NR,Number,1999,17685
A,NL,Netherlands,ICCS0401,Robbery,NR,Number,2000,19004
A,NL,Netherlands,ICCS0401,Robbery,NR,Number,2001,21174
A,NL,Netherlands,ICCS0401,Robbery,NR,Number,2002,20647
A,NL,Netherlands,ICCS0401,Robbery,NR,Number,2003,20018
A,NL,Netherlands,ICCS0401,Robbery,NR,Number,2004,17683
A,NL,Netherlands,ICCS0401,Robbery,NR,Number,2005,16445
A,NL,Netherlands,ICCS0401,Robbery,NR,Number,2006,14485
A,NL,Netherlands,ICCS0401,Robbery,NR,Number,2007,13660
A,NL,Netherlands,ICCS05012,Burglary of private residential premises,NR,Number,1993,119858
A,NL,Netherlands,ICCS05012,Burglary of private residential premises,NR,Number,1994,123962
A,NL,Netherlands,ICCS05012,Burglary of private residential premises,NR,Number,1995,118115
A,NL,Netherlands,ICCS05012,Burglary of private residential premises,NR,Number,1996,103951
A,NL,Netherlands,ICCS05012,Burglary of private residential premises,NR,Number,1997,97690
A,NL,Netherlands,ICCS05012,Burglary of private residential premises,NR,Number,1998,90613
A,NL,Netherlands,ICCS05012,Burglary of private residential premises,NR,Number,1999,92252
A,NL,Netherlands,ICCS05012,Burglary of private residential premises,NR,Number,2000,91420
A,NL,Netherlands,ICCS05012,Burglary of private residential premises,NR,Number,2001,90284
A,NL,Netherlands,ICCS05012,Burglary of private residential premises,NR,Number,2002,101920
A,NL,Netherlands,ICCS05012,Burglary of private residential premises,NR,Number,2003,103577
A,NL,Netherlands,ICCS05012,Burglary of private residential premises,NR,Number,2004,95952
A,NL,Netherlands,ICCS05012,Burglary of private residential premises,NR,Number,2005,96015
A,NL,Netherlands,ICCS05012,Burglary of private residential premises,NR,Number,2006,95165
A,NL,Netherlands,ICCS05012,Burglary of private residential premises,NR,Number,2007,89415
A,NL,Netherlands,ICCS050211,Theft of a motorized land vehicle,NR,Number,1993,49505
A,NL,Netherlands,ICCS050211,Theft of a motorized land vehicle,NR,Number,1994,53182
A,NL,Netherlands,ICCS050211,Theft of a motorized land vehicle,NR,Number,1995,46909
A,NL,Netherlands,ICCS050211,Theft of a motorized land vehicle,NR,Number,1996,41919
A,NL,Netherlands,ICCS050211,Theft of a motorized land vehicle,NR,Number,1997,46086
A,NL,Netherlands,ICCS050211,Theft of a motorized land vehicle,NR,Number,1998,45770
A,NL,Netherlands,ICCS050211,Theft of a motorized land vehicle,NR,Number,1999,46079
A,NL,Netherlands,ICCS050211,Theft of a motorized land vehicle,NR,Number,2000,46634
A,NL,Netherlands,ICCS050211,Theft of a motorized land vehicle,NR,Number,2001,43068
A,NL,Netherlands,ICCS050211,Theft of a motorized land vehicle,NR,Number,2002,42428
A,NL,Netherlands,ICCS050211,Theft of a motorized land vehicle,NR,Number,2003,34271
A,NL,Netherlands,ICCS050211,Theft of a motorized land vehicle,NR,Number,2004,30652
A,NL,Netherlands,ICCS050211,Theft of a motorized land vehicle,NR,Number,2005,27425
A,NL,Netherlands,ICCS050211,Theft of a motorized land vehicle,NR,Number,2006,23825
A,NL,Netherlands,ICCS050211,Theft of a motorized land vehicle,NR,Number,2007,21425
A,NL,Netherlands,ICCS0601,Unlawful acts involving controlled drugs or precursors,NR,Number,1993,3006
A,NL,Netherlands,ICCS0601,Unlawful acts involving controlled drugs or precursors,NR,Number,1994,4452
A,NL,Netherlands,ICCS0601,Unlawful acts involving controlled drugs or precursors,NR,Number,1995,4248
A,NL,Netherlands,ICCS0601,Unlawful acts involving controlled drugs or precursors,NR,Number,1996,4626
A,NL,Netherlands,ICCS0601,Unlawful acts involving controlled drugs or precursors,NR,Number,1997,7646
A,NL,Netherlands,ICCS0601,Unlawful acts involving controlled drugs or precursors,NR,Number,1998,7690
A,NL,Netherlands,ICCS0601,Unlawful acts involving controlled drugs or precursors,NR,Number,1999,7613
A,NL,Netherlands,ICCS0601,Unlawful acts involving controlled drugs or precursors,NR,Number,2000,7474
A,NL,Netherlands,ICCS0601,Unlawful acts involving controlled drugs or precursors,NR,Number,2001,10380
A,NL,Netherlands,ICCS0601,Unlawful acts involving controlled drugs or precursors,NR,Number,2002,12752
A,NL,Netherlands,ICCS0601,Unlawful acts involving controlled drugs or precursors,NR,Number,2003,15633
A,NL,Netherlands,ICCS0601,Unlawful acts involving controlled drugs or precursors,NR,Number,2004,15662
A,NL,Netherlands,ICCS0601,Unlawful acts involving controlled drugs or precursors,NR,Number,2005,19285
A,NL,Netherlands,ICCS0601,Unlawful acts involving controlled drugs or precursors,NR,Number,2006,20035
A,NL,Netherlands,ICCS0601,Unlawful acts involving controlled drugs or precursors,NR,Number,2007,19560
A,NL,Netherlands,TOTAL,Total,NR,Number,1993,1272500
A,NL,Netherlands,TOTAL,Total,NR,Number,1994,1313600
A,NL,Netherlands,TOTAL,Total,NR,Number,1995,1226700
A,NL,Netherlands,TOTAL,Total,NR,Number,1996,1186512
A,NL,Netherlands,TOTAL,Total,NR,Number,1997,1219935
A,NL,Netherlands,TOTAL,Total,NR,Number,1998,1234900
A,NL,Netherlands,TOTAL,Total,NR,Number,1999,1303446
A,NL,Netherlands,TOTAL,Total,NR,Number,2000,1328909
A,NL,Netherlands,TOTAL,Total,NR,Number,2001,1379454
A,NL,Netherlands,TOTAL,Total,NR,Number,2002,1401871
A,NL,Netherlands,TOTAL,Total,NR,Number,2003,1369271
A,NL,Netherlands,TOTAL,Total,NR,Number,2004,1319482
A,NL,Netherlands,TOTAL,Total,NR,Number,2005,1348285
A,NL,Netherlands,TOTAL,Total,NR,Number,2006,1311770
A,NL,Netherlands,TOTAL,Total,NR,Number,2007,1303835
A,NO,Norway,ICCS0101,Intentional homicide,NR,Number,1993,38
A,NO,Norway,ICCS0101,Intentional homicide,NR,Number,1994,33
A,NO,Norway,ICCS0101,Intentional homicide,NR,Number,1995,42
A,NO,Norway,ICCS0101,Intentional homicide,NR,Number,1996,43
A,NO,Norway,ICCS0101,Intentional homicide,NR,Number,1997,38
A,NO,Norway,ICCS0101,Intentional homicide,NR,Number,1998,38
A,NO,Norway,ICCS0101,Intentional homicide,NR,Number,1999,33
A,NO,Norway,ICCS0101,Intentional homicide,NR,Number,2000,48
A,NO,Norway,ICCS0101,Intentional homicide,NR,Number,2001,37
A,NO,Norway,ICCS0101,Intentional homicide,NR,Number,2002,46
A,NO,Norway,ICCS0101,Intentional homicide,NR,Number,2003,51
A,NO,Norway,ICCS0101,Intentional homicide,NR,Number,2004,36
A,NO,Norway,ICCS0101,Intentional homicide,NR,Number,2005,33
A,NO,Norway,ICCS0101,Intentional homicide,NR,Number,2006,33
A,NO,Norway,ICCS0101,Intentional homicide,NR,Number,2007,30
A,NO,Norway,ICCS02-04,"Acts causing harm or intending to cause harm to the person, injurious acts of a sexual nature and acts against property involving violence or threat against a person",NR,Number,1993,14587
A,NO,Norway,ICCS02-04,"Acts causing harm or intending to cause harm to the person, injurious acts of a sexual nature and acts against property involving violence or threat against a person",NR,Number,1994,14870
A,NO,Norway,ICCS02-04,"Acts causing harm or intending to cause harm to the person, injurious acts of a sexual nature and acts against property involving violence or threat against a person",NR,Number,1995,15335
A,NO,Norway,ICCS02-04,"Acts causing harm or intending to cause harm to the person, injurious acts of a sexual nature and acts against property involving violence or threat against a person",NR,Number,1996,17405
A,NO,Norway,ICCS02-04,"Acts causing harm or intending to cause harm to the person, injurious acts of a sexual nature and acts against property involving violence or threat against a person",NR,Number,1997,17394
A,NO,Norway,ICCS02-04,"Acts causing harm or intending to cause harm to the person, injurious acts of a sexual nature and acts against property involving violence or threat against a person",NR,Number,1998,17324
A,NO,Norway,ICCS02-04,"Acts causing harm or intending to cause harm to the person, injurious acts of a sexual nature and acts against property involving violence or threat against a person",NR,Number,1999,17645
A,NO,Norway,ICCS02-04,"Acts causing harm or intending to cause harm to the person, injurious acts of a sexual nature and acts against property involving violence or threat against a person",NR,Number,2000,19374
A,NO,Norway,ICCS02-04,"Acts causing harm or intending to cause harm to the person, injurious acts of a sexual nature and acts against property involving violence or threat against a person",NR,Number,2001,19217
A,NO,Norway,ICCS02-04,"Acts causing harm or intending to cause harm to the person, injurious acts of a sexual nature and acts against property involving violence or threat against a person",NR,Number,2002,20414
A,NO,Norway,ICCS02-04,"Acts causing harm or intending to cause harm to the person, injurious acts of a sexual nature and acts against property involving violence or threat against a person",NR,Number,2003,20039
A,NO,Norway,ICCS02-04,"Acts causing harm or intending to cause harm to the person, injurious acts of a sexual nature and acts against property involving violence or threat against a person",NR,Number,2004,21360
A,NO,Norway,ICCS02-04,"Acts causing harm or intending to cause harm to the person, injurious acts of a sexual nature and acts against property involving violence or threat against a person",NR,Number,2005,21381
A,NO,Norway,ICCS02-04,"Acts causing harm or intending to cause harm to the person, injurious acts of a sexual nature and acts against property involving violence or threat against a person",NR,Number,2006,22591
A,NO,Norway,ICCS02-04,"Acts causing harm or intending to cause harm to the person, injurious acts of a sexual nature and acts against property involving violence or threat against a person",NR,Number,2007,23205
A,NO,Norway,ICCS0401,Robbery,NR,Number,1993,976
A,NO,Norway,ICCS0401,Robbery,NR,Number,1994,951
A,NO,Norway,ICCS0401,Robbery,NR,Number,1995,891
A,NO,Norway,ICCS0401,Robbery,NR,Number,1996,947
A,NO,Norway,ICCS0401,Robbery,NR,Number,1997,989
A,NO,Norway,ICCS0401,Robbery,NR,Number,1998,1240
A,NO,Norway,ICCS0401,Robbery,NR,Number,1999,1558
A,NO,Norway,ICCS0401,Robbery,NR,Number,2000,1635
A,NO,Norway,ICCS0401,Robbery,NR,Number,2001,1392
A,NO,Norway,ICCS0401,Robbery,NR,Number,2002,1548
A,NO,Norway,ICCS0401,Robbery,NR,Number,2003,1437
A,NO,Norway,ICCS0401,Robbery,NR,Number,2004,1596
A,NO,Norway,ICCS0401,Robbery,NR,Number,2005,1448
A,NO,Norway,ICCS0401,Robbery,NR,Number,2006,1388
A,NO,Norway,ICCS0401,Robbery,NR,Number,2007,1464
A,NO,Norway,ICCS05012,Burglary of private residential premises,NR,Number,1993,18663
A,NO,Norway,ICCS05012,Burglary of private residential premises,NR,Number,1994,17329
A,NO,Norway,ICCS05012,Burglary of private residential premises,NR,Number,1995,18382
A,NO,Norway,ICCS05012,Burglary of private residential premises,NR,Number,1996,18054
A,NO,Norway,ICCS05012,Burglary of private residential premises,NR,Number,1997,15976
A,NO,Norway,ICCS05012,Burglary of private residential premises,NR,Number,1998,14128
A,NO,Norway,ICCS05012,Burglary of private residential premises,NR,Number,1999,11821
A,NO,Norway,ICCS05012,Burglary of private residential premises,NR,Number,2000,10402
A,NO,Norway,ICCS05012,Burglary of private residential premises,NR,Number,2001,9641
A,NO,Norway,ICCS05012,Burglary of private residential premises,NR,Number,2002,10482
A,NO,Norway,ICCS05012,Burglary of private residential premises,NR,Number,2003,10475
A,NO,Norway,ICCS05012,Burglary of private residential premises,NR,Number,2004,8613
A,NO,Norway,ICCS05012,Burglary of private residential premises,NR,Number,2005,8136
A,NO,Norway,ICCS05012,Burglary of private residential premises,NR,Number,2006,7268
A,NO,Norway,ICCS05012,Burglary of private residential premises,NR,Number,2007,6777
A,NO,Norway,ICCS050211,Theft of a motorized land vehicle,NR,Number,1993,19746
A,NO,Norway,ICCS050211,Theft of a motorized land vehicle,NR,Number,1994,19436
A,NO,Norway,ICCS050211,Theft of a motorized land vehicle,NR,Number,1995,20817
A,NO,Norway,ICCS050211,Theft of a motorized land vehicle,NR,Number,1996,19703
A,NO,Norway,ICCS050211,Theft of a motorized land vehicle,NR,Number,1997,18432
A,NO,Norway,ICCS050211,Theft of a motorized land vehicle,NR,Number,1998,19781
A,NO,Norway,ICCS050211,Theft of a motorized land vehicle,NR,Number,1999,19068
A,NO,Norway,ICCS050211,Theft of a motorized land vehicle,NR,Number,2000,21285
A,NO,Norway,ICCS050211,Theft of a motorized land vehicle,NR,Number,2001,18833
A,NO,Norway,ICCS050211,Theft of a motorized land vehicle,NR,Number,2002,22595
A,NO,Norway,ICCS050211,Theft of a motorized land vehicle,NR,Number,2003,20130
A,NO,Norway,ICCS050211,Theft of a motorized land vehicle,NR,Number,2004,17867
A,NO,Norway,ICCS050211,Theft of a motorized land vehicle,NR,Number,2005,15350
A,NO,Norway,ICCS050211,Theft of a motorized land vehicle,NR,Number,2006,14619
A,NO,Norway,ICCS050211,Theft of a motorized land vehicle,NR,Number,2007,12571
A,NO,Norway,ICCS0601,Unlawful acts involving controlled drugs or precursors,NR,Number,1993,6777
A,NO,Norway,ICCS0601,Unlawful acts involving controlled drugs or precursors,NR,Number,1994,7240
A,NO,Norway,ICCS0601,Unlawful acts involving controlled drugs or precursors,NR,Number,1995,10793
A,NO,Norway,ICCS0601,Unlawful acts involving controlled drugs or precursors,NR,Number,1996,12316
A,NO,Norway,ICCS0601,Unlawful acts involving controlled drugs or precursors,NR,Number,1997,14455
A,NO,Norway,ICCS0601,Unlawful acts involving controlled drugs or precursors,NR,Number,1998,15420
A,NO,Norway,ICCS0601,Unlawful acts involving controlled drugs or precursors,NR,Number,1999,16059
A,NO,Norway,ICCS0601,Unlawful acts involving controlled drugs or precursors,NR,Number,2000,17579
A,NO,Norway,ICCS0601,Unlawful acts involving controlled drugs or precursors,NR,Number,2001,19945
A,NO,Norway,ICCS0601,Unlawful acts involving controlled drugs or precursors,NR,Number,2002,19294
A,NO,Norway,ICCS0601,Unlawful acts involving controlled drugs or precursors,NR,Number,2003,16152
A,NO,Norway,ICCS0601,Unlawful acts involving controlled drugs or precursors,NR,Number,2004,16814
A,NO,Norway,ICCS0601,Unlawful acts involving controlled drugs or precursors,NR,Number,2005,17118
A,NO,Norway,ICCS0601,Unlawful acts involving controlled drugs or precursors,NR,Number,2006,19156
A,NO,Norway,ICCS0601,Unlawful acts involving controlled drugs or precursors,NR,Number,2007,19086
A,NO,Norway,TOTAL,Total,NR,Number,1993,230180
A,NO,Norway,TOTAL,Total,NR,Number,1994,234941
A,NO,Norway,TOTAL,Total,NR,Number,1995,267925
A,NO,Norway,TOTAL,Total,NR,Number,1996,271205
A,NO,Norway,TOTAL,Total,NR,Number,1997,284695
A,NO,Norway,TOTAL,Total,NR,Number,1998,293799
A,NO,Norway,TOTAL,Total,NR,Number,1999,291924
A,NO,Norway,TOTAL,Total,NR,Number,2000,306526
A,NO,Norway,TOTAL,Total,NR,Number,2001,299714
A,NO,Norway,TOTAL,Total,NR,Number,2002,319523
A,NO,Norway,TOTAL,Total,NR,Number,2003,303824
A,NO,Norway,TOTAL,Total,NR,Number,2004,287821
A,NO,Norway,TOTAL,Total,NR,Number,2005,275684
A,NO,Norway,TOTAL,Total,NR,Number,2006,277016
A,NO,Norway,TOTAL,Total,NR,Number,2007,271712
A,PL,Poland,ICCS0101,Intentional homicide,NR,Number,1993,898
A,PL,Poland,ICCS0101,Intentional homicide,NR,Number,1994,915
A,PL,Poland,ICCS0101,Intentional homicide,NR,Number,1995,854
A,PL,Poland,ICCS0101,Intentional homicide,NR,Number,1996,873
A,PL,Poland,ICCS0101,Intentional homicide,NR,Number,1997,807
A,PL,Poland,ICCS0101,Intentional homicide,NR,Number,1998,759
A,PL,Poland,ICCS0101,Intentional homicide,NR,Number,1999,741
A,PL,Poland,ICCS0101,Intentional homicide,NR,Number,2000,855
A,PL,Poland,ICCS0101,Intentional homicide,NR,Number,2001,776
A,PL,Poland,ICCS0101,Intentional homicide,NR,Number,2002,716
A,PL,Poland,ICCS0101,Intentional homicide,NR,Number,2003,663
A,PL,Poland,ICCS0101,Intentional homicide,NR,Number,2004,633
A,PL,Poland,ICCS0101,Intentional homicide,NR,Number,2005,555
A,PL,Poland,ICCS0101,Intentional homicide,NR,Number,2006,490
A,PL,Poland,ICCS0101,Intentional homicide,NR,Number,2007,525
A,PL,Poland,ICCS02-04,"Acts causing harm or intending to cause harm to the person, injurious acts of a sexual nature and acts against property involving violence or threat against a person",NR,Number,1993,44544
A,PL,Poland,ICCS02-04,"Acts causing harm or intending to cause harm to the person, injurious acts of a sexual nature and acts against property involving violence or threat against a person",NR,Number,1994,50080
A,PL,Poland,ICCS02-04,"Acts causing harm or intending to cause harm to the person, injurious acts of a sexual nature and acts against property involving violence or threat against a person",NR,Number,1995,53197
A,PL,Poland,ICCS02-04,"Acts causing harm or intending to cause harm to the person, injurious acts of a sexual nature and acts against property involving violence or threat against a person",NR,Number,1996,54481
A,PL,Poland,ICCS02-04,"Acts causing harm or intending to cause harm to the person, injurious acts of a sexual nature and acts against property involving violence or threat against a person",NR,Number,1997,60895
A,PL,Poland,ICCS02-04,"Acts causing harm or intending to cause harm to the person, injurious acts of a sexual nature and acts against property involving violence or threat against a person",NR,Number,1998,62461
A,PL,Poland,ICCS02-04,"Acts causing harm or intending to cause harm to the person, injurious acts of a sexual nature and acts against property involving violence or threat against a person",NR,Number,1999,70310
A,PL,Poland,ICCS02-04,"Acts causing harm or intending to cause harm to the person, injurious acts of a sexual nature and acts against property involving violence or threat against a person",NR,Number,2000,79763
A,PL,Poland,ICCS02-04,"Acts causing harm or intending to cause harm to the person, injurious acts of a sexual nature and acts against property involving violence or threat against a person",NR,Number,2001,76235
A,PL,Poland,ICCS02-04,"Acts causing harm or intending to cause harm to the person, injurious acts of a sexual nature and acts against property involving violence or threat against a person",NR,Number,2002,74875
A,PL,Poland,ICCS02-04,"Acts causing harm or intending to cause harm to the person, injurious acts of a sexual nature and acts against property involving violence or threat against a person",NR,Number,2003,77152
A,PL,Poland,ICCS02-04,"Acts causing harm or intending to cause harm to the person, injurious acts of a sexual nature and acts against property involving violence or threat against a person",NR,Number,2004,74614
A,PL,Poland,ICCS02-04,"Acts causing harm or intending to cause harm to the person, injurious acts of a sexual nature and acts against property involving violence or threat against a person",NR,Number,2005,68141
A,PL,Poland,ICCS02-04,"Acts causing harm or intending to cause harm to the person, injurious acts of a sexual nature and acts against property involving violence or threat against a person",NR,Number,2006,61399
A,PL,Poland,ICCS02-04,"Acts causing harm or intending to cause harm to the person, injurious acts of a sexual nature and acts against property involving violence or threat against a person",NR,Number,2007,54629
A,PL,Poland,ICCS0401,Robbery,NR,Number,1993,17475
A,PL,Poland,ICCS0401,Robbery,NR,Number,1994,19152
A,PL,Poland,ICCS0401,Robbery,NR,Number,1995,20252
A,PL,Poland,ICCS0401,Robbery,NR,Number,1996,20372
A,PL,Poland,ICCS0401,Robbery,NR,Number,1997,23988
A,PL,Poland,ICCS0401,Robbery,NR,Number,1998,26647
A,PL,Poland,ICCS0401,Robbery,NR,Number,1999,36597
A,PL,Poland,ICCS0401,Robbery,NR,Number,2000,43255
A,PL,Poland,ICCS0401,Robbery,NR,Number,2001,41208
A,PL,Poland,ICCS0401,Robbery,NR,Number,2002,40345
A,PL,Poland,ICCS0401,Robbery,NR,Number,2003,44086
A,PL,Poland,ICCS0401,Robbery,NR,Number,2004,41287
A,PL,Poland,ICCS0401,Robbery,NR,Number,2005,36347
A,PL,Poland,ICCS0401,Robbery,NR,Number,2006,29472
A,PL,Poland,ICCS0401,Robbery,NR,Number,2007,22766
A,PL,Poland,ICCS05012,Burglary of private residential premises,NR,Number,1994,57120
A,PL,Poland,ICCS05012,Burglary of private residential premises,NR,Number,1995,62011
A,PL,Poland,ICCS05012,Burglary of private residential premises,NR,Number,1996,65985
A,PL,Poland,ICCS05012,Burglary of private residential premises,NR,Number,1997,70187
A,PL,Poland,ICCS05012,Burglary of private residential premises,NR,Number,1998,74137
A,PL,Poland,ICCS05012,Burglary of private residential premises,NR,Number,1999,74326
A,PL,Poland,ICCS05012,Burglary of private residential premises,NR,Number,2000,77397
A,PL,Poland,ICCS05012,Burglary of private residential premises,NR,Number,2001,72167
A,PL,Poland,ICCS05012,Burglary of private residential premises,NR,Number,2002,67290
A,PL,Poland,ICCS05012,Burglary of private residential premises,NR,Number,2003,65172
A,PL,Poland,ICCS05012,Burglary of private residential premises,NR,Number,2004,66795
A,PL,Poland,ICCS05012,Burglary of private residential premises,NR,Number,2005,59325
A,PL,Poland,ICCS05012,Burglary of private residential premises,NR,Number,2006,46610
A,PL,Poland,ICCS05012,Burglary of private residential premises,NR,Number,2007,37644
A,PL,Poland,ICCS050211,Theft of a motorized land vehicle,NR,Number,1993,29556
A,PL,Poland,ICCS050211,Theft of a motorized land vehicle,NR,Number,1994,42021
A,PL,Poland,ICCS050211,Theft of a motorized land vehicle,NR,Number,1995,50684
A,PL,Poland,ICCS050211,Theft of a motorized land vehicle,NR,Number,1996,47557
A,PL,Poland,ICCS050211,Theft of a motorized land vehicle,NR,Number,1997,53319
A,PL,Poland,ICCS050211,Theft of a motorized land vehicle,NR,Number,1998,61151
A,PL,Poland,ICCS050211,Theft of a motorized land vehicle,NR,Number,1999,71543
A,PL,Poland,ICCS050211,Theft of a motorized land vehicle,NR,Number,2000,68062
A,PL,Poland,ICCS050211,Theft of a motorized land vehicle,NR,Number,2001,59458
A,PL,Poland,ICCS050211,Theft of a motorized land vehicle,NR,Number,2002,53674
A,PL,Poland,ICCS050211,Theft of a motorized land vehicle,NR,Number,2003,54291
A,PL,Poland,ICCS050211,Theft of a motorized land vehicle,NR,Number,2004,51150
A,PL,Poland,ICCS050211,Theft of a motorized land vehicle,NR,Number,2005,45292
A,PL,Poland,ICCS050211,Theft of a motorized land vehicle,NR,Number,2006,30529
A,PL,Poland,ICCS050211,Theft of a motorized land vehicle,NR,Number,2007,21284
A,PL,Poland,ICCS0601,Unlawful acts involving controlled drugs or precursors,NR,Number,1993,228
A,PL,Poland,ICCS0601,Unlawful acts involving controlled drugs or precursors,NR,Number,1994,127
A,PL,Poland,ICCS0601,Unlawful acts involving controlled drugs or precursors,NR,Number,1995,284
A,PL,Poland,ICCS0601,Unlawful acts involving controlled drugs or precursors,NR,Number,1996,494
A,PL,Poland,ICCS0601,Unlawful acts involving controlled drugs or precursors,NR,Number,1997,1005
A,PL,Poland,ICCS0601,Unlawful acts involving controlled drugs or precursors,NR,Number,1998,2231
A,PL,Poland,ICCS0601,Unlawful acts involving controlled drugs or precursors,NR,Number,1999,2124
A,PL,Poland,ICCS0601,Unlawful acts involving controlled drugs or precursors,NR,Number,2000,1806
A,PL,Poland,ICCS0601,Unlawful acts involving controlled drugs or precursors,NR,Number,2001,2219
A,PL,Poland,ICCS0601,Unlawful acts involving controlled drugs or precursors,NR,Number,2002,2371
A,PL,Poland,ICCS0601,Unlawful acts involving controlled drugs or precursors,NR,Number,2003,2577
A,PL,Poland,ICCS0601,Unlawful acts involving controlled drugs or precursors,NR,Number,2004,3296
A,PL,Poland,ICCS0601,Unlawful acts involving controlled drugs or precursors,NR,Number,2005,3608
A,PL,Poland,ICCS0601,Unlawful acts involving controlled drugs or precursors,NR,Number,2006,3220
A,PL,Poland,ICCS0601,Unlawful acts involving controlled drugs or precursors,NR,Number,2007,3926
A,PL,Poland,TOTAL,Total,NR,Number,1993,852507
A,PL,Poland,TOTAL,Total,NR,Number,1994,906157
A,PL,Poland,TOTAL,Total,NR,Number,1995,974941
A,PL,Poland,TOTAL,Total,NR,Number,1996,897751
A,PL,Poland,TOTAL,Total,NR,Number,1997,992373
A,PL,Poland,TOTAL,Total,NR,Number,1998,1073042
A,PL,Poland,TOTAL,Total,NR,Number,1999,1121545
A,PL,Poland,TOTAL,Total,NR,Number,2000,1266910
A,PL,Poland,TOTAL,Total,NR,Number,2001,1390089
A,PL,Poland,TOTAL,Total,NR,Number,2002,1404229
A,PL,Poland,TOTAL,Total,NR,Number,2003,1466643
A,PL,Poland,TOTAL,Total,NR,Number,2004,1461217
A,PL,Poland,TOTAL,Total,NR,Number,2005,1379962
A,PL,Poland,TOTAL,Total,NR,Number,2006,1287918
A,PL,Poland,TOTAL,Total,NR,Number,2007,1152993
A,PT,Portugal,ICCS0101,Intentional homicide,NR,Number,1994,143
A,PT,Portugal,ICCS0101,Intentional homicide,NR,Number,1995,109
A,PT,Portugal,ICCS0101,Intentional homicide,NR,Number,1996,106
A,PT,Portugal,ICCS0101,Intentional homicide,NR,Number,1997,114
A,PT,Portugal,ICCS0101,Intentional homicide,NR,Number,1998,125
A,PT,Portugal,ICCS0101,Intentional homicide,NR,Number,1999,109
A,PT,Portugal,ICCS0101,Intentional homicide,NR,Number,2000,116
A,PT,Portugal,ICCS0101,Intentional homicide,NR,Number,2001,105
A,PT,Portugal,ICCS0101,Intentional homicide,NR,Number,2002,119
A,PT,Portugal,ICCS0101,Intentional homicide,NR,Number,2003,149
A,PT,Portugal,ICCS0101,Intentional homicide,NR,Number,2004,144
A,PT,Portugal,ICCS0101,Intentional homicide,NR,Number,2005,135
A,PT,Portugal,ICCS0101,Intentional homicide,NR,Number,2006,155
A,PT,Portugal,ICCS0101,Intentional homicide,NR,Number,2007,185
A,PT,Portugal,ICCS02-04,"Acts causing harm or intending to cause harm to the person, injurious acts of a sexual nature and acts against property involving violence or threat against a person",NR,Number,1994,17103
A,PT,Portugal,ICCS02-04,"Acts causing harm or intending to cause harm to the person, injurious acts of a sexual nature and acts against property involving violence or threat against a person",NR,Number,1995,17028
A,PT,Portugal,ICCS02-04,"Acts causing harm or intending to cause harm to the person, injurious acts of a sexual nature and acts against property involving violence or threat against a person",NR,Number,1996,15498
A,PT,Portugal,ICCS02-04,"Acts causing harm or intending to cause harm to the person, injurious acts of a sexual nature and acts against property involving violence or threat against a person",NR,Number,1997,16734
A,PT,Portugal,ICCS02-04,"Acts causing harm or intending to cause harm to the person, injurious acts of a sexual nature and acts against property involving violence or threat against a person",NR,Number,1998,15463
A,PT,Portugal,ICCS02-04,"Acts causing harm or intending to cause harm to the person, injurious acts of a sexual nature and acts against property involving violence or threat against a person",NR,Number,1999,18943
A,PT,Portugal,ICCS02-04,"Acts causing harm or intending to cause harm to the person, injurious acts of a sexual nature and acts against property involving violence or threat against a person",NR,Number,2000,19730
A,PT,Portugal,ICCS02-04,"Acts causing harm or intending to cause harm to the person, injurious acts of a sexual nature and acts against property involving violence or threat against a person",NR,Number,2001,21554
A,PT,Portugal,ICCS02-04,"Acts causing harm or intending to cause harm to the person, injurious acts of a sexual nature and acts against property involving violence or threat against a person",NR,Number,2002,22945
A,PT,Portugal,ICCS02-04,"Acts causing harm or intending to cause harm to the person, injurious acts of a sexual nature and acts against property involving violence or threat against a person",NR,Number,2003,23414
A,PT,Portugal,ICCS02-04,"Acts causing harm or intending to cause harm to the person, injurious acts of a sexual nature and acts against property involving violence or threat against a person",NR,Number,2004,24266
A,PT,Portugal,ICCS02-04,"Acts causing harm or intending to cause harm to the person, injurious acts of a sexual nature and acts against property involving violence or threat against a person",NR,Number,2005,23232
A,PT,Portugal,ICCS02-04,"Acts causing harm or intending to cause harm to the person, injurious acts of a sexual nature and acts against property involving violence or threat against a person",NR,Number,2006,24157
A,PT,Portugal,ICCS02-04,"Acts causing harm or intending to cause harm to the person, injurious acts of a sexual nature and acts against property involving violence or threat against a person",NR,Number,2007,21734
A,PT,Portugal,ICCS0401,Robbery,NR,Number,1993,11918
A,PT,Portugal,ICCS0401,Robbery,NR,Number,1994,14322
A,PT,Portugal,ICCS0401,Robbery,NR,Number,1995,14396
A,PT,Portugal,ICCS0401,Robbery,NR,Number,1996,12892
A,PT,Portugal,ICCS0401,Robbery,NR,Number,1997,13901
A,PT,Portugal,ICCS0401,Robbery,NR,Number,1998,12442
A,PT,Portugal,ICCS0401,Robbery,NR,Number,1999,16065
A,PT,Portugal,ICCS0401,Robbery,NR,Number,2000,17156
A,PT,Portugal,ICCS0401,Robbery,NR,Number,2001,18585
A,PT,Portugal,ICCS0401,Robbery,NR,Number,2002,19764
A,PT,Portugal,ICCS0401,Robbery,NR,Number,2003,19767
A,PT,Portugal,ICCS0401,Robbery,NR,Number,2004,21051
A,PT,Portugal,ICCS0401,Robbery,NR,Number,2005,20183
A,PT,Portugal,ICCS0401,Robbery,NR,Number,2006,20870
A,PT,Portugal,ICCS0401,Robbery,NR,Number,2007,18427
A,PT,Portugal,ICCS05012,Burglary of private residential premises,NR,Number,1993,19376
A,PT,Portugal,ICCS05012,Burglary of private residential premises,NR,Number,1994,23130
A,PT,Portugal,ICCS05012,Burglary of private residential premises,NR,Number,1995,21981
A,PT,Portugal,ICCS05012,Burglary of private residential premises,NR,Number,1996,22798
A,PT,Portugal,ICCS05012,Burglary of private residential premises,NR,Number,1997,24202
A,PT,Portugal,ICCS05012,Burglary of private residential premises,NR,Number,1998,21515
A,PT,Portugal,ICCS05012,Burglary of private residential premises,NR,Number,1999,22224
A,PT,Portugal,ICCS05012,Burglary of private residential premises,NR,Number,2000,21153
A,PT,Portugal,ICCS05012,Burglary of private residential premises,NR,Number,2001,20806
A,PT,Portugal,ICCS05012,Burglary of private residential premises,NR,Number,2002,19989
A,PT,Portugal,ICCS05012,Burglary of private residential premises,NR,Number,2003,21963
A,PT,Portugal,ICCS05012,Burglary of private residential premises,NR,Number,2004,22587
A,PT,Portugal,ICCS05012,Burglary of private residential premises,NR,Number,2005,21840
A,PT,Portugal,ICCS05012,Burglary of private residential premises,NR,Number,2006,23314
A,PT,Portugal,ICCS05012,Burglary of private residential premises,NR,Number,2007,22324
A,PT,Portugal,ICCS050211,Theft of a motorized land vehicle,NR,Number,1993,15542
A,PT,Portugal,ICCS050211,Theft of a motorized land vehicle,NR,Number,1994,18340
A,PT,Portugal,ICCS050211,Theft of a motorized land vehicle,NR,Number,1995,17360
A,PT,Portugal,ICCS050211,Theft of a motorized land vehicle,NR,Number,1996,19993
A,PT,Portugal,ICCS050211,Theft of a motorized land vehicle,NR,Number,1997,22792
A,PT,Portugal,ICCS050211,Theft of a motorized land vehicle,NR,Number,1998,26965
A,PT,Portugal,ICCS050211,Theft of a motorized land vehicle,NR,Number,1999,28163
A,PT,Portugal,ICCS050211,Theft of a motorized land vehicle,NR,Number,2000,26428
A,PT,Portugal,ICCS050211,Theft of a motorized land vehicle,NR,Number,2001,26162
A,PT,Portugal,ICCS050211,Theft of a motorized land vehicle,NR,Number,2002,30250
A,PT,Portugal,ICCS050211,Theft of a motorized land vehicle,NR,Number,2003,29934
A,PT,Portugal,ICCS050211,Theft of a motorized land vehicle,NR,Number,2004,29237
A,PT,Portugal,ICCS050211,Theft of a motorized land vehicle,NR,Number,2005,25716
A,PT,Portugal,ICCS050211,Theft of a motorized land vehicle,NR,Number,2006,24495
A,PT,Portugal,ICCS050211,Theft of a motorized land vehicle,NR,Number,2007,23957
A,PT,Portugal,ICCS0601,Unlawful acts involving controlled drugs or precursors,NR,Number,1994,4517
A,PT,Portugal,ICCS0601,Unlawful acts involving controlled drugs or precursors,NR,Number,1995,4512
A,PT,Portugal,ICCS0601,Unlawful acts involving controlled drugs or precursors,NR,Number,1996,3879
A,PT,Portugal,ICCS0601,Unlawful acts involving controlled drugs or precursors,NR,Number,1997,3390
A,PT,Portugal,ICCS0601,Unlawful acts involving controlled drugs or precursors,NR,Number,1998,3538
A,PT,Portugal,ICCS0601,Unlawful acts involving controlled drugs or precursors,NR,Number,1999,4091
A,PT,Portugal,ICCS0601,Unlawful acts involving controlled drugs or precursors,NR,Number,2000,3214
A,PT,Portugal,ICCS0601,Unlawful acts involving controlled drugs or precursors,NR,Number,2001,3853
A,PT,Portugal,ICCS0601,Unlawful acts involving controlled drugs or precursors,NR,Number,2002,4053
A,PT,Portugal,ICCS0601,Unlawful acts involving controlled drugs or precursors,NR,Number,2003,3739
A,PT,Portugal,ICCS0601,Unlawful acts involving controlled drugs or precursors,NR,Number,2004,3654
A,PT,Portugal,ICCS0601,Unlawful acts involving controlled drugs or precursors,NR,Number,2005,3536
A,PT,Portugal,ICCS0601,Unlawful acts involving controlled drugs or precursors,NR,Number,2006,3610
A,PT,Portugal,ICCS0601,Unlawful acts involving controlled drugs or precursors,NR,Number,2007,3265
A,PT,Portugal,TOTAL,Total,NR,Number,1993,307333
A,PT,Portugal,TOTAL,Total,NR,Number,1994,332228
A,PT,Portugal,TOTAL,Total,NR,Number,1995,326829
A,PT,Portugal,TOTAL,Total,NR,Number,1996,322255
A,PT,Portugal,TOTAL,Total,NR,Number,1997,321644
A,PT,Portugal,TOTAL,Total,NR,Number,1998,341122
A,PT,Portugal,TOTAL,Total,NR,Number,1999,362589
A,PT,Portugal,TOTAL,Total,NR,Number,2000,363294
A,PT,Portugal,TOTAL,Total,NR,Number,2001,372170
A,PT,Portugal,TOTAL,Total,NR,Number,2002,391599
A,PT,Portugal,TOTAL,Total,NR,Number,2003,417383
A,PT,Portugal,TOTAL,Total,NR,Number,2004,416420
A,PT,Portugal,TOTAL,Total,NR,Number,2005,392714
A,PT,Portugal,TOTAL,Total,NR,Number,2006,399563
A,PT,Portugal,TOTAL,Total,NR,Number,2007,398575
A,RO,Romania,ICCS0101,Intentional homicide,NR,Number,1993,722
A,RO,Romania,ICCS0101,Intentional homicide,NR,Number,1994,749
A,RO,Romania,ICCS0101,Intentional homicide,NR,Number,1995,758
A,RO,Romania,ICCS0101,Intentional homicide,NR,Number,1996,722
A,RO,Romania,ICCS0101,Intentional homicide,NR,Number,1997,693
A,RO,Romania,ICCS0101,Intentional homicide,NR,Number,1998,559
A,RO,Romania,ICCS0101,Intentional homicide,NR,Number,1999,566
A,RO,Romania,ICCS0101,Intentional homicide,NR,Number,2000,581
A,RO,Romania,ICCS0101,Intentional homicide,NR,Number,2001,597
A,RO,Romania,ICCS0101,Intentional homicide,NR,Number,2002,563
A,RO,Romania,ICCS0101,Intentional homicide,NR,Number,2003,551
A,RO,Romania,ICCS0101,Intentional homicide,NR,Number,2004,516
A,RO,Romania,ICCS0101,Intentional homicide,NR,Number,2005,453
A,RO,Romania,ICCS0101,Intentional homicide,NR,Number,2006,438
A,RO,Romania,ICCS0101,Intentional homicide,NR,Number,2007,416
A,RO,Romania,ICCS02-04,"Acts causing harm or intending to cause harm to the person, injurious acts of a sexual nature and acts against property involving violence or threat against a person",NR,Number,1993,9515
A,RO,Romania,ICCS02-04,"Acts causing harm or intending to cause harm to the person, injurious acts of a sexual nature and acts against property involving violence or threat against a person",NR,Number,1994,8930
A,RO,Romania,ICCS02-04,"Acts causing harm or intending to cause harm to the person, injurious acts of a sexual nature and acts against property involving violence or threat against a person",NR,Number,1995,9212
A,RO,Romania,ICCS02-04,"Acts causing harm or intending to cause harm to the person, injurious acts of a sexual nature and acts against property involving violence or threat against a person",NR,Number,1996,8720
A,RO,Romania,ICCS02-04,"Acts causing harm or intending to cause harm to the person, injurious acts of a sexual nature and acts against property involving violence or threat against a person",NR,Number,1997,8966
A,RO,Romania,ICCS02-04,"Acts causing harm or intending to cause harm to the person, injurious acts of a sexual nature and acts against property involving violence or threat against a person",NR,Number,1998,7846
A,RO,Romania,ICCS02-04,"Acts causing harm or intending to cause harm to the person, injurious acts of a sexual nature and acts against property involving violence or threat against a person",NR,Number,1999,7840
A,RO,Romania,ICCS02-04,"Acts causing harm or intending to cause harm to the person, injurious acts of a sexual nature and acts against property involving violence or threat against a person",NR,Number,2000,7703
A,RO,Romania,ICCS02-04,"Acts causing harm or intending to cause harm to the person, injurious acts of a sexual nature and acts against property involving violence or threat against a person",NR,Number,2001,7943
A,RO,Romania,ICCS02-04,"Acts causing harm or intending to cause harm to the person, injurious acts of a sexual nature and acts against property involving violence or threat against a person",NR,Number,2002,7130
A,RO,Romania,ICCS02-04,"Acts causing harm or intending to cause harm to the person, injurious acts of a sexual nature and acts against property involving violence or threat against a person",NR,Number,2003,6281
A,RO,Romania,ICCS02-04,"Acts causing harm or intending to cause harm to the person, injurious acts of a sexual nature and acts against property involving violence or threat against a person",NR,Number,2004,6388
A,RO,Romania,ICCS02-04,"Acts causing harm or intending to cause harm to the person, injurious acts of a sexual nature and acts against property involving violence or threat against a person",NR,Number,2005,6469
A,RO,Romania,ICCS02-04,"Acts causing harm or intending to cause harm to the person, injurious acts of a sexual nature and acts against property involving violence or threat against a person",NR,Number,2006,7240
A,RO,Romania,ICCS02-04,"Acts causing harm or intending to cause harm to the person, injurious acts of a sexual nature and acts against property involving violence or threat against a person",NR,Number,2007,5580
A,RO,Romania,ICCS0401,Robbery,NR,Number,1993,4647
A,RO,Romania,ICCS0401,Robbery,NR,Number,1994,4161
A,RO,Romania,ICCS0401,Robbery,NR,Number,1995,4154
A,RO,Romania,ICCS0401,Robbery,NR,Number,1996,3866
A,RO,Romania,ICCS0401,Robbery,NR,Number,1997,4010
A,RO,Romania,ICCS0401,Robbery,NR,Number,1998,3548
A,RO,Romania,ICCS0401,Robbery,NR,Number,1999,3336
A,RO,Romania,ICCS0401,Robbery,NR,Number,2000,3280
A,RO,Romania,ICCS0401,Robbery,NR,Number,2001,3467
A,RO,Romania,ICCS0401,Robbery,NR,Number,2002,3025
A,RO,Romania,ICCS0401,Robbery,NR,Number,2003,2782
A,RO,Romania,ICCS0401,Robbery,NR,Number,2004,3087
A,RO,Romania,ICCS0401,Robbery,NR,Number,2005,3326
A,RO,Romania,ICCS0401,Robbery,NR,Number,2006,4078
A,RO,Romania,ICCS0401,Robbery,NR,Number,2007,2496
A,RO,Romania,ICCS05012,Burglary of private residential premises,NR,Number,1993,15411
A,RO,Romania,ICCS05012,Burglary of private residential premises,NR,Number,1994,17842
A,RO,Romania,ICCS05012,Burglary of private residential premises,NR,Number,1995,31163
A,RO,Romania,ICCS05012,Burglary of private residential premises,NR,Number,1996,29024
A,RO,Romania,ICCS05012,Burglary of private residential premises,NR,Number,1997,31311
A,RO,Romania,ICCS05012,Burglary of private residential premises,NR,Number,1998,29404
A,RO,Romania,ICCS05012,Burglary of private residential premises,NR,Number,1999,21287
A,RO,Romania,ICCS05012,Burglary of private residential premises,NR,Number,2000,19024
A,RO,Romania,ICCS05012,Burglary of private residential premises,NR,Number,2001,17551
A,RO,Romania,ICCS05012,Burglary of private residential premises,NR,Number,2002,12001
A,RO,Romania,ICCS05012,Burglary of private residential premises,NR,Number,2003,10063
A,RO,Romania,ICCS05012,Burglary of private residential premises,NR,Number,2004,10002
A,RO,Romania,ICCS05012,Burglary of private residential premises,NR,Number,2005,9135
A,RO,Romania,ICCS05012,Burglary of private residential premises,NR,Number,2006,9165
A,RO,Romania,ICCS05012,Burglary of private residential premises,NR,Number,2007,10829
A,RO,Romania,ICCS050211,Theft of a motorized land vehicle,NR,Number,1993,2078
A,RO,Romania,ICCS050211,Theft of a motorized land vehicle,NR,Number,1994,2362
A,RO,Romania,ICCS050211,Theft of a motorized land vehicle,NR,Number,1995,2687
A,RO,Romania,ICCS050211,Theft of a motorized land vehicle,NR,Number,1996,1800
A,RO,Romania,ICCS050211,Theft of a motorized land vehicle,NR,Number,1997,2110
A,RO,Romania,ICCS050211,Theft of a motorized land vehicle,NR,Number,1998,2284
A,RO,Romania,ICCS050211,Theft of a motorized land vehicle,NR,Number,1999,2331
A,RO,Romania,ICCS050211,Theft of a motorized land vehicle,NR,Number,2000,2149
A,RO,Romania,ICCS050211,Theft of a motorized land vehicle,NR,Number,2001,1952
A,RO,Romania,ICCS050211,Theft of a motorized land vehicle,NR,Number,2002,1297
A,RO,Romania,ICCS050211,Theft of a motorized land vehicle,NR,Number,2003,1127
A,RO,Romania,ICCS050211,Theft of a motorized land vehicle,NR,Number,2004,1120
A,RO,Romania,ICCS050211,Theft of a motorized land vehicle,NR,Number,2005,1082
A,RO,Romania,ICCS050211,Theft of a motorized land vehicle,NR,Number,2006,1266
A,RO,Romania,ICCS050211,Theft of a motorized land vehicle,NR,Number,2007,1817
A,RO,Romania,ICCS0601,Unlawful acts involving controlled drugs or precursors,NR,Number,1995,368
A,RO,Romania,ICCS0601,Unlawful acts involving controlled drugs or precursors,NR,Number,1996,597
A,RO,Romania,ICCS0601,Unlawful acts involving controlled drugs or precursors,NR,Number,1997,803
A,RO,Romania,ICCS0601,Unlawful acts involving controlled drugs or precursors,NR,Number,1998,620
A,RO,Romania,ICCS0601,Unlawful acts involving controlled drugs or precursors,NR,Number,1999,653
A,RO,Romania,ICCS0601,Unlawful acts involving controlled drugs or precursors,NR,Number,2000,561
A,RO,Romania,ICCS0601,Unlawful acts involving controlled drugs or precursors,NR,Number,2001,658
A,RO,Romania,ICCS0601,Unlawful acts involving controlled drugs or precursors,NR,Number,2002,1074
A,RO,Romania,ICCS0601,Unlawful acts involving controlled drugs or precursors,NR,Number,2003,1131
A,RO,Romania,ICCS0601,Unlawful acts involving controlled drugs or precursors,NR,Number,2004,1775
A,RO,Romania,ICCS0601,Unlawful acts involving controlled drugs or precursors,NR,Number,2005,2441
A,RO,Romania,ICCS0601,Unlawful acts involving controlled drugs or precursors,NR,Number,2006,3079
A,RO,Romania,ICCS0601,Unlawful acts involving controlled drugs or precursors,NR,Number,2007,2796
A,RO,Romania,TOTAL,Total,NR,Number,1993,219487
A,RO,Romania,TOTAL,Total,NR,Number,1994,237004
A,RO,Romania,TOTAL,Total,NR,Number,1995,297046
A,RO,Romania,TOTAL,Total,NR,Number,1996,321651
A,RO,Romania,TOTAL,Total,NR,Number,1997,361061
A,RO,Romania,TOTAL,Total,NR,Number,1998,399105
A,RO,Romania,TOTAL,Total,NR,Number,1999,363690
A,RO,Romania,TOTAL,Total,NR,Number,2000,353745
A,RO,Romania,TOTAL,Total,NR,Number,2001,340414
A,RO,Romania,TOTAL,Total,NR,Number,2002,312204
A,RO,Romania,TOTAL,Total,NR,Number,2003,276841
A,RO,Romania,TOTAL,Total,NR,Number,2004,231637
A,RO,Romania,TOTAL,Total,NR,Number,2005,208239
A,RO,Romania,TOTAL,Total,NR,Number,2006,232659
A,RO,Romania,TOTAL,Total,NR,Number,2007,281457
A,RS,Serbia,ICCS0101,Intentional homicide,NR,Number,2000,228
A,RS,Serbia,ICCS0101,Intentional homicide,NR,Number,2001,243
A,RS,Serbia,ICCS0101,Intentional homicide,NR,Number,2002,200
A,RS,Serbia,ICCS0101,Intentional homicide,NR,Number,2003,176
A,RS,Serbia,ICCS0101,Intentional homicide,NR,Number,2004,164
A,RS,Serbia,ICCS0101,Intentional homicide,NR,Number,2005,157
A,RS,Serbia,ICCS0101,Intentional homicide,NR,Number,2006,160
A,RS,Serbia,ICCS0101,Intentional homicide,NR,Number,2007,182
A,RS,Serbia,ICCS02-04,"Acts causing harm or intending to cause harm to the person, injurious acts of a sexual nature and acts against property involving violence or threat against a person",NR,Number,2000,36104
A,RS,Serbia,ICCS02-04,"Acts causing harm or intending to cause harm to the person, injurious acts of a sexual nature and acts against property involving violence or threat against a person",NR,Number,2001,43569
A,RS,Serbia,ICCS02-04,"Acts causing harm or intending to cause harm to the person, injurious acts of a sexual nature and acts against property involving violence or threat against a person",NR,Number,2002,31400
A,RS,Serbia,ICCS02-04,"Acts causing harm or intending to cause harm to the person, injurious acts of a sexual nature and acts against property involving violence or threat against a person",NR,Number,2003,25513
A,RS,Serbia,ICCS02-04,"Acts causing harm or intending to cause harm to the person, injurious acts of a sexual nature and acts against property involving violence or threat against a person",NR,Number,2004,27950
A,RS,Serbia,ICCS02-04,"Acts causing harm or intending to cause harm to the person, injurious acts of a sexual nature and acts against property involving violence or threat against a person",NR,Number,2005,29068
A,RS,Serbia,ICCS02-04,"Acts causing harm or intending to cause harm to the person, injurious acts of a sexual nature and acts against property involving violence or threat against a person",NR,Number,2006,28864
A,RS,Serbia,ICCS02-04,"Acts causing harm or intending to cause harm to the person, injurious acts of a sexual nature and acts against property involving violence or threat against a person",NR,Number,2007,29316
A,RS,Serbia,ICCS0401,Robbery,NR,Number,2000,32511
A,RS,Serbia,ICCS0401,Robbery,NR,Number,2001,39627
A,RS,Serbia,ICCS0401,Robbery,NR,Number,2002,27333
A,RS,Serbia,ICCS0401,Robbery,NR,Number,2003,21126
A,RS,Serbia,ICCS0401,Robbery,NR,Number,2004,22893
A,RS,Serbia,ICCS0401,Robbery,NR,Number,2005,23854
A,RS,Serbia,ICCS0401,Robbery,NR,Number,2006,23785
A,RS,Serbia,ICCS0401,Robbery,NR,Number,2007,24272
A,RS,Serbia,ICCS05012,Burglary of private residential premises,NR,Number,2000,9685
A,RS,Serbia,ICCS05012,Burglary of private residential premises,NR,Number,2001,11906
A,RS,Serbia,ICCS05012,Burglary of private residential premises,NR,Number,2002,9084
A,RS,Serbia,ICCS05012,Burglary of private residential premises,NR,Number,2003,6890
A,RS,Serbia,ICCS05012,Burglary of private residential premises,NR,Number,2004,7611
A,RS,Serbia,ICCS05012,Burglary of private residential premises,NR,Number,2005,7738
A,RS,Serbia,ICCS05012,Burglary of private residential premises,NR,Number,2006,6224
A,RS,Serbia,ICCS05012,Burglary of private residential premises,NR,Number,2007,6184
A,RS,Serbia,ICCS050211,Theft of a motorized land vehicle,NR,Number,2000,5889
A,RS,Serbia,ICCS050211,Theft of a motorized land vehicle,NR,Number,2001,6796
A,RS,Serbia,ICCS050211,Theft of a motorized land vehicle,NR,Number,2002,4600
A,RS,Serbia,ICCS050211,Theft of a motorized land vehicle,NR,Number,2003,3056
A,RS,Serbia,ICCS050211,Theft of a motorized land vehicle,NR,Number,2004,3572
A,RS,Serbia,ICCS050211,Theft of a motorized land vehicle,NR,Number,2005,3472
A,RS,Serbia,ICCS050211,Theft of a motorized land vehicle,NR,Number,2006,3533
A,RS,Serbia,ICCS050211,Theft of a motorized land vehicle,NR,Number,2007,4075
A,RS,Serbia,ICCS0601,Unlawful acts involving controlled drugs or precursors,NR,Number,2000,885
A,RS,Serbia,ICCS0601,Unlawful acts involving controlled drugs or precursors,NR,Number,2001,1082
A,RS,Serbia,ICCS0601,Unlawful acts involving controlled drugs or precursors,NR,Number,2002,1077
A,RS,Serbia,ICCS0601,Unlawful acts involving controlled drugs or precursors,NR,Number,2003,2492
A,RS,Serbia,ICCS0601,Unlawful acts involving controlled drugs or precursors,NR,Number,2004,4116
A,RS,Serbia,ICCS0601,Unlawful acts involving controlled drugs or precursors,NR,Number,2005,5256
A,RS,Serbia,ICCS0601,Unlawful acts involving controlled drugs or precursors,NR,Number,2006,5505
A,RS,Serbia,ICCS0601,Unlawful acts involving controlled drugs or precursors,NR,Number,2007,5414
A,RS,Serbia,TOTAL,Total,NR,Number,2000,106020
A,RS,Serbia,TOTAL,Total,NR,Number,2001,121672
A,RS,Serbia,TOTAL,Total,NR,Number,2002,95638
A,RS,Serbia,TOTAL,Total,NR,Number,2003,90419
A,RS,Serbia,TOTAL,Total,NR,Number,2004,99866
A,RS,Serbia,TOTAL,Total,NR,Number,2005,102093
A,RS,Serbia,TOTAL,Total,NR,Number,2006,99244
A,RS,Serbia,TOTAL,Total,NR,Number,2007,104862
A,SE,Sweden,ICCS0101,Intentional homicide,NR,Number,1993,102
A,SE,Sweden,ICCS0101,Intentional homicide,NR,Number,1994,98
A,SE,Sweden,ICCS0101,Intentional homicide,NR,Number,1995,83
A,SE,Sweden,ICCS0101,Intentional homicide,NR,Number,1996,97
A,SE,Sweden,ICCS0101,Intentional homicide,NR,Number,1997,91
A,SE,Sweden,ICCS0101,Intentional homicide,NR,Number,1998,93
A,SE,Sweden,ICCS0101,Intentional homicide,NR,Number,1999,99
A,SE,Sweden,ICCS0101,Intentional homicide,NR,Number,2000,89
A,SE,Sweden,ICCS0101,Intentional homicide,NR,Number,2001,84
A,SE,Sweden,ICCS0101,Intentional homicide,NR,Number,2002,101
A,SE,Sweden,ICCS0101,Intentional homicide,NR,Number,2003,81
A,SE,Sweden,ICCS0101,Intentional homicide,NR,Number,2004,102
A,SE,Sweden,ICCS0101,Intentional homicide,NR,Number,2005,83
A,SE,Sweden,ICCS0101,Intentional homicide,NR,Number,2006,91
A,SE,Sweden,ICCS0101,Intentional homicide,NR,Number,2007,111
A,SE,Sweden,ICCS02-04,"Acts causing harm or intending to cause harm to the person, injurious acts of a sexual nature and acts against property involving violence or threat against a person",NR,Number,1993,63788
A,SE,Sweden,ICCS02-04,"Acts causing harm or intending to cause harm to the person, injurious acts of a sexual nature and acts against property involving violence or threat against a person",NR,Number,1994,65236
A,SE,Sweden,ICCS02-04,"Acts causing harm or intending to cause harm to the person, injurious acts of a sexual nature and acts against property involving violence or threat against a person",NR,Number,1995,66311
A,SE,Sweden,ICCS02-04,"Acts causing harm or intending to cause harm to the person, injurious acts of a sexual nature and acts against property involving violence or threat against a person",NR,Number,1996,65829
A,SE,Sweden,ICCS02-04,"Acts causing harm or intending to cause harm to the person, injurious acts of a sexual nature and acts against property involving violence or threat against a person",NR,Number,1997,68349
A,SE,Sweden,ICCS02-04,"Acts causing harm or intending to cause harm to the person, injurious acts of a sexual nature and acts against property involving violence or threat against a person",NR,Number,1998,70952
A,SE,Sweden,ICCS02-04,"Acts causing harm or intending to cause harm to the person, injurious acts of a sexual nature and acts against property involving violence or threat against a person",NR,Number,1999,76746
A,SE,Sweden,ICCS02-04,"Acts causing harm or intending to cause harm to the person, injurious acts of a sexual nature and acts against property involving violence or threat against a person",NR,Number,2000,75874
A,SE,Sweden,ICCS02-04,"Acts causing harm or intending to cause harm to the person, injurious acts of a sexual nature and acts against property involving violence or threat against a person",NR,Number,2001,78407
A,SE,Sweden,ICCS02-04,"Acts causing harm or intending to cause harm to the person, injurious acts of a sexual nature and acts against property involving violence or threat against a person",NR,Number,2002,79455
A,SE,Sweden,ICCS02-04,"Acts causing harm or intending to cause harm to the person, injurious acts of a sexual nature and acts against property involving violence or threat against a person",NR,Number,2003,83782
A,SE,Sweden,ICCS02-04,"Acts causing harm or intending to cause harm to the person, injurious acts of a sexual nature and acts against property involving violence or threat against a person",NR,Number,2004,86107
A,SE,Sweden,ICCS02-04,"Acts causing harm or intending to cause harm to the person, injurious acts of a sexual nature and acts against property involving violence or threat against a person",NR,Number,2005,94205
A,SE,Sweden,ICCS02-04,"Acts causing harm or intending to cause harm to the person, injurious acts of a sexual nature and acts against property involving violence or threat against a person",NR,Number,2006,98154
A,SE,Sweden,ICCS02-04,"Acts causing harm or intending to cause harm to the person, injurious acts of a sexual nature and acts against property involving violence or threat against a person",NR,Number,2007,104627
A,SE,Sweden,ICCS0401,Robbery,NR,Number,1993,6101
A,SE,Sweden,ICCS0401,Robbery,NR,Number,1994,5331
A,SE,Sweden,ICCS0401,Robbery,NR,Number,1995,5747
A,SE,Sweden,ICCS0401,Robbery,NR,Number,1996,5821
A,SE,Sweden,ICCS0401,Robbery,NR,Number,1997,6641
A,SE,Sweden,ICCS0401,Robbery,NR,Number,1998,6713
A,SE,Sweden,ICCS0401,Robbery,NR,Number,1999,8628
A,SE,Sweden,ICCS0401,Robbery,NR,Number,2000,8999
A,SE,Sweden,ICCS0401,Robbery,NR,Number,2001,8538
A,SE,Sweden,ICCS0401,Robbery,NR,Number,2002,8974
A,SE,Sweden,ICCS0401,Robbery,NR,Number,2003,8575
A,SE,Sweden,ICCS0401,Robbery,NR,Number,2004,8590
A,SE,Sweden,ICCS0401,Robbery,NR,Number,2005,9398
A,SE,Sweden,ICCS0401,Robbery,NR,Number,2006,8584
A,SE,Sweden,ICCS0401,Robbery,NR,Number,2007,8673
A,SE,Sweden,ICCS05012,Burglary of private residential premises,NR,Number,1993,20237
A,SE,Sweden,ICCS05012,Burglary of private residential premises,NR,Number,1994,17670
A,SE,Sweden,ICCS05012,Burglary of private residential premises,NR,Number,1995,16701
A,SE,Sweden,ICCS05012,Burglary of private residential premises,NR,Number,1996,16835
A,SE,Sweden,ICCS05012,Burglary of private residential premises,NR,Number,1997,18359
A,SE,Sweden,ICCS05012,Burglary of private residential premises,NR,Number,1998,17536
A,SE,Sweden,ICCS05012,Burglary of private residential premises,NR,Number,1999,16834
A,SE,Sweden,ICCS05012,Burglary of private residential premises,NR,Number,2000,17581
A,SE,Sweden,ICCS05012,Burglary of private residential premises,NR,Number,2001,15169
A,SE,Sweden,ICCS05012,Burglary of private residential premises,NR,Number,2002,16562
A,SE,Sweden,ICCS05012,Burglary of private residential premises,NR,Number,2003,17344
A,SE,Sweden,ICCS05012,Burglary of private residential premises,NR,Number,2004,17573
A,SE,Sweden,ICCS05012,Burglary of private residential premises,NR,Number,2005,16654
A,SE,Sweden,ICCS05012,Burglary of private residential premises,NR,Number,2006,15005
A,SE,Sweden,ICCS05012,Burglary of private residential premises,NR,Number,2007,16936
A,SE,Sweden,ICCS050211,Theft of a motorized land vehicle,NR,Number,1993,73782
A,SE,Sweden,ICCS050211,Theft of a motorized land vehicle,NR,Number,1994,66234
A,SE,Sweden,ICCS050211,Theft of a motorized land vehicle,NR,Number,1995,70299
A,SE,Sweden,ICCS050211,Theft of a motorized land vehicle,NR,Number,1996,71567
A,SE,Sweden,ICCS050211,Theft of a motorized land vehicle,NR,Number,1997,78826
A,SE,Sweden,ICCS050211,Theft of a motorized land vehicle,NR,Number,1998,76495
A,SE,Sweden,ICCS050211,Theft of a motorized land vehicle,NR,Number,1999,78216
A,SE,Sweden,ICCS050211,Theft of a motorized land vehicle,NR,Number,2000,75125
A,SE,Sweden,ICCS050211,Theft of a motorized land vehicle,NR,Number,2001,73309
A,SE,Sweden,ICCS050211,Theft of a motorized land vehicle,NR,Number,2002,75593
A,SE,Sweden,ICCS050211,Theft of a motorized land vehicle,NR,Number,2003,67199
A,SE,Sweden,ICCS050211,Theft of a motorized land vehicle,NR,Number,2004,60980
A,SE,Sweden,ICCS050211,Theft of a motorized land vehicle,NR,Number,2005,56719
A,SE,Sweden,ICCS050211,Theft of a motorized land vehicle,NR,Number,2006,51639
A,SE,Sweden,ICCS050211,Theft of a motorized land vehicle,NR,Number,2007,49249
A,SE,Sweden,ICCS0601,Unlawful acts involving controlled drugs or precursors,NR,Number,1995,6924
A,SE,Sweden,ICCS0601,Unlawful acts involving controlled drugs or precursors,NR,Number,1996,6584
A,SE,Sweden,ICCS0601,Unlawful acts involving controlled drugs or precursors,NR,Number,1997,6062
A,SE,Sweden,ICCS0601,Unlawful acts involving controlled drugs or precursors,NR,Number,1998,5766
A,SE,Sweden,ICCS0601,Unlawful acts involving controlled drugs or precursors,NR,Number,1999,5798
A,SE,Sweden,ICCS0601,Unlawful acts involving controlled drugs or precursors,NR,Number,2000,4395
A,SE,Sweden,ICCS0601,Unlawful acts involving controlled drugs or precursors,NR,Number,2001,5086
A,SE,Sweden,ICCS0601,Unlawful acts involving controlled drugs or precursors,NR,Number,2002,5259
A,SE,Sweden,ICCS0601,Unlawful acts involving controlled drugs or precursors,NR,Number,2003,5129
A,SE,Sweden,ICCS0601,Unlawful acts involving controlled drugs or precursors,NR,Number,2004,4905
A,SE,Sweden,ICCS0601,Unlawful acts involving controlled drugs or precursors,NR,Number,2005,4670
A,SE,Sweden,ICCS0601,Unlawful acts involving controlled drugs or precursors,NR,Number,2006,6449
A,SE,Sweden,ICCS0601,Unlawful acts involving controlled drugs or precursors,NR,Number,2007,6918
A,SE,Sweden,TOTAL,Total,NR,Number,1993,1191251
A,SE,Sweden,TOTAL,Total,NR,Number,1994,1112505
A,SE,Sweden,TOTAL,Total,NR,Number,1995,1145945
A,SE,Sweden,TOTAL,Total,NR,Number,1996,1175339
A,SE,Sweden,TOTAL,Total,NR,Number,1997,1196065
A,SE,Sweden,TOTAL,Total,NR,Number,1998,1181056
A,SE,Sweden,TOTAL,Total,NR,Number,1999,1194171
A,SE,Sweden,TOTAL,Total,NR,Number,2000,1214968
A,SE,Sweden,TOTAL,Total,NR,Number,2001,1189393
A,SE,Sweden,TOTAL,Total,NR,Number,2002,1234784
A,SE,Sweden,TOTAL,Total,NR,Number,2003,1255371
A,SE,Sweden,TOTAL,Total,NR,Number,2004,1248743
A,SE,Sweden,TOTAL,Total,NR,Number,2005,1241843
A,SE,Sweden,TOTAL,Total,NR,Number,2006,1224958
A,SE,Sweden,TOTAL,Total,NR,Number,2007,1306324
A,SI,Slovenia,ICCS0101,Intentional homicide,NR,Number,1995,45
A,SI,Slovenia,ICCS0101,Intentional homicide,NR,Number,1996,38
A,SI,Slovenia,ICCS0101,Intentional homicide,NR,Number,1997,36
A,SI,Slovenia,ICCS0101,Intentional homicide,NR,Number,1998,15
A,SI,Slovenia,ICCS0101,Intentional homicide,NR,Number,1999,25
A,SI,Slovenia,ICCS0101,Intentional homicide,NR,Number,2000,36
A,SI,Slovenia,ICCS0101,Intentional homicide,NR,Number,2001,15
A,SI,Slovenia,ICCS0101,Intentional homicide,NR,Number,2002,29
A,SI,Slovenia,ICCS0101,Intentional homicide,NR,Number,2003,21
A,SI,Slovenia,ICCS0101,Intentional homicide,NR,Number,2004,29
A,SI,Slovenia,ICCS0101,Intentional homicide,NR,Number,2005,20
A,SI,Slovenia,ICCS0101,Intentional homicide,NR,Number,2006,12
A,SI,Slovenia,ICCS0101,Intentional homicide,NR,Number,2007,24
A,SI,Slovenia,ICCS02-04,"Acts causing harm or intending to cause harm to the person, injurious acts of a sexual nature and acts against property involving violence or threat against a person",NR,Number,1993,1327
A,SI,Slovenia,ICCS02-04,"Acts causing harm or intending to cause harm to the person, injurious acts of a sexual nature and acts against property involving violence or threat against a person",NR,Number,1994,1317
A,SI,Slovenia,ICCS02-04,"Acts causing harm or intending to cause harm to the person, injurious acts of a sexual nature and acts against property involving violence or threat against a person",NR,Number,1995,1906
A,SI,Slovenia,ICCS02-04,"Acts causing harm or intending to cause harm to the person, injurious acts of a sexual nature and acts against property involving violence or threat against a person",NR,Number,1996,2042
A,SI,Slovenia,ICCS02-04,"Acts causing harm or intending to cause harm to the person, injurious acts of a sexual nature and acts against property involving violence or threat against a person",NR,Number,1997,1902
A,SI,Slovenia,ICCS02-04,"Acts causing harm or intending to cause harm to the person, injurious acts of a sexual nature and acts against property involving violence or threat against a person",NR,Number,1998,1352
A,SI,Slovenia,ICCS02-04,"Acts causing harm or intending to cause harm to the person, injurious acts of a sexual nature and acts against property involving violence or threat against a person",NR,Number,1999,1434
A,SI,Slovenia,ICCS02-04,"Acts causing harm or intending to cause harm to the person, injurious acts of a sexual nature and acts against property involving violence or threat against a person",NR,Number,2000,1594
A,SI,Slovenia,ICCS02-04,"Acts causing harm or intending to cause harm to the person, injurious acts of a sexual nature and acts against property involving violence or threat against a person",NR,Number,2001,2807
A,SI,Slovenia,ICCS02-04,"Acts causing harm or intending to cause harm to the person, injurious acts of a sexual nature and acts against property involving violence or threat against a person",NR,Number,2002,3070
A,SI,Slovenia,ICCS02-04,"Acts causing harm or intending to cause harm to the person, injurious acts of a sexual nature and acts against property involving violence or threat against a person",NR,Number,2003,2893
A,SI,Slovenia,ICCS02-04,"Acts causing harm or intending to cause harm to the person, injurious acts of a sexual nature and acts against property involving violence or threat against a person",NR,Number,2004,2928
A,SI,Slovenia,ICCS02-04,"Acts causing harm or intending to cause harm to the person, injurious acts of a sexual nature and acts against property involving violence or threat against a person",NR,Number,2005,2856
A,SI,Slovenia,ICCS02-04,"Acts causing harm or intending to cause harm to the person, injurious acts of a sexual nature and acts against property involving violence or threat against a person",NR,Number,2006,3069
A,SI,Slovenia,ICCS02-04,"Acts causing harm or intending to cause harm to the person, injurious acts of a sexual nature and acts against property involving violence or threat against a person",NR,Number,2007,3087
A,SI,Slovenia,ICCS0401,Robbery,NR,Number,1993,205
A,SI,Slovenia,ICCS0401,Robbery,NR,Number,1994,275
A,SI,Slovenia,ICCS0401,Robbery,NR,Number,1995,292
A,SI,Slovenia,ICCS0401,Robbery,NR,Number,1996,507
A,SI,Slovenia,ICCS0401,Robbery,NR,Number,1997,341
A,SI,Slovenia,ICCS0401,Robbery,NR,Number,1998,379
A,SI,Slovenia,ICCS0401,Robbery,NR,Number,1999,463
A,SI,Slovenia,ICCS0401,Robbery,NR,Number,2000,474
A,SI,Slovenia,ICCS0401,Robbery,NR,Number,2001,503
A,SI,Slovenia,ICCS0401,Robbery,NR,Number,2002,449
A,SI,Slovenia,ICCS0401,Robbery,NR,Number,2003,349
A,SI,Slovenia,ICCS0401,Robbery,NR,Number,2004,398
A,SI,Slovenia,ICCS0401,Robbery,NR,Number,2005,429
A,SI,Slovenia,ICCS0401,Robbery,NR,Number,2006,525
A,SI,Slovenia,ICCS0401,Robbery,NR,Number,2007,450
A,SI,Slovenia,ICCS05012,Burglary of private residential premises,NR,Number,1994,1383
A,SI,Slovenia,ICCS05012,Burglary of private residential premises,NR,Number,1995,1361
A,SI,Slovenia,ICCS05012,Burglary of private residential premises,NR,Number,1999,988
A,SI,Slovenia,ICCS05012,Burglary of private residential premises,NR,Number,2000,3274
A,SI,Slovenia,ICCS05012,Burglary of private residential premises,NR,Number,2001,2522
A,SI,Slovenia,ICCS05012,Burglary of private residential premises,NR,Number,2002,3051
A,SI,Slovenia,ICCS05012,Burglary of private residential premises,NR,Number,2003,2368
A,SI,Slovenia,ICCS05012,Burglary of private residential premises,NR,Number,2004,2750
A,SI,Slovenia,ICCS05012,Burglary of private residential premises,NR,Number,2005,2286
A,SI,Slovenia,ICCS05012,Burglary of private residential premises,NR,Number,2006,2220
A,SI,Slovenia,ICCS05012,Burglary of private residential premises,NR,Number,2007,2282
A,SI,Slovenia,ICCS050211,Theft of a motorized land vehicle,NR,Number,1994,1350
A,SI,Slovenia,ICCS050211,Theft of a motorized land vehicle,NR,Number,1995,1425
A,SI,Slovenia,ICCS050211,Theft of a motorized land vehicle,NR,Number,1996,1946
A,SI,Slovenia,ICCS050211,Theft of a motorized land vehicle,NR,Number,1997,1549
A,SI,Slovenia,ICCS050211,Theft of a motorized land vehicle,NR,Number,1998,1997
A,SI,Slovenia,ICCS050211,Theft of a motorized land vehicle,NR,Number,1999,1147
A,SI,Slovenia,ICCS050211,Theft of a motorized land vehicle,NR,Number,2000,1291
A,SI,Slovenia,ICCS050211,Theft of a motorized land vehicle,NR,Number,2001,691
A,SI,Slovenia,ICCS050211,Theft of a motorized land vehicle,NR,Number,2002,815
A,SI,Slovenia,ICCS050211,Theft of a motorized land vehicle,NR,Number,2003,682
A,SI,Slovenia,ICCS050211,Theft of a motorized land vehicle,NR,Number,2004,704
A,SI,Slovenia,ICCS050211,Theft of a motorized land vehicle,NR,Number,2005,873
A,SI,Slovenia,ICCS050211,Theft of a motorized land vehicle,NR,Number,2006,852
A,SI,Slovenia,ICCS050211,Theft of a motorized land vehicle,NR,Number,2007,839
A,SI,Slovenia,ICCS0601,Unlawful acts involving controlled drugs or precursors,NR,Number,1993,199
A,SI,Slovenia,ICCS0601,Unlawful acts involving controlled drugs or precursors,NR,Number,1994,261
A,SI,Slovenia,ICCS0601,Unlawful acts involving controlled drugs or precursors,NR,Number,1995,310
A,SI,Slovenia,ICCS0601,Unlawful acts involving controlled drugs or precursors,NR,Number,1996,452
A,SI,Slovenia,ICCS0601,Unlawful acts involving controlled drugs or precursors,NR,Number,1997,631
A,SI,Slovenia,ICCS0601,Unlawful acts involving controlled drugs or precursors,NR,Number,1998,676
A,SI,Slovenia,ICCS0601,Unlawful acts involving controlled drugs or precursors,NR,Number,1999,746
A,SI,Slovenia,ICCS0601,Unlawful acts involving controlled drugs or precursors,NR,Number,2000,939
A,SI,Slovenia,ICCS0601,Unlawful acts involving controlled drugs or precursors,NR,Number,2001,1140
A,SI,Slovenia,ICCS0601,Unlawful acts involving controlled drugs or precursors,NR,Number,2002,1162
A,SI,Slovenia,ICCS0601,Unlawful acts involving controlled drugs or precursors,NR,Number,2003,775
A,SI,Slovenia,ICCS0601,Unlawful acts involving controlled drugs or precursors,NR,Number,2004,997
A,SI,Slovenia,ICCS0601,Unlawful acts involving controlled drugs or precursors,NR,Number,2005,1026
A,SI,Slovenia,ICCS0601,Unlawful acts involving controlled drugs or precursors,NR,Number,2006,1590
A,SI,Slovenia,ICCS0601,Unlawful acts involving controlled drugs or precursors,NR,Number,2007,1429
A,SI,Slovenia,TOTAL,Total,NR,Number,1993,44278
A,SI,Slovenia,TOTAL,Total,NR,Number,1994,43635
A,SI,Slovenia,TOTAL,Total,NR,Number,1995,38178
A,SI,Slovenia,TOTAL,Total,NR,Number,1996,36587
A,SI,Slovenia,TOTAL,Total,NR,Number,1997,37173
A,SI,Slovenia,TOTAL,Total,NR,Number,1998,55259
A,SI,Slovenia,TOTAL,Total,NR,Number,1999,61693
A,SI,Slovenia,TOTAL,Total,NR,Number,2000,67618
A,SI,Slovenia,TOTAL,Total,NR,Number,2001,74794
A,SI,Slovenia,TOTAL,Total,NR,Number,2002,77218
A,SI,Slovenia,TOTAL,Total,NR,Number,2003,76643
A,SI,Slovenia,TOTAL,Total,NR,Number,2004,86568
A,SI,Slovenia,TOTAL,Total,NR,Number,2005,84379
A,SI,Slovenia,TOTAL,Total,NR,Number,2006,90354
A,SI,Slovenia,TOTAL,Total,NR,Number,2007,88197
A,SK,Slovakia,ICCS0101,Intentional homicide,NR,Number,1994,129
A,SK,Slovakia,ICCS0101,Intentional homicide,NR,Number,1995,128
A,SK,Slovakia,ICCS0101,Intentional homicide,NR,Number,1996,132
A,SK,Slovakia,ICCS0101,Intentional homicide,NR,Number,1997,140
A,SK,Slovakia,ICCS0101,Intentional homicide,NR,Number,1998,128
A,SK,Slovakia,ICCS0101,Intentional homicide,NR,Number,1999,141
A,SK,Slovakia,ICCS0101,Intentional homicide,NR,Number,2000,143
A,SK,Slovakia,ICCS0101,Intentional homicide,NR,Number,2001,129
A,SK,Slovakia,ICCS0101,Intentional homicide,NR,Number,2002,128
A,SK,Slovakia,ICCS0101,Intentional homicide,NR,Number,2003,146
A,SK,Slovakia,ICCS0101,Intentional homicide,NR,Number,2004,122
A,SK,Slovakia,ICCS0101,Intentional homicide,NR,Number,2005,106
A,SK,Slovakia,ICCS0101,Intentional homicide,NR,Number,2006,89
A,SK,Slovakia,ICCS0101,Intentional homicide,NR,Number,2007,89
A,SK,Slovakia,ICCS02-04,"Acts causing harm or intending to cause harm to the person, injurious acts of a sexual nature and acts against property involving violence or threat against a person",NR,Number,1993,9722
A,SK,Slovakia,ICCS02-04,"Acts causing harm or intending to cause harm to the person, injurious acts of a sexual nature and acts against property involving violence or threat against a person",NR,Number,1994,9876
A,SK,Slovakia,ICCS02-04,"Acts causing harm or intending to cause harm to the person, injurious acts of a sexual nature and acts against property involving violence or threat against a person",NR,Number,1995,10990
A,SK,Slovakia,ICCS02-04,"Acts causing harm or intending to cause harm to the person, injurious acts of a sexual nature and acts against property involving violence or threat against a person",NR,Number,1996,11391
A,SK,Slovakia,ICCS02-04,"Acts causing harm or intending to cause harm to the person, injurious acts of a sexual nature and acts against property involving violence or threat against a person",NR,Number,1997,11564
A,SK,Slovakia,ICCS02-04,"Acts causing harm or intending to cause harm to the person, injurious acts of a sexual nature and acts against property involving violence or threat against a person",NR,Number,1998,12427
A,SK,Slovakia,ICCS02-04,"Acts causing harm or intending to cause harm to the person, injurious acts of a sexual nature and acts against property involving violence or threat against a person",NR,Number,1999,13531
A,SK,Slovakia,ICCS02-04,"Acts causing harm or intending to cause harm to the person, injurious acts of a sexual nature and acts against property involving violence or threat against a person",NR,Number,2000,13549
A,SK,Slovakia,ICCS02-04,"Acts causing harm or intending to cause harm to the person, injurious acts of a sexual nature and acts against property involving violence or threat against a person",NR,Number,2001,14450
A,SK,Slovakia,ICCS02-04,"Acts causing harm or intending to cause harm to the person, injurious acts of a sexual nature and acts against property involving violence or threat against a person",NR,Number,2002,15020
A,SK,Slovakia,ICCS02-04,"Acts causing harm or intending to cause harm to the person, injurious acts of a sexual nature and acts against property involving violence or threat against a person",NR,Number,2003,13724
A,SK,Slovakia,ICCS02-04,"Acts causing harm or intending to cause harm to the person, injurious acts of a sexual nature and acts against property involving violence or threat against a person",NR,Number,2004,13755
A,SK,Slovakia,ICCS02-04,"Acts causing harm or intending to cause harm to the person, injurious acts of a sexual nature and acts against property involving violence or threat against a person",NR,Number,2005,13575
A,SK,Slovakia,ICCS02-04,"Acts causing harm or intending to cause harm to the person, injurious acts of a sexual nature and acts against property involving violence or threat against a person",NR,Number,2006,11584
A,SK,Slovakia,ICCS02-04,"Acts causing harm or intending to cause harm to the person, injurious acts of a sexual nature and acts against property involving violence or threat against a person",NR,Number,2007,10274
A,SK,Slovakia,ICCS0401,Robbery,NR,Number,1997,1199
A,SK,Slovakia,ICCS0401,Robbery,NR,Number,1998,1231
A,SK,Slovakia,ICCS0401,Robbery,NR,Number,1999,1437
A,SK,Slovakia,ICCS0401,Robbery,NR,Number,2000,1264
A,SK,Slovakia,ICCS0401,Robbery,NR,Number,2001,1366
A,SK,Slovakia,ICCS0401,Robbery,NR,Number,2002,1578
A,SK,Slovakia,ICCS0401,Robbery,NR,Number,2003,1918
A,SK,Slovakia,ICCS0401,Robbery,NR,Number,2004,2156
A,SK,Slovakia,ICCS0401,Robbery,NR,Number,2005,1919
A,SK,Slovakia,ICCS0401,Robbery,NR,Number,2006,1594
A,SK,Slovakia,ICCS0401,Robbery,NR,Number,2007,1429
A,SK,Slovakia,ICCS05012,Burglary of private residential premises,NR,Number,1993,3928
A,SK,Slovakia,ICCS05012,Burglary of private residential premises,NR,Number,1994,4666
A,SK,Slovakia,ICCS05012,Burglary of private residential premises,NR,Number,1995,4480
A,SK,Slovakia,ICCS05012,Burglary of private residential premises,NR,Number,1996,3859
A,SK,Slovakia,ICCS05012,Burglary of private residential premises,NR,Number,1997,3854
A,SK,Slovakia,ICCS05012,Burglary of private residential premises,NR,Number,1998,3639
A,SK,Slovakia,ICCS05012,Burglary of private residential premises,NR,Number,1999,3601
A,SK,Slovakia,ICCS05012,Burglary of private residential premises,NR,Number,2000,3248
A,SK,Slovakia,ICCS05012,Burglary of private residential premises,NR,Number,2001,3144
A,SK,Slovakia,ICCS05012,Burglary of private residential premises,NR,Number,2002,2785
A,SK,Slovakia,ICCS05012,Burglary of private residential premises,NR,Number,2003,2642
A,SK,Slovakia,ICCS05012,Burglary of private residential premises,NR,Number,2004,3023
A,SK,Slovakia,ICCS05012,Burglary of private residential premises,NR,Number,2005,2809
A,SK,Slovakia,ICCS05012,Burglary of private residential premises,NR,Number,2006,2602
A,SK,Slovakia,ICCS05012,Burglary of private residential premises,NR,Number,2007,2437
A,SK,Slovakia,ICCS050211,Theft of a motorized land vehicle,NR,Number,1993,9698
A,SK,Slovakia,ICCS050211,Theft of a motorized land vehicle,NR,Number,1994,9137
A,SK,Slovakia,ICCS050211,Theft of a motorized land vehicle,NR,Number,1995,7696
A,SK,Slovakia,ICCS050211,Theft of a motorized land vehicle,NR,Number,1996,6682
A,SK,Slovakia,ICCS050211,Theft of a motorized land vehicle,NR,Number,1997,7438
A,SK,Slovakia,ICCS050211,Theft of a motorized land vehicle,NR,Number,1998,7682
A,SK,Slovakia,ICCS050211,Theft of a motorized land vehicle,NR,Number,1999,7123
A,SK,Slovakia,ICCS050211,Theft of a motorized land vehicle,NR,Number,2000,6073
A,SK,Slovakia,ICCS050211,Theft of a motorized land vehicle,NR,Number,2001,5344
A,SK,Slovakia,ICCS050211,Theft of a motorized land vehicle,NR,Number,2002,5099
A,SK,Slovakia,ICCS050211,Theft of a motorized land vehicle,NR,Number,2003,5295
A,SK,Slovakia,ICCS050211,Theft of a motorized land vehicle,NR,Number,2004,6000
A,SK,Slovakia,ICCS050211,Theft of a motorized land vehicle,NR,Number,2005,5591
A,SK,Slovakia,ICCS050211,Theft of a motorized land vehicle,NR,Number,2006,5525
A,SK,Slovakia,ICCS050211,Theft of a motorized land vehicle,NR,Number,2007,4719
A,SK,Slovakia,ICCS0601,Unlawful acts involving controlled drugs or precursors,NR,Number,1994,88
A,SK,Slovakia,ICCS0601,Unlawful acts involving controlled drugs or precursors,NR,Number,1995,606
A,SK,Slovakia,ICCS0601,Unlawful acts involving controlled drugs or precursors,NR,Number,1996,735
A,SK,Slovakia,ICCS0601,Unlawful acts involving controlled drugs or precursors,NR,Number,1997,967
A,SK,Slovakia,ICCS0601,Unlawful acts involving controlled drugs or precursors,NR,Number,1998,520
A,SK,Slovakia,ICCS0601,Unlawful acts involving controlled drugs or precursors,NR,Number,1999,362
A,SK,Slovakia,ICCS0601,Unlawful acts involving controlled drugs or precursors,NR,Number,2000,604
A,SK,Slovakia,ICCS0601,Unlawful acts involving controlled drugs or precursors,NR,Number,2001,652
A,SK,Slovakia,ICCS0601,Unlawful acts involving controlled drugs or precursors,NR,Number,2002,674
A,SK,Slovakia,ICCS0601,Unlawful acts involving controlled drugs or precursors,NR,Number,2003,734
A,SK,Slovakia,ICCS0601,Unlawful acts involving controlled drugs or precursors,NR,Number,2004,711
A,SK,Slovakia,ICCS0601,Unlawful acts involving controlled drugs or precursors,NR,Number,2005,847
A,SK,Slovakia,ICCS0601,Unlawful acts involving controlled drugs or precursors,NR,Number,2006,421
A,SK,Slovakia,ICCS0601,Unlawful acts involving controlled drugs or precursors,NR,Number,2007,503
A,SK,Slovakia,TOTAL,Total,NR,Number,1993,146125
A,SK,Slovakia,TOTAL,Total,NR,Number,1994,137713
A,SK,Slovakia,TOTAL,Total,NR,Number,1995,114579
A,SK,Slovakia,TOTAL,Total,NR,Number,1996,99402
A,SK,Slovakia,TOTAL,Total,NR,Number,1997,92395
A,SK,Slovakia,TOTAL,Total,NR,Number,1998,93895
A,SK,Slovakia,TOTAL,Total,NR,Number,1999,94016
A,SK,Slovakia,TOTAL,Total,NR,Number,2000,88817
A,SK,Slovakia,TOTAL,Total,NR,Number,2001,93053
A,SK,Slovakia,TOTAL,Total,NR,Number,2002,107373
A,SK,Slovakia,TOTAL,Total,NR,Number,2003,111893
A,SK,Slovakia,TOTAL,Total,NR,Number,2004,131244
A,SK,Slovakia,TOTAL,Total,NR,Number,2005,123563
A,SK,Slovakia,TOTAL,Total,NR,Number,2006,115152
A,SK,Slovakia,TOTAL,Total,NR,Number,2007,110802
A,TR,Türkiye,ICCS0101,Intentional homicide,NR,Number,1993,4043
A,TR,Türkiye,ICCS0101,Intentional homicide,NR,Number,1994,3999
A,TR,Türkiye,ICCS0101,Intentional homicide,NR,Number,1995,5684
A,TR,Türkiye,ICCS0101,Intentional homicide,NR,Number,1996,5955
A,TR,Türkiye,ICCS0101,Intentional homicide,NR,Number,1997,5516
A,TR,Türkiye,ICCS0101,Intentional homicide,NR,Number,1998,5451
A,TR,Türkiye,ICCS0101,Intentional homicide,NR,Number,1999,5068
A,TR,Türkiye,ICCS0101,Intentional homicide,NR,Number,2000,6663
A,TR,Türkiye,ICCS0101,Intentional homicide,NR,Number,2001,5527
A,TR,Türkiye,ICCS0101,Intentional homicide,NR,Number,2002,5394
A,TR,Türkiye,ICCS0101,Intentional homicide,NR,Number,2003,5062
A,TR,Türkiye,ICCS0101,Intentional homicide,NR,Number,2004,4829
A,TR,Türkiye,ICCS0101,Intentional homicide,NR,Number,2005,4879
A,TR,Türkiye,ICCS0101,Intentional homicide,NR,Number,2006,4663
A,TR,Türkiye,ICCS0101,Intentional homicide,NR,Number,2007,3090
A,TR,Türkiye,ICCS02-04,"Acts causing harm or intending to cause harm to the person, injurious acts of a sexual nature and acts against property involving violence or threat against a person",NR,Number,1993,12366
A,TR,Türkiye,ICCS02-04,"Acts causing harm or intending to cause harm to the person, injurious acts of a sexual nature and acts against property involving violence or threat against a person",NR,Number,1994,13251
A,TR,Türkiye,ICCS02-04,"Acts causing harm or intending to cause harm to the person, injurious acts of a sexual nature and acts against property involving violence or threat against a person",NR,Number,1995,55001
A,TR,Türkiye,ICCS02-04,"Acts causing harm or intending to cause harm to the person, injurious acts of a sexual nature and acts against property involving violence or threat against a person",NR,Number,1996,64487
A,TR,Türkiye,ICCS02-04,"Acts causing harm or intending to cause harm to the person, injurious acts of a sexual nature and acts against property involving violence or threat against a person",NR,Number,1997,67567
A,TR,Türkiye,ICCS02-04,"Acts causing harm or intending to cause harm to the person, injurious acts of a sexual nature and acts against property involving violence or threat against a person",NR,Number,1998,72601
A,TR,Türkiye,ICCS02-04,"Acts causing harm or intending to cause harm to the person, injurious acts of a sexual nature and acts against property involving violence or threat against a person",NR,Number,1999,71303
A,TR,Türkiye,ICCS02-04,"Acts causing harm or intending to cause harm to the person, injurious acts of a sexual nature and acts against property involving violence or threat against a person",NR,Number,2000,77017
A,TR,Türkiye,ICCS02-04,"Acts causing harm or intending to cause harm to the person, injurious acts of a sexual nature and acts against property involving violence or threat against a person",NR,Number,2001,87325
A,TR,Türkiye,ICCS02-04,"Acts causing harm or intending to cause harm to the person, injurious acts of a sexual nature and acts against property involving violence or threat against a person",NR,Number,2002,94920
A,TR,Türkiye,ICCS02-04,"Acts causing harm or intending to cause harm to the person, injurious acts of a sexual nature and acts against property involving violence or threat against a person",NR,Number,2003,96209
A,TR,Türkiye,ICCS02-04,"Acts causing harm or intending to cause harm to the person, injurious acts of a sexual nature and acts against property involving violence or threat against a person",NR,Number,2004,108371
A,TR,Türkiye,ICCS02-04,"Acts causing harm or intending to cause harm to the person, injurious acts of a sexual nature and acts against property involving violence or threat against a person",NR,Number,2005,125467
A,TR,Türkiye,ICCS02-04,"Acts causing harm or intending to cause harm to the person, injurious acts of a sexual nature and acts against property involving violence or threat against a person",NR,Number,2006,165119
A,TR,Türkiye,ICCS02-04,"Acts causing harm or intending to cause harm to the person, injurious acts of a sexual nature and acts against property involving violence or threat against a person",NR,Number,2007,138576
A,TR,Türkiye,ICCS0401,Robbery,NR,Number,1993,353
A,TR,Türkiye,ICCS0401,Robbery,NR,Number,1994,262
A,TR,Türkiye,ICCS0401,Robbery,NR,Number,1995,1809
A,TR,Türkiye,ICCS0401,Robbery,NR,Number,1996,1671
A,TR,Türkiye,ICCS0401,Robbery,NR,Number,1997,1491
A,TR,Türkiye,ICCS0401,Robbery,NR,Number,1998,1656
A,TR,Türkiye,ICCS0401,Robbery,NR,Number,1999,1585
A,TR,Türkiye,ICCS0401,Robbery,NR,Number,2000,1858
A,TR,Türkiye,ICCS0401,Robbery,NR,Number,2001,3109
A,TR,Türkiye,ICCS0401,Robbery,NR,Number,2002,3943
A,TR,Türkiye,ICCS0401,Robbery,NR,Number,2003,4827
A,TR,Türkiye,ICCS0401,Robbery,NR,Number,2004,10864
A,TR,Türkiye,ICCS0401,Robbery,NR,Number,2005,15147
A,TR,Türkiye,ICCS0401,Robbery,NR,Number,2006,21609
A,TR,Türkiye,ICCS0401,Robbery,NR,Number,2007,12657
A,TR,Türkiye,ICCS05012,Burglary of private residential premises,NR,Number,2000,20493
A,TR,Türkiye,ICCS05012,Burglary of private residential premises,NR,Number,2001,28877
A,TR,Türkiye,ICCS05012,Burglary of private residential premises,NR,Number,2002,29149
A,TR,Türkiye,ICCS05012,Burglary of private residential premises,NR,Number,2003,32162
A,TR,Türkiye,ICCS05012,Burglary of private residential premises,NR,Number,2004,36935
A,TR,Türkiye,ICCS05012,Burglary of private residential premises,NR,Number,2005,58062
A,TR,Türkiye,ICCS05012,Burglary of private residential premises,NR,Number,2006,90150
A,TR,Türkiye,ICCS05012,Burglary of private residential premises,NR,Number,2007,73727
A,TR,Türkiye,ICCS050211,Theft of a motorized land vehicle,NR,Number,1993,299
A,TR,Türkiye,ICCS050211,Theft of a motorized land vehicle,NR,Number,1994,278
A,TR,Türkiye,ICCS050211,Theft of a motorized land vehicle,NR,Number,1995,15192
A,TR,Türkiye,ICCS050211,Theft of a motorized land vehicle,NR,Number,1996,22873
A,TR,Türkiye,ICCS050211,Theft of a motorized land vehicle,NR,Number,1997,19897
A,TR,Türkiye,ICCS050211,Theft of a motorized land vehicle,NR,Number,1998,19394
A,TR,Türkiye,ICCS050211,Theft of a motorized land vehicle,NR,Number,1999,18177
A,TR,Türkiye,ICCS050211,Theft of a motorized land vehicle,NR,Number,2000,15276
A,TR,Türkiye,ICCS050211,Theft of a motorized land vehicle,NR,Number,2001,20565
A,TR,Türkiye,ICCS050211,Theft of a motorized land vehicle,NR,Number,2002,20773
A,TR,Türkiye,ICCS050211,Theft of a motorized land vehicle,NR,Number,2003,25517
A,TR,Türkiye,ICCS050211,Theft of a motorized land vehicle,NR,Number,2004,25749
A,TR,Türkiye,ICCS050211,Theft of a motorized land vehicle,NR,Number,2005,33441
A,TR,Türkiye,ICCS050211,Theft of a motorized land vehicle,NR,Number,2006,33201
A,TR,Türkiye,ICCS050211,Theft of a motorized land vehicle,NR,Number,2007,24263
A,TR,Türkiye,ICCS0601,Unlawful acts involving controlled drugs or precursors,NR,Number,1993,1168
A,TR,Türkiye,ICCS0601,Unlawful acts involving controlled drugs or precursors,NR,Number,1994,2039
A,TR,Türkiye,ICCS0601,Unlawful acts involving controlled drugs or precursors,NR,Number,1995,1840
A,TR,Türkiye,ICCS0601,Unlawful acts involving controlled drugs or precursors,NR,Number,1996,1968
A,TR,Türkiye,ICCS0601,Unlawful acts involving controlled drugs or precursors,NR,Number,1997,2602
A,TR,Türkiye,ICCS0601,Unlawful acts involving controlled drugs or precursors,NR,Number,1998,3145
A,TR,Türkiye,ICCS0601,Unlawful acts involving controlled drugs or precursors,NR,Number,1999,3318
A,TR,Türkiye,ICCS0601,Unlawful acts involving controlled drugs or precursors,NR,Number,2000,3520
A,TR,Türkiye,ICCS0601,Unlawful acts involving controlled drugs or precursors,NR,Number,2001,4312
A,TR,Türkiye,ICCS0601,Unlawful acts involving controlled drugs or precursors,NR,Number,2002,5147
A,TR,Türkiye,ICCS0601,Unlawful acts involving controlled drugs or precursors,NR,Number,2003,5036
A,TR,Türkiye,ICCS0601,Unlawful acts involving controlled drugs or precursors,NR,Number,2004,6720
A,TR,Türkiye,ICCS0601,Unlawful acts involving controlled drugs or precursors,NR,Number,2005,8726
A,TR,Türkiye,ICCS0601,Unlawful acts involving controlled drugs or precursors,NR,Number,2006,14647
A,TR,Türkiye,ICCS0601,Unlawful acts involving controlled drugs or precursors,NR,Number,2007,26539
A,TR,Türkiye,TOTAL,Total,NR,Number,1993,30482
A,TR,Türkiye,TOTAL,Total,NR,Number,1994,36593
A,TR,Türkiye,TOTAL,Total,NR,Number,1995,279001
A,TR,Türkiye,TOTAL,Total,NR,Number,1996,344395
A,TR,Türkiye,TOTAL,Total,NR,Number,1997,356677
A,TR,Türkiye,TOTAL,Total,NR,Number,1998,357311
A,TR,Türkiye,TOTAL,Total,NR,Number,1999,338606
A,TR,Türkiye,TOTAL,Total,NR,Number,2000,337079
A,TR,Türkiye,TOTAL,Total,NR,Number,2001,400337
A,TR,Türkiye,TOTAL,Total,NR,Number,2002,438714
A,TR,Türkiye,TOTAL,Total,NR,Number,2003,472153
A,TR,Türkiye,TOTAL,Total,NR,Number,2004,507539
A,TR,Türkiye,TOTAL,Total,NR,Number,2005,667820
A,TR,Türkiye,TOTAL,Total,NR,Number,2006,975118
A,TR,Türkiye,TOTAL,Total,NR,Number,2007,970554
A,UKC-L,England and Wales,ICCS0101,Intentional homicide,NR,Number,1993,670
A,UKC-L,England and Wales,ICCS0101,Intentional homicide,NR,Number,1994,727
A,UKC-L,England and Wales,ICCS0101,Intentional homicide,NR,Number,1995,753
A,UKC-L,England and Wales,ICCS0101,Intentional homicide,NR,Number,1996,679
A,UKC-L,England and Wales,ICCS0101,Intentional homicide,NR,Number,1997,739
A,UKC-L,England and Wales,ICCS0101,Intentional homicide,NR,Number,1998,750
A,UKC-L,England and Wales,ICCS0101,Intentional homicide,NR,Number,1999,766
A,UKC-L,England and Wales,ICCS0101,Intentional homicide,NR,Number,2000,850
A,UKC-L,England and Wales,ICCS0101,Intentional homicide,NR,Number,2001,891
A,UKC-L,England and Wales,ICCS0101,Intentional homicide,NR,Number,2002,1047
A,UKC-L,England and Wales,ICCS0101,Intentional homicide,NR,Number,2003,904
A,UKC-L,England and Wales,ICCS0101,Intentional homicide,NR,Number,2004,868
A,UKC-L,England and Wales,ICCS0101,Intentional homicide,NR,Number,2005,764
A,UKC-L,England and Wales,ICCS0101,Intentional homicide,NR,Number,2006,758
A,UKC-L,England and Wales,ICCS0101,Intentional homicide,NR,Number,2007,775
A,UKC-L,England and Wales,ICCS02-04,"Acts causing harm or intending to cause harm to the person, injurious acts of a sexual nature and acts against property involving violence or threat against a person",NR,Number,1995,310936
A,UKC-L,England and Wales,ICCS02-04,"Acts causing harm or intending to cause harm to the person, injurious acts of a sexual nature and acts against property involving violence or threat against a person",NR,Number,1996,344766
A,UKC-L,England and Wales,ICCS02-04,"Acts causing harm or intending to cause harm to the person, injurious acts of a sexual nature and acts against property involving violence or threat against a person",NR,Number,1997,347064
A,UKC-L,England and Wales,ICCS02-04,"Acts causing harm or intending to cause harm to the person, injurious acts of a sexual nature and acts against property involving violence or threat against a person",NR,Number,1998,605797
A,UKC-L,England and Wales,ICCS02-04,"Acts causing harm or intending to cause harm to the person, injurious acts of a sexual nature and acts against property involving violence or threat against a person",NR,Number,1999,703107
A,UKC-L,England and Wales,ICCS02-04,"Acts causing harm or intending to cause harm to the person, injurious acts of a sexual nature and acts against property involving violence or threat against a person",NR,Number,2000,741954
A,UKC-L,England and Wales,ICCS02-04,"Acts causing harm or intending to cause harm to the person, injurious acts of a sexual nature and acts against property involving violence or threat against a person",NR,Number,2001,821270
A,UKC-L,England and Wales,ICCS02-04,"Acts causing harm or intending to cause harm to the person, injurious acts of a sexual nature and acts against property involving violence or threat against a person",NR,Number,2002,875665
A,UKC-L,England and Wales,ICCS02-04,"Acts causing harm or intending to cause harm to the person, injurious acts of a sexual nature and acts against property involving violence or threat against a person",NR,Number,2003,963395
A,UKC-L,England and Wales,ICCS02-04,"Acts causing harm or intending to cause harm to the person, injurious acts of a sexual nature and acts against property involving violence or threat against a person",NR,Number,2004,997607
A,UKC-L,England and Wales,ICCS02-04,"Acts causing harm or intending to cause harm to the person, injurious acts of a sexual nature and acts against property involving violence or threat against a person",NR,Number,2005,997159
A,UKC-L,England and Wales,ICCS02-04,"Acts causing harm or intending to cause harm to the person, injurious acts of a sexual nature and acts against property involving violence or threat against a person",NR,Number,2006,972283
A,UKC-L,England and Wales,ICCS02-04,"Acts causing harm or intending to cause harm to the person, injurious acts of a sexual nature and acts against property involving violence or threat against a person",NR,Number,2007,885718
A,UKC-L,England and Wales,ICCS0401,Robbery,NR,Number,1993,57845
A,UKC-L,England and Wales,ICCS0401,Robbery,NR,Number,1994,60007
A,UKC-L,England and Wales,ICCS0401,Robbery,NR,Number,1995,68074
A,UKC-L,England and Wales,ICCS0401,Robbery,NR,Number,1996,74035
A,UKC-L,England and Wales,ICCS0401,Robbery,NR,Number,1997,63072
A,UKC-L,England and Wales,ICCS0401,Robbery,NR,Number,1998,66835
A,UKC-L,England and Wales,ICCS0401,Robbery,NR,Number,1999,84277
A,UKC-L,England and Wales,ICCS0401,Robbery,NR,Number,2000,95154
A,UKC-L,England and Wales,ICCS0401,Robbery,NR,Number,2001,121359
A,UKC-L,England and Wales,ICCS0401,Robbery,NR,Number,2002,110271
A,UKC-L,England and Wales,ICCS0401,Robbery,NR,Number,2003,103736
A,UKC-L,England and Wales,ICCS0401,Robbery,NR,Number,2004,91010
A,UKC-L,England and Wales,ICCS0401,Robbery,NR,Number,2005,98198
A,UKC-L,England and Wales,ICCS0401,Robbery,NR,Number,2006,101376
A,UKC-L,England and Wales,ICCS0401,Robbery,NR,Number,2007,84773
A,UKC-L,England and Wales,ICCS05012,Burglary of private residential premises,NR,Number,1995,643645
A,UKC-L,England and Wales,ICCS05012,Burglary of private residential premises,NR,Number,1996,602128
A,UKC-L,England and Wales,ICCS05012,Burglary of private residential premises,NR,Number,1997,519265
A,UKC-L,England and Wales,ICCS05012,Burglary of private residential premises,NR,Number,1998,473349
A,UKC-L,England and Wales,ICCS05012,Burglary of private residential premises,NR,Number,1999,442602
A,UKC-L,England and Wales,ICCS05012,Burglary of private residential premises,NR,Number,2000,402984
A,UKC-L,England and Wales,ICCS05012,Burglary of private residential premises,NR,Number,2001,430347
A,UKC-L,England and Wales,ICCS05012,Burglary of private residential premises,NR,Number,2002,437583
A,UKC-L,England and Wales,ICCS05012,Burglary of private residential premises,NR,Number,2003,402345
A,UKC-L,England and Wales,ICCS05012,Burglary of private residential premises,NR,Number,2004,321507
A,UKC-L,England and Wales,ICCS05012,Burglary of private residential premises,NR,Number,2005,300517
A,UKC-L,England and Wales,ICCS05012,Burglary of private residential premises,NR,Number,2006,292260
A,UKC-L,England and Wales,ICCS05012,Burglary of private residential premises,NR,Number,2007,280696
A,UKC-L,England and Wales,ICCS050211,Theft of a motorized land vehicle,NR,Number,1993,597519
A,UKC-L,England and Wales,ICCS050211,Theft of a motorized land vehicle,NR,Number,1994,524094
A,UKC-L,England and Wales,ICCS050211,Theft of a motorized land vehicle,NR,Number,1995,508450
A,UKC-L,England and Wales,ICCS050211,Theft of a motorized land vehicle,NR,Number,1996,493489
A,UKC-L,England and Wales,ICCS050211,Theft of a motorized land vehicle,NR,Number,1997,407239
A,UKC-L,England and Wales,ICCS050211,Theft of a motorized land vehicle,NR,Number,1998,391807
A,UKC-L,England and Wales,ICCS050211,Theft of a motorized land vehicle,NR,Number,1999,374686
A,UKC-L,England and Wales,ICCS050211,Theft of a motorized land vehicle,NR,Number,2000,338796
A,UKC-L,England and Wales,ICCS050211,Theft of a motorized land vehicle,NR,Number,2001,328115
A,UKC-L,England and Wales,ICCS050211,Theft of a motorized land vehicle,NR,Number,2002,318507
A,UKC-L,England and Wales,ICCS050211,Theft of a motorized land vehicle,NR,Number,2003,291858
A,UKC-L,England and Wales,ICCS050211,Theft of a motorized land vehicle,NR,Number,2004,242732
A,UKC-L,England and Wales,ICCS050211,Theft of a motorized land vehicle,NR,Number,2005,214182
A,UKC-L,England and Wales,ICCS050211,Theft of a motorized land vehicle,NR,Number,2006,193384
A,UKC-L,England and Wales,ICCS050211,Theft of a motorized land vehicle,NR,Number,2007,170038
A,UKC-L,England and Wales,ICCS0601,Unlawful acts involving controlled drugs or precursors,NR,Number,1994,18340
A,UKC-L,England and Wales,ICCS0601,Unlawful acts involving controlled drugs or precursors,NR,Number,1995,21272
A,UKC-L,England and Wales,ICCS0601,Unlawful acts involving controlled drugs or precursors,NR,Number,1996,22122
A,UKC-L,England and Wales,ICCS0601,Unlawful acts involving controlled drugs or precursors,NR,Number,1997,23153
A,UKC-L,England and Wales,ICCS0601,Unlawful acts involving controlled drugs or precursors,NR,Number,1998,21788
A,UKC-L,England and Wales,ICCS0601,Unlawful acts involving controlled drugs or precursors,NR,Number,1999,19956
A,UKC-L,England and Wales,ICCS0601,Unlawful acts involving controlled drugs or precursors,NR,Number,2000,19820
A,UKC-L,England and Wales,ICCS0601,Unlawful acts involving controlled drugs or precursors,NR,Number,2001,19686
A,UKC-L,England and Wales,ICCS0601,Unlawful acts involving controlled drugs or precursors,NR,Number,2002,22435
A,UKC-L,England and Wales,ICCS0601,Unlawful acts involving controlled drugs or precursors,NR,Number,2003,24628
A,UKC-L,England and Wales,ICCS0601,Unlawful acts involving controlled drugs or precursors,NR,Number,2004,24190
A,UKC-L,England and Wales,ICCS0601,Unlawful acts involving controlled drugs or precursors,NR,Number,2005,25276
A,UKC-L,England and Wales,ICCS0601,Unlawful acts involving controlled drugs or precursors,NR,Number,2006,26550
A,UKC-L,England and Wales,ICCS0601,Unlawful acts involving controlled drugs or precursors,NR,Number,2007,28323
A,UKC-L,England and Wales,TOTAL,Total,NR,Number,1993,5526255
A,UKC-L,England and Wales,TOTAL,Total,NR,Number,1994,5146383
A,UKC-L,England and Wales,TOTAL,Total,NR,Number,1995,5100241
A,UKC-L,England and Wales,TOTAL,Total,NR,Number,1996,5036552
A,UKC-L,England and Wales,TOTAL,Total,NR,Number,1997,4600324
A,UKC-L,England and Wales,TOTAL,Total,NR,Number,1998,5105764
A,UKC-L,England and Wales,TOTAL,Total,NR,Number,1999,5298044
A,UKC-L,England and Wales,TOTAL,Total,NR,Number,2000,5167312
A,UKC-L,England and Wales,TOTAL,Total,NR,Number,2001,5521825
A,UKC-L,England and Wales,TOTAL,Total,NR,Number,2002,5974960
A,UKC-L,England and Wales,TOTAL,Total,NR,Number,2003,6013759
A,UKC-L,England and Wales,TOTAL,Total,NR,Number,2004,5637511
A,UKC-L,England and Wales,TOTAL,Total,NR,Number,2005,5555172
A,UKC-L,England and Wales,TOTAL,Total,NR,Number,2006,5427558
A,UKC-L,England and Wales,TOTAL,Total,NR,Number,2007,4952277
A,UKM,Scotland (NUTS 2021),ICCS0101,Intentional homicide,NR,Number,1993,116
A,UKM,Scotland (NUTS 2021),ICCS0101,Intentional homicide,NR,Number,1994,111
A,UKM,Scotland (NUTS 2021),ICCS0101,Intentional homicide,NR,Number,1995,133
A,UKM,Scotland (NUTS 2021),ICCS0101,Intentional homicide,NR,Number,1996,134
A,UKM,Scotland (NUTS 2021),ICCS0101,Intentional homicide,NR,Number,1997,90
A,UKM,Scotland (NUTS 2021),ICCS0101,Intentional homicide,NR,Number,1998,96
A,UKM,Scotland (NUTS 2021),ICCS0101,Intentional homicide,NR,Number,1999,120
A,UKM,Scotland (NUTS 2021),ICCS0101,Intentional homicide,NR,Number,2000,104
A,UKM,Scotland (NUTS 2021),ICCS0101,Intentional homicide,NR,Number,2001,111
A,UKM,Scotland (NUTS 2021),ICCS0101,Intentional homicide,NR,Number,2002,128
A,UKM,Scotland (NUTS 2021),ICCS0101,Intentional homicide,NR,Number,2003,109
A,UKM,Scotland (NUTS 2021),ICCS0101,Intentional homicide,NR,Number,2004,139
A,UKM,Scotland (NUTS 2021),ICCS0101,Intentional homicide,NR,Number,2005,102
A,UKM,Scotland (NUTS 2021),ICCS0101,Intentional homicide,NR,Number,2006,123
A,UKM,Scotland (NUTS 2021),ICCS0101,Intentional homicide,NR,Number,2007,111
A,UKM,Scotland (NUTS 2021),ICCS02-04,"Acts causing harm or intending to cause harm to the person, injurious acts of a sexual nature and acts against property involving violence or threat against a person",NR,Number,1993,23085
A,UKM,Scotland (NUTS 2021),ICCS02-04,"Acts causing harm or intending to cause harm to the person, injurious acts of a sexual nature and acts against property involving violence or threat against a person",NR,Number,1994,23382
A,UKM,Scotland (NUTS 2021),ICCS02-04,"Acts causing harm or intending to cause harm to the person, injurious acts of a sexual nature and acts against property involving violence or threat against a person",NR,Number,1995,24360
A,UKM,Scotland (NUTS 2021),ICCS02-04,"Acts causing harm or intending to cause harm to the person, injurious acts of a sexual nature and acts against property involving violence or threat against a person",NR,Number,1996,25178
A,UKM,Scotland (NUTS 2021),ICCS02-04,"Acts causing harm or intending to cause harm to the person, injurious acts of a sexual nature and acts against property involving violence or threat against a person",NR,Number,1997,23656
A,UKM,Scotland (NUTS 2021),ICCS02-04,"Acts causing harm or intending to cause harm to the person, injurious acts of a sexual nature and acts against property involving violence or threat against a person",NR,Number,1998,25725
A,UKM,Scotland (NUTS 2021),ICCS02-04,"Acts causing harm or intending to cause harm to the person, injurious acts of a sexual nature and acts against property involving violence or threat against a person",NR,Number,1999,27321
A,UKM,Scotland (NUTS 2021),ICCS02-04,"Acts causing harm or intending to cause harm to the person, injurious acts of a sexual nature and acts against property involving violence or threat against a person",NR,Number,2000,24981
A,UKM,Scotland (NUTS 2021),ICCS02-04,"Acts causing harm or intending to cause harm to the person, injurious acts of a sexual nature and acts against property involving violence or threat against a person",NR,Number,2001,27085
A,UKM,Scotland (NUTS 2021),ICCS02-04,"Acts causing harm or intending to cause harm to the person, injurious acts of a sexual nature and acts against property involving violence or threat against a person",NR,Number,2002,28183
A,UKM,Scotland (NUTS 2021),ICCS02-04,"Acts causing harm or intending to cause harm to the person, injurious acts of a sexual nature and acts against property involving violence or threat against a person",NR,Number,2003,27423
A,UKM,Scotland (NUTS 2021),ICCS02-04,"Acts causing harm or intending to cause harm to the person, injurious acts of a sexual nature and acts against property involving violence or threat against a person",NR,Number,2004,27400
A,UKM,Scotland (NUTS 2021),ICCS02-04,"Acts causing harm or intending to cause harm to the person, injurious acts of a sexual nature and acts against property involving violence or threat against a person",NR,Number,2005,26558
A,UKM,Scotland (NUTS 2021),ICCS02-04,"Acts causing harm or intending to cause harm to the person, injurious acts of a sexual nature and acts against property involving violence or threat against a person",NR,Number,2006,27618
A,UKM,Scotland (NUTS 2021),ICCS02-04,"Acts causing harm or intending to cause harm to the person, injurious acts of a sexual nature and acts against property involving violence or threat against a person",NR,Number,2007,25182
A,UKM,Scotland (NUTS 2021),ICCS0401,Robbery,NR,Number,1993,5582
A,UKM,Scotland (NUTS 2021),ICCS0401,Robbery,NR,Number,1994,5297
A,UKM,Scotland (NUTS 2021),ICCS0401,Robbery,NR,Number,1995,5330
A,UKM,Scotland (NUTS 2021),ICCS0401,Robbery,NR,Number,1996,5254
A,UKM,Scotland (NUTS 2021),ICCS0401,Robbery,NR,Number,1997,4484
A,UKM,Scotland (NUTS 2021),ICCS0401,Robbery,NR,Number,1998,4951
A,UKM,Scotland (NUTS 2021),ICCS0401,Robbery,NR,Number,1999,5075
A,UKM,Scotland (NUTS 2021),ICCS0401,Robbery,NR,Number,2000,4420
A,UKM,Scotland (NUTS 2021),ICCS0401,Robbery,NR,Number,2001,4228
A,UKM,Scotland (NUTS 2021),ICCS0401,Robbery,NR,Number,2002,4938
A,UKM,Scotland (NUTS 2021),ICCS0401,Robbery,NR,Number,2003,4159
A,UKM,Scotland (NUTS 2021),ICCS0401,Robbery,NR,Number,2004,3736
A,UKM,Scotland (NUTS 2021),ICCS0401,Robbery,NR,Number,2005,3553
A,UKM,Scotland (NUTS 2021),ICCS0401,Robbery,NR,Number,2006,3578
A,UKM,Scotland (NUTS 2021),ICCS0401,Robbery,NR,Number,2007,3064
A,UKM,Scotland (NUTS 2021),ICCS05012,Burglary of private residential premises,NR,Number,1994,53116
A,UKM,Scotland (NUTS 2021),ICCS05012,Burglary of private residential premises,NR,Number,1995,44725
A,UKM,Scotland (NUTS 2021),ICCS05012,Burglary of private residential premises,NR,Number,1996,40814
A,UKM,Scotland (NUTS 2021),ICCS05012,Burglary of private residential premises,NR,Number,1997,36792
A,UKM,Scotland (NUTS 2021),ICCS05012,Burglary of private residential premises,NR,Number,1998,38033
A,UKM,Scotland (NUTS 2021),ICCS05012,Burglary of private residential premises,NR,Number,1999,36265
A,UKM,Scotland (NUTS 2021),ICCS05012,Burglary of private residential premises,NR,Number,2000,32684
A,UKM,Scotland (NUTS 2021),ICCS05012,Burglary of private residential premises,NR,Number,2001,30181
A,UKM,Scotland (NUTS 2021),ICCS05012,Burglary of private residential premises,NR,Number,2002,29623
A,UKM,Scotland (NUTS 2021),ICCS05012,Burglary of private residential premises,NR,Number,2003,24828
A,UKM,Scotland (NUTS 2021),ICCS05012,Burglary of private residential premises,NR,Number,2004,23613
A,UKM,Scotland (NUTS 2021),ICCS05012,Burglary of private residential premises,NR,Number,2005,21232
A,UKM,Scotland (NUTS 2021),ICCS05012,Burglary of private residential premises,NR,Number,2006,20429
A,UKM,Scotland (NUTS 2021),ICCS05012,Burglary of private residential premises,NR,Number,2007,17465
A,UKM,Scotland (NUTS 2021),ICCS050211,Theft of a motorized land vehicle,NR,Number,1993,42816
A,UKM,Scotland (NUTS 2021),ICCS050211,Theft of a motorized land vehicle,NR,Number,1994,41962
A,UKM,Scotland (NUTS 2021),ICCS050211,Theft of a motorized land vehicle,NR,Number,1995,37514
A,UKM,Scotland (NUTS 2021),ICCS050211,Theft of a motorized land vehicle,NR,Number,1996,34161
A,UKM,Scotland (NUTS 2021),ICCS050211,Theft of a motorized land vehicle,NR,Number,1997,28646
A,UKM,Scotland (NUTS 2021),ICCS050211,Theft of a motorized land vehicle,NR,Number,1998,28433
A,UKM,Scotland (NUTS 2021),ICCS050211,Theft of a motorized land vehicle,NR,Number,1999,29818
A,UKM,Scotland (NUTS 2021),ICCS050211,Theft of a motorized land vehicle,NR,Number,2000,26238
A,UKM,Scotland (NUTS 2021),ICCS050211,Theft of a motorized land vehicle,NR,Number,2001,23208
A,UKM,Scotland (NUTS 2021),ICCS050211,Theft of a motorized land vehicle,NR,Number,2002,22495
A,UKM,Scotland (NUTS 2021),ICCS050211,Theft of a motorized land vehicle,NR,Number,2003,17843
A,UKM,Scotland (NUTS 2021),ICCS050211,Theft of a motorized land vehicle,NR,Number,2004,15633
A,UKM,Scotland (NUTS 2021),ICCS050211,Theft of a motorized land vehicle,NR,Number,2005,14041
A,UKM,Scotland (NUTS 2021),ICCS050211,Theft of a motorized land vehicle,NR,Number,2006,15000
A,UKM,Scotland (NUTS 2021),ICCS050211,Theft of a motorized land vehicle,NR,Number,2007,12105
A,UKM,Scotland (NUTS 2021),ICCS0601,Unlawful acts involving controlled drugs or precursors,NR,Number,1993,5233
A,UKM,Scotland (NUTS 2021),ICCS0601,Unlawful acts involving controlled drugs or precursors,NR,Number,1994,5918
A,UKM,Scotland (NUTS 2021),ICCS0601,Unlawful acts involving controlled drugs or precursors,NR,Number,1995,7974
A,UKM,Scotland (NUTS 2021),ICCS0601,Unlawful acts involving controlled drugs or precursors,NR,Number,1996,6957
A,UKM,Scotland (NUTS 2021),ICCS0601,Unlawful acts involving controlled drugs or precursors,NR,Number,1997,8180
A,UKM,Scotland (NUTS 2021),ICCS0601,Unlawful acts involving controlled drugs or precursors,NR,Number,1998,8490
A,UKM,Scotland (NUTS 2021),ICCS0601,Unlawful acts involving controlled drugs or precursors,NR,Number,1999,8668
A,UKM,Scotland (NUTS 2021),ICCS0601,Unlawful acts involving controlled drugs or precursors,NR,Number,2000,8761
A,UKM,Scotland (NUTS 2021),ICCS0601,Unlawful acts involving controlled drugs or precursors,NR,Number,2001,10293
A,UKM,Scotland (NUTS 2021),ICCS0601,Unlawful acts involving controlled drugs or precursors,NR,Number,2002,10327
A,UKM,Scotland (NUTS 2021),ICCS0601,Unlawful acts involving controlled drugs or precursors,NR,Number,2003,9044
A,UKM,Scotland (NUTS 2021),ICCS0601,Unlawful acts involving controlled drugs or precursors,NR,Number,2004,9333
A,UKM,Scotland (NUTS 2021),ICCS0601,Unlawful acts involving controlled drugs or precursors,NR,Number,2005,9613
A,UKM,Scotland (NUTS 2021),ICCS0601,Unlawful acts involving controlled drugs or precursors,NR,Number,2006,10890
A,UKM,Scotland (NUTS 2021),ICCS0601,Unlawful acts involving controlled drugs or precursors,NR,Number,2007,9827
A,UKM,Scotland (NUTS 2021),TOTAL,Total,NR,Number,1993,517247
A,UKM,Scotland (NUTS 2021),TOTAL,Total,NR,Number,1994,500110
A,UKM,Scotland (NUTS 2021),TOTAL,Total,NR,Number,1995,475697
A,UKM,Scotland (NUTS 2021),TOTAL,Total,NR,Number,1996,451956
A,UKM,Scotland (NUTS 2021),TOTAL,Total,NR,Number,1997,420642
A,UKM,Scotland (NUTS 2021),TOTAL,Total,NR,Number,1998,431551
A,UKM,Scotland (NUTS 2021),TOTAL,Total,NR,Number,1999,435703
A,UKM,Scotland (NUTS 2021),TOTAL,Total,NR,Number,2000,423172
A,UKM,Scotland (NUTS 2021),TOTAL,Total,NR,Number,2001,421093
A,UKM,Scotland (NUTS 2021),TOTAL,Total,NR,Number,2002,427034
A,UKM,Scotland (NUTS 2021),TOTAL,Total,NR,Number,2003,406979
A,UKM,Scotland (NUTS 2021),TOTAL,Total,NR,Number,2004,438121
A,UKM,Scotland (NUTS 2021),TOTAL,Total,NR,Number,2005,417785
A,UKM,Scotland (NUTS 2021),TOTAL,Total,NR,Number,2006,419257
A,UKM,Scotland (NUTS 2021),TOTAL,Total,NR,Number,2007,385509
A,UKN,Northern Ireland (UK) (NUTS 2021),ICCS0101,Intentional homicide,NR,Number,1994,86
A,UKN,Northern Ireland (UK) (NUTS 2021),ICCS0101,Intentional homicide,NR,Number,1995,24
A,UKN,Northern Ireland (UK) (NUTS 2021),ICCS0101,Intentional homicide,NR,Number,1996,39
A,UKN,Northern Ireland (UK) (NUTS 2021),ICCS0101,Intentional homicide,NR,Number,1997,42
A,UKN,Northern Ireland (UK) (NUTS 2021),ICCS0101,Intentional homicide,NR,Number,1998,75
A,UKN,Northern Ireland (UK) (NUTS 2021),ICCS0101,Intentional homicide,NR,Number,1999,34
A,UKN,Northern Ireland (UK) (NUTS 2021),ICCS0101,Intentional homicide,NR,Number,2000,48
A,UKN,Northern Ireland (UK) (NUTS 2021),ICCS0101,Intentional homicide,NR,Number,2001,52
A,UKN,Northern Ireland (UK) (NUTS 2021),ICCS0101,Intentional homicide,NR,Number,2002,45
A,UKN,Northern Ireland (UK) (NUTS 2021),ICCS0101,Intentional homicide,NR,Number,2003,33
A,UKN,Northern Ireland (UK) (NUTS 2021),ICCS0101,Intentional homicide,NR,Number,2004,41
A,UKN,Northern Ireland (UK) (NUTS 2021),ICCS0101,Intentional homicide,NR,Number,2005,29
A,UKN,Northern Ireland (UK) (NUTS 2021),ICCS0101,Intentional homicide,NR,Number,2006,24
A,UKN,Northern Ireland (UK) (NUTS 2021),ICCS0101,Intentional homicide,NR,Number,2007,30
A,UKN,Northern Ireland (UK) (NUTS 2021),ICCS02-04,"Acts causing harm or intending to cause harm to the person, injurious acts of a sexual nature and acts against property involving violence or threat against a person",NR,Number,1993,7507
A,UKN,Northern Ireland (UK) (NUTS 2021),ICCS02-04,"Acts causing harm or intending to cause harm to the person, injurious acts of a sexual nature and acts against property involving violence or threat against a person",NR,Number,1994,7693
A,UKN,Northern Ireland (UK) (NUTS 2021),ICCS02-04,"Acts causing harm or intending to cause harm to the person, injurious acts of a sexual nature and acts against property involving violence or threat against a person",NR,Number,1995,8368
A,UKN,Northern Ireland (UK) (NUTS 2021),ICCS02-04,"Acts causing harm or intending to cause harm to the person, injurious acts of a sexual nature and acts against property involving violence or threat against a person",NR,Number,1996,9110
A,UKN,Northern Ireland (UK) (NUTS 2021),ICCS02-04,"Acts causing harm or intending to cause harm to the person, injurious acts of a sexual nature and acts against property involving violence or threat against a person",NR,Number,1997,8251
A,UKN,Northern Ireland (UK) (NUTS 2021),ICCS02-04,"Acts causing harm or intending to cause harm to the person, injurious acts of a sexual nature and acts against property involving violence or threat against a person",NR,Number,1998,21452
A,UKN,Northern Ireland (UK) (NUTS 2021),ICCS02-04,"Acts causing harm or intending to cause harm to the person, injurious acts of a sexual nature and acts against property involving violence or threat against a person",NR,Number,1999,24163
A,UKN,Northern Ireland (UK) (NUTS 2021),ICCS02-04,"Acts causing harm or intending to cause harm to the person, injurious acts of a sexual nature and acts against property involving violence or threat against a person",NR,Number,2000,24330
A,UKN,Northern Ireland (UK) (NUTS 2021),ICCS02-04,"Acts causing harm or intending to cause harm to the person, injurious acts of a sexual nature and acts against property involving violence or threat against a person",NR,Number,2001,29745
A,UKN,Northern Ireland (UK) (NUTS 2021),ICCS02-04,"Acts causing harm or intending to cause harm to the person, injurious acts of a sexual nature and acts against property involving violence or threat against a person",NR,Number,2002,32360
A,UKN,Northern Ireland (UK) (NUTS 2021),ICCS02-04,"Acts causing harm or intending to cause harm to the person, injurious acts of a sexual nature and acts against property involving violence or threat against a person",NR,Number,2003,32669
A,UKN,Northern Ireland (UK) (NUTS 2021),ICCS02-04,"Acts causing harm or intending to cause harm to the person, injurious acts of a sexual nature and acts against property involving violence or threat against a person",NR,Number,2004,32448
A,UKN,Northern Ireland (UK) (NUTS 2021),ICCS02-04,"Acts causing harm or intending to cause harm to the person, injurious acts of a sexual nature and acts against property involving violence or threat against a person",NR,Number,2005,34288
A,UKN,Northern Ireland (UK) (NUTS 2021),ICCS02-04,"Acts causing harm or intending to cause harm to the person, injurious acts of a sexual nature and acts against property involving violence or threat against a person",NR,Number,2006,35101
A,UKN,Northern Ireland (UK) (NUTS 2021),ICCS02-04,"Acts causing harm or intending to cause harm to the person, injurious acts of a sexual nature and acts against property involving violence or threat against a person",NR,Number,2007,32388
A,UKN,Northern Ireland (UK) (NUTS 2021),ICCS0401,Robbery,NR,Number,1993,1723
A,UKN,Northern Ireland (UK) (NUTS 2021),ICCS0401,Robbery,NR,Number,1994,1567
A,UKN,Northern Ireland (UK) (NUTS 2021),ICCS0401,Robbery,NR,Number,1995,1539
A,UKN,Northern Ireland (UK) (NUTS 2021),ICCS0401,Robbery,NR,Number,1996,1725
A,UKN,Northern Ireland (UK) (NUTS 2021),ICCS0401,Robbery,NR,Number,1997,1653
A,UKN,Northern Ireland (UK) (NUTS 2021),ICCS0401,Robbery,NR,Number,1998,1395
A,UKN,Northern Ireland (UK) (NUTS 2021),ICCS0401,Robbery,NR,Number,1999,1383
A,UKN,Northern Ireland (UK) (NUTS 2021),ICCS0401,Robbery,NR,Number,2000,1767
A,UKN,Northern Ireland (UK) (NUTS 2021),ICCS0401,Robbery,NR,Number,2001,2222
A,UKN,Northern Ireland (UK) (NUTS 2021),ICCS0401,Robbery,NR,Number,2002,2497
A,UKN,Northern Ireland (UK) (NUTS 2021),ICCS0401,Robbery,NR,Number,2003,1973
A,UKN,Northern Ireland (UK) (NUTS 2021),ICCS0401,Robbery,NR,Number,2004,1487
A,UKN,Northern Ireland (UK) (NUTS 2021),ICCS0401,Robbery,NR,Number,2005,1744
A,UKN,Northern Ireland (UK) (NUTS 2021),ICCS0401,Robbery,NR,Number,2006,1574
A,UKN,Northern Ireland (UK) (NUTS 2021),ICCS0401,Robbery,NR,Number,2007,1143
A,UKN,Northern Ireland (UK) (NUTS 2021),ICCS05012,Burglary of private residential premises,NR,Number,1993,8080
A,UKN,Northern Ireland (UK) (NUTS 2021),ICCS05012,Burglary of private residential premises,NR,Number,1994,9833
A,UKN,Northern Ireland (UK) (NUTS 2021),ICCS05012,Burglary of private residential premises,NR,Number,1995,9774
A,UKN,Northern Ireland (UK) (NUTS 2021),ICCS05012,Burglary of private residential premises,NR,Number,1996,8530
A,UKN,Northern Ireland (UK) (NUTS 2021),ICCS05012,Burglary of private residential premises,NR,Number,1997,7435
A,UKN,Northern Ireland (UK) (NUTS 2021),ICCS05012,Burglary of private residential premises,NR,Number,1998,7725
A,UKN,Northern Ireland (UK) (NUTS 2021),ICCS05012,Burglary of private residential premises,NR,Number,1999,7665
A,UKN,Northern Ireland (UK) (NUTS 2021),ICCS05012,Burglary of private residential premises,NR,Number,2000,8372
A,UKN,Northern Ireland (UK) (NUTS 2021),ICCS05012,Burglary of private residential premises,NR,Number,2001,9071
A,UKN,Northern Ireland (UK) (NUTS 2021),ICCS05012,Burglary of private residential premises,NR,Number,2002,10122
A,UKN,Northern Ireland (UK) (NUTS 2021),ICCS05012,Burglary of private residential premises,NR,Number,2003,8943
A,UKN,Northern Ireland (UK) (NUTS 2021),ICCS05012,Burglary of private residential premises,NR,Number,2004,7302
A,UKN,Northern Ireland (UK) (NUTS 2021),ICCS05012,Burglary of private residential premises,NR,Number,2005,7255
A,UKN,Northern Ireland (UK) (NUTS 2021),ICCS05012,Burglary of private residential premises,NR,Number,2006,6831
A,UKN,Northern Ireland (UK) (NUTS 2021),ICCS05012,Burglary of private residential premises,NR,Number,2007,6712
A,UKN,Northern Ireland (UK) (NUTS 2021),ICCS050211,Theft of a motorized land vehicle,NR,Number,1993,9011
A,UKN,Northern Ireland (UK) (NUTS 2021),ICCS050211,Theft of a motorized land vehicle,NR,Number,1994,8974
A,UKN,Northern Ireland (UK) (NUTS 2021),ICCS050211,Theft of a motorized land vehicle,NR,Number,1995,7794
A,UKN,Northern Ireland (UK) (NUTS 2021),ICCS050211,Theft of a motorized land vehicle,NR,Number,1996,8404
A,UKN,Northern Ireland (UK) (NUTS 2021),ICCS050211,Theft of a motorized land vehicle,NR,Number,1997,8633
A,UKN,Northern Ireland (UK) (NUTS 2021),ICCS050211,Theft of a motorized land vehicle,NR,Number,1998,9715
A,UKN,Northern Ireland (UK) (NUTS 2021),ICCS050211,Theft of a motorized land vehicle,NR,Number,1999,10196
A,UKN,Northern Ireland (UK) (NUTS 2021),ICCS050211,Theft of a motorized land vehicle,NR,Number,2000,10806
A,UKN,Northern Ireland (UK) (NUTS 2021),ICCS050211,Theft of a motorized land vehicle,NR,Number,2001,11635
A,UKN,Northern Ireland (UK) (NUTS 2021),ICCS050211,Theft of a motorized land vehicle,NR,Number,2002,8410
A,UKN,Northern Ireland (UK) (NUTS 2021),ICCS050211,Theft of a motorized land vehicle,NR,Number,2003,5369
A,UKN,Northern Ireland (UK) (NUTS 2021),ICCS050211,Theft of a motorized land vehicle,NR,Number,2004,4457
A,UKN,Northern Ireland (UK) (NUTS 2021),ICCS050211,Theft of a motorized land vehicle,NR,Number,2005,3724
A,UKN,Northern Ireland (UK) (NUTS 2021),ICCS050211,Theft of a motorized land vehicle,NR,Number,2006,3418
A,UKN,Northern Ireland (UK) (NUTS 2021),ICCS050211,Theft of a motorized land vehicle,NR,Number,2007,3336
A,UKN,Northern Ireland (UK) (NUTS 2021),ICCS0601,Unlawful acts involving controlled drugs or precursors,NR,Number,1994,156
A,UKN,Northern Ireland (UK) (NUTS 2021),ICCS0601,Unlawful acts involving controlled drugs or precursors,NR,Number,1995,358
A,UKN,Northern Ireland (UK) (NUTS 2021),ICCS0601,Unlawful acts involving controlled drugs or precursors,NR,Number,1996,204
A,UKN,Northern Ireland (UK) (NUTS 2021),ICCS0601,Unlawful acts involving controlled drugs or precursors,NR,Number,1997,185
A,UKN,Northern Ireland (UK) (NUTS 2021),ICCS0601,Unlawful acts involving controlled drugs or precursors,NR,Number,1998,193
A,UKN,Northern Ireland (UK) (NUTS 2021),ICCS0601,Unlawful acts involving controlled drugs or precursors,NR,Number,1999,193
A,UKN,Northern Ireland (UK) (NUTS 2021),ICCS0601,Unlawful acts involving controlled drugs or precursors,NR,Number,2000,228
A,UKN,Northern Ireland (UK) (NUTS 2021),ICCS0601,Unlawful acts involving controlled drugs or precursors,NR,Number,2001,210
A,UKN,Northern Ireland (UK) (NUTS 2021),ICCS0601,Unlawful acts involving controlled drugs or precursors,NR,Number,2002,291
A,UKN,Northern Ireland (UK) (NUTS 2021),ICCS0601,Unlawful acts involving controlled drugs or precursors,NR,Number,2003,405
A,UKN,Northern Ireland (UK) (NUTS 2021),ICCS0601,Unlawful acts involving controlled drugs or precursors,NR,Number,2004,375
A,UKN,Northern Ireland (UK) (NUTS 2021),ICCS0601,Unlawful acts involving controlled drugs or precursors,NR,Number,2005,349
A,UKN,Northern Ireland (UK) (NUTS 2021),ICCS0601,Unlawful acts involving controlled drugs or precursors,NR,Number,2006,475
A,UKN,Northern Ireland (UK) (NUTS 2021),ICCS0601,Unlawful acts involving controlled drugs or precursors,NR,Number,2007,530
A,UKN,Northern Ireland (UK) (NUTS 2021),TOTAL,Total,NR,Number,1993,66228
A,UKN,Northern Ireland (UK) (NUTS 2021),TOTAL,Total,NR,Number,1994,67886
A,UKN,Northern Ireland (UK) (NUTS 2021),TOTAL,Total,NR,Number,1995,68808
A,UKN,Northern Ireland (UK) (NUTS 2021),TOTAL,Total,NR,Number,1996,68549
A,UKN,Northern Ireland (UK) (NUTS 2021),TOTAL,Total,NR,Number,1997,62222
A,UKN,Northern Ireland (UK) (NUTS 2021),TOTAL,Total,NR,Number,1998,109053
A,UKN,Northern Ireland (UK) (NUTS 2021),TOTAL,Total,NR,Number,1999,119111
A,UKN,Northern Ireland (UK) (NUTS 2021),TOTAL,Total,NR,Number,2000,119912
A,UKN,Northern Ireland (UK) (NUTS 2021),TOTAL,Total,NR,Number,2001,139786
A,UKN,Northern Ireland (UK) (NUTS 2021),TOTAL,Total,NR,Number,2002,142496
A,UKN,Northern Ireland (UK) (NUTS 2021),TOTAL,Total,NR,Number,2003,127953
A,UKN,Northern Ireland (UK) (NUTS 2021),TOTAL,Total,NR,Number,2004,118124
A,UKN,Northern Ireland (UK) (NUTS 2021),TOTAL,Total,NR,Number,2005,123194
A,UKN,Northern Ireland (UK) (NUTS 2021),TOTAL,Total,NR,Number,2006,121144
A,UKN,Northern Ireland (UK) (NUTS 2021),TOTAL,Total,NR,Number,2007,108468
